:020000040800F2
:100000000000082481040008CD0400081D04000835
:1000100023040008290400082F0400080000000041
:100020000000000000000000000000005503000870
:10003000CD04000800000000EF030008FF030008E3
:10004000CD040008CD040008CD040008CD0400084C
:10005000CD040008CD040008CD040008CD0400083C
:10006000CD040008CD040008CD040008CD0400082C
:10007000CD040008CD040008CD040008CD0400081C
:10008000CD040008CD040008CD040008CD0400080C
:10009000CD040008CD040008CD040008CD040008FC
:1000A000CD040008CD040008CD040008CD040008EC
:1000B000CD040008CD040008CD040008CD040008DC
:1000C000CD040008CD040008CD040008CD040008CC
:1000D000CD040008CD040008CD040008CD040008BC
:1000E000CD040008CD04000800000000CD04000885
:1000F000CD040008CD040008CD040008CD0400089C
:10010000CD040008CD040008CD040008CD0400088B
:10011000CD040008CD040008CD040008CD0400087B
:10012000CD040008CD040008CD040008CD0400086B
:10013000CD040008CD040008CD040008CD0400085B
:10014000CD040008CD0400080000000000000000FD
:10015000CD040008CD040008CD040008CD0400083B
:10016000CD040008CD040008CD040008CD0400082B
:10017000CD040008CD040008CD04000800000000F4
:10018000CD040008CD040008CD040008CD0400080B
:10019000CD040008CD040008CD040008CD040008FB
:1001A000CD040008CD040008CD040008CD040008EB
:1001B000CD040008CD040008CD040008CD040008DB
:1001C000CD040008CD040008CD040008CD040008CB
:1001D000CD040008CD040008CD040008CD040008BB
:1001E000CD040008CD040008CD040008CD040008AB
:1001F000CD040008CD040008CD040008CD0400089B
:10020000CD040008CD040008CD040008CD0400088A
:10021000CD040008CD040008CD040008CD0400087A
:10022000CD040008CD040008CD040008CD0400086A
:100230002548010871310008CD040008CD040008EC
:10024000CD040008CD040008CD040008CD0400084A
:10025000CD040008CD040008CD040008CD0400083A
:10026000CD040008CD040008CD040008CD0400082A
:10027000CD040008CD040008CD040008CD0400081A
:10028000CD040008CD040008CD04000800000000E3
:10029000CD040008CD04000810B5054C237833B90F
:1002A000044B13B10448AFF300800123237010BD49
:1002B000E00300240000000038F3010808B5034BF8
:1002C0001BB103490348AFF3008008BD00000000E4
:1002D000E403002438F30108A3F5803A704700BF17
:1002E000174B002B08BF134B9D46FFF7F5FF00216E
:1002F0008B460F461348144A121A16F047FF0E4B4E
:10030000002B00D098470D4B002B00D098470020C1
:10031000002104000D000D48002802D00C480EF00A
:10032000E7F816F023FD200029000EF087FF0FF0FC
:1003300057FA00BF0000080000000000890F010804
:1003400000000824E0030024B03E0024F1E400088B
:10035000000000001EF0040F0CBFEFF30880EFF365
:100360000980816911F8021C002932D101B590E899
:100370000F10E047BDE800508CE80300244B93E8E1
:100380000600914208BF70471A6041B91EF0100F75
:1003900010D1204B186820F0010018600AE02CE909
:1003A000F00F1EF0100F08BF2CED108A81F822E02C
:1003B000C1F838C0906B92F8221061F0FF0E1EF069
:1003C000100F08BFB0EC108AB0E8F00F80F3098876
:1003D0007047114A13689942FAD801B552F821C002
:1003E0000FC8E047BDE80050CCF80000704701B5E9
:1003F00012F006FABDE80140EFF3098CBEE701B543
:1004000012F040FABDE80140EFF3098CB6E70000B6
:100410005001002434EF00E010AC0108102300F07C
:1004200007B8202300F004B8302300F001B84023BF
:100430009C46F0B404AE7546E80801D3EFF3098694
:100440000E4F0FCE0FC70FBC0FC74046494652464E
:100450005B460FC71DCE3100A60A00D304316E09DA
:1004600000D248311FC7EFF309806946EFF31486C5
:1004700063C7604601490FF067FB00BF4C3E002494
:10048000DFF830D002F018FF002103E00A4B5B5880
:100490004350043109480A4B42189A42F6D3094A9C
:1004A00002E0002342F8043B074B9A42F9D3FFF7DE
:1004B00017FF70470000082444F3010800000024DF
:1004C000D0030024E0030024B03E0024FEE7000037
:1004D000264B022283F83E201B681A6A22F0010292
:1004E0001A621A6A42F001021A62214A934219D032
:1004F00002F58062934215D002F57052934211D0FA
:1005000002F5806293420DD002F58062934209D0D9
:10051000B3F1804F0ED19968164A0A40062A21D1BC
:10052000002070475A6C42F400425A64104A9342C9
:10053000EED1F0E7104A9342EDD002F5806293428B
:10054000E9D002F580629342E5D002F57842934209
:10055000E1D0A2F56C429342DDD01A6842F001026C
:100560001A60DDE7B2F5803FF7D1D9E7640E0024C9
:10057000000001400700010000040040024B6FF042
:1005800002021B681A617047640E0024034B1A684C
:10059000D36823F00203D360704700BF640E0024C9
:1005A000064B6FF002021B681A615A6942F00202A0
:1005B0005A61DA6842F00202DA607047640E002481
:1005C000054B6FF002021B6858631A61DA6842F04B
:1005D0000202DA60704700BF640E0024014B586AC3
:1005E000704700BF000C0040064A1168CB6823F03A
:1005F0000203CB6092F83E30012B01D1FFF768BFB8
:10060000704700BF640E0024074B084A13601A6944
:10061000910708D5DA68920705D56FF00202044801
:100620001A610EF07DB87047000C0040640E002483
:10063000649B010800487047AC9A0108024BD868D7
:10064000C0F30010704700BF004000583E48F0B5AE
:10065000036806463D4D41683D4C2B402F462140E6
:1006600002682A409A425BD1426822408A4257D1AE
:100670000A0DC1F3034402EB820204EB4202D4B23E
:10068000A51E882D4AD8C3F30232C1F30117C3F364
:10069000032014F0030F02EB820204F1440607EB7F
:1006A000870700EB420C01F00F022A4802EB4702D9
:1006B00003F00F0702F1FF3200FB02F24FF03C00A3
:1006C00010FB0C20C3F3021202EB820207EB420282
:1006D0001044C3F30152C3F3034302EB820203EB62
:1006E00042034FF4616202FB0303C1F30030C1F324
:1006F000032208BF0C214FEA800718BF00218A2C73
:10070000384402EB400202F1FF320A44124951F828
:100710002200184409D1114B984208D3002011E05F
:10072000336871683B4021409AE7462E0AD004F1B5
:10073000430240F26D139210113A03FB0522054B60
:1007400003FB02000021F0BD004000587F7F7F00C6
:100750003FFFFF0080510100049B010800D12F00E2
:100760006AB101F00301074B0329596808D000F46E
:100770007060B0F5706F03D121EA02025A607047D1
:100780000A43FBE70004005830B5114B114DD5F872
:1007900094409C42FBD14943012A01EB41034FEABB
:1007A00041046FEA030304D0022A0BD0C26813404D
:1007B0000BE0C26813401943C160064B4FF440720E
:1007C0005A6130BDC26813402343C360F5E700BFE0
:1007D0000003008000640258024BD869DA69824243
:1007E000FBD17047002C0058044B054A1878054B84
:1007F000002814BF10461846704700BF4019002457
:10080000B49A0108BC9A010890F85030011D032BDE
:100810000ED8DFE803F00207090B0648064A42F843
:10082000231070470548F9E70548F7E70548F5E75D
:100830000020F3E7215D00081C1000243D5D000846
:10084000595D0008755D000809010028C9B206DB82
:1008500000F1604000F5614080F80013704700F03F
:100860000F00014B1954704714ED00E073B51C4B99
:10087000B0F95C409D6804F11006B0F95E2045F8BF
:100880002610BFF34F8F9B6802F1100543F8251027
:10089000BFF34F8F90F870302046002B0CBF022121
:1008A00001210191FFF7D0FF01991046FFF7CCFF1E
:1008B000002C08DB0123610904F01F0403FA04F48F
:1008C000084B43F82140002A08DB0123510902F0BC
:1008D0001F0203FA02F2034B43F8212002B070BD5D
:1008E00000ED00E000E100E02DE9F04191F800E0CA
:1008F0004B7874464E69012B354F4FEA4414DFF8AC
:10090000D4C044D100F510652B19B6B91E69374023
:100910001F611E6946F400261E611E6906EA0C0668
:10092000012A1E6122D10A6902B15A612B5943F092
:1009300004432B510020BDE8F081D3F8108008EA71
:100940000C0CC3F810C0D3F810C00CEA07071F61E5
:100950008F68BE421E6946F4002688BF4F611E6143
:100960004E691F69C6F312063E43D9E72B5943F07F
:1009700004432B514B69002BDCD00EF00F020123F6
:10098000D0F8341893400B43C0F83438D2E700F560
:10099000306003191D6905EA0C051D611D693D40A4
:1009A0001D618D6806B14D611E69C5F31205012AEE
:1009B00046F400261E611E6945EA06051D6102D146
:1009C000CA6802B15A61035943F004430351B1E7C5
:1009D000FFFF07E00000F8FF0023092803D840EAE2
:1009E0000310C0B270470A380133C0B2F5E7000007
:1009F0004E4A70B5946A966AD36A16F07C7FC6F345
:100A00000551556C00F08D8007EE901AC3F300235A
:100A1000C5F3CC0104F00304F8EEE76A4B43012C64
:100A2000B7EE006A07EE903AFAEEE97A6BD0022C44
:100A30005BD0002C67D113689B0646D51168136CF8
:100A4000C1F3C1013A4AC3F30803CA4007EE102AB2
:100A5000F8EEC75A85EEA67A06EE903AF8EEE66A08
:100A600076EEA77A77EE867A304A67EE877A136C4D
:100A7000C3F3462307EE103AB8EEC77A37EE067A8C
:100A8000C7EE876AFCEEE66AC0ED006A136CC3F33A
:100A9000064307EE103AB8EEC77A37EE067AC7EE8D
:100AA000876AFCEEE66AC0ED016A136CC3F3066365
:100AB00007EE103AB8EEC77A37EE066A87EE867A06
:100AC000BCEEC77A80ED027A70BD136CDFED195A67
:100AD000C3F3080307EE103AB8EEC77A77EE277A29
:100AE00077EE867A85EEA67ABEE7136CDFED125AB2
:100AF000C3F3080307EE103AB8EEC77A77EE277A09
:100B000077EE867AEEE7136CDFED0C5AC3F3080339
:100B100007EE103AB8EEC77A77EE277A77EE867A44
:100B2000E0E7C0E900118160CEE700BF0044025851
:100B30000090D0030024744C20BCBE4B0024744AA7
:100B40004E4A70B5946A966AD36A16F47C3FC6F32F
:100B50000531D56B00F08D8007EE901AC3F30013BA
:100B6000C5F3CC0104F00304F8EEE76A4B43012C13
:100B7000B7EE006A07EE903AFAEEE97A6BD0022CF3
:100B80005BD0002C67D113689B0646D51168936B28
:100B9000C1F3C1013A4AC3F30803CA4007EE102A61
:100BA000F8EEC75A85EEA67A06EE903AF8EEE66AB7
:100BB00076EEA77A77EE867A304A67EE877A936B7D
:100BC000C3F3462307EE103AB8EEC77A37EE067A3B
:100BD000C7EE876AFCEEE66AC0ED006A936BC3F36A
:100BE000064307EE103AB8EEC77A37EE067AC7EE3C
:100BF000876AFCEEE66AC0ED016A936BC3F3066395
:100C000007EE103AB8EEC77A37EE066A87EE867AB4
:100C1000BCEEC77A80ED027A70BD936BDFED195A96
:100C2000C3F3080307EE103AB8EEC77A77EE277AD7
:100C300077EE867A85EEA67ABEE7936BDFED125AE1
:100C4000C3F3080307EE103AB8EEC77A77EE277AB7
:100C500077EE867AEEE7936BDFED0C5AC3F3080369
:100C600007EE103AB8EEC77A77EE277A77EE867AF3
:100C7000E0E7C0E900118160CEE700BF0044025800
:100C80000090D0030024744C20BCBE4B0024744A56
:100C9000094A82B0D2F8F41041F00201C2F8F4100F
:100CA000D2F8F42002F002020192044A019B536838
:100CB0001843506002B070470044025800040058C6
:100CC00011F0010307D090F8413003F02803282BDE
:100CD0000CBF4223F2238A0709D590F8412002F085
:100CE0002802282A0CBF43F0440343F0F4030A040B
:100CF000016848BF43F0B8030A6822EA03030B60A7
:100D0000704790F84130026803F02803282B70B533
:100D1000044625D1956991699368C5F30045D66865
:100D2000C668022E16D1C3F3C21383EA114313F02F
:100D300006030FD1816C01318164816C022908D1D5
:100D400008218364D16184F84030012375B184F8AF
:100D50006D3070BD4FF40041FFF7B2FF0023F2E7A2
:100D60000823D361002380F84030F2E784F86E3026
:100D7000EFE7000030B5039DC1F30901046845EABF
:100D8000024260681A43044B43EA55530A4320EA7F
:100D900003000243626030BDFF63FF03D0F884307C
:100DA00037B50446002B62D0D0F89430002B5ED0CB
:100DB00090F87C2090F84110002A14BF4FF0007288
:100DC00000222029C26545D190F84010012941D068
:100DD0000125816FD0F890009BB284F84050222505
:100DE000606284F84150102584F842500025656403
:100DF0006385214BE2626363638D9BB2FF2B2BD92A
:100E0000FF2323854FF08073226B122A4FF00002DC
:100E100009D0E06AAA2823D1E262628D92B2FF2A49
:100E200000D8E36A154A89B20092204694F8282037
:100E3000FFF7A0FF626B124900238A4284F840301A
:100E400004D0104B9A4214BFF423002321680A688F
:100E500013430B6003B030BD638D2385E36AD3E792
:100E6000E26AB2F52A4FD8D14FF00072D4E70823D6
:100E700084F86030EEE700BF775A00080024008055
:100E8000995B0008ED56000803689A69910701D53F
:100E900000229A629A69D20703D49A6942F0010249
:100EA0009A61704738B5002580F8425090F841307B
:100EB000212B4FF0200380F841300BD111234563E3
:100EC00001210363FFF7FCFE80F84050BDE8384085
:100ED000FFF764BF1223022145630363FFF7F0FEAF
:100EE000082380F8405080F8603038BD0268436BBA
:100EF0009169126803B118477047000090F84130BB
:100F0000202B0BD12823026880F84130044B436327
:100F10000020136843F0B803136070470220704745
:100F20007958000808B5194B2022C36200230363D7
:100F3000436380F8412080F842304B0712D50368A4
:100F40005A6A436A1A70436A01334362038D4BB194
:100F5000013B0385438D013B9BB24385436C43F0CA
:100F60000403436448F20301FFF7AAFE102203685A
:100F7000DA61002390F86C2080F84030022A01D119
:100F800080F86E30BDE80840FFF7B8BF0000FFFFF3
:100F900090F8413003F0FF020BB980F84020242381
:100FA00080F8413003681A6822F001021A60426832
:100FB00022F070621A619A6822F400429A60D0E9C5
:100FC0000221012925D142F400429A605A6842F078
:100FD000007242F400425A60DA6822F40042DA6099
:100FE000D0E904210A43816942EA0122DA60D0E9AA
:100FF00007210A431A601A6842F001021A600023AE
:101000002022436480F84120036380F84230184670
:10101000704742F4044202299A60D7D14FF400622B
:101020005A60D3E710B528B190F83530022B03D0C1
:101030008023436501207FE00368504A934252D0E9
:101040004F498B424FD018318B424CD018318B42D4
:1010500049D018318B4246D018318B4243D01831D9
:101060008B4240D018318B423DD001F556718B42F6
:1010700039D018318B4236D018318B4233D01831E9
:101080008B4230D018318B422DD018318B422AD070
:1010900018318B4227D018318B4224D01A6822F0A5
:1010A0000E021A601A6822F001021A60354A934251
:1010B00043D1026E136823F480731360D0E91613D2
:1010C00003F01F02012393404B60D0E919325A60AC
:1010D000C36E002B46D01A6822F480721A60D0E9E1
:1010E0001C325A603EE00421934280F835101ED035
:1010F000234A93421BD01832934218D0183293429D
:1011000015D01832934212D0183293420FD01832B1
:1011100093420CD01832934209D002F55672934292
:1011200005D01832934202D018329342FFD01A6889
:1011300022F001021A60002010BD134A9342B8D079
:1011400014329342B5D014329342B2D01432934247
:10115000AFD014329342ACD014329342A9D014329F
:101160009342A6D00123002480F83530036D80F827
:1011700034400BB19847DEE71846DDE71000024027
:1011800028000240085402581C54025838B590F800
:101190006C300446022B63D1B0F8763001339BB239
:1011A000A0F87630B0F87620B0F8743092B29BB2E6
:1011B0009A4255D2B0F8765090F84120ABB202F086
:1011C0002802282A05D1056FED1803D14FF40073CA
:1011D000436438BD48F20201FFF772FD90F84030D9
:1011E000012BF6D090F841300121292B80F84010D6
:1011F00013D1FFF765FD03681A6850040DD51A680E
:10120000A06B22F480421A6038B1174B0365FFF7D8
:1012100009FF10B1A06B036D98472A23002284F8C0
:101220004130202384F8423023686264596821F4F5
:1012300000415960012165626185618D21854FF012
:101240008071E162094961639969C90301D4082188
:10125000D96184F840201A6842F0FC021A60B8E7AD
:10126000002384F86E30B4E77754000879580008FA
:1012700008B5036800211A6880F84210510415D59A
:101280001A6822F480421A6090F84130292B13D159
:101290002823012180F8413021230363FFF710FD4B
:1012A000002380F8403080F86D3008BD1204EBD583
:1012B0001A6822F40042E6E790F841302A2BF4D174
:1012C0002823022180F8413022230363FFF7F8FC32
:1012D000002380F84030BDE80840FFF757BF0020EA
:1012E00070476FF0570070476FF057007047036802
:1012F00010B49C6C0023A4461A465DF8044B60476A
:101300006FF05700704743680A46196810B48C6D37
:101310008168184623465DF8044B18474368816886
:101320001A681846526D1047436881681A68184653
:10133000126D1047436881681A681846D26C1047CE
:1013400030B4446813462268956C0A46816820468A
:10135000AC4630BC6047436881681A681846526CD6
:101360001047436881681A681846126C104730B4F9
:10137000446813462268D56B0A4681682046AC460D
:1013800030BC604730B4446813462268956B0A4607
:1013900081682046AC4630BC604710B504464068C2
:1013A00030B10368A1685B6B98470023636010BD90
:1013B0006FF01500FBE738B50446FFF7EEFF054672
:1013C000236820465B689847284638BD70B50D46AF
:1013D0004168044641B929680E6B00F108012846AE
:1013E000B04700B9656070BD6FF01500FBE7000005
:1013F000044B10B50360044643680BB1FFF7CDFF03
:10140000204610BDA8990108034B10B5044603609F
:10141000FFF7EEFF204610BD409A0108436881683F
:101420001A681846526F1047436881681A68184650
:10143000126F1047436881681A681846D26E1047C9
:1014400043680A46196810B48C6E816818462346B2
:101450005DF8044B184710B50446406830B1036886
:10146000A1681B6E98470023636010BD6FF01500E4
:10147000FBE738B50446FFF7EEFF05462368204634
:101480005B689847284638BD38B5436804460D4622
:1014900043B90B6800F108012846DB6D984700B995
:1014A000656038BD6FF01500FBE70000044B10B518
:1014B0000360044643680BB1FFF7CDFF204610BD23
:1014C0007C990108034B10B504460360FFF7EEFF5B
:1014D000204610BD149A01080B4640F2011200216B
:1014E00070B50446184615F051FE03466068A168C1
:1014F0000268556E1A462B46BDE87040184700003A
:1015000008B50DF065F8064B01221B685A604FF4D0
:101510008052044BC3F89021BDE808400DF044B858
:10152000040E002400E100E008B50DF051F8084B6E
:1015300001221A700022074B1A704FF48052064B9A
:10154000C3F810211A61BDE808400DF02DB800BFA6
:10155000301000243810002400E100E070B504468B
:101560000DF036F8FFF738F9264B05461C60264A81
:101570004FF480511161254E18463178F1B9611F41
:101580004FF6F572914222490FD94FF6FA72954201
:101590000BD906340122A4B20A701C601D4B012233
:1015A0001A70BDE870400CF0FFBF00220A7003689B
:1015B000AB42194B28BF01221A70EFE7FFF7A0FFDB
:1015C00000235A19013392B2A24204BF0534A4B2D7
:1015D000052BF6D1114BAC421B6811D24FF6FA72B3
:1015E00095420DD84FF0FF325A6100230C4C3370F6
:1015F0002378002BD5D10CF0C3FF01232370D0E753
:101600005C61F2E73410002400E100E031100024B6
:10161000681200243810002418100024040E00243E
:1016200069120024F8B5037890F801C0012B057FFA
:101630000279077B866844792ED0022B2FD0002BAD
:1016400030D14FF480738B610023C1F800C04D612D
:101650004B63C1E90B333FB3CB61CB60037C012B00
:1016600045D0022B48D0002B4BD14FF480430B6266
:101670000123027E002A47D000230B620B61437FC7
:10168000012B6AD0022B6BD0002B6CD14FF08073F2
:1016900000204B628862F8BD4FF40073D3E74FF42B
:1016A0004073D0E70023CEE7012A4E600BD0022A18
:1016B0000CD072B94FF48063CB61032C09D8DFE8FA
:1016C00004F00B0D10134FF40063F5E74FF4406383
:1016D000F2E727480DF0ACFB0023BEE74FF4805340
:1016E000BBE74FF40053B8E74FF44053B5E74FF46E
:1016F00000430B620223BCE74FF440430B62042318
:10170000B7E700230B62B4E77BB3427CB2FBF3F490
:1017100003FB142414F0FF0F27D1561EF610741C7F
:10172000042C22DCC2EBC40212F0FF0210D0B2FB88
:10173000F3F39D4219D3EB1A4B61436903FA02F2AA
:101740008A60032E07D82404A4F580340C6196E740
:1017500043698B60F5E70748BCE74FF0007397E7F4
:101760004FF0407394E7002392E74FF0FF3092E789
:10177000C4940108ED94010800B5564B8DB00A28B9
:1017800000F2A480DFE800F006162432404E5C6AC6
:1017900078869400D3F8E0204F4842F00102C3F865
:1017A000E020D3F8E03003F001030193019B0DB07A
:1017B0005DF804FBD3F8E020484842F00202C3F889
:1017C000E020D3F8E03003F002030293029BEEE73F
:1017D000D3F8E020424842F00402C3F8E020D3F8F6
:1017E000E03003F004030393039BE0E7D3F8E02029
:1017F0003C4842F00802C3F8E020D3F8E03003F0A0
:1018000008030493049BD2E7D3F8E020364842F063
:101810001002C3F8E020D3F8E03003F01003059382
:10182000059BC4E7D3F8E020304842F02002C3F81B
:10183000E020D3F8E03003F020030693069BB6E7E0
:10184000D3F8E0202A4842F04002C3F8E020D3F861
:10185000E03003F040030793079BA8E7D3F8E020AC
:10186000244842F08002C3F8E020D3F8E03003F0CF
:1018700080030893089B9AE7D3F8E0201E4842F4BF
:101880008072C3F8E020D3F8E03003F4807309934A
:10189000099B8CE7D3F8E020184842F40072C3F8A3
:1018A000E020D3F8E03003F400730A930A9B7EE74C
:1018B000D3F8E020124842F48062C3F8E020D3F865
:1018C000E03003F480630B930B9B70E70D480DF041
:1018D000AFFA00BF0044025800000258000402584A
:1018E00000080258000C0258001002580014025858
:1018F00000180258001C0258002002580024025808
:10190000002802580495010870B50CF061FE2C4BBC
:101910002C4C1A7832B100221A70012223685A60C6
:101920000DF004FA23681A68D50706D59A68D0071F
:1019300003D501225A600DF0F9F923681A681107DE
:1019400024D59A68120721D508221F4C5A6001221B
:101950001E4B1A7023781BB10CF0E2FD002323709C
:101960001B4C237893B11B4D1B492B7803F0FF06CA
:10197000B3B1FEF731FF06300B6880B2984209D34D
:10198000FFF7D2FD00232B7000232370BDE87040C9
:101990000CF00ABE0868063880B2FFF7DFFDF1E7F9
:1019A0000E4D2B7843B1FEF717FF0B68984203D317
:1019B000FFF7BAFD2E70E7E70868FFF7CFFDE3E712
:1019C00030100024040E0024691200243110002479
:1019D0003810002468120024341000241810002449
:1019E00010B50446FFF710FD204615F069FB2046B0
:1019F00010BD10B50446FFF765FD204615F060FBED
:101A0000204610BD10B50446FFF7F2FC204615F045
:101A100057FB204610BD10B50446FFF747FD204692
:101A200015F04EFB204610BDF0B5142085B00CF02B
:101A3000A5FC4FF6FF71831E00F1120223F8021F6E
:101A40009A42FBD1974B0021974E10251A463060E1
:101A500002F8011B013D02F8011BFBD142F6021204
:101A6000924C2946924F5A8204F10800914B924AB7
:101A70001D61DA605C221D60C3E901558F4B236054
:101A80008F4B636015F082FB3B234FF0010C201D50
:101A9000A4F89A308B4BC4F8A850A4F86850C4F846
:101AA0008C5084F89850C4E927734FF400336627AC
:101AB0006366854BA4F8A470C4E9243C834BC4E955
:101AC0002B350CF0F7FF04F1BC00A4F8B87000F05F
:101AD000FFF97F4B7F48C4F8F431C4F8005284F812
:101AE00004520EF09BF80CF0B9FB7B480768092FF5
:101AF00000F3B8803368991E1A4603F1120631F9D3
:101B000002CFBCF1660F00F0B080B142F7D11433C0
:101B100011460232B1F90060013640F09F80662321
:101B20000B800137002607606A480EF077F80DF049
:101B3000F5FB00200021C4F8B460032600234FF019
:101B4000FF32C4F86031C4F8182184F8543184F8A5
:101B5000FD3184F8FE31C4F8E820C4F8FC20A4F874
:101B60000031C4E944014FF400300121C4F8F80108
:101B70000220C4F8281184F8F01084F80211C4E996
:101B800038603520C4E93D22C4F8EC00534C544A77
:101B900023612260CDE9003304F144030293102352
:101BA0000393EFF30583002B62D00020206400270D
:101BB0004C4800F08DF9442200214B4815F0E6FA1C
:101BC000012320223946A3876761484815F0DEFAD1
:101BD0004FF4805328224FF4D060C4E90B32444BB9
:101BE000A361444CA76515F063FA064670B3C21CA6
:101BF000394622F00302131AE260C3F5D06323F0E2
:101C000003031846C4E904776F1C00283CD101B1D6
:101C1000256100252262C4E9065325600CF0DCFE34
:101C20000EF0E2FE344B60600093344B258102934A
:101C30001023A57284F8245001950393C4E90A5532
:101C4000EFF3058323B30020206366612C480DF079
:101C500063FA2C480DF060FA05B0F0BD9A427FF4AB
:101C600057AF5EE76FF001065EE74FF0FF365BE7C8
:101C70000DF0E6FA0146002897D14FF6FF706A464C
:101C8000DFF884C000DF91E740083D460121BBE753
:101C90000DF0D6FA0028D6D16846DFF870C000DF14
:101CA000D2E700BF600F0024580F0024601000240A
:101CB0003C005700740F002409CA00082899010845
:101CC000FC9901083D005A0040420F00B5EA0008A7
:101CD000005A6202300F00245C0F0024A019002477
:101CE000A49A0108F4190024181A0024BC1900242D
:101CF000259501084419002440950108781900240D
:101D0000F00E0024B00E00246DD5000821D7000885
:101D10000B688360054BC26813404A6813438A68A6
:101D2000134343F48053C36000207047C0E0FEFFBC
:101D30000C4BDB68C3F3022310B4C3F107041A1D74
:101D4000042C28BF0424062A4FF0FF328CBF033B2B
:101D50000023A2405DF8044B21EA02019940FEF7FE
:101D600073BD00BF00ED00E0464BDA6C1868D1038C
:101D700030B585B07DD410F000704CD0996A9D6A62
:101D8000DA6A15F47C7FC5F305105C6B43D0C4F3AD
:101D9000CC0402F0010207EE900A01F00301624355
:101DA000B7EE006AF8EEE76A012907EE902AFAEE2C
:101DB000E97A32D0022940D000294CD11A68920623
:101DC00049D51968304AC1F3C1011B6BCA40C3F33E
:101DD000080307EE102AF8EEC75A85EEA67A06EE3B
:101DE000903AF8EEE66A76EEA77A77EE867A254A9A
:101DF00067EE877A136B136BC3F3064306EE903AD4
:101E0000136BF8EEE66A76EE866A87EEA67AFCEE4B
:101E1000C77A17EE900A05B030BD1B6BDFED1B5A79
:101E2000C3F3080307EE103AB8EEC77A77EE277AC5
:101E300077EE867A85EEA67AD9E71B6BDFED145A2A
:101E4000C3F3080307EE103AB8EEC77A77EE277AA5
:101E500077EE867AEEE71B6BDFED0E5AC3F30803CD
:101E600007EE103AB8EEC77A77EE277A77EE867AE1
:101E7000E0E710F00060CED001A8FEF761FE039805
:101E8000C9E700BF004402580090D0030024744A00
:101E900020BCBE4B0024744C044B0122D3E84F0FEE
:101EA000C3E8412FC0B20029F8D17047391000248F
:101EB00007B504460091CDF804E0FFF7EDFFDDE93A
:101EC000001210B920460CF0E1FB0CF091FF00006D
:101ED0001FB5002304460362064B0093031D6846AA
:101EE00002931C2303930B23019310F071FD2060D8
:101EF00004B010BD4795010810B50446802112F0CA
:101F0000C2FB00212046BDE8104012F0BCBB08B562
:101F1000026500220B4600F13C0142654FF48072DD
:101F2000836482870269012AD2B208BFC364006851
:101F3000FEF7DAFC002008BD08B5C0F81022002228
:101F40000B4600F5FE71C0F81422A0F8FC210269CE
:101F5000C0F80832012AD2B208BFC0F80C320068BB
:101F6000FEF7C2FC002008BD84B02DE9F041044614
:101F700007ADDDE90C7885E80E000CF029FB636BFA
:101F800023B994F838300BB10CF0FAFA04F12806B2
:101F900095E80F0086E80F0020460CF059FFA06975
:101FA000C4E908780CF0C6FCC219204641EB0803CE
:101FB0000CF094FFBDE8F04104B00CF0F5BA00005D
:101FC00010B586B004466846039180E80C0006A868
:101FD00000E90C0010E90700034B84E807002046E5
:101FE000E36006B010BD00BF89C500080D4B19881D
:101FF0004FF6FD734A1E92B29A4297BF0A4B4FF0BA
:10200000026303EA812303F10063834207D9B0F13D
:10201000006F34BF4FF0FF304FF4003070474FF087
:10202000FF30704780E8F11F00FC3F00064B4FF681
:10203000FD711A88531E9BB28B429ABF034800EA77
:1020400082204FF40010704780E8F11F00FC3F0031
:1020500038B50E4B0D46044603600023C0E901313C
:10206000012303730A480DF0D9FD0CF0F7F855B1C0
:10207000084B1A681C60626005480DF0CFFD0DF03A
:102080004DF9204638BD6560F6E700BF949A010817
:102090008C0F0024880F0024034653E8000F0138FA
:1020A00043E80002002AF8D170470000074B5A6845
:1020B00090235343064AD358DA69120701D5082200
:1020C0001A62D869C0F34010704700BF6C12002438
:1020D000101300242DE9F84FFF270646D0F80080A2
:1020E00004253C464FF6FF79B169002972D040467D
:1020F00007F0DBFB0546002855D1F0690378002B7B
:102100006BD0C27AE52B02F03F02B27150D02E2B79
:102110004ED022F0200108294AD00F2A4DD159066D
:1021200044D503F0BF043369477BF362437BBB4272
:102130003ED1C27E837E43EA02230FFA83FCBBBBFF
:1021400003780D22D8F81050012123F04003DFF866
:1021500090E0013B53431EF801AB00EB0A0292F8FA
:1021600001B010F80A2042EA0B2219B3FF2B1FD846
:1021700025F81320114601330CF1010CBCF10D0FB1
:10218000E9D10278520605D521B1FF2B10D80022E3
:1021900025F81320013CE4B20021304608F086FE09
:1021A00005460028A0D00023B3610CE0A342BDD0B7
:1021B000FF24F1E74A45DFD0FAE73CB907F066FBB8
:1021C000B84203D100252846BDE8F88F4FF0FF3311
:1021D000F362F8E7002DF5D0E5E70425E3E700BF5B
:1021E0001099010808B503480DF018FDBDE8084036
:1021F0000DF094B8B40F00242DE9F04F87B00646D7
:102200008B4617464FF001090DF1170ADDE910451D
:102210002544A3EB0408AC4201D1012011E008EBF6
:10222000040300225946304600933B46CDE901A9FC
:1022300005F011FC28B914F8013B9DF817209A42CB
:10224000E9D007B0BDE8F08F2DE9F04F89B0064620
:102250008846DDF84C9005924BB94FF0FF32C9F833
:102260000020149A0020136009B0BDE8F08F013BF4
:1022700007A900684FF0040A079305F0CFFB12A9E5
:10228000054630680DF1140B05F0C8FB0746AF4258
:10229000059B03D3C9F80030129BE2E7EC1B95FACB
:1022A000A5F241463046B4FA84F4B2FA82F2C4F19F
:1022B0001F04944228BF1446A200CDE901BA00923F
:1022C000002205F0C8FB0028CED1012303FA04F454
:1022D0002D1BDCE7034B596A5A6A521A8242FBD320
:1022E000704700BF000C0040C069C0F38010704709
:1022F00038B5431C0C4629D000F00F021D4BC0F32B
:10230000031053F82250FFF737FA1B491B4BD1F843
:1023100094209A42FBD105FB05F2016802EB4203CF
:102320000B40B3FBF2F3013B012B19D8E31E022B48
:1023300043680CD82B43032C436019D10122294652
:10234000FEF722FA0C4B4FF440725A6138BD23EA73
:102350000503012C4360F1D0022C07D00022EEE7E8
:1023600004F0FD03012BE9D0052CF5D10222E6E7AC
:10237000052CF2E7C49A01080064025800030080AB
:102380002DE9F843461C05460C4600F09C801FFAD8
:1023900080F9554A40F47061B2F90030581C4BD1B5
:1023A0000026524B09F00F02C5F3031053F82270B8
:1023B000FFF7E2F94E494F4BD1F894209A42FBD1F6
:1023C00007FB07FCC4F3831283680CEB4C0E0F2A47
:1023D0006FEA0E0114BF02FB0CF243EA0E034FF446
:1023E000407E1CBF0B40134304F007028360022AA7
:1023F0003F4BC3F814E036D10EF1004ED3F8948071
:10240000F045FBD119F0080FC4F383285DD03B0AD7
:10241000D0F824E05B435B43C3EB031903FB08F3F1
:102420002EEA090E4EEA03034362314B4FF4407E1D
:10243000C3F814E002231EE043F470638B4210D112
:1024400004F003035668032BABD109F47063B3F5B2
:10245000706FA6D1324621462846BDE8F843FEF704
:102460007FB9083298E7032A3CD002F1FF3EDEF143
:10247000000343EB0E03DFF87890DFF878E0D9F83B
:102480009480F045FBD1D0F800E003FB0CFC013A4E
:1024900001EA0E01012A41EA0C01016005D84368F6
:1024A00022074CBF3B43BB434360C4F30112394690
:1024B000FEF76AF9324621462846FEF751F90C4BE1
:1024C0004FF440725A61BDE8F8830CFB0CF9036AC3
:1024D000C9EB091E23EA0E0E09FB08F34EEA0303BB
:1024E0000362A2E71346C6E798970108C49A010859
:1024F000006402580003008000280DDB430901221C
:1025000000F01F00203302FA00F0044A42F82300D2
:10251000BFF34F8FBFF36F8F704700BF00E100E044
:1025200010B50CF055F8124B1A7842B9114A1268DE
:1025300011680907FCD50821516001221A700E4C60
:1025400023781BB10BF0ECFF0023237000230B4A10
:102550008C2013700A4A1370FFF7CEFF094B4FF41B
:102560008052BDE81040C3F890210CF01DB800BFA8
:1025700031100024040E00246912002438100024B5
:102580003010002400E100E0FFF7CABF10B50CF0E6
:102590001FF8134B1348144A596A146803881160D2
:1025A0001B1B0B440146B3F5803F16D34FF47A71E1
:1025B000B3FBF1F201FB1233038006E00132A3F515
:1025C0007A73B3F57A7FF9D20B80084C23681A44EA
:1025D00022600BF0E9FF206810BD0022F1E700BF88
:1025E000000C0040581000245C10002490120024BD
:1025F00038B5114CE36803F00703062B06D0E068FA
:1026000000F03F00163818BF012038BDE36823F002
:102610003F0343F01603E360FFF7B8FF0546636826
:102620009B0401D50020F0E7FFF7B0FF401BB0F599
:102630007A7FF4D90120E8E7004802582DE9F843F1
:102640000546294F3C69FFF7A1FF022D0646274B9F
:1026500026D1D7F81041264F1C4044F00044DFF843
:1026600088804CF25039042F1DD1D8F81000C0F3E7
:10267000800070B934F0004122D01E4A002C9369CA
:1026800043EA04039361184B17DB5C610120BDE84A
:10269000F883FFF77BFF801B4845E4D90320F6E76A
:1026A0001C400427DBE7D8F8103127EA030313F0B6
:1026B000040F0CBF01200020DBE7C3F81411E5E78D
:1026C000012D094B06D11A69D103E0D54FF48032B0
:1026D0005A61DCE7D3F81021D203D8D54FF4803209
:1026E000C3F81421D3E700BF002000520000EE170A
:1026F000040000803C10002470B504460D461646C8
:102700002368DB6935EA030301D1002017E0FFF7F6
:102710003DFF801B2368B0F1007F1A6810D322F4BC
:10272000D0721A609A6822F001029A602023C4F8DD
:102730008430C4F888300023032084F8803070BDD2
:102740005107DDD5DA691205DAD54FF400621A6255
:102750001A6822F4D0721A609A6822F001029A6014
:102760002023C4F88430C4F88830C4F88C30E2E701
:1027700038B50B4C2268D36823F0A003D360FFF771
:1027800005FF05462368DB689B0601D5002038BDA0
:10279000FFF7FCFE401BB0F57A7FF3D90320F6E784
:1027A000400E002408B5104BDA6822F04002DA60CF
:1027B0009A68920607D4FFF7DBFF18B103200B4B92
:1027C00083F8210008BD9A6822F020029A60FFF782
:1027D000CFFF18B10320054B83F82100024A93680C
:1027E00043F020039360EDE700400058400E0024C2
:1027F000F8B50F4D2B68DC6814F0400416D14FF08B
:10280000FF320327DA60FFF7C1FE06462B68DB685C
:102810005B0601D52046F8BDFFF7B8FE801BB0F57A
:102820007A7FF3D9032485F82170EFE70024F1E7DC
:10283000400E00242DE9F74F06463C250BF0C8FE5C
:102840004FF0180A4FF0070E6A4C6B4B4FF0460BD7
:10285000B6FBF5F7B7FBF5F5B5FBFAFC0CF1040296
:102860002360B2FBFEFECEEBCE0EA2EB0E091BF0F8
:10287000030F07D1BCF5B77F0BD3ACF5B77C0BF1D9
:10288000010BF4E7BCF5B67F1FD96FF4B6739C4417
:10289000F5E70123594830214FF0000800FB0CFAFE
:1028A000574801FB030151F8042B92450FD208F160
:1028B000FF38B9F1000F94F8201008BF4FF0070956
:1028C00001290CD14F480CF0B3FA0023E2E708F1DC
:1028D0000108B8F10C0FE6D14FF00B08E9E70C2125
:1028E00001FB0383012184F82010022150F82330DA
:1028F000CA2084F82110404901934862532048625D
:10290000FFF776FF019B00BBAAEB03003B4B22685D
:10291000B0FBF3F00130C0B2FEF75EF840EA493197
:10292000ABF14400C0B2FEF757F841EA004108F1AC
:102930000100C0B2FEF750F841EA002323F07F43C4
:1029400023F0C0035360FFF72DFF2368FF225A6274
:1029500000284BD1012284F8212084F82020022273
:1029600084F82120CA225A6253225A62FFF740FF9C
:1029700050BB226893681823B5FBF3F003FB10509B
:102980003C25C0B2FEF728F80146B7FBF5F005FB81
:102990001070C0B2FEF720F80302B6FBF5F005FB9D
:1029A000106043EA0141C0B2FEF716F8084300F098
:1029B0007F3020F0FE401060936823F48023936002
:1029C00093689360FFF7EEFE2368FF225A6210B906
:1029D000012384F82130002384F8203008B10A480C
:1029E00071E703B0BDE8F04F0BF0DEBD002384F8C3
:1029F000203067E7400E002400400058805101005D
:102A0000049B01086195010878950108F8B53A4CD6
:102A100006460D46A36A03F00303032B69D023681F
:102A200023F080532360FFF7B1FD074623689A0027
:102A30004BD4A36A326823F07C7343EA0253A36247
:102A4000B368F268013B013A5B0212049BB202F4E4
:102A5000FE0213437268013AC2F30802134332695B
:102A6000013A120602F0FE4213432364E36A7269DC
:102A700023F440631343E362E36AB26923F400730F
:102A80001343E362E36A23F48073E362636CF269E5
:102A900023F47F4323F0F80343EAC2036364E36A49
:102AA00043F48073E362E36AB5B943F48003E362FD
:102AB000114C236843F080532360FFF767FD054600
:102AC00023689B000FD5002005E0FFF75FFDC01BCA
:102AD0000228ABD90320F8BD012D0CBF43F400033D
:102AE00043F08073E3E7FFF751FD401B0228E7D96D
:102AF000F0E70120EFE700BF00440258F8B53A4C78
:102B000006460D46A36A03F00303032B69D023682E
:102B100023F080632360FFF739FD074623681A011D
:102B20004BD4A36A326823F47C3343EA0233A362B2
:102B3000B368F268013B013A5B0212049BB202F4F3
:102B4000FE0213437268013AC2F30802134332696A
:102B5000013A120602F0FE421343A363E36A72696C
:102B600023F0C0031343E362E36AB26923F0200356
:102B70001343E362E36A23F01003E362E36BF26959
:102B800023F47F4323F0F80343EAC203E363E36AD9
:102B900043F01003E362E36AB5B943F40023E36250
:102BA000114C236843F080632360FFF7EFFC054678
:102BB00023681B010FD5002005E0FFF7E7FCC01BD1
:102BC0000228ABD90320F8BD012D0CBF43F48013BC
:102BD00043F40013E3E7FFF7D9FC401B0228E7D9D1
:102BE000F0E70120EFE700BF004402582DE9F04173
:102BF000DDF8188004460E4615461F462268936885
:102C0000334214BF01230023AB4201D1002012E064
:102C1000B8F1FF3FF3D0FFF7B9FCC01B404502D825
:102C2000B8F1000FEAD10423012084F84130636C2D
:102C300043F001036364BDE8F0812DE9F04F0546E0
:102C400085B00C46FFF7A2FC95F8402007EE900AED
:102C5000012A00F0E1800122022085F8402095F849
:102C60004120012A40F0BE80002241F2883117EE57
:102C7000903ACDED037A6A640091202185F84100F5
:102C80002846FFF7B3FFDDED037A002840F0AA8065
:102C9000D4F824C0BCF1000F03D0A26A2968013A1D
:102CA0000A61D4F818A0D4E90727BAF1000F50D070
:102CB00063694CEA0A0AD5F800E026684FEA834BBC
:102CC000D4F83480D4E90B1967B3A36847EA0A0A39
:102CD0002769CEF81C30BAB132431143E26841EAA9
:102CE000090949EA080848EA0707174347EA0B07B2
:102CF00047EA0A07CEF814706268CEF81820BCF1D3
:102D0000000F40F0818062E0314341EA090949EA5D
:102D1000080848EA070747EA0B0747EA0A07CEF818
:102D20001470ECE752B142EA06070F4347EA09077D
:102D300047EA0808E76848EA0707D7E746EA0107CD
:102D400047EA090747EA080747EA0B0B4BEA0A0775
:102D5000E5E737B3A1684CEA0707D5F800E0266934
:102D6000CEF81C106169D4F834808904D4E90BA929
:102D70006AB13243E36842EA0A0A4AEA090949EABF
:102D8000080848EA030848EA01010F43B2E746EAA7
:102D90000A0646EA090949EA080848EA01010F4318
:102DA000BDE78AB1E16A4CEA02020A43216B0A4399
:102DB000616B0A43E1680A43616942EA814229681A
:102DC0004A6162688A619AE7BCF1000F10D141F252
:102DD000883217EE903A0221284600920122FFF72E
:102DE00005FFA8B1002385F8403005B0BDE8F08F9D
:102DF000E36A226B4CEA03031343626B1343626979
:102E000043EA82432A685361012385F84130E9E7A8
:102E10002B680222DA60F7E70220E6E7F0B593B00C
:102E200004460846164604A91D46FEF7FBFB48B9B2
:102E30002B6804A920460E93FFF7FFFE074618B142
:102E40004FF0FF3013B0F0BDFFF7A0FB256803463D
:102E5000A96994F84020012AF2D0012284F8402088
:102E600094F84120012AD0B246D16764002E3ED0AA
:102E7000222284F841202A690132A2632A6926634A
:102E800041F28836013262636A6922F0406242F0A0
:102E900080626A61A961A26BA2B901220221204667
:102EA0000096FFF7A3FE10B923680222DA6001231F
:102EB00084F841300023C01A84F8403018BF012044
:102EC0004042BFE701220621204600960393FFF708
:102ED0008DFE0028EBD195F82010226B039B11701A
:102EE000226B01322263A26B013AA263D3E7636CC7
:102EF00043F008036364DDE70220DBE7F7B50093E6
:102F0000054690F8943014460191DDE90867F3B165
:102F1000D6B13B68DBB10DF009F823462846DDE960
:102F200000210CF023F93B46324605F16801281DCB
:102F3000FFF774FF041E284618BF012464420CF0FA
:102F4000EBFF204603B0F0BD6FF00104F9E74FF04E
:102F5000FF34F6E7F0B593B004460846164604A9D8
:102F60001D46FEF75FFB48B92B6804A920460E9367
:102F7000FFF763FE074618B14FF0FF3013B0F0BD06
:102F8000FFF704FB94F8402003462568012AF3D09C
:102F9000012284F8402094F84120012AD0B243D184
:102FA0006764002E3BD0122284F841202A69013246
:102FB000E2622A69666241F288360132A2626A6977
:102FC00022F040626A61E26AA2B90122022120462F
:102FD0000096FFF70BFE10B923680222DA60012386
:102FE00084F841300023C01A84F8403018BF012013
:102FF0004042C3E701220421204600960393FFF7D5
:10300000F5FD0028EBD1626A039B127885F8202039
:10301000626A01326262E26A013AE262D3E7636C99
:1030200043F008036364DDE70220DBE72DE9F047A6
:103030001C4690B090F894300546DDF86890DDE9C4
:1030400018A8CDE9002163B30CF070FF4FF0FF33F7
:1030500028462E1D05F16807DDE900210CF086F8F1
:1030600014B1BAF1000F23D1B8F1000F02D0B9F1B9
:10307000000F19D102A93846FEF7D4FA044638B930
:10308000012302A9CDE90B033046FFF7D6FD08B1B5
:103090004FF0FF3428460CF03FFF204610B0BDE84B
:1030A000F0874FF0FF34F8E79CB1BAF1000F10D071
:1030B000224602AB39463046CDF808A0FFF74AFF5A
:1030C00004460028E4D1B8F1000FE3D0B9F1000FB5
:1030D000E0D002AB424639463046CDF80890FFF7C3
:1030E0009DFE041E18BF01246442D3E770B50E464E
:1030F00004460809FEF740FB4FF470710546304660
:10310000FFF73EF9238A0A4A06F00F0603F00F0381
:103110000121656152F8233001FA06F6A36105F139
:103120001003183526606360C4E9025570BD00BF06
:10313000C49A010810B50C4B0C4CD4F894209A4258
:10314000FBD1D0E90542524302EB4203DB4339B9DC
:103150002268134023604FF44072044B5A6110BD43
:1031600021680B401343F5E7000300800064025818
:10317000034BD9681A6822EA01021A605960704745
:1031800000650258444A1369114603F03803102BB6
:1031900030B57CD005D8002B55D0082B79D00A68E3
:1031A00052E0182BFBD1906A956AD16A15F47C7FA6
:1031B000C5F30513546B3BD007EE903AC4F3CC042F
:1031C00001F0010300F00300F8EEE76A6343012811
:1031D000F7EE005A07EE903AFAEEE97A39D0022873
:1031E00047D011682D4BC1F3C101126BCB40C2F324
:1031F000080207EE103AB8EEC76A86EE267A06EEA7
:10320000902AF8EEE66A76EEA77A77EEA57A224B58
:1032100067EE877A1B6BC3F34623013307EE103A40
:10322000F8EEC76A87EEA67AFCEEC77A17EE903AF8
:1032300019498A698969C2F3032219498A5CD34012
:10324000184A136030BD1268C2F3C102134BD34059
:10325000EEE7136B9FED146AC3F3080307EE103A11
:10326000B8EEC77A77EE277A77EEA57A86EE267AD9
:10327000CDE7136B9FED0D6AC3F3080307EE103A19
:10328000B8EEC77A77EE277A77EEA57AEEE7084BA5
:10329000CEE7084BCCE700BF004402580090D003B3
:1032A00004970108000000240024744A20BCBE4B8F
:1032B00040787D0100093D002B4BD3F8882042F473
:1032C0007002C3F888201A6942F010021A61274A76
:1032D000136803F00F03062B05D8136823F00F03C0
:1032E00043F007031360224B1A6842F001021A6090
:1032F00000221A611F4A19680A401C491A600A68AC
:10330000120705D50A6822F00F0242F007020A6090
:10331000002219499A61DA611A6299621749D962E1
:10332000174919635A639963DA6319645A6419680F
:1033300021F4802119601A66124A536A43F48043CB
:103340005362114B1B681B0C1B04B3F1005F02D2CC
:103350000E4B01221A600E4B43F2D2021A600D4A44
:10336000014B9A60704700BF00ED00E00020005262
:10337000004402587FEDF6EA000202020000FF015D
:1033800080020101C00000580010005C088100515B
:1033900000400052000000080A4B013B0FD00269B8
:1033A000002AFADA0369074A43F001030361013A8C
:1033B00005D0036913F00103F9D1184670470320C3
:1033C000704700BF410D030030B5056C00F5306358
:1033D0000F4CA54203D9D0F8004B002C16DB00247B
:1033E00001291C611C6944F400241C611C6944F01F
:1033F00018041C611C6944F0C0441C6106D15A6168
:10340000D0F8003B43F08023C0F8003B002030BDE3
:103410000A30544FD0F8003E23F00303C0F8003EBA
:10342000D0F8043843F00203C0F804380020704795
:1034300070B50023940800F5805502F00302A34202
:1034400014D301EB84017AB100F5805000230468A5
:10345000D80024FA00F0C854013398B28242F7D160
:10346000013A92B201321144084670BD2E6841F80B
:1034700023600133E3E770B50E78012500F50062A3
:1034800006F00F0374019D404B78012BD36917D1CF
:103490001D4300F51060D56103591A040ED48A68E3
:1034A0000559C2F30A03CA782B4343EA824343EA2D
:1034B000865343F0805343F400430351002070BD12
:1034C00043EA054500F53060D56103591B04F5D486
:1034D0008B680259C3F30A031343CA7843EA824351
:1034E000E7E70000114B4FF4FA5102461B68B3FBAB
:1034F000F1F141F288334B43013B13D3516B11F08F
:10350000450FF9D08904F7D4536B5B0702D504202B
:1035100090637047506B10F0010014BF0123044BFF
:10352000936370474FF00040704700BF00000024D5
:10353000C5002000454B10B51B6804464FF4FA50F7
:10354000B3FBF0F342485A43002A48D0636B03426E
:1035500007D09B0405D4636B580704D50420A063EF
:1035600010BD013AF0E7606B10F0010002D00123BA
:10357000A363F5E7374BA3632369DBB2994231D1EB
:103580006369354818400028EAD0002B2CDB5A002C
:103590002DD49C002DD4D9002DD41A012ED45C0139
:1035A0002FD4D90130D41A0231D45C0232D499021A
:1035B00033D4DA0234D45C0335D4990336D4DA0335
:1035C00037D41C0438D4590439D49A043AD413F0AB
:1035D000080F14BF4FF400004FF48030C0E74FF0E5
:1035E0000040BDE70120BBE74FF00070B8E7402086
:1035F000B6E78020B4E74FF48070B1E74FF4007075
:10360000AEE74FF48060ABE74FF40060A8E74FF4FB
:103610008050A5E74FF40050A2E74FF480409FE7A9
:103620004FF400409CE74FF4003099E74FF48020BE
:1036300096E74FF4002093E74FF4801090E74FF4A3
:1036400000108DE74FF480008AE700BF00000024DF
:1036500045002000C500200008E0FFFDF0B5124D38
:1036600087B00D2700246B6C01A92E681B0430461F
:1036700001934FF48073CDE902734FF48053CDE989
:103680000443FEF745FB41F2883239463046FFF7E6
:1036900051FF28B92B685C69C4F3432007B0F0BD23
:1036A0006B6B18436863F7E79412002430B54FF44E
:1036B000807387B0062500220446019101A9CDE957
:1036C00002534FF48053CDE90423FEF721FB41F26E
:1036D000883229462046FFF72DFF07B030BD30B5B0
:1036E0004FF4807387B0372500220446019101A969
:1036F000CDE902534FF48053CDE90423FEF708FBD4
:1037000041F2883229462046FFF714FF07B030BD4A
:1037100010B5002386B0044601A9CDE90133CDE9F7
:1037200003334FF480530593FEF7F2FA0A4B4FF43C
:10373000FA521B68B3FBF2F241F288335343013B68
:1037400007D3626B1206FAD5044B0020A36306B0C0
:1037500010BD4FF00040FAE700000024C500200033
:1037600030B5002387B00C254FF48072044601A9C0
:10377000CDE90323CDE901354FF480530593C368A8
:1037800043F08003C360C36823F04003C360FEF7C7
:10379000BFFA074A29462046FFF7CCFEE368B0F19E
:1037A000007F08BF002023F08003E36007B030BD36
:1037B00000E1F50530B54FF4807387B01025002285
:1037C0000446019101A9CDE902534FF48053CDE99C
:1037D0000423FEF79DFA41F2883229462046FFF77E
:1037E000A9FE07B030BD00002DE9F047364D86B088
:1037F0000746FEF7CBFE082180462868FFF7DAFF70
:103800000446002837D1696C28680904FFF767FF70
:10381000044680BB2E684FF0FF334FF0330901A9F7
:10382000736208230190B362F36A0490304623F078
:10383000FF0343F03303F3624FF48073CDE9029347
:103840004FF480530593FEF763FA41F288324946FC
:103850003046FFF76FFE044668B98146064640F2DF
:103860002A5A2B685A6B12EA0A0F5A6B07D01107B3
:1038700016D508249C63204606B0BDE8F0871003E7
:1038800005D424B9D3F880600124D3F88090FEF7E2
:103890007DFEA0EB08000130E3D14FF00044EAE7E1
:1038A0005A6B920701D50224E4E75C6B14F0200404
:1038B00001D02024DEE7054A36BA9A6399FA89F3E3
:1038C0007E603B60D7E700BF941200243A0F0018D7
:1038D0002DE9F8430668054616F0006609D0836EA8
:1038E000B3F5001F2ED013D8F3B1B3F5801F21D04C
:1038F00001262B68DB0540F10281AB6D042B00F241
:10390000FD80DFE813F024002B00F50029002900DA
:10391000B3F5401FECD1B84A0026A96E136D23F40D
:1039200040130B431365E4E7B34AD36A43F400330F
:10393000D362F0E702210430FFF7E0F806460028E2
:10394000D7D1E8E702212430FFF760F8F6E7AA4A6A
:10395000D36A43F40033D362344604E00021281DC7
:10396000FFF7CCF80446002C40F0CB80A24AA96DAA
:10397000136D23F007030B4313652B689F050DD5CB
:10398000EB6D802B00F0DA8000F2BD80002B00F0A0
:10399000C980402B00F0CC80012634462B685805A6
:1039A00010D5D5F8A830B3F5800F00F0EC8000F208
:1039B000CD80002B00F0DB80B3F5001F00F0DD8030
:1039C000012634462B68190510D5D5F8AC30B3F173
:1039D000007F00F0FD8000F2DE80002B00F0EC8024
:1039E000B3F1807F00F0EE80012634462B689A0107
:1039F0000DD5AB6C202B00F0078100F2F180002B7D
:103A000000F0F180102B00F0F980012634462B687D
:103A1000DB040FD52B6EB3F5005F00F0198100F2C7
:103A2000FB80002B00F00881B3F5805F00F00A8175
:103A3000012634462B689F040FD56B6EB3F5003F0B
:103A400000F0268100F20C81002B00F01281B3F50A
:103A5000803F00F01781012634462B68580410D5AA
:103A6000D5F8B030B3F1005F00F0338100F2188177
:103A7000002B00F01E81B3F1805F00F0248101264D
:103A800034462B68590114D5EB6C43B1B3F5807FF4
:103A900040F027810121281DFFF730F80446002C53
:103AA00040F02281544AE96CD36C23F480730B43B9
:103AB000D3642B681A040DD52B6FB3F1805F00F02F
:103AC0001581B3F1005F00F01F81002B00F013811E
:103AD000012634462B68DB0140F12C816B6C032BF3
:103AE00000F26C81DFE813F01D01180164011D0173
:103AF000002105F12400FEF789FF33E70126344653
:103B00003BE7264639E7C02B03D0B3F5807F7FF42F
:103B100043AFCCB9384AE96D136D23F4E0730B431E
:103B200013653BE7344AD36A43F40033D362F0E7CA
:103B30000021281DFEF7E2FF0446EAE7002105F117
:103B40002400FEF763FFF7E7264627E7B3F5C00F2B
:103B500003D0B3F5000F7FF433AFD4B9264AD5F8BC
:103B6000A810936D23F460030B4393652AE7224A60
:103B7000D36A43F40033D362EFE70021281DFEF738
:103B8000BDFF0446E9E7002105F12400FEF73EFFF2
:103B9000F7E7264616E7B3F1407F03D0B3F1806F15
:103BA0007FF422AFD4B9144AD5F8AC10936D23F04A
:103BB000E0630B43936519E70F4AD36A43F400337C
:103BC000D362EFE70021281DFEF798FF0446E9E7DE
:103BD000002105F12400FEF719FFF7E7264605E767
:103BE000302B7FF412AFACB9034AA96CD36C23F02D
:103BF00030030B43D3640AE7004402589B4AD36A5C
:103C000043F40033D362EEE70221281DFEF776FF6E
:103C10000446E8E72646FAE6B3F5405F03D0B3F57D
:103C2000804F7FF405AFCCB9904A296E136D23F411
:103C3000E0430B431365FDE68C4AD36A43F400333B
:103C4000D362F0E70021281DFEF758FF0446EAE79B
:103C5000002105F12400FEF7D9FEF7E72646E9E644
:103C600023F48032B2F5802F03D0B3F5403F7FF4C8
:103C7000F2AE9CB97D4A696E136D23F4E0230B43C9
:103C80001365EAE60121281DFEF738FF0446F0E738
:103C9000012105F12400FEF7B9FEF7E72646DCE630
:103CA00023F08052B2F1804F03D0B3F1405F7FF434
:103CB000E6AEA4B96D4AD5F8B010936D23F0E04399
:103CC0000B439365DDE60121281DFEF717FF04462F
:103CD000EFE7012105F12400FEF798FEF7E72646FD
:103CE000CFE601263446E4E62646E2E65F4AD36A9A
:103CF00043F40033D3626CB95C4A296F136D23F02F
:103D000040530B431365E5E60121281DFEF7F6FE3F
:103D10000446F0E72646DDE6544AD36A43F400330E
:103D2000D362002C4DD1514A696CD36C23F003034C
:103D30000B43D3642B685F024DD54D4F3B6843F472
:103D400080733B60FEF722FC80463B68D8053AD57D
:103D5000002C6CD1454BD5F8B4001A6F424012F4D8
:103D6000407F0BD01A6F196F22F4407241F48031FA
:103D70001967196F21F4803119671A67B0F5807FD0
:103D800040D0D5F8B430394903F44072B2F5407FE1
:103D900049D10869374A20F47C5002EA13120243E1
:103DA0000A61C3F30B03314A116F0B43136712E02F
:103DB0000221281DFEF7A2FE0446B2E70126344682
:103DC000B8E72646B6E7FEF7E1FBA0EB080064285B
:103DD000BBD9032634462B68DA0708D5EB6F102BC6
:103DE0003CD026D85BB3082B32D0012634462B6852
:103DF0009B074ED5AB6F052B61D8DFE803F0423D42
:103E00005A424242FEF7C2FBDFF86080074641F2A9
:103E10008839D8F870309907B3D4FEF7B7FBC01BC8
:103E20004845F6D9D5E70A6922F47C52B8E7264618
:103E3000D1E723F00802202A01D0182BD5D19CB954
:103E40000A4AE96F536D23F038030B435365CEE7FD
:103E50000121281DFEF752FE0446F0E7012105F17D
:103E60002400FEF7D3FDF7E72646C0E700440258DA
:103E700000480258CFFFFF000121281DFEF73EFE3B
:103E80000446FCB9B74AA96F536D23F007030B43EF
:103E900053652B685F0727D5D5F89430052B00F2C2
:103EA0003A81DFE813F01600110032011600160007
:103EB0001600012105F12400FEF7A8FDE0E7012628
:103EC0003446E6E72646E4E70121281DFEF716FE04
:103ED0000446002C40F02281A24AD5F89410936D3C
:103EE00023F007030B4393652B68980610D5D5F88C
:103EF0009030B3F1005F00F02C8100F21181002BB3
:103F000000F01781B3F1805F00F01D810126344677
:103F10002B68590610D5D5F89C30B3F5006F00F02A
:103F20003C8100F22181002B00F02781B3F5806FE6
:103F300000F02D81012634462B681A0610D5D5F8DD
:103F4000A030B3F5804F00F0498100F22E81002BA4
:103F500000F03481B3F5005F00F03A810126344669
:103F60002B681B0714D5D5F88430B3F5805F07D1D3
:103F7000022105F12400FEF749FD002818BF0126A3
:103F8000784AD5F88410536D23F440530B4353659E
:103F90002B68DF0614D5D5F89830B3F5807F07D1AC
:103FA000022105F12400FEF731FD002818BF01268B
:103FB0006C4AD5F89810936D23F440730B439365C6
:103FC0002B6818031AD5D5F8A410B1F5803F00F07E
:103FD0000D81B1F5003F06D0002940F00D81281D6C
:103FE000FEF78CFD0446002C40F009815D4AD5F8AF
:103FF000A410936D23F440330B4393652B6859034E
:104000001CD5D5F88830B3F5001F00F0FA80B3F561
:10401000401F08D0B3F5801F40F0FA80514AD36AA0
:1040200043F40033D362002C40F0F5804D4AD5F8BC
:104030008810536D23F440130B4353652B68DA0348
:1040400009D52B6D002B00F0E880B3F5803F00F020
:10405000F280012634462B689B0007D5022105F12A
:104060002400FEF7D3FC002818BF01262B689F030D
:104070000BD5D5F88010B1F5807F00F0F28000F20A
:10408000E280002900F0E5800126DC0206D53549F2
:10409000686F0A6D22F0004202430A65D80007D516
:1040A0003049D5F8B8000A6922F4804202430A6117
:1040B000990206D52B49E86E0A6D22F08072024300
:1040C0000A655A0009D5274A116921F40041116196
:1040D0001169D5F8BC0001431161002B06DA2149B2
:1040E000686DCA6C22F040520243CA641B0207D5B5
:1040F0001C4AD5F88C10536D23F440030B435365D1
:10410000301E18BF0120BDE8F883012105F124000D
:10411000FEF77CFCDCE601263446E5E62646E3E6CF
:1041200023F08052B2F1804F03D0B3F1405F7FF4AF
:10413000EDAEA4B90B4AD5F89010536D23F0E043CF
:104140000B435365E4E60021281DFEF7D7FC044627
:10415000EFE7022105F12400FEF758FCF7E72646B9
:10416000D6E600BF0044025823F48062B2F5805FB7
:1041700003D0B3F5406F7FF4DDAEA4B93D4AD5F866
:104180009C10936D23F4E0530B439365D4E6002118
:10419000281DFEF7B3FC0446EFE7022105F12400D9
:1041A000FEF734FCF7E72646C6E623F40052B2F5E4
:1041B000004F03D0B3F5C04F7FF4D0AEA4B92D4A61
:1041C000D5F8A010936D23F460430B439365C7E6C5
:1041D0000021281DFEF792FC0446EFE7022105F1BD
:1041E0002400FEF713FCF7E72646B9E6022105F1A5
:1041F0002400FEF70BFCF5E601263446FEE62646D3
:10420000FCE6012105F12400FEF700FC04460AE764
:104210000126344612E7264610E7164AD36A43F4CD
:104220000033D3626CB9134A296DD36C23F4803305
:104230000B43D3640FE70221281DFEF75FFC044601
:10424000F0E7264607E721F48072B2F5007F7FF49D
:104250001BAF64B90748426D22F440720A434265BD
:1042600013E70448C26A42F40032C262F1E726460C
:104270000BE700BF004402583F230360114B1A694B
:1042800002F0070242609A6902F4706282609A69E1
:1042900002F00F02C2609A6902F070020261DA69EC
:1042A00002F070024261DA6902F4E06282611B6A24
:1042B00003F07003C361044B1B6803F00F030B6032
:1042C000704700BF0044025800200052484B1A6952
:1042D00002F03802102A30B500F08680182A0CD07F
:1042E000002A40F083801A68424812F0200F03D061
:1042F0001B68C3F3C103D84030BD996A9D6ADA6A6E
:1043000015F47C7FC5F305105C6BF5D0C4F3CC04C9
:1043100002F0010207EE900A01F003016243B7EEDA
:10432000006AF8EEE76A012907EE902AFAEEE97AC8
:104330004CD002293CD0002948D11A68920627D5D2
:1043400019682C4AC1F3C1011B6BCA40C3F30803AF
:1043500007EE102AF8EEC75A85EEA67A06EE903AD6
:10436000F8EEE66A76EEA77A77EE867A204B67EE6D
:10437000877A1B6BC3F34623013307EE103AF8EE3E
:10438000C76A87EEA67AFCEEC77A17EE900AB3E703
:104390001B6BC3F3080307EE103AB8EEC77A77EE4B
:1043A000277A77EE867A9FED146A86EE267ADDE725
:1043B0001B6BC3F3080307EE103AB8EEC77A77EE2B
:1043C000277A77EE867A9FED0D6AEEE71B6BC3F3D3
:1043D000080307EE103AB8EEC77A77EE277A77EE41
:1043E000867A9FED076AE0E7064885E7064883E797
:1043F000004402580090D0030024744C20BCBE4BF3
:104400000024744A40787D0100093D0008B5FFF79B
:104410005DFF0949094A8B69C3F30323D35C03F0A9
:104420001F03D8408B6903F00F03D35C044A03F0E9
:104430001F031060D84008BD0044025804970108CB
:104440000000002473B50E460446FFF7DFFFB0FB03
:10445000F6F5FF2D47DCFFF7D9FFB0FBF6F101FBC6
:10446000160606B9013D6560FEF790F894F8412004
:10447000034612B941F28832A2642068A16802683A
:10448000013922F4706242EA0122202102602046B2
:10449000A26C00920022FEF7A9FB30BB2268E569FE
:1044A000E36811682B43256A21F07F412B4365683F
:1044B00021F0D00143EA05630B4313605568D4E94A
:1044C00005310B43216943EA0143094929400B4364
:1044D0005360136843F0010313600123606484F8A0
:1044E000413002B070BDFF25BDE74FF0FF30F8E767
:1044F000FEF8E0FF08B5FFF789FF054B054A1B6A88
:10450000C3F30213D35C03F01F03D84008BD00BF00
:10451000004402580497010808B5FFF777FF054BE0
:10452000054ADB69C3F30223D35C03F01F03D840C1
:1045300008BD00BF004402580497010808B5FFF702
:1045400065FF054B054ADB69C3F30213D35C03F037
:104550001F03D84008BD00BF00440258049701085B
:10456000894990202DE9F043D1E90035D1F8089030
:104570004FF0000E6843854CB9F5965FD1F810C036
:1045800004EB0002D1F814802CBF76460726A2F86F
:1045900056E089B0C2F81CE0A2F854E0A2F85EE050
:1045A000A2F85CE0C2F820E0C2F864E0CF692350D2
:1045B000C868C2F804909060C2F80CC0C2F81080BD
:1045C0009761C2E9096EB1F91AE0BEF1FF3F5FD110
:1045D000082151616E4A934210D19022B9F5165FBD
:1045E00002FB054292F8801059D8012906D01968BB
:1045F00041F002011960002182F88010902202FB34
:104600000541D1F884E0BEF1000F01D181F880E0CE
:1046100002FB0542242140EA0800C2F88410196810
:10462000526921F0010110435A4A196019680A4081
:10463000104318605A6822F4405242EA0C025A6051
:104640009A6822F06E4222F4306217439F60DA6A61
:1046500022F00F021643504A9342DE6225D14F4B9F
:104660005B6D03F03803282B00F284804C4AD35C46
:10467000082B00F2B281082B7CD8DFE813F0D701B9
:10468000DD017B007B00E0017B007B007B00E5011E
:10469000B1F9181001310CBF04210C2199E701294F
:1046A000ACD0196821F00201A4E73E4A934207D139
:1046B0003A4B5B6D03F00703052B5BD83A4AD6E70C
:1046C0003A4A934207D1354B5B6D03F00703052B44
:1046D00050D8374ACBE7374A934207D12F4B5B6D0F
:1046E00003F00703052B45D8334AC0E7334A93420A
:1046F00007D12A4B5B6D03F00703052B3AD8304AEC
:10470000B5E7304A934207D1244B5B6D03F0380381
:10471000282B2FD82C4AAAE72C4A934207D11F4BAB
:104720005B6D03F00703052B24D8294A9FE7294A2C
:10473000934207D1194B5B6D03F00703052B19D882
:10474000254A94E7124A934214D102F50E32936D32
:1047500003F00703052B0DD82049CB5C102B00F08C
:10476000FF8009D8042B00F0F180082B00F0F380C3
:10477000022B35D0012639E0202B00F02C81402B74
:10478000F8D14FF40040F4E06C1200241013002420
:10479000000C0058F369FFCF00100140004402589C
:1047A000CF96010800440040F896010800480040F8
:1047B000F8960108004C0040F896010800500040AF
:1047C000F896010800140140CF96010800780040D7
:1047D000F8960108007C0040F8960108FE96010852
:1047E000FFF788FE002840F0C480002690224FF09A
:1047F0000113012E02FB05F204EB02018B664FF060
:104800000003C1E91C3300F034818B6A002B66D0B1
:10481000D80706D5A058C96A426822F400320A4374
:1048200042609A0709D590226A43A158A0184A68A5
:10483000006B22F4803202434A605F0709D5902260
:104840006A43A158A0184A68406B22F480220243B0
:104850004A60180709D590226A43A158A0184A68EF
:10486000806B22F4004202434A60D90609D59022A7
:104870006A43A158A0188A68C06B22F48052024390
:104880008A609A0609D590226A43A158A0188A68BE
:10489000006C22F4005202438A605F0613D5902216
:1048A0006A43A158A0184A68476C22F48012B7F5F1
:1048B000801F42EA07024A6005D14A68806C22F4F0
:1048C000C00202434A60180609D590236B43E258A0
:1048D000E1185368C96C23F400230B4353609027FD
:1048E0006F43E35904EB07085A6822F490425A6078
:1048F0009A6822F02A029A601A6842F001021A604D
:104900000023C8F88C30FDF741FEE35902461B68CE
:10491000190700F1A38090236B43E3581B685B07E2
:1049200007D54FF480014046FDF7E6FE002840F031
:104930009F80902303FB05442023C4F88430C4F8EF
:1049400088300023E36684F8803092E002A8FCF708
:10495000F7F8039846E705A8FCF74AF8069841E7F8
:104960001368464813F0200F03D01368C3F3C10344
:10497000D8404FF09009424B09FB05F904EB0901BF
:104980004A6AD1F8048033F8122008EB4801B0FBE2
:10499000F2F38B42FFF4EEAEB3EB083F3FF6EAAE24
:1049A0000023002114F046FD42460F0200230602B8
:1049B00047EA10674FEA5800301847F1000114F039
:1049C00039FD304BA0F540729A423FF6D3AE54F811
:1049D0000930D86009E72C48CBE7202B39D0402B91
:1049E00039D0102B7FF4C6AE284B24481A6812F039
:1049F000200F03D01B68C3F3C103D84090236B433F
:104A0000E1184A684E6A1E4931F81610B0FBF1F001
:104A100000EB5200B0FBF2F080B24FF6EF72A0F163
:104A2000100191423FF6A6AEE358D2E7FFF786FDAC
:104A300000283FF4DAAEE1E7FFF76EFDF8E702A8E1
:104A4000FCF77EF80398F3E705A8FBF7D1FF06987B
:104A5000EEE70D48D2E74FF40040CFE701904FF466
:104A600000114046FDF748FE019A00283FF453AF7D
:104A70000326304609B0BDE8F08300BF0090D003A4
:104A8000F8980108FFFC0F0000093D00004402589F
:104A900010B58AB0694602A8FFF7EEFBFFF74EFD9E
:104AA0003E4B0090D3F8E8203D4942F00802C3F89D
:104AB000E820D3F8E82002F008020192019A394A6E
:104AC000D1F88C409442FBD1D3F89020364C42F080
:104AD0000802C3F89020D3F8902022F00802C3F80F
:104AE00090204FF44073CB60304B079A23604FF017
:104AF000FF33E3602E4B002A4DD1B0FBF3F00023CF
:104B000001382361A3606060C4E9053394F83D3047
:104B100003F0FF020BB984F83C20244A022384F8F6
:104B20003D30136823F47C7313604FF0FF33D3627E
:104B300001239062536184F8483084F83E3084F851
:104B40003F3084F8403084F8413084F8423084F8B3
:104B5000433084F8443084F8453084F8463084F893
:104B6000473084F83D30134B134A9B68C3F8082143
:104B7000BFF34F8F114B4FF480225A6094F83E30B0
:104B8000012B01D1FBF7A4FC2268D36823F00203B8
:104B9000D3600AB010BD4000AFE700BF0044025828
:104BA0000064025800030080640E0024000C0040E2
:104BB00040420F0000ED00E00906000800E100E0BF
:104BC00000232DE9F04F04469BB0C366836039B1E2
:104BD0008B88A0F858308B89A0F85A300B68036096
:104BE0002368B04A934212D1002384F85030AE4B70
:104BF000D3F8E82042F40012C3F8E820D3F8E830F4
:104C000003F400131393139BA84BE3650BE0A84A2E
:104C100093427FD002F58062934200F08D80A54AD6
:104C2000934200F09B80A449B4F958000AF060F860
:104C3000A249B4F95A000AF05BF80421B4F958000B
:104C4000FDF756FB0421B4F95A00FDF751FB636DE3
:104C50000BB99B4B63659B4A1421656D12682368F1
:104C6000B2FBF5F24A43636011469869000401D52E
:104C70000139FAD1944E9549D6F88C008842FBD17F
:104C800088498B427CD18849D1F8900040F40010CB
:104C9000C1F89000D1F8900020F40010C1F8900005
:104CA00089494FF44070C860211D05EE101A9969BA
:104CB000090401D5013AFAD1854A95421AD1794AB7
:104CC000934202D10120FBF7E3FF2268784B9A421E
:104CD00002D10220FBF7DCFF22687E4B9A4202D110
:104CE0000420FBF7D5FF2268724B9A4202D10820BC
:104CF000FBF7CEFF7449754BD1F88C209A42FBD15B
:104D0000684B22689A42684B6AD1596D21F4405130
:104D100059656FE0012384F85030634BD3F8E820E5
:104D200042F48002C3F8E820D3F8E83003F48003AB
:104D30001493149B684B68E7022384F850305A4B55
:104D4000D3F8E82042F40002C3F8E820D3F8E830B2
:104D500003F400031593159B604B56E7032384F877
:104D60005030514BD3F8F42042F08002C3F8F420C5
:104D7000D3F8F43003F080031693169B584B44E7A6
:104D80004B498B4214D001F580618B421CD04949BC
:104D90008B4285D14449D1F89C0040F08000C1F895
:104DA0009C00D1F89C0020F08000C1F89C0077E7BF
:104DB0003D49D1F8900040F48000C1F89000D1F84E
:104DC000900020F4800069E73749D1F8900040F462
:104DD0000000C1F89000D1F8900020F400005DE7D9
:104DE00033498A4291D001F580618A428DD03149A0
:104DF0008A4240D0344B4FF44071D96094F845302A
:104E0000202BD8B21AD194F84430012B16D0242389
:104E100084F845306368196821F001011960196848
:104E200021F48051196019681960196841F0010175
:104E30001960002384F8450084F84430194B22F4AB
:104E40000061A6689942E76E174B03D018498A4261
:104E500040F083805B6D03F44053B3F5005F00F0D6
:104E6000FB810DD8002B43D0B3F5805F00F08D801F
:104E70001C4809F0DDFF996D21F440719965B9E78F
:104E8000B3F5405FF4D1002E00F08880AF4244D0EB
:104E90001548164B00221A60002840F08280002638
:104EA0003BE000BF00540040004402581F002000B7
:104EB00000580040001C00585C980108C097010889
:104EC000A086010000000024006402580003008056
:104ED00040420F00005C00402100220048004900D1
:104EE0005F0060008F95010800093D00FC0D002463
:104EF000FFF724FB0EB1AF420FD0924B9842C8D1BE
:104F0000914B9D4200F0A481904B9D4200F0A28104
:104F10008F4B904E9D4218BF00260123A6600026AD
:104F200015EE100AE566E660C4E90436C4E90866D1
:104F3000C4E90666FCF72CF84FF0007384F8716042
:104F4000656584F87260E56684F8646084F8706072
:104F50002366A6661BB0BDE8F08F7F498A421BD14D
:104F60009B6D03F44073B3F5007F13D005D84BB1AC
:104F7000B3F5807F09D079487BE7B3F5407FFAD15C
:104F80007748B7E7FFF7B6FAB4E717A8FBF730FDA5
:104F90001998AFE77348ADE773486AE7734B7048F9
:104FA0001E60002D3FF47BAFA5F59C3349F64042CF
:104FB000803B934261D9A5F59C236D4AA3F500730C
:104FC00093425DD9A5F543235F4AA3F5A0639342BD
:104FD0003FF665AF4FF0020C664A2C264FF0100BDF
:104FE00002EB5003B3FBF0F30193634B06FB0C366B
:104FF000736AA3F132010493019B03EB4303C91AC3
:10500000336A029321EAE1713369029876691B1AC7
:1050100001980591A3F58273A3EB8003029823EA1C
:10502000E3733044019E0693002303909A46194689
:10503000B1464FF0000E0398CDF81CE00EF1010EC2
:10504000484529D80027B8460598B8421ED8069882
:10505000B8421BD35B4519D0142000FB01FB474825
:10506000013100EB0B0A40F80B307F290798CAE9A1
:10507000010808D93D4B19601AE04FF0000CABE76E
:105080004FF0010CA8E79B464FF0010A08F1010818
:105090003744B8F1100FD7D1BEF1100FB144CAD1C7
:1050A00001330198102B0644C2D1BAF1000FE1D1AF
:1050B0002C2331494FF0000A03FB0CFC01EB0C03DD
:1050C00051F80C1002EB51060993B6FBF1FB59683D
:1050D000CDF81CB0B2FBF1F10C919968049BB2FBC6
:1050E000F1F20D924FF0FF31204A039112680199BD
:1050F0000F92019A03EB8103029952000B44323262
:10510000119308921D4A0F9B9A4539D1039B7F2B1F
:105110003FF6C5AE039A142318495343CA18CB5817
:10512000167C46EA037653681B0503F470031E439E
:1051300093681B0403F470231E43D3681B029BB2C5
:105140001E43EAE6000E2707801A060040420F00C1
:10515000A08601007656E140001C0058AC9501087D
:1051600000093D000090D003C7950108FC0D002404
:105170000071020000CA9A3B14970108FC03002446
:1051800001994FF0000E1368049803FB011309996D
:10519000089F8969C71902980E9108990744591800
:1051A000A7EB0B070691F8181199069EABEB0101CE
:1051B0001090A1EB43010E98CDF82CE00EF1010EFA
:1051C000B0423BD2A6F132070198B0EB970F35D22F
:1051D000A1F16400DDF818904FF0000805901098D8
:1051E00000EB060C0BEB0C070D98CDF8288008F1AE
:1051F0000108B84219D80C98B84216D30998C76963
:105200004F4512D8019848450FD2059810EA2C0056
:1052100038BF604607460798874206D20B98079723
:1052200010610A98CDF80CA0D0600598B8F5807F81
:1052300099449C44A0EB03000590D3D1BEF5807F38
:105240001E44A1EB0301B6D10AF1010A14325AE758
:10525000044E62E6044E60E60448002E3FF419AEA8
:1052600049E600BF3414C1203615C3000090D003B6
:10527000F7B504460F460AF06EFFD4F8905004F1DB
:10528000300635F000751AD14FF00073304684F8BF
:105290009450C4F89030FBF7B7FA01463046FBF75C
:1052A000E5FA94F87530202B0CD06FF001052046FC
:1052B0000AF049FFA81E18BF012003B0F0BD434803
:1052C00009F0B6FD94F87430012BEED00123D4F828
:1052D0009020A76584F87430212384F8753010235A
:1052E00084F876300223A567A4F85E30384B226636
:1052F000A366B4F85E309BB2FF2B19D9FF23A4F844
:105300005C304FF08073616E112904D1AA2A02D05B
:10531000B2F52A4F19D1226EAA2A0FD10022226695
:10532000B4F85E2092B2FF2A00D8236E294A0DE01D
:10533000B4F85E30A4F85C30236EE4E7226EB2F578
:105340002A4FEDD14FF00072E9E7002200921021C0
:1053500094F85C2004F13400FBF70CFD00231E4A96
:1053600084F87430A36E934203D01C4A934218BF52
:10537000F225626B13681D43194B15601D68D4F844
:105380008430B5FBF3F35A255D4394F8943013F061
:105390001E0F01D1013D12D1B4F98E10B4F98C0069
:1053A000FDF7AAF80846FDF7A7F81DB194F8943068
:1053B000082B08D000213046FFF702FC75E70120DA
:1053C000FCF788FFE1E7022571E700BFDD950108E2
:1053D000775A000800200080995B0008ED5600080D
:1053E00000000024F8B590F841300446602B4FF0DF
:1053F000000317D1202280F84030B0F95A1080F80D
:105400004120026803631368B0F9580023F0FE03DB
:105410001360FDF771F80846FDF76EF8022384F873
:105420006030F8BD90F86C60071F036380F840306F
:1054300006B18668656C0021384615F0040518BF72
:105440001425FFF7BDFB86B102232046A66084F831
:105450006C30FBF79DFD3846FBF7D6F90146384620
:10546000FBF704FA2046FBF749FD45F00205EDB2D3
:1054700084F86050D5E7806B836B0BB100221A650E
:10548000C36B0BB100221A65FFF7ACBF70B5344A8D
:10549000002590F84130044680F84250283BC26213
:1054A0004585426C022B41EA0201416428D8032160
:1054B000FBF706FC282380F841302A4BA06B63637E
:1054C000236B78B3112B01D0212B2BD123681A68C1
:1054D000510403D51A6822F480421A6090F83530DE
:1054E000012B1AD0204B0365002384F84030FBF7D2
:1054F00099FD002833D0A06B036DBDE870401847BC
:1055000048F20301FBF7DCFB90F84130602B02D03E
:10551000202380F841300023D0E72046BDE87040CA
:10552000FFF760BFE06B0028F7D0122B01D0222BD1
:10553000F3D123681A68120403D51A6822F40042D2
:105540001A6090F83530012BE7D0074B0365002334
:1055500084F84030FBF766FD08B1E06BCCE770BD26
:105560000000FFFF7958000877540008F8B5036879
:10557000202204460E461F6890F84150DA6105F07B
:10558000F705212D73D148F20101FBF799FB256343
:10559000236820465A6842F400425A605A6822F052
:1055A000FF7222F48B3222F4FF7222F001025A6061
:1055B000FBF76AFC79045FD52268136823F4804303
:1055C0001360A36B2BB31B68464A93421ED018325C
:1055D00093421BD01832934218D01832934215D000
:1055E0001832934212D0183293420FD0183293429D
:1055F0000CD01832934209D002F55672934205D06E
:105600001832934202D018329342FFD05B689BB2AB
:105610006385730710D5236826F004065A6A636A07
:105620001A70636A01336362238D2BB1013B2385BA
:10563000638D013B9BB26385638D9BB21BB1636C31
:1056400043F004036364002384F84230656C6363B1
:10565000DDB1616C2046FFF719FF94F84130282B2B
:105660003FD131462046BDE8F840FBF75BBC222D18
:105670008ED148F2020188E73A04CAD5226813683D
:1056800023F400431360E36B9CE7E36A13F5803F68
:1056900015D02046FBF7ECFD134B84F84050E36235
:1056A000202384F8413094F86C302563022B01D11B
:1056B00084F86E502046BDE8F840FBF71FBC94F814
:1056C000413084F84050222B4FF0200384F84130C1
:1056D000256304D12046BDE8F840FBF757BD84F8A8
:1056E0006D50F8BD100002400000FFFFF8B590F8C3
:1056F000403004460E461546012BC76A00F0B780BD
:1057000001238A0680F8403003D5AB0601D5FFF7A8
:105710002DFFF20640F1A380EB0640F1A080E90BDB
:10572000A80B41EA9535ED0740F19580E26B52B345
:1057300011F0010326D013684E4A93421ED018324E
:1057400093421BD01832934218D01832934215D08E
:105750001832934212D0183293420FD0183293422B
:105760000CD01832934209D002F55672934205D0FC
:105770001832934202D018329342FFD05B68B3FADA
:1057800083F35B091A46A36B4BB3C10727D51B688C
:1057900038498B421ED018318B421BD018318B42B6
:1057A00018D018318B4215D018318B4212D01831D5
:1057B0008B420FD018318B420CD018318B4209D05C
:1057C00001F556718B4205D018318B4202D0183149
:1057D0008B42FFD05B68B3FA83F35B090BB9012AF4
:1057E0001FD194F84130282B0AD1B7F1007F07D19F
:1057F00031462046FBF796FB002084F84000F8BDB8
:1058000094F841202368292A4FF01002DA61F3D17D
:1058100017F5803FF0D02046FBF736FBFBF728FD5D
:10582000EAE723681022DA6137F08072636C43F094
:105830000403636494F84130DBB2DDD103F0F70375
:10584000212B01D1236301E0222BFBD0616C204688
:10585000FFF71CFED0E723681022DA61CCE732079D
:10586000CAD52B07C8D52046FBF74BFAC4E7022060
:10587000C5E700BF10000240F8B590F8403004467C
:105880000D461646012BC76A7DD001238A0680F893
:10589000403003D5B30601D5FFF768FEE80634D5DE
:1058A000F10632D5638D9BB203BB94F84130282BAF
:1058B0000AD1B7F1007F07D129462046FBF732FB1A
:1058C000002084F84000F8BD94F841202368292A7C
:1058D0004FF01002DA61F3D117F5803FF0D0204687
:1058E000FBF7D2FA2046FBF7C3FCE9E72368102256
:1058F000DA61636C43F00403636437F08073DFD1D3
:10590000616C2046FFF7C2FDDAE76A071AD5730714
:1059100018D5638D9BB26BB123685A6A636A1A709B
:10592000636A01336362238D013B2385638D013BF1
:105930009BB26385638D9BB2002BC1D117F5803F6D
:10594000BED0CFE7280705D5310703D52046FBF7A2
:10595000D8F9B5E7AA07B3D5B307B1D5638D9BB224
:105960006BB1636A226813F8011B91626362638DF5
:10597000013B9BB26385238D013B2385A0E737F074
:105980008073AFD09CE702209DE737B503682022E3
:1059900004460D46DA6190F84130212B37D10121C0
:1059A000FBF78EF9112323632368E9065A6822F076
:1059B000FF7222F48B3222F4FF7222F001025A604D
:1059C0004FF000026263A2F58032E26205D5102238
:1059D000DA61626C42F00402626494F84120602A49
:1059E00005D16A0703D55B6ADBB20193019B2046B0
:1059F000FBF74AFA636C94F84120602A00D07BB12F
:105A0000616C204603B0BDE83040FFF73FBD90F821
:105A10004130222BC8D10221FBF752F91223C2E7F1
:105A200094F84120212A12D1202284F8403084F8B1
:105A30004120236394F8422084F84230402A01D167
:105A400003B030BD03B0BDE83040FBF7A7B994F810
:105A50004120222AF4D1202284F8403084F84120C9
:105A6000236394F8422084F84230402AE8D0082387
:105A700084F86030E4E773B590F8403004460D4692
:105A80001646012B00F086800123CA0680F84030BC
:105A900017D5F30615D503681022DA61436C43F07D
:105AA00004034364FBF7F0F9AA0605D5B30603D552
:105AB00029462046FFF769FF002084F8400002B025
:105AC00070BD680712D5710710D5236825F004054D
:105AD0005A6A636A1A70636A01336362238D013BF9
:105AE0002385638D013B9BB26385DDE7AA0707D55C
:105AF000B30705D5636A226813F8011B9162ECE7CE
:105B0000280632D5710630D5638D22689BB203B367
:105B1000208DF0B95168638DC1F309019BB2FF2B51
:105B200008D9FF224FF08073009022852046FBF7B2
:105B300021F9B9E7628DE36A92B213F5803F2285BD
:105B4000D2B202D0E36A0090F0E74FF00073009009
:105B5000ECE753689A0103D42046FBF7A3F9A3E7C7
:105B600040212046FFF792FC9EE76B069CD570060D
:105B70009AD5638D9BB2002BF2D123685A689101AC
:105B800092D4E26A12F5803FE6D15A6842F480422C
:105B90005A6089E7022092E713B590F84030044636
:105BA000012B00F08780012380F84030CB061ED502
:105BB000D0061CD5102322683F49D361636C43F0A3
:105BC00004036364636B8B420FD03C498B420CBF70
:105BD00060232023116820460B431360FBF754F920
:105BE000002084F8400002B010BD6023F2E70B06ED
:105BF00043D5500641D523681A6822F040021A6046
:105C0000628D92B26AB35968638DC1F309019BB288
:105C1000FF2B1BD9FF2323854FF0807300222046E2
:105C2000009294F82820FBF7A5F8638D228D9B1A2B
:105C30009BB2638594F84130222B23681A680CBF0D
:105C400042F4004242F480421A60C9E7638D238522
:105C5000E36A13F5803F01D0E36ADFE74FF000739A
:105C6000DCE75B689A0103D42046FBF71BF9B7E732
:105C700040212046FFF70AFCB2E74B0612D550063A
:105C800010D5638D9BB2002BF2D123685A68920124
:105C9000A6D4E26A12F5803FE6D15A6842F4804207
:105CA0005A609DE788069BD5930699D52046FFF755
:105CB0006CFE95E7022096E7995B0008ED56000818
:105CC000036899691A6810B4CC0508D5140606D57E
:105CD000446C44F0010444644FF48074DC614C056E
:105CE00008D5140606D5446C44F0080444644FF407
:105CF0008064DC61890508D5120606D5426C42F045
:105D0000020242644FF40072DA61416C11F00B0F31
:105D100003D05DF8044BFFF7B9BB5DF8044B704747
:105D2000054B07B518680190FBF7E0F8019803B040
:105D30005DF804EBFFF7C4BF1C100024054B07B54A
:105D400058680190FBF7D2F8019803B05DF804EBB6
:105D5000FFF7B6BF1C100024054B07B598680190EB
:105D6000FBF7C4F8019803B05DF804EBFFF7A8BF98
:105D70001C100024054B07B5D8680190FBF7B6F856
:105D8000019803B05DF804EBFFF79ABF1C100024E4
:105D9000854A136803F00F038B422DE9F041044656
:105DA0000D46C0F0888023685F0700F192801E07CF
:105DB0000BD57E496669C86900F07000864204D937
:105DC000CA6922F070023243CA61D8060BD57749FE
:105DD000A669C86900F4E060864204D9CA6922F461
:105DE000E0623243CA6199060BD57049E669086AD8
:105DF00000F07000864204D90A6A22F07002324331
:105E00000A629A070BD56949E668886900F00F00B5
:105E1000864204D98A6922F00F0232438A61DF0781
:105E200065D423689E0700F197805F490A6802F0F5
:105E30000F029542C0F09E80580700F1A680190716
:105E40000BD55A496569C86900F07000854204D2D3
:105E5000CA6922F070022A43CA61DA060BD5534997
:105E6000A569C86900F4E060854204D2CA6922F4D9
:105E7000E0622A43CA619B060BD54C4AE069116A6D
:105E800001F07001884204D2136A23F070030343C7
:105E90001362FEF71BFA454A93699269C3F3032321
:105EA000434AD35C03F01F03D840424B1860FEF70F
:105EB000EFFD00200BE0136823F00F030B4313608A
:105EC000136803F00F038B423FF46DAF0120BDE870
:105ED000F08136492669886900F0700086427FF6B5
:105EE00066AF8A6922F0700232438A615FE72F4B06
:105EF000A1689A6922F470620A439A6162681B6819
:105F0000022A1CD113F4003FE0D0284E41F2883819
:105F1000336923F0070313433361FCF737FB07466C
:105F20003369626803F03803B3EBC20F3FF479AF13
:105F3000FCF72CFBC01B4045F2D90320C7E7032A1E
:105F400002D113F0007FDFE7012A02D113F4807F32
:105F5000DAE713F0040FD7E71449E668886900F020
:105F60000F008642BFF461AF8A6922F00F0232430C
:105F70008A615AE70A6822F00F022A430A600A6817
:105F800002F00F029542A1D156E7084925698869B8
:105F900000F070008542BFF452AF8A6922F07002AF
:105FA0002A438A614BE700BF002000520044025898
:105FB0000497010800000024F8B503680446D807D8
:105FC0005FD42368990700F1B1802368DA0628D5E9
:105FD000AC4B1A69996A02F03802082A07D0182ACD
:105FE00040F0118101F00302012A40F00C811B688E
:105FF000DB0502D5E369802B56D1A34B216A1A68D1
:1060000041F20303B3EB124F9E4BC0F0F5805A6888
:10601000202922F0F8420CBF42F0804242EA81621D
:106020005A602368190700F1338123689A0600F14A
:10603000548123685D071ED5944D2B6843F480730B
:106040002B60FCF7A3FA06462B68DA0540F16A815B
:10605000A3688C4D012B40F06C812B6F43F0010342
:106060002B6741F28837FCF791FA864E0546336F6D
:106070009B0740F18481606A002840F087810020FE
:106080002AE0804B1A69996A02F03802102A05D07A
:10609000182A0BD101F00302022A07D11B689A03C8
:1060A0008FD56368002B8CD1012015E06268B2F5B2
:1060B000803F12D11A6842F480321A60FCF766FA07
:1060C000704E054633689B033FF57BAFFCF75EFAE5
:1060D000401B6428F6D90320F8BD6A4D2B689AB995
:1060E00023F480332B602B6823F480232B60FCF790
:1060F0004DFA06462B689F037FF563AFFCF746FA1F
:10610000801B6428F6D9E6E7B2F5A02F07D143F447
:1061100080232B602B6843F480332B60CEE723F47D
:1061200080332B602B6823F48023F6E7554B1A69E4
:10613000996A12F0380203D0182A20D18E071ED196
:106140001B685D0702D5E368002BADD04E4B21697B
:106150001A6841F20303B3EB124F4A4B5A6809D352
:1061600022F47C3240290CBF42F4003242EA013270
:106170005A602AE722F0FE4242EA0162F8E7E1684B
:106180001A6841B322F019023E4D0A431A60FCF727
:10619000FDF906462B68580712D53B4B2269196852
:1061A00041F20303B3EB114F6B680FD323F47C333D
:1061B000402A0CBF43F4003343EA02336B6004E728
:1061C000FCF7E4F9801B0228E4D984E723F0FE43BE
:1061D00043EA0263F2E722F001022A4E1A60FCF75A
:1061E000D5F90546336859077FF5EFAEFCF7CEF9D0
:1061F000401B0228F6D96EE7DA6822F07C5242EAA8
:106200000162DA600DE7E26952B31A681D4D42F08F
:1062100080021A60FCF7BAF906462B68DF0512D532
:10622000194B226A196841F20303B3EB114F10D3E3
:106230006B68202A23F0F8430CBF43F0804343EA05
:1062400082636B60EDE6FCF7A1F9801B0228E4D9BC
:1062500041E7EB6823F07C5343EA0263EB60E0E63E
:106260001A68084E22F080021A60FCF78FF9054682
:106270003368D8057FF5D5AEFCF788F9401B0228B6
:10628000F6D928E7004402580010005C0048025884
:106290006369964D83B16B6F43F001036B67FCF745
:1062A00075F906466B6F9B073FF5BFAEFCF76EF9BD
:1062B000801B0228F6D90EE76B6F23F001036B6792
:1062C000FCF764F906466B6F9F077FF5AEAEFCF7EF
:1062D0005DF9801B0228F6D9FDE6A369834D83B1E1
:1062E0002B6843F480532B60FCF750F906462B686B
:1062F00098043FF59EAEFCF749F9801B0228F6D9B9
:10630000E9E62B6823F480532B60FCF73FF906463F
:106310002B6899047FF58DAEFCF738F9801B0228B5
:10632000F6D9D8E6FCF732F9801B64287FF68CAEEC
:10633000D1E6B3B92B6F41F2883723F001032B6705
:106340002B6F23F004032B67FCF720F906462B6F15
:1063500098077FF590AEFCF719F9801BB842F6D983
:10636000B9E6052B2B6F03D143F004032B6774E6CA
:1063700023F001032B672B6F23F0040370E6FCF777
:1063800005F9401BB8427FF672AEA4E6574D2B6963
:1063900003F03803182B7AD02B68022823F080737F
:1063A0002B6067D1FCF7F2F806462B6899015BD4A5
:1063B000AB6AA26A23F47C7323F003031343E26AFB
:1063C00043EA0213AB62636BA26B013B013A5B02CF
:1063D00012049BB202F4FE021343226B013AC2F391
:1063E00008021343E26B013A120602F0FE42134325
:1063F0002B63EB6A23F00103EB626B6BA26C23F45B
:106400007F4323F0F80343EAC2036B63EB6A226C19
:1064100023F00C031343EB62EB6A626C23F002037C
:106420001343EB62EB6A43F48033EB62EB6A43F4B1
:106430000033EB62EB6A43F48023EB62EB6A43F0D8
:106440000103EB622B6843F080732B60FCF79EF82E
:10645000264D04462B689A013FF511AEFCF796F8DD
:10646000001B0228F6D936E6FCF790F8801B0228BC
:106470009BD930E6FCF78AF804462B689B017FF530
:10648000FEADFCF783F8001B0228F6D923E60128AD
:10649000AA6A2B6B3FF420AE02F00301A06A81428E
:1064A0007FF402AEC2F30512E16A8A427FF4FCADCA
:1064B000226BC3F30801013A91427FF4F5AD626BA0
:1064C000C3F34621013A91427FF4EEADA26BC3F3D0
:1064D0000641013A91427FF4E7ADE06BC3F30663F6
:1064E0000138181A18BF0120F6E500BF0044025811
:1064F0002C4B4FF4165210B59A60C4B01A682A4B50
:106500009A424CD10021BC2215A8042410F03EFE72
:10651000264B1494196F11F0020113D1482202A8DE
:1065200010F034FE0123019403930A93204C214B75
:10653000D4F88C209A42FBD101A8FFF73DFD4FF41F
:106540004073E360194B1B6F9B0710D5184C194B18
:10655000D4F88C209A42FBD1052314A83993FDF777
:10656000B7F94FF44073E360FDF7FAFF38B1012348
:1065700014A83993FDF7ACF9FDF7F2FF08B944B060
:1065800010BD00230A4C39930A4BD4F88C209A4250
:10659000FBD114A8FDF79CF94FF44073E360FDF7BD
:1065A000DFFFECE76C120024000C00580044025896
:1065B000006402580003008030B5C5B048220021B5
:1065C00002A810F0E3FDC022002114A810F0DEFDA7
:1065D0004E4B1A68002A40F0968001224C4D1A60FA
:1065E0004C4A136843F4807313604B4BD5F88C20EE
:1065F0009A42FBD1082301A8019300230A930123A7
:106600000693FFF7D9FC10B1444808F011FC444C44
:1066100014A8236923F47C532361236F43F400738C
:1066200023674FF4800314934FF400734193FDF7F5
:106630004FF908B13B48E8E74FF440737F21F92256
:10664000EB60236F43F400432367374C374B84F8E8
:1066500021002360606020616061C4E9021294F847
:106660002120C4E9060002F0FF010AB984F82010D5
:10667000022284F82120CA225A6253225A62FCF76D
:10668000B7F808BB22682069936823F4E00323F07D
:1066900040039360636891680343A06903430B431D
:1066A0009360D4E9021343EA01431361FCF77AF8DB
:1066B00050B922686569D36C23F00303D364E3699E
:1066C000D16C2B430B43D3642368FF255D6240B933
:1066D000012194F820208A4284F8211003D1144823
:1066E00093E7144891E7022284F82120CA225A62D3
:1066F00053225A629A6842F020029A605D6284F8DE
:10670000200084F8211045B030BD00BF3C0E0024AD
:1067100000640258004802580003008003960108F4
:106720000044025823960108400E002400400058FF
:10673000679601084C960108764B70B51C68C4B08A
:106740001CB1FBF7EDFE44B070BD0125C02221460F
:1067500014A8714E1D6010F019FD4C22214601A8AD
:1067600010F014FD337833B304230A940193052306
:106770000393802314934FF4C0433C936749684BC1
:10678000D1F88C209A42FBD101A8FFF715FCD8B1B3
:106790000023082201A833700A938023019201226A
:1067A00014934FF4004306923C93FFF705FC58B155
:1067B0005C4808F03DFB08220A938023069501926D
:1067C00014934FF40043D8E714A8FDF781F808B1FB
:1067D0005548EEE7554B4FF6FF755549D3F8F42071
:1067E00042F40062C3F8F420D3F8F42002F400620B
:1067F0000092009AD3F89C2042F40062C3F89C20D7
:10680000D3F89C2022F40062C3F89C20D3F8A8207F
:1068100042F40062C3F8A820464A136843F4801388
:106820001360136C23F4801313644FF440723B4BDA
:10683000DA604FF48022404B83F8360093F83640FC
:106840001960D8611863C3E90552C3E901001A460B
:10685000C3E90300C3E90800C3E90A000B460CB909
:1068600082F835000224354982F83640DD68294037
:10687000D9600123324982F83630324B9B68C3F825
:106880007012BFF34F8F1368996841F0010199604E
:10689000996841F008019960516882F836400129F1
:1068A00007D0916AB1F5000F03D1D96821F4606176
:1068B000D960196944F6206441F001011961102181
:1068C00059604FF6FF7199611F490968B1FBF4F4F3
:1068D0004FF47A71614301391C6808BF0320E40654
:1068E00001D40029F7D1032806D0196941F0040129
:1068F0001961012182F8361008225A6000225A617B
:106900001A681207FCD508225A6001220F4B1A7030
:1069100019E700BF000E002440190024006402584B
:1069200000030080819601089A96010800440258ED
:10693000002C005890000058040E0024FEF119FFAE
:106940000919000800ED00E00000002431100024C7
:1069500090F8BC230368012A21D0012280F8BC23CF
:10696000826A012A06D18269012A03D09A6B42F415
:1069700080329A639A6842F001029A60D3F8002E3E
:1069800022F00302C3F8002ED3F8042822F00202FA
:10699000C3F80428002380F8BC331846704702204F
:1069A000704700002DE9F74F0023DFF8BC81DFF8C6
:1069B000BCC14FF0B0490A6832FA03F402D103B007
:1069C000BDE8F08F01279F403A4000F0B6804C6848
:1069D0004FEA430E032524F0100A05FA0EF50AF1DA
:1069E000FF36ED43012E10D8866806EA050BCE6807
:1069F00006FA0EF646EA0B068660466826EA0707A0
:106A0000C4F300169E4037434760C768BAF1020FCF
:106A10008E6807EA050706FA0EF646EA0706C6601C
:106A200014D14FEAD30A03F0070B0F2700EB8A0AB1
:106A30004FEA8B0BDAF8206007FA0BF726EA070714
:106A40000E6906FA0BF63E43CAF820600668354028
:106A500004F0030606FA0EFE4EEA05050560E500A1
:106A60006BD5D8F8F45023F0030603F003074FF07A
:106A70000F0E45F0020506F1B046BF00C8F8F4500D
:106A800006F58066D8F8F45005F002050195019DE1
:106A90000EFA07F5D6F808A02AEA050E314DA842ED
:106AA0004DD005F58065A8424BD005F58065A8421C
:106AB00049D005F58065A84247D005F58065A84214
:106AC00045D005F58065A84243D005F58065A8420C
:106AD00041D005F58065A8423FD005F58065A84204
:106AE0003DD005F58065A8420CBF09250A25BD40AB
:106AF000E70345EA0E05B5606FEA0206DCF80050D0
:106B000054BF35401543A703CCF80050DCF80450BF
:106B100054BF35401543E7024FF0B047CCF804505E
:106B2000D9F8005054BF35401543A4023D607D683C
:106B300054BF35401543C9F8045001333BE70025E5
:106B4000D5E70125D3E70225D1E70325CFE70425C3
:106B5000CDE70525CBE70625C9E70725C7E70825C3
:106B6000C5E700BF000002580044025880000058EA
:106B70000A4BDA6842F00102DA60DA68D2070BD514
:106B8000D3F80C2142F00102C3F80C21D3F80C0118
:106B9000C04300F001007047012070470020005200
:106BA000104BDA68D20706D40E4BD3F80C0110F064
:106BB00001000AD170470C4A5A6002F188325A60CB
:106BC000DB68DB07F0D501207047074AC3F80421D2
:106BD00002F18832C3F80421D3F80C0100F001005F
:106BE000704700BF002000522301674538B50446B6
:106BF000FBF7CCFC05460134FBF7C8FC431BA34262
:106C0000FAD338BDF0B5A5B020220021044609A86A
:106C100010F0BCFA4C22002111A810F0B7FA564B24
:106C20009B6A03F00303022B34D0534B0227534ECD
:106C30000025D3F8E02004A9304642F08002C3F8D2
:106C4000E020D3F8E030079503F080030393039B23
:106C50000123CDE904730693FFF7A4FE0A20FFF792
:106C6000C5FFB761FBF7C4FC454BF4B90194DA6A80
:106C700022F00102DA62DB6A03F001030193414B67
:106C80009A6942F440429A619B6903F4404301933C
:106C9000019B1FE0012109A8CDE90911FFF778F850
:106CA0000028C2D0002025B0F0BD0295DA6A22F09B
:106CB0000102DA62DB6A334A03F00103029393694B
:106CC00023F4404343F480439361936903F44043C6
:106CD0000293029B2B4A93699D04FCD521214FF41A
:106CE000A0230522002C4FF0080511A81C920CBF10
:106CF000A02228222195CDE9111301231D92002203
:106D00001793022323921E9320932292CDE91A33E4
:106D10000A231F93FFF750F901460028C2D13F22F2
:106D20000323CDE9092340234FF48062CDE90B050D
:106D3000CDE90E320D931093E4B109A8FFF728F8BE
:106D40000028AFD10C4B01201A6842F080021A6073
:106D5000D3F8F42042F00202C3F8F420D3F8F43060
:106D6000074A03F002030093009B136A43F00103F8
:106D7000136298E70421E0E700440258001C02581F
:106D8000000400580048025808B50120FFF73AFFF8
:106D900010B9024808F04CF808BD00BFBB960108C6
:106DA00073B505460C200E46019207F0E7FA002362
:106DB0002946019A0446C0E90133074B0360FAF7FC
:106DC00063FB054630B1236820465B689847284638
:106DD00002B070BD3460FAE7149A010873B5054635
:106DE0000C200E46CDE9003207F0C8FA0021044617
:106DF000C0E901110849DDE9003201602946FAF7CE
:106E0000E5FA054630B1236820465B689847284676
:106E100002B070BD3460FAE7409A010803682DE9BA
:106E2000F041DB6E04460D469847804640F2011063
:106E300007F0A4FA2368002706461B6F2946204660
:106E4000984723683246294620465B6E98470028BB
:106E500001DD0137F5E723684246294620469B6E4F
:106E60009847304610F02CF93846BDE8F081000014
:106E700010B50446EFF3058313B16FF0050010BDA4
:106E800008F0DEF90028F8D120464FF0FF31DFF896
:106E900008C000DFF3E700BFE9CE00080368013354
:106EA000036000207047F7B5089F0E460468194636
:106EB000C0690023256800970027E0FB06232046D1
:106EC00001976D69A84703B0F0BDF7B5089F0E465E
:106ED00004681946C0690023256800970027E0FB75
:106EE000062320460197AD69A84703B0F0BD37B52A
:106EF0000468C36900202268009301902046D56988
:106F0000A1FB0323A84703B030BD006803681B69D9
:106F10001847002807DC10F1160F04DA10F1340FBF
:106F200008BF6FF08900704770B50A440E4E0368C1
:106F300093FAA3F393FAA3F30360914212D011F8EA
:106F4000014B84EA030505F00F0556F8255085EA44
:106F5000131383EA141404F00F0456F8244084EA4F
:106F60001313EAE7036070BD789D010843798279C5
:106F70000433C0791344184470470B6810B5046893
:106F80009C4209D040684A68904205D0944203D0A0
:106F9000181A18BF012010BD0020FCE70368013358
:106FA00004D04068431C5842584170470120704744
:106FB00003681A6AC36AD31A1944B1FBF2F302FBDD
:106FC0001311036B8B4210B50BD94C09C26B012313
:106FD00001F01F0103FA01F152F824300B4342F88B
:106FE0002430002010BD036808461847036910B517
:106FF000044613B150F8041B9847204610BD38B51D
:10700000036804460D46DB6F984723682D692046C8
:10701000D3F880309847284638BD38B50368044611
:107020000D46DB6F98472368ED682046D3F8803023
:107030009847284638BD38B5036804460D46DB6FCF
:10704000984723686D692046D3F8803098472846D2
:1070500038BD03680122D3F88430184708B5064BC1
:1070600053F820000368DB6A984780B2B0F5007FD0
:1070700038BF4FF4007008BD981A002473B5104E45
:1070800005460C4656F82030BBB1FFF7E7FF2368F2
:107090006468024656F8250001340168E41AA4FB2E
:1070A0000245A2FB0323CDE90045096A8847002871
:1070B00014BF0420002002B070BD0320FBE700BF16
:1070C000981A00242DE9FF4716461C468046DFF833
:1070D00044900391FFF7C2FFA0FB0667A0FB0445A5
:1070E00059F8280032460368CDE90045D3F81CA0C2
:1070F0003B46D04750B959F82800324603990368F7
:10710000CDE900459C693B46A04700B1042004B08E
:10711000BDE8F087981A00247FB5164605461C4640
:107120000391FFF79BFF0A4A0346039952F8250093
:10713000A3FB04450268CDE900455469A3FB06237F
:10714000A047002814BF0420002004B070BD00BF79
:10715000981A00240A4B37B5044653F820000368F8
:107160009B6B9847054620460191FFF777FF002368
:1071700002460199284612F05DF903B030BD00BF08
:10718000981A002413289ABF014B185640427047A2
:10719000E29B0108036800229B6F184702461F4BC1
:1071A0001F4980B2B2F5805F28BF0B46F0B51C1DA9
:1071B00034F8043C2146ABB1984213D334F8025C56
:1071C0002E12EFB253FA85F5AA4221DA082E09D819
:1071D000DFE806F005090F11131517191B00D31A64
:1071E00034F81300F0BDC31A03F00103C01A80B2D3
:1071F000F8E71038FBE72038F9E73038F7E71A38B6
:10720000F5E70830F3E75038F1E7A0F5E350EEE793
:107210000434002ECCD101EB4703C8E7509F01088E
:1072200042A101080749002310B531F8024B9AB278
:10723000844203D00133802BF7D11A4602F180003B
:10724000C0B210BD769C010813128A76CB76037803
:10725000032B01BF120C0A7512124A7570470328DE
:10726000CA7E8B7E08BF487D43EA022302BF0A7DA7
:1072700042EA002243EA02431846704760B10368BD
:107280005BB11A785AB18088DA88904216BF09201B
:10729000002000230B60704703460920FAE709200D
:1072A0001346F7E7026810B504465AB1114611F8C3
:1072B000013B1F2B11D93A2BF9D11378303BD8B2AF
:1072C000092802D94FF0FF3006E002329142F9D18D
:1072D000032B1846F6DC216010BD0020FCE7036A92
:1072E0000239023B8B4283BF4389406B01FB0300A1
:1072F0000020704738B5C378044613B900252846E6
:1073000038BDD0E90E2101234078FFF7DBFE0546AA
:1073100080B9A16BE36A626ACB1AE0709342EDD246
:10732000A378022BEAD10A440123E16B6078FFF7CE
:10733000C9FEE4E70125E2E70B0A017043700B0C7C
:10734000090E8370C170704742884378007843EA21
:10735000022340EA032070472DE9F0470027D0F8C8
:10736000009006460C468F758369002B00F0A180C3
:10737000C36A013303D100232E251A4648E0B846DC
:107380003D4613E0B0F5803F2DD2FFF74BFFFF28BD
:10739000034626D9BAF1010F25D963190212D8750F
:1073A0009A7502231D44002002378046D9F8103018
:1073B000D85BC8B1B8F1000F05D100F5205292B2E8
:1073C000B2F5006FF0D340EA0840C5F1FF0A7F280C
:1073D000D8D883B2BAF1000F0FD062199375012388
:1073E000E0E70028F6D10025B8F1000F4FF00003C8
:1073F00018BF00252544AB75BDE75546F4E70B2BB8
:1074000003D81A46531C224451720B2814D002464A
:10741000F169501C895C2029F7D0052908BFE521B6
:107420000928ECD10B2BF2D804EB030703F101027E
:107430007D72E7D11346EAE7E21800215172A27D7E
:1074400012BBBBB16FF0080504F1090208202D1B27
:10745000AB1812F8011B81B12E298BB22BD0A3F1EE
:107460004101192904D8F169097B084200D0203371
:107470001373EDE73F23A3750123234400229A757C
:10748000F3691B7B03B96372F369DB7A03F03F0393
:107490002372F16901F11C00FFF756FF2060CA7DDD
:1074A0008B7D43EA0223E3804A7E0B7E43EA02237C
:1074B000A380BDE8F0871020DAE713B50C46A430AE
:1074C000019006F0CBFEA469019807F027FF204643
:1074D00002B0BDE81040FFF71CBD37B50D46A43023
:1074E000019006F0BBFEEB696C6913F4003F019854
:1074F00003D02B6A9C4238BF1C4607F00FFF204682
:1075000003B0BDE83040FFF704BD13B50C46A4300E
:10751000019006F0A3FE246A019807F0FFFE2046C2
:1075200002B0BDE81040FFF7F4BC10B50C4682690C
:10753000FF21A0680FF02AFE4FF0FF33236010BD3B
:1075400037B50546A4300C46019006F087FE05F1DC
:1075500024026B6A01981BB19C420DD12368136011
:1075600007F0DCFE14B120460FF0AAFD002003B0A6
:10757000BDE83040FFF7CDBC1A461B68EBE7036857
:107580009B6A10B5044613B9C0690FF099FD2368D2
:10759000DB6A13B9A06A0FF093FD23681B6B23B954
:1075A000E06BBDE810400FF08BBD10BD70B500F171
:1075B000A4060546304606F051FED5F8904064B169
:1075C00005F11400FFF7DBFFD5F890000368DB68D6
:1075D000984700230446C5F89030304607F09EFED9
:1075E000204670BD036873B50C46DB6F06469847AE
:1075F00001A92046FFF742FE054600B92060336826
:107600003046D3F88030984714B120460FF058FD2B
:10761000284602B0BDE87040FFF7B4BD08B10FF0D6
:107620004FBD704738B58B6A04460D460160CBB13B
:10763000C361EB6A13B3A36204F120012846FFF78C
:1076400074FF4FF0FF33636123681A6BEAB1E263A2
:1076500000204FF0FF33C4E90300C4E90133A4F86C
:10766000400038BD48690FF023FDE0610028E0D1FB
:107670002046FFF784FF6FF00B00F2E7A8690FF0D8
:1076800017FDA0620028D7D1F2E7586AC0080FF0B2
:107690000FFDE0630028DBD1EAE72DE9F341054661
:1076A0000191FFF727FE044680BB01992846FFF7AA
:1076B00016FE2146A8630746AA89E86B0FF066FD0F
:1076C0006C89AE897443B4F5004F28BF4FF4004471
:1076D000A6421DD220460FF0EBFC804638BB640862
:1076E000F6E72346BA1941466878FFF7EBFC18B96C
:1076F00026446B89B342F4D840460FF0E1FC688918
:10770000801B18BF012002B0BDE8F0810120FAE71C
:10771000EC6B00266B89B342F1D90123BA192146DB
:107720006878FFF7CFFC0028E9D10136F2E722465E
:1077300000210FF02BFDB4FBF6F40026D9E7000082
:107740000C4B03F10802883310B504460260436015
:10775000FFF72CFFD4F8A4000BF0DAF8064B204614
:1077600003F108023433226040F8043F08F082FB42
:10777000204610BDC09E0108589E0108A0F10400DB
:10778000FFF7DEBF10B50446FFF7DAFF20460FF023
:1077900097FC204610BDA0F10400FFF7F3BFF7B53A
:1077A0000C460968064617464B1C21D000688369C1
:1077B00000938568D4E90123A847054620B937B965
:1077C00021463068FFF7B1FE284603B0F0BD3368AC
:1077D000394630469B690193A3680093D4E900239E
:1077E000FAF70AFD002805DBEAD16FF03305EBE775
:1077F0000025E9E70546E7E72DE9F74F0C9C07462A
:107800000D4691469846DDF838A0BAF1000F03D135
:10781000504603B0BDE8F08F2B6838684345826955
:1078200028D16B68A34225D803EB020BA34521D9CD
:10783000ABEB040BE01AAB68D3450D99184428BF95
:10784000D3465A465C440FF093FC0D9B5B44AAEB75
:107850000B0B0D933B689A69B4FBF2F302FB1343E5
:1078600033B94A4629463846FFF799FF0028D0D158
:10787000DA46CAE7B4FBF2F302FB13434BBB924573
:1078800027D34146BAFBF2F302FB13AB2246AAEB25
:107890000B0ACDF800A083681E460D9BB047002858
:1078A000B7D1B9F1000F04D10D9B544453440D934B
:1078B000DEE70D9B42464946384600932346CDF805
:1078C00004A0FAF799FC0028A3DBEDD16FF0330098
:1078D0009FE7E31AD346C5F800806B60C8E7000055
:1078E00008B5034808F09AF9BDE8084007F016BD4E
:1078F000B40F002408B5034808F090F9BDE808402B
:1079000006F0ACBCB40F002470B50446FFF7F2FCDF
:10791000054600283FD12378032B35D12679012E47
:1079200032D10146A289E06B0FF030FCE36B5522A7
:107930004121722083F8FE21AA2283F8FF215223DD
:10794000E26B137053706123D1709370E26B82F815
:10795000E73182F8E40182F8E50182F8E611E06B94
:10796000A16900F5F470FFF7E7FCE06B616900F5D1
:10797000F670FFF7E1FCA26A3346E16B01326078F2
:10798000A263FFF79FFB25716278034B53F8220037
:10799000B0FA80F0400970BD981A002437B51E482F
:1079A00008F03CF906F05AFCF8F748FE78B91A4896
:1079B00008F034F906F052FCFEF7FEFD002000212D
:1079C000FAF738FF144808F029F907F0A7FCF8F790
:1079D0003DFE054610480C4608F020F907F09EFCD5
:1079E0006846CDE900540FF0E5F9D0E90232DB0238
:1079F00043EA0243426843EA4213026802EBD2724E
:107A000043EA620342690069503A013043EA426343
:107A100043EA405003B030BD701A0024F8B5C56980
:107A20000F460E68083DAE4213D3B6FBF5F00138A1
:107A300011F018FD841CA6EB8404B4FBF5F4204679
:107A400011F010FDA6EB800004FB150520463D60FB
:107A5000F8BD0020FCE72DE9F04F85B00F469146B8
:107A60009846109D0390DDE90E460DB9284659E071
:107A7000039B1868B9F1000F1ED0D9F800304345B8
:107A80001AD1D9F80410A14216D8826901EB020A72
:107A9000544511D2AAEB040A611AD9F80830AA4554
:107AA00028BFAA4630465246194456445444A5EBD2
:107AB0000A050FF05DFBD8E73A68436990450ED19F
:107AC00079688C420BD301EB030A544507D2AAEB29
:107AD000040A611ABB68AA4528BFAA46E2E7B4FBBC
:107AE000F3F203FB1242D0F804B08AB99D420FD3DF
:107AF00022464146B5FBF3FA03FB1A5A3346A5EB7F
:107B00000A050095D84768B92E442C445546ACE781
:107B1000A21A00934146BB68C7F800807A60D84734
:107B20000028A2D005B0BDE8F08F2DE9F04F8BB052
:107B3000914607468846149A07A900680DF1200B64
:107B4000013A0593DDF858A00792FFF767FF059B00
:107B50000546194605935046159B9847024618BBA3
:107B600015B305F001064A4600903846C6F10204F6
:107B7000059BA100CDE901B14146FFF76CFF02462C
:107B800090B9013C944207DC0AAB023E03EB84044B
:107B9000354454F8083CDCE708995046159B984753
:107BA00001220028EED0024610460BB0BDE8F08F4F
:107BB0002DE9F04786B005460F46144600F114093A
:107BC000D6184FF0010A0DF11708B44203D1002076
:107BD00006B0BDE8F08700943B460022494628469F
:107BE0000134CDE9018AFFF736FF0028F0D10122E8
:107BF00041460E98FFF798F9E7E71FB5069C0092FB
:107C00000022CDE901340B4600F11401FFF723FFF8
:107C100004B010BD2DE9F04F13688BB00026074665
:107C200004930C465368B0460DF1100B06AD4FF0AF
:107C3000100A05935BF826902B46002238464946E9
:107C4000CDF800A0FFF7D9FF70B110F1340F06D1C5
:107C500046B1B8F1000F14BF00206FF033000BB035
:107C6000BDE8F08F0126E5E7B8F1000F04D0E26926
:107C7000069B9B1A002BEBDB079B23F00043132B87
:107C8000E6D93A68D2699342E2D84FF0FF3303A8AD
:107C9000102229460393FFF747F9079B1022009013
:107CA000494623F000433846103BFFF781FF002888
:107CB000CBD1039B002BCBD10AAA86F0010304F1A0
:107CC0001C0CC4F8049002EB83034FF0010853F836
:107CD000183CC4E9023A95E80F008CE80F00B7E7BA
:107CE00070B500F1A4060C460546304606F0B6FA1B
:107CF00004F11002214605F11400FFF78BFF38B99B
:107D0000236963606369A3600E23A3611023E360AA
:107D10003046BDE8704007F001BB2DE9F041064652
:107D200000F1A4070C4615461436384606F096FABC
:107D300004F1100221463046FFF76CFFD0B92369E9
:107D400004F12408A56163606369A3601023E36004
:107D5000216A21F000439D4201D8E5600AE0002934
:107D6000A5EB030506DA424621463046FFF752FFEF
:107D70000028EDD03846BDE8F04107F0CFBA00004A
:107D80002DE9F04300F1A4070D46044699B03846AA
:107D900006F064FAC4F890502B6828469B68984710
:107DA000064648B10023C4F89030384607F0B6FACA
:107DB000304619B0BDE8F0832422014604F16C007E
:107DC00004F158090FF0E2F9404BA5652846E36538
:107DD00004F114083E4B23663E4B63663E4BA3669C
:107DE0002B685B6A9847D4F8943083422CBFE366D3
:107DF000E06628462B689B6A9847D4F898308342FF
:107E00002CBF2367206728462B68DB6A9847D4F885
:107E10009C3083422CBF6367606728462B689B6B4E
:107E20009847626F334611F005FBA0671F30D4F806
:107E3000A030494620F01F00834294BFE367E0670B
:107E40004046FFF7EFFB0546002833D1636902AADD
:107E50000DA940461B6AA664E364012302960393BE
:107E6000C4E91066FFF7D6FE054600BB20231022AA
:107E70000E994046009305ABFFF7BFFE0546B0B92B
:107E8000069B082215490BA8A361079BE36111F02B
:107E900085F8064648B90A9B1A0C012A02D19BB202
:107EA000012B82D96FF0150501E06FF033054046D4
:107EB000FFF765FB00233846C4F8903007F02EFA30
:107EC000284619B0BDE8F043FFF723B8A76E0008B5
:107ED000CB6E0008EF6E00080B6F0008909B010846
:107EE0002DE9F043012397B00F4606460021904646
:107EF000CDE9051305994046B847044610BB0699DD
:107F00004046B8470446E8B905AA0BA93046FFF732
:107F100081FE0446B0B90C25139B0E9A23F0004352
:107F200002F10C01043B994210D9149B05A805935A
:107F3000159B0693FFF732F80028DBD0F56806F1B1
:107F400014094DBB204617B0BDE8F0830C9908AB6F
:107F500030460095FFF751FE0146002842D107A8A0
:107F6000FFF704F80E9B18449DF8203003F07003CF
:107F70000E90102BD0D10A9B002BCCD00A46009338
:107F800006F11401099B3046CDE90178FFF7CDFDDC
:107F90000028C0D00446D5E7EB69DA0312D4EB69B8
:107FA0009B030DD52B6A5BB1009305F12C0249466A
:107FB0003046CDE901786B6AFFF7B7FD0028E9D1BB
:107FC0002D68BEE76B69002BE9D0009305F12C0208
:107FD00049463046CDE901782B69FFF7A6FD002818
:107FE000DDD0D7E70446ADE72DE9F04104460D4664
:107FF0000127304E4FF00008226BD4E90D13914257
:1080000024D1002B52D02068E16AD0F820C00A4465
:10801000B2FBFCF10CFB11220021E262426AE06B30
:10802000934294BF23632263D208C4F834800FF0D4
:10803000ADF8201DFEF7B2FF0028DDD12246314603
:108040002046FFF74DFF0028D4D025E0481C013B17
:10805000D4F83CC060634809A36301F01F035CF8D7
:10806000200007FA03F30342C7D1E36A19442368E7
:108070001A6AB1FBF2F302FB131129600121256B8F
:10808000636BAB4210D05A0903F01F005CF822204A
:1080900001FA00F0104001D1BDE8F08101336363C3
:1080A000A36B013BA363EBE70020F5E76FF01B0038
:1080B000F2E700BFB16F00082DE9F04F044687B02A
:1080C0000E4600F1140A05A92046FFF78DFF05466C
:1080D00048B920680599C3689847054600283BD0F1
:1080E00010F1340FEFD0284607B0BDE8F08F0DF146
:1080F0001307736A5A4651462046CDF80890CDE9D9
:108100000087FFF7A8FC70B9059B524604F12001D7
:108110002046CDF80080CDE90179FFF76DFB20B155
:1081200010F1340FCFD00546DDE708F10108B36A3E
:108130004345DCD82368A16A9A69706B0FF018F880
:10814000236A04F120012068F362636A3363FFF756
:10815000ECF9059B7362C6E7804606F12C0B4FF0E5
:108160000109E4E7CB695A0344BF23F480234FF0AD
:10817000FF322DE9F04148BFCB610546CB6990B095
:1081800048BFCA620C4613F400302CD00F6A2C2270
:10819000002102A80EF0FAFF236905F114060693E8
:1081A00063690793012396E80700CDE9093710AB0F
:1081B00003E907004FF0FF3398466B61226A636959
:1081C0009A4213D304F12C08324641462846FFF761
:1081D000E6FA28B310F1340F05D121462846FFF7FF
:1081E0006BFF0028F0D010B0BDE8F08101230DF145
:1081F000070202A9284600F00EFA0028F3DB01234B
:108200000DF107022146284600F041F80028EADB7C
:108210006B6901331CBFCDF83480C5F81480CDE7FD
:10822000636A2361236A6361E36923F4003343F4DF
:108230008033C4E90737D6E72DE9F04100F1A408FF
:1082400005460E46144640461F4606F007F805F15F
:1082500014003146FFF786FF054670B93FB1012F84
:10826000336A01D11C4402E0022F0ED01C46002CC0
:10827000AABF25466FF015053462404607F04EF858
:108280002846BDE8F041FEF744BE7369EAE72DE9F0
:10829000F04F9B468DB0CB69054604920C4603F027
:1082A0000302012A00F020815E0314D4E66932053E
:1082B0001AD4276A17EB0B0F00F1198116F4003658
:1082C00018D0D946E369B9F1000F25D123F4002372
:1082D0005A46E36104E0FFF745FF02460028E5D077
:1082E00010460DB0BDE8F08F6269216A8A4288BFEE
:1082F0002262DEE763699F42E3D923620BAA01236E
:10830000214628468DF82C60FFF7C1FF021EE7DBEF
:10831000236A9F42F2D8D4E79B0304F12C0620D5B0
:108320002B68A26ADB699A4242D12B6805F1140AD4
:108330001B6AAB63D4E90832CDE909230BA92846AF
:10834000FFF752FE0246F8B928680B99C3689847B0
:10835000024618B312F1340F16D14FF0FF332B62DF
:10836000ECE7236A002BE0D004F12802013B314600
:108370002846029204F1240200930192D4E90423D6
:10838000F9F762FF024620B1E36943F40023E36199
:10839000A6E731462868FFF7C8F8C6E70A9B2868B1
:1083A00043BB0B9A6262A362E36943F40033E36167
:1083B000A84658F8143BDF69A36AFF1A4F4528BF47
:1083C0004F46049B4246314628460193A36A0297D2
:1083D0000093636AFFF710FA0246002875D010F187
:1083E000340FD1D121462846FFF766FE0246002809
:1083F000E7D0C9E7013B0AA905920A93FFF70EFBF4
:108400000A9B29680133059AC9690A938B424AD1AC
:108410000130904609AF90FAA0F3B3FA83F30593C5
:10842000013306934FEA88035246314628460793A4
:108430000423CDE90173079B00930B9BFFF7DCF945
:108440000246002886D1059B434530D108F101083A
:10845000069B4345E6D80B9B6362069B9B00A2E705
:108460000123002251462846CDF80080CDE9017352
:10847000099BFFF7F0FA0246002885D101235246F6
:1084800031462846CDF80080CDE901730B9BFFF7FC
:10849000B3F9024600287FF45DAF08F101080A9B9A
:1084A0009845DDD37DE790460DF12307F7E70423D8
:1084B00051462846CDE90173079B0093099BFFF7BE
:1084C000CAFA02460028C1D05EE7236AA9EB070971
:1084D0003B442362A36A3B44A362049B3B44049352
:1084E0002B681B6AAB63EDE66FF00802F8E66FF0ED
:1084F0001A02F5E62DE9F04700F1A4060D46814683
:1085000086B03046904605F0A9FEEA6909F11409E3
:1085100002F00303012B5AD092036B6903D52A6A38
:10852000934238BF1346984524D229464846FFF760
:1085300019FE0446A8B905AB059005F12C01484683
:10854000029305F11003CDE90083D5E90423F9F77F
:108550007BFE044628B9EB69C5F8148043F48033E8
:10856000EB61304606F0DAFE204606B0BDE8F04783
:10857000FEF7CFBC2ED92F6ABB4209D02946484608
:10858000FFF7F0FD041E15D16B69002B24DB2B6275
:108590004FF0000A2B6A98450ED829464846FFF747
:1085A000E1FD20B9381EB4BF6FF01500286200EA63
:1085B000E074D6E7D5DBEBE7012305AA2946484658
:1085C0008DF814A0FFF763FE041EE3DAC9E76FF02D
:1085D0000804C6E70024C4E76FF01504C1E730B50E
:1085E00000F1A40585B0044628460193CDE9022197
:1085F00005F034FE039904F11400DDE90132FFF7C0
:1086000046FE0446284606F089FE204605B0BDE831
:108610003040FEF77EBC2DE9F04F1D46CB699046F9
:1086200087B003F0030207460C46022A54D09A038F
:1086300005D4266A6269964208D3002003E0FFF75A
:1086400091FD0028F5D007B0BDE8F08F961B04F12E
:108650002C0104F1280A04F1240BAE4228BF2E4657
:10866000B146B9F1000F01D13046ECE7E3695B0395
:1086700004D53B68A26ADB699A4210D1236A384666
:1086800005910093CDE901BAD4E90423F9F7DCFDA3
:108690000028D8D1E369059943F48023E3613A685F
:1086A0003846A36AD56900220093ED1A636A0591E2
:1086B0004D4528BF4D46CDE90185FFF7CCF900288F
:1086C000C1D1236AA844A9EB050905992B4423626B
:1086D000A36A2B44A362C4E76FF00800B3E730B588
:1086E00000F1A40585B0044628460193CDE9022196
:1086F00005F0B4FD039904F11400DDE90132FFF740
:108700008AFF0446284606F009FE204605B0BDE86B
:108710003040FEF7FEBB00002DE9F341064614464B
:108720000021282206F1A407204600250EF02EFD88
:10873000384606F11408019505F090FD06F1180081
:10874000FEF72CFC28B901AA0D494046FFF7C8FBEB
:108750000546384606F0E2FD6DB9736F019AC4E92B
:108760000033B36FC4E902359B1AC4E90435C4E988
:108770000635FF236362284602B0BDE8F08100BFE2
:108780009D6E0008F7B5044604300E461546FEF708
:1087900005FC10B1002003B0F0BD012300906A4633
:1087A000294620460193FFF735FA0028F3D105F159
:1087B00024073846FEF7F2FB0028EBD13146384655
:1087C000FEF7DBFB38B13A4629462046FFF722FA8E
:1087D0000028EED0DFE70120DDE72DE9F341064672
:1087E0000C46154601F124081027226AE16822F0A0
:1087F000004301F10C00043B984217D80C230A46B1
:108800003046616800932B1DFFF7F7F9014690B9D8
:10881000E66828462E60FEF7A9FB3044E060284653
:10882000FEF7A4FBA3691844A06104E0002A06DB5C
:1088300029606FF00101084602B0BDE8F0812146D1
:1088400042463046FFF7E6F901460028F3D1A36916
:10885000E7601433A361C8E72DE9F84314461D46C9
:108860000022012306460F4604F1240805F10809F9
:10887000C4E909234046FEF791FB08B100200DE052
:10888000424621463046FFF7C5F938B92A46214607
:108890003046FFF7A2FF18B1831CEBD0BDE8F88388
:1088A0002B7903F07003202BF0D139464846FEF7B0
:1088B00064FB0028EAD10120F0E770B5054692B0CC
:1088C00004300E46FEF76AFB68BB0123019001AA43
:1088D00007A928460293FFF79DF9044618B910A886
:1088E000FEF75CFB10B1204612B070BD10AA07A9BC
:1088F0002846FFF78FF938B903AA07A92846FFF7DA
:108900006CFF18B1831CEAD00446ECE79DF91030E7
:10891000002BF1DB0822314605A810F03FFB0028B0
:10892000EAD10124DFE70024DDE700002DE9F04172
:1089300000F1A408C8B00E4605464046174605F0AB
:108940008DFC4FF48472002106A80EF01FFCB36961
:1089500014350E2B22D12223364908A88DF8183061
:108960000FF01CFE0F230124B361404606F0D6FC35
:10897000012C0DD19DF81830112B59D0222B14BF8A
:108980000023032308A9384687F800310FF006FEBC
:10899000204648B0BDE8F041FEF7BBBA0F2B08D126
:1089A0002223254908A88DF818300FF0F7FD102371
:1089B000D9E702AA31462846FFF70FFF044618B14F
:1089C000821C08BF0024D0E79DF80C3003F07F0222
:1089D000112A01D0222AECD11B060CD504A9284665
:1089E000FFF76BFF041EC0DBE3D19DF80C3003F0F2
:1089F0007F038DF80C309DF80C302846029A112B1D
:108A00008DF8183002F104029DF80E1004BF059B8A
:108A100007939DF80D301A449DF80F300A440093D7
:108A2000716808ABFFF7E9F8041E08BF01249CE752
:108A30000523A7E79A9B0108999B0108F0B5012738
:108A4000061DA7B0044680F840703046FEF7A6FA2F
:108A50000546002840F0818001462C2205A80EF032
:108A600095FB4FF000432822294610A80D930EF0E5
:108A70008DFB1A9723681B6A9D4202D36FF0330067
:108A80001BE019A8FEF78AFA002866D119AA10A9D6
:108A90002046FFF7BFF880B90D9B002B38DB30462E
:108AA000FEF77CFA58B1199B0E931A9B0F93002383
:108AB00005A920461A4600F052F827B0F0BD01ABD8
:108AC0001BAA0EA92046FFF7C7FE0028F5DBEAD057
:108AD000039A0E99049B8A420F9801D1984217D0AD
:108AE000824201D1994213D00E92DFE79DF9703096
:108AF000002B0DDA1DA92046FFF7DFFE0028DCDB86
:108B00001ED01BAA10A9204600F075F90028D4D168
:108B10001BAA10A92046FFF760FE0028E6D0831CA0
:108B2000CBD10DF1400C05AF0135BCE80F000FC7EC
:108B3000BCE80F000FC79CE8070087E8070099E72B
:108B40009DF870301BAA10A903F07F038DF87030D8
:108B50000346204600F0C3F9D8E70020ADE72DE931
:108B6000F04F2DED028B9BB006460D460793CB6967
:108B700007980133059202EB0017CB610B1DD1E979
:108B8000011408EE103A1346C5E901419F420FD186
:108B90000023CDE90941069330686968C3689847A6
:108BA000044670B114F1340F00F0F4802046FFE069
:108BB000D86810332A6A024453F80C0C121A2A623D
:108BC000E4E705F11C080DF12C094FF0FF3306F125
:108BD000200A10271022414648460B93FEF7A4F9BD
:108BE000224600946B6851463046CDE90187FEF776
:108BF00003FE04460028D5D18346B84608EE909A75
:108C00002AE0079B9B4580F2A080059A4FEA0B1350
:108C1000D35802EB0B19434540F0978018EE900AA9
:108C2000D9E90212FEF780F9D9F80C30002251463A
:108C300002933046D9F80830CDE900736B68FEF72F
:108C4000DBFD04460028ADD1D9F804300BF1010B4F
:108C50009844D9F80C301F442B6A23F00043043B9E
:108C6000BB42CED804230DF12C08002251460293BA
:108C700030466B68CDE90078FEF7BEFD044600285B
:108C800090D14FF0FF330246514630467361FEF7F4
:108C900086FD0446002885D130680369984704465C
:108CA00000287FF47FAF4FF0FF330FAF02466968B3
:108CB0000F9330462B6A009723F00043043BFEF7E6
:108CC00077FF044600287FF471AF0F9A0B9B9A42FE
:108CD00060D1069B4BB306F104094846FEF75EF9E6
:108CE000002875D143463A4609A93046FFF7B4FD3E
:108CF00000285DDB6CD06B684246394630460D93E8
:108D0000AB680E93002300F0EAF8002850D14946E2
:108D100009A8FEF732F918B96B687360AB68B360E5
:108D20003046FFF78BFE002842D13469002C3FF417
:108D30003DAF18EE101A201DFEF71FF918B96B6829
:108D40006360AB68A3602468F0E7012342460A9998
:108D5000304600930FABFEF750FF044600287FF427
:108D600025AF01220FA918EE900AFEF7DDF80123C6
:108D70002246514602930FAB3046CDE900736B6833
:108D8000FEF73AFD044600287FF40CAF08F1010815
:108D9000013761E74FF0FF3300220FA909A83362C2
:108DA0000123CDE90F23FEF7E8F830B96FF0330067
:108DB0001BB0BDEC028BBDE8F08F18EE101A3046E8
:108DC000FFF712F90123069300283FF4E5AEEFE721
:108DD0003A4609A93046FFF7D5FC0028E8DBA4D0C5
:108DE0006B68394630461893AB68199300231A46CE
:108DF000FFF7B5FE97E72DE9F04780468CB01046A7
:108E00000C461646FEF7B2F80B6A143023F0004306
:108E100083421DD101AA04314046FFF7B3FC051E71
:108E200012DB099A002A13DA236A01A9404663F08B
:108E3000004313400993636A0A93A36A0B930023C8
:108E40001A46FFF78CFE054628460CB0BDE8F087B1
:108E5000336830460193FEF789F80023029001AA97
:108E600021464046CDE903330123FFF778FE05464E
:108E70000028E9D1D8F80C70211D4FF0FF3ACFB986
:108E8000D8F81070211D002FDED0381DFEF775F8C0
:108E900070B9FC6833689C420AD93046FEF766F820
:108EA000201AF8603046FEF761F8BB69181AB861FD
:108EB0003F68E8E7381DFEF760F830B9D7F80C9046
:108EC0003368994503D1C7E901AA3F68D7E7FCD9C0
:108ED0003046FEF74BF8A9EB0000F860F5E770B5F7
:108EE000154688B00C26D27955F8044B002B079212
:108EF0000094344403960494CDE9052314BF02235F
:108F000001236A46CDE90165FFF729FE08B070BD6F
:108F100070B592B006460D46FFF724F9044670BBC3
:108F2000EB6903F41023B3F5803F28D12A1D1046C6
:108F3000FEF734F818BB07A93046FEF76BFE04466F
:108F4000E8B90C23EA680690009304AB08990392F1
:108F5000CDE904003046FEF750FE044678B92B698F
:108F600003AA07A905936B69069303463046FFF7EA
:108F7000B6FF044618B9EB6923F48033EB61204651
:108F800012B070BD37B500F1A40504460191284622
:108F900005F064F9019904F11400FFF7B9FF0446E4
:108FA000284606F0BBF9204603B0BDE83040FDF787
:108FB000B0BFF8B500F1A40705460C46384605F0E9
:108FC0004DF9214605F11400FFF7A2FF05F120023B
:108FD00006462B6A1BB19C4216D123681360A36915
:108FE0000BB11B682BB96B695B6B13B9606B0EF02F
:108FF00067F8384606F092F920460EF061F83046E0
:10900000BDE8F840FDF785BF1A461B68E2E700009F
:109010002DE9F04F2DED028B85B01F68054608EE57
:10902000101A029340F622031446DFF84091536071
:10903000436893608368D3604946384610F035F83A
:1090400007EB000883464946404610F00AF801281D
:10905000064608EB000A05D117F80B302E2B0AD173
:109060005746E9E7022806D102463F4940460FF03D
:1090700095FF0028F4D057464FF0010B4946504663
:1090800010F013F88244494650460FF0EAFF0246BA
:1090900090B102280CD10390504633490FF07EFF67
:1090A000039A28B9BBF1010B04D10AF10207C3E707
:1090B0000BF1010B9244E1E798F80000002845D03D
:1090C000029BC3F800802379222B49D104F1080ABE
:1090D00018EE101A28465246FEF79CFDB0BB05F16B
:1090E000140B224618EE101A2846FFF776FB68BBD1
:1090F000237903F07F03112B01D0222BF1D1E379E7
:10910000B342EED1236859466279284604331344AA
:10911000A279134418EE102ACDE900865268F9F7B7
:109120006BF8002812DBDCD095F84130002B83D19E
:1091300094F90430002BBFF67FAF51462846FFF765
:10914000BCFB002807D001DB6FF0010005B0BDECCF
:10915000028BBDE8F08F237903F07F0323716BE767
:109160006FF01300F2E700BF999B01089C9B010878
:109170002DE9F041804600F1A406D4B00C4608F178
:1091800014073046154605F069F802AB03AA07A993
:1091900038460294FFF73CFF0446C0B901464FF43D
:1091A000847212A80DF0F2FF9DF8103008F118013A
:1091B00005A8112B8DF8483004BF069B1393FDF7CB
:1091C000DCFE0446C0B9174914A80FF0E7F9304691
:1091D00006F0A4F8139B2B619DF84830112B1DD08D
:1091E000222B44F2FF1318BF002320466B6054B0BB
:1091F000BDE8F041FDF78DBE039B38469DF8111088
:1092000004339DF8122019449DF813300A4400934A
:10921000089914ABFEF7F1FC0446D8E748F2FF13B7
:10922000E3E700BF9C9B0108F0B500F1A4050446EC
:109230009DB00F46284604F1140605F00FF894F887
:109240005430019783B101AB02AA06A93046FFF75B
:10925000DFFE044678B1284606F060F820461DB0CF
:10926000BDE8F040FDF755BE3046FFF7E7FB04468A
:109270000028E8D0EFE79DF80C30222B1ED002AA80
:1092800006A93046FFF7B7FD04460028E3D19DF854
:109290000C30222BDFD106AA12A93046FFF772FA52
:1092A000041ED8DB1A9B06A930460F931B9B109314
:1092B00000231A46FFF753FC0446CCE704AA11A981
:1092C0003046FEF7A7FC04460028C4D1199B142B96
:1092D000D5D06FF02604BEE773B50C4604310646C0
:1092E000FEF782FE0546F0B904F108013046FEF7AC
:1092F0007BFE0546B8B904230246616830460093F8
:1093000004F11C03FEF779FC10B110F1340F0DD1FC
:10931000E36914220133E3614FF0FF33C4E908230A
:10932000A3621023E360284602B070BD0546FAE749
:109330002DE9F04F00F1A4080646C3B00D464046A3
:1093400004F08CFFD6F8903063B1002D08BF1D46A5
:10935000336830469B6A9847044668B1404605F03A
:10936000DDFF05E045B96FF01204404605F0D6FF79
:10937000204643B0BDE8F08F2B6828469B68D6E9AD
:1093800025BAD6E92797984704460028E6D1242233
:10939000014628A80DF0FAFE6A4B2846239524932F
:1093A000694B2593694B2693694B27932B685B6A1E
:1093B00098472B6858452CBF2890CDF8A0B0284678
:1093C0009B6A98472B6850452CBF2990CDF8A4A0E4
:1093D0002846DB6A98472B6848452CBF2A90CDF871
:1093E000A89028469B6B984723462A9A10F022F8AB
:1093F0002B901F3023A920F01F00B84294BF2C905F
:109400002C9731A8FEF70EF90446002840F086801C
:10941000319B014640985A6AD2080DF0B7FE319A46
:109420000DA931A83C94D2E90832CDE93E439A42D5
:1094300094BF3D923D93FFF74FFF0446002869D14A
:1094400018A931A8FFF748FF0446002862D1034657
:10945000024618A931A8FFF782FB0446002859D11B
:1094600041F22E438DF816001A9F4FF01009ADF807
:1094700014300823DDF864C08DF81730319B339722
:10948000DA691B6A089209934FF00113314A0A9373
:109490000BAB106851686A46CDF8C8C0CDF8109083
:1094A000CDF8009003C334230DA931A815932023D0
:1094B000CDE906C7CDE916C705AF0193CDE9027323
:1094C0000123FFF74CFB4B4620B110F1340F02D0C3
:1094D00004461FE00124009320236A460DA903934C
:1094E00031A8CDE901370123FFF739FB20B110F195
:1094F000340FEDD1002CEBD0002201230DA931A8AF
:10950000CDE900236A46FEF785FB044610B9319B7E
:109510001B6A3F9331A8FEF732F86CB12046FDF785
:10952000F8FC044600287FF419AF3368294630461A
:109530005B6A9847044611E72B682846DB68984722
:10954000EFE700BFA76E0008CB6E0008EF6E0008C3
:109550000B6F0008909B01082DE9F043074695B07A
:109560000E469046994601F124044046316AFDF7C3
:10957000FDFC3B680844DB69984218D8043943462F
:10958000002243F8041B0991CDE90A230C23CDE9FD
:109590000C3198F807303146CDE90E29109309AA0D
:1095A00002233846FFF7DBFA15B0BDE8F083002947
:1095B00037DB354609AC0FCD0FC40FCD0FC495E88E
:1095C000070084E8070031463846FFF785FE00288B
:1095D000EAD1129B424631467362139BB362336AEF
:1095E000043B42F8043B03920C22CDE90130CDE963
:1095F000042398F8073001AACDE9060908933846F4
:109600000223FFF7ACFA0028CED1119B024609A92C
:1096100043F00043119373681293B36813930346A6
:10962000BFE7224631463846FEF7F4FA00289CD0C0
:10963000BAE7F0B500F1A40605469FB00C463046E7
:1096400005F1140704F00AFE95F854300394002B3A
:1096500043D003AB04AA08A93846FFF7D9FC831C02
:10966000044649D12F2103980FF0EEFC00283AD18F
:109670006B6913A938461B6AEB64FFF72DFE04469D
:10968000002830D1119B024613A91C93129B1D93F5
:1096900003463846FFF763FA044620BB40F6220330
:1096A0008DF81600ADF81430039B184601930EF0A8
:1096B0007DFF1499159A8DF8170038460691079288
:1096C000019BCDE9111204AA08A9FFF745FF044642
:1096D00048B96B691B6AEB6405E03846FFF7AEF9E1
:1096E00004460028B5D0304605F018FE20461FB0CD
:1096F000BDE8F040FDF70DBC002808BF6FF0100476
:10970000F1E72DE9F04300F1A4058046B3B00F4620
:109710002846144604F0A2FD98F8543008F11406C7
:10972000CDE90274002B4DD0029B05AA11A9304649
:10973000049304ABFFF76CFC0446002848D19DF865
:10974000183005AA11A963F07F038DF8183003467D
:109750003046FFF7C4FB0446002839D10DF1240937
:1097600003AB1CA930464A46FFF752FC07460028C7
:1097700037D0821C40F085802F2103980FF064FCC5
:1097800000287ED10DAC99E80F0084E80F0006AAEE
:109790000EAB07CA83E807009DF8383003F07F035B
:1097A0008DF83830039B184601930EF0FFFEBB1C6A
:1097B0008DF83B00019B2CD122461CA93046FFF7B7
:1097C000CBFE2BE03046FFF739F904460028ABD03A
:1097D000284605F0A3FD204633B0BDE8F043FDF771
:1097E00098BB9DF818309DF8282003F07F039A421B
:1097F00049D1222AC6D10BAA27A93046FEF70AFA78
:1098000004460028E4D12F9B142BBBD06FF0260414
:10981000DEE722461CA93046FFF761FB044600281C
:10982000D6D1012305AA11A9304688F8553002ABDC
:10983000FFF7EEFB04460028CAD188F855008146A0
:1098400005AA11A93046FFF7D6FA04460028BFD171
:109850000237BDD09DF82830222BB9D11CAA28A9E7
:109860003046FEF78FFF041EB2DB309B4A461CA930
:1098700030462593319B26934B46FFF770F90446FB
:10988000A6E73C46A4E76FF01404A1E7024600F106
:109890000B01002012F8013B03EBC0138A4203EBDB
:1098A000500303F0FF00F5D1704738B5836B0546D0
:1098B0000C468B420FD0FDF71DFD58B922460123FF
:1098C000E96B6878FDF728FC00281CBF4FF0FF34D7
:1098D0000120AC6338BD0020FCE70129F8B504463F
:1098E0000E4664D9036A994261D20378022B30D0C4
:1098F000032B45D0012B5AD101EB51058389C16A55
:10990000B5FBF3F31944FFF7D0FF10B14FF0FF3070
:10991000F8BDA1896F1C2046B5FBF1F301FB13557F
:10992000E36BB7FBF1F15D5DE36A1944FFF7BDFF3F
:109930000028EBD1A289B7FBF2F302FB1373E26BB1
:10994000D05CF30745EA00204CBF0009C0F30B00D0
:10995000DEE783895B08B1FBF3F3C16A1944FFF7C3
:10996000A4FF0028D2D1A2897600B6FBF2F302FB55
:109970001366E36B9A19985D527840EA0220C7E7B4
:1099800083899B08B1FBF3F3C16A1944FFF78DFF8C
:109990000028BBD1A189B600B6FBF1F001FB10662F
:1099A000E06B3044FDF7D0FC20F07040B0E70120C0
:1099B000AEE72DE9F04F1E46036885B00C46DB6F1D
:1099C00082469146984703A92046FDF757FC054675
:1099D0000746002840F0A480657C0DBB237C13F073
:1099E0000103009300F09E80E3682F4662699B1A92
:1099F0009E4228BF1E469EB1039862698389B2FBCE
:109A0000F3F103FB1123002B6AD14389013B0B4087
:109A100001931FD192B9A068012814D8022565745A
:109A2000DAF800305046D3F880309847002D7CD0CB
:109A3000284605B0BDE8F04FFDF7A4BBA16920683A
:109A4000FFF74BFFE8E7431C03D10123009D63743C
:109A5000E6E7A061DDF80CB0A1695846FDF73FFCD0
:109A60000028DBD0019B03EB0008BBF80C309E42C2
:109A700034D30199BBF80A209BF80100B6FBF3F33D
:109A800019449142494684BF019BD31A424601932F
:109A9000FDF742FB019B0028D7D1DDF80CB09BF805
:109AA00003207AB1DBF83800A0EB0800834209D923
:109AB000BBF80C20DBF83C1000FB029001930DF08A
:109AC00057FB019BBBF80C8003FB08F86369A6EB0E
:109AD00008064744C144434463618CE7C4F81C80D2
:109AE000039862698389E169B2FBF3F803FB1828E4
:109AF000A3EB0803B34228BF33469846FFF7D5FED1
:109B00000028A2D1039A60699189B0FBF1F301FBAF
:109B10001303D16B4846424619440DF029FBD5E7A3
:109B200000277DE72F4607257AE7384605B0BDE8D0
:109B3000F08FB1F5001FF8B504460D4601D30220A1
:109B4000F8BDCA06FBD1826806680161DAB93378CC
:109B5000022B01D9336BABB93389B3EB551FEED967
:109B6000336BA361A3696261002BE8D0B289002046
:109B7000B5FBF2F10B4402FB1151F56BA3612944D3
:109B8000E161DDE71A467389B7895F43BD4211463B
:109B90000CD32068FFF7A1FE431C02460BD001281E
:109BA000CDD9336A8342CAD9ED1BEFE73046FDF7C2
:109BB00096FBA061D6E70120C2E7F7B501A90546EB
:109BC000FDF75CFB044660BB2C7C14F0400428D0FD
:109BD000FDF7E4FE296A07460198FFF766FE044692
:109BE000F8B96E6AF37A314643F02003F372AA683B
:109BF0002868FDF729FBE96806F11C00FDF79CFBCE
:109C0000394606F11600FDF797FB01230198B4745D
:109C1000F474C370FDF778FE2B7C044623F04003F8
:109C20002B74204603B0F0BD38B503680D460446DA
:109C3000DB6F98472846FFF7C0FF2368054620469C
:109C4000D3F8803098472846BDE83840FDF79ABAE7
:109C5000036873B50D46DB6F064698472846FFF745
:109C6000ACFF044630B901A92846FDF707FB0446BE
:109C700000B9286033683046D3F88030984715B172
:109C800028460DF01DFA204602B0BDE87040FDF7F1
:109C900079BA000038B500230446C3704FF0FF3393
:109CA0008363FFF702FE002851D1E46B237894F818
:109CB000FF5194F8FE01EB2B40EA052503D0183341
:109CC000DBB2012B3CD84AF655239D4207D108222E
:109CD000214904F152000FF061F9002836D0227BAF
:109CE000E37A43EA0223A3F50072B2F5606F27D846
:109CF000607B28B3591E421E0B40024013431FD104
:109D0000E27BA37B53EA02231AD0237C013B012B85
:109D100016D8A27C637C53EA022311D0227DE37C17
:109D200043EA02237F2B06D804F12000FDF70CFB49
:109D3000B0F5803F04D3E27DA37D53EA022308D12E
:109D40004AF6552085420CBF0220032038BD04206E
:109D5000FCE70020FAE700BFB59B01082DE9F04FB2
:109D6000002687B00D4617460E60FDF79BFA0028C7
:109D7000C0F25481B24B53F82040002C00F05081C7
:109D80002C602378BBB96070C0B2AE4D55F820008E
:109D900003689B68984710F00106C3B240F0428107
:109DA00017F0FE0F02D05B0700F13E81607855F896
:109DB000203023B90126304607B0BDE8F08FFDF70B
:109DC0004DF9A0F50072A081B2F5606FF2D8421E85
:109DD0000242EFD1E36B002B00F0F580002120461A
:109DE000FFF758FF022840F00081E56B02AF05F550
:109DF000E371B84605F206250846FDF7A5FA1031CD
:109E000048F8040B8D42F7D1002557F8041B0029B0
:109E100000F0E1802046FFF73DFF012800F2DC80E2
:109E2000E56BB4F80C902A7BEB7A43EA0223994560
:109E300040F0D980E87DA97D51EA002104D105F1E7
:109E40002400FDF781FA0146616295F810A0D4F86C
:109E500038B00AF1FF3384F802A0012B00F2C3806E
:109E60006B7B6381002B00F0BE805A1E1A4240F0CB
:109E7000BA80AA7C95F8118048EA02280FFA88F285
:109E8000A4F8088000924FEA5912B8FBF2F702FBDF
:109E9000178292B2002A40F0A6802A7DE87C50EA20
:109EA000022005D105F120000193FDF74DFA019B39
:109EB00095F80FC0AA7B52EA0C2200F0948001FBB7
:109EC0000AFC174407EB0C0E7045C0F08C80A0EB29
:109ED0000E009842B0FBF3F7C0F085805A4B9F42CA
:109EE00000F281804FF6F5739F4240F29F804FF061
:109EF000030A02375A440BEB0E03BAF1030F276231
:109F0000C4F828B0E262636376D195F82B2095F807
:109F10002A3043EA0223009A1A4313B2002B62D17B
:109F2000BF0005F12C00FDF70FFA206309F1FF33A4
:109F30001F44B7FBF9F9894555D84FF0FF33BAF103
:109F4000030FC4E905334FF08003237130D195F836
:109F5000312095F8303043EA0223012B28D10BF150
:109F600001012046FFF7A1FC10BBE16B207191F8C5
:109F7000FF2191F8FE3143EA02234AF6552293422B
:109F800016D10846FDF7E0F9304B984210D101F5A3
:109F9000F270FDF7D9F92E4B984209D101F5F47012
:109FA000FDF7D2F9A06101F5F670FDF7CDF960611A
:109FB000284A84F800A0138801339BB21380E38001
:109FC0000023E361F7E60DF073F8E06300287FF407
:109FD00005AF1126EFE603200135042D7FF415AF00
:109FE00004283FF4E7AE0D26E5E604283FF4E2AE90
:109FF00001287FF615AFF6E7B8F1000FF3D0BAF1FC
:10A00000020F4FEA470362441ABFDB1907F001074A
:10A010001F46226318BF07EB530787E70B26CAE6E4
:10A020000C26C8E60326C6E60A26C4E640F6F57AFC
:10A0300057458CBF4FF0020A4FF0010A59E700BFA5
:10A04000601A0024981A0024F5FFFF0F5252614154
:10A05000727241615C1A00242DE9F74F1546804663
:10A060002822002128460DF091F8D8F8003040460B
:10A07000DB6F984708F15403002201A9684600935A
:10A08000FFF76CFE06460446002871D1DDF8049007
:10A09000D9F820A0D9F81870AAF102039F421CD960
:10A0A00099F80060012E36D14FF0020A074651465A
:10A0B0004846FFF712FC431C5AD0012857D000B97C
:10A0C0000137019B0AF1010A1B6A9A45EFD3019BF4
:10A0D0001A799F6142F001021A71B9F80C3000241C
:10A0E000D9F820204046C5E90033023AB9F80A30D1
:10A0F0005A435F43FF236B62D8F80030C5E902245E
:10A10000D3F88030C5E90474C5E906749847204641
:10A1100003B0BDE8F08FD9F82C1007463CB9019880
:10A1200001F1010BFFF7C1FB064608BB5946019E32
:10A130003278F36B022A03EB04000FD11B5D02346B
:10A14000427853EA022308BF0137B389BAF1010A02
:10A15000B4FBF3F203FB1244E0D1B8E7FDF7F4F8E7
:10A1600030F0704304F1040408BF0137EDE7022624
:10A17000D8F800304046D3F880309847304603B0D6
:10A18000BDE8F04FFCF7FEBF7FB5CDE9001003A896
:10A1900014460391FDF786F8051E19DB0D4E56F89F
:10A1A000252022B10023D06B13700CF089FF019B96
:10A1B00013B100221A70DA6346F825302CB1002260
:10A1C00001A96846FFF7CAFD0446204604B070BDE9
:10A1D0000B24FAE7601A0024F8B503680446DB6F25
:10A1E0009847A36D013308D123686FF01505204609
:10A1F000D3F8803098472846F8BD002204F1540176
:10A20000104F1046FFF7C0FFA36D064657F8230016
:10A210000368DB6898472368054620B1D3F880308F
:10A2200020469847E7E7A26DD3F8803047F8220030
:10A230004FF0FF322046A26598473046BDE8F8400F
:10A24000FCF7A0BF981A00240A4B03F108029833C8
:10A2500010B5026004464360FFF7BEFF064B204680
:10A2600003F108023433226040F8043F05F002FE97
:10A27000204610BDB89D0108589E0108A0F10400B9
:10A28000FFF7E2BF10B50446FFF7DEFF20460CF0F3
:10A2900017FF204610BDA0F10400FFF7F3BF000038
:10A2A000036873B50446DB6F01920D469847A36DB2
:10A2B000019A013308D023682046D3F880309847AC
:10A2C0006FF0150002B070BD16480023064650F826
:10A2D000041BE1B946F8235004F11400A3653033A0
:10A2E00084F8561004F1540184F854303A2384F869
:10A2F0005530FFF749FF236805462046D3F88030E4
:10A300009847284602B0BDE87040FCF73BBF0133D8
:10A31000042BDCD123682046D3F8803098476FF0B7
:10A320000B00CFE7981A00242DE9F04F03688B4605
:10A330001746DB6F2DED028BA7B003909847039B68
:10A340009B6D5C1C0FD0BBF1000F02D1A34A52F8E9
:10A3500023B0039B03981B689B6A9847824610B101
:10A36000039B1B686EE0BBF1000F0DD1039B6FF0E8
:10A37000120A03981B68D3F880309847504627B0DC
:10A38000BDEC028BBDE8F08F954B002110A80F9318
:10A39000F7F75EFE934B4022002114A80F939033F1
:10A3A00010930CF0F3FE4FF0FF330FA82593FDF749
:10A3B000A1FADBF8003058469B689847824610B1F6
:10A3C000F7F710FF35E0DBF800305846DB6A9847B6
:10A3D00003185846049341EB01030593DBF8003062
:10A3E000DDE90412CDE900120022D9690023884773
:10A3F000DBF80030824618B1DB6858469847DFE743
:10A400005B6B58469847002847DADBF8003058461F
:10A410009B6A9847064689460CF04AFE8046B0B9CA
:10A42000DBF800306FF00B0A5846DB689847F7F707
:10A43000D9FE0FA8FFF708FF039B1B68BAF1000FB6
:10A4400000F08E82D3F880300398984796E7002476
:10A4500000253246FF210CF099FEDDE904239D42E0
:10A4600008BF944216D2DBF80030224641465846D7
:10A47000CDE90069D3F818A02B46D047824628B111
:10A4800040460CF01DFEDBF80030B5E7A41945EBA3
:10A490000905E2E740460CF013FEDBF800305846B1
:10A4A0001C6A9B6B984700230022CDE900015846A7
:10A4B000A047DBF8003082465846DB68BAF1000F4F
:10A4C0009CD19847824600287FF47AAF02465946CD
:10A4D0000FA8FFF7E5FE824600287FF471AF24AB9A
:10A4E0000CA80C93FCF7DEFE0028C0F237823E4B2E
:10A4F00053F820300BB183F800A0C6B2374D55F8A1
:10A50000260003689B689847C3B2C00700F1248205
:10A51000590700F11F8255F826300BB9012432E0AB
:10A520003046FCF79BFDA0F5007380469BB2B3F567
:10A53000606FF3D8421E0240F0D1B7F1807F2CD873
:10A540007B1E3B4218BF00274FF48053B3FBF8F348
:10A55000099303FB08F3184608EE103A0CF0A8FD27
:10A560000446002800F0DF8155F82630002B00F06B
:10A570002D813046FCF7EEFD7F2881460FD820461E
:10A580000E240CF09DFD0FA8FFF726FEF7F72AFE1C
:10A590002046FCF7F7FD82464BE71746D4E7B7FBAA
:10A5A000F8F7802F28BF8027FDF7F8F94FEA193315
:10A5B00008F1FF3C4FEA594E4FF6F5710A900B93A4
:10A5C000002F48D1094B012533F8020B002843D056
:10A5D0000B9A824240D36D00F6E700BF981A002420
:10A5E0009C9E0108C09D0108601A0024FEA101087C
:10A5F0006D082F464FF0030AB9FBF5F3981CA3F53D
:10A600007F430CEB8000F63BB0FBF8F00790202076
:10A61000049000200690C5488342B0D8049B079A56
:10A620009818069A00EB051313444B45A7D8069BD0
:10A63000BAF1030FA9EB0303A3EB0003B3FBF5F39C
:10A64000089327D18B4250D8002F98D1012DCFD815
:10A6500095E73D46CEE73D4640F6F572B9FBF5F38A
:10A66000934293BF03EB430302334FF0020A4FF0D0
:10A67000010A97BF01335B005B0803336344B3FBFC
:10A68000F8F307934FF48043B3FBF8F306930123E9
:10A690000493C3E7BAF1020F1FD1089B8B420ED976
:10A6A000002FD6D16D00402D15D9A14B012533F8CF
:10A6B000020B00289ED086459CD36D00F7E7089BCF
:10A6C00040F6F572934210D8002F7FF458AF6D001A
:10A6D000802D3FF654AF2F4672E740F6F573089A87
:10A6E0009A423FF64CAF4FF0010A002709F1FF33C1
:10A6F0000DA930460E930D97FCF7C0FC4246394633
:10A7000020460CF043FD8B4A2346BAF1030F5168F3
:10A71000106803C31189927A19809A704FEA28232E
:10A7200084F80B802373049B6573A3734FF00103BC
:10A73000E773237414BF02233B46B9F5803F677467
:10A74000A37446D24FEA292384F8139023750A9BF9
:10A75000002104F11C004B449946F8236375764BA5
:10A76000A361FCF7E9FDBAF1030F494637D104F1C3
:10A770004300FCF7E1FD079904F12400FCF7DCFD40
:10A7800002216E4B04F14702C4E90B13802384F8C5
:10A790004030292384F84230694B03F1100153F80B
:10A7A000040B8B4242F8040BF9D119884AF655295B
:10A7B0009B78304611802146937001230022A4F833
:10A7C000FE91FCF77FFC074608B320460CF078FCAE
:10A7D000A4E6494604F12000FCF7AEFDB7E704F11A
:10A7E0002700FCF7A9FD079B04F12B02E3828023DD
:10A7F00084F82430292384F82630524B03F11001C9
:10A8000053F8040B8B4242F8040BF9D1CDE7BAF1AF
:10A81000030F2AD10123062221463046FCF752FCC1
:10A820004246394620460CF0B1FC474B04F5F47023
:10A83000236003F1FF5303F500532033C4F8E431E0
:10A84000089B591EFCF778FD022307222146C4F815
:10A85000EC3130460123A4F8FE91FCF733FC0123D0
:10A86000214630461A46FCF72DFC18EE102A00212E
:10A8700020460CF08BFCBAF1030F4AD14FF0FF33A6
:10A880006FF00702C4E900236FF07043A360099BD7
:10A890002146079A3046934228BF1346049A1F4622
:10A8A000FCF710FC014600288FD1424620460CF0F0
:10A8B0006DFC049B3B440493079BDB1B0793E6D191
:10A8C000069BBAF1030F08BF2B460693099B21464E
:10A8D000069A3046934228BF1346049A1D46FCF759
:10A8E000F1FB00287FF471AF049B2B440493069B7B
:10A8F0005B1B0693EAD1154B204653F82630002BFC
:10A900003FF464AF0CF0DCFB0FA8FFF765FC824658
:10A9100056E5BAF1010F0E49204618BF6FF0070146
:10A92000FCF70AFDB3E711242DE600BFFFFFFE0F81
:10A930000CA201089E9B01083F00FF0001000600D9
:10A94000AA9B0108BE9B010852526141981A00243B
:10A95000F8FFFF000A2416E6032414E60B2412E68F
:10A960005B6A5946039898478246F9E401292DE924
:10A97000F84304460E46174640F28380036A8B4232
:10A980007FD90378022B45D0032B5AD0012B78D1E5
:10A9900001EB51098389C16AB9FBF3F31944FEF74E
:10A9A00084FF054660BBA38916F00106E06B09F140
:10A9B0000108B9FBF3F203FB12920FBFFBB2835CF9
:10A9C00003F00F013B011CBF03F0F0030B43835462
:10A9D0000123E16A2046E370A389B8FBF3F319442D
:10A9E000FEF763FF054658B9A389E16BB8FBF3F0A6
:10A9F00003FB10803EB1C7F307170F540123E37028
:10AA00002846BDE8F8830B5CC7F3032723F00F0348
:10AA10001F43F2E783895B08B1FBF3F3C16A194472
:10AA2000FEF743FF05460028EAD1A2897600B6FB6F
:10AA3000F2F302FB1366E36B9F5598193F124770C0
:10AA4000DCE783899B08B1FBF3F3C16A1944FEF785
:10AA50002CFF05460028D3D1A389B60027F0704704
:10AA6000B6FBF3F103FB1161E66B0E443046FCF7D5
:10AA70006BFC00F0704047EA00013046FCF75CFCDC
:10AA8000BCE70225BCE72DE9F041804605680F468A
:10AA900049B96E69C6B12B6AB34298BF0126AB694A
:10AAA000A3B9002406E02846FEF717FF0128044654
:10AAB00003D801242046BDE8F081421C51D02B6A06
:10AAC0008342F7D83E46EAE70126E8E7BE4215D1C1
:10AAD0002B6A741CD8F80000A34298BF02242146B8
:10AAE000FEF7FBFE0128E4D0431C3AD0D8B16B69D5
:10AAF000012B03D92A6A934238BF1E4634460134DB
:10AB00002B6AA34202D8012ECBD902242146D8F8C1
:10AB10000000FEF7E2FE40B10128CAD0013020D08B
:10AB2000B442ECD1BDE7002CE8D04FF0FF32214613
:10AB30002846FFF71BFF90B957B92A6AAB69023A5A
:10AB40006C61934210D92B7943F001032B71B1E76B
:10AB5000224639462846FFF709FF0028EDD0012894
:10AB6000A7D14FF0FF34A5E7013BAB61EBE72DE93F
:10AB7000F04F1E46036885B00D46DB6F8246914656
:10AB8000984703A92846FCF779FB044607460028A6
:10AB900040F0D7806C7C5CBB2B7C9A0740F1D38063
:10ABA0006B690027DE42009728BFDE43002E00F0CD
:10ABB000BC8003986A698389B2FBF3F103FB11231C
:10ABC000002B40F08E80B0F80A8008F1FF3818EAB8
:10ABD000010826D1DAB9A86830B901462846FFF73E
:10ABE00052FF002800F0A180012812D102246C74C9
:10ABF000DAF800305046D3F880309847002C00F047
:10AC0000A580204605B0BDE8F04FFCF7BBBAA969A6
:10AC1000E4E7431C01D10124E9E7AB68A86103B96B
:10AC2000A8600398EB69826B9A4247D0DDF80CB0BC
:10AC3000A9695846FCF753FB0028D7D0BBF80C3065
:10AC400008EB00029E423ED3BBF80A10B6FBF3F3BA
:10AC500008EB030088429BF8010088BFA1EB0803C2
:10AC60004946CDE90023FCF72DFA8046DDE90023B3
:10AC70000028D0D10398816B891A8B420AD9828926
:10AC8000C06B02FB019100930CF072FA039A009BD7
:10AC900082F80380039AB2F80C8003FB08F80123C2
:10ACA00000936B69A6EB0806EA6847444344C14435
:10ACB0006B619A422CBFEA60EB6077E7FCF71AFB06
:10ACC0000028B3D0A7E76969EB68994208D35846D2
:10ACD0000192FCF70FFB019A00289CD1039B9A6319
:10ACE000EA6103986B69B0F80C80E969B3FBF8F28C
:10ACF00008FB1232A8EB0208B04528BFB046FEF7A9
:10AD0000D4FD002887D1039A69699089B1FBF0F3DB
:10AD100000FB1313D06B4946424618440CF028FA46
:10AD2000039B4FF00102DA70BBE72B7C43F040033A
:10AD30002B74009B002B3FF45BAF2846FEF73DFFD2
:10AD400056E7002754E72746072451E7384605B061
:10AD5000BDE8F08F2DE9F3410D4601A90446FCF74B
:10AD60008DFA0646002863D1667C002E60D1E36828
:10AD7000AB4204D2227C12F0020F08BF1D46002213
:10AD800063696261B5B90020E2686369934281BF7B
:10AD9000227CE36042F040022274019A9189B3FB65
:10ADA000F1F201FB1233002B42D0E369834218BF5A
:10ADB000E0613DE0019A518997894F4373B3013BAC
:10ADC0006A1EB3FBF7F1B2FBF7F28A4226D37A424E
:10ADD000A1691340ED1A63610029D4D0BD426369B3
:10ADE0000CD93B44A5EB07086361237C9A072AD55D
:10ADF0002046FFF748FE054648BB014663690198B7
:10AE00002B4463618389B5FBF3F203FB1255002DDC
:10AE1000B9D0FCF764FA48B11044B5E7A16881B92C
:10AE20002046FFF730FE0128014605D10226667450
:10AE3000304602B0BDE8F081481C01D10126F6E79A
:10AE4000A160A161C8E72068FEF747FD05466B1CBD
:10AE5000F4D0012DEAD9019B1B6AAB42E6D9294601
:10AE6000A5614546BAE7F8B51F46036806460D4694
:10AE7000DB6F14469847022F12D1EB681C44214621
:10AE80002846FFF767FF336804463046D3F8803022
:10AE90006D69984744B12046BDE8F840FCF772B9A7
:10AEA000012FECD16B69E9E72846F8BD2DE9F041A7
:10AEB00007690446884606682037B7F5001F24BF97
:10AEC00000238361836983B1B289B7FBF2F002FB8F
:10AED0001072002A38D101336169A36139B933890D
:10AEE000B3EB571F30D80023A36104200AE0738915
:10AEF000013B034228D13046FEF7EFFC012805460E
:10AF000002D80220BDE8F081421C01D10120F9E7FE
:10AF1000336A834212D8B8F1000FE4D06169204649
:10AF2000FFF7B1FD0546D0B10128EAD0431CEDD0B2
:10AF300001463046FCF7B1FB0028E7D129463046F0
:10AF40006561FCF7CCF9A061B28900202761B7FBED
:10AF5000F2F302FB1373F76B1F44E761D2E707209C
:10AF6000D0E72DE9F3410F4601A90546FCF786F924
:10AF7000044628B947B901462846FEF7DAFD0446DB
:10AF8000204602B0BDE8F0814FF400700CF090F85C
:10AF90000646C0B1019B18612846F7F79BF810F0F0
:10AFA000FB0804460BD139462846FCF7D5F9414643
:10AFB0002846FFF77BFF042814BF044600243046D0
:10AFC0000CF07EF8DCE71124DAE7036870B50D4673
:10AFD0000446DB6F984728460021FFF7C2FF23682D
:10AFE0002046D3F88030BDE8704018470368F0B5BC
:10AFF00016460F69C7B0DB6F05460C469847B74247
:10B000000ADD00212046FFF7ACFF2B682846D3F865
:10B010008030984747B0F0BDB742F6DA694620461F
:10B02000FFF79FFF27690028EFD19DF81630002B0E
:10B03000F2D1EAE7036870B50E46C6B00546DB6F8D
:10B040001446984730466946FFF78BFF2B68064643
:10B050002846D3F8803098472EB1304646B0BDE838
:10B060007040FCF78FB89DF8160088B19DF8083045
:10B0700013F0100F14BF0323052384F80031237845
:10B080002BB9FF220DF1160120460DF0FBFF012028
:10B0900046B070BDC16A4B1C2DE9F04104460568FD
:10B0A000066918D1E5274FF00108A1692846FEF787
:10B0B000FCFB60B9E3691F7085F803802369B34224
:10B0C0000DD201462046FFF7F1FE0028EDD00428FE
:10B0D00008BF022003E0FEF72CFD0028E2D0BDE807
:10B0E000F08100002DE9F04F002187B00446D0F830
:10B0F00000B0FEF71EFD0746002840F095804FF097
:10B10000FF094FF0FF33C846E3620293A169584636
:10B11000FEF7CBFB0746002840F08680E5692E78D5
:10B12000002E00F08580EA7AE52E02F03F03A3713D
:10B1300003D0120704D50F2B04D0029BE36256E024
:10B140000F2B5CD194F82B30580646D471064CD5A1
:10B15000236906F0BF0695F80D90E3626B7B4B45C3
:10B1600045D1EA7EAB7E53EA022340D12A78DBF850
:10B17000103002F03F07DFF8C0A001937B1E0D27BF
:10B180005F4301231AF8011B681815F80180407805
:10B1900048EA002873B3FF2F059228D84046FBF7F2
:10B1A000FDFF019B791C049033F817000391FBF716
:10B1B000F5FF049B98421AD103994346059A0F461E
:10B1C0001C495145DED1520604D51BB1019B33F811
:10B1D000173063B9013E5FFA86F800212046FFF779
:10B1E00065FE0746002891D01EE0B045B6D04FF06E
:10B1F000FF08F2E74FF6FF718845E1D0F7E7B8F1B5
:10B20000000F04D12846FEF741FB48450CD094F8C6
:10B210002B7017F0010790D10B2204F12001284672
:10B220000DF0BCFE002888D1384607B0BDE8F08F8D
:10B230000427F9E71D990108109901082DE9F04F3D
:10B240000B7885B0064689462F2BD0F800B001D088
:10B250005C2B09D14A461378914601322F2BFAD044
:10B260005C2BF8D0002301E0DBF81C30B36099F8C8
:10B2700000301F2B00F2308180230021304686F8F9
:10B280002B3005B0BDE8F04FFEF753BC49460B78B4
:10B29000894601312F2BFAD05C2BF8D01F2B8CBFA5
:10B2A00000240424012F2FD113882E2B31D1002309
:10B2B00022F8173006F120029F428CBF2E21202158
:10B2C00001330B2B02F8011BF6D144F02004304669
:10B2D00086F82B40FFF706FF96F82B30002800F089
:10B2E000E68004280BD1990603F0040240F1DB80CC
:10B2F000002A00F0F1808023002086F82B3005B072
:10B30000BDE8F08F0424CDE7022F02D153882E2B05
:10B31000CAD0911E3FB131F81730202B01D02E2B0F
:10B3200001D1013FF6E7002322F81730002F00F08B
:10B33000FD8032F81300194601332028F9D009B9ED
:10B340002E2801D144F00304931E33F817002E2851
:10B3500001D0013FF9D14FF020334FF0000A736262
:10B36000D0463362C6F827300823481C32F8115003
:10B370000090B5B1202D03D02E2D05D1B84208D0B4
:10B3800044F003040099F0E79A4505D20099B942C8
:10B390003BD10B2B30D101E00B2B27D144F0030420
:10B3A0000B2396F82020E52A04BF052286F82020EA
:10B3B000082B04BF4FEA88085FFA88F808F00C03EE
:10B3C0000C2B03D008F00303032B01D144F002043B
:10B3D000A0073FF57CAF18F0010F18BF44F0100430
:10B3E00018F0040F18BF44F0080470E70099B94240
:10B3F00002D044F00304D4D84FEA88080B234FF05E
:10B40000080A00975FFA88F8BCE77F2D14D944F04A
:10B4100002012846CDE902230191FBF703FF10F05A
:10B42000800F0546039BDDE9011216D000F07F0571
:10B430004048455D0C4645B329463F48CDE90123C8
:10B440000DF002FEDDE90123F8B9A5F1410189B251
:10B4500019291ED848F0020810E0FF28EAD9581E22
:10B46000824503D344F003049A468BE706EB0A00B7
:10B470002C120AF1010A80F820400C4606EB0A0162
:10B480000AF1010A81F820507CE744F003045F25AB
:10B49000F4E7A5F1610189B219299EBF203D48F06A
:10B4A0000108ADB2EAE7002A08BF052027E75A07DE
:10B4B0003FF525AFB379DB063AD5BBF80C103269FE
:10B4C0009BF80000B2FBF1F301FB1323DBF83C1007
:10B4D0001944FBF7C4FEB060336800271A6919F8F5
:10B4E000013B9CB2002B3FF40DAF7F2C06D903F13A
:10B4F00000431249803B31F81340BCB11F2C7FF64A
:10B5000001AF2F2C3FF4C2AE5C2C3FF4BFAE7F2CBA
:10B5100006D821460A4800920DF096FD009A28B9F7
:10B52000FF2F03D022F817400137D8E70620E6E6C0
:10B530000520E4E6F69B0108DB9B0108769C0108E8
:10B54000D29B01082DE9F04F90F82BB089B004464A
:10B550001BF0A00540F0928007683B6933F8152086
:10B560000AB10135FAE704F120060DF1140A1BF0C7
:10B57000010F96E807008AE8070000F08680402364
:10B580004FF0010884F82B30B4463B69B8F1050F41
:10B590009AE80700ACE803002CF8022B4FEA1242AD
:10B5A0008CF8002015D9991E424631F8020F88B157
:10B5B0004FF0100C00F0010E40080EEB4202D303D6
:10B5C00044BF82F4883282F02102BCF1010CF1D137
:10B5D000EBE742460DF1130C072102F00F0E9146E6
:10B5E00012090EF13000392888BF0EF137000139F9
:10B5F0000CF8010902D0B9F10F0FEED808AB7E208C
:10B600005A1802F8140C04F11F00002284469142DB
:10B6100006D01CF801EF02F10109BEF1200F20D184
:10B62000072902F1010297BF08AB4FF0200C03EB92
:10B63000010C013198BF1CF814CC072A00F802C095
:10B64000EED92046FFF74EFD8146D0B908F101083A
:10B65000B8F1640F98D14FF00709484609B0BDE82A
:10B66000F08F4A46D3E7804601212046FFF71EFCB3
:10B670008146F8B1B9F1040FEDD0EEE74FF00609BD
:10B68000EBE70428E9D184F82BB01BF0020F4FF050
:10B6900000012046D4F800A01BBF0C350D23012566
:10B6A000B5FBF3F518BF0135FEF743FA81460028D4
:10B6B000E0D18046A1695046FEF7F7F881460028A0
:10B6C000D8D1E3691B78E52B01D0002BCBD108F151
:10B6D00001084545C8D1013D55D021692046A1EB5F
:10B6E0004511FEF726FA81460028B6D14FF6FF78BD
:10B6F0003046FEF7CBF80190A1693846FEF7D5F841
:10B7000081460028A9D1E369E9B2019A4FF00D0CF6
:10B71000D7F810E05A734FF00F02DFF8A8A0DA72E2
:10B720004A1E18730CFB02F284469876D876404580
:10B730001AF8019B0CF1010C18BF3EF8120003EB44
:10B74000090B18BF013203F809004FEA202900282D
:10B7500008BF4046BCF10D0F8BF80190E7D1404582
:10B7600002D03EF812200AB941F0400119700123BD
:10B7700000212046FB70FFF799FB814600287FF4EB
:10B780006CAF013DB8D1A1693846FEF78EF881460D
:10B7900000287FF462AF20224946E0690BF0F6FCF6
:10B7A000E36903CE18605960B27831889A721981C2
:10B7B00094F82B30E26903F0180313730123FB7034
:10B7C0004BE700BF109901082DE9F3410C460646EE
:10B7D00011460568012C46D92B6AA34243D94AB9C0
:10B7E000A046214630682746FEF777F8044658B948
:10B7F000002006E04FF0FF322846FFF7B7F8002898
:10B80000EED002B0BDE8F08101282CD0431C2CD032
:10B81000002239462846FFF7A9F80028F1D12A6A04
:10B82000AB69023A934205D20133AB612B7943F005
:10B8300001032B717B1CA34211D041462846FBF724
:10B840004EFD394600902846FBF749FD6B89A0461E
:10B850006946013B184401906878FBF70FFC2B6A9E
:10B86000A342BED8C4E70220CBE70120C9E72DE9F7
:10B87000FF4103680C4601920646DB6F9847019929
:10B8800020466769FFF766FA054650B133683046CF
:10B89000D3F880309847284604B0BDE8F041FBF764
:10B8A00071BC03A92046FBF7E9FC05460028EDD151
:10B8B000657C002DEAD1237C9A0701D40725E5E7B2
:10B8C000D4F81480E368984508D320463946FFF73A
:10B8D00041FA044670BB04B0BDE8F081B8F1000F36
:10B8E00011D12A46A1682046FFF76EFF0546C4F82D
:10B8F00008806369E360237C43F040032374002DD8
:10B90000E3D06574C2E7A1692068FDF7E6FF431C38
:10B9100001460BD001280BD0039B1B6A9842E8D24A
:10B92000A2692046FFF750FF0546E2E70125E0E760
:10B930000225DEE733683046D3F88030984720464A
:10B94000AAE72DE9F043064687B02C20154606F1FC
:10B95000A4080F4602F012FD0446404606F1140901
:10B9600002F07CFCB36902AA214663604846F36991
:10B970000195A36001ABFDF74BFB0546A8B99DF807
:10B980000C30222B1CD104AA21464846FCF742F970
:10B99000054650B963682361A36863610E23A36100
:10B9A0001023E360736A74622360404603F0B6FCC0
:10B9B0004DB93C60284607B0BDE8F043FBF7A9BA93
:10B9C0006FF01305F1E720460BF07AFBF2E72DE963
:10B9D000F04F07469B4693B0382007F1A4098846EC
:10B9E000164602F0CBFC0446484602F037FC1BF03A
:10B9F000030C07F1140A00F0C580BCF1010F4FF0F1
:10BA0000000000F0C180BCF1020F844601D000218B
:10BA100000E003214FEA6B0202964FEAAB0502F405
:10BA2000807205F400752A430BF480652A434FEABF
:10BA30000B2505F40065154345EA0C0505430D4348
:10BA400005F00303012B11D102AB03AA07A950464D
:10BA5000FDF7DEFA064600BB9DF81030222B00F001
:10BA60008A80A9053FD56FF0100609E097F8543099
:10BA7000002BE9D15046FCF7E1FF06460028E3D051
:10BA8000484603F04BFC002E78D1C8F80040304601
:10BA900013B0BDE8F04FFBF73CBA821CF0D1029B1B
:10BAA0002F21184601930DF0CFFA83460028E7D1E5
:10BAB000EB05E5D5019B40F611028DF81200184602
:10BAC000ADF810200CF072FD4FF0FF328DF813002E
:10BAD00007A9019B5046CDE9052B03AAFDF73CFDC4
:10BAE00006460028CCD1089B002268056360099BAC
:10BAF000A261A360039BE360059B2361069BC4E9ED
:10BB0000075263610AD44FF0FF337D69E3626B6BC8
:10BB1000F3B13A6A62B16FF00B06B1E713B145F4C5
:10BB20008035E5614FF0FF320023C4E90423EAE7E2
:10BB30006363E36903F00303012B04D004F12C01D8
:10BB40002846FBF7F2FC3B6A00263C62236097E73D
:10BB5000E36903F00303012B06D168690BF0A8FA2F
:10BB600060630028EFD1D6E7A8690BF0A1FA606303
:10BB70000028E3D1CFE76FF0140681E720460BF0F1
:10BB80009FFA84E7012042E74FF0020C3FE70000F4
:10BB9000F0B50C468BB0064624B9326004613046DD
:10BBA0000BB0F0BD104601920CF000FD043002F025
:10BBB000E5FB3A233034054643702F2304700330ED
:10BBC00000F8013C3746019906AC0CF0E7FC084B45
:10BBD000002247F8045B0593064B029302ABCDE9C4
:10BBE00003220FCB84E80F0087E80F00D7E700BFE0
:10BBF000E76F00081D7600082DE9F04106468AB07F
:10BC000030208846019202F0B9FB019A0546B16DD9
:10BC100005A8FFF7BDFF33683046DB6F9847059BEB
:10BC20000393002D4BD0002204A903A8FEF796F839
:10BC3000044650BB049C4FF400702C600BF038FAA3
:10BC4000074600283DD0206128460399FFF7F6FA01
:10BC50000446A0B995F92B30002B08DBAB79DB0645
:10BC600029D5049BE9691878FBF7F9FAA860049BC9
:10BC700000212846DB88AB80FDF75BFF0446384691
:10BC80000BF01EFA042C18D00CB100232B60336883
:10BC90003046D3F880309847ACB128460BF010FA04
:10BCA0002046FBF76FFA044605A8FBF79FF92046EC
:10BCB0000AB0BDE8F0810524E1E70524E5E70924A1
:10BCC000E5E71124E3E7C8F80050EDE72DE9F04F70
:10BCD000804697B01C4628208A46019202F04EFB0F
:10BCE000019A0546D8F8581005A8FFF751FFA60796
:10BCF00056BF04F0010603260136A00505D56105EF
:10BD00004CBF46F0080646F01006D8F8003022076F
:10BD10004046DB6F48BF46F030069847059B0393CB
:10BD2000A5B90924D8F800304046D3F880309847A8
:10BD300028460BF0C5F92046FBF724FA044605A86F
:10BD4000FBF754F9204617B0BDE8F08F324604A93E
:10BD500003A8FEF703F8002840F0C780049C4FF4C6
:10BD600000700A940BF0A4F9814608B91124D9E7B0
:10BD700020610AA80399FFF761FA044620B99DF9EA
:10BD80005330002BB8BF062416F01C0F71D0002CC6
:10BD90004AD0042C3ED10AA8FFF7D4FB0446002861
:10BDA00038D146F00806FBF7F9FD014601901198DD
:10BDB0000E30FBF7C1FA119801991630FBF7BCFA67
:10BDC000049C11992078FBF74AFA202300220746A9
:10BDD000CB7220461199FBF737FA119B0022012103
:10BDE0001A775A779A77DA77049BD970002F4AD05E
:10BDF00039460AA8D3F838B0FFF7E6FC044648B93C
:10BE000059460498FDF751FD013F049B04465F61CC
:10BE1000002838D048460BF053F9D8F80030002CF1
:10BE200065D000232B607DE79DF82E3013F0110FB5
:10BE300057D13307B7D4049C119FA36B39466F6267
:10BE40002B622078FBF70BFA0146A86007F11C0073
:10BE5000FBF77AFAE388B2060746AB804FF000039F
:10BE6000E8602C602E746B74EB616B6110D400245D
:10BE7000D0E7002CCED19DF82E30DF062FD4B407AA
:10BE800001D5D8072DD4310748BF46F04006D2E788
:10BE90000028ECD06389A48968615C43BC421AD253
:10BEA00028683F1BFDF719FD0128014615D9431CE1
:10BEB000F4D10124A961002CACD104988389B7FB8B
:10BEC000F3F203FB1277002FD1D0FBF708FA50B141
:10BED0001044E8619EE70024ECE70224EAE704242A
:10BEE00098E7072496E7022494E7044699E7D3F8F5
:10BEF000803040469847CAF8005020E7F0B5D9B0E6
:10BF0000054617460A46816D01A8FFF741FE2B68DA
:10BF10002846DB6F98474FF48C72002112A80BF073
:10BF200035F9019B002206A968460093FDF716FF2C
:10BF3000044630B94FF400700BF0BAF8064678B9F1
:10BF400011242B682846D3F8803098472046FBF709
:10BF500019F9044601A8FBF749F8204659B0F0BD8D
:10BF6000069B0099186106A8FFF768F9044638B9DE
:10BF70009DF94330002B23DB12A906A8FBF7ECF94F
:10BF800030460BF09DF8002CDBD19DF8502040F29C
:10BF9000FF11129B284612F0100F3B6114BF4FF4A3
:10BFA00080434FF4004312F0010F40F26D1208BFBE
:10BFB0000A4613437B602B68D3F880309847C9E763
:10BFC0000624DDE72DE9F04198B005460A46816D6B
:10BFD00007A8FFF7DDFD2B682846DB6F9847079B16
:10BFE000022202A901A80193FDF7B8FE0446002829
:10BFF00040F08380029C4FF400700C940BF058F8D2
:10C000000646002800F0998020610CA80199FFF7EE
:10C0100015F90446002800F08C8004286AD19DF8A8
:10C020005B1011F0200140F08680029B03A803936F
:10C03000FEF729FD044600286FD0012870D0431C6C
:10C04000D3F1000848EB0308FBF7A8FC0746B8F15A
:10C05000000F68D121460298FBF71FFB002862D130
:10C06000029B4FF020321021DB6B1A605A60C3F83C
:10C0700007202E22029BDB6B1A70029BDA6BD172B7
:10C080003946D86B1630FBF757F902982246C16B38
:10C09000FBF7DAF80298C36B03F12002114653F85C
:10C0A00004CB934241F804CBF9D1C36B2E224FF05D
:10C0B000010883F82120C16B0E9A2031FBF7C4F8E8
:10C0C000029B0CA883F80380FFF73CFA58BB139837
:10C0D00039461630FBF730F9224602981399FBF7E0
:10C0E000B3F8139B10220298DA7280F80380FBF7F2
:10C0F0000BFC044630460AF0E3FF2B682846D3F8D1
:10C10000803098472046FBF73DF8044607A8FAF729
:10C110006DFF204618B0BDE8F0814FF0070893E7A7
:10C120004FF0020890E70022214603A8FFF74CFBDE
:10C13000DFE70824DEE70624DCE71124DDE7F0B5BD
:10C14000AFB0054614460A46816D09A8FFF720FDE9
:10C150002246A96D04A8FFF71BFD2B682846DB6F5C
:10C160009847099B02A80193049B0293FBF79AF856
:10C170000028C0F2AE80022203A901A8FDF7EEFD5F
:10C180000446002840F08F80039C4FF40070169402
:10C190000AF08EFF0646002800F09D80206116A858
:10C1A0000199FFF74BF80446002879D19DF88330B8
:10C1B00013F0A00F40F089801D9B0EAC03F1200707
:10C1C0001868083353F8041C2246BB4203C21446C5
:10C1D000F6D116AF22AC0FCF0FC40FCF0FC497E824
:10C1E0000F0084E80F00029922A8FFF727F8044601
:10C1F00048B9249A189B9A4203D1269A1A9B9A42CC
:10C2000003D008244CE004284AD122A8FFF79AF969
:10C210000446002844D129990DF145030DF155003C
:10C2200001F10D0253F8044B834242F8044BF9D15B
:10C230001888012710809B7893709DF84330039CE9
:10C24000DA0658BF43F02003CB72E770CB7ADB06E7
:10C250001DD5189A249B9A4219D02078FAF7FFFF2F
:10C2600001462046FBF73BF8014680B32046FDF728
:10C270001CFB0446A0B90398C16B91F821302E2B0A
:10C2800005D1249A2031FAF7DFFF039BDF7016A84F
:10C29000FEF700FF044618B90398FBF735FB044688
:10C2A00030460AF00DFF2B682846D3F880309847B7
:10C2B0002046FAF767FF044604A8FAF797FE09A894
:10C2C000FAF794FE20462FB0F0BD0624E8E70224DA
:10C2D000E6E70B24E7E71124E5E72DE9F043A1B0F9
:10C2E00005460A46816D03A8FFF752FC2B682846D5
:10C2F000DB6F9847039B022202A901A80193FDF777
:10C300002DFD0446E8B9029C4FF4007008940AF031
:10C31000CFFE804600285CD0206108A80199FEF776
:10C320008DFF044650B99DF84B3098064FD419063E
:10C330004DD49DF82670FA0715D5072440460AF01B
:10C34000BFFE2B682846D3F880309847072C42D090
:10C350002046FAF717FF044603A8FAF747FE2046DF
:10C3600021B0BDE8F083029E0F993078FAF777FF8D
:10C37000FB0681460DD408A8FEF78CFE0446002873
:10C38000DCD1B9F1000F19D10298FBF7BDFA0446D0
:10C39000D4E7F3699842D0D02146169014A8149699
:10C3A000FDF7C7FB04460028C8D114A8F5F792FE94
:10C3B00004460028C1D00428C0D1DCE70246494623
:10C3C00008A8FFF701FA04460028B7D1DCE70624E5
:10C3D000B4E71124B5E76FF05904BDE7406810B128
:10C3E00003689B6C18477047407E7047007E70471B
:10C3F000D0E9042110B5D0E90234981844EB0101CA
:10C4000010BDD0E902017047D0E90401704790F8EF
:10C4100020301BB1406803685B6B18476FF47A608B
:10C42000704790F8201030B459B1D0E90114C068B9
:10C430000D6812192D6B40EB03030846294630BCEA
:10C4400008470020002130BC704790F820301BB115
:10C4500040680368DB6A184700200021704790F8A5
:10C4600020301BB1406803689B6A184700200021F8
:10C47000704790F820301BB1406803685B6A18472A
:10C480000020002170472DE9F34190F82010044668
:10C4900015469846DDE9086799B10168CDE900675E
:10C4A000496C884768B1E368D4E901020168AA18B9
:10C4B000CDE9086748EB0303C96902B0BDE8F04164
:10C4C00008476FF47A6002B0BDE8F0812DE9F043CF
:10C4D00090F820C085B00446154698460391DDE9E2
:10C4E0000C67BCF1000F16D0CDE900670168D1F8E8
:10C4F0004090C84778B1E3680399D4E90102046821
:10C50000AA18CDE90C67A46948EB0303A44605B05B
:10C51000BDE8F04360476FF47A6005B0BDE8F08392
:10C520002DE9F04390F820C085B0044615469846A2
:10C530000391DDE90C67BCF1000F16D0CDE900676F
:10C540000168D1F83C90C84778B1E3680399D4E911
:10C5500001020468AA18CDE90C67646948EB03037B
:10C56000A44605B0BDE8F04360476FF47A6005B0BB
:10C57000BDE8F08390F820301BB1406803681B6968
:10C5800018476FF47A6070472DE9F047D0E901143D
:10C5900005684FEA640A9DF820C005EB6400E407D3
:10C5A0009DF824E048BF55F80A409DF82880DDF842
:10C5B0002C9048BF6158DDE90C67CDE90A89CDE9C7
:10C5C0000C67CDE908CEBDE8F0470847FF2070476B
:10C5D000D0E944017047F0B51F46D0F8183116462F
:10C5E00001332DD1D0F86021D0E94445AF4208BFD6
:10C5F000A6421CD2D0F82811C9B101290CD000F5EF
:10C60000B47C0023994212DDFCE80245BD4208BF1C
:10C61000B44202D20133F5E700230344012193F829
:10C62000544100230C4205D0723350F823201046A9
:10C63000D117F0BD01334900042B49B2F2D1F6E71E
:10C640004FF480500021F4E7004870471AA2010817
:10C65000D0F86001002170470120002170472DE9CA
:10C66000F74F164601680269054600930192896BEF
:10C670004769DDE90CAB16EB0A0843EB0B09884769
:10C68000494508BF4045DDE9003203D2002003B030
:10C69000BDE8F08F16F17844284643F1FF31A41825
:10C6A0002A6841EB0707116B3246884702460B4662
:10C6B000204639460CF0BEFE1343E7D114EB0A04C2
:10C6C0002B68284647EB0B0718F1FF32196B49F12D
:10C6D000FF33884702460B46204639460CF0AAFE37
:10C6E00013430CBF01200020D1E700000048704731
:10C6F00020A20108D0E90601704790F82030002BF5
:10C700000CBF4FF0FF30FF20704790F8203013B17E
:10C710002020002170470020FBE77047094B0A48A2
:10C720005B6870B590248D1804FB03038D4207D01D
:10C7300011F8014B1868C6693606FCD58462F5E726
:10C74000104670BD6C1200241013002400207047A6
:10C75000012070476FF0150070476FF01C007047A4
:10C7600008B5836823B9054B1B6893F83D0008BDE5
:10C77000C06898470028F6D0F9E700BFF01C0024F5
:10C7800003681B6818470000094B30B51A46094C6E
:10C79000D3F89450A542FBD1036829B181680B609E
:10C7A0004FF44073536130BDC1681B04F7E700BF0D
:10C7B0000064025800030080BFF35F8F0122084924
:10C7C0008A6001320B69042A23F0010343EA000363
:10C7D0000B61F5D1BFF34F8FBFF36F8F704700BF71
:10C7E00090ED00E0BFF35F8F064A0023936013696A
:10C7F00023F0010318431061BFF34F8FBFF36F8F16
:10C80000704700BF90ED00E070472DE9F0474668A3
:10C8100096F8327087BB03685B689847346A844235
:10C820002AD03369041B96F934201C40B368306267
:10C83000A4FB0345CAB1736A14EB030845F1000970
:10C84000002A1BDBC2F12001A2F1200328FA02F426
:10C8500029FA02F509FA01F129FA03F30C431C4302
:10C8600004FA02F2A8EB02027262D6E90A321B193C
:10C8700045EB0202C6E90A32BDE8F087D6F80CA003
:10C880003B464046494652460CF0D4FD04460D4610
:10C890000AFB1082E8E72DE9F14F46680546376B41
:10C8A00027F07F4727F0FF07002F57D1FFF7ADFF95
:10C8B0007368002B60D0D5F800A0D3E90001D6E959
:10C8C0000A238B4208BF824205D3DAF8143001B044
:10C8D000BDE8F04F18476C68D4E90A32D4F814B0B8
:10C8E000B0EB030861EB0209D4E906234B4508BF0E
:10C8F000424520D3E36894F933C0A3FB080103FB4E
:10C900000911BCF1000F13D0A268531EC01841F1E9
:10C910000001BCF1000F24DBCCF12002ACF12003BC
:10C9200020FA0CF001FA02F221FA03F31043184343
:10C93000834528BF8346236A9B4423690BEA030B84
:10C94000DAF81030584698472B685B689847336A86
:10C950005B450AD258450CD283420AD801B0BDE8E3
:10C96000F08F3B460CF066FDE2E78342F6D958456E
:10C97000F4D32B685B69AAE77369306A326918449B
:10C980002B6810401B6901B0BDE8F04F184700004C
:10C99000014BD868704700BF3C0100246FF01500C0
:10C9A0007047012070474168034630B471B1D0E947
:10C9B000032000F0010402B944B1451001EB60000E
:10C9C0000CB149598A58996830BC104730BC70473F
:10C9D0006FF015007047036800221B691146184765
:10C9E0000368012200211B691847704784B001A821
:10C9F00004B080E80E0070471120704700290CBF7A
:10CA00006FF018000020704703680BB10846184704
:10CA100070470000024B987A003818BF0120704719
:10CA20003C01002408B504F013F8FCE7014B5869F9
:10CA3000704700BF3C01002401230A4A90F92010EE
:10CA400043701C32936810B51BB193F920408C429F
:10CA500005DCC0E90232906003B1D86010BD1A460F
:10CA60009B68F1E73C01002490F82230826B13F0C0
:10CA7000100F0CBF602020201044704710B5C4690F
:10CA8000621CD0E904310CD103B1596142691AB179
:10CA900013610023436101E0074A13630023C3616C
:10CAA00010BD1BB1DA6959612244DA614269002A7A
:10CAB000EED1014AD362F1E73C010024C2682AB1F9
:10CAC0008368936003B1DA600023C3607047037822
:10CAD000F12B00D07047C068F9E783689A688260DC
:10CAE00002B1D06000221846DA60704738B51F4C9A
:10CAF000237A022B35D1636A002B34D063694A1C38
:10CB0000587016D1226B002172B94FF0FF30C3E983
:10CB10000421D86159B10B611548FFF7DEFF0223EC
:10CB20004370A061012038BD11461269ECE7236310
:10CB3000F2E7E26A002012B1D569A9420BD2D961AD
:10CB4000C3E9042058B10361002AE5D0D0695361DC
:10CB5000411AD161E0E71046491B1269EBE7E36235
:10CB6000F2E70020DFE71846DDE700BF3C010024C4
:10CB70005801002491F92020836810B51BB193F966
:10CB80002040944205DAC1E90230816003B1D960E6
:10CB900010BD18469B68F1E7012301464370014828
:10CBA000FFF7E8BF5801002470B5124D04462E7AF5
:10CBB000696990B9022E0FD16C6A6CB194F920208A
:10CBC00091F920309A4207DD2046FFF777FF0846AB
:10CBD000FFF732FF6670AC6170BD022E05D190F98F
:10CBE000202091F920309A42F1DC2046BDE87040C7
:10CBF000FFF7D2BF3C01002438B504461546FFF7C5
:10CC000033FF01602046FFF739FF1DB1BDE8384012
:10CC1000FFF7CABFBDE83840FFF7BEBF10B50446F6
:10CC2000806918B100221146FFF7E6FF6378232BD5
:10CC300002BFA36800229A6110BD10B501460446E8
:10CC400064B12378F12B07D00846FFF737FF204661
:10CC5000BDE81040FFF78EBFE468F1E710BD0000AB
:10CC600038B5254DEC6A002C45D0E369013BE36102
:10CC7000002B40D16378732B06D009D8532B0BD0EF
:10CC800003F0DF03432B29D12046FFF720FF25E0E7
:10CC900003F0EF03832BF6E72046FFF718FFC37876
:10CCA0009B071BD5C06890F92120C36AD9788907F2
:10CCB00009D599688C4208BFA16821B191F920106B
:10CCC0008A42B8BF0A465B69002BEFD190F9203049
:10CCD000934203D080F82020FFF7AFFF2046FFF7F4
:10CCE000EDFEFFF759FF246924B1E369002BC1D0A1
:10CCF00000236361EC6238BD3C01002410B503469B
:10CD000053E8000F084203D1BFF32F8F002005E046
:10CD100020EA010243E8002404B1F1E710BD10B598
:10CD2000034653E8000F00EA01028A4203D0BFF332
:10CD30002F8F002005E020EA010243E8002404B11F
:10CD4000EFE710BD10B543780446332B15D190F8AA
:10CD50002330416A03F001029B0708D428301AB13E
:10CD6000FFF7DDFF48B10BE0FFF7C8FFFAE7806A85
:10CD700001EA000312B19942F4D010BD002BFCD09F
:10CD8000014600222046BDE81040FFF735BFD0E83D
:10CD90005F3F13B9BFF32F8F04E05A1EC0E8512F35
:10CDA00001B1F4E798B2704710B5D0E85F3F5A1C64
:10CDB000914200D80022C0E8542F04B1F5E798B2A0
:10CDC00010BD10B5D0E85F3F994202D8BFF32F8F56
:10CDD00004E05A1CC0E8542F04B1F3E798B210BD28
:10CDE00010B50446B8B10378F62B14D183683BB173
:10CDF000FFF773FE01220021FFF7FEFE002010BDA9
:10CE0000C1890C30FFF7DDFFE38983428CBF00202E
:10CE10006FF00200F3E76FF00300F0E7836810B5EE
:10CE2000044663B10C30FFF7B2FF40B12046FFF774
:10CE300054FE0022BDE810401146FFF7DDBE10BDD4
:10CE4000284B5A6970B50446002A41D0002842D0C8
:10CE50000378F52B3FD1037E002B3FD0C168914270
:10CE60003CD1013BDBB2037613BB43690BB10169D3
:10CE700019612169F1B14B6192F92130D56ADDB9AF
:10CE800082F82030A36883B12046FFF726FE0646CD
:10CE90002A462946FFF7B0FEF36AC4E903656361D9
:10CEA00003B11C610123F46223760020FFF77CFEAE
:10CEB00000200FE0D362DFE7E978890706D5A9688B
:10CEC00021B191F920108B42B8BF0B466D69D6E7AE
:10CED0004FF0FF3070BD6FF00300FBE76FF0020012
:10CEE000F8E700BF3C010024224B70B55D690446A1
:10CEF0000E46002D35D0002836D00378F52B33D1DF
:10CF0000037E53B9C0E90353EB6A436103B118616F
:10CF10000123EC620020237670BDC278D10706D5CC
:10CF2000C168A94203D1FF2B21D00133F2E7F6B14A
:10CF300093070AD5E06895F9203090F920209A42AD
:10CF400003DA80F82030FFF778FE31465320FFF7F0
:10CF5000CDFD18B129462046FFF70CFE6FF0010009
:10CF6000DAE74FF0FF30D7E76FF00300D4E76FF058
:10CF70000200D1E73C0100242DE9F04104460026DF
:10CF800001270CB9BDE8F081E378D4F814801B07C1
:10CF900012D5A36826767BB12046FFF79EFD0022BE
:10CFA00005461146FFF728FEEB6AC4E903566361A4
:10CFB00003B11C61EC6227764446E2E7034653E87E
:10CFC000000F421C43E8002101B1F8E77047036BF2
:10CFD00030B4BBB1CD780024DA78AA420AD31A461D
:10CFE000C1E9012462B191607CB16160283030BC3C
:10CFF000FFF7E4BF5A681C46002AF1D01346EBE75E
:10D00000C162F1E7C1E90133C1620163EEE730B506
:10D01000F0B1C3688B421BD803698B4218D900F169
:10D0200014031A680A60BFF35F8F53E8002F0C687F
:10D030009442F6D143E8001505B1F2E7043050E818
:10D04000003F5A1E40E8002101B1F8E7002030BD42
:10D050006FF00300FBE710B590B100F1140353E843
:10D06000004F14B9BFF32F8F04E0226843E800217A
:10D0700001B1F4E714B10430FFF7A0FF204610BD62
:10D080000446FBE730B5C0B189B1C2B1CBB10024D1
:10D090000160C3604361C0E9014202FB01F41D1954
:10D0A00005611846013904D1A21A99500121084698
:10D0B00030BD851805602846F4E70146F7E71146BC
:10D0C000F5E71946F3E730B580B1C9B1A1F108051C
:10D0D00000F108040022A54209D16B6823F0030483
:10D0E00043681B1B43603AB96A60012030BD236866
:10D0F00022463BB11C46EEE751F8083C1360F4E7CA
:10D100000846F3E71846F1E710B5C378044613F074
:10D11000010322D1038083789A0708D513F0100FFA
:10D12000016B134B0FD0D3F88400FFF770FFA37887
:10D13000DB071CD50E4B2146D3F8880038B1BDE87B
:10D140001040FFF764BF586FFFF7BDFFEFE7D3F85C
:10D150008000BDE81040FFF7B6BF042343700023F2
:10D16000C360034B5A6B826002B1D0605C6310BD38
:10D170003C01002438B5044600283BD00378F12B4D
:10D1800038D1437803F00F03022B06D0032B28D0AD
:10D19000012B23D06FF002001FE0184B1A7A022AED
:10D1A000F8D15B6A002BF5D0E06AFFF7E5FE204678
:10D1B000FFF734FD6578022D18D1104901F11C00EC
:10D1C000FFF78BFC45708861EFF30983A3630023AD
:10D1D0004B612046FFF798FF002038BDFFF76EFC3B
:10D1E000E2E7FFF76BFCFFF749FCDDE70020FFF704
:10D1F000DBFCEEE76FF00300EFE700BF3C0100242B
:10D2000070B50F4C267A022E18D1636AB3B16569E6
:10D21000E86AFFF7B1FE2846FFF700FD04F11C00A5
:10D22000FFF75BFC4670A061EFF30983AB6300235B
:10D2300028466361BDE87040FFF766BF70BD00BF60
:10D240003C01002470B5054638B30378F62B24D191
:10D25000836863B12846FFF740FC00226FF00201AB
:10D26000FFF7CAFCA8680028F4D1FFF79DFCAB7853
:10D27000002613F001032E7012D00A4B2946D3F872
:10D28000984024B12046FFF7C2FE304670BDD3F867
:10D290008000FFF718FF2046F8E76FF00300F5E77E
:10D2A0001846F3E73C01002470B50446002849D035
:10D2B0000378F52B46D1037EBBB16369C0680BB11F
:10D2C00022691A61226902B3536190F92120C36A6D
:10D2D000EBB990F92030934203D080F82020FFF77B
:10D2E000ACFCA068F8B9FFF75FFCA078002610F04E
:10D2F0000100267008D0154B2146D3F89450DDB1BB
:10D300002846FFF784FE304670BDC362DDE7D9785A
:10D31000890706D5996821B191F920108A42B8BFD2
:10D320000A465B69D4E72046FFF7D7FB00226FF07F
:10D330000201FFF761FCD4E7D3F88000FFF7C3FEDA
:10D340002846E1E76FF00300DEE700BF3C01002460
:10D35000F0B568B381B10F3100F1080621F007077D
:10D36000334636685C68F11A24F00304091B8F42C7
:10D3700004D931680029F3D10846F0BD45683A4325
:10D3800004683D444560204450F8041C08388D4230
:10D3900088BF4560586818B903F108015A60EBE787
:10D3A00020F0030019181E504A6019600831E3E7A5
:10D3B0000146E1E72DE9F04F85B08146029120B9A1
:10D3C0000024204605B0BDE8F08F002A00F08680DA
:10D3D0009468B4B1A007F3D1D368432BF0D997690F
:10D3E000D2E904658EB17107EAD1002DE8D077B992
:10D3F00018276B07E4D1A5F14801574B99420BD987
:10D40000DEE7D368002BEAD0DAE7002F64D07B1E7A
:10D41000372BD5D8002DECD1D2E900A30193002CF5
:10D4200069D14E4BD3F8880000285DD0FFF713FE7A
:10D4300004460028C4D04FF00108A6B9DFF81CB19B
:10D44000002D71D1DBF88400002857D0FFF703FED0
:10D45000002870D048F0100806464FF4805548F078
:10D460000208002CACD040F2F113FD226563403D70
:10D4700023807FB2019B35446284E3700023384AE5
:10D4800084F80280C4F804A084F8207084F8217025
:10D49000C4E90E59C4E90233C4E90433C4E90633CC
:10D4A000C4E90933C4E90B363260A26B114602F1BC
:10D4B000340042F8043B8242FBD12A4B20462A4AE0
:10D4C000C1E90D394FF08073CB63029B0B62234B94
:10D4D0001A66FFF769FB74E718279BE79246164622
:10D4E0001827154601929CE701224421D3F88000B9
:10D4F000FFF72EFF9CE74FF000089EE72A464FF407
:10D5000080554FF48051DBF87400FFF721FFF8B924
:10D51000B8F1000F1ED0DBF888207AB12146104602
:10D520000024FFF774FD9AE732462946DBF87400C1
:10D53000FFF70EFFEBE74FF48055E9E72146DBF8F4
:10D5400080000392FFF7BFFD039A1446164686E754
:10D55000064684E7444682E7B7FFFF7F3C0100248C
:10D56000A52E5AE259F2000845CD000870B54FF6D5
:10D57000FE731446421E05460E469A4201D900200B
:10D5800070BD8842FBD3CCB1A068226890B110F086
:10D590000303F4D1E1680F29F1D91446F622837010
:10D5A00000234460027083600D4A0E4B8681C58162
:10D5B0009A66E5E7E368002BE1D11446094BD3F8FE
:10D5C000980028B1FFF747FD0028D8D00123E5E7F0
:10D5D00001221021D3F88000FFF7BAFEF4E700BF64
:10D5E0001DCE00083C01002438B5034660B3D0E9E5
:10D5F00000458068A0B110F0030201D0002038BDC2
:10D60000DB681B2BFAD91346F52283700023C57003
:10D61000027044600376C0E90233C0E90433EEE7E8
:10D62000DB68002BEAD10A4BD3F8940030B9012211
:10D630001C21D3F88000FFF78BFE01E0FFF70BFD04
:10D640000028DBD00123DFE704460546EBE700BFF7
:10D650003C01002410B598B140EA010313F0070320
:10D660000ED117290AD90160083910220C1842601E
:10D6700084600B5081684A60C3600123184610BD66
:10D680000023FBE738B51C4C257A012D28D07DBB43
:10D690001A4B29462846E3651023A4F85430052385
:10D6A0002364FFF7D7FF08B1C4F880500021084673
:10D6B000FFF7D0FFB0B9D4F8803000216367084687
:10D6C000FFF7C8FF80B9D4F880300021A36708466F
:10D6D000FFF7C0FF50B9D4F88030E367012323720D
:10D6E000002038BD0023E8E70023EEE70023F4E73D
:10D6F0004FF0FF30F5E700BF3C010024142E00245A
:10D70000064BDA6A3AB1D0695B6C1BB11B6998426F
:10D7100028BF184670474FF0FF30F5E73C01002462
:10D7200010B50446D0B10268806898B110F00303C8
:10D7300001D0002010BDE1680F29FAD91446F32268
:10D7400083700023446002700D4AC0E902330D4B20
:10D750005A66EFE7E368002BEBD11446094BD3F888
:10D76000900028B1FFF777FC0028E2D00123E6E71C
:10D7700001221021D3F88000FFF7EAFDF4E700BF93
:10D780007FD800083C01002410B402F00104920785
:10D7900009D40C301CB15DF8044BFFF7C0BA5DF83A
:10D7A000044BFFF7ABBAC06801EA00022CB191420A
:10D7B00018BF00205DF8044B7047002A08BF002006
:10D7C000F8E70000F8B50D4617461E460446C0B1FE
:10D7D0000378F32B15D1002913DBFFF7D5FF90B9A0
:10D7E00096B131464320FFF781F938B1084B204606
:10D7F0005969FFF7BFF94D6281F823706FF001009E
:10D8000001E06FF00300F8BD6FF00200FBE700BF1E
:10D810003C010024F8B5064670B30378F32B2BD1F6
:10D82000002929DB00F10C0353E8002F42EA010430
:10D8300043E8004000B1F7E7B56825B92846FFF78F
:10D84000B3F92046F8BD696A304695F82320AF68E1
:10D85000FFF79AFF014668B195F823309B0756BF42
:10D860006C6A044620EA04042846FFF727F90022E0
:10D87000FFF7C2F93D46E0E76FF00304E1E770B55A
:10D880000546846804B970BD616A284694F823206F
:10D89000A668FFF779FF014628B12046FFF70EF989
:10D8A0000022FFF7A9F93446ECE7014608B538B184
:10D8B0001320FFF71BF980F00100C0B2404208BD01
:10D8C0006FF00300FBE7C3681847D0E90030184742
:10D8D000D0E90132016810B401EB62005410D207A4
:10D8E00048BF0A595DF8044B48BFD3581847FFF7A3
:10D8F000EABF7047002050709070D070704730B50C
:10D90000A1F11004002500F00F02CD7302390009C7
:10D91000D3B2092ACCBF373330330B748C42F2D1E7
:10D9200030BD0000322310B50A4C0B800A4BA11CFD
:10D930001868FFF7E4FF094B04F112011868FFF7BC
:10D94000DEFF074B04F122011868FFF7D8FF2046DD
:10D9500010BD00BF0400002400E8F11F04E8F11F1F
:10D9600008E8F11F90F8203010B504465BB11C3078
:10D97000F4F792FB38B984F8200060680368BDE8CA
:10D980001040DB681847002010BD10B5044609F0B0
:10D9900097FB204610BD10B5044609F091FB2046C8
:10D9A00010BD10B5044609F08BFB204610BD08B52C
:10D9B00090F820302BB100691044F4F717FB0021D8
:10D9C00008BD1846FBE708B590F8203023B1006980
:10D9D000F4F70CFB002108BD1846FBE7F8B59C46A0
:10D9E0000D4617460446002872D00278FA2A6FD1F5
:10D9F00000296DD000F1280252E8001F11B9BFF3D1
:10DA00002F8F04E0481E42E8000606B1F4E711B18A
:10DA1000E66A01229EB9BCF1000F5CD0614683200A
:10DA2000FFF764F840B1304B20465969FFF7A2F880
:10DA3000EFF30983C3E902576FF0010023E0B11C43
:10DA4000D1E84F0FC1E8432F03B1F9E710F0FF0F02
:10DA500044D0B668DEE79A60B268AAB15360626AE1
:10DA600006F10C01284609F083FB0FB1F3783B70F7
:10DA7000002504F10C07314638463570FFF7C7FA28
:10DA8000A3681BB90020F8BD2363E8E73846FFF719
:10DA9000E2FA06460028F5D02046FFF71EF80746B2
:10DAA00029460122FFF7A8F83846FEF7DDFF626A33
:10DAB0000746816806F10C0009F05AFBF923B5709E
:10DAC000314633702046FB68F370FFF780FAD9E7E0
:10DAD0006FF00300D7E76FF00200D4E7D6E9013218
:10DAE000002BB8D1E262B7E73C010024F8B5817899
:10DAF00004468568002938D04368C6688BB39D60AA
:10DB0000A26882B35360002706F10C05214628461F
:10DB10002770FFF77CFAB368002B4CD02846FFF73C
:10DB20009AFA0446002846D03046FEF7D6FF05464E
:10DB30003A463946FFF760F82846FEF795FF726AC5
:10DB40008168054604F10C0009F012FBF923A77067
:10DB5000214623703046EB68E370BDE8F840FFF7DC
:10DB600036BAF562CCE73363CDE7AB6803B35B78D5
:10DB7000832B1DD12846FEF7B0FF06460A46FFF765
:10DB80003BF83046FEF770FF06466A6A04F10C0166
:10DB9000806809F0EDFAF3680BB1E2781A7000239F
:10DBA000214605F10C002370BDE8F840FFF72FBABD
:10DBB00021462846D1E7F8BD2DE9F0410C4617462D
:10DBC00098460546002848D00378FA2B45D100290D
:10DBD00043D08368C3B15B78832B15D1FEF77DFFFB
:10DBE000064601220021FFF707F83046FEF73CFF0A
:10DBF00006466A6A2146806809F0BAFAF06808B1F8
:10DC000007700020BDE8F08105F10C00FFF723FA52
:10DC1000064670B121466A6A0C30002409F0A8FA61
:10DC2000F923314628463370B470F770FFF7CFF907
:10DC3000E7E7B8F1000F13D041469320FEF756FFF7
:10DC400040B1094B28465969FEF794FFEFF3098369
:10DC5000C3E902476FF00100D4E76FF00300D1E79A
:10DC60006FF00200CEE700BF3C010024024B1868B1
:10DC700008B1F9F7FDB87047A835002470B514460F
:10DC80006FF00046126805460498B24207D238B1D8
:10DC9000014618460BF07AF9431C05D1206070BD8F
:10DCA00015B18A4238BFAB54236801332360F6E7CD
:10DCB0002DE9F04F2DED028B8DB00E46002105466B
:10DCC0009DF87030174607A814229DF868900493B9
:10DCD0000691DDE918AB09F059FA049B002B14BF3B
:10DCE00030232023B9F1010F08EE103A48D1BAF1E0
:10DCF000000F7BF1000343DADAF1000ACDF80C9053
:10DD00006BEB4B0BA9F102034FF00008DBB205935C
:10DD1000059B012B5ED8B9F1020F0AF00F030CBF6F
:10DD20003B4A3C4AD35C06AA02F808304FEA1A1371
:10DD30004FEA1B1243EA0B7393469A465AEA0B03C7
:10DD400008F1010444D1039B23B3049B3BB11D9B09
:10DD50003A463146284600932D23FFF78FFF08F1FE
:10DD600002041B9B9C421ADB049B3BB91D9B3A4659
:10DD70003146284600932D23FFF780FF013C1FE02A
:10DD80005AEA0B0302D000230393BBE7302301249C
:10DD90008DF818301B9B9C4212DA002303931D9BC5
:10DDA0003A4631462846009318EE103AFFF766FFD0
:10DDB0001B9B013BA3421B93F1DC039B002BD3D1A4
:10DDC0000DF11808CCB90DB0BDEC028BBDE8F08F99
:10DDD000A0469DE7504659460A2200230BF02AFB35
:10DDE00006AB30325046594603F808200A22002379
:10DDF0000BF020FB82468B46A0E71D9B013C3A4678
:10DE000031460093284618F80430FFF737FFD9E76A
:10DE1000EBA90108FBA901082DE9F04F1C468BB0C6
:10DE2000002306460D46DDF8508017460993AAB137
:10DE3000994213DB0CBF012301F1FF354FF0000BBA
:10DE4000079317F80B306BB946B1079B33B9099BA1
:10DE5000AB4295BF079A079BF254735509980BB0D4
:10DE6000BDE8F08F252B40F02B810BF1010A17F84C
:10DE70000A30203BDBB20D2B07D842F6090222FA0A
:10DE800003F3DB0748BF0BF1020A17F80A302A2B0D
:10DE900046D100210AF101020434084617F802C0F5
:10DEA000BB18BCF12E0F62D193F801C0BCF12A0F50
:10DEB00051D00022C7F10109069209EB030213F8C1
:10DEC00001CFACF1300C5FFA8CFEBEF1090F47D9DF
:10DED000BB5C682B4ED1BB185B78682B0CBF7223E0
:10DEE000112303F0030A924417F80A90B9F1640F62
:10DEF00002D0B9F1690F62D1822B55D1073424F0D9
:10DF00000704F4E8022303910121CDE904080291FA
:10DF100029463046CDE9002309AAFFF7C9FE87E06C
:10DF2000302B16D10AF1010A17F80A30302BF9D03C
:10DF30000120BA440021AAEB07021AF8013B303B4A
:10DF40005FFA83FCBCF1090FA8D80A2202FB013159
:10DF5000F1E70020EDE7023254F8043B0693B7E7FF
:10DF6000069A4FF00A0E0EFB02C20692A5E76FF06A
:10DF70000043F3E76C2B06D1BB185B786C2B0CBF0E
:10DF800082232123ADE76A2B08D07A2B08D0742B8B
:10DF900008D04C2B14BF00236123A2E73123A0E754
:10DFA00041239EE751239CE7112B54F8042B04D006
:10DFB000722B08BF52B2D317A5E712B2FBE7B9F133
:10DFC000750F03D009F0DF02582A24D1822B0CD11F
:10DFD000073424F00704F4E80223B9F1750F039124
:10DFE000CDE9040811D1002191E7512B54F8042BFD
:10DFF00009D0722B03D0112B03D00023EDE7D2B24E
:10E00000FBE792B2F9E7D317E7E7B9F1580F0CBF76
:10E01000032102217BE7B9F1630F0CD154F8043BD3
:10E0200009AA29463046DBB2CDF80080FFF726FE6C
:10E030000AF1010B05E7B9F1730F15D154F804BBD0
:10E040000BF1FF3919F8013F002BF1D0069AA2EB32
:10E0500009021BEB020FEBD009AA29463046CDF886
:10E060000080FFF70BFEEDE7B9F1700F1BD154F8FC
:10E07000049B302309AA29463046CDF80080FFF7DB
:10E08000FDFD782309AA29463046CDF80080FFF728
:10E09000F5FD00234A46CDF81480CDE90333032370
:10E0A0000293D31734E7252309AA29463046CDF831
:10E0B0000080B9F1250F18BFDA46FFF7DFFDB7E79B
:10E0C00009AA29463046CDF80080DA46FFF7D6FD8A
:10E0D000AEE7012008B501F083FB000011F001005C
:10E0E00010B58CB204D0F3F7E1FF003818BF01205F
:10E0F000E2060AD5054B5A6890235343044AD35885
:10E10000DB691B0648BF40F0100010BD6C120024F4
:10E1100010130024F8B50D4682B3194B194C5F68F3
:10E12000902303FB07439A68B2F5805F16D11A6902
:10E13000BAB940F2FF12A3F86020902202FB074216
:10E14000B2F86060F3F7B2FF0028FBD09023012003
:10E150007B43E3585B6A1E402E70F8BD1AB91A69FA
:10E1600032B9FF22E7E7B2F1805F05D11A690AB937
:10E170007F22E0E73F22DEE70022DCE71046ECE703
:10E180006C1200241013002438B50F4C0546B4F867
:10E19000541004F15600FEF714FE814203D8022108
:10E1A0000A48F3F785FE04F15800FEF7FDFDE36D24
:10E1B00043F82050637A23B9054B4FF080525A60E0
:10E1C00038BD0123A372FBE73C0100242601028035
:10E1D00000ED00E038B50D4CFA2300251422237021
:10E1E0000823042104F10C00A570C4E90935084B8B
:10E1F000C4E90155C4E90B55FEF744FF054B064A37
:10E200002846DC641A67054A1A6538BD542E002476
:10E21000882E00243C010024EDDA0008F1080108F2
:10E2200010B5044C0A460448214606F0B5FA2046CB
:10E2300010BD00BFA81A002429A2010810B5044C83
:10E240000A460448214606F0A7FA204610BD00BF42
:10E25000A81A002437A201087047000010B5044630
:10E260000068F8F705FE014618B9236A01332362F6
:10E2700010BD044B1B78DBB2002BF9D10248F3F739
:10E2800017FE00BF391000241501028007B51346A0
:10E290000A466FF0004100900020FFF7BDFD03B07B
:10E2A0005DF804FB0EB40FB505AB6FF0004153F8F9
:10E2B000042B009000200393FFF7AEFD04B05DF83F
:10E2C00004EB03B0704713B500240094FFF7A4FDDE
:10E2D00002B010BD07B51346002200920A466FF047
:10E2E0000041FFF799FD03B05DF804FB07B50B464D
:10E2F0000649024600200968896800916FF00041D4
:10E30000FFF78AFD03B05DF804FB00BFF4020024B0
:10E310000CB41FB506AB002453F8042B00940393F0
:10E32000FFF77AFD04B0BDE8104002B070470EB4AC
:10E330000FB5002105AB53F8042B00916FF000419D
:10E340000393FFF769FD04B05DF804EB03B0704779
:10E350000FB41FB5084906AB0020096853F8042B19
:10E360008968039300916FF00041FFF755FD05B0F8
:10E370005DF804EB04B07047F402002407B5019087
:10E3800008F096FE019910B90248F3F791FD03B029
:10E390005DF804FB1F0101802DE9F34D00F11C0322
:10E3A000074653E8002F013243E80026002EF8D13B
:10E3B000012A40F08680786803689B689847064683
:10E3C00068BB786803685B6A9847422838BF422078
:10E3D0000446FFF7D3FF80467868C4F500720368EF
:10E3E0004146CDE900465D693346A847064698B9DF
:10E3F000A4F1420308EB030595F84030552B64D196
:10E4000095F84130AA2B60D17B7E05EB031313F8FE
:10E41000102C520608D02E4E404608F051FE002324
:10E4200087F82030FB614CE013F80C2C0F2A04D83D
:10E4300048F22103D340DB07EDD478684FF0000A9F
:10E440000368DB6A98477B7EB0F5007F03F1FF33FA
:10E4500038BF4FF4007005EB03131A793A7653F87E
:10E46000081F0A0A61F3070A62F30F2A0A0C090E51
:10E4700062F3174A002261F31F6AA0FB0AABC7E9E7
:10E4800002AB5B68190A63F3070261F30F22190CF0
:10E490001B0E61F3174263F31F62A0FB024578680D
:10E4A00052460368C7E90445CDE90045596C5B460F
:10E4B00088470028AFD00123404687F8203008F075
:10E4C000FFFD304602B0BDE8F08D024EA4E700BF6C
:10E4D000E2F3FFFFE3F3FFFF014B1868F8F7C8BC56
:10E4E000402D0024014B1868F8F7C2BCF02D002421
:10E4F00001207047074A084913681844884283BFBF
:10E50000064B0C224FF0FF3010608CBF1A6018468B
:10E51000704700BF3801002400FC0724AC3E0024F3
:10E5200008B5094BD3E85F2F013AC3E8512F002902
:10E53000F8D14FF6FF7192B28A4203D1198803488D
:10E54000F3F7B6FC08BD00BF2C2D00242401048085
:10E55000436B30B5044685B07BB100F128036D46AE
:10E560000FCB85E80F000023636394F838300BB1BC
:10E57000FFF7D6FF2846FFF7A6F905B030BD00002B
:10E5800008B5074BD3E85F2F0132C3E8512F0029AC
:10E59000F8D192B21AB919880248F3F789FC08BD7C
:10E5A0002C2D002423010480064A136843B1013B4B
:10E5B00013602BB9044A1370044B1B7803B162B685
:10E5C000704700BF282D0024C8350024242D0024C6
:10E5D000EFF3108372B6074A117831B9DB4306496D
:10E5E00003F001030B7001231370044A1368013315
:10E5F00013607047C8350024242D0024282D0024E2
:10E6000008B5FFF7E5FF064A1388013B9BB213806C
:10E6100013B90120FEF7E6F8BDE80840FFF7C4BFD4
:10E62000102E002410B5074CFFF7D2FF218811B936
:10E630000846FEF7D7F801312180BDE81040FFF70A
:10E64000B3BF00BF102E002408B5FFF7C1FF064A74
:10E650001388013B9BB2138013B90120FEF7ACF87D
:10E66000BDE80840FFF7A0BF122E002410B5064CED
:10E67000FFF7AEFF208808B9FEF79EF80130208032
:10E68000BDE81040FFF790BF122E0024F0B51E4DDC
:10E690008FB00E461746002818BF054630220021CD
:10E6A00002A808F073FD194B01AC01952B440396A9
:10E6B000012B05D9164B9D4202D0033B9D4220D130
:10E6C000F36B0293736B0893124B134D5B69DA6B18
:10E6D000049305925A6B1B6B06920793FFF778FF22
:10E6E0000E4A1368013313600FCC0FC50FCC0FC552
:10E6F0000FCC0FC523682B60FFF756FF00200FB02B
:10E70000F0BD02970894DFE70101FF80C2FE007FA1
:10E710004001FF803C010024AC2D0024602D00242A
:10E72000F8B50546FFF754FFD0E90034DB68984799
:10E7300094F832301BB1BDE8F840FFF735BF012334
:10E7400084F831306368ABB12846FEF75EF8616843
:10E75000D4E90A67D1E900239F4208BF964209D352
:10E760006B685A68CB6863602368002BEAD09068B6
:10E770009847E7E70023284684F83130FEF78BF806
:10E78000D9E7F8B54B6915460C469B1A002BACBF70
:10E79000D318131C4B6103898B80FFF719FF0246C6
:10E7A00003686BB35E696169771A002F24DB8E42C0
:10E7B00026D19B68A36013B104F1080119611368A5
:10E7C0002146002641F80C3F9E6019611460836A5F
:10E7D00022616BB190F8242052B10268A24207D1A5
:10E7E000E2682AB96169C06A491B21EAE171984768
:10E7F000BDE8F840FFF7D8BE03F108029B68D0E7F8
:10E80000A36013B104F1080119610023E360DDE79F
:10E8100008F0C4BC08F06CBD08F010BD406828B119
:10E82000037B012B01D104387047002070470000A2
:10E83000436893F830202DE9F0470646002A74D14A
:10E8400093F83230002B70D103681B689847336807
:10E85000DB699847364B0268002A08BF1A46114602
:10E860001C46B1FBF3F304FB13132146002BF7D135
:10E870002F4B01257768B3FBF4F11F23B960013BEF
:10E8800003D305FA03FC6145F9D1B2FBF4F287F832
:10E89000333001241F23FA6004FA03F5AA4201D0A1
:10E8A000013BF9D287F834304468231F1B2B93BFF8
:10E8B00001234FF0FF332024A340A4F1040498BFA8
:10E8C00003F1FF3312F1FF303B614FF0070303FA0E
:10E8D00004F44FF000034FEAE4797C61A4FB0145A6
:10E8E0009A4601FB095543F1FF31201845EB010120
:10E8F0000AF0A0FD3368C7E906015B68C7E900AA12
:10E90000984773683862002100200122C3F824A0D0
:10E9100083F832A01A86C3E90A013046FDF775FF75
:10E920003046BDE8F047FDF7B6BFBDE8F08700BF51
:10E9300040420F0010B50446FFF77AFFFFF748FE8C
:10E940002046FDF762FF6368D3E90A01FFF72CFE5A
:10E9500010BD2DE9F8430C4680468869FFF7EAFFB1
:10E96000D4E90A59461B61EB0907002F08BFB6F529
:10E970007A7F2AD3002F08BFB6F5FA6F28D3002E6E
:10E980004FF47A72304677F101034FF00003B4BFC1
:10E99000002139460AF04EFD4FF47A760023A36336
:10E9A000A0FB0623551906FB013343EB0903C4E919
:10E9B0000A53D4E90C32C318404642EB0101C4E9C2
:10E9C0000C31C8E90031BDE8F88300200146E3E7D7
:10E9D00001200021E0E700002DE97043154E356865
:10E9E0002DBB154C4FF0000814484FF00009144B94
:10E9F000A0612360C4E90289C4E90455FFF718FF48
:10EA0000FFF7E6FD0F4B104A1A60FFF7CDFD0F4BE5
:10EA1000A0692360FFF78EFF84F840503460C4E99A
:10EA20000801C4E90A01C4E90C89C4E90E5530683B
:10EA3000BDE87083F01C0024A81C00240CAA010867
:10EA4000A0A90108682D002481C70008D0A90108E9
:10EA5000B1F900305A1C01D118467047834201D1E8
:10EA6000886870470C31F3E708B5431C03D10346AF
:10EA7000184608BD0C31B1F900305A1C04D0984238
:10EA8000F8D14B68591CF3D101460148F3F710FA4D
:10EA900030010180884208B507D0431C05D0013100
:10EAA000014602D00248F3F703FA084608BD00BF4A
:10EAB00030010180D0F890302DE9F04F012B044651
:10EAC0002DED088B87B0029307D9002084F89400BD
:10EAD00007B0BDEC088BBDE8F08F031DB0F9967050
:10EAE000B0F9986008EE103AD0F88C30B0F99A502E
:10EAF000B0F99CA008EE903AB0F99EB0B0F9A080B1
:10EB000038467249FFF7B0FF714903903046FFF76E
:10EB1000ABFF704901902846FFF7A6FF6E4909EE4A
:10EB2000100A5046FFF7A0FF6C4909EE900A5846BC
:10EB3000FFF79AFF6A490AEE100A4046FFF794FF72
:10EB4000019A039B814611461846FFF7A3FF19EE71
:10EB5000901A019019EE100AFFF79CFF49460390A6
:10EB60001AEE100AFFF796FF019B1A46039B9A4282
:10EB7000ABD1019B8342A8D154493846FFF768FFC7
:10EB8000534903903046FFF763FF524909EE100ADC
:10EB90002846FFF75DFF504909EE900A5046FFF7FF
:10EBA00057FF4E490AEE100A5846FFF751FF4C49ED
:10EBB0000AEE900A4046FFF74BFF4A4A0BEE100A56
:10EBC000039BD2F8D410484841F48041C2F8D410D5
:10EBD000D2F8D41001F48041059105994349D0F849
:10EBE0008CC08C45FBD1D16F4FF0000941F48041BE
:10EBF000D167D16F21F48041D1674FF44072012178
:10EC0000C26000223846A4F8547084F8452022617E
:10EC100084F844204FF0004292FAA2F2B2FA82F253
:10EC2000013A62614FF48062A261029AE261019A44
:10EC3000C4E9021162601946C4E90899F3F7A0FB20
:10EC400049463846F3F754FB19EE101A3046A4F83B
:10EC50005660F3F795FB49463046F3F749FB19EE4A
:10EC6000901A2846A4F85850F3F78AFB49462846DC
:10EC7000F3F73EFB1AEE101A5046A4F85AA0F3F729
:10EC80007FFB49465046F3F733FB1AEE901A58467D
:10EC9000A4F85CB0F3F774FB49465846F3F728FB39
:10ECA0001BEE101A4046A4F85E80F3F769FB494654
:10ECB0004046F3F71DFB18EE901A18EE100AF5F710
:10ECC000C1FBB0FA80F0400900E700BF40A5010891
:10ECD00070A50108A0A50108C4A50108F4A50108B4
:10ECE00018A601080044025800640258000300807E
:10ECF000431C07B510D103B05DF804FB83420AD171
:10ED000089680190F3F73CFB0021019803B05DF89E
:10ED100004EBF3F7EDBA0C31B1F900305A1CEDD128
:10ED200001460148F3F7C4F8300101800148FFF7BC
:10ED3000F7BC00BF0CAA010870B504461646018254
:10ED40001D46F4F7D3F920460021F4F7F3F93146D4
:10ED5000B4F91000F3F7CCFA29462046BDE870401C
:10ED6000FDF712BD38B5154604460182F4F7BEF929
:10ED700020462946FDF708FD0121F4F7DBF9B4F937
:10ED800010000021BDE83840F3F7B2BA00B589B0F1
:10ED9000154DFFF71DFC0022A52101A8FFF7E2FF9A
:10EDA0000424012101A8FDF7EFFC2846F3F792FAAD
:10EDB000002101A8FDF7E8FC2846F3F78BFA013C97
:10EDC000EFD10424094E012101A8FDF7DDFC3046F6
:10EDD000F3F780FA002101A8FDF7D6FC3046F3F7DF
:10EDE00079FA013CEFD1DBE7F0490200801A060016
:10EDF00008B50E4B0121D3E84F2FC3E8401FD2B214
:10EE00000028F8D12AB1FFF7E3FBBFF34F8F20BFF3
:10EE1000FDE7EFF305831BB9EFF31083DB0701D5A3
:10EE2000FFF7B4FF012000F0DBFC00BFA82D002499
:10EE30000FB407B5CDF804E0F3F72EF8019A0146B8
:10EE400010B90248FFF722FCFFF7D2FF0001FF8054
:10EE500038B5856900F10804FFF7BAFB6A685368A2
:10EE60009C4209D1436928465360FDF714FDBDE873
:10EE70003840FFF799BB1346002BF8D0DA6894426C
:10EE8000F9D14269DA60F2E738B5114C237A022BE6
:10EE90001CD1104B1D682846FFF7DAFF00234FF006
:10EEA000007285F83F300C4B5A6001226272BFF34A
:10EEB0004F8F5968C90003D54FF000615960A272A5
:10EEC00004232372BDE83840FEF71ABC002038BD89
:10EED0003C010024F01C002400ED00E02DE9F74384
:10EEE000044600F108058069904699460190FFF7B5
:10EEF0006FFB0198FDF789FC0198002142682461AD
:10EF00005368C4E902892BB9636161B95560FDF7A3
:10EF1000C2FC0FE0D3E90067B94508BFB045F3D3A1
:10EF20001946DB68EFE7D2E90A23CD604B4508BFFD
:10EF30004245ECD203B0BDE8F043FFF735BB00001B
:10EF400090F83C3030B453B1002380F83C3090F856
:10EF50003E3013B9012380F83D3030BC704790F843
:10EF60003F30002BF9D0836B4FF080620133836315
:10EF70000B4B5A60D0E90C32013342F10002C0E978
:10EF80000C32D0E90A2312F57A7543F1000412F528
:10EF9000FA62C0E90A5443F1000330BCFFF79EBF98
:10EFA00000ED00E010B5FFF717FD012380F83F30BA
:10EFB000836B1BB1064B4FF080625A60D0E90A2385
:10EFC000BDE8104012F57A7243F10003FFF786BFE7
:10EFD00000ED00E038B5274C237A012B03D04FF029
:10EFE000FF35284638BD244A00212448FEF7E2F9BF
:10EFF000A062FFF7EFF805460028F0D1204AE16C47
:10F000002048FEF7D7F9A0640028E8D01E4AFF2365
:10F0100082F8223092F82230D26863F0FF03C2F304
:10F020000222DB4314BFB3FA83F32023C3F120038E
:10F03000934298BF531CFE2202FA03F3124ADBB23A
:10F04000D377F02382F823309368104ADA63BFF352
:10F050004F8F4FF0FF332361FFF7A4FF0C48FDF7FC
:10F060003CFD02234370A06183F31488BFF36F8FCC
:10F070002372B6E73C01002438AA010825CA00081B
:10F0800074AA0108BD08010800ED00E0FF030008B4
:10F090005801002438B51E4C0546237A042B35D17F
:10F0A000FEF72EFBE26AA842034694BF00F1FF334D
:10F0B0002B4612B1D069C01AD061626C12B11069CE
:10F0C000C01A1061E06803440544E360E368AB42A2
:10F0D00013D1022300202372FDF766FD0023637223
:10F0E000BFF34F8FA27A22B1A3724FF08052094B27
:10F0F0005A60BDE83840FFF755BF0133E360FDF7C4
:10F10000AFFD236D002BE1D09847DFE738BD00BF8E
:10F110003C01002400ED00E0F8B50F4B002600276D
:10F12000002504460360C0E90267C0E904550B48A6
:10F13000A061FFF77DFBFFF74BFA094B094A1A6004
:10F14000FFF732FA01232046656384F83830064B16
:10F15000C4E908672360F8BDA0A90108649B010801
:10F16000E00F002481C70008C4A90108F8B50446CF
:10F170000E4615460021202268301F4608F006F88A
:10F1800094F86030721C84F8683016BF00230123A5
:10F1900084F8696084F86A3094F8613084F86C30DF
:10F1A00094F8623084F86D306B1C16BF0023012385
:10F1B0002567013784F8743094F8633084F8783028
:10F1C00094F8643084F8793016BF00230123E36794
:10F1D00084F88030D4F8883084F8843094F865302E
:10F1E00084F88530F8BD43681A6803681A4214BF72
:10F1F0000120002070470000094B30B51A46094C29
:10F20000D3F89450A542FBD1036829B181680B6003
:10F210004FF44073536130BDC1681B04F7E700BF72
:10F22000006402580003008008B5FFF7D1F90121FE
:10F23000F3F780FFBDE80840FFF7B6B905F0C6BB9D
:10F24000EFF310832BB9EFF31180003818BF0120C2
:10F25000704701207047000008B5EFF305832BB914
:10F26000FFF7EEFF10B9DFF80CC000DFDFF808C0D1
:10F2700000DFFEE72DCA000801D2000810B50446E1
:10F28000EFF305831BB15CB96FF0030017E0FFF7E4
:10F29000D7FF0028F7D12046DFF82CC000DF0EE0B2
:10F2A0002378F62BF0D1E18904F10C00FDF789FDFC
:10F2B000E389834204D92046FEF766FF002010BD93
:10F2C0006FF00200FBE700BFE1CD000810B5044677
:10F2D0000430FEF7F8FA04F15400FEF7BFFF0023F4
:10F2E000206C6361012384F83D30BDE81040FFF7D6
:10F2F000C5BF0000024608B5EFF3058313B16FF0F8
:10F30000050008BDFFF79CFF0028F8D11046DFF884
:10F3100008C000DFF5E700BF41CE000808B5036A6A
:10F32000013B03620068FFF7E5FF014630B1044B83
:10F330001B78DBB213B90348F2F7BAFD08BD00BF72
:10F34000391000241701028010B52C4C2C48FEF710
:10F3500085FF636913B994F83D3023B12848FFF75E
:10F36000DDFF002010BDA36A53B1A26A0023254926
:10F37000E06AB3EB900F11D242F823100133F7E7A4
:10F38000E06A214B984294BF20F003004FF0FF3019
:10F3900007F08EFEA0620028E7D1DFE744231B4A76
:10F3A00063621B4B226263601A4BA3600023E3601D
:10F3B000194B2361EFF305838BB10023636194F84C
:10F3C0003C302BB1A06A08B107F07AFE0023A3629B
:10F3D0000B48FFF7A3FF206CFFF750FFC1E7FFF7D3
:10F3E0002FFF0028E9D1A2F178010C48603ADFF83C
:10F3F00030C000DF60610028B0D1E0E7A019002430
:10F40000F4190024A52E5AE2FBFFFF7F181A0024EE
:10F4100044190024F5110108D1D80008CDF20008E4
:10F42000B5D30008014B1868FFF764BF402D0024D6
:10F43000014B1868FFF75EBFF02D0024024B1868DF
:10F4400008B1FFF757BF7047A8350024037823F0B1
:10F45000030343F001030370FFF7F0BF10B5044648
:10F46000037803F00303012B08D0FEF7FFFB23789A
:10F4700003F00302012A03D1FFF7E0FF002003E0BD
:10F4800043F002032370012010BD00003F282DE946
:10F49000F04F06468BB000F32C81974F57F82000B1
:10F4A000411C40F00A81022E00F307819348DFF8E7
:10F4B00090920378BFF35B8F13F0010F40F0FA8056
:10F4C000FFF7CCFF002800F0F5808D4BC9F8003025
:10F4D0008C4B1A689846002A40F0E9808A49092036
:10F4E000FFF7C2FA044689490A20FFF7BDFA014630
:10F4F0002046874DFFF7CEFA834904460920FFF7DF
:10F50000A7FA824983460A20FFF7A2FA814B824676
:10F510002C609C4221D1804AD2F8F01041F01001B9
:10F52000C2F8F010D2F8F02002F010020992099A05
:10F530007A4A94424AD1784BD3F8F02042F0200224
:10F54000C3F8F020D3F8F03003F020030493049BB9
:10F55000734B9C424AD1012487E0714A94421AD0ED
:10F5600002F58062944224D06E4A94425CD06E4A86
:10F570009442DDD1684AD2F8E81041F48011C2F813
:10F58000E810D2F8E82002F480120592059A9C4215
:10F59000DED1002469E0604AD2F8E81041F400317D
:10F5A000C2F8E810D2F8E82002F400320892089A73
:10F5B000BEE7594AD2F8E81041F48021C2F8E810B9
:10F5C000D2F8E82002F480220792079A574A944220
:10F5D00037D1514BD3F8E82042F08042C3F8E820FD
:10F5E000D3F8E83003F080430393039B504B9C42D5
:10F5F00075D003F580639C4273D003F580639C4211
:10F6000071D003F544439C426FD0A3F51C439C4248
:10F610006DD003F580639C425FD04648844214BF9E
:10F620004FF0FF34082420E03B4AD2F8E81041F4C0
:10F630000021C2F8E810D2F8E82002F40022069275
:10F64000069A3D4A94423BD03A4A94429FD1324B6B
:10F650000824D3F8F42042F00802C3F8F420D3F8C9
:10F66000F43003F008030193019B594609206C60B4
:10F67000F2F786FE01210920F2F73AFE51460A20F0
:10F68000F2F77EFE01210A20F2F732FE00234FF44A
:10F690001652C5E90223294AC5E90433C5E9062300
:10F6A000F4F75EFF0123C8F80030F6F721FF134896
:10F6B000FFF7CCFE224847F826900BB0BDE8F08F4C
:10F6C000154BD3F8E82042F00042C3F8E820D3F805
:10F6D000E83003F000430293029B0724C5E70224AD
:10F6E000C3E70324C1E70424BFE70524BDE70624DC
:10F6F000BBE70020E1E700BF38000024A81B00247E
:10F70000FCA80108CC350024A4A7010848A60108DC
:10F710006C12002400100140004402580014014003
:10F7200000440040004C0040005000400078004081
:10F7300000480040000C0058007C004009000A000E
:10F74000F41C002438B50D46FFF7A0FE044630B97E
:10F7500006F028FF092303604FF0FF3038BD03682F
:10F76000DB6998470028204614BF4FF400534FF43C
:10F7700000436B6023689B6A984728610020EDE78F
:10F7800010B5FFF783FE30B906F00CFF09230360C4
:10F790004FF0FF3010BD03689B699847041E04DAE0
:10F7A000644206F0FFFE0460F2E70020F2E700008A
:10F7B0000A4D044608B52B68986806F0BBFF2B6815
:10F7C000D86806F0B7FF0120FFF7DAFF0220FFF745
:10F7D000D7FF0CB1FFF7DAFAFEE700BFF40200240E
:10F7E00008B5FFF7E5FF13B5CDE90021FFF74EFEA1
:10F7F000DDE9002140B906F0D5FE092303604FF092
:10F80000FF34204602B010BD03681B699847041EF0
:10F81000F7DA644206F0C6FE0460F0E710B5FFF7C1
:10F8200035FE044628B906F0BDFE092303602046D4
:10F8300010BD0368DB699847041EF8DA644206F0DD
:10F84000B1FE04600024F2E7FFF7E8BF13B5CDE98D
:10F850000021FFF71BFEDDE9002140B906F0A2FE02
:10F86000092303604FF0FF34204602B010BD036847
:10F870009B689847041EF7DA644206F093FE046022
:10F88000F0E700007FB5002A04460D4606DA06F0D0
:10F8900089FE162303604FF0FF3019E00192FFF755
:10F8A000BDFF019AE8B1114E01220DF10F01204672
:10F8B000FFF7CCFF0028EEDB0AD09DF80F300D2BB0
:10F8C00008D1325D0A2A3355EED00A2301202B706D
:10F8D00004B070BD0A2B02D1325D0D2AF3E7335517
:10F8E000F4E729462046FFF7B1FFF1E7AC1B0024FF
:10F8F00013B5CDE90021FFF7C9FDDDE9002140B9CD
:10F9000006F050FE092303604FF0FF34204602B09A
:10F9100010BD0368DB689847041EF7DA644206F0FE
:10F9200041FE0460F0E700002DE9F74FB2F1000856
:10F9300005460E4609DA06F035FE162303604FF041
:10F94000FF34204603B0BDE8F08FFFF767FF0446A1
:10F9500060B31F4A0027DFF87CA04FF00D0B535D0A
:10F960003C469146B84521DDF25D0A2A1BD10D2B9C
:10F97000019318D0BC420CDA3A1B31192846FFF724
:10F98000B7FF0028019BDADB0444A742D9DC09F861
:10F990000530012251462846FFF7AAFF0028CEDB9A
:10F9A000CFD009F805B0F35D0137DBE7A045C8DD2E
:10F9B000A8EB040231192846FFF79AFF0028BEDBA6
:10F9C00024181FBF3619024B16F8012C5A55B8E7F8
:10F9D000EC1B002442A201080FB470B5A4B084212E
:10F9E00028AB03A853F8042B0293FEF76CFC832882
:10F9F00006D9194B1A681B79CDF88B208DF88F30FA
:10FA000000280FDD002203A9022003ACFFF770FFDE
:10FA10000D26FEF7DDFD0022254614F8013B33B923
:10FA2000FEF7C2FD24B0BDE8704004B070470A2B59
:10FA300009D10D2A07D001220DF1070102208DF80E
:10FA40000760FFF755FF012229460220FFF750FF0C
:10FA500014F8012CE0E700BF44A20108F0B52C4ED9
:10FA600085B000242B4F35462146013456F8042B2F
:10FA70003846FFF7B1FF0D2CF6D1AB6C264C029344
:10FA80006B6C264801932B6C0093696BD5E90E23B0
:10FA9000FFF7A2FF21682248FFF79EFFE16AA26AF2
:10FAA000A36AA06AD2B2266BC3F30723E76B000CEC
:10FAB000CDE9016700901B48FFF78EFFA36A1E0681
:10FAC00003D5616B1848FFF787FFA36A180403D5B5
:10FAD000A16B1648FFF780FFEB6C190712D514488D
:10FAE000FFF77AFF2B6DDA070FD51248FFF774FF87
:10FAF000EB6C5B074CBF1048104805B0BDE8F04008
:10FB0000FFF76ABF0E48FFF767FF0E48EEE700BF3A
:10FB10004C3E002449A2010800ED00E057A2010874
:10FB2000A6A20108B4A2010803A3010811A30108B9
:10FB30001FA301082EA301085EA301086AA3010800
:10FB40004EA301083BA3010808B504460D46F2F791
:10FB5000A3F950BB1648FFF73FFF302C16D0402CBE
:10FB600019D0202C1CD1134C1348FFF735FF134834
:10FB7000FFF732FFFFF772FF1148FFF72DFF114B20
:10FB800000221A7029462046F2F792F90E480F4CCF
:10FB9000FFF722FFEBE70E480E4CFFF71DFFE6E7ED
:10FBA0000D480E4CFFF718FFE1E70024EAE700BF1D
:10FBB00076A301083E01FF809FA30108CCA30108A2
:10FBC000D7A3010839100024AEA301083F01FF802C
:10FBD000B7A301084001FF80C2A301083D01FF80D7
:10FBE00038B505460024FFF751FC0B4B43F8254080
:10FBF00030B906F0D7FC092303604FF0FF3038BD61
:10FC000003685B699847051E04DA6D4206F0CAFC7A
:10FC10000560F2E72046F2E73800002438B50546D3
:10FC2000046854B9FEF722F82C6824B92C1D20462C
:10FC3000F2F74EF92C60FFF701FC204638BD0000BA
:10FC4000F0B50E4685B090F8201005461446DDE963
:10FC50000A7C19B96FF47A6005B0F0BD0168CDE98E
:10FC6000007CC96B88470028F4D029690D486118C9
:10FC70000391FFF7D3FFFEF7F1FAFEF7F7FCFEF76B
:10FC8000D1FC3A460399304607F072FAFEF7B8FC09
:10FC9000FEF7DAFC0348FFF7C1FFFFF73FFB002048
:10FCA000DAE700BF801C00242DE9F04188460025DA
:10FCB00004462349C0E90055404609F0F6F980445E
:10FCC000C4F8008023681A782F2A1CD101332360DE
:10FCD0001C48FFF7A3FFFEF7C1FA1B4B1E68D6B105
:10FCE000B768B7B1384608F061FC854211D12A46A1
:10FCF0004146384609F052F958B91248FFF78EFFCD
:10FD0000FFF70CFB17E0002AE2D001330135236036
:10FD1000D8E77668E3E7072DEFD12A4641460B483E
:10FD200009F03CF90028E8D10648FFF777FFFFF714
:10FD3000F5FA074B1E6820466660BDE8F08100BFFB
:10FD40009C9B01088C0F0024880F0024F6A3010857
:10FD50007C1C00242DE9FF478A463F49054608F0F0
:10FD600013FC044628B9FFF791FB204604B0BDE818
:10FD7000F0873A49284608F007FC20B90120012401
:10FD8000FFF784FBF1E73649284608F0FDFB20B970
:10FD900002200224FFF77AFBE7E72B78402B02D101
:10FDA000D5F80140E1E72F4E03242F48B046FFF776
:10FDB00035FFFEF753FA56F82490B9F1000F2AD018
:10FDC0000134402CF7D106F0EDFB182303602648E0
:10FDD000FFF724FFFFF7A2FA0AE002A8FEF71EFDD4
:10FDE000054640B906F0DEFB1323036046F82450B5
:10FDF0004FF0FF34B9E7036801A9029A9D682AF41D
:10FE00008033A8470546E8B16D4206F0CBFB05609C
:10FE100046F82490ECE74FF0FF37134846F824707B
:10FE2000FFF7FCFEFFF77AFA294602A8CDF8049006
:10FE3000FFF73AFF039D002DD4D02B7B002BCCD1B4
:10FE4000043D0195019B094A48F8243000231355CD
:10FE5000074A135589E700BFDCA90108E3A9010897
:10FE6000D4A90108380000242C1C0024AC1B002459
:10FE7000EC1B00241D4B70B5036004461C48FFF7C3
:10FE8000CDFEFEF7EBF9A3682BB11A4962680B6847
:10FE9000A34224D10A60184B15481A68A24204BF35
:10FEA00000221A60FFF7BAFEFFF738FA257BA5B9E2
:10FEB0001248261FFFF7B2FEFEF7D0F9104A402382
:10FEC00052F8041B8E4208BF42F8045C013BF7D194
:10FED0000A48FFF7A3FEFFF721FA204670BD194636
:10FEE0005B68A342FBD14A60D5E700BF949A010842
:10FEF0008C0F0024880F00247C1C00242C1C002460
:10FF00003800002410B50446FFF7B4FF204607F080
:10FF1000D7F8204610BD000008B50348FFF77EFE65
:10FF2000BDE80840FFF7FAB9541C002408B503489F
:10FF3000FFF774FEBDE80840FEF790B9541C00249A
:10FF40002DE9F0479DF82070054689469246022F1C
:10FF500098469DF8246022D8124BDB5DFBB1B6FBBE
:10FF6000F3F403FB146414F0FF0418D1FFF7DEFF71
:10FF70009DF82830284685F8609085F865300B9B01
:10FF800085F861A085F8628085F8637085F8646003
:10FF9000C5F88830FFF7C0FF2046BDE8F0874FF076
:10FFA000FF30FAE73CA501082DE9F04F89B09046F3
:10FFB000994605469DF84820C3469DF8503090F874
:10FFC000FA71DDE915610591032A57D8DFE802F0DF
:10FFD0001B02190302270F2B4FF0000205F1040A40
:10FFE00008BF95F8FD3111465046009203933B46F9
:10FFF000CDE90122FFF7A4FF044638B109B0BDE8FE
:020000040801F1
:10000000F08F0327E7E74FF0FF3BE4E7059B4FF056
:10001000FF329DF84C105046079307ABCDE90063C3
:100020005B46F2F76BFF3B4683462246214650462D
:10003000CDE90244CDE90044FFF782FF0028DDD17D
:10004000BBF1000F01D05846D8E795F80101002810
:10005000D4D0B9F1000F08BFB8F1040F04D1337840
:1000600043F00A033370EEE7B9F1000F08BFB8F1AF
:10007000020FE8D1337823F00403F3E74FF0FF30A9
:10008000BCE70000274B10B504460360FFF74EFFA6
:1000900025496268136823F0010313600023A364F9
:1000A00084F84530214BD1F88C209A42FBD1204B6B
:1000B000B4F95400DA6F42F48042DA67DA6F22F45E
:1000C0008042DA674FF44072CA6040F2C331D3F81D
:1000D000D42022F48042C3F8D420F2F751F9B4F9C5
:1000E000560040F2C331F2F74BF9B4F9580040F230
:1000F000C331F2F745F9B4F95A0040F2C331F2F7CF
:100100003FF9B4F95C0040F2C331F2F739F940F23B
:10011000C331B4F95E00F2F733F92046FFF7FCFE75
:10012000204610BDFC9901080064025800030080BD
:100130000044025810B50446FFF7A4FF204606F01D
:10014000BFFF204610BD08B5D830FFF767FDBDE8FA
:100150000840FFF7E3B808B5D830FFF75FFDBDE80A
:100160000840FEF77BB800002DE9F04F0D4616461B
:1001700085B0F1F75BFFAC1900F10060A042C0F060
:100180001E8109D92046F1F731FFB4FBF0F303FBE0
:100190001040002840F0138190484FF00009DFF82C
:1001A00058B2FFF73BFDFEF759F8002E00F0FE8035
:1001B000B9F1000F40F0F88005F17843B5F1016F17
:1001C0004FF0100A4FEA5343019334BF0123022337
:1001D000012B03F0010803F002070CBF4FF000638E
:1001E0004FF001630293FEF741FAFEF71BFABBF8EA
:1001F00000304FF6FD715A1E92B28A4297BF784A7C
:100200004FF0026302EA832303F100639D420ED2A2
:10021000B5F1006F0BD3734C734BD4F888209A421E
:10022000FBD1F6F7BDFC60B14FF44073A360FEF75D
:10023000E7F9FEF709FABAF1010AD4D14FF0FF3914
:100240006BE0FEF7C5F9BBF800204FF6FD71DFF853
:10025000AC91531E9BB28B4299F8143097BF634CFC
:100260004FF0016404EA422404F10064A5422ABF6D
:100270002C1B019C640C012B00F0938001200023B7
:1002800089F81400C9F81830B8F1000F00F09D800B
:10029000F2F7D4F9031E18BF0123002F00F0998054
:1002A00002200393F2F7CAF9039B00283BD00120F8
:1002B0000023C01A89F8143018BF0120C0F10009CA
:1002C000029B03EB4444BFF34F8F494B04F50032CC
:1002D000C3F8704220349442FAD1BFF34F8FBFF37A
:1002E0006F8FBFF34F8FBFF36F8F0022C3F8502281
:1002F000BFF34F8FBFF36F8FFEF756F9F6F738FC59
:10030000002894D1374B4FF440729A60B9F1000F36
:100310008DD1FEF775F9FEF797F92846F1F766FEDD
:10032000361A054441E7002BC1D1B8F1000F0AD0BD
:10033000304AD36823F4E663D360D36843EA0423E6
:1003400043F0A403D36077B12A4AD2F80C3123F4E6
:10035000E663C2F80C31D2F80C3143EA042343F0CF
:10036000A403C2F80C31B8F1000F2BD00120F2F732
:1003700065F9204AD36823F4E06323F00403D360D3
:100380005FB10220F2F75AF91A4AD2F80C3123F47D
:10039000E06323F00403C2F80C31002888D1002068
:1003A00086E74FF0FF398BE74FF0FF390B48FFF737
:1003B00035FCFEF7B3FF484605B0BDE8F08F4FF0BF
:1003C000FF39F8E7002FEAD0DBE7002FE7D04346FC
:1003D00066E700287FF46BAFAAE700BF801C00240B
:1003E00000FC3F00006402580003008000FE1F0074
:1003F00000ED00E00020005280E8F11F3C100024D6
:10040000F7B590F8201004461546DDE9086771B18C
:100410000168CDE90067496C884740B121693246DF
:10042000201D294403B0BDE8F040FFF79DBE6FF4E6
:100430007A6003B0F0BD00002DE9F04F12F01F0408
:1004400087B082460F461646994640F0268100291D
:1004500000F02381F1F7EAFD09EB060300F10060EB
:10046000834200F21A818E48DFF850B2FFF7D6FBC4
:10047000FDF7F4FEB9F1000F00F00681002C40F00A
:1004800001813046F1F7B2FDB6FBF0F500FB1565D2
:10049000451B4D4528BF4D46BB0701D11F2D4BD8ED
:1004A000202DA8463946DAF8040028BF4FF020086E
:1004B000424606F05DFE1F2D07D8DAF80400C8F1A9
:1004C0002002FF21404406F061FEDAF804302025C6
:1004D000039310230293FEF7C9F8FEF7A3F8714BBC
:1004E00019884FF6FD734A1E92B29A4297BF6E4B1F
:1004F0004FF0026303EA812303F100639E4210D2AE
:10050000B6F1006F0DD3694C694BD4F888209A423C
:10051000FBD1F6F745FB002800F0AC804FF44073A8
:10052000A360FEF76DF8FEF78FF8029B013B029384
:10053000D1D14FF0FF3487E025F01F050397A8467F
:10054000C7E7012B00F09B8002F178400123B0F552
:10055000801F8BF8143006D3A2F10163B3F5801F1E
:1005600080F085800223002005920493CBF81800C8
:100570001846F2F763F8059A20BB049B4D48012BFF
:1005800067D1C16841F00201C160BFF36F8FBFF353
:100590004F8F002001990958115004302028F9D1BB
:1005A0000592BFF36F8FBFF34F8F18460493F2F796
:1005B00045F8049B059A012B3E4B51D1D96821F097
:1005C0000201D96000238BF8143000284FD1019B21
:1005D0002032203301939BF814307019824203D2E9
:1005E000002CAED04FF0FF34002D11DD06F01F03BC
:1005F0002B44BFF34F8F304832463344C0F870224B
:100600002032991A0029F9DCBFF34F8FBFF36F8FA7
:10061000BFF34F8FBFF36F8F274B0022C3F85022D9
:10062000BFF34F8FBFF36F8FF6F7A2FA00287FF466
:1006300078AF1E4B4FF440729A60002C7FF471AF7C
:10064000FDF7DEFFFEF700F8A9EB08094644474432
:1006500010E7D0F80C1141F00201C0F80C1194E73A
:10066000D3F80C1121F00201C3F80C11AAE74FF0E6
:10067000FF34B0E7039B044632460193ABE74FF0EB
:10068000FF34ABE74FF0FF340548FFF7C7FAFEF73A
:1006900045FE204607B0BDE8F08F4FF0FF34F8E785
:1006A000801C002480E8F11F00FC3F000064025819
:1006B000000300800020005200ED00E03C10002408
:1006C000F0B590F8207085B0044615460391DDE939
:1006D0000A6C7FB10768CDE9006C3F6CB84748B140
:1006E000226933460399201D2A4405B0BDE8F04035
:1006F000FFF7A2BE6FF47A6005B0F0BD10B50446F6
:100700000168D0E901230548FFF796FE206806F04E
:10071000D7FC2046BDE8104006F0D2BCA02D002436
:1007200010B504460B48FFF779FAFDF797FDFDF782
:100730009DFFFDF777FFFDF763FFFDF785FF60681D
:1007400008B106F0BDFC0348FFF768FAFEF7E6FDC6
:10075000002010BD801C002490F8203010B5044605
:1007600013B94362002010BD2430F1F795FC002836
:10077000F8D184F82000201DBDE81040FFF7D0BF5D
:10078000034B10B504460360FFF7E6FF204610BD9B
:100790004CA9010810B50446FFF7F2FF204606F009
:1007A0008FFC204610BD000010B504461248FFF72C
:1007B00035FAFDF753FDFDF759FFFDF733FF0F4BFA
:1007C0000F4AD3F888109142FBD14FF48E010D4AA5
:1007D00051614FF440729A60FDF712FFFDF734FF4C
:1007E0002020FDF7CBFD60600348FFF717FAFEF706
:1007F00095FD002010BD00BF801C0024006402583D
:10080000000300800020005290F820302DE9F04FC6
:10081000814685B003B9436209F1240656E8000F0A
:10082000013046E80003002BF8D1012843D109F13B
:100830000400FFF7B9FF804630B13046F1F72CFCD9
:10084000404605B0BDE8F08FD9E906ABD9E90445CB
:100850001AEB040300934BEB05030193F1F7E6FB5E
:10086000002300F1006C8646DDE900018B4208BFE1
:10087000844505D230466FF47A68F1F70DFCDFE766
:10088000002D08BFB4F1006FF4D35AEA0B030ED168
:100890004FF000610B1B029365EB45030393DDE909
:1008A000026716EB0E0647F10007C9E9066701214A
:1008B00089F82010C4E79846C2E7000004460B4DB3
:1008C00007B5EFF30583002BFBD1FEF7B9FC024619
:1008D0000028F6D1204669464FF0FF33AC4600DFD2
:1008E0000028EED1DDE900309847EAE7DDD90008BD
:1008F0002DE9F74F394D6C6C002C63D023694FF014
:100900000008DFF8E0904FF0F90A013B6F692361BE
:100910002369002B55D1E3680BB1A2689A60D5F822
:100920004CB004F118016B64EFF3058343B1BBF1E4
:10093000000F13D1AB69032129486B61F1F7B8FAB5
:100940000191FEF77DFC019902460028EFD158463F
:100950001346CC4600DF0028ECD11BE09BF80030AA
:100960000191FA2BE6D10BF10C00FCF774FB064663
:100970000028DFD001990C30DBF8242006F0F8FBCA
:100980000199304686F800A0A6F80280C6E9011B4E
:10099000FDF7FAFBE378012B1DD16B6C0021626936
:1009A00013B11869824210D22261C4E902131BB14B
:1009B00018699C60821A1A6159B1CC606C6C002C69
:1009C000A6D16F6103B0BDE8F08F1946121ADB683B
:1009D000E6E76C64F2E701236370EFE73C01002473
:1009E00027010280B9DB000808B5EFF3058353B196
:1009F000124B1B689869FDF79DFF4FF47A72002334
:100A000008F064FB08BDFDF7E3FDEFF305836BB170
:100A10000B4BD8680B4B1A681860824281BF0A4999
:100A20000A6801320A60FDF7BFFDEBE7FEF708FC3C
:100A30000028EDD1DFF814C000DFEBE7F01C002444
:100A40003C010024FC1C0024F81C002491C900086F
:100A50002DE9F04FA1B0EFF30583002B63D0002008
:100A60008A4D2C68FDF7B4FDD4E90C67FDF79CFDB9
:100A7000A36BF11ADFF84882DFF8489267EBE37264
:100A80001346CDE900120A1843F10003CDE908230B
:100A90007F4B0A9300230B93FDF79EFF08A8FBF7FB
:100AA0005FFE002840F02E826FF000434FF0FF32CF
:100AB000DDE908679F4208BF964210D02C6894F881
:100AC0003C3063B9214604A8FDF743FFDDE9042368
:100AD000BB4208BFB2422ED3012384F83D30FDF75C
:100AE00077FD08A8FBF73CFE002840F009826FF074
:100AF00000414FF0FF30DDE908238B4208BF8242FE
:100B000062D1FDF765FD634B1B889BB2002B65D05E
:100B1000FDF75EFD604B1B68604B1A6922F0040212
:100B20001A6130BFE9E1FEF78BFB002897D1DFF8AF
:100B300098C100DF94E7FDF74BFDD4E90C01FDF708
:100B400033FD4FF47A73B6EB000A67EB010BA6FB9B
:100B5000030103FB0711D4E9082386184FF00102B3
:100B600041EB030794F84030A28783B9A3691B685F
:100B700093F82030002B40F0E58184F84020FDF709
:100B8000FFFCBBF1000F08BFBAF1050F0DD2002327
:100B900084F83E3094F8403023B9012384F8403083
:100BA000FDF7EEFC32463B460AE094F84030002B5D
:100BB000EDD10123B6F57A6284F83E3047F1FF3378
:100BC0002046FEF78BF98AE72B6893F83C30002B20
:100BD00097D1FDF7E9FCBFF36F8F5FE7D8F80040CE
:100BE00014F0010405D04046F1F77EFBB0FA80F422
:100BF00064092B480368DB0704D5F1F775FB00286F
:100C000008BF012427480368DF0704D5F1F76CFB10
:100C1000002808BF012424480368DE0704D5F1F743
:100C200063FB002808BF012420480368D90704D5C6
:100C3000F1F75AFB002808BF01241D480368DA07B2
:100C400004D5F1F751FB002808BF012419480368B7
:100C5000DB0704D5F1F748FB002808BF012416483C
:100C60000368DF0704D5F1F73FFB002808BF012424
:100C700012480368DE0703D444B3FDF795FCA8E7E8
:100C8000F1F732FB0028F7D1F7E700BFF01C002492
:100C900015CA00082C2D00240048025800ED00E081
:100CA0000044004000480040004C0040005000401C
:100CB0000014014000780040007C0040000C005807
:100CC00000100140640E002489EE0008FDF780FC4E
:100CD000D9F800309F4E5A6A5B6B9F4F33609F4B31
:100CE0003A609F4CDB6823609E4B19681A6801F0DC
:100CF000010142F001021A609B4A1268C2F303121A
:100D0000072A00F0AF805A6922F004025A611A687B
:100D100042F001021A60944A1068C0F303100728D9
:100D200010D1186920F001001861136943F0040321
:100D30001361BFF34F8FBFF36F8F30BF136923F081
:100D40000403136121B1874A136843F00103136060
:100D50008649874BD1F890209A42FBD1814B1A6982
:100D6000910640F1B4805B699A0640F1B0807F49FA
:100D70007F4BD1F88C209A42FBD1482200210EA84B
:100D800006F004FA3F237B4A0D9313685B036ED58C
:100D90004FF4A0230E93136803F080031493764B53
:100DA0001A6841F20303B3EB124F724A66D35368D9
:100DB000C3F384631593136803F0010310936E4B20
:100DC000196841F20303B3EB114F53682CBFC3F30F
:100DD0000533C3F306631193664B1A6F500751D561
:100DE00005220F9201215A6F0DA802F00102129202
:100DF0001A68C2F3003213921A689A6A02F0030268
:100E000017929A6AC2F3051218921A6BC2F308027B
:100E1000013219921A6BC2F3066201321C921A6BEC
:100E2000C2F3462201321A921A6BC2F30642013211
:100E30001B92DA6A02F00C021D92DA6AC2F34002D7
:100E40001E925B6BC3F3CC031F9302230D931023FD
:100E5000CDE9101300231693F5F7AEF8C0B147485B
:100E6000FDF7E6FF1A6922F004021A614FE71368E2
:100E700013F4803318BF4FF480338BE7D368C3F388
:100E8000056397E71A6F12F0010218BF0122A8E765
:100E900020220146079003900DA806F077F907A9D4
:100EA0000DA8F3F7E9F9039B1B2207990DA81393EB
:100EB0000D920E9310931293F4F76AFF08B1304825
:100EC000CEE7F5F761FF294B4FF44072DA60254A0F
:100ED0004FF4FA70136943F4007313614FF44072D6
:100EE000224B1A61F1F7F6F9D9F800303A685A62E4
:100EF00032685A632268194BDA60FDF755FBBCE68D
:100F0000FDF752FB2C682046FDF7A2FF002394F862
:100F10004020A3871AB184F84030FDF701FB29680F
:100F200004A8FDF716FD049AEFF305833BB9FEF71D
:100F300087F920B9009BDFF84CC0D01A00DF21B040
:100F4000BDE8F08FBBF1000F08BFBAF1050FFFF449
:100F50001EAE2EE6D0350024D4350024000C00400F
:100F6000D83500240048025800ED00E00064025823
:100F700000030080004402580010005CFEA301083A
:100F800023A4010895F0000800B595B0BFF35F8F6A
:100F9000804B0022196810465A60C1F30721914224
:100FA00040F0BE801022DA607B4A1A611322DA60B8
:100FB0007A4A1A611122DA60794A1A61794ADA604A
:100FC000794A1A6107225A60BFF34F8FBFF36F8FC0
:100FD000764B774998684FF000531A1802F1604237
:100FE000126843F8042B8B42F7D1704B4FF000523C
:100FF0009A605A69920315D45A6912F4003211D1D9
:10100000BFF34F8FBFF36F8FC3F85022BFF34F8FE3
:10101000BFF36F8F5A6942F400325A61BFF34F8FAA
:10102000BFF36F8F614B5A69D60327D45A6912F404
:10103000803223D1C3F88420BFF34F8FD3F88020B0
:1010400043F6E074C2F3C900C2F34E32520102EA21
:101050000406014646EA81750139C3F86052F9D2A7
:10106000203A12F1200FF2D1BFF34F8F5A6942F4A8
:1010700080325A61BFF34F8FBFF36F8F4D4CD4F85E
:10108000E03043F00073C4F8E030D4F8E03003F00F
:1010900000730093009BF2F775F84449464BCA6809
:1010A00022F4E0621204120C1343CB60F3F70EF942
:1010B000A369A269C3F30323404AD35C03F01F036F
:1010C000D8403F4B1860F3F7E3FC236F9D070AD429
:1010D0003C4A136843F4807313603B4B1B68236FD7
:1010E00023F018032367F1F783FAF5F74DFEF2F7C3
:1010F00049F84C22002101A806F048F82D4B1B6F3F
:1011000013F4407F10D0082301A8019300230A9311
:1011100001230693F4F750FF30B12C48FDF788FE09
:101120009A60013218613AE7EFF75EFAEFF3058350
:101130002BB9FEF785F810B9DFF8ACC000DF244A00
:10114000244B13614FF4805353614423D360224BEB
:10115000936018239361214B1360EFF305831BB158
:101160001B491F48F0F7A4FEFEF76AF80146002865
:10117000F6D11C48DFF874C000DF0028F0D0EFF390
:1011800005832BB9FEF75CF810B9DFF864C000DF07
:101190000021E6E790ED00E039F00206390702137E
:1011A0003FF50B13120000803900021300ED00E040
:1011B00098020020004402580003FA050497010831
:1011C00000000024004802580010005C4BA40108F5
:1011D000002D0024001D0024D82E002469A401083D
:1011E0001D0101802D2A010885D60008B5D300080D
:1011F000D5EF00082DE9F34705460026674FFFF7B6
:10120000F3FB85F82460FDF7E3F96B6801A91B1A6D
:10121000002B2B68D8BF686001931BB15A69121A62
:10122000002A3BDD2B6003B11D610E60019911B1F5
:101230002B8901332B81FDF7B7F901A8002931D1A2
:10124000019C05F118094FF0010A002C37D1FFF776
:10125000CBFBFDF7BDF92B68002B7ED05C69241A0F
:1012600024EAE474FDF7A0F9D5F83080EFF30583A4
:10127000002B75D0B8F1000F7DD1AB7A002B00F0B8
:101280008A80FDF7A5F9AB7A002B00F0828000235D
:10129000AB7202B0BDE8F047FDF786B903F1080173
:1012A0009B68BAE78C680B4600229A601A46DB6896
:1012B000002BFAD1026001F108002146BEE7236A43
:1012C000D4F8088013B104F124009847A269002AD9
:1012D0000BDB636913446361FFF786FB214602461B
:1012E0002846FDF74EFA4446AFE7EB6873B1A342D8
:1012F0000CD82B6AA34209D3A3792A690133DBB244
:1013000013FA02F214BFA37184F806A0E36913B1C3
:1013100004F124009847EB6823B1A34202D82B6A5A
:10132000A34201D2A671DEE7FDF752F94846AB6948
:1013300083B119682268914208D30BD1E360036836
:101340009B68A3600460FDF72FF9CCE703F1080068
:101350009B68EDE7E6600368F3E74FF0FF3481E751
:10136000FDF76EFF0246002884D140460121234646
:10137000BC4600DF81E798F80030F32B7FF47DAFA7
:10138000002C7FF47AAF224601214046FCF7FCF99D
:1013900073E7FDF709F9FFF727FB34E7C5D7000826
:1013A0002DE9F04700238AB0814642F21078DFF839
:1013B0005CA001240025002600278DF82730EFF3DC
:1013C00005832BB9FDF73CFF10B90120D44600DF9F
:1013D0000DF127034FF0FF32052148460493002307
:1013E000CDE9064500934FF0FF33CDE9026700F0E9
:1013F0007FF89DF8273013F0010002D0B8F1010802
:10140000DDD180F001000AB0BDE8F087ABD800085C
:10141000F0B500238BB0002600278DF827304FF061
:10142000FF320493062100934FF0FF330446CDE9C9
:101430000667CDE9026700F05BF8054618B14FF08A
:10144000FF300BB0F0BD2046FFF7AAFF0028F6D012
:1014500001220023052120460095CDE906230DF148
:1014600027034FF0FF3204934FF0FF33CDE90267BB
:1014700000F03EF80028E2D19DF8270080F002003D
:1014800040F34000DDE770B51D46D0F8F43086B07B
:101490000646013317D0140E8DF81740FFF7B8FF3A
:1014A00070B901234FF0FF32D6F8F41000930DF11C
:1014B0001703CDE90100301DF1F7B8FD06B070BD8E
:1014C0004FF0FF30FAE790F8FA31032B0ED06B1C87
:1014D00008BFB2F1FF3F09D0002D08BFB2F1807FF5
:1014E0002CBF4FF0FF30002040B2E7E70020E5E7D7
:1014F0002DE9F7430A9E044615460C9FDDF8388017
:10150000DDF840900191FFF7BEFF58B933462A46F7
:101510000199201D0A97CDE90B8903B0BDE8F0437E
:10152000F1F784BD03B0BDE8F083D0F8E8300133B3
:101530002DE9F047054688B08A461DD1FFF768FFC0
:1015400028B14FF0FF34204608B0BDE8F0870022F4
:10155000002301210490CDF800A0CDE90623D5F8A1
:10156000E4304FF0FF32CDE902304FF0FF33284630
:10157000FFF7BEFF0446E6E7FFF74AFF0028E0D189
:101580004FF000084FF000090126002704904FF0AB
:10159000FF324FF0FF3301212846CDF800A0CDE9FE
:1015A0000689CDE90267FFF7A3FF04460028CAD1E8
:1015B0002846FFF72DFF0028C3D14FF0FF324FF030
:1015C000FF33D5F8E8100494CDF800A0CDE90689E2
:1015D000CDE90267CBE7F0B5012289B000230026F0
:1015E00000270C46049105210546CDE9062300237A
:1015F0004FF0FF3200934FF0FF33CDE90267FFF762
:1016000077FF98B9D5F8E430013B0FD00134009052
:101610004FF0FF32D5F8EC100494CDE90630CDE957
:1016200002674FF0FF332846FFF762FF09B0F0BDB5
:10163000F0B500F1BC07044689B03846FCF70EFE51
:1016400094F804522DB93846C4F80052FDF766FEEE
:1016500009E0D4F80062013EC4F8006236B100250A
:101660003846FDF75BFE284609B0F0BD0022002396
:101670000421204604960096CDE90623CDE90223F5
:101680004FF0FF334FF0FF32FFF732FF002884F8AE
:10169000046238460CBF00256FF47A65FDF73EFE04
:1016A000D4F8B430002BDED11048B4F9B840FEF7BE
:1016B000B5FAFCF7D3FD0E4B1B6803F114011A4673
:1016C0000233B2F90000A0420CD14FF6FF73138031
:1016D000084A1368002B01DD013B13600348FEF745
:1016E0009DFAB3E78B42EAD1F8E700BF300F002440
:1016F000580F00245C0F002408B50448FFF710F8C9
:101700000348FFF795FF002008BD00BFA02D00246F
:10171000601000242DE9F04700F1BC0788B00446B2
:101720001546109E384605938946FCF797FD2A46D4
:10173000059B2046D4F8E0A00796FFF7A4FEA0BBC7
:1017400094F8FD3104F1040894F8F921039340461C
:1017500094F8FE31029394F8FB31CDE9002394F81C
:10176000FA3194F8F811FEF7EBFB0646E8B994F865
:10177000FB0107AB5146B0FA80F04009CDE9009378
:1017800042422B464046F1F7B9FB05463246314608
:101790004046CDE90266CDE9006694F8FA31FEF7DD
:1017A000CFFB45EA000464B20CB16FF47A643846AA
:1017B000FDF7B4FD204608B0BDE8F087B0F1104F4A
:1017C00013B50C4608D24B1E024490420CD010F8C0
:1017D000011B03F8011FF8E70023CDE9002300F106
:1017E000E0420348FFF796FF204602B010BD00BF5D
:1017F000601000242DE9F04F92469B468DB00446C0
:10180000D0E944239B4508BF924528D2D0F828C18F
:10181000BCF1000F23D0BCF1010F0CD000F5B47E59
:101820000025AC451BDDFEE80201594508BF5045C7
:1018300002D20135F5E70025611991F8541105919F
:1018400016991AEB010617994BEB0107BB4208BF2B
:10185000B24207D2614C20460DB0BDE8F08F4FF088
:10186000FF35E9E7236852462046196B5B468847F7
:1018700002460B465046594607F0DCFD1343E9D1BA
:1018800016F1FF3223682046196B47F1FF33884772
:1018900002460B463046394607F0CCFD1343D9D1FA
:1018A00004F5E4730993DDE91623134300F09480F3
:1018B000D4F81891B9F1FF3F59D11AF1FF334FF025
:1018C00008074FF003060A934BF1FF330B9305F122
:1018D000090304EBC3030893059B3B4224D0099BF7
:1018E0004FF000095046594653F826301A4698469C
:1018F0004B4607F09FFD134316D1DDE916234B45F8
:1019000008BF424510D30A9B13EB080306930B9BB9
:1019100043EB09030793089BDDE90601D3E948235C
:101920008B4208BF824203D2013E4FEA5707D3D20F
:1019300004EB8606D6F8B891D6F8C86104F1BC0766
:101940004FF000083846FCF789FC2046FFF760FDA1
:1019500000283DD15B4652462046FFF794FD0346E2
:1019600040B16FF47A643846FDF7D8FC73E74FF462
:101970008056E3E7CDE90100009052464946201D1C
:10198000F1F754FB0028ECD11AEB060A169B4BEB3F
:10199000080B9B1B1693179B63EB08031793DDE95A
:1019A000162313430CD004EBC503D3E95A235B453C
:1019B00008BF52453FBF0135631993F85431059371
:1019C0002046FFF7EDFC28B13846FDF7A7FC6AE793
:1019D000034CC8E7034CC6E700243CE75BF0FFFF7D
:1019E0005CF0FFFF5DF0FFFFB0F1104F1FB5044644
:1019F00010D300F1E04200230A480392FAF7EBFD0E
:101A0000039A0023CDE900010648FFF7F3FE80B2F8
:101A100004B010BDF0F7EAFA214602460248FEF78C
:101A2000A3FBF4E760100024A02D00242DE9F04F63
:101A30001F4600F1080304460E46154600F1BC0897
:101A400000F104092DED028B08EE103A87B0DDE9B4
:101A5000122313437CD0D4F8F0314FF0000B28460A
:101A600039469A461A4602935B4607F0E3FC129900
:101A70005118009113994B410193DDE9000159453B
:101A80004FF0000B08BF504540462ABF029B129BF7
:101A90009B1A0293029B9A46CDE904ABFCF7DEFB4E
:101AA0002046FFF7B5FC00284ED12A463B4620468B
:101AB000FFF7E9FC50B16FF47A644046FDF72EFC65
:101AC000204607B0BDEC028BBDE8F08F94F898304B
:101AD000002BF0D0002EEED0049B002BEBD048461C
:101AE000FEF724FA4FF0FF332A4602214846FDF75D
:101AF0003DFB04AB324604F16C0118EE100AF1F71D
:101B000029FA03904846FEF707FA039B002BD2D12F
:101B1000DDE904239B4508BF9245CCD1029B15EB20
:101B20000A0520461E44129B47EB0B07B3EB0A0342
:101B30001293139B63EB0B031393FFF731FC28B154
:101B40004046FDF7EBFB82E7024CB6E7024CB4E7F8
:101B50000024B5E75CF0FFFF5DF0FFFFB1F1104F2F
:101B6000F0B506468BB00D4614461AD3002200236A
:101B70004B4801F1E045FAF72EFD0B4600210246E5
:101B8000474899424FF00003314608BF944238BF9E
:101B900014462A46CDE90043FFF748FF80B20BB058
:101BA000F0BD104605F084FA22463146074605F09E
:101BB000DFFA0C2005F07CFA3A4B00228460059392
:101BC00006AE394B0492CDE9023002ABC0E9007594
:101BD0000FCB364D86E80F00FCF7FAFC2B4653F886
:101BE000184F6CB9EB69332B4FD92C6A343B04F195
:101BF0003402EB6134232A6223600123A37108E0DD
:101C00002268332A3DD9E268002A37D01A60A368D7
:101C10009360FCF7C9FC00224FF0FF3304F1240766
:101C2000C4E9052396E80F0087E80F00204BE36125
:101C3000FEF7DAFE1F4B0246214623626369034426
:101C40001A486361FCF79DFD2A6BEFF3058313B916
:101C5000FDF7F6FAE8B1D2B11378F32B17D102F100
:101C60000C03012153E8004F44EA010043E800055A
:101C700005B1F7E71046FCF787FA08E0A2681A609A
:101C8000C7E704F10803A468ABE7FCF78DFC00206C
:101C900085E710460121DFF820C000DFF7E700BF2D
:101CA00060100024CBD80008FD0601084419002468
:101CB000F3D80008EFD8000815D800082DE9F04F38
:101CC000D0F8B4A005462DED028BB5B0BAF1000FE7
:101CD0000CD0AE4AAE4BBAF1FF3F0CBF92469A46CB
:101CE000504635B0BDEC028BBDE8F08F00F1BC036F
:101CF000184608EE903AFCF7B1FA2B1D52465146B1
:101D000008EE103A95F8FA3118EE100ACDE902AA59
:101D1000CDE900AAFEF714F930B16FF47A6A18EE33
:101D2000900AFDF7FBFADBE795F804320BB9C5F82A
:101D300000A2D5F800620136012EC5F80062EED18E
:101D40000023D5F8F44185F8FB3185F8FD3195F88D
:101D50009830002BE1D018EE100AFEF7E7F818EEE5
:101D6000103A2146C5F89040181DF2F76BFB8046EB
:101D700018EE100AFEF7D0F8B8F1000FCDD12846C2
:101D8000FFF70EFB002800F0D584824F032220AC21
:101D90009F213B7828460494BB468DF88030002371
:101DA000CDF80080ADF88180CDE906230022002324
:101DB000CDE902234FF0FF324FF0FF33FFF798FBDE
:101DC0000028AAD19DF88030BF2B00F0B58000F22A
:101DD000A580012B00F0B6809D2B00F0B080002381
:101DE00010AEDFF8B8812946304600270DF17009A2
:101DF000C5E94233C5E94833CDE9208394E80C00B6
:101E0000F0F7DEF84FF05A0C96E80F00082684E849
:101E10000F000123002220462399CDF80C90B246F2
:101E20000296CDE9003CCDE9046700238847B8421B
:101E3000CDF828806FDB04225749484607F0AEF8FA
:101E40008046002867D19DF87530012B63D19DF83D
:101E5000763032460B933B4637461E4601215A20C8
:101E6000CDE90476CDE90010CDE902A920462399F9
:101E7000CDE90C32884700284DDB9DF87230012BEC
:101E8000099348D11D99080EFF28DDE90C3212D1C3
:101E90009DF87000812865D084286DD058B921F054
:101EA0007F41C5F808119DF8731089005029A8BF1B
:101EB0005021C5F80C1108320B9808F1010143F1CB
:101EC000000340454CDC0A9B002714AE29462093B2
:101ED0003046219794E80C00F0F772F80DF1700C81
:101EE00096E80F008CE80F00D5F80C310822012687
:101EF00060461F9903940096CDE904375A23CDE933
:101F00000132D5F808213B468847824618B99DF929
:101F10008730BB4246DADFF888A000E7C22B7FF4A7
:101F20005EAF032385F8006185F8F000C5F8E43062
:101F30001523C5F8EC3052E785F802014FE7C5F8E4
:101F4000E4604CE79DF88130022B7FF448AF9DF8A8
:101F50008230202B7FF443AF012385F801313EE727
:101F600088467BE721F07F41C5F820119DF873106A
:101F70008900C5F824119EE721F07F41C5F8D811EA
:101F80009DF873108900C5F8DC1194E75AF0FFFF43
:101F900059F0FFFFB8A401086EA40108A9FF0008CA
:101FA0005EF0FFFF219B0133DB08C5E94430D5F823
:101FB0000C31282B89BF9DF8A8304FF480761B1177
:101FC0009E409DF8BD3013F00802C5F8F0615AD06C
:101FD0000021002300204FF0FF32049300934FF0C4
:101FE000FF33CDE90601CDE90201F0212846FFF7D4
:101FF0007FFA00288FD12846FFF7D2F9064600283D
:1020000089D0D5F80C011C285FD9012305F5DC71B6
:1020100005F5E47C4FF0FF3E9846227F41F804EB43
:1020200008FA02F2012ACA600ED9677F41F8047CDF
:10203000D5F86071BA4200D30FB9C5F8602195F8A0
:1020400054211A4385F854215B008C4504F10204A5
:10205000DBB2E2D19DF882309F063DD59DF88930F4
:10206000C5F8E0309DF8883003F01F025B119B003B
:1020700085F8FD2185F8FB31022385F8F93100262A
:1020800085F8FE3141E0DB067FF545AF00260027ED
:1020900004924FF0FF33009266214FF0FF32284642
:1020A000CDE90667CDE90267FFF722FA00287FF441
:1020B00032AF4FF0FF324FF0FF3399210490009080
:1020C000CDE90667CDE9026790E79DF88130FF2BE7
:1020D000C5F81831BED11EE7102866DD9DF89020A6
:1020E000D40662D59DF89B30C5F8E0309DF89A3053
:1020F00003F01F025B119B0085F8FD2185F8FB3181
:10210000022385F8F93185F8FE3195F8003193B353
:1021100000229BF8003018EE100A8DF8603011464E
:102120000223ADF86120CDE90222CDE90022FDF7BE
:1021300007FF00BB18A92846FFF74DFAD8B99DF84C
:102140006230284643F002038DF86230FFF760F9F1
:1021500088B918A92846FFF7E8F9044658B928466F
:10216000FFF71EF938B118A92846ADF860408DF880
:102170006240FFF730FA9BF8002000238DF83C20E6
:102180008DF860209DF8BA20ADF83D30C2F3021200
:10219000ADF86130013A042A00F2FE80DFE812F067
:1021A000B60022012601B600B60058060ED59DF8ED
:1021B0008B30C5F8E0309DF88A3003F01F025B11C8
:1021C00085F8FD2185F8FB31022358E79DF8902022
:1021D000D1077DD59DF89730C5F8E0309DF8963051
:1021E00003F01F025B115B0085F8FD2185F8FB31D0
:1021F000012385F8F93185F8FE3195F8F030BBB14F
:10220000D5F80C313F2B13DD9DF8BF3013F04002A1
:1022100000F05E8103234FF0000B85F8FA3195F84A
:10222000FA31032B00F0E281BBF1000F7FF473AEB3
:102230002846FFF7B5F800283FF46DAE0A9B18AEAC
:102240004FF000090DF1800829462093CDF88490C5
:1022500030461CAC98E80C00EFF7B2FED5F820B180
:1022600096E80F0084E80F00BBF1000F04D0D5F80A
:102270002461002E40F0C8810123C5F82831D5E93A
:102280004432C5F82C3113F1FF3342F1FF32C5E976
:102290005A32D24B28461B788DF880300023ADF897
:1022A0008130FFF77DF800283FF435AE95F8024104
:1022B000002C00F00982012C00F020822846FFF754
:1022C0006FF800283FF427AE012385F8043226E595
:1022D000DA0606D59DF88F30C5F8E0309DF88E30CF
:1022E0007EE7DB070ED59DF88D30C5F8E0309DF810
:1022F0008C3003F01F025B1185F8FD2185F8FB315E
:10230000012378E70323C5F8E03076E70123C5F819
:10231000F830C5F8FC30D5F8F8305F1C09D0D5F896
:10232000FC104C1C05D034AA134401228A4003F847
:10233000942C18A92846FFF74EF99DF862309DF8B5
:102340003E202846BDF83C101343BDF860209DF8A0
:102350003C700A4318A99DF83D40ADF860208DF807
:102360006230FFF7E2F82846FFF71AF800283FF43A
:10237000D2AD002318A92846ADF860308DF8623040
:10238000FFF729F99DF860301F409DF861301C402F
:1023900057EA04033FF4BFAD002E3FF42EAF9DF883
:1023A000B9309DF8B8201B0103F0100343EA121363
:1023B000082B66D037DC022B23DC002B3FF41DAF4B
:1023C0000021002300204FF0FF32049300934FF0D0
:1023D000FF33CDE90601CDE9020138212846FFF798
:1023E00087F80AE7C5F8F830062392E7C5F8F83011
:1023F00007234FF03E0EC5F8FC303F23C5E93AE312
:1024000089E7042B7FF4F9AE0021002300204FF070
:10241000FF32049300934FF0FF33CDE90601CDE97D
:1024200002013521DAE7102B7FF4E7AE0126002701
:1024300018AC4FF000084FF000094FF0000B4FF0C0
:10244000FF324FF0FF33652128460494CDF800B0E9
:10245000CDE90667CDE90289FFF74AF89DF86030BB
:102460004FF0FF32612103F07F030494CDF800B0F8
:102470008DF860304FF0FF33CDE90667CDE9028972
:10248000ACE70126002718AC4FF000084FF0000918
:102490004FF0000B524A0023652128460494CDF8E2
:1024A00000B0CDE90667CDE90289FFF721F89DF874
:1024B00060304B4A712143F040030494CDF800B0E2
:1024C0008DF860300023CDE90667CDE9028985E704
:1024D000D80711D50020002104920092CDE9060111
:1024E000CDE902014FF0FF324FF0FF33B72128460C
:1024F000FEF7FEFF60BB8DE613F002020DD028460A
:10250000FEF786FF002865D100220023049000908A
:10251000CDE90623CDE90223E4E713F0100139D019
:102520000126002718AC4FF000084FF000098DF885
:10253000602000924FF0FF334FF0FF32B521284664
:102540000494CDE90667CDE90289FEF7D1FF10B109
:10255000DFF890B063E69DF86030284643F0010351
:102560008DF86030FEF754FF834698BB04904FF01F
:10257000FF324FF0FF33B12128460094CDE90689A0
:10258000CDE90267FEF7B4FF0028E1D1032385F807
:10259000FA3144E613F0080013D08023002204919E
:1025A00017218DF860300023CDE906230122002396
:1025B000CDE9022318AB4FF0FF3200934FF0FF3309
:1025C00095E713F0040B4FF00203E0D0C522C5F8E5
:1025D000F42020E6DFF810B021E600BFB8A401081F
:1025E000030080005EF0FFFF5CF0FFFF002218EEAA
:1025F000100A1146CDE90222CDE90022FDF7A0FC28
:1026000000283FF411AE86E4304604F051FD074641
:1026100000283FF480AC5A23082103905A462046F4
:10262000CDE9013101231F9900934B46CDE904699F
:10263000884700283DDB3E78D5F824C116F0020615
:1026400094E80F0088E80F0040F0B98007EB0C0910
:102650003C460834A1452CD30120002114F8063C47
:1026600014F805BC54F8042CCDE904010FA9404628
:10267000039103F00F019B09029114F8071C0093CA
:102680000023019123998847002812DB9DF83C30F4
:10269000760014F8082C1BEA030FF6B2237818BF53
:1026A00046F00106D20703F0020300F18A80002BF6
:1026B000CFD04FF0FF347BE0099901334900042B60
:1026C000C9B2099169D173E02846FEF7A1FE00283E
:1026D0007FF421AC0022002304909821009028462A
:1026E000CDE90623CDE902234FF0FF324FF0FF334F
:1026F000FEF7FEFE00283FF4E1AD0CE420A92846D9
:10270000FEF769FF00287FF406ACD5F8F8307BB9F6
:10271000D5F8FC309C4044F00304E4B29DF88030CE
:1027200020A928461C408DF88040FEF7FEFEE1E718
:102730000324F3E7DFF8C4A0FFF7F1BA0CF10103BB
:102740000A2BC5F82831B4DC6FF4AA79043405F5F6
:10275000967805F5AA7605F5B47E00210F22A9EB3F
:102760000509236814F8040B23F0FF0300F00F00A1
:1027700003F58073024048F8043B013B06F8010B67
:102780000B44D9171846EEE80201591C09EB060361
:102790009C45E6DC0023C5F86031099911EA020482
:1027A0008AD005EB83030024D3F8C831C5F8603123
:1027B000384604F085FC01343FF4ADAB69E53C4696
:1027C0004E46D5F824213A44217888077FF571AF29
:1027D00004F108039A42FFF46CAF94F802C00CF1C4
:1027E000020304EB83039A42FFF463AF6078B042C4
:1027F000A4D0C9073FF55DAF1C46E5E75DF0FFFFDC
:1028000073B51F4C04F1560504F15A06B4F8541080
:1028100028460191FAF7BBFA58B301993046FAF706
:10282000C3FAE36D53F8200018B30378F13B082B8B
:10283000ECD801A252F823F05D2801080D28010808
:10284000632801080D2801080D28010867280108E0
:102850006B2801080D2801086F280108236E98478E
:10286000D4E7636EFBE7A36EF9E7E36EF7E7236F48
:10287000F5E7002002B0BDE87040FAF795B900BF57
:102880003C0100241F4B186870B53830EFF704FC8A
:1028900018B11D4B4FF080625A601C4CE368013345
:1028A000E360FAF7DDF90020FAF77EF9236D03B152
:1028B0009847226C2AB3A369E16B994203D0D96986
:1028C000E36301B9DA61DA69BAB9267A022E18D15E
:1028D000656AB5B1E36B95F9202093F920309A42EF
:1028E0000FD12846FAF7EAF8E06BFAF755F96E705F
:1028F000236CE563A561EB6103E0013ADA61002A2C
:10290000E3D070BDF01C002400ED00E03C01002489
:10291000024608B5EFF3058313B16FF0050008BD5B
:10292000FCF78EFC0028F8D11046DFF808C000DF65
:10293000F5E700BFA9D2000870B51D4B0546044657
:1029400045F8543B2846FBF789FC206C6669FCF788
:1029500095FC0023636194F83D306BB9012384F842
:102960003D304EB1EFF3058333B9FCF769FC18B97C
:102970003046DFF840C000DF2846FCF7CFFC94F873
:102980003C302BB1A06A08B104F09AFB0023A3628B
:10299000606DFFF7BDFF226CEFF3058333B9FCF7E1
:1029A0004FFC18B91046DFF810C000DF204670BD9C
:1029B000A49A010875D1000845D2000810B5044654
:1029C000FFF7BAFF204604F07BFB204610BD000055
:1029D000024608B5EFF305830BB1002008BDFCF7F4
:1029E0002FFC0028F9D11046DFF804C000DFF5E71E
:1029F000E9D50008074B10B504460360FEF718FE42
:102A0000D4F8BC00FFF784FF201DFDF73BFB2046F8
:102A100010BD00BF2899010810B50446FFF7EAFF72
:102A2000204604F04DFB204610BD00001FB5134B9F
:102A30006C460B250FCB84E80F0020461C24FFF7C3
:102A4000C7FF0F4B18600F480F4B456003600F4BDB
:102A5000C4608360FFF7BCFF0D4B18600D480E4B40
:102A6000C460C0E900350D4B8360FFF7B1FF0C4B2C
:102A7000186004F07BF9FCF7E1FB00BFBCA401087F
:102A8000A8350024E02D002483A40108F42D00249F
:102A9000F02D0024302D002490A40108442D0024A2
:102AA000402D0024042301480B807047700200244D
:102AB000122301480B8070475C020024036818470A
:102AC00000F07B43B3F1005F0ED000F07743B3F129
:102AD000405F09D000F07F40B0F1805F14BF4FF03D
:102AE000FF304FF001607047004870470000040855
:102AF000BFF34F8F0549064BCA6802F4E0621343E7
:102B0000CB60BFF34F8F00BFFDE700BF00ED00E0DB
:102B10000400FA0508B5D0F8B4325B689847002085
:102B200008BD08B5D0F8B4320BB9022008BD1B6847
:102B300098470028FAD0F8E7D0E90030184700009D
:102B40000A23038000487047E802002400207047F1
:102B50000020704700207047002070470020704719
:102B6000002070476F2303800048704778020024DC
:102B70000048704798AA0108D0E90931C26A006A82
:102B8000424301FB0323A0FB010119447047D0E934
:102B900006017047D0E904017047D0E9020170478F
:102BA00001682DE9F04717469846096B0646DDE9AE
:102BB000089A884702460B463846414606F03AFCDA
:102BC000134302D00020BDE8F08717EB09043368F7
:102BD000304648EB0A0514F1FF32196B45F1FF331B
:102BE000884702460B462046294606F023FC13433D
:102BF000E8D1336830469B6B9847A94208BFA04292
:102C00002CBF01200020DEE72DE9F0471E460368B7
:102C1000154604469B6ADDE9087A984702460B464A
:102C20002846314606F006FC134302D00020BDE8DA
:102C3000F087236820469B6A984702460B46384631
:102C4000514606F0F7FB1343F0D115EB0708236854
:102C5000204646EB0A099B6B9847494508BF40450B
:102C60002CBF01200020E2E72DE9F0471E46036853
:102C7000154604465B6ADDE9087A984702460B462A
:102C80002846314606F0D6FB134302D00020BDE8AB
:102C9000F087236820465B6A984702460B46384611
:102CA000514606F0C7FB1343F0D115EB0708236824
:102CB000204646EB0A099B6B9847494508BF4045AB
:102CC0002CBF01200020E2E74FF0FF30704703687F
:102CD000DB6A18470020704710B50224C0E90722BC
:102CE000C0F89442D0F8C002EFF711F9002010BDEF
:102CF00008B5002204231146C0F89432D0F8C0026F
:102D0000EFF705F9002008BD37B54B7804460D46AE
:102D1000092B45D8DFE813F0040120014400190114
:102D2000440088000A004400EC00B90000234988F0
:102D3000ADF806300B0A013B062B31D8DFE803F073
:102D40000416233030515B00D0F8B0321B680DF10F
:102D50000601207C9847BDF80620002A5FD0EB884A
:102D6000002B53D12046FFF7C3FF5BE0027CD0F875
:102D7000B43232B99B6A0DF10600984702234370C2
:102D8000E9E7DB6AF7E7C9B2052921D8DFE801F0F6
:102D9000030C1014181CD0F8B0325B68002BD6D18D
:102DA0002046EFF7A9F83DE0D0F8B0329B68F5E790
:102DB000D0F8B032DB68F1E7D0F8B0321B69EDE74C
:102DC000D0F8B0325B69E9E7D0F8B0329B69E5E74B
:102DD000D0F8B4329B6B002BE2D00DF1060298477D
:102DE000B9E7037C002BDBD1D0F8B4320DF106003B
:102DF0005B6B9847AFE7037C002BD1D1D0F8B4329E
:102E00000DF106001B6B98470723B8E79A4201466D
:102E1000204628BF1A46ADF80620FFF75DFFEB8875
:102E2000002B9FD003B030BD8B88002BB8D1C88851
:102E30000028B5D14D887F2DB2D894F89C32032B51
:102E4000AED0EAB2D4F8C03284F89E2293F8BC1314
:102E5000012910D083F838201A68D2F8001821F41C
:102E6000FE61C2F80018D2F8001841EA0511C2F854
:102E7000001883F8BC032046FFF73AFF1DB1022378
:102E800084F89C32CEE70123FAE78978384D01298E
:102E9000297085D890F89C32022B08D0032B15D0CE
:102EA000EFF72AF829782046FFF734FEBAE7002921
:102EB0003FF458AF01210323416080F89C32204643
:102EC000FFF72FFE02287FF44DAF69E731B90223E7
:102ED000416080F89C32FFF71DFE43E741680129FD
:102EE0003FF440AFC9B2FFF715FE29786160E6E70D
:102EF000CA88012A7FF454AF90F89C32022B0AD87A
:102F0000002B3FF44DAF0146002341F8083F204617
:102F1000FFF7E2FE86E7032B7FF442AF011DF6E7E1
:102F200090F89C32013B022B3FF63AAFCB88022B44
:102F30007FF436AF0123C360D0F8A4320BB1032372
:102F4000C360022204F10C01E1E74B88012B7FF4FE
:102F500069AFC4F8A43205E790F89C32013B022B1C
:102F60003FF61EAF4B88012B7FF45CAF0023F0E7E8
:102F7000043A002438B5036804460025DB6C984702
:102F8000104B03227C2083F830200F4A116821F077
:102F9000030111605D631A6083F83050EFF7ACFAFB
:102FA0000A4A2046D2F8DC3023F40073C2F8DC3041
:102FB000236884F8545084F880501B6D9847284645
:102FC00038BD00BF94120024002402480044025877
:102FD00038B5D0F8B432044601795B689847D4F824
:102FE000C04294F8BC33012B21D02568012384F81A
:102FF000BC332846AB6823F00103AB60F0F70AFA54
:103000004FF48463226813610A4B013B02D01169BB
:103010008906FAD4A36A012B06D1A369012B03D038
:10302000AB6B23F48033AB63002384F8BC33002004
:1030300038BD00BF410D030008B5FFF7C9FFFFF71A
:1030400057FD00002DE9F7430D7800230646D0F820
:10305000B84215F06005ADF8063000F07C81202DF7
:1030600040F08F8191F80180B8F1060F00F289815C
:10307000DFE818F0440107004300B4000B0122010F
:10308000270141F21803CA88E05C02B3022801D08C
:10309000052818D1498804F58053196041F20403CA
:1030A00041F21801E2500323635441F214016354C6
:1030B0002146D6F8C002C6F89432C6E95722EEF788
:1030C0003BFF002515E03046EEF716FFF9E705282F
:1030D00001D00228F7D14FF483720025E25241F269
:1030E00011030622E55441F21203E55241F21403A2
:1030F000E254284603B0BDE8F083CA8841F21800C4
:10310000002A5FD0205C04F58053022801D00928F2
:1031100052D14F8841F204091F6041F2180344F86C
:103120000920DFB9032A21464FF0030298BF4FF070
:10313000090804F8038041F21103E75441F2120335
:10314000E75241F2140304F803804FF40453238040
:103150004123A3703046FFF7BFFDB2E7012F41F2D4
:1031600011011BD009200025023FE05441F2120357
:1031700065542146E55241F21403E05441F208033C
:10318000E058D6F8BC3200EB0730DB69984734F8DA
:10319000092001463046FFF79FFDAAE70F220025D0
:1031A000E25441F212036554E55241F21403E25431
:1031B0003046EEF7A1FE9CE7002541F20402A5503F
:1031C0001D60F5E7022341F211012354625441F2DC
:1031D0001201625241F21401635472E741F2180283
:1031E00004F58055A35C1035032B04D0062B2DD09D
:1031F00006222946AEE741F2040341F21100E358EA
:10320000EBB1042341F21201A35400222254625272
:1032100041F21402A35441F20803E05804F580532C
:103220001968D6F8BC3231B92278412A03D11B6A19
:103230002A469847DCE71B6A2A460121F9E705215F
:10324000A154235441F21202A3520DE041F219039A
:10325000E35C012B0CD10721A15441F21102A354CC
:1032600041F212030022E25241F21403E154BFE79B
:10327000002BBDD1564991F826104907B8D5022137
:10328000A15441F21102A354DCE741F2180341F2C8
:103290001001E25C0A2A07D102220025E25441F221
:1032A00014036550E25224E70A22E2540E236350CD
:1032B00041F21403E25204E704F58051012218316F
:1032C00048E741F21802A35C092B3FF6FAAE4FF42F
:1032D0001B75DD40ED4315F001057FF4F2AE0223CE
:1032E000A35441F21002A55041F21402A35204F576
:1032F00080531D6041F20403E550FAE641F21800E4
:10330000225C092A14D84FF41B73D340DB4313F01B
:1033100001030DD10222225441F21000235041F248
:103320001400225204F58052136041F20402A350AB
:10333000274B93F8275015F0100508D03046454626
:10334000FFF746FED6F8C002F3F702FBD1E6488845
:10335000F3F74CFCCDE64F780B2F12D8DFE807F0DF
:1033600006111111111116111111232C90F89C3214
:10337000032B06D102220DF106013D46FFF7ACFCFE
:10338000B7E630460225EEF7B7FDB2E64B881B12D2
:10339000212B05D1CA880F49092A28BF0922F9E63D
:1033A00000221146F6E690F89C32032BE9D104F591
:1033B000805101220C31EDE68B78022BE1D890F898
:1033C0009C22032ADDD141F20C02A35091E600BFFA
:1033D000780200249C020024F0B541F21802D0F8D3
:1033E000B84289B00746A35C042B65D104F580562A
:1033F00041F20403316800294FD12278AAB9E35879
:10340000012B41D1002541F2040341F21802E5509D
:1034100003233560A35441F21102A55441F2120274
:10342000A55241F21402A3542BE0212A10D1E358F3
:10343000052B29D1E378A2781B0403EB02236278E1
:103440001344227903EB026341F20802A350D9E747
:10345000412A19D1E358052B16D1E378A0781B0433
:1034600003EB002360780344207903EB006041F212
:103470000803E050D7F8BC325B6998470028C1D0F8
:103480000225284609B0F0BD002341F20402384667
:10349000A3503360EEF730FDB4E70129B2D941F211
:1034A00008020239A058D7F8BC2200EB01312046AF
:1034B0009569E258A847E1E7072B4FF0000313D1C5
:1034C00041F219016354184991F8265041F2110153
:1034D00015F004050AD00620A05441F212026354EC
:1034E000A35241F21402A0541D46CAE70823A35474
:1034F00041F212026554A55241F21402A354D0F8CD
:10350000BC321B699847094B094A002109480792B8
:1035100006950092CDE9043704ABCDE902010648D7
:103520000ECBEEF721FDACE778020024393001081C
:10353000392B0108400D0300B00E002438B50446B5
:1035400041F21C0003F0B4FDC4F8B802E0B102225D
:1035500041F2180300F580510C4DC25200230B605C
:1035600041F20401435041F20801455041F20C017F
:10357000435041F21001435041F21403C252D4F8B7
:10358000BC32DB68984700B1022038BD0000040857
:1035900070B504460D46164600211C2203F0F6FDC8
:1035A000204632462946FBF7DDFB204670BD38B584
:1035B000D0F8B832002541F21801044603F58052D4
:1035C000156041F204029D5002225A5441F210014A
:1035D0005D5441F214015A54D0F8B80218B103F006
:1035E0006FFDC4F8B852002038BD00002DE9F04F3F
:1035F0008BB0016806469346149F159C0097019472
:10360000496C8847002800F0BF8033683046DB6C87
:10361000984796F8803043B9336830465B4C1B6D51
:10362000984720460BB0BDE8F08F594C94F83030E5
:103630002546012B5FFA83FA1AD14FF0000958464C
:10364000D6E908234946CDE9023205F0F3FE039A94
:103650008046029BB81A4946584405F0EBFE804567
:103660000746C4F8349005D9636B43F00063636385
:10367000484C80E0236D984203D9636B43F000739C
:10368000F5E70323D4F8009084F83030236C9A06D1
:1036900009D4414BC9F83830636B43F080636363EE
:1036A00084F830A0E4E7D9F814309B0106D53A4BF2
:1036B000C9F83830636B43F40063F0E7A36B012B68
:1036C00004D0032B36D04FEA482847022024002399
:1036D000CDF814804FF4807A4FF4805805A94846FD
:1036E000CDE9064ACDE90838EEF712FB41F28832FF
:1036F00021464846EFF71EFF48B12B68264A9A63D9
:103700006B6B18430123686385F83030B0E72C6891
:1037100005A905972127CDE908082046CDE9067AB5
:10372000EEF7F6FA41F2883239462046EFF702FF0B
:103730000028E2D100234FF4807226272C6805A9C7
:103740002046CDE90723CDE905374FF4805309938F
:10375000EEF7DEFA4FF2186239462046EFF7EAFE3E
:1037600028B12B680C4A9A636C6B2043CAE701238B
:10377000044685F83030EFF771FF0428FBD1336839
:1037800030461B6D98474CE7044C4AE774ECFFFF4A
:10379000941200246EECFFFFFF0FE01F75ECFFFF9B
:1037A0002DE9F04F8BB00E460168054693469A46C8
:1037B000DDE91478CDE90078096C8847002800F02D
:1037C000FE802B682846DB6C984795F8803043B91B
:1037D0002B6828467B4C1B6D984720460BB0BDE8F4
:1037E000F08FAB6D784C0393D5E90889EEF7CEFEE8
:1037F000074626B9636B43F00063636368E094F89F
:103800003030012B40F0D78042464B465146584657
:1038100005F010FE824642464B46DDE9140105F0F4
:1038200009FE226D0AEB000100238046914263638A
:1038300003D9636B43F00073DFE7D4F800B00322D1
:103840004FEA482984F83020CBF82C30A36B012BA9
:103850004FF0FF33CBF8243018BF4FEA4A2ACBF899
:103860002890B8F1010FDBF82C3023F0FF0343F070
:103870009003CBF82C30DBF80C3043F04003CBF84E
:103880000C3027D92023CDF814A04FF0190AE36299
:103890004FF4807100235846CDF818A0CDE90713E6
:1038A0004FF4805305A90993EEF732FA41F28832BA
:1038B00051465846EFF73EFE78B32368434A9A6371
:1038C000636B18436063012384F830300023E362A4
:1038D0003F4C67E01023CDF814A04FF0180AE362C4
:1038E000D6E7436B5A040CD5B9F11F0F09D906F17D
:1038F000200356F8042BB342C0F88020F9D1A9F177
:103900002009EEF743FE039BC01B834205D82368C2
:103910002E4A9A63636B6363D5E72068436B13F4A5
:103920008D7FDED0C36823F04003C360436BDB05AB
:1039300009D5B8F1010F06D9A36B032B03D0EFF71C
:103940000FFF0028B9D12268506B10F0080005D095
:103950001E4B9363636B43F00803DCE7516B11F07C
:1039600002010AD0194B9363636B43F00203636354
:10397000012384F83030E062AAE7536B13F01003A0
:103980000AD0124B9363636B43F01003636301230C
:1039900084F83030E1629BE70E499163012284F89C
:1039A00030201C46EFF75AFE0428FBD12B6828462E
:1039B0001B6D984711E7636B43F000531DE7064CFE
:1039C0000BE700BF74ECFFFF94120024FF0FE01F11
:1039D0006CECFFFF3A0F001875ECFFFF2DE9F04F7C
:1039E0008BB00E460168054693469A46DDE9147889
:1039F000CDE90078C96B8847002800F00E812B685C
:103A00002846DB6C984795F8803043B92B682846E8
:103A1000834C1B6D984720460BB0BDE8F08FAB6D13
:103A2000804C0393D5E90889EEF7B0FD074626B927
:103A3000636B43F00063636369E094F83030012BFB
:103A400040F0E78042464B465146584605F0F2FCAE
:103A5000824642464B46DDE9140105F0EBFC226D3F
:103A60000AEB0001002380469142636303D9636B34
:103A700043F00073DFE7D4F800B003224FEA48298F
:103A800084F83020CBF82C30A36B012B4FF0FF33A0
:103A9000CBF8243018BF4FEA4A2ACBF82890B8F167
:103AA000010FDBF82C3023F0FF0343F09203CBF837
:103AB0002C30DBF80C3043F04003CBF80C3028D925
:103AC0000223CDF814A04FF0120AE3624FF4807184
:103AD00000235846CDF818A0CDE907134FF48053C2
:103AE00005A90993EEF714F941F288325146584678
:103AF000EFF720FD00283ED023684B4A9A63636BA2
:103B000018436063012384F830300023E362474C9C
:103B100076E00123CDF814A04FF0110AE362D5E757
:103B2000436B1A0419D5B9F11F0F16D9331D06F1CD
:103B3000240122680433D2F88020100A03F8082CEC
:103B400003F8070C100C120E03F8060C03F8052CF2
:103B50008B42EED12036A9F12009EEF717FD039B29
:103B6000C01B834207D823682F4A9A63636B43F0D4
:103B700000436363C6E72068436B13F4957FCFD09F
:103B8000C36823F04003C360436BDB0509D5B8F17C
:103B9000010F06D9A36B032B03D0EFF7E1FD00283B
:103BA000AAD12268506B10F0080005D01E4B936319
:103BB000636B43F00803DCE7516B11F002010AD09C
:103BC000194B9363636B43F002036363012384F82F
:103BD0003030E0629BE7536B13F020030AD0124BA6
:103BE0009363636B43F020036363012384F83030F5
:103BF000E1628CE70E499163012284F830201C4673
:103C0000EFF72CFD0428FBD12B6828461B6D984745
:103C100001E7636B43F000530DE7064CFBE600BF82
:103C200074ECFFFF94120024FF0FE01F6DECFFFF08
:103C30003A0F001875ECFFFF03682DE9F04FDB6CBD
:103C40009FB0B84C05469847B74BB84E4FF48042EA
:103C500023600423E2604FF0010863610023B44F46
:103C60004FF0030923610EA93846C4E90133D6F8A1
:103C7000E02042F04002C6F8E020D6F8E0201093A1
:103C800002F04002CDF844900792079A0822CDE94D
:103C90000E28F2F787FE4FF400230EA9A548BB615A
:103CA0000227D6F8DC3043F40073C6F8DC30D6F8CF
:103CB000DC3003F400730693069BD6F8E03043F043
:103CC0000203C6F8E030D6F8E03003F002030593B3
:103CD000059BD6F8E03043F00803C6F8E030D6F88C
:103CE000E030CDF8449003F008030493049B0923CB
:103CF00012934CF21803CDE90F780E93F2F752FEAF
:103D0000C0230EA98C480E930B231293F2F74AFEA0
:103D100005217C20EEF70CF8884B4FF08052DA60DA
:103D20008DF80F809DF80F30012B5FFA83F812D0C9
:103D30007C20EEF7E1FBD6F8DC30284623F4007354
:103D4000C6F8DC302B6885F854701B6D98477C48AA
:103D50001FB0BDE8F08F94F8303003F0FF0203B9D4
:103D60002276032384F83030EDF7FEFF70B901238B
:103D700084F830304FF0006363630123284685F8F0
:103D800054302B681B6D98476E48E1E721686E4BF5
:103D90004A686E4FB0FBF3F33A401A435B00B0FB46
:103DA000F3F06B4B4A600A68B3FBF0F042F0030299
:103DB00001300A60F2F71AFF002320680893EFF73A
:103DC000A7FC834688BB4FF4D5700822D4F8009036
:103DD0000EA9604ECDE90E024FF480724846CDE93F
:103DE000102B4FF480521292EDF792FF32684FF48D
:103DF000FA51B2FBF1F141F288324A43013A0DD354
:103E0000D9F8341011F0450FF8D08904F6D4D9F858
:103E10003420520710D50422C9F838200022206827
:103E2000E263EFF775FCF0B18346012284F830209D
:103E3000636B43EA0B039FE7D9F83420D30701D51E
:103E40000122E9E7D9F83420500602D54022C9F80A
:103E500038200122E26300212068EFF740FC28B1FE
:103E60004FF0805BE1E7E26B012AF4D04FF6FE7978
:103E70000021CA4637E02068EFF731FC834600286E
:103E8000D3D1354B29212268CDE90E314FF4807111
:103E90004FF4805301921293CDE910100EA91046F1
:103EA000EDF736FF33684FF4FA51019AB3FBF1F1A5
:103EB00041F288334B43013BD2D3516B11F0450F94
:103EC000F9D08904F7D4536B5B0702D504239363BD
:103ED000C6E7224B93632368D3F814B0089A4FEADD
:103EE000DB7101320892089A4A4501D80029C2D0F4
:103EF000089A524513D81BF0804F01D00123A363C9
:103F0000D4F80090D9F80030980729D14FF080609C
:103F1000012384F83030636B184360632DE74FF062
:103F2000807B82E794120024002402480044025857
:103F30000018025800040258000C025800E100E08A
:103F400073ECFFFF74ECFFFF00350C00002CC0FF8A
:103F50001021010000000024000010C1C500200055
:103F6000A36B032B69D0002302224FF4805A0EA9C1
:103F70004846CDF848A0CDE90E324FF44072CDE965
:103F80001023EDF7C5FE4846EFF7ACFA0028BFD185
:103F9000D4F80090D9F81430E366D9F818302367C4
:103FA000D9F81C306367D9F82030A367A36B032BC3
:103FB00043D04FF4807303210E90CDE90F13CDE968
:103FC000110A0EA94846EDF7A3FE33684FF4FA52E2
:103FD000B3FBF2F241F288335343013BC0F01C8142
:103FE000D9F8342012F0450FF7D09204F5D4D9F85F
:103FF00034305B0703D50420C9F8380088E7D9F8C6
:10400000340010F0010003D00123C9F838307FE7F5
:10401000D9F81030DBB2032B40F0FC80C94BC9F853
:104020003830D9F8143013F4604240F0E680A16BC8
:104030001B0C2668032940F0F280D4F800B0DBF8AE
:1040400018301B0D2364E36D9A0F8DF83820C3F3ED
:1040500083628DF83920C3F301628DF83A20C3F3EF
:1040600007428DF83B20C3F30722DBB28DF83C20DA
:104070008DF83D30236E1A0DADF83E20C3F3034298
:104080008DF84020C3F3C0328DF84120C3F3803255
:104090008DF84220C3F340328DF84320C3F3003241
:1040A0008DF8442000228DF84520A26B002A40F0B4
:1040B000D68040F6FC71626E01EA830343EA927394
:1040C0001293C2F3C2638DF84C30C2F302638DF8D1
:1040D0004D30C2F342538DF84E30C2F38243C2F3E7
:1040E000C2328DF84F308DF85020129B9DF8502031
:1040F000013302F00702023293409DF8402002F0A3
:104100000F010122A3648A40E264520A53432365EB
:104110004FF4007363654FF0010A636E4FF48079CA
:104120004FF480565846C3F380320D968DF85120D7
:10413000C3F3C61203F07F038DF852208DF853307D
:10414000A36EDA0FC3F300418DF85420C3F341721C
:104150008DF85520C3F382628DF85620C3F3835245
:104160008DF85720C3F340528DF8582000228DF867
:1041700059208DF85A10C3F3C0310C928DF85B10A2
:10418000C3F380318DF85C10C3F340318DF85D10BE
:10419000C3F300318DF85E10C3F381218DF85F10F9
:1041A000C3F30121C3F346038DF8601009A98DF80C
:1041B0006130636C8DF862A01B0409930723CDE97D
:1041C0000A39EDF7A5FD072341F288325846194612
:1041D000EFF7B0F900287FF49BAE4FF40071206830
:1041E000EFF7E8FA002859D02368574A9A63636BBF
:1041F0001843606384F830A0BFE55E0407D413F46D
:10420000004F0CBF4FF480304FF4805080E64FF4E5
:1042100000507DE601207BE64FF0004078E66364C5
:104220001B04092130460E934FF440731192CDE9DF
:104230000F134FF480530EA91293EDF769FD30462A
:10424000EFF750F900287FF463AE23685A69E265FE
:104250009A692266DA6962661B6AA366EDE6012A3C
:104260000FD11B04B4F8662003F47C13134312939C
:10427000129B01339B02A36423654FF40073E36434
:1042800048E7314B4FF08050CBF83830636B43F048
:1042900080536363012384F8303039E6EEF776F912
:1042A0008246206843699B0100F1C3804021EFF7FB
:1042B00081FA58B1636B63632368234A9A63636B23
:1042C00018430123606384F830309FE0616C2068FC
:1042D0000904EFF704FA0028ECD1D4F800B04FF04D
:1042E000FF330EA9CBF824304023CBF82830DBF87D
:1042F0002C3023F0FF0343F06303CBF82C300D2365
:104300000E90CDE911065846CDE90F39EDF700FDC5
:104310000D2341F2883258461946EFF70BF9002871
:10432000C8D10EAE23685A6B12F4957F5A6B0DD02C
:1043300011077CD45A6B920777D45B6B9B0622D50E
:104340002020B9E7C5002000FF0FE01F100407D5AB
:1043500006F12002D3F8801046F8041B9642F9D1EA
:10436000EEF714F9A0EB0A000130DBD14FF000406A
:10437000A2E7D2F8803046F8043BEEF707F9A0EB4D
:104380000A000130F2D02268536B13F48053F0D14D
:10439000A84991630E99C1F381128DF82420C1F3CD
:1043A00040128DF825200A0A22F0FF0242EA11622B
:1043B00092B2ADF826200F9A12BA0A92109AD1B290
:1043C0008DF82C10C2F307218DF82D10C2F3035184
:1043D000120C8DF82E10119922F0FF02C8B2024380
:1043E000ADF83020C1F385228DF83220C1F30122CF
:1043F0008DF83320C1F3031201F00F018DF8342042
:104400009DF84B208DF835108DF836204FF4007153
:1044100020681E46EFF7CEF970B12368864A9A638A
:104420006063012384F83030A7E4022044E70820C9
:1044300042E74FF400603FE7002E7FF49EACA16B93
:104440009DF8342001299DF83530D2B2DBB213D16A
:10445000134314BF4FF400734FF48073A365032319
:10446000E668994284F8303002D0B6F5004F05D1A5
:10447000636B43F080535CE0A665F0E7B6F5804FD0
:1044800033D10023CDE90E3323685B69980126D42C
:104490000EA8EFF7A9F960B90F9B590322D5616CFB
:1044A00020680904EFF71BF918B902212068EFF71B
:1044B000FDF8636B18436063636B002B3BD023688C
:1044C0005D4A9A634FF400712068EFF773F9002892
:1044D0006DD02368584A9A63636B1843A0E74FF482
:1044E0000060E6E74FF08060E3E7FEB92368CDE9BE
:1044F0000E665B699A0113D40EA8EFF775F960B9DF
:104500000F9BDB030FD5616C20680904EFF7E7F818
:1045100018B901462068EFF7C9F8616B0843CAE78C
:104520004FF40060F9E74FF08060F6E7636B43F00B
:1045300000636363C0E7EDF717FC98B33F4AB0FB35
:10454000F2F9D4E904C3D4E9018E4B450CD2A16D34
:10455000B1F5007F08D0B1F5807F19D19BB99042A9
:1045600002D9374BB0FBF3F3216846EA08064FF057
:1045700000084A6846EA0E06174046EA0C0637432A
:104580001F434F609EE75900B0FBF1F19142E7E70E
:104590002C4A1BB9904288BF4B46E5E75900B0FB57
:1045A000F1F0F7E7636B43F0006363638AE701238D
:1045B00084F83030B8F1000F7FF4DFABEDF7E6FFA1
:1045C0000646EFF74BF804282BD1E36B0026A06BCF
:1045D000012266636B63236CA16CAB63636C276D14
:1045E000E66285F8546084F83020EB63E36C646D18
:1045F000286329642871284685F880206B64AF649D
:10460000EC64C5E90A16C5E90236C5E90436C5E910
:104610000636C5E908362B681B6D98473046FFF70C
:1046200097BBEDF7B3FF801B0130CAD14FF00043B9
:104630006363F6E63A0F0018FF0FE01F80F0FA02FE
:1046400000E1F50540787D01064B10B50360044696
:1046500090F880300BB1FEF78DFCE06DFEF758F955
:10466000204610BD58AB010810B50446FFF7ECFF1B
:10467000204602F025FD204610BD5C30FAF74EBE04
:104680005C30F9F7EBBD38B5D0F8C04201F00F054A
:1046900063689D4237D811F0800F4FF01C0234D070
:1046A00002FB054302FB054101223C3381F83D201A
:1046B00001221D709A7094F8BC13914223D084F8A3
:1046C000BC231A785B782068012B4FF020030CBFC5
:1046D00000F5106100F5306113FB02131968002921
:1046E00004DB1AB11A6822F080421A601A6842F498
:1046F00000121A6025B904F57172217CEEF764FE90
:10470000002384F8BC33002038BD02FB014302FBC8
:104710000141002203F5FE7381F8FD21C8E770B561
:10472000044616460D4651BBD0F89432032B1FD1D8
:10473000D0E9581291420ED9891A8A42C0F8601104
:10474000D0F8C00288BF8AB2314698BF92B2EDF766
:10475000F3FB284670BDD0F8B4321B6923B190F842
:104760009C22032A00D198472046FEF7C1FAF0E7C1
:10477000052BEED1C4F89412FFF785FFE9E7D0F8D6
:10478000B4329B6933B190F89C22032A02D10025F0
:104790009847DEE70225DCE730B5013800252B46D7
:1047A0000135445D002CFAD1DBB201335B0013808C
:1047B0000B7003234B70022310F8015F05B930BD65
:1047C0005A1CCD540233D2B2DBB28C54F4E7000051
:1047D000082908B50AD8D0F8BC32063953F82100A8
:1047E00010B10349FFF7D8FF014800E0002008BDE1
:1047F000FC3800240A460349034808B5FFF7CCFFFC
:10480000084608BDA81A00249FAA01080A460349C1
:10481000034808B5FFF7C0FF084608BDA81A0024E2
:10482000AAAA010838B5674C2068E56A436B1904E9
:104830001FD52A071DD5A36A1F2B19D9616A0B1D25
:1048400001F1240022680433D2F88020150A03F80D
:10485000082C03F8075C150C120E03F8065C03F82D
:10486000052C8342EED1A36A2031203B6162A36212
:1048700038BD436BDB0535D54FF480738363C36B61
:1048800023F4414323F03A03C363C36B23F0805303
:10489000C363C36823F04003C36015F0080311D05D
:1048A00015F0220F05D0EEF75BFF10B1636B1843D4
:1048B00060632368444A9A63012384F830300023FC
:1048C000E362D5E72906D3D515F0220F8362C362D0
:1048D0000365F1D0EEF744FF0028EDD0636B184379
:1048E0006063E9E7436B5A0411D52B070FD5226AA1
:1048F0001F2ABDD9E36903F1200153F8045B8B4201
:10490000C0F88050F9D1203AE3612262B0E7436BEE
:1049100013F03A0F436B4DD0990703D5636B43F007
:1049200002036363436B1A0703D5636B43F0080309
:104930006363436B9B0603D5636B43F020036363A0
:10494000436BD90603D5636B43F0100363631E4BBF
:104950008363C36B23F49D73C363C36823F0400375
:10496000C360C36A43F40053C362C36843F0800367
:10497000C360EEF7F5FE636B15F0080140EA030033
:1049800023686063DA6822F08002DA604FF4006224
:104990009A6391D12A067FF56BAF626B002A3FF4D0
:1049A00067AFDA6B22F08052DA631965012384F86D
:1049B00030305DE7DB007FF55BAF4FF08053836302
:1049C000036D55E7941200243A0F00182DE9804832
:1049D000ADF5217D1C220021D84D04AF07F1D80090
:1049E00002F0D4FB882107F1D800A7F8E810EEF711
:1049F0007DFB002107F1D800EEF79CFB0221B7F9FF
:104A0000E800EDF775FCCE48CE4A0368CE4943F482
:104A1000807311600360CD48D1F850800478BFF3F3
:104A20005B8FBA6014F0010430D1FAF717FD68B358
:104A3000C74BD3F8D020560000F15D82D3F8D020C8
:104A4000002AC0F25882D3F8D020D00000F155825D
:104A5000D3F8D020510100F15082D3F8D020D201F8
:104A600000F14D82D3F8D02016020BD4D3F8D02019
:104A7000900200F14682D3F8D03013F4800F0CBFBF
:104A80000B240124B1482C70FAF7E0FCB14C2378D8
:104A9000BFF35B8FD9070BD42046FAF7DFFC38B1A0
:104AA000AB4B2046D3F8D020AB4B1A60FAF7CEFCC4
:104AB000A74AD2F8D03043F48033C2F8D0302B78F4
:104AC000012B08D1BB684DF659724FF4FA701B6880
:104AD0001A65F2F78BF80022942107F1BC00FEF76B
:104AE00057FD1C22002107F1A00002F04FFB07F147
:104AF000A000002301229621FAF71EF907F1A00079
:104B0000FAF771FB40B107F1A000FAF78DFB012124
:104B100007F1A000FAF770FB0022922107F1840050
:104B200007F5B675FEF734FD0022932107F1680002
:104B3000FEF72EFD1C22002107F14C0002F026FB9F
:104B4000A621002207F14C00FAF70CF98348F9F787
:104B50006FFE0024F9F73CFD814B824A4FF0240B95
:104B60001A60F9F721FD01229F2107F13000FEF7BD
:104B70000FFDF2F715F87C4BA42221462B6007F5B8
:104B8000CE707A4B2C616B61AD61AC85C5E9074491
:104B9000C5E9094402F0FAFA754BC5E9353407F561
:104BA0001273BBF1010B03F8014BFAD12846FBF756
:104BB000D2FA704B1C225946C5F8003107F1F400B7
:104BC00002F0E4FA01235A46172107F1F400FAF73C
:104BD000B3F81C22594607F5887002F0D7FA07F59A
:104BE000887001235A461621FAF7A6F807F588704F
:104BF000FAF7F9FA00286ED007F1F400FAF7F3FAA1
:104C0000012868D0F9F7E4FC0A245946B7F92001D5
:104C1000EDF76EFBF9F7C8FC07F58870FAF704FBAF
:104C2000F9F7D6FC0021B7F92001EDF761FBF9F7A0
:104C3000BBFC002107F58870FAF7DEFA0520EDF7D6
:104C400049FBF9F7C5FC0121B7F92001EDF750FB4D
:104C5000F9F7AAFC012107F58870FAF7CDFA0520CB
:104C6000EDF738FB013CDBD107F1F400FAF7DCFA91
:104C7000214607F1F400FAF7BFFA0520EDF72AFB09
:104C8000012107F58870FAF7B7FA0520EDF722FB46
:104C9000012107F1F400FAF7AFFA0520EDF71AFB4E
:104CA000F9F796FC214607F1F400EEF743FAF9F71D
:104CB0007BFCF9F78DFC07F588702146EEF73AFA90
:104CC000F9F772FC07F58870FAF78DFA18B107F159
:104CD000F400FAF788FAB5F90091B5F902612649AE
:104CE0004846F9F7C1FE044624493046F9F7BCFEB0
:104CF0000146204607F58874F9F7CCFE1E49F86096
:104D00004846F9F7A5FE1D4982463046F9F7A0FE50
:104D1000FB68A4220021206107F5CE702360A4F86F
:104D20000490C4F808A0A68102F030FA214607F5E5
:104D3000CE70EFF745FF284622E000BFFB39002484
:104D4000004802580C36002400400058F438002473
:104D500000440258F8380024FC390024649B010800
:104D6000E00F002481C70008ACA90108A7C900080A
:104D7000A0860100170016005C980108C097010882
:104D8000FBF7E1F94F2307F1100128463B82F0F7CA
:104D90006FFA4FF4756307F1100128463B82F0F774
:104DA00067FA40F24C5307F1100128463B82F0F7B6
:104DB0005FFA40F24D3307F1100128463B82F0F7CD
:104DC00057FA40F6521307F1100128463B82F0F7DC
:104DD0004FFA40F6537307F1100128463B82F0F773
:104DE00047FA0A20F1F702FF48F29C0307F110018D
:104DF00028463B82F0F73CFA42F29E0307F110018D
:104E000028463B82F0F734FA0A20F1F7EFFE40F231
:104E1000422307F1100128463B82F0F729FA0A20C5
:104E2000F1F7E4FE4AF2940307F1100128463B82B1
:104E3000F0F71EFA40F63B7307F1100128463B825B
:104E4000F0F716FA40F6357307F1100128463B8259
:104E5000F0F70EFA0A20F1F7C9FE012107F1BC00B4
:104E6000FAF7CAF90A20F1F7C1FE002107F1BC00E8
:104E7000FAF7C2F90A20F1F7B9FE012107F1BC00E7
:104E8000FAF7BAF90A20F1F7B1FE40F2AA73984591
:104E900040F07F81BB68AE481B68AE4DD3F854909C
:104EA0009A6D5FFA89F6DB6DFA607B60FBF77CFC3C
:104EB00016F0020F3ED016F06003DFF8C4A222D035
:104EC0002820F9F75BFAFB68C0F800A003F1006244
:104ED000C3F500110023C0E90423013280F820301B
:104EE0004362C0E90133C0E9061300D009BB0021C9
:104EF0009948ECF7DDFF0624C4E50424C2E5032449
:104F0000C0E50224BEE528203B60F9F737FA4FF0F0
:104F1000006100223B68C0F800A080F820304362A6
:104F2000C0E904124FF400110022C0E90133C0E9C6
:104F300006122860720744BF884B2B6033071DD5CB
:104F40008820F9F71BFA864B4FF400728246036003
:104F500000235C3040E9152340E9132340E9112385
:104F600040E90F230023002240E90D23ECF7B0FFB6
:104F70004FF47A73C5F800A0CAF8583019F0800FC2
:104F800015D02820D5F80090F9F7F8F9754B0022D4
:104F90002860C0E900390023C0E90223C0E90423E6
:104FA0000023FA6803764276C36180F8203016F059
:104FB000400FDFF8D0A12BD0C820F9F7DFF96A4BFA
:104FC00081466A4940F8043BEDF742F8684B4422B9
:104FD0000021C9F80030803309F11400C9F8043009
:104FE00002F0D4F83822002109F1580002F0CEF87E
:104FF00040230020C9F89830C9E924034FF4007316
:1050000009F1A400C9E92733ECF762FFCAF8009060
:10501000B10618D55C20F9F7B1F9534B0646534950
:1050200040F8043BEDF714F8524B40220021336066
:10503000903306F11400736002F0A8F84FF0FF33CC
:10504000CAF80060B365DAF800002968002800F0AB
:10505000248503685B6A98470646002840F0198556
:105060004549464801F0A2FC8146002800F08C80AA
:1050700003460422012107F1F40001F013FD32463A
:105080003146484601F01EFDD7F8F400FDF718FD43
:10509000421C05467AD0394907F12800FAF704FE88
:1050A00007F12800F9F7BAFB804600283DD101F04E
:1050B00079FA1323C7F80C8003602846244EECF7D6
:1050C00095FFB0F5804F28BF4FF48040804601F037
:1050D000EFFF8246FB689B4580F047854B46424682
:1050E0000121504601F0DEFC05EB0B0128467960FA
:1050F000ECF77CFF79680246B1FBF0F300FB131379
:105100003BB93046FBF730F842F21070EDF7E2F8A9
:1051100079680A46434651463046FBF78DF94FF40D
:105120007A70C344EDF7D6F8D4E703682246B96A2B
:105130009B699847B0F1000806DA01F033FAC8F12C
:105140000003FE600360B8E72369FB60B5E700BFBA
:10515000A02D0024003A00240101FF8060100024EB
:1051600058AB0108B4AB01089C9E0108969B01084E
:10517000C89E0108C09D0108BEAA0108C1AA010875
:105180004CA901080C3A00246FF00205BB681B68AB
:105190001D65CA4B1A6802F07F42B2F1005F11D060
:1051A0001A6802F07F42B2F1105F0BD01A6802F069
:1051B0007F42B2F1405F05D01B6803F07F43B3F13B
:1051C000605F66D14DF65973984562D040F2AA737C
:1051D00098455ED0BB6800251B681D65F1F7C8FCCB
:1051E00072B6B74B2946DFF824E31D604FF0E02389
:1051F0005B6803F00F035E1C2B464FF0FF359C46A7
:105200008A0002F1604202F56142C2F88050C2F8A1
:1052100080510022D01801327044082A80F800C35F
:10522000F8D1013108338E42EADCA64B4FF0206200
:105230005A60A2F1FE729A6040F2FA52DA600022DD
:10524000C3F810C01146981801320C2A0176FAD121
:105250004FF0FF3259629A629B4ADA621F221A6348
:10526000BFF35F8F994B5960BFF34F8FBFF36F8FC1
:105270009249974B08681D68002282F3148885467E
:1052800082F3108828470A6882F3088801201B6887
:1052900098470020F1F7B6FCEDF774FF8D48FBF757
:1052A00083FA8D48FCF70AFD18238C4A30218C487C
:1052B000F9F72EF88B4AD2F8B432FA6013B1002312
:1052C000C2F8B432884BFA68884DC2F8B032012275
:1052D000FB68F96883F89C22002385480B7006213F
:1052E0002B632B61EB60EB62C5E90833C5E906234C
:1052F000FB68C5F80434C3F8C05295F8BD33C5E95E
:10530000000103F0FF08002B40F0AA80794E4FF017
:10531000020A85F8BC834FF00A09D6F8E03021462E
:1053200075481343C6F8E030D6F8E0301340C7F8AC
:10533000F430D7F8F430D6F8E03043F00203C6F882
:10534000E030D6F8E03003F00203BB62BB6AD6F867
:10535000E03043F00403C6F8E030D6F8E03003F064
:1053600004037B627B6AD6F8E03043F08003C6F822
:10537000E030D6F8E03003F080033B623B6AD6F8B9
:10538000E03043F48073C6F8E030D6F8E030C4F87B
:10539000088003F48073FB61FB692023C4E9003AB1
:1053A0000323C4E90339F1F7FDFA08210323524826
:1053B000C4F80880C4E9001A2146C4E90339F1F7AA
:1053C000F1FA43F6234321464C48C4F80880C4F858
:1053D0001090C4E9003AF1F7E5FA01222146484865
:1053E000C4F80880C4F81090C4E9002AF1F7DAFA8A
:1053F000102321464348C4F80880C4F81090C4E93B
:10540000003AF1F7CFFA4FF4006321463E48C4F862
:105410000880C4F81090C4E9003AF1F7C3FAD6F84E
:10542000D83001224D2043F080631146C6F8D830B1
:10543000D6F8D83003F08063BB61BB69D6F8D830AA
:1054400043F00073C6F8D830D6F8D83003F00073B4
:105450007B617B69ECF76CFC2C4B4FF4005199603D
:1054600003232E6885F8BD33214BDB6B13F4807367
:1054700008BF2B61B368D5F8108023F00103B36037
:10548000AB69012B40F09383B36B696B23F48033DA
:105490000129B363F36823F4840323F04003F3602A
:1054A000F36823F44013F36003D1F36843F48013EB
:1054B000F3603046EDF770FF044629E00000040871
:1054C00010E000E000ED00E0020000C090ED00E020
:1054D00004000408A02D002460100024D0AA0108B4
:1054E000DC35002430360024E0010024103A00248A
:1054F0000000044000440258000002580004025812
:1055000000080258001C02580020025800E100E088
:10551000B8F1010F10D1F36D9BB2F365F36D43F059
:105520007B7343F40033F365B36843F00603B36061
:10553000B36843F02003B360002C00F065830223BE
:1055400085F8BD332B684FF40071FA685962596AC7
:10555000D2F8C00241F000719962B54BC2F8B43282
:10556000B44BC2F8BC32F1F7F3F94D20ECF7C4FFAD
:105570006520ECF7C1FFB04B5A699B691A4200F0F5
:105580002F82AE4E3468B246636913F001033B606C
:1055900040F026826269A3691A4200F021826369A1
:1055A000A26913409A0703D5636903F0020363619C
:1055B0006369A2691340DB062BD5A36923F01003AE
:1055C000A361D4F82080C8F3434308F00F05022BF1
:1055D00040F03E8447F6F07318EA030F14D01C2302
:1055E000C8F30A19204603FB05A54A46D5F8081258
:1055F000EDF71EFFD5F808324B44C5F80832D5F850
:1056000014324B44C5F814323268936943F01003E6
:10561000936133685A6999690A40150300F12A8435
:10562000864E3368B2465A6999690A4012F4802F4F
:1056300011D0D3F8182803F50063B046DB69134096
:105640009BB27B6004F51063BB600023FB607B684A
:10565000002B40F029863068426983691A4210D5D0
:10566000D4F8043823F00103C4F8043896F8F4336E
:10567000012B04BF002386F8F433436903F0004391
:105680004361436982691340190510D5D4F808387D
:10569000DA0708D5D6F8043493F89C2283F89D22C3
:1056A000042283F89C22436903F400634361436945
:1056B000826913401B0111D5436903F00063436104
:1056C0005E4B93F8F423002A40F01687012283F8FA
:1056D000F423426DC2F38302C3F8F823436982695D
:1056E0001340DD043ED5D4F8042804F5006322F00D
:1056F00001025A604FF484620261514A013A02D0B9
:1057000001698906FAD404F51062DFF830E14FF63A
:105710007F3CDEF804100D463968A942C0F0F786D8
:10572000DA6942F00112DA61DEF83020002A00F076
:105730001087D3F8842042F00B02C3F884205A6CFF
:1057400042F00B025A64D4F800383E4A23F4FE6358
:10575000317CC4F80038EDF737FE3268536903F442
:105760008053536134686369A26913409B0440F11C
:10577000EF80D4F8003923F4FF6323F00703C4F863
:105780000039D4F8042842F48072C4F80428D4F80C
:10579000082812F0060304D012F0020F14BF0223EF
:1057A0000F23F360EEF732FEF268D3B2022B40F023
:1057B000EE86254B254903448B4240F2D686244B86
:1057C000244903448B4240F2D386A0F57403224956
:1057D000A3F510538B4240F2CE86A0F183731F498C
:1057E000A3F5E7438B42C0F0C9861D4B1D49034416
:1057F0008B4240F2C6861C4B1C4903448B42C0F0CE
:10580000C3861B4B1B4903448B42C0F0C086A0F1EA
:10581000B7731949A3F558538B42C0F0BB86174B99
:10582000174903448B4234BF072306232AE000BFF5
:10583000FC0100243802002400000440103A002437
:10584000410D0300D43D0024405327FFFF340C00DA
:10585000401E1BFF3F420F007F4F120020D6130057
:1058600060B6E5FE5FE3160000D3CEFE40771B0076
:10587000C05BB3FEC091210020753800E05459FE92
:10588000E09C4100E168B2F100084FF0000921F40A
:10589000705118BF4FF00108E160E16841EA8323CD
:1058A000E3604023D6F80444D4F8C052C5F804326B
:1058B00005F5FE7195F8BC33A5F8FC91012B85F830
:1058C000FF9107D00123286885F8BC33EDF7D3FD9D
:1058D00085F8BC93D4F8C092402201230025C4F877
:1058E00064214FF48070C4F8583109F13C01C9F8C3
:1058F000442099F8BC23A9F83C009A4289F83F500B
:10590000A9F8425007D0D9F8000089F8BC33EDF768
:10591000B2FD89F8BC53012300214022A36184F821
:105920009C32D4F8B8326262C4F894126160C4F850
:10593000A41223B1D4F8B43220465B689847D6F855
:105940000434326883F81080536903F400535361C0
:1059500032685369926913401D070FD5D6F80404C5
:1059600090F89C32032B04D1D0F8B432DB6903B138
:1059700098473268536903F00803536133685A69E2
:1059800099690A40D40203D55A6902F480125A6117
:105990005A6999690A40900203D55A6902F40012C3
:1059A0005A615A6999690A40510003D55A6902F04F
:1059B00080425A615A6999690A40520710D55C6859
:1059C000630709D5D6F80404012380F89C32D0F887
:1059D000B43201795B68984733685A6814435C6055
:1059E0007D4A1368591C1160282293FBF2F402FBD4
:1059F0001434002C7FF4BFADECF7C8FDB0F5FA7F8E
:105A00000BD9764B1A7842B1754A4DF65971126826
:105A1000106D884201D114651C70724D724C2B7848
:105A20008BB9724B07F14C001B78227842FA83F352
:105A3000DBB22370F9F7D7FBB0FA80F107F14C0025
:105A40004909F9F7D9FB2B780133DBB22B702378A6
:105A5000FA2B02D82378092B0AD8644A13785B42C0
:105A60005BB213701378227842FA83F3DBB22370AF
:105A70002A7823789A427FF47EAD07F14C00F9F73B
:105A8000B2FBB0FA80F107F14C004909F9F7B4FB19
:105A900071E56FF00105FFF779BB002965D00B6850
:105AA0000846E9469B689847064600287BD1286847
:105AB00003689B6A9847102802462868B8BF1022DE
:105AC00001689300073323F00703ADEB030DD317F1
:105AD0000DF1100ACDE90023FA6833464D695146AD
:105AE000A847DAF80000FCF7EBFF431C054657D047
:105AF000ECF77CFAB0F5804F28BF4FF48040804629
:105B000001F0D6FA82463E607B689B452CD2384B2A
:105B1000514618680368CDF800803A6801925E69C2
:105B2000FB680BEB03020023B04705EB0B0628468E
:105B3000ECF75CFA0246B6FBF0F300FB13633BB9EB
:105B400031462C48FAF710FB42F21070ECF7C2FB1A
:105B50004346324651462748FAF76EFC4FF47A70B6
:105B6000C344ECF7B7FBCFE7CD4622480025FAF750
:105B7000D7FD214B214AE360214B224823600023BB
:105B8000C7E94555CDE90223E368009394E80E0088
:105B9000ECF7EAF9BB681B681D65F0F7E9FFFEE763
:105BA000CD46FFF7F3BA6FF00305FFF7EFBAF368DE
:105BB0003046D5F8289043F04003F360EDF7ECFB56
:105BC000B36B0446B9F1000F03D143F48033B363E0
:105BD0009EE423F48033FAE7083A00247402002498
:105BE0000C360024183E0024F3020024F2020024A4
:105BF000003A0024A02D0024BD2A0108400D030016
:105C0000F12A0108F00E00242B6832204FF0010821
:105C10002646D96821F0C041D960D96841F0804159
:105C2000D960F0F7E3FFD5F804C023464FF01C0E0F
:105C3000D8B2591C6045C0F0B28000234FF01C0E52
:105C40001846DEB201336645C0F0B88000212B68EB
:105C5000D5E903E20E467A60D5E906823A60EA6A3F
:105C6000BA6001F14000013103EB80000F2946606A
:105C7000F7D1BA6803F50066002A40F0AC8071687D
:105C800041F002017160996B21F400119963196868
:105C900041F040011960196841F08001196000214C
:105CA000B8F1010FC3F8001ED3F80018C3F80018AC
:105CB000D3F8001840F09780BEF1000F40F09080BC
:105CC000C3F800184FF4846119618949013900F063
:105CD0008D8018698206F9D410211961844901392F
:105CE00000F086801869C006F9D4002103F5106021
:105CF0004FF000684FF67F398E4631617161F16176
:105D00008C4577D103F530604FF0000C4FF0904E8A
:105D10004FF000684FF67F39594540F08180316976
:105D20007A6821F480713161002199616FF08041BE
:105D300059611AB9996941F01001996198696D49E1
:105D40003A68014399611AB1996941F00801996172
:105D5000BA68012A05D1996941F0804141F00401F6
:105D60009961002C7FF4EBAB012185F8384085F870
:105D7000BD13696A01290DD185F8F443C5F8FC13F8
:105D8000996941F000619961596D41F0805141F08C
:105D9000030159651846EDF73DFBFFF7D3BB0EFB3A
:105DA000005383F83D8083F83C00A3F8420083F859
:105DB0003F601E65C3E911660B4639E70EFB0651CD
:105DC00081F8FD0181F8FC6181F8FF01C1F8100242
:105DD000C1E9810035E7996B41F4001199635EE7F1
:105DE00041F001016CE741F0030169E7012473E729
:105DF00001247AE7D0F800A0BAF1000F0DDA41B91A
:105E0000C0F80080C0F810E00131C0F808902030E0
:105E100076E74FF090420260F4E7C0F800E0F1E767
:105E2000D0F800A0BAF1000F0FDABBF1000F09D1D2
:105E3000C0F80080C0F810C00BF1010BC0F808904A
:105E4000203069E7C0F800E0F4E7C0F800C0F1E7EF
:105E5000062B7FF4D9AB082227492046EDF7E8FA54
:105E60001C2303FB05A5C8F30A13D5F81422134419
:105E7000FFF7C8BBD3F8182803F5006304F53068B2
:105E8000DFF878A0DB69002613401B0CFB60FB6881
:105E9000002B3FF4C5ABFB68D80740F1BA80174D23
:105EA0005FFA86FB286800F5306C0CEB4B139A68A0
:105EB000D0F8143802EA03092B4619F0010F27D055
:105EC000296901220CEB461C0129C8F80820D0F8EA
:105ED00040E0DCF8082040F0C780110712D5084BDD
:105EE0009E4515D9100413D54FF400430EE000BFB2
:105EF000410D030000383C80D43D0024103A0024BA
:105F00000A30544F910640F18D802023CCF80830A0
:105F100019F0080F6AD02B680822C8F808201A6CFC
:105F200003F53063BA6003EB4613B9689A68084614
:105F3000C849884204D9150402D54FF400429A603A
:105F4000C548D0F8045490F8C43305F52A7185F893
:105F5000A83290F8C5E385F8A9E290F8C72390F835
:105F6000C6C30CEB022C1FFA8CFCA5F8AAC290F851
:105F7000C9B390F8C82302EB0B2292B2A5F8AC2269
:105F800090F8CBB390F8CA0300EB0B204FF0010B55
:105F900080B2C5E9A5B003F01F0BA5F8AE02BBF1B6
:105FA000010F7ED0BBF1020F00F09A80BBF1000F11
:105FB00040F0778103F06003202B00F0C180402B7C
:105FC00000F0BE80002B40F0C7802846FCF79CFE06
:105FD000BB681A469F4B9A4208D99F4B1969012901
:105FE00004D103F571721868EDF7EEF919F0100F8E
:105FF00002D01023C8F8083019F0200F02D0202357
:10600000C8F8083019F4005F03D04FF40053C8F803
:106010000830FB68013608F120080AF11C0A5B0809
:10602000FB6034E712F0280F7FF472AF89498E4588
:1060300002D912043FF558AFDCF81020DAF8041248
:10604000C2F312028A1ACAF81422DAF8082211449A
:10605000D5F810223243CAF8081210D17F4A012124
:10606000EDF7B2F97C4B0AE07D498E4512D111045F
:106070003FF53AAF920602D52022CCF808201C2228
:106080005946D5F8040402FB0B33D3F80822FEF777
:1060900046FB3DE7D5F810123143F0D105F571729A
:1060A000DEE703F06000402801D0580654D495F88C
:1060B0009C32013B022B4FD8D2B2022A4CD8D5F8E1
:1060C000B43228469B689847B5F8AE32002B7FF46F
:1060D0007FAF00287FF47CAF2846FCF709FE77E706
:1060E00003F06003202B2BD0402B29D0A3BBBEF1A3
:1060F000010FD1B23DD0BEF1030F27D0BEF1000F8A
:106100002AD195F89C32022B00F09380032B23D1E7
:1061100052B201F00F031420002A00FB035380F257
:10612000A1809B69C3B101F07F0303FB00002844F9
:1061300011F07F0340F0A28002220146036085E057
:10614000D5F8B43228469B68984741E795F89C32C9
:10615000022B5AD0032B03D02846EBF7CDFE37E7AE
:106160004A06B9D05CEA0003B6D12846FEF78BFA9E
:10617000B2E795F89C32022B47D0032BECD1BCF14F
:10618000000F7FF425AF4806A6D0D5F8C00201F075
:106190000F01436899429FD8C1EBC10312F0800FF1
:1061A0004FF01C024FEA830339D03C3302FB01025B
:1061B0004FF0010C034482F83DC0002219709A7020
:1061C00090F8BC23012A87D00122016880F8BC2303
:1061D0005A7893F800C0012A4FF020020CBF01F555
:1061E000106101F5306112FB0C12116821F40011ED
:1061F0001160DB78023B012B03D8136843F0805316
:106200001360002380F8BC3366E74B062846A4D011
:10621000FEF739FA80212846FEF735FAD8E603F56D
:10622000FE7302FB01024FF0000C034482F8FDC133
:10623000C3E7490690D113064FF000034FF0020266
:106240004CBF05F1140105F5AA710B602846FCF757
:1062500043FDBDE60A30544F103A0024D43D0024DB
:106260000A31544FD3F85831002B3FF475AF01F089
:106270007F0300FB035000F5AA7059E7002AD5F808
:10628000C0C24FF01C02B5BF02FB03C102FB01C339
:1062900091F83E3093F8FE31002B3FF44DAF0123CF
:1062A0004AE703F08001B6E77B68D80740F1178121
:1062B000DAF8000097F80CB0D0F8101800F510626A
:1062C000D0F834580BF00F0902EB4B1225FA09F9FC
:1062D00092684FEAC9195FFA89F949EA010909EA9E
:1062E000020919F0010F46D0FB68D4F8342803F0F6
:1062F0000F01012303FA01F1BB6822EA0102DAF877
:106300001010C4F834281A460123994293600CD126
:10631000FB68D8E911522A44C8F84820DAF850201E
:10632000134302D19D4AEDF74FF89D4BD3F8045427
:10633000BBF1000F40F09E80D5F89422022A40F075
:106340009080D5E908239A4262D9D21A9449D5F8A7
:10635000C002896C2A6292B2EBF7D9FD5A465946BF
:10636000D5F8C002EBF7E8FD95F8A022012A02D18A
:10637000002285F8A02219F0080F02D00822BB687D
:106380009A6019F0100F02D01022BB689A6019F0C1
:10639000400F02D04022BB689A6019F0020F02D071
:1063A0000222BB689A6019F0800F00F09880D8E94B
:1063B0001421914200F29380521AD8F84410DAF86E
:1063C00000508A42FB6805F5106C28BF0A4605F5A7
:1063D00080510CEB431C033201EB0B339208DCF8C9
:1063E00018E01FFA8EFE9645D8E9140175D388424D
:1063F00001D900284DD1FA680121D5F8343802F0CE
:106400000F0201FA02F223EA0203C5F8343866E00B
:10641000E969B1FBF3F003FB101070B98B420CD8A3
:10642000D5F89822914208D25A465946D5F8C0026A
:10643000EBF76DFDC5F898B290E7D5F8B422D268B5
:106440002AB195F89C12032901D128469047802152
:106450002846FEF718F90522C5F8942200221146B5
:106460007EE732F004037FF47FAF80212846FEF7F9
:106470000AF979E7D5F8B4225269002A3FF47BAFD4
:1064800095F89C1203297FF476AF59462846904729
:1064900071E7411AD8F844209AF81000914228BFB9
:1064A0001146CA1C920850B1D8F848000844C8F8F0
:1064B0004800D8F854000144C8F854108FE788B257
:1064C000D8F848E0033080080EEB80007045EBD030
:1064D0005EF8049BC3F80090F8E788428BD9FB680C
:1064E00008F11C080133FB607B685B087B60BB68BC
:1064F0002033BB60FFF7ABB8D3F8043493F89C2289
:1065000083F89D22042283F89C22FFF7E7B8C2F8A3
:1065100008C0203252F8201C21F4001142F8201C3F
:1065200052F8201C41F0006142F8201CC2F8E8C17A
:10653000D2F8E01121F40011C2F8E011D2F8E01114
:1065400041F00061C2F8E011396801313960FFF7AC
:10655000E0B85A6942F4005242F02B025A611A69BB
:1065600042F00B021A61FFF7EEB80F23FFF78AB96A
:106570000E23FFF787B90D23FFF784B90C23FFF72C
:1065800081B90B23FFF77EB90A23FFF77BB90923F3
:10659000FFF778B90823FFF775B900BFD43D002491
:1065A000103A0024014B1868704700BFF402002421
:1065B0008A892DE9F041054610070C4658D44B68EE
:1065C000002B05DC0B6C002B02DC0020BDE8F08109
:1065D000E66A002EF9D0002312F480522F682B6057
:1065E00032D0606DA3895A0705D56368C01A636B02
:1065F0000BB1236CC01A00230246E66A216A2846C2
:10660000B047431CA38906D129681D292CD82A4AE2
:10661000CA40D60728D500226260D90422692260C8
:1066200004D5421C01D12B6803B96065616B2F60F2
:106630000029CAD004F14403994202D02846F8F751
:10664000E7F800206063C1E7216A01232846B047CC
:10665000411CC7D12B68002BC4D01D2B01D0162B99
:1066600001D12F60B1E7A38943F04003A381ADE7D7
:106670000F69002FA9D093070E6808BF4B690F6000
:1066800018BF0023A6EB07088B60B8F1000F9CDD54
:10669000216AA66A43463A462846B047002806DCE7
:1066A000A38943F04003A3814FF0FF308EE70744F6
:1066B000A8EB0008E9E700BF0100402038B50B69EE
:1066C00005460C4613B90025284638BD18B1836924
:1066D0000BB900F099F8144B9C421BD16C68B4F9CB
:1066E0000C30002BEFD0626ED00704D4990502D491
:1066F000A06D00F076FC28462146FFF759FF636E37
:10670000DA070546E0D4A3899B05DDD4A06D00F02F
:106710006AFCD9E7054B9C4201D1AC68DFE7044B2A
:106720009C4208BFEC68DAE72CF101084CF1010843
:106730000CF10108014620B9044B0549186800F026
:10674000F6BA044B1868FFF7B9BF00BF6CF1010837
:10675000BD660108F4020024002310B50446C0E918
:106760000033C0E90433836081814366C281836161
:10677000194608225C3000F009FD054B6362054BA9
:10678000A362054BE362054B2462236310BD00BF87
:10679000A9740108CF740108077501082B75010859
:1067A000014900F0C4BA00BFBD66010870B54A1EB9
:1067B000682555430E4605F17401F8F72DF8044697
:1067C00040B10021C0E900160C30A06005F168025C
:1067D00000F0DCFC204670BD014800F002BC00BFA8
:1067E000A73E0024014800F0FEBB00BFA73E0024E6
:1067F000014800F0F6BB00BFA43E0024014800F0B1
:10680000F2BB00BFA43E002410B50446FFF7F0FF22
:10681000A3691BB1BDE81040FFF7F0BFC4E9123314
:106820002365134B134A1B68A262A34204BF0123D2
:10683000A361204600F020F86060204600F01CF8BC
:10684000A060204600F018F80022E0600421606893
:10685000FFF782FFA06801220921FFF77DFFE068B2
:1068600002221221FFF778FF0123A361D2E700BFC4
:106870006CF10108A1670108F8B50746FFF7ACFF06
:106880001E4B1E68B36913B93046FFF7BDFF48368B
:10689000D6E90134013B03D533680BB33668F7E71B
:1068A000B4F90C50D5B9164BE36004F15800656695
:1068B00000F094FBFFF796FFC4E90155C4E90455C5
:1068C0002560A5610822294604F15C0000F05EFC09
:1068D000C4E90D55C4E912552046F8BD6834D9E71E
:1068E00004213846FFF762FF044630600028D5D106
:1068F000FFF778FF0C233B60EEE700BF6CF1010867
:106900000100FFFFF7B50F46114601AA054601F049
:1069100095F9064618B90024204603B0F0BD284674
:10692000FFF7AAFF04460028F5D03946019A4FF434
:10693000DB73284600F002FD071E09DA0025FFF789
:106940004BFFA06DA58100F04AFBFFF74BFFE2E78C
:10695000636EDB0705D4A389980502D4A06D00F00F
:1069600040FB0E4B63620E4BA3620E4BE362F105DC
:106970000D4BE781A6812462236305D50223002203
:106980002146284600F09CF8636EDA07C4D4A38938
:106990009B05C1D4A06D00F026FBBDE7A9740108DA
:1069A000CF740108077501082B750108024B0A46D0
:1069B00001461868FFF7A6BFF40200242DE9F74F3F
:1069C0001F4613467B430C9C06468A4691469B46CF
:1069D0005FD018B183690BB9FFF716FF2E4B9C42AD
:1069E00028D17468636EDB0705D4A3899D0502D4A2
:1069F000A06D00F0F6FA6368002B01DA00236360F3
:106A0000D846D4E9001545451ED34246504600F00D
:106A1000AFFB60682168636EA0EB08004144DA07B1
:106A2000606021602FD4A3899B052CD4A06D00F059
:106A3000DAFA28E0194B9C4201D1B468D2E7184B2E
:106A40009C4208BFF468CDE72A46504600F090FB10
:106A500023682B4423602146A8EB050330460193AD
:106A600000F088FCAA44019B88B1636ED80705D466
:106A7000A389990502D4A06D00F0B5FA5D44A5EB99
:106A80000803B3FBF9F7384603B0BDE8F08F98462A
:106A9000B7E71F46F7E700BF2CF101084CF10108EA
:106AA0000CF1010807B5009313460A460146034856
:106AB0000068FFF783FF03B05DF804FBF4020024D5
:106AC00000F00AB813460A4601460248006800F082
:106AD00003B800BFF40200242DE9F0410C4617462C
:106AE0001E46054618B183690BB9FFF78DFE444B6E
:106AF0009C4222D16C68636ED90705D4A3899A059C
:106B000002D4A06D00F06DFAA38903F48473B3F589
:106B1000847F03D121462846FFF7D0FDD4F82C808E
:106B2000B8F1000F13D11D232B60636ED9075DD51B
:106B30004FF0FF363046BDE8F081324B9C4201D128
:106B4000AC68D8E7304B9C4208BFEC68D3E7012E15
:106B500036D036F0020347D123691BB921462846B7
:106B600000F066FA21462846FFF7A8FD0028DCD190
:106B7000216A33463A462846C0470130D5D0616B7A
:106B800041B104F14403994202D02846F7F740FE90
:106B90000023636323692360A389002523F4026330
:106BA0006560A3810822294604F15C0000F0EEFA3A
:106BB000666E16F0010620D1A3899B05BAD40CE0BD
:106BC0002146284600F022F8431C064609D1636E90
:106BD000DD07ADD4A3899805AAD4A06D00F003FA0F
:106BE000A8E707440026B7E716239DE7A3899A057F
:106BF0009ED4A06D00F0F7F99AE72E469AE700BF01
:106C00002CF101084CF101080CF1010870B50C469B
:106C1000054618B183690BB9FFF7F6FD324B9C426C
:106C200014D16C68636EDA0705D4A3899B0502D47E
:106C3000A06D00F0D6F9E66ACEB91D232B60636E15
:106C4000DE070DD54FF0FF35284670BD274B9C421F
:106C500001D1AC68E6E7264B9C4208BFEC68E1E74F
:106C6000A3899D05EED4A06D00F0BDF9EAE7A289E5
:106C700002F00C03082B19D12368BBB121695B1A00
:106C8000002B13DDD00511D502230022216A2846EE
:106C9000B047411C05460DD1636EDA07D2D4A389F3
:106CA0009B05CFD4A06D00F09EF9CDE712F4805281
:106CB0000FD0656DA28956070DD56368ED1A636B19
:106CC0000BB1236CED1A636ED907BDD49305BBD409
:106CD000E8E70123DAE71007F5D52368002BF2D0A7
:106CE00021695B1A1D44EEE72CF101084CF1010803
:106CF0000CF101082DE9F0410F4600F1480400268F
:106D0000D4E90185B8F1010805D52468002CF7D134
:106D10003046BDE8F081AB89012B06D9B5F90E30BC
:106D2000013302D02846B84706436835EAE72DE923
:106D3000F8430646884600F148040027D4E9019547
:106D4000B9F1010905D52468002CF7D13846BDE812
:106D5000F883AB89012B07D9B5F90E30013303D085
:106D600029463046C04707436835E9E770B50D4D01
:106D70000D4C641BA4100026A64209D10B4D0C4CEF
:106D800002F094FB641BA4100026A64205D170BD3E
:106D900055F8043B98470136EEE755F8043B984711
:106DA0000136F2E7C0030024C0030024C00300241E
:106DB000C803002438B50B4B1D68EB6B044653B970
:106DC000242000F075F90246E86320B9064B074815
:106DD000322100F005FFE96B2046BDE8384000F0A5
:106DE00007B800BFF402002470F1010887F1010820
:106DF0002DE9F3410746019100F0BCFF019980465F
:106E0000384600F0BBFF43699A07044603F26C76EC
:106E100005D1642296FBF2F302FB13637BBB4FF4B4
:106E2000C87396FBF3F503FB1565B5FA85F56D0997
:106E3000684B302202FB053500F032FD00F03CFDCE
:106E4000654B1B6853B3D8F80430B34219D1D8F856
:106E50000010D7E90067D8E90823D1B9964277EB4B
:106E6000030323DAD8E91223964277EB0303B4BF76
:106E70000123002323621BDBD8F828101AE0012528
:106E8000D6E7304600F064FC0028E0D14FF0FF3335
:106E900004E0964277EB030302DA00232362EBE778
:106EA000D8E91223964277EB0303F6DA0123236233
:106EB000D8F850104FF461633C2091FBF3F603FBCC
:106EC0001613616893FBF0F200FB12302368891AF5
:106ED000A26861601B1A921B3B2B2360A26035DD08
:106EE000013161603C3B236063683B2B34DD013240
:106EF000A2603C3B6360A368172B33DDE26901327B
:106F0000E261A2690132062AC8BF0022A261E268DA
:106F1000183B0132A3602369E26055F823108A42CE
:106F20000EDD0B2BA2EB0102E26003F1010209BFAF
:106F3000636922610022013302BF22616361E26161
:106F400000F0B4FC204602B0BDE8F081002BCBDAA3
:106F5000013961603C33C6E7002BCCDA013AA2600C
:106F60003C33C7E7002BEBDAE269013AE261A26940
:106F7000013A48BF0622A261E2681833013AE26092
:106F8000A360002ADCD12369013B05D42361236976
:106F900055F82330E360D3E70B23236163695A1E5E
:106FA000626103F26B72930705D1642192FBF1F3E6
:106FB00001FB132363B94FF4C87192FBF1F301FB9A
:106FC0001323B3FA83F35B0903F5B673E361DEE7DA
:106FD0000123F9E704F20108403E0024704770479E
:106FE000704770477047704770B50E46B1F90E1084
:106FF000002996B014461D4607DA00232B60B3899A
:107000001A0610D44FF480630EE06A4600F05EFE6C
:107010000028F2DB019A02F47042A2F500535A42B2
:107020005A412A60EEE740230020236016B070BD6D
:107030008B8973B59D0706460C4607D504F14703B7
:10704000236023610123636102B070BD01AB6A4616
:10705000FFF7CAFF009905463046F7F7DDFB48B950
:10706000B4F90C309A05EFD423F0030343F0020384
:10707000A381E3E70D4BB362A389206043F0800353
:10708000A381009B6361019B20615BB1B4F90E1089
:10709000304600F023FF28B1A38923F0030343F017
:1070A0000103A381A0890543A581CDE7A16701085C
:1070B000024B01461868F7F7AFBB00BFF40200248B
:1070C000024B01461868F7F7A3BB00BFF402002487
:1070D00001F0FF01102A2BDB10F0070F08D010F889
:1070E000013B013A8B422DD010F0070F42B3F6D18D
:1070F000F0B441EA012141EA014122F007047FF0A6
:1071000000070023F0E80256083C85EA010586EAFC
:10711000010685FA47F5A3FA87F586FA47F6A5FA38
:1071200087F68EB9EED1F0BC01F0FF0102F0070244
:1071300032B110F8013B013A83EA010313B1F8D1EF
:107140000020704701387047002D06BF35460338D0
:10715000073815F0010F07D1013015F4807F02BF09
:10716000013015F4C03F0130F0BC0138704700BF5A
:107170000A44914200F1FF3300D1704710B511F875
:10718000014B03F8014F9142F9D110BD024403466F
:10719000934200D1704703F8011BF9E737B5002986
:1071A00048D051F8043C0190002BA1F10404B8BF71
:1071B000E418F7F797F9204A01981368154633B990
:1071C0006360146003B0BDE83040F8F731B9A34202
:1071D0000BD921686218934204BF1A685B68636028
:1071E00004BF521822602C60ECE71A465B680BB1B2
:1071F000A342FAD911685518A5420BD1246821443D
:107200005418A3421160DDD11C685B6853602144AF
:107210001160D7E702D90C230360D3E72568611911
:107220008B4204BF19685B68636004BF4919216021
:107230005460C7E703B030BD1C3E0024F8B5CD1C38
:1072400025F0030508350C2D38BF0C25002D06460A
:1072500001DBA94203D90C2333600020F8BDF7F706
:1072600041F921490A6814469CB9204F3B6823B96B
:107270002146304600F008F938602946304600F0D3
:1072800003F9431C23D10C2333603046F8F7D0F8C0
:10729000E3E723685B1B17D40B2B03D923601C4443
:1072A000256004E06368A2420CBF0B605360304667
:1072B000F8F7BEF804F10B00231D20F00700C21AF6
:1072C000CCD01B1AA350C9E722466468CCE7C41C83
:1072D00024F00304A042E3D0211A304600F0D4F891
:1072E0000130DDD1CFE700BF1C3E0024203E00244A
:1072F000F8B5074614460E4621B9BDE8F8401146D8
:10730000F7F78ABA22B9F7F783FA25462846F8BD77
:1073100000F006FEA0420FD221463846F7F77CFA6D
:1073200005460028F2D031462246FFF721FF3146BC
:107330003846F7F76DFAE9E73546E7E738B5074D20
:1073400004460846114600222A601A46F8F702FD54
:10735000431C02D12B6803B1236038BDAC3E00242E
:10736000838903F00903092B01D1FFF7E3B900205A
:1073700070470000F8B50C46054618B183690BB993
:10738000FFF742FA3B4B9C420AD16C68B4F90C20DF
:1073900000236360A3899E060CD54FF0FF3066E0A2
:1073A000354B9C4201D1AC68F0E7344B9C4208BF9E
:1073B000EC68EBE7580748D4D90605D409232B60BD
:1073C00042F04003A381E8E71A070BD5214628467F
:1073D000FFF774F90028E0D1A389A06023F0080327
:1073E000A381A061A38943F00403A38123691BB98E
:1073F00021462846FFF71CFEA689B4F90C70B30796
:107400000FD00123A3811E4B1E49186806F0090600
:10741000FFF770FC092EA78103D121462846FFF70C
:10742000C7F82269666A6369216A22602846B04704
:10743000002860601CDCB4F90C3017BF002243F058
:107440002003626043F04003BCE7616B0029CDD0AC
:1074500004F14403994202D02846F7F7D9F9236C86
:10746000636000206063002BC0D0E36B2360F8BD35
:107470000020FCE72CF101084CF101080CF1010897
:107480006CF101086173010838B5064D002304460C
:1074900008462B60F7F72EF8431C02D12B6803B186
:1074A000236038BDAC3E002410B50C46B1F90E1077
:1074B00001F02CF80028ABBF636DA3891B1823F4DF
:1074C0008053ACBF6365A38110BD002070472DE9D8
:1074D000F0411F468B89DB0505460C46164605D54F
:1074E000B1F90E100223002200F008FDA389B4F9BF
:1074F0000E1023F48053A38132463B462846BDE854
:10750000F04100F05BBB10B50C46B1F90E1000F075
:10751000F5FC431CA38915BF606523F4805343F435
:107520008053A38118BFA38110BDB1F90E1000F0E4
:1075300075BB0000012B2DE9F04701D0242B06D9A3
:10754000FFF730F8162303600020BDE8F0873A4FBC
:107550008E4676461EF8014BE55D15F00805F8D11C
:107560002D2C34D19EF800404FF0010806F1020E98
:10757000002B5CD0102B0CD1302C0AD19EF800408F
:1075800004F0DF04582C4DD19EF8014010230EF179
:10759000020E08F1004C0CF1FF3C0026BCFBF3F995
:1075A000354603FB19CAA4F13007092F18D83C4609
:1075B000A34224DD002E1FDBA9451DD301D1A24526
:1075C0001ADB05FB034501261EF8014BEBE72B2CCC
:1075D00008BF9EF80040A84608BF06F1020EC7E7A4
:1075E000A4F14107192F01D8373CE1E7A4F1610765
:1075F000192F04D8573CDBE74FF0FF36E4E7002EA5
:1076000005DA22230360654642B928469DE7B8F1B2
:10761000000F00D06D42002AF7D00EB10EF1FF31FD
:107620001160F2E73024002BB3D10823B1E7302CEE
:10763000A4D00A23ADE700BF0CF00108FFF77ABF22
:107640002DE9F0433B4E86468C4660461CF8014BC4
:10765000A55D15F00805F8D12D2C34D19CF800401B
:107660004FF0010800F1020C002B5ED0102B0CD162
:10767000302C0AD19CF8000000F0DF0058284FD1D0
:107680009CF8014010230CF1020C4FF0FF3700254D
:10769000B7FBF3F703FB07F96FEA09092846A4F1E2
:1076A0003006092E18D83446A34224DD002D1FDBF6
:1076B00087421DD301D1A1451ADB00FB0340012500
:1076C0001CF8014BEBE72B2C08BF9CF80040A846A8
:1076D00008BF00F1020CC7E7A4F14106192E01D83A
:1076E000373CE1E7A4F16106192E04D8573CDBE7EB
:1076F0004FF0FF35E4E7002D07DA2223CEF8003003
:107700004FF0FF3042B9BDE8F083B8F1000F00D070
:107710004042002AF7D00DB10CF1FF311160F2E7C1
:107720003024002BB1D10823AFE7302CA2D00A239C
:10773000ABE700BF0CF00108FFF782BF13460A4613
:10774000014602480068FFF77BBF00BFF402002437
:107750002DE9F74F804600F00DFB40F2B1739845DC
:1077600040F398806FF4F66343449B1040F26D122F
:10777000A8F2B27502FB05356FF06302A8F26D73D3
:1077800093FBF2F31D444FF4C8736FF4C86298FB87
:10779000F3F703FB17874244B7FA87FCB2FBF3F217
:1077A00008F0030315446422C0F8048098FBF2F645
:1077B0004FEA5C1C02FB1686044600F1500B009356
:1077C0004FF0070E227A63694A2A28D10099EA18F5
:1077D00001B906B90FBB3B2BD4BF002301231344CF
:1077E0005A1EA3692C4901FB0232A36A13441A46AC
:1077F000DB17C4E908232834A345E3D1D0E90845C1
:10780000D0E91223944275EB0303B4BF0123002394
:107810000360012003B0BDE8F08F0023DFE7442AB6
:1078200001D1EA18DDE7009A72BB002E0CBFE046DA
:107830004FF001081949E26801924FF0300A0AFB43
:1078400008182A464FF00009A8F10408019909F127
:107850000109494558F829A018DC02F1040898FBF1
:10786000FEF9C9EBC909A8EB0909B3EB09092369BA
:1078700003F1FF3348BF09F10709C3EBC3034B44CE
:10788000534505DA1A44ACE7E046D3E75244DDE756
:10789000073BF5E70020BDE78051010004F2010835
:1078A0000148FFF79DBB00BFA63E00240148FFF73B
:1078B00099BB00BFA63E0024014B186800F002B837
:1078C000F40200242DE9F04F8DB0074600F052FA83
:1078D000AE49AF4E0546384600F044FA044670B94A
:1078E000AC4BAD4A1860AD4B1860AD4B3068C3E986
:1078F0000022FFF7E5FB34600DB0BDE8F08F316882
:1079000000295FD13068FFF7DBFB204600F04EFE18
:10791000411C3846F6F780FF3060002857D12378A5
:10792000A04AA1493A2B08BF01340AAE334620468B
:1079300000F0FEFD0028DFDD0A9BE718E35C2D2B3D
:1079400049D101374FF0FF340DF1200A0DF11E0B24
:107950004FF00008CDE9016A94490396CDF800B0D4
:10796000334607AA3846ADF81E80ADF8208000F0F7
:10797000DFFD4045C0DDBDF81E30BDF82020DFF83A
:1079800038923C2101FB0322BDF81C304FF46161A9
:1079900001FB03235C43AC62814C824B23600A9B56
:1079A00081491F444A463346384600F0C1FD4045F0
:1079B00016DC23686360774BAA6A1A60774BC3F8BA
:1079C000008099E700F0E0FD00289BD194E7214674
:1079D00000F0E4FDA3E72B2B08BF01370124B3E738
:1079E0000A9BC4F80490FC18FB5C2D2B40F08B80A4
:1079F00001344FF0FF370023ADF81C30ADF81E30D6
:107A0000ADF820300A93CDE902A6CDE900B667496A
:107A1000334607AA204600F08BFD002878DCAF6AC9
:107A2000A7F561670A9B2F651C442F464FF000099C
:107A300023782C2B08BF013494F80080B8F14D0F47
:107A400078D10DF12603CDE9016309AB00935849C4
:107A5000039633460DF12202204600F069FD03280B
:107A60007FF44AAFBDF822104B1E0B2B3FF644AFFC
:107A7000BDF82420531E042B3FF63EAFBDF8263040
:107A8000062B3FF639AFC7E9031287F808807B6100
:107A90000A9B04EB03080223ADF81C300023ADF869
:107AA0001E30ADF820300A9398F800302F2B09D102
:107AB000CDE902A6CDE900B63E49334607AA4046C5
:107AC00000F036FDBDF81E30BDF820203C2101FB42
:107AD0000322BDF81C304FF4616101FB0323BB613D
:107AE0000A9C28374444B9F1000F20D06868FFF79A
:107AF0002FFE284BAA6A1A602B6D9B1A274A18BFC3
:107B000001231360F8E62B2B08BF0134012772E72D
:107B1000BDF81E30BDF820203C2101FB0322BDF83A
:107B20001C304FF4616101FB03235F437AE74FF0A0
:107B300001097DE7B8F14A0F06BF013443464423EB
:107B40000A220BA920460593FFF7F8FDDDF82C80EB
:107B5000059BADF82600A04514D14D23B9F1000FC7
:107B600007D12B7203210223C5E90313C5F8149032
:107B700091E785F830300B220123C5E90D2300235E
:107B8000EB6388E780B23B72786184E764F20108B6
:107B90003C3E0024443E002467F20108403E00249D
:107BA000580300242F3E00246BF201088EF20108D6
:107BB0007AF201088DF20108243E002438B5074D01
:107BC00004460846114600222A601A46F7F7ACFE22
:107BD000431C02D12B6803B1236038BDAC3E0024A6
:107BE0001FB514461A46094B1B680546D8684CB1A8
:107BF000074B0091CDE9013406492B4600F054F8BB
:107C000000F0AEFD044B1C46F3E700BFF402002475
:107C1000A0F20108ADF20108F5A3010838B5064D40
:107C20000023044608462B60F7F7DAFF431C02D115
:107C30002B6803B1236038BDAC3E00240B78722B57
:107C400030B522D0772B24D0612B27D016230360A8
:107C5000002030BD622D12D0782D13D02B2D07D1EE
:107C600020F01C0023F0030340F0100043F0020357
:107C700011F8015F002DEDD123431360E9E743F4D0
:107C80008033F5E743F40063F2E700242346042041
:107C9000EEE74FF4C06401230820E9E74FF40274D3
:107CA00001234FF48470E3E70EB403B5014603AB40
:107CB000054853F8042B0068019300F063F902B003
:107CC0005DF804EB03B07047F402002438B5074DAB
:107CD00000230446084611462B60F7F733FD431C8A
:107CE00002D12B6803B1236038BD00BFAC3E002435
:107CF0002DE9F84F074689461646F6F7EDFB184B77
:107D00001C689A4634B14B46984613F8011B39B1AA
:107D10003D29F9D13846F7F785FB0020BDE8F88FFB
:107D2000A8EB0908A34654F8040B0028F2D04246F9
:107D3000494600F043FC0028F4D154F8043C03EB1E
:107D4000080513F808303D2BECD1DAF80030ABEB26
:107D500003039B1038463360F7F764FB681CDDE7CC
:107D6000B803002407B501AAFFF7C2FF03B05DF80E
:107D700004FB000000487047600300242DE9F04137
:107D8000D0E900670C46514A00233046394601F0DD
:107D90009DF9394605464D4A3046002301F096F9D3
:107DA000002ABCBF02F5A83202F5C0724FF461612F
:107DB00005F52F20B2FBF1F301FB13224FF03C013C
:107DC000ACBF00F66C2000F66B20A360B2FBF1F3B1
:107DD00001FB132263602260C31C072293FBF2F2B3
:107DE000C2EBC2029B1A48BF07330028A361B8BF89
:107DF000A0F50E333649AEBF90FBF1F1A3F52C731D
:107E000093FBF1F1334B03FB010048F6AC62B0FB8E
:107E1000F2F2024440F2B45CB0FBFCF3D21A40F23E
:107E20006D172D4BB0FBF3F36426D31AB3FBF7F5B4
:107E3000B3FBFCF3B5FBF6F2D31A034407FB15338F
:107E4000992003EB830C0CF1020C03F1010EBCFB37
:107E5000F0F7784302304FF00508B0FBF8F0AEEBD6
:107E6000000040F2F95EF44594BF4FF0020C6FF051
:107E7000090C67444FF4C87C0CFB0151012F98BFDB
:107E80000131B3F5997F0CD3A3F59973E361A1F2A6
:107E90006C710023E060C4E9047123622046BDE8F0
:107EA000F08115F0030F02D106FB12525AB94FF4BC
:107EB000C876B5FBF6F206FB1252B2FA82F252090C
:107EC0003B331344E2E70122FAE700BF805101008F
:107ED000B13A02004FC5FDFFB03A020038B5064D79
:107EE0000023044608462B60F7F7AEFC431C02D182
:107EF0002B6803B1236038BDAC3E002438B5074D74
:107F000004460846114600222A601A46F7F76BFC21
:107F1000431C02D12B6803B1236038BDAC3E002462
:107F200051F8043C181F002BBCBF0B58C0187047F9
:107F30009368013B002B10B4936008DA9469A34264
:107F400001DB0A2903D15DF8044B00F049BB13683B
:107F5000581C1060197008465DF8044B7047F8B55E
:107F600006460F461446D518AC4201D1002007E062
:107F700014F8011B3A463046FFF7DAFF431CF3D1F1
:107F8000F8BD00002DE9F04F0D469DB0144698460F
:107F9000064618B183690BB9FEF736FC894B9D4242
:107FA0001BD175686B6ED90705D4AB899A0502D4CD
:107FB000A86DFFF716F8AB891B0701D52B69EBB944
:107FC0002946304600F05EFBC0B16B6EDC070ED573
:107FD0004FF0FF301DB0BDE8F08F7B4B9D4201D1CB
:107FE000B568DFE7794B9D4208BFF568DAE7AB89F2
:107FF0009805EDD4A86DFEF7F6FFE9E70023099395
:1080000020238DF82930CDF80C803023DFF8C08193
:108010008DF82A304FF0010923469A4613F8012BB8
:108020000AB1252AF9D1BAEB040B0BD05B462246E4
:1080300029463046FFF793FF013000F0AA80099AE5
:108040005A4409929AF80030002B00F0A2800023D5
:108050004FF0FF32CDE905230AF1010A049307939B
:108060008DF853301A935446052214F8011B5848D2
:10807000FFF72EF8049AD8B9D10644BF20238DF813
:108080005330130744BF2B238DF853309AF8003038
:108090002A2B15D0079A544600204FF00A0C21468F
:1080A00011F8013B303B092B4ED9B0B1079214E0D7
:1080B000A0EB080309FA03F313430493A246D2E7A3
:1080C000039B191D1B680391002BBBBF5B4242F051
:1080D000020207930793B8BF049223782E2B0CD18A
:1080E00063782A2B35D1039B1A1D1B680392002B42
:1080F000B8BF4FF0FF3302340593DFF8E4A02178D6
:1081000003225046FEF7E4FF40B14023A0EB0A00F3
:1081100003FA00F0049B03430134049314F8011B99
:108120002C488DF828100622FEF7D2FF00283FD0F9
:10813000294B1BBB039B073323F00703083303932F
:10814000099B3B44099367E70CFB02320C46012074
:10815000A5E700230134059319464FF00A0C204689
:1081600010F8012B303A092A03D9002BC5D005910C
:10817000C3E70CFB012104460123F0E703AB0093A6
:108180002A46164B04A93046AFF300800746781CF8
:10819000D6D16B6ED90705D4AB899A0502D4A86DE8
:1081A000FEF721FFAB895B063FF512AF099811E797
:1081B00003AB00932A46094B04A9304600F080F82F
:1081C000E4E700BF2CF101084CF101080CF10108B3
:1081D000DCF20108E6F20108000000005F7F010800
:1081E000E2F201082DE9F047164699468A680B69C4
:1081F000DDF820809342B8BF1346336091F84320E6
:1082000007460C460AB1013333602368990642BF22
:10821000336802333360256815F0060506D104F192
:10822000190AE36832689B1AAB4226DC94F84320B3
:10823000131E226818BF012392062BD404F14302B7
:1082400049463846C04701301ED02368E568326889
:1082500003F00603042B08BFAD1AA36822690CBF04
:1082600025EAE57500259342C4BF9B1AED18002648
:108270001A34B5421AD1002008E00123524649467B
:108280003846C047013003D14FF0FF30BDE8F087DA
:108290000135C6E7E1185A1C302081F8430022441A
:1082A00094F8451082F843100233C7E701232246B1
:1082B00049463846C0470130E6D00136D9E70000CC
:1082C0002DE9FF470C469146277E0C99782F804672
:1082D0009A4604F1430207D8622F0AD8002F00F013
:1082E000D880582F00F0A38004F1420684F8427031
:1082F0003AE0A7F16303152BF6D801A050F823F05C
:10830000598301086D830108E9820108E9820108A7
:10831000E9820108E98201086D830108E982010808
:10832000E9820108E9820108E982010879840108EB
:108330009D8301085B840108E9820108E982010844
:108340009B840108E98201089D830108E9820108F4
:10835000E9820108638401080B681A1D1B680A6022
:1083600004F1420684F842300123A3E0256808683E
:108370002E0600F104030AD505680B60002D03DA10
:108380002D236D4284F843305E480A2319E015F02E
:10839000400F05680B6018BF2DB2EFE70B6825682A
:1083A000181D0860280601D51D6802E06906FBD586
:1083B0001D8854486F2F0CBF08230A23002184F81E
:1083C00043106668A660002EA2BF216821F0040158
:1083D00021600DB9002E4DD01646B5FBF3F103FB1D
:1083E0001157C75D06F8017D2F46BB420D46F4D9F3
:1083F000082B0BD12368DF0708D5236961689942F0
:10840000DEBF302306F8013C06F1FF36921B2261E5
:10841000CDF800A04B4603AA21464046FFF7E2FEF6
:1084200001304CD14FF0FF3004B0BDE8F087354843
:1084300084F8457023680E681F0656F8045B0E60CA
:1084400014D5D90744BF43F0200323601DB9236826
:1084500023F0200323601023B0E7236843F02003B8
:1084600023607823284884F84530E3E75E0648BF58
:10847000ADB2E6E71646BBE70B68266860691D1DCE
:108480000D6035061B6801D5186002E07106FBD54A
:108490001880002323611646BAE70B681A1D0A608C
:1084A0001E68626800213046FEF712FE08B1801B8C
:1084B000606063682361002384F84330A8E7236980
:1084C000324649464046D0470130ABD023689B072F
:1084D00013D4E068039B9842B8BF1846A4E7012371
:1084E000324649464046D04701309BD00135E368CB
:1084F00003995B1AAB42F2DCEBE7002504F11906A5
:10850000F5E700BFEDF20108FEF2010838B5074DAE
:1085100004460846114600222A601A46F7F7B2F9C7
:10852000431C02D12B6803B1236038BDAC3E00244C
:108530000EB410B59FB021AC4FF4017154F8042B68
:108540000192ADF81C100490089000F02FF80C4B2D
:10855000059009900D930B48019A0068039400233D
:10856000119316934FF6FF73ADF81E3004A92346FE
:1085700000F058F91FB0BDE8104003B0704700BFCD
:10858000CB740108F402002410F8012B11F8013B10
:10859000012A28BF9A42F7D0D01A7047034611F833
:1085A000012B03F8012B002AF9D17047034613F879
:1085B000012B002AFBD1181A0138704710B56AB197
:1085C0000139841810F8013B11F8012F934203D1AF
:1085D000A04201D0002BF5D1981A10BD1046FCE73F
:1085E000F8B50E461446054618B183690BB9FEF777
:1085F0000BF9214B9C422BD16C68A369A360A38922
:108600001A072FD523696BB323692068C01A6369E1
:10861000F6B28342374604DC21462846FEF74EF880
:1086200030BBA368013BA36023685A1C22601E7004
:1086300063690130834204D0A389DB0706D50A2E83
:1086400004D121462846FEF739F888B93846F8BDE6
:108650000A4B9C4201D1AC68CFE7094B9C4208BF52
:10866000EC68CAE72146284600F00CF80028CBD079
:108670004FF0FF37EAE700BF2CF101084CF1010889
:108680000CF10108324B70B51D6806460C4625B149
:10869000AB6913B92846FEF7B7F82E4B9C420FD1B1
:1086A0006C68A389B4F90C2019072CD4DD0611D409
:1086B0000923336042F04003A3814FF0FF303EE0D6
:1086C000254B9C4201D1AC68EBE7244B9C4208BF90
:1086D000EC68E6E7580712D5616B41B104F1440339
:1086E000994202D03046F6F793F800236363A389DA
:1086F00023F02403A3810023636023692360A389FB
:1087000043F00803A38123694BB9A38903F42073C1
:10871000B3F5007F03D021463046FEF789FCA089DF
:10872000B4F90C2010F001030AD00023A3606369A0
:108730005B42A361236943B910F08000BAD170BDD8
:10874000810758BF6369A360F4E70020F7E700BF23
:10875000F40200242CF101084CF101080CF101088D
:1087600008B5062000F084FB0120F7F721F838B5A2
:108770004B1C144603D14FF0FF35284638BD938972
:1087800023F020039381636B5268CDB28BB1A36B4E
:10879000934208DD23685A1E226003F8015C636877
:1087A00001336360E9E7214600F07EFB0028F1D049
:1087B000E1E72169236851B1994208D213F8011CFD
:1087C000A94204D1013B013223606260D5E7C4E9CC
:1087D0000F3204F1440363630323A363234603F8C6
:1087E000465F23600123DCE710B50C46496B69B195
:1087F00004F14403994201D0F6F70AF8236C636050
:108800000020606313B1E36B236010BD2369236014
:1088100000236360A38943F02003A3814FF0FF305E
:10882000F3E700002DE9F04F0C46ADF5237D002164
:10883000CDE94411B249A0910DF10408B149B24FFC
:10884000DFF8C892CDF818810646A191009392F8FE
:1088500000A0BAF1000F00F051811AF8073013F0B0
:10886000080302F1010519D06368002B0FDD2368AE
:108870001A78BA5C120701D42A46E8E7459A013211
:10888000459262680133013A62602360ECE7A19B84
:108890002146304698470028E9D0EDE7BAF1250F88
:1088A00040F083804193439353782A2B02BF1023D7
:1088B000951C41930A22AB461BF8011BA1F1300322
:1088C000092B1DD991480322FEF702FC40B1012378
:1088D000A0EB090003FA00F0419B184341905D466C
:1088E00015F8013B782B06D8572B10D8252B5CD0D8
:1088F00056D8002B74D0032347930A23429381E078
:10890000439B02FB0313303B43935D46D3E7A3F144
:108910005802202AEFD801A151F822F0EF8901086E
:10892000F7880108F78801084D8A0108F7880108CF
:10893000F7880108F7880108F7880108F788010817
:10894000F7880108F7880108638A0108398A010855
:10895000A7890108A7890108A7890108F7880108E4
:108960003D8A0108F7880108F7880108F78801089F
:10897000F7880108738A0108458A0108E789010818
:10898000F7880108F78801086F8A0108F78801084D
:10899000398A0108F7880108F7880108EF8901087A
:1089A000453B022BA7D805232BE06368002B0DDD88
:1089B00023681A78524540F0A18001336268236031
:1089C000459B013A01336260459355E7A19B2146DF
:1089D000304698470028EBD04498002840F0848027
:1089E0004FF0FF3086E0419A42F020024192419AD6
:1089F00042F40072419210226F2B429234BF032343
:108A0000042347936368002B41DD419B590604D43E
:108A100023681A78BA5C120740D4479B022B4FDCBC
:108A20006B46224641A9304600F074F8012865D013
:108A300002287FF421AFCFE70A22DDE7002342932B
:108A40000323DEE7082342930423DAE7294640465E
:108A500000F0ACF9419B43F04003419305460123EC
:108A6000CFE7419B43F0400341930023C9E7022332
:108A7000C7E74198C3063FF5FFAE009B459A191D15
:108A800000911B68C0074CBF1A801A60F4E6A19BD6
:108A90002146304698470028B7D09DE7459A0132D5
:108AA00045926268013A002A626002DD0133236068
:108AB000AEE7A19B2146304698470028A8D08BE717
:108AC000042B06DC6B46224641A9304600F07AF8BA
:108AD000ACE70F4B002B3FF4CFAE6B46224641A9CB
:108AE0003046AFF30080A1E7A38913F0400F18BF11
:108AF0004FF0FF300DF5237DBDE8F08F4498F9E786
:108B00006F870108E98701080CF00108E2F201080B
:108B1000000000002DE9F84315468A6880460C469F
:108B200032B98A69002A0CBF01224FF0FF328A60F5
:108B30002268DFF88C90D1065FBF1A68111D19609A
:108B400016680027A06988B1012807D12B681A7818
:108B500063699B5C53B927BBBDE8F883022820D129
:108B60002B681B7813F809301B071AD42368DA0620
:108B70005EBF2B681B7806F8013B2A686B680132E0
:108B80002A60A268013B013A6B600137A26042B1E2
:108B9000002BD7DCD4F8803129464046984700287E
:108BA000D0D0236813F0100305D1E2680132E260EF
:108BB000A26902B1337023691F4427610020CBE70B
:108BC0000CF001082DE9F04F9846744B0C46824694
:108BD000164693E8070087B003AB83E80700704BA5
:108BE000A169704A032918BF1A46A36801925A1E48
:108BF000B2F5AE7F88BF6FF4AE75274682BF03EB38
:108C0000050940F25D13A36057F81C3B43F4506321
:108C100098BF4FF0000923603D464FF0000B3168CC
:108C200003AB097853F82B000222FEF751FA28B360
:108C3000BBF1010F59D162682AB92268082342F4B6
:108C4000007263602260226822F4A0622260A2683F
:108C5000511EA16092B13268511C3160127805F842
:108C6000012B7268013A002A726007DCD4F8802177
:108C7000314650469047002840F085800BF1010BAB
:108C8000BBF1030FCBD163680BB90A236360636840
:108C900045496069C91A00F089F84FF0000BA368D4
:108CA0002268002B3DD03168606991F800C010F84F
:108CB0000C00002835D0BCF1300F24D1100522D58E
:108CC0000BF1010BB9F1000F03D0013309F1FF39AA
:108CD000A3607368013B002B73601BDD33680133B5
:108CE0003360A368013BA360D9E7BBF1020FAED1AB
:108CF000226802F4C061B1F5007FBFD11023636028
:108D000042F48072A2E722F4106222600B7805F828
:108D1000013BDEE7D4F880313146504698470028C1
:108D2000DFD02368D9050DD5BD4209D915F8011C3E
:108D3000D4F87C3132465046984705F1FF394D460C
:108D4000BD4228D0226812F0100213D12A70636845
:108D5000019E39465046B047D8F8003021681A1DA8
:108D6000C8F8002011F0200F1B680FD01860E368CE
:108D70000133E360ED1BAB4425695D4425610020B0
:108D800007B0BDE8F08F4FF0000BCAE7CA074CBF31
:108D900018801860EBE70120F2E700BF2CF3010810
:108DA000397701083D76010828F3010870B50B7882
:108DB00004465E2B0BBF4B78481C881C002208BF62
:108DC0000122611E04F1FF0501F8012FA942FBD128
:108DD0000BB9013870BD82F00101E154421C12F858
:108DE000015C2D2D02F1FF36104606D05D2DF1D02D
:108DF0000DB93046EEE72B46EFE716785D2EFAD038
:108E0000B342F8DC1846013086422154FBDCD843DB
:108E100030445D1CB342A8BF00202B180232DEE7AD
:108E20001F2938B504460D4604D9162303604FF0B8
:108E3000FF3038BD426C12B152F821304BB9204698
:108E400000F030F82A4601462046BDE8384000F0E0
:108E500017B8012B0AD0591C03D116230360012037
:108E6000E7E7002442F82540284698470020E0E73D
:108E7000024B01461868FFF7D3BF00BFF40200247D
:108E800038B5074D00230446084611462B6000F014
:108E900005FB431C02D12B6803B1236038BD00BF22
:108EA000AC3E002400F0F2BA2DE9F0410C46496BCB
:108EB00004F1440399421DD14FF48061F5F7ACFCF5
:108EC00018B94FF0FF30BDE8F0814FF48063A36321
:108ED00094F84630606380F8FF3394F8453080F8AA
:108EE000FE3394F8443080F8FD3300F2FD3020600A
:108EF0000020E8E7A66B77003A46F5F78BFC0546BD
:108F00000028DED000EB0608014632464046FEF758
:108F10002FF9C4E90D57C4F80080E9E770B50E4693
:108F20001446054618B183690BB9FDF76DFC144B67
:108F30009C421AD16C68636ED80705D4A389990541
:108F400002D4A06DFEF74DF822462846314600F0C7
:108F500033F8636EDA07054605D4A3899B0502D46E
:108F6000A06DFEF740F8284670BD064B9C4201D12B
:108F7000AC68E0E7044B9C4208BFEC68DBE700BF4D
:108F80002CF101084CF101080CF10108024B0A46D2
:108F900001461868FFF7C2BFF402002430B501395A
:108FA0000024A24201D1002005E0035D01340D5DE3
:108FB000AB42F6D0581B30BD70B50D461446064680
:108FC00018B183690BB9FDF71FFC1C4B9C4224D1DF
:108FD0007468636ED80705D4A389990502D4A06D7F
:108FE000FDF7FFFFA368013B002BA36005DAA26930
:108FF00093421CDBEBB20A2B19D023685A1C226067
:109000001D70EDB2636EDA0705D4A3899B0502D407
:10901000A06DFDF7E8FF284670BD094B9C4201D1C9
:10902000B468D6E7074B9C4208BFF468D1E72946ED
:1090300022463046FFF7D4FA0546E3E72CF1010853
:109040004CF101080CF10108C9B2034610F8012BDC
:109050001AB18A42F9D118467047002918BF002377
:10906000F9E770B503461E4613F8014B44B14A1E9A
:1090700001E0A54204D012F8015F002DF9D1F2E71A
:10908000301A70BD10B50139034632B111F8014FE5
:1090900003F8014B013A002CF7D11A440021934206
:1090A00000D110BD03F8011BF9E770B503461E4659
:1090B00013F8014B3CB14A1E01E0A542F7D012F86B
:1090C000015F002DF9D1301A70BD00007BB972B973
:1090D0000029BEBF00204FF0004106E008BF002875
:1090E0001CBF6FF000414FF0FF3000F0A1B9ADF1AF
:1090F000080C6DE904CE002909DB002B1ADB00F017
:1091000035F8DDF804E0DDE9022304B070474042A1
:1091100061EB4101002B1BDB00F028F8DDF804E0D7
:10912000DDE9022304B0404261EB4101524263EBAE
:1091300043037047524263EB430300F017F8DDF836
:1091400004E0DDE9022304B0404261EB41017047D5
:10915000524263EB430300F009F8DDF804E0DDE977
:10916000022304B0524263EB430370472DE9F047FA
:10917000089D04468C46002B40F083808A421746A7
:1091800047D9B2FA82F242B1C2F1200024FA00F0CB
:109190009140974040EA010C94404FEA1748230C55
:1091A000BCFBF8F61FFA87FE08FB16C143EA014331
:1091B00006FB0EF1994209D9FB1806F1FF3080F049
:1091C0001981994240F21681023E3B445B1AA4B2D7
:1091D000B3FBF8F008FB103344EA034400FB0EFE37
:1091E000A64509D93C1900F1FF3380F00581A64559
:1091F00040F2028102383C4440EA0640A4EB0E04EF
:1092000000261DB1D4400023C5E900433146BDE826
:10921000F08702B9FFDEB2FA82F2002A50D1CB1BEE
:109220004FEA174E1FFA87F80126B3FBFEFC210C0C
:109230000EFB1C3341EA034108FB0CF38B4207D9B8
:1092400079180CF1FF3002D28B4200F2E98084469B
:10925000C91AA3B2B1FBFEF00EFB101143EA0144A0
:1092600008FB00F8A04507D93C1900F1FF3302D2F2
:10927000A04500F2D9801846A4EB080440EA0C404F
:10928000BFE78B4209D9002D00F0B1800026C5E967
:10929000000130463146BDE8F087B3FA83F6002E70
:1092A0004AD18B4202D3824200F2B880841A61EB29
:1092B000030101208C46002DA8D0C5E9004CA5E78C
:1092C000C2F1200320FA03F6974001FA02F04FEAB8
:1092D000174ED9403043030CB1FBFEF61FFA87F856
:1092E0000EFB161143EA014306FB08F1994204FA0A
:1092F00002F409D9FB1806F1FF3C80F08D809942F9
:1093000040F28A80023E3B445B1A81B2B3FBFEF01E
:109310000EFB103341EA034100FB08F38B4207D9EF
:10932000791800F1FF3C73D28B4271D9023839446D
:10933000CB1A40EA064678E7C6F1200C03FA06F499
:1093400022FA0CF31C4320FA0CF701FA06F34FEA59
:10935000144E21FA0CF11F433B0CB1FBFEF91FFA2E
:1093600084F80EFB191143EA014109FB08FA8A450A
:1093700002FA06F200FA06F308D9611809F1FF3083
:1093800048D28A4546D9A9F102092144A1EB0A0134
:10939000BFB2B1FBFEF00EFB101147EA014700FB24
:1093A00008F8B84507D9E71900F1FF312ED2B845C2
:1093B0002CD90238274440EA0940A7EB0807A0FB54
:1093C00002894F45C64649461AD317D05DB1B3EB63
:1093D0000E0267EB010707FA0CFCF2404CEA0202AE
:1093E000F740C5E9002700263146BDE8F0872E4644
:1093F00028460BE70646E9E61846FDE64345E5D272
:10940000B8EB020E69EB04010138DFE70846D2E74A
:1094100060468DE78146B9E7664675E730464AE71C
:10942000ACF1020C394413E702383C4424E700BF96
:10943000704700BF53B94AB9002908BF00281CBFB4
:109440004FF0FF314FF0FF30FFF7F2BFADF1080CE6
:109450006DE904CEFFF78AFEDDF804E0DDE90223C2
:1094600004B07047430803F05533C01A830803F073
:10947000333300F03330184400EB101000F00F309D
:1094800000EB002000EB0040000E7047024B58221A
:109490001A604FF0FF307047AC3E0024024B582258
:1094A0001A604FF0FF307047AC3E0024F8B500BFA3
:1094B000F8BC08BC9E467047F8B500BFF8BC08BCB5
:1094C0009E467047436F6D6D616E6420706172617E
:1094D0006D206572726F723A2077726F6E672061CD
:1094E0006464726573732073697A650A00496E76E5
:1094F000616C696420616C74206279746573207397
:10950000697A650050696E6D6170206572726F7264
:109510003A2077726F6E6720706F7274206E756D6F
:109520006265722E006170706C69636174696F6E40
:109530005F756E6E616D65645F746872656164000D
:10954000657175657565006170706C6963617469DA
:109550006F6E5F756E6E616D65645F6D7574657855
:109560000048414C5F5254435F53657444617465D5
:10957000206572726F720A0048414C5F5254435F1B
:1095800053657454696D65206572726F720A004983
:1095900032433132333A20496E76616C696420631C
:1095A0006C6F636B20736F7572636500493243346F
:1095B0003A20496E76616C696420636C6F636B203E
:1095C000736F75726365004932433A20756E6B6E36
:1095D0006F776E20696E7374616E63650049324304
:1095E0003A2061626E6F726D616C206361736520F9
:1095F00073686F756C64206E6F742068617070653D
:109600006E640043616E6E6F7420696E6974696187
:109610006C697A65205254432077697468204C53F2
:10962000490A00506572697068436C6B496E6974D1
:1096300053747275637420525443206661696C657B
:10964000642077697468204C53490A0052544320BF
:10965000696E697469616C697A6174696F6E20669C
:1096600061696C65640A00456E61626C654279707F
:10967000617373536861646F77206572726F720AE9
:109680000048414C5F5243435F4F7363436F6E66C4
:109690006967204552524F520A0048414C5F52437D
:1096A0004345785F506572697068434C4B436F6EF9
:1096B000666967204552524F520A005365745379C8
:1096C00073436C6F636B206661696C65640A0001AB
:1096D000808080808080800480808080808080087E
:1096E000808080808080801080808080808080204A
:1096F0008080808080808040000408102040020428
:1097000008102040000000000102030401020304CD
:1097100006070809A086010080380100C0D40100B6
:10972000000000007A0D0000FA0000005C1200004A
:10973000A00F0000800200001400000000000000E4
:10974000801A060000E20400005307000000000039
:1097500084030000640000001405000058020000AB
:10976000FA000000640000000000000040420F000A
:1097700000350C00804F120000000000C201000004
:1097800032000000F4010000040100003C00000071
:109790006400000000000000000000000000000164
:1097A0000100000000000002220000000000000490
:1097B0002300000000000008FFFF00000000000080
:1097C00008000000005C0040CA1300001600000002
:1097D00000540040CA13000016010000001C00588D
:1097E000CA1B00001800000000540040CA1300000B
:1097F00018010000001C0058CA1B00001A000000DD
:1098000000580040CA1300003C000000001C005833
:10981000CA1300005100000000580040CA130000A5
:109820005E000000001C0058CA1300007400000015
:1098300000580040CA13000077000000005C0040A0
:10984000CA1300007B000000001C0058CA1300006F
:10985000FFFF0000FFFFFFFF0000000017000000F7
:1098600000540040CA13000017010000001C0058FB
:10987000CA1B00001900000000540040CA13000079
:1098800019010000001C0058CA1B00001B0000004A
:1098900000580040CA13000029000000005C00408E
:1098A000CA1300003D000000001C0058CA1300004D
:1098B0005000000000580040CA1300005F00000084
:1098C000001C0058CA13000075000000005800403A
:1098D000CA13000078000000005C0040CA130000BA
:1098E0007C000000001C0058CA130000FFFF0000AD
:1098F000FFFFFFFF0000000001000200040006005F
:1099000008000A000C001000200040008000000148
:1099100001030507090E10121416181C1E00000082
:109920000000000000000000F5290108192A0108C4
:10993000BD1C0108311601084DC7000815170108A4
:109940002D1A0108F5170108D52C010859C6000881
:1099500059C6000851C60008D7C50008CDC5000883
:10996000D1C50008692C0108092C0108A12B0108A8
:1099700049C600080000000000000000AD14000807
:10998000171A0008D91400085714000841140008D9
:1099900035140008291400081D1400088914000853
:1099A0000000000000000000F1130008051A000884
:1099B000851300086F130008411300089B1300086B
:1099C0006313000857130008351300082913000813
:1099D0001D13000807130008FDC90008A3C90008EB
:1099E0009DC900089DC90008F9C90008EDC9000813
:1099F000CD130008000000000000000085000108F1
:109A0000350101082DFF000819FF000800000000C3
:109A100000000000C5140008F3190008D91400085C
:109A200073140008411400083514000829140008B4
:109A30001D14000889140008000000000000000048
:109A400009140008E1190008851300086F130008C5
:109A500041130008B71300086313000857130008E8
:109A600035130008291300081D1300080713000808
:109A7000FDC90008A3C900089DC900089DC90008C8
:109A8000F9C90008EDC90008CD1300080000000066
:109A90000000000075FE000805FF0008000000003F
:109AA0000000000039290108BD29010840420F00CB
:109AB000200000000080000010000000007D000079
:109AC000100000000100000002000000040000007F
:109AD000080000001000000020000000400000000E
:109AE00080000000000100000002000000040000EF
:109AF00000080000001000000020000000400000EE
:109B0000008000000000000080DE280080C84D00BA
:109B100000A7760000349E008012C700809FEE00F0
:109B2000007E1701805C400180E9670100C8900158
:109B30000055B8010000000080DE2800001A4F0028
:109B400080F8770080859F000064C80000F1EF0076
:109B500080CF180100AE4101003B690180199201DC
:109B600080A6B9016C9B0108E00F0024E9050008FC
:109B7000DD0500088D0500087D050008C105000809
:109B8000A105000809C8000835060008000000000B
:109B90006C6974746C656673002E2E002F00EBFEEA
:109BA000904D53444F53352E30004E4F204E414D73
:109BB00045202020204641543332202020004E4FA3
:109BC000204E414D45202020204641542020202079
:109BD00020002A3A3C3E7C223F7F002B2C3B3D5B01
:109BE0005D0000FBFFFBFEECEAF3EFF7F3EDEDEABF
:109BF000FB8CF0F4E9EA809A45418E418F8045451F
:109C0000454949498E8F9092924F994F5555599990
:109C10009A9B9C9D9E9F41494F55A5A5A6A7A8A983
:109C2000AAABACADAEAFB0B1B2B3B4B5B6B7B8B91C
:109C3000BABBBCBDBEBFC0C1C2C3C4C5C6C7C8C90C
:109C4000CACBCCCDCECFD0D1D2D3D4D5D6D7D8D9FC
:109C5000DADBDCDDDEDFE0E1E2E3E4E5E6E7E8E9EC
:109C6000EAEBECEDEEEFF0F1F2F3F4F5F6F7F8F9DC
:109C7000FAFBFCFDFEFFC700FC00E900E200E40087
:109C8000E000E500E700EA00EB00E800EF00EE008E
:109C9000EC00C400C500C900E600C600F400F600F0
:109CA000F200FB00F900FF00D600DC00A200A300D8
:109CB000A500A7209201E100ED00F300FA00F100F9
:109CC000D100AA00BA00BF001023AC00BD00BC0048
:109CD000A100AB00BB0091259225932502252425E8
:109CE00061256225562555256325512557255D2576
:109CF0005C255B251025142534252C251C250025E5
:109D00003C255E255F255A25542569256625602555
:109D100050256C2567256825642565255925582516
:109D2000522553256B256A2518250C258825842561
:109D30008C2590258025B103DF009303C003A30386
:109D4000C303B500C403A6039803A903B4031E22EA
:109D5000C603B50329226122B100652264222023B3
:109D60002123F7004822B0001922B7001A227F20D1
:109D7000B200A025A0000000000000006410B71D84
:109D8000C8206E3BAC30D9269041DC76F4516B6B29
:109D90005861B24D3C7105502083B8ED44930FF0EB
:109DA000E8A3D6D68CB361CBB0C2649BD4D2D386A1
:109DB00078E20AA01CF2BDBD000000000000000017
:109DC00049A2000885A20008DD6D0008A16D000809
:109DD000DBC200083FC10008FDBE0008C5BF000887
:109DE00059A0000853700008D9A100089571000817
:109DF000CDBC0008519C0008B39900086FAB000867
:109E0000299C0008DF12000867AE000837700008C0
:109E1000EF1200081B7000086FB80008F9BB0008BB
:109E2000E575000835B00008EDAF0008FF6F0008C9
:109E3000CBAF00081D6E000829A30008F5780008C4
:109E4000E1780008A1A20008FCFFFFFF000000006D
:109E50007DA2000897A2000800000000000000009A
:109E60000000000000000000D3E00008E31200083A
:109E7000E9120008E3120008E312000801130008C9
:109E8000E3120008FCFFFFFF0000000000000000DC
:109E900000000000000000000000000000000000C2
:109EA00000000000D3E00008E3120008E9120008F7
:109EB000E3120008E312000801130008E31200088F
:109EC00000000000000000004177000885770008CE
:109ED000DD6D0008A16D00082992000803970008B5
:109EE000719100083396000819870008817D0008E9
:109EF000AD75000831930008CFB90008B38F000892
:109F0000DF860008DF850008858F0008DF12000863
:109F1000398200080B750008EF120008DB74000896
:109F2000F584000843B90008417500082D89000830
:109F30001B7D0008BB740008E17C00081D6E000852
:109F4000FCFFFFFF000000007D7700089777000806
:109F500061001A03E0001703F8000703FF00010087
:109F600078010001300132010601390110014A0176
:109F70002E017901060180014D0043028101820119
:109F800082018401840186018701870189018A0198
:109F90008B018B018D018E018F0190019101910147
:109FA00093019401F60196019701980198013D02F1
:109FB0009B019C019D0120029F01A001A001A20123
:109FC000A201A401A401A601A701A701A901AA0158
:109FD000AB01AC01AC01AE01AF01AF01B101B20107
:109FE000B301B301B501B501B701B801B801BA01B8
:109FF000BB01BC01BC01BE01F701C001C101C2012E
:10A00000C301C401C501C401C701C801C701CA0118
:10A01000CB01CA01CD011001DD0101008E01DE017D
:10A020001201F3010300F101F401F401F801280128
:10A03000220212013A020900652C3B023B023D025A
:10A04000662C3F0240024102410246020A015302CD
:10A05000400081018601550289018A0158028F0161
:10A060005A0290015C025D025E025F02930161028E
:10A07000620294016402650266026702970196011A
:10A080006A02622C6C026D026E029C017002710207
:10A090009D01730274029F017602770278027902B1
:10A0A0007A027B027C02642C7E027F02A60181027E
:10A0B0008202A9018402850286028702AE0144025F
:10A0C000B101B20145028D028E028F02900291020F
:10A0D000B7017B030300FD03FE03FF03AC03040091
:10A0E0008603880389038A03B1031103C2030200B4
:10A0F000A303A303C4030803CC0303008C038E0350
:10A100008F03D8031801F2030A00F903F303F403E1
:10A11000F503F603F703F703F903FA03FA03300430
:10A12000200350041007600422018A043601C10490
:10A130000E01CF040100C004D004440161052604CF
:10A1400000007D1D0100632C001E9601A01E5A0117
:10A15000001F0806101F0606201F0806301F0806ED
:10A16000401F0606511F0700591F521F5B1F541F37
:10A170005D1F561F5F1F601F0806701F0E00BA1F6D
:10A18000BB1FC81FC91FCA1FCB1FDA1FDB1FF81F49
:10A19000F91FEA1FEB1FFA1FFB1F801F0806901F05
:10A1A0000806A01F0806B01F0400B81FB91FB21F81
:10A1B000BC1FCC1F0100C31FD01F0206E01F0206F8
:10A1C000E51F0100EC1FF31F0100FC1F4E210100E1
:10A1D000322170211002842101008321D0241A052C
:10A1E000302C2F04602C0201672C0601752C020113
:10A1F000802C6401002D260841FF1A030000010095
:10A2000004001000400000010002000001000200F4
:10A21000040008001000200000005153504946007F
:10A22000464C4153484941500044465520496E74BC
:10A230006572666163650044465520436F6E6669CA
:10A2400067000D002E2E2E0A000A52252D34643A86
:10A25000202530386C58000A53502020203A202501
:10A2600030386C580A4C522020203A202530386C67
:10A27000580A50432020203A202530386C580A785C
:10A28000505352203A202530386C580A50535020F1
:10A29000203A202530386C580A4D535020203A205F
:10A2A0002530386C58000A43505549443A2025302F
:10A2B000386C58000A48465352203A202530386CF2
:10A2C000580A4D4D4653523A202530386C580A42B0
:10A2D000465352203A202530386C580A554653527E
:10A2E000203A202530386C580A44465352203A20F0
:10A2F0002530386C580A41465352203A20253038D0
:10A300006C58000A4D4D4641523A202530386C5861
:10A31000000A42464152203A202530386C58000A43
:10A320004D6F6465203A20546872656164000A507C
:10A33000726976203A2055736572000A5072697608
:10A34000203A2050726976696C65676564000A4D31
:10A350006F6465203A2048616E646C6572000A5330
:10A360007461636B3A20505350000A537461636BFD
:10A370003A204D5350000A2B2B204D6265644F53F9
:10A38000204661756C742048616E646C6572202B88
:10A390002B0A0A4661756C74547970653A20004D39
:10A3A000656D4D616E6167654661756C74004275DF
:10A3B000734661756C740055736167654661756CB1
:10A3C0007400486172644661756C74000A0A436FD8
:10A3D0006E746578743A000A0A2D2D204D6265640A
:10A3E0004F53204661756C742048616E646C6572D1
:10A3F000202D2D0A0A0064656661756C7400466F35
:10A400007263654F73634F75746F6644656570530F
:10A410006C65657020636C6F636B20697373756521
:10A420000D0A00466F7263655065726970684F75FA
:10A43000746F6644656570536C65657020636C6FFE
:10A44000636B2069737375650D0A00496E6974202A
:10A450003A2063616E6E6F7420696E697469616C15
:10A46000697A65204C53490A006D61696E00534654
:10A4700044500073696E676C65746F6E5F6D7574C0
:10A480006578006D616C6C6F635F6D7574657800E5
:10A49000656E765F6D75746578007274785F746947
:10A4A0006D6572007274785F69646C65005254580F
:10A4B0002056352E352E33000000000073A401080D
:10A4C0000B000000AC3500241C000000010000005F
:10A4D000E803000005000000142E00241000000016
:10A4E000000000000000000000000000000000006C
:10A4F000000000000000000000000000000000005C
:10A50000000000000000000000000000000000004B
:10A51000000000000000000000000000000000003B
:10A520000010000038AA010874AA0108BD0801083B
:10A53000D5E100085CAA0108040000000102040043
:10A540002900000000500052D22700003B0000000C
:10A5500000500052D2270000580000000050005266
:10A56000D22B0000FFFF0000FFFFFFFF00000000F4
:10A570002A00000000500052D22700003C000000DA
:10A5800000500052D2270000590000000050005235
:10A59000D22B0000FFFF0000FFFFFFFF00000000C4
:10A5A0004200000000500052D22700005700000077
:10A5B00000500052D2270000FFFF0000FFFFFFFF06
:10A5C000000000000100000000500052D2270000EF
:10A5D0003D00000000500052D2270000560000004D
:10A5E00000500052D2270000FFFF0000FFFFFFFFD6
:10A5F000000000001200000000500052D2270000AE
:10A600005A00000000500052D2270000FFFF000057
:10A61000FFFFFFFF00000000160000000050005286
:10A62000D22B00001A00000000500052D227000078
:10A630006600000000500052D22B0000FFFF000017
:10A64000FFFFFFFF0000000001000000004C004081
:10A65000D22300000300000000440040D21F00008D
:10A660000800000000780040D22F00000A0000001F
:10A6700000100140D21F00000A010000000C005829
:10A68000D20F00000B000000004C0040D21B000065
:10A690001300000000780040D22F000015000000D9
:10A6A00000500040D23B00001700000000100140A5
:10A6B000D21F000017010000000C0058D223000038
:10A6C00018000000004C0040D22300001B000000D6
:10A6D00000480040D21F00001C0000000050004055
:10A6E000D23B00001F00000000100140D213000008
:10A6F0002700000000140140D21F00002B000000C2
:10A7000000480040D21F00002B010000004C004018
:10A71000D223000030000000004C0040D223000093
:10A720003200000000500040D2230000360000003C
:10A7300000440040D21F00003900000000480040E3
:10A74000D21F000040000000007C0040D223000027
:10A750004700000000780040D21F000056000000B3
:10A7600000780040D21F0000690000000014014082
:10A77000D21F00007E000000004C0040D2230000E9
:10A7800089000000004C0040D22300009900000026
:10A79000007C0040D2230000FFFF0000FFFFFFFF0E
:10A7A0000000000000000000004C0040D223000028
:10A7B0000200000000440040D21F00000900000019
:10A7C00000100140D21F000009010000000C0058D9
:10A7D000D20F00000C000000004C0040D21B000013
:10A7E0000F00000000780040D22F0000140000008D
:10A7F00000780040D22F0000160000000010014039
:10A80000D21F00001601000000500040D23B0000A3
:10A8100016020000000C0058D223000019000000AE
:10A82000004C0040D22300001A0000000048004005
:10A83000D21F00001D00000000500040D23B00006D
:10A840001E00000000100140D2130000260000008E
:10A8500000140140D21F00002A0000000048004000
:10A86000D21F00002A010000004C0040D22300004B
:10A870002C00000000500040D223000031000000F6
:10A88000004C0040D223000035000000004400408E
:10A89000D21F00003800000000480040D21F000016
:10A8A00041000000007C0040D2230000480000006E
:10A8B00000780040D21F00005700000000780040E0
:10A8C000D21F00006E00000000140140D21F0000E3
:10A8D0007D000000004C0040D223000098000000E2
:10A8E000007C0040D2230000FFFF0000FFFFFFFFBD
:10A8F0000000000000000000000000001BC700086E
:10A9000097D9000815E100081DC700085BC70008BB
:10A910004DC700084DC7000851C70008E1C900082D
:10A92000D7C9000855C70008D1C90008FDC90008EB
:10A93000A3C900089DC900089DC90008DDE0000802
:10A94000EDC90008000000000000000081070108B8
:10A950009507010809080108590701084DC70008B3
:10A9600041FC0008C106010801040108D52C0108BA
:10A9700059C600080BC70008C7D90008AFD900089E
:10A98000FBC60008F5C60008692C0108092C01085F
:10A990005FC60008EDC600080000000000000000CF
:10A9A000D3E000080000000000000000570101088B
:10A9B00047010108EBC90008A3D900080000000006
:10A9C0000000000051E50008000000000000000049
:10A9D00041EF00082F737464657272002F73746402
:10A9E000696E002F7374646F7574003031323334C4
:10A9F00035363738396162636465663031323334F5
:10AA000035363738394142434445460014AA0108D7
:10AA1000682D002439670008D9070008212500089F
:10AA2000011500085D150008291500088925000892
:10AA3000E907000801000000A4A4010800000000CC
:10AA4000602F002444000000A82F00240003000011
:10AA500001000000010000000000000000000000F4
:10AA600000000000542E002434000000882E002432
:10AA7000500000009AA40108000000001C2F0024D0
:10AA800044000000A8320024000300002800000059
:10AA900001000000000000005344434152440041C3
:10AAA000726475696E6F20534100456E766965204A
:10AAB000483720426F6F746C6F6164657200726218
:10AAC000002F66732F5550444154452E42494E0085
:10AAD00040426F6F746C6F6164657220766572734B
:10AAE000696F6E202564202F307830303030303060
:10AAF00030302F302A344B670040496E7465726ED7
:10AB0000616C20466C6173682020202F30783038CB
:10AB10003030303030302F30312A3132384B612CE8
:10AB200031352A3132384B67004045787465726E92
:10AB3000616C20466C6173682020202F307839309A
:10AB40003030303030302F343039362A344B6700D3
:10AB500000000000000000004946010869460108A5
:10AB6000393C0108752F01084DC70008DD3901087F
:10AB7000A1370108ED350108D52C01089B2B0108F0
:10AB8000952B01088F2B0108CF2C0108C92C010837
:10AB9000792B0108692C0108092C0108A12B010857
:10ABA000712B0108814601087B4601080000000066
:10ABB0000000000059E200088BD9000899E3000862
:10ABC00065D9000875C5000821C50008CDC4000876
:10ABD00087C40008D52C010873C400085FC40008AE
:10ABE0004BC4000823C400080FC4000809C40008AF
:10ABF000692C0108092C0108A12B0108DDC30008FC
:10AC000003C40008F1C30008EDC30008E9C300084D
:10AC10000000000000000000000000000000000034
:10AC20000000000000000000000000000000000024
:10AC30000000000000000000000000000000000014
:10AC40000000000000000000000000000000000004
:10AC500000000000000000000000000000000000F4
:10AC600000000000000000000000000000000000E4
:10AC700000000000000000000000000000000000D4
:10AC800000000000000000000000000000000000C4
:10AC900000000000000000000000000000000000B4
:10ACA00000000000000000000000000000000000A4
:10ACB0000000000000000000000000000000000094
:10ACC0000000000000000000000000000000000084
:10ACD0000000000000000000000000000000000074
:10ACE0000000000000000000000000000000000064
:10ACF0000000000000000000000000000000000054
:10AD00000000000000000000000000000000000043
:10AD10000000000000000000000000000000000033
:10AD20000000000000000000000000000000000023
:10AD30000000000000000000000000000000000013
:10AD40000000000000000000000000000000000003
:10AD500000000000000000000000000000000000F3
:10AD600000000000000000000000000000000000E3
:10AD700000000000000000000000000000000000D3
:10AD800000000000000000000000000000000000C3
:10AD900000000000000000000000000000000000B3
:10ADA00000000000000000000000000000000000A3
:10ADB0000000000000000000000000000000000093
:10ADC0000000000000000000000000000000000083
:10ADD0000000000000000000000000000000000073
:10ADE0000000000000000000000000000000000063
:10ADF0000000000000000000000000000000000053
:10AE00000000000000000000000000000000000042
:10AE10000000000000000000000000000000000032
:10AE20000000000000000000000000000000000022
:10AE30000000000000000000000000000000000012
:10AE40000000000000000000000000000000000002
:10AE500000000000000000000000000000000000F2
:10AE600000000000000000000000000000000000E2
:10AE700000000000000000000000000000000000D2
:10AE800000000000000000000000000000000000C2
:10AE900000000000000000000000000000000000B2
:10AEA00000000000000000000000000000000000A2
:10AEB0000000000000000000000000000000000092
:10AEC0000000000000000000000000000000000082
:10AED0000000000000000000000000000000000072
:10AEE0000000000000000000000000000000000062
:10AEF0000000000000000000000000000000000052
:10AF00000000000000000000000000000000000041
:10AF10000000000000000000000000000000000031
:10AF20000000000000000000000000000000000021
:10AF30000000000000000000000000000000000011
:10AF40000000000000000000000000000000000001
:10AF500000000000000000000000000000000000F1
:10AF600000000000000000000000000000000000E1
:10AF700000000000000000000000000000000000D1
:10AF800000000000000000000000000000000000C1
:10AF900000000000000000000000000000000000B1
:10AFA00000000000000000000000000000000000A1
:10AFB0000000000000000000000000000000000091
:10AFC0000000000000000000000000000000000081
:10AFD0000000000000000000000000000000000071
:10AFE0000000000000000000000000000000000061
:10AFF0000000000000000000000000000000000051
:10B000000000000000000000000000000000000040
:10B010000000000000000000000000000000000030
:10B020000000000000000000000000000000000020
:10B030000000000000000000000000000000000010
:10B040000000000000000000000000000000000000
:10B0500000000000000000000000000000000000F0
:10B0600000000000000000000000000000000000E0
:10B0700000000000000000000000000000000000D0
:10B0800000000000000000000000000000000000C0
:10B0900000000000000000000000000000000000B0
:10B0A00000000000000000000000000000000000A0
:10B0B0000000000000000000000000000000000090
:10B0C0000000000000000000000000000000000080
:10B0D0000000000000000000000000000000000070
:10B0E0000000000000000000000000000000000060
:10B0F0000000000000000000000000000000000050
:10B10000000000000000000000000000000000003F
:10B11000000000000000000000000000000000002F
:10B12000000000000000000000000000000000001F
:10B13000000000000000000000000000000000000F
:10B1400000000000000000000000000000000000FF
:10B1500000000000000000000000000000000000EF
:10B1600000000000000000000000000000000000DF
:10B1700000000000000000000000000000000000CF
:10B1800000000000000000000000000000000000BF
:10B1900000000000000000000000000000000000AF
:10B1A000000000000000000000000000000000009F
:10B1B000000000000000000000000000000000008F
:10B1C000000000000000000000000000000000007F
:10B1D000000000000000000000000000000000006F
:10B1E000000000000000000000000000000000005F
:10B1F000000000000000000000000000000000004F
:10B20000000000000000000000000000000000003E
:10B21000000000000000000000000000000000002E
:10B22000000000000000000000000000000000001E
:10B23000000000000000000000000000000000000E
:10B2400000000000000000000000000000000000FE
:10B2500000000000000000000000000000000000EE
:10B2600000000000000000000000000000000000DE
:10B2700000000000000000000000000000000000CE
:10B2800000000000000000000000000000000000BE
:10B2900000000000000000000000000000000000AE
:10B2A000000000000000000000000000000000009E
:10B2B000000000000000000000000000000000008E
:10B2C000000000000000000000000000000000007E
:10B2D000000000000000000000000000000000006E
:10B2E000000000000000000000000000000000005E
:10B2F000000000000000000000000000000000004E
:10B30000000000000000000000000000000000003D
:10B31000000000000000000000000000000000002D
:10B32000000000000000000000000000000000001D
:10B33000000000000000000000000000000000000D
:10B3400000000000000000000000000000000000FD
:10B3500000000000000000000000000000000000ED
:10B3600000000000000000000000000000000000DD
:10B3700000000000000000000000000000000000CD
:10B3800000000000000000000000000000000000BD
:10B3900000000000000000000000000000000000AD
:10B3A000000000000000000000000000000000009D
:10B3B000000000000000000000000000000000008D
:10B3C000000000000000000000000000000000007D
:10B3D000000000000000000000000000000000006D
:10B3E000000000000000000000000000000000005D
:10B3F000000000000000000000000000000000004D
:10B40000000000000000000000000000000000003C
:10B41000000000000000000000000000000000002C
:10B42000000000000000000000000000000000001C
:10B43000000000000000000000000000000000000C
:10B4400000000000000000000000000000000000FC
:10B4500000000000000000000000000000000000EC
:10B4600000000000000000000000000000000000DC
:10B4700000000000000000000000000000000000CC
:10B4800000000000000000000000000000000000BC
:10B4900000000000000000000000000000000000AC
:10B4A000000000000000000000000000000000009C
:10B4B000000000000000000000000000000000008C
:10B4C000000000000000000000000000000000007C
:10B4D000000000000000000000000000000000006C
:10B4E000000000000000000000000000000000005C
:10B4F000000000000000000000000000000000004C
:10B50000000000000000000000000000000000003B
:10B51000000000000000000000000000000000002B
:10B52000000000000000000000000000000000001B
:10B53000000000000000000000000000000000000B
:10B5400000000000000000000000000000000000FB
:10B5500000000000000000000000000000000000EB
:10B5600000000000000000000000000000000000DB
:10B5700000000000000000000000000000000000CB
:10B5800000000000000000000000000000000000BB
:10B5900000000000000000000000000000000000AB
:10B5A000000000000000000000000000000000009B
:10B5B000000000000000000000000000000000008B
:10B5C000000000000000000000000000000000007B
:10B5D000000000000000000000000000000000006B
:10B5E000000000000000000000000000000000005B
:10B5F000000000000000000000000000000000004B
:10B60000000000000000000000000000000000003A
:10B61000000000000000000000000000000000002A
:10B62000000000000000000000000000000000001A
:10B63000000000000000000000000000000000000A
:10B6400000000000000000000000000000000000FA
:10B6500000000000000000000000000000000000EA
:10B6600000000000000000000000000000000000DA
:10B6700000000000000000000000000000000000CA
:10B6800000000000000000000000000000000000BA
:10B6900000000000000000000000000000000000AA
:10B6A000000000000000000000000000000000009A
:10B6B000000000000000000000000000000000008A
:10B6C000000000000000000000000000000000007A
:10B6D000000000000000000000000000000000006A
:10B6E000000000000000000000000000000000005A
:10B6F000000000000000000000000000000000004A
:10B700000000000000000000000000000000000039
:10B710000000000000000000000000000000000029
:10B720000000000000000000000000000000000019
:10B730000000000000000000000000000000000009
:10B7400000000000000000000000000000000000F9
:10B7500000000000000000000000000000000000E9
:10B7600000000000000000000000000000000000D9
:10B7700000000000000000000000000000000000C9
:10B7800000000000000000000000000000000000B9
:10B7900000000000000000000000000000000000A9
:10B7A0000000000000000000000000000000000099
:10B7B0000000000000000000000000000000000089
:10B7C0000000000000000000000000000000000079
:10B7D0000000000000000000000000000000000069
:10B7E0000000000000000000000000000000000059
:10B7F0000000000000000000000000000000000049
:10B800000000000000000000000000000000000038
:10B810000000000000000000000000000000000028
:10B820000000000000000000000000000000000018
:10B830000000000000000000000000000000000008
:10B8400000000000000000000000000000000000F8
:10B8500000000000000000000000000000000000E8
:10B8600000000000000000000000000000000000D8
:10B8700000000000000000000000000000000000C8
:10B8800000000000000000000000000000000000B8
:10B8900000000000000000000000000000000000A8
:10B8A0000000000000000000000000000000000098
:10B8B0000000000000000000000000000000000088
:10B8C0000000000000000000000000000000000078
:10B8D0000000000000000000000000000000000068
:10B8E0000000000000000000000000000000000058
:10B8F0000000000000000000000000000000000048
:10B900000000000000000000000000000000000037
:10B910000000000000000000000000000000000027
:10B920000000000000000000000000000000000017
:10B930000000000000000000000000000000000007
:10B9400000000000000000000000000000000000F7
:10B9500000000000000000000000000000000000E7
:10B9600000000000000000000000000000000000D7
:10B9700000000000000000000000000000000000C7
:10B9800000000000000000000000000000000000B7
:10B9900000000000000000000000000000000000A7
:10B9A0000000000000000000000000000000000097
:10B9B0000000000000000000000000000000000087
:10B9C0000000000000000000000000000000000077
:10B9D0000000000000000000000000000000000067
:10B9E0000000000000000000000000000000000057
:10B9F0000000000000000000000000000000000047
:10BA00000000000000000000000000000000000036
:10BA10000000000000000000000000000000000026
:10BA20000000000000000000000000000000000016
:10BA30000000000000000000000000000000000006
:10BA400000000000000000000000000000000000F6
:10BA500000000000000000000000000000000000E6
:10BA600000000000000000000000000000000000D6
:10BA700000000000000000000000000000000000C6
:10BA800000000000000000000000000000000000B6
:10BA900000000000000000000000000000000000A6
:10BAA0000000000000000000000000000000000096
:10BAB0000000000000000000000000000000000086
:10BAC0000000000000000000000000000000000076
:10BAD0000000000000000000000000000000000066
:10BAE0000000000000000000000000000000000056
:10BAF0000000000000000000000000000000000046
:10BB00000000000000000000000000000000000035
:10BB10000000000000000000000000000000000025
:10BB20000000000000000000000000000000000015
:10BB30000000000000000000000000000000000005
:10BB400000000000000000000000000000000000F5
:10BB500000000000000000000000000000000000E5
:10BB600000000000000000000000000000000000D5
:10BB700000000000000000000000000000000000C5
:10BB800000000000000000000000000000000000B5
:10BB900000000000000000000000000000000000A5
:10BBA0000000000000000000000000000000000095
:10BBB0000000000000000000000000000000000085
:10BBC0000000000000000000000000000000000075
:10BBD0000000000000000000000000000000000065
:10BBE0000000000000000000000000000000000055
:10BBF0000000000000000000000000000000000045
:10BC00000000000000000000000000000000000034
:10BC10000000000000000000000000000000000024
:10BC20000000000000000000000000000000000014
:10BC30000000000000000000000000000000000004
:10BC400000000000000000000000000000000000F4
:10BC500000000000000000000000000000000000E4
:10BC600000000000000000000000000000000000D4
:10BC700000000000000000000000000000000000C4
:10BC800000000000000000000000000000000000B4
:10BC900000000000000000000000000000000000A4
:10BCA0000000000000000000000000000000000094
:10BCB0000000000000000000000000000000000084
:10BCC0000000000000000000000000000000000074
:10BCD0000000000000000000000000000000000064
:10BCE0000000000000000000000000000000000054
:10BCF0000000000000000000000000000000000044
:10BD00000000000000000000000000000000000033
:10BD10000000000000000000000000000000000023
:10BD20000000000000000000000000000000000013
:10BD30000000000000000000000000000000000003
:10BD400000000000000000000000000000000000F3
:10BD500000000000000000000000000000000000E3
:10BD600000000000000000000000000000000000D3
:10BD700000000000000000000000000000000000C3
:10BD800000000000000000000000000000000000B3
:10BD900000000000000000000000000000000000A3
:10BDA0000000000000000000000000000000000093
:10BDB0000000000000000000000000000000000083
:10BDC0000000000000000000000000000000000073
:10BDD0000000000000000000000000000000000063
:10BDE0000000000000000000000000000000000053
:10BDF0000000000000000000000000000000000043
:10BE00000000000000000000000000000000000032
:10BE10000000000000000000000000000000000022
:10BE20000000000000000000000000000000000012
:10BE30000000000000000000000000000000000002
:10BE400000000000000000000000000000000000F2
:10BE500000000000000000000000000000000000E2
:10BE600000000000000000000000000000000000D2
:10BE700000000000000000000000000000000000C2
:10BE800000000000000000000000000000000000B2
:10BE900000000000000000000000000000000000A2
:10BEA0000000000000000000000000000000000092
:10BEB0000000000000000000000000000000000082
:10BEC0000000000000000000000000000000000072
:10BED0000000000000000000000000000000000062
:10BEE0000000000000000000000000000000000052
:10BEF0000000000000000000000000000000000042
:10BF00000000000000000000000000000000000031
:10BF10000000000000000000000000000000000021
:10BF20000000000000000000000000000000000011
:10BF30000000000000000000000000000000000001
:10BF400000000000000000000000000000000000F1
:10BF500000000000000000000000000000000000E1
:10BF600000000000000000000000000000000000D1
:10BF700000000000000000000000000000000000C1
:10BF800000000000000000000000000000000000B1
:10BF900000000000000000000000000000000000A1
:10BFA0000000000000000000000000000000000091
:10BFB0000000000000000000000000000000000081
:10BFC0000000000000000000000000000000000071
:10BFD0000000000000000000000000000000000061
:10BFE0000000000000000000000000000000000051
:10BFF0000000000000000000000000000000000041
:10C000000000000000000000000000000000000030
:10C010000000000000000000000000000000000020
:10C020000000000000000000000000000000000010
:10C030000000000000000000000000000000000000
:10C0400000000000000000000000000000000000F0
:10C0500000000000000000000000000000000000E0
:10C0600000000000000000000000000000000000D0
:10C0700000000000000000000000000000000000C0
:10C0800000000000000000000000000000000000B0
:10C0900000000000000000000000000000000000A0
:10C0A0000000000000000000000000000000000090
:10C0B0000000000000000000000000000000000080
:10C0C0000000000000000000000000000000000070
:10C0D0000000000000000000000000000000000060
:10C0E0000000000000000000000000000000000050
:10C0F0000000000000000000000000000000000040
:10C10000000000000000000000000000000000002F
:10C11000000000000000000000000000000000001F
:10C12000000000000000000000000000000000000F
:10C1300000000000000000000000000000000000FF
:10C1400000000000000000000000000000000000EF
:10C1500000000000000000000000000000000000DF
:10C1600000000000000000000000000000000000CF
:10C1700000000000000000000000000000000000BF
:10C1800000000000000000000000000000000000AF
:10C19000000000000000000000000000000000009F
:10C1A000000000000000000000000000000000008F
:10C1B000000000000000000000000000000000007F
:10C1C000000000000000000000000000000000006F
:10C1D000000000000000000000000000000000005F
:10C1E000000000000000000000000000000000004F
:10C1F000000000000000000000000000000000003F
:10C20000000000000000000000000000000000002E
:10C21000000000000000000000000000000000001E
:10C22000000000000000000000000000000000000E
:10C2300000000000000000000000000000000000FE
:10C2400000000000000000000000000000000000EE
:10C2500000000000000000000000000000000000DE
:10C2600000000000000000000000000000000000CE
:10C2700000000000000000000000000000000000BE
:10C2800000000000000000000000000000000000AE
:10C29000000000000000000000000000000000009E
:10C2A000000000000000000000000000000000008E
:10C2B000000000000000000000000000000000007E
:10C2C000000000000000000000000000000000006E
:10C2D000000000000000000000000000000000005E
:10C2E000000000000000000000000000000000004E
:10C2F000000000000000000000000000000000003E
:10C30000000000000000000000000000000000002D
:10C31000000000000000000000000000000000001D
:10C32000000000000000000000000000000000000D
:10C3300000000000000000000000000000000000FD
:10C3400000000000000000000000000000000000ED
:10C3500000000000000000000000000000000000DD
:10C3600000000000000000000000000000000000CD
:10C3700000000000000000000000000000000000BD
:10C3800000000000000000000000000000000000AD
:10C39000000000000000000000000000000000009D
:10C3A000000000000000000000000000000000008D
:10C3B000000000000000000000000000000000007D
:10C3C000000000000000000000000000000000006D
:10C3D000000000000000000000000000000000005D
:10C3E000000000000000000000000000000000004D
:10C3F000000000000000000000000000000000003D
:10C40000000000000000000000000000000000002C
:10C41000000000000000000000000000000000001C
:10C42000000000000000000000000000000000000C
:10C4300000000000000000000000000000000000FC
:10C4400000000000000000000000000000000000EC
:10C4500000000000000000000000000000000000DC
:10C4600000000000000000000000000000000000CC
:10C4700000000000000000000000000000000000BC
:10C4800000000000000000000000000000000000AC
:10C49000000000000000000000000000000000009C
:10C4A000000000000000000000000000000000008C
:10C4B000000000000000000000000000000000007C
:10C4C000000000000000000000000000000000006C
:10C4D000000000000000000000000000000000005C
:10C4E000000000000000000000000000000000004C
:10C4F000000000000000000000000000000000003C
:10C50000000000000000000000000000000000002B
:10C51000000000000000000000000000000000001B
:10C52000000000000000000000000000000000000B
:10C5300000000000000000000000000000000000FB
:10C5400000000000000000000000000000000000EB
:10C5500000000000000000000000000000000000DB
:10C5600000000000000000000000000000000000CB
:10C5700000000000000000000000000000000000BB
:10C5800000000000000000000000000000000000AB
:10C59000000000000000000000000000000000009B
:10C5A000000000000000000000000000000000008B
:10C5B000000000000000000000000000000000007B
:10C5C000000000000000000000000000000000006B
:10C5D000000000000000000000000000000000005B
:10C5E000000000000000000000000000000000004B
:10C5F000000000000000000000000000000000003B
:10C60000000000000000000000000000000000002A
:10C61000000000000000000000000000000000001A
:10C62000000000000000000000000000000000000A
:10C6300000000000000000000000000000000000FA
:10C6400000000000000000000000000000000000EA
:10C6500000000000000000000000000000000000DA
:10C6600000000000000000000000000000000000CA
:10C6700000000000000000000000000000000000BA
:10C6800000000000000000000000000000000000AA
:10C69000000000000000000000000000000000009A
:10C6A000000000000000000000000000000000008A
:10C6B000000000000000000000000000000000007A
:10C6C000000000000000000000000000000000006A
:10C6D000000000000000000000000000000000005A
:10C6E000000000000000000000000000000000004A
:10C6F000000000000000000000000000000000003A
:10C700000000000000000000000000000000000029
:10C710000000000000000000000000000000000019
:10C720000000000000000000000000000000000009
:10C7300000000000000000000000000000000000F9
:10C7400000000000000000000000000000000000E9
:10C7500000000000000000000000000000000000D9
:10C7600000000000000000000000000000000000C9
:10C7700000000000000000000000000000000000B9
:10C7800000000000000000000000000000000000A9
:10C790000000000000000000000000000000000099
:10C7A0000000000000000000000000000000000089
:10C7B0000000000000000000000000000000000079
:10C7C0000000000000000000000000000000000069
:10C7D0000000000000000000000000000000000059
:10C7E0000000000000000000000000000000000049
:10C7F0000000000000000000000000000000000039
:10C800000000000000000000000000000000000028
:10C810000000000000000000000000000000000018
:10C820000000000000000000000000000000000008
:10C8300000000000000000000000000000000000F8
:10C8400000000000000000000000000000000000E8
:10C8500000000000000000000000000000000000D8
:10C8600000000000000000000000000000000000C8
:10C8700000000000000000000000000000000000B8
:10C8800000000000000000000000000000000000A8
:10C890000000000000000000000000000000000098
:10C8A0000000000000000000000000000000000088
:10C8B0000000000000000000000000000000000078
:10C8C0000000000000000000000000000000000068
:10C8D0000000000000000000000000000000000058
:10C8E0000000000000000000000000000000000048
:10C8F0000000000000000000000000000000000038
:10C900000000000000000000000000000000000027
:10C910000000000000000000000000000000000017
:10C920000000000000000000000000000000000007
:10C9300000000000000000000000000000000000F7
:10C9400000000000000000000000000000000000E7
:10C9500000000000000000000000000000000000D7
:10C9600000000000000000000000000000000000C7
:10C9700000000000000000000000000000000000B7
:10C9800000000000000000000000000000000000A7
:10C990000000000000000000000000000000000097
:10C9A0000000000000000000000000000000000087
:10C9B0000000000000000000000000000000000077
:10C9C0000000000000000000000000000000000067
:10C9D0000000000000000000000000000000000057
:10C9E0000000000000000000000000000000000047
:10C9F0000000000000000000000000000000000037
:10CA00000000000000000000000000000000000026
:10CA10000000000000000000000000000000000016
:10CA20000000000000000000000000000000000006
:10CA300000000000000000000000000000000000F6
:10CA400000000000000000000000000000000000E6
:10CA500000000000000000000000000000000000D6
:10CA600000000000000000000000000000000000C6
:10CA700000000000000000000000000000000000B6
:10CA800000000000000000000000000000000000A6
:10CA90000000000000000000000000000000000096
:10CAA0000000000000000000000000000000000086
:10CAB0000000000000000000000000000000000076
:10CAC0000000000000000000000000000000000066
:10CAD0000000000000000000000000000000000056
:10CAE0000000000000000000000000000000000046
:10CAF0000000000000000000000000000000000036
:10CB00000000000000000000000000000000000025
:10CB10000000000000000000000000000000000015
:10CB20000000000000000000000000000000000005
:10CB300000000000000000000000000000000000F5
:10CB400000000000000000000000000000000000E5
:10CB500000000000000000000000000000000000D5
:10CB600000000000000000000000000000000000C5
:10CB700000000000000000000000000000000000B5
:10CB800000000000000000000000000000000000A5
:10CB90000000000000000000000000000000000095
:10CBA0000000000000000000000000000000000085
:10CBB0000000000000000000000000000000000075
:10CBC0000000000000000000000000000000000065
:10CBD0000000000000000000000000000000000055
:10CBE0000000000000000000000000000000000045
:10CBF0000000000000000000000000000000000035
:10CC00000000000000000000000000000000000024
:10CC10000000000000000000000000000000000014
:10CC20000000000000000000000000000000000004
:10CC300000000000000000000000000000000000F4
:10CC400000000000000000000000000000000000E4
:10CC500000000000000000000000000000000000D4
:10CC600000000000000000000000000000000000C4
:10CC700000000000000000000000000000000000B4
:10CC800000000000000000000000000000000000A4
:10CC90000000000000000000000000000000000094
:10CCA0000000000000000000000000000000000084
:10CCB0000000000000000000000000000000000074
:10CCC0000000000000000000000000000000000064
:10CCD0000000000000000000000000000000000054
:10CCE0000000000000000000000000000000000044
:10CCF0000000000000000000000000000000000034
:10CD00000000000000000000000000000000000023
:10CD10000000000000000000000000000000000013
:10CD20000000000000000000000000000000000003
:10CD300000000000000000000000000000000000F3
:10CD400000000000000000000000000000000000E3
:10CD500000000000000000000000000000000000D3
:10CD600000000000000000000000000000000000C3
:10CD700000000000000000000000000000000000B3
:10CD800000000000000000000000000000000000A3
:10CD90000000000000000000000000000000000093
:10CDA0000000000000000000000000000000000083
:10CDB0000000000000000000000000000000000073
:10CDC0000000000000000000000000000000000063
:10CDD0000000000000000000000000000000000053
:10CDE0000000000000000000000000000000000043
:10CDF0000000000000000000000000000000000033
:10CE00000000000000000000000000000000000022
:10CE10000000000000000000000000000000000012
:10CE20000000000000000000000000000000000002
:10CE300000000000000000000000000000000000F2
:10CE400000000000000000000000000000000000E2
:10CE500000000000000000000000000000000000D2
:10CE600000000000000000000000000000000000C2
:10CE700000000000000000000000000000000000B2
:10CE800000000000000000000000000000000000A2
:10CE90000000000000000000000000000000000092
:10CEA0000000000000000000000000000000000082
:10CEB0000000000000000000000000000000000072
:10CEC0000000000000000000000000000000000062
:10CED0000000000000000000000000000000000052
:10CEE0000000000000000000000000000000000042
:10CEF0000000000000000000000000000000000032
:10CF00000000000000000000000000000000000021
:10CF10000000000000000000000000000000000011
:10CF20000000000000000000000000000000000001
:10CF300000000000000000000000000000000000F1
:10CF400000000000000000000000000000000000E1
:10CF500000000000000000000000000000000000D1
:10CF600000000000000000000000000000000000C1
:10CF700000000000000000000000000000000000B1
:10CF800000000000000000000000000000000000A1
:10CF90000000000000000000000000000000000091
:10CFA0000000000000000000000000000000000081
:10CFB0000000000000000000000000000000000071
:10CFC0000000000000000000000000000000000061
:10CFD0000000000000000000000000000000000051
:10CFE0000000000000000000000000000000000041
:10CFF0000000000000000000000000000000000031
:10D000000000000000000000000000000000000020
:10D010000000000000000000000000000000000010
:10D020000000000000000000000000000000000000
:10D0300000000000000000000000000000000000F0
:10D0400000000000000000000000000000000000E0
:10D0500000000000000000000000000000000000D0
:10D0600000000000000000000000000000000000C0
:10D0700000000000000000000000000000000000B0
:10D0800000000000000000000000000000000000A0
:10D090000000000000000000000000000000000090
:10D0A0000000000000000000000000000000000080
:10D0B0000000000000000000000000000000000070
:10D0C0000000000000000000000000000000000060
:10D0D0000000000000000000000000000000000050
:10D0E0000000000000000000000000000000000040
:10D0F0000000000000000000000000000000000030
:10D10000000000000000000000000000000000001F
:10D11000000000000000000000000000000000000F
:10D1200000000000000000000000000000000000FF
:10D1300000000000000000000000000000000000EF
:10D1400000000000000000000000000000000000DF
:10D1500000000000000000000000000000000000CF
:10D1600000000000000000000000000000000000BF
:10D1700000000000000000000000000000000000AF
:10D18000000000000000000000000000000000009F
:10D19000000000000000000000000000000000008F
:10D1A000000000000000000000000000000000007F
:10D1B000000000000000000000000000000000006F
:10D1C000000000000000000000000000000000005F
:10D1D000000000000000000000000000000000004F
:10D1E000000000000000000000000000000000003F
:10D1F000000000000000000000000000000000002F
:10D20000000000000000000000000000000000001E
:10D21000000000000000000000000000000000000E
:10D2200000000000000000000000000000000000FE
:10D2300000000000000000000000000000000000EE
:10D2400000000000000000000000000000000000DE
:10D2500000000000000000000000000000000000CE
:10D2600000000000000000000000000000000000BE
:10D2700000000000000000000000000000000000AE
:10D28000000000000000000000000000000000009E
:10D29000000000000000000000000000000000008E
:10D2A000000000000000000000000000000000007E
:10D2B000000000000000000000000000000000006E
:10D2C000000000000000000000000000000000005E
:10D2D000000000000000000000000000000000004E
:10D2E000000000000000000000000000000000003E
:10D2F000000000000000000000000000000000002E
:10D30000000000000000000000000000000000001D
:10D31000000000000000000000000000000000000D
:10D3200000000000000000000000000000000000FD
:10D3300000000000000000000000000000000000ED
:10D3400000000000000000000000000000000000DD
:10D3500000000000000000000000000000000000CD
:10D3600000000000000000000000000000000000BD
:10D3700000000000000000000000000000000000AD
:10D38000000000000000000000000000000000009D
:10D39000000000000000000000000000000000008D
:10D3A000000000000000000000000000000000007D
:10D3B000000000000000000000000000000000006D
:10D3C000000000000000000000000000000000005D
:10D3D000000000000000000000000000000000004D
:10D3E000000000000000000000000000000000003D
:10D3F000000000000000000000000000000000002D
:10D40000000000000000000000000000000000001C
:10D41000000000000000000000000000000000000C
:10D4200000000000000000000000000000000000FC
:10D4300000000000000000000000000000000000EC
:10D4400000000000000000000000000000000000DC
:10D4500000000000000000000000000000000000CC
:10D4600000000000000000000000000000000000BC
:10D4700000000000000000000000000000000000AC
:10D48000000000000000000000000000000000009C
:10D49000000000000000000000000000000000008C
:10D4A000000000000000000000000000000000007C
:10D4B000000000000000000000000000000000006C
:10D4C000000000000000000000000000000000005C
:10D4D000000000000000000000000000000000004C
:10D4E000000000000000000000000000000000003C
:10D4F000000000000000000000000000000000002C
:10D50000000000000000000000000000000000001B
:10D51000000000000000000000000000000000000B
:10D5200000000000000000000000000000000000FB
:10D5300000000000000000000000000000000000EB
:10D5400000000000000000000000000000000000DB
:10D5500000000000000000000000000000000000CB
:10D5600000000000000000000000000000000000BB
:10D5700000000000000000000000000000000000AB
:10D58000000000000000000000000000000000009B
:10D59000000000000000000000000000000000008B
:10D5A000000000000000000000000000000000007B
:10D5B000000000000000000000000000000000006B
:10D5C000000000000000000000000000000000005B
:10D5D000000000000000000000000000000000004B
:10D5E000000000000000000000000000000000003B
:10D5F000000000000000000000000000000000002B
:10D60000000000000000000000000000000000001A
:10D61000000000000000000000000000000000000A
:10D6200000000000000000000000000000000000FA
:10D6300000000000000000000000000000000000EA
:10D6400000000000000000000000000000000000DA
:10D6500000000000000000000000000000000000CA
:10D6600000000000000000000000000000000000BA
:10D6700000000000000000000000000000000000AA
:10D68000000000000000000000000000000000009A
:10D69000000000000000000000000000000000008A
:10D6A000000000000000000000000000000000007A
:10D6B000000000000000000000000000000000006A
:10D6C000000000000000000000000000000000005A
:10D6D000000000000000000000000000000000004A
:10D6E000000000000000000000000000000000003A
:10D6F000000000000000000000000000000000002A
:10D700000000000000000000000000000000000019
:10D710000000000000000000000000000000000009
:10D7200000000000000000000000000000000000F9
:10D7300000000000000000000000000000000000E9
:10D7400000000000000000000000000000000000D9
:10D7500000000000000000000000000000000000C9
:10D7600000000000000000000000000000000000B9
:10D7700000000000000000000000000000000000A9
:10D780000000000000000000000000000000000099
:10D790000000000000000000000000000000000089
:10D7A0000000000000000000000000000000000079
:10D7B0000000000000000000000000000000000069
:10D7C0000000000000000000000000000000000059
:10D7D0000000000000000000000000000000000049
:10D7E0000000000000000000000000000000000039
:10D7F0000000000000000000000000000000000029
:10D800000000000000000000000000000000000018
:10D810000000000000000000000000000000000008
:10D8200000000000000000000000000000000000F8
:10D8300000000000000000000000000000000000E8
:10D8400000000000000000000000000000000000D8
:10D8500000000000000000000000000000000000C8
:10D8600000000000000000000000000000000000B8
:10D8700000000000000000000000000000000000A8
:10D880000000000000000000000000000000000098
:10D890000000000000000000000000000000000088
:10D8A0000000000000000000000000000000000078
:10D8B0000000000000000000000000000000000068
:10D8C0000000000000000000000000000000000058
:10D8D0000000000000000000000000000000000048
:10D8E0000000000000000000000000000000000038
:10D8F0000000000000000000000000000000000028
:10D900000000000000000000000000000000000017
:10D910000000000000000000000000000000000007
:10D9200000000000000000000000000000000000F7
:10D9300000000000000000000000000000000000E7
:10D9400000000000000000000000000000000000D7
:10D9500000000000000000000000000000000000C7
:10D9600000000000000000000000000000000000B7
:10D9700000000000000000000000000000000000A7
:10D980000000000000000000000000000000000097
:10D990000000000000000000000000000000000087
:10D9A0000000000000000000000000000000000077
:10D9B0000000000000000000000000000000000067
:10D9C0000000000000000000000000000000000057
:10D9D0000000000000000000000000000000000047
:10D9E0000000000000000000000000000000000037
:10D9F0000000000000000000000000000000000027
:10DA00000000000000000000000000000000000016
:10DA10000000000000000000000000000000000006
:10DA200000000000000000000000000000000000F6
:10DA300000000000000000000000000000000000E6
:10DA400000000000000000000000000000000000D6
:10DA500000000000000000000000000000000000C6
:10DA600000000000000000000000000000000000B6
:10DA700000000000000000000000000000000000A6
:10DA80000000000000000000000000000000000096
:10DA90000000000000000000000000000000000086
:10DAA0000000000000000000000000000000000076
:10DAB0000000000000000000000000000000000066
:10DAC0000000000000000000000000000000000056
:10DAD0000000000000000000000000000000000046
:10DAE0000000000000000000000000000000000036
:10DAF0000000000000000000000000000000000026
:10DB00000000000000000000000000000000000015
:10DB10000000000000000000000000000000000005
:10DB200000000000000000000000000000000000F5
:10DB300000000000000000000000000000000000E5
:10DB400000000000000000000000000000000000D5
:10DB500000000000000000000000000000000000C5
:10DB600000000000000000000000000000000000B5
:10DB700000000000000000000000000000000000A5
:10DB80000000000000000000000000000000000095
:10DB90000000000000000000000000000000000085
:10DBA0000000000000000000000000000000000075
:10DBB0000000000000000000000000000000000065
:10DBC0000000000000000000000000000000000055
:10DBD0000000000000000000000000000000000045
:10DBE0000000000000000000000000000000000035
:10DBF0000000000000000000000000000000000025
:10DC00000000000000000000000000000000000014
:10DC10000000000000000000000000000000000004
:10DC200000000000000000000000000000000000F4
:10DC300000000000000000000000000000000000E4
:10DC400000000000000000000000000000000000D4
:10DC500000000000000000000000000000000000C4
:10DC600000000000000000000000000000000000B4
:10DC700000000000000000000000000000000000A4
:10DC80000000000000000000000000000000000094
:10DC90000000000000000000000000000000000084
:10DCA0000000000000000000000000000000000074
:10DCB0000000000000000000000000000000000064
:10DCC0000000000000000000000000000000000054
:10DCD0000000000000000000000000000000000044
:10DCE0000000000000000000000000000000000034
:10DCF0000000000000000000000000000000000024
:10DD00000000000000000000000000000000000013
:10DD10000000000000000000000000000000000003
:10DD200000000000000000000000000000000000F3
:10DD300000000000000000000000000000000000E3
:10DD400000000000000000000000000000000000D3
:10DD500000000000000000000000000000000000C3
:10DD600000000000000000000000000000000000B3
:10DD700000000000000000000000000000000000A3
:10DD80000000000000000000000000000000000093
:10DD90000000000000000000000000000000000083
:10DDA0000000000000000000000000000000000073
:10DDB0000000000000000000000000000000000063
:10DDC0000000000000000000000000000000000053
:10DDD0000000000000000000000000000000000043
:10DDE0000000000000000000000000000000000033
:10DDF0000000000000000000000000000000000023
:10DE00000000000000000000000000000000000012
:10DE10000000000000000000000000000000000002
:10DE200000000000000000000000000000000000F2
:10DE300000000000000000000000000000000000E2
:10DE400000000000000000000000000000000000D2
:10DE500000000000000000000000000000000000C2
:10DE600000000000000000000000000000000000B2
:10DE700000000000000000000000000000000000A2
:10DE80000000000000000000000000000000000092
:10DE90000000000000000000000000000000000082
:10DEA0000000000000000000000000000000000072
:10DEB0000000000000000000000000000000000062
:10DEC0000000000000000000000000000000000052
:10DED0000000000000000000000000000000000042
:10DEE0000000000000000000000000000000000032
:10DEF0000000000000000000000000000000000022
:10DF00000000000000000000000000000000000011
:10DF10000000000000000000000000000000000001
:10DF200000000000000000000000000000000000F1
:10DF300000000000000000000000000000000000E1
:10DF400000000000000000000000000000000000D1
:10DF500000000000000000000000000000000000C1
:10DF600000000000000000000000000000000000B1
:10DF700000000000000000000000000000000000A1
:10DF80000000000000000000000000000000000091
:10DF90000000000000000000000000000000000081
:10DFA0000000000000000000000000000000000071
:10DFB0000000000000000000000000000000000061
:10DFC0000000000000000000000000000000000051
:10DFD0000000000000000000000000000000000041
:10DFE0000000000000000000000000000000000031
:10DFF0000000000000000000000000000000000021
:10E000000000000000000000000000000000000010
:10E010000000000000000000000000000000000000
:10E0200000000000000000000000000000000000F0
:10E0300000000000000000000000000000000000E0
:10E0400000000000000000000000000000000000D0
:10E0500000000000000000000000000000000000C0
:10E0600000000000000000000000000000000000B0
:10E0700000000000000000000000000000000000A0
:10E080000000000000000000000000000000000090
:10E090000000000000000000000000000000000080
:10E0A0000000000000000000000000000000000070
:10E0B0000000000000000000000000000000000060
:10E0C0000000000000000000000000000000000050
:10E0D0000000000000000000000000000000000040
:10E0E0000000000000000000000000000000000030
:10E0F0000000000000000000000000000000000020
:10E10000000000000000000000000000000000000F
:10E1100000000000000000000000000000000000FF
:10E1200000000000000000000000000000000000EF
:10E1300000000000000000000000000000000000DF
:10E1400000000000000000000000000000000000CF
:10E1500000000000000000000000000000000000BF
:10E1600000000000000000000000000000000000AF
:10E17000000000000000000000000000000000009F
:10E18000000000000000000000000000000000008F
:10E19000000000000000000000000000000000007F
:10E1A000000000000000000000000000000000006F
:10E1B000000000000000000000000000000000005F
:10E1C000000000000000000000000000000000004F
:10E1D000000000000000000000000000000000003F
:10E1E000000000000000000000000000000000002F
:10E1F000000000000000000000000000000000001F
:10E20000000000000000000000000000000000000E
:10E2100000000000000000000000000000000000FE
:10E2200000000000000000000000000000000000EE
:10E2300000000000000000000000000000000000DE
:10E2400000000000000000000000000000000000CE
:10E2500000000000000000000000000000000000BE
:10E2600000000000000000000000000000000000AE
:10E27000000000000000000000000000000000009E
:10E28000000000000000000000000000000000008E
:10E29000000000000000000000000000000000007E
:10E2A000000000000000000000000000000000006E
:10E2B000000000000000000000000000000000005E
:10E2C000000000000000000000000000000000004E
:10E2D000000000000000000000000000000000003E
:10E2E000000000000000000000000000000000002E
:10E2F000000000000000000000000000000000001E
:10E30000000000000000000000000000000000000D
:10E3100000000000000000000000000000000000FD
:10E3200000000000000000000000000000000000ED
:10E3300000000000000000000000000000000000DD
:10E3400000000000000000000000000000000000CD
:10E3500000000000000000000000000000000000BD
:10E3600000000000000000000000000000000000AD
:10E37000000000000000000000000000000000009D
:10E38000000000000000000000000000000000008D
:10E39000000000000000000000000000000000007D
:10E3A000000000000000000000000000000000006D
:10E3B000000000000000000000000000000000005D
:10E3C000000000000000000000000000000000004D
:10E3D000000000000000000000000000000000003D
:10E3E000000000000000000000000000000000002D
:10E3F000000000000000000000000000000000001D
:10E40000000000000000000000000000000000000C
:10E4100000000000000000000000000000000000FC
:10E4200000000000000000000000000000000000EC
:10E4300000000000000000000000000000000000DC
:10E4400000000000000000000000000000000000CC
:10E4500000000000000000000000000000000000BC
:10E4600000000000000000000000000000000000AC
:10E47000000000000000000000000000000000009C
:10E48000000000000000000000000000000000008C
:10E49000000000000000000000000000000000007C
:10E4A000000000000000000000000000000000006C
:10E4B000000000000000000000000000000000005C
:10E4C000000000000000000000000000000000004C
:10E4D000000000000000000000000000000000003C
:10E4E000000000000000000000000000000000002C
:10E4F000000000000000000000000000000000001C
:10E50000000000000000000000000000000000000B
:10E5100000000000000000000000000000000000FB
:10E5200000000000000000000000000000000000EB
:10E5300000000000000000000000000000000000DB
:10E5400000000000000000000000000000000000CB
:10E5500000000000000000000000000000000000BB
:10E5600000000000000000000000000000000000AB
:10E57000000000000000000000000000000000009B
:10E58000000000000000000000000000000000008B
:10E59000000000000000000000000000000000007B
:10E5A000000000000000000000000000000000006B
:10E5B000000000000000000000000000000000005B
:10E5C000000000000000000000000000000000004B
:10E5D000000000000000000000000000000000003B
:10E5E000000000000000000000000000000000002B
:10E5F000000000000000000000000000000000001B
:10E60000000000000000000000000000000000000A
:10E6100000000000000000000000000000000000FA
:10E6200000000000000000000000000000000000EA
:10E6300000000000000000000000000000000000DA
:10E6400000000000000000000000000000000000CA
:10E6500000000000000000000000000000000000BA
:10E6600000000000000000000000000000000000AA
:10E67000000000000000000000000000000000009A
:10E68000000000000000000000000000000000008A
:10E69000000000000000000000000000000000007A
:10E6A000000000000000000000000000000000006A
:10E6B000000000000000000000000000000000005A
:10E6C000000000000000000000000000000000004A
:10E6D000000000000000000000000000000000003A
:10E6E000000000000000000000000000000000002A
:10E6F000000000000000000000000000000000001A
:10E700000000000000000000000000000000000009
:10E7100000000000000000000000000000000000F9
:10E7200000000000000000000000000000000000E9
:10E7300000000000000000000000000000000000D9
:10E7400000000000000000000000000000000000C9
:10E7500000000000000000000000000000000000B9
:10E7600000000000000000000000000000000000A9
:10E770000000000000000000000000000000000099
:10E780000000000000000000000000000000000089
:10E790000000000000000000000000000000000079
:10E7A0000000000000000000000000000000000069
:10E7B0000000000000000000000000000000000059
:10E7C0000000000000000000000000000000000049
:10E7D0000000000000000000000000000000000039
:10E7E0000000000000000000000000000000000029
:10E7F0000000000000000000000000000000000019
:10E800000000000000000000000000000000000008
:10E8100000000000000000000000000000000000F8
:10E8200000000000000000000000000000000000E8
:10E8300000000000000000000000000000000000D8
:10E8400000000000000000000000000000000000C8
:10E8500000000000000000000000000000000000B8
:10E8600000000000000000000000000000000000A8
:10E870000000000000000000000000000000000098
:10E880000000000000000000000000000000000088
:10E890000000000000000000000000000000000078
:10E8A0000000000000000000000000000000000068
:10E8B0000000000000000000000000000000000058
:10E8C0000000000000000000000000000000000048
:10E8D0000000000000000000000000000000000038
:10E8E0000000000000000000000000000000000028
:10E8F0000000000000000000000000000000000018
:10E900000000000000000000000000000000000007
:10E9100000000000000000000000000000000000F7
:10E9200000000000000000000000000000000000E7
:10E9300000000000000000000000000000000000D7
:10E9400000000000000000000000000000000000C7
:10E9500000000000000000000000000000000000B7
:10E9600000000000000000000000000000000000A7
:10E970000000000000000000000000000000000097
:10E980000000000000000000000000000000000087
:10E990000000000000000000000000000000000077
:10E9A0000000000000000000000000000000000067
:10E9B0000000000000000000000000000000000057
:10E9C0000000000000000000000000000000000047
:10E9D0000000000000000000000000000000000037
:10E9E0000000000000000000000000000000000027
:10E9F0000000000000000000000000000000000017
:10EA00000000000000000000000000000000000006
:10EA100000000000000000000000000000000000F6
:10EA200000000000000000000000000000000000E6
:10EA300000000000000000000000000000000000D6
:10EA400000000000000000000000000000000000C6
:10EA500000000000000000000000000000000000B6
:10EA600000000000000000000000000000000000A6
:10EA70000000000000000000000000000000000096
:10EA80000000000000000000000000000000000086
:10EA90000000000000000000000000000000000076
:10EAA0000000000000000000000000000000000066
:10EAB0000000000000000000000000000000000056
:10EAC0000000000000000000000000000000000046
:10EAD0000000000000000000000000000000000036
:10EAE0000000000000000000000000000000000026
:10EAF0000000000000000000000000000000000016
:10EB00000000000000000000000000000000000005
:10EB100000000000000000000000000000000000F5
:10EB200000000000000000000000000000000000E5
:10EB300000000000000000000000000000000000D5
:10EB400000000000000000000000000000000000C5
:10EB500000000000000000000000000000000000B5
:10EB600000000000000000000000000000000000A5
:10EB70000000000000000000000000000000000095
:10EB80000000000000000000000000000000000085
:10EB90000000000000000000000000000000000075
:10EBA0000000000000000000000000000000000065
:10EBB0000000000000000000000000000000000055
:10EBC0000000000000000000000000000000000045
:10EBD0000000000000000000000000000000000035
:10EBE0000000000000000000000000000000000025
:10EBF0000000000000000000000000000000000015
:10EC00000000000000000000000000000000000004
:10EC100000000000000000000000000000000000F4
:10EC200000000000000000000000000000000000E4
:10EC300000000000000000000000000000000000D4
:10EC400000000000000000000000000000000000C4
:10EC500000000000000000000000000000000000B4
:10EC600000000000000000000000000000000000A4
:10EC70000000000000000000000000000000000094
:10EC80000000000000000000000000000000000084
:10EC90000000000000000000000000000000000074
:10ECA0000000000000000000000000000000000064
:10ECB0000000000000000000000000000000000054
:10ECC0000000000000000000000000000000000044
:10ECD0000000000000000000000000000000000034
:10ECE0000000000000000000000000000000000024
:10ECF0000000000000000000000000000000000014
:10ED00000000000000000000000000000000000003
:10ED100000000000000000000000000000000000F3
:10ED200000000000000000000000000000000000E3
:10ED300000000000000000000000000000000000D3
:10ED400000000000000000000000000000000000C3
:10ED500000000000000000000000000000000000B3
:10ED600000000000000000000000000000000000A3
:10ED70000000000000000000000000000000000093
:10ED80000000000000000000000000000000000083
:10ED90000000000000000000000000000000000073
:10EDA0000000000000000000000000000000000063
:10EDB0000000000000000000000000000000000053
:10EDC0000000000000000000000000000000000043
:10EDD0000000000000000000000000000000000033
:10EDE0000000000000000000000000000000000023
:10EDF0000000000000000000000000000000000013
:10EE00000000000000000000000000000000000002
:10EE100000000000000000000000000000000000F2
:10EE200000000000000000000000000000000000E2
:10EE300000000000000000000000000000000000D2
:10EE400000000000000000000000000000000000C2
:10EE500000000000000000000000000000000000B2
:10EE600000000000000000000000000000000000A2
:10EE70000000000000000000000000000000000092
:10EE80000000000000000000000000000000000082
:10EE90000000000000000000000000000000000072
:10EEA0000000000000000000000000000000000062
:10EEB0000000000000000000000000000000000052
:10EEC0000000000000000000000000000000000042
:10EED0000000000000000000000000000000000032
:10EEE0000000000000000000000000000000000022
:10EEF0000000000000000000000000000000000012
:10EF00000000000000000000000000000000000001
:10EF100000000000000000000000000000000000F1
:10EF200000000000000000000000000000000000E1
:10EF300000000000000000000000000000000000D1
:10EF400000000000000000000000000000000000C1
:10EF500000000000000000000000000000000000B1
:10EF600000000000000000000000000000000000A1
:10EF70000000000000000000000000000000000091
:10EF80000000000000000000000000000000000081
:10EF90000000000000000000000000000000000071
:10EFA0000000000000000000000000000000000061
:10EFB0000000000000000000000000000000000051
:10EFC0000000000000000000000000000000000041
:10EFD0000000000000000000000000000000000031
:10EFE0000000000000000000000000000000000021
:10EFF0000000000000000000000000000000000011
:10F00000A01808010101081001011900202020208A
:10F0100020202020202828282828202020202020C8
:10F0200020202020202020202020202088101010A8
:10F030001010101010101010101010100404040400
:10F040000404040404041010101010101041414175
:10F0500041414101010101010101010101010101E0
:10F060000101010101010110101010101042424273
:10F0700042424202020202020202020202020202B0
:10F080000202020202020210101010200000000012
:10F090000000000000000000000000000000000070
:10F0A0000000000000000000000000000000000060
:10F0B0000000000000000000000000000000000050
:10F0C0000000000000000000000000000000000040
:10F0D0000000000000000000000000000000000030
:10F0E0000000000000000000000000000000000020
:10F0F0000000000000000000000000000000000010
:10F1000000000000000000000000000000000000FF
:10F1100000000000000000000000000000000000EF
:10F1200000000000000000000000000000000000DF
:10F1300000000000000000000000000000000000CF
:10F1400000000000000000000000000000000000BF
:10F1500000000000000000000000000000000000AF
:10F16000000000000000000000000000F802002481
:10F170005245454E54206D616C6C6F63207375630E
:10F18000636565646564002F6D6E742F776F726BB5
:10F1900073706163652F776F726B73706163652F36
:10F1A0004743432D392D706970656C696E652F6A10
:10F1B000656E6B696E732D4743432D392D706970F1
:10F1C000656C696E652D3230305F323032303035EB
:10F1D00032315F313539303035333337342F737254
:10F1E000632F6E65776C69622F6E65776C69622F2D
:10F1F0006C6962632F74696D652F6C636C74696DE3
:10F20000652E63001F0000001C0000001F000000AE
:10F210001E0000001F0000001E0000001F00000074
:10F220001F0000001E0000001F0000001E00000064
:10F230001F0000001F0000001D0000001F00000054
:10F240001E0000001F0000001E0000001F00000044
:10F250001F0000001E0000001F0000001E00000034
:10F260001F000000545A00474D54002531305B5EAA
:10F27000302D392C2B2D5D256E004D256875256EA2
:10F280002E256875256E2E256875256E002F25683C
:10F2900075256E3A256875256E3A256875256E00C8
:10F2A0002C2066756E6374696F6E3A20006173730B
:10F2B000657274696F6E2022257322206661696C05
:10F2C00065643A2066696C6520222573222C206CC7
:10F2D000696E65202564257325730A00232D302B64
:10F2E0002000686C4C006566674546470030313247
:10F2F000333435363738394142434445460030319E
:10F300003233343536373839616263646566002BD1
:10F310002D00303000785800412D46612D66383977
:10F3200030313233343536375D0000000FF30108D9
:10F3300012F3010815F30108000000009C0FFE7F86
:10F34000010000000090D003320300000000000024
:10F3500000000000000000000000000000000000AD
:10F36000000000000000000000000000000000009D
:10F37000000000000000000000000000FFFFFFFF91
:10F38000FFFFFFFFFFFFFFFF000000000000000085
:10F39000000000000000000000000000000000006D
:10F3A000000000000000000000000000000000005D
:10F3B000000000000000000000000000000000004D
:10F3C000000000000000000000000000000000003D
:10F3D000000000000000000000000000000000002D
:10F3E000000000000000000000000000000000001D
:10F3F000000000000000000000000000000000000D
:10F4000000000000000000000000000000000000FC
:10F4100000000000000000000000000000000000EC
:10F4200000000000000000000000000000000000DC
:10F4300000000000000000000000000000000000CC
:10F4400000000000000000000000000000000000BC
:10F4500000000000000000000000000000000000AC
:10F46000000000000000000000000000000000009C
:10F47000000000000000000000000000B03E00247A
:10F48000ADA40108D3B3FB0200000000000000009F
:10F49000000000000000000000000000000000006C
:10F4A000000000000000000000000000000000005C
:10F4B000000000000000000000000000000000004C
:10F4C000000000000000000000000000000000003C
:10F4D000000000000000000000000000000000002C
:10F4E000000000000000000000000000000000001C
:10F4F000000000000000000000000000000000000C
:10F5000000000000000000000000000000000000FB
:10F5100000000000000000000000000000000000EB
:10F5200000000000B12A0108A52A0108F5470108DA
:10F530000D48010825D900083DE2000821E2000835
:10F540003D350108AF35010845300108D9330108C0
:10F550005D2B01084D2B0108512B0108612B01087F
:10F56000592B0108552B0108652B0108652B010853
:10F57000652B0108412B0108D1470108F9AA0108B0
:10F5800029AB0108DC35002449F30008F91601080D
:10F59000E91901085D1B0108BD170108F5D800082D
:10F5A000120100020000004041235B03000201023F
:10F5B00003010000040309040100000009026F00B8
:10F5C000030102C0FA0904000000FE01020609045A
:10F5D000000100FE0102070904000200FE0102080A
:10F5E00009210BFF0000101A01080B0102020201A1
:10F5F00000090401000102020100052400100105B8
:10F6000024010002042402020524060102070583E6
:10F610000308000909040200020A000000070502AD
:10F620000200020007058202000200000A06000232
:10F630000000004001000114F80200240000000056
:10F640002CF101084CF101080CF101080000000048
:10F6500000000000000000000000000000000000AA
:10F66000000000000000000000000000000000009A
:10F67000000000000000000000000000000000008A
:10F68000000000000000000000000000000000007A
:10F6900000000000000000000000000067F2010808
:10F6A00067F2010801000000000000004A000000AD
:10F6B000000000000000000000000000000000004A
:10F6C000000000000000000000000000000000003A
:10F6D000000000004A0000000000000000000000E0
:10F6E000000000000000000000000000000000001A
:10F6F000000000000000000000000000483E002460
:10F7000000000000BD020008291A00089902000844
:04F7100000000000F5
:020000040804EE
:1000000000000824C18A05080D8B0508F9C50408FD
:10001000FFC5040805C604080BC60408000000005C
:10002000000000000000000000000000014604087D
:100030000D8B0508000000009B460408AB46040831
:100040000D8B05080D8B05080D8B05080D8B05081C
:100050000D8B05080D8B05080D8B05080D8B05080C
:100060000D8B05080D8B05080D8B05080D8B0508FC
:100070000D8B05080D8B05080D8B05080D8B0508EC
:100080000D8B05080D8B05080D8B0508C599050816
:10009000D5990508D1990508E19905080D8B050842
:1000A0000D8B05080D8B05080D8B05080D8B0508BC
:1000B0000D8B05080D8B05080D8B05080D8B0508AC
:1000C0000D8B05080D8B05080D8B05080D8B05089C
:1000D0000D8B05080D8B05080D8B05080D8B05088C
:1000E0000D8B05080D8B0508000000000D8B050821
:1000F0000D8B05080D8B05080D8B05080D8B05086C
:100100000D8B05084D8805080D8B05080D8B05081E
:100110000D8B05080D8B05080D8B05080D8B05084B
:100120000D8B05080D8B05080D8B05080D8B05083B
:100130000D8B05083B7504080D8B05080D8B050814
:100140000D8B05080D8B0508000000000000000065
:100150000D8B05080D8B05080D8B05080D8B05080B
:100160000D8B05080D8B05080D8B05080D8B0508FB
:100170000D8B05080D8B05080D8B05080000000090
:100180000D8B05080D8B05080D8B05080D8B0508DB
:100190000D8B05080D8B05080D8B05080D8B0508CB
:1001A0000D8B05080D8B05080D8B05080D8B0508BB
:1001B0000D8B05080D8B05080D8B05080D8B0508AB
:1001C0000D8B05080D8B05080D8B05080D8B05089B
:1001D0000D8B05080D8B05080D8B05080D8B05088B
:1001E0000D8B05080D8B05080D8B05080D8B05087B
:1001F0000D8B05080D8B05080D8B05080D8B05086B
:100200000D8B05080D8B05080D8B05080D8B05085A
:100210000D8B05080D8B05080D8B05080D8B05084A
:100220000D8B05080D8B05080D8B05080D8B05083A
:100230000D8B0508BD8A05080D8B05080D8B05087B
:100240000D8B05080D8B05080D8B05080D8B05081A
:100250000D8B05080D8B05080D8B05080D8B05080A
:100260000D8B05080D8B05080D8B05080D8B0508FA
:100270000D8B05080D8B05080D8B05080D8B0508EA
:100280000D8B05080D8B05080D8B0508000000007F
:100290000D8B05080D8B050810B5054C237833B977
:1002A000044B13B10448AFF300800123237010BD49
:1002B0006018002400000000D4C2060808B5034BF3
:1002C0001BB103490348AFF3008008BD00000000E4
:1002D00064180024D4C20608154B002B08BF134B2A
:1002E0009D46A3F5803A00218B460F461348144AD9
:1002F000121A21F03DFA0F4B002B00D098470E4BFD
:10030000002B00D098470020002104000D000D486C
:10031000002802D00C480DF029F820F027FD20001D
:10032000290006F081FB0DF035FA00BF000008003F
:1003300000000824000000008569040860180024FB
:10034000401501246DD3040800000000014400237F
:1003500010B588420FD010F8014B08225C406300B2
:10036000013A2406DBB248BF83F0070312F0FF0214
:100370001C46F4D1EDE7184610BD30B501444FF6E8
:10038000FF7341F22105884212D010F8014B082278
:1003900083EA042414F4004F4FEA440302F1FF32CD
:1003A00018BF6B4012F0FF029BB21C46F2D1EAE785
:1003B000184630BD0023411E184611F8012F9A40FF
:1003C0000833202B40EA0200F7D1704770B503686C
:1003D0008CB00C461A0A8DF8043003AE8DF8052057
:1003E0001A0C1B0E8DF806208DF8073043681A0A88
:1003F0008DF808308DF809201A0C1B0E8DF80A2094
:1004000000F108028DF80B3000F128031068083263
:1004100052F8041C35469A4203C52E46F6D12821CF
:1004200001A8FFF7AAFF01228DF82C00002100127D
:1004300013468DF82D0001A8104410F8010C60B986
:1004400063541146012301322B2AF4D163542C202A
:10045000002384F82B300CB070BD0133A054DBB204
:10046000F1E7037843B9037C43B14069081A0228D5
:1004700094BF002001207047002070470120704782
:1004800038B51C2204460D460430002121F070F9D5
:100490000B237B22E572E37004236A43194923711D
:1004A00040232046E371ABB215F00105A38118BFCC
:1004B0005242002DC4F80F20134A18BF0A464FF0CD
:1004C0001F01C4F813204CF2503242EA8342C4F8B0
:1004D000172003EB430203EB8203A4F81B304FF019
:1004E000030363770CBF01234FF0FF33A377A723E8
:1004F0002370112363702023A370FFF727FFE07799
:10050000204638BDB817FEFF48E80100F0B50546A3
:1005100093B00E46174608AC022E0FCD0FC40FCD78
:100520000FC495E803000AAD84E803006C460FCDC4
:100530000FC495E80F0084E80F0009D110238DF84F
:1005400001301F216846FFF701FF8DF81F0007E00B
:10055000032E1AD19DF81F3083F001038DF81F3050
:100560006C460AAD0FCC0FC594E80F0085E80F006C
:10057000394608A8FFF72AFF012E15D1821EBB5C61
:1005800083F08003BB5413B0F0BD072EE8D1DDF833
:100590000F300133CDF80F3041F2A713ADF8003022
:1005A00020238DF80230CCE7042E08BF0C20EAE7A8
:1005B00038B5184A0023184D1360184A2870136084
:1005C000174A184C1360184A1360184A1360184AE7
:1005D0001360184A1360184A136003F0B7FE174BF4
:1005E000174A1860174B11691860204693685269C2
:1005F0000B4415491344154A1360154B1A68154BE3
:100600001A6003F000FE297820460A22BDE838402F
:1006100003F03CBEB8180024C01800248018002441
:100620003C1900248C300024D8180024D018002451
:10063000D41800243419002430190024441900244B
:10064000E0180024C8180024546A060890180024F2
:1006500040190024941800242DE9F04703F076FE99
:10066000554D564B56491E682B78564C861B002B11
:10067000554A42F21073DFF8B09114BF0A464FF4A6
:100680007A732168DFF8A4819942504F19D1D9F8C3
:100690000030B3B9D8F800309BB93B688BB94C4BEC
:1006A00019684C4B1B6899420BD14B480169836810
:1006B0000B4441690B44494909688B4201D1B2425C
:1006C00077D2474A4FF0000A136801331360454957
:1006D000454803F098FD454B45494348BAF1000FA2
:1006E00008BF194603F08FFD42493F4803F08BFDD8
:1006F000414B0A223C48196803F0B9FD3F493A488A
:1007000003F081FD0A222168374803F0B0FD3C491F
:10071000354803F078FD0A22D9F80010324803F07A
:10072000A6FD3849304803F06EFD0A22D8F80010C3
:100730002D4803F09CFD34492B4803F064FD0A2248
:100740003968294803F093FD3049274803F05BFDE1
:100750000A223146244803F08AFD2D49224803F03D
:1007600052FD2C4B0A222048196803F080FD2A49CB
:100770001D4803F048FD216831B1284B1A684FF439
:100780007A735343B3FBF1F10A22174803F06FFD6C
:100790002349154803F037FD224B0A2212481968F5
:1007A00003F080FD28780130BDE8F047C0B2FFF7C4
:1007B000FFBE4FF0010A8AE7C0180024C8180024C1
:1007C00060E31600D8180024400D0300B818002478
:1007D0004019002494180024E018002490180024E4
:1007E000BC180024D66906088C300024D16906089C
:1007F000CC690608EE690608D0180024F9690608D5
:10080000FE690608086A0608116A0608196A0608D9
:10081000276A060830190024336A060834190024B0
:10082000416A0608D41800243C19002480180024CA
:1008300038B50C4605460E4801F02EFA0C4801F07A
:10084000FDF9224629460A4803F0B4FC054608484B
:1008500001F005FA064801F017FAAC421FBF054A3D
:10086000136801331360631B5842584138BD00BF01
:10087000001D0024401900242DE9F041304E9EB0A7
:100880008846044603F062FD074601463046FFF7FE
:10089000E8FD00284ED0631E39463046B360FFF7AE
:1008A000E0FD28B1002C48D0B4600123F76033701C
:1008B000202200210BA801AD20F05AFF73682146C9
:1008C00001A809930BACB3680A93FFF7D9FDB8F1FF
:1008D000050F0FCD0FC495E80F0084E80F000FD16E
:1008E0002C22552113A820F043FF2C2113A8FFF739
:1008F0009FFF1EA80023012100F8753DFFF798FF18
:1009000013AA414609A8FFF701FE014613A8FFF705
:100910008FFF03F01BFD0B4BF0601A680A4832B1E1
:100920000A4C01682568791A8D4238BF216001326E
:1009300007601A601EB0BDE8F0810123B360B4E720
:10094000A0180024D018002444190024D41800242E
:1009500038B5444C4FF4E131434D204602F098F84D
:10096000002003F0C5FC0021C0B203F0D5FD8920B2
:1009700003F0BEFC0021C0B203F0CEFD182003F04E
:10098000B7FC0121C0B203F0C7FD7D2003F0B0FC2D
:100990000121C0B203F0C0FD692003F0A9FC0021D1
:1009A000C0B203F0B9FD0A2003F0A2FC0121C0B2DD
:1009B00003F0B2FD092003F09BFC0121C0B203F05B
:1009C000ABFD8F2003F094FC0021C0B203F0A4FD26
:1009D0008E2003F08DFC0021C0B203F09DFD6E203F
:1009E00003F086FC0121C0B203F096FD0A2003F05B
:1009F0007FFC0121C0B203F08FFD092003F078FCD9
:100A00000121C0B203F088FD8E2003F071FC0021AB
:100A1000C0B203F081FD692003F06AFC0121C0B27D
:100A200003F07AFD4FF4FA6300224FF4E1312846D7
:100A300001F070F8284601F027F90C49204603F030
:100A4000E2FB0A224FF4E131204603F010FC084992
:100A5000204603F0E5FB20460649BDE8384003F098
:100A6000DFBB00BF8C300024001D00247D6B060816
:100A7000966B0608BE6B06082DE9F04F754DA9B0C0
:100A80002C787CBB744801F01DFFF0B1724801F076
:100A90008BFF542819D11DA8704E1CF0EBFE28AB1B
:100AA00004221DA843F8544DB1181CF045FF04461C
:100AB0001DA81CF02FFF24B9139B042B01D17368D0
:100AC00033B96749644803F0ABFB29B0BDE8F08F48
:100AD00001232B7003F03AFC624B18602046FFF7AD
:100AE00067FDF2E7604E3378002BEED15F4F5B4D30
:100AF0005F4C384601F020F88046002800F08981DC
:100B0000384601F021F85FFA80F803F01FFC01235A
:100B100068612B74236801332360B8F1000F02D1A0
:100B2000E3680133E360A06494F84C20B8F1000F4F
:100B300012D0002ADDD1636C2B2B07D123696264AC
:100B400001332361012384F84C30D2E75A1C23443B
:100B5000626483F81880CCE722B1C4F8448084F83A
:100B60004C80C6E7D4F844C0BCF1000FC1D0404669
:100B70004246C4F8448094452FD9A3181B7E33B154
:100B8000D1188C4503D3411E19442A2903D923695E
:100B900001332361ADE7002101315FFA81FE9E45FB
:100BA0000CD20DF1740900EB010ECE4402EB0109E9
:100BB000A14499F818900EF8019CEDE7013BDBB2D7
:100BC000591C18440A449445D5D92A28DFD028ABAB
:100BD0000344013003F82C8CCDE72A28D7D12821F3
:100BE0001DA8FFF7CAFB9DF89D209DF89C3043EAA5
:100BF0000223834203D0A3680133A36079E71DA8D1
:100C0000FFF7D8FB81461EA8FFF7D4FB0DF17C0E41
:100C100080460DF1540CBEE80F00ACE80F009EE8D2
:100C20000F008CE80F0063680133636003F08EFBF4
:100C30002B784BB16B68994506D1AB68984503D1C9
:100C4000EB68C01A632817D90A4A13680133136086
:100C50004FE700BF7C1800248C300024A01800242B
:100C60007F6A0608CC1800243B190024001D0024CC
:100C7000E0180024801800240DF1540E0DF10C0C26
:100C80000DF1A009BEE80F00ACE80F009EE80F00D0
:100C90008CE80F0019F8943DE32B40F0A4809DF8F8
:100CA0000D30112B40F09F809DF80E30202B40F02E
:100CB0009A809DF82BA01F214846FFF747FB8245ED
:100CC00040F09180BDF81010002900F08C80A54AFA
:100CD000A54B107810B91980012111701222002142
:100CE0000DF13A00B3F800A020F042FDC921012225
:100CF0005FFA88F3B520ADF845808DF832208DF885
:100D00002F308DF83B30ADF830A0B8FBF1F201FB8D
:100D10001282D2B2A2F16401C2F164028DF83310E2
:100D200008F001018DF83420002941460CBF6422EF
:100D30006FF063028DF8352003F00F0203F01F03FC
:100D40008DF8362043F47B23B8FBF0F200FB1282CF
:100D500043F440631DA88DF837200CBF78223C2255
:100D60008DF83C304FEA13238DF838204FF0020203
:100D70008DF83D304FF00F038DF839204FF0000211
:100D80008DF83E300CBF07230623ADF8082041F252
:100D900071728DF84030B8FBF2F302FB13834FF011
:100DA00020089BB2A3F6B832C3F53B630833ADF815
:100DB0004120ADF84330FFF763FBDDF883301F219E
:100DC0000BA88DF82E80CDF8473041F2E313ADF833
:100DD0002C30FFF7BBFA42468DF84B000BA9484672
:100DE00020F096FB08B1614A2FE703F0AFFA604AA2
:100DF000EB68C01A1368034413605E4B1A688242A2
:100E00005D4A38BF186013680133136000232B70EC
:100E10006FE603F09BFA636C5BB1A36CC01A4F28BA
:100E200007D96369C4F8448001336361012384F8FE
:100E30004C3003F08BFA2B784BB1EB68C01A632867
:100E400005D900234D4A2B7013680133136003F05A
:100E50007DFA4B4B07461A789946012A00F2B0807A
:100E6000002A297842F2107006BF96264FF47A7055
:100E70000A2629B9434B1B68834262D1FFF7ECFB7A
:100E8000414A1368FB1AB3F57A7FFFF41EAE3F495F
:100E90003F48176003F0B7F90A2299F800103C4860
:100EA00003F0F2F93B493A4803F0ADF9354B0A2219
:100EB0003748196803F0DBF93749354803F0A3F9DF
:100EC0002D4B0A223248196803F0D1F933493048D2
:100ED00003F099F9294B0A222D48196803F0C7F944
:100EE0002F492B4803F08FF92E4B0A222848196806
:100EF00003F0BDF92C49264803F085F91B4B0A2263
:100F00002348196803F0B3F92849214803F07BF915
:100F1000274B0A221E48196803F0A9F925491C48E5
:100F200003F071F90A22A168194803F0A0F92249D7
:100F3000174803F068F90A222169154803F0B2F94D
:100F4000C3E51E480068381AB04299D3002A03F15D
:100F5000010314BF4FF47A7000201844FFF78CFC93
:100F60008EE700BF3A19002438190024B81800246D
:100F70003419002430190024D81800243C19002406
:100F8000C0180024D018002448190024506B06080B
:100F90008C300024EE690608F9690608FE69060827
:100FA000086A060880180024116A0608676B06089C
:100FB00040190024716B0608776B06084419002459
:100FC0007F4B93F800A09846BAF1000F6BD1014611
:100FD0007C48FFF746FA00283FF452AF7A4B186876
:100FE000142829D10123794D79497A48337003F0C7
:100FF0000AF9794B794A2968764800290CBF1146CD
:10100000194603F000F97649724803F0FCF80A2209
:101010002968704803F02BF972496E4803F0F3F821
:10102000714B0A226B481968791A03F03BF96F4932
:10103000684803F0F5F823E76D4B1A686D4B1A60AA
:101040006D4B1A686D4B1A606D4B1A686D4B1A60C8
:101050006D4B1A686D4B1A606D4B1A686D4B1A60B8
:101060006D4B1F606D4B195C0C2907D16B68B3F198
:10107000804F14BF83F0804301236B60A0F10A030B
:10108000012B0AD90C280BD000F59C402130FFF72A
:10109000F3FB012388F80030F2E644F62A60F6E715
:1010A00044F62960F3E75C4B1B68C31AB3F5967FDF
:1010B000FFF4E6AE2B78002B7FF4E2AE424E574AA7
:1010C00033689346D35C0C2BA3F1090297BF41F21E
:1010D00061055546DD40ED4398BF05F00105012A45
:1010E00063D9042B4FF0000307D128A801210193F5
:1010F00000F82C3DFFF79CFB019B3D4A3D491268DF
:101100000968521A002D52D1012A22D13E4A3F4984
:1011100012680968521A95421BD1374A374912683A
:101120000968521A9A4214D1354B1A68354B1B681C
:101130009A420ED1364B1A68364B1B689A4208D138
:101140002269A368134462691344354A12689342C2
:1011500005D01E4A4FF0000A13680133136031496D
:101160001C4803F050F80A2231681A4803F098F836
:101170002D49184803F047F833680A2215481BF830
:10118000031003F08DF82949124803F03CF8134B83
:1011900011491048BAF1000F18BF194603F040F882
:1011A000336801333360002374E70123A5E7002A85
:1011B000CFD1154A0125154912680968521AAAE7C4
:1011C0009C180024A0180024DC180024BC1800245B
:1011D000C06A06088C300024D1690608CC6906086C
:1011E000DC6A0608196A0608CC180024E56A0608B5
:1011F000D81800248C180024801800248418002497
:10120000B8180024881800243C19002498180024D9
:101210004019002494180024C41800246B6A06089E
:1012200090180024326B0608496B0608778106087F
:10123000704710B504461C300AF0D4F9204610BDA2
:1012400010B504460AF0CEF9204610BD10B504468C
:101250006C3007F02DFB04F1480007F029FB04F186
:10126000240007F025FB204607F022FB204610BD96
:1012700038B504460D461C22002120F079FA20469C
:1012800029460AF02BFA204638BD000038B504463E
:101290003421FFF7EDFF352104F11C00254DFFF748
:1012A000E7FF432104F13800FFF7E2FF632104F177
:1012B0005400FFF7DDFF372104F17000FFF7D8FF7E
:1012C000762104F18C00FFF7D3FF972104F1A800E9
:1012D000FFF7CEFF7F2104F1C400FFF7C9FF7A2199
:1012E00004F1E000FFF7C4FF042104F1FC00FFF764
:1012F000BFFF082104F58C70FFF7BAFF262104F523
:101300009A70FFF7B5FF2A4640F6230104F5A8704E
:1013100006F060FF2A4640F6220104F5E07006F070
:1013200059FF2A4640F6010104F50C7006F052FF01
:10133000204638BD0000C07F10B504461221FFF7DB
:1013400097FF862104F11C00FFF792FF792104F139
:101350003800FFF78DFF992104F15400FFF788FF53
:10136000422104F17000FFF783FF832104F18C0018
:10137000FFF77EFF822104F1A800FFF779FF3321F8
:1013800004F1C400FFF774FF0E2104F1E000FFF741
:101390006FFF204610BD10B50446A43007F0D8F901
:1013A00004F1540007F0D4F9201D07F0D1F92046CC
:1013B00010BD10B5044600F58470FFF7ECFF204621
:1013C000FFF7E9FF204610BD10B5044600F59C70FC
:1013D00006F08EFF204610BD2DE9F3414FF47A73DD
:1013E000002504464FF48072C561294604F59C76B9
:1013F000058404F52677C0E90153224B03602023BE
:10140000C0E905358923283020F8063C4FF6FF73E4
:1014100020F8043C20F8023C20F0AAF9C4F8285136
:1014200084F834517D22C4F82C511821C4F830516D
:10143000304606F0FFFE284602F05AFF05468D2092
:1014400002F056FF80468A2002F052FF0090434689
:101450002A462146384600F0DDFB04F533731C2292
:101460000021184620F084F900220D210AF020F90D
:1014700004E0304606F03CFF1DF032F8204602B092
:10148000BDE8F081606D060837B506214F4800F0D1
:10149000D7F84F4A07214F4800F034FA36214E481A
:1014A000FFF7E6FE84214D48FFF7E2FE6A214C4833
:1014B000FFF7DEFE2F214B48FFF7DAFE4A48FFF721
:1014C0008BFF4A4A4A4948480BF04EFF4948FFF70C
:1014D000DDFE464A484947480BF046FF9B214748F6
:1014E00007F0C8F9A121464807F0C4F9672145482B
:1014F00007F0C0F92721444807F0BCF90024012572
:101500003A4A42493D480BF02FFF7B237C22982129
:101510003F48CDE9004500F04DF99A2387222D215F
:101520003C48CDE9004500F045F90CE0354807F0AE
:10153000BFF9334807F0BCF9304807F0B9F91CF09F
:10154000CFFFF6E7F8E7294A334931480BF00CFFA3
:101550003248FFF7F1FE324800F004FA314800F05B
:1015600001FA7E213048FFF783FE304800F0C8F9C9
:101570001C2200212D4820F0FBF8012219212B48C4
:101580000AF094F8194A2A4928480BF0EDFE1C226B
:101590000021284820F0ECF800221E2125480AF0FE
:1015A00087F81C220021244820F0E2F81F2122485D
:1015B0000AF079F80D4A21491E4803B0BDE83040D1
:1015C0000BF0D2BE1248FFF7E6FEB8E7DC190024A4
:1015D00094230024E4190024F8190024141A002488
:1015E000301A00244C1A0024681A00240000002439
:1015F000C9130408D4200024311204084C19002413
:101600007019002494190024B81900244D120408FC
:10161000C41E0024CC1F0024B3130408A81D0024FA
:10162000501D0024A41E0024A81E0024541D0024C4
:1016300041120408701D00248C1D0024331204087C
:10164000014A01804260704794230024044B054AFC
:101650001A6001221A715A7100229A71704700BFF4
:101660007423002440420F007047D0F80431013346
:10167000C0F80431704738B50446043007F03AF832
:10168000054604F1540007F035F8237840EA450098
:10169000C4F8FC003BB903281ED1D4F80031013353
:1016A000C4F8003107E0012B18D1D4F8F830032B2F
:1016B00004D10028F1D0C4F8F80038BD13B90328CC
:1016C000F9D1EAE7022B05D10128F4D1D4F8003191
:1016D000013BE5E7012BEED10228F6E7022BEAD128
:1016E000D4F8F83080EA0302032AE4D09842E2D02A
:1016F00083EA6003D4F8002113F0010308BF4FF020
:10170000FF33D31ACCE70B6803604B6843608B68E8
:1017100083607047C3680BB19B681847704710B56A
:101720000446FFF7F7FF204610BD10B4D0E900349F
:1017300009686210E4075DF8044B01EB020044BF46
:101740008A58D35818470146043008B5FFF7EDFF13
:1017500008BD0000034A0346C26007C983E80700CA
:10176000704700BF006C060810B586B004460391B0
:10177000684606A980E80C0001E90C00204603A990
:10178000FFF7E8FF204606B010BD37B56C460546AA
:1017900084E80C0094E80C00FFF7E6FF284603B04D
:1017A00030BD08B5FFF7CFFF08BD08B5FFF7F9FF5B
:1017B00008BD00002DE9F0470446061D8EB0154611
:1017C00004F1540730469A469DF85C9006F09AFF63
:1017D0002946384606F096FF04F1A40851464046D3
:1017E00006F090FF002384F800903046C4F80031E2
:1017F000C4F80431169BC4F8F43006F07BFF0546AC
:10180000384606F077FF002340EA45003A4D21466E
:1018100001936B460095C4E93E000CCB0AA8FFF784
:10182000B4FF0AA9304606F0B1FF0AA8FFF777FF18
:10183000B9F1000F32D00023029521460AA8039384
:1018400002AB0CCBFFF7A1FF0AA9304606F0BBFFA5
:101850000AA8FFF764FFB9F1020F1FD10023049516
:1018600021460AA8059304AB0CCBFFF78EFF0AA90B
:10187000384606F08BFF0AA8FFF751FF00230695B4
:101880002146079306AB0AA80CCBFFF77EFF0AA9F7
:10189000384606F098FF0AA8FFF741FFBAF1FF3F6C
:1018A00010D0164B21460AA808930023099308ABD1
:1018B0000CCBFFF76AFF0AA9404606F067FF0AA8AB
:1018C000FFF72DFF20460EB0BDE8F0870AA8FFF70E
:1018D00026FF404606F03CFF384606F039FF30460A
:1018E00006F036FF1CF0FCFDF0E7EFE7EEE7EDE772
:1018F000EFE7F1E7F3E700BF771604086B1604087B
:1019000070470000C0E90112054A012110B5C2600C
:101910000022044C027404604174827410BD00BF44
:1019200000093D0066660640074B0121074A5974CD
:101930001A6007225A60064A9A60064ADA60002254
:101940001A749A74704700BF7C23002466660640B0
:101950009423002400093D00014800F003B800BFB3
:101960009023002422230370704710B5C36886B00B
:1019700001228DF80F100DF10F0118680368009215
:10198000DC680DF11703A0479DF8170006B010BDE5
:10199000F8B5427A044603680E46CFB29B680D0A3A
:1019A00062B939469847236860F3070629469B6861
:1019B0002046984760F30F26B0B2F8BD29469847F5
:1019C000236860F30F2639469B682046984760F3EA
:1019D0000706F1E7C36813B5186803680092DC686E
:1019E0000B46A04702B010BD704770477047C368F0
:1019F00010B5044653B1186840B103685B68984756
:101A00000421E0680BF036FF0023E36010BD10B541
:101A1000044618210BF02EFF204610BD436873B515
:101A200099426D4604460E4685E8060005D1826857
:101A3000019B534033F07F4311D0E36808219DF8A8
:101A40000420186807F075F9E3683146186807F054
:101A50008EF90098A988AA7960602181A27202B0EB
:101A600070BD73B5C568044625B904200BF0CEFEE1
:101A7000E0600560E3681B6883B94FF0FF367420AF
:101A80000BF0C4FEB4F91430B4F910200546B4F9D3
:101A90001210009607F052FAE3681D6002B070BDA4
:101AA000742128460BF0E6FE1CF01AFD38B50A201A
:101AB00002F032FC0546082002F02EFC0446092004
:101AC00002F02AFC094B0A4A0121988218461A6042
:101AD000002259725A601A729A72DA601D825C8210
:101AE000044A0549BDE838400BF03EBC942300246D
:101AF000146C060800000024ED190408002070474B
:101B00000268322313B50093946A40F21342A0474F
:101B100002B010BD13B5046800931346A46A40F2E6
:101B20001342A04702B010BD13B5322304680093DE
:101B3000A46AA04702B010BD006903681B6918477A
:101B4000006903689B691847006903685B69184767
:101B500000690368DB6818470120704770B50446C8
:101B60000D4616460499C5622286026A002A08BFFD
:101B70001A46436A002B18BF194602624162806907
:101B8000002807DB0121C0B202F042FC0021207EC8
:101B900002F0C2FCE069002807DB0121C0B202F0BC
:101BA00037FC0121207F02F0B7FC00232069324678
:101BB000294684F828300368BDE870401B6A18473E
:101BC00010B50446006903685B6A9847A06900285D
:101BD00007DB0021C0B202F09FFC0021207E02F052
:101BE00017FCE069002809DB0021C0B202F094FC78
:101BF000207F0021BDE8104002F00ABC10BD034662
:101C000090F8280018B1186903681B68184701226A
:101C10005A60704770B500254FF47A768361049B53
:101C2000456280F82850C0E90156034EC0E904120D
:101C30000660C0E9073570BD506C060810B5044653
:101C40008069002807DBC0B2012102F065FC206A30
:101C500008B102F09BFB012384F8283010BD10B5B9
:101C6000044600690368DB689847A369002B07DB1B
:101C7000606A08B102F08AFB0021207E02F04CFC71
:101C8000002384F8283010BDC069002803DB002140
:101C9000C0B202F041BC7047C069002803DB0121DB
:101CA000C0B202F039BC70470A4B00224FF47A717F
:101CB00001205A6283F82820C3E9012106491960EE
:101CC000064919611521C3E905011421C3E9071269
:101CD000704700BFAC230024506C0608E42C00249D
:101CE0000368C9B21B68184749000023C161C0F8E6
:101CF0002C327047036801211B6B184710B403682E
:101D00009C6B0123A4465DF8044B6047D0F82C324D
:101D1000B3F5807F1FBF5A1CC0F82C22C01880F872
:101D20002C1114BF0120002070477047C0F83012FA
:101D30007047C0F834127047D0F828312BB1D0F872
:101D40002431184490F8200070474FF0FF3070475E
:101D500038B5036804465B6A9847FC200BF056FDD3
:101D6000B4F91A20B4F91810054606F045FC65616F
:101D700038BDFC2128460BF07DFD1CF0B1FB38B5C9
:101D8000D0F82C321446054600F596701A441844D3
:101D9000B2F5807F88BFC3F5807422461FF0EAFB4E
:101DA000D5F82C3220462344C5F82C3238BD38B53E
:101DB000044640690D4608B106F037FB206920B1A2
:101DC0002946BDE8384006F06FBC38BD07B581F044
:101DD000010100F596720091D0F82C32C16940697A
:101DE00006F036FB002814BF0220002003B05DF887
:101DF00004FB10B504460AF0D7FED4F828410AF0D7
:101E0000E9FE204610BD10B504460AF0CDFED4F818
:101E10002831BBB1D4F82831A3B1D4F824312344FC
:101E200093F82000D4F824310133DBB2C4F8243114
:101E3000D4F82831013BC4F8283104460AF0CAFE20
:101E4000204610BD4FF0FF34F8E710B50446406956
:101E500020B10368DB6898470023636123699BB165
:101E6000D4F838020BF0CDFFD4F838020CF02DF87E
:101E7000D4F8380210B103685B6898479C21206948
:101E80000BF0F8FC0023236110BD70B5B2F5807F24
:101E9000C2B083F00103044628BF4FF4807202AE43
:101EA00000934900154613464069324606F0EFFAA2
:101EB000C8B9A84218D0D4F82831B3F5807F10D023
:101EC000D4F82031325C234483F82020D4F8203128
:101ED0000133DBB2C4F82031D4F828310133C4F81F
:101EE00028310130E5E70025284642B070BD70B5C5
:101EF0000446C0B00025206906F0DFFB0328FAD8AD
:101F0000DFE800F05F021E1ED4F8343203B19847B8
:101F1000D4F82C32002BEED00AF046FE94F82C6256
:101F200004F59671684632461FF024FBC4F82C5223
:101F30000AF050FE32466946206906F0C2FBDAE735
:101F4000F0226946206906F0BAFB06460AF02CFE2C
:101F50000022C4F82051C4F82451C4F82851B242D8
:101F60001DDAD4F82831B3F5807F18D0D4F82831A1
:101F7000B3F5807F11D0D4F820311DF8021023442E
:101F800083F82010D4F820310133DBB2C4F82031BB
:101F9000D4F828310133C4F828310132DFE70AF0E0
:101FA00019FE236820461B6998470028A3DDD4F852
:101FB0003062002E9FD0236820461B699847B047A7
:101FC00099E702F0F3F996E70022C260704700003B
:101FD00038B500254FF47A730446018342832946BD
:101FE0004FF48072C0E901530A4BC0E90455036005
:101FF00020301FF0BDFBC4F82051C4F82C522046FD
:10200000C4F82451C4F83052C4F82851C4F83452EA
:1020100038BD00BFA46C060810B504460021FFF7C8
:10202000D3FF204610BD10B4D0E900340968621017
:10203000E4075DF8044B01EB020044BF8A58D35813
:1020400018470146043008B5FFF7EDFF08BD000052
:10205000034A0346C26007C983E80700704700BF10
:10206000846C060810B586B004460391684606A93C
:1020700080E80C0001E90C00204603A9FFF7E8FF07
:10208000204606B010BD37B56C46054684E80C0006
:1020900094E80C00FFF7E6FF284603B030BD0000CF
:1020A0002DE9F0410368054688B00E465B6A984703
:1020B0009C200BF0ABFBB5F91A20B5F918100446BB
:1020C00006F0D8FA710020462C6106F0EFFABC2029
:1020D0000BF09CFB04460646234B04F1400746F8F0
:1020E000043B3046FFF798FF002138460BF004FE12
:1020F00004F1540840460BF09DFD1C4B4FF4006268
:1021000018212046009300230BF070FE184B29463F
:1021100004A8C5F8384202930023039302AB0CCB0A
:10212000FFF7B1FF04A920460BF00AFF10E040467C
:102130000BF0C0FD38460BF008FE3046FFF7EFFA13
:10214000BC2120460BF096FB1CF0CAF9F2E7F4E73D
:1021500004A8FFF7E4FA08B0BDE8F0819C21F0E79D
:1021600004A8FFF7DCFAEFE7B48B0608906C0608CA
:10217000EF1E040808B5FFF764FF08BD08B5FFF7B8
:10218000F9FF08BD10B50B2002F0C6F804460C207C
:1021900002F0C2F8214602460748FFF719FF16224F
:1021A00017210648FFF714FF7B227C210448BDE875
:1021B0001040FFF70DBF00BFE02300241C260024C1
:1021C00058280024002070470020704730B5A1F146
:1021D0001004002500F00F02CD7302390009D3B2BC
:1021E000092ACCBF373330330B748C42F2D130BD67
:1021F0002DE9FF470024061D05468A46904699466C
:10220000009423464FF0FF32B1213046CDE901441E
:1022100006F0B2FC29682846DDE90C23CDE900234D
:1022200042464F694B465146B847009423464FF00B
:10223000FF32C1213046CDE9014406F09DFC204625
:1022400004B0BDE8F0872DE9D04F9B460368924665
:1022500004469B6ADDE90889984702460B465046CA
:1022600059461CF0DFFC134302D00020BDE8D08F9C
:10227000236820469B6A984702460B4640464946DB
:102280001CF0D0FC1343F0D11AEB0806236820465B
:102290004BEB09079B6B9847B94208BFB0422CBF74
:1022A00001200020E2E701682DE9F04114461D46B7
:1022B000096B0646884702460B46204629461CF015
:1022C000B1FC134302D00020BDE8F081DDE9062314
:1022D0003046A71845EB030817F1FF323368196B36
:1022E00048F1FF33884702460B46384641461CF00A
:1022F00099FC1343E7D1336830469B6B98474145BF
:1023000008BFB8422CBF01200020DDE72DE9D04FE7
:102310009B460368924604465B6ADDE90889984754
:1023200002460B46504659461CF07CFC134302D033
:102330000020BDE8D08F236820465B6A984702469C
:102340000B46404649461CF06DFC1343F0D11AEB96
:102350000806236820464BEB09079B6B9847B94258
:1023600008BFB0422CBF01200020E2E7C220704726
:10237000244830B5037887B0BFF35B8F13F00104B6
:102380001CD10BF001F8C8B11F4B66223B211F483E
:10239000CDE903435A23CDE901323D233C2200938A
:1023A00057230CF09BFF194C194B164823600BF078
:1023B0000DF8184A204618490AF0D6FF13480DF0C8
:1023C000C7F9164D1A22002329461048CDE90023EB
:1023D00000230022FFF70CFF2B780446B52B04D115
:1023E0000F4B01221D600F4B1A7008480DF00CF8BE
:1023F000B4FA84F0400907B030BD02480BF0EEF9A2
:102400001CF06EF8B82A0024005A6202C02A002488
:10241000FC6C060800000024D5250408C82C002404
:1024200004000024BC2A002410B504460DF02CFE44
:102430002146FFF7CBFE0DF02DFE04F11001FFF752
:10244000C5FE0DF02DFE04F12001FFF7BFFE302088
:1024500010BD000008B54DF659720021074814F070
:10246000E8F8BFF34F8F0649064BCA6802F4E062F2
:102470001343CB60BFF34F8F00BFFDE7942A0024C6
:1024800000ED00E00400FA0510B50446FFF742F93C
:10249000204610BD064B10B504460360806A08B1A3
:1024A00009F086FD201DFFF7EFFF204610BD00BF9D
:1024B0009079060800B5C3B01622172103A806F0CC
:1024C0009BF84FF4A17302AA1021ADF80830002345
:1024D00003A80093022305F0BBFF03A8FFF7DAFF70
:1024E00043B05DF804FB03A8FFF7D4FF1BF0F8FF2F
:1024F0001D4B01211D4AA62070B51A6001F0D2FFC4
:102500000121A62002F04EF8FFF7D4FF184B43F24A
:10251000D2021A60FFF72CFF164B1B7833B1164B13
:102520001B689A8840F209439A421BD8134B9B6D53
:1025300003F46043B3F5004F14D001F007FF104DD2
:10254000044601F015FF064601F012FF801BA84269
:10255000FAD901F0FBFE001B642803D0BDE87040EF
:1025600018F03CBF70BD00BF942A00240040005802
:1025700000400052BC2A00240400002400440258F9
:102580009F86010010B50446FFF784FFFC2120461A
:102590000BF070F9204610BD38B5074B05460446D0
:1025A00045F8BC3B0CF030FF28460BF083FB201DA8
:1025B00006F022FB204638BDE497060810B5044615
:1025C000FFF7EAFF4FF4027120460BF053F9204663
:1025D00010BD0000034B10B504460360FFF7DCFF9D
:1025E000204610BDFC6C060810B50446FFF7F2FF4C
:1025F0004FF4027120460BF03DF9204610BD70B536
:1026000090F8343105461446F3B90368DB699847FE
:1026100004F4706304F00F02B3F5407F04F0F0039C
:102620000CBF07210821302B0CBF02230123012AF4
:1026300008D0901E42424241A869BDE8704000683F
:1026400006F0A4BD0222F7E770BD10B590F8343152
:1026500004462BB9A369186806F0DCFD0028F9D000
:1026600010BD38B590F834510446A5B983695BB103
:10267000186848B10368DB689847A36904211D60A6
:10268000A0690BF0F7F8A5610023C4F82831C4F85D
:102690002C31C4F8303138BD13B590F834310446CC
:1026A0006BBBA369186806F089FD40B30AF07CFA99
:1026B000A36901220DF10701186803685B69984757
:1026C000D4F83031B3F5807F16D0D4F83031B3F57B
:1026D000807F11D0D4F828319DF80720234483F857
:1026E0002820D4F828310133DBB2C4F82831D4F8DB
:1026F00030310133C4F830310AF06CFAD1E702B05E
:1027000010BD000008B590F834313BB1012001F054
:102710003BFE0648BDE8084001F059BA82691AB18B
:102720001368003318BF0123184608BD583700242A
:1027300070B504460D4601F04AFA30B123682946C7
:1027400020461B6CBDE87040184770BDA0F598602E
:10275000EEE7000013B590F8343104468DF8071009
:102760002BB1C9B20B48FFF7E3FF02B010BDA3695C
:10277000186806F04FFD0028F9D0A36901220DF179
:102780000701186803681B699847013018BF0120CA
:10279000EBE700BF583700242DE9F0410746884693
:1027A000164601F014FA80B10024A6420ED9351B5A
:1027B00008EB04013846B5F5007F28BF4FF40075DB
:1027C0002A462C4400F044FFEFE704462046BDE8CB
:1027D000F081A0F59860DFE770B590F834310546D8
:1027E0000E4614462BB10F48FFF7D6FF044620468D
:1027F00070BDAB69186806F00DFD0028F9D0AB6913
:1028000001211868D0F8883088301B6B9847AB6975
:1028100022463146186803681B699847013008BF93
:102820000024E4E75837002430B50446C3B001F073
:10283000B9F90546D4F8D835C3F58073984203DD5D
:10284000D4F8D855C5F580752A4601AB02A92046B3
:1028500000F0F5FF019902AB00226D1A1D44D4F877
:10286000D835B3F5807F19D08A4217D0D4F8D8353F
:10287000B3F5807F10D0D4F8D035A85C234483F81A
:10288000D004D4F8D0350133DBB2C4F8D035D4F855
:10289000D8350133C4F8D8350132E0E743B030BD54
:1028A00038B5044600F0BCFB2046FFF7BDFFD4F866
:1028B000D855204600F0BCFB284638BDA0F59860EE
:1028C000EEE7000010B590F8343104462BB106480D
:1028D000FFF7E6FF0446204610BD0AF065F9D4F87C
:1028E00030410AF077F9F6E75837002438B5044646
:1028F00000F096FB2046FFF797FFD4F8D8354BB190
:10290000D4F8D435234493F8D054204600F090FBFB
:10291000284638BD4FF0FF35F7E7A0F59860E5E7AA
:1029200010B590F8343104462BB10B48FFF7DEFFA9
:102930000446204610BD0AF037F9D4F830313BB1D7
:10294000D4F82C01044494F828400AF043F9F0E745
:102950004FF0FF34F9E700BF5837002438B504467C
:1029600000F05EFB2046FFF75FFFD4F8D835A3B137
:10297000D4F8D435234493F8D054D4F8D435013363
:10298000DBB2C4F8D435D4F8D835013BC4F8D83517
:10299000204600F04DFB284638BD4FF0FF35F7E7E5
:1029A000A0F59860DAE7000010B590F834310446DD
:1029B0002BB11148FFF7D2FF0446204610BD0AF0A4
:1029C000F3F8D4F830319BB1D4F82C31234493F888
:1029D0002800D4F82C310133DBB2C4F82C31D4F800
:1029E0003031013BC4F8303104460AF0F3F8E4E733
:1029F0004FF0FF34F9E700BF5837002408B54FF413
:102A0000807200211EF0B4FE0022C0F80021C0F840
:102A10000421C0F8082108BD10B4D0E900340968C9
:102A20006210E4075DF8044B01EB020044BF8A58D2
:102A3000D35818470146043008B5FFF7EDFF08BD2D
:102A4000034A0346C26007C983E80700704700BF16
:102A50004C6D060810B586B004460391684606A979
:102A600080E80C0001E90C00204603A9FFF7E8FF0D
:102A7000204606B010BD37B56C46054684E80C000C
:102A800094E80C00FFF7E6FF284603B030BD0000D5
:102A900070B590F8343186B004460E46002B3BD119
:102AA000856925B904200AF0B1FEA0610560A3691B
:102AB000186850BB8C200AF0A9FE3346B4F92220D6
:102AC0000546B4F9201006F08DFEA3691D60B4F927
:102AD0002420531C06D0A0690321B4F926300068D5
:102AE00006F090FEA3691D68B5B1114B0026214682
:102AF00002A800936B4601960CCBFFF7BCFF324651
:102B000002A9284606F0F4FB03E0314606F02BFB51
:102B1000DDE702A8FEF703FE06B070BD8C21284653
:102B20000AF0A8FE1BF0DCFC02A8FEF7F8FDF9E7AE
:102B30009926040808B5FFF77DFF08BD08B5FFF723
:102B4000F9FF08BD2DE9F84300242D4D4FF47A78A4
:102B50002C4F202605F128002F60EC61C5E90148C3
:102B6000C5E90564FFF74AFF01230E2085F83431DB
:102B700001F0D2FB244D81460D2001F0CDFBA5F8DC
:102B800020904FF6FF79688405F128002F60EC61F2
:102B9000A5F82490A5F82690C5E90148C5E9056483
:102BA000FFF72CFF85F834410F23184D2B84562353
:102BB00005F128002F606B845823EC61AB84592306
:102BC000C5E90148EB84C5E90564FFF717FF85F8FF
:102BD000344198230E4D2B84992305F128002F6052
:102BE000EC616B84A5F82490A5F82690C5E901480E
:102BF000C5E90564FFF702FF85F83441BDE8F883B5
:102C00008C300024606D0608E42C00241C2E002467
:102C1000542F0024002070477047704710B5D0F83B
:102C20008C452CB123682046DB6A9847A468F8E7F6
:102C300010BD38B50D46D0F88C4534B12368204618
:102C40002946DB689847A468F7E738BD0048704715
:102C5000206E0608054B10B50446036008F047F8DF
:102C6000204608F055F9204610BD00BFA06D0608AB
:102C700010B50446FFF7EEFF4FF4B26120460AF0AC
:102C8000F9FD204610BDF7B5002305460E46D0F8E5
:102C90008C45A4B1236831460DF1030220461F691B
:102CA00001ABB8479DF803100346042905D0019AEB
:102CB000284607F02BFB03B0F0BDA468E9E7019AB2
:102CC0009DF80310F4E770B505460E4622B10021C9
:102CD000BDE8704007F026B9D0F88C455CB1236898
:102CE0000022314620465B69984710B101212846F1
:102CF000EEE7A468F2E72146F9E770B50E4605460F
:102D0000D0F88C4500213CB12368314620469B69B0
:102D10009847A4680146F6E72846BDE8704007F0EA
:102D2000F5B9F8B505460E461746D0F88C453CB1C6
:102D3000236820463A463146DB699847A468F6E79F
:102D400028460121BDE8F84007F03EBA70B50021E1
:102D500086B0044607F025FC00234FF48975A1884E
:102D6000EF26ADF806302389ADF8045002258DF822
:102D700010301B0AE2888DF8113040F201238DF8E3
:102D80000750ADF8123040F203138DF809500125B9
:102D9000ADF8143004F10A038DF8086005AE8DF823
:102DA0000A501C468DF80C1001AD090A8DF80E2052
:102DB000120A8DF80B008DF80D108DF80F202A46A1
:102DC000083303CAB24243F8080C43F8041C154602
:102DD000F5D1128820461A8006B070BDF8B50024DF
:102DE00006460D46274630461FF0AAF9A04207D9ED
:102DF000335D05F8143005EB440301345F70F2E7EE
:102E0000400000F0FE00F8BD38B50446D0F88C55FF
:102E100035B12B6828465B6A984710B9AD68F7E76B
:102E2000284640F2023304F24A51A4F84835FFF72D
:102E3000D5FF94F84835184484F8480504F5A9608E
:102E400038BD000040F2023300F20A5110B50446CA
:102E5000A0F808350548FFF7C1FF94F80835184475
:102E600084F8080504F5A16010BD00BF8C6D06084C
:102E700040F2023310B50446A0F8C83400F2CA404C
:102E8000FFF7D2FA94F8C834184484F8C80404F55B
:102E9000996010BD2DE9FF4100231D4A044600F54D
:102EA0004E788DF80A30092590F888350192FA227B
:102EB0008DF8083001238DF80C208DF80930C023DF
:102EC0008DF80B3001AB03CBC4F83803C8F80410FD
:102ED00088F80820D4F88C658EB13368002130461C
:102EE0009B689847478805F54E7300F10901093F33
:102EF000E0183A463D441EF03DFBB668ECE784F826
:102F00003A5340462D1284F83B5304B0BDE8F0819B
:102F10000902FFFF73B504460D46164616F0C2FCC3
:102F20004FF4807301462A4620460093334607F04B
:102F3000ABFF024B2046236002B070BDA06D0608B7
:102F400010B5D0F88C350446A3B9C0F88C1594F8A8
:102F5000883508464A790B7194F88835134484F80B
:102F600088350B689B6A9847238918442081012083
:102F700010BD13469A68002AFBD19960E7E71FB598
:102F8000044607F009FB0146684606F003FD4021B0
:102F9000684606F071FDD4F88C4534B12368694663
:102FA00020461B6A9847A468F7E7684606F0F9FCD4
:102FB00004B010BD684606F0F4FC1BF091FA10B5A1
:102FC0000446FFF7DCFF2046BDE8104007F0CBBA0F
:102FD0000F4808B50378BFF35B8FDB0711D40AF005
:102FE000D3F970B140F25B2242F241310948FFF758
:102FF00091FF07480AF0EAF9074A084905480AF02C
:10300000B3F9044808BD02480AF0E8FB1BF068FA6F
:10301000C4310024C831002400000024552C0408C9
:1030200010B5FFF7D5FF0368BDE810405B6F184788
:1030300010B5FFF7CDFF0368BDE810409B6F184740
:1030400010B5FFF7C5FF0368BDE81040DB6F1847F8
:1030500006F048BE06F05CBE06F034BE704770470E
:103060007047436A93F878007047D0F8A40470471B
:1030700001207047004870478C6F06082DE9F04723
:1030800094B004460F464B22002101A81EF070FBAD
:103090002679D4F8A434751C94F80E90002B94F87B
:1030A0000C80EDB294F80DE014BF05200020002F35
:1030B00040F0938040F2092309218DF81D0042F26F
:1030C0000540ADF804304FF481738DF815100121DF
:1030D000ADF808308023ADF81E0010208DF80B30BD
:1030E00032234FF0040A24278DF80C3008234FF0C8
:1030F000030C4B228DF80D300B238DF819101D3465
:103100008DF80E3040F202238DF81C10ADF810300F
:1031100002238DF8210005208DF822108DF825104E
:103120008DF8271006218DF806208DF80F608DF898
:1031300012308DF817608DF81A308DF81B308DF82D
:1031400023008DF826C08DF82A308DF82B108DF8CD
:103150002C008DF816A08DF824708DF828A08DF81D
:1031600029708DF82D708DF82E1007218DF82F60A5
:1031700041F202068DF831108DF8411040F20751EE
:103180008DF83050ADF8366040F209468DF83A506F
:1031900040F602258DF832008DF842002046ADF849
:1031A00048100DEB0A018DF833908DF834C0ADF85E
:1031B0003860ADF83C508DF843808DF844308DF880
:1031C00046308DF84AE08DF84B308DF84D301EF0CA
:1031D000D1F9204614B0BDE8F0870020FAE70000DE
:1031E0000A4B10B504460360FFF7F2FE07F07FFDBF
:1031F00004F5247006F0DAFC04F17C0006F0D6FC3D
:1032000004F1700006F0D2FC204610BD4C6F060899
:1032100010B50446FFF7E4FF4FF4956120460AF02D
:1032200029FB204610BDFFF70BBF0000034B10B574
:103230000446036006F076FB204610BD686E060863
:1032400010B50446FFF7F2FF282120460AF012FBD2
:10325000204610BD034B10B50446036006F062FB28
:10326000204610BD386E060810B50446FFF7F2FF81
:10327000342120460AF0FEFA204610BD034B10B55B
:103280000446036006F04EFB204610BD506E060853
:1032900010B50446FFF7F2FF382120460AF0EAFA9B
:1032A000204610BD38B51E4B0D4604464FF4007243
:1032B0001968C0F80F1099889B79A0F813100221A3
:1032C0004375284606F0CEFB4FF4007220730221AE
:1032D000284606F0CCFB4FF40072607303212846A9
:1032E00006F0C0FBA073284606F05CFB20B9AF22B5
:1032F0000C490D4809F060FB04F185020023C4F875
:10330000882204F2992284F8783084F88430C4F852
:103310008C3284F89832C4F89C24C4F8A03438BDA8
:10332000846E0608276F0608326F06082DE9F34100
:1033300004460E461546FFF783FEF28823799A422B
:1033400037D1002D35D17778012F2ED1F378202B6E
:1033500027D13289072A24D104F10F0804F1160578
:10336000404629461EF0D4F8D0B1D4F81630C4F83F
:103370000F30638B207CE17BA4F8133001EB00213C
:10338000E57C607C237F01EB00410095A07C2568F3
:10339000637501EB0061237D2046627D6D6BA8475C
:1033A0003D46F378212B08BF0125284602B0BDE831
:1033B000F0810025F9E710B50446FFF741FEFFF75D
:1033C00007FE217B07F030FB04F1850304F17C004C
:1033D000C4F888320023C4F88C3284F8843006F0B4
:1033E0009AFB94F884302BB923682046DB6BBDE848
:1033F0001040184710BD000070B50446FFF720FECE
:10340000D4F8A0542DB140F2DD120F490F4809F055
:10341000D3FA04F29923C4F89C34FFF7D9FD617BF9
:1034200007F060FA84F89852C4F8A00404F52470F8
:1034300006F071FB94F898322BB9236820469B6BF9
:10344000BDE87040184770BD276F0608906E0608EB
:1034500002232DE9F04143710023044605468360B1
:103460009046144B04F17C0645F8703B284606F064
:1034700045FB304606F042FB04F52477384606F05B
:103480003DFBC4F8A484FFF7A3FD2146FFF758FDD8
:103490000CE0384606F08AFB304606F087FB2846EB
:1034A00006F084FB1BF01CF8F6E7F8E72046BDE8C1
:1034B000F08100BF4C6F060870B504460D46FFF75B
:1034C000BFFD84F87850002D3ED194F8843033B19C
:1034D000FFF77EFD217B07F07FF884F8845004F12C
:1034E000850304F17C0600253046C4F88832C4F810
:1034F0008C5206F010FB304606F006FB28B94FF45C
:10350000A2721449144809F057FA94F8983233B16A
:10351000FFF75EFD217B07F05FF884F8985204F214
:10352000992304F52475C4F89C3400232846C4F874
:10353000A03406F0F0FA284606F0E6FA20B94FF477
:10354000A77204490548DEE704F17000BDE8704049
:1035500006F0E1BA276F06089E6E0608AF6E0608F1
:1035600010B50446FFF76CFD00212046BDE8104071
:10357000FFF7A2BF38B50D460446FFF761FD042DE5
:1035800005D020460021BDE83840FFF795BF38BD83
:10359000F8B5164604460D461F46FFF751FD0423B5
:1035A000EA88337023799A4225D16978012922D19A
:1035B000EA78212A08D0222A0BD0202A4FF00000D6
:1035C0001BD13070163401E00F34317007203C609D
:1035D000F8BDAB88204613F0010308BF1946FFF77A
:1035E0006BFFAB8803F00103E366AB8803F00203D3
:1035F000A366022333700020EAE703233370E7E772
:1036000010B58AB00446FFF70BFD684606F07AF95C
:103610000D4B694604F170000093099406F093FA8B
:103620002046FFF705FD094B002168461A6806F0A1
:103630002FF96846FFF7FAFD0AB010BD6846FFF79C
:10364000F5FD1AF04DFF00BF686E06088C6E060887
:1036500070B58EB004460E461546FFF7E1FC01A892
:1036600006F050F9114B01A904F17C0001930023ED
:103670000C958DF83430CDE90A4606F064FA204600
:10368000FFF7D6FC0A4B002101A81A6806F000F9E2
:1036900004E001A8FFF7DEFD1AF022FF9DF8344098
:1036A00001A8FFF7D7FD20460EB070BD386E0608A2
:1036B0008C6E060810B50446FFF7C2FC94F88430FF
:1036C0007BB9D4F88C3263B1FFF782FCD4F88C322A
:1036D00004F18502217B07F045F910B1012384F83C
:1036E000843010BD2DE9F8431E46044689469046B5
:1036F0009DF82070FFF794FC0023336094F8783035
:10370000E3B194F88430CBB9D4F88C52C5F5007588
:10371000454528BF4546B8F1000F05D02A46494621
:10372000D4F888021DF026FFD4F88C322B44C4F85C
:103730008C32356017B12046FFF7BCFF2046BDE84C
:10374000F843FFF775BCF0B50446406A85B0012622
:1037500090F878502DB984F830503546284605B099
:10376000F0BD04AB0027D4E90A1243F8047D0096AB
:10377000FFF7B8FF0399E36AA26A5B1A0A44E3629F
:10378000A26213B984F83060E8E7606A3D46FFF74B
:1037900091FFE3E72DE9F0431C4691B005468946C9
:1037A0009046FFF73DFC002C4FF0000602A806BF34
:1037B00001AC01270027266006F0A4F8134B02A9EC
:1037C00005F5247002938DF83C708DF83D60CDE9CD
:1037D0000B59CDE90D8406F0B6F92846FFF728FC11
:1037E0000B4B314602A81A6806F052F804E002A812
:1037F000FFF744FD1AF074FE9DF83D4002A8FFF764
:103800003DFD204611B0BDE8F08300BF506E0608B4
:103810008C6E060810B5D0F8A034044673B990F841
:1038200098325BB9FFF7D4FB4FF4007304F299228E
:10383000617B06F0F9FF012384F8983210BD70B562
:1038400004461E4600230846336094F87830EBB1F6
:1038500094F89832D3B9D4F8A054D4F89C14954273
:1038600028BF15462A461DF085FE3560D4F89C34E5
:10387000D4F8A0242B44551BC4F89C34C4F8A0549D
:1038800025B92046BDE87040FFF7C4BF70BD37B50D
:103890000446406A90F878502DB984F835500125D7
:1038A000284603B030BD02AB002243F8042DD4E912
:1038B0000A12FFF7C4FF0199A26A0A44A262226BAE
:1038C00013680B4413600199E36A5B1A94F834108F
:1038D000E36209B9126802B91BB9012384F83530D3
:1038E000DEE7606A0025FFF795FFD9E710B50446CB
:1038F000FEF792FB204610BD10B4D0E900340968F1
:103900006210E4075DF8044B01EB020044BF8A58E3
:10391000D35818470146043008B5FFF7EDFF08BD3E
:10392000034A0346C26007C983E80700704700BF27
:10393000786E060810B586B004460391684606A95D
:1039400080E80C0001E90C00204603A9FFF7E8FF1E
:10395000204606B010BD37B56C46054684E80C001D
:1039600094E80C00FFF7E6FF284603B030BD0000E6
:10397000F0B58BB00546FFF763FB06ACFFF728FBFD
:10398000AF7B064600212046FFF7B0FF00940323DB
:103990004FF400723946304607F00CFA2046FDF726
:1039A000BEFEFFF715FB234B06462F7B0293002339
:1039B00029462046039302AB0CCBFFF7CCFF0094C3
:1039C00002234FF400723946304607F0F3F92046DF
:1039D000FDF7A5FEFFF7FCFA174B06466F7B049335
:1039E000002329462046059304AB0CCBFFF7B3FF19
:1039F000009402234FF400723946304607F0DAF99A
:103A000006E02046FDF78BFE1AF06AFDF9E7F8E7BD
:103A10002046FDF784FEFFF7DBFA4FF40073D5F87C
:103A20009C24697B06F000FF012085F898020BB00A
:103A3000F0BD00BFB7330408F933040808B5FFF739
:103A400069FF08BD08B5FFF7F9FF08BD6FF0150065
:103A5000704700290CBF6FF018000020704701204C
:103A600070476FF0150070476FF015007047112018
:103A7000704770477047704703689B6C1847A0F504
:103A80009860F9E7704770477047704710B5044673
:103A9000012000F079FC94F8780010BDA0F5986042
:103AA000F4E7000038B54FF0FF320123FF210B4847
:103AB0000AF07EF80A4D00F049FC044695F878308B
:103AC0001BB1012000F060FCF8E700F03FFC001B98
:103AD000C728F6D9BDE83840FEF7BCBC903D0024AD
:103AE0005837002407B502AB012243F8041D1946DC
:103AF000FFF7AEFD18B1019803B05DF804FB4FF07D
:103B0000FF30F9E7A0F59560FFF7ECBF07B500239C
:103B100002A9012201F8013DFFF73CFE20B19DF80A
:103B2000070003B05DF804FB4FF0FF30F9E7A0F5A4
:103B30009560FFF7EBBF2DE9F8430446884617462A
:103B40001E46089DFFF77CFAD4F8F095B9F1000FF6
:103B500004D02B46324639464046C847C4F8E08573
:103B6000C4F8E475C4F8E865C4F8EC55BDE8F8831A
:103B7000B0F5966F03D10121014809F0FBBF7047F2
:103B8000903D0024006870470C30704708B5FFF77F
:103B9000FBFF0023036008BDCB68C3600BB15B680B
:103BA0001847704738B50546FFF73AFA95F8983246
:103BB0005BB9D5F8A044B4F5007F28BF4FF400747A
:103BC0002846FFF735FA204638BD0024F8E790F87C
:103BD00078007047114B03F1780270B5036004461A
:103BE000C0F8A82400F2F45603F1D80200F23465BC
:103BF000E833C0F8AC24C0F8C034AE4204D0103D65
:103C00002846FDF78CFDF8E704F5956008F056FBB3
:103C10002046FFF7E5FA204670BD00BF6470060835
:103C2000A0F59560FFF7D6BFA0F2AC40FFF7D2BF7A
:103C300010B50446FFF7CEFF4FF4C761204609F0E8
:103C400019FE204610BDA0F2AC40FFF7F1BFA0F571
:103C50009560FFF7EDBF00002DE9F74304461E46CF
:103C60008846154615F01EFEBDF82C3004F5956704
:103C7000014601932A46BDF828302046009333467A
:103C8000FFF7E6FB0021384608F0EEFA4FF47A73AE
:103C9000002504F2F45904F59A60C4F8C8342946A2
:103CA000204B4E46C4F8C45403F178022360C4F894
:103CB000A82403F1D802E833C4F8AC244FF480728E
:103CC000C4F8C0341DF054FDC4F8D055C4F8D45520
:103CD000C4F8D85504F2346530461036FEF79CF926
:103CE000B542F9D10023C4F83436C4F8F035B8F140
:103CF000000F13D02046FFF783FC0FE04D4504D0A2
:103D0000103D2846FDF70BFDF8E7384608F0D6FAD7
:103D10002046FFF765FA1AF0E3FBF9E7204603B007
:103D2000BDE8F08364700608884238B5044606D0C2
:103D30000D46FDF7EFFC20462946FFF72DFF2046F4
:103D400038BD08B5FFF720FF0068003018BF01201C
:103D500008BD000010B50446FFF7F3FF28B940F294
:103D600002220649064808F027FEE068FFF70AFF2E
:103D700003462046BDE81040184700BF45700608BE
:103D800050700608F8B506460025FFF759F906F207
:103D9000F454D6F83436AB420AD920462746FFF70A
:103DA000D0FF103420B138460135FFF7D3FFF0E7DC
:103DB000F8BD0000044BC36003460A6843F8042BB7
:103DC000002242605A607047B06F060813B504467F
:103DD000019121B9FFF7DAFE204602B010BD01A91A
:103DE000FFF7E8FFF8E710B4D0E900340968621083
:103DF000E4075DF8044B01EB020044BF8A58D35836
:103E000018470146043008B5FFF7EDFF08BD000074
:103E1000034A0346C26007C983E80700704700BF32
:103E2000A46F060810B586B004460391684606A93B
:103E300080E80C0001E90C00204603A9FFF7E8FF29
:103E4000204606B010BD37B56C46054684E80C0028
:103E500094E80C00FFF7E6FF284603B030BD0000F1
:103E60002DE9F04188B00446FFF7DAF8384B2046D8
:103E7000C4F8F035FFF7DCF8364B04A8214602936E
:103E80000023039302AB0CCBFFF7DDFF2046FFF7C7
:103E9000C7F8D4F83406032803D92046FFF7C8F83A
:103EA0000AE0431C04EB001004A9C4F8343600F205
:103EB000F450FFF739FFF0E704A8FDF730FCBC2011
:103EC00009F0A4FC05460646234B05F1400746F8D9
:103ED000043B3046FEF7A0F80021384609F00CFFFD
:103EE00005F15408404609F0A5FE1C4B4FF48072C2
:103EF000182128460093002309F078FF184904A8E8
:103F0000C4F8DC55FFF762FF04A928460AF018F848
:103F100010E0404609F0CEFE384609F016FF304664
:103F2000FDF7FDFBBC21284609F0A4FC1AF0D8FAE5
:103F3000F2E7F4E704A8FDF7F2FB2046FEF774FC75
:103F400008B0BDE8F08104A8FDF7E9FBEEE7FAE769
:103F5000713B040829280408B48B0608BC6F0608C6
:103F6000A53A0408A0F59860FFF77ABF03681847E0
:103F700008B5FFF7FBFF08BD08B5FFF742FF08BD16
:103F800008B5FFF7F9FF08BD37B50F4C0F4D2046B8
:103F900009F0E0FD2A460E49204609F0E5F942F213
:103FA000120301220B4CCDE9003200224FF4F853EA
:103FB00020461146FFF750FE2A460749204603B027
:103FC000BDE8304009F0D0B9903D00240000002445
:103FD0007BDB040858370024D53B040808B51BF0E8
:103FE00027FF2DE9F04F027D85B005460E46012AD8
:103FF00040F08E8000214FF0FF3B04460B465F46A9
:1040000094F804C048B2BCF1000F73D194F805C015
:10401000BCF1000F6ED1B7F1FF3F17BF0133012391
:1040200038465BB2934201DD1A46834601310234C1
:1040300008295DD1002402EB0B03A1460293CB4576
:1040400002DC029B4B4558DC95F8058095F804A0EE
:104050004FEA281708F00F080AF00F035FEA2A1A40
:10406000FAB201926FD05FFA8AF1BAF1090F3046C5
:104070000393D4BF3031573100F0C9F8039B044497
:10408000092B3046039394BF03F1300103F157012C
:1040900000F0BDF80444BAF1000F02D1039B03B94C
:1040A0004FB1092F019F3046D4BF30375737F9B28F
:1040B00000F0ADF80444B8F1090F304694BF08F1A0
:1040C000300108F1570100F0A2F8B9F1070F0444DC
:1040D00004D03A21304600F09AF8044409F101096D
:1040E0000235B9F1080FAAD1204605B0BDE8F08F1E
:1040F000074685E74FF0FF3098E7CB45EED1BBF19F
:10410000000FE6D13A21304600F081F80444E0E7A0
:1041100000F1100700F11309002417F8011B0A220F
:10412000304600F0B1F880462E21304600F06FF89E
:10413000B94540440444F0D10A22E97C304600F0FD
:10414000A3F80444D0E7002B9AD1A9E7054B10222D
:1041500010B5044603600175002104301DF008FB12
:10416000204610BD8071060870B5074D8374056048
:1041700000259DF81030057545608560C5600174A7
:104180004274C37470BD00BF8071060807B5012179
:104190000648FFF7DBFF002305481A46194600933F
:1041A000FFF7E2FF03B05DF804FB00BFA43D00246D
:1041B000BC3D00242DE9F04106460D4601EB020806
:1041C0000C464445A4EB050707D03368304614F885
:1041D000011B1B6898470028F3D13846BDE8F081E1
:1041E00070B5044608460D461DF0AAFF2368024636
:1041F000294620465B68BDE87040184709B1FFF7C3
:10420000EFBF0846704708B5FFF7F8FF08BD036821
:104210001B6818470149FFF7E3BF00BF72BD0608DE
:1042200038B50546FFF7EAFF04462846FFF7F2FFD8
:10423000204438BD70B58AB00D460023012A98BFCE
:104240000A220AA901F8043DB5FBF2F402FB145658
:104250002546F3B2092E94BF30333733DBB201F871
:10426000013D002CF0D1FFF7C9FF0AB070BD10B4BA
:104270002AB90368C9B25DF8044B1B681847D2B26B
:104280005DF8044BFFF7D6BFFFF7F1BF38B5054621
:10429000FFF7EDFF04462846FFF7BCFF204438BD7A
:1042A000FFF7E5BF38B50546FFF7E1FF04462846AE
:1042B000FFF7B0FF204438BD10B500F069F80A4C94
:1042C000FEF716F9FEF784FEFEF779FE4FF4E131B2
:1042D0000648FFF7C5FDFCF73BFBFCF7CDFB002CC8
:1042E000FBD0AFF30080F8E700000000583700244F
:1042F00070B505460024074EFEF738F8E3B2984241
:1043000006D918461B010134F35EAB42F4D170BDEF
:10431000FF20FCE70800002410B50446FEF726F84D
:1043200084423BBF2401024B4FF0FF30185F10BDA9
:104330000800002410B5044605F000F9204610BD21
:1043400010B5044605F0FAF8204610BD07B5074938
:10435000684605F030F94FF47A720023DDE9000178
:104360001AF010FC03B05DF804FB00BFD83D002438
:1043700007B50449684605F01EF9009803B05DF8DA
:1043800004FB00BFF03D002409F0E6BC09F0BEBB11
:1043900008B5044805F0DCF80348BDE8084005F01E
:1043A000D7B800BFF03D0024D83D002409F0E4BC9C
:1043B00038B50A4C0A4D204605F03AF92046094C1A
:1043C0002A46094908F0D0FF204605F03CF92A4664
:1043D00020460649BDE8384008F0C6BFF03D00243D
:1043E00000000024D83D002441430408354304085C
:1043F00070B504460D46164600211C221DF0B8F982
:1044000020463246294607F051F9204670BD00008B
:104410002DE9F04104460E46FDF7A8FF84423CD248
:104420001F4D2701EA19D06810B11C2109F022FAAA
:104430002046FFF771FF80461C2009F0E7F904468B
:1044400000211C221DF094F94146204607F02BF96B
:10445000EB19012EDC6010D006D3022E12D02046BC
:1044600003F09BFF022103E0204603F096FF0021AA
:104470002046BDE8F04103F09DBF2046BDE8F04175
:1044800003F07EBF204603F088FF0121F0E71C21E6
:10449000204609F0EFF91AF023F8BDE8F08100BFDB
:1044A0000800002430B589B004460D46FFF720FF10
:1044B000C0B2FF2804D02946FFF7AAFF09B030BDDB
:1044C000012D14D00AD3022D1CD00222214601A8AE
:1044D000FFF78EFF01A807F085F8EFE700222146DD
:1044E00001A8FFF785FF01A807F07CF8E6E71C228A
:1044F000002101A81DF03CF90022214601A807F087
:10450000D7F8DBE70122214601A8FFF771FF01A8D8
:1045100007F068F8D2E700002DE9F34106460F46A0
:10452000FDF724FF86422AD21B4D4FEA061805EB01
:104530000802D468ACB93046FFF7EEFE06461C20F0
:1045400009F064F904461C2200211DF011F90097BE
:10455000002301223146204607F0C3F805EB08038B
:10456000DC600E4B0E491A46D3F894008842FBD10A
:1045700023683FB1A1680B604FF44073536102B0F0
:10458000BDE8F081E1681B04F5E71C21204609F035
:1045900071F919F0A5FF00BF08000024006402585B
:1045A0000003008030B589B005460C46FFF7A0FE39
:1045B000C0B2FF2804D02146FFF7AEFF09B030BDDE
:1045C0001C22002101A81DF0D3F8294601A807F0FC
:1045D00085F8094B09491A46D3F894008842FBD163
:1045E000019B2CB103990B604FF440735361E5E7D5
:1045F0001B040499F7E700BF006402580003008021
:104600001EF0040F0CBFEFF30880EFF309808169FF
:1046100011F8021C002932D101B590E80F10E047D3
:10462000BDE800508CE80300244B93E8060091425B
:1046300008BF70471A6041B91EF0100F10D1204B0F
:10464000186820F0010018600AE02CE9F00F1EF055
:10465000100F08BF2CED108A81F822E0C1F838C095
:10466000906B92F8221061F0FF0E1EF0100F08BF41
:10467000B0EC108AB0E8F00F80F309887047114A57
:1046800013689942FAD801B552F821C00FC8E04723
:10469000BDE80050CCF80000704701B501F0D4FB34
:1046A000BDE80140EFF3098CBEE701B501F090FBD6
:1046B000BDE80140EFF3098CB6E700003C0C002494
:1046C00034EF00E04C720608014608B530B96FF0CF
:1046D000030000F01DFA6FF0030008BD132001F085
:1046E000ABFF30B94FF0FF3000F012FA4FF0FF305F
:1046F000F3E70020F1E7000008B5EFF305832BB9DD
:10470000EFF3108313B9EFF3118333B16FF00500AA
:1047100000F0FEF96FF0050008BDDFF808C000DF0B
:10472000FAE700BFC9460408EFF310832BB9EFF393
:104730001180003818BF012070470120704710B564
:1047400020B10378F32B01D1002906DA6FF00301C1
:1047500002F05CFA6FF0030010BD00F10C0353E8A7
:10476000000F20EA010243E8002404B1F7E7F3E771
:1047700038B50546A0B1846802686CB114F0030333
:1047800002D1C1680F2926D800246FF0080100204B
:1047900002F03CFA204638BDC368002BF4D1154620
:1047A000104BD3F8900078B100F087FC0446A0B11C
:1047B0000123F322A3700023656022700A4AC4E932
:1047C0000233084B5A66E5E701221021D3F8800036
:1047D00000F0FAFBEAE71546EBE76FF0040102F0A0
:1047E00015FAD7E7280C002455480408930710B59C
:1047F00002F0010422D400F10C0384B153E8000F4D
:1048000000EA01028A4203D0BFF32F8F002005E0A7
:1048100020EA010243E8002404B1EFE710BD53E8A9
:10482000000F084203D1BFF32F8F002005E020EADC
:10483000010243E8002404B1F1E7EFE7C06801EAB0
:1048400000031CB1994218BF0020E7E7002B08BF06
:104850000020E3E7F8B50546846804B9F8BD94F88C
:1048600023202846616AA768FFF7C0FF064638B1D3
:10487000204601F062FC00223146204601F0F6FDA0
:104880003C46EAE7F8B50D4617461E46044620B1F9
:104890000378F32B01D1002907DA20466FF00301DA
:1048A00002F0B4F96FF00300F8BDFFF79FFF002896
:1048B000FAD186B13146432001F0BEFE40B1074B2C
:1048C00020465E69314601F01DFC756286F8237052
:1048D0006FF00100E8E76FF00200E5E7280C002424
:1048E00070B5054610B10378F32B07D028466FF05A
:1048F000030102F08BF96FF0030070BD836863B1B0
:10490000284601F011FC00226FF0020101F0AEFD1B
:10491000A8680028F4D101F08FFCAB78002613F0D2
:1049200001032E700FD0094B2946D3F8904024B1D3
:10493000204600F0DCFB3046DFE7D3F8800000F0D3
:1049400078FB2046D9E71846D7E700BF280C00249B
:104950002DE9F041064620B10378F32B01D100295F
:1049600009DA6FF003056FF00301304602F04EF9EB
:104970002846BDE8F08100F10C0353E8002F42EA1D
:10498000010543E8005000B1F7E7B4681CB92046C0
:1049900001F052FCECE794F823203046616AD4F829
:1049A0000880FFF723FF074678B194F823309B0770
:1049B00056BF656A054620EA0505204601F0BDFBA5
:1049C00000223946204601F051FD4446DEE7000052
:1049D000024608B5EFF3058333B100206FF00501FF
:1049E00002F014F9002008BDFFF79EFE0028F4D164
:1049F0001046DFF808C000DFF5E700BF7147040884
:104A0000024638B5EFF305834BB192B96FF003045A
:104A10006FF00301104602F0F9F8204638BDFFF7A9
:104A200083FE0028F1D11046DFF82CC000DF0446D9
:104A3000F3E71378F32BE9D10029E7DB02F10C034C
:104A400053E8000F40EA010443E8004505B1F7E7E9
:104A5000104601F041FAE0E751490408024608B562
:104A6000EFF3058323B11046BDE80840FFF767BEAA
:104A7000FFF75AFE0028F6D11046DFF808C000DF25
:104A800008BD00BF3F47040838B504461D46EFF394
:104A9000058343B18CB920466FF0030102F0B6F8EC
:104AA0006FF0030038BDFFF73FFE0028F2D120462B
:104AB0002B46DFF824C000DFF4E72378F32BEAD19C
:104AC000002DE8D10029E6DB2046FFF78FFE002805
:104AD00008BF6FF00200E5E785480408024608B504
:104AE000EFF305833BB110466FF0050102F08EF83D
:104AF0006FF0050008BDFFF717FE0028F3D1104640
:104B0000DFF804C000DFF5E7E148040870477047AC
:104B10007047EFF310832BB9EFF31180003818BF03
:104B20000120704701207047064BDA6A3AB1D0691C
:104B30005B6C1BB11B69984228BF184670474FF049
:104B4000FF30F5E7280C0024014BD868704700BF00
:104B5000280C002408B5094B1A7A022A08D0032A27
:104B60000AD04FF0FF3002F045F84FF0FF3002E07E
:104B7000032200201A7208BD0120FCE7280C002443
:104B800070B5464C237A012B00F0858033B14FF08D
:104B9000FF3002F02FF84FF0FF3070BD404DEB6852
:104BA000E3652B8AD5E90B61A4F85430AB68304635
:104BB000236400F0F1F908B1C4F88060D5E905611B
:104BC000304600F0E9F908B9D4F880606667D5E9A5
:104BD0000761304600F0E0F908B9D4F88060A667B4
:104BE000D5E90961304600F0D7F908B9D4F88060FA
:104BF000E6676E6B3EB131683046D6E9022300F0BD
:104C00003BFAC4F88460AE6B3EB131683046D6E9F9
:104C1000022300F031FAC4F88860EE6B3EB13168CF
:104C20003046D6E9022300F027FAC4F88C602E6CD7
:104C30003EB131683046D6E9022300F01DFAC4F8CF
:104C400090606E6C3EB131683046D6E9022300F0C8
:104C500013FAC4F89460AE6C3EB131683046D6E9C0
:104C6000022300F009FAC4F89860EE6C3EB1316896
:104C70003046D6E9022300F0FFF9C4F89C602D6DA0
:104C80003DB129682846D5E9022300F0F5F9C4F8BA
:104C9000A0500123237200207FE700BF280C0024CE
:104CA000DC71060870B5254D2B7A012B07D06FF00B
:104CB00006004FF0FF3401F09DFF204670BD01F06B
:104CC0001FFD10B94FF0FF30F3E71D4AFF231D4EC3
:104CD00082F8223092F82230D26863F0FF031A493A
:104CE000C2F302227068DB4314BFB3FA83F32023BC
:104CF000C3F12003934298BF531CFE2202FA03F330
:104D00000F4ADBB2D37701F0D1FF04460028D9D196
:104D100002F024F8286102F00DF80C4801F004FAC2
:104D200001F082FA3368DB074CBF0223032383F3CD
:104D30001488BFF36F8F02232B72BEE7280C002468
:104D400000ED00E0DC710608AB460408440C0024CA
:104D500008B50A4B1A7A023A012A02D840B1012852
:104D600009D04FF0FF3001F045FF4FF0FF3001E078
:104D700002221A7208BD0322FBE700BF280C0024A0
:104D800010B50F4C237A022B13D101F0DBFF012366
:104D90006372BFF34F8F0B4A5168C90003D54FF0C0
:104DA00000615160A37204232372BDE81040FFF735
:104DB000BBBE6FF0070001F01DFF002010BD00BF5B
:104DC000280C002400ED00E038B51E4C0546237A7F
:104DD000042B35D1FFF7A8FEE26AA842034694BF30
:104DE00000F1FF332B4612B1D069C01AD061626C5A
:104DF00012B11069C01A1061E06803440544E36011
:104E0000E368AB4213D102230020237201F014FAAD
:104E100000236372BFF34F8FA27A22B1A3724FF0C7
:104E20008052094B5A60BDE8384001F083BF01331E
:104E3000E36001F0BFF9236D002BE1D09847DFE775
:104E400038BD00BF280C002400ED00E0704738B5E5
:104E500004460D46FFF75AFE29462046BDE8384075
:104E600001F08ABE08B5FFF7F1FFEFF3058333B118
:104E70006FF0050001F0BEFE6FF0050008BDFFF702
:104E800048FE0028F4D1DFF808C000DFF6E700BFD5
:104E9000814B040808B5EFF3058333B16FF00500CB
:104EA00001F0A8FE6FF0050008BDFFF732FE0028F4
:104EB000F4D1DFF808C000DFF6E700BFA54C040816
:104EC00008B5EFF3058333B16FF0050001F092FEF2
:104ED0006FF0050008BDFFF71CFE0028F4D1DFF8D5
:104EE00008C000DFF6E700BF554B0408024608B5CE
:104EF000EFF3058333B16FF0050001F07BFE6FF037
:104F0000050008BDFFF705FE0028F4D11046DFF8C4
:104F100008C000DFF5E700BF514D040808B5EFF306
:104F200005832BB16FF0050001F064FE002008BD81
:104F3000FFF7EFFD0028F5D1DFF804C000DFF6E74A
:104F4000814D0408024608B5EFF305832BB16FF0DD
:104F50000500BDE8084001F04DBEFFF7DAFD00286E
:104F6000F5D11046DFF804C000DF08BDC94D0408C4
:104F700008B5EFF3058313B1054BD86808BDFFF7FB
:104F8000C8FD0028F8D1DFF80CC000DFF6E700BF4D
:104F9000280C0024494B040810B598B140EA0103DD
:104FA00013F007030ED117290AD90160083910221E
:104FB0000C18426084600B5081684A60C360012312
:104FC000184610BD0023FBE7F0B580B399B132F06D
:104FD00003032CD10F3100F1080521F007072B4600
:104FE0002D685C68E91A24F00304091B8F4204D978
:104FF00029680029F3D10846F0BD46683A430468A1
:105000003E444660204450F8041C08388E4288BF55
:105010004660586818B903F108015A60EBE720F0C0
:10502000030019181D504A6019600831E3E7002198
:10503000E1E730B590B1D9B1A1F1080500F108045C
:105040000022AC420BD151F8043C23F00304436826
:105050001B1B436042B941F8042C012030BD23687A
:1050600022463BB11C46ECE751F8083C1360F4E7DC
:105070000846F3E71846F1E730B5C0B189B1C2B1CF
:10508000CBB100240160C3604361C0E9014202FB6F
:1050900001F41D1905611846013904D1A21A99506D
:1050A0000121084630BD851805602846F4E7014611
:1050B000F7E71146F5E71946F3E7034610B5A8B13F
:1050C00000F1140252E8000F10B9BFF32F8F04E073
:1050D000016842E8001404B1F4E738B1043353E83E
:1050E000002F511C43E8001404B1F8E710BD30B59F
:1050F000F0B1C3688B421BD803698B4218D900F109
:1051000014031A680A60BFF35F8F53E8002F0C681E
:105110009442F6D143E8001505B1F2E7043050E8B7
:10512000003F5A1E40E8002101B1F8E7002030BDE1
:105130006FF00300FBE7EFF310832BB9EFF311805F
:10514000003818BF0120704701207047036B30B54D
:10515000E3B1CD780024DA78AA420FD31A46C1E928
:1051600001248AB19160A4B16160283050E8003F09
:105170005A1C40E8002101B1F8E730BD5A681C46CE
:10518000002AECD01346E6E7C162ECE7C1E901333F
:10519000C1620163E9E7D1E9013223B19A608A680B
:1051A0001AB153607047C262F9E703637047F8B5FC
:1051B000877804468FB3C5680027014605F10C06C1
:1051C0002846FFF7E8FF27703046FFF790FFAB68EF
:1051D000002B48D03046FFF770FF0446002842D02D
:1051E000284600F0A1FF06463A46394601F03EF94E
:1051F000304601F00FF86A6A0646816804F10C0037
:105200001CF0B8F9F923A7702370F368E370214606
:105210002846BDE8F840FFF799BF8568AB68002BCA
:10522000F5D05B78832BF2D1284600F07DFF06464F
:105230003A46394601F01AF9304600F0EBFF0646CF
:105240006A6A04F10C0180681CF094F9F3680BB1F0
:10525000E2781A700023214605F10C002370BDE8A6
:10526000F840FFF744BFF8BD2DE9F0410C46174662
:105270009846054618B10378FA2B00D141B9284663
:105280006FF0030101F0D8FC6FF00300BDE8F0817E
:105290008368C3B15B78832B15D100F045FF0646C8
:1052A0000122002101F0E2F8304600F0B3FF06468B
:1052B0006A6A214680681CF05DF9F0680028E5D034
:1052C00007700020E2E705F10C00FFF7F6FE064646
:1052D00070B121466A6A0C3000241CF04BF9F923A6
:1052E000314628463370B470F770FFF72FFFE8E7B8
:1052F000B8F1000F10D04146932001F09DF940B164
:10530000074B2846596900F0FDFEEFF30983C3E916
:1053100002476FF00100B9E76FF00200B6E700BF87
:10532000280C00242DE9F84F8846074638B131B1E2
:10533000B0FA80F3B1FA81F10B441F2B06DC6FF059
:1053400003010020002401F077FC70E008F103065F
:1053500026F003060C3606FB00F9F2B194683CB166
:10536000A30702D1D368332B05D86FF00801E8E713
:10537000D368002BF9D1D2F800A0D2E904533DB193
:1053800015F0030B01D1994554D96FF00901D8E705
:10539000002BFAD11CB19B460CE092461546274BD8
:1053A000D3F8A000D8B1FFF788FE0446A0B14FF0B3
:1053B000010B35BB214B00224946D86FFFF704FE95
:1053C0000546C0B9BBF1000F06D01C4B2146D3F8EF
:1053D000A00058B1FFF78BFE6FF00401B1E7012286
:1053E0003421D3F88000FFF7EFFDDEE7D3F880002B
:1053F000FFF71FFEF0E74BF0020B4A4600211CF0BE
:10540000B7F9FA233246394604F10C002370002321
:1054100084F802B0A360C4F804A0C4E90983C4E915
:105420000B332B46FFF728FE044B054A1A6720462C
:10543000BDE8F88F002CE4D1B1E700BF280C0024B0
:10544000AF51040800F1280310B553E8002F12B93A
:10545000BFF32F8F04E0511E43E8001404B1F4E7BA
:105460000AB9002010BDC06A01230028F9D0821CAF
:10547000D2E84F1FC2E8443F04B1F9E711F0FF0F33
:10548000F0D08068F1E700002DE9F0410F461546A5
:105490009846044618B10378FA2B00D141B920464A
:1054A0006FF0030101F0C8FB6FF00300BDE8F0816D
:1054B000FFF7C8FF064600283AD001462046FFF70E
:1054C0006AFE626A06F10C0138461CF053F80DB111
:1054D000F3782B70002504F10C07314638463570FF
:1054E000FFF705FEA3680BB90020DFE73846FFF79A
:1054F000E4FD06460028F7D0204600F015FE0746DA
:105500002946012200F0B2FF384600F083FE626AAD
:105510000746816806F10C001CF02CF8F923B570E1
:10552000314633702046FB68F370FFF70FFEDBE770
:10553000B8F1000F10D04146832001F07DF840B152
:10554000074B2046596900F0DDFDEFF30983C3E9FD
:1055500002756FF00100A9E76FF00200A6E700BF37
:10556000280C002408B5064B08219A6ED86EFFF768
:10557000D9FE044BD864B0FA80F04009404208BD1F
:10558000DC710608280C00242DE9F04106460F4680
:1055900090461C46EFF305834BB196B930466FF049
:1055A000030101F049FB6FF00300BDE8F081FFF754
:1055B000C2FD0028F1D130462346DFF848C000DFA5
:1055C000F3E73378FA2BE9D1002FE7D0002CE5D1AF
:1055D00006F10C00FFF771FD054680B1726A39468D
:1055E0000C301BF0C7FFF9232846AC702B7085F8F0
:1055F0000380C5E9017600F06FFC2046D5E76FF027
:105600000200D2E769520408F8B504460F46164670
:105610001D46EFF3058343B18CB920466FF00301BB
:1056200001F00AFB6FF00300F8BDFFF784FD0028CE
:10563000F2D120462B46DFF844C000DFF4E72378A0
:10564000FA2BEAD1002FE8D0002DE6D12046FFF753
:10565000F9FE054670B100F10C01626A38461BF094
:1056600089FF0EB1EB7833702846EC6000F034FC13
:105670000020D9E76FF00200D6E700BF8954040884
:10568000EFF310832BB9EFF31180003818BF01201E
:10569000704701207047000070B5A8B38468D0E956
:1056A00000566CB114F0030302D1C2681B2A1AD849
:1056B00000246FF00801002001F0AEFA204670BD12
:1056C000C368002BF4D1124BD3F8940030B90122F7
:1056D0001C21D3F88000FFF777FC01E0FFF7EDFC19
:1056E000044660B10123F522A3700023E670227006
:1056F00065602376C4E90233C4E90433DEE76FF062
:10570000040101F089FAD9E705460646DBE700BF48
:10571000280C0024284B70B55D6904460E4635B947
:105720006FF0070101F078FA4FF0FF3070BD10B153
:105730000378F52B07D020466FF0030101F06CFAD7
:105740006FF00300F2E7037E53B9C0E90353EB6A3D
:10575000436103B118610123EC6200202376E5E781
:10576000C278D1070DD5C168A9420AD1FF2B06D155
:105770006FF00F0101F050FA6FF00200D6E701332D
:10578000EBE7002EF8D093070AD5E06895F92030B2
:1057900090F920209A4203DA80F8203000F0D6FCFD
:1057A0003146532000F048FF18B12946204600F04A
:1057B000A9FC6FF00100B9E7280C00242E4B5A69B0
:1057C00070B5044632B96FF0070101F025FA4FF0C9
:1057D000FF3070BD10B10378F52B07D020466FF075
:1057E000030101F019FA6FF00300F2E7037E33B909
:1057F0006FF00E0101F010FA6FF00200E9E7C168E6
:10580000914202D06FF00D01F4E7013BDBB2037669
:1058100013BB43690BB1016919612169F1B14B6196
:1058200092F92130D56ADDB982F82030A36883B1BE
:10583000204600F079FC06462A46294600F016FE6E
:10584000F36AC4E90365636103B11C610123F46277
:105850002376002000F0F0FC0020BAE7D362DFE7F7
:10586000E978890706D5A96821B191F920108B4202
:10587000B8BF0B466D69D6E7280C002470B5044606
:1058800010B10378F52B07D020466FF0030101F02B
:10589000C3F96FF0030070BD037EBBB16369C068DC
:1058A0000BB122691A61226902B3536190F9212078
:1058B000C36AEBB990F92030934203D080F82020DE
:1058C00000F044FCA068F8B900F0B6FCA07800260F
:1058D00010F001002670DED0134B2146D3F894500F
:1058E000DDB12846FFF703FC3046D4E7C362DDE7AD
:1058F000D978890706D5996821B191F920108A4293
:10590000B8BF0A465B69D4E7204600F00DFC0022D0
:105910006FF0020100F0AAFDD4E7D3F88000FFF792
:1059200088FB2846B7E700BF280C00242DE9F0418A
:105930000446002601270CB9BDE8F081E378D4F8CD
:1059400014801B0712D5A36826767BB1204600F091
:10595000EBFB00220546114600F088FDEB6AC4E926
:105960000356636103B11C61EC6227764446E2E7AB
:1059700010B4C3789B071DD5C06890F92120C36A75
:10598000DC78A40709D59C688C4208BF8C6824B1D8
:1059900094F92040A242B8BF22465B69002BEFD1A8
:1059A00090F92030934205D080F820205DF8044B18
:1059B00000F0CCBB5DF8044B70470000024608B510
:1059C000EFF3058333B100206FF0050101F024F9F6
:1059D000002008BDFFF754FE0028F4D11046DFF880
:1059E00008C000DFF5E700BF99560408024608B575
:1059F000EFF305833BB110466FF0050101F00CF9A0
:105A00006FF0050008BDFFF73BFE0028F3D11046FC
:105A1000DFF804C000DFF5E715570408024608B5B3
:105A2000EFF305833BB110466FF0050101F0F4F888
:105A30006FF0050008BDFFF723FE0028F3D11046E4
:105A4000DFF804C000DFF5E7BD570408024608B5DB
:105A5000EFF305833BB110466FF0050101F0DCF870
:105A60006FF0050008BDFFF70BFE0028F3D11046CC
:105A7000DFF804C000DFF5E77D580408EFF310837A
:105A80002BB9EFF31180003818BF012070470120B7
:105A900070470C30D0E85F3F13B9BFF32F8F04E09D
:105AA0005A1EC0E8512F01B1F4E798B2003818BF70
:105AB0000120704730B500F10C02C189D2E85F3F88
:105AC000994202D8BFF32F8F04E05C1CC2E8554F07
:105AD00005B1F3E7C0899BB2984294BF0020012032
:105AE00030BD0000F8B515464FF6FE73421E06465F
:105AF0000F469A4201D8884207D26FF00301002472
:105B0000002001F08FF82046F8BD7DB1AC682A680E
:105B100044B114F0030302D1E9680F2922D86FF0D1
:105B20000801ECE7EB68002BF9D11546114BD3F8CF
:105B3000980080B1FFF7C1FA0446A8B10123F6220C
:105B4000A370002365602270A3600B4A094BA781F4
:105B5000E6819A66D7E701221021D3F88000FFF78B
:105B600033FAE9E71546EAE76FF0040101F05AF865
:105B7000C9E700BF280C00247D5B0408836810B5CA
:105B800004465BB1FFF785FF40B1204600F0CCFA38
:105B90000022BDE81040114600F068BC10BD38B5C9
:105BA000054610B10378F62B07D028466FF00301A5
:105BB00001F038F86FF0030038BD84683CB100F0A4
:105BC000B3FA0122002100F051FC0020F4E7FFF7B6
:105BD00071FF38B928466FF0100101F023F86FF01B
:105BE0000200E9E72046E7E738B50D46044610B164
:105BF0000378F62B07D020466FF0030101F012F86E
:105C00006FF0030038BDFFF744FF68B975B129464E
:105C1000632000F011FD20B1064B2046596900F0C9
:105C200071FA6FF00100EDE70020EBE76FF0020082
:105C3000E8E700BF280C002470B5054610B10378D2
:105C4000F62B07D028466FF0030100F0EBFF6FF052
:105C5000030070BD836863B1284600F065FA002236
:105C60006FF0020100F002FCA8680028F4D100F0F7
:105C7000E3FAAB78002613F001032E700FD0094B26
:105C80002946D3F8984024B12046FFF730FA304631
:105C9000DFE7D3F88000FFF7CCF92046D9E71846B4
:105CA000D7E700BF280C002410B50446EFF30583A6
:105CB00033B100206FF0050100F0B4FF002010BDEB
:105CC000FFF7DCFE0028F4D12046DFF808C000DF33
:105CD000F5E700BFE55A0408024608B5EFF305836F
:105CE00043B182B910466FF0030100F09BFF6FF0E3
:105CF000030008BDFFF7C2FE0028F2D11046DFF80E
:105D000024C000DFF5E71378F62BEBD10029E9D1A9
:105D10001046FFF7BEFE002814BF00206FF00200FF
:105D2000E7E700BFE95B040810B50446EFF305831D
:105D300043B184B920466FF0030100F073FF6FF0A8
:105D4000030010BDFFF79AFE0028F2D12046DFF8CD
:105D500030C000DFF5E72378F62BEBD12046FFF7C4
:105D6000A9FE20B1204600F0B7F80020E9E7204660
:105D70006FF0100100F056FF6FF00200E1E700BF86
:105D80009F5B0408024608B5EFF305833BB110465C
:105D90006FF0050100F046FF6FF0050008BDFFF74A
:105DA0006DFE0028F3D11046DFF804C000DFF5E7F0
:105DB000395C040810B5D0E85F3F5A1C914200D806
:105DC0000022C0E8542F04B1F5E798B210BD0000DE
:105DD00038B51C4C00F0BCFFE3680133E36000F011
:105DE000E9F9002000F028FA236D03B19847226CEE
:105DF00032B3A369E16B994203D0D969E36301B976
:105E0000DA61DA69C2B9237A022B19D1656ABDB1A8
:105E1000E36B95F9202093F920309A4210D128465F
:105E200000F08BF9E06B00F0A3F9284600F0FCF9D4
:105E3000236CE563EB6103E0013ADA61002AE2D00A
:105E400038BD00BF280C002470B5224C04F1560563
:105E500004F15A06B4F85410D5E85F3F13B9BFF304
:105E60002F8F04E05A1EC5E8502F00B1F4E79BB213
:105E70005BB33046FFF79EFFE36D53F8200020B37D
:105E80000378F13B082BE5D801A252F823F000BFBC
:105E9000B55E0408555E0408BB5E0408555E040840
:105EA000555E0408BF5E0408C35E0408555E04081E
:105EB000C75E0408236E9847CCE7636EFBE7A36ECA
:105EC000F9E7E36EF7E7236FF5E70020BDE87040E0
:105ED00000F0B2B9280C002470B5164C0546B4F891
:105EE000541004F15602D2E85F3F994202D8BFF342
:105EF0002F8F04E0581CC2E8560F06B1F3E79BB29F
:105F0000994205D829460220BDE87040FEF79FBFA0
:105F100004F15800FFF74EFFE36D43F82050637A19
:105F200023B9054B4FF080525A6070BD0123A37214
:105F3000FBE700BF280C002400ED00E0EFF3108326
:105F40002BB9EFF31180003818BF012070470120F2
:105F500070470378F12B00D07047C068F9E7000064
:105F600010B5C469621CD0E904310CD103B1596188
:105F700042691AB113610023436101E0074A1363C8
:105F80000023C36110BD1BB1DA6959612244DA6193
:105F90004269002AEED1014AD362F1E7280C0024BD
:105FA00001230A4A90F9201043701C32936810B5FF
:105FB0001BB193F920408C4205DCC0E902329060AD
:105FC00003B1D86010BD1A469B68F1E7280C002485
:105FD000014B5869704700BF280C002408B500F039
:105FE00031FEDFF810C000DF4FF0FF31002000F07D
:105FF00007FEFEE7D5640408930710B502F001041C
:1060000022D400F1280384B153E8000F00EA010212
:106010008A4203D0BFF32F8F002005E020EA01025F
:1060200043E8002404B1EFE710BD53E8000F084235
:1060300003D1BFF32F8F002005E020EA010243E8DF
:10604000002404B1F1E7EFE7806A01EA00031CB124
:10605000994218BF0020E7E7002B08BF0020E3E7C4
:10606000084A0021136B10B53BB94FF0FF34C0E96B
:106070000431C46121B1086110BD19461B69F3E701
:106080001063F9E7280C0024002310B503800446B0
:1060900083789A0708D513F0100F016B0E4B0FD0C1
:1060A000D3F88400FFF723F8A378DB0712D50A4B57
:1060B0002146D3F8880038B1BDE81040FFF717B883
:1060C000586FFEF7B6FFEFE7D3F88000BDE8104049
:1060D000FEF7AFBF10BD00BF280C0024C2780346F6
:1060E000D20701D4FFF7D0BF042242700022C26061
:1060F000034A516B816001B1C8605363704700BFB0
:10610000280C002491F92020836810B51BB193F965
:106110002040944205DAC1E90230816003B1D960C0
:1061200010BD18469B68F1E783689A68826002B1E7
:10613000D06000221846DA607047C2682AB18368CE
:10614000936003B1DA600023C360704710B5014665
:10615000044664B12378F12B07D00846FFF7EDFF22
:106160002046BDE81040FFF7CDBFE468F1E710BD61
:106170000123014643700148FFF7C4BF440C0024CB
:1061800070B50B4D2E7A022E10D16C6A74B169690C
:1061900094F9202091F920309A4207D12046FFF748
:1061A000CCFF0846FFF7E4FF6670AC61002070BDCD
:1061B000280C002438B5164DEC6A44B3E369013B62
:1061C000E36123BB6378732B06D009D8532B0BD024
:1061D00003F0DF03432B0DD12046FFF7BAFE09E0A1
:1061E00003F0EF03832BF6E72046FFF7B2FE2146CC
:1061F000FFF7BEFB2046FFF7A0FFFFF7B9FF2469BA
:1062000024B1E369002BDDD000236361EC6238BD6B
:10621000280C002490F82230826B13F0100F0CBF72
:10622000602020201044704702234370014B986186
:10623000704700BF280C002470B5124D04462E7A1A
:10624000696990B9022E0FD16C6A6CB194F9202063
:1062500091F920309A4207DD2046FFF76EFF08468D
:10626000FFF79EFE6670AC6170BD022E05D190F9FD
:10627000202091F920309A42F1DC2046BDE87040A0
:10628000FFF776BF280C00242DE9F04F85B081463A
:10629000029128B96FF00301002400F0B1FCBCE0CA
:1062A000002A45D0966846B1B40702D1D368432B83
:1062B00006D86FF008010020EEE7D368002BF8D174
:1062C0009769D2E904453CB1600702D1002D40F046
:1062D000B2806FF00A01EEE72FB17B1E372B03D996
:1062E0006FF00B01E7E71827002D40F0A880D2E9F6
:1062F00000A301934EBB574BD3F88800F0B1FEF7D3
:10630000DCFE064600283AD04FF00108002C44D1AC
:10631000DFF840B1E5B9504ADBF88400556DB8B1FB
:10632000FEF7CBFE0246E0B148F01008344623E009
:1063300092461446182715460192DCE701224421B3
:10634000D3F88000FEF740FEDBE74FF00008DDE702
:1063500022462946DBF87400FEF736FE0246002886
:10636000E4D1B8F1000F16D0DBF8882052B1104606
:106370003146FEF7BCFE002248F002087CB96FF0FF
:10638000040198E73146DBF880000392FEF751FEE6
:10639000039A1446F0E74246EEE72246344640F2BE
:1063A000F1137FB2FD2184F802802380019BC4F8A1
:1063B00004A0E370002384F8207084F821706184C5
:1063C0006563C4E90233C4E90433C4E90633C4E9AC
:1063D0000933C4E90B32A5F140031344C4E90E3973
:1063E0001E4B13601C4B1B685B071AD4A36B002069
:1063F0001A4603F1340143F8040B9942FBD1184BC0
:106400002046C2E90D394FF08073D363029B1362BB
:10641000104B144A1A66FFF70FFF204605B0BDE87F
:10642000F08FAD084FF0CC33113D002DDED0013D93
:1064300042F8043FF9E7002F7FF44FAF18276907B0
:106440007FF447AFA5F14801074B99427FF64FAF64
:106450003FE700BF280C0024DC710608A52E5AE295
:10646000DD5F040891640408B7FFFF7F38B5044678
:106470001546FFF7CFFE01602046FFF771FD1DB105
:10648000BDE83840FFF7D8BEBDE83840FFF770BE22
:1064900010B543780446332B0CD1416A90F8232081
:1064A000FFF7AAFD014628B120460022BDE81040B2
:1064B000FFF7DCBF10BD10B50446806918B100229B
:1064C0001146FFF7D3FF6378232B02BFA368002296
:1064D0009A6110BD70B50F4C267A022E18D1636AEE
:1064E000B3B16569E86AFFF721FA2846FFF7E3FFD1
:1064F00004F11C00FFF718FE4670A061EFF309835A
:10650000AB63002328466361BDE87040FFF7E6BD3A
:1065100070BD00BF280C002410B5044610B10378EC
:10652000F12B07D020466FF0030100F069FB6FF0FC
:10653000030010BD437803F00F03022B1ED0032B82
:106540002BD0012B2ED1FFF7F8FDE06AFFF7EEF913
:106550002046FFF7B0FF6178022926D11548FFF7E2
:10656000E3FD154B41709861EFF30982A2630022AD
:106570005A612046FFF7B2FD0020DAE70E4B1A7A87
:10658000022A02D15B6A002BDFD16FF002012046A4
:1065900000F036FB6FF00200CBE7FFF7CEFDFFF710
:1065A000DFFCD2E76FF00201F2E70020FFF744FEC4
:1065B000DFE700BF440C0024280C002470B504461B
:1065C00020B10378F12B01D1002908DA6FF003051F
:1065D0006FF003012046FEF79AFA284670BD437813
:1065E000042B06D16FF002016FF00205FEF78FFA5F
:1065F000F3E700F1280353E8002F42EA010543E8DE
:10660000005606B1F7E74378332BE6D1416A90F89C
:106610002320FFF7F1FC01460028DED094F8233058
:1066200001229B0756BF656A054620EA05052046FC
:10663000FFF71CFFD1E7000038B5174C0246237A5C
:10664000022B27D1606A60B160694B1C427009D18E
:10665000FFF706FD1148FFF767FD02234370A061B5
:10666000012038BDE36A002213B1DD69A9420BD2D3
:10667000C161C0E904325AB11061002BEAD0DA6975
:106680005861511AD961E5E71A46491B1B69EBE7C6
:10669000E062F2E70020E4E7280C0024440C002428
:1066A000F8B5164B05460F4616465C693CB92046C0
:1066B0006FF00701FEF72BFA4FF0FF30F8BD00280E
:1066C00007DA20466FF00301FEF721FA6FF00300AE
:1066D000F4E70A4601462046FFF78EFC0028EDD17C
:1066E0004EB131463320656284F82370FFF7A4FF72
:1066F0006FF00100E2E76FF00200DFE7280C0024F2
:1067000038B50D4C00210D48A26DFFF7BDFD0C4DB5
:10671000636EA8625BB1984758B9E26DE96C206E70
:10672000FFF7B2FDA864003818BF012038BD012072
:10673000FCE70020FAE700BFDC710608716B040873
:10674000280C002410B50446EFF3058333B1002074
:106750006FF0050100F054FA002010BDFFF7EEFBCA
:106760000028F4D12046DFF808C000DFF5E700BFBD
:106770008962040808B5EFF3058313B1054B586926
:1067800008BDFFF7DBFB0028F8D1DFF80CC000DF05
:10679000F6E700BF280C0024D15F040808B5EFF32A
:1067A00005833BB100206FF0050100F029FA6FF07E
:1067B000050008BDFFF7C2FB0028F3D1DFF804C0D5
:1067C00000DFF6E78161040810B5044600F046FAE0
:1067D000EFF305833BB120466FF0050100F010FA9E
:1067E0006FF0050010BDFFF7A9FB0028F3D120468C
:1067F000DFF804C000DFF5E719650408024638B584
:10680000EFF305834BB192B96FF003046FF003010E
:106810001046FEF77CF9204638BDFFF78FFB0028B5
:10682000F1D11046DFF844C000DF0446F3E71378E7
:10683000F12BE9D10029E7DB5378042B07D16FF066
:10684000020110466FF00204FEF761F9E3E702F17E
:10685000280353E8000F40EA010443E8004505B16E
:10686000F7E71046FFF738FBD5E700BFBD65040822
:1068700010B50446EFF305833BB100206FF005012E
:10688000FEF745F96FF0050010BDFFF757FB002834
:10689000F3D12046DFF804C000DFF5E7A166040865
:1068A0000C4A30B5536C002413B11D698D420AD9CE
:1068B0000161C0E902431BB11D699860691A196141
:1068C0002CB1E06030BD1C46491BDB68ECE750642E
:1068D000F8E700BF280C00242DE9F041184D6C6C3E
:1068E00054B3236901276E69013B2361236913BBFC
:1068F000E3680BB1A2689A606B64002304F118018D
:10690000E86C1A46FEF740FE58B121460320D5E94F
:1069100005836B61FEF79BFA6B6913B9B04508BF3D
:106920000026E378012B09D161692046FFF7B8FF03
:106930006C6C002CDAD16E61BDE8F0816770F7E70E
:10694000280C002408B5FEF70DFE18B9034B044AC5
:106950001A6508BD4FF0FF30FBE700BF280C00248C
:10696000D9680408044607B54FF0FF330022694692
:106970002046FEF749FE0028F6D1DDE900309847B1
:10698000F2E7000008B5094A094B1A60094B9B1A47
:10699000094A1360094A0A4B1A600A4B9B1A0A4AB1
:1069A000136000F051F800F083F800BF00FC0724EA
:1069B0003C460024000008243846002440150124E9
:1069C000BC60002400FC0724B860002438B50E48E1
:1069D0000B250E4B1C24456003600D4BC460836087
:1069E000FEF7ECFF0B4B18600B480C4BC460C0E982
:1069F00000350B4B8360FEF7E1FF0A4B1860BDE8E2
:106A000038401AF0B3B900BF08460024B072060837
:106A10001C46002418460024D8450024BD720608F0
:106A2000EC450024E8450024FDF746BC024B4FF03E
:106A3000FF311868FEF7DABF18460024014B1868CA
:106A4000FEF7ECBF1846002408B505F025F90C4BFD
:106A50000C4998684FF00053C21802F16042126866
:106A600043F8042B8B42F7D1054B4FF000529A604C
:106A700014F0ACFD17F026F8BDE8084000F015B89A
:106A800000ED00E0980200207047704708B500F064
:106A900043F8FFF7F9FFFFF799FFFFF7F6FF06F05E
:106AA00013FABDE80840FFF7BFBFFEF7DBB90000EF
:106AB000114C124B23614FF4004363614423E360A4
:106AC0000F4BA3601823A3610E4B07B5224600218C
:106AD0000D482360FFF736FE034628B922460B49CE
:106AE00000900B4806F000FAFEF7D4F9002309499C
:106AF0001A460093F5E700BF78F30024787300246A
:106B000040460024D77206088D6A0408DC72060825
:106B10001D010180F87206081FB5064B6C460FCBAD
:106B200084E80F002046FEF749FF034B186004B0CD
:106B300010BD00BF107306087073002473B50646BD
:106B40000C46154606F0C2F958B9063432462846B6
:106B50002ABF054B054953F824100023009306F083
:106B6000C3F902B070BD00BFD474060828740608CB
:106B700008B500F0F7F80000002307B5421E0093A7
:106B80000023042A19D8DFE802F003080C101400CF
:106B900001220C490C4806F0A7F902220B490C48C7
:106BA000F9E703220B490C48F5E704220B490C488E
:106BB000F1E705220B490C48EDE702460B490C486A
:106BC000E9E700BF2073060825010280417306082B
:106BD0002601028066730608270102809B7306085F
:106BE00028010280D67306082A010280167406085E
:106BF000000102800146014AFFF7A0BF3101018078
:106C0000014AFFF79BBF00BF32010180014AFFF735
:106C100095BF00BF37010180014AFFF78FBF00BF5A
:106C20003301018011F1110F02D0024AFFF786BF34
:106C3000704700BF34010180014AFFF77FBF00BFEA
:106C40003801018010B5FFF795FD034B1B6813B1A8
:106C5000BDE81040184710BD84460024024B1B6855
:106C600003B11847704700BF84460024024B987A4E
:106C7000003818BF01207047280C002408B5FEF723
:106C80004DF90022064906F03DFAC31C04D98B22B7
:106C90000449054805F090FEBDE80840FEF752B9EA
:106CA0006D6C04080F75060821750608B0F57A7F2B
:106CB00010B50C4604D0322219491A4805F07CFE62
:106CC00005F030FB0028184A16DB00F16043F02184
:106CD00003F5614383F80013916800F1100341F854
:106CE0002340BFF34F8F926852F823309C420AD062
:106CF0003F220B490D48E1E700F00F03F021043B70
:106D000013441976E8E7002808DB0123420900F064
:106D10001F0003FA00F0064B43F82200002010BDCC
:106D20000F7506084E75060800ED00E05B75060855
:106D300000E100E008B506F06DF9BDE8084005F097
:106D40001CBC0000014B186805F04CBCE85F002437
:106D5000014B186805F008BCE85F002408B505F091
:106D6000E1FA08BD024C08B523689847FCE700BF6C
:106D7000CC0C00240C30704703680BB10846184750
:106D8000704710B50446FCF707FF204610BD08B554
:106D9000FCF7E0FF08BD0000044B0022C3E901221C
:106DA0001A611A60024ADA60704700BF8846002400
:106DB000796D040810B50022034600F1110403F8B0
:106DC000012B03F8012B9C42FBD1418210BD000036
:106DD00042F60211024808B5FFF7ECFF08BD00BFFC
:106DE0009C46002408B5FAF79AFC08BD10B5044685
:106DF000FCF7D2FE204610BD08B5FFF7C8FF08BD5E
:106E0000D0E90032096812F0010F01EB620005D0F1
:106E100010B454100A595DF8044BD3581847014672
:106E2000043008B5FFF7ECFF08BD0000034A034635
:106E3000C26007C983E80700704700BF887506086D
:106E400010B588B0059108A902AC019001E90C00C9
:106E500005A984E80C00FFF7E9FF019808B010BD10
:106E600037B56C46054684E80C0094E80C00FFF743
:106E7000E7FF284603B030BD08B5FFF7D0FF08BDD7
:106E800008B5FFF7F9FF08BD0068704710B5044664
:106E9000FAF740FC204610BD10B50446FAF73AFC5C
:106EA000204610BD10B504460021FBF78DF82046A2
:106EB00010BD08B5FFF75EFF0068003818BF01205D
:106EC00008BD884238B5044606D00D46FAF722FCC4
:106ED00020462946FCF760FE204638BD884238B57A
:106EE000044606D00D46FAF715FC20462946FCF765
:106EF00053FE204638BD08B5FFF73CFF0068003858
:106F000018BF012008BD10B504460021FBF75CF84E
:106F1000204610BD70B504460D46FFF7CAFF28B9DC
:106F200040F202220649074805F046FDE068FFF7F7
:106F3000ABFF294603462046BDE87040184700BF16
:106F4000B87506085070060808B5FFF7E3FF08BDDE
:106F500070B504460D46FFF7CEFF28B940F2022275
:106F60000649074805F028FDE068FFF78DFF294630
:106F700003462046BDE87040184700BFB8750608B4
:106F80005070060808B5FFF7E3FF08BD10B50446CA
:106F900006F090FE204610BD10B5084C204606F0C5
:106FA00049FE00232046064A84F82430236305491D
:106FB000C4E90A33BDE8104006F0D6B9B046002453
:106FC000000000248D6F04080268904B9A422DE95E
:106FD000F04393B040F0178105F0E6FD8C4B0022A2
:106FE000C3F88420BFF34F8FD3F8802043F6E074BA
:106FF000C2F3C900C2F34E32520102EA040601464E
:1070000046EA81750139C3F87452F9D2203A12F177
:10701000200FF2D1BFF34F8FBFF36F8F0022C3F861
:107020008420BFF34F8F5A6922F480325A61BFF334
:107030004F8FD3F8803043F6E070754CC3F3C9012D
:10704000C3F34E335B0103EA00060A4646EA827543
:10705000013AC4F87452F9D2203B13F1200FF2D157
:10706000BFF34F8FBFF36F8F05F0B4FD694B01265F
:107070000025D3F8E0204FF400470DA9664842F000
:1070800001024FF0300902244FF00308C3F8E0205A
:10709000D3F8E02002F001020192019AD3F8E02037
:1070A00042F00402C3F8E020D3F8E02002F004022A
:1070B0000292029AD3F8E02042F04002C3F8E020A6
:1070C000D3F8E02002F040020392039AD3F8D820CC
:1070D00042F40042C3F8D820D3F8D82002F400428A
:1070E0000492049AD3F8D82042F48032C3F8D8200E
:1070F000D3F8D82002F480320592059AD3F8D8202C
:1071000042F40032C3F8D820D3F8D82002F4003279
:107110000692069AD3F8E02042F40072C3F8E02009
:10712000D3F8E03003F400730793079BCDE90D76A5
:10713000CDE90F550AF02EFF0DA93848CDF834904F
:107140000AF028FF3246102134480BF009F8324685
:10715000202132480BF004F80DA931480E960D9409
:107160000F950AF017FF324621462D480AF0F8FF26
:10717000192008F071FF39462A4627480AF0F0FF27
:10718000642008F069FF3246394623480AF0E8FFD8
:107190000B274FF4605308A922480A95CDE908341B
:1071A000CDE90B870AF0F6FE08A91C480C97CDE93B
:1071B0000844CDE90A580AF0EDFE08A917480C97D3
:1071C000CDE90894CDE90A480AF0E4FE802308A935
:1071D00013480C97CDE90834CDE90A680AF0DAFEC5
:1071E000042308A90E480C97CDE90834CDE90A48D4
:1071F0000AF0D0FE08A90A480C97CDE90844CDE969
:107200000A580AF0C7FE13B0BDE8F08300800240C0
:1072100000ED00E000440258002402580008025823
:10722000000002580018025830B570B1CC6864B143
:107230008A6852B10B6943B10D6849688560C160C5
:107240008361C0E90424002030BD4FF0FF30FBE72C
:1072500073B5002346680446019366B1A369984755
:107260000546A3699847431BB3F5FA6FF9D9012383
:107270000025636027E0836803B198472023002539
:107280002360636901AA12213046984700281DDB5C
:10729000019B03F01F03B3421AD10025266020682A
:1072A0001F2833D87DB923694FF4004229469847F7
:1072B00000282EDB636901AA294620689847002828
:1072C0000ADA6FF00405284602B070BD6FF00405BD
:1072D0000136202ED5D1E2E7A36998470646019BE7
:1072E0001B0402D4002DB9D0EDE7A3699847801B99
:1072F000B0F5FA7F07D8636901AA00212068984792
:107300000028ECDADDE76FF00105E8E76FF0020531
:10731000D9E76FF00305D6E737B500254369044682
:1073200001AA0121006801959847A84203DA6FF08D
:10733000040003B030BD636901AA012120689847A9
:107340000028F4DB019B5B072CD5636901AA294661
:10735000206898470028EADB019BDD040ED403F483
:107360000452B2F5045F01D10220E2E7980401D58E
:107370000320DEE7D90513D50420DAE7636901AA03
:107380001F21206898470028D1DB019BDA040BD528
:1073900003F01C03182BE7D0082BE9D0142BEBD0FB
:1073A0000520C6E70120C4E70620C2E740F2DC5012
:1073B0007047002070470620704770477047C0F83C
:1073C0006C1170470020704713F03AB804300AF08F
:1073D00007BB08B504300AF003FBA0F110035842C4
:1073E000584108BD10B5041D20460AF0F9FAE028FE
:1073F00007D1204609F020FE2046BDE8104009F0E4
:107400009FBD10BDF0B500F582779FB006460D46D2
:10741000384606F017FC7822002168461AF0A8F9D1
:1074200000226B462C4611460CB30A2911D10024C8
:10743000184A1949022004F0ADFDAB7B012B02D99B
:10744000284600F087FD384606F01AFC20461FB09B
:10745000F0BD6068186060890244586009B143F863
:10746000043C246804B99C6001310C33DCE70B490F
:10747000301D4A603222C1F808D009F007FE0346E9
:1074800028B1074A0220044904F084FDD5E701240D
:10749000D3E700BFC3750608EA7506080C47002449
:1074A000EF750608032A0846024928BF03221AF08E
:1074B00061B800BF1B7D060808B5044A08200449CE
:1074C00004F068FDBDE8084005F062BE17760608C6
:1074D000EA75060810B5064C06492046FFF7A4FEDB
:1074E0002046FFF7B5FEB0FA80F0400910BD00BF9E
:1074F000EC460024D00C00240148FFF70DBF00BF6C
:10750000EC4600240238032815D8DFE800F0020A10
:107510000C114FF400530B604FF4804301201360B3
:1075200070470023F7E74FF400530B600023F5E7A3
:1075300000230B60F2E70020704708B500F0F2FA74
:1075400008BD000030B5051D85B000230C46284657
:1075500001A9009309F072FE48B96946284609F06E
:10756000B8FE38B1184A0220184904F013FD4FF054
:10757000FF3026E0284609F0C9FE0099002911DDF8
:10758000019B03F01F020A44BFF34F8F10481A44B7
:10759000C0F85C322033D11A0029F9DCBFF34F8FD9
:1075A000BFF36F8F4FF4C172BDF80010002000F0E0
:1075B00003FD206028B1BDF80020019900F082FD94
:1075C000002005B030BD00BF22760608EA75060827
:1075D00000ED00E03D200022072108B509F090F8F9
:1075E0003D20BDE8084009F0BDB80020704700000C
:1075F0000022064B1B680270802243714270E12218
:1076000082701A0CC2701A0A0271704700E8F11FEA
:1076100010B50446FFF7E9FF20B92046BDE8104049
:10762000FFF7E6BF10BD000070B586B0044609F054
:10763000BBF82F492F4B02AD012604342846ADF884
:107640000860CDE903134FF08073059309F0CEF87D
:1076500040F201132848ADF80830284BCDE9030368
:107660004FF480332846059309F0C0F8042009F050
:10767000ABF8234B28462360FFF7CAFF214B656018
:1076800008202361204B2672E36040F2F4531F4A26
:1076900063610A231E490093042304F07BFC204607
:1076A0000AF08CF8054600BB1A4E01463022301D08
:1076B0001AF05EF8212333604FF44033C6E90453D7
:1076C000154E2946013532460023204606F5BF6691
:1076D00009F018FC042DF4D1104A08200C4904F0DC
:1076E00059FCFFF7F7FE06B070BD0020FBE700BFB6
:1076F0000000043009000003004004300D000003C6
:107700000080024000000430000104304D7606087D
:10771000EA7506080C470024000404306776060862
:10772000084608B5FFF774FF012008BD002307B520
:107730001A4602490248009305F0D6FB81760608F6
:1077400005001180002307B51A460249024800933C
:1077500005F0CAFBB57606080500118038B50D4B5B
:1077600000250446036000F5827040F8485C06F08E
:1077700061FA04F5947006F05DFA04F5A670FFF75F
:10778000C2FB04F5AE70FFF78DFB2046C4F87051C4
:1077900038BD00BF5077060810B50B4C2378BFF3F7
:1077A0005B8FDB070ED4204605F0EEFD50B1074895
:1077B000FFF7D4FF204605F009FE054A05490348B6
:1077C00005F0D2FD014810BDE446002440470024E6
:1077D000000000243178040837B50D4604460192B4
:1077E000FFF7DAFF019B2A462146043009F078FEB4
:1077F000003818BF0120404203B030BD37B50D46F8
:1078000004460192FFF7C8FF019B2A462146043037
:1078100009F094FE003818BF0120404203B030BD8B
:1078200008B5FFF7B9FF043009F08CFF002008BD50
:107830000A4B10B50446036000F5AE70FFF72CFB51
:1078400004F5A670FFF722FB04F5947006F032FAF7
:1078500004F5827006F02EFA204610BD5077060817
:1078600008B500F5A670FFF72CFB08BD08B500F5BC
:10787000AE70FFF733FB08BDF0B59DB00446FFF7CF
:107880003BFE01280546D4F8707139DD012F18DC64
:1078900001AA02A9FFF736FE18B94FF40053CDE94B
:1078A0000130261D03A9304609F07AFE019B03A989
:1078B00030460993029B089309F038FF304609F0DF
:1078C00071FB04F5AE763046FFF7F3FA60B1012D97
:1078D0000EDD012F08DC01213046FFF735FB114A90
:1078E0001149082004F056FBC4F870511DB0F0BDDA
:1078F000012FF9DD00213046FFF726FB0B4AEFE7A9
:10790000012FDEDD0A4B4FF00052C3F88420BFF395
:107910004F8FBFF36F8F201D09F08EFB2046FFF7BE
:1079200059FECEE7E9760608EA75060808770608E4
:1079300000E100E073B50446002600F59475284682
:10794000019606F07FF901A92046FFF7FBFD00280C
:1079500004DA284606F094F902B070BD019919B115
:1079600004F5A670FFF70EFB284606F089F9E6E756
:1079700038B50E4C05462378BFF35B8FDA0708D481
:10798000204605F001FD20B1094B20461D6005F0A1
:107990001DFD074C4FF0FF3200210120FEF768FF6C
:1079A000C307F7D52068FFF7C5FFF3E7E8460024D3
:1079B000B8480024D0E90032096812F0010F01EB49
:1079C000620005D010B454100A595DF8044BD35826
:1079D00018470146043008B5FFF7ECFF08BD00006A
:1079E000034A0346C26007C983E80700704700BF27
:1079F0003C77060810B588B0059108A902AC019043
:107A000001E90C0005A984E80C00FFF7E9FF0198E3
:107A100008B010BD37B56C46054684E80C0094E804
:107A20000C00FFF7E7FF284603B030BDF0B5054670
:107A30008DB005F097FB2846FFF7F6FD06460028B7
:107A40004ED02022002104A819F092FE264B4FF4BC
:107A50000060039319F03CFA05F1C00303AA29461C
:107A6000079005934FF4006320480893442306933E
:107A700028230993FEF766FEC5F8BC0003F0AAFDB3
:107A80001B4B07461A4A01930023294603A8029379
:107A9000FFF7C0FF1021384603F048FB0446A0B1B1
:107AA00003A9FFF7A3F92046C82103F0E2FC204612
:107AB000C82103F0E1FC20460E4903F0E0FC224619
:107AC0000D49384603F0F2FB044603A8C5F874419B
:107AD000F9F725FE0A20FCF70FFE2846FFF77AFD8E
:107AE00030460DB0F0BD00BF287706087179040854
:107AF00079780408E56D0408F96D040808B5FFF706
:107B000068FF08BD08B5FFF7F9FF08BD08B5FFF726
:107B100043FED0F8BC0020B10121BDE80840FEF7CB
:107B20006DBE08BD08B5FFF737FE0430BDE808405C
:107B300009F032BC130911D051F804CB40F804CB42
:107B400051F804CB40F804CB51F804CB40F804CBF7
:107B500051F804CB40F804CB013BEDD112F00F03F8
:107B600005D011F801CB00F801CB013BF9D17047EA
:107B70000222002373B504460E4600681146FCF746
:107B800083FF021E01DB930709D40023164917481F
:107B9000009305F0A1F94FF0FF3002B070BDFDF782
:107BA0008FF994F824300546012103F10A020133CC
:107BB00003F0070344F82260206884F82430FCF7BF
:107BC0001FFF94F8243094F82520013303F00703B5
:107BD000934203D102212068FCF740FF2846FDF7BD
:107BE00085F90020D9E700BF987706080F010380C8
:107BF00013B504464FF0FF310068FDF7F7FE30B1D2
:107C00000023224603490448009305F06DF902B0B1
:107C100010BD00BFB07706081501038013B50446F8
:107C20000068FDF7FBFE30B10023224603490448FB
:107C3000009305F059F902B010BD00BFC6770608E1
:107C400017010380094B07B54FF0FF311868FDF7A6
:107C5000CDFE30B10023064906481A46009305F0D0
:107C600043F9012003B05DF804FB00BFB8F3002422
:107C7000DE77060815010380074B07B51868FDF786
:107C8000CDFE30B10023054905481A46009305F0A2
:107C90002BF903B05DF804FBB8F30024F67706086F
:107CA0001701038070B5064609200D4600F006F95D
:107CB000044660B1012301460370C0E9016505482F
:107CC000FFF756FF28B12146092000F003F94FF0D5
:107CD000FF3070BDBC480024F8B5044600286ED0C3
:107CE000830705D0FFF7AEFFBDE8F840FFF7C4BF3C
:107CF000334EA0F108053368AB42F3D8314F00F1A1
:107D00000C0339689942EDD32F48FFF771FF14F83F
:107D1000043C1BB92C48FFF781FFE3E734F8080C5B
:107D2000B0F57A5FF6D834F8062CB2F57A5FF1D860
:107D30003368A5EB030C1FFA8CFC944502D09A5AC9
:107D40006245E7D119183E68B14202D04A886245BF
:107D5000E0D1002204F8042C1C4A1768AF4288BF07
:107D600015608D4211D00F797FB9B1420DD01668E0
:107D7000B142195A24F8081C195A08BF1560B1F508
:107D80007A5F1CBFC918A1F802C034F8061C581845
:107D900085420FD006796EB91668B54208BF1060EB
:107DA00034F8082C5A5234F8082CB2F57A5F1CBF0C
:107DB0009B1859800448BDE8F840FFF72FBFF8BD75
:107DC000384900243C49002408490024044900247F
:107DD0002DE9F041002850D0C41C24F00304A4B2C3
:107DE0000B2C04D9B4F57A5F02D9002045E00C24AD
:107DF000A042FAD826486FF00708FFF7F9FE254B96
:107E00002548C4F57A5E19680268531A9BB2734517
:107E100003D31F48FFF702FFE7E7CD18CF5A95F8C5
:107E200004C0BCF1000F30D1A8EB03063E44A642CB
:107E30002BD304F1140E764521D308341C44A6B28A
:107E400011FA84F484F804C08F53638001232E80D8
:107E50002B718B5BB3F57A5F01D00B445E80AA4235
:107E600006D10E4B1B6814790CB193420AD1026003
:107E70000748FFF7D3FE05F10800BDE8F0810123B4
:107E80002B71ECE712880A44EDE73B46BFE700BFE1
:107E90000849002438490024044900243C490024AE
:107EA00010B50446FFF7CEFE23681C680CB12268AB
:107EB0001A60FFF7E1FE204610BD00000E2805D82D
:107EC000034B53F820000830FFF7EABF002070474B
:107ED000C47806080E2838B50C460DD861B1074B9A
:107EE00053F82050FFF7AEFEAB681A6822601C60A2
:107EF000BDE83840FFF7C0BE38BD00BFC4780608F3
:107F000008B5FFF79FFE084B00221A70FFF7B4FE7A
:107F1000064B186800B908BD436F1BB1BDE80840A7
:107F200000F00AB9C068F5E7BD0D0124C40D0124B5
:107F300070B506460D200C461546FFF7BFFF40B151
:107F400000230481448143730573C0E90036012393
:107F5000C38170BD70B5044660B30025FFF772FEA3
:107F6000A67B013EF6B2A673FFF786FE4EB9637B91
:107F700026689B0709D52369204698470135EDB24D
:107F80000EB9284670BD3446E8E7237B03F00F03A3
:107F9000022B04D121460E20FFF79CFFEEE7012BB8
:107FA00002D121460D20F7E7002BE7D12046FFF74D
:107FB00093FEE3E70546E4E7B2F5C17F2DE9F0471C
:107FC00006460F4685B230D007D822F04003012B79
:107FD00026D000242046BDE8F087B2F5207FF8D1F6
:107FE0000335CB1C25F0030523F003031D44ADB27C
:107FF00005F110009D4280B2EBD38342E9D8FFF730
:10800000E7FE04460028E5D0064400230781133626
:108010000360284B26F003064781C3604660D9E71A
:108020000020BDE8F047FFF783BF0026DFF89090FF
:108030003446B0460E20B246FFF740FF0646C8B9A8
:108040001D4DFFF7FFFD01232F782B70FFB2FFF7C7
:1080500013FE4FB931461948FFF724FE20B1FFF750
:10806000F1FD2E70FFF708FE002CB2D02046FFF77E
:1080700071FFAEE7EB1C0544C0F8008023F003035A
:1080800013350781C3F5147325F00305C0F80C9070
:108090009BB24560BB4228BF3B4643813CB1CAF816
:1080A0000000FB1A00259FB2002FC3D192E70446BF
:1080B000F7E700BF80000100BD0D0124017F040827
:1080C000820001002DE9F0410F4614460546B8B183
:1080D000B1B10389934216D34FF0000814B920467A
:1080E000BDE8F0816E8907EB08016868A64228BFE9
:1080F00026463246A41BFFF71DFDB0442D68EDE770
:108100006FF00F00ECE74FF0FF30E9E710B50446E1
:1081100048B1406808B1FFF71DFF21460420BDE8C3
:108120001040FFF7D7BE10BD10B500B910BD0468F0
:10813000FFF7ECFF2046F8E710B50446406F18B192
:10814000FFF7F2FF0023636710BD0000F8B5054696
:10815000064655F8044B8CB90D4F386818B14FF0EE
:10816000FF31FDF743FC346824B928462C4605F05E
:1081700061FD3560386808B1FDF750FCAC4204D0B1
:108180008B220449044804F017FC2046F8BD00BFC8
:10819000707300242479060833790608704710B5F7
:1081A0000446702105F066FB204610BD08B5034863
:1081B000FFF7CCFFBDE8084005F044BD7C49002432
:1081C00008B50348FFF7C2FFBDE8084005F058BDF9
:1081D0007C490024084B13B504460360C266019134
:1081E000FFF7E4FF0199201D10F0BCFC2046FFF7CB
:1081F000E7FF204602B010BD60790608036801223F
:1082000000211B691847036800221B6911461847A3
:1082100000F59E7005F016BD00F59E7005F030BDAE
:1082200010B50446F9F776FA2046FBF7AFFC204676
:1082300010BD00002DE9F84304460546114B0F46DA
:1082400004F1AC0604F59E7945F8043B9046002104
:10825000A822284619F08CFA30461036F9F7DCFED1
:10826000B145F9D1484605F0E5FC42463946284675
:1082700011F05AFD28462246034911F0B3FB20466F
:10828000BDE8F88378790608678304082DE9F04192
:108290000368044616460F469B6804F1040804EB85
:1082A000061598473846AC35FBF74BFDA0B128467C
:1082B000FBF747FD08B904F055FF39462846FBF7A0
:1082C00033FD01224046314611F034FD236820463B
:1082D000DB68BDE8F04118472846FBF732FD08B1DE
:1082E00004F056FF2846FFF79BFF0022EAE7000054
:1082F00070B5164B86B0044600250360002102A825
:10830000FBF7F4FA02A9EAB220460135FFF7BEFFF7
:1083100002A8F9F704FA092DF0D1201D04F59E7585
:1083200004F1AC06019011F069FB019811F08AFB91
:10833000284605F0BFFCB54204D0103D2846F9F7A9
:10834000EEF9F8E7204606B070BD00BF7879060860
:1083500010B50446FFF7CCFF4FF4B071204605F08E
:1083600089FA204610BD00EB011110B501F1AC04F3
:108370002046FBF7E6FC10B12046FBF7EBFC10BDF6
:1083800007B5019004F010FC0121019811F022FEC4
:1083900003B05DF804EB04F01DBC07B5019004F0D8
:1083A00003FC0021019811F015FE03B05DF804EB09
:1083B00004F010BC07B5CDE9001004F0F5FBDDE9D1
:1083C000001011F003FE03B05DF804EB04F002BCF2
:1083D000094B30B51A46094CD3F89450A542FBD14D
:1083E000036829B181680B604FF44073536130BD5D
:1083F000C1681B04F7E700BF006402580003008057
:108400004168034630B471B1D0E9032000F00104A3
:1084100002B944B1451001EB60000CB149598A58CA
:10842000996830BC104730BC7047036870B504468B
:108430000D461B68984704F130002946C4F8CC501B
:1084400012F00AFC236820465B68BDE870401847BC
:108450007FB506461D46044656F8303BCDE902215D
:108460001B6898479DF82030304683F00103DDE912
:10847000022100932B4612F0E5FD236806462046B4
:108480005B689847A81B18BF012004B070BD7FB57A
:1084900006461D46044656F8303BCDE902211B68CE
:1084A00098479DF82030304683F00103DDE9022132
:1084B00000932B4612F060FD2368064620465B6859
:1084C0009847A81B18BF012004B070BD70B590B0CC
:1084D0000D46144600211C2202A819F049F9012674
:1084E0000023294602A800961A4603F0FAF81C2237
:1084F000002109A819F03CF90023214609A81A46D1
:10850000009603F0EEF80A9B1A68099B1A4203D101
:108510006FF0010010B070BD039B1968029B1940F9
:1085200046D109A80A24FFF745FF09A8FFF728FF4D
:10853000002109A8FFF73EFF002109A8FFF748FF27
:10854000052005F0E3FA012109A8FFF733FF012117
:1085500009A8FFF73DFF052005F0D8FA013CE7D157
:1085600002A8FFF70DFF214602A8FFF731FF052003
:1085700005F0CCFA012109A8FFF72AFF052005F034
:10858000C5FA012102A8FFF723FF052005F0BEFA76
:1085900002A8FFF702FF09A8FFF7FFFE0A9B1A686F
:1085A000099B1A42B4D0039B1A68029B1A42AFD0AF
:1085B0000020AFE710B504460021F9F705FD20467D
:1085C00010BD0022034600F1280143F8042B03F8F4
:1085D000012B9942FBD1704708B5D030FFF7B6FDAB
:1085E000BDE8084005F02EBB08B5D030FFF7AEFD62
:1085F000BDE8084005F044BBF8B51B4B04460D46EA
:10860000164640F8043B04F13007FFF7D3FF002182
:10861000164B9C22A18538466361A461C4E9071109
:10862000C4E9091119F0A4F8114B04F1D000C4F801
:10863000CC30FFF7C6FF2046FFF7CEFF3246294673
:108640002046A4F8F850A4F8FA60FFF73FFFB4F909
:10865000FA20B4F9F810384612F054FC2046FFF71F
:10866000C3FF2046F8BD00BF9079060801840408C6
:10867000A086010070B504460D46164600219C22D6
:1086800019F076F832462946204612F03BFC204687
:10869000044912F0E1FA2046012112F098F8204630
:1086A00070BD00BFA086010012F0D6BACAB2002386
:1086B00042F00102194612F077B812F0D1B812F068
:1086C000DDB810B5144612F011F9001B18BF0120D7
:1086D00010BD10B50446F9F71DF82046FBF756FA11
:1086E000204610BD0346024A203011F06DBD00BF88
:1086F0000188040883681A6843681A4214BF01207D
:108700000020704770B5114B054604460E4645F8EB
:10871000043B1C220021284619F02AF810220021CF
:1087200004F1200019F024F804F13000F9F774FC8A
:1087300004F14000F9F770FC31462046FFF7D2FF04
:108740002846314602F0AFFF204670BDA8790608E2
:10875000084B10B5044640F8203B11F02FFE04F101
:108760004000F8F7DCFF04F13000F8F7D8FF2046AE
:1087700010BD00BFA879060810B50446FFF7E8FF52
:108780005021204605F076F8204610BD70B50E4603
:10879000044604F009FA3046FBF7D3FA054604F123
:1087A000300020345DB13146FBF7BEFA012220468D
:1087B000012111F097FCBDE8704004F00BBAFFF7FF
:1087C00088FF2A46F3E770B50E46044604F0ECF93C
:1087D0003046FBF7B6FA054604F1400020345DB19F
:1087E0003146FBF7A1FA01222046022111F07AFC62
:1087F000BDE8704004F0EEB9FFF76BFF2A46F3E7DF
:10880000012910B502D002290BD010BD00F13004AF
:108810002046FBF796FA0028F7D02046FEF7B7FA75
:10882000F3E700F14004F3E7837E10B504461BB97B
:1088300004F098FC0123A37610BD837E10B5044696
:108840001BB104F0A5FC0023A37610BD10B50446AF
:1088500004F0AAF9E37E4BB9B4F91810204613F0DE
:1088600033FA2046FFF7E0FF0123E376BDE810402E
:1088700004F0B0B90023002210B5044601834383FD
:10888000C2610362FFF7E2FF204610BD10B5044647
:1088900004F08AF9E37E3BB1204613F079F82046D4
:1088A000FFF7CBFF0023E376BDE8104004F092B958
:1088B00010B50446FFF7EAFF204610BDD0F890300F
:1088C000012B10B5044686B004D9002084F894002A
:1088D00006B010BDDBB204300493D0F888300393A7
:1088E000B0F99C300293B0F99A300193B0F9983006
:1088F0000093B0F99630B0F99420B0F9921013F0CB
:108900003BFDB0FA80F04009E0E70000F8B51D46F5
:108910001D4B04460F46164640F8043B5C220021DE
:1089200018F026FFBDF918304FF400322046A4F8A5
:108930009C302266BDF91C30099AA4F89E30C4F818
:108940009020BDF92030114AA4F8A0300023C4F8CB
:108950008C200F4AA4F89670A4F89860A4F89A5056
:10896000C4F8A430A4F86430C4F8883084F8943093
:10897000C4E92A23FFF7A2FF20B94222054906488D
:1089800004F01AF82046F8BDE879060840420F00C6
:10899000BD880408C9790608D27906082DE9F04790
:1089A0009DF82070044689469246022F98469DF80D
:1089B000246024D8134BDB5D0BB3B6FBF3F503FB4C
:1089C000156515F0FF051AD103689B6898479DF857
:1089D0002830204684F8646084F865300B9B84F866
:1089E0006090C4F88830236884F861A0DB6884F85C
:1089F000628084F8637098472846BDE8F0874FF09E
:108A0000FF30FAE7DA79060838B590F89430044672
:108A10000D4693B103689B6898472946C4F88C506B
:108A2000201D13F08DFC0038236818BF0120DB687F
:108A3000454220469847284638BD4FF0FF35FAE7B3
:108A4000F8B504460F4616460021202268301D4620
:108A500018F08EFE94F86030791C84F8683016BFE8
:108A60000023012384F86970721C84F86A3094F83A
:108A7000613018BF266784F86C3094F8623084F84F
:108A80006D3014BF0023012384F8743094F86330F0
:108A900084F8783094F8643084F879306B1C16BF11
:108AA00000230123E56784F88030D4F8883084F807
:108AB000843094F8653084F88530F8BDF7B50093BC
:108AC000054690F8943016460191DDE908740BB321
:108AD000ECB1E7B12368EBB103689B689847334674
:108AE0002846DDE90021FFF7ABFF23463A4605F1B2
:108AF0006801281D13F07AFD041E2B68284618BF54
:108B00000124DB6864429847204603B0F0BD6FF053
:108B10000104F9E74FF0FF34F6E7F7B50093054697
:108B200090F8943016460191DDE908740BB3ECB16E
:108B3000E7B12368EBB103689B6898473346284642
:108B4000DDE90021FFF77CFF23463A4605F1680185
:108B5000281D13F029FD041E2B68284618BF012488
:108B6000DB6864429847204603B0F0BD6FF0010413
:108B7000F9E74FF0FF34F6E730B51D4685B090F8C1
:108B800094300446CDE90221FBB103689B68984705
:108B90004FF0FF332046DDE90221FFF751FF0A9B2A
:108BA0002A4604F168010193201D099B0093089B4C
:108BB00013F03EFD0038236818BF0120DB684542F2
:108BC00020469847284605B030BD4FF0FF35F9E7FD
:108BD00008B50348FFF7BAFABDE8084005F032B817
:108BE000A449002408B50348FFF7B0FABDE80840DF
:108BF00005F046B8A449002438B5074B054604469D
:108C000045F8043BFFF7E4FF284613F04BFB2046F2
:108C1000FFF7E8FF204638BDE879060810B504469E
:108C2000FFF7EAFFB021204604F024FE204610BDE5
:108C30004168034630B471B1D0E9032000F001046B
:108C400002B944B1451001EB60000CB149598A5892
:108C5000996830BC104730BC704713B5B0F9383054
:108C600044680093B0F93630B0F93420B0F93210CE
:108C7000201D14F0E7FA02B010BD0000034B186885
:108C800018B14FF0FF31FCF7B1BE7047707300248C
:108C900070B5054603F088FF0A4B4FF4AC710A4CDF
:108CA0001A6800239A420BDD01FB03F00659AE421D
:108CB00004D1044403F08EFF204670BD0133F1E778
:108CC0000024F7E7DC510024CC490024084A08B509
:108CD0001368052B04DDAF220649074803F06CFE3C
:108CE000591C4FF4AC701160044A00FB032008BD0E
:108CF000DC510024117A0608197A0608CC490024B0
:108D00004368D3F8EC30834210B5044610D0036FAB
:108D10009847606800230430D4E9161214F072FCFE
:108D20006068216E043014F0BBFC6368C3F8EC404B
:108D300010BD036870B504461B690D46164698477A
:108D40006068D0F8EC30A342C4E916560BD100237A
:108D500032462946043014F055FC236820465B69EE
:108D6000BDE8704018472046FFF7CAFFF5E70368E3
:108D700070B504461B690D46984760682566D0F8B3
:108D8000EC30A34209D12946043014F089FC236851
:108D900020465B69BDE8704018472046FFF7B0FFEA
:108DA000F5E70000B0F94C30013330B50DD0094B78
:108DB000094C1A46D3F89450A542FBD1C36B29B194
:108DC000416C0B604FF44073536130BD816C1B04E8
:108DD000F7E700BF006402580003008038B503685D
:108DE00004461B69984794F965506B1C84F86530FC
:108DF00045B92046FFF784FF29462046BDE83840A4
:108E0000FFF7D0BF38BD10B590F865300446013B80
:108E10005BB280F8653013B90121FFF7C3FF236807
:108E200020465B69BDE81040184737B504460191FC
:108E3000FFF7D4FF01996068043014F051FC054637
:108E40002046FFF7E0FF284603B030BD30B50446AA
:108E500087B0CDE904210393FFF7C0FF94F8645075
:108E6000606801950A9D043005990095DDE903329B
:108E700014F086FC05462046FFF7C5FF284607B0DC
:108E800030BD0021282210B5044640F8041B18F01C
:108E90006FFC04F11800FFF78DFB204610BD0000A9
:108EA00070B50646054656F8044BACB9FFF7E6FE2A
:108EB0002C6864B93046FFF7E4FF05F13000FFF796
:108EC000E0FF85F86440C5E917442E603446074B3F
:108ED000186808B1FCF7A2FDB44204D08B22044903
:108EE000044803F069FD204670BD00BF7073002484
:108EF00024790608337906080023082210B5C0E952
:108F00001623038604460C4B0366FF23A0F8643047
:108F100003F04AFEE06EFFF7BBFE606020B9FFF78A
:108F2000D5FEE36E6060036003F054FE6068F030CD
:108F3000FFF7B6FF10BD00BF40420F002DE9F04122
:108F40001E461A4B0025044603608846184B1746F8
:108F500085618360C561C060C0E904552030FFF7BA
:108F600029FBBDF918301C222946238704F13C0354
:108F7000A4F832801846A786E68618F0F9FB4FF071
:108F8000FF3102F0ABFB0B4BB4F93620B4F93410CF
:108F90002367B4F93200A56614F026F9E06620468E
:108FA000FFF7AAFF2046BDE8F08100BF4C7A060813
:108FB000318C04085B8C0408406808B5C430FFF7A6
:108FC000C5F8BDE8084004F03DBE406808B5C430AF
:108FD000FFF7BCF8BDE8084004F052BE0D4B10B5D9
:108FE00004460360FFF7E8FF63682046D3F8EC20EF
:108FF000A24204BF0022C3F8EC20FFF7E6FF04F111
:109000002000F9F741FAE06908B102F0D1FF2046EB
:1090100010BD00BF4C7A060810B50446FFF7DEFF0E
:109020007421204604F026FC204610BD7047000045
:1090300070B500F10C060446B0F95820B0F956108E
:10904000304613F0B1FDD4E918530DB9DA070ED547
:109050005A1094F8681004EB6300DB0748BFA3586C
:10906000B4F96A2048BF5D59B4F96C30A847216D46
:10907000304613F0B3FC224630460249BDE870404A
:109080000FF0FABE7993040873B51E46C36D04460B
:109090000D462BB140F235122B492C4803F08CFCC5
:1090A0002B490192C0E9181303681B689847019A7D
:1090B00084F86850A4F86A20A4F86C60042D0BD8DA
:1090C000DFE805F01603111619004FF0FF330121F8
:1090D00004F10C000FF0C6FF236820465B6802B065
:1090E000BDE870401847134602214FF0FF32EFE70A
:1090F00033462946ECE70123013284F884300ED050
:109100001C2004F083FBB4F96A6005461C22002190
:1091100018F02EFB3146284602F0C5FA2567B4F94F
:109120006C300133D8D01C2004F070FBB4F96C60B3
:1091300005461C22002118F01BFB00223146284660
:1091400002F0B6FA6567C7E77D7A06088C7A0608EA
:109150008990040810B50446F8F7DCFA2046FAF7BF
:1091600015FD204610BD70B506460D46044656F85E
:109170000C3B1B6898473046294613F02FFC2368A8
:10918000204625655B68BDE8704018477FB50546F9
:109190000446019355F80C6BCDE902213668B047BF
:1091A00028460399DDE9013213F08AFC2368204642
:1091B0005B6804B0BDE870401847000070B5054614
:1091C000044655F80C3B1B689847284613F0A0FB53
:1091D00094F8843005467BB1626F6AB10B4B0C4842
:1091E0001946D3F894608642FBD1136855B992684A
:1091F00013604FF440734B61236820465B689847C7
:10920000284670BDD2681B04F2E700BF0064025814
:109210000003008038B50546044655F80C3B1B6832
:109220009847284613F084FB94F88430054643B1F0
:10923000236F00F001055A681B6812681A4218BFB4
:109240000025236820465B689847284638BD0C30C7
:109250000FF0C0BE10B50C460C300FF0EFFE2046EC
:1092600010BD00002DE9F04198461F4B0025044633
:1092700003600F461D4B2946164685604360242235
:109280000C3018F075FA04F13000F8F7C5FE04F15F
:109290004000F8F7C1FE40F201136566A4F85430AF
:1092A0004FF6FF73C4F88050A4F86A30A4F86C300D
:1092B000A368C4F850805A1013F0010F04EB630048
:1092C0006368A4F85670A4F8586084F8685084F86D
:1092D0008450C4E91755C4E91E551CBFA258D35881
:1092E00098472046BDE8F081AC7A06083190040822
:1092F00003682DE9F04104461B6815460F46984760
:1093000094F85430EE1C03B17DB194F855300BB194
:10931000012D0AD0394604EB0610FAF705FD236843
:1093200020465B68BDE8F041184703F03DFC384635
:1093300004EB061604F10C08FAF703FD88B1304679
:10934000FAF7FFFC08B903F00DFF39463046FAF78B
:10935000EBFC0122294640460FF09AFD03F03AFC4F
:10936000DDE73046FAF7EDFC08B103F011FF3046B7
:10937000FFF7F0FE0022EDE7033110B500EB01141A
:109380002046FAF7DEFC10B12046FDF700FD10BDC7
:10939000036870B504461B680D46984794F854302E
:1093A000AB422DD065B194F855304BB9A2686368D3
:1093B000511004EB6200D20744BF6258D35898475B
:1093C00004F1300603F0F0FB05B33046FAF7B9FCC0
:1093D00050B13046FAF7BEFC03F0C4FE0122002172
:1093E00004F10C000FF054FD03F0F4FB84F854502A
:1093F00035B994F855301BB904F10C0013F06EF92F
:10940000236820465B68BDE87040184704F10C00F3
:109410002A4629460FF03CFD3046FAF792FC002818
:10942000E2D003F0B5FEDFE7036870B504461B68C1
:109430000D46984794F85530AB422DD065B194F85D
:1094400054304BB9A2686368511004EB6200D20734
:1094500044BF6258D358984704F1400603F0A4FB78
:1094600005B33046FAF76DFC50B13046FAF772FC9E
:1094700003F078FE012204F10C0011460FF008FD04
:1094800003F0A8FB84F8555035B994F854301BB953
:1094900004F10C0013F022F9236820465B68BDE854
:1094A0007040184704F10C002A4601210FF0F0FC2F
:1094B0003046FAF746FC0028E2D003F069FEDFE709
:1094C0001FB5184B0446002103606846FAF70EFAF0
:1094D000002269462046FFF70BFF6846F8F71FF9A0
:1094E00000216846FAF702FA012269462046FFF792
:1094F000FFFE6846F8F713F994F8543013B994F85E
:1095000055301BB104F10C0013F0E8F804F14000F1
:10951000F8F705F904F13000F8F701F9204604B036
:1095200010BD00BFAC7A060810B50446FFF7C8FFAF
:109530008821204604F09EF9204610BD437D10B5D9
:1095400004461BB1037D0BB103F022FE204610BD83
:1095500013B5044601A802F033FD637D53B9237DA2
:109560000BB103F0FFFD206902F075FB0123C4E994
:109570000001637501A802F02BFD02B010BD37B5E4
:10958000044601A80D4602F01BFD00230022C4E999
:1095900000236B7D4BB1286902F05DFBD5E90032F9
:1095A000C01A61EB0201C4E9000101A802F010FD3C
:1095B000204603B030BD30B585B00D46044603A843
:1095C00002F0FEFC29466846FFF7D9FF009B019A8E
:1095D000D5E902105B1840EB020203A8C4E900328F
:1095E00002F0F6FC204605B030BD13B5044601A8D4
:1095F00002F0E6FC206902F02EFB00220023C4E901
:109600000001C4E9022301A802F0E2FC02B010BD8F
:10961000D0B500230026002704460161027543757A
:10962000C0E90067C0E90267FFF7DFFF2046D0BD51
:1096300010B5044602F022FB012201462046FFF746
:10964000E7FF204610BD10B5044602F06DF8002279
:1096500001462046FFF7DCFF204610BD03681B686B
:109660001847000010B5084B044600220846236046
:109670000023A1610549C4E902230023C4E904339E
:1096800002F078FA204610BDC47A06085D960408F8
:1096900007B500F108010090806902F0A9FA03B053
:1096A0005DF804FB00F10801806902F0B9BA0020FE
:1096B00070476FF01C0070476FF01C0070476FF030
:1096C000150070476FF015007047012070470120AA
:1096D0007047002070470020704770B511F00104FA
:1096E00005468EB204D0FFF769FD041E18BF0124A1
:1096F000F30605D52846FFF78DFD08B144F01004A8
:10970000204670BDA0F18800FFF7E7BF08B5FFF75E
:109710003FFE002008BDA0F18800FFF7F7BF08B5A5
:10972000FFF782FE002008BDA0F18800FFF7F7BF19
:10973000034B10B504460360FFF7C2FE204610BD80
:10974000D07A0608A0F18800F2E700BF10B5044601
:10975000FFF7EEFF8C21204604F08CF8204610BD68
:10976000A0F18800F2E72DE9F04106460D461746C4
:10977000CAB103F016FA80F0010313F0FF0403D01E
:10978000336830461B68984705EB0708454505D008
:1097900015F8011B3046FFF75DFDF7E71CB1336894
:1097A00030465B6898473846BDE8F081A0F18800F4
:1097B000FFF7D9BF38B504460D4662B103681B6890
:1097C00098472046FFF743FD2870236820465B68D2
:1097D0009847012038BD1046FCE7A0F18800FFF74C
:1097E000E9BF000010B50446FFF73CFD044B2046DE
:1097F00003F1080244332260C4F8883010BD00BF72
:10980000C87A060830B5056885B0044601932D680E
:10981000CDE90221A84720460399DDE90132FFF78F
:1098200033FC236820465B6805B0BDE8304018472C
:1098300010B50446F7F76EFF2046FAF7A7F9204661
:1098400010BD70B504460E4603F0AEF9A5695DB1D2
:1098500004F10800FFF7ECFF012384F8216084F88D
:1098600020300023E361A36103F0B4F92DB1214658
:109870002846BDE8704000F078B970BD08B104F02A
:10988000E1B903F091B908B104F0FAB903F0A2B953
:109890002DE9F041044686B00E46174603F084F9E0
:1098A000A56903F097F935B301AD0021284604F00E
:1098B00023FA03F079F9D4E9068323B139220F4959
:1098C0000F4803F079F8E56103F084F9B8F1000F6F
:1098D0000ED03946284604F017FA48B93046FFF74B
:1098E000CDFF20460121FFF7ACFF3046FFF7CBFF4D
:1098F000284604F02AFA06B0BDE8F081717B06081C
:109900007D7B060838B50025054B0446456040F8C8
:10991000083BF8F781FB20462584C4E9065538BD8D
:10992000A47B0608074B10B503600446836923B186
:1099300026220549054803F03FF80830F7F7EFFE07
:10994000204610BDA47B0608717B06088B7B0608A9
:1099500030B5044685B003F027F904F108056846E0
:109960002946FDF70EFA2846FFF762FF0023E0695B
:10997000A36108B104F0E6F903F02CF96846FAF7A0
:10998000E0F910B16846FDF702FA6846F7F7C7FE3E
:1099900005B030BD00220160C0E90122012202733E
:1099A000704770470346007B30B1D3E9002013684D
:1099B00098428CBF0020012070470123D0F800C0DE
:1099C0002DE9F04303FA01F11F4682EA030E1CF869
:1099D00023500D4204D005F030053AB1102D07D1C7
:1099E0000133112BF3D14FF0FF300FE0002DF7D0F2
:1099F0005C00D0F80880023C42EA040607FA06F947
:109A000019EA080FECD1202D02D03046BDE8F083D2
:109A10004EEA040407FA04F414EA080FF5D0DFE76D
:109A200070B50D46114604461E462A46FFF7C5FF8F
:109A3000002802DA0020207370BD420821686368A4
:109A400001EB8201CD8849791D44012306FB0151B8
:109A5000616003FA00F1A36842EAC0100B43C0B290
:109A6000A360E9E713460A460121FFF7D9BF134671
:109A70000A460021FFF7D4BF13B504460A460191F8
:109A80000021FFF7EFFF019A0021204602B0BDE858
:109A90001040FFF7ECBF0022C0E90022704770477A
:109AA0000068704700230B60436813B90160416090
:109AB00070471960FBE703682BB11A6802B942606E
:109AC000026000221A601846704710B50468002230
:109AD00023468B4203D083B11A461B68F9E70AB1CB
:109AE0000B6813608C4204BF0B68036043688B42B1
:109AF0004FF0000308BF42600B6010BD10B5044674
:109B0000FFF7C9FF204610BD08B5FFF7C9FFB0FA3F
:109B100080F0400908BD70B505462846FFF7C0FF34
:109B2000044678B150F8043C061F9B6830469847BD
:109B300040B12846FFF7BFFF54F8043C3046DB68CD
:109B40009847EAE770BD70B504460D46FFF7A8FFD9
:109B50000646291D2046AC61FFF7A4FF26B9204622
:109B6000BDE87040FFF7D7BF70BD70B50C46054625
:109B7000FFF796FF064604B1043421462846FFF756
:109B8000A4FFA64204D12846BDE87040FFF7C3BF3A
:109B900070BD10B504462046FFF782FF28B150F88B
:109BA000043C0438DB689847F5E710BD10B504465F
:109BB000FFF7EFFF2046FFF772FF204610BD70470A
:109BC00030B50D460E4985B0044640F8041BCDE97A
:109BD0000232F8F721FA002104F1400004F08CF879
:109BE00004F1540004F026F8089920460091294613
:109BF000DDE9023204F0FAF8204605B030BD00BFBE
:109C0000B48B0608704703689B6D184770B5002336
:109C100086B04FF4897490F82013CDF8063005AE65
:109C20008DF80A300389ADF804400224ADF81030F5
:109C300040F201234268ADF8123040F203138DF870
:109C4000074001ACADF8143000F10A038DF80B1099
:109C50001D4603922246083303CAB24243F8080C59
:109C600043F8041C1446F5D1128828461A8006B021
:109C700070BD0000004870478C7E060800487047A1
:109C8000C47E060800487047907E0608004870476A
:109C9000D67E060800487047BC7E0608004870471C
:109CA000A67E0608036810B504465B6F9847D4F893
:109CB000EC0203681B6F9847236820469B6FBDE842
:109CC0001040184708B5D0F834332BB940F2CD62B4
:109CD0000249034802F070FE08BD00BFD17B0608B0
:109CE000DF7B060810B5044602F05EFFD4F834337B
:109CF0000133C4F834332BB94FF4D7620249034817
:109D000002F05AFE10BD00BFD17B0608DF7B0608BB
:109D100038B5D0F834330446012B10D10025D4E9EE
:109D2000C93000F0010203B94AB1411004EB6000F0
:109D3000C4E9C9550AB16258D3589847EFE7D4F837
:109D400034332BB940F2C6620549064802F034FEAE
:109D5000013BC4F83433BDE8384002F03BBF00BFDC
:109D6000D17B0608DF7B0608002307B51A460249A7
:109D70000248009303F0B8F8EB7B06080E0115804B
:109D8000002307B51A4602490248009303F0ACF8D5
:109D9000137C060804011580036873B50446DB6F65
:109DA0009847B4F8F8120B12022B25D0032B56D08B
:109DB000012B04D1236820461B6B984708B900206B
:109DC00018E0236820461B6B98470678122EF6D1C0
:109DD000236820461B6B98474578012DEFD12368F7
:109DE0002046C4F804631B6B9847C4F80003284658
:109DF00084F8085302B070BDC9B2236820465B6B7B
:109E0000019198470028DAD02368204601995B6BBE
:109E1000984703780199092BD1D1236820465B6BC1
:109E2000984743780199022BC9D1236820465B6B80
:109E300098472368857820465B6B01999847C378DB
:109E40000199204645EA03252368C4F804535B6B57
:109E50009847C4F80003012084F80803CAE7C9B290
:109E60000529ACD8DFE801F0030F19232D3723684B
:109E700020469B6B98470378C4F8043323689B6B98
:109E800020469847E5E723682046DB6B9847037830
:109E9000C4F804332368DB6BF2E7236820461B6CAD
:109EA00098470378C4F8043323681B6CE8E72368F9
:109EB00020465B6C98470378C4F8043323685B6CD6
:109EC000DEE7236820469B6C98470378C4F8043388
:109ED00023689B6CD4E723682046DB6C98470378A3
:109EE000C4F804332368DB6CCAE70B78DB09137012
:109EF0000B78C3F3411353700B7803F01F03937077
:109F00004B78D370C8788B7843EA002393804879E4
:109F10000B7943EA0023D380C8798B7943EA002385
:109F200013817047036870B504465B6F0D46984710
:109F300094F80C33022B05D040F23D120849094831
:109F400002F03AFD084B204684F81053C4F824333D
:109F50000023C4F828332368BDE870409B6F18477E
:109F6000D17B0608327C06082BA4040838B50368A8
:109F70000446DB6F984794F8083313B10025284650
:109F800038BDD4F8EC0203685B6C9847D4F804231E
:109F90009042F3D8D4F80013121A0144C4F80423F1
:109FA000C4F80013A2B9022394F80A5384F80C33BE
:109FB00045B1236804F53D71204684F80A239B6E61
:109FC0009847DCE701212046FFF7ACFF0125D6E7E3
:109FD000D4F8EC02D4F820430368A2421B6C28BFDB
:109FE00022469847F2E70000036813B50446DB6F8A
:109FF000984794F81C33012B06D800230F491A46C2
:10A0000000930F4802F070FF94F80C3323B1002343
:10A010000C491A460093F4E794F80B33032B0BD04A
:10A020002046FFF7A3FF38B9D4F8EC020368DB6CD5
:10A0300002B0BDE81040184702B010BDEB7B060827
:10A040000E0115805D7C060838B503680446DB6F99
:10A05000984794F80833012B3BD1D4F8045335B911
:10A0600094F809330BB901252CE084F80953D4F88E
:10A070002023D4F8EC029542D4F80013036828BFDB
:10A0800015469B6C2A469847D4F80033D4F804232D
:10A090002B44551BC4F80033C4F80453002DE2D1FF
:10A0A00094F80923002ADED1022394F80A5384F895
:10A0B0000C334DB1236804F53D71204684F80A2322
:10A0C0009B6E9847284638BD01212046FFF72AFF9E
:10A0D000C9E70025F6E7036810B50446DB6F98472B
:10A0E00094F81C33012B01D8FFF73EFE94F80B3394
:10A0F000032B0AD02046FFF7A7FF30B9D4F8EC02B3
:10A100000368BDE81040DB6C184710BD036870B5EC
:10A1100004465B6F0D46984794F80C33032B05D02B
:10A120004FF4C3720849094802F046FC084B204628
:10A1300084F81053C4F824330023C4F82833236868
:10A14000BDE870409B6F1847D17B0608A77C0608C6
:10A1500043AD0408036810B50446DB6F984701203F
:10A1600004F21D33C4F80403C4F8003384F8080370
:10A1700010BD036810B50446DB6F984794F81C3394
:10A18000042B05BFB4F82E3301200020A4F8FA32C6
:10A1900001BF04F54C73C4F80403C4F8003384F819
:10A1A000080310BD036810B5DB6F0446984704230D
:10A1B000204694F8F82284F80C332368B4F8FA1295
:10A1C0001B6F9847012010BD036870B504465B6F94
:10A1D0000D46984794F80C33042B05D04FF4EB72DE
:10A1E0000849094802F0E8FB084B204684F8105360
:10A1F000C4F824330023C4F828332368BDE8704032
:10A200009B6F1847D17B0608D37C0608BBA40408C3
:10A21000036810B50446DB6F984794F81C33042B91
:10A2200002D0B4F8FA328BBB94F8F632012B0FD07F
:10A23000022B10D053BB164B01221A80144B012065
:10A24000C4F80033022384F80803C4F8043310BDB3
:10A250000F4B0022F1E7B4F8FA2222F08F03ABB9DA
:10A2600012F00F0F0A4902D100230B80E6E75300DA
:10A2700003F01E0343EAD2131822023B02FB0343FE
:10A2800093F830309B07EFD50123EEE70020DEE79F
:10A29000E0510024036810B5044690B0DB6F984786
:10A2A000D4F8EC02D4F8202369460368DB6B9847A6
:10A2B00004F53D7269462046FFF717FE002311465C
:10A2C0002046C4F80833C4E9C033012384F80C33B2
:10A2D00023685B6E984710B010BD036810B5044644
:10A2E000DB6F984794F81C33012B01D8FFF73CFD36
:10A2F000012394F80C2384F82C3322B92046BDE8BE
:10A300001040FFF7C7BF84F82D3310BD2DE9F04191
:10A310001D46036804460F465B6F1646984794F83F
:10A320000C33012B05D040F2BA220A490A4802F048
:10A3300043FB0A4B204684F81073C4F824330023EF
:10A34000C4F828332368C4E9C5659B6FBDE8F041B4
:10A35000184700BFD17B0608FB7C0608FBAB04084E
:10A36000036810B50446DB6F9847B4F8FC3293B32A
:10A3700094F8F40294F80823012825D1012A06D084
:10A38000D4F8EC020368DB6CBDE810401847D4F841
:10A3900004239A4201D9C4F804330128D4F80413E1
:10A3A00026D18B4208D9D4F82033B1FBF3F203FB5A
:10A3B00012120AB984F809030223204684F80B33E9
:10A3C000BDE81040FFF740BE002AD9D1D4F80423DD
:10A3D0009A42E2D0D4E7D4F8EC02D4F8042303681C
:10A3E000002AD0D103219B6C84F80B1311460DE099
:10A3F0000123D4F82023D4F8EC028A4284F80B33EA
:10A40000036828BF0A46D4F800131B6CBDE810404F
:10A410001847036810B5DB6F04469847002384F89B
:10A420002D33032384F80B3310BD036810B5DB6FA5
:10A4300004469847002294F8103384F80C2394F8CB
:10A440002D2322B12046BDE81040FFF7E2BF33B90B
:10A45000D4F8EC020368BDE81040DB6C184794F8B0
:10A460000B33012B0AD10323D4F8EC0284F80B330D
:10A4700003689B6C1146BDE810401847022B07D1BA
:10A480000323D4F8EC0284F80B3303681B6CF1E768
:10A4900010BD036810B5DB6F04469847002384F8AD
:10A4A0002C3394F80C3323B92046BDE81040FFF755
:10A4B000B0BF012384F82D3310BD036810B5DB6FE6
:10A4C00004469847002294F8103384F80C2394F83B
:10A4D0002D2322B12046BDE81040FFF79ABF63B19B
:10A4E000B4F8FA322046A4F82E33B4F8F83284F8DF
:10A4F0003033BDE81040FFF733BFD4F8EC020368F7
:10A50000BDE81040DB6C1847036810B504465B6F6C
:10A51000984794F8F03283B9D4F8EC0221460368E6
:10A520009B689847D4F8EC02402103689B6B9847DE
:10A530000123C4F8200384F8F032236820469B6F7F
:10A54000BDE81040184738B5036804465B6F98476C
:10A5500094F81C5323682046EDB29B6F98472B1F3D
:10A560005842584138BD036810B504465B6F9847A0
:10A570002046FFF7C9FF94F8F1323BB9D4F8EC025A
:10A5800003685B699847012384F8F1322368204609
:10A590009B6FBDE810401847D0F8EC0203685B6B76
:10A5A000184738B503680D4604465B6F98472B077C
:10A5B000204617BF6A00D4F8205302F01E0242EA78
:10A5C000D5131FBF1822023B02FB03439D8D236856
:10A5D0009B6F9847284638BD0368F7B50E465B6FFA
:10A5E0000546984736F08F0701D1320706D1002380
:10A5F000174918481A46009302F076FC7400182395
:10A6000004F01E0444EAD614023C03FB045494F8FC
:10A610003030DB0709D42846FFF795FF80B140F2C0
:10A620008C520D490D4802F0C7F994F831303BB116
:10A63000D5F8EC0231460368DB6E984784F8317038
:10A640002B6828469B6F03B0BDE8F040184700BF59
:10A65000137C060804011580D17B06081E7D0608C0
:10A66000036873B50E465B6F0446984716F0700F8B
:10A6700001D1310706D100231A491B481A4600931D
:10A6800002F032FC7500182305F01E0545EAD615C8
:10A69000023D03FB054595F83030DA0709D4204622
:10A6A000FFF751FFB0B140F2CC421049104802F020
:10A6B00083F943F00203314685F83030D4F8EC02D8
:10A6C00003689B6D984795F831301BB131462046A1
:10A6D000FFF782FF236820469B6F02B0BDE8704001
:10A6E000184700BF137C060804011580D17B0608BB
:10A6F0001E7D0608036810B50446DB6F984794F882
:10A700001C33042B02D0B4F8FA32A3B994F8F63211
:10A71000022B10D1B4F8FA1231F08F000BD111F0E6
:10A720000F030AD0B4F8F83223B92046C9B2FFF7B4
:10A7300097FF012010BD0020FCE71846FAE7000053
:10A74000036873B50E465B6F0446984716F0700FAA
:10A7500001D1310706D100231C491D481A46009338
:10A7600002F0C2FB7500182305F01E0545EAD61558
:10A77000023D03FB054393F83020D20709D420465D
:10A78000FFF7E1FED8B140F2F1421249124802F05F
:10A7900013F993F831301BB131462046FFF71CFF07
:10A7A0001823314603FB054595F8303023F00203AA
:10A7B00085F83030D4F8EC020368DB6D98472368E5
:10A7C00020469B6F02B0BDE870401847137C060816
:10A7D00004011580D17B06081E7D0608036810B5AC
:10A7E0000446DB6F984794F81C33042B02D0B4F86E
:10A7F000FA32A3B994F8F632022B10D1B4F8FA1257
:10A8000031F08F000BD111F00F030AD0B4F8F832F9
:10A8100023B92046C9B2FFF793FF012010BD0020E5
:10A82000FCE71846FAE700002DE9FF419846036867
:10A830000E4603925B6F0746984736F08F0403D1AC
:10A8400016F00F0F039A06D10023204920481A461C
:10A85000009302F049FB7500182305F01E0545EA38
:10A86000D615023D03FB057595F83030DB070AD499
:10A870003846FFF768FE044688B140F2AF521549EA
:10A88000154802F099F8AB8D434505D92346224679
:10A89000124913480094DCE795F8311039B13B6850
:10A8A00038469B6F9847204604B0BDE8F081D7F842
:10A8B000EC0201680C6E3146A04704460028EED039
:10A8C00095F83130013385F83130E8E7137C06081C
:10A8D00004011580D17B06081E7D06082C7D060824
:10A8E00005011580036837B50D465B6F0446984730
:10A8F00015F0700F01D12A0706D10023154916481B
:10A900001A46009302F0F0FA6B00182203F01E03BF
:10A9100043EAD513023B02FB034393F83030DB07D5
:10A920000AD42046FFF70FFE054660B140F2E95217
:10A930000A490B4802F040F8D4F8EC0229460368B3
:10A940005B6E98470546236820469B6F98472846CC
:10A9500003B030BD137C060804011580D17B0608C6
:10A960001E7D06082DE9FF41984603680E460392B6
:10A970005B6F0746984736F08F0503D116F00F0F2F
:10A98000039A06D10023224922481A46009302F076
:10A99000ABFA7400182304F01E0444EAD614023CF7
:10A9A00003FB047494F83030DB070AD43846FFF711
:10A9B000CAFD054688B140F20A621749174801F0FE
:10A9C000FBFFA38D434505D22B462A461449154863
:10A9D0000095DCE794F831303BB13B6838469B6F1B
:10A9E0009847284604B0BDE8F081D7F8EC0231461C
:10A9F00003689D6E4346A847054638B194F8313048
:10AA0000A4F82E80013384F83130E6E7E085E4E7EE
:10AA10007D7D060804011580D17B06081E7D060891
:10AA20009B7D060805011580036837B50D465B6FF1
:10AA30000446984715F0700F01D1290706D100236D
:10AA4000124913481A46009302F04EFA6A0002F0C7
:10AA50001E0242EAD5131822023B02FB034393F87D
:10AA60003020D2070AD42046FFF76DFD054630B1ED
:10AA700040F249620749084801F09EFFDD8D2368D6
:10AA800020469B6F9847284603B030BD137C0608CC
:10AA900004011580D17B06081E7D0608036870B589
:10AAA0000446DB6F0D46984794F81C2384F81C532A
:10AAB000AA42D3B226D0032B09D9032D8CBF00267E
:10AAC0000126012B05D9012D03D88EB103E0002604
:10AAD000F7E786B100264FF43472002104F11C0020
:10AAE00016F046FE002384F81D3384F8F23216B1C6
:10AAF0002046FFF7CEFC2368294620461B6EBDE8A2
:10AB00007040184770BD036810B50446DB6F984766
:10AB1000D4F8EC0294F8F8120368DB6A9847B4F8AA
:10AB2000F8322BB902212046FFF7B8FF012010BDF3
:10AB30000321F8E7036810B50446DB6F984794F8E3
:10AB4000F81284F81D1351B9D4F8EC0203681B6A9B
:10AB5000984703212046FFF7A1FF012010BD0123E4
:10AB6000204684F8F232032384F80C332368DB6E2A
:10AB70009847F2E7036810B50446DB6F984794F8EE
:10AB8000F532C3BB94F8F7320B2B34D8DFE803F06F
:10AB9000060B331033151A331F24292E2046BDE827
:10ABA0001040FFF735BB2046BDE81040FFF716BE4A
:10ABB0002046BDE81040FFF79DBD2046BDE810408F
:10ABC000FFF7A1BF2046BDE81040FFF7E5B82046DB
:10ABD000BDE81040FFF7BEBA2046BDE81040FFF7C1
:10ABE000A9BF2046BDE81040FFF7C3BA2046BDE824
:10ABF0001040FFF7D7BA002010BD036810B5DB6F17
:10AC000004469847002094F8103384F80C0394F815
:10AC10002D03D4E9C52190B1012B0BD8022304F5F3
:10AC20003D712046012284F80C332368BDE81040B2
:10AC30009B6E18472046BDE81040FFF7EABB042B87
:10AC400012D12046FFF796FF30B9D4F8EC02036822
:10AC5000BDE81040DB6C184794F80C3373B92046FC
:10AC6000BDE81040FFF77CBB032BEED0012084F839
:10AC7000083384F80A03C4E9C021F0E710BD036873
:10AC800010B50446DB6F984702212046FFF706FF08
:10AC90000023204684F81E33FFF7FBFB2368204681
:10ACA000DB6DBDE810401847036810B504465B6FC4
:10ACB000984794F8F1323BB1D4F8EC0203689B69F1
:10ACC0009847002384F8F13294F81C33012B03D900
:10ACD00001212046FFF7E2FE0023204684F81D33C1
:10ACE00084F81E332368BDE810409B6F1847036843
:10ACF00010B504465B6F984794F8F03253B1204684
:10AD0000FFF7D2FFD4F8EC020368DB689847002312
:10AD100084F8F032236820469B6FBDE81040184746
:10AD200038B503680D460446DB6F984745B994F87B
:10AD30001C332BB129462046BDE83840FFF7AEBE94
:10AD400038BD036870B50446DB6F984794F82D331F
:10AD500094F8106303B97EB92046FFF7F4FB05466B
:10AD600050B901464FF4347204F11C0016F000FD96
:10AD700084F81D5384F8F252002384F80C3394F8BD
:10AD80002D3323B12046BDE87040FFF742BBD4F815
:10AD9000EC02036856B1DB69984720460421FFF7AF
:10ADA0007DFE2046BDE87040FFF7DABADB6CBDE8F7
:10ADB000704018472DE9F04F914685B002680E4665
:10ADC00003930446526F904716F0700F03D116F0AC
:10ADD0000F0F039B06D10023264927481A460093EC
:10ADE00002F082F894F8F282B8F1000F07D12368DC
:10ADF00020469B6F9847404605B0BDE8F08F750030
:10AE00004FF0180B05F01E0545EAD615AF1E0BFBDB
:10AE1000074797F830A01AF0010A05D04FF48E6268
:10AE20001649174801F0C8FDB9F5806F04D940F202
:10AE3000714212491348F5E7D4F8EC023146026832
:10AE4000D2F850804A46C04780460028CFD0013D06
:10AE50000E990BFB0545281DF8F766FF97F8303073
:10AE600087F831A043F00103A7F82C9087F8303021
:10AE7000BDE700BF137C060804011580D17B0608DE
:10AE8000BC7D0608DE7D06082DE9F047054698469C
:10AE90001E4B04460F46914645F81C3B00F53B7A95
:10AEA0002E4630461836F7F7B7F8B245F9D1BDF857
:10AEB00020304FF43472002128462381A4F80490F6
:10AEC000A4F8068016F054FC2822002104F53D70F9
:10AED00016F04EFC00230122204684F80C33C4F8FF
:10AEE000EC72A4F8F03284F8F232C4F8343384F807
:10AEF000303384F81C2384F81D3384F81E33C4E9EE
:10AF0000C833C4E9CA33BDE8F08700BF0C7E060829
:10AF10000D4B70B50360044690F8F0322BB140F24F
:10AF200062520A490A4801F047FD04F53B7504F1F5
:10AF30001C06FFF7DCFEB54204D0183D2846F6F7A4
:10AF4000EEFBF8E7204670BD0C7E0608D17B0608B4
:10AF5000F67D060838B503680D460446DB6F984752
:10AF600015F0700F01D12B0701D1FEF709FF6B001F
:10AF7000182003F01E0343EAD5118B1E00FB034388
:10AF800093F831206AB10139013A00FB014483F89A
:10AF9000312004342046F8F7D4FE10B12046FBF7E8
:10AFA000F6FE38BD38B503680D460446DB6F98479A
:10AFB00015F0700F01D12B0701D1FEF7E1FE6B00F8
:10AFC000182003F01E0343EAD5118B1E00FB034338
:10AFD00093F831206AB10139013A00FB014483F84A
:10AFE000312004342046F8F7ACFE10B12046FBF7C0
:10AFF000CEFE38BD4FF0FF3100F079B937B50446C9
:10B000004C3001911546FDF7D5FA019921B90A4650
:10B01000204600F014F803E02DB9204600F048F86F
:10B02000204603B030BD2A46F2E710B5044600F0D2
:10B0300052F804F14C00F7F727FA204610BD032917
:10B0400038B5044607D9D31C23F003039A1A8A1A89
:10B0500022F003011A4600230D46E260C4E90433DE
:10B060000DBB22622560C4E9065100F00BFA00F026
:10B070000BFA2581606004F13000A57284F8245039
:10B08000C4E90A5500F020FA00280BDB04F1440063
:10B0900000F012FA002805DB04F1480000F00CFA79
:10B0A00000EAE07038BD23696D0801332361D7E7FA
:10B0B00037B505460846019115F00AFF044638B138
:10B0C000024601992846FFF7BAFF6C6103B030BD14
:10B0D0004FF0FF30FAE770B504460568B5B9A36ACA
:10B0E0001BB14FF0FF31E06A984704F1480000F0CF
:10B0F000E5F904F1440000F0E1F904F1300000F05A
:10B10000EBF96069BDE8704015F0EABEEE6836B94B
:10B11000EB6913B105F124009847AD68DEE7F369E8
:10B1200013B106F124009847F668F0E773B50646B8
:10B130002731483021F00305019000F0C0F906F1F5
:10B140001803B46901985CB9F3699D4223D8346A45
:10B150005B1B6219F361012332622560A37107E072
:10B160002268954213D8E26872B11A60A3689360AE
:10B1700000F0A7F900234FF0FF32E361C4E9053284
:10B180002434204602B070BDA2681A60F0E704F1D2
:10B190000803A468D7E700F094F9F2E751F8083CF7
:10B1A00073B505460C460BB108469847EB6833B1BA
:10B1B000A4F12406B34202D82B6AB34204D200237E
:10B1C00004F81E3C02B070BD05F14800019000F08B
:10B1D00076F905F11802AB690198ABB11D6854F816
:10B1E000241C8D420CD30FD144F8183C13689B6883
:10B1F00044F81C3C166002B0BDE8704000F061B934
:10B2000003F108029B68E8E7002344F8183C136840
:10B21000EEE7F8B54B6900F1440705460C469B1A6A
:10B220001646002BACBFD318131C4B61038938465C
:10B230008B8000F044F9284603687BB35969626942
:10B24000A1EB020CBCF1000F25DB914226D19B68DB
:10B25000A36013B104F108021A61036822460021B9
:10B2600042F80C3F99601A61AB6A046020616BB1CF
:10B2700095F8242052B12A68A24207D1E2682AB97F
:10B280006169E86A891B21EAE17198473846BDE89F
:10B29000F84000F016B903F10800CDE7A36013B140
:10B2A00004F108021A610023E360DDE7F8B51446F3
:10B2B00005460F46A2F1240600F0E6F854F8103CCB
:10B2C00002463146034444F8047C284644F8103CC6
:10B2D000FFF79FFF296914F81E4C05F130008C40E0
:10B2E000E968761A00F0FAF834432046F8BD2DE9F3
:10B2F000F74F04460F464FF0000800F0C5F804F180
:10B300004406054607EB000984F82480304600F027
:10B31000D6F8636801A95B1B002B2368D8BF656062
:10B3200001931BB15A69521B002A37DD236003B118
:10B330001C61C1F80080019D15B12389013323816F
:10B34000304600F0BEF801A965BB019D4FF0010A2F
:10B35000002D34D100F098F8002F82465CDBA9EB79
:10B360000005002D5ADCA36A9BB1304600F0A7F817
:10B37000A36A43B1226832B15169E06AA1EB0A01C4
:10B3800021EAE17198470123304684F8243000F027
:10B3900098F80023A37203B0BDE8F08F03F1080111
:10B3A0009B68BEE7A8682B4600229A601A46DB68B5
:10B3B000002BFAD10A6005F108010546C4E72B6AA3
:10B3C000D5F808B013B105F124009847AA69002AFE
:10B3D0000BDB6B6913446B6100F056F8294602469B
:10B3E0002046FFF716FF5D46B2E7E36873B1AB4254
:10B3F0000CD8236AAB4209D3AB7922690133DBB2A3
:10B4000013FA02F214BFAB7185F806A005F124010E
:10B410002046FFF7C3FEE6E74FF0FF35304600F069
:10B420004EF823683BB15969A1EB0A0121EAE171A9
:10B430008D4228BF0D46304600F043F8294604F1FE
:10B44000300000F04EF8A37A7BB1304600F037F8B8
:10B45000A37A3BB100233046A37203B0BDE8F04F9E
:10B4600000F02FB8304600F02CF800F00DF805463B
:10B470004CE740F8101C704740F80C1C704740F82F
:10B48000081C704701F0C6BD07B501F084FB70B120
:10B49000084B6846196800F06FFF4FF47A7200237A
:10B4A000DDE9000113F06EFB03B05DF804FB02F070
:10B4B00081FBF9E7E85F002400207047704701F046
:10B4C00073BB01F087BB0000024908B502F04CFBDA
:10B4D000002008BDDC7E060802F04FBB012102F00F
:10B4E00049BB08B5012341EAE172194602F060FB4D
:10B4F000431E5842584108BD30B52A4C89B0054614
:10B500002378BFF35B8FDA0711D4204601F03CFFAC
:10B5100068B1254A4FF440712448FFF76FFD20467B
:10B5200001F054FF224A2349204801F01DFF224C1C
:10B530002378BFF35B8FDB0713D4204601F024FF91
:10B5400078B14FF4006218211C4B1D480095FEF79E
:10B5500037FB204601F03AFF154A1A49184801F016
:10B5600003FF174802F06EFC10F0EF0016D1164BE7
:10B57000154A0E49CDE90230034604A8FBF770FCDA
:10B5800004A90F4802F0DCFC044604A8F6F7C7F84B
:10B5900024B12F220D490E4801F00EFA034809B0DC
:10B5A00030BD00BFA85A0024085B0024AC5A002418
:10B5B000000000242BB00408E4510024A852002409
:10B5C000E8510024F1DE0408F5AF0408FB7E06080C
:10B5D000127F060808B50248FFF78EFF08BD00BFBE
:10B5E000217F060870470000EFF3108372B6054A0A
:10B5F000117831B9DB43044903F001030B700123D7
:10B6000013707047095E0024085E002408B5EFF34C
:10B610001083DB4313F0010304D0362205490648AA
:10B6200001F0CAF9054A1370054B1B7803B162B6E5
:10B6300008BD00BF497F0608657F0608095E002433
:10B64000085E0024014B1878704700BF095E002493
:10B65000094B30B51A46094CD3F89450A542FBD19A
:10B66000036829B181680B604FF44073536130BDAA
:10B67000C1681B04F7E700BF0064025800030080A4
:10B6800070B50E46044615460EF080FC013609D012
:10B69000204600210EF09EFC29462046BDE8704061
:10B6A0000EF094BC70BD0022FFF7EABFFFF7E8BFC1
:10B6B00070B50E46044615460EF068FC01360CD0F7
:10B6C00020462946FFF7C4FF01210EF083FC2046E7
:10B6D0000021BDE870400EF079BC70BD0022FFF77C
:10B6E000E7BFF8B5069F04460E461D4652B91A46F6
:10B6F000FFF7C6FF013616D039462046BDE8F840B0
:10B70000FFF7A6BF0EF042FC01360CD020463946AA
:10B71000FFF79EFF01210EF05DFC29462046BDE8A3
:10B72000F8400EF053BCF8BD00487047807F060813
:10B73000024B1B680BB1024818477047E40C002409
:10B74000807F06081FB5431C10D105B05DF804FBCF
:10B7500083420AD1896803900FF0EAFF0021039821
:10B7600005B05DF804EB10F09BB80C31B1F9003076
:10B770005A1CEDD10023024602490348009301F010
:10B78000B3FB00BFAC7F060830010180884207B5DB
:10B7900002460AD0431C08D0013105D000230549D8
:10B7A0000548009301F0A0FB0146084603B05DF890
:10B7B00004FB00BFBD7F060830010180B1F90030F5
:10B7C0005A1C01D118467047834201D1486870471E
:10B7D0000C31F3E7421C13B504460AD0FFF7EEFF25
:10B7E000431C06D10023224603490448009301F07C
:10B7F0007BFB02B010BD00BFCE7F06083001018088
:10B80000B1F900305A1C01D118467047834201D16A
:10B81000886870470C31F3E7421C13B504460AD020
:10B82000FFF7EEFF431C06D10023224603490448DC
:10B83000009301F059FB02B010BD00BFEE7F060877
:10B84000300101802DE9F047466896F8327087BBD9
:10B8500003685B689847346A84422AD03369041BC2
:10B8600096F934201C40B3683062A4FB0345CAB18A
:10B87000736A14EB030845F10009002A1BDBC2F1CF
:10B880002001A2F1200328FA02F429FA02F509FAAC
:10B8900001F129FA03F30C431C4304FA02F2A8EB6A
:10B8A00002027262D6E90A321B1945EB0202C6E9AE
:10B8B0000A32BDE8F087D6F80CA03B464046494620
:10B8C000524613F0AFF904460D460AFB1082E8E732
:10B8D000824206D98A420BD9884294BF00200120B7
:10B8E0007047884206D98A428CBF002001207047E9
:10B8F00001207047002070472DE9F3474668044651
:10B90000376B27F07F4727F0FF07002F63D1FFF742
:10B9100099FF7368002B61D0D3E90001D6E90A23AF
:10B920008B4208BF824205D323685B6902B0BDE841
:10B93000F04718476568D5E90A32D5F814A0B0EB8E
:10B94000030861EB0209D5E906234B4508BF4245D0
:10B9500020D3EB6895F933C0A3FB080103FB091161
:10B96000BCF1000F13D0AA68531EC01841F10001AA
:10B97000BCF1000F1CDBCCF12002ACF1200320FA5B
:10B980000CF001FA02F221FA03F310431843824546
:10B9900028BF82462A6A336A92442A690AEA020266
:10B9A000934209D140F2C9121249134801F004F838
:10B9B0003B4613F037F9EAE72368104601921B690A
:10B9C000984723685B689847019A0146306AFFF7F9
:10B9D0007FFF0028A8D102B0BDE8F0877369306A04
:10B9E00032691844236810401B6902B0BDE8F04773
:10B9F000184700BF2180060833800608436893F883
:10BA000030202DE9F3470646002A7FD193F83230E3
:10BA1000002B7BD103681B6898473368DB69984724
:10BA200003682BB91A463B493B48009301F05CFA86
:10BA300019463A4C2246B1FBF4F402FB14141146A9
:10BA4000002CF7D1354C01257768B4FBF2F11F24A7
:10BA5000B960013C03D305FA04FC6145F9D1B3FB9D
:10BA6000F2F287F8334001231F24FA6003FA04F549
:10BA7000AA4201D0013CF9D287F8344043681D1F27
:10BA80001C2D05D90023264926481A460093CDE7E8
:10BA9000202B4FF0070418BF012004FA05F40CBF57
:10BAA0004FF0FF3098404FEAE4794FF000037C619B
:10BAB00018BF00F1FF30A4FB01459A46386112F12E
:10BAC000FF3001FB095543F1FF31201845EB01011F
:10BAD00013F0A8F83368C7E906015B68C7E900AA54
:10BAE000984773683862002101220020C3F824A01F
:10BAF0001A8683F832A0C3E90A013046FFF7A2FE96
:10BB0000304602B0BDE8F047FFF7F6BE02B0BDE830
:10BB1000F08700BF578006080E01048040420F00E6
:10BB200070800608050104802DE9D00316461F46E3
:10BB300042680024059B8B605368C1E9006733B9F4
:10BB4000CB606CB95160BDE8D003FFF7D5BED3E937
:10BB500000894F4508BF4645F2D31C46DB68EEE737
:10BB6000D2E90A23E160BB4208BFB242EBD2BDE892
:10BB7000D003704738B505460C46FFF73FFF01F08C
:10BB800013F86B681C60BDE8384001F023B8F8B5C5
:10BB9000054601F009F8D5E90034DB68984794F8C8
:10BBA00032301BB1BDE8F84001F014B8012384F82D
:10BBB00031306368ABB12846FFF744FE6168D4E9D1
:10BBC0000A67D1E900239F4208BF964209D36B68F8
:10BBD0005A68CB6863602368002BEAD09068984766
:10BBE000E7E70023284684F83130FFF785FED9E7E0
:10BBF00010B586B0CDE904210393089C029000F0B3
:10BC0000D3FF0298FFF71EFE059902980094DDE924
:10BC10000332FFF789FF06B0BDE8104000F0DABF3D
:10BC200038B505460C4600F0BFFF6A685368A3426A
:10BC300009D1DB6828465360FFF75EFEBDE8384057
:10BC400000F0C8BF1346002BF8D0DA68A242F9D141
:10BC5000E268DA60F2E738B50446FFF7CFFE00F09D
:10BC6000A3FF2046FFF7EEFD6368D3E90A4500F025
:10BC7000B1FF2046294638BD704700000048704794
:10BC8000AC800608024B1B680BB10248184770478E
:10BC9000E80C0024AC80060808B5BFF35F8F164B94
:10BCA0001968080AC1F3072110F0FC0F04D13B22E8
:10BCB0001249134800F080FE002210465A608A4262
:10BCC00016D11022DA600F4A1A611322DA600E4A86
:10BCD0001A611122DA600D4A1A610D4ADA600D4AC2
:10BCE0001A6107225A60BFF34F8FBFF36F8F08BDF1
:10BCF0009A6001321861E2E790ED00E0F1800608F9
:10BD00000081060839F00206390702133FF50B13CC
:10BD10001200008039000213B1F90C20B1F90410AF
:10BD200010F042BF15F0D2BD2DE9F04F8B4D80468B
:10BD3000894692462DED028B08EE103A6B6B83B06C
:10BD40001BB19847EB6B0133EB632B69DBB100222E
:10BD500018F0800F1A7025D1B9F1000F11D0686862
:10BD600003781BB1494616F0C9FB50B9A86803789F
:10BD7000002B00F0ED80494616F0C0FB002840F093
:10BD8000E780AB692B62AB6B3BB10023EC6BEB63E1
:10BD9000013CAB6B9847002CFADC03B0BDEC028B86
:10BDA000BDE8F08FBAF1000FEBD0B9F1000FE8D089
:10BDB000EB6A002BE5D02B7803EA0802D106E2D02B
:10BDC0001A06D5E9047402D4B8F1010F12D118EEA5
:10BDD000103A52462146384619F040F9B8F1010FA1
:10BDE00054D12B6B002B51D0286998472B6B5C48A2
:10BDF0009847C6E713F0400064D09B0644D5594AE3
:10BE00002146384615F024FF84423DDD00283BDD05
:10BE10000744241AB8F1080F52D03AD8B8F1020FEB
:10BE20003CD0B8F1040F49D00026B3466B6ADBB1B1
:10BE30000021524618EE103A8DED018A084619F09D
:10BE40000DF9002E30446B6A18BF04263044984721
:10BE5000454A03462146384615F0FAFEA04203DA69
:10BE60000028C4BF3F18241AB8F1080F6DD02ED88F
:10BE7000B8F1020F31D0B8F1040F63D03B4A21462C
:10BE8000384615F0E5FE2EE0002CC3DCEB6A28698D
:10BE9000AEE7B8F1100FC7D1354B00E0354B324A51
:10BEA0002146384615F0D4FEA04206460DDA002899
:10BEB00001DD0744241A4FF0010BB7E72E4BEEE7E4
:10BEC0002E4BECE7002CAFDCE0E70026F3E7B8F1FF
:10BED000100FD3D14B462A4A01E04B46294A21464E
:10BEE000384615F0B5FEA042D0DA0028CEDD261A7D
:10BEF000074418EE103A52463146384619F0AEF86B
:10BF00008642C3DD0028C1DD361A0744002EBDDDA0
:10BF1000AB6A73B19847144A03463146384615F068
:10BF200097FE8642B2DD0028B0DD361A0744002EA7
:10BF3000ACDDBBF1000FA9D0134A3146384615F0ED
:10BF400087FEA3E74B46114AC9E74B46104AC6E7AE
:10BF5000BAF1000F7FF42CAF13E700BFEC0C002404
:10BF6000078506080D810608198106086A810608FA
:10BF700028810608138106081C810608228106080C
:10BF80005B8106082E810608798106083D81060836
:10BF90004C8106080CB407B504AB53F8042B01938D
:10BFA000FFF7C2FE03B05DF804EB02B0704700007B
:10BFB000024B1B6803B11847704700BF805E002426
:10BFC00007B5019000F0F0FD019803B05DF804FBA7
:10BFD00007B5019000F0FEFD019803B05DF804FB89
:10BFE000007B704738B50D4B0D4602730446036065
:10BFF0000023C0E901310A48FCF7A8F801F022FE4D
:10C0000055B1084B1A681C6062600548FCF79EF841
:10C0100001F036FE204638BD6560F6E790810608DF
:10C02000885E0024845E0024144B10B5036004462F
:10C030001348FCF78BF801F005FEA3682BB11149FA
:10C0400062680B68A34212D10A600F4B0C481A6851
:10C05000A24204BF00221A60FCF778F801F010FE3B
:10C06000237B13B9201F01F01BFC204610BD19468D
:10C070005B68A342FBD14A60E7E700BF90810608F6
:10C08000885E0024845E0024B05E002410B504465F
:10C09000FFF7CAFF1021204601F0ECFB204610BD3F
:10C0A000F8B5064617480D46FCF750F801F0CAFDF2
:10C0B000154B1C68A4B1A76887B1384616F040F844
:10C0C000A8420BD12A463146384615F021FA28B944
:10C0D0000C48FCF73BF801F0D3FD11E06468E9E798
:10C0E000072DF5D12A463146084815F011FA0028E7
:10C0F000EED10448FCF72AF801F0C2FD044B1C689D
:10C100002046F8BD885E0024845E00247E810608F7
:10C11000B05E0024002070470368012200211B69E3
:10C1200070B504469847051E0DDB236802220021E6
:10C1300020461B6998470646236829463546002253
:10C140001B6920469847284670BD000070B50E4612
:10C15000002504460F49C0E90055304616F05EF848
:10C1600029463044206023681A782F2A07D10133EA
:10C17000236051B92A220849084800F01DFC002A12
:10C18000F7D0013301312360EDE7FFF789FF6060ED
:10C19000204670BDE8810608048206081182060860
:10C1A00000687047406808B520B1FFF719FF431ECB
:10C1B0005842584108BD10B50446FFF7F3FF10B1CF
:10C1C000606800B1043810BD406808B520B1FFF7C1
:10C1D00007FFB0FA80F0400908BD10B50446FFF72C
:10C1E000F3FF10B1606800B1043810BD406800383A
:10C1F00018BF0120704700207047F8B50D4603684E
:10C2000004468F182E461B6D9847BE42236806D001
:10C210009B6C204616F8011B98470130F5D1236826
:10C2200020465B6D9847701BF8BDF8B50D46036856
:10C2300004468F182E461B6D9847BE42236807D0D0
:10C24000DB6C20469847431C02D006F8010BF4E74C
:10C25000236820465B6D9847701BF8BD002070472F
:10C2600000207047704700000F4B002213B50446B2
:10C2700040F8043BFFF7B6FE0C4B0D492046236007
:10C28000603363600023636101F068FB0346606113
:10C2900028B9024600900749074800F025FE01F042
:10C2A00067F8204602B010BDA081060898820608F3
:10C2B0001A8206081D820608190101800A4B03F143
:10C2C0000802683310B5044602604360406913F009
:10C2D00025FE064B20462360503340F8043FFFF70D
:10C2E000A3FE204610BD00BF9082060838820608D3
:10C2F00010B50446FDF7B6F9094BA0692360FFF7B6
:10C30000AAFC00220023C4E90C230023C4E908018D
:10C31000C4E90A01C4E90E33204684F8403010BD58
:10C32000588306084FF0FF307047000038B590F88A
:10C330003F50044625B18E220849094800F03CFBD5
:10C34000FDF7B0F994F84030A5872BB184F8405040
:10C35000BDE8384000F01CBF38BD00BF1A83060896
:10C360002783060810B5044601F1300000F05CFB9D
:10C37000C4E90001204610BD10B504468869FFF7E6
:10C380006AFCC4E90001204610BDD0E90C3201333B
:10C3900042F10002C0E90C32D0E90A3213F57A7397
:10C3A00042F10002C0E90A327047D0E90A2312F5CF
:10C3B0007A7243F10003FDF76BB9F8B50D460446F8
:10C3C0008869FFF748FCD5E90A32C61A61EB020713
:10C3D000002F08BFB6F57A7F05D200220023C4E9FA
:10C3E00000232046F8BD002F08BFB6F5FA6F01D232
:10C3F0000122F3E7002E4FF47A72304677F1010301
:10C400004FF00003B4BF0021394612F00BFCC4E921
:10C410000001E6E791F83F30F7B505460C4613B941
:10C4200091F83C6026B1E5221149124800F0C4FAA7
:10C430006846FFF7C2FF4FF47A71A663DDE9003268
:10C44000A3FB016701FB0277D4E90A10891947EBC6
:10C450000000C4E90A10D4E90C105B1840EB02029A
:10C460002846C4E90C32C5E9003203B0F0BD00BF74
:10C470001A830608318306082DE9F743994690F898
:10C480003F300446904623B158223149314800F0EC
:10C4900093FA90F83C3063B901466846FFF7BAFF5B
:10C4A000DDE900234B4508BF424505D3012384F84D
:10C4B0003D3003B0BDE8F08321466846FFF752FFE8
:10C4C000009B4FF47A71B8EB0306019B69EB0307FD
:10C4D000A8FB012301FB0933D4E90851551994F84D
:10C4E000402043EB01080123A38762B9A2691268C7
:10C4F00092F8202032BB84F8403000F033FE002F49
:10C5000008BF052E0DD2002384F83E3094F8403049
:10C5100023B9012384F8403000F024FE2A46434624
:10C520000AE094F84030002BEDD10123B5F57A6292
:10C5300084F83E3048F1FF33204603B0BDE8F043B5
:10C54000FDF7A6B8002F08BF052EDCD3EDE700BF2E
:10C550001A83060827830608024B4FF080625A6050
:10C56000704700BF00ED00E008B50121383000F051
:10C5700049FA08B1FFF7F0FF08BD012310B580F8B4
:10C580003F300446836B0BB1FFF7E6FF2046FFF711
:10C590000CFF10BD90F83C3010B504464BB10023A1
:10C5A00080F83C3090F83E3013B9012380F83D30DC
:10C5B00010BD90F83F30002BFAD0836B01338363BA
:10C5C000FFF7CAFF2046FFF7E0FE2046FFF7EDFE2B
:10C5D000EEE70000024B4FF000725A60704700BF58
:10C5E00000ED00E010B50446FDF75CF8002384F888
:10C5F0003F30FFF7EFFF10BD102300F007B82023F6
:10C6000000F004B8302300F001B840239C46F0B499
:10C6100004AE7546E80801D3EFF309860E4F0FCE3E
:10C620000FC70FBC0FC74046494652465B460FC76F
:10C630001DCE3100A60A00D304316E0900D2483164
:10C640001FC7EFF309806946EFF3148663C760469E
:10C65000014900F079F800BFD80D0124F0B52C4E47
:10C6600085B000242B4F35462146013456F8042B63
:10C67000384600F07DFA0D2CF6D1AB6C264C0293B7
:10C680006B6C264801932B6C0093696BD5E90E23E4
:10C6900000F06EFA2168224800F06AFAE16AA26AA4
:10C6A000A36AA06AD2B2266BC3F30723E76B000C20
:10C6B000CDE9016700901B4800F05AFAA36A1E06F4
:10C6C00003D5616B184800F053FAA36A180403D528
:10C6D000A16B164800F04CFAEB6C190712D5144800
:10C6E00000F046FA2B6DDA070FD5124800F040FA39
:10C6F000EB6C5B074CBF1048104805B0BDE8F0403C
:10C7000000F036BA0E4800F033FA0E48EEE700BFEC
:10C71000D80D01245C83060800ED00E06A8306085A
:10C72000B9830608C7830608168406082484060809
:10C730003284060841840608718406087D84060850
:10C74000618406084E84060807B504460D461A485B
:10C75000012100F060F968BB184800F009FA302C9C
:10C7600019D0402C1CD0202C1FD1154C154800F09E
:10C77000FFF9154800F0FCF9FFF770FF134800F0CF
:10C78000F7F90D4B00221A7000232A461049204663
:10C79000009300F0A9FB0F480F4C00F0E9F9E8E71F
:10C7A0000E480F4C00F0E4F9E3E70E480E4C00F0A1
:10C7B000DFF9DEE70024E7E72C0E01248984060870
:10C7C0003E01FF80B2840608DF840608EA8406087A
:10C7D00009850608C18406083F01FF80CA8406084F
:10C7E0004001FF80D58406083D01FF802DE9F0411E
:10C7F0000C467746154600F0EDFBE4B154F8088C82
:10C80000DDB1284614F064FB064648B1A84542460F
:10C81000214628BF2A4614F0ADFE204614F060FBE6
:10C820003B462A462146304600F08CFB00F0E2FBF6
:10C830003046BDE8F081A046E2E72E46F0E7F7B5C6
:10C840000D461646774600F0C5FB06FB05F210467E
:10C85000019214F03DFB044618B1019A002114F036
:10C8600087FF3B4632462946204600F083FB00F016
:10C87000C1FB204603B0F0BDF8B50D46164607468D
:10C8800000F0A8FB2048FBF761FC204C01F0DAF92E
:10C8900015F1090F32D805F10801384614F028FBCC
:10C8A00060B3A26800F10807194B2A440560436091
:10C8B000A2602269236801322B44226162682360EE
:10C8C000934250F8042C88BF6360031F002AB8BF4E
:10C8D0009B18A2691B68521B23F001031344A36138
:10C8E0000948FBF733FC01F0CBF9324629463846BC
:10C8F00000F014FB00F07EFB3846F8BD63690027AA
:10C9000001336361ECE700BFD05E0024B45E002415
:10C91000EFBEADDE00B572465DF804EBFFF7ACBFCD
:10C9200070B50C460546164600F054FB1C48FBF754
:10C930000DFC01F087F91CB354F8042C194B9A42F2
:10C940002BD154F80C2CA4F10C0354F8081C002A29
:10C95000B8BF9B181A68002344F8043C22F0010277
:10C96000114B1868401A18601869013818619869E5
:10C970000144891A9961A4F10801284613F092FD37
:10C980000748FBF7E3FB01F07BF93146204600F056
:10C9900009FBBDE8704000F02DBB2146EDE700BF6C
:10C9A000D05E0024EFBEADDEB45E002400B572465A
:10C9B0005DF804EBFFF7B4BF07B50B4600920146E4
:10C9C0000022014800F090FA4401FF800346012252
:10C9D000D3E84F0FC3E8412FC0B20029F8D1704708
:10C9E000D0E85F3F5B18C0E8523F002AF8D198B208
:10C9F0007047D0E85F3F5B1AC0E8523F002AF8D189
:10CA000098B27047034653E8000F401A43E800020B
:10CA1000002AF8D170470346D3E84F0FC3E8421FFE
:10CA2000C0B2002AF8D1704738B5044600F0BCF80F
:10CA3000D4E9004500F0CEF82046294638BD000074
:10CA4000254C264D264680B588B000F0ADF8A521CE
:10CA500001A8FEF743FE0427DFF88480D4F8943061
:10CA6000AB42FBD1039B4046019A1A604FF44073DE
:10CA7000636101F04BF8D6F89430AB42FBD1019BD7
:10CA80004046049A1B0413604FF44073736101F035
:10CA90003DF8013FE2D10427DFF84880D4F8943014
:10CAA000AB42FBD1039B4046019A1A604FF440739E
:10CAB000636101F02BF8D6F89430AB42FBD1019BB7
:10CAC0004046049A1B0413604FF44073736101F0F5
:10CAD0001DF8013FE2D1BEE7006402580003008068
:10CAE000F0490200801A060073B500220146044690
:10CAF000022000F0E7FC0D2600F056F80022254643
:10CB000014F8013B1BB900F065F802B070BD0A2BA8
:10CB100009D10D2A07D001220DF1070102208DF85D
:10CB2000076000F0CFFC01222946022000F0CAFC79
:10CB300014F8012CE3E7000000B5A3B002460B4651
:10CB4000842101A818F08AFA832806D9074B1A68AD
:10CB50001B79CDF883208DF88730002802DD01A8ED
:10CB6000FFF7C2FF23B05DF804FB00BF198506087C
:10CB70000FB407B504A951F8040B0191FFF7DCFFCE
:10CB800003B05DF804EB04B07047EFF31080C043CE
:10CB900000F001007047EFF30580003818BF012056
:10CBA0007047FEF74FBD000008B5FEF71DFD064AB1
:10CBB0001368591C04D13F2204490548FFF7FCFEC5
:10CBC0000133136008BD00BFF85E002438850608F5
:10CBD00048850608044A136823B1013B13600BB96A
:10CBE000FEF714BD704700BFF85E002408B50B487F
:10CBF000FFF7ECFE28B1FFF7D7FFBFF34F8F20BF41
:10CC0000FDE7FFF7C8FF08B1FFF71AFFFFF7BDFF09
:10CC10000028F9D0012000F0BDFD00BF385F0024DE
:10CC20002DE9F0414B4C0E4698B0804621681746DE
:10CC30004948C1F34173032BC1F307430CBF4D4275
:10CC40008DB22A46FFF794FF6FF498731D44132D9D
:10CC50000FD8DFE805F00A6265686B716E740E0E1E
:10CC60000E0E0E0E0E0E0E0E0E77A1683B48FFF74D
:10CC70007FFF4046FFF738FF61683948FFF778FFCC
:10CC80004EB13848FFF730FF3046FFF72DFF3946E9
:10CC90003548FFF76DFFA1683448FFF769FF236847
:10CCA000334A1A44012A05D9324A934202D0033A40
:10CCB00093424BD1A06820B1C06C80F00800C0F353
:10CCC000C000E368002B43D059682B4A002908BFF5
:10CCD0001146E269294D0392A269029262690192AA
:10CCE00022690092264A002818BF2A462548FFF7E5
:10CCF0003FFF04A800F0DCFE079B216801939DF82C
:10CD0000183021480093DDE90423FFF731FF1F4865
:10CD1000FFF72EFF18B0BDE8F081A1681C48A6E718
:10CD2000A1681C48A3E7A1681B48A0E7A1681B48AD
:10CD30009DE7A1681A489AE7A1681A4897E7A16891
:10CD4000194894E71948FFF713FF92E70020B8E766
:10CD50000949BEE73C5F00248E850608DF8506088A
:10CD60008786060898860608A0860608A486060810
:10CD7000C2FE007F4001FF80798506088385060892
:10CD800008850608B88606081187060888870608F9
:10CD9000F58506080586060814860608278606080F
:10CDA0003B8606084F8606085E86060874860608D7
:10CDB00070470000F0B5294D8FB00E46174635EA92
:10CDC000200528BF05463022002102A814F0D0FC1F
:10CDD000234B01AC01952B440396012B05D9214B24
:10CDE0009D4202D0033B9D4232D1F36B0293736BA1
:10CDF00008931D4B5B69DA6B049305925A6B1B6BAE
:10CE000006920793FFF7D0FE184A13680133012BEF
:10CE1000136009D12646164D0FCE0FC50FCE0FC594
:10CE20000FCE0FC533682B60124D0FCC0FC50FCC42
:10CE30000FC50FCC0FC52368A5F130002B600E4B3A
:10CE40001B6843B19847FFF7C5FE00200FB0F0BD47
:10CE500002970894CDE7FFF7ABFFF4E70101FF80ED
:10CE6000C2FE007F4001FF80280C0024FC5E0024ED
:10CE7000045F00243C5F0024005F00240FB41FB552
:10CE800001210D48CDF804E0FFF7C5FD019A0446E5
:10CE900080B901460948FFF78DFF22462146084820
:10CEA000FFF7BEFE07A906980391FFF745FE054868
:10CEB000FFF71AFEFFF79AFE2C0E01240001FF80F7
:10CEC000A28706080785060800207047014B1878DE
:10CED000C0B270472C0E012400B5114672465DF8B1
:10CEE00004EBFFF767BF000080B506460C460A4812
:10CEF0000121F04617461D46FFF78DFD48B9424611
:10CF000039463046FFF756FF029A29462046FFF77A
:10CF100087FEFFF76BFE00BF2C0E012438B50B46D1
:10CF2000064904460D6835B105490978012902D83A
:10CF300001460020A847204638BD00BF705F00248E
:10CF40009C5F002437B5044610461A46074B1D68FF
:10CF500045B1074B1B78012B04D80B4600902146A6
:10CF60000120A847204603B030BD00BF705F0024F9
:10CF70009C5F002437B5044610461A46074B1D68CF
:10CF800045B1074B1B78012B04D80B460090214676
:10CF90000220A847204603B030BD00BF705F0024C8
:10CFA0009C5F00240A460949034610B40C684CB142
:10CFB00007490978012905D8A446002103205DF816
:10CFC000044B60475DF8044B704700BF705F00245E
:10CFD0009C5F002408B50548FBF7B8F800F032FE66
:10CFE000034A13780133137008BD00BF745F002437
:10CFF0009C5F0024054A064808B51378013B13706E
:10D00000FBF7A4F8BDE8084000F03ABE9C5F00249E
:10D01000745F002438B5064C23683BB9054DFEF714
:10D0200083FB01462846FFF763F92560206838BD79
:10D03000E85F0024A05F002408B5836823B9054B8E
:10D040001B6893F83D0008BDC06898470028F6D0DB
:10D05000F9E700BFE85F0024F7B504464FF0FF365C
:10D060006FF00047164D2046FFF7E6FF30BBD4E9CE
:10D070000023BB4208BFB24202D02868FFF7FCF988
:10D0800001A8FEF79DFF2046FFF7D6FF98B9D4E927
:10D090000023BB4208BFB24207D100F09DF801A8AF
:10D0A000FEF796FFBFF36F8FDDE72B6893F83C30F8
:10D0B000002BF2D1F3E701A8FEF78AFF03B0F0BD21
:10D0C000E85F002430B587B00D4D0446CDE902235A
:10D0D0000A9B04930B9B0593FFF79CFF02A8FFF7A5
:10D0E000BBFF2868FFF722F968462968FFF792F925
:10D0F0002046DDE90023C4E9002307B030BD00BFAE
:10D10000E85F00242DE9F0410E4D86B006460F463B
:10D1100004A829689046FFF725F92B68DDE904018A
:10D120009B6BC41A02A861EBE375A219CDE90078E4
:10D1300045F10003FFF7C6FF0298001B06B0BDE8EB
:10D14000F08100BFE85F002410B5054C236813B9D7
:10D15000FEF7EAFA20602068BDE81040FEF77BBDCC
:10D16000F85F002413B5074C01212046FFF738FC77
:10D17000034628B90090228803490448FFF7B4FE0B
:10D1800002B010BDEC5F0024B787060823010480BD
:10D1900013B5094C01212046FFF72BFC4FF6FF7316
:10D1A000984206D100232288044905480093FFF7DE
:10D1B0009BFE02B010BD00BFEC5F0024D9870608BB
:10D1C00024010480034B188880B2B0FA80F0400933
:10D1D000704700BFEC5F0024F8B5FFF7E5FCFFF7F0
:10D1E000B3FF06460F46FFF7EDFF0446A0B10FF070
:10D1F00083FEFFF7A9FF05468CB10F48D0E9004335
:10D20000A21B63EB0707521947EB0101C0E900219C
:10D21000BDE8F840FFF7DEBC0FF05CFEE9E7074C25
:10D22000D4E90020931B60EB07005B1940EB010180
:10D23000C4E90031ECE700BFF05F00240060002487
:10D240006FF01C0070476FF01500704701207047A9
:10D250000020704770470000034B186818B14FF06A
:10D26000FF31F8F7C3BB704770730024024B186896
:10D2700008B1F8F7D3BB704770730024F8B51546B2
:10D280000C468F18054EBC4205D014F8011B3046E1
:10D290000BF0D4FEF7E72846F8BD00BF9814012430
:10D2A00038B511F001048DB205D008480FF030FBFD
:10D2B000041E18BF0124EB0605D504480FF038FB07
:10D2C00008B144F01004204638BD00BF9814012472
:10D2D00010B50C462AB104480BF07CFE20700120EA
:10D2E00010BD1046FCE700BF9814012438B5084B68
:10D2F000044615460360074B1B6833B90648FEF722
:10D300000BFD294604480FF069FB204638BD00BFDD
:10D31000208906081C7300249814012400207047FB
:10D3200000207047002307B51A46024902480093BF
:10D33000FFF7DAFDF787060829010180074A084947
:10D3400013681844884283BF064B0C224FF0FF300D
:10D3500010608CBF1A601846704700BF2C0E002466
:10D3600000FC072414150124012070470120704798
:10D37000002114F05BBB08B5F9F758FB08BD08B5F0
:10D38000F9F75CFB08BD000010B50446037803F014
:10D390000303012B08D0FFF75FFF237803F003029C
:10D3A000012A03D1FFF762FF00200AE02AB14FF4FF
:10D3B000D46204490448FFF7FFFA43F002032370E4
:10D3C000012010BD1B8806082D88060808B50378C3
:10D3D00003F00302022A05D040F2A9620649074879
:10D3E000FFF7EAFA23F0030343F001030370BDE8FB
:10D3F0000840FFF73BBF00BF1B8806084B880608A4
:10D400003F2870B504462EDC184D55F820305A1CC4
:10D4100013D1022811DCFFF783FF034658B92046D9
:10D42000FFF77CFF034630B9114E3378BFF35B8FB3
:10D43000DB0704D50F4B45F82430184670BD304645
:10D44000FFF7A2FF0028F5D04FF4E1320A4909485E
:10D45000FFF74CFF3046FFF7B9FF084A0849054877
:10D46000FFF782FFE6E70023E7E700BF2C0D00246B
:10D4700008600024B46000246889060800000024C5
:10D4800055D2040838B505460024FFF7B9FF0B4B09
:10D4900043F8254030B912F0D3FC092303604FF064
:10D4A000FF3038BD03685B699847051E04DA6D429A
:10D4B00012F0C6FC0560F2E72046F2E72C0D0024CE
:10D4C000FFF7E0BF13B5CDE90021FFF799FFDDE9D4
:10D4D000002140B912F0B4FC092303604FF0FF347F
:10D4E000204602B010BD0368DB689847041EF7DAD7
:10D4F000644212F0A5FC0460F0E713B5CDE9002109
:10D50000FFF77EFFDDE9002140B912F099FC092305
:10D5100003604FF0FF34204602B010BD03689B68E3
:10D520009847041EF7DA644212F08AFC0460F0E7C0
:10D5300010B5FFF765FF044628B912F081FC0923F6
:10D540000360204610BD0368DB699847041EF8DAC3
:10D55000644212F075FC04600024F2E7402337B502
:10D560000546CDF8010068468DF8003012F0F8FE4F
:10D57000044630B12846FFF7DBFF10B12046FFF725
:10D58000F7FE204603B030BD2DE9F04F85B00646CA
:10D590000F469046FFF7FFFA054630B100233246AA
:10D5A0002C492D480093FFF79FFCFFF7EEFA002867
:10D5B000F4D0B8F1000F09DA12F042FC1623036030
:10D5C0004FF0FF34204605B0BDE8F08F3046FFF73E
:10D5D000AFFF044658B3214A2C46DFF884A04FF031
:10D5E0000D0B935D9146A84521DD7A5D0A2A1BD17A
:10D5F0000D2B039318D0AC420CDA2A1B3919304694
:10D60000FFF760FF0028039BDADB0444A542D9DC66
:10D6100009F80630012251463046FFF753FF002833
:10D62000CEDBCFD009F806B07B5D0135DBE7A04546
:10D63000C8DDA8EB040239193046FFF743FF002884
:10D64000BEDB24181FBF3F19044B17F8012C9A5555
:10D65000B8E700BF828806082F0101804C600024D3
:10D66000BC880608FFF764BF7FB504460D46164622
:10D67000FFF791FA30B1002322461D491D4800935F
:10D68000FFF732FCFFF781FA0028F4D0002E06DA0B
:10D6900012F0D6FB162303604FF0FF3018E020464F
:10D6A000FFF746FFE8B1144E01220DF10F012046AD
:10D6B000FFF723FF0028EFDB0AD09DF80F300D2B7A
:10D6C00008D1325D0A2A3355EED00A2301202B708F
:10D6D00004B070BD0A2B02D1325D0D2AF3E7335539
:10D6E000F4E7324629462046FFF707FFF0E700BF80
:10D6F000BE8806082F0101800C60002413B5CDE917
:10D700000021FFF77DFEDDE9002140B912F098FB12
:10D71000092303604FF0FF34204602B010BD0368B8
:10D720001B699847041EF7DA644212F089FB046013
:10D73000F0E7FFF7E3BF10B5FFF762FE30B912F074
:10D740007FFB092303604FF0FF3010BD03689B6926
:10D750009847041E04DA644212F072FB0460F2E798
:10D760000020F2E70A4D044608B52B68986812F0CD
:10D77000B5FC2B68D86812F0B1FC0120FFF7DBFF85
:10D780000220FFF7D8FF0CB1FFF75AF9FEE700BF00
:10D790004C0E002408B5FFF7E5FF38B50D46FFF73E
:10D7A0002FFE044630B912F04BFB092303604FF003
:10D7B000FF3038BD0368DB6998470028204614BF56
:10D7C0004FF400534FF400436B6023689B6A984703
:10D7D00028610020EDE7FFF7E0BF000008B50378FF
:10D7E00003F00302022A05D040F2B262054906485E
:10D7F000FFF7E2F823F002030370BDE80840FFF7EB
:10D8000035BD00BF1B8806084B880608084B7246CA
:10D8100013B5014604461868FFF72EF8034628B9E9
:10D820000090224603490448FFF75EFB02B010BD9A
:10D830004C0E0024FA8806081F010180FFF7E6BF9E
:10D84000044B72460146186800B55DF804EBFFF71B
:10D8500013B800BF4C0E0024FFF7F2BF044B724612
:10D860000146186800B55DF804EBFFF759B800BF32
:10D870004C0E0024044B72460146186800B55DF852
:10D8800004EBFFF74DB800BF4C0E002410B5044662
:10D890000421FFF7EFFF204610BDFFF7DFBF0000B8
:10D8A00010B504460B48FAF751FC00F0CBF90A4AD0
:10D8B0004023002152F8040BA04208BF42F8041C88
:10D8C000013BF7D10348FAF741FCBDE8104000F0F6
:10D8D000D7B900BF8C6000242C0D002410B512486D
:10D8E0000324FAF733FC00F0ADF9104B53F8242071
:10D8F0007AB10134402CF9D112F0A2FA18234FF07A
:10D90000FF3403600848FAF721FC00F0B9F920461B
:10D9100010BD4FF0FF32044843F82420FAF716FCFC
:10D9200000F0AEF9F3E700BF8C6000242C0D00245A
:10D9300010B50446FFF7D2FF002807DB044B054A69
:10D9400043F8204000231354034A135410BD00BF72
:10D950002C0D00240C6000244C60002473B5064696
:10D960000191FFF7E5FF051E13DB0199FFF7F6FDB7
:10D97000044630B9084B53F82520964204D143F8A9
:10D980002500204602B070BD12F05AFA0923036048
:10D99000F7E70024F5E700BF2C0D00240EB42DE9B5
:10D9A000F04187B00190FFF799FF041E13DB0023BD
:10D9B000019904A8214E0393FEF7C8FB04A8FEF7C3
:10D9C00015FC054668B912F03BFA1323036046F8CC
:10D9D00024504FF0FF34204607B0BDE8F04103B0BB
:10D9E000704704A8FEF7F0FB074604A85FB1FEF7F6
:10D9F000F4FB0390039B124A46F82430002313558E
:10DA0000104A1355E7E7FEF7D6FB05460028DAD0A3
:10DA1000036804A8D3F80880FEF7C2FB0D9B0246FA
:10DA200003A92846C04705460028E3D06D4212F0FE
:10DA300007FA056046F82470CBE700BF2C0D0024E0
:10DA40000C6000244C60002470B50E461549054654
:10DA500014F00AFA044618B9FFF7D2FC204670BD4C
:10DA60001149284614F000FA20B901200124FFF7DB
:10DA7000C7FCF3E70D49284614F0F6F920B9022057
:10DA80000224FFF7BDFCE9E72B78402B02D1D5F843
:10DA90000140E3E726F480312846BDE87040FFF7F7
:10DAA0007DBF00BF888906088F890608808906081F
:10DAB00010B5044620B9902210491148FEF77CFFAA
:10DAC0004C220021043013F053FE4FF204134FF0A8
:10DAD00000614FF0105223604FF4002321634FF494
:10DAE000001123626362074B2261216462611B683B
:10DAF000636002232372044BE36010BDB189060802
:10DB0000BE89060800ED00E058600100034B596A29
:10DB10005A6A521A8242FBD3704700BF000C004081
:10DB20001FB500230446CDE90013031D6846029388
:10DB300010230393F6F74CFF206020B935220349E8
:10DB40000348FEF739FF04B010BD00BFE2890608A4
:10DB5000F189060810B504460249FFF7E1FF2046A7
:10DB600010BD00BFF589060810B50446FFF7D8FFC1
:10DB7000204610BD0068F6F743BF10B504460068A4
:10DB8000F6F7ACFF204610BD10B49DF804400CB968
:10DB900042F0020200685DF8044BF6F775BF07B566
:10DBA000009313460022FFF7EFFF03B05DF804FB7C
:10DBB000FFF7F5BF13B5FEF7F7FFF7F7D9F9094BF4
:10DBC00004461A6818608242074A82BF1168013110
:10DBD000116011680191FEF7FDFF2046019902B026
:10DBE00010BD00BFC4600024C06000241FB5002326
:10DBF000044603620C4B002908BF1946031D684602
:10DC000002931C23009103930B230193F7F7D6FE95
:10DC1000206038B9FFF75AF920B93D22034904487A
:10DC2000FEF7CAFE04B010BD158A0608458A06082C
:10DC30004F8A060810B504460021FFF7D7FF20469B
:10DC400010BD000037B504464FF0FF310068F7F70C
:10DC5000CDFE054620B9236A0133236203B030BDEF
:10DC6000FFF734F903460028F8D12A460249034851
:10DC70000093FFF739F900BF738A06081501028087
:10DC8000036A013B13B503620068F7F7C7FE044659
:10DC900048B1FFF71BF9034628B900902246034913
:10DCA0000348FFF721F902B010BD00BF858A0608BE
:10DCB0001701028010B504460068F7F7C7FE20463A
:10DCC00010BD00001FB50446002310466A46CDE98A
:10DCD0000033231D029310230393F7F7E5FF206021
:10DCE00020B9372202490348FEF766FE04B010BD92
:10DCF000AF8A0608BD8A060810B504464FF6FF72C3
:10DD0000FFF7E0FF204610BD13B500680C46F7F79B
:10DD1000E3FF024670B1C11C4FF0000006D15CB1B8
:10DD20000090002305490648FFF7DEF8931CF7D161
:10DD300002B010BD0120FBE72046F9E7CC8A0608B7
:10DD4000140102800068F7F7EFBF10B504460068C1
:10DD5000F8F718F8204610BD08B538B1F6F7CCFC36
:10DD600020B1E32202490348FEF726FE08BD00BFAA
:10DD7000FB8A0608127F0608F8F710BD2DE9F04768
:10DD8000DDE90857994604466B07884692464FF0EE
:10DD9000000118BF25F007064FF0440200F178009B
:10DDA0000CBF2E46083613F0E3FCB5FA85F30021CC
:10DDB0004D4420225B0904F11C006161AD1B84F815
:10DDC0003C3084F83D1025F0070513F0D1FC064BDC
:10DDD000C4F830A0002F08BF1F46E562A662A76105
:10DDE000C4F83480BDE8F0878F8B060813B5049C17
:10DDF000CDE9003413460A460021FFF7BFFF02B009
:10DE000010BD70B500F1540504462846FFF71AFF0F
:10DE100004F140006669FFF795FF0023636194F801
:10DE20003D302BB100242846FFF72AFF204670BD65
:10DE3000012384F83D30002EF4D03046F8F7C4FCBE
:10DE40000446F0E713B5044654300190FFF7FAFE9C
:10DE5000636901989BB194F87940FFF711FF432C57
:10DE600027D015D8132C26D00BD8012C04D0022C87
:10DE700002D0002C18BF1024204602B010BD04248C
:10DE8000EBE7232C19D0332C14BF10240524F3E71F
:10DE9000732C14D006D8532C13D0632C14BF102429
:10DEA0000824E9E7832C0ED0932C14BF10240B24F4
:10DEB000E2E70624E0E70324DEE70424DCE70924A4
:10DEC000DAE70724D8E70A24D6E713B50446543026
:10DED0000190FFF7B7FE636901983BB19C6B1B6B28
:10DEE000E41AFFF7CDFE204602B010BD1C46F8E74D
:10DEF0000D4B10B504460360FFF783FF94F83C30E8
:10DF00002BB1A06A08B1FFF7C8FC0023A36204F19B
:10DF10005400FFF7CFFE04F14000FFF716FF201D6D
:10DF2000F3F7FDFB204610BDB48B060810B5044680
:10DF3000FFF7DEFFBC212046FFF79CFC204610BD0A
:10DF400070B500F1540504460E462846FFF77AFEE8
:10DF5000636913B994F83D302BB12846FFF790FE62
:10DF60006FF0030070BDA36A53B100232349E26A36
:10DF7000B3EB920F18D2A26A42F823100133F6E7EE
:10DF8000E06A1F4B1F49984294BF20F003004FF0F6
:10DF9000FF30FFF761FCA0620028E6D12846FFF7BA
:10DFA0006FFE6FF00400DDE744233146201D6362FD
:10DFB00004F178032362F5F7B7FE04F11802214655
:10DFC0001148F8F7BFFB606190B994F83C302BB171
:10DFD000A06A08B1FFF761FC0023A3622846FFF79F
:10DFE0004FFE04F14000FFF7ADFE6FF00200B9E70D
:10DFF0002846FFF745FE0020B4E700BFA52E5AE2F1
:10E00000FBFFFF7F9CBE06080DE0040810B5044628
:10E010000430F8F7BCFE04F15400FFF713FE0023B0
:10E0200004F140006361012384F83D30BDE81040F5
:10E03000FFF788BE012000217047D0F86001002161
:10E040007047000000487047BC8B0608D0E94401C7
:10E050007047FF20704700002DE9F04F89B09046CF
:10E06000994605469DF84830C3469DF8502090F8E3
:10E07000FA71DDE915610591032B20D8DFE803F083
:10E080001C022A0302270F2A05F1040A3B4608BF97
:10E0900095F8FD2150460392002211460092CDE9E9
:10E0A0000122FAF77BFC0446B0B12A4A02202A4931
:10E0B000A346FDF76FFF09E04FF0FF3BE3E74FF0AA
:10E0C000FF3B264A24490220FDF764FF584609B069
:10E0D000BDE8F08F0327D6E7059B4FF0FF329DF890
:10E0E0004C105046079307ABCDE900635B46FAF747
:10E0F000E5FC2246214683463B465046CDE9024494
:10E10000CDE90044FAF74AFC04460028CDD1BBF122
:10E11000000F05D0124A02200F49FDF73BFFD5E75B
:10E1200095F80101A0B1B9F1000F08BFB8F1040FD3
:10E1300004D1337843F00A033370C7E7B9F1000F15
:10E1400008BFB8F1020FC1D1337823F00403F3E71D
:10E150008346BBE7EC8B0608BC8B0608C28B06081F
:10E160000A8C060838B5044619461046D4F818310A
:10E1700001331FD104F5847201F034FD431CD4F83F
:10E18000605109D020440122002390F8541111421B
:10E1900005D0723354F823502846E91738BD0133AF
:10E1A0005200042B52B2F2D1044A02200449FDF776
:10E1B000F1FEF1E74FF480500021EFE7288C0608CC
:10E1C000BC8B06080068704730B5039D00241C70A6
:10E1D0002C708C7814F0200F15D04A7AC0F8E0200B
:10E1E00001221A700B7A03F01F0380F8FD310B7ABD
:10E1F0005B119B0080F8FB31022380F8F93180F835
:10E20000FE31002030BD102A0FDD0A7CD2060CD56D
:10E21000CA7EC0F8E02001221A702A708B7E03F0BB
:10E220001F0380F8FD318B7EE2E762060FD5CA7AC4
:10E23000C0F8E02001221A708B7A03F01F0380F8E7
:10E24000FD318B7A5B1180F8FB310223D7E70B7C21
:10E25000DD070ED5CB7DC0F8E0308B7D03F01F03CA
:10E2600080F8FD318B7D5B115B0080F8FB31012371
:10E27000C3E7E20609D5CB7BC0F8E0308B7B03F027
:10E280001F0380F8FD318B7BEDE7E3070DD54B7B5A
:10E29000C0F8E0300B7B03F01F0380F8FD310B7BEF
:10E2A0005B1180F8FB310123A9E70323C0F8E030BC
:10E2B000A7E700002DE9F04385B006460D46174656
:10E2C000DDF83880DDF8489000F0C4F8044640B12D
:10E2D0000E4A02200E49FDF75DFE204605B0BDE85E
:10E2E000F083109B3A462946301DCDF80890CDE9C1
:10E2F00000830C9BFAF740FC04460028EDD02B4627
:10E30000044A03490220FDF745FEE6E7508C060863
:10E31000BC8B0608A38C06082DE9F04700238AB0C1
:10E32000054642F21074012600274FF000084FF016
:10E330000009DFF864A08DF827300120FFF70CFDFD
:10E340000DF127034FF0FF320521049300232846E7
:10E3500000934FF0FF33CDE90667CDE90289FFF75F
:10E36000A9FF20B152460A490220FDF713FE9DF88D
:10E370002730DA0708D5013CDFD10220054A0449DD
:10E38000FDF708FE204600E001200AB0BDE8F08756
:10E39000BC8B0608DE8C0608BF8C0608F0B500238F
:10E3A0008BB004468DF8273090F802315BB1FFF74F
:10E3B000B3FF40B9214A22490220FDF7EBFD4FF09F
:10E3C000FF300BB0F0BD0023002600274FF0FF32D6
:10E3D00004930621009320464FF0FF33CDE90667F2
:10E3E000CDE90267FFF766FF054608B1154AE2E787
:10E3F0002046FFF791FF08B9134ADCE7012200230A
:10E40000052120460095CDE906230DF127034FF0A5
:10E41000FF3204934FF0FF33CDE90267FFF74AFF65
:10E4200008B10A4AC7E79DF827309A07C9D4084AB5
:10E4300002200349FDF7AEFDC1E700BF088D0608C5
:10E44000BC8B0608328D06084E8D06086D8D0608B9
:10E450008E8D0608F0B5D0F8F44087B0054601343B
:10E460001CD0120E8DF81720FFF798FF70B901230A
:10E470004FF0FF32D5F8F41000930DF11703CDE9FA
:10E480000100281DFAF778FB07B0F0BD0D4A022005
:10E490000D49FDF77FFD4FF0FF30F5E790F8FA11D9
:10E4A00003290DD012F17F466FF0807243F1FF37E0
:10E4B0004FF0FF339F4208BF964201D2034AE6E77E
:10E4C0000020E1E7C58D0608BC8B0608D98D06083B
:10E4D0002DE9F04786B0914605468846109BDDF849
:10E4E00038A0059352460F9BFFF7B4FF044628B1AE
:10E4F000244A25490220FDF74DFD3AE095F8FD310B
:10E500002F1D95F8F9210393384695F8FE310293B3
:10E5100095F8FB31CDE9002395F8FA3195F8F8111B
:10E52000FAF73CFA0446064608B1184AE1E795F8BE
:10E53000FB0105AB4146B0FA80F04009CDE90093FC
:10E54000424253463846FAF7B9FA32460446314653
:10E550003846CDE90266CDE9006695F8FA31FAF75A
:10E560001DFA054648B12C46084A07490220FDF726
:10E5700011FD204606B0BDE8F087002CF9D0044A12
:10E58000B7E700BF208E0608BC8B0608EC8B060898
:10E59000688E06082DE9FF4100F1BC0804460D46CF
:10E5A000174640461E46FFF74DFB2046DDE90A238D
:10E5B000CDE90076CDE902232A46D4F8E010FFF732
:10E5C00087FF68B16FF47A64064A07490220FDF7B5
:10E5D000E1FC4046FFF754FB204604B0BDE8F08163
:10E5E0000446F6E7798E0608BC8B0608F0B585B0C0
:10E5F000164605460A9F0B9B3A460391FFF72AFFF2
:10E600000399044638B10B4A0B490220FDF7C2FCBE
:10E61000204605B0F0BD0C9B4FF0FF32281DCDE920
:10E6200000633B46FAF779FA04460028F0D0034A23
:10E63000EAE700BF8D8E0608BC8B0608D68E06085A
:10E6400070B586B0054616460591FFF703FF05999C
:10E65000044638B10A4A0B490220FDF79BFC2046CC
:10E6600006B070BD034600903246CDE90100281D7A
:10E67000FAF782FA04460028F1D0034AEBE700BF1C
:10E68000E88E0608BC8B0608318F06082DE9F04F8E
:10E69000054689B0884614461E4600F1BC09DDE9EE
:10E6A0001223134362D0D5F8F0714FF0000B2046CF
:10E6B00031463A465B4610F0B5FA1299511804916A
:10E6C00013994B410593DDE9040159454FF0000BC7
:10E6D00008BFB84248462CBFBF1A129FBA46CDE9C0
:10E6E00006ABFFF7AFFA2846FFF758FE60B1204CA3
:10E6F0000220204A2049FDF74DFC4846FFF7C0FAAA
:10E70000204609B0BDE8F08F06AB424602212846FC
:10E710000293CDE90046FFF769FF38B1174A02209E
:10E7200015496FF47A64FDF735FCE6E7DDE9062369
:10E730009B4508BF9742F1D1E419129B2846B84483
:10E7400046EB0B06DB1B1293139B63EB0B0313933C
:10E75000FFF7E2FD30B90A4A02200749094CFDF7EC
:10E7600019FCCAE74846FFF78BFA98E70024C7E789
:10E770005CF0FFFF438F0608BC8B0608DB8E0608A3
:10E78000568F06085DF0FFFF2DE9F04F1446064650
:10E7900089B000F58472194620461D4601F022FA20
:10E7A0003318074693F854310593129B14EB030872
:10E7B000139B45EB0309D6E944234B4508BF42456B
:10E7C00009D2604A604C02206049FDF7E3FB204615
:10E7D00009B0BDE8F08F336822463046196B2B46EE
:10E7E000884702460B462046294610F01BFA134381
:10E7F0000FD118F1FF3233683046196B49F1FF33FE
:10E80000884702460B464046494610F00BFA134330
:10E8100001D04F4AD6E700230493DDE912231343C6
:10E8200000F08E80D6F818B1BBF1FF3F46D106F557
:10E8300090730598CDE90273CDE90045DDE9122317
:10E8400001F0EEF9049006EB8003D3F8B8B1D3F8E9
:10E85000C8A14FF000095246204629464B46D046F3
:10E8600010F0E0F913430CD1129BE3180693139BAD
:10E8700045EB03030793DDE906234B4508BF5245EB
:10E8800009D2049B0220334A3049CDE902A3CDE9E5
:10E890000045FDF77FFB06F1BC0A5046FFF7D2F9B1
:10E8A0003046FFF77BFD60B12B4C02202B4A2749F5
:10E8B000FDF770FB5046FFF7E3F988E74FF4805A05
:10E8C000C7E7DDE9122359463046CDE90023224649
:10E8D0002B46FFF7B5FE38B1214A02201B496FF4E1
:10E8E0007A64FDF757FBE5E714EB0804129B45EB50
:10E8F0000905B3EB08031293139B63EB090313930E
:10E90000DDE9122313430CD006EBC703D3E95A23E6
:10E91000AB4208BFA2423FBF0137F31993F854310D
:10E9200005933046FFF7F8FC30B90E4A022007493C
:10E930000D4CFDF72FFBBDE75046FFF7A1F96CE743
:10E94000002444E77B8F06085BF0FFFFBC8B0608C2
:10E950009B8F0608C68F06085CF0FFFF0A9006082A
:10E960002F9006084A9006085DF0FFFF30B591F839
:10E9700039308BB091F8382004461B0103F01003A6
:10E9800043EA1213082B6ED021DC022B19DCD3B121
:10E990000023002400254FF0FF3204933821009318
:10E9A0004FF0FF33CDE90645CDE90245FFF782FC84
:10E9B00020B1464A46490220FDF7ECFA00200BB090
:10E9C00030BD042B3BD0434A04204149F4E7102BCF
:10E9D000F9D10122002309AD6521CDE906230022EA
:10E9E00000230495CDE9022300234FF0FF3200936A
:10E9F0004FF0FF33FFF75EFC20B1374A0220344965
:10EA0000FDF7C8FA9DF8243001226121204603F069
:10EA10007F0304958DF824300023CDE906230022DE
:10EA20000023CDE9022300234FF0FF3200934FF083
:10EA3000FF33FFF73FFC0028C0D0284ABAE7002385
:10EA4000002400254FF0FF320493352100934FF04E
:10EA5000FF33CDE90645CDE90245FFF72BFC002841
:10EA6000ACD01F4AA6E70122002309AD6521CDE9FC
:10EA70000623002200230495CDE902230023194A2E
:10EA800000930023FFF716FC20B1174A022010491B
:10EA9000FDF780FA9DF8243001227121204643F0D1
:10EAA000400304958DF824300023CDE9062300228D
:10EAB0000023CDE9022300230A4A00930023FFF735
:10EAC000F9FB00283FF47AAF084A73E7759006080F
:10EAD000BC8B0608A09106084191060871910608B2
:10EAE000A590060803008000D5900608119106083D
:10EAF000304B9F21D0B51B788AB00326002709AA86
:10EB00008DF824300023044604924FF0FF32ADF814
:10EB1000253000934FF0FF33CDE90667002600272C
:10EB2000CDE90267FFF7C6FB40B10220224A234924
:10EB3000FDF730FA4FF0FF300AB0D0BD9DF8243019
:10EB40009D2B27D00ED8012B28D01F2BF4D19DF858
:10EB50002530892B01BF3123C4F8E830012384F824
:10EB60000231E9E7BF2B12D0C22BE5D19DF8253049
:10EB70000020202B84F8F0001FBF012384F800310F
:10EB80000323C4F8E4301523C4F8EC30D4E784F848
:10EB90000301D1E70123C4F8E430CDE79DF8252037
:10EBA000022AC9D19DF82620202AC5D184F8013136
:10EBB000C2E700BFD8970608DD910608BC8B06089F
:10EBC0003F2A2DE9F04782468AB040F3B08091F8A1
:10EBD0003F3013F040021DD0032300258AF8FA319C
:10EBE0009AF8FA31032B11D100220AF104001146E0
:10EBF000CDE90222CDE90022F9F7D0FE30B16FF461
:10EC00007A654C4A4C490220FDF7C4F928460AB0FF
:10EC1000BDE8F087D90710D50024002504924FF0F5
:10EC2000FF330092B7214FF0FF32CDE90645CDE921
:10EC30000245FFF73FFB88BBCEE713F0020212D07C
:10EC4000FFF7ACFB00284AD1002200230490B72133
:10EC500000905046CDE90623CDE902234FF0FF3264
:10EC60004FF0FF33E5E713F010013FD001260027F6
:10EC70000DF127044FF000084FF000098DF8272010
:10EC800000924FF0FF334FF0FF32B5210494CDE9ED
:10EC90000667CDE90289FFF70DFB08B1274D9FE715
:10ECA0009DF82730504643F001038DF82730FFF7D9
:10ECB00075FB054698B904904FF0FF324FF0FF33D3
:10ECC000B12150460094CDE90689CDE90267FFF7EE
:10ECD000F1FA0028E2D103238AF8FA3180E7184AD2
:10ECE00002201549174DFDF755F979E713F0080291
:10ECF00014D080230022049117218DF8273000239F
:10ED0000CDE9062301220023CDE902230DF12703DB
:10ED10004FF0FF3200934FF0FF338AE713F0040502
:10ED20004FF00203D8D0C521C0F8F41055E70025F4
:10ED30006CE700BFEC8B0608BC8B06085EF0FFFF9B
:10ED4000C58D06085CF0FFFFD0B5044690F80201BF
:10ED500088B0F0B191F8343013F008021CD00021D3
:10ED600000284FF000034FF000004FF0FF320493F3
:10ED700000934FF0FF33CDE90601CDE902010CBF4E
:10ED8000F02199212046FFF795FA58B31C4808B0A6
:10ED9000D0BD91F83D30DFE7DB061DD5002600270A
:10EDA00004924FF0FF33009266214FF0FF3220466D
:10EDB000CDE90667CDE90267FFF77CFA0028E5D1C7
:10EDC0004FF0FF324FF0FF33992104900090CDE9CE
:10EDD0000667CDE90267D5E70A4A02200A49FDF72E
:10EDE000D9F8D3E72046FFF797FA30B90220074A4F
:10EDF0000549FDF7CFF80648C9E70020C7E700BF7F
:10EE00005EF0FFFFF3910608BC8B06087A920608B5
:10EE10005DF0FFFF2DE9F041012288B000230026BC
:10EE2000002704910D4605218046CDE906230023E5
:10EE30004FF0FF3200934FF0FF33CDE90267FFF749
:10EE400039FA044640B1114A11490220FDF7A2F8EF
:10EE5000204608B0BDE8F081D8F8E430013BF7D097
:10EE6000013500904FF0FF32D8F8EC100495CDE951
:10EE70000630CDE902674FF0FF334046FFF71AFA3C
:10EE800004460028E4D0034ADEE700BF6D8D060883
:10EE9000BC8B060899920608D0F8E83001332DE9BA
:10EEA000F04F054689B08B4629D1FFF777FA50B16C
:10EEB0004FF0FF34344A35490220FDF76BF8204605
:10EEC00009B0BDE8F08F0022002304900121CDF8A5
:10EED00000B0CDE90623D5F8E4304FF0FF32CDE99C
:10EEE00002304FF0FF332846FFF7E4F904460028CC
:10EEF000E5D0274A02202549FDF74CF8DFE7D0F896
:10EF0000E4A0BAF1020F05D04FF4CC6221492248A7
:10EF1000FDF752FDFFF742FA0028C9D14FF0000873
:10EF20004FF000090126002704904FF0FF324FF008
:10EF3000FF3301212846CDF800B0CDE90689CDE99F
:10EF40000267FFF7B7F9044618B1144A0F49504653
:10EF5000D2E72846FFF722FA0028A9D10BF10101D8
:10EF600004944FF0FF324FF0FF3300912846D5F85C
:10EF7000E810CDE90689CDE90267FFF79BF9044661
:10EF800000289CD0064AE1E7BA920608BC8B060826
:10EF9000CE92060823930608389306085393060872
:10EFA000749306083F4BF7B51A7800230446ADF872
:10EFB0000130ADF8053090F802318DF800208DF861
:10EFC000042053B991F83A30C3F30213052B4CD8FF
:10EFD000DFE803F050033D4203030123C4F8F83097
:10EFE000C4F8FC30D4F8F830591C09D0D4F8FC101F
:10EFF0004A1C05D002AA134401228A4003F8082CB7
:10F0000001A92046FFF706FF9DF806309DF8022073
:10F010002046BDF800101343BDF804209DF8007091
:10F020000A4301A99DF80160ADF804208DF806306F
:10F03000FFF732FF2046FFF76FF9E8B91A4A0220BE
:10F040001A49FCF7A7FF4FF0FF3003B0F0BD0023D3
:10F05000C0F8F8300623C3E7072300203E25C4E9A3
:10F060003E033F23C4E93A53BCE7114A04200F4949
:10F07000FCF790FF0020E8E7002501A92046ADF845
:10F0800004508DF80650FFF7C5FE9DF804301F4070
:10F090009DF805301E4057EA060301D1054ACEE728
:10F0A0002846D2E7D8970608568F0608BC8B060874
:10F0B00095930608B39306082D4B30B51B788BB09B
:10F0C00005468DF824300023ADF82530FFF724F9EC
:10F0D00040B9284A02202849FCF75CFF4FF0FF3076
:10F0E0000BB030BD95F8034144B1012C20D0284627
:10F0F000FFF712F90028ECD00020F1E72846FFF7CF
:10F100004DF908B11D4AE5E700220023049098213B
:10F1100000902846CDE90623CDE902234FF0FF32C7
:10F120004FF0FF33FFF7C6F80028E0D0144AD1E7CC
:10F1300009A92846FFF76EFE08B1124ACAE7D5F8BA
:10F14000F83093B9D5F8FC309C4044F00304E4B2A5
:10F150009DF8243009A928461C408DF82440FFF76B
:10F160009BFE0028C3D0084AB4E70324F0E700BFA1
:10F17000D8970608D5930608BC8B0608C58D0608E7
:10F18000089406082E94060864940608D0F8E43023
:10F19000032B30B5054687B005D040F2045226490E
:10F1A0002648FDF709FC264B002204301B78114647
:10F1B000ADF815208DF814300223CDE90222CDE9F7
:10F1C0000022F9F7EBFB48B11E4A4FF0FF341E490D
:10F1D0000220FCF7DFFE204607B030BD05A9284617
:10F1E000FFF718FE08B1194AEFE79DF816302846D8
:10F1F00043F002038DF81630FFF7D0F8044608B14B
:10F20000134AE2E705A92846FFF746FE08B1114A6E
:10F21000DBE72846FFF780F808B90F4AD5E705A9CC
:10F220002846ADF814408DF81640FFF7F3FD00288E
:10F23000D1D00A4AC9E700BF239306089C94060868
:10F24000D8970608EC8B0608BC8B0608B79406080E
:10F25000BA920608D6940608568F0608089506083E
:10F2600010B50446F2F756FA204610BDF8B5184816
:10F270000D46F8F76BFFFEF7E5FC164A1068092803
:10F2800020DC154B1B68991E1C4603F1120631F950
:10F29000027FAF4219D0B142F9D114332146023472
:10F2A000B1F9006001360AD10D80013000241060F0
:10F2B0000748F8F74BFFFEF7E3FC2046F8BD9C42F9
:10F2C000ECD1F2E76FF00104F2E74FF0FF34EFE723
:10F2D000C8600024F4600024F06000247FB52F4E45
:10F2E0000446BDF9285040F8046B0B9ECDE9025648
:10F2F000BDF924600196BDF920600096F9F706FB80
:10F3000004F1BC00A4F8B850FEF794FC0C9B29460D
:10F310002046C4F8F4310023C4F8003284F80432E3
:10F32000FFF7A4FFC4F8B40050B101301C494FF0FE
:10F33000020007BF2B461B4A0A231B4AFCF72AFE82
:10F340000020002100224FF0FF33C4E944014FF4B4
:10F350000030C4F8602184F854210121C4F8F80178
:10F36000032084F8FD2184F8FE210222C4F818311C
:10F37000C4F8E830C4F8FC30C4F8281184F8F01060
:10F38000C4E93802C4E93D3335224FF0807320468A
:10F39000C4F8EC20C4F8003104B070BDE49706084E
:10F3A000BC8B0608299506086095060810B5134819
:10F3B0000C46F8F7CBFEFEF745FC114B1B6803F13A
:10F3C00014011A460233B2F90000A0420AD14FF6E6
:10F3D000FF7313800B4A1368002B01DD013B1360A0
:10F3E000002403E08B42ECD14FF0FF340348F8F7E0
:10F3F000ADFEFEF745FC204610BD00BFC8600024EE
:10F40000F0600024F460002470B500F1BC060546ED
:10F4100088B03046FEF716FC95F804423CB93046F9
:10F42000C5F80042FEF72CFC204608B070BDD5F8A8
:10F430000032013BC5F8003223B130460024FEF70C
:10F440001FFCF1E70020002104934FF0FF320093EE
:10F450004FF0FF33CDE90601CDE902010421284632
:10F46000FEF728FF044630B16FF47A640A4A0B496C
:10F470000220FCF78FFD0023304685F80432FEF7AA
:10F48000FFFBD5F8B430002BCED1B5F9B810284623
:10F49000FFF78CFFC8E700BF9E950608BC8B0608E7
:10F4A000F0B5D0E90045096887B0EE0701EB6500CB
:10F4B00042BF6E1089590C590F99D1E900670E9916
:10F4C000CDE90467096803910D99097802910C99B7
:10F4D000097801911B780093D2E90023A04707B077
:10F4E000F0BD7FB5CDE904230CAB014604AA04307E
:10F4F00003930BAB02930AAB019309AB009308ABE8
:10F50000FFF7CEFF07B05DF804FB0000034A034697
:10F51000C26007C983E80700704700BFCC970608A0
:10F5200010B588B0059108A902AC019001E90C0062
:10F5300005A984E80C00FFF7E9FF019808B010BDA9
:10F5400037B56C46054684E80C0094E80C00FFF7DC
:10F55000E7FF284603B030BD08B5F7F70BFC00689D
:10F56000003818BF012008BD2DE9F04704461646B3
:10F570001D469DF820709DF824809DF82890FFF787
:10F58000EBFF28B940F2022208490948FDF714FAB6
:10F59000E068FEF717FE324601462B4620460897E4
:10F5A000CDE90989BDE8F047084700BFB8750608EE
:10F5B0005070060830B587B00D9903919DF8301052
:10F5C00002919DF82C10DDE90E4501919DF828105F
:10F5D000CDE904450091FFF7C7FF07B030BD00003B
:10F5E00090F802312DE9F04317469DB004460D46D0
:10F5F0001268002B38D0242008AB00214FF05A08A5
:10F600004FF008090126039300230096CDE9040179
:10F61000CDE901892846FFF7CDFF50B1434A4FF0AD
:10F62000FF3543490220FCF7B5FC28461DB0BDE874
:10F63000F0830C220023CDE9042314AB6022CDE932
:10F6400002930023CDE900682846FFF7B3FF064682
:10F650000028E3D104F5847808A8414600F042FB75
:10F6600000280DDA334ADAE779680820CDE9041377
:10F6700008A903915A21CDE9011001210091E3E786
:10F68000414608A800F018FB002801DA2A4AC6E71C
:10F69000796808A800F060FA08A9C4F8F0012046CB
:10F6A000FFF752FB054608B1244AB8E7414608A8CF
:10F6B0008DF81E608DF81F6000F05AFA002801DAFC
:10F6C0001F4AACE70DF11F037A6808A92046009392
:10F6D0000DF11E03FEF778FD9DF81E309BB194F8E6
:10F6E000003113B12046FFF751FD08A92046FFF76E
:10F6F00059FC08B1134A92E79DF81F301BB108A9C5
:10F700002046FFF733F994F8F0303BB17A6808A946
:10F710002046FFF755FA08B10B4A80E72046FEF76E
:10F72000FBFD002881D1094A79E700BFB39506089F
:10F73000BC8B0608D7950608F695060816960608A7
:10F74000479606087E960608AF960608E2960608D3
:10F750002DE9F047D0F8B4508EB00446B5B16B1C1B
:10F760000CD1A5F6A575B0F9B830584A0220584911
:10F77000FCF710FC28460EB0BDE8F0870A23554A76
:10F7800053490220544DFCF705FCF3E700F1BC0798
:10F7900004F104083846FEF755FA94F8FA312A467F
:10F7A00029464046CDE90255CDE90055F9F7F6F86E
:10F7B00050B14A4A6FF47A6545490220FCF7EAFBEA
:10F7C0003846FEF75DFAD5E794F804320BB9C4F871
:10F7D0000052D4F800620136012EC4F80062EFD165
:10F7E0000023D4F8F411404684F8FB3184F8FD314D
:10F7F000F9F70AF9054608B1394ADBE72046FEF772
:10F800008BFD30B9374A02203149374DFCF7C2FB36
:10F81000D6E72046FFF76CF9002801DA334AC9E73A
:10F82000DFF8E09004F584782B4621464A460AA882
:10F83000C4E94255C4E94855CDE90495FFF780FE77
:10F8400041460AA800F058FA82460AA8FFF708FDC8
:10F85000BAF1000F06DA264A1D490220254DFCF7B1
:10F8600099FBADE72B464A4621460AA8CDE9069505
:10F87000FFF766FE42460AA92046FFF7B1FE824620
:10F880000AA8FFF7EDFCBAF1000F01DA1A4AE3E724
:10F890002B464A4621460AA8CDE90895FFF750FEB7
:10F8A00041460AA800F086FA05460AA8FFF7D8FCE8
:10F8B000002D01DA114ACFE72046FFF7FDFB054690
:10F8C00008B10F4AC8E784F8046279E72995060869
:10F8D000BC8B06086095060859F0FFFFEC8B060804
:10F8E000FE960608E29606085DF0FFFF18970608E8
:10F8F000389706085EF0FFFF599706087F970608BD
:10F90000A497060859E0040830B587B00C9CD4E9E8
:10F910000045CDE904450B9C246803940A9C247897
:10F9200002941B78019313780093D1E90023FFF729
:10F93000D8FD07B030BD7FB5CDE904230CAB08AAD4
:10F9400004A902930BAB01930AAB009309ABFFF739
:10F95000DBFF07B05DF804FB08B51420FDF76EFF70
:10F960004FF6FF71831E00F1120223F8021F93422B
:10F97000FBD1014B186008BDF06000244FF4847285
:10F980000249034808B5FDF717F800BF5598060867
:10F990005E98060810B504220949044611F0B8FD26
:10F9A00010B96379012B07D00220064A0449FCF7FD
:10F9B000F1FA4FF0FF3010BDA0790130FBE700BF36
:10F9C000749806087998060837B5837804460D467A
:10F9D000012B08D00220514A5149FCF7DBFA4FF0C5
:10F9E000FF3003B030BD4268130EFF2B40F08A8019
:10F9F00003780C2B28D91F2B76D003F17F02D2B2CB
:10FA00000C2A01D90020ECE7813B0C2BFAD801A28B
:10FA100052F823F09DFA040805FA040805FA0408D0
:10FA2000B7FA040805FA040805FA0408EDFA040810
:10FA3000F1FA040805FA040805FA040805FA0408AE
:10FA400005FA040801FB04080C2BDBD801A151F8CE
:10FA500023F000BF89FA040805FA040805FA04082F
:10FA6000D5FA040805FA0408E1FA0408E5FA0408DE
:10FA700005FA040805FA0408F5FA0408F9FA040876
:10FA800005FA0408FDFA040822F07F422A60C378D0
:10FA90009B00502BA8BF50236B60B3E7214A08207E
:10FAA0001F49FCF777FA636823F07F43AB61E37883
:10FAB0009B00EB61A6E71C4A08201949FCF76AFA8B
:10FAC000636823F07F43C5F8D030E3789B00C5F826
:10FAD000D43097E7154A12490820FCF75BFA91E702
:10FAE000134AF8E7134AF6E7134AF4E7134AF2E732
:10FAF000134AF0E7134AEEE7134AECE7134AEAE742
:10FB0000134AE8E77F2B3FF67DAF0093114A037855
:10FB100008200349FCF73EFA74E700BFA2980608E4
:10FB200074980608CD980608EA98060817990608FA
:10FB300059990608AF990608059A0608139A060807
:10FB4000519A0608A29A0608ED9A0608449B0608F0
:10FB5000759B0608CB9B0608282981BF90F82800D2
:10FB600003110120984098BF4FF480707047000047
:10FB7000F8B54B681C2B24D9012301F1B00401F125
:10FB8000C0064FF0FF379C4644F8047B027F0CFA16
:10FB900002F2012AE2600CD9457F44F8045C8D6DC5
:10FBA000AA4200D305B98A6591F84C201A4381F81E
:10FBB0004C205B00B44200F10200DBB2E4D1002033
:10FBC000F8BD4378FF2B0B61F9D10220034A0449A9
:10FBD000FCF7E0F94FF0FF30F2E700BF1B9C06088E
:10FBE00074980608F0B504460D46D2E902018D422C
:10FBF00008BF844211D2136A7BB1012B0BD0603253
:10FC00000020834209DDF2E80267AF4208BFA64246
:10FC100002D20130F5E70020F0BD4FF0FF30FBE7E6
:10FC20002DE9F04F89B003264FF00809159F059084
:10FC300007F1A80BDDE9128ACDE9002318F1FF33A3
:10FC400006934AF1FF330793149B093307EBC3076D
:10FC5000059B13EA090F1ED05BF82640002540469D
:10FC6000514622462B460EF0DDFF134313D1DDE94A
:10FC70000023AB4208BFA2420DD3069B1B1902937F
:10FC8000079B6B410393DDE90201D7E900238B4217
:10FC900008BF824208D2013E4FEA5909D8D2044A2D
:10FCA00002200449FCF776F9304609B0BDE8F08F30
:10FCB000459C06087498060813B54368002408207C
:10FCC0005A1CD208C1E90224CDE900240349044AA0
:10FCD000FCF760F9204602B010BD00BF749806081A
:10FCE000759C060890F90700C017704710B50446C8
:10FCF000F3F752FF204610BD2DE9F04F8BB04FF0C7
:10FD0000080B4FF0000A5A2708AB0022CDF808B0C4
:10FD100080460393012389465E46CDE90037CDE94D
:10FD200004BA0023FFF746FC50450ADA4FF0FF34CF
:10FD30001D4A1E490220FCF72DF920460BB0BDE8F4
:10FD4000F08F08A8FFF726FE041EF6DB0025CDE99C
:10FD500006BAA54226D0069B01215A464046049386
:10FD6000079B0197059308AB0091CDE902635346C9
:10FD7000FFF720FC002808DA02206B1C0C4A0B4914
:10FD8000FCF708F94FF0FF30D8E7494608A8FFF71D
:10FD90001BFE0028D2DB1BF1080B05F101054AF11F
:10FDA000000AD6E70020C9E7A19C06087498060857
:10FDB000BF9C06088B692DE9F04F05468DB00C46B7
:10FDC0000BB1C86978B9012300252362D4E9023256
:10FDD000636213F1FF3342F1FF32C4E9183228465F
:10FDE0000DB0BDE8F08F7849FDF736FD804638B993
:10FDF000764A022076494FF0FF35FCF7CBF8EEE764
:10FE00000027E369082203902846CDE904375A23E6
:10FE1000CDE901320123A26900933B46FFF7CAFBFB
:10FE2000B8420ADA6B4A6A490220FCF7B3F84FF08D
:10FE3000FF354046FDF731FDD1E7294608A8FFF719
:10FE400055FF98F8006016F002064FD1E369474667
:10FE50000DF11F0A08EB03093D460837B94533D3B6
:10FE600017F8063C0120002117F805BC6A68CDF898
:10FE70000CA0CDE9040103F00F019B0908A8029131
:10FE800017F8071C009300230191FFF793FB00284C
:10FE900009DA2F464FF0FF394F4A02204C49FCF750
:10FEA00079F83D4617E09DF81F3076001BEA030FF6
:10FEB000F6B217F8083C18BF46F00106DB0712D46B
:10FEC0003B789D07C8D53D464FF0FF39434A40492E
:10FED0000220FCF75FF808A8FFF7C2F9B9F1000F9C
:10FEE00008D03F4A9FE74FF00009DAE745463E4613
:10FEF000B946F0E7E26942442978880710D505F150
:10FF000008039A420CD3A878831C05EB83039A421A
:10FF10000DD2344A05E00BB9FFF730FD1D46EBE783
:10FF2000314A2B490220FCF735F8304A7BE76F78DD
:10FF3000B74203D0C907EED52D4AF2E7431C0A2B7E
:10FF4000236207DD009302200A232A4A2049FCF796
:10FF500021F86CE76FF04C0A043504F1240904F130
:10FF60004C0C04F1600E00230F21AAEB040A2A684E
:10FF700015F8046B22F0FF0206F00F0602F58072FE
:10FF8000314049F8042B013A0CF8016B13440AEB99
:10FF90000C021E46DF17904203F10103EEE80267F0
:10FFA000E5DC00230122A36512EA010505D0303308
:10FFB000002554F82330A3653BE701335200042B9E
:10FFC000D2B2F1D135E700BF9CBE0608E79C060817
:10FFD00074980608019D0608679D0608249D06087A
:10FFE0009A9D0608F29D0608C49D0608869E06088E
:10FFF000379E0608AD9E06087047000010B5032026
:020000040805ED
:1000000000F06CFB04F0C8FE0F49104A8B69C3F383
:100010000323D35C03F01F03D8408B6903F00F0365
:10002000D35C0B4A03F01F0320FA03F31360094B60
:1000300018600F200AF0FEF9044618B9FFF7DCFF3C
:10004000204610BD0124FBE700440258A69F060885
:100050003C0E0024380E002438B504460AF0F0F9AE
:100060000546631C1EBF044B1B78E4180AF0E8F930
:10007000431BA342FAD338BD300E0024014B18684D
:10008000000C70470010005C014B1868704700BFFF
:1000900000E8F11F014B1868704700BF04E8F11F2A
:1000A000014B1868704700BF08E8F11F034A536806
:1000B00023F4600318435060704700BF00040058E9
:1000C000024A136A43F001031362704700040058A8
:1000D00030B5CC030DD5430900F01F05012403F111
:1000E000B063AC4008331B011D68A2B925EA0404C3
:1000F0001C608B030ED500F01F0140090123000195
:100100008B4000F1B04042B9D0F8842022EA0303CA
:10011000C0F8843030BD2C43EAE7D0F88420134384
:10012000F6E730B5CC030DD5430900F01F050124D7
:1001300003F1B063AC400C331B011D68A2B925EA82
:1001400004041C608B030ED500F01F01400901233D
:1001500000018B4000F1B04042B9D0F8C42022EA3F
:100160000303C0F8C43030BD2C43EAE7D0F8C42004
:100170001343F6E78068C0F3800070477047026859
:1001800038B5936804469168C80701D4002038BD8B
:100190009907FBD4936803F00D03012B19D19368E1
:1001A00023F0004323F03F0343F002039360032353
:1001B00013600AF045F9054623689B68DB07E5D51F
:1001C0000AF03EF9401B0228F6D923689B68DA073B
:1001D000F2D5636D012043F010036365A36D43F016
:1001E0000103A365D3E7000038B5434A0546036819
:1001F000934203D002F58072934218D13F4B9B6823
:1002000013F4403F14BF012300230BB304F08AFF13
:100210006B680446B3F5003F05D0B3F5403F08D006
:10022000B3F5803F06D11B0CB4FBF3F402E0344B72
:10023000E5E78408FFF722FF41F2030398422B68A9
:1002400040D8304A94429A6838D942F4807237E0F4
:100250004FF4002006F01EF86B680446B3F5101F3B
:1002600028D01DD8B3F5E01F22D014D8B3F5801FD5
:1002700008D00AD8B3F5002F04D023F40022B2F539
:10028000802FD7D19B0C5B00CEE7B3F5A01FF9D030
:10029000B3F5C01FF5E7B3F5001FCBD14409C9E79B
:1002A000B3F5201F08D0B3F5301FC3D1040AC1E74E
:1002B0000409BFE78409BDE7C409BBE722F48072E3
:1002C0009A6038BD104A944203D89A6822F440726A
:1002D000F6E70E4A944203D89A6822F44072B4E7D3
:1002E0000B4A94429A6896BF22F4407242F44072DC
:1002F00042F40072E4E700BF002002400023024005
:1003000000630258002D310121BCBE0041787D01FF
:1003100081F0FA02002373B504460193002800F02F
:10032000ED80456D25B9FFF729FFA56584F850508C
:10033000206883689D0005D5836823F0204323F05F
:100340003F0383608368D90040F198808368DA00B6
:1003500000F1AA80636D012543F010036365A36D6E
:1003600043F00103A365FFF705FF636D03F010037E
:100370000343636D40F0BF8023F48173226843F030
:10038000020363659368DB070CD45D495D488A42CC
:1003900002D0824240F08A808E6883683343DE0751
:1003A00040F18B80FFF76AFE41F20303226B984213
:1003B000217F607DA36840F29080102B40F08D80FB
:1003C0000B0443EA4033134343F01C03012902BFEB
:1003D000226A02F1FF3243EA4243626A22B102F426
:1003E0007872A16A0A4313432068474AC1680A40E9
:1003F0001343C360FFF7BEFE2268936803F008034F
:10040000034327D1D368217D23F4804323F00303E2
:1004100043EA8133E16A0B43D36094F83830012B0F
:1004200061D1E36B1069591ED4E91036334343EAB6
:100430000143A16C0B43354901400B4343F00103D9
:10044000136120461369616B23F070430B43136102
:10045000FFF7CAFEE3682268012B48D1116BA3693C
:1004600021F00F01013B0B431363636D23F0030382
:1004700043F001036365284602B070BD8368244AD7
:1004800023F0104323F03F0343F080538360214B5C
:100490001B68B3FBF2F301330193019B002B3FF484
:1004A00055AF019B013BF7E700255CE71A4B9B68C2
:1004B000DB073FF577AF194B06E08A420BD0174BAD
:1004C0001749824208BF0B469A68616822F47C1281
:1004D0000A439A6066E7124BF6E7134343EA403358
:1004E00043EA014372E7136923F00103A8E7136BA2
:1004F00023F00F03B8E743F0100363650125BAE763
:10050000002002400021024003C0F0FF1EF800FC62
:10051000400D0300380E00240060025800630258AA
:10052000002302408068C0F3800070470023F7B5C5
:100530000193044690F850300E461746012B3FD0E9
:10054000012380F85030FFF71AFE002834D1656D82
:1005500007F08047226806F4803625F48855194B49
:1005600025F0020545F00205656591680B401649C6
:100570003B43334343F0004393609368002B11DA0D
:10058000019B01330193019B8B42F6D3636D0120E4
:1005900023F0120343F010036365002384F8503006
:1005A00003B0F0BD636D23F0030343F00103636503
:1005B000002384F85030F3E7636D43F01003F6E74F
:1005C0000220EDE7C0FFFE3F00F8C325F0B590F82C
:1005D00050209BB00346012A73D001223A4C80F888
:1005E000502000201D681690A542179008D0596D24
:1005F00083F85000104641F0200159651BB0F0BD52
:10060000324E3046FFF78EFF04461868FFF78AFF28
:10061000204330464FD11A68AA4222D02C4D2D4C8F
:10062000B24218BF2C46D1F800C0274FBCF1000FD2
:1006300027D0A668BA424D6826F4404646EA050629
:10064000A66001D082420ED11F4A9668826832436A
:10065000D24302F001024AB90020002283F8502060
:10066000CCE71C4CDFE71C4A9268F1E7A268896876
:1006700022F471624CEA010522F00F021543A560D5
:10068000EAE7A168BA4221F44041A16001D0824268
:100690000ED1B96882680A43D24302F00102002AEF
:1006A000DAD0A26822F4716222F00F02A260D3E7CE
:1006B000094A9268F0E7596D104641F020015965EA
:1006C000CBE702209AE700BF002002400021024051
:1006D00000630258002302400060025807490302E9
:1006E000CA6803F4E06322F4E0621204120C1343BC
:1006F00043F0BF6343F40033CB60704700ED00E08C
:10070000164B30B5DC68C4F30224C4F10705231D81
:10071000042D28BF0425062B4FF0FF338CBF033C6C
:10072000002403FA05F5002803FA04F321EA050181
:1007300022EA030201FA04F141EA02034FEA031339
:10074000DBB206DB00F1604000F5614080F8003369
:1007500030BD00F00F00024A1354F9E700ED00E04D
:1007600014ED00E0002808DB0123420900F01F001F
:1007700003FA00F0014B43F82200704700E100E06B
:1007800000280DDB4309012200F01F00203302FA8C
:1007900000F0044A42F82300BFF34F8FBFF36F8F7E
:1007A000704700BF00E100E0BFF35F8F044A536A67
:1007B00023F4803353620022024B5A60704700BF1B
:1007C00000ED00E090ED00E0064A40F00100064B2D
:1007D0005860536A43F480335362BFF34F8FBFF3C3
:1007E0006F8F704700ED00E090ED00E04378124A13
:1007F00010B593600178D9B14368D360C37A047BA4
:100800001B0643EA04730B43817A43EAC143417BED
:1008100043EA8143817B43EA4143C17B43EA01438D
:10082000417A43EA0123017A43EA4103136110BD8F
:10083000D1601161FBE700BF90ED00E0044B1B6845
:10084000C3F30313072B0CBF03200120704700BF25
:1008500000ED00E010B528B190F83530022B03D040
:100860008023436501207FE00368504A934252D0C1
:100870004F498B424FD018318B424CD018318B42AC
:1008800049D018318B4246D018318B4243D01831B1
:100890008B4240D018318B423DD001F556718B42CE
:1008A00039D018318B4236D018318B4233D01831C1
:1008B0008B4230D018318B422DD018318B422AD048
:1008C00018318B4227D018318B4224D01A6822F07D
:1008D0000E021A601A6822F001021A60354A934229
:1008E00043D1026E136823F480731360D0E91613AA
:1008F00003F01F02012393404B60D0E919325A6084
:10090000C36E002B46D01A6822F480721A60D0E9B8
:100910001C325A603EE00421934280F835101ED00C
:10092000234A93421BD01832934218D01832934274
:1009300015D01832934212D0183293420FD0183289
:1009400093420CD01832934209D002F5567293426A
:1009500005D01832934202D018329342FFD01A6861
:1009600022F001021A60002010BD134A9342B8D051
:1009700014329342B5D014329342B2D0143293421F
:10098000AFD014329342ACD014329342A9D0143277
:100990009342A6D00123002480F83530036D80F8FF
:1009A00034400BB19847DEE71846DDE710000240FF
:1009B00028000240085402581C54025890F8350090
:1009C00070478B680A682DE9F04F1A430B7C85B09D
:1009D00091F804A0002B91F80C9091F80D800CBFB9
:1009E0004FF40023002391F80EE001934B7C91F823
:1009F0000FC0002B8E7C0D7F0CBF4FF40033002303
:100A000091F81DB002934B691A438B6913438A7F97
:100A1000002ACA7F039208BF4FF4806791F8202014
:100A200018BF0027002A026810680CBF4FF48074BA
:100A300000240090486A0343C86A0343009820F0EA
:100A40007F4020F47B0020F4FE4020F07C00034334
:100A5000039843EACA6343EAC95343EA885343EA23
:100A60004E5343EA0C5343EA064343EA053343EA51
:100A7000CB2391F828B043EA4023019843EA0B13B3
:100A80000343029803433B431C431460CE6B91F82D
:100A9000323091F83870002B536891F8305023F0C1
:100AA0007C5391F831400CBF4FF48030002023F488
:100AB000EF2323F4FF6323F0070343EA46634E6BFF
:100AC00033438E6C43EA076343EA85430D6D43EA83
:100AD00044430343486C5360D36823F4877323F083
:100AE0000103034391F8400043EA0023D36091F8E7
:100AF0004C3091F85440002B136F23F0F2030CBFDD
:100B0000802000201B041B0C43EA06432B43CD6DC1
:100B100043EA440303431367D2F8900091F8563038
:100B200020F00300034391F8550043EA4003886D29
:100B3000C2F89030D2F8003D23F072030343C2F8AC
:100B4000003D91F8603091F86140002BD2F8303DC3
:100B500091F8621023F07B030CBF402000202B4350
:100B600043EA041343EAC1030343C2F8303D05B02E
:100B7000BDE8F08F026802F58050036823F4F0436B
:100B800030B523F002030C68234341F204040360F0
:100B90000B7B10590D79DB0320F4504043EA0533F9
:100BA0008D6820F001002B430343135102F5885454
:100BB000487B0B6A256843EA0043104828400343FA
:100BC000236041F204144B7F087D1B03155943EA4F
:100BD0000013086903430A4828400343135141F2B4
:100BE00008140D7F10598B6920F0004143EAC5734A
:100BF00021F47C110B43135130BD00BF00C0FEFF38
:100C0000EFEFC0FF2DE9F04FD0F840E085B000EBEA
:100C10008E0302929A69D468002C03DA022005B090
:100C2000BDE8F08F5B6C002BF8D10D688F6815F074
:100C3000040C28D0D4684B6A240C24042343046891
:100C4000D360D36843F48033D360236E43F48013BE
:100C500023662B0717D59668CB6AB6B246EA0343DC
:100C60009360D36843F40033D360D6680B6B26F4EB
:100C700040263343D360636E43F480136366236D71
:100C800043F08063236515F010090BD094688B69DD
:100C900024F47F5424F03F0423439360D36843F04B
:100CA0008063D36015F0140418D0D3680EF10106E8
:100CB00043F08043092ED36088BFAEF10906D368A4
:100CC00043F00043D36000EB86039B69DC68002C93
:100CD0007EDAD36823F00043D3609FE7134676465D
:100CE000013401943C681C609C6824F47F587C6843
:100CF00028F03F0848EA0404DFF800829C60BC68E2
:100D0000002C67D027685F609F6807EA080867685B
:100D100048EA07479F60DF68B9F1000F61D027F408
:100D2000F0080F6A48EAC747DF60DF684FEA974874
:100D3000CF694FEA884848EA0707DF60DF6847F471
:100D40008027DF60BCF1000F06D09F6827F4404C7D
:100D50008F6A4CEA07079F60DF6847F00057DF6043
:100D6000DF6827F08047DF60DF6847F00047DF601B
:100D7000AF0706D5DF6827F0607CCF684CEA07072D
:100D8000DF6005F001050027DFF87081DFF870A152
:100D90000395019D07EB050BA568002D3BD1029A39
:100DA000002A00F0A7809A6842F000429A60DA6850
:100DB00042F08052DA6000EB8603C26E5A64066429
:100DC00072B6036F01331F44076762B6002026E73F
:100DD000012485E75C609C6804EA08049C603C464A
:100DE00099E727F4FF484F6828F07F0848EA07078B
:100DF000DF60EF0706D5DF6827F440384F6948EA1F
:100E00000707DF60AF069DD5DF6827F040680F69F0
:100E100048EA070795E706F1010CDC68BCF1090F09
:100E200024F0805488BFA6F1090CDC6000EB8C062E
:100E3000B369DC6824F00054DC60DC68002C01DB62
:100E4000746C9CB100230EE0D168013321F00041A5
:100E5000D1600EF10101092988BFAEF1090100EB53
:100E600081028E4692699B45EED1D7E62C681C60C4
:100E70009E686C6826F47F5626F03F0634439C60DB
:100E8000AC6804B325685D609E68656806EA08067C
:100E900046EA05459D60DE68B9F1000F1AD0CD69BC
:100EA00006EA0A063543DD60DD6845F48025DD602D
:100EB000DD680137664645F00045DD60DD6825F0F8
:100EC0008045DD6065E75C609C6804EA08049C601E
:100ED0002C46E0E726F4FF464D6826F07F063543B2
:100EE000DD60039D002DE3D0DE684D6926F44036B9
:100EF0003543DCE79A6822F0004257E7FFFF00C065
:100F00000000FCFF0AB1032904D90123C0F8A43072
:100F10001846704700EB8101496F0A600A61CA6890
:100F200042F08072CA602BB18B604B61CB6843F09A
:100F30000073CB60CB68002043F00043CB60704768
:100F4000D0F89C10102910B52AD1232341F20414A3
:100F5000C0F89C3003681A6842F002021A601A68EE
:100F600042F001021A60D3F8002D42F00102C3F8EA
:100F7000002D1A5942F001021A5141F208141A596F
:100F800042F001021A5103F58B531A6842F4817240
:100F90001A602223C0F89C10C0F8A030002010BDB9
:100FA0000120FCE7D0F89C30102B10B542D1232350
:100FB00000F18404C0F89C3000F1740353F8041B62
:100FC000CA68A34242F08042CA60F7D1012341F2CD
:100FD0000411C0F8943003681A6842F002021A60E3
:100FE0001A6842F001021A60D3F8002D42F00102A3
:100FF000C3F8002D5A5842F001025A5041F208112C
:101000005A5842F001025A5003F58B510A6842F4D3
:1010100081720A6041F234115A5842F4504242F04F
:1010200041025A501023C0F89C302223C0F8A0304F
:10103000002010BD0120FCE7D0F89C3023B323230F
:1010400041F20411C0F89C3003685A5822F00102A2
:101050005A5041F208115A5822F001025A501A68A7
:1010600022F001021A60D3F8002D42F00102C3F809
:10107000002D1A6822F002021A601023C0F89C307A
:10108000C0F8A0300020704701207047F8B5044632
:10109000154639B9D0F8A43043F00103C4F8A430A0
:1010A000012025E0D0F89C30102BF9D10022FFF769
:1010B000A9FD20B1D4F8A43043F00203EEE7236C7D
:1010C0009A1D54F822705A1C092A8ABF093B2264CF
:1010D0002364226C2368063203F5895354F82220D6
:1010E0001A6009F0ADF90646FB68002B01DB002011
:1010F000F8BD236803F58B531A68D2040CD5D4F8D5
:10110000A42042F00802C4F8A4201B68C4F8A83048
:10111000E023C4F89C30C3E76B1CE5D009F090F9DC
:10112000801BA84201D8002DDED1D4F8A43043F0B2
:101130000403C4F8A430EBE7F0B5D0F88C50002DD0
:101140003ED1D0F884102A462C46052700EB8103B7
:101150005E6FF368002B01DB013F33D16CB300EB12
:1011600082034FF08076671E5B6FC0E92112196918
:1011700019605969DE6021B19960D96841F0007148
:10118000D960D96841F00041D960D0F8941019B104
:10119000D96841F08041D960AF4207D9511C032979
:1011A00088BFD11E00EB81030A465B6F0135AC425C
:1011B000DDD1016841F228128B500023C0F88C3039
:1011C000002023E0D6F80CC04B1C1CF0805F1ED022
:1011D000002C08BF0A46032B04F1010588BFCB1E73
:1011E00000EB8301496FCC68002C0ADBC9684F0013
:1011F00007D50121C0F89010591803298CBF033B73
:101200000B46C0F88C50C0E921320120F0BDF668D1
:10121000B6000AD5032B4FF0010488BFCB1E00EBAC
:101220008302566F0A46194693E7032B04F1010423
:1012300088BFCB1E00EB83014E6FF4E7F8B505467F
:101240000C4619B90120C5F8A400F8BDD0F88C30BF
:10125000C3B1D5F888100026D5F88C2005EB8103A2
:10126000686902F1FF3C37465B6FBC4510D8DA680D
:101270001969C2F30E022160921B90421FD3626073
:101280000020E2E7FFF758FF0028E2D10120DCE769
:101290001A69C4E900205A691AB1A4685A69C4E9F4
:1012A00000204A1CDE68A4680137032AC6F30E0634
:1012B00088BFCA1E05EB820311465B6FD5E75969EB
:1012C0000029E3D0A168121A5B6960600B604A6074
:1012D000D6E770B5D0E9225304460E4673B1D4F870
:1012E0008C302B44581E03280ED804EB80040020B9
:1012F000636FDB68C3F30E03336070BDFFF71CFF41
:101300000028ECD10120F8E7581FEEE7D0F88C2038
:10131000F0B5002A39D0D0F8903003B10132D0F8BE
:10132000884000214FF08076571E00EB84035B6FEE
:101330008A4208D1016841F228128B500023C0E98B
:1013400023331846F0BD1D691D60DE605D692DB157
:101350005D699D60DD6845F00075DD60DD6845F024
:101360000045DD60D0F894501DB1DD6845F0804542
:10137000DD608F4207D9651C032D88BFE51E00EB99
:1013800085032C465B6F0131D2E70120DAE7704715
:101390007047704770470000036803F58B5212686E
:1013A000520610B504460CD541F234129B5859062A
:1013B00007D5F6F7ABFB236848F2400203F58B53E1
:1013C0001A60236803F58B521268D2070DD541F2DB
:1013D00034129B58D80708D52046FFF7D8FF23685A
:1013E00048F2010203F58B531A60226802F58B5311
:1013F0001968490420D541F23411505840041BD5D6
:10140000D4F8A40040F00800C4F8A4001868C00490
:1014100059D51B6823F46F6323F00D03DB04DB0C49
:10142000C4F8A830535823F440435350E023C4F881
:101430009C302046F6F77AF92268D2F8B03003F4EF
:10144000C043B3F5C04F0CD1D2F8B8302046C4F831
:10145000AC30E023C4F89C30F6F774F90023C4F8EC
:10146000AC302368D3F8B020D0060BD5D3F8C03009
:10147000204603F06003C4F8B030FFF789FF002373
:10148000C4F8B0302368D3F8B02091060BD5D3F858
:10149000C030204603F00F03C4F8B430FFF779FFE3
:1014A0000023C4F8B430FFF7C9F903280CBF0A4B76
:1014B0000A4B9A6A520205D54FF4800220469A627E
:1014C000FFF768FF10BD1A6802F4CD42C4F8A820E7
:1014D0004FF4CD421A60ACE780000058C0000058BD
:1014E00070B51E4603680546D3F80002C00701D553
:1014F000012070BDD3F8004224F0787444EA4151D1
:1015000021F4F81141EA024242F00D02C3F8002230
:1015100008F096FF04462A68D2F8003213F001035F
:1015200005D1D2F80422184692B23260E1E708F001
:1015300087FF001BB0F57A7FEDD9D9E738B50546AE
:101540000068D0F80042E40701D5012038BDD0F88A
:1015500000429BB224F0787444EA415121F4F8111E
:1015600041EA02420D4922F00C02C1F8043242F075
:101570000502C1F8002208F063FF04462B68D3F887
:10158000003213F0010301D11846DFE708F058FFDD
:10159000001BB0F57A7FF1D9D7E700BF0080024089
:1015A000002900F0C180036800201A6802F00C02D4
:1015B000CA621A68C2F3001281F828201A6802F081
:1015C00060024A621A6882F48072C2F3002281F8D3
:1015D00020201A68C2F34022CA771A6882F4806217
:1015E000C2F380228A771A68C2F3C0224A771A6847
:1015F000C2F300320A771A6802F400528A611A684C
:1016000002F480424A611A68C2F300428A741A687E
:1016100082F40032C2F340424A741A6882F4002213
:10162000C2F3C0420A741A68C2F30052CA731A683D
:10163000C2F340528A731A68C2F380524A731A681E
:10164000C2F3C0520A731A6802F0E0628A601A6834
:10165000C2F3C0620A711A6802F0E0420A605A6876
:10166000C2F30D024A635A6882F48032C2F3004228
:1016700081F832205A68C2F3404281F831205A681A
:10168000C2F3804281F830205A68C2F3006281F8C8
:1016900038205A68C2F34462CA63DA68C2F300228F
:1016A00081F84020DA6802F00F024A641A6FC2F330
:1016B000400281F854201A6F82F08002C2F3C012F7
:1016C00081F84C201A6F02F070020A651A6F120C32
:1016D0008A64D3F8902002F0010281F85620D3F8F2
:1016E0009020C2F3400281F85520D3F8002D02F07B
:1016F00072028A65D3F8302D02F02302CA65D3F84E
:10170000302DC2F3C00281F86220D3F8302DC2F32D
:10171000001281F86120D3F8303D83F04003C3F319
:10172000801381F8603070470120704708B539B1E7
:10173000D0F8A030102B03D1FFF743F9002008BDEB
:101740000120FCE738B503680546D3F8004203F0F2
:10175000E9FC124B124A24F470640344934205D20C
:1017600044F400742B68C3F8004238BD0D4B0E4A98
:101770000344934202D844F44074F3E70B4B0C4A01
:1017800003449342EED30B4B0B4A0344934294BF62
:1017900044F4807444F48064E4E700BF00D3CEFED8
:1017A000C0E1E40040F1E9FD3F787D0100796CFC87
:1017B000005A6202001F0AFA7FF0FA0270B504466E
:1017C000A4B0002800F0AC80D0F89C300BB9F5F73D
:1017D000FBFB2323C4F89C307E4BD3F8F42042F06B
:1017E0000202C3F8F420D3F8F430207A03F00203A5
:1017F0000193019B002840F08380FEF757FC23688B
:1018000003F580531A6842F001021A6008F018FECE
:101810000646236803F580531D6815F0010572D153
:1018200020460126FFF78EFF03F07CFC6A4A2368FE
:101830004FF4804114958DF830608DF854508DF838
:1018400064501A951D958DF86C508DF84C60ADF86C
:101850008C608DF88E501F95ADF880508DF88250B9
:101860001695ADF85C508DF85E600D958DF83E5084
:101870001C958DF87860B0FBF2F00138C3F8DC00FD
:101880004FF4C363022018934FF040530B934FF46F
:101890000053CDE910134FF480330BA9129320238A
:1018A000CDE921034D4B20460E9340F20113ADF8D4
:1018B0003C30FFF786F84FF4001302A920468DF85C
:1018C0000C60069308934FF4067302950A930496EE
:1018D000ADF814508DF81C50ADF82450FFF74AF9BC
:1018E0002368606903F588510A6822F4E01242F423
:1018F00000220A6010F0030114D0C4F8A4600CE0C8
:101900004FF4000079E708F09BFD801BB0F5FA7FEB
:101910007FF67FAF0423C4F8A430E023C4F89C30E2
:10192000012055E041F208155A5922F4FF4222F0F5
:101930007E0242EA4002E0685A5100F1F00604F1EA
:1019400018050246116051609160D16045F8042B82
:101950001832B242F6D1216441F22C12092100253D
:10196000995041F214122169985003F5895201F1FE
:101970006006106004F174000A46156055609560B9
:10198000D560C2E9045540F8042B1832B242F4D1B4
:1019900041F230120320C4F88C50C4E92155C4E947
:1019A0002455985041F21C1200209950483141F2C0
:1019B0002812995062689188C3F800131268C3F81E
:1019C00004231023C4F8A450C4F89C30C4F8A030F9
:1019D00024B070BD0044025840420F0000000101D5
:1019E000D0F89C00704770472DE9F04F99B004463D
:1019F0004C22CC4905A80FF0BDFD002C00F0BC81A5
:101A0000C94B22689A4204BF03F58073636094F85F
:101A1000983003F0FF0223B9204684F89920FFF79D
:101A2000E2FF2268936923F01003936108F008FD38
:101A3000054623689A69110700F18F819A6942F07F
:101A400001029A6108F0FCFC054623689A69D207F6
:101A500040F194819A6942F002029A61227C012A43
:101A60009A690CBF22F0400242F040029A61627C07
:101A7000012A9A690CBF42F4804222F480429A61A2
:101A8000A27C012A9A690CBF22F4805242F480524F
:101A90009A619A69A06822F4407202439A619A6935
:101AA00022F0A4029A611A6922F010021A61E26817
:101AB000012A40F06A819A6942F004029A61A2699F
:101AC000B0F5407F02F1FF31E26902F1FF324FEAE7
:101AD000022242EA4162216A01F1FF3142EA010237
:101AE000616901F1FF3142EA0142DA610ED1E26A35
:101AF000511E226B013A120142EA0122A16A013908
:101B00000A43616A013942EA0142DA60D4F860E0CE
:101B1000BEF1000F05D0D3F8C020616E0A43C3F8B0
:101B2000C020D4F85CB0D4F868A01EEB0B0F0BD02B
:101B300018A9D3F8C82001EB8A0122F0070251F856
:101B40004C1C0A43C3F8C820D4E9106215465EB1A4
:101B500018A8D3F8BC2000EB850122F0070251F849
:101B60004C1C0A43C3F8BC20A26C0092E26C0392A6
:101B7000009A6AB118A80399D3F8BC2000EB810140
:101B800022F0700251F84C1C42EA0112C3F8BC204A
:101B9000D4E9147967B118A9D3F8BC2001EB890105
:101BA00022F4E06251F84C1C42EA0122C3F8BC2046
:101BB0005D4A934204D161688A6822F003028A6018
:101BC00000225A48D4F83C807543C4F89C20C4F8DD
:101BD00094204FF0010209FB07F984F89820626B0A
:101BE0000192D3F884200199024042EA8102C3F8AD
:101BF0008420D3F88410A26B21F47F0141EA0241D2
:101C0000C3F88410019901EB020CD3F8881001404D
:101C100041EA8C01C3F88810D3F8881021F4FE0142
:101C200041EA0841C3F888100CEB4801D3F8A0C082
:101C30000CEA000C4CEA810C2944C3F8A0C0D3F88C
:101C4000A0C002912CF4FE0C4CEA064C2E46039DDB
:101C5000C3F8A0C0D3F8B0C00CEA000C4CEA810C69
:101C60000099C3F8B0C0D3F8B0C04D432CF4FE0CBB
:101C70004CEA014C0299C3F8B0C02944D3F8ACC077
:101C80000CEA000C4CEA810C4944C3F8ACC0D3F810
:101C9000F070074047EA8107C3F8F070D3F8F0709E
:101CA000D4F858C027F47C1701EB4C0147EA0C47E5
:101CB000C3F8F070D3F8C070384040EA8101C3F82F
:101CC000C010D3F8C01021F47C1141EA0B41C3F8D5
:101CD000C010D3F8C01021F07C5141EA0E610AFB1C
:101CE0000EFEC3F8C010019B03F1805101F52C5189
:101CF000890001EB82030E4AE166236703EBC80308
:101D0000636703EB8603A36703EB8503E36703EBDA
:101D10008903C4F8803003EBCC030AFB0BFCC4F846
:101D2000843007E0FC9E060800A000400300FFFF8F
:101D3000FCD3004003EB8C03C4F8883003EB8E0324
:101D40009342C4F8903034D80023D4F890209142C4
:101D500034D3002019B0BDE8F08F08F071FB401BB0
:101D60000A287FF666AED4F89C3043F00103C4F82D
:101D70009C30032384F898300120EBE708F060FBE7
:101D8000401B0A287FF661AEEDE7002A3FF497AECC
:101D9000022A0AD09969032A41F0800199611969E0
:101DA00041F0100119617FF48AAE9A6942F0200275
:101DB00084E6D4F89C3043F02003D8E741F8043B94
:101DC000C3E700BF30B590F89830013B012B2DD808
:101DD000D1E90054D1E90323BDB9072A4FEA0343EF
:101DE0000BD1CA6943EA02238A69134343F0605363
:101DF000C26E42F82430002030BD8D68496943EA44
:101E000085730B4343EAC263F2E7072A43EA42734E
:101E10001ABF8D684A698A69016F18BF42EA8572E4
:101E200001EBC40041F834304260E4E7D0F89C3064
:101E300043F00203C0F89C300120DDE770B5154681
:101E400090F89820012A0BD10668049840EA4303D1
:101E5000002043EA850242EA0112C6F8802070BDE4
:101E6000D0F89C3043F00403C0F89C300120F6E722
:101E700090F89830012B0CD10268022380F898303A
:101E8000936923F0010393610023C0F89C30184646
:101E90007047D0F89C3043F00403C0F89C30012018
:101EA0007047000090F89830013B012B2DD8036853
:101EB000986D08421FD1D86D40F00100D8658805A3
:101EC00004D5D3F8E0001043C3F8E000480504D57A
:101ED000D3F8E4000243C3F8E42021F04042586DF7
:101EE00022F44012024300205A650C4A536943EA27
:101EF000917151617047986D31EA000003D1D86D3E
:101F000040F00200DAE70320D8E7D0F89C3043F035
:101F10000203C0F89C300120704700BF00A80040B9
:101F200090F89830013B012B27D8036821F04040FE
:101F30005A6D20F4401022EA000215485A654269A1
:101F400022EA91724261880502D50022C3F8E0209E
:101F50004A0502D50022C3F8E4209A6D596D9143D9
:101F600003D1D96D21F00101D965586D10400CD114
:101F7000DA6D22F00202DA657047D0F89C3043F047
:101F80000203C0F89C30012070470020704700BF5A
:101F900000A800402DE9F74F0023DFF8BC81DFF8EF
:101FA000BCC14FF0B0490A6832FA03F402D103B061
:101FB000BDE8F08F01279F403A4000F0B6804C68A2
:101FC0004FEA430E032524F0100A05FA0EF50AF134
:101FD000FF36ED43012E10D8866806EA050BCE6861
:101FE00006FA0EF646EA0B068660466826EA0707FA
:101FF000C4F300169E4037434760C768BAF1020F2A
:102000008E6807EA050706FA0EF646EA0706C66076
:1020100014D14FEAD30A03F0070B0F2700EB8A0A0B
:102020004FEA8B0BDAF8206007FA0BF726EA07076E
:102030000E6906FA0BF63E43CAF820600668354082
:1020400004F0030606FA0EFE4EEA05050560E500FB
:102050006BD5D8F8F45023F0030603F003074FF0D4
:102060000F0E45F0020506F1B046BF00C8F8F45067
:1020700006F58066D8F8F45005F002050195019D3B
:102080000EFA07F5D6F808A02AEA050E314DA84247
:102090004DD005F58065A8424BD005F58065A84276
:1020A00049D005F58065A84247D005F58065A8426E
:1020B00045D005F58065A84243D005F58065A84266
:1020C00041D005F58065A8423FD005F58065A8425E
:1020D0003DD005F58065A8420CBF09250A25BD4005
:1020E000E70345EA0E05B5606FEA0206DCF800502A
:1020F00054BF35401543A703CCF80050DCF804501A
:1021000054BF35401543E7024FF0B047CCF80450B8
:10211000D9F8005054BF35401543A4023D607D6896
:1021200054BF35401543C9F8045001333BE700253F
:10213000D5E70125D3E70225D1E70325CFE704251D
:10214000CDE70525CBE70625C9E70725C7E708251D
:10215000C5E700BF00000258004402588000005844
:102160000AB1816170470904FBE7F0B50468CD014D
:10217000202A04EBC111D1F8E400D1F8B87018D0CE
:102180000FD8082A09D8E2B1013A072A07D8DFE8B0
:1021900002F03C10063C06060610102A35D000223C
:1021A0000FE0B2F5807F30D02CD8402A2DD0802A85
:1021B000F5D159686219C2F8C4109968C2F8C810FC
:1021C0001022FE21914020EA010C1968D3E9030690
:1021D00008435969082E40EA060041EA000198695F
:1021E00041EA000101FA02F141EA0C0106D117F0BF
:1021F000022F02BFDB6903FA02F211432C44C4F838
:10220000E410F0BDB2F5007FD2E759686219C2F858
:10221000BC109968C2F8C010C1E7704713B50446F6
:1022200000284CD0022380F8C1300023C0E93133AC
:10223000C0E93333C0E935338368DA071CD5016858
:10224000204B99420CD1204BD3F8F02042F00052A1
:10225000C3F8F020D3F8F03003F000530193019B52
:102260000B68226923F4704302F440421A43636905
:1022700003F4405313430B602046FFF7CEFFA368DF
:102280009B0708D52168E3680A6803F4407322F4C9
:10229000407213430B60012304F1A80284F8C1309B
:1022A000002384F8C030A3622363C4E90633C4E981
:1022B00008331C349442F6D1002002B010BD012036
:1022C000FBE700BF0074014000440258F0B590F8ED
:1022D000C140022CE3B217D00223052980F8C13097
:1022E0000368D2E90276D2E900540FD11A6822F0CD
:1022F00007023A4322F0180232431A605D619C6182
:10230000012380F8C13000231846F0BD03EBC11152
:10231000D1F8803023F007033B4323F01803334305
:10232000C1F88030C1F89450C1F89840E8E72DE931
:10233000F74F90F8C1300646022BD8B200F0EF807C
:1023400096F8C0300220012B00F0E980012386F8C6
:10235000C1000529356886F8C030136BD2E905BA8B
:10236000D2E9079ED2E9097000933AD12B68D5F8DB
:10237000A04323F0200324F4803443EA0B0B009B9A
:102380002BF4006B4BEA0A0A2AF4806A4AEA09092C
:1023900029F0C06949EA0E0E2EF0006E4EEA0707DA
:1023A00027F0404747EA800020F000501843D36AE6
:1023B0001C4328601C23C5F8A043106803FB01637D
:1023C00018625068586290689862D0681269D86242
:1023D0001A63052900F29D80DFE801F0A4A9AEB3DD
:1023E000B89505EBC11CCB010193DCF8803023F0DC
:1023F0007043CCF88030DCF88030DCF8E84023F023
:102400002003DCF8E480019443EA0B03D5F8A043F1
:1024100023F4006343EA0A0323F4806343EA0903D5
:1024200023F0C06343EA0E0E009B2EF0006EB3F162
:10243000005F136D4EEA0707D2F834E027F07047CB
:1024400040EA0700019F20F4003027F0004708BF52
:1024500040F4003027F01F0720F0400040EA0E0053
:1024600020F48020034323F0FC70936C43EA000ABD
:10247000906B00F01F003843D76B3843BEF1000F5C
:1024800004D128F48078176C48EA0708576C27F4C1
:102490008059B9F5606F02D1BEF1400F03D128F425
:1024A000F05847EA0808D76C042909D8DFE801F09A
:1024B0000313191F250024F40034D36A44EA4304AB
:1024C000CB01CCF880A02B44C3F8E800C3F8E4802B
:1024D000C3F8D4706EE724F48024D36A44EA8304FA
:1024E000EEE724F40024D36A44EAC304E8E724F4C2
:1024F0008014D36A44EA0314E2E724F40014D36A94
:1025000044EA4314DCE7D5F8843343F00103C5F80B
:1025100084330123002086F8C13086F8C00003B060
:10252000BDE8F08FD5F8843343F00203EFE7D5F828
:10253000843343F00403EAE7D5F8843343F0080317
:10254000E5E7D5F8843343F01003E0E7D5F88433AA
:1025500043F02003DBE7000030B590F8C15004469B
:10256000022DE8B223D094F8C00001284FF00200F9
:102570001DD00125052902F1FF3284F8C10084F83D
:10258000C0502AD1072A1FD8DFE802F004121E1615
:102590001E1E1E1A22681B68D36194F8C130072BD7
:1025A00019D00123002084F8C13084F8C00030BD68
:1025B00022681B685362F0E722681B689362ECE7AD
:1025C00022681B68D362E8E7072384F8C130002340
:1025D00084F8C030E1E70120E9E7072AF4D801A038
:1025E00050F822F00526050813260508C925050818
:1025F00051260508C9250508C9250508C925050866
:102600005F26050822681B6802EBC111C1F89C30E7
:10261000C3E72268186802EBC1115A68C1F8A40028
:102620007AB1D1F8800020F44050C1F88000D1F890
:1026300080001043B2F5005FC1F8800022D19B6892
:10264000E4E7D1F8803023F44053C1F88030A4E7A8
:1026500022681B6802EBC111C1F8A8309DE722680F
:10266000186802EBC1115A68C1F8AC007AB1D1F810
:10267000800020F44040C1F88000D1F8800040EA9A
:102680008200D7E7B2F5405F87D19B68E4E7D1F8D5
:10269000803023F44043D8E770B590F8C160054618
:1026A000022EF4B211D090F8C040012C4FF0020479
:1026B0000BD0012680F8C140002480F8C060FFF7ED
:1026C00054FD85F8C16085F8C040204670BD90F883
:1026D000C030012B4FF002030DD0026880F8C130EA
:1026E000D2F8943319430123C2F8941380F8C1300F
:1026F000002380F8C0301846704790F8C030012B96
:102700004FF002030BD0026880F8C1301368194300
:102710000123116080F8C130002380F8C0301846D2
:102720007047704708B5054BD8681A6822EA00025E
:102730001A605860FFF7F5FF08BD00BF006502583A
:1027400003689A69910701D500229A629A69D207B3
:1027500003D49A6942F001029A61704730B5039D33
:10276000C1F30901046845EA024260681A43044B58
:1027700043EA55530A4320EA03000243626030BD36
:10278000FF63FF03426B0BB210B5164CA24202D09E
:10279000154CA24211D1002B0DDB10291ED020298F
:1027A0001ED00023402901D143F0400301680A688C
:1027B00013430B6010BDB823F4E7002BACBF00231C
:1027C000B823CC0748BF43F0F2038A0748BF43F061
:1027D000F4032029EAD143F02003E7E79023E5E75B
:1027E0006023E3E7F93405086D33050811F00103B0
:1027F00007D090F8413003F02803282B0CBF422368
:10280000F2238A0709D590F8412002F02802282AED
:102810000CBF43F0440343F0F4030A04016848BFCB
:1028200043F0B8030A6822EA03030B607047C36AE7
:10283000AA2B02D10023C3627047C36AB3F52A4FA3
:10284000FAD14FF00073F6E7704710B50446002840
:102850004AD090F8413003F0FF021BB980F84020C5
:10286000FFF7F2FF242384F8413023681A6822F02E
:1028700001021A60626822F070621A619A6822F49A
:1028800000429A60D4E90221012924D142F4004295
:102890009A605A68002042F0007242F400425A6086
:1028A000DA6822F40042DA60D4E904210A43A1691B
:1028B00042EA0122DA60D4E907210A431A601A6861
:1028C00042F001021A602023606484F841302063E2
:1028D00084F8420010BD42F4044202299A60D8D123
:1028E0004FF400625A60D4E70120F3E737B504469D
:1028F000069894F84150202D43D194F84050012D72
:102900003FD00125626284F84050212584F841506F
:10291000102584F842500025656463851A4BE062F7
:102920006363638D9BB2FF2B15D9FF234FF0807239
:102930002385236B112B04D1AA2802D0B0F52A4F8E
:102940000DD12046FFF773FF638D9BB2FF2B00D89C
:10295000E26A0E4B04E0638DE26A2385E9E7002317
:10296000002520460093134694F82820FFF7F6FE32
:102970002046012184F84050FFF704FF284603B0A9
:1029800030BD0220FBE700BF4B320508002000806D
:1029900037B50446069894F84150202D43D194F859
:1029A0004050012D3FD00125626284F8405022251D
:1029B00084F84150102584F84250002565646385F1
:1029C0001A4BE0626363638D9BB2FF2B15D9FF2323
:1029D0004FF080722385236B122B04D1AA2802D0DA
:1029E000B0F52A4F0DD12046FFF721FF638D9BB232
:1029F000FF2B00D8E26A0E4B04E0638DE26A238568
:102A0000E9E70023002520460093134694F8282088
:102A1000FFF7A4FE2046022184F84050FFF7B2FEE3
:102A2000284603B030BD0220FBE700BF4B3205084B
:102A3000002400802DE9F041984690F8413004468A
:102A40000F4603F028031646282B04D101B122B902
:102A50004FF400736364012045E048F20101FFF781
:102A6000C5FE90F84030012B3FD0012380F8403064
:102A700090F841302A2B14D10221FFF7B7FE0368EA
:102A80001A6812040DD51A68C06B22F400421A604D
:102A900038B1174B0365FDF7DDFE10B1E06B036D38
:102AA000984729232568002084F84130202384F8A2
:102AB000423060646B6823F400436B606685638D0D
:102AC000C4F82C8023850B4B67626363AB69DB031F
:102AD00001D50823EB6184F8400048F2010120464B
:102AE000FFF750FE0020BDE8F0810220FBE700BFA9
:102AF0005F360508493005082DE9F041984690F801
:102B0000413004460F4603F028031646282B04D113
:102B100001B122B94FF400736364012044E048F22C
:102B20000201FFF763FE90F84030012B3ED090F891
:102B300041300121292B80F8401013D1FFF756FEB8
:102B400003681A6852040DD51A68806B22F480421B
:102B50001A6038B1164B0365FDF77CFE10B1A06B0F
:102B6000036D98472A232568002084F841302023EC
:102B700084F8423060646B6823F400436B606685C0
:102B8000638DC4F82C8023850A4B67626363AB694D
:102B9000DB0301D40823EB6184F8400048F2020112
:102BA0002046FFF7EFFD0020BDE8F0810220FBE7A3
:102BB0005F3605084930050808B590F84120202AFD
:102BC0000AD128224FF4004180F84120034A426391
:102BD000FFF7D8FD002008BD0220FCE749300508BA
:102BE00010B590F84120282A14D190F84110002403
:102BF00090F8422001F0030144630A434FF400417E
:102C00000263202280F8412080F84240FFF7EEFD69
:102C1000204610BD0220FCE70268436B91691268F0
:102C200003B11847704738B5002580F8425090F836
:102C30004130212B4FF0200380F841300AD111237D
:102C4000012145630363FFF7D1FD80F8405007F091
:102C500061FD38BD1223022145630363FFF7C6FD02
:102C600080F8405007F089FDF3E708B503680021BC
:102C70001A6880F84210510415D51A6822F480426F
:102C80001A6090F84130292B13D12823012180F8B4
:102C9000413021230363FFF7A9FD002380F8403072
:102CA00007F0ABFD08BD1204EBD51A6822F4004210
:102CB000E6E790F841302A2BF4D12823022180F84E
:102CC000413022230363FFF791FD002380F8403059
:102CD00007F097FDE6E7F8B590F841200446036851
:102CE00002F02802282A37D19E69C2689D69C6F37E
:102CF0000046022A99684FEA1545DF6805F0FE058F
:102D000021D185EAD115C1F3090215F006050ED1CE
:102D1000816C01318164816C022907D108218564AD
:102D2000D961314680F8405007F05DFDF8BD4FF4A1
:102D30000041FFF75BFD002307F0FE0280F8403002
:102D400031462046F0E74FF40041FFF74FFD0023E6
:102D50002A4680F84030F3E70822DA61002380F841
:102D60004030E3E708B5164B2022C362002303631B
:102D7000436380F8412080F842304B0712D5036846
:102D80005A6A436A1A70436A01334362038D4BB136
:102D9000013B0385438D013B9BB24385436C43F06C
:102DA0000403436448F20301FFF720FD1022036887
:102DB000DA61002380F8403007F049FD08BD00BF0C
:102DC0000000FFFF7047704790F84120602A4FF0E5
:102DD000000208B508D1202180F8402080F8411079
:102DE000026307F0A7FD08BD026380F8402008F0E9
:102DF0008FF9F8E770B5354A002590F84130044660
:102E000080F84250283BC2624585426C022B41EA61
:102E10000201416429D80321FFF7E8FC282380F848
:102E200041302B4BA06B6363236B80B3112B01D01C
:102E3000212B2CD123681A68510403D51A6822F477
:102E400080421A60FDF7BAFD01281BD0214BA06B10
:102E50000365002384F84030FDF7FCFC002834D0E3
:102E6000A06B036DBDE87040184748F20301FFF7FF
:102E7000BDFC90F84130602B02D0202380F8413017
:102E80000023CFE72046BDE87040FFF79DBFE06B11
:102E90000028F7D0122B01D0222BF3D123681A6817
:102EA000120403D51A6822F400421A60FDF786FD69
:102EB0000128E7D0074BE06B0365002384F840301E
:102EC000FDF7C8FC08B1E06BCBE770BD0000FFFF69
:102ED000493005085F360508F8B503682022044626
:102EE0000E461F6890F84150DA6105F0F705212D74
:102EF00073D148F20101FFF779FC2563236820466E
:102F00005A6842F400425A605A6822F0FF7222F472
:102F10008B3222F4FF7222F001025A60FFF710FC9C
:102F200079045FD52268136823F480431360A36B90
:102F30002BB31B68424A93421ED0183293421BD0D7
:102F40001832934218D01832934215D01832934257
:102F500012D0183293420FD0183293420CD018324C
:102F6000934209D002F55672934205D0183293422B
:102F700002D018329342FFD05B689BB2638573071F
:102F800010D5236826F004065A6A636A1A70636AC9
:102F900001336362238D2BB1013B2385638D013B9C
:102FA0009BB26385638D9BB21BB1636C43F00403DA
:102FB0006364002384F84230656C6363DDB1616C47
:102FC0002046FFF717FF94F84130282B25D13146D2
:102FD0002046BDE8F840FFF7C5BE222D8ED148F24D
:102FE000020188E73A04CAD52268136823F4004333
:102FF0001360E36B9CE7E36A13F5803F0ED0204635
:10300000FFF733FE0F4B204684F84050E362202345
:1030100084F84130256307F01AFCF8BD94F841307C
:10302000204684F84050222B4FF0200384F8413092
:10303000256302D107F0E5FBEFE707F0DEFBECE7E5
:10304000100002400000FFFFF8B590F84030044641
:103050000D461646012BC76A7DD001238A0680F8EB
:10306000403003D5B30601D5FFF736FFE80634D567
:10307000F10632D5638D9BB203BB94F84130282B07
:103080000AD1B7F1007F07D129462046FFF76AFE33
:10309000002084F84000F8BD94F841202368292AD4
:1030A0004FF01002DA61F3D117F5803FF0D02046DF
:1030B000FFF746FB2046FFF7D8FDE9E7236810221B
:1030C000DA61636C43F00403636437F08073DFD12B
:1030D000616C2046FFF78EFEDAE76A071AD57307A0
:1030E00018D5638D9BB26BB123685A6A636A1A70F4
:1030F000636A01336362238D013B2385638D013B4A
:103100009BB26385638D9BB2002BC1D117F5803FC5
:10311000BED0CFE7280705D5310703D52046FFF7F6
:10312000DAFDB5E7AA07B3D5B307B1D5638D9BB276
:103130006BB1636A226813F8011B91626362638D4D
:10314000013B9BB26385238D013B2385A0E737F0CC
:103150008073AFD09CE702209DE737B5036820223B
:1031600004460D46DA6190F84130212B37D1012118
:10317000FFF73CFB112323632368E9065A6822F01A
:10318000FF7222F48B3222F4FF7222F001025A60A5
:103190004FF000026263A2F58032E26205D5102290
:1031A000DA61626C42F00402626494F84120602AA1
:1031B00005D16A0703D55B6ADBB20193019B204608
:1031C000FFF7BEFA636C94F84120602A00D07BB10F
:1031D000616C204603B0BDE83040FFF70BBE90F8AD
:1031E0004130222BC8D10221FFF700FB1223C2E796
:1031F00094F84120212A12D1202284F8403084F80A
:103200004120236394F8422084F84230402A03D1BD
:10321000FFF7D8FD03B030BD07F07CFAFAE794F869
:103220004120222AF6D1202284F8403084F841201F
:10323000236394F8422084F84230402A02D1FFF7F9
:10324000C2FDE7E707F099FAE4E773B590F840307C
:1032500004460D461646012B00F086800123CA065F
:1032600080F8403017D5F30615D503681022DA61CF
:10327000436C43F004034364FFF762FAAA0605D5E2
:10328000B30603D529462046FFF767FF002084F8E0
:10329000400002B070BD680712D5710710D52368D1
:1032A00025F004055A6A636A1A70636A013363621F
:1032B000238D013B2385638D013B9BB26385DDE755
:1032C000AA0707D5B30705D5636A226813F8011B5F
:1032D0009162ECE7280632D5710630D5638D2268FD
:1032E0009BB203B3208DF0B95168638DC1F309011E
:1032F0009BB2FF2B08D9FF224FF0807300902285EC
:103300002046FFF72BFAB9E7628DE36A92B213F514
:10331000803F2285D2B202D0E36A0090F0E74FF0FE
:1033200000730090ECE753689A0103D42046FFF73E
:103330007AFCA3E740212046FFF75CFD9EE76B0681
:103340009CD570069AD5638D9BB2002BF2D1236871
:103350005A68910192D4E26A12F5803FE6D15A6828
:1033600042F480425A6089E7022092E7F8B590F86B
:10337000403004460E461546012BC76A00F0B78060
:1033800001238A0680F8403003D5AB0601D5FFF74C
:10339000A3FDF20640F1A380EB0640F1A080E90B0B
:1033A000A80B41EA9535ED0740F19580E26B52B3E9
:1033B00011F0010326D013684E4A93421ED01832F2
:1033C00093421BD01832934218D01832934215D032
:1033D0001832934212D0183293420FD018329342CF
:1033E0000CD01832934209D002F55672934205D0A0
:1033F0001832934202D018329342FFD05B68B3FA7E
:1034000083F35B091A46A36B4BB3C10727D51B682F
:1034100038498B421ED018318B421BD018318B4259
:1034200018D018318B4215D018318B4212D0183178
:103430008B420FD018318B420CD018318B4209D0FF
:1034400001F556718B4205D018318B4202D01831EC
:103450008B42FFD05B68B3FA83F35B090BB9012A97
:103460001FD194F84130282B0AD1B7F1007F07D142
:1034700031462046FFF776FC002084F84000F8BD76
:1034800094F841202368292A4FF01002DA61F3D121
:1034900017F5803FF0D02046FFF752F9FFF7E5FB24
:1034A000EAE723681022DA6137F08072636C43F038
:1034B0000403636494F84130DBB2DDD103F0F70319
:1034C000212B01D1236301E0222BFBD0616C20462C
:1034D000FFF790FCD0E723681022DA61CCE73207CF
:1034E000CAD52B07C8D52046FFF7F5FBC4E7022055
:1034F000C5E700BF1000024013B590F84030044605
:10350000012B7AD0012380F84030CB0612D5D306A8
:1035100010D5036810222021DA61436C43F00403C4
:103520004364FFF72FF9FFF70BF9002084F8400000
:1035300002B010BD0B0643D5500641D523681A686A
:1035400022F040021A60628D92B26AB35968638DAC
:10355000C1F309019BB2FF2B1BD9FF2323854FF039
:10356000807300222046009294F82820FFF7F6F896
:10357000638D228D9B1A9BB2638594F84130222B78
:1035800023681A680CBF42F4004242F480421A6079
:10359000CBE7638D2385E36A13F5803F01D0E36AAF
:1035A000DFE74FF00073DCE75B689A0103D4204645
:1035B000FFF739FBB9E740212046FFF71BFCB4E7D2
:1035C0004B0612D5500610D5638D9BB2002BF2D15D
:1035D00023685A689201A8D4E26A12F5803FE6D1C6
:1035E0005A6842F480425A609FE788069DD5930648
:1035F0009BD52046FFF7B1FD97E7022098E70368C7
:1036000099691A6810B4CC0508D5140606D5446C1F
:1036100044F0010444644FF48074DC614C0508D527
:10362000140606D5446C44F0080444644FF48064E6
:10363000DC61890508D5120606D5426C42F002020B
:1036400042644FF40072DA61416C11F00B0F03D049
:103650005DF8044BFFF7CEBB5DF8044B7047806B01
:10366000836B0BB100221A65C36B0BB100221A6584
:10367000FFF7AABB10B590F84130202BDCB21DD16A
:1036800090F84030012B19D0242380F84130036892
:103690001A6822F001021A601A6822F480521A6035
:1036A0001A68114319601A6842F001021A60002377
:1036B00080F8414080F84030184610BD0220FCE7F9
:1036C000094A82B0D2F8F41041F00201C2F8F410B5
:1036D000D2F8F42002F002020192044A019B5368DE
:1036E0001843506002B0704700440258000400586C
:1036F0000A4B44F620621B68B3FBF2F24FF47A7374
:1037000053430268002010B5013B146808BF032032
:1037100031EA040401D0002BF6D110BD380E00248C
:1037200070470000F8B50446002858D090F83630AD
:1037300003F0FF021BB980F83520FFF7F1FF656841
:1037400002232268012D84F83630A66AD06802D0A0
:10375000B6F5000F01D120F01E004FF6FF7361692E
:10376000204F994245EA06031CBF20F4604020F038
:10377000C0000740A0680343206A0343606A034314
:103780003B4305BBE069256928430343B6F5000FB9
:103790001BD04FF6FF70814204D0A0690143E0695D
:1037A00001430B43D360104B9A4203D003F1C05343
:1037B0009A420FD1D4E90B310B435362012300200D
:1037C00084F83630F8BD012DE0D1D4E90305284353
:1037D0000343DEE7054B9A42F0D1E36AEDE70120AF
:1037E000F0E700BFFEF119FF002400400028005858
:1037F000022310B580F836300446D0E90032012AA1
:1038000007D0826AB2F5000F03D1DA6822F4606251
:10381000DA601A69204642F001021A6110225A60E9
:1038200099611146FFF764FF032808D02268002041
:10383000136943F004031361012384F8363010BD8B
:103840007047F0B504468BB060B390F8BD3305689F
:1038500003F0FF021BB980F8BC23FFF7F1FF03233D
:103860006E46271D84F8BD33EB6B254613F4807339
:1038700055F8100B08BF236104F06EFA0FCD0FC688
:103880000FCD0FC695E80300254686E8030097E8AC
:103890000E0055F8100B04F09FF9064620B10223E4
:1038A00084F8BD33012552E00146206804F05AFA3D
:1038B0003046D4F804C01C264FF0010E0146C2B2B7
:1038C000013094451BD800231C261946D8B2013379
:1038D000844522D86E460FCD0FC60FCD0FC695E892
:1038E000030086E8030097E80E00206804F07CFAE5
:1038F00001230546F0B1022284F8BD23D2E706FB7E
:10390000024383F83DE083F83C20A3F8422083F88B
:103910003F101965C3E91111D1E706FB004282F897
:10392000FD1182F8FC0182F8FF11C2F81012C2E901
:103930008111CBE784F8380084F8BD33636A012B2A
:1039400002D1204600F0A4FC206804F0D2FD2846F5
:103950000BB0F0BD704738B5044610B901252846B4
:1039600038BD032380F8BD33006804F084FD0546AC
:103970000028F3D12046FFF7EDFF84F8BD53EEE7B2
:1039800010B50446006894F8BC33012B15D0012310
:1039900084F8BC33A36A012B06D1A369012B03D0A1
:1039A000836B43F48033836304F0D0F9206804F020
:1039B00092FD002084F8BC0310BD0220FCE738B55E
:1039C00090F8BC330446012B1BD00123056880F816
:1039D000BC33284604F0C0F9206804F08AFD1021A9
:1039E000206804F0D7F9A36A012B06D1A369012B43
:1039F00003D0AB6B23F48033AB63002084F8BC03AB
:103A000038BD0220FCE77047704700002DE9F04FF9
:103A1000066887B00446304604F0A8FD02900028EE
:103A200040F03C81206804F072FD002800F03681EF
:103A3000206804F06CFD820704D52268536903F006
:103A400002035361206804F062FDC3062AD5226890
:103A5000936923F010039361376AC7F3434307F078
:103A60000F05022B40F01D8147F6F0731F4214D062
:103A70001C23C7F30A18304603FB05454246D5F818
:103A8000081204F081FCD5F80822D5F8143242441B
:103A90004344C5F80822C5F814322268936943F0FC
:103AA00010039361206804F032FD070300F10D81DB
:103AB000206804F02CFD45030CD5254606F5106959
:103AC0004FF00008206804F02EFD0390039B002BAC
:103AD00040F0A481206804F01AFD002815DAD6F819
:103AE000043823F00103C6F8043894F8F433012BAA
:103AF00040F025820021204684F8F41300F0DBFB1F
:103B00002268536903F000435361206804F0FFFC0E
:103B100000050BD5D6F80838D90702D5204605F0A0
:103B200075FE2268536903F400635361206804F052
:103B3000EEFC020114D523685A6902F000625A6152
:103B400094F8F423002A40F0FE810121204684F8F5
:103B5000F4135B6DC3F38303C4F8F83300F0ABFBDD
:103B6000206804F0D4FCC30436D5D6F804381021FC
:103B7000206806F5006523F001036B6004F00AF984
:103B800006F510634FF67F3162680298824200F2B8
:103B9000DE81EB6943F00113EB61236B002B00F036
:103BA000F681D5F8843043F00B03C5F884306B6C94
:103BB00043F00B036B64D6F8003804F57172217C76
:103BC00023F4FE632068C6F8003804F0E3FC2268A2
:103BD000536903F480535361206804F098FC870410
:103BE00016D5206804F0C6FC206804F0B3F92568F7
:103BF000E06001F097FA227B0146284604F036F88F
:103C0000204605F012FE2268536903F40053536105
:103C1000206804F07CFC060707D5204605F0B2FDBD
:103C20002268536903F008035361206804F06FFCB5
:103C3000C50208D500212046FFF7E6FE2268536939
:103C400003F480135361206804F061FC800208D5FE
:103C500000212046FFF7D7FE2268536903F40013C2
:103C60005361206804F053FC410007D5204605F05D
:103C7000A1FA2268536903F080435361206804F07D
:103C800046FC42070AD523685D686B0702D52046CB
:103C900005F0CAFD226853682B43536007B0BDE8A6
:103CA000F08F062B7FF4F9AE082204F571713046CF
:103CB000C7F30A1704F068FB1C2303FB0545D5F87E
:103CC00014321F44C5F81472E7E606F5306704F5B0
:103CD000017A0025DFF8D0B2206804F01CFC0390C4
:103CE000039B002B3FF4E4AE039BD80756D55FFA45
:103CF00085F92068494604F01EFC10F0010F80464B
:103D00001AD020680122216900F5306CBA600129BF
:103D1000036C0CEB451CDCF8082066D1110706D5B6
:103D20005B4509D9100407D54FF4004302E0910622
:103D30003CD52023CCF8083018F0080F1ED023689B
:103D40000822BA601A6C03F530635A4503EB451339
:103D5000996804D9090402D54FF4004199602046BE
:103D6000049205F04DFD049A5A4507D921690129AD
:103D700004D104F57172206804F00CFC18F0100FE7
:103D800001D01023BB6018F0200F01D02023BB60AE
:103D900018F4005F02D04FF40053BB60039B013561
:103DA00020370AF11C0A5B08039399E712F0280FE9
:103DB000C2D15B4501D91204B6D4DCF81020DAF880
:103DC0000010C2F312028A1ACAF81020DAF804208E
:103DD0001144CAF8041095B9D4F810227AB904F540
:103DE0007172012104F0D6FB09E06E498B420BD1C0
:103DF000130499D4900602D52022CCF80820494615
:103E0000204605F0CEFC97E7002DF8D1D4F810221B
:103E1000002AF4D104F571722946E3E7039BDA071F
:103E200040F184805FFA88FB2068594604F08CFBDF
:103E3000C307074621D5012008F00F02D6F8343811
:103E400000FA02F2216923EA02038142C6F83438FB
:103E5000C9F808000DD1D5E911231344AB64B8F1BA
:103E6000000F06D1236D23B904F57172206804F0A8
:103E700091FB5946204605F0AAFC380702D50823D5
:103E8000C9F80830F90602D51023C9F808307A06B7
:103E900002D54023C9F80830BB0702D50223C9F870
:103EA00008303F0642D5D5E914329A423ED89B1AD3
:103EB0006A6CD4F800A0934228BF134603339B08D2
:103EC00004930AF5106303EB48130593059B0499CB
:103ED0009A6992B28A42D5E9147325D39F4200D9D8
:103EE0005FB908F00F020121DAF8343801FA02F262
:103EF00023EA0203CAF8343818E0FF1A6B6C5A46FA
:103F000050469F4228BF1F46FB1C9B080493237CFE
:103F10000093BBB2A96C04F037F9AB6C3B44AB64C3
:103F20006B6D1F446F65D1E79F42DAD9039B08F19F
:103F300001081C3509F120095B080393C6E52046FA
:103F400005F06BFCDCE5204605F060FC08E69960B6
:103F5000203353F8202C22F4001243F8202C53F87D
:103F6000202C42F0006243F8202CC3F8E811D3F86B
:103F7000E02122F40012C3F8E021D3F8E02142F05E
:103F80000062C3F8E021029A01320292FCE56B69FB
:103F900043F4005343F02B036B612B6943F00B0395
:103FA0002B6108E60A31544F0A30544F10B590F88F
:103FB000BC230446012A0BD0012280F8381080F877
:103FC000BC23006804F077FA002084F8BC0310BD1D
:103FD0000220FCE770B501F00F0611F0800F0546D6
:103FE0004FF01C00C6EBC6044FEA84041FD004F156
:103FF0003C0100FB06500124294480F83D408A60C2
:104000004A780E70CB7002B1CE80022B04BF002321
:104010000B7195F8BC33012B12D00123286885F869
:10402000BC3303F0A2FF002085F8BC0370BD04F58B
:10403000FE7100FB06500024294480F8FD41DEE7B4
:104040000220F3E710B5044601F00F0011F0800FD5
:104050004FF01C02C0EBC0034FEA830316D003F1FC
:104060003C0102FB00420123214482F83D300870EC
:1040700094F8BC33012B12D00123206884F8BC33A0
:1040800003F0B2FF002084F8BC0310BD03F5FE71FD
:1040900002FB00420023214482F8FD31E7E70220C1
:1040A000F3E738B501F00F051C2404FB050104FB00
:1040B000050401F5FE71C4F810320023C4F808228B
:1040C000C4F8143284F8FD3184F8FC5103690068A7
:1040D000012B08BFC4F80C22DAB21DB903F0DAFFD5
:1040E000002038BD04F064F8FAE701F00F011C234A
:1040F00003FB0100D0F81402704738B501F00F053A
:104100001C2404FB050104FB05043C31236500234A
:10411000A2646365012384F83C5084F83D30036950
:104120000068012B08BFE264DAB21DB903F0B2FFE8
:10413000002038BD04F03CF8FAE738B501F00F056F
:10414000436804469D422CD811F0800F4FF01C00AC
:104150001ED000FB0541012300FB05423C3182F8E3
:104160003D3001230D708B7094F8BC239A421AD015
:10417000206884F8BC3304F02AF92DB904F5717273
:10418000217C206804F006FA002084F8BC0338BDC6
:1041900000FB01431A4603F5FE71002382F8FD314E
:1041A000DFE70120F3E70220F1E738B501F00F0265
:1041B000436804469A422AD8C2EBC20311F0800F2A
:1041C0004FF01C004FEA830318D003F13C0100FBC1
:1041D00002400123214480F83D3000250A708D7093
:1041E00094F8BC33012B14D00123206884F8BC332D
:1041F00004F018F9284684F8BC5338BD03F5FE7165
:1042000000FB02400023214480F8FD31E5E7012056
:10421000F3E70220F1E710B590F8BC330446012B18
:1042200010D0012380F8BC330B06006807D501F0DD
:104230000F0103F0AFFD002084F8BC0310BD03F0B4
:10424000BBFDF8E70220F9E70068120470B5446A84
:1042500019B922438262002070BD836A4D1E04EBAF
:10426000134400235E1CDBB29D4205D83F3122433C
:1042700000EB81004260EEE7403300EB83035B68B4
:1042800004EB13443346EDE703680020596270479E
:1042900002680021012380F8F413C0F8FC330846BB
:1042A000936943F000639361536D43F0805343F08F
:1042B0000303536570477047024A136843F48073E1
:1042C0001360704700480258054A0129136923F01A
:1042D0000403136101D130BF704720BF704700BF96
:1042E00000ED00E070B51C4D0446EB6803F00703D9
:1042F000062B06D0E86800F03F00001B18BF012025
:1043000070BDEB6823F03F030343EB6006F098F8C1
:1043100006466B689A0408D5A4F11D03012B0CD93D
:104320002D3C012C09D90020EAE706F089F8801B12
:10433000B0F57A7FEDD90120E2E706F081F8064D6D
:104340000446EB68DB03EED406F07AF8001BB0F508
:104350007A7FF6D9EFE700BF0048025838B51E4C07
:104360000D46236823F0010318432060C2B9FCF70F
:1043700065FA032813D1236923F001032361174B46
:104380001A6942F004021A61BFF34F8FBFF36F8FB7
:10439000012D10D130BF1A6922F004021A6138BD14
:1043A000012A0AD1FCF74AFA0128F8D1636923F0FF
:1043B00002036361E3E720BFEDE7FCF73FFA032860
:1043C00004D1236923F004032361E8E7636923F040
:1043D00004036361E3E700BF0048025800ED00E01A
:1043E000024AD36843F08073D36070470048025894
:1043F0002DE9F0474E6A36B1B2F1406F03D08B6AB7
:104400000468013B2361D1F818A0D1E9077CBAF117
:10441000000F4ED04B6946EA0A0A0568D1F80080C1
:104420004FEA834E486B4AEA020AD1E90B49BCF1D4
:10443000000F26D08B684CEA0A0C0E69EB61A7B11D
:1044400048EA0703234343EA09030343C8683343A5
:10445000034343EA0E0343EA0C03B2F1406F6B617E
:1044600001D04B68AB61BDE8F08748EA040343EA3A
:1044700009030343334343EA0E0343EA0C036B612E
:10448000F1E767B148EA0703234343EA090303431B
:10449000C868034343EA0E0343EA0A03DDE748EA38
:1044A000040343EA0903034343EA0E0343EA0A030E
:1044B000E5E7BCF1000F2CD004688B680869E36164
:1044C00046EA0C034E6943EA0205D1F834C0B6044B
:1044D000D1E90B83A7B13843B2F1406F40EA08003D
:1044E00043EA0003C86843EA0C0343EA000343EAD3
:1044F000060343EA05036361B5D04B68A361B2E7E5
:1045000040EA0800034343EA0C0333432B4363614F
:10451000A9E7D7B146EA0703CC6A0068B2F1406F59
:1045200043EA020343EA04030C6B43EA04034C6BC3
:1045300043EA0403CC6843EA04034C6943EA844336
:10454000436190D04B6883618DE7002E8BD0CB6A9E
:10455000006833430E6B1A434B6932434E6B324350
:1045600042EA834242617EE72DE9F041DDF818809E
:1045700004460E4615461F4622689368334214BF10
:1045800001230023AB4201D1002012E0B8F1FF3F2C
:10459000F3D005F055FFC01B404502D8B8F1000F1D
:1045A000EAD10423012084F84130636C43F0010315
:1045B0006364BDE8F081704730B5044685B005F00E
:1045C0003FFF0346002C40D094F841203AB90390B5
:1045D0002046FFF7F0FF41F28832039BA264206877
:1045E000A1680268013922F4706242EA01222021A6
:1045F00002602046A26C00920022FFF7B5FF10BBBC
:104600002268E569E36811682B43256A21F07F4140
:104610002B43656821F0D00143EA05630B43136027
:104620005568D4E905310B43216943EA0143084940
:1046300029400B435360136843F0010313600123C7
:10464000606484F8413005B030BD0120FBE700BF55
:10465000FEF8E0FF704710B5044658B102681368D1
:1046600023F001031360FFF7F5FF0020606484F876
:10467000410010BD0120FCE72DE9F043044685B060
:104680001746894605F0DCFE94F840200346012ACF
:1046900033D00122022684F8402094F84120012AD8
:1046A0005FFA82F827D1002203902021204662641D
:1046B000009784F84160FFF757FF0546A0B902460E
:1046C00049462046FFF794FED9F82420039B4AB9B7
:1046D0004246314620460097FFF746FF054618B987
:1046E0002368DE6084F84180002384F84030284647
:1046F00005B0BDE8F0833546F6E70225F7E7F0B5EB
:10470000044685B016460F4605F09AFE94F8402000
:1047100003462568012A49D0012284F8402094F8F4
:104720004120012AD0B23FD100226264002F36D04E
:10473000122284F841202A690132E2622A69676202
:104740000132A2626A6922F040626A61E26A8AB951
:104750000122022120460096FFF706FF10B92368C8
:104760000222DA60012384F84130002384F84030CB
:1047700005B0F0BD01220421204600960393FFF707
:10478000F3FE0028EED1626A039B127885F82020A0
:10479000626A01326262E26A013AE262D6E7636CFF
:1047A00043F008036364E0E70220DEE70220DFE76E
:1047B000F0B5044685B016460F4605F041FE256863
:1047C0000346D5F818C094F84020012A4DD00122A4
:1047D00084F8402094F84120012AD0B243D100222D
:1047E0006264002F3AD0222284F841202A690132E3
:1047F000A2632A69276301326263696921F040611B
:1048000041F080616961C5F818C0A26B8AB90122C4
:10481000022120460096FFF7A7FE10B92368022266
:10482000DA60012384F84130002384F8403005B079
:10483000F0BD01220621204600960393FFF794FE67
:104840000028EED195F82010226B039B1170226B8B
:1048500001322263A26B013AA263D6E7636C43F094
:1048600008036364E0E70220DEE70220DFE70000E0
:1048700070B50446002872D00368DD075CD4236855
:10488000980700F1AE802368D80627D5A94B1A698E
:10489000996A02F03802082A07D0182A40F00C81E1
:1048A00001F00302012A40F007811B68D90502D5F7
:1048B000E369802B53D1FBF7E1FB41F20303216A4B
:1048C00098429C4B00F2F1805A68202922F0F8426D
:1048D0000CBF42F0804242EA81625A6023681807A6
:1048E00000F12C812368990600F14D8123685D0752
:1048F0001CD5914D2B6843F480732B6005F0A0FD0F
:1049000006462B68DA0540F16381A368894D012BC7
:1049100040F065812B6F43F001032B6705F090FD9C
:10492000844E0546336F9B0740F17D81616A002903
:1049300040F0808100202AE07E4B1A69996A02F0DB
:104940003802102A05D0182A0BD101F00302022ADE
:1049500007D11B68990392D56368002B8FD1012082
:1049600015E06268B2F5803F12D11A6842F48032D5
:104970001A6005F065FD6F4E054633689A033FF5F2
:104980007EAF05F05DFD401B6428F6D9032070BDA5
:10499000684D2B689AB923F480332B602B6823F47D
:1049A00080232B6005F04CFD06462B689B037FF5AA
:1049B00066AF05F045FD801B6428F6D9E6E7B2F541
:1049C000A02F07D143F480232B602B6843F480335E
:1049D0002B60CEE723F480332B602B6823F48023F5
:1049E000F6E7544B1A69996A12F0380203D0182A74
:1049F0001FD188071DD11B68590702D5E368002B1A
:104A0000ADD0FBF73BFB41F2030321699842494BD0
:104A10005A6809D822F47C3240290CBF42F4003293
:104A200042EA01325A602EE722F0FE4242EA016277
:104A3000F8E7E1681A6839B322F019023D4D0A43DC
:104A40001A6005F0FDFC06462B685A0711D5FBF7E6
:104A500015FB41F20303226998426B680FD823F4D7
:104A60007C33402A0CBF43F4003343EA02336B60CB
:104A700009E705F0E5FC801B0228E5D986E723F06D
:104A8000FE4343EA0263F2E722F00102294E1A6074
:104A900005F0D6FC054633685B077FF5F4AE05F0FC
:104AA000CFFC401B0228F6D970E7DA6822F07C526E
:104AB00042EA0162DA6011E7E2694AB31A681D4D01
:104AC00042F080021A6005F0BBFC06462B68DA054E
:104AD00011D5FBF7D3FA41F20303226A984210D8AA
:104AE0006B68202A23F0F8430CBF43F0804343EA6D
:104AF00082636B60F2E605F0A3FC801B0228E5D917
:104B000044E7EB6823F07C5343EA0263EB60E5E69D
:104B10001A68084E22F080021A6005F091FC0546E2
:104B20003368DB057FF5DAAE05F08AFC401B02280E
:104B3000F6D92BE700440258004802586369954DA6
:104B400083B16B6F43F001036B6705F079FC064698
:104B50006B6F9A073FF5C6AE05F072FC801B02280A
:104B6000F6D913E76B6F23F001036B6705F068FC60
:104B700006466B6F9B077FF5B5AE05F061FC801BA9
:104B80000228F6D902E7A369824D83B12B6843F46A
:104B900080532B6005F054FC06462B6898043FF5C3
:104BA000A5AE05F04DFC801B0228F6D9EEE62B6879
:104BB00023F480532B6005F043FC06462B689904D0
:104BC0007FF594AE05F03CFC801B0228F6D9DDE6AB
:104BD00005F036FC801B64287FF693AED6E6A3B9B9
:104BE0002B6F23F001032B672B6F23F004032B673C
:104BF00005F026FC06462B6F98077FF597AE05F06B
:104C00001FFC801BC828F6D9C0E6052B2B6F03D1EB
:104C100043F004032B677DE623F001032B672B6F22
:104C200023F0040379E605F00BFC401BC8287FF64F
:104C300079AEABE6574D2B6903F03803182B7AD0C9
:104C40002B68022923F080732B6067D105F0F8FBF5
:104C500006462B6899015BD4AB6AA26A23F47C7385
:104C600023F003031343E26A43EA0213AB62636B6C
:104C7000A26B013B013A5B0212049BB202F4FE02FA
:104C80001343226B013AC2F308021343E26B013A69
:104C9000120602F0FE4213432B63EB6A23F001037A
:104CA000EB626B6BA26C23F47F4323F0F80343EABF
:104CB000C2036B63EB6A226C23F00C031343EB62B9
:104CC000EB6A626C23F002031343EB62EB6A43F47A
:104CD0008033EB62EB6A43F40033EB62EB6A43F43C
:104CE0008023EB62EB6A43F00103EB622B6843F035
:104CF00080732B6005F0A4FB264D04462B689A01B7
:104D00003FF518AE05F09CFB001B0228F6D93DE6E6
:104D100005F096FB801B02289BD937E605F090FB37
:104D200004462B689B017FF505AE05F089FB001B4F
:104D30000228F6D92AE60129AA6A2B6B3FF40FAEA6
:104D400002F00301A06A81427FF409AEC2F30512AA
:104D5000E16A8A427FF403AE226BC3F30801013A91
:104D600091427FF4FCAD626BC3F34621013A91425C
:104D70007FF4F5ADA26BC3F30641013A91427FF493
:104D8000EEADE26BC3F30663013A93423FF4D2AD5A
:104D9000E5E500BF00440258484B1A6902F03802AA
:104DA000102A30B500F08680182A0CD0002A40F076
:104DB00083801A68424812F0200F03D01B68C3F3A7
:104DC000C103D84030BD996A9D6ADA6A15F47C7FC8
:104DD000C5F305105C6BF5D0C4F3CC0402F00102FE
:104DE00007EE900A01F003016243B7EE006AF8EEA5
:104DF000E76A012907EE902AFAEEE97A4CD00229F7
:104E00003CD0002948D11A68920627D519682C4A47
:104E1000C1F3C1011B6BCA40C3F3080307EE102A9C
:104E2000F8EEC75A85EEA67A06EE903AF8EEE66AF4
:104E300076EEA77A77EE867A204B67EE877A1B6B41
:104E4000C3F34623013307EE103AF8EEC76A87EE44
:104E5000A67AFCEEC77A17EE900AB3E71B6BC3F392
:104E6000080307EE103AB8EEC77A77EE277A77EEA6
:104E7000867A9FED146A86EE267ADDE71B6BC3F314
:104E8000080307EE103AB8EEC77A77EE277A77EE86
:104E9000867A9FED0D6AEEE71B6BC3F3080307EEFE
:104EA000103AB8EEC77A77EE277A77EE867A9FEDDA
:104EB000076AE0E7064885E7064883E700440258AA
:104EC0000090D0030024744C20BCBE4B0024744AD4
:104ED00040787D0100093D002DE9F0410D46044672
:104EE00010B90120BDE8F081884A136803F00F0370
:104EF0008B42C0F0938023685F0700F19B801E0700
:104F00000BD583496669C86900F07000864204D9F0
:104F1000CA6922F070023243CA61D8060BD57C49B7
:104F2000A669C86900F4E060864204D9CA6922F41F
:104F3000E0623243CA6199060BD57549E669086A91
:104F400000F07000864204D90A6A22F070023243EF
:104F50000A629A070BD56E49E668886900F00F006F
:104F6000864204D98A6922F00F0232438A61DF0740
:104F70006ED423689E0700F1A18064490A6802F09C
:104F80000F02AA4200F2A880580700F1B180190769
:104F90000BD55F496569C86900F07000854204D28D
:104FA000CA6922F070022A43CA61DA060BD5584951
:104FB000A569C86900F4E060854204D2CA6922F498
:104FC000E0622A43CA619B060BD5514AE069116A27
:104FD00001F07001884204D2136A23F07003034386
:104FE0001362FFF7D9FE4A494A4A8B69C3F3032388
:104FF000D35C03F01F03D8408B6903F00F03D35C2D
:10500000454A03F01F0320FA03F31360434B186073
:10501000434BBDE8F041186805F00CBA136823F063
:105020000F030B431360136803F00F038B427FF4ED
:1050300058AF60E736492669886900F070008642FB
:105040007FF65DAF8A6922F0700232438A6156E7CB
:105050002F4BA1689A6922F470620A439A616268D0
:105060001B68022A1DD113F4003F3FF43AAF284ECB
:1050700041F28838336923F007031343336105F0A5
:10508000DFF907463369626803F03803B3EBC20FF8
:105090003FF46FAF05F0D4F9C01B4045F2D90320AF
:1050A00020E7032A02D113F0007FDEE7012A02D1B4
:1050B00013F4807FD9E713F0040FD6E71449E668AC
:1050C000886900F00F008642BFF457AF8A6922F06A
:1050D0000F0232438A6150E70A6822F00F022A4326
:1050E0000A600A6802F00F02AA427FF4FAAE4BE7A8
:1050F00007492569886900F070008542BFF447AF11
:105100008A6922F070022A438A6140E70020005237
:1051100000440258A69F06083C0E0024380E0024C6
:10512000340E002410B50C4CFFF736FE0B49A36972
:10513000C3F30323CA5CA36902F01F0203F00F0349
:1051400020FA02F2CB5C03F01F0322FA03F0044BB7
:105150001860044B1A6010BD00440258A69F060850
:105160003C0E0024380E002408B5FFF7DBFF054B8A
:10517000054ADB69C3F30213D35C03F01F03D84075
:1051800008BD00BF00440258A69F060808B5FFF7F7
:10519000C9FF054B054ADB69C3F30223D35C03F067
:1051A0001F03D84008BD00BF00440258A69F060850
:1051B00038B53F23044603603A4B1A68510360D563
:1051C0004FF4A02262601B68364D03F08003E36158
:1051D000FAF754FF41F20303984259D86B68C3F3BE
:1051E000846323622B6803F00103E360FAF746FF50
:1051F00041F2030398426B6894BFC3F30533C3F3D2
:1052000006632361274B1A6F520745D50522A2601A
:105210005A6F02F0010262611A68C2F30032A261A1
:105220001B6813F0807F14BF0223012363621D4BB0
:105230009A6A02F00302A2629A6AC2F30512E2625B
:105240001A6BC2F30802013222631A6BC2F30662C0
:105250000132E2631A6BC2F34622013262631A6BB7
:10526000C2F306420132A263DA6A02F00C0222643F
:10527000DA6AC2F3400262645B6BC3F3CC03A364DB
:1052800038BD1A6812F4803218BF4FF4803299E7A3
:10529000EB68C3F30563A4E71A6F12F0010218BFAD
:1052A0000122B4E7004402583F230360114B1A69FE
:1052B00002F0070242609A6902F4706282609A69A1
:1052C00002F00F02C2609A6902F070020261DA69AC
:1052D00002F070024261DA6902F4E06282611B6AE4
:1052E00003F07003C361044B1B6803F00F030B60F2
:1052F000704700BF0044025800200052F8B53A4CF5
:1053000006460D46A36A03F00303032B69D0236806
:1053100023F08063236005F093F8074623681A01A1
:105320004BD4A36A326823F47C3343EA0233A3628A
:10533000B368F268013B013A5B0212049BB202F4CB
:10534000FE0213437268013AC2F308021343326942
:10535000013A120602F0FE421343A363E36A726944
:1053600023F0C0031343E362E36AB26923F020032E
:105370001343E362E36A23F01003E362E36BF26931
:1053800023F47F4323F0F80343EAC203E363E36AB1
:1053900043F01003E362E36AB5B943F40023E36228
:1053A000114C236843F08063236005F049F80546FB
:1053B00023681B010FD5002005E005F041F8C01B54
:1053C0000228ABD90320F8BD012D0CBF43F4801394
:1053D00043F40013E3E705F033F8401B0228E7D954
:1053E000F0E70120EFE700BF00440258F8B53A4C5F
:1053F00006460D46A36A03F00303032B69D0236816
:1054000023F08053236005F01BF8074623689A00B9
:105410004BD4A36A326823F07C7343EA0253A3623D
:10542000B368F268013B013A5B0212049BB202F4DA
:10543000FE0213437268013AC2F308021343326951
:10544000013A120602F0FE4213432364E36A7269D2
:1054500023F440631343E362E36AB26923F4007305
:105460001343E362E36A23F48073E362636CF269DB
:1054700023F47F4323F0F80343EAC2036364E36A3F
:1054800043F48073E362E36AB5B943F48003E362F3
:10549000114C236843F08053236004F0D1FF05468C
:1054A00023689B000FD5002005E004F0C9FFC01B56
:1054B0000228ABD90320F8BD012D0CBF43F4000333
:1054C00043F08073E3E704F0BBFF401B0228E7D9F9
:1054D000F0E70120EFE700BF004402582DE9F0415A
:1054E0000668054616F0006609D0836EB3F5001F06
:1054F0002ED013D8F3B1B3F5801F21D001262B682D
:10550000DB0540F10281AB6D042B00F2FD80DFE88A
:1055100013F024002B00F50029002900B3F5401FEB
:10552000ECD1B84A0026A96E136D23F440130B4347
:105530001365E4E7B34AD36A43F40033D362F0E778
:1055400002210430FFF7DAFE06460028D7D1E8E74B
:1055500002212430FFF74AFFF6E7AA4AD36A43F450
:105560000033D362344604E00021281DFFF7C6FE55
:105570000446002C40F0CB80A24AA96D136D23F0A5
:1055800007030B4313652B689F050DD5EB6D802B2F
:1055900000F0DA8000F2BD80002B00F0C980402BC3
:1055A00000F0CC80012634462B68580510D5D5F87C
:1055B000A830B3F5800F00F0EC8000F2CD80002B16
:1055C00000F0DB80B3F5001F00F0DD8001263446DB
:1055D0002B68190510D5D5F8AC30B3F1007F00F079
:1055E000FD8000F2DE80002B00F0EC80B3F1807FC4
:1055F00000F0EE80012634462B689A010DD5AB6C85
:10560000202B00F0078100F2F180002B00F0F180E8
:10561000102B00F0F980012634462B68DB040FD5EF
:105620002B6EB3F5005F00F0198100F2FB80002BB8
:1056300000F00881B3F5805F00F00A81012634464E
:105640002B689F040FD56B6EB3F5003F00F02681E9
:1056500000F20C81002B00F01281B3F5803F00F0C6
:105660001781012634462B68580410D5D5F8B03080
:10567000B3F1005F00F0338100F21881002B00F0DD
:105680001E81B3F1805F00F02481012634462B682F
:10569000590114D5EB6C43B1B3F5807F40F02781FD
:1056A0000121281DFFF72AFE0446002C40F022812C
:1056B000544AE96CD36C23F480730B43D3642B6896
:1056C0001A040DD52B6FB3F1805F00F01581B3F193
:1056D000005F00F01F81002B00F01381012634468B
:1056E0002B68DB0140F12C816B6C032B00F26C8189
:1056F000DFE813F01D01180164011D01002105F10F
:105700002400FFF773FE33E7012634463BE72646C5
:1057100039E7C02B03D0B3F5807F7FF443AFCCB91A
:10572000384AE96D136D23F4E0730B4313653BE7CF
:10573000344AD36A43F40033D362F0E70021281DD2
:10574000FFF7DCFD0446EAE7002105F12400FFF73E
:105750004DFEF7E7264627E7B3F5C00F03D0B3F5B4
:10576000000F7FF433AFD4B9264AD5F8A810936D53
:1057700023F460030B4393652AE7224AD36A43F478
:105780000033D362EFE70021281DFFF7B7FD044681
:10579000E9E7002105F12400FFF728FEF7E7264698
:1057A00016E7B3F1407F03D0B3F1806F7FF422AFEF
:1057B000D4B9144AD5F8AC10936D23F0E0630B43D1
:1057C000936519E70F4AD36A43F40033D362EFE7D6
:1057D0000021281DFFF792FD0446E9E7002105F1AD
:1057E0002400FFF703FEF7E7264605E7302B7FF49A
:1057F00012AFACB9034AA96CD36C23F030030B434E
:10580000D3640AE7004402589A4AD36A43F4003347
:10581000D362EEE70221281DFFF770FD0446E8E79A
:105820002646FAE6B3F5405F03D0B3F5804F7FF428
:1058300005AFCCB98F4A296E136D23F4E0430B43B7
:105840001365FDE68B4AD36A43F40033D362F0E775
:105850000021281DFFF752FD0446EAE7002105F16B
:105860002400FFF7C3FDF7E72646E9E623F480327C
:10587000B2F5802F03D0B3F5403F7FF4F2AE9CB970
:105880007C4A696E136D23F4E0230B431365EAE64B
:105890000121281DFFF732FD0446F0E7012105F143
:1058A0002400FFF7A3FDF7E72646DCE623F080524D
:1058B000B2F1804F03D0B3F1405F7FF4E6AEA4B9FC
:1058C0006C4AD5F8B010936D23F0E0430B43936519
:1058D000DDE60121281DFFF711FD0446EFE7012158
:1058E00005F12400FFF782FDF7E72646CFE6012603
:1058F0003446E4E62646E2E65E4AD36A43F40033E1
:10590000D3626CB95B4A296F136D23F040530B438C
:105910001365E5E60121281DFFF7F0FC0446F0E7DA
:105920002646DDE6534AD36A43F40033D362002CA3
:105930004DD1504A696CD36C23F003030B43D364FD
:105940002B685F024DD54C4F3B6843F480733B603E
:1059500004F076FD80463B68D8053AD5002C6AD124
:10596000444BD5F8B4001A6F424012F4407F0BD07C
:105970001A6F196F22F4407241F480311967196F60
:1059800021F4803119671A67B0F5807F40D0D5F8CF
:10599000B430384903F44072B2F5407F47D108690A
:1059A000364A20F47C5002EA131202430A61C3F320
:1059B0000B03304A116F0B43136712E00221281DBD
:1059C000FFF79CFC0446B2E701263446B8E72646BA
:1059D000B6E704F035FDA0EB08006428BBD9032628
:1059E00034462B68DA0708D5EB6F102B3AD024D851
:1059F0004BB3082B30D0012634462B689B074CD57F
:105A0000AB6F052B5FD8DFE803F0403B58404040C8
:105A100004F016FDDFF85C800746D8F8703099076F
:105A2000B5D404F00DFDC01BC828F6D9D7E70A6924
:105A300022F47C52BAE72646D3E723F00802202A54
:105A400001D0182BD7D19CB90A4AE96F536D23F0C6
:105A500038030B435365D0E70121281DFFF74EFCA7
:105A60000446F0E7012105F12400FFF7BFFCF7E74A
:105A70002646C2E70044025800480258CFFFFF0004
:105A80000121281DFFF73AFC0446FCB9B74AA96F6B
:105A9000536D23F007030B4353652B685F0727D52E
:105AA000D5F89430052B00F23A81DFE813F01600A8
:105AB00011003201160016001600012105F1240024
:105AC000FFF794FCE0E701263446E6E72646E4E7E4
:105AD0000121281DFFF712FC0446002C40F0228112
:105AE000A24AD5F89410936D23F007030B439365F6
:105AF0002B68980610D5D5F89030B3F1005F00F010
:105B00002C8100F21181002B00F01781B3F1805F2E
:105B100000F01D81012634462B68590610D5D5F8B2
:105B20009C30B3F5006F00F03C8100F22181002B26
:105B300000F02781B3F5806F00F02D8101263446F7
:105B40002B681A0610D5D5F8A030B3F5804F00F0B9
:105B5000498100F22E81002B00F03481B3F5005F03
:105B600000F03A81012634462B681B0714D5D5F87E
:105B70008430B3F5805F07D1022105F12400FFF7DF
:105B800035FC002818BF0126784AD5F88410536DDB
:105B900023F440530B4353652B68DF0614D5D5F827
:105BA0009830B3F5807F07D1022105F12400FFF77B
:105BB0001DFC002818BF01266C4AD5F89810936D7B
:105BC00023F440730B4393652B6818031AD5D5F85B
:105BD000A410B1F5803F00F00D81B1F5003F06D073
:105BE000002940F00D81281DFFF788FB0446002C9A
:105BF00040F009815D4AD5F8A410936D23F4403339
:105C00000B4393652B6859031CD5D5F88830B3F541
:105C1000001F00F0FA80B3F5401F08D0B3F5801FD5
:105C200040F0FA80514AD36A43F40033D362002C27
:105C300040F0F5804D4AD5F88810536D23F4401399
:105C40000B4353652B68DA0309D52B6D002B00F04D
:105C5000E880B3F5803F00F0F280012634462B68DF
:105C60009B0007D5022105F12400FFF7BFFB0028A8
:105C700018BF01262B689F030BD5D5F88010B1F50E
:105C8000807F00F0F28000F2E280002900F0E580E1
:105C90000126DC0206D53549686F0A6D22F0004204
:105CA00002430A65D80007D53049D5F8B8000A691B
:105CB00022F4804202430A61990206D52B49E86E1C
:105CC0000A6D22F0807202430A655A0009D5274AFC
:105CD000116921F4004111611169D5F8BC0001433B
:105CE0001161002B06DA2149686DCA6C22F040521E
:105CF0000243CA641B0207D51C4AD5F88C10536DA9
:105D000023F440030B435365301E18BF0120BDE848
:105D1000F081012105F12400FFF768FBDCE6012694
:105D20003446E5E62646E3E623F08052B2F1804FA2
:105D300003D0B3F1405F7FF4EDAEA4B90B4AD5F8C0
:105D40009010536D23F0E0430B435365E4E60021CC
:105D5000281DFFF7D3FA0446EFE7022105F12400DE
:105D6000FFF744FBF7E72646D6E600BF004402589B
:105D700023F48062B2F5805F03D0B3F5406F7FF407
:105D8000DDAEA4B93D4AD5F89C10936D23F4E053E1
:105D90000B439365D4E60021281DFFF7AFFA0446B4
:105DA000EFE7022105F12400FFF720FBF7E7264685
:105DB000C6E623F40052B2F5004F03D0B3F5C04F4E
:105DC0007FF4D0AEA4B92D4AD5F8A010936D23F47A
:105DD00060430B439365C7E60021281DFFF78EFA49
:105DE0000446EFE7022105F12400FFF7FFFAF7E789
:105DF0002646B9E6022105F12400FFF7F7FAF5E699
:105E000001263446FEE62646FCE6012105F1240083
:105E1000FFF7ECFA04460AE70126344612E7264665
:105E200010E7164AD36A43F40033D3626CB9134ABD
:105E3000296DD36C23F480330B43D3640FE7022125
:105E4000281DFFF75BFA0446F0E7264607E721F432
:105E50008072B2F5007F7FF41BAF64B90748426DD2
:105E600022F440720A43426513E70448C26A42F4CE
:105E70000032C262F1E726460BE700BF0044025839
:105E800008B5FFF74FF9054B054A1B6AC3F3021328
:105E9000D35C03F01F03D84008BD00BF0044025884
:105EA000A69F06084E4A70B5946A966AD36A16F49D
:105EB0007C3FC6F30531D56B00F08D8007EE901A5C
:105EC000C3F30013C5F3CC0104F00304F8EEE76A52
:105ED0004B43012CB7EE006A07EE903AFAEEE97AEE
:105EE0006BD0022C5BD0002C67D113689B0646D583
:105EF0001168936BC1F3C1013A4AC3F30803CA4066
:105F000007EE102AF8EEC75A85EEA67A06EE903A0A
:105F1000F8EEE66A76EEA77A77EE867A304A67EE92
:105F2000877A936BC3F3462307EE103AB8EEC77A2D
:105F300037EE067AC7EE876AFCEEE66AC0ED006AC5
:105F4000936BC3F3064307EE103AB8EEC77A37EE09
:105F5000067AC7EE876AFCEEE66AC0ED016A936BCB
:105F6000C3F3066307EE103AB8EEC77A37EE066A57
:105F700087EE867ABCEEC77A80ED027A70BD936BAD
:105F8000DFED195AC3F3080307EE103AB8EEC77AEB
:105F900077EE277A77EE867A85EEA67ABEE7936B60
:105FA000DFED125AC3F3080307EE103AB8EEC77AD2
:105FB00077EE277A77EE867AEEE7936BDFED0C5A71
:105FC000C3F3080307EE103AB8EEC77A77EE277AE4
:105FD00077EE867AE0E7C0E900118160CEE700BF86
:105FE000004402580090D0030024744C20BCBE4BE7
:105FF0000024744A4E4A70B5946A966AD36A16F0C1
:106000007C7FC6F30551556C00F08D8007EE901A29
:10601000C3F30023C5F3CC0104F00304F8EEE76AF0
:106020004B43012CB7EE006A07EE903AFAEEE97A9C
:106030006BD0022C5BD0002C67D113689B0646D531
:106040001168136CC1F3C1013A4AC3F30803CA4093
:1060500007EE102AF8EEC75A85EEA67A06EE903AB9
:10606000F8EEE66A76EEA77A77EE867A304A67EE41
:10607000877A136CC3F3462307EE103AB8EEC77A5B
:1060800037EE067AC7EE876AFCEEE66AC0ED006A74
:10609000136CC3F3064307EE103AB8EEC77A37EE37
:1060A000067AC7EE876AFCEEE66AC0ED016A136CF9
:1060B000C3F3066307EE103AB8EEC77A37EE066A06
:1060C00087EE867ABCEEC77A80ED027A70BD136CDB
:1060D000DFED195AC3F3080307EE103AB8EEC77A9A
:1060E00077EE277A77EE867A85EEA67ABEE7136C8E
:1060F000DFED125AC3F3080307EE103AB8EEC77A81
:1061000077EE277A77EE867AEEE7136CDFED0C5A9E
:10611000C3F3080307EE103AB8EEC77A77EE277A92
:1061200077EE867AE0E7C0E900118160CEE700BF34
:10613000004402580090D0030024744C20BCBE4B95
:106140000024744A4E4A70B5946A966AD36A16F46B
:106150007C7FC6F30511556B00F08D8007EE901A19
:1061600003F00103C5F3CC0104F00304F8EEE76A81
:106170004B43012CB7EE006A07EE903AFAEEE97A4B
:106180004DD0022C5BD0002C67D113689B0664D5E0
:106190001168136BC1F3C1013A4AC3F30803CA4043
:1061A00007EE102AF8EEC75A85EEA67A06EE903A68
:1061B000F8EEE66A76EEA77A77EE867A304A67EEF0
:1061C000877A136BC3F3462307EE103AB8EEC77A0B
:1061D00037EE067AC7EE876AFCEEE66AC0ED006A23
:1061E000136BC3F3064307EE103AB8EEC77A37EEE7
:1061F000067AC7EE876AFCEEE66AC0ED016A136BA9
:10620000C3F3066307EE103AB8EEC77A37EE066AB4
:1062100087EE867ABCEEC77A80ED027A70BD136B8A
:10622000DFED195AC3F3080307EE103AB8EEC77A48
:1062300077EE277A77EE867A85EEA67ABEE7136B3D
:10624000DFED125AC3F3080307EE103AB8EEC77A2F
:1062500077EE277A77EE867AEEE7136BDFED0C5A4E
:10626000C3F3080307EE103AB8EEC77A77EE277A41
:1062700077EE867AE0E7C0E900118160CEE700BFE3
:10628000004402580090D0030024744A20BCBE4B46
:106290000024744CB0F5807F1FB531D19E4B1A6D30
:1062A00002F00702042A4BD8DFE812F0CC003900D4
:1062B000050033010D00186810F0005037D001A818
:1062C000FFF798FE32E0DA6C196802F040521B6862
:1062D000490705D522B9C3F3C1039048D84026E049
:1062E000D80502D5B2F1805F53D08B4B186810F4FB
:1062F00000301CD0B2F1005F894818BF002016E0C2
:10630000B0F5007F27D1844B1A6D02F4E072802A29
:10631000D1D00FD8002A00F09580402A10D11868FB
:1063200010F0006003D001A8FFF7BCFD019805B094
:106330005DF804FBC02A00F0EC80B2F5807F01D04C
:106340000020F4E7DA6C196802F04052490719D5C9
:10635000C2B91B68BFE7B0F5806F1CD16E4B9A6D58
:1063600002F46002B2F5800FA5D004D8002A69D0EB
:10637000B2F5001FD2E7B2F5C00F00F0CA80B2F547
:10638000000FDCE7644B1968C905AFD5B2F1805F37
:10639000ACD16448CBE7B0F5006F1CD15E4B9A6D71
:1063A00002F0E062B2F1007F85D004D8002A49D023
:1063B000B2F1807FB2E7B2F1407F00F0AA80B2F183
:1063C000806FBDD1DA6C196802F040524807DAD507
:1063D000002AD8D1BDE7B0F5805F13D14E4B1A6DBE
:1063E00002F4E042B2F5005F3FF465AF03D84AB370
:1063F000B2F5805F92E7B2F5405F00F08A80B2F5B7
:10640000804FDEE7B0F5002F15D1434B9A6D02F4B3
:106410004032B2F5803F05D0B2F5003FD2D0002A1D
:106420008ED17CE7186810F0005080D001A8FFF7EB
:10643000E1FD03987BE7B0F5803F16D1364BDA6C6F
:10644000D20309D4186810F000703FF470AF01A8AF
:10645000FFF778FE02986AE7186810F000603FF4D2
:1064600066AF01A8FFF71EFDE3E7B0F5804F3ED110
:10647000294B9A6D02F0E042B2F1405F2AD00BD86E
:10648000B2F1805F14D0B2F1005F1AD0002A7FF41D
:1064900057AFFFF7F5FC4AE7B2F1804F20D0B2F1D9
:1064A000A04F7FF44DAF18681D4B10F400301BE077
:1064B000186810F000603FF43AAF01A8FFF7F2FC53
:1064C000C8E7186810F000503FF431AF01A8FFF79B
:1064D00091FDBFE7186810F004003FF428AF38E7DB
:1064E0001868104B10F4807018BF18461FE7B0F5FD
:1064F000004F7FF425AF084B1A6D02F04052B2F105
:10650000805F9FD0B2F1005FD2D0002A7FF418AF35
:10651000C9E705480BE700BF004402580090D003CC
:1065200040787D0100093D000080BB00704738B510
:106530000446C0B1437A03F0FF0213B90272FFF7B9
:10654000F5FF02236168637223681A6822F0200253
:106550000A431A601A6842F004021A605B685B061C
:1065600003D50423637201200AE003F069FF0546A6
:106570002368586810F0040003D101226272E060C1
:1065800038BD03F05DFF401B0228F1D9042363727C
:106590000223E360E7E7704710B5044698B103684B
:1065A0001A6822F020021A601A6822F00C021A609F
:1065B0005A6822F060025A60FFF7EDFF0020607217
:1065C0002072E06010BD0120FCE72DE9F041037A64
:1065D00004460F46012B2AD00123427A9A42D5B2B3
:1065E000037220D10223437203F02AFF80462268FF
:1065F000566816F0010608D09368002523613B60B9
:1066000001236372002323720AE003F019FFA0EB59
:1066100008000228EBD90123267263720223E3608B
:106620002846BDE8F08104221D46C260EAE7022543
:10663000F6E70368503343F82120704770470000A5
:10664000F8B5044618B30368754A856A9342C16871
:1066500009D0A2F57842934205D002F580629342B8
:1066600001D00F2913D8E26B500901F10802D208BA
:1066700000FB02226A4883420BD06A4EB34208D024
:1066800006F58066B34204D0082A40F2C280012099
:10669000A1E0102AFBD8B5F5800F40F0BE80834200
:1066A0000AD0604A934207D002F58062934203D039
:1066B000236BB3F5702FEAD8256B05B90D04B1EB48
:1066C000154FE4D894F8813003F0FF0223B9204637
:1066D00084F88020FFF7B2FF0223D4F818C0616865
:1066E00084F88130BCF1806F2368A76B1A6822F0B0
:1066F00001021A6004D1B1F5800F6DD1002F70D066
:10670000A06AE669E26BB0F5800F46EA000646EA49
:106710000206E26846EA02064CEA010246EA05067B
:1067200042EA07029E60666B42EA0602666A42EA35
:106730000602266942EA0602666942EA0602266AFB
:1067400042EA0602E66C42EA0602A66842EA06024D
:10675000A66C42EA0602A66D42EA0602DA6048D159
:10676000226C012A1A680CBF42F4004222F4004253
:106770001A60626C012A1A680CBF42F4804222F44B
:1067800080421A60264A934230D0A2F57842934262
:106790002CD002F58062934228D0B5F5702F1A688C
:1067A0000CBF42F4005222F400521A60E26A1A64EA
:1067B00041B31A6D22F001021A654A0205D5DA6862
:1067C000616D22F000420A43DA6000200123C4F820
:1067D000840084F88130F8BD002991D1B7F1805F41
:1067E0008ED1186840F48050186089E7B5F5F81F1D
:1067F000D5E70029DDD128B99A6822F4C05242F4C5
:1068000000629A609A6822F4C06242F480629A60E0
:10681000CFE7B5F5800F3FF44BAF0D0452E700BF53
:1068200000300140003800400368002273B5596908
:106830000E4C01F400410E4D0E4E586900F4C0405C
:10684000084301D102B070BD186B0432A34201901D
:10685000D2B2019803D0AB4201D0B34203D1102A87
:10686000EBD90320EEE7082AFAE700BF0030014029
:1068700000380040003C0040036A23F0010370B57B
:106880000362036A4468826923F002030D6822F4FC
:10689000803222F073022A438D682B431B4DA8429D
:1068A0000FD005F58065A8420BD005F57055A842BC
:1068B00007D005F58065A84203D005F58065A8429C
:1068C0001ED1CD6823F008032B43104DA84223F0BE
:1068D00004030FD005F58065A8420BD005F570556F
:1068E000A84207D005F58065A84203D005F580656C
:1068F000A84205D124F44075D1E9054634432C4320
:10690000446082614A684263036270BD00000140D6
:10691000036A23F4807370B50362036A4268C46932
:1069200023F400730D6824F073042C438D6843EA4C
:106930000523164DA84203D005F58065A8420DD168
:10694000CD6823F4006343EA0523104DA84223F4E5
:1069500080630ED005F58065A8420AD00C4DA84290
:1069600007D005F58065A84203D005F58065A842EB
:1069700006D122F44055D1E90526324345EA0212F8
:1069800042604A68C461C263036270BD0000014096
:1069900000400140036A23F4805330B50362036A68
:1069A0004468C26923F400530D6822F4E64242EAC7
:1069B00005228D6843EA05330E4DA8420FD005F538
:1069C0008065A8420BD005F57055A84207D005F5A3
:1069D0008065A84203D005F58065A84204D124F45F
:1069E00080444D6944EA85144460C2614A68026487
:1069F000036230BD00000140036A23F4803330B5E8
:106A00000362036A4468426D23F400330D6822F088
:106A100070022A438D6843EA05430F4DA8420FD008
:106A200005F58065A8420BD005F57055A84207D042
:106A300005F58065A84203D005F58065A84204D11C
:106A400024F480344D6944EA0524446042654A6870
:106A50008265036230BD00BF00000140036A23F479
:106A6000801330B50362036A4468426D23F4001357
:106A70000D6822F4E04242EA05228D6843EA05539C
:106A80000E4DA8420FD005F58065A8420BD005F544
:106A90007055A84207D005F58065A84203D005F5DA
:106AA0008065A84204D124F400344D6944EA852469
:106AB000446042654A68C265036230BD000001401F
:106AC00070477047304A0368904212D0B0F1804F4F
:106AD0000FD0A2F57C4290420BD002F5806290422A
:106AE00007D002F58062904203D002F578429042CE
:106AF00019D14A6823F070031343234A90421DD0F2
:106B0000B0F1804F1AD0A2F57C42904216D002F527
:106B10008062904212D002F5806290420ED002F55F
:106B2000784290420AD0194A904207D002F580621A
:106B3000904203D002F58062904203D123F4407367
:106B4000CA6813434A6923F08003134303608B68C8
:106B5000C3620B6883620C4B98420FD003F58063CD
:106B600098420BD003F57053984207D003F5806329
:106B7000984203D003F58063984201D10B69036307
:106B800001234361704700BF000001400040014005
:106B900010B5044650B390F83D3003F0FF021BB926
:106BA00080F83C20FFF78CFF02232068211D84F829
:106BB0003D30FFF787FF0123002084F8483084F838
:106BC0003E3084F83F3084F8403084F8413084F817
:106BD000423084F8433084F8443084F8453084F8F7
:106BE000463084F8473084F83D3010BD0120FCE782
:106BF00010B5044650B390F83D3003F0FF021BB9C6
:106C000080F83C20FFF75DFF02232068211D84F8F7
:106C10003D30FFF757FF0123002084F8483084F807
:106C20003E3084F83F3084F8403084F8413084F8B6
:106C3000423084F8433084F8443084F8453084F896
:106C4000463084F8473084F83D3010BD0120FCE721
:106C5000036A23F0100370B50362036A4468826913
:106C600023F020030D6822F0807222F4E64242EA0B
:106C700005228D6843EA0513164DA84203D005F599
:106C80008065A8420DD1CD6823F0800343EA051347
:106C9000104DA84223F040030ED005F58065A842B0
:106CA0000AD00D4DA84207D005F58065A84203D053
:106CB00005F58065A84206D124F44065D1E9054672
:106CC000344345EA8404446082614A688263036213
:106CD00070BD00BF000001400040014038B590F891
:106CE0003C300446012B78D001230C2A80F83C303C
:106CF00051D008D8042A2CD0082A3BD0C2B1002099
:106D000084F83C0038BD102A56D0142AF7D1006808
:106D1000FFF7A4FE236809695A6D42F400625A65C0
:106D20005A6D22F480625A655A6D42EA012252E09D
:106D30000068FFF7A1FD236809699A6942F008021B
:106D40009A619A6922F004029A619A690A439A61E7
:106D5000D5E70068FFF77CFF236809699A6942F468
:106D600000629A619A6922F480629A619A6942EAA1
:106D70000122ECE70068FFF7CBFD23680969DA69B7
:106D800042F00802DA61DA6922F00402DA61DA69B3
:106D90000A43DA61B3E70068FFF7FCFD236809697D
:106DA000DA6942F40062DA61DA6922F48062DA6157
:106DB000DA6942EA0122ECE70068FFF71DFE23686A
:106DC00009695A6D42F008025A655A6D22F00402B0
:106DD0005A655A6D0A435A6591E7022092E701F01D
:106DE0001F01036A10B501248A408C4023EA040382
:106DF0000362036A1A43026210BD000010B5044624
:106E000029B990F83E30012B31D0012010BD042962
:106E100007D190F83F30012BF7D1022380F83F30A3
:106E200028E0082907D190F84030012BEDD102234A
:106E300080F840301EE00C2907D190F84130012B3A
:106E4000E3D1022380F8413014E0102907D190F8F3
:106E50004230012BD9D1022380F842300AE090F869
:106E60004330012BD1D1022380F8433002E00223CA
:106E700080F83E3001222068FFF7B1FF2368204AE6
:106E8000934219D002F58062934215D002F57052F8
:106E9000934211D002F5806293420DD002F58062D8
:106EA000934209D0B3F1804F0ED19968154A0A4038
:106EB000062A21D10020A9E75A6C42F400425A6404
:106EC0000F4A9342EED1F0E70F4A9342EDD002F51C
:106ED00080629342E9D002F580629342E5D002F5E8
:106EE00078429342E1D0A2F56C429342DDD01A6819
:106EF00042F001021A60DDE7B2F5803FF7D1D9E731
:106F0000000001400700010000040040FFF776BFC9
:106F100001F01F01036A10B504248A408C4023EA63
:106F200004030362036A1A43026210BD10B50446EB
:106F300029B990F84430012B1DD0012010BD04293F
:106F400007D190F84530012BF7D1022380F8453066
:106F500014E0082907D190F84630012BEDD1022327
:106F600080F846300AE090F84730012BE5D1022343
:106F700080F8473002E0022380F844300422206881
:106F8000FFF7C6FF23685A6C42F400425A64144A61
:106F9000934216D0B3F1804F13D0A2F57C429342B6
:106FA0000FD002F5806293420BD002F580629342CB
:106FB00007D002F57842934203D0A2F56C42934287
:106FC00007D19968074A0A40062A06D0B2F5803FE1
:106FD00003D01A6842F001021A600020AEE700BF39
:106FE0000000014007000100FFF7A0BF704700004C
:106FF000F0B504460368C06987B02169A2681D68BE
:107000000A4361690A43A449024329400A43E168EB
:107010001A605A6822F440520A43A1695A609F4A92
:1070200093421CBF226A11439A6822F06E4222F4F6
:1070300030620A43616A9A60DA6A22F00F020A43F8
:10704000DA62974A93421BD1964B5B6D03F038038B
:10705000282B6CD8944AB0F5004FD35C40F00281E5
:10706000082B00F2BF80082B61D8DFE813F0E7009F
:10707000EC0060006000EF00600060006000F40061
:107080008A4A934207D1874B5B6D03F00703052BB8
:107090004DD8874ADFE7874A934207D1814B5B6D22
:1070A00003F00703052B42D8834AD4E7834A93426F
:1070B00007D17C4B5B6D03F00703052B37D8804A63
:1070C000C9E7804A934207D1764B5B6D03F0070313
:1070D000052B2CD87C4ABEE77C4A934207D1714BE2
:1070E0005B6D03F03803282B21D8794AB3E7794A3E
:1070F000934207D16B4B5B6D03F00703052B16D84A
:10710000754AA8E7754A934207D1664B5B6D03F059
:107110000703052B0BD8724A9DE7604A934206D1BC
:1071200002F50E32936D03F00703052B01D9012000
:107130000EE06C49CB5C102B23D011D8042B16D059
:10714000082B19D0022BF2D1FEF79AFE10BB0020BB
:107150004FF00113A3660023C4E91C3307B0F0BD50
:10716000202B3DD0402BE2D14FF4004012E0684686
:10717000FEF798FE0198E9E703A8FEF73BFF0498A5
:10718000E4E71368584813F0200F03D01368C3F3E3
:10719000C103D840554B626A656833F8122005EB8D
:1071A0004501B0FBF2F39942C1D8B3EB053FBED81D
:1071B0000023002107F036FD2A460F0200230602B5
:1071C00047EA10676808301847F1000107F02AFD08
:1071D000474BA0F540729A42A9D82368D860B6E719
:1071E0004448D7E7202B3BD0402B0BD0102B9ED10F
:1071F0002C4B3D481A6812F0200F03D01B68C3F3D4
:10720000C103D840616A394B626833F81130B0FB72
:10721000F3F3500800EB4300B0FBF2F083B24FF6FB
:10722000EF72A3F11001914281D820F00F00C3F357
:107230004203226880B21843D06088E7FDF794FFCC
:10724000002884D0DEE7FDF7A1FFF9E76846FEF7E6
:1072500029FE0198F4E703A8FEF7CCFE0498EFE7B7
:107260002448CFE7082B47D8082B3FF660AF01A290
:1072700052F823F049730508557305082F71050866
:107280002F7105085B7305082F7105082F7105081C
:107290002F71050865730508F369FFCF000C0058CE
:1072A0000010014000440258489F06080044004076
:1072B000719F060800480040719F0608004C00407E
:1072C000719F060800500040719F0608001401409D
:1072D000489F060800780040719F0608007C004027
:1072E000719F0608779F06080090D0037E9F0608CE
:1072F000FFFC0F0000093D00202B38D0402B38D078
:10730000102B7FF414AF1D4A136813F0200F1C4B91
:1073100032D01068C0F3C10023FA00F0616A194B43
:10732000626833F81130B0FBF3F303EB5203B3FBA5
:10733000F2F39BB24FF6EF72A3F1100191423FF6C8
:10734000F6AE2268D36002E7FDF70EFF00283FF497
:10735000FEAEE3E7FDF71AFFF8E76846FEF7A2FD89
:107360000198F3E703A8FEF745FE0498EEE7064808
:10737000D4E74FF40040D1E71846CFE70044025865
:107380000090D0037E9F060800093D00836ADA075B
:1073900010B506D50168C46A4A6822F40032224357
:1073A0004A609C0706D50168046B4A6822F4803263
:1073B00022434A60590706D50168446B4A6822F4A3
:1073C000802222434A601A0706D50168846B4A6806
:1073D00022F4004222434A60DC0606D50168C46BF1
:1073E0008A6822F4805222438A60990606D5016891
:1073F000046C8A6822F4005222438A605A0610D52F
:107400000168446C4A68B4F5801F22F4801242EA95
:1074100004024A6005D14A68846C22F4C002224307
:107420004A601B0606D50268C16C536823F400232A
:107430000B43536010BD2DE9F041DDF81880044680
:107440000E4615461F462268D36936EA03030CBF71
:1074500001230023AB4201D000201CE0B8F1FF3F24
:10746000F2D002F0EDFFC01B40452068036802D84F
:10747000B8F1000F11D123F4D0730360836823F0B7
:10748000010383602023C4F88430C4F888300023CB
:10749000032084F88030BDE8F0815A07D3D5C36952
:1074A0001B05D0D54FF400630362036823F4D07347
:1074B0000360836823F0010383602023C4F88430D1
:1074C000C4F88830C4F88C30E1E730B500250446B4
:1074D00085B0C0F88C5002F0B3FF226803461268F2
:1074E000110717D422681268520709D56FF07E423F
:1074F0004FF48001204600920022FFF79CFFB0B9B4
:1075000020230020C4F8843084F88000C4F8883038
:10751000E0660DE06FF07E4203904FF400112046CC
:1075200000922A46FFF787FF039B0028DAD003204A
:1075300005B030BD10B5044650B3D0F884301BB947
:1075400080F88030FFF752FD226824232046C4F8DB
:107550008430136823F001031360FFF749FD01280D
:1075600016D0A36A13B12046FFF710FF2368204608
:107570005A6822F490425A609A6822F02A029A606D
:107580001A6842F00102BDE810401A60FFF79DBF83
:10759000012010BD90F88030012B09D002681368DB
:1075A00043F002031360002380F8803018467047D0
:1075B0000220704790F88030012B09D002681368D0
:1075C00023F002031360002380F8803018467047D0
:1075D00002207047024B1868C0F34040704700BF5C
:1075E00000440258024B1868C0F38000704700BF87
:1075F00000440258024B1868C0F30020704700BFD7
:1076000000440258C0F30422030E0549934010B50C
:10761000C4B261580B40D34040EA034010BD00BFE4
:107620004C440258024B1868C0F34060704700BFDA
:1076300000440258024B1868C0F3C060704700BF96
:1076400000440258024B1868C0F34070704700BFF6
:1076500000440258044B054A9B6903F00F03D35CB6
:1076600003F01F03D840704700440258969F060855
:10767000044B054ADB69C3F30223D35C03F01F0309
:10768000D840704700440258969F0608044B054AAC
:107690001B6AC3F30213D35C03F01F03D840704787
:1076A00000440258969F060807EE900A9FED106A64
:1076B000F8EE676A07EE901AF8EE677A86EEA77A18
:1076C00007EE903AF8EE676A07EE902AF8EE677ACE
:1076D000E6EE867A67EE277A9DED007AB8EE477A75
:1076E000C7EE876AFCEEE67A17EE900A704700BF95
:1076F000000000392E4A936A03F00303012B73B58F
:10770000054649D0022B4DD013B9FFF76BFF08B9DE
:10771000002404E01368274CC3F3C103DC400023BA
:107720002348C5E90033AB60816A026BC36AC1F3C9
:10773000051113F0010302D0436BC3F3CC0349B32B
:10774000C66AC2F30802F60302F1010208D5006B13
:10775000C0F34620013000902046FFF7A5FF2860C7
:107760001348C66AB60308D5006BC0F30640013063
:1077700000902046FFF798FF68600D48C66A7603C0
:1077800008D5006BC0F30660013000902046FFF77B
:107790008BFFA86002B070BDFFF72CFF0028B7D0A8
:1077A000054CBCE7FFF716FF0028B1D0034CB6E745
:1077B000004402580090D00300093D0040787D014C
:1077C0001FB5104A136903F03803102B17D007D8E0
:1077D00053B1082B0C4818BF002005B05DF804FB1E
:1077E000182B07D00020F8E713680848C3F3C1033B
:1077F000D840F2E701A8FFF77DFF0198EDE70448C4
:10780000EBE700BF0044025800093D000090D003A0
:1078100040787D012E4A936A03F00303012B73B570
:10782000054649D0022B4DD013B9FFF7DBFE08B94E
:10783000002404E01368274CC3F3C103DC40002399
:107840002348C5E90033AB60816A826BC36AC1F328
:10785000053113F0100302D0C36BC3F3CC0349B35B
:10786000C66AC2F30802360302F1010208D5806B32
:10787000C0F34620013000902046FFF715FF286036
:107880001348C66AF60208D5806BC0F30640013083
:1078900000902046FFF708FF68600D48C66AB602F0
:1078A00008D5806BC0F30660013000902046FFF7DA
:1078B000FBFEA86002B070BDFFF79CFE0028B7D0A9
:1078C000054CBCE7FFF786FE0028B1D0034CB6E7B5
:1078D000004402580090D00300093D0040787D012B
:1078E0002F4A936A03F00303012B73B505464AD070
:1078F000022B4ED013B9FFF775FE08B9002404E03F
:107900001368284CC3F3C103DC4000232448C5E9B5
:107910000033AB60816A026CC36AC1F3055113F492
:10792000807302D0436CC3F3CC0351B34CB31C48F7
:10793000C2F30802C66A0132760208D5006CC0F3B1
:107940004620013000902046FFF7AEFE2860144824
:10795000C66A360208D5006CC0F3064001300090BC
:107960002046FFF7A1FE68600D48C66AF60108D5FB
:10797000006CC0F30660013000902046FFF794FED3
:10798000A86002B070BDFFF735FE0028B6D0064CE7
:10799000BBE7FFF71FFE0028B0D0044CB5E700BFDF
:1079A000004402580090D00300093D0040787D015A
:1079B000114A08B5D36C03F04053B3F1805F0ED089
:1079C000B3F1005F11D013B9FFF70CFE08B9002026
:1079D00004E013680948C3F3C103D84008BDFFF7AA
:1079E00009FE0028F3D00648F8E7FFF7F3FD00286A
:1079F000EDD00448F2E700BF004402580090D003E5
:107A000000093D0040787D011FB5FFF7FBFD594B94
:107A1000984238D029D8A3F58233984271D010D833
:107A2000A3F57C43984200F0828003F60843984215
:107A300000F08D80504B98425AD0002005B05DF880
:107A400004FB4E4B984208D003F56F43F83398423D
:107A500060D0A3F57C439842EFD1FFF7EBFD0028FF
:107A6000EBD001A8FFF7D6FE49E0454B984259D02C
:107A700023D8A3F58033984279D00CD8A3F56F436F
:107A8000F83B9842D9D1FFF7DDFD0028D5D001A8F9
:107A9000FFF726FF33E03B4B984203D003F6084341
:107AA0009842CAD1FFF79EFD0028C6D0364B374812
:107AB0001B68C3F3C103D840C0E7354B984211D0CF
:107AC0000DD8A3F58033984203D003F608439842BB
:107AD000B3D1FFF78FFD0028AFD02E48AEE72E4B75
:107AE0009842AAD1FFF776FD0028A6D02B48A5E73B
:107AF000FFF798FD0028A0D001A8FFF7FBFD029832
:107B00009CE7FFF797FD002897D001A8FFF782FEBA
:107B1000019893E7FFF796FD00288ED001A8FFF7A4
:107B2000DFFEF5E74FF04050FFF742FF86E7FFF733
:107B300047FE154B1A4A9B69C3F30323D35C03F03A
:107B40001F03D840FFF786FDFFF792FD76E7FFF7AA
:107B500037FE0D4B124A9B69C3F30323D35C03F03A
:107B60001F03D840FFF776FDFFF790FD66E70D484D
:107B700064E700BF04100207040C00070C1C010797
:107B8000040C040704100307004402580090D003BB
:107B90000410050700093D000C1C050740787D0115
:107BA000969F06080080BB000A4B013B0FD002697C
:107BB000002AFADA0369074A43F001030361013A34
:107BC00005D0036913F00103F9D11846704703206B
:107BD000704700BF410D030084B038B505AD0446C1
:107BE00085E80E000A9B012B2FD1836B23F4803391
:107BF0008363C36823F4840323F04003C360C36832
:107C000023F44013C360119B012B03D1C36843F4D9
:107C10008013C3602046FFF7C7FF089B012B10D1DC
:107C2000E36D9BB2E365E36D43F07B7343F4003394
:107C3000E365A36843F00603A360A36843F0200351
:107C4000A360BDE8384004B07047C36843F0400308
:107C5000C360FFF7A9FF0E9B23B9A36B43F48033E6
:107C6000A363DAE7A36B23F48033F9E7022A4AD14E
:107C7000274B284A0B44934239D9274B274A0B44B8
:107C8000934236D9A1F57403254AA3F510539342C4
:107C900031D9A1F18373234AA3F5E74393422CD34F
:107CA000214B224A0B44934229D9214B214A0B44B0
:107CB000934226D3204B214A0B44934223D3A1F174
:107CC000B7731F4AA3F5585393421ED31D4B1E4A48
:107CD0000B44934234BF07230623C26822F4705238
:107CE000C260C26842EA8323C360002070470F234A
:107CF000F3E70E23F1E70D23EFE70C23EDE70B236A
:107D0000EBE70A23E9E70923E7E70823E5E700BFF4
:107D1000405327FFFF340C00401E1BFF3F420F0063
:107D20007F4F120020D6130060B6E5FE5FE3160019
:107D300000D3CEFE40771B00C05BB3FEC091210094
:107D400020753800E05459FEE09C4100836843F000
:107D50000103836000207047836823F00103836080
:107D60000020704708B5C368012923F0C043C360F1
:107D700008D1C36843F00053C3603220F8F76CF9B0
:107D8000002008BD19B9C36843F08043F4E701201F
:107D9000F7E700008901074A41F020010161013A3B
:107DA00005D0036913F02003F9D11846704703206A
:107DB000704700BF410D03001023064A0361013ADA
:107DC00005D0036913F01003F9D11846704703205A
:107DD000704700BF410D0300D0F800381943C0F8C8
:107DE000001800207047000084B02DE9F8430446D5
:107DF00009A80E4680E80E000023139D194603F1E2
:107E00004002013304EB82020F2B5160F7D104F5DD
:107E10000067002D6CD17B6843F002037B60A36B8D
:107E200023F40013A363236843F040032360236813
:107E300043F0800323600023C4F8003ED4F80038E8
:107E4000C4F800380E9B012B59D10B99002954D14D
:107E500020464FF67F38FFF7BFFF10212046FFF77F
:107E600099FF01462046FFF7A7FF0843002304F5CA
:107E70001062C0B24FF0904C19464FF0006E0038BF
:107E80003B617B6118BF0120FB61B34239D1002205
:107E900004F530634FF0904C4FF0006E11464FF6F2
:107EA0007F38B24240D13B6923F480733B610023A9
:107EB000A3616FF0804363610C9B1BB9A36943F01E
:107EC0001003A361A269224B1343A3610F9B1BB153
:107ED000A36943F00803A361012D05D1A36943F011
:107EE000804343F00403A361BDE8F84304B0704746
:107EF000A36B43F40013A3639DE71946A8E703218E
:107F0000A6E7D2F80090B9F1000F0BDA3BB9C2F83E
:107F100000E011610133C2F808802032B5E7C2F8F1
:107F200000C0F6E71160F4E7D3F80090B9F1000F54
:107F30000BDA3AB9C3F800E019610132C3F80880DE
:107F40002033AEE7C3F800C0F6E71960F4E700BFDE
:107F500000383C80D0F8083813F0060004D013F045
:107F6000020F14BF02200F20704730B50D78012496
:107F700000F5006205F00F0300EB45109C404B78C4
:107F8000012BD36918D11C43D461D0F800391A04ED
:107F900010D48A68D0F80049C2F30A03CA78234390
:107FA00043EA824343EA855343F0805343F400435A
:107FB000C0F80039002030BD43EA0444D461D0F851
:107FC000003B1B04F6D48B68D0F8002BC3F30A03E4
:107FD0001343CA7843EA824343F0805343F4004397
:107FE000C0F8003BE6E7000010B50A78497800EBDE
:107FF000421300F50060012902F00F0222D1D3F8EC
:10800000001900290BDAD3F8001941F00061C3F818
:108010000019D3F8001941F08041C3F8001901217B
:10802000C46B01FA02F224EA0204C463C16921EAC2
:108030000202C261154AD3F800190A40C3F80029A8
:10804000002010BDD3F8001B00290BDAD3F8001B69
:1080500041F00061C3F8001BD3F8001B41F08041E0
:10806000C3F8001B4FF48031C46B01FA02F224EA1A
:108070000204C463C16921EA0202C261044AD3F85E
:10808000001B0A40C3F8002BDAE700BF007833EC8E
:108090000078F3EF4B78DFF8ECC0012BF0B50E78E9
:1080A0004D6900EB4614364F46D104F51063BDB957
:1080B0001D692F401F611D6945F400251D611D6963
:1080C00005EA0C05012A1D6123D10A6902B15A6132
:1080D000D4F8003943F00443C4F800390020F0BD5F
:1080E000D3F810E00EEA0C0CC3F810C0D3F810C09F
:1080F0000CEA07071F618F68AF421D6945F4002530
:1081000038BF4F611D614D691F69C5F312053D43BD
:10811000D8E7D4F8003943F00443C4F800394B6978
:10812000002BDBD006F00F060123D0F83428B34033
:108130001343C0F83438D1E7D4F8100B04F530639A
:1081400000EA0C001861186938401861886805B1A8
:1081500048611D69C0F31200012A45F400251D6124
:108160001D6940EA0500186102D1CA6802B15A616E
:10817000D4F8003B43F00443C4F8003BAEE700BF33
:10818000FFFF07E00000F8FF10B59DF8084044B974
:10819000033301329B0800EB023001EB83038B4277
:1081A00001D1002010BD51F8042B0260F7E7000058
:1081B0002DE9F3414D780F78012D4B6900EB471401
:1081C000CE78DFF8B8C1DFF8B8E140F08E8004F572
:1081D0001065D5F810806BBB08EA0C0CC5F810C010
:1081E000D5F810C04CF4002CC5F810C0D5F810C05C
:1081F0000CEA0E0EC5F810E0012A4ED10B6903B14E
:108200006B61012E0CD1D0F8083813F4807FD4F8BC
:1082100000390CBF43F0005343F08053C4F80039D9
:10822000D4F8003943F00443C4F80039002002B008
:10823000BDE8F08108EA0E0E012EC5F810E0D5F871
:1082400010E00EEA0C0CD1F808E0C5F810C00EEBF7
:10825000030CD5F810800CF1FF3CBCFBFEFEDFF8F0
:1082600024C10CEACE4C4CEA080CC5F810C0C3F38C
:10827000120CD5F810E04CEA0E0CC5F810C0BBD1BA
:10828000D5F810C02CF0C04CC5F810C0D5F810C0FF
:108290004CF0005CC5F810C0AEE7D4F80059012ED0
:1082A00045F00445C4F800590BD0002BBED007F0B0
:1082B0000F020127D0F8343897401F43C0F83478B4
:1082C000B4E7D0F808589BB215F4807FD4F8005971
:1082D0000CBF45F0005545F08055C4F80059009298
:1082E0003A46C968FFF750FFA0E7D4F8105B04F5E1
:1082F000306705EA0E053D613D6905EA0C053D6103
:108300008D681BBB3B69C5F312051D433D613B698D
:1083100043F40023012A3B6102D1CB6803B17B61A6
:10832000012E0CD1D0F8083813F4807FD4F8003B2C
:108330000CBF43F0005343F08053C4F8003BD4F823
:10834000003B43F00443C4F8003B6FE72B44DFF8E5
:1083500034C0D7F810E0013BB3FBF5F30CEAC34C93
:108360009BB24CEA0E0C6B43C7F810C0D7F810C094
:10837000C3F3120343EA0C03CCE700BFFFFF07E09F
:108380000000F8FF0000F81F70B50023940800F506
:10839000805502F00302A34214D301EB84017AB1A9
:1083A00000F5805000230468D80024FA00F0C85477
:1083B000013398B28242F7D1013A92B201321144AC
:1083C000084670BD2E6841F823600133E3E74A7820
:1083D0000B78012A00EB431012D1D0F80029002AB3
:1083E00006DB2BB1D0F8003923F08043C0F8003908
:1083F000D0F8003943F40013C0F80039002070476A
:10840000D0F8002B002A06DB2BB1D0F8003B23F07C
:108410008043C0F8003BD0F8003B43F40013C0F8A1
:10842000003BEBE70B784A7800EB4310CB78012A4E
:10843000A3F10203DBB20FD1D0F80029012B22F403
:108440000012C0F8002905D8D0F8003943F0805355
:10845000C0F8003900207047D0F8002B012B22F41F
:108460000012C0F8002BF5D8D0F8003B43F0805341
:10847000C0F8003BEEE710B500F51063044600F5C8
:108480002E614FF67F329A602033C3F8E8218B4289
:10849000F9D100222046C4F81028C4F81428C4F8E2
:1084A0001C28FFF789FC28B920461021BDE81040A0
:1084B000FFF770BC10BDD0F80038090123F4FE634B
:1084C00001F4FE61C0F80038D0F800381943C0F854
:1084D000001800207047D0F8003E23F00303C0F8D6
:1084E000003ED0F8043823F00203C0F8043800201E
:1084F0007047D0F8003E23F00303C0F8003ED0F8E8
:10850000043843F00203C0F8043800207047426981
:10851000806910407047D0F8183800F50060C069D5
:108520001840000C7047D0F8183800F50060C0699A
:10853000184080B2704700EB411100F50060D1F89F
:10854000082B40691040704710B5D0F81048D0F89B
:10855000343800EB411001F00F0100F51060CB4002
:108560008068DB01DBB22343184010BD406900F096
:1085700001007047D0F8003923F4FF6323F00703AC
:10858000C0F80039D0F8043843F48073C0F80438D8
:108590000020704730B5056C00F530630F4CA542E4
:1085A00003D9D0F8004B002C16DB002401291C61F4
:1085B0001C6944F400241C611C6944F018041C610B
:1085C0001C6944F0C0441C6106D15A61D0F8003BDC
:1085D00043F08023C0F8003B002030BD0A30544FE8
:1085E0002B4BD3F8882042F47002C3F888201A6914
:1085F00042F010021A61274A136803F00F03062B9A
:1086000005D8136823F00F0343F007031360224BD0
:108610001A6842F001021A6000221A611F4A1968A2
:108620000A401C491A600A68120705D50A6822F038
:108630000F0242F007020A60002219499A61DA61CA
:108640001A6299621749D962174919635A63996383
:10865000DA6319645A64196821F4802119601A6672
:10866000124A536A43F480435362114B1B681B0C3C
:108670001B04B3F1005F02D20E4B01221A600E4BB5
:1086800043F2D2021A600D4A014B9A60704700BF54
:1086900000ED00E000200052004402587FEDF6EAB1
:1086A000000202020000FF0180020101C000005828
:1086B0000010005C088100510040005200000408D6
:1086C000494A1369114603F03803102B30B500F006
:1086D000878006D8002B5FD0082B00F083800A68C3
:1086E0005BE0182BFBD1906A956AD16A15F47C7F08
:1086F000C5F30513546B3BD007EE903AC4F3CC049A
:1087000001F0010300F00300F8EEE76A634301287B
:10871000F7EE005A07EE903AFAEEE97A42D00228D4
:1087200050D01168314BC1F3C101126BCB40C2F381
:10873000080207EE103AB8EEC76A86EE267A06EE11
:10874000902AF8EEE66A76EEA77A77EEA57A264BBF
:1087500067EE877A1B6BC3F34623013307EE103AAB
:10876000F8EEC76A87EEA67AFCEEC77A17EE903A63
:108770001D481F498269C2F303228A5CD340826983
:1087800002F00F028A5C1B4902F01F0223FA02F278
:108790000A60194A136030BD1268C2F3C102134B5C
:1087A000D340E5E7136B9FED156AC3F3080307EEAB
:1087B000103AB8EEC77A77EE277A77EEA57A86EE8A
:1087C000267AC4E7136B9FED0E6AC3F3080307EE26
:1087D000103AB8EEC77A77EE277A77EEA57AEEE709
:1087E000084BC5E7084BC3E7004402580090D0038C
:1087F000A69F06083C0E0024380E00240024744A6C
:1088000020BCBE4B40787D0100093D00431D052B77
:1088100096BF044A044B52F82330044A10601846AD
:10882000704700BFB89F060802000E06F8600024DB
:1088300008B530B10068EDF777FABDE80840FFF7FA
:10884000E5BF014808BD00BF05000E061F4B204ACA
:1088500010B55C6B14F0330F14600AD01D4A14601D
:108860004FF0FF329A6301211B48BDE81040FFF72B
:10887000DFBF14F0C00F0CD05B69190506D5126874
:108880000121144B14481A60FFF7D2FF0F4BC0228E
:108890009A6362020AD50D4B4FF480024FF4807147
:1088A0009A630E4B0E4A1B6810689847E3050BD578
:1088B000064B4FF480724FF400619A6300229A6273
:1088C000D9621A65DA60CEE710BD00BF00700052B1
:1088D000FC6000240461002408610024006100247D
:1088E0000C6100242DE9F041D4B0202205460C464D
:1088F00009A8002108F03CFF4C22002111A808F033
:1089000037FFC022002124A808F032FF614B9B6A88
:1089100003F00303022B39D05E4B01264FF002080F
:108920000027D3F8E02004A95B4842F08002C3F896
:10893000E020D3F8E030069603F080030797009319
:10894000009BCDE90486F9F725FB0A20F7F784FBA5
:10895000324641465048F9F703FC1620FBF7C2FCAB
:108960004E4BFCB90294DA6A22F00102DA62DB6A49
:1089700003F0010302934A4B9A6942F440429A6120
:108980009B6903F440430293029B20E0012109A864
:10899000CDE90911FCF7A0FA0028BDD0002054B0A1
:1089A000BDE8F0810197DA6A22F00102DA62DB6A3F
:1089B0003B4A03F001030193936923F4404343F4DA
:1089C00080439361936903F440430193019B344ACC
:1089D00093699E04FCD52123002D4FF005024FF032
:1089E0000805119314BF4FF4A0234FF48033002CDB
:1089F0001C9211A812934FF001030CBFA022282251
:108A0000179302231D9200221E93209323922292F9
:108A10002195CDE91A330A231F93FBF729FF01465D
:108A20000028BBD103233F204FF48062CDE9090326
:108A30004023CDE90B15CDE90E320D93109334B3DD
:108A400009A8FCF749FA0028A8D14FF4802324A8EC
:108A500024934FF440134693FCF740FD00289DD12A
:108A6000FBF7BEFC0B4B1A6842F080021A60D3F889
:108A7000F42042F00202C3F8F420D3F8F43003F0FB
:108A800002030393039BF7F71BFB012087E70421F5
:108A9000D6E700BF00440258001C025800040058EA
:108AA0000048025808B500210120FFF71BFF10B94C
:108AB0000148F4F7E3F908BD78B20608F9F732BEC9
:108AC000DFF830D0FFF78CFD002103E00A4B5B5844
:108AD0004350043109480A4B42189A42F6D3094AD6
:108AE00002E0002342F8043B074B9A42F9D3E7F730
:108AF000F3FB70470000082458CF0608000000244C
:108B0000481800246018002440150124FEE70000E6
:108B100010B5114BB0B0114CD4F88C209A42FBD157
:108B2000F4F742F8BC22002101A808F021FE4FF41E
:108B30000023684600934FF400332993FCF7CEFCE2
:108B400010B10748F4F79AF9F4F744F84FF440737A
:108B5000E36030B010BD00BF000300800064025825
:108B60008CB20608A1F1F0039BB20F2B70B504463E
:108B700086B00E4615D94F493046F2F72BFE4D49C7
:108B800020603046F2F748FE4A4905463046F2F783
:108B9000D9FD236801330FD1492247494748F3F7EC
:108BA0000BFF47493046F2F715FE45492060304635
:108BB000F2F732FE0546ECE76B1C03D14A223E4930
:108BC0004048ECE7C5F384334FF44032C5F3C04569
:108BD000A4F8646084F86630002384F86750636505
:108BE000E360A382237784F83830C4E901230422A8
:108BF00022610122A2614FF48052C4E90833C4E922
:108C00000C23C4E90A33FFF783FF23682E4A9342FB
:108C100013D12E4BD3F8D82042F02002C3F8D8202D
:108C2000D3F8D83003F020030093009B2046F7F7D9
:108C300071FB20B32648F4F721F9264A934210D05D
:108C4000254A9342F2D1214BD3F8E02042F08072C2
:108C5000C3F8E020D3F8E03003F080730293029B66
:108C6000E4E71A4BD3F8D82042F02002C3F8D8200A
:108C7000D3F8D83003F020030193019BD6E7226894
:108C8000114B9A4209D1039003A9CDE90400204673
:108C9000F7F79CFC08B11148CDE794F8671031B1A3
:108CA0000F4A00212046F7F741FC06B070BD40F2A4
:108CB000FF72F7E7D09F0608E0B20608F2B2060896
:108CC00070A206081CB306080020024000440258A7
:108CD00035B30608002102400060025850B3060870
:108CE0000000FF471FB5204B20F400629A421F4B43
:108CF00002D01F4A90421CD15B6D03F44053B3F580
:108D0000005F2FD006D853B1B3F5805F0CD019485F
:108D1000F4F7B4F8B3F5405FF9D1174801E0FCF778
:108D200023FA05B05DF804FB01A8FDF763F9039889
:108D3000F7E7124A904213D19B6D03F44073B3F5E9
:108D4000007F0FD005D843B1B3F5807FECD00C483D
:108D5000DEE7B3F5407FE0D0F9E7FDF791F8E0E713
:108D60000848D5E70848DCE70054004000440258B2
:108D70000058004040B4060800093D00001C00589F
:108D80005DB4060878B406080090D00370B503F00F
:108D9000D1FE041E32DB1A4E56F8240000282DD0D6
:108DA0009023184D6343EB58DA69110609D5DA6947
:108DB000120606D51B681B0603D5134B01211B6841
:108DC000984790236343EB58DA6991060BD5DA692B
:108DD000920608D51B68980605D50B4B002156F85E
:108DE00024001B689847902044432B59DA691107E7
:108DF00004D5DA69120701D508221A6270BD00BFD6
:108E000014610024300E0124106100240148FFF792
:108E1000BDBF00BF000C00580148FFF7B7BF00BF3F
:108E2000007C00400148FFF7B1BF00BF0078004060
:108E30000148FFF7ABBF00BF001401400148FFF736
:108E4000A5BF00BF005000400148FFF79FBF00BF13
:108E5000004C00400148FFF799BF00BF00480040A8
:108E60000148FFF793BF00BF004400400148FFF7EF
:108E70008DBF00BF00100140034B19604168034BD8
:108E800043F82120704700BF1061002414610024C2
:108E900030B5D0E900353F48834253D031D8A0F5F2
:108EA0003050834248D026D8A0F5006083423DD0A0
:108EB00000F5806083423CD00020034690246C4340
:108EC000354D2C59002A46D02268002940D142F065
:108ED0002002226003F11001304A926842F821001A
:108EE000BFF34F8F590903F01F02012393402C4A0F
:108EF00042F8213030BD2B488342DDD12A4835234A
:108F0000DCE72A4883421AD00AD8A0F518408342E9
:108F10001BD000F514408342CED125482523CDE750
:108F200024488342C8D124488E23C7E723482623F8
:108F3000C4E723482723C1E722483423BEE7224859
:108F40004723BBE721485223B8E721485323B5E71D
:108F500042F08002BDE72268A1B922F0200222601F
:108F6000226812F0800FC5D103F01F015A090123B6
:108F700020328B400A4941F82230BFF34F8FBFF3B4
:108F80006F8FB7E722F080022260226812F0200F74
:108F9000E9E700BF00780040300E012400ED00E05A
:108FA00000E100E0005000403D8E05080014014043
:108FB0006D8E0508000C00580D8E0508618E0508A1
:108FC000558E0508498E0508318E0508258E050841
:108FD000198E0508F8B546689023174C054603FB23
:108FE00006439A68B2F5805F15D11A69B2B940F2AA
:108FF000FF12A3F86020902202FB0642B2F86070D4
:10900000284603F085FC0028FAD090237343E358E8
:10901000586A3840F8BD1AB91A6932B9FF22E8E730
:10902000B2F1805F05D11A690AB97F22E1E73F22D8
:10903000DFE70022DDE700BF300E012470B50546F2
:109040000C464668284603F073FC0028FAD09023AB
:10905000034AC4F308047343D3589C6270BD00BF35
:10906000300E01242DE9F8431E4604460F461046F3
:109070002F491546F2F7AEFB81462E493046F2F7EE
:10908000A9FB216880464846F2F780FB013005D1F4
:1090900040F2ED2228492948F3F78EFC216840462A
:1090A000F2F774FB0130F3D02FB9E7612046BDE839
:1090B000F84303F049BC012F09D0022F16D0032F2B
:1090C000F4D1B9F1FF3F22D140F2073204E0B9F107
:1090D000FF3F04D140F2F72217491948DCE74FF46B
:1090E00080732584E361124928460DE0B8F1FF3F03
:1090F00004D140F2FF2210491248CDE74FF400732B
:109100000C4930466684E361F2F71CFBCEE7B8F108
:10911000FF3F02D14FF44272EDE74FF4407305492F
:1091200030462584E3616684F2F70CFBDBE700BF81
:1091300058AE0608A4AD060824B506084DB90608C1
:1091400034B506084DB50608124A08B5D0F88C307B
:1091500093421CD016D8A2F50052934206D00BD8E9
:1091600023F48063A2F57842934208D10A48FEF7BF
:109170004BFC70B9094803E0094A934207D00948FB
:10918000F3F77CFE084A9342F9D10848EFE7084814
:10919000EDE708BD00500140040C000780B506084B
:1091A0000034014066B50608001400580C1C000786
:1091B00004100007704770470120704701230372B5
:1091C000704700230372704700487047A4B6060832
:1091D000402070470368802110B504469B6D984776
:1091E0000021236820469B6DBDE81040184710B54C
:1091F000044640F22441F4F73DFB204610BD10B573
:109200000446302A084604F5787428BF30222146E7
:1092100008F0B0F9204630220021BDE8104008F0E7
:10922000A7BA00211C3000F8131CFAF75EBF4A00F1
:1092300002F01E0242EAD11303445A7A012A04D1F1
:1092400000221C305A72FAF750BF0020704700000D
:109250004309012200F01F00203302FA00F0044A03
:1092600042F82300BFF34F8FBFF36F8F704700BFEB
:1092700000E100E010B5046E944205D24FF415727F
:1092800006490748F3F798FB03689C6E13460A46A5
:109290008021A446BDE81040604700BFAFB5060876
:1092A000C0B5060808B51C30FAF7CCFE28B140F26C
:1092B000752202490248F3F77FFB08BDAFB50608E7
:1092C000E0B5060808B51C30FAF7BCFE28B14FF42B
:1092D0002B7202490248F3F76FFB08BDAFB50608D1
:1092E000E0B5060808B51C30FAF760FE28B14FF467
:1092F000057202490248F3F75FFB08BDAFB50608E7
:10930000E0B50608402A00F11C0008B54FF0020342
:1093100000F8133C134628BF40230A460021FAF701
:10932000C0FE022805D14FF4127202490248F3F739
:1093300043FB08BDAFB50608EEB506081C3008B5FE
:10934000FAF7AFFE022805D140F28A22024903480B
:10935000F3F732FB012008BDAFB50608EEB50608ED
:109360001C3008B5FAF7E9FE022805D14FF41F7248
:1093700002490348F3F720FB08BD00BFAFB506085C
:10938000EEB506081C3008B5FAF70FFF022805D124
:1093900040F2832202490348F3F70EFB08BD00BFE9
:1093A000AFB50608EEB5060838B54D0005F01E0548
:1093B00045EAD114022504441C306572FAF79DFE7B
:1093C000A84205D14FF4287203490448F3F7F4FA90
:1093D000B0FA80F0400938BDAFB50608EEB5060812
:1093E00008B51C30FAF7CCFA28B14FF4F7720549EA
:1093F0000548F3F7E1FA42F21070BDE80840F4F7CF
:1094000085BB00BFAFB50608E0B5060810B5044639
:1094100054F81C0FFFF76DF842F21070F4F776FB6A
:109420002046FAF7CCFA28B14FF4FD7202490348FE
:10943000F3F7C2FA10BD00BFAFB50608E0B50608E5
:109440000C4B10B5DB78012B0B4B186814BF65244F
:109450004D241C30FAF7DAFA04F00D0301229A4089
:1094600063099B0003F1604303F56143C3F8802166
:109470001A6010BD00F0010844610024084B10B5CB
:10948000DB78012B14BF65204D20FFF7E1FE054B73
:109490001B6858680368BDE81040DB6A184700BFC6
:1094A00000F001084461002410B504461C30FAF7AE
:1094B00052FA28B14FF4E57209490A48F3F77CFAE9
:1094C000094BDB78012B14BF65204D20FFF7C0FE50
:1094D00063680BB1F3F75CFE0023636010BD00BF4F
:1094E000AFB50608E0B5060800F001087C4BF0B502
:1094F000DB78044687B00D46012B14BF65264D2648
:109500003046FFF7A5FE63680BB9F3F72BFE6560E5
:109510000025102204F109002946257208F028F9D7
:109520003022294604F1240008F022F9082323629E
:10953000402323636A4BDB78012B2DD1A364694A56
:10954000E5622565A562E261674DC4E90D33674BAD
:10955000D3F8D82042F00072C3F8D820D3F8D8202E
:1095600002F000720192019AD3F8D82042F0806292
:10957000C3F8D820D3F8D82002F080620292029A71
:10958000D3F8002142F00072C3F80021D3F8002183
:1095900042F08062C3F80021514BDB78032B24D1C9
:1095A000504B0122504DE3610223C4E90D32A36206
:1095B0000023E362A36423654C4BD3F8D82042F028
:1095C0000072C3F8D820D3F8D82002F000720392BA
:1095D000039AD3F8002122F08062C3F80021D3F867
:1095E000002122F08052C3F800213D4BDB78022B92
:1095F00019D13F4A6363A362E26101223B4BA2633C
:10960000D3F8D8203B4D42F00062C3F8D820D3F8FD
:10961000D82002F000620492049AD3F8002122F0CC
:109620008052C3F80021344B0C351C6035F90C0C0A
:109630000C35431C04D055F8101C02F079F8F5E7FE
:109640002A4B04F11C07D3F8F420384642F00202FA
:10965000C3F8F420D3F8F430C4F8204403F0020334
:109660000593059B002384F8D933FAF7EAF80546F9
:1096700028B14FF4C27221492148F3F79DF9E069FE
:10968000FEF764FB1F4C3846FAF77AF940F20D21D9
:109690003846FAF7F9FD54F8042BE9B2013538469B
:1096A0000432C2F38F02FAF7CFFD062DF3D1164B29
:1096B00006F1100215499B6843F82210BFF34F8F43
:1096C000134A1021931983F800130123710906F03E
:1096D0000D0603FA06F642F8216007B0F0BD00BFA0
:1096E00000F0010800000440DCB106080044025804
:1096F00000000840B8B1060844610024AFB5060870
:10970000E0B5060810B6060800ED00E07D940508F7
:1097100000E100E0036819B9986A000C8000704706
:109720003F3103EB81014868F7E7000037B50C468D
:1097300000F11C0521060ED504F07F012846019397
:10974000FFF7E8FF9042019B05D240F269220A49E7
:109750000A48F3F731F992B221462846FAF73AFC63
:10976000022804D140F26E2203490548F1E7B0FA1D
:1097700080F0400903B030BDAFB50608FEB506085D
:10978000EEB50608D0F804341A7A4AB15A6803686C
:109790001046D3F808181368C1F30D211B6A184747
:1097A00070474B00D0F8040403F01E0343EAD113C2
:1097B00010B4034401245C724068036819B15B6A09
:1097C0005DF8044B18471B695DF8044B184741F0DE
:1097D0008002D0F80404530003F01E0343F0010399
:1097E00010B4034401245C724068036821B19B6A91
:1097F00011465DF8044B18475B695DF8044B184748
:10980000D0F8043458680368DB681847D0F804348B
:10981000012158680368DB691847D0F80434002137
:1098200058680368DB69184770472DE9F341D0F8A1
:109830000454002604462F46B046C6F3470187F875
:109840000980204602370191FAF7FCFB0199204676
:10985000FAF7E1FC711C87F808802046C1F3470144
:10986000023641F080010191FAF7ECFB01992046A4
:10987000FAF7D1FC102EE0D12B6840228021284637
:109880001C6D0023A0472B68402228461C6D002336
:109890001946A047686803689B6802B0BDE8F041BC
:1098A0001847000070B50D4E3478BFF35B8F14F08D
:1098B000010410D13046F3F767FD60B1084D304622
:1098C000084B2C72C5E90034F3F780FD064A0749BE
:1098D0002846F3F749FD024870BD00BF40610024EF
:1098E0004861002430B6060800000024B79105083E
:1098F000436D70B59E0504460D460FD5036D980562
:109900000CD54FF400730022012123652A4B1A6104
:109910002A4B2B4A1B6852F825009847636DD907DC
:109920000DD5236DDA070AD501230021244A2365CA
:10993000214B52F825001961204B1B689847636D35
:10994000DB010FD5236DDE010CD54FF080730022B3
:1099500002212365184B1A61184B194A1B6852F8EB
:1099600025009847636D18020FD5236D19020CD599
:109970004FF400030022052123650F4B1A610F4BA2
:109980000F4A1B6852F825009847636D9A0111D55C
:10999000236D9B010ED54FF0007300220721236534
:1099A000054B1A61054B064A1B6852F82500BDE8B5
:1099B0007040184770BD00BF00A8004074650024C7
:1099C0006C65002400210148FFF792BF00A0004011
:1099D000FFF7F8BF01210148FFF78ABF00A400404C
:1099E000FFF7F8BF034B1960D0F8A010024B43F803
:1099F00021207047746500246C65002403680E4ABA
:109A0000934210B504460FD11320F6F7B9FE152086
:109A1000F6F7B6FE3F20F6F7B3FED4F8A020074BCA
:109A2000002143F8221010BD054A9342FBD11420B7
:109A3000F6F7A6FE1620EBE700A000406C650024B8
:109A400000A400400E490F4BD1F88C209A42FBD164
:109A50000D4BD3F8942042F48072C3F89420D3F8CD
:109A6000942022F48072C3F894204FF44072CA60AC
:109A7000D3F8EC2022F48072C3F8EC20704700BFCA
:109A80000064025800030080004402582DE9F041B0
:109A900088B01C4607460E4615460021202268461F
:109AA000DDF8388007F064FE8CB902220123CDE98D
:109AB0000048CDE9022369463846CDE90465F8F748
:109AC00081F9B0FA80F0400908B0BDE8F081012CBE
:109AD00007D14FF08043CDE900380223CDE90234AD
:109AE000E9E70020F0E7000037B50546F7F77CFF0F
:109AF000044610B11448F3F7C1F903460246014683
:109B000000902846FFF7C2FF08B91048F3E7012389
:109B10002246214628460094FFF7B8FF0028F4D0DB
:109B200002222346284600941146F8F787F908B127
:109B30000748E0E72846F8F79BF908B10548DAE757
:109B4000012003B030BD00BFE8B60608FEB6060827
:109B500010B7060834B706080B68F0B516465A1C4D
:109B6000B5B004460D4604D145224A494A48F2F7A9
:109B700023FF4A4AD2F8EC1041F48071C2F8EC108D
:109B8000D2F8EC2002F480720092009A444A934288
:109B900014D10023C4F8A0304FF40043414F049384
:109BA0004FF080532093404BD7F88C209A42FBD142
:109BB00004A8FBF793FC48B13C4805E03C4A9342BB
:109BC00001D10123E6E73B48F3F758F94FF440731E
:109BD000A968B5F90400FB6001F0AAFD2969B5F98F
:109BE0000C0001F0A5FDB5F90400012101F058FEBB
:109BF0000121B5F90C0001F053FE2B6801A80125E5
:109C00002360FCF79FFA029B40F20121B3FBF6F2BE
:109C1000954239D8B2FBF5F3B3F5807F34D807EE1F
:109C2000903AB6EE086B65615A1EB8EEE77B0120EC
:109C300040230021208227EE067BA0746163C4E9E3
:109C40000900C4E90B00FCEEC77B0820C4E902113F
:109C500017EE905AC4ED077A521B2262A26180224D
:109C6000C4E90E2304230322C4E91003C4E9121338
:109C70002046A366C4E91413C4E91621C4E91821D7
:109C8000FFF732FF35B0F0BD01358D42C0D10A4833
:109C90009AE700BF68B7060872B706080044025882
:109CA00000A000400064025800030080A9B7060825
:109CB00000A4004090B70608CAB706082DE9F0478F
:109CC0000D46DFF85CA088B0144606465146DFF822
:109CD000549028460193F1F77DFD074649462046FA
:109CE000F1F778FD01463846F1F750FD51468046C0
:109CF0002846F1F785FD494607462046F1F780FDE5
:109D0000019A079003A93046CDF80C80ADF81050A9
:109D10000597ADF81840FFF71FFF08B0BDE8F087C2
:109D2000A0A2060800A30608014BFFF7C7BF00BFAB
:109D3000A086010008B5052931D8DFE801F0033716
:109D4000313030340121002A33D04FF6FF72F8F75A
:109D5000A9F8194A19499368C3F88C10BFF34F8FBB
:109D6000174B4FF40021196016489168C1F8940010
:109D7000BFF34F8F4FF40011196013489168C1F879
:109D80009000BFF34F8F4FF4801119600F49926814
:109D9000C2F89810BFF34F8F4FF480021A6008BDCD
:109DA0004FF08071CFE74FF40001CCE74FF4007122
:109DB000C9E7F8F7B5F8CCE700ED00E0C59905086C
:109DC00000E100E0D1990508D5990508E199050859
:109DD00000B5564B8DB00A2800F2A480DFE800F0F1
:109DE00006162432404E5C6A78869400D3F8E02050
:109DF0004F4842F00102C3F8E020D3F8E03003F00E
:109E000001030193019B0DB05DF804FBD3F8E02042
:109E1000484842F00202C3F8E020D3F8E03003F0F3
:109E200002030293029BEEE7D3F8E020424842F09F
:109E30000402C3F8E020D3F8E03003F004030393F6
:109E4000039BE0E7D3F8E0203C4842F00802C3F867
:109E5000E020D3F8E03003F008030493049BD2E73A
:109E6000D3F8E020364842F01002C3F8E020D3F8DF
:109E7000E03003F010030593059BC4E7D3F8E0201E
:109E8000304842F02002C3F8E020D3F8E03003F07D
:109E900020030693069BB6E7D3F8E0202A4842F059
:109EA0004002C3F8E020D3F8E03003F0400307930A
:109EB000079BA8E7D3F8E020244842F08002C3F8CB
:109EC000E020D3F8E03003F080030893089B9AE782
:109ED000D3F8E0201E4842F48072C3F8E020D3F8A3
:109EE000E03003F480730993099B8CE7D3F8E020FA
:109EF000184842F40072C3F8E020D3F8E03003F4CD
:109F000000730A930A9B7EE7D3F8E020124842F4DC
:109F10008062C3F8E020D3F8E03003F480630B9351
:109F20000B9B70E70D48F2F7A9FF00BF00440258F1
:109F3000000002580004025800080258000C0258A1
:109F4000001002580014025800180258001C025851
:109F500000200258002402580028025806B80608BB
:109F6000431C10B5044604D1772206490648F2F78F
:109F700023FD4FF4707104F00F0401F0D9FB0120B0
:109F8000A04010BD44B806084FB806084B1C70B579
:109F900004460E46018216D0C1F30310FFF718FFE6
:109FA00005463046FFF7DCFF238A074A03F00F031C
:109FB0006561206052F82330A36105F11003183564
:109FC0006360C4E9025570BDA0BA0608B0F910007C
:109FD00001F066BC10B50C4B0C4CD4F894209A429E
:109FE000FBD1D0E90542524302EB4203DB4339B9CE
:109FF0002268134023604FF44072044B5A6110BD35
:10A0000021680B401343F5E7000300800064025809
:10A01000234B4C2202FB00322DE9F04194460024F0
:10A0200001274FF0B04507FA04F3DCF80060334233
:10A030002ED0536BD5F8886007FA03F31E4227D061
:10A04000D2F81CE0C5F8883056680EB36A6833EA67
:10A05000020203D12A6833EA020215D14FF0B0425E
:10A06000116833EA010103D1526833EA02020DD1CB
:10A07000DEF810201A4214BF01210221094B30469C
:10A080001B68BDE8F04118470221F7E70121F5E719
:10A0900001340432A142C6D101460348F2F7EEFE74
:10A0A000786500249067002462B8060806210846F7
:10A0B000FFF7AEBF05210846FFF7AABF0121042024
:10A0C000FFF7A6BF01210320FFF7A2BF0121022055
:10A0D000FFF79EBF01210846FFF79ABF012100202C
:10A0E000FFF796BF012910B515D183894FF0B04411
:10A0F00003F00F039940836832B1226843F00103F3
:10A1000011432160836010BD226823F0010322EA1D
:10A1100001012160F6E70229F5D181894FF0B044B1
:10A1200001F00F030121994083682AB1626843F06E
:10A13000020311436160E5E7626823F0020322EA4B
:10A1400001016160DEE700008389B0F90C2003F0B3
:10A150000C01C2F3031201F1B04170B503F00F0519
:10A1600003F003030F26D1F808449B009E4002FA37
:10A1700003F34FF0B04224EA06042343C1F8083445
:10A180000123D2F88010AB401943C2F880108468D4
:10A19000E10702D5116819431160A20704D54FF0F9
:10A1A000B04251680B435360B0F90030002B08DB1C
:10A1B0000122590903F01F0302FA03F3014A42F88E
:10A1C000213070BD00E100E02DE9F74F99464B1CAE
:10A1D00006460D46904676D0F2F7E6FC3B4B3C49EE
:10A1E00005F00F0BD3F8F420C5F303100F8842F0ED
:10A1F000020247FA0BFAC3F8F4200C22D3F8F43029
:10A200001AF0010A03F002030193019B314B02FB98
:10A210000B32546802D03048F2F730FE012202FAC5
:10A220000BF23A430A80062C4BD8DFE804F0043ED8
:10A23000404244464800294FFFF7CAFD0C21B58132
:10A240004FF0000C01FB0BF1224B4C25C6F808C067
:10A250005A1853F801C0654321490123B2F9082077
:10A26000746003FA0CFE4B593280103243EA0E033D
:10A270004B51132303FB04C401EB8403C3F8049084
:10A28000D861C3F834B0174BC3F80080164B9B68F5
:10A2900043F82270BFF34F8F3046FFF755FFF2F7B8
:10A2A00099FC504603B0BDE8F08F104FC4E7104F43
:10A2B000C2E7104FC0E7104FBEE7104FBCE7104F8A
:10A2C000BAE71048A8E78A46EBE700BF0044025807
:10A2D0008C67002480B306088BB80608DDA005084B
:10A2E000786500249067002400ED00E0D5A0050803
:10A2F000CDA00508C5A00508BDA00508B5A00508A6
:10A30000ADA00508B4B8060882890C23284902F0DC
:10A310000F025343F0B5CC18CF584FF0B043012192
:10A32000666801FA02F21C6801FA07F524EA0204E1
:10A330001C605C6824EA02045C60D3F8804024EA74
:10A3400002021C4CC3F88020132202FB067204EBAD
:10A350008202526B9140D3F888200A4201D0C3F8A0
:10A3600088104C237343E358AB431FD1B0F900303E
:10A37000002B0DDB5A09012103F01F03203201FAE3
:10A3800003F30D4941F82230BFF34F8FBFF36F8FB6
:10A39000B0F90030002B09DB5A09012103F01F033B
:10A3A000603201FA03F3044941F82230F0BD00BFE6
:10A3B00080B306087865002400E100E0F8B50546A2
:10A3C000F2F7F2FBAB8928466C6803F00F020C230E
:10A3D0005343154AD758FFF797FF4C20134A0121E2
:10A3E000604301FA07F3165826EA0306132303FB1A
:10A3F00004731650002002EB830460609C1D0C3334
:10A4000002EB840402EB8303094A60605860AB8965
:10A4100003F00F039940138823EA0101BDE8F840D7
:10A420001180F2F7D7BB00BF80B30608786500241F
:10A430008C67002408B503F0DBFA002008BD00009B
:10A4400010B5F2F7B1FB134B1348144A596A14685C
:10A45000038811601B1B0B440146B3F5803F16D3E4
:10A460004FF47A71B3FBF1F201FB1233038006E083
:10A470000132A3F57A73B3F57A7FF9D20B80084CD9
:10A4800023681A442260F2F7A5FB206810BD002261
:10A49000F1E700BF000C0040946700249867002497
:10A4A0009C670024054B07B5D8680190F8F7B4FB0A
:10A4B000019803B05DF804EBF9F7A1B8A47100248A
:10A4C000054B07B598680190F8F7A6FB019803B013
:10A4D0005DF804EBF9F793B8A4710024054B07B5B8
:10A4E00058680190F8F798FB019803B05DF804EB09
:10A4F000F9F785B8A4710024054B07B518680190D9
:10A50000F8F78AFB019803B05DF804EBF9F777B828
:10A51000A471002490F86030022B03D090F86030D2
:10A52000032B0DD14268536823F0FF7323F480336B
:10A53000536041F201139169490601D4013BFAD1FC
:10A540007047000070B5B0F95C30254C03F110067F
:10A55000B0F95E20A56845F82610BFF34F8FA568B7
:10A5600002F1100645F82610BFF34F8F90F86810DF
:10A57000002914BF10212021002B19DB03F16040BA
:10A5800000F5614080F80013002A17DB02F16040FB
:10A59000002B00F5614080F8001315DA0123510902
:10A5A00002F01F0203FA02F20E4B43F8212070BDA5
:10A5B00003F00F00043804442176E5E702F00F04AD
:10A5C0000948002B0155F2DB580903F01F01012354
:10A5D0008B40044941F82030002ADFDAE7E700BF6A
:10A5E00000ED00E000E100E014ED00E010B5B0F98E
:10A5F0005E40B0F95C00F6F7C3F82046BDE81040B5
:10A60000F6F7BEB890F85030011D032B0ED8DFE8E6
:10A6100003F00207090B0648064A42F82310704768
:10A620000548F9E70548F7E70548F5E70020F3E7AF
:10A63000F9A40508A4710024DDA40508C1A4050837
:10A64000A5A405082C4A416D12680368B2FBF1F11C
:10A65000142243604A439969090401D5013AFAD1A9
:10A660002648274AD0F88C109142FBD1254A9342C4
:10A6700011D1254BD3F8902042F40012C3F890205A
:10A68000D3F8902022F40012C3F890201B4B4FF413
:10A690004072DA6070471D4A934214D002F580621E
:10A6A00093421CD01A4A9342F0D1174BD3F89C2006
:10A6B00042F08002C3F89C20D3F89C2022F0800254
:10A6C000C3F89C20E2E7104BD3F8902042F48002BC
:10A6D000C3F89020D3F8902022F48002D4E70A4BEC
:10A6E000D3F8902042F40002C3F89020D3F89020D1
:10A6F00022F40002C8E700BF380E002400640258AC
:10A7000000030080005400400044025800580040FC
:10A71000001C005813B590F85C300446072B25D177
:10A72000D0F88C3090F874208BB1002A9BB214BF03
:10A730004FF0007200220092D0F88820B0F870101C
:10A74000F8F726F9062384F85C3002B010BD90F8C3
:10A750005D3043F0080380F85D302AB990F85D3031
:10A760005B0701D40123EEE70023ECE790F85D30AE
:10A7700043F0080380F85D30E7E790F85C30062B83
:10A7800009D190F874306BB990F85D305B0709D44B
:10A79000012380F85C3090F85D3043F0080380F8C6
:10A7A0005D3070470023F4E738B5051D0446C260EC
:10A7B0002846F8F74AF82046FFF724FF01462046CE
:10A7C000FFF7C0FE2846BDE83840F8F7F5B9034664
:10A7D000043021B1022283F86820F8F7EDB983F83C
:10A7E0006810F8F7FDB9012902D180F865107047AB
:10A7F00011B9012380F866307047002380F8653076
:10A80000704710B490F864200346022A19D1B0F8BA
:10A810006E20013292B2A0F86E20B0F86E10B0F83F
:10A820006C2089B292B291420BD2B0F86E404FF0D8
:10A830008073816E012211FA84F15DF8044BF8F700
:10A840005BB9002283F866205DF8044B704790F8EE
:10A850006430022B02D1002380F86630F8F7ACB9DF
:10A8600090F86A3090F86920002B0CBF0023032376
:10A87000002A0CBF184601207047000070B505463D
:10A880001446043095F86830022B07D194B20023A7
:10A89000E966A5F870400124A5F872304FF0807386
:10A8A000A2B2F8F729F910B10024204670BD0E4B72
:10A8B0001E686B6DB6FBF3F604FB06631E265E4353
:10A8C00095F86A302BB1013EEED00120F3F71EF966
:10A8D000F6E7002EE8D095F86830022BE5D1B5F800
:10A8E0007240A4B2E1E700BF380E002470B54FF00B
:10A8F000807306461446043092B2F8F79BF810B104
:10A900000024204670BD0A4B1D68736DB5FBF3F53E
:10A9100004FB05531E255D4396F869302BB1013DBC
:10A92000EED00120F3F7F2F8F6E7002DE9D1E7E7E2
:10A93000380E002410B5044650F80429136823F09B
:10A94000FE031360FFF752FE022384F85D3010BD52
:10A950002DE9F04F444C8DB0444A4FF0000C04EB0D
:10A960005003434D4FF0FF3BB3FBF0F02C23594312
:10A970005318525804EB5201B1FBF2FA59689A6A23
:10A98000CDF804A04243B4FBF1F107919968B4FB00
:10A99000F1F1089137490968059102EB4001C2F1D4
:10A9A000FF22323102F57F020291CE320B92059ADC
:10A9B000624503D158460DB0BDE8F08F99694FF05C
:10A9C000000E2A68049102FB0002029911440E460F
:10A9D00003910299AAEB0101891A0A910499CDF811
:10A9E00024E00EF1010EB14235D20B993144B0EBA7
:10A9F000910F30D20A9F4FF00008D3E908410C4470
:10AA0000A1190091009C0399A7EB04092144089F18
:10AA1000CDF8188008F101088F4216D8079F8F42A1
:10AA200013D3009C0F1BDC69BC420ED8B8420CD279
:10AA3000B1EB0A07019C48BF4F46A74205D2099CCB
:10AA4000E34601972C61069CEC60B8F5807F1144C9
:10AA5000A9EB0209DBD1BEF5807F1644BED10CF113
:10AA6000010C1435A3E700BF00CA9A3B6CB9060875
:10AA7000A0670024A0710024304B2C2203EB50036C
:10AA8000B3FBF0F02E4B02FB01312DE9F04F4A6A87
:10AA900085B08B6A4FF01008CC684FF0140A0E6A2C
:10AAA000033314440A694343DFF89C90323C921B01
:10AAB000E41AA2F582720344D31A4A690146B21815
:10AAC00023EAE37B1F4B029224EAE47201921A68A4
:10AAD00000239E468C460025029C03950135644563
:10AAE0001ED800242746019EA64215D8A34513D39D
:10AAF000984511D00AFB02F80132039E09EB080EBB
:10AB00007F2A49F80830CEE9016702D90D4B1A6057
:10AB100010E098464FF0010E01370C44102FE2D19F
:10AB2000102D8C44D8D101330144102BD2D1BEF169
:10AB3000000FEBD105B0BDE8F08F00BF00CA9A3B13
:10AB40006CB90608A0710024A067002413B5214B3E
:10AB500000241C6010B9002002B010BD0029FAD0FA
:10AB6000A1F59C3349F64042803B93420ED9A1F5B2
:10AB70009C23194AA3F50073934228D9A1F54321D8
:10AB8000164BA1F5A0619942E5D802242146019017
:10AB9000FFF772FF21460198FFF7DAFE7F28DAD827
:10ABA00014230F4958430A180B58107C40EA0370CD
:10ABB00053681B0503F47003184393681B0403F4E4
:10ABC00070231843D3681B029BB21843C4E70124C7
:10ABD000DCE700BFA071002400710200801A0600AB
:10ABE000A067002470B50C4616461D46FEF77AF89D
:10ABF0000CB1AE4217D00F4B98420ED10E4B9D4276
:10AC000010D00E4B9D4210D00D4B9D420FD040F600
:10AC10009C020C490C48F1F7CFFE2946BDE8704074
:10AC2000FFF794BF094C204670BD094CFBE7094C67
:10AC3000F9E700BF000E2707801A060040420F0008
:10AC4000A0860100F8B8060802B906083414C1202D
:10AC50003615C3007656E140414B426D1B68B3FB8D
:10AC6000F2F2142370B5534304460D46061D4268A4
:10AC70009169090401D5013BFAD13A4B9D421BD1A0
:10AC80002268394B9A4202D10120F8F719FD226857
:10AC9000364B9A4202D10220F8F712FD2268344B5B
:10ACA0009A4202D10420F8F70BFD2268314B9A42F8
:10ACB00002D10820F8F704FD2F49304BD1F88C2041
:10ACC0009A42FBD12368284A934205D12C4A536DFE
:10ACD00023F44053536509E0244A9342F6D002F529
:10ACE00080629342F2D0234A934216D0224B4FF413
:10ACF000407200213046DA60F8F7BCFC214B9D42DF
:10AD000011D0214B9D420ED0164B9D420BD040F2EC
:10AD1000D5221E491E48F1F74FFE194A936D23F4C0
:10AD200040739365E2E72B46626EA1682068FFF7E7
:10AD300059FFA06020B940F2DE2214491548EAE725
:10AD40000023012230466566E360C4E90423C4E9B8
:10AD50000833C4E90633F7F778FD656570BD00BFB9
:10AD6000380E002440420F000054004000580040BC
:10AD7000005C0040001C0058006402580003008082
:10AD800000440258A0860100801A0600F8B80608A0
:10AD900002B9060836B906081FB500230446436603
:10ADA000836079B18B88A0F858308B89A0F85A302D
:10ADB0000B680360013305D14FF4DA72444945480A
:10ADC000F1F7FAFD2368444A934212D1002384F834
:10ADD0005030424BD3F8E82042F40012C3F8E82088
:10ADE000D3F8E83003F400130093009B3C4BE36579
:10ADF00009E03C4A934234D002F58062934242D04B
:10AE0000394A934251D03949B4F95800F0F79AFCC5
:10AE10003749B4F95A00F0F795FC0421B4F9580009
:10AE200000F03EFD0421B4F95A0000F039FD636DD5
:10AE30000BB9304B63652046FFF704FC616D20467B
:10AE4000FFF70AFF636D6366002384F8693084F8B6
:10AE5000683084F86A3084F8613084F8603004B077
:10AE600010BD012384F850301C4BD3F8E82042F485
:10AE70008002C3F8E820D3F8E83003F4800301939C
:10AE8000019B1D4BB3E7022384F85030134BD3F8DA
:10AE9000E82042F40002C3F8E820D3F8E83003F4D5
:10AEA00000030293029B154BA1E7032384F8503063
:10AEB0000A4BD3F8F42042F08002C3F8F420D3F810
:10AEC000F43003F080030393039B0D4B8FE700BF27
:10AED000F8B806084FB9060800540040004402586C
:10AEE0001F00200000580040001C0058F0A3060876
:10AEF00054A30608A0860100210022004800490052
:10AF00005F0060002DE9F0470D46DFF864A086B0D1
:10AF1000144606465146DFF85C902846F0F75AFC86
:10AF2000074649462046F0F755FC01463846F0F7FB
:10AF30002DFC514680462846F0F762FC49460746FC
:10AF40002046F0F75DFC9C22059000213046CDF8AC
:10AF50000480ADF808500397ADF8104006F008FCE7
:10AF600001A93046FFF718FF06B0BDE8F08700BF23
:10AF7000F0A3060854A306082DE9FF471D4690F8E4
:10AF8000603004460F46032B0C9E00F10409039227
:10AF900053D8FFF7BFFA4FF00008002E80F8618009
:10AFA00014BF4FF42A4A4FF0AA0AFFF72BFB0146C1
:10AFB0002046FFF7C7FA039AABB24846B9B2CDF8BC
:10AFC00000A0F7F7E5FC98BB052384F860301C4B24
:10AFD0001F68636DB7FBF3F705FB07731E275F431D
:10AFE00094F8613013F01E0F01D1013F16D12046B5
:10AFF000FFF7FCFA1FB194F86130082B12D0002142
:10B00000204694F861304FF0FF35FFF7C5FE00236E
:10B0100084F86030284604B0BDE8F0870120F2F7DC
:10B0200075FDDDE7B6FA86F35B0984F86030F1E779
:10B030006FF0010584F86080ECE76FF00205E9E746
:10B04000380E00242DE9FF471D4690F86030044675
:10B050000F46032B0C9E00F10409039253D8FFF70F
:10B0600059FA4FF00008002E80F8618014BF4FF4A9
:10B070002A4A4FF0AA0AFFF7C5FA01462046FFF711
:10B0800061FA039AABB24846B9B2CDF800A0F7F71F
:10B090002DFC98BB052384F860301C4B1F68636D42
:10B0A000B7FBF3F705FB07731E275F4394F8613086
:10B0B00013F01E0F01D1013F16D12046FFF796FA7B
:10B0C0001FB194F86130082B12D00021204694F86B
:10B0D00061304FF0FF35FFF75FFE002384F86030EA
:10B0E000284604B0BDE8F0870120F2F70FFDDDE748
:10B0F000B6FA86F35B0984F86030F1E76FF001057A
:10B1000084F86080ECE76FF00205E9E7380E002470
:10B1100073B590F86460044606B18668636C626C2F
:10B1200013F0040318BF1423042ADDB206D1002350
:10B1300084F85C3084F85D5002B070BD201F00219F
:10B140000190FFF729FE01983EB10223324684F8B0
:10B15000643000231946FFF727FB45F0020384F80B
:10B160005D30E9E7044B054A1878054B002814BF09
:10B1700010461846704700BF400E002440BA06082B
:10B1800048BA0608024BD869DA698242FBD1704797
:10B19000002C005808B5F1F707FD084B01221A7082
:10B1A0000022074B1A704FF48052064BC3F810214F
:10B1B0001A61BDE80840F1F70DBD00BFBD71002464
:10B1C000C471002400E100E010B5F1F7EDFC134B71
:10B1D0001A7842B9124A126811680907FCD5082189
:10B1E000516001221A700F4C23781BB1F1F7D0FF88
:10B1F0000023237000230C4A13700C4A13704FF481
:10B2000080520B4BC3F89020BFF34F8FBFF36F8F6B
:10B21000BDE81040C3F89021F1F7DCBCBE710024FA
:10B2200060140124C6710024C4710024BD7100247F
:10B2300000E100E05D4B70B51C68C4B01CB1FFF7C5
:10B24000C3FF44B070BD0125C022214614A8584E4A
:10B250001D6006F08DFA4C22214601A806F088FAFE
:10B26000337833B304230A94019305230393802393
:10B2700014934FF4C0433C934E494F4BD1F88C206C
:10B280009A42FBD101A8F9F7F3FAD8B100230822BA
:10B2900001A833700A9380230192012214934FF482
:10B2A000004306923C93F9F7E3FA58B14348F1F7AB
:10B2B000E5FD08220A9380230695019214934FF42A
:10B2C0000043D8E714A8FAF709F9054608B13C4845
:10B2D000EDE73C4B4FF4803134203B4CD3F8F42065
:10B2E0004FF6FF7642F40062C3F8F420D3F8F4205E
:10B2F00002F400620092009AD3F89C2042F40062AB
:10B30000C3F89C20D3F89C2022F40062C3F89C2050
:10B31000D3F8A82042F40062C3F8A8200122F4F771
:10B32000D7FE2A464FF480313420F4F7FAFE214B41
:10B330004FF440722046DA60A3F50E3384F836509D
:10B3400023604FF48023E5612563C4E90155C4E916
:10B350000355C4E90855C4E90A55C4E90563F8F77B
:10B36000E1F9054608B11948A1E7194B194A9B684C
:10B37000C3F87022BFF34F8F2368314620469A6886
:10B3800042F001029A609A6842F008029A60F8F767
:10B390002FFA236808225A605D611A681207FCD5EB
:10B3A00008225A6001220C4B1A704AE7B871002437
:10B3B000400E00240064025800030080F0B9060823
:10B3C00009BA060800440258601401242ABA060883
:10B3D00000ED00E0EDB40508BE71002408B5FFF7EC
:10B3E000F3FE0023034A1360034A1370BDE80840CC
:10B3F000FFF720BFB8710024400E002408B5F1F714
:10B40000D3FB064B01221B685A604FF48052044B59
:10B41000C3F89021BDE80840F1F7DCBB60140124BB
:10B4200000E100E070B50446F1F7BEFBFFF7AAFEAD
:10B43000264B05461C60264A4FF480511161254E6B
:10B4400018463178F1B9611F4FF6F57291422249E1
:10B450000FD94FF6FA7295420BD906340122A4B2E5
:10B460000A701C601D4B01221A70BDE87040F1F794
:10B47000B1BB00220A700368AB42194B28BF0122FE
:10B480001A70EFE7FFF7BAFF00235A19013392B29F
:10B49000A24204BF0534A4B2052BF6D1114BAC4235
:10B4A0001B6811D24FF6FA7295420DD84FF0FF3259
:10B4B0005A6100230C4C33702378002BD5D1F1F75F
:10B4C00051FE01232370D0E75C61F2E7C0710024D4
:10B4D00000E100E0BE710024C5710024C4710024A5
:10B4E000BC71002460140124C671002470B5F1F70A
:10B4F0005BFB2C4B2C4C1A7832B100221A700122C3
:10B5000023685A60F0F714F923681A68D50706D53E
:10B510009A68D00703D501225A60F0F709F9236829
:10B520001A68110724D59A68120721D508221F4CE2
:10B530005A6001221E4B1A7023781BB1F1F728FEC6
:10B54000002323701B4C237893B11B4D1B492B7890
:10B5500003F0FF06B3B1FFF715FE06300B6880B2AB
:10B56000984209D3FFF716FE00232B7000232370A7
:10B57000BDE87040F1F72EBB0868063880B2FFF7CF
:10B5800051FFF1E70E4D2B7843B1FFF7FBFD0B6840
:10B59000984203D3FFF7FEFD2E70E7E70868FFF738
:10B5A00041FFE3E7BD71002460140124C67100244B
:10B5B000BE710024C4710024C5710024C071002430
:10B5C000BC710024FFF700BE70470000384B5A6979
:10B5D00073B5910315D45A6912F4003211D1BFF337
:10B5E0004F8FBFF36F8FC3F85022BFF34F8FBFF35E
:10B5F0006F8F5A6942F400325A61BFF34F8FBFF325
:10B600006F8F2B4B5A69D20327D45A6912F48032B8
:10B6100023D1C3F88420BFF34F8FD3F8802043F6A3
:10B62000E074C2F3C900C2F34E32520102EA0406CA
:10B63000014646EA81750139C3F86052F9D2203AD1
:10B6400012F1200FF2D1BFF34F8F5A6942F48032CA
:10B650005A61BFF34F8FBFF36F8F164CD4F8E030B1
:10B6600043F00073C4F8E030D4F8E03003F0007326
:10B670000193019BFDF724F8F4F7C0FC236F9B07AF
:10B6800007D4F8F719FEF4F7F9FC236F23F0180339
:10B6900023671620F8F726FEFDF704FAFDF710F8E9
:10B6A000FFF792FF044B01221A6002B070BD00BF89
:10B6B00000ED00E000440258C871002452B101F0CE
:10B6C0000301064B0329596805D0000503D521EA7B
:10B6D00002025A6070470A43FBE700BF00040058AB
:10B6E00030B5114B114DD5F894409C42FBD14943E4
:10B6F000012A01EB41034FEA41046FEA030304D03E
:10B70000022A0BD0C1680B400BE0C26813401943FA
:10B71000C160064B4FF440725A6130BDC1680B40A6
:10B720002343C360F5E700BF0003008000640258B4
:10B730002DE9F843461C05460C4600F090801FFAA0
:10B7400080F9514A40F40061B2F90030581C29D107
:10B7500000264E4B09F00F02C5F3031053F8227078
:10B76000FEF736FB4A494B4BD1F894209A42FBD165
:10B77000C4F3831107FB07F20F2902EB42036FEAC0
:10B78000030C24D181680B434FF4407E04F0070181
:10B7900083603F4BC3F814E003296FD8DFE801F062
:10B7A0003A3A1C3A43F400638B420ED104F003038F
:10B7B0005668032BCDD119F4006FCAD0324621460A
:10B7C0002846BDE8F843FFF779BF0832BCE7836835
:10B7D00051430CEA0303D6E7DFF8B8E0D3F89480CE
:10B7E000F045FBD119F0080FC4F3832839D03B0A88
:10B7F000D0F824E05B435B43C3EB031903FB08F37E
:10B800002EEA090E4EEA03034362214B4FF4407EB9
:10B81000C3F814E0DFF878801E4BD8F894E09E451A
:10B82000FBD103684A4301390CEA030C01294CEAB5
:10B830000202026005D8436822074CBF3B43BB436A
:10B840004360C4F301123946FFF74AFF32462146EE
:10B850002846FFF733FF0E4B4FF440725A61BDE8A4
:10B86000F88302FB02F9036AC9EB091E23EA0E0EF4
:10B8700009FB08F34EEA03030362C6E7D522064933
:10B880000648F1F799F800BF78BA0608A0BA06088A
:10B8900000640258000300806DBA06084DB906081E
:10B8A00038B5431C0C4629D000F00F021D4BC0F3E5
:10B8B000031053F82250FEF78BFA1B491B4BD1F8AB
:10B8C00094209A42FBD105FB05F2016802EB42038A
:10B8D0000B40B3FBF2F3013B012B19D8E31E022B03
:10B8E00043680CD82B43032C436019D1012229460D
:10B8F000FFF7F6FE0C4B4FF440725A6138BD23EA55
:10B900000503012C4360F1D0022C07D00022EEE7A2
:10B9100004F0FD03012BE9D0052CF5D10222E6E766
:10B92000052CF2E7A0BA0608006402580003008064
:10B9300038B50C4B05460C461B695B040FD4F9F770
:10B94000F1FB094B0722B0FBF3F36343AA604FF608
:10B95000DF729B089A4294BFEA60EB6038BDF9F74A
:10B960001BFAEEE70044025840420F004B7D2BB11A
:10B97000082807D8044B33F8100070470C2801D86A
:10B98000024BF8E70020704736BB060848BB0608A4
:10B9900040F2C331B0F90400FFF7CABEF0B54A4B1C
:10B9A000B6EE005B076889B0064606EE901A9F4225
:10B9B000D0ED037A28D1F5EEC06AB7EE007AF1EE49
:10B9C00010FA1ED9F4EE476A9FED407AF1EE10FAB4
:10B9D00067FE266AB8EE677A3D493E4B0222097837
:10B9E00027EE267A3C48B7EEC77A37EE057BFCEEA9
:10B9F000C77BC6ED047AC3ED007AF6F7ADFD09B05A
:10BA0000F0BDF0EE476AE5E7F5EEC06A334B1F6024
:10BA1000F1EE10FA36D4B7EE007AF4EE476AF1EEA2
:10BA200010FA77FE266AB8EE677A6023327D0193BA
:10BA300027EE267AB368B7EEC77A37EE057BFCEEC1
:10BA4000C77B17EE904AC6ED047AB4FBF3F40023EB
:10BA50000294039304930793CDE90533531E032BFC
:10BA6000CDD86FF00305314605EB82052846FFF778
:10BA70007DFF3B6A30EA030307D17DB1042D0FD16E
:10BA8000BC63BCE7DFED116ACDE72A4601A9134884
:10BA9000FBF724F970B11248F1F7F0F97C63AEE7D7
:10BAA000082D01D1FC63AAE70C2D01D13C64A6E767
:10BAB000FC65A4E7737D2946084813B1FBF794FAA7
:10BAC0009DE7FBF723FA9AE70074014000000000AD
:10BAD000F472002400730024CC710024A8720024A6
:10BAE000E0BA0608C36823B3D0ED047AF8EE676ABB
:10BAF00007EE903AB8EE677AC6EE877A0268114B85
:10BB00009A42B7EE007A09D1F5EEC07AF1EE10FA5A
:10BB100012D9F4EEC77AF1EE10FA10DAF4EE477AA1
:10BB2000B7EE007AF1EE10FA77FE277A17EE900A58
:10BB30007047DFED057AE1E7F0EE477AF6E7DFEDF3
:10BB4000027AF3E700740140000000002DE9F0479D
:10BB5000544B0E4601688AB0044699421BD1FFF748
:10BB6000C1FF314605462046FFF7E2FE4E4A082354
:10BB70004E48D360E3681360A3689360002353606A
:10BB80004B4B1978F6F7A2FB29462046FFF706FF34
:10BB90000AB0BDE8F0870023464D01932960FFF706
:10BBA000A1FF41F211130A6A82461A4208D10A6AB9
:10BBB00040F244431A4203D10B6823F001030B60A7
:10BBC00002A801A9F9F770FB206800223A4BD1B214
:10BBD000013253F831708742F9D110B93748F1F783
:10BBE0004DF903EBC1031B79002B39D1F9F7BCFAEE
:10BBF000DDF81CE0019001230199A36001FA03F034
:10BC00002F4BB0FBF3F0B1FBF3F1BEF1000F2DD1E0
:10BC10004A1E06F1FF3C4FF000094FF6FE786A60BD
:10BC20006346C5F80CC0B3F5803F21D2B2F5803F22
:10BC30001ED2B9F1000F01D06A60EB6000231D48ED
:10BC40002B61AB60FAF7D4FF20BB51462046E6607B
:10BC5000FFF7A4FE2A68136843F00103136097E717
:10BC6000F9F794FADDF820E00190C4E7421ED0E72E
:10BC7000A3685B00A360BEF1000F0DD101FB03F2CE
:10BC8000013ABCFBF3F3434509D8B2F5803F06D334
:10BC90006A60EB600B48A2E700FB03F2F0E74FF0AD
:10BCA0000109C0E7007401400C730024CC7100242A
:10BCB000F4720024A872002490B40608F7BA0608AB
:10BCC00040420F00E0BA06082DE9F0430E46B1B03D
:10BCD0000546C6493046EFF793FD421C074611D191
:10BCE000C3493046EFF776FDC14904463046EFF7C9
:10BCF00087FD07467B1C2C600AD16E22BD49BE48D9
:10BD0000F0F75AFEB9493046EFF764FD0446F1E713
:10BD1000BA4BC7F38431C7F3C0429C4229756A7598
:10BD200040F01681B64B16F0F00FD3F8F00040F05B
:10BD30000050C3F8F000D3F8F00000F0005000907D
:10BD40000098C6F3031040F09E80D3F8E00040F066
:10BD50000100C3F8E000D3F8E03003F001030193E1
:10BD6000019B4FF00209DFF8B8820123304619FB2E
:10BD7000012288F800101131002402F00F0203FAAA
:10BD800001F103FA02F2C8F808103946C8F8042095
:10BD9000FFF7CEFC30460021FFF782FD44F25061F0
:10BDA0002846984EFFF7C4FDD5ED037AB6EE006B3A
:10BDB000924BB8EE677A3046B4601027B7EEC77A78
:10BDC000C6E9003437EE067BBCEEC77B85ED047A0E
:10BDD000F6F724FA8C4A082398F800103046D3600E
:10BDE0004FF6DF7313600723C2E90143F6F76EFADB
:10BDF0004FF000631BAA98F8001030461C9426945C
:10BE00002F941B94CDE924344FF00053CDE9204406
:10BE10002793CDE92244CDE92844CDE92A44CDE950
:10BE20002D44F6F784FA794B4A4698F800103046CC
:10BE30001C60C3E90144F6F78FFB042398F8001057
:10BE40003046D8F80420CDF84C901A94CDE91473FC
:10BE500013ABCDE91644CDE91844F6F71DFCD8F82C
:10BE600004103046F6F733FC50B9D8F808103046C5
:10BE7000F6F743FC20B944F250612846FFF766FE0E
:10BE800031B0BDE8F08301280CD1D3F8E00040F0D8
:10BE90000200C3F8E000D3F8E03003F0020302939D
:10BEA000029B5EE702280CD1D3F8E00040F00400CA
:10BEB000C3F8E000D3F8E03003F004030393039BDE
:10BEC0004FE703280CD1D3F8E00040F00800C3F896
:10BED000E000D3F8E03003F008030493049B40E74C
:10BEE00004280CD1D3F8E00040F01000C3F8E000C3
:10BEF000D3F8E03003F010030593059B31E70528E4
:10BF00000CD1D3F8E00040F02000C3F8E000D3F8F3
:10BF1000E03003F020030693069B22E70628D3F8BF
:10BF2000E0000AD140F04000C3F8E000D3F8E03070
:10BF300003F040030793079B13E740F08000C3F82A
:10BF4000E000D3F8E03003F080030893089B08E793
:10BF50002F4B9C4266D12A4BD3F8F02042F00102CD
:10BF6000C3F8F020D3F8F03003F001030993099BE4
:10BF7000284B9C4266D1224BD3F8E82042F00402C1
:10BF8000C3F8E820D3F8E83003F004030C930C9BCB
:10BF9000214B9C4266D11A4BD3F8E82042F0400274
:10BFA000C3F8E820D3F8E83003F040030F930F9B69
:10BFB0001A4B9C4266D1124BD3F8F02042F48032E7
:10BFC000C3F8F020D3F8F03003F480331293129BBF
:10BFD00039463046FFF7ACFB002344F62061AE80C3
:10BFE000C5E903330123AB6047E700BF8CA4060813
:10BFF00094A8060829BB06081CB306080074014073
:10C0000000440258CC7100240C73002400730024F7
:10C0100000000140000800400018004000400140BE
:10C02000F4720024B4F1804F3DD1414BD3F8E820A5
:10C0300042F00102C3F8E820D3F8E83003F001032E
:10C040000A930A9B3B4B9C423ED1394BD3F8E820E4
:10C0500042F00802C3F8E820D3F8E83003F0080300
:10C060000D930D9B344B9C423FD1314BD3F8E820CC
:10C0700042F08002C3F8E820D3F8E83003F08003F0
:10C080001093109B2D4B9C4240D1294BD3F8F020AC
:10C0900042F40032C3F8F020D3F8F03003F4003358
:10C0A0001393139B94E7264B9C427FF461AF204B84
:10C0B000D3F8E82042F00202C3F8E820D3F8E830D1
:10C0C00003F002030B930B9B1E4B9C427FF460AF6B
:10C0D000174BD3F8F02042F00202C3F8F020D3F857
:10C0E000F03003F002030E930E9B174B9C427FF43B
:10C0F0005FAF0F4BD3F8E82042F48072C3F8E8201A
:10C10000D3F8E83003F480731193119B0F4B9C42DA
:10C110007FF45EAF064BD3F8F02042F48022C3F8E0
:10C12000F020D3F8F03003F480231B931B9B4FE7E0
:10C1300000440258000C0040001C00400044014034
:10C14000000400400004014000200040004801407D
:10C15000F8B5037890F801C0012B057F0279077BC1
:10C16000866844792ED0022B2FD0002B30D14FF48B
:10C1700080738B610023C1F800C04D614B63C1E93E
:10C180000B333FB3CB61CB60037C012B45D0022B3B
:10C1900048D0002B4BD14FF480430B620123027E29
:10C1A000002A47D000230B620B61437F012B6AD02A
:10C1B000022B6BD0002B6CD14FF0807300204B62B0
:10C1C0008862F8BD4FF40073D3E74FF44073D0E7B3
:10C1D0000023CEE7012A4E600BD0022A0CD072B9A0
:10C1E0004FF48063CB61032C09D8DFE804F00B0D1A
:10C1F00010134FF40063F5E74FF44063F2E727486C
:10C20000F0F73CFE0023BEE74FF48053BBE74FF44A
:10C210000053B8E74FF44053B5E74FF400430B62C7
:10C220000223BCE74FF440430B620423B7E700232B
:10C230000B62B4E77BB3427CB2FBF3F403FB142440
:10C2400014F0FF0F27D1561EF610741C042C22DCAC
:10C25000C2EBC40212F0FF0210D0B2FBF3F39D4216
:10C2600019D3EB1A4B61436903FA02F28A60032E79
:10C2700007D82404A4F580340C6196E743698B60E9
:10C28000F5E70748BCE74FF0007397E74FF04073BE
:10C2900094E7002392E74FF0FF3092E762BB060875
:10C2A0008BBB060810B50446F8F7D5F900283DD138
:10C2B0002049214BD1F88C209A42FBD11F4BB4F975
:10C2C0005000DA6F42F48042DA67DA6F22F480427B
:10C2D000DA674FF44072CA6040F2C331D3F8D42019
:10C2E00022F48042C3F8D420FFF722FA40F2C3318F
:10C2F000B4F95200FFF71CFA40F2C331B4F954000C
:10C30000FFF716FA40F2C331B4F95600FFF710FAFE
:10C3100040F2C331B4F95800FFF70AFAB4F95A00F1
:10C3200040F2C331FFF704FA002010BD4FF0FF3098
:10C33000FBE700BF0064025800030080004402587D
:10C3400070B50D460646F8F7EDFEB0FBF5F4FF2C90
:10C3500010DCF8F7E7FEB0FBF5F101FB150505B9B8
:10C36000013C30467460F8F727F9003818BF012007
:10C37000404270BDFF24F4E72DE9F04F2DED068B10
:10C3800087B01D460F461646199B04467D49384620
:10C390000AEE903A9DF86830BDF958A00293BDF9B5
:10C3A0005CB0BDF96080EFF715FA7749039030462D
:10C3B000EFF710FA754901902846EFF70BFA744928
:10C3C00008EE100A5046EFF705FA724908EE900A97
:10C3D0005846EFF7FFF9704909EE100A4046EFF7AB
:10C3E000F9F9019A039B814611461846EFF7CEF9F9
:10C3F00018EE901A019018EE100AEFF7C7F94946A7
:10C40000039019EE100AEFF7C1F9019B1A46039B3E
:10C410009A4240F0B080824240F0AD80594938469F
:10C42000EFF7EEF9584903903046EFF7E9F957492D
:10C4300008EE100A2846EFF7E3F9554908EE900A8E
:10C440005046EFF7DDF9534909EE100A5846EFF769
:10C45000D7F9514909EE900A4046EFF7D1F94F4A12
:10C460000AEE100A039BD2F8D4104D4841F48041E3
:10C47000C2F8D410D2F8D41001F480410591059986
:10C480004849D0F88CC08C45FBD1D16F4FF00009E2
:10C4900041F48041D167D16F21F48041D1674FF4DD
:10C4A00040720121C26000223846A4F8507084F81E
:10C4B0004120E26084F840204FF0004292FAA2F25C
:10C4C000B2FA82F2013A22614FF480626261029A0A
:10C4D000B2EB090218BF0122A261019AC4E901115D
:10C4E00022601946C4E90799FFF722F94946384600
:10C4F000FFF7D6F918EE101A3046A4F85260FFF78D
:10C5000017F949463046FFF7CBF918EE901A28463E
:10C51000A4F85450FFF70CF949462846FFF7C0F934
:10C5200019EE101A5046A4F856A0FFF701F9494633
:10C530005046FFF7B5F919EE901A5846A4F858B0CE
:10C54000FFF7F6F849465846FFF7AAF91AEE101A0F
:10C550004046A4F85A80FFF7EBF849464046FFF7FB
:10C560009FF91AEE901A204607B0BDEC068BBDE885
:10C57000F04FFFF7E5BE6FF0010007B0BDEC068B92
:10C58000BDE8F08F18A9060848A9060878A906088A
:10C590009CA90608CCA90608F0A906080044025880
:10C5A000006402580003008070B58EB0044608464F
:10C5B000154669461E46FFF7CBFD90B9336841F238
:10C5C0008832694620460A93F8F756F858B941F27E
:10C5D000883229462046F8F792F8003818BF012023
:10C5E00040420EB070BD4FF0FF30FAE770B58EB02C
:10C5F00004460846154669461E46FFF7A9FD90B950
:10C60000336841F28832694620460A93F8F734F8D5
:10C6100058B941F2883229462046F8F7C9F800385F
:10C6200018BF012040420EB070BD4FF0FF30FAE756
:10C630002DE9F0418EB005460E46DDE9147802B1D1
:10C64000E3B917B1B8F1000F16D169463046FFF7CC
:10C650007FFD044660B9012341F288326946CDE985
:10C6600009032846F8F708F8002818BF4FF0FF34F0
:10C6700020460EB0BDE8F08172B16BB10093314637
:10C680006B462846FFF790FF04460028F0D1002FA4
:10C69000EED0B8F1000FEBD06B463A463146284653
:10C6A000CDF80080FFF7A2FF0446E1E7C069C0F3C0
:10C6B000801070470FB4074B1B6807B5064905AAE1
:10C6C000D868019208F044FC03B05DF804EB04B0B4
:10C6D000704700BF4C0E0024A2BB060810B580496D
:10C6E0000446804BD1F88C209A42FBD123687E4AC5
:10C6F000934257D17D4AD2F8981041F01001C2F808
:10C700009810D2F8981021F01001C2F89810D2F8C1
:10C71000F01021F01001C2F8F010754A934240F079
:10C720008980724BD3F8982042F02002C3F89820F9
:10C73000D3F8982022F02002C3F89820D3F8F020F4
:10C7400022F02002C3F8F020654B4FF4407240F213
:10C75000C331B4F91800DA60FEF7EAFF40F2C331E2
:10C76000B4F91A00FEF7E4FFE36923F40073B3F5AC
:10C77000807F05D140F2C331B4F92000FEF7D8FF25
:10C78000E36923F48073B3F5007F05D140F2C33130
:10C79000B4F92200FEF7CCFF62680021554B43F844
:10C7A000221010BD544A93421DD002F5806293427C
:10C7B0002DD0524A934252D0514A9342ADD14B4B65
:10C7C000D3F8902042F48012C3F89020D3F8902040
:10C7D00022F48012C3F89020D3F8E82022F48012CB
:10C7E000C3F8E820B0E7414AD2F8901041F4003194
:10C7F000C2F89010D2F8901021F40031C2F89010D5
:10C80000D2F8E81021F40031C2F8E81085E7374A81
:10C81000D2F8901041F48021C2F89010D2F8901014
:10C8200021F48021C2F89010D2F8E81021F4802180
:10C83000C2F8E810334A934224D12C4BD3F890200D
:10C8400042F08042C3F89020D3F8902022F080423A
:10C85000C3F89020D3F8E82022F08042C0E7234AB2
:10C86000D2F8901041F40021C2F89010D2F8901044
:10C8700021F40021C2F89010D2F8E81021F4002130
:10C88000C2F8E810204A934217D0204A93427FF41E
:10C890005BAF164BD3F89C2042F00802C3F89C20F3
:10C8A000D3F89C2022F00802C3F89C20D3F8F4208F
:10C8B00022F00802C3F8F42046E70C4BD3F890208E
:10C8C00042F00042C3F89020D3F8902022F00042BA
:10C8D000C3F89020D3F8E82022F0004280E700BFA0
:10C8E0000064025800030080001001400044025818
:10C8F000001401401461002400440040004C00403A
:10C900000050004000780040007C0040000C0058BF
:10C91000426890235343054AD358DA69120701D578
:10C9200008221A62D869C0F340107047300E012403
:10C93000426890235343034AD358D869C0F3C010C8
:10C94000704700BF300E012438B54268902301685B
:10C950005343204A99509C1882686260B2F5965FF2
:10C96000C36838BF0725A3600369E3604369236197
:10C97000C369A3614FF0000328BF1D46A4F85630D9
:10C98000E361A4F85430A4F85E30A4F85C3023626C
:10C990006366C4E90953B0F91A3001330FD1082393
:10C9A00063610D4B994205D1B2F5165F20460DD853
:10C9B000FAF7F0FD2046BDE83840FAF7BBBDB0F904
:10C9C000183001330CBF04230C23E9E7FAF7F2FD1A
:10C9D000F0E700BF300E0124000C00580268334B12
:10C9E0009A4270B50446C4B00D46816054D1BC2251
:10C9F000002115A8042604F0BBFEB5F5165F1496B9
:10CA00000BDD012314A83993F8F768FD2046FFF7E2
:10CA10009BFF002832D144B070BD254B196F11F037
:10CA2000020113D1482202A804F0A2FE01230196BC
:10CA300003930A931F4E204BD6F88C209A42FBD1C9
:10CA400001A8F7F715FF4FF44073F360184B1B6F05
:10CA50009B07D6D5174E184BD6F88C209A42FBD19F
:10CA6000052314A83993F8F739FD4FF44073204695
:10CA7000F360FFF769FF0028C3D1CCE700230D4E18
:10CA800039930D4BD6F88C209A42FBD114A8F8F7B5
:10CA900025FD4FF44073F3602046FFF755FF002853
:10CAA000B9D029460548FFF705FEB4E7000C005849
:10CAB000004402580064025800030080A2BB06082C
:10CAC000012A10B50ED0022A24D00024092944617D
:10CAD00026D010DC072910D008290CD17AB14FF4E8
:10CAE00080520CE04FF4C06208294261F7D0092956
:10CAF00018D0072902D00D4815E072B10022022B90
:10CB0000C2600CBF4FF400530023BDE81040036126
:10CB1000FFF71ABF4FF48062E6E74FF08052EEE76E
:10CB2000002ADCD00248F0F7A9F900BFFBBB0608D9
:10CB3000CCBB06081A4B984222D0A3F54C4398422E
:10CB400020D003F5806398421ED003F5806398429D
:10CB50001CD003F5806398421AD003F544439842F1
:10CB600018D0A3F51C43984216D003F58063984271
:10CB700014D00C4B984214BF4FF0FF300820704780
:10CB80000020704701207047022070470320704743
:10CB90000420704705207047062070470720704723
:10CBA00000100140000C00582DE9F0470F461646D2
:10CBB0008AB0824904463846EEF70CFE8246804928
:10CBC0003046EEF707FE01465046EEF7DFFD7B49A3
:10CBD00005463846EEF714FE794981463046EEF7B1
:10CBE0000FFE092F80460AD00A2E08D0734909206B
:10CBF000EEF7F0FD50450CD17248F0F73FF94FF0D9
:10CC0000010A691C256007D13E226F496F48EFF782
:10CC1000D3FE4FF0000AF4E76D4B9D4236D16D4BC9
:10CC2000D3F8F02042F01002C3F8F020D3F8F0302F
:10CC300003F010030193019B674B9D4236D1654B76
:10CC4000D3F8E82042F40022C3F8E820D3F8E83013
:10CC500003F400230493049B604B9D4236D15D4B4B
:10CC6000D3F8E82042F08042C3F8E820D3F8E83057
:10CC700003F080430793079B2846FFF75BFF0028DC
:10CC8000606066DA9D2250495548C0E7554B9D4289
:10CC90002DD1504BD3F8E82042F40032C3F8E820FD
:10CCA000D3F8E83003F400330293029B4E4B9D42CD
:10CCB0002DD1484BD3F8E82042F48012C3F8E82085
:10CCC000D3F8E83003F480130593059B474B9D424E
:10CCD0002DD1404BD3F8E82042F00042C3F8E820C1
:10CCE000D3F8E83003F000430893089BC4E7404BB7
:10CCF0009D42A1D1374BD3F8E82042F48022C3F8FB
:10CD0000E820D3F8E83003F480230393039B394BE6
:10CD10009D42A1D12F4BD3F8F02042F02002C3F85E
:10CD2000F020D3F8F03003F020030693069B324B3B
:10CD30009D42A1D103F50E33D3F8F42042F008024E
:10CD4000C3F8F420D3F8F43003F008030993099BE7
:10CD500092E749463846FEF7EBFC01213846FEF7DC
:10CD60009FFD41463046FEF7E3FC30460121FEF7C9
:10CD700097FD00234FF4E1322046E3612783668369
:10CD8000C4E90223C4E90433FFF7DEFDBAF1000F62
:10CD900010D01A4B012204F120051A60184B2068AC
:10CDA000083454F8041C1A46AC4203C21346F6D1A8
:10CDB000206810600AB0BDE8F08700BF68B00608C0
:10CDC0000CAF060829BC06087BBC060888BC060810
:10CDD0000010014000440258004C00400078004020
:10CDE000A4BC06080044004000500040007C004005
:10CDF0000048004000140140000C00581C7300243F
:10CE0000981401242A4808B5036813F0010304D0DC
:10CE1000FFF74CFCB0FA80F35B0926480268D107A3
:10CE200004D5FFF743FC002808BF0123224802680D
:10CE3000D20704D5FFF73AFC002808BF01231F489A
:10CE40000268D10704D5FFF731FC002808BF012391
:10CE50001B480268D20704D5FFF728FC002808BF4A
:10CE6000012318480268D10704D5FFF71FFC0028EA
:10CE700008BF012314480268D20704D5FFF716FC47
:10CE8000002808BF012311480268D10704D5FFF725
:10CE90000DFC002808BF01230D480268D20704D505
:10CEA000FFF704FC002808BF0123184608BD00BF97
:10CEB000001001400044004000480040004C004089
:10CEC000005000400014014000780040007C004009
:10CED000000C005808B5EFF767FE064B01211868F3
:10CEE00010F0010018BF0846F7F7EEF9BDE808405A
:10CEF000EFF770BE0048025870B594B0FFF782FF9C
:10CF00000446002875D1EFF74FFE3B4D00F01CFEA4
:10CF1000012102222E680846F7F720FA0121224655
:10CF20000846F7F71BFAF60703D52B6843F0010311
:10CF30002B600023314D32492B60324BD1F89020C9
:10CF40009A42FBD12C4B1A6994063CD55B69980632
:10CF500039D52B4E2B4BD6F88C209A42FBD14C2244
:10CF6000002101A804F004FC01A8F8F721F902232C
:10CF7000012101A801931023CDE9041300230A9392
:10CF8000F7F776FC044610B11F48EFF777FF01462C
:10CF90002022009001A804F0EBFB694601A8F8F7F5
:10CFA00083F91B23009901A8019307940294049428
:10CFB0000694F7F791FF08B11448E6E7FBF772FD16
:10CFC0004FF44073F3600C4A136943F40073136128
:10CFD0004FF440720A4B1A610D4B596A5A6A521A41
:10CFE000B2F5FA7FFAD300F0C7FD01232B60EFF70B
:10CFF000F1FD14B070BD00BF00480258C871002494
:10D000000064025800030080B6BC0608DBBC0608BA
:10D01000000C0040F8B5C468069F033C1C2C03D8E4
:10D02000544D2D57002D05DA40F23E4252495348E7
:10D03000EFF7C2FCD0F88C404FF0010C26680CFAD8
:10D0400005FC26F001062660002A32D0266846F448
:10D0500000662660E66846F4C026E66042FA05F6F9
:10D06000D4F804E04FEA1E4E4FEA0E4E46EA0E0692
:10D070006660266846F001062660266846F400765B
:10D08000266000269642D0F88C4043DB6169C904D3
:10D09000FCD5216821F001012160A16941F008015E
:10D0A000A161A16941F01001A1616168090C090445
:10D0B00061606FB3D0F88C1047FA05F60C6824F461
:10D0C00000640C60CC6844F4C024CC604C68240C30
:10D0D000240434434C600C6844F001040C600C6878
:10D0E00044F400740C600024BC42D0F88C102CDB9B
:10D0F0000B6823F001030B608B6943F008038B611D
:10D100008B6943F010038B614B681B0C1B044B6055
:10D11000D019F8BDD4F814E01EF0020FFAD0012D9A
:10D1200001EB060E05D131F806E0A4F820E06644D4
:10D13000A8E7022D04D1DEF800E0C4F820E0F6E70D
:10D1400011F806E084F820E0F1E74E69F607FCD517
:10D15000012D03EB040603D1096B19536444C3E7A3
:10D16000022D02D1096B3160F8E791F830101955A2
:10D17000F4E700BF1FBE060820BD06082EBD060846
:10D180000FB407B505AB06480193064B1B68D96879
:10D1900003F030F903B05DF804EB04B0704700BF52
:10D1A0003CBD06084C0E00240268136823F00103FE
:10D1B00010B513600446F9F743FA10B10948EFF7C8
:10D1C0005DFE2046F9F730FBD4F88C20936943F0DC
:10D1D00040039361A36823B92268136843F00103F5
:10D1E000136010BD75BD06082DE9F0410F461446C9
:10D1F00011498046EEF7EEFA104905463846EEF73B
:10D20000E9FA0F4906462046EEF7E4FA01370446EC
:10D2100005D101462846BDE8F041EEF7B7BAB8F1AE
:10D22000FF3F02D101463046F5E731462846EEF78A
:10D23000ADFA2146EFE700BFECAA060820AA0608CF
:10D24000DCAB06082DE9F04F0F4615461E46044696
:10D250002D4938462DED028BB9B0BDF91081EEF79E
:10D26000B9FA2A4981462846EEF7B4FA28490190CE
:10D270003046EEF7AFFA274982464046EEF7AAFA63
:10D28000019B834648461946EEF780FA8146594687
:10D290005046EEF77BFA01464846EEF777FA1A4910
:10D2A00081463846EEF7ACFA184983462846EEF731
:10D2B000A7FA174982463046EEF7A2FA154908EE5A
:10D2C000900A4046EEF79CFAB9F1FF3F08EE100ACB
:10D2D000C4F88C9004D1C6220F491048EFF76CFBBC
:10D2E000C022002108A804F043FA0D4A914537D125
:10D2F0004FF4805308A8089300232093F8F7EEF822
:10D3000090B10848EFF7BAFDECAA060820AA060873
:10D31000DCAB0608C0AC060820BD06088BBD0608BD
:10D3200000300140A6BD0608B04BD3F8982042F467
:10D330008052C3F89820D3F8982022F48052C3F882
:10D340009820D3F8F02042F48052C3F8F020D3F8AC
:10D35000F03003F480530293029B2323A4F8883017
:10D36000D4F88C20A24B9A4225D14FF4805308A8C0
:10D37000089300232093F8F7B1F80028C1D19B4B04
:10D38000D3F8902042F48042C3F89020D3F8902044
:10D3900022F48042C3F89020D3F8E82042F480427F
:10D3A000C3F8E820D3F8E83003F480430393039BE9
:10D3B0002423A4F88830D4F88C208E4B9A4225D1AF
:10D3C0004FF4805308A8089300232093F8F786F8B9
:10D3D000002896D1854BD3F8902042F40042C3F840
:10D3E0009020D3F8902022F40042C3F89020D3F884
:10D3F000E82042F40042C3F8E820D3F8E83003F410
:10D4000000430493049B3323A4F88830D4F88C2081
:10D41000794B9A4226D14FF4005308A80893002371
:10D420002193F8F75BF800287FF46BAF6F4BD3F8CC
:10D43000982042F40052C3F89820D3F8982022F4A0
:10D440000052C3F89820D3F8F02042F40052C3F8F9
:10D45000F020D3F8F03003F400530593059B5423D8
:10D46000A4F88830D4F88C20644B9A4226D14FF42B
:10D47000005308A8089300232193F8F72FF80028F9
:10D480007FF43FAF594BD3F8982042F48012C3F891
:10D490009820D3F8982022F48012C3F89820D3F86B
:10D4A000F02042F48012C3F8F020D3F8F03003F4F7
:10D4B00080130693069B5523A4F88830D4F88C205B
:10D4C0004F4B9A4226D14FF4804308A8089300237B
:10D4D0003493F8F703F800287FF413AF434BD3F8E5
:10D4E0009C2042F02002C3F89C20D3F89C2022F01C
:10D4F0002002C3F89C20D3F8F42042F02002C3F8A5
:10D50000F420D3F8F43003F020030793079B56234D
:10D51000A4F8883059463846FEF70AF90221384601
:10D52000FEF7BEF951462846FEF702F900212846CB
:10D53000FEF7B6F918EE901A3046FEF7F9F800211A
:10D540003046FEF7ADF9B8F1FF3FA4F89050A4F8CB
:10D550009270A4F89460A4F8968042D018EE101A45
:10D560004046FEF7E5F800214046FEF799F94FF0F6
:10D570000053A3614FF0804363630135D4F88C30CE
:10D580004FF0020108BF4FF4C022B4F994002360A9
:10D590004FF4800363604FF0E043E3614FF000031A
:10D5A00018BF1A46A362A363A2600722A365E260C4
:10D5B000C4E90B234FF00042C4E90433C4E9083343
:10D5C0006265C4E90F33C4E91133C4E91333FEF7CC
:10D5D00067F92046FFF7E8FD39B0BDEC028BBDE8E6
:10D5E000F08F4FF08063A3610023C5E70044025829
:10D5F00000380040003C0040003401400050014031
:10D600000014005838B50446081F1C2894BF01F1C7
:10D61000FF310721012AE16032D0022A35D0002AE9
:10D6200038D122616261A269B2F1806F05D0002B0E
:10D6300014BF00224FF00052A2619BB1A3680025E5
:10D64000B3F5C02F656003D11448FFF799FDA560BD
:10D650000021B4F99200FEF723F90221B4F99000F9
:10D66000FEF71EF92369B4F99400002B0CBF0221C8
:10D670000121FEF715F92046BDE83840FFF794BDBB
:10D68000002222614FF08072CCE74FF000722261DD
:10D690000022C7E74FF00072F3E700BF3CBD060869
:10D6A00038B504460D46FBF74FFD002200EBD07362
:10D6B0005B10AB42D1B203DD0132082A09D1072148
:10D6C000064B204653F82130E361BDE83840FFF7B0
:10D6D0006BBD03EBD3735B10EBE700BF3CBE0608EA
:10D6E0001FB5836802460391B3F5C02F0BD1002309
:10D6F000012203A90093FFF78DFC013818BF012018
:10D7000005B05DF804FBC368033B1C2B03D8194923
:10D71000C856002805DA40F2A94217491748EFF722
:10D720004BF9D2F88C100B6843F400730B604B6913
:10D730009B07FCD50128039B0BD19BB20B84D2F82D
:10D740008C305A69D207FCD501280AD1186B80B2F7
:10D75000D6E7022801D10B62F1E7DBB281F8203075
:10D76000EDE7022801D1186BCAE793F83000C0B288
:10D77000C6E700BF1FBE060820BD06082EBD06086E
:10D780002DE9F04F9B46C368164685B0033B8046A3
:10D7900089460E9F1C2B96BF324A4FF0FF34D45659
:10D7A00046FA04F3A340B34205D040F2CF422E49DB
:10D7B0002E48EFF701F947FA04F3A340BB4204D027
:10D7C0004FF49A6228492A48F3E7BE428368B2467A
:10D7D000B8BFBA46002B3AD1002C9DF83C3006DD8C
:10D7E00043EA0322022C0CBF43EA02231346012220
:10D7F0000025A240554503DB504605B0BDE8F08F3B
:10D80000B5421CDA012C09EB050112D139F80510DB
:10D810004046CDE90232FFF763FFBD42DDE9023247
:10D8200005DA012C0BEB05010BD12BF80500154493
:10D83000E0E7022C0CBF096819F80510E8E7194663
:10D84000E6E7022C0CBF08600BF80500EFE7324654
:10D850003E445B460097FFF7DDFB864218BF4FF062
:10D86000000AC9E71FBE060820BD0608C1BD06089C
:10D87000F0BD060830B54FF40033B3B004461F4D79
:10D8800002934FF4807322931D4BD5F88C209A425B
:10D89000FBD102A8F7F722FE10B11A48EFF7EEFA13
:10D8A0004FF440731549EB60174BD3F8DC2042F07E
:10D8B0004002C3F8DC20D3F8DC30207203F04003D0
:10D8C00060600193019B114B607223600C4BD1F897
:10D8D00080209A42FBD12046F8F729FE08B10C4877
:10D8E000DCE769462046F8F770FE0028F9D1034BC3
:10D8F0004FF440721A6033B030BD00BF006402586C
:10D90000000300805CBE060800440258001802486C
:10D910007BBE060810B5064B064CD4F880209A4210
:10D92000FBD1F8F739FE4FF44073236010BD00BF00
:10D9300000030080006402582DE9F7431D460023D0
:10D940000F4606462B6090461B491C4BD1F88020A1
:10D950009A42FBD14FF000092B68984529D901A9BB
:10D960003046F8F732FE0446F8B14FF0FF30336826
:10D970004FF440725B6803F00603062B0E4B08BFA2
:10D980004FF0FF301A6003B0BDE8F08302AB1A1904
:10D99000013412F8043C042C02F8049C07F8013B03
:10D9A0002B6803F101032B60D6D02B684345EDD3E0
:10D9B000D2E70020DBE700BF0064025800030080CC
:10D9C000074B084A13601A69910707D5DA6892076E
:10D9D00004D56FF002021A61EEF754B9704700BF28
:10D9E000000C0040C01401240048704794BE060893
:10D9F00030B58BB0694602A8F7F756FCF7F7B4FBD1
:10DA0000274B0090D3F8E820264942F00802C3F8DB
:10DA1000E820D3F8E82002F008020192019A224A95
:10DA2000D1F88C409442FBD1D3F890201F4C42F0A7
:10DA30000802C3F89020D3F8902022F00802C3F81F
:10DA400090204FF44073CB60194B079A23604FF03E
:10DA5000FF33E360174B0ABB0025B0FBF3F001383E
:10DA60002561A56060601148C4E90555F9F790F893
:10DA7000114B124A9B68C3F80821BFF34F8F104B1C
:10DA80004FF480225A6009482946F9F7B7F922680D
:10DA9000D36823F00203D3600BB030BD4000DBE756
:10DAA000004402580064025800030080C01401249E
:10DAB000000C004040420F0000ED00E0C1D9050815
:10DAC00000E100E0044800210268D36823F002036B
:10DAD000D360F9F793B900BFC0140124014B586A11
:10DAE000704700BF000C0040054B6FF002021B683E
:10DAF00058631A61DA6842F00202DA60704700BFC8
:10DB0000C0140124064B6FF002021B681A615A69A7
:10DB100042F002025A61DA6842F00202DA607047AB
:10DB2000C0140124034B1A68D36823F00203D360A6
:10DB3000704700BFC0140124024B6FF002021B6843
:10DB40001A617047C0140124064B074A1B68596AC2
:10DB500011605A6B054B1A60054BDA68054B1A6069
:10DB6000704700BFC014012410150124BC14012407
:10DB7000000C00400C150124064B074A1B68126874
:10DB80005A62064A12685A63054B1A68054BDA60F6
:10DB9000704700BFC014012410150124BC140124D7
:10DBA0000C150124000C00405028F8B51CD000F0E2
:10DBB0000F040C2C56D8DFE804F0074151071F551D
:10DBC0005555552723071F00144654F8045B45B1EB
:10DBD00000F07006102E08BF11460D44020648BF23
:10DBE0002D681D602046F8BD033222F0030454F86E
:10DBF000045B1D602046F8BD144654F8085BE6E758
:10DC0000144634F9025BE2E700252F46144614F867
:10DC100001CB0CF07F06BE401CF0800F45EA0605E4
:10DC200007F10707F3D11F2FD1D81CF0400FCED03A
:10DC30004FF0FF3606FA07F73D43C9E700252F46A8
:10DC4000144614F801CB0CF07F06BE401CF0800F88
:10DC500045EA060507F10707F3D1B8E7144634F89B
:10DC6000025BB4E702F0E4F800F07000202811D065
:10DC70000BD9402806D050280AD030280DD10846AC
:10DC800002F0CCB8084602F0B9B808B1102804D1A7
:10DC900000207047084602F0C5B808B502F0C8F881
:10DCA000F8B50C461546074608B102F0A7F82860FB
:10DCB0002678FF2E04F1010429D1686023782B75A2
:10DCC000FF2B04F1010032D0102300242B752246D3
:10DCD00010F8011B01F07F039340090644EA030496
:10DCE00002F10702F4D40444EC6003786B7500245D
:10DCF0000130224610F8011B01F07F0393401C43C2
:10DD00000B0602F10702F5D404442C61F8BD394634
:10DD10003046FFF7A9FF224601462B1D3046FFF78C
:10DD200043FF0446601C23782B75FF2BCCD10023C6
:10DD3000EB60DAE72DE9F04F00F0030499B000231F
:10DD4000012C884617460C9300F096800DD3022CC8
:10DD500040F05F823946404602F03CF8002800F06F
:10DD60009B80092019B0BDE8F08F0207F2D401238F
:10DD7000049318AA002342F82C8D194600923846C5
:10DD80000C2201F0B7FA384602F03EF80590002860
:10DD9000E0D012AB1A46059906933846FFF780FF8C
:10DDA00005469DF85C00FF2800F0E5803946FFF746
:10DDB0005BFF044600230DF1440B1946CDF800B07B
:10DDC0000F223846149401F073FA119E169B26F028
:10DDD00001069D4206F1FF3680F0D4800DF13C0A29
:10DDE0000DF140099DF85D40FF2C4FF0000103D07C
:10DDF0002046FFF739FF01462A4620465346FFF7E3
:10DE0000D3FE9DF85D40FF2C05464FF0000103D086
:10DE10002046FFF729FF01462A4620464B46FFF7DA
:10DE2000C3FE9DF85D40FF2C05464FF0000103D076
:10DE30002046FFF719FF01462A4620465B46FFF7BA
:10DE4000B3FE00240546214615F8012B02F07F039E
:10DE50008B401C43130601F10701F5D4129B0F9A66
:10DE60001344B3421FD9049BDB0700F19180049B4C
:10DE70001C0715D500F00CFB10F008041CD018AAE4
:10DE800044F0020442F82C1D3846009219460C2238
:10DE9000049401F02FFA76E7082019B0BDE8F08F5E
:10DEA000404600F0D7F9109A1344B34200F288803C
:10DEB000169BAB4296D8D6E712AB009306930D2281
:10DEC000234621463846D8F8205001F0F1F9129B3C
:10DED0009D4202D0022304934BE718AA234642F83E
:10DEE0002C8D2146009238460C2201F003FAD8F816
:10DEF00030300393002BD3D0D8F828301A46D8F806
:10DF00002C3005930DF13C0A0DF140091346002B0E
:10DF10001C46C0F22781032518A9002341F8288D4B
:10DF20001A4600913846194601F0E4F900231946D3
:10DF30000122CDF800A038460F9401F0DBF9002350
:10DF400019460F22CDF80090384601F0B1F9109B28
:10DF5000039ACDF8009003F00104002314433846DF
:10DF600019460F22109401F0C5F9022D05D00720A3
:10DF700019B0BDE8F08F00241CE7404600F00EFB0E
:10DF80000720EFE6049BD9077FF571AF0DF140093B
:10DF900000240394002319460D22CDF80090384642
:10DFA0000C9D01F085F9059A109BC8F82C20039A66
:10DFB000C8F83020C8E90954C8F820300620D1E656
:10DFC000119B002B3FF4C6AE139A9A180392002CB3
:10DFD00000F0F080169B013C2344002A3FF4BAAEC7
:10DFE000002B00F0F880049A12F00802099200F069
:10DFF000038147214E2288F8001088F8012055211E
:10E00000432288F8021088F8032046214F2288F81E
:10E01000041088F805205221002288F8061088F89C
:10E020000720CDE90A7A00220792CDF8209000243B
:10E03000214600E02B461D4615F8010B00F07F023B
:10E040008A40060644EA020401F10701F2D41F29BE
:10E0500005D8400603D501228A40524214430026C7
:10E060003146A14613F8010F00F07F028A401643A3
:10E07000020601F10701F5D41F2905D8470603D58B
:10E0800001238B405B421E43002C4CD04EDC04F13C
:10E09000010ACAEB8A72159B03EB820753F8221020
:10E0A000B8F1000F01D0099B2BB151B3002E00F045
:10E0B0008B80AB19BBE70C9B119329B991E057F802
:10E0C000041F002900F08D8039445B460022404641
:10E0D00000F00CFA0028F2D0E8E7E2005242DDE955
:10E0E00014131A44089BFFF75FFD109949B1B8F16A
:10E0F000000FDBD00CAB0022404600F0F7F90028FF
:10E10000D4D0049BD8074A46DDE90A7ADDF820908E
:10E110003FF540AF099B002B3FF4F8AE002CBFF653
:10E12000FAAE00F0C3F901230793BFE79DF85C0046
:10E13000FF283BD000F00703042B6AD801A252F855
:10E1400023F000BF5FE1050813E2050859E1050867
:10E150005FE10508DBE0050862005242BFE7A2006C
:10E160005242BCE701331D46DDE905123846FFF790
:10E1700097FD9DF85C00FF281AD03946FFF774FD23
:10E18000C5EB85729200159D1490AB58154433B1C0
:10E190002A46002352F8041F01330029FAD1042231
:10E1A000C8E90C25C8E90A300325B5E6002296E740
:10E1B0000020E5E7039B002B3FF4CCAD049BDA077E
:10E1C0003FF5C8AD0225A7E6DDE90739DDE90A7AA2
:10E1D000002B3FF4BFAD049BDD073FF5BBAD002432
:10E1E000F0E7049B0A9FDDF82090DE075546DDF836
:10E1F0002CA03FF5CFAEB7E798F80720012A0CBF57
:10E2000058F8202C08F158020C920AE700F0A0F808
:10E2100030E601F00DFE00BF0378472B01D000204F
:10E22000704743784E2BFAD18378552BF7D1C378BA
:10E23000432BF4D10379432BF1D143792B2BEED12E
:10E2400083792B2BEBD1C07901288CBF00200120D2
:10E25000704700BF10B530B1044600F079F8204691
:10E26000FFF7DAFF08B900F013F954F8140C00F0C6
:10E27000FBF800BF2DE9F04F85B00246FFF7CCFF59
:10E2800050B152E906851046966AD2E90C7400F046
:10E290005FF8404600F006F9104600F059F800F02B
:10E2A00005F900F055F800F0F3F800F051F800F02F
:10E2B000D3F8036893F827200DF1100A012A0CBF48
:10E2C0001A6803F178024FF0000820334AF8082D4D
:10E2D00027F0030B0193C146B1451BDA276807B14C
:10E2E0002744534600223946019800F0FFF8E8B968
:10E2F0003B6814491B69009304AA012342F8040DEA
:10E300003846009FB847002818BF804609F1010928
:10E310005C44E1E7B8F1000F10D0042000F0D2FA1D
:10E32000094B0360094A074900F0F0F900F00AFAC6
:10E3300000F04EF800F04CF800F0D2F8284600F05B
:10E3400093F800BFC4BE060848BF0608B5E7050835
:10E3500038B5044600F084F822780368472AA4F10F
:10E36000200104D08BBB1C460160204638BD62787A
:10E370004E2AF7D1A278552AF4D1E278432AF1D176
:10E380002279432AEED162792B2AEBD1A2792B2A6A
:10E39000E8D1E279012AE5D854F80C2C002A11DBE7
:10E3A0000132456844F80C2C8B4205F1FF3545607D
:10E3B0001CBF44F8103C01602046646A00F070FF06
:10E3C000204638BDC2F10102EBE700F061F800BF62
:10E3D00008B500F041F80246006870B390F82030AC
:10E3E000472B06D0002313602030BDE8084000F022
:10E3F00059BF90F821304E2BF4D190F82230552B94
:10E40000F0D190F82330432BECD190F82430432BFB
:10E41000E8D190F825302B2BE4D190F826302B2B27
:10E42000E0D190F82730012BDCD84369002B05DBC5
:10E43000013B002B07D00DDB436108BD0133FBD14D
:10E4400001691160F8E7036913602030BDE80840F6
:10E4500000F028BF00F01CF800487047207300242B
:10E46000004870472073002408B5804701F0E0FCA5
:10E47000FFF76EFF01F0DCFC0D460446FFF7A8FF36
:10E48000013501D000F02CF82046FFF7F3FE00BF65
:10E4900008B5034B1868BFF35B8FFFF7E5FF00BFBC
:10E4A000440E002408B58047FFF7F2FF08B5034B80
:10E4B0001868BFF35B8FFFF7F5FF00BF480E00241D
:10E4C000024B1868BFF35B8F704700BF440E0024F7
:10E4D000024B1868BFF35B8F704700BF480E0024E3
:10E4E0001EB400F08DF81EBC01F09EFAF0B5027863
:10E4F000472A83B00D461F461ED00023254C0193AA
:10E50000236820469B68984780B1019B1B68019354
:10E5100002262B68214628461C6901AA0123A04730
:10E5200030B1019B3B60304603B0F0BD0126F0E7FF
:10E530000646304603B0F0BD43784E2BDDD18378DC
:10E54000552BDAD1C378432BD7D10379462B15D07D
:10E550000379432BD1D143792B2BCED183792B2B2C
:10E56000CBD1C379012BC8D850F8204C02D05830F9
:10E570000190C5E7204654F8784CF9E743794F2BD2
:10E58000E6D18379522BE3D1C379002BE0D10193FB
:10E59000014CB5E7BCBE0608B4BE060810B504467B
:10E5A000FFF75EFF2378472BA4F1200204D0836895
:10E5B00023BB8260012010BD63784E2BF7D1A37876
:10E5C000552BF4D1E378432BF1D12379432BEED1B2
:10E5D00063792B2BEBD1A3792B2BE8D1E379012B9A
:10E5E000E5D854F8043C0133012B44F8043CE1D154
:10E5F000836844F8083C8260012010BDFFF748FFA3
:10E6000008B5FFF72DFF836883B393F82020472ACE
:10E6100004D00022826003F1200008BD93F821207D
:10E620004E2AF6D193F82220552AF2D193F82320CE
:10E63000432AEED193F82420432AEAD193F82520E7
:10E640002B2AE6D193F826202B2AE2D193F8272013
:10E65000012ADED8DA69013ADA61002ADBD19A6947
:10E66000826000229A6103F1200008BDFFF710FFCD
:10E67000012810B51AD8BFF35B8FA1F1280353E826
:10E68000002F013A43E800200028F8D1BFF35B8F48
:10E690005AB951F81C3C01F158040BB12046984777
:10E6A0002046BDE8104000F025B910BD51F8140C0B
:10E6B000FFF7DAFEF8B5002540E91E1240F8805C4D
:10E6C0000446FFF705FF44F8700CFFF7F9FE4723F7
:10E6D00043224E2755260C4904F8583C2B2304F8B6
:10E6E000515C04F8577C04F8566C44F8501C04F84C
:10E6F000552C04F8542C04F8533C04F8523C44F8CC
:10E700006C0CA4F18000F8BD71E60508F8B505466B
:10E710000E461746FFF7A4FE4368044601333A4607
:10E72000314663602846FFF7C5FF0446012344F8DD
:10E73000283B204601F066F92046FFF709FEFFF767
:10E74000A7FE00BF10B5FFF78BFED0E900420132F3
:10E75000426064B194F82020472A0AD00022026067
:10E760002034204601F072F92046FFF7F1FDFFF753
:10E770008FFE94F821204E2AF0D194F82220552AB9
:10E78000ECD194F82320432AE8D194F82420432A9A
:10E79000E4D194F825202B2AE0D194F826202B2AC6
:10E7A000DCD194F82720012AD8D8626952426261EC
:10E7B000D6E700BF704700BF00487047A0BE0608FC
:10E7C00010B504210446EFF755F8204610BD00BFF0
:10E7D000F0B4224C6368A0F108061BB350F8087C23
:10E7E000F519AB421ED822D05968002931D08D428C
:10E7F00003D32EE0954205D211464A681C1D0B46F4
:10E80000002AF7D195421CD023681A6899188E42C5
:10E810001CD05B6840F8043C236840F8087C5E60CC
:10E82000F0BC704740F8043C6660F0BC7047D3E928
:10E830000023174440F8087C40F8043C6660F0BCB4
:10E840007047D5E900324A601F44DDE717441F6076
:10E85000EBE70A4604341946D4E700BF2C730024C2
:10E8600030B4174C00F108026368082A38BF082248
:10E8700003B30732196822F007028A4204D81BE06A
:10E8800001688A4205D9034658680028F8D130BC8F
:10E89000704704338C1A072C456808D981184D60DD
:10E8A0008450186802601960083030BC70470160FD
:10E8B0001D60F9E71846EAE71846231DEAE700BF9E
:10E8C0002C73002410B500F18004204602F000FBF8
:10E8D00038B1034680220021184602F049FF8030FB
:10E8E00010BD2046FFF7BCFF03460028F2D1FFF71A
:10E8F000CFFD00BF064A93688038984203D9D2689A
:10E900001344984201D302F0EBBAFFF761BF00BF96
:10E910002C73002438B5084C4FF41E652846E5607A
:10E9200002F0D6FAA06020B100236060C0E9005375
:10E9300038BDE060606038BD2C73002410B5034B17
:10E940000360044600F0C2F8204610BD90BF0608E0
:10E9500010B5054B0360044600F0B8F820460C21C2
:10E96000EEF788FF204610BD90BF060870B582B054
:10E970000E46069C9442054609D0A8680568069490
:10E980002C6A3146A44602B0BDE870406047194683
:10E990000192009300F062F8DDE900320028ECD02B
:10E9A000062002B070BD00BF2DE9F04F0E4681B0C9
:10E9B00019461F4691468346DDE90A4ADDE90C8582
:10E9C00000F04CF870B1002E2C6085F804901DDB2F
:10E9D0003444A0450CBF06240124AC71002001B0D2
:10E9E000BDE8F08F444516D0DBF80800D0F800C031
:10E9F000CDE90C85CDE90A4ADCF81C403B464A4685
:10EA00003146A44601B0BDE8F04F60470236E5D17B
:10EA10000123AB71E2E75146584600F01FF8002889
:10EA2000E2D085F80590D9E72DE9F04107460C467C
:10EA300015461E4600F084F808B1BDE8F081B868BC
:10EA400007682146BC6933462A46A446BDE8F04122
:10EA5000604700BF704700BF0020704781420FD061
:10EA600008B5406803782A2B0CD049680B782A2B0C
:10EA700008BF013103F0F8F9B0FA80F0400908BD91
:10EA800001207047002008BD70B5036884B00024E1
:10EA90009E69009410231546CDE9023412688DF862
:10EAA00004406B46B0479DF8043003F00603062B84
:10EAB00003BF009B2B600120204604B070BD00BF47
:10EAC000009890420CBF06200120704710B5034B00
:10EAD00003600446FFF7BEFF204610BD04C00608D1
:10EAE00010B5054B03600446FFF7B4FF204608212C
:10EAF000EEF7C0FE204610BD04C006082DE9F04127
:10EB0000DDE90814069D8D4290461F4606460CD04E
:10EB100039463046FFF7A2FF20B10123256084F873
:10EB20000480A3710020BDE8F0810799FFF796FFEC
:10EB30000028EDD084F805800020BDE8F08100BFFA
:10EB400038B515461C46FFF789FF20B10822062379
:10EB50002560E260237138BD2DE9F04117461C465F
:10EB600006460D46FFF77AFF08B9032C01D9BDE828
:10EB7000F0812B683A46314628465B69BDE8F04192
:10EB8000184700BF7BB972B90029BEBF00204FF003
:10EB9000004106E008BF00281CBF6FF000414FF0A5
:10EBA000FF3001F043B9ADF1080C6DE904CE002946
:10EBB00009DB002B1ADB00F04DF8DDF804E0DDE99D
:10EBC000022304B07047404261EB4101002B1BDB84
:10EBD00000F040F8DDF804E0DDE9022304B0404233
:10EBE00061EB4101524263EB43037047524263EBD6
:10EBF000430300F02FF8DDF804E0DDE9022304B060
:10EC0000404261EB41017047524263EB430300F025
:10EC100021F8DDF804E0DDE9022304B0524263EBA1
:10EC20004303704753B94AB9002908BF00281CBFE5
:10EC30004FF0FF314FF0FF3001F0F8B8ADF1080CA4
:10EC40006DE904CE00F006F8DDF804E0DDE902230A
:10EC500004B070472DE9F047089E04468846002B13
:10EC60004BD18A42154667D9B2FA82F24AB1C2F153
:10EC7000200701FA02F320FA07F7954047EA030854
:10EC800094404FEA154E230CB8FBFEF71FFA85FCA3
:10EC90000EFB178843EA084307FB0CF1994209D998
:10ECA000EB1807F1FF3080F01B81994240F2188188
:10ECB000023F2B445B1AA4B2B3FBFEF00EFB1033F1
:10ECC00044EA034400FB0CFCA44509D92C1900F1CB
:10ECD000FF3380F00781A44540F2048102382C44C0
:10ECE00040EA0740A4EB0C0400271EB1D4400023E7
:10ECF000C6E900433946BDE8F0878B4209D9002EAA
:10ED000000F0EB800027C6E9000138463946BDE82F
:10ED1000F087B3FA83F7002F47D18B4202D38242A8
:10ED200000F2FA80841A61EB030301209846002E5A
:10ED3000E0D0C6E90048DDE702B9FFDEB2FA82F2B0
:10ED4000002A40F08F80491B4FEA154E1FFA85F8C4
:10ED50000127B1FBFEFC230C0EFB1C1143EA01430F
:10ED600008FB0CF1994207D9EB180CF1FF3002D2E5
:10ED7000994200F2CD808446591AA3B2B1FBFEF04D
:10ED80000EFB101443EA044408FB00F8A04507D921
:10ED90002C1900F1FF3302D2A04500F2B6801846CC
:10EDA000A4EB080440EA0C409FE7C7F1200CBB40ED
:10EDB00022FA0CFE4EEA030E01FA07F420FA0CF5D3
:10EDC00021FA0CF34FEA1E482543B3FBF8F92C0C4B
:10EDD00008FB19331FFA8EFA44EA034309FB0AF4CD
:10EDE0009C4202FA07F200FA07F10BD91EEB03036B
:10EDF00009F1FF3080F087809C4240F28480A9F1C5
:10EE0000020973441B1BADB2B3FBF8F008FB1033CF
:10EE100045EA034400FB0AFAA24508D91EEB0404A4
:10EE200000F1FF336BD2A24569D90238744440EA3D
:10EE30000940A0FB0289A4EB0A044C45C2464B469C
:10EE400054D351D0002E69D0B1EB0A0564EB030412
:10EE500004FA0CFCFD40FC404CEA0505C6E90054F0
:10EE6000002747E7C2F1200320FA03F7954001FA93
:10EE700002F021FA03F34FEA154E3843010CB3FBBD
:10EE8000FEF71FFA85F80EFB173341EA034107FB33
:10EE900008F38B4204FA02F407D9691807F1FF3C22
:10EEA0002FD28B422DD9023F2944CB1A81B2B3FB1A
:10EEB000FEF00EFB103341EA034100FB08F38B42E6
:10EEC00007D9691800F1FF3C17D28B4215D90238D7
:10EED0002944C91A40EA07473BE73746304609E765
:10EEE0000746E7E61846FBE64145ABD2B8EB020A17
:10EEF00069EB0E0201381346A4E76046E9E71846BD
:10EF000095E76746D1E781467CE702382C4447E71E
:10EF1000ACF1020C2B442FE7384608E73746E9E608
:10EF200003685A004CBF43F0004323F000431844E9
:10EF3000704700BF61B32DE9F84F01F1FF3A9046E9
:10EF40000646D146002707EB090404EBD47464108D
:10EF5000E50071190846FFF7E3FFA245834605F176
:10EF60000800304409D0FFF7DBFFC34500F1FF3054
:10EF700005D8404509D2671CE5E7C34505D9A74236
:10EF800002D004F1FF39DEE700210846BDE8F88F22
:10EF900008467047012807D0022807D0044B0028F4
:10EFA0000CBF18460020704702487047024870475F
:10EFB00081F6050885F6050889F6050830B5254B64
:10EFC00083B004468D1E4BB301A92846AFF30080E1
:10EFD000F0B101992A46FFF7ADFF0146C0B1FFF736
:10EFE0009FFF4B68A064012B2ED0002B01F1040081
:10EFF00026DBFFF795FF0023C4E913030368002B0A
:10F0000012DBFFF78DFF00232061184603B030BDEF
:10F01000002323610923184603B030BD0E490F4871
:10F02000091AC9100191D5E7C3F30360FFF7B2FFD6
:10F03000002814BF002309232061184603B030BD07
:10F040000123C4E91303D9E70023236105231846EC
:10F0500003B030BD0000000058CF0608A8C706085E
:10F060000368DA0710B5044606D49B0700F1480090
:10F0700009D500F05FFC2368590709D51A070ED59A
:10F08000DB0613D510BD00F04DFC23685907F5D4FD
:10F0900004F1D00000F056FC23681A07F0D404F500
:10F0A000A87000F057FC2368DB06EBD404F5E87089
:10F0B000BDE8104000F092BC036803B10344184659
:10F0C000704700BF09207047704700BF70B5044605
:10F0D0000D4608E02B6C63612A4623692146012016
:10F0E0009847082808D1296C2046FFF767FF064695
:10F0F0000028EFD000F09CFE0728FBD13046296C99
:10F10000FFF7E2FF281D00F001FC00BF2DE9F047EA
:10F110000C1D054617460FCCADF5727D03AE0FC62C
:10F120000FCC0FC60FCC0FC694E80F0002ACD5F879
:10F130000C80D5F8189086E80F000023236021E0AA
:10F14000236C6B614FF4F07221467AA802F012FA38
:10F150002B697AAA294630469847889BCDE9004911
:10F160008246636431462B462A460120C047074643
:10F17000F8B94FF4F0727AA9204602F0FBF9BAF11F
:10F18000080F1CD1216C2846FFF718FF002F08BF7D
:10F190000926074618BF0A260028D1D0A36B46F0DF
:10F1A0001001CDE900492A46636401202B46C0477F
:10F1B00000B1092738460DF5727DBDE8F087BAF138
:10F1C000070FF6D13846216CFFF77EFF03A800F049
:10F1D0009DFB00BF406C7047F0B5CB6B0B640D1D01
:10F1E0000F4606460FCDF9B001AC0FC40FCD0FC4CA
:10F1F0000FCD0FC495E80F004FF0FF3584E80F00E6
:10F20000009506E033696A46314698470828044667
:10F2100008D110993046FFF7D1FE0028F2D009201E
:10F2200079B0F0BD6846FFF71BFF062CF7D13946D1
:10F230003046FFF74BFF00BF30B4DD6BC160826129
:10F2400019461D64002230BC60E700BF70B5C66877
:10F2500043690B64BEB903690A4604460D4601467C
:10F2600002209847072807D0082803D129462046BE
:10F27000FFF72CFF00F0DCFD3046296CFFF724FF80
:10F28000281D00F043FB0122FFF740FF00F0D0FDF6
:10F29000C2681AB1CA6B0A64002237E79CE700BF54
:10F2A000704700BF836813B10146012018477047BB
:10F2B000042907D8DFE801F00308060808000BB9A5
:10F2C0000F2A03D9022070470120704700EB820209
:10F2D00018465368009A1360704700BF10B584B099
:10F2E000002303AC0A4600941946FFF7E1FF039898
:10F2F00004B010BD042907D8DFE801F003080608B0
:10F3000008000BB90F2A03D902207047012070476B
:10F3100000EB8200009A126842601846704700BFF6
:10F3200010B584B004AC002344F8042D0A460094C0
:10F330001946FFF7DFFF04B010BD00BFF0B5D36B77
:10F340001364151D07460E460FCDADF50F7D17ACA6
:10F350000FC40FCD0FC40FCD0FC495E80F004FF0B1
:10F36000FF3584E80F00169510E016A8FFF7D8FFC8
:10F37000314616A8B84716AA694678B9049B0820F2
:10F380009847052804460AD0092807D026996846D8
:10F39000FFF714FE6A460C210028E6D0092416A8BF
:10F3A000FFF75EFE20460DF50F7DF0BD2DE9F04F15
:10F3B0000D46C96C89B00C1D164600F0030B0A6897
:10F3C00006941F46002B68D0130CD9B212048DF896
:10F3D0001D30022304EB810405928DF81C302B6D47
:10F3E000BBF1020F08BFAC6B13F0010346D10193D0
:10F3F00000F008030093D4F80090B9F1000F00F07A
:10F40000F380022F45D0B4F80090B4F802800434A1
:10F41000AB6C28F0010A0F2130469A44FFF75EFFDB
:10F42000824534D829F001035344834294BF00201D
:10F4300001204FEA480808F0020809F0010948EAEB
:10F440000908B8F1010F3AD031D3B8F1020F1AD13F
:10F45000236823F0004ABBF1000F66D130B1009A57
:10F46000002A6CD0BAF1000F00F09080002B00DA77
:10F4700004340AF1010304EB8304BCE7304605A918
:10F4800000F046FB78B1092009B0BDE8F08F0020FC
:10F49000CFE7D4F804800834BAE7120203230592B8
:10F4A000ADF81C309BE7082009B0BDE8F08FBBF138
:10F4B000000F02D0002840F0B48004349BE7BBF179
:10F4C000000F18D1A8B1D4E90023991C4FEAD272D9
:10F4D000D9D005F158010133049100F0B580201D09
:10F4E000FFF7EAFD04AB01462846FEF7FFFF0028C0
:10F4F00067D108347FE70D213046D5F82080FFF72B
:10F50000EDFE8045F5D1AB6A9C42F2D12046FFF773
:10F5100007FD0F2102463046FFF702FF30462A461C
:10F520000021FFF7FDFE0720AEE70D213046D5F89C
:10F530002080FFF7D3FE804532D0236896E7BAF1EA
:10F54000000F23D005F1580304F10408CDF808B0EA
:10F55000DDF800900397A3461C4602E05745B946E4
:10F5600040D040460494FFF7A7FD04AB01460022BB
:10F570002846FEF7BBFF09F1010708F1040800283F
:10F58000ECD0D1455C46DDE902B7D6D130460D213D
:10F59000FFF7A4FE049B2862C5E90934062073E73F
:10F5A000AB6A9C42C9D104224FF00008A318C5E9F8
:10F5B0000AA8C5E90C23236843454DDB01230193C9
:10F5C00057E780460D213046FFF788FEB8F1020F5D
:10F5D00028623ED12B46049A43F82C2F6B62AC6212
:10F5E000062051E75C46D1E705A9304600F090FAC5
:10F5F00000287FF448AF019B002B3FF454AF0F214C
:10F600003046FFF76BFE0E2102463046FFF788FEBC
:10F6100030461A4A0F21FFF783FE072009B0BDE8E4
:10F62000F08F2046FFF77CFC04340746AC63284685
:10F63000FEF7B4FF00283FF426AF30463A460F21CC
:10F64000FFF76EFE07201FE730460D21FFF746FE4D
:10F650002862049B6B62C2E70AF1010004EB8000A0
:10F66000FFF75EFC0F2102463046FFF759FE304699
:10F670002A464146FFF754FE072005E775E20508D4
:10F68000002393E6012391E602238FE62DE9F04162
:10F690000546C4B0042906D8DFE801F04D2B050368
:10F6A0000900032B5FD0022044B0BDE8F081002B9D
:10F6B000F9D1102AF7D82B68DC0600F1F48022ACCF
:10F6C0002046019200F094F9A86B019A00230126CC
:10F6D00006FA03F1114203D0016844F82310043004
:10F6E0000133042BF4D1A863204600F077F9002001
:10F6F000DAE7012B4FEA124697B252D0052BD2D14E
:10F7000006EB0708B8F1200FCDD80F2E40F29980F4
:10F71000B846002F40F0DB80AA6BAA630F2E40F2A0
:10F72000BE80B8F1000F02D002A800F00BF9002053
:10F7300044B0BDE8F081002BB5D1AC6B97B2281D69
:10F74000012606FA03F1394203F1010302D02168D0
:10F7500001600434102B00F10400F2D112F40050C7
:10F76000E5D1AC63A0E7160C97B2F319102B9AD829
:10F770002B681A075DD422AC204600F00DF904EB8B
:10F78000C601AB6B3FB103EBC702186841F8040B2D
:10F7900004339342F9D12046AB6300F0DBF800203C
:10F7A00082E7F219102A3FF67EAF0F2E3FF67BAFAD
:10F7B0002A68D10708D5284622F0030240F8482BD2
:10F7C000019300F0B3F8019B019322AC204600F0B6
:10F7D000ADF8A96B019B002F00F095807F0004EB32
:10F7E000C6044FF00008043C01EB870251F8040BFB
:10F7F00044F8040F9142F9D1B8F1000F0FD002ACD8
:10F80000102E314638BF102104EBC101843902EBC0
:10F81000C80452F8040B41F8040F9442F9D1012BAB
:10F820007FF47BAF22AC0432AA63204600F07AF862
:10F830007DE723F008032B6005F5A87000F0ACF815
:10F8400099E7B8F1100F2A6843D9D007A8F110083A
:10F850000BD5284622F0010242F0020240F8482B64
:10F86000019300F06BF82A68019B510725D40F2EF5
:10F8700004D822A8019300F061F8019B019302AC27
:10F88000204600F063F8C6F110010029AA6B019B25
:10F89000B6DD22AC4F0004EBC6041146A3E722A854
:10F8A00000F048F83DE723F010032B6005F5E87001
:10F8B000019200F09DF8019A01E7284622F0040227
:10F8C00040F8D02B019300F041F8019BCFE72A6864
:10F8D000CBE7D0070AD5284622F0010242F0020207
:10F8E00040F8482B019300F029F8019B019322ACCA
:10F8F000204600F023F8B846A96B019B002F7FF447
:10F900006DAF0A4609E70A468DE700BF00F13401F2
:10F9100091E838009C46A6464CF8045D90E8FF0F3D
:10F92000E54600BD90EC210B704700BF80EC210B39
:10F93000704700BF90EC200B704700BF80EC200B9D
:10F94000704700BFD0EC200B704700BFC0EC200B0D
:10F95000704700BFF0EC0201F0EC0211F0EC022164
:10F96000F0EC0231F0EC0241F0EC0251F0EC0261FB
:10F97000F0EC0271F0EC0281F0EC0291F0EC02A1EB
:10F98000F0EC02B1F0EC02C1F0EC02D1F0EC02E1DB
:10F99000F0EC02F1704700BFE0EC0201E0EC021174
:10F9A000E0EC0221E0EC0231E0EC0241E0EC02513B
:10F9B000E0EC0261E0EC0271E0EC0281E0EC02912B
:10F9C000E0EC02A1E0EC02B1E0EC02C1E0EC02D11B
:10F9D000E0EC02E1E0EC02F1704700BFB0FC018115
:10F9E000B0FC0191B0FC01A1B0FC01B1704700BFB7
:10F9F000A0FC0181A0FC0191A0FC01A1A0FC01B12F
:10FA0000704700BFEC4600B52DE900502DE9FF1FFF
:10FA10004FF000032DE90C0001A9FFF7DDFBDDF835
:10FA200040E012B0704700BFEC4600B52DE9005031
:10FA30002DE9FF1F4FF000032DE90C0001A9FFF78E
:10FA400005FCDDF840E012B0704700BFEC4600B5A1
:10FA50002DE900502DE9FF1F4FF000032DE90C00A8
:10FA600001A9FFF715FCDDF840E012B0704700BFB8
:10FA7000EC4600B52DE900502DE9FF1F4FF00003C3
:10FA80002DE90C0001ABFFF7D7FBDDF840E012B029
:10FA9000704700BFEC4600B52DE900502DE9FF1F6F
:10FAA0004FF000032DE90C0001AAFFF747FCDDF839
:10FAB00040E012B0704700BF027A82B9437AABB11E
:10FAC0004268013B10B4437213680321141D017294
:10FAD0001A02446002605DF8044B180E7047036818
:10FAE000013A02721A020260180E7047B020704785
:10FAF00000B585B003AA0023009219460C22FFF737
:10FB0000D7FB039805B05DF804FB00BFF0E700BF2A
:10FB10002DE9F043054685B00E464FF0000830460B
:10FB2000FFF7CAFFB028044600F0B180070620D5D1
:10FB300000F0F003802B65D0902B36D0A02B78D02E
:10FB4000B02B47D0C02B00F08A8000F0F803D02BF8
:10FB50000BD100F00702013242F4002205230121FB
:10FB60002846FFF793FD0028D9D0092005B0BDE84D
:10FB7000F0830DF10C09002319468700CDF80090A1
:10FB80000D222846FFF794FBFFB2039BCDF80090AF
:10FB9000043760064CBFDF1BFF18002319460D22F7
:10FBA00028460397FFF7A6FBB9E700F00D030D2BDE
:10FBB000DBD003AF002300F00F0219460097284660
:10FBC000FFF776FB0023009719460D222846FFF722
:10FBD00091FBA4E7B1285FD0B22800F0CC80B32815
:10FBE0007ED000F0FC03B42BBFD000F0070201323E
:10FBF000012342F4002219462846FFF747FD00285A
:10FC00008DD0B2E73046FFF757FF24020443B4F526
:10FC1000004FAAD024010023A2B219462846FFF7BC
:10FC200035FD0028A1D114F4004F18BF4FF0010892
:10FC300075E7C24302F007034FF47F621A410107E0
:10FC400002F47F624FF0000348BF42F4804219463D
:10FC50002846FFF71BFD00283FF461AF85E7C62863
:10FC600051D0C7285AD000F0F803C02B69D0C8285B
:10FC700075D0C9287FF479AF3046FFF71DFF020326
:10FC800000F00F0002F470220130024366E7B8F181
:10FC9000000F14D0002069E73046FFF70DFF002861
:10FCA0003FF463AF10F0F0037FF45FAF02461946F4
:10FCB0002846FFF7EBFC00283FF431AF55E703ACD3
:10FCC00043460E22414600942846FFF7F1FA00947D
:10FCD000284643460F224146FFF70CFB404645E7C6
:10FCE0003046FFF7E9FE010300F00F0001F4702138
:10FCF000421C01230A4328461946FFF7C7FC002887
:10FD00003FF40DAF31E73046FFF7D6FE010300F0B8
:10FD10000F0001F47021421C0323EBE73046FFF78C
:10FD2000CBFE024600283FF420AF10F0F0037FF432
:10FD30001CAF04212846FFF7A9FC00283FF4EFAED2
:10FD400013E700F00F020132032342F42022194688
:10FD50002846FFF79BFC00283FF4E1AE05E730465C
:10FD6000FFF7AAFE00F0F00200F00F03103201339B
:10FD700043EA0232F2E600230DF10C090D22194686
:10FD8000CDF800902846FFF793FA3046FFF794FE2F
:10FD900002064FF002070CD5039B00F07F00B8402D
:10FDA000034430460393FFF787FE030607F1070776
:10FDB000F2D4039BCDF8009000F07F0403F50172AC
:10FDC000BC400023144419460D2228460394FFF733
:10FDD00091FAA4E610B5C36C84B05A6803208DF87C
:10FDE0000C00DC798DF80D4012020833084601A999
:10FDF00001920293FFF78CFE04B010BD08B5FFF727
:10FE000085FE806C08BD00BF08B5FFF77FFEC06CA3
:10FE1000C37900EB8300083008BD00BF08B500F0CF
:10FE200007F800BF08B5FFF7F9FF00BF704700BF34
:10FE300008B5062001F0EEFE0120EDF793FC00BFAF
:10FE4000014B1868704700BF4C0E002470B50029A4
:10FE500048D005460C4610B1836B002B48D0626E2B
:10FE6000B4F90C30D00740D4990530D52146284646
:10FE700000F05CF8E36A064633B1E169284698472A
:10FE80000028B8BF4FF0FF36A3891A063CD4216B77
:10FE900041B104F14003994202D02846ECF786FDB7
:10FEA00000232363616C21B12846ECF77FFD00231A
:10FEB000636400F0E9F9636E0022DB07A2811FD5BD
:10FEC000A06D00F087FF00F0E5F9304670BDA06D31
:10FED00000F082FFB4F90C30002BC7D1666E16F02B
:10FEE000010616D00026304670BD002BFAD0BDE7C3
:10FEF00000F04CF9626EB4F90C30D007F5D4B3E7DA
:10FF0000A06D00F06BFFDBE721692846ECF74EFDA2
:10FF1000BDE7A06D00F062FF304670BD024B0146A8
:10FF20001868FFF793BF00BF4C0E0024B1F90C30E6
:10FF30009AB22DE9F0410C461107804644D462681C
:10FF400043F40063002AA38159DDA56A002D53D034
:10FF500000229BB2D8F80060E169C8F8002013F4D1
:10FF6000805240F0838001234046A847421C4AD07B
:10FF7000A389A56AE1695B0705D56268236B801ACE
:10FF80000BB1E36BC01A024600234046A847471C4A
:10FF900045D0B4F90C302269226023F400630022BA
:10FFA000A381DB04626000D52065216BC8F8006086
:10FFB00011B304F14003994202D04046ECF7F6FC3D
:10FFC00000202063BDE8F0812669AEB12568266077
:10FFD00092070CBF63690023AD1BA3600AE02B46A8
:10FFE0003246676AE1694046B8470028A5EB00053C
:10FFF00006442BDD002DF2DC0020BDE8F081E26B31
:020000040806EC
:10000000002AA2DCF8E7D8F80030002BB0D01D2B76
:1000100001D0162B2CD1C8F800600020EDE7D8F8ED
:1000200000101D291AD8154BB4F90C20CB40DB4326
:1000300013F0010314D1256922F40062C4E90053CE
:10004000D504A281B1D50029AFD1ADE7A38943F092
:100050004003A3814FF0FF30BDE8F081B4F90C20DC
:1000600042F04002A2814FF0FF30C6E7206D82E7E8
:10007000A38943F04003A381BFE700BF01004020F4
:1000800038B50D46044608B1836BA3B1B5F90C0031
:10009000B8B16B6EDB0701D481051AD5204629461D
:1000A000FFF744FF6B6EDA07044602D4AB899B0569
:1000B0000AD5204638BD00F069F8B5F90C000028D3
:1000C000E7D10446204638BDA86D00F087FE2046E3
:1000D00038BDA86D00F080FEE0E700BF20B1054B01
:1000E00001461868FFF7CCBF034B0449186800F0BD
:1000F00013BE00BF4C0E00242CC106088100060868
:1001000010B5002304468181C281C0E900338360B9
:100110004366C0E904338361194608225C3001F06C
:1001200027FB07480749084A084BE362C4E9074030
:10013000C4E9091204F15800BDE8104000F048BEBF
:10014000E11C0608051D0608411D0608611D06087C
:10015000014900F0E1BD00BF4DFE050870B54A1E23
:10016000682505FB02F50E4605F17401ECF7D2FB9C
:10017000044640B100210C30666005F16802216040
:10018000A06001F0F5FA204670BD00BF10B504462E
:10019000124800F021FEA26BD2B904F53B7310485F
:1001A000C4F8E8320321C4F8E022E063C4F8E412A2
:1001B00060680421FFF7A4FF01220921A068FFF76E
:1001C0009FFF02221221E068FFF79AFF0123A36339
:1001D0000248BDE8104000F001BE00BF2815012410
:1001E0005101060870B50646244800F0F5FD244B81
:1001F0001D68AB6B83B305F53875D5E90134013B58
:1002000005D525E0013B5A1C04F1680420D0B4F95F
:100210000C20002AF6D100251A4BE36004F15800A7
:10022000656600F0D5FD154800F0D8FD2560C4E9ED
:100230000155C4E90455A5612946082204F15C0072
:1002400001F096FAC4E90C55C4E91155204670BD79
:100250002C682CB12546D0E72846FFF797FFCAE760
:1002600004213046FFF77AFF044628600028F1D1C8
:10027000024800F0B3FD0C233360E7E73415012496
:100280002CC106080100FFFF014800F0A5BD00BF1A
:1002900034150124014800F0A1BD00BF341501242C
:1002A000F0B5134683B00F4601AA1946064605F07D
:1002B0007BFE002836D005463046FFF793FF044604
:1002C00000282FD039464FF4DB73019A304601F0F5
:1002D00099FA071E30DB636EDB0715D51C4B1D49F1
:1002E0001D4AE781C4E90743C4E909121B4BA581F4
:1002F000E905E3620FD4636EDA0702D4A3899B0594
:1003000014D5204603B0F0BDA3899805E6D4A06DAE
:1003100000F062FDE2E7304602230022214600F0B1
:10032000B5F9E8E70024204603B0F0BDA06D00F069
:1003300055FD204603B0F0BD0025FFF7A5FFA581C0
:10034000A06D00F047FD2C46FFF7A4FFD9E700BFE2
:10035000E11C0608051D0608411D0608611D06086A
:10036000024B0A4601461868FFF79ABF4C0E00245C
:1003700030B587B0054608461446019101F0E0FE0D
:1003800001AA01230590CDE9020204930DB1AB6BE4
:10039000FBB1616EB4F90C30C9079AB201D4900573
:1003A00021D5910406D4626E43F4005322F4005226
:1003B000A3816266284603AA214600F009FB636E0A
:1003C000DA07054602D4A3899B0506D5284607B05F
:1003D00030BD2846FFF7DAFEDBE7A06D00F0FEFC3B
:1003E000284607B030BDA06D00F0F6FCB4F90C3023
:1003F0009AB2D6E7024B0A4601461868FFF7B8BF23
:100400004C0E0024F8B5244F0C460646ECF7B3FF1B
:10041000BB685D68C4F57E610F3125F00305294492
:1004200021F47F6121F00F01A1F58054B4F5805FC4
:1004300007DB0021304601F0E7FABB682B44984205
:1004400004D03046ECF79BFF0020F8BD61423046F7
:1004500001F0DAFA01300DD0104BBA6819682D1B83
:1004600045F001053046091B55601960ECF787FF20
:100470000120F8BD0021304601F0C6FABA68831A9F
:100480000F2BDEDD064C0549246843F00103001BF9
:1004900053600860D5E700BFE41300243C730024D8
:1004A000EC170024002953D0F8B50C460646ECF7AB
:1004B00062FF54F804CC714F2CF00101A4F108053F
:1004C0006B18B8685A68984222F0030253D01CF0A7
:1004D000010F5A6003EB02003BD154F808CC40688E
:1004E000A5EB0C0507F1080EAC687445614400F0FB
:1004F000010075D0D5F80CC0C4F80CC0CCF8084089
:1005000060B341F001036B606950B1F5007F50D3D7
:100510004B0A042B70D88B0903F13904E40003F172
:10052000380238193B590838984278D05A6822F076
:1005300003028A4271D99B689842F7D1C368C5E922
:1005400002039D60C5603046BDE8F840ECF717BF78
:100550007047406800F001000028D2D19868484CEC
:100560001144A04241F0010262D0DB68C360986090
:100570006A606950C9E71CF0010F0A4407D154F8BA
:10058000083CED1A1A44D5E90213CB6099603D4B43
:100590001B6842F0010193426960BD6004D83A4B88
:1005A00030461968FFF72EFF3046BDE8F840ECF7FB
:1005B000E6BEC90878684A1C012389108B400343B2
:1005C00007EBC20157F832007B600839C5E9020128
:1005D00047F83250C5603046BDE8F840ECF7CFBE72
:1005E000002845D10A44D3E9021342F00100CB6050
:1005F00099606860AA50D7E7142B08D9542B1ED8ED
:100600000B0B03F16F04E40003F16E0289E703F1C1
:100610005C04E40003F15B0283E718468EE7931065
:100620007968012202FA03F30B437B60034686E7F5
:10063000C7E90455C5E902006A606950B4E7B3F53B
:10064000AA7F06D8CB0B03F17804E40003F177020C
:1006500067E740F25452934206D88B0C03F17D04B5
:10066000E40003F17C025CE74FF47E747E2258E7DD
:1006700041F001026A60196096E700BFE4130024AC
:10068000EC130024F01700246C73002400F000B871
:100690002DE9F04F0C4697B091461F46064618B11B
:1006A000836B002B00F08F80626EA389D20702D487
:1006B0009D0540F1A18003F48473B3F5847F00F0BD
:1006C0009680D4F82880B8F1000F7FD0012F13D086
:1006D000022F00F08780002F00F08480636E1622C6
:1006E000D907326002D4A3899A0577D54FF0FF3538
:1006F000284617B0BDE8F08F21463046FFF7C0FC12
:10070000A38913F4805240F03181E1693B463046C1
:10071000C047411C054600F0DC80A38922695F07C1
:1007200040F1E8806368216BED1A09B1E06B2D1A86
:10073000A9444FF0010A0027002A00F0E580B4F92F
:100740000C3040F61A019AB20A4208D1520566D41A
:10075000944A904500F0FB8043F40063A381214656
:100760003046FFF78DFC002840F0BF803B464A46EC
:10077000E1693046C047013000F0B780216B41B1DC
:1007800004F14003994202D03046ECF70FF9002300
:100790002363A3892269226023F402630021A381D9
:1007A0006160082204F15C0000F0E2FF656E15F064
:1007B000010503D1A3899B0540F1938000252846BC
:1007C00017B0BDE8F08FFFF7E1FC6DE7636E1D2207
:1007D000D80732608AD4A3899A0587D4A06D00F027
:1007E000FDFA83E74FF0000A22695546A4E7214647
:1007F0003046FFF745FC64E7A06D00F0EDFAA389F1
:1008000059E7019AB4F90C3002F47042B2F5004F86
:10081000A2D143F480634FF48062A381E264002F8D
:1008200040F08880CB46BAF1000F72D1A389DB0477
:100830007ED452460123E1693046C047451C8ED024
:100840006368216BC51A1A46002968D0E06B2D1A1F
:10085000A26BD4F810C01D44A2EB0C02AD1A0244E6
:10086000AB4580F28580E56CE1696D4205EA0B05D8
:100870002A4600233046C04701303FF470AF236959
:10088000216B23600023636041B104F1400399426E
:1008900002D03046ECF78AF800232363A389BBEB30
:1008A000050B23F02003A38110D02146304601F030
:1008B0001FF800287FF453AF63685B45FFF44FAF28
:1008C0002268A3EB0B035A44C4E900230822002149
:1008D00068E7636EDA073FF509AFA3899B053FF52B
:1008E00005AFA06D00F07AFA02E7636ED9077FF5D5
:1008F000FAAEFBE618077FF51BAF2368002B3FF429
:1009000017AF9B1A1D4413E72146304600F096FAB4
:1009100015E7216B11B16368E06B99E762682068A5
:10092000D4F810C0A0EB0C002D1A0244002197E768
:10093000206D85E76A46B4F90E10304600F034F8B1
:1009400000287FF40CAF049B09EB030B6BE7B4F9B1
:100950000E100029FFF600AF6A46304600F024F87A
:1009600000283FF44EAFB4F90C30F5E6256DD5E61E
:10097000AB185B457FF677AFABEB05050CEB0503DA
:10098000521BC4E9003241B104F14003994202D044
:100990003046ECF70BF800232363A38923F02003F0
:1009A000A38193E7411D060838B50B46074C054661
:1009B0001146184600232360ECF70DFF431C00D0BE
:1009C00038BD2368002BFBD02B6038BD14150124E3
:1009D0009368002B00F0E4802DE9F04FB1F90C3062
:1009E0009BB20C46190783B08246904635D52269E2
:1009F0009AB313F00202D8F800603DD00027D4F873
:100A000024B0D4F81CC0DFF8C0923D464D452B46BB
:100A10003A4628BF4B4661465046D5B1D8470028D4
:100A200040F3C680D8F808301B1A07442D1AC8F8BE
:100A30000830002B00F0B080D4F81CC0D4F824B0EB
:100A40004D452B463A4628BF4B4661465046002D41
:100A5000E4D1D6E900750836D8E72146504604F0BF
:100A600089FB002840F02A81B4F90C30D8F80060E6
:100A70009BB213F00202C1D113F001095DD1A76846
:100A800020684D46002D54D09A0540F19B80AF421E
:100A9000BB4600F2D88013F4906F2FD0D4E904172E
:100AA00007EB4707A0EB010B07EBD777681C7F101C
:100AB0005844B8423A4684BF07463A465B0540F17F
:100AC000D38011465046EBF725FF002800F0F08058
:100AD0005A462169019000F04DFDA289019B22F444
:100AE000906242F08002A281A7EB0B0203EB0B00A5
:100AF000676123612060A2602F46AB465A46494693
:100B000000F0D2FDA2682368D21B5B442F46A2608E
:100B100023600025D8F80830DB1BB944C8F808303A
:100B2000002B39D0B4F90C30A76820689BB2002D97
:100B3000AAD1D6E900950836A4E733469146104677
:100B400017464E469B46002F6BD0002871D0D4E943
:100B500004122068B9454B4628BF3B46884203D95A
:100B6000A5681544AB4271DC9A4200F393801346AA
:100B7000656AE16932465046A847051E18DDB9EBA3
:100B800005090FD00120D8F808305B1B2E447F1BCD
:100B9000C8F80830002BD6D1002003B0BDE8F08F94
:100BA0000020704721465046FFF76AFA0028EAD035
:100BB000B4F90C3043F040034FF0FF30A38103B091
:100BC000BDE8F08F2369834215D36169A94212D829
:100BD0003C4B676A9D4294BF2B466FF000434A46E8
:100BE00093FBF1F3504601FB03F3E169B847071E9D
:100BF000DEDDED1B8EE7AF4228BF2F463A46494661
:100C000000F052FDA3682268DB1B3A44A360226017
:100C1000002BEED121465046FFF732FA0028E8D0EB
:100C2000C6E70BF1080353E902679B460833002F20
:100C3000F9D03A460A21304600F01AFC38B30130A8
:100C4000A0EB060983E72F46AB4657E731462A4615
:100C500000F02AFD23682B44236021465046FFF70D
:100C60000FFA00288BD0A3E75046EBF7BFFD0346F1
:100C700000287FF439AF21695046EBF797FEB4F9AD
:100C80000C300C2223F08003CAF8002092E707F111
:100C900001095CE71A463146019300F005FD019B0E
:100CA000A1682268C91A1A44A16022601D4666E73D
:100CB0000C23CAF80030B4F90C307BE74FF0FF305A
:100CC0006BE700BFFEFFFF7F00FCFF7F2DE9F041D7
:100CD00010F538771BD088460026D7E90154013D2E
:100CE0000FD4A389012B05F1FF35204605D9B4F9AE
:100CF0000E30013301D0C04706436B1C04F1680479
:100D0000EFD13F68002FE8D13046BDE8F0813E4684
:100D10003046BDE8F08100BF2DE9F84310F5387783
:100D20001FD0884606464FF00009D7E90154013D1F
:100D300011D4A389012B05F1FF352146304606D990
:100D4000B4F90E30013302D0C04749EA00096B1CE8
:100D500004F16804EDD13F68002FE6D14846BDE8B4
:100D6000F883B9464846BDE8F88300BF70B50D4E1C
:100D70000D4D761BB61006D00024013455F8043B07
:100D80009847A642F9D1094E094D761B05F012FE8F
:100D9000B61006D00024013455F8043B9847A6420B
:100DA000F9D170BDF8170024F81700243C1800246E
:100DB000F8170024044B054A1B685B6B002B08BF27
:100DC000134693F8280170474C0E00247812002433
:100DD000704700BF704700BF704700BF704700BF3B
:100DE00070B50C46B1F90E10002996B015461E4696
:100DF0000FDAA289002312F08000336004D14FF48F
:100E000080632B6016B070BD402218462A6016B071
:100E100070BD6A46FFF7C8FD0028EADB019B03F4BA
:100E20007043A3F50053B3FA83F35B094FF4806278
:100E30004FF4006033602A6016B070BD8A89920753
:100E40000B4606D501F1430201211A60C3E90421D2
:100E5000704770B582B001AB6A460C460546FFF795
:100E6000BFFF009906462846EBF754FDB4F90C3055
:100E7000D8B11649E963019A0099206043F08003D4
:100E8000A381C4E904011AB93343A38102B070BD40
:100E90002846B4F90E1005F0C1F8A0B1A38923F0DB
:100EA000030343F001031BB2EEE79A05EED423F0EF
:100EB000030304F1430243F002030121A3812260F2
:100EC000C4E90421E2E7B4F90C30DDE7510106087A
:100ED000024B01461868EBF71DBD00BF4C0E002405
:100EE000024B01461868EBF761BD00BF4C0E0024B1
:100EF0002DE9F04F01F10B05162D83B0064623D8DE
:100F0000102900F2B980ECF736FA102518230220D8
:100F1000C54F3B44A3F108025C68944200F066812F
:100F2000636823F003032344D4E902515A68E9605B
:100F300042F001028D6030465A60ECF720FA083426
:100F4000204603B0BDE8F08F35F0070500F194802E
:100F5000A94200F29180ECF70EFAB5F5FC7FC0F0E3
:100F600083816B0A00F08F80042B00F24681AB096D
:100F700003F1390003F1380CC300AB4F3B44A3F13C
:100F800008015C68A14206D10CE0002A80F21D81B4
:100F9000E468A14206D0636823F003035A1B0F2ABA
:100FA000F3DD60463C69DFF894C2644571D0636844
:100FB00023F003035A1B0F2A00F34481002AC7E9D8
:100FC00004CC80F22681B3F5007F80F06981DB08D4
:100FD000591C7A6857F83180C4F808804FF0010E28
:100FE0009B100EFA03F307EBC10E1343AEF1080298
:100FF000E2607B6047F83140C8F80C408210012461
:1010000094409C424BD81C4206D120F0030064005F
:101010001C4200F10400FAD007EBC009CE4680461E
:10102000DEF80C309E4507D122E1002A80F22981AA
:10103000DB689E4500F01C81596821F003014A1BC2
:101040000F2AF2DDD3E9028E5C1945F001055D60DF
:1010500042F00105C8F80CE03046CEF80880C7E938
:101060000444C4E902CC65605A500193ECF787F957
:10107000019B03F1080463E700240C23204633603E
:1010800003B0BDE8F08F4FF4007340204FF03F0CE9
:1010900073E77B688210012494409C42B3D9BC68FA
:1010A000636823F00309A94503D3A9EB05030F2BBC
:1010B0007BDC5E4BDFF888A11A68DAF80030013378
:1010C00005EB020800F0488108F5805808F10F0888
:1010D00028F47F6828F00F084146304600F094FC61
:1010E000B0F1FF3F834600F0048104EB090058454E
:1010F00000F2FD804E4A13684344136000F04D81B6
:10110000DAF8001001311BBFABEB00001B18CAF866
:1011100000B013601BF0070300F03481C3F1080135
:10112000C3F580538B440833D844C8F30B08A3EBB2
:10113000080841463046019200F066FC431C019AC3
:1011400000F04681A0EB0B01414441F0010113681E
:10115000C7F808B04344BC42CBF80410136015D064
:10116000B9F10F0F40F230816068A9F10C0121F054
:10117000070100F0010004EB010C08434FF0050EDD
:101180000F296060CCE901EE00F23A81294A2A4831
:101190001168BC688B42016888BF136062688B422B
:1011A00022F0030288BF0360A7E0621943F0010345
:1011B00045F0010565603046BA605360ECF7DFF832
:1011C0000834204603B0BDE8F08F2344E1685A6834
:1011D000A56842F00102E96030468D605A60ECF784
:1011E000CEF80834204603B0BDE8F08FDC68A34297
:1011F00008BF02303FF4D6AE92E6142B71D9542BBF
:1012000000F2AD802B0B03F16F0003F16E0CC300F5
:10121000B3E6234430465A6842F001025A6008346B
:10122000ECF7ADF88CE600BFE41300246C730024E7
:101230003C7300246473002468730024EC130024BE
:10124000EC170024611945F0010E42F00105C4F8C5
:1012500004E03046C7E90411C1E902CC4D60E25018
:10126000ECF78DF808346BE6E80805F108034FE663
:1012700008F1010818F0030F0EF1080E7FF4D0AE4C
:1012800052E019441C464A68DB6854F8085F42F093
:1012900001024A603046EB609D60ECF770F84FE663
:1012A0005A0A042A35D9142A6FD802F15C01C90000
:1012B0005B3207EB010E7958AEF1080E8E4558D01F
:1012C0004A6822F003029A4202D989688E45F7D112
:1012D000D1F80CE07B68C4E9021ECEF80840CC606F
:1012E0008CE603F15C0003F15B0CC30045E6BC42F5
:1012F00072D0BC68626822F003029542A2EB05033B
:1013000002D80F2B3FF751AF3046ECF738F80024E6
:1013100016E69A0902F13901C9003832C9E7D9F84D
:101320000090994540F0838010F0030FA9F1080365
:1013300000F1FF30F3D17B6823EA04037B60640093
:101340009C423FF6ACAE1CB9A9E6640008F1040863
:101350001C42FAD040465FE608F11008BCE6B3F53F
:10136000AA7F26D8EB0B03F1780003F1770CC300BA
:1013700003E67B6892104FF0010808FA02F213436B
:101380007B60A8E74FF48053CEE6542A29D81A0B85
:1013900002F16F01C9006E328BE7C0F30B01002927
:1013A0007FF4AEAE09EB0802B96842F001024A6070
:1013B000ECE640F2545293421CD8AB0C03F17D0092
:1013C00003F17C0CC300D8E50123CBF804309BE784
:1013D00001214FF00008BAE6164A1368434413602F
:1013E0008EE6B2F5AA7F14D8DA0B02F17801C900B3
:1013F00077325EE74FF47E737F204FF07E0CBCE5C2
:1014000004F1080130460192EBF7D0FA019A136813
:10141000BCE640F254518A4205D89A0C02F17D0193
:10142000C9007C3245E74FF47E717E2241E77B683C
:1014300085E700BF3C73002482B049B15AB16BB15B
:1014400013780B601278101C18BF012002B070478F
:1014500001A9002AF3D1104602B070476FF00100D5
:10146000F4E700BF000000000000000000000000E2
:1014700001F0FF01102A2BDB10F0070F08D010F845
:10148000013B013A8B422DD010F0070F42B3F6D149
:10149000F0B441EA012141EA014122F007047FF062
:1014A00000070023F0E80256083C85EA010586EAB9
:1014B000010685FA47F5A3FA87F586FA47F6A5FAF5
:1014C00087F68EB9EED1F0BC01F0FF0102F0070201
:1014D00032B110F8013B013A83EA010313B1F8D1AC
:1014E0000020704701387047002D06BF354603388D
:1014F000073815F0010F07D1013015F4807F02BFC6
:10150000013015F4C03F0130F0BC0138704700BF16
:10151000032A70B414D940EA0105AD0704460B460E
:1015200022D11D682668AE421946204603F1040305
:1015300004F1040418D1043A032A20461946F0D8CD
:10154000541E72B102780B789A4208BF641806D014
:101550000CE010F8012F11F8013F9A4206D1A14288
:10156000F7D1002070BC7047541EEBE7D01A70BC56
:10157000704700BF844641EA000313F003036DD1B6
:10158000403A41D351F8043B40F8043B51F8043B46
:1015900040F8043B51F8043B40F8043B51F8043B4D
:1015A00040F8043B51F8043B40F8043B51F8043B3D
:1015B00040F8043B51F8043B40F8043B51F8043B2D
:1015C00040F8043B51F8043B40F8043B51F8043B1D
:1015D00040F8043B51F8043B40F8043B51F8043B0D
:1015E00040F8043B51F8043B40F8043B51F8043BFD
:1015F00040F8043B51F8043B40F8043B51F8043BED
:1016000040F8043B403ABDD2303211D351F8043B8C
:1016100040F8043B51F8043B40F8043B51F8043BCC
:1016200040F8043B51F8043B40F8043B103AEDD23B
:101630000C3205D351F8043B40F8043B043AF9D28C
:10164000043208D0D2071CBF11F8013B00F8013B5F
:1016500001D30B8803806046704700BF082A13D36C
:101660008B078DD010F003038AD0C3F10403D21A84
:10167000DB071CBF11F8013B00F8013B80D331F8B8
:10168000023B20F8023B7BE7043AD9D3013A11F838
:10169000013B00F8013BF9D20B7803704B784370A3
:1016A0008B788370604670478842F0B40DD98B18F0
:1016B00083420AD9841832B1224613F8014D02F848
:1016C000014D9942F9D1F0BC70470F2A49D940EA3F
:1016D00001039B0747D1A2F110031B0901F1200769
:1016E00007EB031701F1100400F1100554F8106C1A
:1016F00045F8106C54F80C6C45F80C6C54F8086CF8
:1017000045F8086C54F8046C45F8046C1034BC427D
:1017100005F11005EAD1013302F00F051B01032D7D
:101720001944034421D91F1F0E462C46043C56F889
:1017300004CB47F804CF032CF8D82C1F24F0030463
:1017400004342344214402F00302002ABBD0013BAD
:101750000A4411F8014B03F8014F9142F9D1F0BC52
:1017600070470346F1E70346F1E72A46EDE700BF7D
:10177000F0B4860743D0541E002A3ED0CAB20346B6
:1017800002E014F1FF3438D303F8012B9D07F8D1A0
:10179000032C2BD9CDB245EA05250F2C45EA05458A
:1017A00016D9A4F110073F0903F1200606EB07162E
:1017B00003F1100242E9045542E902551032B242E7
:1017C000F8D104F00F040137032C03EB07130DD9F4
:1017D0001E462246043A032A46F8045BFAD8221F22
:1017E00022F003020432134404F003042CB1C9B202
:1017F0001C4403F8011B9C42FBD1F0BC704714460B
:101800000346C5E770B50D46084C114606461A4614
:10181000284600232360ECF717F9431C00D070BD65
:101820002368002BFBD0336070BD00BF141501246A
:1018300070B5054688B008460C4600F081FC224A87
:10184000AB6B04940126441C04A906920222039463
:101850000590AC680796CDE901121BB3616EB4F92F
:101860000C30CE079AB201D4900525D5910406D448
:10187000626E43F4005322F40052A381626628464C
:1018800001AA2146FFF7A4F8636E00280CBF0A25C1
:101890004FF0FF35DA0702D4A3899B0506D5284609
:1018A00008B070BD2846FEF771FCD7E7A06DFFF7C2
:1018B00095FA284608B070BDA06DFFF78DFAB4F90F
:1018C0000C309AB2D2E700BF40C10608024B014675
:1018D0001868FFF7ADBF00BF4C0E0024838903F0EA
:1018E0000903092B01D000207047FEF7F7BB00BFAA
:1018F000F8B50C46054610B1836B002B40D0B4F907
:101900000C309AB2970407D4626E43F4005322F469
:1019100000526266A3819AB200219606616038D4B3
:1019200050071AD4D10662D512074ED443F00403EF
:10193000A3812369002B55D0B4F90C70BEB2B30754
:101940002AD12269226028466369256AE169A8478D
:101950000028606017DD0020F8BD216B0029E8D069
:1019600004F14003994202D02846EBF71FF8E36BDD
:10197000636000202063002BDBD0A36B2360F8BDE5
:10198000FEF704FCBBE7B4F90C3016D143F020039A
:10199000A3814FF0FF30F8BD194B1A491868012395
:1019A000A38106F00906FFF791F9092EA781C8D196
:1019B00021462846FEF7BAFAC3E743F04003002267
:1019C000A38162604FF0FF30F8BD21462846FEF744
:1019D00057FB0028DDD1B4F90C30A060A06123F0E2
:1019E0000803A3E721462846FFF728FAA4E743F0B7
:1019F000400309222A604FF0FF30A381F8BD00BFE9
:101A00002CC10608DD18060838B5074C002305462A
:101A100008462360EBF792FC431C00D038BD2368D6
:101A2000002BFBD02B6038BD1415012400290CBFFE
:101A3000022200224FF4806300F000B82DE9F04349
:101A40005D4C256883B00446884616461F4615B18E
:101A5000AB6B002B7ED0022E05D0012E00F2A980A8
:101A6000002FC0F2A680636EDA0735D521462846DE
:101A7000FEF706FB216B41B104F14003994202D00D
:101A80002846EAF793FF00232363B4F90C300022C1
:101A90001806A261626061D423F44A6323F0030351
:101AA000022EA3811FD10025616E002004F14302A4
:101AB00043F00203A060C9074FF00100A381226038
:101AC000C4E9042004D49B0502D4A06DFFF786F975
:101AD000284603B0BDE8F083A3899B05C6D4A06D5A
:101AE000FFF77AF9C2E701AB6A4621462846FFF7BD
:101AF00077F9A3891843A081002F36D1009F38467B
:101B0000FFF7E6F98046002842D0A38943F080031E
:101B1000A381AB6B7BB3009AB4F90C30C4F800809E
:101B2000BA421CBF43F40063A381012E04BF43F0FB
:101B30000103A3819BB213F00802C4E904871ED1FC
:101B4000A260656E15F00105BDD00025284603B0E2
:101B5000BDE8F0832846FEF719FB7CE7216928469B
:101B6000EAF724FFB4F90C3096E7B8F1000FC6D0BD
:101B7000AB6B002BCFD12846FEF708FBCBE7DA078B
:101B800004D57F420022A761A260DAE7A760D8E708
:101B9000DDF80090B94504D1B4F90C304FF0FF35B1
:101BA00082E74846FFF794F980460028F4D04F4674
:101BB000ABE74FF0FF358BE74C0E00241F2938B5FB
:101BC00022D8D0F8DC3205460C466BB153F8212000
:101BD00052B1012A12D0511C12D00025204643F8E0
:101BE00024509047284638BD284600F02FF822465A
:101BF00001462846BDE8384000F014B8002038BD42
:101C000016230360012038BD162303604FF0FF3018
:101C100038BD00BF024B01461868FFF7CFBF00BFB9
:101C20004C0E002438B50B46074C054611461846A5
:101C30000023236004F0B6FE431C00D038BD2368A7
:101C4000002BFBD02B6038BD1415012404F0A2BE7C
:101C50000CB430B5214B00299DB01C6838DB4FF423
:101C6000027302900690ADF8143021A819D0013902
:101C70000346209A0491079101904FF6FF7502A93F
:101C80002046ADF8165000F037FD421C01DA8B23D8
:101C90002360029B00221A701DB0BDE8304002B0E4
:101CA000704703460491079101904FF6FF75209A03
:101CB000ADF8165002A9204600F01EFD431C04DBBF
:101CC0001DB0BDE8304002B070478B232360F7E7BA
:101CD0008B2323604FF0FF30F2E700BF4C0E00244F
:101CE00010B50C46B1F90E1004F0D4FC002803DB4B
:101CF000236D0344236510BDA38923F48053A3817E
:101D000010BD00BF2DE9F0411646B1F90C201F4669
:101D1000D3050C460546B1F90E1007D50022022363
:101D200004F09CF9B4F90C20B4F90E1022F480529E
:101D3000A2813B4632462846BDE8F04103F004BA92
:101D400010B50C46B1F90E1004F088F9A389421CB5
:101D50000EBF23F4805343F480532065A38110BD4C
:101D6000B1F90E1003F06CBAC9B200F003030029F8
:101D700043D07BB10378002B67D099423CD0431C01
:101D800005E013F8012B002A5DD08A4234D09A076F
:101D90001846F6D170B4046841EA012646EA0646C0
:101DA00086EA0405A5F10133A4F1013223EA050313
:101DB00022EA0402134313F0803F0FD150F8044F7E
:101DC00084EA0605A5F10132A4F1013322EA0502F5
:101DD00023EA0403134313F0803FEFD0037843B1A9
:101DE000994202D106E08B4204D010F8013F002B4B
:101DF000F9D1184670BC704770475BB10378002B6F
:101E0000FAD0431C03E002780133002AF4D099078A
:101E10001846F8D10268A2F1013323EA020313F055
:101E2000803F08D150F8042FA2F1013323EA0203C6
:101E300013F0803FF6D00378002BDDD010F8013F7F
:101E4000002BFBD17047104670471846704700BF03
:101E50000000000000000000000000000000000082
:101E6000A2EB0300704700BF02780B78012A28BF5D
:101E70009A42F5D16DE9044540EA0104CDE90267D3
:101E80006FF0000C4FEA447212B380EA010414F0C0
:101E9000070F6AD100F0070420F0070004F00305E3
:101EA00021F007014FEAC505F0E8042314F0040F00
:101EB000F1E804670CFA05F462EA040266EA040633
:101EC0000AD063EA0403624667EA0407664603E051
:101ED000F0E80423F1E8046782FA4CF582EA06048C
:101EE000A4FA8CF46CBB83FA4CF583EA0705A5FAD7
:101EF0008CF595B950E9022351E9026782FA4CF555
:101F000082EA0604A4FA8CF483FA4CF583EA070506
:101F1000A5FA8CF52543DBD09CB92DBAB5FA85F42A
:101F200024F0070427FA04F1DDE9026723FA04F339
:101F300003F0FF0001F0FF01FDE80445A0EB010004
:101F4000704724BAB4FA84F424F0070426FA04F1A2
:101F5000DDE9026722FA04F202F0FF0001F0FF015E
:101F6000FDE80445A0EB0100704714F0030F3CD1DD
:101F700010F0030428D150F8082B51F8083B82FADE
:101F80004CF582EA0305A5FA8CF55DB950F8042CEE
:101F900051F8043C82FA4CF582EA0305A5FA8CF567
:101FA000002DE8D02DBAB5FA85F424F0070423FA01
:101FB00004F122FA04F202F0FF0001F0FF01FDE853
:101FC0000445A0EB010070474FEAC40420F0030071
:101FD00050F8082B21F0030151F8083B0CFA04F4E7
:101FE00062EA040263EA0403C9E710F003041AD0AA
:101FF000A1EB040120F00300E40750F8042B06D005
:102000000FD28B785FFAA2F4E41A06D12BB1CB7809
:102010005FFAB2F4E41A00D11BB920465DF8104B08
:10202000704701F1040150F8042BCC0721F00301A3
:1020300051F8043B48D824D222F07F4482FA4CF570
:1020400094EA1325A5FA8CF50AD165B951F8043B39
:1020500084EA0204B4EB036F0ED150F8042BEBE7D3
:102060004FEA132355E035F07F454DD10878FDE860
:102070000445C0F1000070474FEA126203F0FF030D
:1020800047E002EA1C4482FA4CF594EA1345A5FAAB
:102090008CF50AD165B951F8043B84EA0204B4EB2B
:1020A000034F0CD150F8042BEBE74FEA134330E019
:1020B00015EA1C4528D10B884FEA124229E04FEA65
:1020C000124203EA1C4324E002F0FF0482FA4CF5BA
:1020D00094EA1365A5FA8CF50AD165B951F8043B69
:1020E00084EA0204B4EB032F09D150F8042BEBE788
:1020F0004FEA13630DE015F0FF0F05D10B684FEAAF
:10210000122223F07F4304E04FF00000FDE8044575
:10211000704712BA1BBA82FA4CF482EA0304A4FA9A
:102120008CF5B5FA85F402FA04F203FA04F34FEAE7
:102130001260FDE80445A0EB13607047000000004A
:1021400090F800F06DE9024520F007016FF0000CF7
:1021500010F0070491F820F040F049804FF000049F
:102160006FF00700D1E9002391F840F000F108007A
:1021700082FA4CF2A4FA8CF283FA4CF3A2FA8CF3B2
:102180004BBBD1E9022382FA4CF200F10800A4FA19
:102190008CF283FA4CF3A2FA8CF3E3B9D1E904236D
:1021A00082FA4CF200F10800A4FA8CF283FA4CF3A4
:1021B000A2FA8CF37BB9D1E9062301F1200182FA5E
:1021C0004CF200F10800A4FA8CF283FA4CF3A2FA64
:1021D0008CF3002BC6D0002A04BF04301A4612BA72
:1021E000B2FA82F2FDE8024500EBD2007047D1E975
:1021F000002304F00305C4F100004FEAC50514F004
:10220000040F91F840F00CFA05F562EA05021CBFD4
:1022100063EA050362464FF00004A9E770B404784E
:10222000A4B10D7806464DB1A5420AD00A4601E098
:10223000A34206D012F8013F002BF9D1801B70BCDD
:10224000704710F8014F002CEDD1F7E72046F6E774
:102250004FF0010C2DE9F041644600264FF0FF35A8
:1022600033198B4200EB05070DD23F5D10F803E0F8
:10227000BE452DD21E460124A3EB050C33198B421B
:1022800000EB0507F1D34FF00108C2F800C0444647
:1022900000264FF0FF3733198B4200EB070C0ED2AC
:1022A0001CF804C010F803E0E64518D91E460124C6
:1022B000A3EB070833198B4200EB070CF0D301376F
:1022C000681C874224BFC2F800803846BDE8F08110
:1022D0000CD04FF0010C354664466644C0E70BD085
:1022E0004FF00108374644464644D4E7644512BFE0
:1022F00001341E460124B3E7444512BF01341E4693
:102300000124C8E72DE9F04FADF2144D9146054682
:102310008B461046194603AA1C46FFF799FF03ABEC
:1023200080460DF20C4243F8044F9342FBD154B166
:10233000631E09F1FF3204A812F8011F40F8213092
:1023400013F1FF33F8D20399424649444846FFF758
:10235000DFF800286ED108F1FF3301934B44824629
:10236000009323460746544658469A4607EB0A060A
:10237000321A00212844FFF77BF8002855D1002E9F
:1023800053D0AB1904AA13F8013C52F823304BB1D7
:1023900024B1039A9A4201D9AAEB02031F440024F4
:1023A0003046E3E7444523460AF1FF3C38BF434645
:1023B000634513D2FA1819F8030015F802E08645B0
:1023C0002A4409EB030106D02BE011F801EF12F8C3
:1023D000010F864525D101336345F6D3019B444562
:1023E000194680F08780FB18009AE85C12788242D8
:1023F0002B447FD1009804F1FF3B06E010F801ED7B
:1024000013F801CDE64503D111464A1E9345F5D197
:1024100001348C4270D8039C30462744AAEB040454
:10242000A4E7C8F101021744B8E700200DF2144DEB
:10243000BDE8F08FA4EB0803434538BF43460133A2
:1024400008F1FF37039309EB070358464FF0000AE2
:10245000C34698460AEB0406321A00212844FFF7C7
:1024600007F80028E1D1002EDFD0AB1904AA13F839
:10247000013C52F82330A3BB611E8B4515D20AEBF9
:102480000B0219F80B3015F802C09C452A4409EBE1
:102490000B005B4606D027E010F801EF12F801CFE1
:1024A000E64521D101338B42F6D37B1C12D00AEBD7
:1024B000070398F80000E95C884205EB03020FD19E
:1024C000434605E013F8010D12F8011D884207D1BB
:1024D0004B45F7D105EB0A000DF2144DBDE8F08F26
:1024E000039B9A443046B5E7CBF1010292449A44EB
:1024F0003046AFE741468BE7E81997E72DE9F04F03
:1025000002780E4685B0054609788AB3A1B18446A3
:10251000741C0846012701E068B11C46904214BFB4
:10252000002707F0010723461CF8012F13F8010BC1
:10253000002AF1D1F0B91FB1284605B0BDE8F08FEF
:10254000681CFFF711FC0746A0B1A41B012C16D094
:10255000254485422CBFA5EB00094FF001091F2C33
:102560000FD9234632464946FFF7CCFE0546E3E73E
:102570000029E1D00025284605B0BDE8F08F0546CA
:10258000DAE703AA21463046FFF762FE0399804648
:10259000024631443046FEF7BBFF00284ED108F119
:1025A000FF330193F3188246054600934846B3462D
:1025B0006619321A00213844FEF75AFF0028D9D193
:1025C000002ED7D0D045434638BF53469C4212D93F
:1025D0005A191BF80310B85C81423A440BEB030C08
:1025E00006D072E01CF8010F12F8011F88426CD16E
:1025F00001339C42F6D1019BD045194677D9EB189F
:10260000009AF85C127882423B4470D100980AF13B
:10261000FF3906E010F801ED13F801CDE64503D1CE
:1026200011464A1E4A45F5D10AF1010A8A454AD89F
:10263000039B30461D44A4EB030AB9E7A4EB08034F
:10264000434538BF4346013308F1FF3A039306EB95
:102650000A0348460025B34699466619321A0021F6
:102660003844FEF705FF002884D1002E82D044456F
:1026700014D908EB05021BF80830B85C98423A44BC
:102680000BEB0801434606D027E011F801CF12F802
:10269000010F844521D101339C42F6D1BAF1FF3FAD
:1026A00011D005EB0A0399F80020F95C91423B44F4
:1026B00019D14A4605E012F8010D13F8011D8842B0
:1026C00011D15A45F7D13D4436E7C8F1010215440E
:1026D0001D444FF0000A30466AE7C8F10102154474
:1026E0001D443046B9E7039B30461D44B5E74146DB
:1026F0009AE700BF000000002DE9F04F2DED068B9A
:10270000BFB00C460B9190460F930C9003F098FCD1
:10271000036815931846FFF713FDA38914901D064F
:1027200003D52369002B00F0E28600239FED968BF2
:102730009FED979BCDE922330DF1B80912931393C6
:1027400016930A93CDF88490CA4698F80030002B6F
:1027500000F09A80252B444602D11CE0252B03D0A3
:1027600014F8013F002BF9D1A4EB080585B1DDE990
:10277000223201332A44072BCAF80080CAF80450D9
:10278000CDE9223278DC0AF1080A0A9B2B440A932D
:102790002378002B78D04FF0000300228DF86730AB
:1027A0004FF0FF3063780D921146164604F1010890
:1027B000099008F101089B46ABF12003582B00F269
:1027C0005E83DFE813F0C6025C035C03C1025C03B6
:1027D0005C035C035C035C035C03B502B0025C0356
:1027E000500335035C035503BB00BB00BB00BB00BB
:1027F000BB00BB00BB00BB00BB005C035C035C0315
:102800005C035C035C035C035C035C035C03130319
:10281000E7025C03E7025C035C035C035C03E20227
:102820005C035C03AA005C035C035C035C035C0365
:1028300077005C035C0390025C035C035C035C0355
:102840005C035C035C035C035C035C0388013B0189
:10285000E702E702E70236013B015C035C03290162
:102860005C031501AC00CF00CA005C03EB005C0305
:1028700079005C035C03CE0221AADDE90B1003F0B2
:102880001FFF40B9CA4680E7239B23B10C980B99E0
:1028900021AA03F015FF0B9B9B8913F0400F0A9BA5
:1028A00018BF4FF0FF330A930A983FB0BDEC068B78
:1028B000BDE8F08F46F01006B7060F9B40F1FA8492
:1028C000073323F0070303F10802D3E900450F9211
:1028D00001234FF000028DF86720099A013200F0C1
:1028E000FF8326F08002079254EA05024FF00007AA
:1028F00040F0C780099A002A40F07B86002B40F008
:10290000AE8416F001030E9300F018853EAB1A4614
:10291000302302F8413D1092D4E046F0100616F044
:10292000200300F0D0840F9B073323F0070303F14B
:102930000802D3E900450F920023CAE7ABF1300348
:10294000002018F801BB00EB800003EB4000ABF166
:102950003003092BF5D90D902EE746F0200698F8A4
:10296000003026E70F9A0C4B14681393043247F695
:102970003003ADF8683046F002060F9200250223BE
:102980004FF0780BA5E700BF00000000000000003A
:10299000FFFFFFFFFFFFEF7F68C106080F9A136874
:1029A00010934FF000018DF86710141D002B00F0FC
:1029B000CE85099A531C00F06D8600211098FEF711
:1029C00057FD002800F05387109B9DF867700F9407
:1029D000C31A00220E9323EAE37309920796089321
:1029E0001192002F00F08A80089B0133089385E044
:1029F000002A41F04D800F9AB00652F8043B0F9226
:102A000000F1D484F10600F1C885720640F1C58555
:102A1000BDF828201A8098E698F800306C2B03BF88
:102A200098F8013046F0200608F1010846F010063B
:102A3000BFE646F0400698F80030BAE6002A41F0BA
:102A40003B80B4060F9B40F1DA81073323F0070384
:102A5000D3E9004503F108020F92002C75F1000341
:102A6000C0F27884099B9DF86770013300F07D8483
:102A700026F08002079254EA05024FF001033FF46A
:102A800039AF012B00F03283022B00F0548349460A
:102A900000E01146E20842EA4572E80804F0070344
:102AA00005461446303354EA050001F8013C01F1B3
:102AB000FF32EED107981092C00700F12284A9EBF3
:102AC00002030E93099B0E9A9342B8BF13460893D4
:102AD0000023119385E70F9A079613688DF89030BD
:102AE0004FF00001131D8DF8671001210027CDE97B
:102AF0000E1324AB0891099711971093079B13F0BD
:102B0000020302D0089A023208920799239A11F020
:102B100084063AD10D9908980C1A002C35DD102C3A
:102B20002299BD4D24DD50461027C246B0461E46B0
:102B300004E0103C102C00F1080015DD01311032CA
:102B40000729CDE92212C0E90057F2DD21AADDE90B
:102B50000B1003F0B5FD00287FF49DAE103C102C47
:102B6000DDE922124846E9DC33464646D046824635
:102B7000013122440729CDE92212CAE9005400F3A9
:102B800010859DF867700AF1080A77B12299013122
:102B900001320DF1670401200729CDE92212CAE9AB
:102BA000004000F3B0820AF1080A6BB1229B0133A6
:102BB00002321AA80221072BCDE92232CAE900010C
:102BC00000F3AE820AF1080A802E00F0C781099B4B
:102BD0000E995D1A002D2FDD102D229B8F4C20DDCC
:102BE00051461026DDE90BA704E0103D102D01F140
:102BF000080115DD01331032072BCDE92232C1E97E
:102C00000046F2DD21AA5146384603F059FD00285E
:102C10007FF441AE103D102DDDE922324946E9DC5A
:102C20008A4601332A44072BCDE92232CAE90045FE
:102C300000F396820AF1080A079BDB0500F1368152
:102C4000229B1099CAF800100E99CAF8041001339B
:102C50000A44072B2392229300F3EE810AF1080A1B
:102C6000079B590730D50D9B08995C1A002C2BDD6A
:102C7000102C229B684D1EDD1026DDE90BB704E009
:102C8000103C102C0AF1080A15DD01331032072B15
:102C9000CDE92232CAE90056F2DD21AA594638466A
:102CA00003F00EFD00287FF4F6AD103C102CDDE99A
:102CB0002232CA46E9DC01332244072BCDE9223215
:102CC000CAE9005400F330830A9B0D9908988142A9
:102CD000ACBF5B181B180A93002A40F076810023D2
:102CE0002293CA4631E5002A40F0DA864C4B139312
:102CF000B1060F9B3DD5073323F00703D3E9004509
:102D000003F108020F92F70740F1B78054EA050378
:102D100000F0B38030238DF868308DF869B046F04C
:102D200002060223D5E598F8003001222B2140E568
:102D30000F9898F8003004680D94002C00F10400FE
:102D4000C0F2E4830F9034E546F0010698F80030B5
:102D50002FE598F8003000297FF42BAD01222021C7
:102D600027E5002A40F0A0862E4B1393B1060F9B57
:102D7000C1D453F8044B0F93F20600F1E3827306BB
:102D800040F1E082A4B20025BDE746F0080698F8BD
:102D900000300EE5002A40F07F860F9B073323F0BA
:102DA000070393ED008B0833B0EEC87BB4EE497B8C
:102DB000F1EE10FA0F9340F30783B5EEC08BF1EEFE
:102DC00010FA00F113859DF86770174A174B03211D
:102DD000002026F08004BBF1470FD8BF1A46CDE98A
:102DE0000810079410920E911190FAE5002A40F015
:102DF0005F8646F01006B4060F9B3FF526AE53F8EB
:102E0000044B0F93F00600F19F82710640F19C8203
:102E100024B2E51721E600BF88C1060898C106085C
:102E200054C1060868C1060848C1060844C106081E
:102E300098F800B0BBF12A0F08F1010000F00F86EE
:102E4000ABF13003092B804600F2E584002018F82E
:102E500001BB00EB800003EB4000ABF13003092B1A
:102E6000F5D90990A8E498F8003046F00406A0E4EB
:102E700046F0800698F800309BE4022329E5002AFA
:102E800040F01E86BBF1000F3FF4FEAC012300278B
:102E900008934FF000020E9324AB8DF890B08DF89C
:102EA0006720079609971197109327E6BBF1650FE6
:102EB00040F3CD80B5EE408BF1EE10FA40F060812A
:102EC000229BAD49CAF80010013301320121072BC2
:102ED000CDE92232CAF8041000F3B6830AF1080AD9
:102EE000129A1B9B9342239A80F21982229B159976
:102EF000CAF800101499CAF8041001330A44072BC9
:102F0000CDE9223200F318830AF1080A129B5D1EF4
:102F1000002D7FF7A5AE102D229B984C40F36D83BA
:102F20001026DDE90BB705E00AF1080A103D102D67
:102F300040F3638301331032072BCDE92232CAE913
:102F40000046F1DD21AA5946384603F0B9FB0028B6
:102F50007FF4A1ACDDE92232CA46E7E70D9B089970
:102F60005D1A002D7FF733AE102D229B834C20DDA0
:102F700051461026DDE90BA704E0103D102D01F1AC
:102F8000080115DD01331032072BCDE92232C1E9EA
:102F90000046F2DD21AA5146384603F091FB002895
:102FA0007FF479AC103D102DDDE922324946E9DC91
:102FB0008A4601332A44072BCDE92232CAE900456B
:102FC00000F325830AF1080A01E621AADDE90B10C6
:102FD00003F076FB00283FF482AE5CE421AADDE931
:102FE0000B1003F06DFB00287FF455AC1B99239A5E
:102FF000CA4619B9129B002B00F05C83229B1598DE
:10300000CAF800001498CAF8040001330244072BE0
:103010002392229300F336840AF1080A0029C0F2B1
:103020006F841299109801330A44072BCDE922329C
:10303000CAE900017FF712AE21AADDE90B1003F007
:103040003FFB00287FF427AC239ACA4608E6129C6F
:103050002298012C02F1010200F101030AF108019A
:1030600040F33C810120109CCAF80040072BCDE9B9
:103070002232CAF8040000F3A4821498159C01338C
:103080000244072BCDE92232C1E9004000F3A582BA
:103090000831129CB5EE408B581CF1EE10FA074631
:1030A00004F1FF3501F1080A00F0DE80109C4D604C
:1030B00001342A4407280C602392229000F32A82CC
:1030C00001F11004981C5146A246169C4C60224403
:1030D0001DAB0728239222900B607FF7C1ADABE7B1
:1030E000012B07964FF000077FF4CEAC002D08BFF0
:1030F0000A2C80F040813EAB303403F8414D1093F0
:1031000001230E93DEE421AADDE90B10179303F0EF
:10311000D7FA00287FF4BFAB239A179BCA4644E531
:1031200021AADDE90B1003F0CBFA00287FF4B3AB42
:10313000239ACA4648E5139E4A46230904F00F0025
:1031400043EA057329091C460D46335C02F8013D2C
:1031500054EA0503F1D1A9EB020310920E93B1E4F6
:1031600021AADDE90B1003F0ABFA00287FF493AB42
:10317000239ACA4660E500BF84C1060898C10608C4
:103180001B99002940F34F82DDE911318B42A8BF22
:103190000B46002B1D460EDD229B1099CAF800102D
:1031A00001332A44072B2392CAF80450229300F3D8
:1031B00012830AF1080A119B002DA8BF5B1B002B8C
:1031C0001D4600F371811B9B12998B42C0F2D48182
:1031D0000799CD0700F1D0811299119CCB1A0D1BD4
:1031E0009D42A8BF1D46002D0FDD22991098CAF8F8
:1031F0000450013120442A440729CAF80000CDE9CF
:10320000221200F326830AF1080A002DACBF5D1BD1
:103210001D46002D7FF724AD102D229BC54C40F399
:10322000EC811026DDE90BB705E00AF1080A103D34
:10323000102D40F3E28101331032072BCDE9223209
:10324000CAE90046F1DD21AA5946384603F038FAAA
:1032500000287FF420ABDDE92232CA46E7E7099B6C
:103260000E93CDF840902DE4002D7FF72EAF102D5A
:10327000B04C40F3D8831026DDF82CA00C9F0346F9
:1032800005E00831103D102D40F3E8810133103284
:10329000072BCDE92232C1E90046F2DD21AA5146D1
:1032A000384603F00DFA00287FF4F5AADDE9223252
:1032B0004946E7E753F8044B0F93F5067DD5002503
:1032C0000123FFF706BB0F9A52F8044B0F9216F03A
:1032D000100200F0E1800025FFF7FBBA079CE4072D
:1032E0003FF5C0AE0124109DCAF80050072BCDE970
:1032F0002232CAF8044000F30D8102300AF1100AAC
:10330000E3E6302B00F03281109A0239302302F8C4
:10331000013CA9EB01030E931091FFF7D3BB079B70
:10332000DF073FF5E3AD9BE421AADDE90B1003F0D5
:10333000C7F900287FF4AFAA239AC5E4CDF84090DE
:10334000FFF7C0BB0025DEE4E517002C75F1000394
:10335000BFF688AB099B64424FF02D0765EB45052E
:1033600001338DF867707FF483AB002D08BF0A2C02
:103370000796FFF4C0AE4E46204629460A22002397
:10338000FBF750FC303206F8012D20462946002379
:103390000A22FBF747FC04460D4654EA0503EBD12D
:1033A000A9EB060310960E93FFF78CBB0A9A104602
:1033B000D117C3E90001FFF7C8B9700648BFA4B22E
:1033C00000250123FFF785BAB4EE488BF1EE10FA21
:1033D00080F10183099B5A1C2BF0200500F03682F6
:1033E000472D00F06C8146F48073079318EE903AF5
:1033F000002BC0F20C82B0EE48AB0027BBF1660F89
:1034000000F00D82BBF1460F00F05E82452D00F00A
:103410005B811FA81CA91BAA0223099C0292CDE96B
:1034200003100093019453EC1A2B0C9801F0ACFF9D
:10343000BBF1670F109040F02183F30740F16B81DF
:10344000109B099A9918B5EE40ABF1EE10FA40F0D6
:10345000D2810B46109A9B1A1293472D1B9B1193F6
:1034600000F06281BBF1660F40F06681119B002B7A
:10347000099B40F3D182002B40F0C482F60700F193
:10348000C182119B08930E93002F40F08081099711
:103490009DF86770FFF7A5BA16F040031CBF1346EE
:1034A000A4B20025FFF715BA102D229B214C40F342
:1034B000E5801026DDE90BB705E00AF1080A103DAA
:1034C000102D40F3DB8001331032072BCDE922327F
:1034D000CAE90046F1DD21AA5946384603F0F0F862
:1034E00000287FF4D8A9DDE92232CA46E7E7402167
:1034F0000C98E9F70FFA0B9B18601861002800F090
:10350000BF820B9A40235361FFF70FB964420D94B9
:103510000F90AAE421AADDE90B1003F0D1F80028EE
:103520007FF4B9A9DDE922020DF1C00A0130494654
:10353000CBE500BF98C1060821AADDE90B1003F016
:10354000BFF800287FF4A7A9239ACA46DEE4099BA6
:10355000109F0997062B28BF062308930E93B94B9B
:103560000F94079611971093FFF73BBA109BA9EBA6
:1035700003030E93FFF7A6BA22991598CAF8000024
:103580001498CAF8040001310244072923922291B9
:1035900000F315810AF1080A1EE60A9A1A60FFF77D
:1035A000D4B821AADDE90B10179303F089F800289D
:1035B0007FF471A99DF86770239A179BCA46FFF79D
:1035C000E4BA21AADDE90B1003F07AF800287FF4B1
:1035D00062A9DDE9223249464FE521AADDE90B1057
:1035E00003F06EF800287FF456A9DDE9223249463F
:1035F0004FE5012B7FF448AA7DE501332A44072BD0
:10360000CDE92232CAE900457FF728AB14E521AAAB
:10361000DDE90B1003F054F800287FF43CA9239A4D
:10362000CA46FFF7D4BA229B8748CAF80000013384
:1036300001320120072BCDE92232CAF804003FF7FE
:10364000CDAC0AF1080AD4E421AADDE90B1003F09D
:1036500037F800287FF41FA9CA4641E4581C01F13D
:1036600008032A4407282392C1E9004522903FF726
:1036700051AF013003F1080A194626E501332A4407
:10368000072BCDE92232CAE9004500F32E810AF169
:10369000080A98E51098FEF753FD002320EAE0722F
:1036A0000E9009930F940796089211939DF86770F6
:1036B000FFF797B9079BDE077FF5D2AA9EE4002BA0
:1036C00008BF012309938EE6099B1FA85C1C1CA957
:1036D0001BAA0223CDE9031002920093019453EC3C
:1036E0001A2B0C9801F050FE1090BBF1470F40F0E0
:1036F000AC81F30740F1AC81109BBBF1460F03EBAB
:1037000004017FF4A0AE109B1B78302B00F0588191
:103710001B9C214497E61B9A1F9B1192109A472DE0
:10372000A3EB0203129307D1119BDA1C02DB099A67
:103730009A4233DAABF1020B119B8DF874B0013B66
:10374000002B1B93BDBF119BC3F101032D222B2224
:10375000092B8DF8752000F30081303330228DF86D
:1037600077308DF876201EAB1DAA9B1A129A1693FD
:10377000012A13440E9340F33B810E9B149A134489
:103780000E9323EAE3730893002311937CE62D271D
:1037900000238DF867700993FFF726B9DDE9113131
:1037A0008B427DDBF40740F10481119B149A134492
:1037B0000E9323EAE37308934FF0670B64E621AAA4
:1037C000DDE90B1002F07CFF00287FF464A81B9B4E
:1037D000239ACA4600E521AADDE90B1002F070FF2A
:1037E00000287FF458A8239ACA46E4E42D278DF8D0
:1037F0006770FFF7EABA1F9B8B42BFF42BAE3020F5
:103800005A1C1F9218701F9B9942F9D822E6B1EEFC
:1038100048AB2D27F2E500230993FEF7CDBF1CA985
:10382000099C01941FA81BAA0323CDE9031002924F
:1038300000930C9853EC1A2B01F0A6FD109001197F
:1038400061E700BF7CC1060884C10608062309930E
:10385000C9E521AADDE90B1002F032FF00287FF450
:103860001AA81B9B1299239ACB1ACA46CDE4099B2E
:1038700008930E9309900F94079611909DF8677026
:10388000FFF7AFB821AADDE90B1002F019FF0028FD
:103890007FF401A81B99DDE92232CA46FFF7BEBBBF
:1038A000149A129B1344119A0E93002A06DC119B62
:1038B0000E9AC3F101031A4413460E9223EAE373EE
:1038C00008934FF0670BDFE51FA81CA91BAA032371
:1038D000099C0292CDE903100093019453EC1A2B3A
:1038E0000C9801F051FD109006E721AADDE90B10BC
:1038F00002F0E6FE00287EF4CEAF239ACA4662E4C8
:103900004D421031704C1CDA1026DDE90BB704E093
:103910000AF1080A103D102D13DD01331032072B78
:10392000CDE92232CAE90046F2DD21AA59463846DD
:1039300002F0C6FE00287EF4AEAFDDE92232CA46B0
:10394000E8E701332A44072BCDE92232CAE90045D2
:103950006EDC0AF1080AFFF764BB0DF18305284607
:103960005A4C00E01046A4FB0321C90801EB810278
:10397000A3EB42023032092900F8012C0B4600F17A
:10398000FF32EFDC30330238DBB2854202F8013C13
:1039900071D90DF17600114601E011F8013B00F8F4
:1039A000013B8D42F9D121AB9B1A0DF176021344F4
:1039B000DAE623EAE37208920E934FF0670B63E5B1
:1039C000B5EE40ABF1EE10FA3FF4A2AEC4F1010443
:1039D0001B94214437E518EE903A002BB6BF2D27F3
:1039E0009DF867708DF86770394A3A4BFFF7EFB969
:1039F00016F0010311937FF4C0AE0E9B23EAE3732C
:103A0000089341E5119B149A1344099A1A4422EA37
:103A1000E2730E92089337E53BB9F50705D401230D
:103A200008930E9330E553461BE6149B0133ECE7F5
:103A300021AADDE90B1002F043FE00287EF42BAF33
:103A4000DDE92232CA46FFF7ECBA109B1919FAE4F5
:103A50001B9A1F9B1192109A9B1A129364E60F9D5A
:103A600098F801302C68804644EAE474281D0994D3
:103A70000F90FEF79EBE0DF1760375E6099C34E6C5
:103A80000C9A0C2313604FF0FF330A93FEF70CBF20
:103A90008DF86710FEF7AFBF8DF86710FFF77DB99F
:103AA0008DF86710FFF722B98DF86710FFF75CB942
:103AB0008DF86710FFF79DB98DF86710FEF7C1BF4D
:103AC0008DF86710FFF7DEB998C10608CDCCCCCCD5
:103AD00050C106084CC106082DE9F04F2DED068BAC
:103AE000BDB01C468846924605460A9002F0A8FAE8
:103AF000036813931846FEF723FB0E9412901DB132
:103B0000AB6B002B00F00581D8F86410B8F90C20DD
:103B1000C80793B202D4990540F147819F040AD4A3
:103B2000D8F8641042F4005321F40051A8F80C3086
:103B3000C8F864109BB21E0740F1B180D8F810207D
:103B4000002A00F0AC8003F01A020A2A00F0C580B7
:103B500000239FEDA18B9FEDA29B1193CDE9203314
:103B6000CDE9143309932CAB1F939946C3469AF8B9
:103B70000030002B00F08082252B544602D11EE03D
:103B8000252B03D014F8013F002BF9D1A4EB0A0533
:103B90008DB1DDE9203201332A44072BC9F800A09A
:103BA000C9F80450CDE9203200F3DC8009F108099E
:103BB000099B2B4409932378002B00F05D824FF082
:103BC000000300228DF85F3066780B924FF0FF33D0
:103BD0001146174604F1010A08930AF1010AA6F1F9
:103BE0002003582B00F2E383DFE813F0DA02E1034D
:103BF000E103E202E103E103E103E103E103E103A5
:103C000032033E03E103AE037F03E1036002E700FA
:103C1000E700E700E700E700E700E700E700E7006C
:103C2000E103E103E103E103E103E103E103E10374
:103C3000E103E10399034303E1034303E103E103E8
:103C4000E103E103B803E103E1039700E103E103CA
:103C5000E103E103E103AB00E103E1036502E103FA
:103C6000E103E103E103E103E103E103E103E10334
:103C7000E103BF02FE004303430343034E02FE0081
:103C8000E103E1035302E103220399006F03B3034D
:103C9000E103FC02E103AD00E103E103E702414679
:103CA0000A9801F067FA88B1D8F86430DD0704D4C7
:103CB000B8F80C309C0540F172834FF0FF33099344
:103CC00009983DB0BDEC068BBDE8F08FB8F80C301C
:103CD00003F01A020A2A7FF43BAFB8F90E20002A3B
:103CE000FFF636AFD8F86420D00705D4990503D481
:103CF000D8F85800FDF772F82346524641460A9814
:103D000001F032F9099009983DB0BDEC068BBDE891
:103D1000F08F0A98FCF73AFAF6E647F0100717F02A
:103D2000200340F020830E9A52F8044B0E9217F0B5
:103D3000100204D117F040031CBF1346A4B20025A3
:103D4000D9E147F01007BA060E9B00F1178353F82C
:103D5000044B0E93FB0602D47D0648BFA4B2002597
:103D60000123C8E11FAA59460A9802F05FFD50B925
:103D70000DF1B0091CE71FAA59460A9802F056FD3A
:103D8000002800F07081D846D8F86420B8F80C30CC
:103D9000D00702D4990540F1FB825A068DD40998C8
:103DA0003DB0BDEC068BBDE8F08FD8F85800FDF7AC
:103DB00013F8B8F90C2093B2B0E6A6F13003002056
:103DC0001AF8016B00EB800003EB4000A6F1300312
:103DD000092BF5D90B9002E700000000000000005D
:103DE000FFFFFFFFFFFFEF7F002A41F08A80BA0646
:103DF0000E9B40F19D82073323F00703D3E9004572
:103E000003F108020E92002C75F10003C0F29B84AE
:103E10009DF85F300C93089B013300F0A18427F0DC
:103E20008002069254EA05024FF0010340F07481CB
:103E3000089A002A40F04085002B40F0528417F089
:103E400001030D9300F05D850DF1F008302308F8B3
:103E5000413D089B0D9A9342B8BF13460793002338
:103E600010930C9B13B1079B01330793069B13F030
:103E700002030F9302D0079B02330793069B219AFC
:103E800013F084073CD10B9B07995C1A002C37DD9B
:103E9000102C2099BF4D25DD48461023C146B04661
:103EA0000A9E04E0103C102C00F1080017DD0131DF
:103EB00010320729CDE92012C0E90053F2DD1FAA14
:103EC000594630460C9302F0B1FC00287FF45BAFFA
:103ED000103C102CDDE920122CA80C9BE7DC464698
:103EE000C8468146013122440729CDE92012C9E99B
:103EF000005400F357849DF85F300C9309F10809D2
:103F00000C9B73B12099013101320DF15F04012046
:103F10000729CDE92012C9E9004000F3778309F1B0
:103F200008090F9B6BB1209B0133023218A80221B4
:103F3000072BCDE92032C9E9000100F3738309F1B1
:103F40000809802F00F0A482089B0D995D1A002DAE
:103F50002FDD102D209B904C20DD49461027DDF8E9
:103F6000289004E0103D102D01F1080115DD01330A
:103F70001032072BCDE92032C1E90047F2DD1FAA3C
:103F80005946484602F052FC00287FF4FCAE103D32
:103F9000102DDDE920322CA9E9DC894601332A44C1
:103FA000072BCDE92032C9E9004500F3498309F127
:103FB0000809069BD90500F11182209B0D99C9F8CB
:103FC000008001330A44072B2192C9F80410209382
:103FD00000F3FD8209F10809069B5C0738D50B9BAD
:103FE00007995C1A002C33DD102C209B694D1EDDD7
:103FF00010260A9F04E0103C102C09F1080916DD78
:1040000001331032072BCDE92032C9E90056F2DD29
:104010001FAA5946384602F009FC00287FF4B3AEC7
:10402000103C102CDDE920320DF1B009E8DC013341
:104030002244072BCDE92032C9E9005408DD1FAA2C
:1040400059460A9802F0F2FB00287FF49CAE219AB0
:10405000099B0B9907988142ACBF5B181B18099309
:10406000002A7FF488AE002320939AF800300DF1E7
:10407000B009002B7FF480AD219BD846002B40F087
:104080007586002320937FE647F040079AF800608A
:10409000A3E59AF800606C2E03BF9AF8016047F020
:1040A00020070AF1010A47F0100796E547F080075C
:1040B0009AF8006091E5002A40F03D87374B149351
:1040C000B8060E9B40F18280073323F00703D3E943
:1040D000004503F108020E92FB0740F1AF8254EA5B
:1040E000050300F0AB8230238DF860308DF86160FD
:1040F00047F0020702234FF000028DF85F20089A74
:10410000013200F0708200220C9227F080020692A9
:1041100054EA05023FF48CAE012B00F06A82022BB8
:1041200000F0F8812CA900E04146E20842EA45721D
:10413000E80804F0070305461446303354EA050244
:1041400001F8013C01F1FF38EED1069AD00740F1A9
:10415000F281302B00F0EF813023023908F8013C66
:104160002CAB5B1A0D93884673E60E9906970B6885
:104170008DF888304FF0000201208DF85F200B1D74
:10418000002207900C92CDE90D03089210920DF1D8
:1041900088086BE6A8C10608B8C1060854C106081D
:1041A0009AF8006000297FF418AD0122202114E55F
:1041B00047F001079AF800600FE5002A40F0B78643
:1041C000BB4B1493B8060E9B3FF57EAF53F8044BE0
:1041D0000E93F90600F1AF827A0640F1AC82A4B2E8
:1041E000002579E70E9BD3F800804FF000028DF890
:1041F0005F201C1DB8F1000F00F0A084089A531C2A
:1042000000F0F28400214046FDF732F9002800F06A
:104210006D84A0EB08030D9323EAE3730022079358
:104220009DF85F3008920E94069710920C9318E652
:10423000002A40F078860E9ABC0652F8043B0E9293
:1042400040F17083099A1046D117C3E900018EE44A
:104250000E9B9AF8006018680B90002803F1040385
:10426000C0F219840E93B8E49AF8006001222B2161
:10427000B3E4002A40F053860E9B073323F0070374
:1042800093ED008B0833B0EEC87BB4EE497BF1EEC2
:1042900010FA0E9340F35683B5EEC08BF1EE10FA90
:1042A00000F1FD839DF85F300C93824A824B03211D
:1042B000002027F08004CDE907100694472ECCBFDC
:1042C000904698460D911090CBE50E9A784B146865
:1042D0001493043247F63003ADF8603047F002071C
:1042E0000E9200250223782605E79AF800602A2E10
:1042F0000AF1010000F0F685A6F13003092B824691
:1043000000F2C58400201AF8016B00EB800003EB7B
:104310004000A6F13003092BF5D908905FE4002A8C
:1043200040F0F98547F01007BA060E9B3FF563ADE4
:1043300053F8044B0E93FD0600F1FF81780640F11F
:10434000FC8124B2E5175EE59AF8006047F00407A7
:1043500043E447F020079AF800603EE447F008077E
:104360009AF8006039E40E9B073323F0070303F14A
:104370000802D3E900450E920023BCE6073323F080
:10438000070303F10802D3E900450E920123B2E6C8
:10439000D8F85800FCF722FDB8F80C30FDE4D8F846
:1043A0005800FCF71BFD4FF0FF330993F7E4002A98
:1043B00040F0AD85002E3FF45FAE002301224FF0A8
:1043C000000107920C938DF888608DF85F100697B6
:1043D0000D92089310930DF1880847E5652E40F380
:1043E000AF80B5EE408BF1EE10FA40F03581209BA6
:1043F0003249C9F80010013301320121072BCDE900
:104400002032C9F8041000F33B8309F10809119A1E
:10441000199B9342219A03DB069BDB077FF5DCADFA
:10442000209B1399C9F800101299C9F804100133A0
:104430000A44072BCDE9203200F3748309F10809FF
:10444000119B5D1E002D7FF7C7AD102D209B1C4CCE
:1044500040F3368210260A9F05E009F10809103D55
:10446000102D40F32D8201331032072BCDE920327D
:10447000C9E90046F1DD1FAA5946384602F0D6F9CF
:1044800000287FF480ACDDE920320DF1B009E6E7C9
:104490000B9B07995D1A002D7FF756AD102D209BC1
:1044A000074C2BDD49461027DDF828900FE000BFB0
:1044B00068C1060848C1060844C1060884C1060848
:1044C000B8C10608103D102D01F1080115DD0133BA
:1044D0001032072BCDE92032C1E90047F2DD1FAAD7
:1044E0005946484602F0A2F900287FF44CAC103D32
:1044F000102DDDE920322CA9E9DC894601332A445C
:10450000072BCDE92032C9E9004500F3FE8109F10E
:10451000080919E514980DF1B008230904F00F01FA
:1045200043EA05732A091C461546435C08F8013D19
:1045300054EA0503F1D12CABA3EB08030D9388E4F7
:10454000119C2098012C02F1010200F1010309F1F4
:10455000080140F307810120072BC9F80080CDE94D
:104560002032C9F8040000F38F811298139C0133A4
:104570000244072BCDE92032C1E9004000F39081CD
:104580000831119CB5EE408BF1EE10FA03F10100F9
:1045900004F1FF3501F1080900F0A98008F10104D8
:1045A0002A4407280C6021924D60209000F3EB8094
:1045B00001F11004981C4946A146159C4C60224408
:1045C0001BAB0728219220900B607FF705AD1FAA37
:1045D00059460A9802F02AF900287FF4D4AB219AB0
:1045E0000DF1B009F8E40022012B06970C927FF43C
:1045F00096AD002D08BF0A2C80F06C810DF1F008FB
:104600003034012308F8414D0D9322E41FAA594686
:104610000A9802F00BF900287FF4B5AB219A0DF14E
:10462000B0097EE41FAA59460A9802F0FFF8002854
:104630007FF4A9AB219A0DF1B00982E402235AE577
:104640001FAA59460A9802F0F1F800287FF49BABA4
:10465000219A0DF1B009ACE41999002940F3DC81ED
:10466000DDE910318B42A8BF0B46002B1D460DDD46
:10467000209BC9F8008001332A44072B2192C9F8F6
:104680000450209300F3D98209F10809109B002DF2
:10469000A8BF5B1B002B1D4640F39F80102D209B65
:1046A000A74C40F35C8210260A9F05E009F1080937
:1046B000103D102D40F3538201331032072BCDE90A
:1046C0002032C9E90046F1DD1FAA5946384602F0FA
:1046D000ADF800287FF457ABDDE920320DF1B009C9
:1046E000E6E7089B0D930DF1B008FFF7B2BB002D74
:1046F0007FF763AF102D924C40F3CA831026034618
:104700000A9F05E00831103D102D40F3FB81013375
:104710001032072BCDE92032C1E90046F2DD1FAA95
:104720005946384602F082F800287FF42CABDDE9C8
:1047300020322CA9E7E70025CEE4E517002C75F11F
:104740000003BFF665AB089B64424FF02D0865EB94
:10475000450501338DF85F80CDF830807FF45FAB85
:10476000069746E7069CE5073FF5F5AE0124072BC3
:10477000C9F80080CDE92032C9F8044003DC0230DA
:1047800009F1100919E71FAA59460A9802F04EF8D4
:1047900000287FF4F8AADDE920020DF1B809013004
:1047A0002CA90AE71FAA59460A9802F03FF80028E8
:1047B0007FF4E9AA9DF85F300C93219A0DF1B009BE
:1047C000FFF79EBB1FAA59460A9802F02FF800284F
:1047D0007FF4D9AA219A0DF1B009199B11998B4246
:1047E00002DB0699CE070FD520991398C9F800006F
:1047F0001298C9F80400013102440729219220913E
:1048000000F3278209F1080911991098CB1A0D1AA3
:104810009D42A8BF1D46002D0EDD2099C9F8045009
:10482000013140442A440729C9F80000CDE920128B
:1048300000F34A8109F10809002DACBF5D1B1D463C
:10484000002D7FF7C9AB102D209B3D4C38DD102685
:104850000A9F04E009F10809103D102D30DD0133F5
:104860001032072BCDE92032C9E90046F2DD1FAA3C
:104870005946384601F0DAFF00287FF484AADDE9C2
:1048800020320DF1B009E7E71FAA59460A9801F056
:10489000CDFF00287FF477AADDE920322CA964E659
:1048A0001FAA59460A9801F0C1FF00287FF46BAA9D
:1048B000DDE920322CA964E6012B7FF430AC9DE6C3
:1048C00001332A44072BCDE92032C9E900457FF79F
:1048D00081AB7CE60DF1B008204629460A22002370
:1048E000FAF7A0F9303208F8012D204629460023B6
:1048F0000A22FAF797F904460D4654EA0503EBD16C
:1049000019E60DF1B008FFF7A4BA1FAA59460A9894
:1049100001F08CFF00287FF436AA219A0DF1B0092E
:10492000FFF712BBF80606D4790604D5BDF824209B
:104930001A80FFF71CB9099A1A60FFF718B900BF6F
:10494000B8C10608B4EE488BF1EE10FA80F18B8204
:10495000089B591C26F0200500F0C580472D03D187
:10496000002B08BF0123089347F48073069318EEC9
:10497000903A002BC0F28681B0EE48AB00230C9336
:10498000662E00F08881462E00F0DF81452D00F074
:10499000C0811DA81AA919AA0223089C0292CDE978
:1049A00003100093019453EC1A2B0A9800F0ECFCCE
:1049B000672E804640F0A982FB0740F1DC80089B0F
:1049C00008EB0301B5EE40ABF1EE10FA40F04E817A
:1049D0000B46A3EB08031193472D199B109300F08E
:1049E000D180662E40F0D580109B002B089B40F3B1
:1049F0005182002B40F02D82FB0700F12A82109B90
:104A000007930D930C9B002B40F0FF8008939DF8BB
:104A10005F300C93FFF725BA209BB248C9F800001D
:104A2000013301320120072BCDE92032C9F80400FF
:104A30003DDC09F1080929B9119B1BB9069BDF0769
:104A40007FF5CAAA209B1398C9F800001298C9F8EC
:104A5000040001330244072B2192209300F3348198
:104A600009F108090029C0F28B81119901330A4428
:104A7000072BCDE92032C9E900817FF7ABAAA6E573
:104A80001FAA59460A9801F0D1FE00287FF47BA99D
:104A90000DF1B009BBE440420B900E9356E44FF089
:104AA0002D088DF85F80CDF83080FFF7FEBB1FAA80
:104AB00059460A9801F0BAFE00287FF464A91999B2
:104AC000219A0DF1B009B6E71FAA59460A9801F0DC
:104AD000ADFE00287FF457A9199B1199219ACB1A92
:104AE0000DF1B009A8E6062308933DE7089B07935C
:104AF0000D939DF85F3008900E94069710900C93DC
:104B0000FFF7AFB9581C01F108032A440728219286
:104B1000C1E9004520903FF736AE013003F10809A6
:104B200019464AE51FAA59460A9801F07FFE002857
:104B30007FF429A9219A0DF1B00981E4089BCDF8F1
:104B40004080062B28BF0623CDF82080CDE90C83BA
:104B500007930E940697DFF89081FFF782B901332F
:104B60002A44072BCDE92032C9E900453FF72AAE98
:104B700009F1080931E61D9B199A10921B1A472D5D
:104B8000119306D1109BDA1C02DB089A9A4244DA90
:104B9000023E109B8DF86C60013B002B1993BDBF4A
:104BA000109BC3F101032D222B22092B8DF86D20C0
:104BB00000F31281303330228DF86F308DF86E2083
:104BC0001CAB1BAA9B1A119A1593012A13440D932F
:104BD00040F354810D9B129A13440D9323EAE3731F
:104BE0000793002310930DE74046FDF7A9FA002331
:104BF000089320EAE07210939DF85F300D900E94B8
:104C0000069707920C93FFF72CB92D238DF85F3090
:104C10000C9300230893FFF726B9DDE910318B428E
:104C200064DBFD0740F10F81109B129A13440D9332
:104C300023EAE37307936726E4E61FAA59460A9816
:104C400001F0F4FD00287FF49EA8219A0DF1B0092F
:104C50001CE51FAA59460A9801F0E8FD00287FF4D8
:104C600092A8199B219A0DF1B009CDE51D9B8B42AD
:104C7000BFF4AFAE30205A1C1D9218701D9B994294
:104C8000F9D8A6E62D23B1EE48AB0C9378E60023C5
:104C90000893FEF7A4BF1AA9089C01941DA819AA9D
:104CA0000323CDE90310029200930A9853EC1A2BC8
:104CB00000F06AFB8046011998F80030302B00F0B4
:104CC000B780199C21447DE61FAA59460A9801F035
:104CD000ADFD00287FF457A81999DDE920320DF1C8
:104CE000B009BFE684C106087CC10608DDE91132BF
:104CF0001344109A0D93002A06DC109B0D9AC3F101
:104D000001031A4413460D9223EAE37307936726BF
:104D100078E6089B1DA85C1C1AA919AA0223CDE9F4
:104D2000031002920093019453EC1A2B0A9800F09E
:104D30002BFB8046472E40F0D280FA0740F1C88016
:104D4000462E08EB0401B7D03CE61DA81AA919AA03
:104D50000323089C0292CDE903100093019453ECC5
:104D60001A2B0A9800F010FB8046E9E70A981FAA60
:104D7000594601F05BFD00283FF483A9FFF704B812
:104D80004D4210316E4C1CDA10260A9F04E009F1E6
:104D90000809103D102D14DD01331032072BCDE929
:104DA0002032C9E90046F2DD1FAA5946384601F013
:104DB0003DFD00287EF4E7AFDDE920320DF1B009BA
:104DC000E7E701332A44072BCDE92032C9E9004542
:104DD00071DC09F1080948E60DF17B052846594CBC
:104DE00000E01046A4FB0321C90801EB8102A3EBFC
:104DF00042023032092900F8012C0B4600F1FF3243
:104E0000EFDC30330238DBB2854202F8013C75D961
:104E10000DF16E00114601E011F8013B00F8013B75
:104E20008D42F9D11FAB9B1A0DF16E021344C8E6F7
:104E3000B5EE40ABF1EE10FA3FF443AFC4F101041C
:104E400019942144BEE523EAE37207920D93672685
:104E5000D8E5109B129A1344089A1A4422EAE27386
:104E60000D920793CEE518EE903A002B19DB9DF8D2
:104E70005F300C93344A354BFFF719BA17F0010332
:104E800010937FF4A7AE0D9B23EAE3730793B9E574
:104E90004B463AE663B9FF070AD4012307930D9303
:104EA000B0E54FF02D088DF85F80CDF83080E1E758
:104EB000129B0133D0E71FAA59460A9801F0B6FCAD
:104EC00000287EF460AFDDE920320DF1B009CCE5B9
:104ED0001D9B199A1092A3EB0803119352E608EB5D
:104EE00004016FE50E9C9AF80160236843EAE373BE
:104EF0000893231D82460E93FEF76FBE0DF16E03DD
:104F00005FE68DF85F10FEF772BF089C12E78DF820
:104F10005F10FFF74FBA8DF85F10FFF703BA8DF8F7
:104F20005F10FFF7A9B98DF85F10FFF784B98DF80E
:104F30005F10FFF745B98DF85F10FFF7BFB800BFEE
:104F4000B8C10608CDCCCCCC50C106084CC106086F
:104F500010B4044C13460A46014620685DF8044B21
:104F6000FEF7BABD4C0E00242DE9F0410C46ADF51C
:104F70008D6D8989666EE589199621F002010646D4
:104F8000E069ADF80C1017464FF48061626AADF825
:104F90000E5098461AAD0023079016A80992069362
:104FA0000095049502910591FBF712FF43463A469E
:104FB00069463046FEF790FD051E07DB3046694620
:104FC000FBF75EF8002818BF4FF0FF35BDF80C3036
:104FD0005B0603D5A38943F04003A3811698FBF732
:104FE000F9FE28460DF58D6DBDE8F08170B5141EF3
:104FF0009AB005462CDB1A464FF4027300910491D7
:10500000ADF80C3013D0013C4FF6FF761E9B029496
:1050100069460594ADF80E60FDF76EFB421C01DA9F
:105020008B232B60009B00221A701AB070BD1E9B50
:1050300002944FF6FF7669460594ADF80E60FDF7D1
:105040005BFB431C01DB1AB070BD8B232B60FAE7BE
:105050008B2303604FF0FF30F5E700BF10B582B03F
:10506000054C0093246813460A4601462046FFF784
:10507000BDFF02B010BD00BF4C0E0024F8B50D46B8
:105080001446064610B1836B002B43D0B4F90C20B4
:10509000A369A36091B208071BD52369CBB1EDB218
:1050A00089042F4622D522686169D31A994229DDE5
:1050B0000133A168501C0139A1602060157062693C
:1050C0009A422AD0A389DB0701D50A2D25D038467C
:1050D000F8BD2146304600F04DF820BBB4F90C2055
:1050E000236991B2EDB289042F46DCD4616E42F49B
:1050F000005221F40051A281226861666169D31ACD
:105100009942D5DC21463046FAF7BAFF58B92268F1
:105110000123CEE7FBF73AF8B8E721463046FAF725
:10512000AFFF0028D3D04FF0FF37D0E721B1FF2ADF
:1051300004D80A7001207047084670478A2303602C
:105140004FF0FF30704700BF70B50D46084C114658
:1051500006461A46284600232360E8F715FA431C42
:1051600000D070BD2368002BFBD0336070BD00BF42
:105170001415012438B5314B1B6805460C4613B194
:105180009A6B002A3AD0B4F90C2093B218070CD5C8
:105190002069A8B113F0010220D0636900225B42AC
:1051A000A361A26000B3002038BDD9063ED55807E0
:1051B00028D4206942F00803A3819BB20028E9D1DA
:1051C00003F42072B2F5007FE4D028462146FBF7B5
:1051D00035FEA389206913F00102DED1990758BF7B
:1051E0006269A2600028DED1B4F90C301A06DBD562
:1051F00043F04003A3814FF0FF3038BD1846FAF763
:10520000C5FFC0E7216B51B104F14003994204D0BE
:105210002846E7F7CBFBB4F90C20002323630023D7
:105220002069636022F024022060C3E742F040025C
:1052300009232B604FF0FF30A28138BD4C0E0024B3
:1052400038B5074C0023054608462360E8F738F9CF
:10525000431C00D038BD2368002BFBD02B6038BD29
:10526000141501242DE9F04F03690F69BB4283B087
:10527000C0F28680013F01F1140900F1140A59F8C7
:1052800027205AF82730BC000132B3FBF2F80AEBB2
:105290000403009409EB040B0193B8F1000F38D01C
:1052A00000252E46CE46D4465EF8044BDCF800308E
:1052B000A2B208FB0255220C2C0C08FB0242ADB234
:1052C000751B96B2C6EB134615FA83F306EB23461D
:1052D0009BB243EA0643F3454FEA12454CF8043BC0
:1052E0004FEA2646E0D2009B5AF803308BB9019A68
:1052F000131F9A450CD252F8043C4BB9A2F1080393
:1053000002E01A68043B1AB99A4507F1FF37F8D34F
:105310000761044601F0CEF800282DDB08F10108F2
:105320005546002359F8041B28688AB29A1A0B0CB8
:1053300012FA80F2C3EB104303EB224392B242EA2B
:105340000342CB4545F8042B4FEA2343EAD25AF8EF
:1053500027200AEB87037AB91A1F92450BD253F81C
:10536000042C42B9083B02E01A68043B1AB99A457A
:1053700007F1FF37F8D32761404603B0BDE8F08F4F
:10538000002003B0BDE8F08F2DE9F04F016C93B021
:1053900004461F4692469B4641B1426C4A60012337
:1053A00093408B6000F096FE002323643D1E1F9AFD
:1053B000B4BF012300231360BF4BBCBF25F00045E1
:1053C000AB46AB4300F0A5804BEC17ABB5EE407B92
:1053D000F1EE10FACDE902AB0DD11E9A0123136054
:1053E000209B002B00F0C280B44E1E60013E304670
:1053F00013B0BDE8F08F10AA11ABCDE90032204602
:10540000DDE9022301F0E8F85FEA1559804640F033
:105410009E80DDE9101301EB030909F23243202BD2
:1054200040F38683C3F1400309F212429D402AFAF9
:1054300002F32B4307EE903AB8EE677B09F1FF3990
:105440008DED027B0398DDE90223A0F1F8730120C2
:105450000D9043EC172BB7EE086B9FED914B37EE99
:10546000466B9FED917B9FED925BA6EE047B06EE73
:10547000909AB8EEE66BA6EE057BFDEEC76BB5EE37
:10548000C07BF1EE10FACDED026A00F1D381029AF1
:10549000162A00F2C4818A4B03EBC20393ED007B12
:1054A0004BEC16ABB4EEC67BF1EE10FA40F33A8348
:1054B000531E029300230B93A1EB0909B9F10103D9
:1054C000089344BF00230893029B4CBFC9F1010914
:1054D0004FF00009002BC0F2A581089A0A931146EB
:1054E00019440023089105931C9B092B43D8052BD5
:1054F00040F31B83043B1C93002306931C9B023B3D
:10550000032B00F2EF83DFE813F039031A034303A0
:1055100044041E9A42F20F731360BAF1000F0FD1C8
:10552000C5F3130565B9209B664E002B3FF45FAFB2
:1055300006F10803209A3046136013B0BDE8F08FDF
:10554000209B614E002B3FF452AFF31CF2E703990E
:10555000C1F31301DDE90223002041F07F53A9F2DA
:10556000FF3943F4401310990D9072E7574E3046BF
:1055700013B0BDE8F08F012300224FF0FF350693F2
:105580001C922F4609931D92002161640C972046BE
:1055900000F07AFD0E2D0646206400F2BE80069BC8
:1055A000002B00F0BA8002990029CDE90EAB40F340
:1055B0005883434A01F00F0302EBC3020B11DD06CF
:1055C00092ED006B40F10784414A92ED087B4BEC71
:1055D00015AB03F00F03032185EE074B5BB13C4A8B
:1055E000D80704D592ED007B013126EE076B5B10E6
:1055F00002F10802F4D184EE065B0B9B3BB1B7EEDF
:10560000007BB4EEC75BF1EE10FA00F14F8407EEB9
:10561000901AB8EEE76BB1EE0C7BA6EE057B8DED34
:10562000067B079BDDE906ABA3F1507B002F00F062
:10563000998302983A46BDEEC57B214917EE103A90
:1056400001EBC20111ED024B09993033B8EEC77B73
:10565000DBB235EE477B4BEC16AB751C002900F036
:10566000DE83B6EE003B83EE045B35EE465BB4EEC4
:10567000C75BF1EE10FA33704BDCB7EE003B33EE54
:10568000476BB4EEC65BF1EE10FA00F35984012AC1
:1056900041D0B2EE044B324426E000BFAFF30080AD
:1056A00061436F63A787D23FB3C8608B288AC63F28
:1056B000FB799F501344D33F0000F07F85C106085B
:1056C00000C20608C8C10608D4C1060884C106087D
:1056D000D8C1060833EE476BB4EEC56BF1EE10FA95
:1056E00000F12E84954216D027EE047B25EE045B54
:1056F000BDEEC76B16EE103A3033DBB2B8EEC66BB8
:1057000037EE467BB4EEC57BF1EE10FA05F8013BAF
:10571000E0D50290D7E1DDE90EAB119B002B62DBF7
:10572000029A0E2A5FDCBE4B03EBC20393ED003BF3
:105730001D9B002BC0F274824BEC17AB87EE036B02
:10574000BDEEC66B012F16EE103A03F13003B8EE32
:10575000C65B06F101053370A3EE457B21D0B2EEA6
:10576000044B27EE047BB5EE407BF1EE10FA08D136
:10577000A9E127EE047BB5EE407BF1EE10FA00F0D4
:10578000A28187EE036BBDEEC66B16EE103A303386
:1057900005F8013BAB1B9F42B8EEC65BA5EE437B11
:1057A000E7D137EE077BB4EEC37BF1EE10FA0ADCEB
:1057B000B4EE437BF1EE10FA40F0858116EE103A1C
:1057C000D90740F1808115F8013C05E0964200F0D0
:1057D0004A8312F8013C1546392B05F1FF32F5D00A
:1057E000013313706FE1099A82B31C9A012A40F3C6
:1057F0000A82059B7A1E9342C0F2D5829A1A002F24
:10580000C0F2FE82089B3B444D460893B9440121F7
:1058100020460D9200F0F8FC0D9A06901AE0012344
:105820000B9349E6029BA9EB03095B420593002316
:105830000A9359E6B8EEE66BB4EE476BF1EE10FA58
:105840003FF425AE029B013B029320E6099B059A9B
:1058500006934D46002D0BDD0899002908DDA9426D
:105860000B46A8BF2B46A9EB0309ED1ACB1A0893E8
:10587000059B6BB10999002900F08E829B1A002AC2
:1058800040F0A38141461A46204600F06DFD804657
:105890000121204600F0B8FC0A9A0590002A40F049
:1058A0002C811C9B012B40F376810120089A104427
:1058B00010F01F0000F01A81C0F12003042B40F308
:1058C0006E83C0F11C000244814405440892B9F182
:1058D000000F05DD41464A46204600F095FD804612
:1058E000089B002B05DD1A460599204600F08CFD2B
:1058F00005900B9B002B73D1002F40F30E82099B68
:10590000002B00F08980002D00F376810A9B002B8C
:1059100040F0D381DDF818900B96731E3B440AF0DB
:1059200001023746069E0A920993059D4046294684
:10593000FFF798FC31468246404600F0BBFD294601
:1059400083464A46204600F0D1FDC3680AF130057F
:105950000146002B40F0DC810690404600F0AAFD95
:10596000069A08901146204600F0B4FB089B33B914
:105970001C9A22B90A9B002B00F0E4821C9BBBF10D
:10598000000FC0F2188205D11C9A1AB90A9A002A8F
:1059900000F01182002B07F1010A00F32182099B1C
:1059A0003D70BB4200F02F82414600230A22204670
:1059B00000F09AFB4E45804631464FF000034FF011
:1059C0000A02204600F09E8100F08EFB4946064602
:1059D00000230A22204600F087FB57468146A4E7B1
:1059E0000599404600F066FD002885DA029F414691
:1059F00000230A222046013F029700F075FB099B15
:105A00008046002B40F0B6820C9F002F04DC1C9BCC
:105A1000022B00F3C2820C9FDDF81490354604E09F
:105A200000C2060800F060FB804649464046FFF78A
:105A300019FC00F1300C05F801CBAB1B9F424FF075
:105A40000A024FF0000341462046EBDCCDF820C0AF
:105A50004FF0000A41460122204600F0D5FC05998E
:105A6000804600F027FD002815F8012C12DC06D135
:105A7000089BDB070ED402E015F8022C1D46302AE5
:105A800005F1FF33F8D00BE09E4200F0528113F88D
:105A9000012C1D46392A05F1FF33F5D001321A7069
:105AA0000599204600F016FB069B63B1BAF1000F82
:105AB00005D09A4503D05146204600F00BFB0699CD
:105AC000204600F007FB4146204600F003FB002281
:105AD000029B2A701E9A01331360209B002B3FF417
:105AE00086AC30461D6013B0BDE8F08F1C20089BCB
:105AF0000344814405440893E9E60146204600F04A
:105B000033FC1C9B0590012B40F3D28000230A93A9
:105B1000059A136902EB8303186900F025FBC0F1B5
:105B20002000C3E600230B93C6E401230693E5E4BB
:105B3000C3F120030AFA03F307EE903A7CE4002352
:105B40000993029B1D9A13445F1C012FBC460C93C2
:105B5000B8BF4FF0010C0021BCF1170F61643D4646
:105B60007FF715AD012204235B0003F114006045AB
:105B7000114602F10102F7D9616408E50023099397
:105B80001D9B002B40F3DB800C931F469C46E2E7F5
:105B900001230993F4E7BAF1000F7FF486AECBF34B
:105BA0001303002B40F068812BF000431B0D1B05F5
:105BB0002BB1089B0133089309F1010901230A9ACB
:105BC0000A93002A3FF471AEA2E706990D9320468E
:105BD00000F0CAFB424601460690204600F01EFB3C
:105BE00041460590204600F075FA059A0D9B9046B7
:105BF000002B3FF44DAE45E62A460699204600F0BC
:105C000003FC069082E60D9A002A00F0378103F229
:105C10003343089A1A4408924D46059A9944F6E58A
:105C2000002F3FF789AD40F0B080B1EE047B23EE4A
:105C3000073B4BEC17ABB4EEC73BF1EE10FACDE9E6
:105C4000057771DA029A3123013202923370751CA2
:105C50000599204600F03EFA069B002B7FF42FAFFB
:105C600031E700F01E81029BC04A5B4203F00F0146
:105C700002EBC10292ED005B9DED0E7B1B1127EE46
:105C8000055B00F08781B0EE457BB94A0020022118
:105C9000DD0705D592ED006B0131012027EE067B73
:105CA0005B1002F10802F3D1002805FE075BA4E4B3
:105CB000BAF1000F3FF473AF28E7069B20465968FE
:105CC00000F0E2F906990B6902339A0005460C319F
:105CD0000C30FBF74FFC29460122204600F094FBD4
:105CE000814619E6002565642946204600F0CCF976
:105CF0004FF0FF330C931F46012306461D95206489
:105D000009930AE500F0F0F95746064681460CE68D
:105D1000204600F0DFF9012331E61C9B022B7FF7C0
:105D2000EEAD002F00F0AE801D9BDB4302933546A5
:105D30008EE7029A3123013202923370B0E60125D8
:105D40001D952F4620E407EE901AB8EEE76BB1EEF2
:105D50000C7BA6EE057B8DED067B079BDDE906AB94
:105D6000A3F1507B4BEC16ABB1EE047B35EE477BD9
:105D7000B4EEC67BF1EE10FA4DDCB1EE466BB4EE3C
:105D8000C67BF1EE10FA7FF5C6AC0023CDE90533F2
:105D9000CAE701230993D4E64146059A204600F05C
:105DA000E3FA804674E5059B0A990592D31A1944D3
:105DB0000A91002223E5002B0895069607F10105BC
:105DC0000B9E00F392809DF82030DDF818A03B7008
:105DD000CDF8189064E69DED0E4B0221FFF7FEBB57
:105DE0002B46392B0895069655460B9E00F08F8062
:105DF000089BDDF818A0CDF8189001333B704FE6F2
:105E0000A9EB070503E5334608950B9ECDF81890DE
:105E100055469A461EE60023CDE9053312E7012ACE
:105E200026EE045B337011D0B2EE044B324427EE01
:105E3000047BBDEEC76B16EE103A303305F8013B1C
:105E40009542B8EEC66B37EE467BF0D1B6EE006BEE
:105E500035EE064BB4EEC74BF1EE10FA5ED502906C
:105E600015F8013CB8E430233370029B01330293F0
:105E7000324615F8013CB3E40023A0E6109BC3F1C1
:105E80003603C6E63B4605990522204600F02CF96C
:105E900001460590404600F00DFB00283FF7D2AECA
:105EA00042E79DED0E5B0221FFF7A7BB002F3FF4F9
:105EB0004AAF0C9A002A7FF72EACB2EE044BB1EE3B
:105EC0000C6B013107EE901A25EE045BB8EEE77B10
:105ED000A5EE076B8DED066B079BDDE906ABA3F125
:105EE000507B029B581EFFF7A6BB4146012220466D
:105EF00000F08AFA0599804600F0DCFA00282DDDD2
:105F0000089B392B03D00AF1310308935BE7392250
:105F1000DDF818A03A70CDF81890BBE536EE456B69
:105F2000B4EEC76BF1EE10FA02DCFFF7F4BB1546D6
:105F300015F8013C302B05F1FF32F8D0FFF7E9BB33
:105F4000029049E42B46392B0895069607F1010586
:105F50000B9EDCD0BBF1000FD5DC34E77FF433AF10
:105F6000089BDA077FF52FAFCAE700BF00C206081B
:105F7000D8C10608069900230A22204600F0B4F88A
:105F80000C9F0690002F3FF7BEAC1C9B022B04DC3D
:105F90000C9FB8E40221FFF730BB0C9FC1E63FF431
:105FA00096ACC0F13C00A2E50B78722B30B431D036
:105FB000772B2AD0612B04D01623036030BC00203D
:105FC00070474FF4027501244FF4847011F8013FBB
:105FD0008BB1622B16D0782B11D02B2BF6D111F868
:105FE000013F20F01C0024F0030440F0100044F0B6
:105FF0000204002BEDD12C43146030BC704744F4F4
:106000000064E3E744F48034E0E74FF4C065012422
:106010000820DBE700252C460420D7E738B5074CDD
:106020000023054608462360E7F71CFB431C00D00D
:1060300038BD2368002BFBD02B6038BD141501241C
:10604000044A054B1268506B002808BF1846F03010
:10605000704700BF4C0E00247812002470B50D4626
:10606000084C114606461A46284600232360E7F7E7
:1060700060FB431C00D070BD2368002BFBD0336055
:1060800070BD00BF14150124C36C70B505460C46E5
:106090004BB153F8240080B1026843F82420002358
:1060A000C0E9033370BD21220421E6F7C8FB034693
:1060B000E8640028EDD1002070BD012101FA04F64A
:1060C000721D28469200E6F7BAFB0028F3D0C0E91B
:1060D0000146E4E731B1C36C4A6853F82200086016
:1060E00043F82210704700BFF0B50C6983B00D462D
:1060F000064601F1140C0027DCF8000081B202FB17
:106100000133010C180C02FB01019BB2013703EBB8
:106110000143BC424CF8043B4FEA1143ECDC3BB179
:10612000AA68A24207DD05EB8402013453612C61A9
:10613000284603B0F0BD6968019301313046FFF78E
:10614000A3FF2A69023205F10C01074692000C30C8
:10615000FBF710FAF26C6968019B52F82100286085
:1061600042F821503D46DEE7020C12040346C2B954
:106170000304102013F07F4F04BF1B02083013F0FC
:10618000704F04BF1B01043013F0404F04BF9B004D
:106190000230002B04DB5B0001D50130704720206A
:1061A00070470020E6E700BF036813F007020146CE
:1061B00007D0DA071FD498071FD55B080B600120B2
:1061C000704798B2A0B1104613F0FF0F04BF1B0A2E
:1061D00008301A0704BF1B0904309A0704BF9B0844
:1061E0000230DA0702D45B080BD001300B60704735
:1061F0001B0C1020E8E7002070479B080B60022072
:1062000070472020704700BF10B50C460121FFF7F2
:106210003BFF0122C0E9042410BD00BF2DE9F04F6F
:106220000E691469A64283B00F46154604DA324659
:106230002F4626460D461446D7E9011306EB0408FF
:106240004345B8BF0131FFF71FFF00F1140909EB07
:10625000880EF145009005D24B46002243F8042BEE
:106260009E45FBD805F1140A0AEB840407F11403D8
:10627000A24503EB860C61D2641B153C24F0030499
:10628000CDF804E0A24405F110029E4605E02D0C75
:106290002BD1924509F104094ED052F8045F1FFA40
:1062A00085FBBBF1000FF2D077464E46002000E0A0
:1062B000264657F8041B34688BB2A5B2090C240C8F
:1062C0000BFB035303440BFB014000EB134034462C
:1062D0009BB243EA0043BC454FEA104044F8043BFC
:1062E000E6D8706015682D0CD3D0D9F8003076460A
:1062F0001846CB46002100E0A3463488000C05FB7D
:10630000040001449BB25C4643EA014344F8043B69
:1063100056F8043BDBF804001B0C87B205FB037343
:1063200003EB1143B4454FEA1341E5D89245CBF84E
:10633000043009F10409B0D1DDF804E0B8F1000F30
:106340000BDD5EF8043CAEF1040E1BB105E05EF817
:10635000043D13B9B8F10108F9D10098C0F81080D4
:1063600003B0BDE8F08F00BF12F003032DE9F04148
:10637000144607462ED10D46A4101CD0BE6C96B311
:10638000E3074FF0000806D4641014D03068A8B1B9
:106390000646E307F8D5324629463846FFF73EFF62
:1063A000B5B16A68FB6C641053F82210296043F899
:1063B00022500546EAD12846BDE8F08132463146F2
:1063C0003846FFF72BFF3060C0F800800646E0E754
:1063D0000546D9E7013B0B4A52F823200023FFF77B
:1063E00083FE0546C8E701213846FFF74DFE40F21F
:1063F000712343610122002302610646B8640360F1
:10640000BEE700BFC8C206082DE9F04791460A69F9
:106410000E464FEA6914D1E9011304EB020808F1B2
:1064200001059D42074604DD5B009D4201F101012B
:10643000FADC3846FFF728FE002C00F1140337DDA4
:1064400003EB8401002243F8042B8B42FBD1346917
:1064500006F1140319F01F0903EB840C20D0C9F1D5
:10646000200E002200E051461C688A4604FA09F416
:1064700014434AF8044B53F8042B634522FA0EF2F6
:10648000F1D34A600AB108F10205FB6C7268013D64
:1064900053F822100561316043F82260BDE8F087AF
:1064A000043953F8042B41F8042F9C45F9D8ECE744
:1064B0001946CCE730B40B6905460069C01A0FD104
:1064C0009B001435143119442B4401E09D4207D23E
:1064D00053F8044D51F8042D9442F7D002D3012013
:1064E00030BC70474FF0FF30FAE700BF2DE9F041B4
:1064F00013690D69ED1A002D0E46904601F1140442
:1065000002F1140714D19B00E2183B4401E0A242BF
:1065100059D952F804CD53F8041D8C45F7D009D24F
:10652000224633463C46464617469846012501E03A
:10653000F6DB00257168FFF7A7FDD8F81030366943
:10654000C56007EB830EBC4600F1140504EB86071B
:1065500000235CF8041B54F8048B8AB213FA88F306
:10656000090C9A1AC1EB184303EB224392B242EA98
:106570000342E64545F8042B4FEA2343E9D8A742F6
:1065800017D9AE46A4465CF8042B13FA82F319140B
:1065900001EB12419BB243EA014267454EF8042BDE
:1065A0004FEA2143EFD8E443274427F00307043799
:1065B0003D44043D22B955F8043D013E002BFAD07C
:1065C0000661BDE8F0810021FFF75EFD0122002396
:1065D000C0E90423BDE8F0812DE9F04383B0012137
:1065E0001F4616460A9DFFF74FFDC7F30A54814622
:1065F000C7F313030CB143F48013002E019323D08F
:1066000002A840F8086DFFF7CFFD002835D1DDE97D
:106610000023C9F81420002B0CBF01210221C9F866
:106620001830C9F81010DCB909EB8103A0F2324030
:1066300028601869FFF798FD0B9BC0EB41101860AC
:10664000484603B0BDE8F08301A8FFF7ADFD019B0C
:10665000C9F8143001212030C9F81010002CE3D003
:10666000A4F2334808EB00032B600B9BC0F135000C
:106670001860484603B0BDE8F083DDE90013C0F1BF
:10668000200203FA02F20A43C3400193C9F814201E
:10669000C1E700BF70B50D46084C114606461A46C4
:1066A000284600232360E6F7DFFF431C00D070BDBF
:1066B0002368002BFBD0336070BD00BF141501248C
:1066C0002DE9F04F936883B09046002B6CD017688B
:1066D0008D6882460C460868083742E0A38913F4A7
:1066E000906F2DD0D4E9041505EB4505A0EB010B07
:1066F00005EBD575701C6D105844A8422A4684BF1E
:1067000005462A465B0536D511465046E6F702F99E
:1067100000283AD05A4621690190FAF72BFFA28946
:10672000019B22F4906242F08002A281A5EB0B0251
:1067300003EB0B00656123612060A2603546B34620
:106740005A464946FAF7B0FFD8F80830A2682068E0
:10675000551B58449E1BA5602060C8F808601EB3F6
:10676000083757E90296AB46002EF9D0AE42B5D2B3
:106770003546B346E4E75046E6F738F803460028C6
:10678000D4D121695046E6F711F90C23CAF800303C
:10679000A389002243F040034FF0FF30A381C8E9F2
:1067A000012203B0BDE8F08F0020C8F8040003B058
:1067B000BDE8F08F2DE9F84F4B6E9C0492462DD525
:1067C0009368126843B30E46074602F1080959E977
:1067D000025B5FEA9B0815D0043D002401E0A04560
:1067E0000ED0324655F8041F384600F079F8431CA5
:1067F00004F10104F3D10023CAE90133BDE8F88FA5
:10680000DAF808302BF0030BA3EB0B03CAF80830BF
:1068100009F10809002BDAD10020ECE7FAF7D8F8E3
:106820000023CAE90133BDE8F88F00BF93680BB1BC
:10683000FFF7C0BF10B4184653605DF8044B7047B3
:106840002DE9F04782B0814688461446FAF7B2FA3D
:10685000012803D108F1FF33FE2B33D9424604F15E
:106860005C0301A9484600F06DF8421C06462FD093
:1068700020B39DF804C000250DF1040A09E0236847
:106880005A1C226083F800C00135B54216D215F8B3
:106890000AC0A368013B002BA360F0DAA769BB42E2
:1068A00061462246484602DBBCF10A0FE7D1FEF7FB
:1068B000E5FB431CE8D102B0BDE8F087404602B0DA
:1068C000BDE8F0875FFA88FC06468DF804C0D2E781
:1068D000A38943F04003A38102B0BDE8F08700BF65
:1068E00030B50546506EB2F90C30C007144683B07F
:1068F0009AB201D490051CD5900406D4626E43F47C
:10690000005342F40052A381626628462246FFF7F4
:1069100097FF636EDA07054602D4A3899B0502D56B
:10692000284603B030BDA06DFAF758FA284603B0E8
:1069300030BDA06D0191FAF74FFAB4F90C3001990E
:106940009AB2D9E7F0B5114C246885B00646646B5D
:106950001F4651B10E4D002C08BF2C46D4F8E04024
:10696000A047431C0CD005B0F0BD094A002C08BF5D
:1069700014460A46D4F8E04001A9A047431CF2D1CE
:1069800000228A233A60336005B0F0BD4C0E00242B
:1069900078120024024B58221A604FF0FF307047E3
:1069A00014150124024B58221A604FF0FF30704733
:1069B00014150124F8B500BFF8BC08BC9E4670470A
:1069C000F8B500BFF8BC08BC9E4670475041535311
:1069D000004641494C005B46494E414C20504F52C5
:1069E00054454E54415D20434152474120002065AB
:1069F0006E766961646F733D00206F6B3D0020749B
:106A0000696D656F75743D0020616A656E61733DE7
:106A100000206461746F733D002064757261636966
:106A20006F6E5F6D733D00207274744D61785F6DA1
:106A3000733D00207274744D6564696F5F75733DBA
:106A4000002073657061726163696F6E4D61785F7C
:106A50006D733D005B46494E414C20504F525445AA
:106A60004E54415D20464153453D00000100020067
:106A7000030004000506070809000A000B000C5B70
:106A800046494E414C20504F5254454E54415D2092
:106A90004641494C20736573696F6E20616C656176
:106AA000746F7269613B20656E7669617220542053
:106AB00070617261207265696E74656E74617200D6
:106AC0005B46494E414C20504F5254454E54415D17
:106AD00020524553554C5441444F3D002066616C53
:106AE0006C6F733D005B46494E414C20504F5254F1
:106AF000454E54415D20536F6C6F20656E6C616331
:106B0000653B2070656E6469656E74652076616CA6
:106B100069646172206669726D7761726520636F66
:106B20006D706C65746F2062616A6F20636172675B
:106B300061005B46494E414C20504F5254454E54E3
:106B4000415D206361736F3D00207469706F3D008B
:106B50005B46494E414C20504F5254454E54415D86
:106B600020666173653D002074784572726F723DD6
:106B700000206372633D00206C656E3D005B4649FA
:106B80004E414C20504F5254454E54415D20763179
:106B90003720627573003B2053494E2041435455C2
:106BA00041444F5245533B20656E766961722054D3
:106BB000207061726120696E6963696172005B4671
:106BC000494E414C20504F5254454E54415D204354
:106BD000617267617220414D424F5320736B65743F
:106BE000636865732064652052533438355F4649C5
:106BF0004E414C5F4D4947524143494F4E000000C2
:106C0000AB17040807170408691604080000000001
:106C100000000000ED1904080F1A04086B1904089D
:106C200091190408D5190408E9190408E919040898
:106C30001D1A0408EB190408EB190408EB190408E1
:106C4000631A0408EF1904080000000000000000A7
:106C5000FF1B0408B5410408FD1A0408511B040871
:106C6000391B0408491B0408411B0408011B0408C4
:106C7000291B0408151B04085D1B0408C11B04081C
:106C8000591B04087D210408071704086916040825
:106C9000493243536C61766500000000000000003B
:106CA000000000000D1D0408B5410408FD1A040889
:106CB0002B1D0408F31D0408071E0408391D0408D1
:106CC000511D0408A12004084B1E0408AF1D040830
:106CD000E91C0408CD1D0408F51C04088B1E0408DB
:106CE000FD1C04082D1D0408331D0408E11C0408C4
:106CF0007F1D04080000000000000000D5250408E6
:106D0000E925040851F7040809F40408C52104081A
:106D100095E504088DE6040889E70408C9210408FC
:106D200035E0040835E004083BE0040865E10408A8
:106D300053E004084DE004080D230408472204082A
:106D4000A722040845E00408F12104083D2B0408AB
:106D5000071704086916040800000000000000007E
:106D600055270408D9270408FD1A04084B260408EF
:106D7000C5280408A929040821290408912A04081F
:106D8000FF2504086326040805270408456E766974
:106D900065204D37000000000000000000000000EA
:106DA000552C0408712C04087FAC0408DBA20408ED
:106DB000E99F0408D7A0040821AD0408059C040835
:106DC000079C040855AF0408A5AF0408A59C040857
:106DD0004D2D0408952E0408759C04084D2C0408BC
:106DE000452E0408712E04088D9C0408092E040801
:106DF000152C0408192C04081B2C04081D2C04084D
:106E0000332C0408872C0408C72C0408FB2C040826
:106E1000232D040851300408553004085930040863
:106E20001003410072006400750069006E006F007D
:106E30000000000000000000553204086932040818
:106E400047370408519904080000000000000000C2
:106E50007D320408913204088F38040851990408DF
:106E600000000000000000002D3204084132040838
:106E70006330040851990408453A040807170408C8
:106E8000691604088025000000000800FFFFFFFFCE
:106E90005F72785F73697A65203D3D2030005F74D2
:106EA000785F6C6973742E656D7074792829005F42
:106EB00072785F6C6973742E656D7074792829001F
:106EC000433A5C55736572735C73616D75655C41C3
:106ED0007070446174615C4C6F63616C5C4172649E
:106EE00075696E6F31355C7061636B616765735C8A
:106EF00061726475696E6F5C6861726477617265F6
:106F00005C6D6265645F706F7274656E74615C3431
:106F10002E362E305C636F7265735C6172647569C6
:106F20006E6F5C5553425C5553424344432E63702D
:106F300070007265736F6C7665722E76616C696431
:106F4000282900000000000000000000E1310408D2
:106F5000113204087D3004087535040891350408A1
:106F60002D3304087139040827320408A5320408B7
:106F70006B3004087130040861350408753004086A
:106F80005D3004085F3004086130040816034300D4
:106F900044004300200044004500560049004300DF
:106FA00045000000813F040807170408691604081B
:106FB000713F040807170408691604085553426511
:106FC000767400433A5C55736572735C73616D75DA
:106FD000655C417070446174615C4C6F63616C5CB2
:106FE00041726475696E6F31355C7061636B6167A6
:106FF00065735C61726475696E6F5C6861726477F9
:107000006172655C6D6265645F706F7274656E74E9
:10701000615C342E362E305C636F7265735C617216
:107020006475696E6F2F6D6265642F706C61746634
:107030006F726D2F696E636C7564652F706C61740F
:10704000666F726D2F43616C6C6261636B2E6800BA
:10705000626F6F6C282A7468697329000000000051
:1070600000000000D53B0408313C04087D300408D2
:1070700075350408913504082D3304087139040866
:1070800027320408A53204086B3004087130040864
:107090006135040875300408373B0408853D040851
:1070A00061300408E53A04080D3B0408613E040819
:1070B000793A0408853A0408A1280408ED28040850
:1070C0005D290408893A040831270408992704082F
:1070D0008D3A040858FBFFFF00000000213C040823
:1070E0004F3C04082BC20408FBC104085DC204081D
:1070F000F7C10408F7C10408F7C1040861C2040815
:1071000065C2040861C204084D3A0408533A0408F1
:107110005F3A0408633A0408693A04086F3A0408BD
:10712000733A0408053B04082F3B0408753A040829
:10713000773A040854FBFFFF00000000293C0408D4
:10714000473C040840FBFFFF000000004D270408F7
:10715000D3270408FD1A04088B3A0408BD28040844
:10716000A12904081B290408653F04087F3A040884
:10717000873A04089D3A040800000000000000005F
:10718000E33F04085254582056352E352E330072F2
:1071900074785F74696D6572007274785F69646C8D
:1071A000650000000000000000000000000000007A
:1071B00000000000000000000000000000000000CF
:1071C00000000000000000000000000000000000BF
:1071D00000000000000000000000000005000000AA
:1071E000E803000005000000083E00241000000035
:1071F000000000000000000000000000000000008F
:10720000000000000000000000000000000000007E
:10721000000000000000000000000000000000006E
:10722000000000000000000000000000000000005E
:1072300000100000507206088C7206086569040888
:10724000456904087472060804000000000000008C
:107250009971060800000000103F0024440000005F
:10726000583F0024800300000100000001000000DE
:10727000000000000000000000000000483E002464
:10728000340000007C3E0024500000008F7106088E
:1072900000000000CC3E002444000000D84200243E
:1072A00000030000280000000100000000000000B2
:1072B0006D616C6C6F635F6D7574657800656E767B
:1072C0005F6D757465780073696E676C65746F6E59
:1072D0005F6D75746578006D61696E005072652030
:1072E0006D61696E20746872656164206E6F7420D0
:1072F00063726561746564004661696C65642074DD
:107300006F2073746172742052544F530000000058
:10731000C77206080B0000009CF300241C0000004C
:10732000434D5349532D52544F53206572726F721F
:107330003A20537461636B206F766572666C6F7769
:1073400000434D5349532D52544F53206572726F71
:10735000723A20495352205175657565206F7665E4
:1073600072666C6F7700434D5349532D52544F53FF
:10737000206572726F723A20557365722054696D80
:1073800065722043616C6C6261636B205175657539
:1073900065206F766572666C6F7700434D53495375
:1073A0002D52544F53206572726F723A20535444D9
:1073B00020432F432B2B206C696272617279206C01
:1073C00069627370616365206E6F742061766169B4
:1073D0006C61626C6500434D5349532D52544F53B9
:1073E000206572726F723A2053544420432F432B0E
:1073F0002B206C696272617279206D7574657820DA
:10740000696E697469616C697A6174696F6E20660E
:1074100061696C656400434D5349532D52544F5379
:10742000206572726F723A20556E6B6E6F776E00C8
:107430004E6F7420616C6C6F77656420696E2049B3
:10744000535220636F6E746578740053797374655A
:107450006D206973206F7574206F66206D656D6F88
:10746000727900506172616D657465722065727227
:107470006F72005265736F75726365206E6F742052
:10748000617661696C61626C65004F7065726174F0
:10749000696F6E206E6F7420636F6D706C657465BC
:1074A000642077697468696E207468652074696DFA
:1074B000656F757420706572696F6400556E7370C6
:1074C000656369666965642052544F532065727222
:1074D0006F720000307406084B7406086374060867
:1074E000737406088A740608BC7406082E2F6D6231
:1074F00065642D6F732F636D7369732F646576698F
:1075000063652F72746F732F736F757263652F6D60
:107510006265645F7274785F69646C652E63707015
:10752000007469636B735F736C657074203C2072C8
:10753000746F733A3A4B65726E656C3A3A7761696B
:10754000745F666F725F7533325F6D61780066726B
:107550006571203D3D20313030300068616E646CD3
:107560006572203D3D202849525148616E646C652A
:10757000725F74294E5649435F476574566563745C
:107580006F72286972712900816E04080717040858
:10759000691604082E2F6D6265642D6F732F706C51
:1075A0006174666F726D2F696E636C7564652F70A0
:1075B0006C6174666F726D2F43616C6C6261636B9A
:1075C0002E68004572726F72203A204554485F540D
:1075D000585F444553435F434E54206E6F7420738D
:1075E000756666696369656E74005354453200457B
:1075F00072726F722072657475726E656420627942
:107600002048414C5F4554485F5472616E736D6908
:1076100074202825642900706F7765725F646F7726
:107620006E004572726F723A2072657475726E6583
:10763000642062792048414C5F4554485F47657437
:107640005278446174614C656E67746800455448B3
:107650002062756666657273203A2025752052781F
:10766000202575205478006C6F775F6C6576656CAB
:107670005F696E69745F7375636365737366756C58
:10768000004572726F722066726F6D206574686556
:10769000726E65742048414C202848414C5F455427
:1076A000485F444D414572726F7243616C6C626118
:1076B000636B290A004572726F722066726F6D20CB
:1076C00065746865726E65742048414C2028484195
:1076D0004C5F4554485F4D41434572726F72436140
:1076E0006C6C6261636B290A00656D61635F6C6934
:1076F0006E6B5F73746174655F6362207365742081
:10770000746F207472756500656D61635F6C696E7E
:107710006B5F73746174655F63622073657420745A
:107720006F2066616C73650073746D33325F656DD5
:1077300061635F746872656164000000057B040822
:107740000717040869160408000000000000000084
:10775000AD730408B3730408A5740408B773040870
:1077600021770408BB730408057404082D7A040803
:10777000B9740408617804086D780408BB730408C0
:10778000BB730408BD730408BF730408D3730408F3
:10779000E5730408CD7304087379735F6D626F78C5
:1077A0005F747279706F7374206572726F720A0001
:1077B0007379735F6D757465785F6C6F636B20654B
:1077C00072726F720A007379735F6D757465785F9A
:1077D000756E6C6F636B206572726F720A007379DD
:1077E000735F617263685F70726F74656374206544
:1077F00072726F720A007379735F617263685F758A
:107800006E70726F74656374206572726F720A00B5
:1078100018000F00590A01244049002410000800F4
:107820001EF700244449002410000800C70C01245E
:1078300048490024CC000400260701244C490024B8
:1078400010000800C0FA002450490024600205001E
:1078500043FB0024544900241C00040024F80024A5
:1078600058490024200005001AF900245C4900242E
:1078700010001000C40B012460490024100008000F
:1078800097F800246449002410000800A1F70024A0
:1078900068490024A40004008BF400246C490024EF
:1078A0001C0004004A0D012470490024100010003F
:1078B000BDF900247449002428000400E8F30024E2
:1078C0007849002458780608B8780608947806089D
:1078D000A0780608AC7806086478060810780608D0
:1078E00028780608347806087C7806088878060820
:1078F0001C78060870780608407806084C78060858
:107900002E2F6D6265642D6F732F706C6174666FBE
:10791000726D2F696E636C7564652F706C6174662F
:107920006F726D2F53696E676C65746F6E507472F1
:107930002E680070203D3D207265696E746572701E
:107940007265745F636173743C54202A3E28265F1D
:107950006461746129000000000000000000000064
:107960009D8104089F810408AD810408C181040839
:107970000000000000000000F182040851830408A8
:1079800011820408198204080000000000000000B1
:10799000D9850408E9850408952404088525040888
:1079A00000000000000000005187040879870408E7
:1079B0002E2F6D6265642D6F732F64726976657208
:1079C000732F736F757263652F515350492E637017
:1079D0007000737563636573730001020400000037
:1079E0000000000000000000F98B04081D8C040852
:1079F000D18B0408E58B04082E2F6D6265642D6F12
:107A0000732F647269766572732F736F7572636515
:107A10002F5350492E637070005F706572697068F3
:107A20006572616C735F75736564203C20535049C7
:107A30005F5045524950484552414C535F5553455C
:107A4000440000000000000000000000DD8F04087A
:107A5000199004082B8E04084D8E0408B98F040871
:107A6000CB8F04082E2F6D6265642D6F732F6472A7
:107A700069766572732F736F757263652F536572C4
:107A800069616C426173652E637070005F7374612D
:107A90007469635F70696E6D6170203D3D204E5565
:107AA0004C4C000000000000000000002D90040875
:107AB0002D900408C19404082995040800000000D2
:107AC00000000000DD3F040800000000000000008E
:107AD0002D9004082D900408319704084D97040850
:107AE00067970408B5970408B3960408BF9604087E
:107AF000CB960408D39604080D9704081F97040832
:107B0000DB96040878FFFFFF00000000459704089B
:107B100061970408DB970408AD970408B996040838
:107B2000D7960408AF960408CF960408FD81040890
:107B300007820408C59604084D3A0408533A04081D
:107B40005F3A040817970408299704080597040862
:107B5000733A04082E2F6D6265642D6F732F647263
:107B600069766572732F7573622F736F75726365B3
:107B70002F4173796E634F702E637070005F776171
:107B80006974203D3D204E554C4C005F6C69737408
:107B9000203D3D204E554C4C0000000000000000F0
:107BA000000000000000000000000000DD3F0408AD
:107BB000519904082E2F6D6265642D6F732F6472C6
:107BC00069766572732F7573622F736F7572636553
:107BD0002F5553424465766963652E637070005F6C
:107BE0006C6F636B6564203E20300044657669638A
:107BF000652073746174652069732022506F776506
:107C000072656422206F7220224465746163686526
:107C100064220054686520656E64706F696E74201C
:107C20006973206E6F7420696E64657861626C653B
:107C30002E005F7472616E736665722E7573657265
:107C40005F63616C6C6261636B203D3D20526571C6
:107C50007565737458666572446F6E650054686527
:107C600020737461636B2069732077616974696E36
:107C700067206F6E206120757365722063616C6C84
:107C80006261636B20666F7220746865206275663E
:107C900066657220746F2066696C6C206F72207349
:107CA00074617475732E005F7472616E73666572B1
:107CB0002E757365725F63616C6C6261636B203DEE
:107CC0003D20536574436F6E6669677572617469B0
:107CD0006F6E005F7472616E736665722E75736588
:107CE000725F63616C6C6261636B203D3D20536524
:107CF00074496E74657266616365005F7472616E6B
:107D0000736665722E757365725F63616C6C626118
:107D1000636B203D3D20526571756573740021636E
:107D20006F6E6669677572656428290054686520FE
:107D300073697A65206F6620746865206461746178
:107D400020746F2072656164206973206C657373A1
:107D5000207468616E20746865206D6178207061A0
:107D6000636B65742073697A6520666F722074682E
:107D7000697320656E64706F696E742E0054686557
:107D800020656E64706F696E74206973206E6F7405
:107D900020696E64657861626C650053697A65205C
:107DA0006265696E67207772697474656E206973A5
:107DB00020746F6F206C617267652E002128696ED8
:107DC000666F2D3E666C616773202620454E4450D9
:107DD0004F494E545F454E41424C454429006D6128
:107DE000785F7061636B65745F73697A65203C3D91
:107DF000203130323400215F696E697469616C69C9
:107E00007A6564000000000000000000000000002F
:107E1000000000007FAC0408DBA20408E99F04080E
:107E2000D7A0040821AD0408059C0408079C040899
:107E300055AF0408A5AF0408A59C04080D9C0408D0
:107E4000DD3F0408759C04087D9C04089D9C040883
:107E5000859C04088D9C0408959C0408152C040836
:107E6000192C04081B2C0408BF9B0408DD3F0408E0
:107E7000DD3F0408DD3F0408DD3F0408DD3F040862
:107E8000E59C0408119D0408C59C0408040309042A
:107E90001603300031003200330034003500360064
:107EA0003700380039001603550053004200200007
:107EB00044004500560049004300450008035500B2
:107EC0005300420012036D006200650064002E0042
:107ED0006F00720067000603300031006571756540
:107EE0007565002E2F6D6265642D6F732F65766545
:107EF0006E74732F736F757263652F6D6265645F47
:107F00007368617265645F7175657565732E637002
:107F10007000737461747573203D3D206F734F4B17
:107F2000007368617265645F6576656E745F717514
:107F3000657565002E2F6D6265642D6F732F686106
:107F40006C2F736F757263652F6D6265645F63720A
:107F500069746963616C5F73656374696F6E5F6197
:107F600070692E6300216172655F696E746572725B
:107F7000757074735F656E61626C656428290000BA
:107F8000887F0608105E002435B2050885B1050813
:107F9000C9B10508FDB3050825B4050895B1050864
:107FA000C5B5050865B1050801000000636F756C73
:107FB00064206E6F742070696E6F75740070696EE6
:107FC0006D6170206D69732D6D61746368007069F7
:107FD0006E6D6170206E6F7420666F756E642066C2
:107FE0006F72207065726970686572616C0070698B
:107FF0006E6D6170206E6F7420666F756E642066A2
:108000006F722066756E6374696F6E002E2F6D62DD
:1080100065642D6F732F68616C2F736F7572636564
:108020002F6D6265645F7469636B65725F6170690F
:108030002E63006D617463685F7469636B20213D1A
:108040002071756575652D3E7469636B5F6C617336
:10805000745F72656164005469636B657220667257
:10806000657175656E6379206973207A65726F003A
:108070005469636B6572206E756D626572206F6600
:10808000206269742069732067726561746572206B
:108090007468616E203332206F72206C65737320B8
:1080A0007468616E2034206269747300B4800608BD
:1080B000485E0024C5DA0508DDDA050825DB050879
:1080C00039DB0508E9DA050805DB050879BC040891
:1080D000E9D90508000000002E2F6D6265642D6F40
:1080E000732F68616C2F736F757263652F6D707578
:1080F0002F6D6265645F6D70755F76376D2E6300FE
:10810000726567696F6E73203E3D2034000D1B5B06
:10811000324B001B5B33316D002573001B5B333327
:108120006D001B5B33396D001B5B39346D005B45A3
:108130005252205D5B252D34735D3A20005B574120
:10814000524E5D5B252D34735D3A20005B494E46EF
:108150004F5D5B252D34735D3A20005B4442472020
:108160005D5B252D34735D3A2000202020202020E7
:108170002020202020202020001B5B306D00646523
:108180006661756C740000000000000000000000D3
:1081900029C004088DC00408000000000000000091
:1081A0000000000000000000DD3F0408DD3F04087F
:1081B000DD3F0408DD3F0408AF96040815C104083C
:1081C000FD8104080782040819C104084D3A040817
:1081D000533A04085F3A0408633A0408693A040809
:1081E0006F3A0408733A04082F002E2F6D626564FD
:1081F0002D6F732F706C6174666F726D2F736F7556
:108200007263652F46696C65506174682E63707087
:10821000006C656E20213D203000772B0053747276
:1082200065616D206F626A206661696C75726500B8
:10823000000000000000000000000000000000003E
:10824000DD3F0408DD3F0408DD3F0408DD3F04088E
:10825000AF96040815C10408FD81040807820408CC
:1082600019C104084D3A0408533A04085F3A040857
:10827000633A0408693A04086F3A0408733A040838
:10828000FCFFFFFF000000000000000000000000F5
:1082900000000000000000000000000000000000DE
:1082A0002BC20408FBC104085DC20408F7C104081E
:1082B000F7C10408F7C1040861C2040865C20408D4
:1082C00061C204084D3A0408533A04085F3A0408AE
:1082D000633A0408693A04086F3A0408733A0408D8
:1082E000DD3F0408DD3F0408753A0408773A0408C6
:1082F000FCFFFFFF00000000000000000000000085
:108300002E2F6D6265642D6F732F706C6174666FB4
:10831000726D2F736F757263652F53797354696D26
:1083200065722E63707000215F7469636B696E679C
:1083300000215F7469636B696E6720262620215FC8
:1083400077616B655F74696D655F736574000000CC
:10835000000000000000000095C504080A52252D09
:1083600034643A202530386C58000A5350202020BD
:108370003A202530386C580A4C522020203A2025CB
:1083800030386C580A50432020203A202530386C71
:10839000580A78505352203A202530386C580A50E9
:1083A000535020203A202530386C580A4D53502025
:1083B000203A202530386C58000A43505549443A39
:1083C000202530386C58000A48465352203A202560
:1083D00030386C580A4D4D4653523A202530386C8F
:1083E000580A42465352203A202530386C580A55D4
:1083F000465352203A202530386C580A444653528E
:10840000203A202530386C580A41465352203A20F1
:108410002530386C58000A4D4D4641523A202530DF
:10842000386C58000A42464152203A202530386CB8
:1084300058000A4D6F6465203A2054687265616483
:10844000000A50726976203A2055736572000A500E
:10845000726976203A2050726976696C6567656446
:10846000000A4D6F6465203A2048616E646C657245
:10847000000A537461636B3A20505350000A5374DE
:1084800061636B3A204D5350000A2B2B204D6265DF
:10849000644F53204661756C742048616E646C654E
:1084A00072202B2B0A0A4661756C74547970653AF8
:1084B00020004D656D4D616E6167654661756C7438
:1084C000004275734661756C74005573616765464B
:1084D00061756C7400486172644661756C74000A61
:1084E0000A436F6E746578743A000A0A2D2D204D88
:1084F0006265644F53204661756C742048616E64F8
:108500006C6572202D2D0A0A004661756C74206519
:108510007863657074696F6E002E2E2E0A002E2F00
:108520006D6265642D6F732F706C6174666F726D10
:108530002F736F757263652F6D6265645F63726917
:10854000746963616C2E6300637269746963616C42
:108550005F73656374696F6E5F7265656E74726177
:108560006E63795F636F756E746572203C20554948
:108570004E5433325F4D4158003C756E6E616D65EF
:10858000643E00203C68616E646C65723E000A0ABD
:108590002B2B204D6265644F53204572726F722001
:1085A000496E666F202B2B0A4572726F72205374CE
:1085B000617475733A203078255820436F64653AAA
:1085C000202564204D6F64756C653A2025640A454A
:1085D00072726F72204D6573736167653A20004B4C
:1085E00065726E656C204572726F723A2030782524
:1085F0006C582C20005468726561643A20307825EC
:108600006C582C20004D757465783A203078256CB4
:10861000582C200053656D6170686F72653A203088
:1086200078256C582C20004D656D6F7279506F6FF6
:108630006C3A203078256C582C20004576656E7495
:10864000466C6167733A203078256C582C200054B2
:10865000696D65723A203078256C582C20004D6584
:10866000737361676551756575653A203078256C5F
:10867000582C2000417373657274696F6E206661B7
:10868000696C65643A20000A4C6F636174696F6EAF
:108690003A203078256C58000A46696C653A20000B
:1086A0002B2564000A4572726F722056616C7565E5
:1086B0003A203078256C58000A43757272656E74E2
:1086C000205468726561643A2025732573204964DB
:1086D0003A203078256C5820456E7472793A2030F3
:1086E00078256C5820537461636B53697A653A201E
:1086F0003078256C5820537461636B4D656D3A205A
:108700003078256C582053503A203078256C58200A
:10871000000A466F72206D6F726520696E666F2C5D
:108720002076697369743A2068747470733A2F2FD5
:108730006D6265642E636F6D2F732F6572726F7239
:108740003F6572726F723D307825303858266F73EE
:108750007665723D256C6426636F72653D307825C1
:1087600030386C5826636F6D703D256426766572CF
:108770003D256C75267467743D504F5254454E54D8
:10878000415F48375F4D37000A2D2D204D626564EB
:108790004F53204572726F7220496E666F202D2DE7
:1087A0000A00466174616C2052756E2D74696D65A6
:1087B000206572726F720044656570536C656570F8
:1087C0004C6F636B206F766572666C6F7720283E06
:1087D00020307846464646290044656570536C65EE
:1087E00065704C6F636B20756E646572666C6F7735
:1087F00020283C20302900457863657074696F6ECD
:10880000002E2F6D6265642D6F732F706C6174661E
:108810006F726D2F736F757263652F6D6265645F24
:1088200072657461726765742E6370700028677575
:108830006172642026204358415F47554152445F8E
:108840004D41534B29203D3D203000286775617212
:10885000642026204358415F47554152445F4D41B3
:10886000534B29203D3D204358415F4755415244D9
:108870005F494E49545F494E5F50524F47524553EE
:1088800053004572726F72202D2077726974696E81
:108890006720746F20612066696C6520696E2061B5
:1088A0006E20495352206F7220637269746963614C
:1088B0006C2073656374696F6E0D0A000D0045725C
:1088C000726F72202D2072656164696E6720667216
:1088D0006F6D20612066696C6520696E20616E2075
:1088E000495352206F7220637269746963616C200E
:1088F00073656374696F6E0D0A004F706572617401
:108900006F72206E6577206F7574206F66206D65BD
:108910006D6F72790D0A0000000000000000000079
:1089200055D204088DD80408D1D204087DD2040899
:1089300041D2040851D20408AF9604084DD204086D
:10894000FD8104080782040847D204084D3A040850
:10895000533A04085F3A0408633A0408693A040881
:10896000A1D20408733A0408FFFFFFFF09000000CA
:10897000FFFFFFFF0A000000FFFFFFFF00000000F5
:108980002F737464657272002F737464696E002FA4
:108990007374646F7574002E2F6D6265642D6F7330
:1089A0002F706C6174666F726D2F736F7572636573
:1089B0002F6D6265645F73746174732E63007374EA
:1089C00061747320213D204E554C4C002E2F6D625A
:1089D00065642D6F732F72746F732F736F7572636D
:1089E000652F4576656E74466C6167732E63707093
:1089F000005F6964006170706C69636174696F6EB7
:108A00005F756E6E616D65645F6576656E745F66D9
:108A10006C616773006170706C69636174696F6E1B
:108A20005F756E6E616D65645F6D75746578002E3F
:108A30002F6D6265642D6F732F72746F732F736F58
:108A4000757263652F4D757465782E637070005F65
:108A50006964207C7C206D6265645F6765745F6516
:108A600072726F725F696E5F70726F677265737337
:108A70002829004D75746578206C6F636B206661E2
:108A8000696C6564004D7574657820756E6C6F63F4
:108A90006B206661696C6564002E2F6D6265642DC4
:108AA0006F732F72746F732F736F757263652F53AB
:108AB000656D6170686F72652E637070005F6964C8
:108AC00020213D206E756C6C7074720053656D6171
:108AD00070686F7265206163717569726520666187
:108AE000696C6564002E2F6D6265642D6F732F7243
:108AF000746F732F736F757263652F546869735445
:108B000068726561642E6370700028666C616773BB
:108B1000203D3D206F73466C6167734572726F72C2
:108B200054696D656F75742026262072656C5F74BC
:108B3000696D6520213D20776169745F666F725FA2
:108B40007533325F666F726576657229207C7C2092
:108B500028666C616773203D3D206F73466C6167CA
:108B6000734572726F725265736F757263652026FA
:108B7000262072656C5F74696D65203D3D207265CD
:108B80006C5F74696D652E7A65726F2829290061A2
:108B900070706C69636174696F6E5F756E6E616D24
:108BA00065645F7468726561640000000000000025
:108BB00000000000F1DE04082DDF04085153504985
:108BC0004600496E76616C696420534644502063C8
:108BD0006F6D6D616E642061646472657373207380
:108BE000697A653A20307825303258005F717370A9
:108BF000695F636F6E6669677572655F666F726DD8
:108C00006174206661696C65640053656E64696EA9
:108C1000672053464450207265616420696E737406
:108C200072756374696F6E004E6F20657261736553
:108C300020747970652077617320666F756E64208B
:108C4000666F7220726567696F6E2061646472007E
:108C5000515350492047656E6572696320636F6D9B
:108C60006D616E64202D205570646174696E67209B
:108C7000342D627974652061646472657373696E02
:108C80006720657874656E646564206164647265EC
:108C90007373207265676973746572206661696CAD
:108CA00065640053656E64696E672047656E657222
:108CB000696320636F6D6D616E643A2025780052A0
:108CC000656164696E6720537461747573205265C1
:108CD000676973746572206661696C6564005F69B9
:108CE000735F6D656D5F72656164792046414C53B9
:108CF000453A207374617475732076616C756520D4
:108D00003D20307825782000446576696365206EC3
:108D10006F742072656164792C207365745F77725B
:108D20006974655F656E61626C65206661696C651A
:108D3000640053656E64696E67205752454E206328
:108D40006F6D6D616E64204641494C454400446539
:108D500076696365206E6F742072656164792C207A
:108D60007772697465206661696C6564005265613B
:108D700064696E6720537461747573205265676906
:108D8000737465722031206661696C6564005F737D
:108D900065745F77726974655F656E61626C65208A
:108DA0006661696C6564202D20737461747573202D
:108DB000726567697374657220312076616C7565C0
:108DC0003A20257500577269746520656E61626C82
:108DD00065206661696C656400417474656D7074CA
:108DE000656420746F2075736520342D6279746515
:108DF00020616464726573732062757420342D621F
:108E00007974652061646472657373696E67206943
:108E100073206E6F7420737570706F727465640068
:108E2000515350492052656164202D205570646172
:108E300074696E6720342D62797465206164647290
:108E4000657373696E6720657874656E6465642008
:108E500061646472657373207265676973746572A7
:108E6000206661696C656400515350492052656108
:108E700064206661696C6564005265616420436FBB
:108E80006D6D616E64206661696C6564005153505C
:108E900049205772697465202D205570646174698A
:108EA0006E6720342D627974652061646472657325
:108EB00073696E6720657874656E646564206164AB
:108EC0006472657373207265676973746572206676
:108ED00061696C656400515350492057726974652B
:108EE000206661696C656400515350492045726188
:108EF0007365202D205570646174696E6720342D70
:108F0000627974652061646472657373696E672049
:108F1000657874656E6465642061646472657373FA
:108F2000207265676973746572206661696C656437
:108F30000051535049204572617365206661696C28
:108F4000656400577269746520456E6162652066CC
:108F500061696C656400446576696365206E6F7451
:108F60002072656164792061667465722077726928
:108F700074652C206661696C656400457261736577
:108F8000206578636565647320666C61736820642E
:108F900065766963652073697A6500496E76616CF0
:108FA0006964206572617365202D20756E616C693E
:108FB000676E6564206164647265737320616E64BA
:108FC0002073697A6500696E7465726E616C2065E4
:108FD00072726F723A206164647265737320256CDB
:108FE0006C75206E6F7420616C69676E65642074A7
:108FF0006F2065726173652073697A65202575201D
:109000002874797065202564290051535049204502
:109010007261736520446576696365206E6F7420A4
:109020007265616479202D206661696C6564005108
:1090300053504920457261736520636F6D6D616E99
:1090400064206661696C6564210051535049204178
:109050006674657220457261736520446576696344
:1090600065206E6F74207265616479202D206661C1
:10907000696C6564005F736664705F7365745F71CB
:1090800070695F656E61626C6564202D2073656E2A
:109090006420636F6D6D616E6420333868204661B3
:1090A000696C6564005F736664705F7365745F719B
:1090B00070695F656E61626C6564202D2073656EFA
:1090C0006420636F6D6D616E642033356820466186
:1090D000696C6564005F736664705F7365745F716B
:1090E00070695F656E61626C6564202D20736574C4
:1090F00020636F6E66696720626974203620636F33
:109100006D6D616E6420363568204661696C6564FA
:10911000005F736664705F7365745F7170695F652B
:109120006E61626C6564202D2073656E6420636FD0
:109130006D6D616E6420373168204661696C6564CD
:10914000005F736664705F7365745F7170695F65FB
:109150006E61626C6564202D2073656E6420636FA0
:109160006D6D616E6420363568204661696C65649A
:10917000005F736664705F7365745F7170695F65CB
:109180006E61626C6564202D2073656E6420636F70
:109190006D6D616E64203631204661696C656400D6
:1091A0005F736664705F7365745F7170695F656E2D
:1091B00061626C6564202D20556E737570706F72DE
:1091C00074656420456E2053657120343434206307
:1091D0006F6E66696775726174696F6E0052656162
:1091E000642056656E646F72204944204661696C44
:1091F0006564004661696C656420746F2064657401
:1092000065726D696E6520736F6674207265736533
:10921000742073657175656E63652E2049662079CB
:109220006F7572206465766963652068617320617B
:10923000206C6567616379205346445020746162F5
:109240006C652C20706C65617365206D616E756155
:109250006C6C792073657420656E61626C652D613C
:109260006E642D7265736574206F72206469726517
:1092700063742D72657365742E0044657669636549
:10928000206E6F742072656164792C20726573653D
:1092900074206661696C65640052656164696E671B
:1092A00020537461747573205265676973746572B5
:1092B0002032206661696C656400577269746520AC
:1092C000456E61626C65206661696C656400577209
:1092D0006974696E67205374617475732052656791
:1092E000697374657273206661696C6564002E2F02
:1092F0006D6265642D6F732F73746F726167652F74
:10930000626C6F636B6465766963652F434F4D5084
:109310004F4E454E545F51535049462F736F7572EF
:1093200063652F5153504946426C6F636B446576B9
:109330006963652E637070005F6E756D5F73746135
:109340007475735F726567697374657273203D3DF0
:1093500020320057726974696E67205374617475A6
:109360007320526567697374657220312066616984
:109370006C65640057726974696E67205374617418
:109380007573205265676973746572203220666157
:10939000696C656400556E737570706F7274656486
:1093A0002051455220636F6E6669677572617469FA
:1093B0006F6E00537461747573207265676973749E
:1093C0006572206E6F742073657420636F727265AE
:1093D00063746C7900446576696365206E6F7420F0
:1093E00072656164792C20636C656172696E6720B7
:1093F000626C6F636B2070726F74656374696F6EFB
:10940000206661696C656400476C6F62616C206204
:109410006C6F636B2070726F74656374696F6E201C
:10942000756E6C6F636B206661696C6564005F6369
:109430006C6561725F626C6F636B5F70726F746595
:109440006374696F6E202D2053746174757320727C
:10945000656769737465722072656164206661690D
:109460006C6564005F5F636C6561725F626C6F6303
:109470006B5F70726F74656374696F6E202D20531B
:10948000746174757320726567697374657220778F
:1094900072697465206661696C6564005F6E756DE4
:1094A0005F7374617475735F7265676973746572F5
:1094B00073203D3D20330052656164696E6720432F
:1094C0006F6E66696720526567697374657220669E
:1094D00061696C65640066617374206D6F646520FA
:1094E000656E61626C65202D2057726974696E67C4
:1094F00020436F6E66696720526567697374657291
:10950000206661696C656400566572696679696E8A
:109510006720436F6E66696720526567697374657B
:1095200072206661696C6564005153504946426C13
:109530006F636B446576696365207769746820742E
:1095400068652073616D65206373656C28256429E7
:1095500020616C7265616479206578697374730049
:10956000546F6F206D616E792064696666657265FF
:109570006E74205153504946426C6F636B4465765C
:109580006963652064657669636573202D206D616C
:109590007820616C6C6F7765643A2025640057729F
:1095A0006974652044697361626C65206661696CE9
:1095B000656400496E6974202D20526561642053F2
:1095C000464450204669727374205461626C652071
:1095D0004661696C6564005665726966792034621B
:1095E0007974652061646472657373696E6720665F
:1095F00061696C656400446574656374696E6720B5
:109600006465766963652064656E73697479206644
:1096100061696C656400496E6974202D204465742D
:10962000656374696E672072657365742070726F0C
:10963000746F636F6C2F726573657474696E6720E5
:109640006661696C656400496E6974202D2044650B
:1096500074656374696E67206572617365207479DF
:1096600070657320696E737472756374696F6E735D
:109670002F73697A6573206661696C65640044655F
:109680007669636520737570706F7274732051759D
:109690006164206275732C20627574205175616459
:1096A00020456E61626C65204661696C65640049A5
:1096B0006E6974202D20446574656374696E672F2C
:1096C000656E61626C696E6720342D627974652005
:1096D00061646472657373696E67206661696C6545
:1096E0006400496E6974202D205F69735F6D656D3C
:1096F0005F7265616479204661696C6564005153ED
:10970000504920536574204672657175656E6379A2
:10971000204661696C656400496E6974202D2043A0
:109720006F756C64206E6F7420726561642076655D
:109730006E646F7220696400496E6974202D205038
:1097400061727365205346445020486561646572B8
:1097500073204661696C656400496E6974202D2030
:109760005061727365204261736963205061726158
:109770006D205461626C65204661696C65640049C6
:109780006E6974202D205061727365205365637477
:109790006F72204D6170205461626C652046616972
:1097A0006C656400496E6974202D20636C6561727C
:1097B000696E6720626C6F636B2070726F74656393
:1097C00074696F6E206661696C65640037F904081E
:1097D00007170408691604080000000000000000D4
:1097E0000000000099250408BD25040851F704086D
:1097F00009F40408C521040895E504088DE6040869
:1098000089E70408C921040835E0040835E00408A4
:109810003BE0040865E1040853E004084DE0040857
:109820000D23040847220408A722040845E0040881
:109830002E2F6D6265642D6F732F73746F72616765
:10984000652F626C6F636B6465766963652F736FF8
:10985000757263652F534644502E637070006E75A9
:109860006C6C70747220213D206465736372697042
:10987000746F7200534644500056657269667920D1
:1098800053464450207369676E6174757265206138
:109890006E642076657273696F6E204661696C65CF
:1098A0006400506172616D65746572206865616401
:1098B00065723A204D616A6F722056657273696FE6
:1098C0006E206D75737420626520312100506172C5
:1098D000616D65746572206865616465723A2053D4
:1098E0006563746F72204D617000506172616D65C7
:1098F000746572206865616465723A20342D6279FE
:109900007465204164647265737320496E73747268
:10991000756374696F6E00554E535550504F5254D5
:1099200045443A506172616D657465722068656185
:109930006465723A205265706C61792050726F7460
:109940006563746564204D6F6E6F746F6E6963201C
:10995000436F756E7465727300554E535550504F7A
:10996000525445443A506172616D65746572206865
:1099700065616465723A20655874656E646564203B
:1099800053657269616C20506572697068657261B7
:109990006C20496E74657266616365202878535047
:1099A00049292050726F66696C6520312E30005550
:1099B0004E535550504F525445443A506172616D68
:1099C00065746572206865616465723A20655874D3
:1099D000656E6465642053657269616C20506572C0
:1099E0006970686572616C20496E74657266616346
:1099F00065202878535049292050726F66696C653C
:109A000020322E300041646573746F206865616494
:109A1000657200554E535550504F525445443A507C
:109A20006172616D65746572206865616465723A22
:109A30002053434352204D617020666F7220535073
:109A400049204D656D6F7279204465766963657351
:109A500000554E535550504F525445443A50617240
:109A6000616D65746572206865616465723A205342
:109A7000434352204D6170204F66667365747320B6
:109A8000666F72204D756C74692D43686970205340
:109A90005049204D656D6F72792044657669636524
:109AA0007300554E535550504F525445443A5061EF
:109AB00072616D65746572206865616465723A20D3
:109AC00053434352204D617020666F72207853508B
:109AD000492050726F66696C6520322E30204D65CA
:109AE0006D6F7279204465766963657300554E53D6
:109AF0005550504F525445443A506172616D6574EF
:109B00006572206865616465723A20436F6D6D61AE
:109B10006E642053657175656E63657320746F2084
:109B20004368616E676520746F204F6374616C20B9
:109B3000444452202838442D38442D384429206D7F
:109B40006F646500554E535550504F525445443A3A
:109B5000506172616D6574657220686561646572DB
:109B60003A207834205175616420494F2077697418
:109B70006820445300554E535550504F525445445D
:109B80003A506172616D65746572206865616465E3
:109B9000723A20436F6D6D616E6420536571756517
:109BA0006E63657320746F204368616E676520740F
:109BB0006F205175616420444452202834532D3461
:109BC000442D344429206D6F646500506172616DCD
:109BD00065746572206865616465723A2076656EA9
:109BE000646F72207370656369666963206865617C
:109BF0006465722E20506172616D657465722049D2
:109C000044204C53423A203078256868583B204D18
:109C100053423A20307825686858004C6567616384
:109C20007920346B20657261736520696E7374727C
:109C3000756374696F6E206E6F7420737570706FCA
:109C400072746564004E6F2065726173652074796B
:109C500070652077617320666F756E6420666F7221
:109C60002063757272656E7420726567696F6E200D
:109C7000616464720044656E73697479206269740A
:109C8000733A20256C75202C206465766963652005
:109C900073697A653A20256C6C75206279746573F6
:109CA0000052657472696576696E67205346445048
:109CB00020486561646572206661696C6564005264
:109CC000657472696576696E672061207061726182
:109CD0006D65746572206865616465722025642015
:109CE0006661696C6564004661696C656420746FC7
:109CF00020616C6C6F63617465206D656D6F727946
:109D000000536563746F72204D61703A2054616234
:109D10006C652072657472696576616C2066616934
:109D20006C656400536563746F72204D61703A20F6
:109D3000496E636F6D706C65746520636F6E6669E4
:109D40006775726174696F6E2064657465637469A8
:109D50006F6E20636F6D6D616E64206465736372F6
:109D60006970746F727300536563746F72204D6114
:109D7000703A20436F6E66696775726174696F6EC1
:109D800020646574656374696F6E20636F6D6D61C7
:109D90006E64206661696C6564004661696C656427
:109DA00020746F2064657465637420736563746FD9
:109DB00072206D617020636F6E6669677572617481
:109DC000696F6E00536563746F72204D61703A2045
:109DD000496E636F6D706C65746520736563746F35
:109DE00072206D61702064657363726970746F7244
:109DF0007300536563746F72204D61703A20496E31
:109E0000636F6D706C65746520736563746F722029
:109E10006D61702064657363726970746F72206124
:109E2000742074686520656E64206F6620746865B0
:109E3000207461626C6500536563746F72204D61BC
:109E4000703A204661696C656420746F2066696EA3
:109E500064206120736563746F72206D617020747B
:109E6000686174206D61746368657320746865202F
:109E700063757272656E7420636F6E666967757262
:109E80006174696F6E004661696C656420746F204F
:109E90006C6F636174652061206D61746368696EC5
:109EA0006720736563746F72206D61700053656322
:109EB000746F72204D61703A20537570706F7274B8
:109EC000696E6720757020746F2025642072656745
:109ED000696F6E732C2063757272656E7420736582
:109EE00074757020746F20256420726567696F6EC9
:109EF00073202D206661696C0000000000000000E6
:109F00000000000000000000000000000000000051
:109F10000100000002000000030000000400000037
:109F2000000000000500000000000000000000002C
:109F3000000000000600000000000000000000001B
:109F40000000000007000000018080808080808089
:109F500004808080808080800880808080808080F5
:109F600010808080808080802080808080808080C1
:109F700040000408102040020408102040000100A6
:109F800002000400060008000A000C001000200077
:109F900040008000000100000000010203040102F3
:109FA000030406070809000000000102030401027F
:109FB000030406070809000001000E0605000E064E
:109FC00002000E0600000E0602000E060000000051
:109FD0000000000000200240C3030400000800004D
:109FE00000200240C30300000009000000210240DD
:109FF000C30300000100000000200240C34304002E
:10A000000108000000200240C343000001090000D5
:10A0100000210240C3430000020000000020024073
:10A02000C38303000201000000210240C383030038
:10A030000300000000200240C3C30300030100002E
:10A0400000210240C3C303000400000000200240BE
:10A05000C38304000401000000210240C383040004
:10A060000500000000200240C3C3040005010000F9
:10A0700000210240C3C3040006000000002002408B
:10A08000C3C300000601000000210240C3C300005A
:10A090000700000000200240C3C3010007010000C8
:10A0A00000210240C3C30100100000000020024054
:10A0B000C34302001001000000210240C34302001C
:10A0C0001100000000200240C34301001101000004
:10A0D00000210240C3430100200000000020024094
:10A0E000C38302002001000000210240C38302005C
:10A0F0002002000000600258C3830200210000001B
:10A1000000200240C3C302002101000000210240E0
:10A11000C3C302002102000000600258C3C3020052
:10A120002200000000200240C303030022010000BF
:10A1300000210240C3030300220200000060025815
:10A14000C30303002208000000600258C30300009C
:10A150002300000000200240C3430300230100004D
:10A1600000210240C343030023080000006002589E
:10A17000C34300002400000000200240C30301008C
:10A180002401000000210240C3030100250000005B
:10A1900000200240C303020025010000002102400C
:10A1A000C30302005300000000600258C3430100D3
:10A1B0005400000000600258C34302005500000034
:10A1C00000600258C30301005600000000600258FE
:10A1D000C30302005700000000600258C3C3000020
:10A1E0005800000000600258C3C30100590000007D
:10A1F00000600258C38300005A000000006002584B
:10A20000C38301005B00000000200240C383000004
:10A210005C00000000200240C38301005D000000DC
:10A2200000210240C38300005E00000000210240C4
:10A23000C38301007200000000600258C3430300A2
:10A240007300000000600258C38303007400000024
:10A2500000600258C3C3030075000000006002588C
:10A26000C3030400FFFF0000FFFFFFFF000000002A
:10A27000F000000000600258C3830400F1000000F9
:10A2800000600258C3C30400F200000000600258DE
:10A29000C3430400FFFF0000FFFFFFFF00000000BA
:10A2A0000B00000000A00040C227000015000000C5
:10A2B00000A40040C22700001800000000A00040D9
:10A2C000C22700001C00000000A40040C2270000BC
:10A2D0003000000000A00040C22700007E00000007
:10A2E00000A00040C22700008900000000A000403C
:10A2F000C2270000FFFF0000FFFFFFFF000000007B
:10A300000C00000000A00040C22700001600000062
:10A3100000A40040C22700001900000000A0004077
:10A32000C22700001D00000000A40040C22700005A
:10A330003100000000A00040C22700007D000000A6
:10A3400000A00040C2270000FFFF0000FFFFFFFF4A
:10A350000000000008000000005C0040CA1300007C
:10A360001600000000540040CA130000160100004F
:10A37000001C0058CA1B00001800000000540040D8
:10A38000CA13000018010000001C0058CA1B00007E
:10A390001A00000000580040CA1300003C000000F2
:10A3A000001C0058CA130000510000000058004073
:10A3B000CA1300005E000000001C0058CA13000011
:10A3C0007400000000580040CA130000770000002D
:10A3D000005C0040CA1300007B000000001C005815
:10A3E000CA130000FFFF0000FFFFFFFF0000000096
:10A3F0001700000000540040CA13000017010000BD
:10A40000001C0058CA1B0000190000000054004046
:10A41000CA13000019010000001C0058CA1B0000EC
:10A420001B00000000580040CA1300002900000073
:10A43000005C0040CA1300003D000000001C0058F2
:10A44000CA1300005000000000580040CA1300006A
:10A450005F000000001C0058CA13000075000000D7
:10A4600000580040CA13000078000000005C004063
:10A47000CA1300007C000000001C0058CA13000032
:10A48000FFFF0000FFFFFFFF0000000001000000D1
:10A4900000400140C253080002000000004001409B
:10A4A000C25300000300000000400140C2930000BE
:10A4B0000500000000040140C24F08000600000033
:10A4C00000040040C24B000006010000001C0040D8
:10A4D000C26700000700000000000140C2470800FA
:10A4E0000701000000040040C28B000007020000CA
:10A4F00000040140C24F0800070300000020004094
:10A50000C26700000B00000000000140C20701000C
:10A510001000000000000140C28708001001000088
:10A5200000040040C2CB0000100200000004014003
:10A53000C28F08001100000000000140C2C70800DF
:10A540001101000000040040C20B010011020000D4
:10A5500000040140C2CF08001400000000040040C5
:10A56000C24B00001500000000040040C28B000038
:10A570001600000000080040C24B00001601000059
:10A5800000440140C24708001700000000080040D6
:10A59000C28B00001701000000480140C2470800BC
:10A5A0001800000000080040C2CB000018010000A5
:10A5B00000440140C24700001900000000080040AC
:10A5C000C20B01001901000000480140C247000011
:10A5D0001D00000000000140C24708001E000000EE
:10A5E00000000140C28708001E0100000004014075
:10A5F000C28F08001E02000000180040C24B00007D
:10A600001F00000000000140C2C708001F01000039
:10A6100000040140C2CF08001F02000000180040E3
:10A62000C28B00002600000000040040C24B000066
:10A630002601000000040140C24F00002700000076
:10A6400000040040C28B000027010000000401400C
:10A65000C28F00002800000000040040C2CB0000B0
:10A660002801000000040140C2CF000029000000C2
:10A6700000040040C20B0100290100000004014059
:10A68000C20F01003C00000000080040C24B000067
:10A690003D00000000080040C28B00003E000000AA
:10A6A00000080040C2CB00003F000000000800404E
:10A6B000C20B01004400000000400140C2530800EA
:10A6C0004500000000400140C25300004600000069
:10A6D00000400140C293000048000000000001401B
:10A6E000C24708004900000000000140C2470000C6
:10A6F0004A00000000000140C28708004B00000033
:10A7000000000140C28700004C0000000000014032
:10A71000C2C708004D00000000000140C2C7000091
:10A720004E00000000000140C2070100560000007A
:10A7300000440140C24700005700000000480140AB
:10A74000C247000058000000001C0040C267000023
:10A750005801000000440140C247080059000000B1
:10A7600000200040C267000059010000004801407D
:10A77000C24708007600000000180040C24B0000ED
:10A780007900000000180040C28B00007D0000002E
:10A7900000040140C24F08007E0000000004014098
:10A7A000C28F08007F00000000040140C2CF0800F3
:10A7B0008200000000040140C20F0100850000007B
:10A7C00000040140C24F0000860000000004014068
:10A7D000C28F00008700000000040140C2CF0000CB
:10A7E0009600000000040140C28F000097000000A6
:10A7F00000040140C28F08009800000000000140E2
:10A80000C2C708009801000000040140C24F0000C8
:10A810009900000000000140C2C70000990100003B
:10A8200000040140C24F08009A00000000000140EF
:10A83000C28708009A01000000040140C28F000096
:10A840009B00000000000140C28700009B01000047
:10A8500000040140C28F0800A00000000000014079
:10A86000C2470800A001000000040140C2CF000060
:10A87000A100000000000140C2470000A10100004B
:10A8800000040140C2CF0800FFFF0000FFFFFFFFF0
:10A89000000000000800000000740140D24B0800D6
:10A8A0000900000000740140D28B00000A00000083
:10A8B00000740140D28B08000B00000000740140BE
:10A8C000D2CB00000C00000000740140D2CB080085
:10A8D0002600000000740140D2070000270000009D
:10A8E00000740140D20708002800000000740140F5
:10A8F000D24700006600000000740140D20B010046
:10A900006700000000740140D20B0900FFFF000047
:10A91000FFFFFFFF00000000290000000050005270
:10A92000D22700003B00000000500052D227000058
:10A930005800000000500052D22B0000FFFF000022
:10A94000FFFFFFFF000000002A000000005000523F
:10A95000D22700003C00000000500052D227000027
:10A960005900000000500052D22B0000FFFF0000F1
:10A97000FFFFFFFF000000004200000000500052F7
:10A98000D22700005700000000500052D2270000DC
:10A99000FFFF0000FFFFFFFF0000000001000000BC
:10A9A00000500052D22700003D000000005000522D
:10A9B000D22700005600000000500052D2270000AD
:10A9C000FFFF0000FFFFFFFF00000000120000007B
:10A9D00000500052D22700005A00000000500052E0
:10A9E000D2270000FFFF0000FFFFFFFF0000000074
:10A9F0001600000000500052D22B00001A00000088
:10AA000000500052D22700006600000000500052A3
:10AA1000D22B0000FFFF0000FFFFFFFF000000003F
:10AA20000600000000300140C217000006010000CF
:10AA300000140058C2230000140000000030014040
:10AA4000C217000014010000003C0040C21B0000BF
:10AA50001402000000140058C22300001E00000071
:10AA600000380040C21700002200000000380040FB
:10AA7000C21700002B000000003C0040C21B000079
:10AA80004500000000340140C21700004D000000E6
:10AA900000340140C217000058000000005001407F
:10AAA000C21700006900000000300140C21700001A
:10AAB0006C00000000140058C2170000770000006E
:10AAC00000500140C2170000820000000038004022
:10AAD000C21700009B00000000500140C217000098
:10AAE000FFFF0000FFFFFFFF000000000700000065
:10AAF00000300140C2170000070100000014005898
:10AB0000C223000012000000003C0040C21F0000F1
:10AB10001500000000300140C217000015010000C0
:10AB2000003C0040C21F0000150200000014005845
:10AB3000C22300001F00000000380040C2170000C0
:10AB40002100000000380040C21700002300000070
:10AB500000380040C21700002C000000003C0040FC
:10AB6000C21B000036000000003C0040C21700007D
:10AB70003700000000300140C2170000460000000E
:10AB800000340140C21700004E00000000340140B4
:10AB9000C21700005900000000500140C217000019
:10ABA0005B00000000500140C21700006E00000072
:10ABB00000140058C2170000830000000038004055
:10ABC000C21700009A00000000500140C2170000A8
:10ABD000FFFF0000FFFFFFFF000000000500000076
:10ABE00000300140C21700000501000000140058A9
:10ABF000C22300000C00000000380040C217000013
:10AC00001300000000300140C217000013010000D3
:10AC1000003C0040C21B000013020000001400585A
:10AC2000C22300001A00000000380040C2170000D4
:10AC30001D00000000380040C21700002A0000007C
:10AC4000003C0040C21B0000330000000038004000
:10AC5000C21700004200000000340140C21700008B
:10AC60004C00000000340140C217000057000000F3
:10AC700000500140C21700006B000000003001408E
:10AC8000C21700006D00000000140058C217000039
:10AC90007600000000500140C21700008100000053
:10ACA00000380040C2170000A00000000050014022
:10ACB000C2170000FFFF0000FFFFFFFF00000000C1
:10ACC0000400000000300140C21700000401000031
:10ACD000003C0040C21B00000402000000140058A9
:10ACE000C22300000B00000000380040C217000023
:10ACF0000F00000000300140C21700000F010000EB
:10AD0000003C0040C21B00000F020000001400586D
:10AD1000C21F00001400000000380040C21F0000E5
:10AD20001900000000380040C21700001C0000009D
:10AD300000380040C2170000440000000034014009
:10AD4000C21700004B00000000340140C217000091
:10AD50005600000000500140C217000068000000CB
:10AD600000140058C21700006A00000000300140C3
:10AD7000C21700007500000000500140C21700001B
:10AD80008000000000380040C2170000A100000051
:10AD900000500140C2170000FFFF0000FFFFFFFF4F
:10ADA000000000000000000000440040D21F00002E
:10ADB0000B00000000100140D21F00000B0100003A
:10ADC000000C0058D20F000010000000004C0040A2
:10ADD000D22300001D00000000480040D21F0000E8
:10ADE0001F000000004C0040D2230000290000009A
:10ADF00000500040D2230000330000000044004017
:10AE0000D21F00003B00000000480040D21F00009D
:10AE10003E000000007C0040D22300004A000000F9
:10AE200000780040D21F0000590000000078004068
:10AE3000D21F00006D00000000140140D21F00006E
:10AE40006F00000000140140D21F0000FFFF00004F
:10AE5000FFFFFFFF00000000010000000044004071
:10AE6000D21F00000C00000000100140D21F0000A3
:10AE70000C010000000C0058D20F00000F00000071
:10AE8000004C0040D22300001E000000004800409B
:10AE9000D21F00001E010000004C0040D223000021
:10AEA0002800000000500040D223000034000000C1
:10AEB00000440040D21F00003C0000000048004059
:10AEC000D21F00003F000000007C0040D2230000A1
:10AED0004900000000780040D21F00005800000028
:10AEE00000780040D21F00006800000000140140FC
:10AEF000D21F00006C00000000140140D21F0000AF
:10AF0000FFFF0000FFFFFFFF000000000100000046
:10AF1000004C0040D2230000030000000044004029
:10AF2000D21F00000800000000780040D22F00006F
:10AF30000A00000000100140D21F00000A010000BA
:10AF4000000C0058D20F00000B000000004C004025
:10AF5000D21B00001300000000780040D22F000038
:10AF60001500000000500040D23B00001700000018
:10AF700000100140D21F000017010000000C005813
:10AF8000D223000018000000004C0040D223000033
:10AF90001B00000000480040D21F00001C00000001
:10AFA00000500040D23B00001F0000000010014094
:10AFB000D21300002700000000140140D21F00003F
:10AFC0002B00000000480040D21F00002B010000B1
:10AFD000004C0040D223000030000000004C004034
:10AFE000D22300003200000000500040D2230000B5
:10AFF0003600000000440040D21F0000390000006D
:10B0000000480040D21F000040000000007C0040CB
:10B01000D22300004700000000780040D21F00004B
:10B020005600000000780040D21F000069000000B8
:10B0300000140140D21F00007E000000004C0040C0
:10B04000D223000089000000004C0040D223000001
:10B0500099000000007C0040D2230000FFFF0000A8
:10B06000FFFFFFFF0000000000000000004C004058
:10B07000D22300000200000000440040D21F000064
:10B080000900000000100140D21F0000090100006B
:10B09000000C0058D20F00000C000000004C0040D3
:10B0A000D21B00000F00000000780040D22F0000EB
:10B0B0001400000000780040D22F000016000000AD
:10B0C00000100140D21F0000160100000050004097
:10B0D000D23B000016020000000C0058D2230000F2
:10B0E00019000000004C0040D22300001A000000AC
:10B0F00000480040D21F00001D000000005000402A
:10B10000D23B00001E00000000100140D2130000DE
:10B110002600000000140140D21F00002A00000099
:10B1200000480040D21F00002A010000004C0040EF
:10B13000D22300002C00000000500040D223000069
:10B1400031000000004C0040D22300003500000018
:10B1500000440040D21F00003800000000480040BA
:10B16000D21F000041000000007C0040D2230000FC
:10B170004800000000780040D21F00005700000087
:10B1800000780040D21F00006E0000000014014053
:10B19000D21F00007D000000004C0040D2230000C0
:10B1A00098000000007C0040D2230000FFFF000058
:10B1B000FFFFFFFF000000000B0000000000084040
:10B1C000D22B00000C00000000000840D22B000031
:10B1D000FFFF0000FFFFFFFF000000000300000072
:10B1E00000000440D22B00000500000000000440D5
:10B1F000D22B00001000000000000440D22B000001
:10B200001100000000000440D22B000015000000D7
:10B2100000000440D22B00001A000000000004408F
:10B22000D22B00001B00000000000440D22B0000C5
:10B230001C00000000000440D22B00001D00000094
:10B2400000000440D22B0000200000000000044059
:10B25000D22B00007400000000000440D22B00003C
:10B260008B00000000000440D22B0000FFFF000014
:10B27000FFFFFFFF00000000536574537973436CB8
:10B280006F636B206661696C65640A00616E616C56
:10B290006F67696E5F696E69742048414C5F524305
:10B2A0004345785F506572697068434C4B436F6EDD
:10B2B000666967002E2F6D6265642D6F732F746150
:10B2C00072676574732F5441524745545F53544D10
:10B2D0002F5441524745545F53544D333248372F12
:10B2E000616E616C6F67696E5F6465766963652E18
:10B2F00063006F626A2D3E68616E646C652E496EF4
:10B300007374616E636520213D20284144435F547E
:10B31000797065446566202A294E430066756E6320
:10B3200074696F6E20213D202875696E7433325F19
:10B3300074294E4300616E616C6F67696E5F696E60
:10B3400069742048414C5F4144435F496E69740011
:10B3500048414C5F41444345785F4D756C74694D7D
:10B360006F6465436F6E6669674368616E6E656C96
:10B370002048414C5F4144435F496E6974000000BE
:10B3800000000000000000000600000000000000B7
:10B3900001000000070000000000000002000000A3
:10B3A0000800000000000000030000000900000089
:10B3B00000000000040000000A000000000000007F
:10B3C000050000001700000001000000050000005B
:10B3D0001700000002000000050000001700000038
:10B3E000030000000500000017000000040000003A
:10B3F000050000001700000000000000060000002B
:10B4000028000000010000000600000028000000E5
:10B4100002000000060000002800000003000000F9
:10B4200006000000280000000400000006000000E4
:10B4300028000000050000000600000028000000B1
:10B440004932433132333A20496E76616C69642067
:10B45000636C6F636B20736F757263650049324371
:10B46000343A20496E76616C696420636C6F636B5B
:10B4700020736F75726365004932433A20756E6BB5
:10B480006E6F776E20696E7374616E636500000085
:10B49000000001400100000000000040000000002A
:10B4A0000004004000000000000800400000000010
:10B4B000000C0040000000000004014001000000FA
:10B4C0000018004000000000001C004000000000C8
:10B4D000002000400000000000400140010000008A
:10B4E000004401400100000000480140010000004C
:10B4F00000000000020000002E2F6D6265642D6FB9
:10B50000732F746172676574732F544152474554A9
:10B510005F53544D2F5441524745545F53544D335C
:10B520003248372F73657269616C5F646576696351
:10B53000652E6300756172745F72747320213D2003
:10B5400028554152544E616D65294E430075617214
:10B55000745F63747320213D2028554152544E611D
:10B560006D65294E4300434C4B3A205350492069A6
:10B570006E7374616E6365206E6F74207365740002
:10B580007370695F687A206E6F7420666F756E6481
:10B590000A002E2F6D6265642D6F732F74617267C0
:10B5A0006574732F5441524745545F53544D2F5582
:10B5B00053425068795F53544D33322E637070009C
:10B5C000687063642E494E5F65705B305D2E6D61FF
:10B5D000787061636B6574203E3D2073697A650005
:10B5E000726574203D3D2048414C5F4F4B007265B1
:10B5F0007420213D2048414C5F42555359006C65F1
:10B600006E203E3D206D61785F7061636B657400F4
:10B610000002000000020000000200000002000022
:10B6200000020000FF030000000000000000000016
:10B63000B7910508EF910508ED940508A994050850
:10B64000B9910508E19305080D940508B591050821
:10B65000B5910508BD910508C3910508E592050857
:10B66000B5910508C9910508D1910508FF91050814
:10B67000059305082392050875920508D5910508DC
:10B680002D970508A592050861930508859305087F
:10B690003D9305082F920508A9930508C592050852
:10B6A0004194050800100000310000003C0000003B
:10B6B0003C0000003F0000003F0000003F00000091
:10B6C0003F0000000000000000000000000000003B
:10B6D000000000000000000000000000000000006A
:10B6E000000000000000000048414C5F4644434118
:10B6F0004E5F496E6974206572726F720A006361F1
:10B700006E5F66696C746572206572726F720A0092
:10B7100048414C5F464443414E5F436F6E666967E4
:10B72000476C6F62616C46696C74657220657272F9
:10B730006F720A0048414C5F464443414E5F537468
:10B74000617274206572726F720A002E2F6D6265CD
:10B75000642D6F732F746172676574732F54415237
:10B760004745545F53544D2F63616E5F6170692E7E
:10B77000630028696E742970696E6D61702D3E706A
:10B7800065726970686572616C20213D204E4300CE
:10B7900063616E5F696E69742077726F6E6720698E
:10B7A0006E7374616E63650A0048414C5F52434397
:10B7B00045785F506572697068434C4B436F6E66A5
:10B7C0006967206572726F720A00436F756C64203E
:10B7D0006E6F742064657465726D696E6520676F45
:10B7E0006F64206E6F6D696E616C5072657363611A
:10B7F0006C65722E2042616420636C6F636B2076EF
:10B80000616C75650A0050696E6D617020657272B9
:10B810006F723A2077726F6E6720706F7274206E4D
:10B82000756D6265722E002E2F6D6265642D6F73CB
:10B830002F746172676574732F5441524745545F8A
:10B8400053544D2F6770696F5F6170692E6300708C
:10B85000696E20213D202850696E4E616D65294E2C
:10B860004300556E65787065637465642053707528
:10B8700072696F757320696E746572727570742069
:10B88000696E64657820256C750A00496E7465726E
:10B8900072757074496E206572726F723A206972A7
:10B8A00071206368616E6E656C20636F6E666C6993
:10B8B00063740A00496E74657272757074496E2003
:10B8C0006572726F723A2070696E206E6F742073A9
:10B8D0007570706F727465642E0A002E2F6D62652C
:10B8E000642D6F732F746172676574732F544152A6
:10B8F0004745545F53544D2F6932635F6170692E21
:10B90000630028687A203D3D2031303030303029C6
:10B91000207C7C2028687A203D3D20343030303037
:10B920003029207C7C2028687A203D3D2031303031
:10B9300030303030290068616E646C652D3E496E90
:10B9400069742E54696D696E6720213D2030006F47
:10B95000626A5F732D3E69326320213D202849329F
:10B96000434E616D65294E4300000000A086010032
:10B9700080380100C0D40100000000007A0D0000F2
:10B98000FA0000005C120000A00F0000800200001E
:10B990001400000000000000801A060000E204000D
:10B9A0000053070000000000840300006400000052
:10B9B0001405000058020000FA00000064000000B6
:10B9C0000000000040420F0000350C00804F1200C4
:10B9D00000000000C201000032000000F40100007D
:10B9E000040100003C0000006400000000000000B2
:10B9F00048414C5F5243435F4F7363436F6E6669C8
:10BA000067204552524F520A0048414C5F5243430F
:10BA100045785F506572697068434C4B436F6E6642
:10BA20006967204552524F520A0048414C5F4C50C2
:10BA300054494D5F496E6974204552524F520A0075
:10BA40000080000010000000007D000010000000D9
:10BA50002E2F6D6265642D6F732F7461726765742C
:10BA6000732F5441524745545F53544D2F70696EA4
:10BA70006D61702E630000000000000000000001F6
:10BA8000010000000000000222000000000000048D
:10BA90002300000000000008FFFF0000000000007D
:10BAA0000100000002000000040000000800000087
:10BAB0001000000020000000400000008000000096
:10BAC0000001000000020000000400000008000067
:10BAD0000010000000200000004000000080000076
:10BAE00043616E6E6F7420696E697469616C697A06
:10BAF000652050574D0A00556E6B6E6F776E205063
:10BB0000574D20696E7374616E6365002E2F6D62F0
:10BB100065642D6F732F746172676574732F544160
:10BB2000524745545F53544D2F70776D6F75745F56
:10BB30006170692E630004000000000000004000F6
:10BB400000000000000000040100000000000000F0
:10BB500010000000000000000001000000000000D4
:10BB60000010436F6D6D616E6420706172616D20B5
:10BB70006572726F723A2077726F6E6720616464CB
:10BB8000726573732073697A650A00496E76616C19
:10BB9000696420616C742062797465732073697ABA
:10BBA000650043616E6E6F7420696E697469616CC3
:10BBB000697A652055415254207769746820626122
:10BBC000756420726174652025750A005061726980
:10BBD0007479206973206E6F7420737570706F7242
:10BBE000746564207769746820392D6269742064F3
:10BBF00061746120666F726D6174004F6E6C7920A4
:10BC0000372C2038206F7220392D626974206461CE
:10BC1000746120666F726D61747320617265207348
:10BC20007570706F72746564004572726F723A203D
:10BC30006E65772073657269616C206F626A6563F7
:10BC400074206973207573696E672073616D652058
:10BC50005541525420617320535444494F002E2FB4
:10BC60006D6265642D6F732F746172676574732FD5
:10BC70005441524745545F53544D2F736572696167
:10BC80006C5F6170692E63006F626A5F732D3E7531
:10BC900061727420213D2028554152544E616D65DA
:10BCA000294E43006F626A5F732D3E696E6465784A
:10BCB000203E3D203000466F7263654F73634F75C1
:10BCC000746F6644656570536C65657020636C6F56
:10BCD000636B2069737375650D0A00466F72636547
:10BCE0005065726970684F75746F6644656570530E
:10BCF0006C65657020636C6F636B20697373756529
:10BD00000D0A002E2F6D6265642D6F732F746172A2
:10BD1000676574732F5441524745545F53544D2FF8
:10BD200073746D5F7370695F6170692E630062691F
:10BD3000747368696674203E3D2030003320776953
:10BD40007265732053504920736C617665206E6F65
:10BD50007420737570706F72746564202D20736C1D
:10BD60006176652077696C6C206F6E6C79207265E6
:10BD700061640D0A0043616E6E6F7420696E6974B0
:10BD800069616C697A6520535049007370696F620C
:10BD90006A2D3E73706920213D20285350494E6121
:10BDA0006D65294E430048414C5F52434345785FDF
:10BDB000506572697068434C4B436F6E6669670AE1
:10BDC0000074785F6C656E677468203E3E2062691F
:10BDD000747368696674203C3C2062697473686996
:10BDE0006674203D3D2074785F6C656E67746800F2
:10BDF00072785F6C656E677468203E3E206269747D
:10BE00007368696674203C3C206269747368696673
:10BE100074203D3D2072785F6C656E677468000029
:10BE20000000000001010101010101010202020202
:10BE300002020202020202020202020200000000EA
:10BE40000000001000000020000000300000004052
:10BE5000000000500000006000000070524E4720BB
:10BE6000636C6F636B20636F6E6669677572617474
:10BE7000696F6E206572726F720A0074726E675F0E
:10BE8000696E69743A2048414C5F524E475F496E73
:10BE900069740A0040420F0020000000000000000A
:10BEA0007374643A3A6261645F657863657074695B
:10BEB0006F6E000004C00608D8BE060804C006085D
:10BEC000F8BE060890BF06081CBF0608D0BE0608CC
:10BED00004C0060830BF06084E31305F5F637878D3
:10BEE000616269763131355F5F666F726365645F89
:10BEF000756E77696E6445004E31305F5F637878A8
:10BF0000616269763131395F5F666F726569676E4C
:10BF10005F657863657074696F6E45005374313383
:10BF20006261645F657863657074696F6E000000BC
:10BF3000537439657863657074696F6E0000000032
:10BF400000000000C4BE0608B5E70508C1E7050803
:10BF5000B9E7050890BF060860BF0608CCBF060811
:10BF60004E31305F5F637878616269763132305F7D
:10BF70005F73695F636C6173735F747970655F6928
:10BF80006E666F45000000000000000054BF060808
:10BF90003DE9050851E9050859EA050859EA050887
:10BFA00059EB050889EA050829EA0508A9E9050801
:10BFB0006DE9050804C00608BCBF0608537439744F
:10BFC0007970655F696E666F0000000090BF0608BB
:10BFD000D8BF0608B4BF06084E31305F5F6378787B
:10BFE000616269763131375F5F636C6173735F746F
:10BFF0007970655F696E666F4500000000000000A3
:10C00000CCBF0608CDEA0508E1EA050859EA0508AB
:10C0100059EA050859EB050889EA050841EB0508C6
:10C02000FDEA0508C1EA0508002020202020202084
:10C0300020202828282828202020202020202020D8
:10C0400020202020202020202088101010101010E8
:10C050001010101010101010100404040404040434
:10C0600004040410101010101010414141414141CE
:10C0700001010101010101010101010101010101B0
:10C0800001010101101010101010424242424242C0
:10C090000202020202020202020202020202020280
:10C0A0000202020210101010200000000000000028
:10C0B0000000000000000000000000000000000080
:10C0C0000000000000000000000000000000000070
:10C0D0000000000000000000000000000000000060
:10C0E0000000000000000000000000000000000050
:10C0F0000000000000000000000000000000000040
:10C10000000000000000000000000000000000002F
:10C11000000000000000000000000000000000001F
:10C12000000000000000000000000000500E00248D
:10C1300043000000504F5349580000002E000000FB
:10C140000A000000494E4600696E66004E414E00EE
:10C150006E616E0030313233343536373839414212
:10C160004344454600000000303132333435363721
:10C17000383961626364656600000000286E756C82
:10C180006C290000300000002020202020202020EA
:10C19000202020202020202030303030303030301F
:10C1A000303030303030303020202020202020200F
:10C1B00020202020202020203030303030303030FF
:10C1C0003030303030303030496E66696E697479A5
:10C1D000000000004E614E000080E03779C341430B
:10C1E000176E05B5B5B89346F5F93FE9034F384DDD
:10C1F000321D30F94877825A3CBF737FDD4F157589
:10C20000000000000000F03F00000000000024409B
:10C2100000000000000059400000000000408F4076
:10C22000000000000088C34000000000006AF840E1
:10C230000000000080842E4100000000D012634105
:10C240000000000084D797410000000065CDCD417B
:10C25000000000205FA00242000000E8764837425C
:10C26000000000A2941A6D42000040E59C30A242FA
:10C270000000901EC4BCD64200003426F56B0C436F
:10C280000080E03779C3414300A0D8855734764316
:10C2900000C84E676DC1AB43003D9160E458E14377
:10C2A000408CB5781DAF154450EFE2D6E41A4B44EC
:10C2B00092D54D06CFF08044F64AE1C7022DB54431
:10C2C000B49DD9794378EA440500000019000000C4
:10C2D0007D000000000000005D1AFF7FB0B0A800E4
:10C2E000FFFF0100511AFF7FB0B0A800FFFF01005F
:10C2F000451AFF7FB0AC0100FFFF010E5A04000099
:10C3000060389A0100A0010400000000291AFF7F94
:10C31000B0A90200FFFF0123065600006004BC0123
:10C32000006804BA01007004A401008E010400003A
:10C330009E0104BC0200B60176000000F919FF7FDF
:10C34000B0B0A800FFFF010008B10181B0B00084C7
:10C350000000000008B10181B0B0008400000000BE
:10C3600008B10181B0B0008400000000C919FF7F4E
:10C37000B0AE0D00FFFF0135180400002004C0021C
:10C38000002C04BE0200460CBC020072049802009D
:10C39000980104B40200BE0104B60200DE0104B834
:10C3A0000200860204BA0200B0020400000000008D
:10C3B0008519FF7FB0AA0100FFFF010C0A180000D9
:10C3C00032043E00460400006D19FF7FA908B10049
:10C3D000FFFF010C080800001A0422002A040000D4
:10C3E00008B10181B0B00084000000004919FF7F4E
:10C3F000B0AC0700FFFF01270E0800002004BC01BD
:10C40000002A0A00004C04AE01005604AC0100688A
:10C41000048E0100880104C00100A801040000008E
:10C4200008B10181B0B000840000000008B10181B2
:10C43000B0B0008400000000FD18FF7FB0A9060026
:10C44000FFFF010932048A01004E4600000000008F
:10C4500008B10181B0B0008400000000D918FF7F4E
:10C46000B0B0A800FFFF0100CD18FF7FB0B0A8005A
:10C47000FFFF0100C118FF7F843F0201B0B0B00090
:10C48000FFFF010C0A0400002204320038040000FF
:10C49000A518FF7FA908B100FFFF010008B10181C5
:10C4A000B0B000840000000008B10181B0B0008489
:10C4B000000000008118FF7FB0AA0500FFFF0116F1
:10C4C0001614000036048C01005004000074049817
:10C4D00001007C1C0000000008B10181B0B00084A4
:10C4E0000000000008B10181B0B00084000000002D
:10C4F0004518FF7FB0B0A800FFFF01003918FF7F8B
:10C50000B0A80300FFFF010C040C00001414360057
:10C510003C0400002118FF7F8408B101B0B0B000D6
:10C52000FFFF01081E0436003C0400000918FF7FCD
:10C53000B0B0A800FFFF0100FD17FF7FB0B0AC0056
:10C54000FFFF01141E04000024045A002E045800AA
:10C55000360A420054040000DD17FF7FB0A809002E
:10C56000FFFF010C060A00001C163C0042040000FC
:10C57000C517FF7FB0AA0D00FFFF010C0A0A0000DB
:10C580002A16420048040000AD17FF7FB0AD10002E
:10C59000FFFF010C0E1A000042165A006004000052
:10C5A00008B10181B0B00084000000008917FF7F4E
:10C5B000B0AB0A00FFFF0121060A00002804920127
:10C5C00000320400005A049C0100640400008C0145
:10C5D000049E0100980120000000000008B10181C4
:10C5E000B0B000840000000008B10181B0B0008448
:10C5F000000000004117FF7FB0AD0200FFFF0114F3
:10C600000C2000003004C201009E0104A40100BE01
:10C610000104000008B10181B0B0008400000000F6
:10C620001517FF7FB0AC0700FFFF012908100000BD
:10C630002E28E60100600400007C04D2010086017F
:10C6400004D00100980104B20100AC0104EE010025
:10C65000CC0114000000000008B10181B0B00084DA
:10C660000000000008B10181B0B0008400000000AB
:10C6700008B10181B0B000840000000008B1018160
:10C68000B0B000840000000008B10181B0B00084A7
:10C690000000000008B10181B0B00084000000007B
:10C6A0009516FF7FB0B0AC00FFFF010C082600001C
:10C6B0003C047E00503A00007D16FF7FB0A90800C0
:10C6C000FFFF010C082800003E0400005A10000083
:10C6D0006516FF7FB0AC0100FFFF010C08240000CD
:10C6E000400472007A04000008B10181B0B00084F7
:10C6F000000000004116FF7FB0AF1800FF101901C5
:10C700001124A6070000EE0704D80901BA08A80101
:10C7100000000100000000001D16FF7FB0AF040004
:10C72000FF101D0112200436012A042E017646BC9A
:10C730000100C4010400000100000000000000002E
:10C74000F515FF7FA908B100FFFF0100E915FF7F84
:10C750008408B101B0B0B000FF1019010C02060846
:10C76000010C0410051C0A000001007F00007D0080
:10C77000000000000000000008B10181B0B000849A
:10C780000000000008B10181B0B00084000000008A
:10C7900008B10181B0B000840000000008B101813F
:10C7A000B0B0008400000000303BFD7F01000000BD
:10C7B000003EFD7FA908B180A03EFD7FB0B0AE80F5
:10C7C0007040FD7FA908B180B040FD7FB0AC1D80F6
:10C7D0008041FD7FA908B180A042FD7FB0AF2880D5
:10C7E000504AFD7F010000004A4AFD7FECFAFF7FBE
:10C7F000504AFD7FF0FAFF7F544AFD7F01000000A0
:10C80000704AFD7FA908B180844AFD7F01000000C5
:10C81000C84BFD7FDCFAFF7F704CFD7FF0FAFF7F95
:10C82000204EFD7F010000004E4EFD7FA908B18023
:10C83000D64EFD7F01000000E64EFD7F00FBFF7F2E
:10C84000EA4EFD7F01000000FE4EFD7FFCFAFF7FF7
:10C85000044FFD7F010000004A4FFD7FF8FAFF7F83
:10C860004A4FFD7FFCFAFF7F4C4FFD7F00FBFF7FAF
:10C870009050FD7F01000000F250FD7FB0A80580C0
:10C880001051FD7FAB08B1804C51FD7FB0A80180F5
:10C890005851FD7F010000008451FD7FB0AA018046
:10C8A000C251FD7F0CFBFF7F0452FD7F01000000A1
:10C8B0005052FD7FB0A801808052FD7F0100000032
:10C8C0009C52FD7FB0B0AA80F852FD7FB0B0A88026
:10C8D0002E53FD7F010000006453FD7FB0B0A8809F
:10C8E000A853FD7F010000006854FD7FDCFAFF7F44
:10C8F0008E54FD7F01000000B654FD7FA908B18071
:10C90000CC54FD7F00840280EA54FD7FB0B0A88043
:10C910007A55FD7FAA3F0180D655FD7FB0AA3F80A2
:10C92000A856FD7F010000001A57FD7FB4FAFF7F73
:10C930002057FD7F010000006857FD7FB0FAFF7FA0
:10C940003458FD7FDCFAFF7F3458FD7FE0FAFF7F2B
:10C950003458FD7F010000009858FD7FB0AE038081
:10C96000E658FD7FB0FD84803E59FD7FB0B0AC80BD
:10C970009C59FD7FB0FD8480F459FD7F01000000CB
:10C98000F059FD7FB4FAFF7FA05AFD7FB0B0A880B8
:10C99000C45AFD7FBCFAFF7FF05AFD7FC0FAFF7FCB
:10C9A000F45AFD7FC4FAFF7F0C5BFD7FC8FAFF7F5E
:10C9B000405BFD7FB0B0AA80CC5BFD7F0100000032
:10C9C000D85BFD7FCCFAFF7FF45BFD7F01000000A8
:10C9D0002E5CFD7FB0B0AA80725CFD7FB0B0A880F5
:10C9E000825CFD7F01000000B05CFD7FB0A801808B
:10C9F000145DFD7FA8FAFF7F385DFD7FB0B0AA808F
:10CA00004C5DFD7FB0B0B0804C5DFD7FB0A8018073
:10CA1000885DFD7FB0B0AC80BA5DFD7FB0B0B08006
:10CA2000B85DFD7FB0B0AA80005EFD7FA93F0280A7
:10CA3000705EFD7FA908B180845EFD7FB0B0B080DC
:10CA4000845EFD7FB0B0A880A45EFD7FA908B180A0
:10CA5000CA5EFD7FB0B0B080C85EFD7FB0B0A88078
:10CA6000FC5EFD7FA908B180385FFD7FB0B0B0806B
:10CA7000385FFD7FB0B0A880845FFD7F01000000BB
:10CA8000B45FFD7F24FAFF7FB85FFD7F01000000E7
:10CA90000060FD7F20FAFF7F9C60FD7F3CFAFF7FF6
:10CAA0009C60FD7F40FAFF7F9C60FD7F01000000DD
:10CAB0006C61FD7FB0B0A8807A61FD7FA908B1806C
:10CAC0008C61FD7F010000008C61FD7F24FAFF7FF7
:10CAD000A061FD7F01000000AE61FD7FB0AB028070
:10CAE000E661FD7FB0B0AA803A62FD7FAB08B180FD
:10CAF0005C62FD7FB0AA0580E462FD7F010000005A
:10CB00000863FD7FA908B1803C63FD7F0100000040
:10CB10006063FD7FB0B0A8807C63FD7FB0AC038014
:10CB2000F463FD7FB0AA01801864FD7FB0B0A880D7
:10CB30004E64FD7FC8F9FF7F8664FD7FB0B0A8809A
:10CB40009064FD7FD0F9FF7FD864FD7FB0B0A880EE
:10CB50000065FD7F010000008866FD7FD0F9FF7F42
:10CB6000B066FD7F010000003C67FD7FA908B18031
:10CB7000BC67FD7FB0AC01803E68FD7FB0B0A8808F
:10CB80007868FD7FB0B0AA80C868FD7FACF9FF7FF0
:10CB90002869FD7FB0B0AA80C869FD7FB0B0A880C9
:10CBA000D469FD7FA908B180E869FD7FAB08B18039
:10CBB000506AFD7FA4F9FF7F986AFD7FB4F9FF7F7B
:10CBC000F46AFD7FB0B0A8801C6BFD7FAD08B1801A
:10CBD000766BFD7FB0AB0480BC6BFD7FACF9FF7F53
:10CBE000346CFD7FB0B0A880566CFD7F0100000062
:10CBF0009E6CFD7FB0A90280F46CFD7F01000000F7
:10CC0000146DFD7F9CF9FF7F186DFD7F0100000012
:10CC1000606DFD7F98F9FF7F246EFD7FC0F9FF7F77
:10CC2000246EFD7FC4F9FF7F246EFD7F01000000AC
:10CC30004E6EFD7FB0B0B0804C6EFD7F01000000F5
:10CC40004C6EFD7FB0B0A880546EFD7FB0B0B08058
:10CC5000546EFD7FA908B1808C6EFD7F0084028038
:10CC6000A46EFD7FB0B0B080A46EFD7F0084028012
:10CC7000BE6EFD7FB0B0B080BE6EFD7FAD08B180EE
:10CC8000F06EFD7F010000001C6FFD7FA908B180E0
:10CC90003E6FFD7F01000000C06FFD7F58F9FF7FF0
:10CCA0008870FD7FA908B1809A70FD7F01000000A7
:10CCB000A470FD7FB0B0A880CC70FD7FAB08B180C0
:10CCC000F470FD7F010000003A71FD7F48F9FF7F9D
:10CCD0004071FD7F010000008871FD7F44F9FF7FF6
:10CCE0008472FD7FB0B0B0808472FD7F01000000CF
:10CCF0008072FD7F64F9FF7F8072FD7F68F9FF7F9E
:10CD00008072FD7F6CF9FF7F8072FD7F0100000063
:10CD1000CC72FD7F68F9FF7FCA72FD7FB0AF0480DF
:10CD20002C74FD7F010000008C74FD7FB0B0AC80DE
:10CD3000B074FD7F01000000CE74FD7F4CF9FF7FD1
:10CD4000CE74FD7F01000000D874FD7FA908B1807A
:10CD5000E474FD7FB0AA09801675FD7F0100000014
:10CD60002C75FD7FA908B1803875FD7F010000009A
:10CD70003475FD7FA908B1804075FD7FB0B0A880F3
:10CD80007075FD7FB0B0AA809075FD7FB0B0A880AF
:10CD9000A475FD7F01000000B475FD7F0084028052
:10CDA000E875FD7F01000000E875FD7FE8F8FF7F72
:10CDB000FC75FD7F010000003876FD7FB0B0AA80D1
:10CDC0005076FD7FDCF8FF7FDC76FD7FECF8FF7F9F
:10CDD0004877FD7FFCF8FF7FCC77FD7FB0A9088006
:10CDE0002078FD7F01000000C00DFF7FAB08B180FF
:10CDF000780EFF7FF4F8FF7FA80EFF7FAB08B180AD
:10CE0000340FFF7FF0F8FF7F1014FF7F0100000058
:10CE10006414FF7F04F9FF7F3815FF7F24F9FF7F3B
:10CE2000B015FF7F010000004016FF7F20F9FF7F53
:10CE30006016FF7F010000006C16FF7F3CF9FF7F4A
:10CE40006C16FF7F40F9FF7F7816FF7F010000001E
:10CE50009C16FF7FB0AB02804417FF7F01000000EB
:10CE60001018FF7FB0B0A8804C18FF7F01000000B1
:10CE70009C18FF7FAB08B180CC18FF7FB0B0A880B2
:10CE80003419FF7F01000000A01BFF7FB0B0AC8011
:10CE9000C41BFF7F01000000F01BFF7FB0AA0380CE
:10CEA000201CFF7F010000001421FF7FB0A9028039
:10CEB000B021FF7FB0B0A8800022FF7F01000000FA
:10CEC0000C22FF7FB0B0AA804422FF7FAE71B280F7
:10CED0000423FF7F010000000023FF7FAB3F388069
:10CEE0005823FF7F010000006423FF7FB0B0AA80B9
:10CEF000A023FF7F010000004424FF7FAB0EB2801F
:10CF0000AC24FF7FB0AF08807827FF7F01000000CE
:10CF10007C27FF7FAC3F0380F429FF7F01000000E6
:10CF2000D02BFF7F00840480E42BFF7F01000000F2
:10CF3000E02BFF7FB0AD04809C2EFF7FB0A8038064
:10CF4000BC2EFF7F4CF8FF7FC02EFF7F50F8FF7F85
:10CF5000CC2EFF7F010000000000000000F001085F
:10CF60007F00000000000000000000000000000042
:10CF7000A100000000000000000000000000000010
:10CF80009B00000000000000000000000000000006
:10CF9000670000000000000000000000000000002A
:10CFA000270000000000000000000000000000005A
:10CFB000260000000000000000000000000000004B
:10CFC0000800000000000000000000000000000059
:10CFD00080000000000000000000000000000000D1
:10CFE000230000000000000000000000000000001E
:10CFF00081000000000000000000000000000000B0
:10D0000022000000000000000000000000000000FE
:10D010007800000000000000000000000000000098
:10D020007700000000000000000000000000000089
:10D030000A000000000000000000000000000000E6
:10D0400009000000000000000000000000000000D7
:10D0500000080000000000000000000000000000C8
:10D0600001080000000000000000000000000000B7
:10D070002208000000000000000000000000000086
:10D080002308000000000000000000000000000075
:10D09000220100000000000000000000000000006D
:10D0A000230100000000000000000000000000005C
:10D0B000040000000000000000000000000000006C
:10D0C000060000000000000000000000000000005A
:10D0D000A5000000000000000000000000000000AB
:10D0E000A60000000000000000000000000000009A
:10D0F000A700000000000000000000000000000089
:10D10000000000000000000000000000000000001F
:10D11000010000000000000000000000000000000E
:10D1200002000000000000000000000000000000FD
:10D1300003000000000000000000000000000000EC
:10D1400004000000000000000000000000000000DB
:10D1500005000000000000000000000000000000CA
:10D1600006000000000000000000000000000000B9
:10D1700007000000000000000000000000000000A8
:10D180000800000000000000000000000000000097
:10D190000900000000000000000000000000000086
:10D1A0000A00000000000000000000000000000075
:10D1B0000B00000000000000000000000000000064
:10D1C0000C00000000000000000000000000000053
:10D1D0000D00000000000000000000000000000042
:10D1E0000E00000000000000000000000000000031
:10D1F0000F00000000000000000000000000000020
:10D20000100000000000000000000000000000000E
:10D2100011000000000000000000000000000000FD
:10D2200012000000000000000000000000000000EC
:10D2300013000000000000000000000000000000DB
:10D2400014000000000000000000000000000000CA
:10D2500015000000000000000000000000000000B9
:10D2600016000000000000000000000000000000A8
:10D270001700000000000000000000000000000097
:10D280001800000000000000000000000000000086
:10D290001900000000000000000000000000000075
:10D2A0001A00000000000000000000000000000064
:10D2B0001B00000000000000000000000000000053
:10D2C0001C00000000000000000000000000000042
:10D2D0001D00000000000000000000000000000031
:10D2E0001E00000000000000000000000000000020
:10D2F0001F0000000000000000000000000000000F
:10D3000020000000000000000000000000000000FD
:10D3100021000000000000000000000000000000EC
:10D3200022000000000000000000000000000000DB
:10D3300023000000000000000000000000000000CA
:10D3400024000000000000000000000000000000B9
:10D3500025000000000000000000000000000000A8
:10D360002600000000000000000000000000000097
:10D370002700000000000000000000000000000086
:10D380002800000000000000000000000000000075
:10D390002900000000000000000000000000000064
:10D3A0002A00000000000000000000000000000053
:10D3B0002B00000000000000000000000000000042
:10D3C0002C00000000000000000000000000000031
:10D3D0002D00000000000000000000000000000020
:10D3E0002E0000000000000000000000000000000F
:10D3F0002F000000000000000000000000000000FE
:10D4000030000000000000000000000000000000EC
:10D4100031000000000000000000000000000000DB
:10D4200032000000000000000000000000000000CA
:10D4300033000000000000000000000000000000B9
:10D4400034000000000000000000000000000000A8
:10D450003500000000000000000000000000000097
:10D460003600000000000000000000000000000086
:10D470003700000000000000000000000000000075
:10D480003800000000000000000000000000000064
:10D490003900000000000000000000000000000053
:10D4A0003A00000000000000000000000000000042
:10D4B0003B00000000000000000000000000000031
:10D4C0003C00000000000000000000000000000020
:10D4D0003D0000000000000000000000000000000F
:10D4E0003E000000000000000000000000000000FE
:10D4F0003F000000000000000000000000000000ED
:10D5000040000000000000000000000000000000DB
:10D5100041000000000000000000000000000000CA
:10D5200042000000000000000000000000000000B9
:10D5300043000000000000000000000000000000A8
:10D540004400000000000000000000000000000097
:10D550004500000000000000000000000000000086
:10D560004600000000000000000000000000000075
:10D570004700000000000000000000000000000064
:10D580004800000000000000000000000000000053
:10D590004900000000000000000000000000000042
:10D5A0004A00000000000000000000000000000031
:10D5B0004B00000000000000000000000000000020
:10D5C0004C0000000000000000000000000000000F
:10D5D0004D000000000000000000000000000000FE
:10D5E0004E000000000000000000000000000000ED
:10D5F0004F000000000000000000000000000000DC
:10D6000050000000000000000000000000000000CA
:10D6100051000000000000000000000000000000B9
:10D6200052000000000000000000000000000000A8
:10D630005300000000000000000000000000000097
:10D640005400000000000000000000000000000086
:10D650005500000000000000000000000000000075
:10D660005600000000000000000000000000000064
:10D670005700000000000000000000000000000053
:10D680005800000000000000000000000000000042
:10D690005900000000000000000000000000000031
:10D6A0005A00000000000000000000000000000020
:10D6B0005B0000000000000000000000000000000F
:10D6C0005C000000000000000000000000000000FE
:10D6D0005D000000000000000000000000000000ED
:10D6E0005E000000000000000000000000000000DC
:10D6F0005F000000000000000000000000000000CB
:10D7000060000000000000000000000000000000B9
:10D7100061000000000000000000000000000000A8
:10D720006200000000000000000000000000000097
:10D730006300000000000000000000000000000086
:10D740006400000000000000000000000000000075
:10D750006500000000000000000000000000000064
:10D760006600000000000000000000000000000053
:10D770006700000000000000000000000000000042
:10D780006800000000000000000000000000000031
:10D790006900000000000000000000000000000020
:10D7A0006A0000000000000000000000000000000F
:10D7B0006B000000000000000000000000000000FE
:10D7C0006C000000000000000000000000000000ED
:10D7D0006D000000000000000000000000000000DC
:10D7E0006E000000000000000000000000000000CB
:10D7F0006F000000000000000000000000000000BA
:10D8000070000000000000000000000000000000A8
:10D810007100000000000000000000000000000097
:10D820007200000000000000000000000000000086
:10D830007300000000000000000000000000000075
:10D840007400000000000000000000000000000064
:10D850007500000000000000000000000000000053
:10D860007600000000000000000000000000000042
:10D870007700000000000000000000000000000031
:10D880007800000000000000000000000000000020
:10D89000790000000000000000000000000000000F
:10D8A0007A000000000000000000000000000000FE
:10D8B0007B000000000000000000000000000000ED
:10D8C0007C000000000000000000000000000000DC
:10D8D0007D000000000000000000000000000000CB
:10D8E0007E000000000000000000000000000000BA
:10D8F0007F000000000000000000000000000000A9
:10D900008000000000000000000000000000000097
:10D910008100000000000000000000000000000086
:10D920008200000000000000000000000000000075
:10D930008300000000000000000000000000000064
:10D940008400000000000000000000000000000053
:10D950008500000000000000000000000000000042
:10D960008600000000000000000000000000000031
:10D970008700000000000000000000000000000020
:10D98000880000000000000000000000000000000F
:10D9900089000000000000000000000000000000FE
:10D9A0008A000000000000000000000000000000ED
:10D9B0008B000000000000000000000000000000DC
:10D9C0008C000000000000000000000000000000CB
:10D9D0008D000000000000000000000000000000BA
:10D9E0008E000000000000000000000000000000A9
:10D9F0008F00000000000000000000000000000098
:10DA00009000000000000000000000000000000086
:10DA10009100000000000000000000000000000075
:10DA20009200000000000000000000000000000064
:10DA30009300000000000000000000000000000053
:10DA40009400000000000000000000000000000042
:10DA50009500000000000000000000000000000031
:10DA60009600000000000000000000000000000020
:10DA7000970000000000000000000000000000000F
:10DA800098000000000000000000000000000000FE
:10DA900099000000000000000000000000000000ED
:10DAA0009A000000000000000000000000000000DC
:10DAB0009B000000000000000000000000000000CB
:10DAC0009C000000000000000000000000000000BA
:10DAD0009D000000000000000000000000000000A9
:10DAE0009E00000000000000000000000000000098
:10DAF0009F00000000000000000000000000000087
:10DB0000A000000000000000000000000000000075
:10DB1000A100000000000000000000000000000064
:10DB2000A200000000000000000000000000000053
:10DB3000A300000000000000000000000000000042
:10DB4000A400000000000000000000000000000031
:10DB5000A500000000000000000000000000000020
:10DB6000A60000000000000000000000000000000F
:10DB7000A7000000000000000000000000000000FE
:10DB800084710608D3B3FB0200000000000000000F
:10DB90000000000000000000000000000000000085
:10DBA0000000000000000000000000000000000075
:10DBB0000000000000000000000000000000000065
:10DBC0000000000000000000000000000000000055
:10DBD0000000000000000000000000000000000045
:10DBE0000000000000000000000000000000000035
:10DBF0000000000000000000000000000000000025
:10DC00000000000000000000000000000000000014
:10DC10000000000000000000000000000000000004
:10DC2000000000007D6C040821780408C573040816
:10DC3000FD770408D9770408C97304088FBB04086A
:10DC40008FBB04087F0000000000000000000000FF
:10DC500018000000000000000004000000000000A8
:10DC60008000000000000000000000000000000034
:10DC700025BD0408000000000000000000000000B6
:10DC800000000000FFFFFFFFFFFFFFFFFFFFFFFFA0
:10DC90000000000000000000000000000000000084
:10DCA0000000000000000000000000000000000074
:10DCB0000000000000000000000000000000000064
:10DCC0000000000000000000000000000000000054
:10DCD0000000000000000000000000000000000044
:10DCE0000000000000000000000000000000000034
:10DCF0000000000000000000000000000000000024
:10DD00000000000000000000000000000000000013
:10DD10000000000000000000000000000000000003
:10DD200000000000000000000000000000000000F3
:10DD300000000000000000000000000000000000E3
:10DD400000000000000000000000000000000000D3
:10DD500000000000000000000000000000000000C3
:10DD600000000000000000000000000000000000B3
:10DD700000000000000000000000000000000000A3
:10DD80000000000040150124010000001000000008
:10DD90000090D0030090D0030100000025D30408B8
:10DDA00091E40508500E0024000000003C110024FE
:10DDB000A41100240C120024000000000000000048
:10DDC0000000000000000000000000000000000053
:10DDD0000000000000000000000000000000000043
:10DDE0000000000000000000000000000000000033
:10DDF0000000000000000000000000000000000023
:10DE00000000000000000000000000000000000012
:10DE10000000000000000000000000000000000002
:10DE200000000000000000000000000000000000F2
:10DE300000000000000000000000000000000000E2
:10DE400000000000000000000000000000000000D2
:10DE500001000000000000000E33CDAB34126DE66F
:10DE6000ECDE05000B0000000000000000000000D8
:10DE700000000000000000000000000000000000A2
:10DE80000000000000000000000000000000000092
:10DE90000000000000000000000000000000000082
:10DEA0000000000000000000000000000000000072
:10DEB0000000000000000000000000000000000062
:10DEC0000000000000000000000000000000000052
:10DED0000000000000000000000000000000000042
:10DEE0000000000000000000000000000000000032
:10DEF0000000000000000000000000000000000022
:10DF00000000000000000000000000000000000011
:10DF10000000000000000000000000000000000001
:10DF200000000000000000000000000000000000F1
:10DF300000000000000000000000000000000000E1
:10DF400000000000000000000000000000000000D1
:10DF500000000000000000000000000000000000C1
:10DF600000000000000000000000000000000000B1
:10DF700000000000000000000000000000000000A1
:10DF80000000000000000000000000000000000091
:10DF90000000000000000000000000000000000081
:10DFA0000000000000000000000000000000000071
:10DFB0000000000000000000000000000000000061
:10DFC0000000000000000000000000000000000051
:10DFD0000000000000000000000000000000000041
:10DFE0000000000000000000000000000000000031
:10DFF0000000000000000000000000000000000021
:10E000000000000000000000000000000000000010
:10E010000000000000000000000000000000000000
:10E0200000000000000000000000000000000000F0
:10E0300000000000000000000000000000000000E0
:10E0400000000000000000000000000000000000D0
:10E0500000000000000000000000000000000000C0
:10E0600000000000000000000000000000000000B0
:10E0700000000000000000000000000000000000A0
:10E080000000000000000000000000000000000090
:10E090000000000000000000000000000000000080
:10E0A0000000000000000000000000000000000070
:10E0B0000000000000000000000000000000000060
:10E0C0000000000000000000000000000000000050
:10E0D0000000000000000000000000000000000040
:10E0E0000000000000000000000000000000000030
:10E0F0000000000000000000000000000000000020
:10E10000000000000000000000000000000000000F
:10E1100000000000000000000000000000000000FF
:10E1200000000000000000000000000000000000EF
:10E1300000000000000000000000000000000000DF
:10E1400000000000000000000000000000000000CF
:10E1500000000000000000000000000000000000BF
:10E1600000000000000000000000000000000000AF
:10E17000000000000000000000000000000000009F
:10E18000000000000000000000000000000000008F
:10E19000000000000000000000000000000000007F
:10E1A000000000000000000000000000000000006F
:10E1B000000000000000000000000000000000005F
:10E1C000000000000000000000000000000000004F
:10E1D00043000000000000000000000000000000FC
:10E1E000000000000000000000000000000000002F
:10E1F00043000000000000000000000000000000DC
:10E20000000000000000000000000000000000000E
:10E2100043000000000000000000000000000000BB
:10E2200000000000000000000000000000000000EE
:10E23000430000000000000000000000000000009B
:10E2400000000000000000000000000000000000CE
:10E25000430000000000000000000000000000007B
:10E2600000000000000000000000000000000000AE
:10E27000430000000000000000000000000000005B
:10E28000000000000000000000000000000000008E
:10E29000430000000000000000000000000000003B
:10E2A000000000000000000000000000000000006E
:10E2B0002D510608391406080000000028C0060881
:10E2C0003CC1060864C1060864C1060864C10608AA
:10E2D00064C1060864C1060864C1060864C1060872
:10E2E00064C1060864C10608FFFFFFFFFFFFFFFFD0
:10E2F000FFFFFFFFFFFF00000100415343494900BA
:10E30000000000000000000000000000000000000D
:10E310000000000000000000000041534349490094
:10E3200000000000000000000000000000000000ED
:10E3300000000000000000000000000000000000DD
:10E3400000000000E4130024E4130024EC13002474
:10E35000EC130024F4130024F4130024FC13002411
:10E36000FC13002404140024041400240C140024BE
:10E370000C14002414140024141400241C1400246D
:10E380001C14002424140024241400242C1400241D
:10E390002C14002434140024341400243C140024CD
:10E3A0003C14002444140024441400244C1400247D
:10E3B0004C14002454140024541400245C1400242D
:10E3C0005C14002464140024641400246C140024DD
:10E3D0006C14002474140024741400247C1400248D
:10E3E0007C14002484140024841400248C1400243D
:10E3F0008C14002494140024941400249C140024ED
:10E400009C140024A4140024A4140024AC1400249C
:10E41000AC140024B4140024B4140024BC1400244C
:10E42000BC140024C4140024C4140024CC140024FC
:10E43000CC140024D4140024D4140024DC140024AC
:10E44000DC140024E4140024E4140024EC1400245C
:10E45000EC140024F4140024F4140024FC1400240C
:10E46000FC14002404150024041500240C150024B9
:10E470000C15002414150024141500241C15002468
:10E480001C15002424150024241500242C15002418
:10E490002C15002434150024341500243C150024C8
:10E4A0003C15002444150024441500244C15002478
:10E4B0004C15002454150024541500245C15002428
:10E4C0005C15002464150024641500246C150024D8
:10E4D0006C15002474150024741500247C15002488
:10E4E0007C15002484150024841500248C15002438
:10E4F0008C15002494150024941500249C150024E8
:10E500009C150024A4150024A4150024AC15002497
:10E51000AC150024B4150024B4150024BC15002447
:10E52000BC150024C4150024C4150024CC150024F7
:10E53000CC150024D4150024D4150024DC150024A7
:10E54000DC150024E4150024E4150024EC15002457
:10E55000EC150024F4150024F4150024FC15002407
:10E56000FC15002404160024041600240C160024B4
:10E570000C16002414160024141600241C16002463
:10E580001C16002424160024241600242C16002413
:10E590002C16002434160024341600243C160024C3
:10E5A0003C16002444160024441600244C16002473
:10E5B0004C16002454160024541600245C16002423
:10E5C0005C16002464160024641600246C160024D3
:10E5D0006C16002474160024741600247C16002483
:10E5E0007C16002484160024841600248C16002433
:10E5F0008C16002494160024941600249C160024E3
:10E600009C160024A4160024A4160024AC16002492
:10E61000AC160024B4160024B4160024BC16002442
:10E62000BC160024C4160024C4160024CC160024F2
:10E63000CC160024D4160024D4160024DC160024A2
:10E64000DC160024E4160024E4160024EC16002452
:10E65000EC160024F4160024F4160024FC16002402
:10E66000FC16002404170024041700240C170024AF
:10E670000C17002414170024141700241C1700245E
:10E680001C17002424170024241700242C1700240E
:10E690002C17002434170024341700243C170024BE
:10E6A0003C17002444170024441700244C1700246E
:10E6B0004C17002454170024541700245C1700241E
:10E6C0005C17002464170024641700246C170024CE
:10E6D0006C17002474170024741700247C1700247E
:10E6E0007C17002484170024841700248C1700242E
:10E6F0008C17002494170024941700249C170024DE
:10E700009C170024A4170024A4170024AC1700248D
:10E71000AC170024B4170024B4170024BC1700243D
:10E72000BC170024C4170024C4170024CC170024ED
:10E73000CC170024D4170024D4170024DC1700249D
:10E74000DC170024FFFFFFFF0000020000000000B4
:10E75000BD020408891404084D1604082919040888
:10E7600059190408AD1A0408A91C040885210408D5
:10E77000452B0408893F04088D410408B14304086F
:10E78000996D0408D16D0408996F040859F90408BB
:10E7900015E90508000000009902040800000000C7
:00000001FF
