:020000040800F2
:100000000000082481040008CD0400081D04000835
:1000100023040008290400082F0400080000000041
:100020000000000000000000000000005503000870
:10003000CD04000800000000EF030008FF030008E3
:10004000CD040008CD040008CD040008CD0400084C
:10005000CD040008CD040008CD040008CD0400083C
:10006000CD040008CD040008CD040008CD0400082C
:10007000CD040008CD040008CD040008CD0400081C
:10008000CD040008CD040008CD040008CD0400080C
:10009000CD040008CD040008CD040008CD040008FC
:1000A000CD040008CD040008CD040008CD040008EC
:1000B000CD040008CD040008CD040008CD040008DC
:1000C000CD040008CD040008CD040008CD040008CC
:1000D000CD040008CD040008CD040008CD040008BC
:1000E000CD040008CD04000800000000CD04000885
:1000F000CD040008CD040008CD040008CD0400089C
:10010000CD040008CD040008CD040008CD0400088B
:10011000CD040008CD040008CD040008CD0400087B
:10012000CD040008CD040008CD040008CD0400086B
:10013000CD040008CD040008CD040008CD0400085B
:10014000CD040008CD0400080000000000000000FD
:10015000CD040008CD040008CD040008CD0400083B
:10016000CD040008CD040008CD040008CD0400082B
:10017000CD040008CD040008CD04000800000000F4
:10018000CD040008CD040008CD040008CD0400080B
:10019000CD040008CD040008CD040008CD040008FB
:1001A000CD040008CD040008CD040008CD040008EB
:1001B000CD040008CD040008CD040008CD040008DB
:1001C000CD040008CD040008CD040008CD040008CB
:1001D000CD040008CD040008CD040008CD040008BB
:1001E000CD040008CD040008CD040008CD040008AB
:1001F000CD040008CD040008CD040008CD0400089B
:10020000CD040008CD040008CD040008CD0400088A
:10021000CD040008CD040008CD040008CD0400087A
:10022000CD040008CD040008CD040008CD0400086A
:100230002548010871310008CD040008CD040008EC
:10024000CD040008CD040008CD040008CD0400084A
:10025000CD040008CD040008CD040008CD0400083A
:10026000CD040008CD040008CD040008CD0400082A
:10027000CD040008CD040008CD040008CD0400081A
:10028000CD040008CD040008CD04000800000000E3
:10029000CD040008CD04000810B5054C237833B90F
:1002A000044B13B10448AFF300800123237010BD49
:1002B000E00300240000000038F3010808B5034BF8
:1002C0001BB103490348AFF3008008BD00000000E4
:1002D000E403002438F30108A3F5803A704700BF17
:1002E000174B002B08BF134B9D46FFF7F5FF00216E
:1002F0008B460F461348144A121A16F047FF0E4B4E
:10030000002B00D098470D4B002B00D098470020C1
:10031000002104000D000D48002802D00C480EF00A
:10032000E7F816F023FD200029000EF087FF0FF0FC
:1003300057FA00BF0000080000000000890F010804
:1003400000000824E0030024B03E0024F1E400088B
:10035000000000001EF0040F0CBFEFF30880EFF365
:100360000980816911F8021C002932D101B590E899
:100370000F10E047BDE800508CE80300244B93E8E1
:100380000600914208BF70471A6041B91EF0100F75
:1003900010D1204B186820F0010018600AE02CE909
:1003A000F00F1EF0100F08BF2CED108A81F822E02C
:1003B000C1F838C0906B92F8221061F0FF0E1EF069
:1003C000100F08BFB0EC108AB0E8F00F80F3098876
:1003D0007047114A13689942FAD801B552F821C002
:1003E0000FC8E047BDE80050CCF80000704701B5E9
:1003F00012F006FABDE80140EFF3098CBEE701B543
:1004000012F040FABDE80140EFF3098CB6E70000B6
:100410005001002434EF00E010AC0108102300F07C
:1004200007B8202300F004B8302300F001B84023BF
:100430009C46F0B404AE7546E80801D3EFF3098694
:100440000E4F0FCE0FC70FBC0FC74046494652464E
:100450005B460FC71DCE3100A60A00D304316E09DA
:1004600000D248311FC7EFF309806946EFF31486C5
:1004700063C7604601490FF067FB00BF4C3E002494
:10048000DFF830D002F018FF002103E00A4B5B5880
:100490004350043109480A4B42189A42F6D3094A9C
:1004A00002E0002342F8043B074B9A42F9D3FFF7DE
:1004B00017FF70470000082444F3010800000024DF
:1004C000D0030024E0030024B03E0024FEE7000037
:1004D000264B022283F83E201B681A6A22F0010292
:1004E0001A621A6A42F001021A62214A934219D032
:1004F00002F58062934215D002F57052934211D0FA
:1005000002F5806293420DD002F58062934209D0D9
:10051000B3F1804F0ED19968164A0A40062A21D1BC
:10052000002070475A6C42F400425A64104A9342C9
:10053000EED1F0E7104A9342EDD002F5806293428B
:10054000E9D002F580629342E5D002F57842934209
:10055000E1D0A2F56C429342DDD01A6842F001026C
:100560001A60DDE7B2F5803FF7D1D9E7640E0024C9
:10057000000001400700010000040040024B6FF042
:1005800002021B681A617047640E0024034B1A684C
:10059000D36823F00203D360704700BF640E0024C9
:1005A000064B6FF002021B681A615A6942F00202A0
:1005B0005A61DA6842F00202DA607047640E002481
:1005C000054B6FF002021B6858631A61DA6842F04B
:1005D0000202DA60704700BF640E0024014B586AC3
:1005E000704700BF000C0040064A1168CB6823F03A
:1005F0000203CB6092F83E30012B01D1FFF768BFB8
:10060000704700BF640E0024074B084A13601A6944
:10061000910708D5DA68920705D56FF00202044801
:100620001A610EF07DB87047000C0040640E002483
:10063000649B010800487047AC9A0108024BD868D7
:10064000C0F30010704700BF004000583E48F0B5AE
:10065000036806463D4D41683D4C2B402F462140E6
:1006600002682A409A425BD1426822408A4257D1AE
:100670000A0DC1F3034402EB820204EB4202D4B23E
:10068000A51E882D4AD8C3F30232C1F30117C3F364
:10069000032014F0030F02EB820204F1440607EB7F
:1006A000870700EB420C01F00F022A4802EB4702D9
:1006B00003F00F0702F1FF3200FB02F24FF03C00A3
:1006C00010FB0C20C3F3021202EB820207EB420282
:1006D0001044C3F30152C3F3034302EB820203EB62
:1006E00042034FF4616202FB0303C1F30030C1F324
:1006F000032208BF0C214FEA800718BF00218A2C73
:10070000384402EB400202F1FF320A44124951F828
:100710002200184409D1114B984208D3002011E05F
:10072000336871683B4021409AE7462E0AD004F1B5
:10073000430240F26D139210113A03FB0522054B60
:1007400003FB02000021F0BD004000587F7F7F00C6
:100750003FFFFF0080510100049B010800D12F00E2
:100760006AB101F00301074B0329596808D000F46E
:100770007060B0F5706F03D121EA02025A607047D1
:100780000A43FBE70004005830B5114B114DD5F872
:1007900094409C42FBD14943012A01EB41034FEABB
:1007A00041046FEA030304D0022A0BD0C26813404D
:1007B0000BE0C26813401943C160064B4FF440720E
:1007C0005A6130BDC26813402343C360F5E700BFE0
:1007D0000003008000640258024BD869DA69824243
:1007E000FBD17047002C0058044B054A1878054B84
:1007F000002814BF10461846704700BF4019002457
:10080000B49A0108BC9A010890F85030011D032BDE
:100810000ED8DFE803F00207090B0648064A42F843
:10082000231070470548F9E70548F7E70548F5E75D
:100830000020F3E7215D00081C1000243D5D000846
:10084000595D0008755D000809010028C9B206DB82
:1008500000F1604000F5614080F80013704700F03F
:100860000F00014B1954704714ED00E073B51C4B99
:10087000B0F95C409D6804F11006B0F95E2045F8BF
:100880002610BFF34F8F9B6802F1100543F8251027
:10089000BFF34F8F90F870302046002B0CBF022121
:1008A00001210191FFF7D0FF01991046FFF7CCFF1E
:1008B000002C08DB0123610904F01F0403FA04F48F
:1008C000084B43F82140002A08DB0123510902F0BC
:1008D0001F0203FA02F2034B43F8212002B070BD5D
:1008E00000ED00E000E100E02DE9F04191F800E0CA
:1008F0004B7874464E69012B354F4FEA4414DFF8AC
:10090000D4C044D100F510652B19B6B91E69374023
:100910001F611E6946F400261E611E6906EA0C0668
:10092000012A1E6122D10A6902B15A612B5943F092
:1009300004432B510020BDE8F081D3F8108008EA71
:100940000C0CC3F810C0D3F810C00CEA07071F61E5
:100950008F68BE421E6946F4002688BF4F611E6143
:100960004E691F69C6F312063E43D9E72B5943F07F
:1009700004432B514B69002BDCD00EF00F020123F6
:10098000D0F8341893400B43C0F83438D2E700F560
:10099000306003191D6905EA0C051D611D693D40A4
:1009A0001D618D6806B14D611E69C5F31205012AEE
:1009B00046F400261E611E6945EA06051D6102D146
:1009C000CA6802B15A61035943F004430351B1E7C5
:1009D000FFFF07E00000F8FF0023092803D840EAE2
:1009E0000310C0B270470A380133C0B2F5E7000007
:1009F0004E4A70B5946A966AD36A16F07C7FC6F345
:100A00000551556C00F08D8007EE901AC3F300235A
:100A1000C5F3CC0104F00304F8EEE76A4B43012C64
:100A2000B7EE006A07EE903AFAEEE97A6BD0022C44
:100A30005BD0002C67D113689B0646D51168136CF8
:100A4000C1F3C1013A4AC3F30803CA4007EE102AB2
:100A5000F8EEC75A85EEA67A06EE903AF8EEE66A08
:100A600076EEA77A77EE867A304A67EE877A136C4D
:100A7000C3F3462307EE103AB8EEC77A37EE067A8C
:100A8000C7EE876AFCEEE66AC0ED006A136CC3F33A
:100A9000064307EE103AB8EEC77A37EE067AC7EE8D
:100AA000876AFCEEE66AC0ED016A136CC3F3066365
:100AB00007EE103AB8EEC77A37EE066A87EE867A06
:100AC000BCEEC77A80ED027A70BD136CDFED195A67
:100AD000C3F3080307EE103AB8EEC77A77EE277A29
:100AE00077EE867A85EEA67ABEE7136CDFED125AB2
:100AF000C3F3080307EE103AB8EEC77A77EE277A09
:100B000077EE867AEEE7136CDFED0C5AC3F3080339
:100B100007EE103AB8EEC77A77EE277A77EE867A44
:100B2000E0E7C0E900118160CEE700BF0044025851
:100B30000090D0030024744C20BCBE4B0024744AA7
:100B40004E4A70B5946A966AD36A16F47C3FC6F32F
:100B50000531D56B00F08D8007EE901AC3F30013BA
:100B6000C5F3CC0104F00304F8EEE76A4B43012C13
:100B7000B7EE006A07EE903AFAEEE97A6BD0022CF3
:100B80005BD0002C67D113689B0646D51168936B28
:100B9000C1F3C1013A4AC3F30803CA4007EE102A61
:100BA000F8EEC75A85EEA67A06EE903AF8EEE66AB7
:100BB00076EEA77A77EE867A304A67EE877A936B7D
:100BC000C3F3462307EE103AB8EEC77A37EE067A3B
:100BD000C7EE876AFCEEE66AC0ED006A936BC3F36A
:100BE000064307EE103AB8EEC77A37EE067AC7EE3C
:100BF000876AFCEEE66AC0ED016A936BC3F3066395
:100C000007EE103AB8EEC77A37EE066A87EE867AB4
:100C1000BCEEC77A80ED027A70BD936BDFED195A96
:100C2000C3F3080307EE103AB8EEC77A77EE277AD7
:100C300077EE867A85EEA67ABEE7936BDFED125AE1
:100C4000C3F3080307EE103AB8EEC77A77EE277AB7
:100C500077EE867AEEE7936BDFED0C5AC3F3080369
:100C600007EE103AB8EEC77A77EE277A77EE867AF3
:100C7000E0E7C0E900118160CEE700BF0044025800
:100C80000090D0030024744C20BCBE4B0024744A56
:100C9000094A82B0D2F8F41041F00201C2F8F4100F
:100CA000D2F8F42002F002020192044A019B536838
:100CB0001843506002B070470044025800040058C6
:100CC00011F0010307D090F8413003F02803282BDE
:100CD0000CBF4223F2238A0709D590F8412002F085
:100CE0002802282A0CBF43F0440343F0F4030A040B
:100CF000016848BF43F0B8030A6822EA03030B60A7
:100D0000704790F84130026803F02803282B70B533
:100D1000044625D1956991699368C5F30045D66865
:100D2000C668022E16D1C3F3C21383EA114313F02F
:100D300006030FD1816C01318164816C022908D1D5
:100D400008218364D16184F84030012375B184F8AF
:100D50006D3070BD4FF40041FFF7B2FF0023F2E7A2
:100D60000823D361002380F84030F2E784F86E3026
:100D7000EFE7000030B5039DC1F30901046845EABF
:100D8000024260681A43044B43EA55530A4320EA7F
:100D900003000243626030BDFF63FF03D0F884307C
:100DA00037B50446002B62D0D0F89430002B5ED0CB
:100DB00090F87C2090F84110002A14BF4FF0007288
:100DC00000222029C26545D190F84010012941D068
:100DD0000125816FD0F890009BB284F84050222505
:100DE000606284F84150102584F842500025656403
:100DF0006385214BE2626363638D9BB2FF2B2BD92A
:100E0000FF2323854FF08073226B122A4FF00002DC
:100E100009D0E06AAA2823D1E262628D92B2FF2A49
:100E200000D8E36A154A89B20092204694F8282037
:100E3000FFF7A0FF626B124900238A4284F840301A
:100E400004D0104B9A4214BFF423002321680A688F
:100E500013430B6003B030BD638D2385E36AD3E792
:100E6000E26AB2F52A4FD8D14FF00072D4E70823D6
:100E700084F86030EEE700BF775A00080024008055
:100E8000995B0008ED56000803689A69910701D53F
:100E900000229A629A69D20703D49A6942F0010249
:100EA0009A61704738B5002580F8425090F841307B
:100EB000212B4FF0200380F841300BD111234563E3
:100EC00001210363FFF7FCFE80F84050BDE8384085
:100ED000FFF764BF1223022145630363FFF7F0FEAF
:100EE000082380F8405080F8603038BD0268436BBA
:100EF0009169126803B118477047000090F84130BB
:100F0000202B0BD12823026880F84130044B436327
:100F10000020136843F0B803136070470220704745
:100F20007958000808B5194B2022C36200230363D7
:100F3000436380F8412080F842304B0712D50368A4
:100F40005A6A436A1A70436A01334362038D4BB194
:100F5000013B0385438D013B9BB24385436C43F0CA
:100F60000403436448F20301FFF7AAFE102203685A
:100F7000DA61002390F86C2080F84030022A01D119
:100F800080F86E30BDE80840FFF7B8BF0000FFFFF3
:100F900090F8413003F0FF020BB980F84020242381
:100FA00080F8413003681A6822F001021A60426832
:100FB00022F070621A619A6822F400429A60D0E9C5
:100FC0000221012925D142F400429A605A6842F078
:100FD000007242F400425A60DA6822F40042DA6099
:100FE000D0E904210A43816942EA0122DA60D0E9AA
:100FF00007210A431A601A6842F001021A600023AE
:101000002022436480F84120036380F84230184670
:10101000704742F4044202299A60D7D14FF400622B
:101020005A60D3E710B528B190F83530022B03D0C1
:101030008023436501207FE00368504A934252D0E9
:101040004F498B424FD018318B424CD018318B42D4
:1010500049D018318B4246D018318B4243D01831D9
:101060008B4240D018318B423DD001F556718B42F6
:1010700039D018318B4236D018318B4233D01831E9
:101080008B4230D018318B422DD018318B422AD070
:1010900018318B4227D018318B4224D01A6822F0A5
:1010A0000E021A601A6822F001021A60354A934251
:1010B00043D1026E136823F480731360D0E91613D2
:1010C00003F01F02012393404B60D0E919325A60AC
:1010D000C36E002B46D01A6822F480721A60D0E9E1
:1010E0001C325A603EE00421934280F835101ED035
:1010F000234A93421BD01832934218D0183293429D
:1011000015D01832934212D0183293420FD01832B1
:1011100093420CD01832934209D002F55672934292
:1011200005D01832934202D018329342FFD01A6889
:1011300022F001021A60002010BD134A9342B8D079
:1011400014329342B5D014329342B2D01432934247
:10115000AFD014329342ACD014329342A9D014329F
:101160009342A6D00123002480F83530036D80F827
:1011700034400BB19847DEE71846DDE71000024027
:1011800028000240085402581C54025838B590F800
:101190006C300446022B63D1B0F8763001339BB239
:1011A000A0F87630B0F87620B0F8743092B29BB2E6
:1011B0009A4255D2B0F8765090F84120ABB202F086
:1011C0002802282A05D1056FED1803D14FF40073CA
:1011D000436438BD48F20201FFF772FD90F84030D9
:1011E000012BF6D090F841300121292B80F84010D6
:1011F00013D1FFF765FD03681A6850040DD51A680E
:10120000A06B22F480421A6038B1174B0365FFF7D8
:1012100009FF10B1A06B036D98472A23002284F8C0
:101220004130202384F8423023686264596821F4F5
:1012300000415960012165626185618D21854FF012
:101240008071E162094961639969C90301D4082188
:10125000D96184F840201A6842F0FC021A60B8E7AD
:10126000002384F86E30B4E77754000879580008FA
:1012700008B5036800211A6880F84210510415D59A
:101280001A6822F480421A6090F84130292B13D159
:101290002823012180F8413021230363FFF710FD4B
:1012A000002380F8403080F86D3008BD1204EBD583
:1012B0001A6822F40042E6E790F841302A2BF4D174
:1012C0002823022180F8413022230363FFF7F8FC32
:1012D000002380F84030BDE80840FFF757BF0020EA
:1012E00070476FF0570070476FF057007047036802
:1012F00010B49C6C0023A4461A465DF8044B60476A
:101300006FF05700704743680A46196810B48C6D37
:101310008168184623465DF8044B18474368816886
:101320001A681846526D1047436881681A68184653
:10133000126D1047436881681A681846D26C1047CE
:1013400030B4446813462268956C0A46816820468A
:10135000AC4630BC6047436881681A681846526CD6
:101360001047436881681A681846126C104730B4F9
:10137000446813462268D56B0A4681682046AC460D
:1013800030BC604730B4446813462268956B0A4607
:1013900081682046AC4630BC604710B504464068C2
:1013A00030B10368A1685B6B98470023636010BD90
:1013B0006FF01500FBE738B50446FFF7EEFF054672
:1013C000236820465B689847284638BD70B50D46AF
:1013D0004168044641B929680E6B00F108012846AE
:1013E000B04700B9656070BD6FF01500FBE7000005
:1013F000044B10B50360044643680BB1FFF7CDFF03
:10140000204610BDA8990108034B10B5044603609F
:10141000FFF7EEFF204610BD409A0108436881683F
:101420001A681846526F1047436881681A68184650
:10143000126F1047436881681A681846D26E1047C9
:1014400043680A46196810B48C6E816818462346B2
:101450005DF8044B184710B50446406830B1036886
:10146000A1681B6E98470023636010BD6FF01500E4
:10147000FBE738B50446FFF7EEFF05462368204634
:101480005B689847284638BD38B5436804460D4622
:1014900043B90B6800F108012846DB6D984700B995
:1014A000656038BD6FF01500FBE70000044B10B518
:1014B0000360044643680BB1FFF7CDFF204610BD23
:1014C0007C990108034B10B504460360FFF7EEFF5B
:1014D000204610BD149A01080B4640F2011200216B
:1014E00070B50446184615F051FE03466068A168C1
:1014F0000268556E1A462B46BDE87040184700003A
:1015000008B50DF065F8064B01221B685A604FF4D0
:101510008052044BC3F89021BDE808400DF044B858
:10152000040E002400E100E008B50DF051F8084B6E
:1015300001221A700022074B1A704FF48052064B9A
:10154000C3F810211A61BDE808400DF02DB800BFA6
:10155000301000243810002400E100E070B504468B
:101560000DF036F8FFF738F9264B05461C60264A81
:101570004FF480511161254E18463178F1B9611F41
:101580004FF6F572914222490FD94FF6FA72954201
:101590000BD906340122A4B20A701C601D4B012233
:1015A0001A70BDE870400CF0FFBF00220A7003689B
:1015B000AB42194B28BF01221A70EFE7FFF7A0FFDB
:1015C00000235A19013392B2A24204BF0534A4B2D7
:1015D000052BF6D1114BAC421B6811D24FF6FA72B3
:1015E00095420DD84FF0FF325A6100230C4C3370F6
:1015F0002378002BD5D10CF0C3FF01232370D0E753
:101600005C61F2E73410002400E100E031100024B6
:10161000681200243810002418100024040E00243E
:1016200069120024F8B5037890F801C0012B057FFA
:101630000279077B866844792ED0022B2FD0002BAD
:1016400030D14FF480738B610023C1F800C04D612D
:101650004B63C1E90B333FB3CB61CB60037C012B00
:1016600045D0022B48D0002B4BD14FF480430B6266
:101670000123027E002A47D000230B620B61437FC7
:10168000012B6AD0022B6BD0002B6CD14FF08073F2
:1016900000204B628862F8BD4FF40073D3E74FF42B
:1016A0004073D0E70023CEE7012A4E600BD0022A18
:1016B0000CD072B94FF48063CB61032C09D8DFE8FA
:1016C00004F00B0D10134FF40063F5E74FF4406383
:1016D000F2E727480DF0ACFB0023BEE74FF4805340
:1016E000BBE74FF40053B8E74FF44053B5E74FF46E
:1016F00000430B620223BCE74FF440430B62042318
:10170000B7E700230B62B4E77BB3427CB2FBF3F490
:1017100003FB142414F0FF0F27D1561EF610741C7F
:10172000042C22DCC2EBC40212F0FF0210D0B2FB88
:10173000F3F39D4219D3EB1A4B61436903FA02F2AA
:101740008A60032E07D82404A4F580340C6196E740
:1017500043698B60F5E70748BCE74FF0007397E7F4
:101760004FF0407394E7002392E74FF0FF3092E789
:10177000C4940108ED94010800B5564B8DB00A28B9
:1017800000F2A480DFE800F006162432404E5C6AC6
:1017900078869400D3F8E0204F4842F00102C3F865
:1017A000E020D3F8E03003F001030193019B0DB07A
:1017B0005DF804FBD3F8E020484842F00202C3F889
:1017C000E020D3F8E03003F002030293029BEEE73F
:1017D000D3F8E020424842F00402C3F8E020D3F8F6
:1017E000E03003F004030393039BE0E7D3F8E02029
:1017F0003C4842F00802C3F8E020D3F8E03003F0A0
:1018000008030493049BD2E7D3F8E020364842F063
:101810001002C3F8E020D3F8E03003F01003059382
:10182000059BC4E7D3F8E020304842F02002C3F81B
:10183000E020D3F8E03003F020030693069BB6E7E0
:10184000D3F8E0202A4842F04002C3F8E020D3F861
:10185000E03003F040030793079BA8E7D3F8E020AC
:10186000244842F08002C3F8E020D3F8E03003F0CF
:1018700080030893089B9AE7D3F8E0201E4842F4BF
:101880008072C3F8E020D3F8E03003F4807309934A
:10189000099B8CE7D3F8E020184842F40072C3F8A3
:1018A000E020D3F8E03003F400730A930A9B7EE74C
:1018B000D3F8E020124842F48062C3F8E020D3F865
:1018C000E03003F480630B930B9B70E70D480DF041
:1018D000AFFA00BF0044025800000258000402584A
:1018E00000080258000C0258001002580014025858
:1018F00000180258001C0258002002580024025808
:10190000002802580495010870B50CF061FE2C4BBC
:101910002C4C1A7832B100221A70012223685A60C6
:101920000DF004FA23681A68D50706D59A68D0071F
:1019300003D501225A600DF0F9F923681A681107DE
:1019400024D59A68120721D508221F4C5A6001221B
:101950001E4B1A7023781BB10CF0E2FD002323709C
:101960001B4C237893B11B4D1B492B7803F0FF06CA
:10197000B3B1FEF731FF06300B6880B2984209D34D
:10198000FFF7D2FD00232B7000232370BDE87040C9
:101990000CF00ABE0868063880B2FFF7DFFDF1E7F9
:1019A0000E4D2B7843B1FEF717FF0B68984203D317
:1019B000FFF7BAFD2E70E7E70868FFF7CFFDE3E712
:1019C00030100024040E0024691200243110002479
:1019D0003810002468120024341000241810002449
:1019E00010B50446FFF710FD204615F069FB2046B0
:1019F00010BD10B50446FFF765FD204615F060FBED
:101A0000204610BD10B50446FFF7F2FC204615F045
:101A100057FB204610BD10B50446FFF747FD204692
:101A200015F04EFB204610BDF0B5142085B00CF02B
:101A3000A5FC4FF6FF71831E00F1120223F8021F6E
:101A40009A42FBD1974B0021974E10251A463060E1
:101A500002F8011B013D02F8011BFBD142F6021204
:101A6000924C2946924F5A8204F10800914B924AB7
:101A70001D61DA605C221D60C3E901558F4B236054
:101A80008F4B636015F082FB3B234FF0010C201D50
:101A9000A4F89A308B4BC4F8A850A4F86850C4F846
:101AA0008C5084F89850C4E927734FF400336627AC
:101AB0006366854BA4F8A470C4E9243C834BC4E955
:101AC0002B350CF0F7FF04F1BC00A4F8B87000F05F
:101AD000FFF97F4B7F48C4F8F431C4F8005284F812
:101AE00004520EF09BF80CF0B9FB7B480768092FF5
:101AF00000F3B8803368991E1A4603F1120631F9D3
:101B000002CFBCF1660F00F0B080B142F7D11433C0
:101B100011460232B1F90060013640F09F80662321
:101B20000B800137002607606A480EF077F80DF049
:101B3000F5FB00200021C4F8B460032600234FF019
:101B4000FF32C4F86031C4F8182184F8543184F8A5
:101B5000FD3184F8FE31C4F8E820C4F8FC20A4F874
:101B60000031C4E944014FF400300121C4F8F80108
:101B70000220C4F8281184F8F01084F80211C4E996
:101B800038603520C4E93D22C4F8EC00534C544A77
:101B900023612260CDE9003304F144030293102352
:101BA0000393EFF30583002B62D00020206400270D
:101BB0004C4800F08DF9442200214B4815F0E6FA1C
:101BC000012320223946A3876761484815F0DEFAD1
:101BD0004FF4805328224FF4D060C4E90B32444BB9
:101BE000A361444CA76515F063FA064670B3C21CA6
:101BF000394622F00302131AE260C3F5D06323F0E2
:101C000003031846C4E904776F1C00283CD101B1D6
:101C1000256100252262C4E9065325600CF0DCFE34
:101C20000EF0E2FE344B60600093344B258102934A
:101C30001023A57284F8245001950393C4E90A5532
:101C4000EFF3058323B30020206366612C480DF079
:101C500063FA2C480DF060FA05B0F0BD9A427FF4AB
:101C600057AF5EE76FF001065EE74FF0FF365BE7C8
:101C70000DF0E6FA0146002897D14FF6FF706A464C
:101C8000DFF884C000DF91E740083D460121BBE753
:101C90000DF0D6FA0028D6D16846DFF870C000DF14
:101CA000D2E700BF600F0024580F0024601000240A
:101CB0003C005700740F002409CA00082899010845
:101CC000FC9901083D005A0040420F00B5EA0008A7
:101CD000005A6202300F00245C0F0024A019002477
:101CE000A49A0108F4190024181A0024BC1900242D
:101CF000259501084419002440950108781900240D
:101D0000F00E0024B00E00246DD5000821D7000885
:101D10000B688360054BC26813404A6813438A68A6
:101D2000134343F48053C36000207047C0E0FEFFBC
:101D30000C4BDB68C3F3022310B4C3F107041A1D74
:101D4000042C28BF0424062A4FF0FF328CBF033B2B
:101D50000023A2405DF8044B21EA02019940FEF7FE
:101D600073BD00BF00ED00E0464BDA6C1868D1038C
:101D700030B585B07DD410F000704CD0996A9D6A62
:101D8000DA6A15F47C7FC5F305105C6B43D0C4F3AD
:101D9000CC0402F0010207EE900A01F00301624355
:101DA000B7EE006AF8EEE76A012907EE902AFAEE2C
:101DB000E97A32D0022940D000294CD11A68920623
:101DC00049D51968304AC1F3C1011B6BCA40C3F33E
:101DD000080307EE102AF8EEC75A85EEA67A06EE3B
:101DE000903AF8EEE66A76EEA77A77EE867A254A9A
:101DF00067EE877A136B136BC3F3064306EE903AD4
:101E0000136BF8EEE66A76EE866A87EEA67AFCEE4B
:101E1000C77A17EE900A05B030BD1B6BDFED1B5A79
:101E2000C3F3080307EE103AB8EEC77A77EE277AC5
:101E300077EE867A85EEA67AD9E71B6BDFED145A2A
:101E4000C3F3080307EE103AB8EEC77A77EE277AA5
:101E500077EE867AEEE71B6BDFED0E5AC3F30803CD
:101E600007EE103AB8EEC77A77EE277A77EE867AE1
:101E7000E0E710F00060CED001A8FEF761FE039805
:101E8000C9E700BF004402580090D0030024744A00
:101E900020BCBE4B0024744C044B0122D3E84F0FEE
:101EA000C3E8412FC0B20029F8D17047391000248F
:101EB00007B504460091CDF804E0FFF7EDFFDDE93A
:101EC000001210B920460CF0E1FB0CF091FF00006D
:101ED0001FB5002304460362064B0093031D6846AA
:101EE00002931C2303930B23019310F071FD2060D8
:101EF00004B010BD4795010810B50446802112F0CA
:101F0000C2FB00212046BDE8104012F0BCBB08B562
:101F1000026500220B4600F13C0142654FF48072DD
:101F2000836482870269012AD2B208BFC364006851
:101F3000FEF7DAFC002008BD08B5C0F81022002228
:101F40000B4600F5FE71C0F81422A0F8FC210269CE
:101F5000C0F80832012AD2B208BFC0F80C320068BB
:101F6000FEF7C2FC002008BD84B02DE9F041044614
:101F700007ADDDE90C7885E80E000CF029FB636BFA
:101F800023B994F838300BB10CF0FAFA04F12806B2
:101F900095E80F0086E80F0020460CF059FFA06975
:101FA000C4E908780CF0C6FCC219204641EB0803CE
:101FB0000CF094FFBDE8F04104B00CF0F5BA00005D
:101FC00010B586B004466846039180E80C0006A868
:101FD00000E90C0010E90700034B84E807002046E5
:101FE000E36006B010BD00BF89C500080D4B19881D
:101FF0004FF6FD734A1E92B29A4297BF0A4B4FF0BA
:10200000026303EA812303F10063834207D9B0F13D
:10201000006F34BF4FF0FF304FF4003070474FF087
:10202000FF30704780E8F11F00FC3F00064B4FF681
:10203000FD711A88531E9BB28B429ABF034800EA77
:1020400082204FF40010704780E8F11F00FC3F0031
:1020500038B50E4B0D46044603600023C0E901313C
:10206000012303730A480DF0D9FD0CF0F7F855B1C0
:10207000084B1A681C60626005480DF0CFFD0DF03A
:102080004DF9204638BD6560F6E700BF949A010817
:102090008C0F0024880F0024034653E8000F0138FA
:1020A00043E80002002AF8D170470000074B5A6845
:1020B00090235343064AD358DA69120701D5082200
:1020C0001A62D869C0F34010704700BF6C12002438
:1020D000101300242DE9F84FFF270646D0F80080A2
:1020E00004253C464FF6FF79B169002972D040467D
:1020F00007F0DBFB0546002855D1F0690378002B7B
:102100006BD0C27AE52B02F03F02B27150D02E2B79
:102110004ED022F0200108294AD00F2A4DD159066D
:1021200044D503F0BF043369477BF362437BBB4272
:102130003ED1C27E837E43EA02230FFA83FCBBBBFF
:1021400003780D22D8F81050012123F04003DFF866
:1021500090E0013B53431EF801AB00EB0A0292F8FA
:1021600001B010F80A2042EA0B2219B3FF2B1FD846
:1021700025F81320114601330CF1010CBCF10D0FB1
:10218000E9D10278520605D521B1FF2B10D80022E3
:1021900025F81320013CE4B20021304608F086FE09
:1021A00005460028A0D00023B3610CE0A342BDD0B7
:1021B000FF24F1E74A45DFD0FAE73CB907F066FBB8
:1021C000B84203D100252846BDE8F88F4FF0FF3311
:1021D000F362F8E7002DF5D0E5E70425E3E700BF5B
:1021E0001099010808B503480DF018FDBDE8084036
:1021F0000DF094B8B40F00242DE9F04F87B00646D7
:102200008B4617464FF001090DF1170ADDE910451D
:102210002544A3EB0408AC4201D1012011E008EBF6
:10222000040300225946304600933B46CDE901A9FC
:1022300005F011FC28B914F8013B9DF817209A42CB
:10224000E9D007B0BDE8F08F2DE9F04F89B0064620
:102250008846DDF84C9005924BB94FF0FF32C9F833
:102260000020149A0020136009B0BDE8F08F013BF4
:1022700007A900684FF0040A079305F0CFFB12A9E5
:10228000054630680DF1140B05F0C8FB0746AF4258
:10229000059B03D3C9F80030129BE2E7EC1B95FACB
:1022A000A5F241463046B4FA84F4B2FA82F2C4F19F
:1022B0001F04944228BF1446A200CDE901BA00923F
:1022C000002205F0C8FB0028CED1012303FA04F454
:1022D0002D1BDCE7034B596A5A6A521A8242FBD320
:1022E000704700BF000C0040C069C0F38010704709
:1022F00038B5431C0C4629D000F00F021D4BC0F32B
:10230000031053F82250FFF737FA1B491B4BD1F843
:1023100094209A42FBD105FB05F2016802EB4203CF
:102320000B40B3FBF2F3013B012B19D8E31E022B48
:1023300043680CD82B43032C436019D10122294652
:10234000FEF722FA0C4B4FF440725A6138BD23EA73
:102350000503012C4360F1D0022C07D00022EEE7E8
:1023600004F0FD03012BE9D0052CF5D10222E6E7AC
:10237000052CF2E7C49A01080064025800030080AB
:102380002DE9F843461C05460C4600F09C801FFAD8
:1023900080F9554A40F47061B2F90030581C4BD1B5
:1023A0000026524B09F00F02C5F3031053F82270B8
:1023B000FFF7E2F94E494F4BD1F894209A42FBD1F6
:1023C00007FB07FCC4F3831283680CEB4C0E0F2A47
:1023D0006FEA0E0114BF02FB0CF243EA0E034FF446
:1023E000407E1CBF0B40134304F007028360022AA7
:1023F0003F4BC3F814E036D10EF1004ED3F8948071
:10240000F045FBD119F0080FC4F383285DD03B0AD7
:10241000D0F824E05B435B43C3EB031903FB08F3F1
:102420002EEA090E4EEA03034362314B4FF4407E1D
:10243000C3F814E002231EE043F470638B4210D112
:1024400004F003035668032BABD109F47063B3F5B2
:10245000706FA6D1324621462846BDE8F843FEF704
:102460007FB9083298E7032A3CD002F1FF3EDEF143
:10247000000343EB0E03DFF87890DFF878E0D9F83B
:102480009480F045FBD1D0F800E003FB0CFC013A4E
:1024900001EA0E01012A41EA0C01016005D84368F6
:1024A00022074CBF3B43BB434360C4F30112394690
:1024B000FEF76AF9324621462846FEF751F90C4BE1
:1024C0004FF440725A61BDE8F8830CFB0CF9036AC3
:1024D000C9EB091E23EA0E0E09FB08F34EEA0303BB
:1024E0000362A2E71346C6E798970108C49A010859
:1024F000006402580003008000280DDB430901221C
:1025000000F01F00203302FA00F0044A42F82300D2
:10251000BFF34F8FBFF36F8F704700BF00E100E044
:1025200010B50CF055F8124B1A7842B9114A1268DE
:1025300011680907FCD50821516001221A700E4C60
:1025400023781BB10BF0ECFF0023237000230B4A10
:102550008C2013700A4A1370FFF7CEFF094B4FF41B
:102560008052BDE81040C3F890210CF01DB800BFA8
:1025700031100024040E00246912002438100024B5
:102580003010002400E100E0FFF7CABF10B50CF0E6
:102590001FF8134B1348144A596A146803881160D2
:1025A0001B1B0B440146B3F5803F16D34FF47A71E1
:1025B000B3FBF1F201FB1233038006E00132A3F515
:1025C0007A73B3F57A7FF9D20B80084C23681A44EA
:1025D00022600BF0E9FF206810BD0022F1E700BF88
:1025E000000C0040581000245C10002490120024BD
:1025F00038B5114CE36803F00703062B06D0E068FA
:1026000000F03F00163818BF012038BDE36823F002
:102610003F0343F01603E360FFF7B8FF0546636826
:102620009B0401D50020F0E7FFF7B0FF401BB0F599
:102630007A7FF4D90120E8E7004802582DE9F843F1
:102640000546294F3C69FFF7A1FF022D0646274B9F
:1026500026D1D7F81041264F1C4044F00044DFF843
:1026600088804CF25039042F1DD1D8F81000C0F3E7
:10267000800070B934F0004122D01E4A002C9369CA
:1026800043EA04039361184B17DB5C610120BDE84A
:10269000F883FFF77BFF801B4845E4D90320F6E76A
:1026A0001C400427DBE7D8F8103127EA030313F0B6
:1026B000040F0CBF01200020DBE7C3F81411E5E78D
:1026C000012D094B06D11A69D103E0D54FF48032B0
:1026D0005A61DCE7D3F81021D203D8D54FF4803209
:1026E000C3F81421D3E700BF002000520000EE170A
:1026F000040000803C10002470B504460D461646C8
:102700002368DB6935EA030301D1002017E0FFF7F6
:102710003DFF801B2368B0F1007F1A6810D322F4BC
:10272000D0721A609A6822F001029A602023C4F8DD
:102730008430C4F888300023032084F8803070BDD2
:102740005107DDD5DA691205DAD54FF400621A6255
:102750001A6822F4D0721A609A6822F001029A6014
:102760002023C4F88430C4F88830C4F88C30E2E701
:1027700038B50B4C2268D36823F0A003D360FFF771
:1027800005FF05462368DB689B0601D5002038BDA0
:10279000FFF7FCFE401BB0F57A7FF3D90320F6E784
:1027A000400E002408B5104BDA6822F04002DA60CF
:1027B0009A68920607D4FFF7DBFF18B103200B4B92
:1027C00083F8210008BD9A6822F020029A60FFF782
:1027D000CFFF18B10320054B83F82100024A93680C
:1027E00043F020039360EDE700400058400E0024C2
:1027F000F8B50F4D2B68DC6814F0400416D14FF08B
:10280000FF320327DA60FFF7C1FE06462B68DB685C
:102810005B0601D52046F8BDFFF7B8FE801BB0F57A
:102820007A7FF3D9032485F82170EFE70024F1E7DC
:10283000400E00242DE9F74F06463C250BF0C8FE5C
:102840004FF0180A4FF0070E6A4C6B4B4FF0460BD7
:10285000B6FBF5F7B7FBF5F5B5FBFAFC0CF1040296
:102860002360B2FBFEFECEEBCE0EA2EB0E091BF0F8
:10287000030F07D1BCF5B77F0BD3ACF5B77C0BF1D9
:10288000010BF4E7BCF5B67F1FD96FF4B6739C4417
:10289000F5E70123594830214FF0000800FB0CFAFE
:1028A000574801FB030151F8042B92450FD208F160
:1028B000FF38B9F1000F94F8201008BF4FF0070956
:1028C00001290CD14F480CF0B3FA0023E2E708F1DC
:1028D0000108B8F10C0FE6D14FF00B08E9E70C2125
:1028E00001FB0383012184F82010022150F82330DA
:1028F000CA2084F82110404901934862532048625D
:10290000FFF776FF019B00BBAAEB03003B4B22685D
:10291000B0FBF3F00130C0B2FEF75EF840EA493197
:10292000ABF14400C0B2FEF757F841EA004108F1AC
:102930000100C0B2FEF750F841EA002323F07F43C4
:1029400023F0C0035360FFF72DFF2368FF225A6274
:1029500000284BD1012284F8212084F82020022273
:1029600084F82120CA225A6253225A62FFF740FF9C
:1029700050BB226893681823B5FBF3F003FB10509B
:102980003C25C0B2FEF728F80146B7FBF5F005FB81
:102990001070C0B2FEF720F80302B6FBF5F005FB9D
:1029A000106043EA0141C0B2FEF716F8084300F098
:1029B0007F3020F0FE401060936823F48023936002
:1029C00093689360FFF7EEFE2368FF225A6210B906
:1029D000012384F82130002384F8203008B10A480C
:1029E00071E703B0BDE8F04F0BF0DEBD002384F8C3
:1029F000203067E7400E002400400058805101005D
:102A0000049B01086195010878950108F8B53A4CD6
:102A100006460D46A36A03F00303032B69D023681F
:102A200023F080532360FFF7B1FD074623689A0027
:102A30004BD4A36A326823F07C7343EA0253A36247
:102A4000B368F268013B013A5B0212049BB202F4E4
:102A5000FE0213437268013AC2F30802134332695B
:102A6000013A120602F0FE4213432364E36A7269DC
:102A700023F440631343E362E36AB26923F400730F
:102A80001343E362E36A23F48073E362636CF269E5
:102A900023F47F4323F0F80343EAC2036364E36A49
:102AA00043F48073E362E36AB5B943F48003E362FD
:102AB000114C236843F080532360FFF767FD054600
:102AC00023689B000FD5002005E0FFF75FFDC01BCA
:102AD0000228ABD90320F8BD012D0CBF43F400033D
:102AE00043F08073E3E7FFF751FD401B0228E7D96D
:102AF000F0E70120EFE700BF00440258F8B53A4C78
:102B000006460D46A36A03F00303032B69D023682E
:102B100023F080632360FFF739FD074623681A011D
:102B20004BD4A36A326823F47C3343EA0233A362B2
:102B3000B368F268013B013A5B0212049BB202F4F3
:102B4000FE0213437268013AC2F30802134332696A
:102B5000013A120602F0FE421343A363E36A72696C
:102B600023F0C0031343E362E36AB26923F0200356
:102B70001343E362E36A23F01003E362E36BF26959
:102B800023F47F4323F0F80343EAC203E363E36AD9
:102B900043F01003E362E36AB5B943F40023E36250
:102BA000114C236843F080632360FFF7EFFC054678
:102BB00023681B010FD5002005E0FFF7E7FCC01BD1
:102BC0000228ABD90320F8BD012D0CBF43F48013BC
:102BD00043F40013E3E7FFF7D9FC401B0228E7D9D1
:102BE000F0E70120EFE700BF004402582DE9F04173
:102BF000DDF8188004460E4615461F462268936885
:102C0000334214BF01230023AB4201D1002012E064
:102C1000B8F1FF3FF3D0FFF7B9FCC01B404502D825
:102C2000B8F1000FEAD10423012084F84130636C2D
:102C300043F001036364BDE8F0812DE9F04F0546E0
:102C400085B00C46FFF7A2FC95F8402007EE900AED
:102C5000012A00F0E1800122022085F8402095F849
:102C60004120012A40F0BE80002241F2883117EE57
:102C7000903ACDED037A6A640091202185F84100F5
:102C80002846FFF7B3FFDDED037A002840F0AA8065
:102C9000D4F824C0BCF1000F03D0A26A2968013A1D
:102CA0000A61D4F818A0D4E90727BAF1000F50D070
:102CB00063694CEA0A0AD5F800E026684FEA834BBC
:102CC000D4F83480D4E90B1967B3A36847EA0A0A39
:102CD0002769CEF81C30BAB132431143E26841EAA9
:102CE000090949EA080848EA0707174347EA0B07B2
:102CF00047EA0A07CEF814706268CEF81820BCF1D3
:102D0000000F40F0818062E0314341EA090949EA5D
:102D1000080848EA070747EA0B0747EA0A07CEF818
:102D20001470ECE752B142EA06070F4347EA09077D
:102D300047EA0808E76848EA0707D7E746EA0107CD
:102D400047EA090747EA080747EA0B0B4BEA0A0775
:102D5000E5E737B3A1684CEA0707D5F800E0266934
:102D6000CEF81C106169D4F834808904D4E90BA929
:102D70006AB13243E36842EA0A0A4AEA090949EABF
:102D8000080848EA030848EA01010F43B2E746EAA7
:102D90000A0646EA090949EA080848EA01010F4318
:102DA000BDE78AB1E16A4CEA02020A43216B0A4399
:102DB000616B0A43E1680A43616942EA814229681A
:102DC0004A6162688A619AE7BCF1000F10D141F252
:102DD000883217EE903A0221284600920122FFF72E
:102DE00005FFA8B1002385F8403005B0BDE8F08F9D
:102DF000E36A226B4CEA03031343626B1343626979
:102E000043EA82432A685361012385F84130E9E7A8
:102E10002B680222DA60F7E70220E6E7F0B593B00C
:102E200004460846164604A91D46FEF7FBFB48B9B2
:102E30002B6804A920460E93FFF7FFFE074618B142
:102E40004FF0FF3013B0F0BDFFF7A0FB256803463D
:102E5000A96994F84020012AF2D0012284F8402088
:102E600094F84120012AD0B246D16764002E3ED0AA
:102E7000222284F841202A690132A2632A6926634A
:102E800041F28836013262636A6922F0406242F0A0
:102E900080626A61A961A26BA2B901220221204667
:102EA0000096FFF7A3FE10B923680222DA6001231F
:102EB00084F841300023C01A84F8403018BF012044
:102EC0004042BFE701220621204600960393FFF708
:102ED0008DFE0028EBD195F82010226B039B11701A
:102EE000226B01322263A26B013AA263D3E7636CC7
:102EF00043F008036364DDE70220DBE7F7B50093E6
:102F0000054690F8943014460191DDE90867F3B165
:102F1000D6B13B68DBB10DF009F823462846DDE960
:102F200000210CF023F93B46324605F16801281DCB
:102F3000FFF774FF041E284618BF012464420CF0FA
:102F4000EBFF204603B0F0BD6FF00104F9E74FF04E
:102F5000FF34F6E7F0B593B004460846164604A9D8
:102F60001D46FEF75FFB48B92B6804A920460E9367
:102F7000FFF763FE074618B14FF0FF3013B0F0BD06
:102F8000FFF704FB94F8402003462568012AF3D09C
:102F9000012284F8402094F84120012AD0B243D184
:102FA0006764002E3BD0122284F841202A69013246
:102FB000E2622A69666241F288360132A2626A6977
:102FC00022F040626A61E26AA2B90122022120462F
:102FD0000096FFF70BFE10B923680222DA60012386
:102FE00084F841300023C01A84F8403018BF012013
:102FF0004042C3E701220421204600960393FFF7D5
:10300000F5FD0028EBD1626A039B127885F8202039
:10301000626A01326262E26A013AE262D3E7636C99
:1030200043F008036364DDE70220DBE72DE9F047A6
:103030001C4690B090F894300546DDF86890DDE9C4
:1030400018A8CDE9002163B30CF070FF4FF0FF33F7
:1030500028462E1D05F16807DDE900210CF086F8F1
:1030600014B1BAF1000F23D1B8F1000F02D0B9F1B9
:10307000000F19D102A93846FEF7D4FA044638B930
:10308000012302A9CDE90B033046FFF7D6FD08B1B5
:103090004FF0FF3428460CF03FFF204610B0BDE84B
:1030A000F0874FF0FF34F8E79CB1BAF1000F10D071
:1030B000224602AB39463046CDF808A0FFF74AFF5A
:1030C00004460028E4D1B8F1000FE3D0B9F1000FB5
:1030D000E0D002AB424639463046CDF80890FFF7C3
:1030E0009DFE041E18BF01246442D3E770B50E464E
:1030F00004460809FEF740FB4FF470710546304660
:10310000FFF73EF9238A0A4A06F00F0603F00F0381
:103110000121656152F8233001FA06F6A36105F139
:103120001003183526606360C4E9025570BD00BF06
:10313000C49A010810B50C4B0C4CD4F894209A4258
:10314000FBD1D0E90542524302EB4203DB4339B9DC
:103150002268134023604FF44072044B5A6110BD43
:1031600021680B401343F5E7000300800064025818
:10317000034BD9681A6822EA01021A605960704745
:1031800000650258444A1369114603F03803102BB6
:1031900030B57CD005D8002B55D0082B79D00A68E3
:1031A00052E0182BFBD1906A956AD16A15F47C7FA6
:1031B000C5F30513546B3BD007EE903AC4F3CC042F
:1031C00001F0010300F00300F8EEE76A6343012811
:1031D000F7EE005A07EE903AFAEEE97A39D0022873
:1031E00047D011682D4BC1F3C101126BCB40C2F324
:1031F000080207EE103AB8EEC76A86EE267A06EEA7
:10320000902AF8EEE66A76EEA77A77EEA57A224B58
:1032100067EE877A1B6BC3F34623013307EE103A40
:10322000F8EEC76A87EEA67AFCEEC77A17EE903AF8
:1032300019498A698969C2F3032219498A5CD34012
:10324000184A136030BD1268C2F3C102134BD34059
:10325000EEE7136B9FED146AC3F3080307EE103A11
:10326000B8EEC77A77EE277A77EEA57A86EE267AD9
:10327000CDE7136B9FED0D6AC3F3080307EE103A19
:10328000B8EEC77A77EE277A77EEA57AEEE7084BA5
:10329000CEE7084BCCE700BF004402580090D003B3
:1032A00004970108000000240024744A20BCBE4B8F
:1032B00040787D0100093D002B4BD3F8882042F473
:1032C0007002C3F888201A6942F010021A61274A76
:1032D000136803F00F03062B05D8136823F00F03C0
:1032E00043F007031360224B1A6842F001021A6090
:1032F00000221A611F4A19680A401C491A600A68AC
:10330000120705D50A6822F00F0242F007020A6090
:10331000002219499A61DA611A6299621749D962E1
:10332000174919635A639963DA6319645A6419680F
:1033300021F4802119601A66124A536A43F48043CB
:103340005362114B1B681B0C1B04B3F1005F02D2CC
:103350000E4B01221A600E4B43F2D2021A600D4A44
:10336000014B9A60704700BF00ED00E00020005262
:10337000004402587FEDF6EA000202020000FF015D
:1033800080020101C00000580010005C088100515B
:1033900000400052000000080A4B013B0FD00269B8
:1033A000002AFADA0369074A43F001030361013A8C
:1033B00005D0036913F00103F9D1184670470320C3
:1033C000704700BF410D030030B5056C00F5306358
:1033D0000F4CA54203D9D0F8004B002C16DB00247B
:1033E00001291C611C6944F400241C611C6944F01F
:1033F00018041C611C6944F0C0441C6106D15A6168
:10340000D0F8003B43F08023C0F8003B002030BDE3
:103410000A30544FD0F8003E23F00303C0F8003EBA
:10342000D0F8043843F00203C0F804380020704795
:1034300070B50023940800F5805502F00302A34202
:1034400014D301EB84017AB100F5805000230468A5
:10345000D80024FA00F0C854013398B28242F7D160
:10346000013A92B201321144084670BD2E6841F80B
:1034700023600133E3E770B50E78012500F50062A3
:1034800006F00F0374019D404B78012BD36917D1CF
:103490001D4300F51060D56103591A040ED48A68E3
:1034A0000559C2F30A03CA782B4343EA824343EA2D
:1034B000865343F0805343F400430351002070BD12
:1034C00043EA054500F53060D56103591B04F5D486
:1034D0008B680259C3F30A031343CA7843EA824351
:1034E000E7E70000114B4FF4FA5102461B68B3FBAB
:1034F000F1F141F288334B43013B13D3516B11F08F
:10350000450FF9D08904F7D4536B5B0702D504202B
:1035100090637047506B10F0010014BF0123044BFF
:10352000936370474FF00040704700BF00000024D5
:10353000C5002000454B10B51B6804464FF4FA50F7
:10354000B3FBF0F342485A43002A48D0636B03426E
:1035500007D09B0405D4636B580704D50420A063EF
:1035600010BD013AF0E7606B10F0010002D00123BA
:10357000A363F5E7374BA3632369DBB2994231D1EB
:103580006369354818400028EAD0002B2CDB5A002C
:103590002DD49C002DD4D9002DD41A012ED45C0139
:1035A0002FD4D90130D41A0231D45C0232D499021A
:1035B00033D4DA0234D45C0335D4990336D4DA0335
:1035C00037D41C0438D4590439D49A043AD413F0AB
:1035D000080F14BF4FF400004FF48030C0E74FF0E5
:1035E0000040BDE70120BBE74FF00070B8E7402086
:1035F000B6E78020B4E74FF48070B1E74FF4007075
:10360000AEE74FF48060ABE74FF40060A8E74FF4FB
:103610008050A5E74FF40050A2E74FF480409FE7A9
:103620004FF400409CE74FF4003099E74FF48020BE
:1036300096E74FF4002093E74FF4801090E74FF4A3
:1036400000108DE74FF480008AE700BF00000024DF
:1036500045002000C500200008E0FFFDF0B5124D38
:1036600087B00D2700246B6C01A92E681B0430461F
:1036700001934FF48073CDE902734FF48053CDE989
:103680000443FEF745FB41F2883239463046FFF7E6
:1036900051FF28B92B685C69C4F3432007B0F0BD23
:1036A0006B6B18436863F7E79412002430B54FF44E
:1036B000807387B0062500220446019101A9CDE957
:1036C00002534FF48053CDE90423FEF721FB41F26E
:1036D000883229462046FFF72DFF07B030BD30B5B0
:1036E0004FF4807387B0372500220446019101A969
:1036F000CDE902534FF48053CDE90423FEF708FBD4
:1037000041F2883229462046FFF714FF07B030BD4A
:1037100010B5002386B0044601A9CDE90133CDE9F7
:1037200003334FF480530593FEF7F2FA0A4B4FF43C
:10373000FA521B68B3FBF2F241F288335343013B68
:1037400007D3626B1206FAD5044B0020A36306B0C0
:1037500010BD4FF00040FAE700000024C500200033
:1037600030B5002387B00C254FF48072044601A9C0
:10377000CDE90323CDE901354FF480530593C368A8
:1037800043F08003C360C36823F04003C360FEF7C7
:10379000BFFA074A29462046FFF7CCFEE368B0F19E
:1037A000007F08BF002023F08003E36007B030BD36
:1037B00000E1F50530B54FF4807387B01025002285
:1037C0000446019101A9CDE902534FF48053CDE99C
:1037D0000423FEF79DFA41F2883229462046FFF77E
:1037E000A9FE07B030BD00002DE9F047364D86B088
:1037F0000746FEF7CBFE082180462868FFF7DAFF70
:103800000446002837D1696C28680904FFF767FF70
:10381000044680BB2E684FF0FF334FF0330901A9F7
:10382000736208230190B362F36A0490304623F078
:10383000FF0343F03303F3624FF48073CDE9029347
:103840004FF480530593FEF763FA41F288324946FC
:103850003046FFF76FFE044668B98146064640F2DF
:103860002A5A2B685A6B12EA0A0F5A6B07D01107B3
:1038700016D508249C63204606B0BDE8F0871003E7
:1038800005D424B9D3F880600124D3F88090FEF7E2
:103890007DFEA0EB08000130E3D14FF00044EAE7E1
:1038A0005A6B920701D50224E4E75C6B14F0200404
:1038B00001D02024DEE7054A36BA9A6399FA89F3E3
:1038C0007E603B60D7E700BF941200243A0F0018D7
:1038D0002DE9F8430668054616F0006609D0836EA8
:1038E000B3F5001F2ED013D8F3B1B3F5801F21D04C
:1038F00001262B68DB0540F10281AB6D042B00F241
:10390000FD80DFE813F024002B00F50029002900DA
:10391000B3F5401FECD1B84A0026A96E136D23F40D
:1039200040130B431365E4E7B34AD36A43F400330F
:10393000D362F0E702210430FFF7E0F806460028E2
:10394000D7D1E8E702212430FFF760F8F6E7AA4A6A
:10395000D36A43F40033D362344604E00021281DC7
:10396000FFF7CCF80446002C40F0CB80A24AA96DAA
:10397000136D23F007030B4313652B689F050DD5CB
:10398000EB6D802B00F0DA8000F2BD80002B00F0A0
:10399000C980402B00F0CC80012634462B685805A6
:1039A00010D5D5F8A830B3F5800F00F0EC8000F208
:1039B000CD80002B00F0DB80B3F5001F00F0DD8030
:1039C000012634462B68190510D5D5F8AC30B3F173
:1039D000007F00F0FD8000F2DE80002B00F0EC8024
:1039E000B3F1807F00F0EE80012634462B689A0107
:1039F0000DD5AB6C202B00F0078100F2F180002B7D
:103A000000F0F180102B00F0F980012634462B687D
:103A1000DB040FD52B6EB3F5005F00F0198100F2C7
:103A2000FB80002B00F00881B3F5805F00F00A8175
:103A3000012634462B689F040FD56B6EB3F5003F0B
:103A400000F0268100F20C81002B00F01281B3F50A
:103A5000803F00F01781012634462B68580410D5AA
:103A6000D5F8B030B3F1005F00F0338100F2188177
:103A7000002B00F01E81B3F1805F00F0248101264D
:103A800034462B68590114D5EB6C43B1B3F5807FF4
:103A900040F027810121281DFFF730F80446002C53
:103AA00040F02281544AE96CD36C23F480730B43B9
:103AB000D3642B681A040DD52B6FB3F1805F00F02F
:103AC0001581B3F1005F00F01F81002B00F013811E
:103AD000012634462B68DB0140F12C816B6C032BF3
:103AE00000F26C81DFE813F01D01180164011D0173
:103AF000002105F12400FEF789FF33E70126344653
:103B00003BE7264639E7C02B03D0B3F5807F7FF42F
:103B100043AFCCB9384AE96D136D23F4E0730B431E
:103B200013653BE7344AD36A43F40033D362F0E7CA
:103B30000021281DFEF7E2FF0446EAE7002105F117
:103B40002400FEF763FFF7E7264627E7B3F5C00F2B
:103B500003D0B3F5000F7FF433AFD4B9264AD5F8BC
:103B6000A810936D23F460030B4393652AE7224A60
:103B7000D36A43F40033D362EFE70021281DFEF738
:103B8000BDFF0446E9E7002105F12400FEF73EFFF2
:103B9000F7E7264616E7B3F1407F03D0B3F1806F15
:103BA0007FF422AFD4B9144AD5F8AC10936D23F04A
:103BB000E0630B43936519E70F4AD36A43F400337C
:103BC000D362EFE70021281DFEF798FF0446E9E7DE
:103BD000002105F12400FEF719FFF7E7264605E767
:103BE000302B7FF412AFACB9034AA96CD36C23F02D
:103BF00030030B43D3640AE7004402589B4AD36A5C
:103C000043F40033D362EEE70221281DFEF776FF6E
:103C10000446E8E72646FAE6B3F5405F03D0B3F57D
:103C2000804F7FF405AFCCB9904A296E136D23F411
:103C3000E0430B431365FDE68C4AD36A43F400333B
:103C4000D362F0E70021281DFEF758FF0446EAE79B
:103C5000002105F12400FEF7D9FEF7E72646E9E644
:103C600023F48032B2F5802F03D0B3F5403F7FF4C8
:103C7000F2AE9CB97D4A696E136D23F4E0230B43C9
:103C80001365EAE60121281DFEF738FF0446F0E738
:103C9000012105F12400FEF7B9FEF7E72646DCE630
:103CA00023F08052B2F1804F03D0B3F1405F7FF434
:103CB000E6AEA4B96D4AD5F8B010936D23F0E04399
:103CC0000B439365DDE60121281DFEF717FF04462F
:103CD000EFE7012105F12400FEF798FEF7E72646FD
:103CE000CFE601263446E4E62646E2E65F4AD36A9A
:103CF00043F40033D3626CB95C4A296F136D23F02F
:103D000040530B431365E5E60121281DFEF7F6FE3F
:103D10000446F0E72646DDE6544AD36A43F400330E
:103D2000D362002C4DD1514A696CD36C23F003034C
:103D30000B43D3642B685F024DD54D4F3B6843F472
:103D400080733B60FEF722FC80463B68D8053AD57D
:103D5000002C6CD1454BD5F8B4001A6F424012F4D8
:103D6000407F0BD01A6F196F22F4407241F48031FA
:103D70001967196F21F4803119671A67B0F5807FD0
:103D800040D0D5F8B430394903F44072B2F5407FE1
:103D900049D10869374A20F47C5002EA13120243E1
:103DA0000A61C3F30B03314A116F0B43136712E02F
:103DB0000221281DFEF7A2FE0446B2E70126344682
:103DC000B8E72646B6E7FEF7E1FBA0EB080064285B
:103DD000BBD9032634462B68DA0708D5EB6F102BC6
:103DE0003CD026D85BB3082B32D0012634462B6852
:103DF0009B074ED5AB6F052B61D8DFE803F0423D42
:103E00005A424242FEF7C2FBDFF86080074641F2A9
:103E10008839D8F870309907B3D4FEF7B7FBC01BC8
:103E20004845F6D9D5E70A6922F47C52B8E7264618
:103E3000D1E723F00802202A01D0182BD5D19CB954
:103E40000A4AE96F536D23F038030B435365CEE7FD
:103E50000121281DFEF752FE0446F0E7012105F17D
:103E60002400FEF7D3FDF7E72646C0E700440258DA
:103E700000480258CFFFFF000121281DFEF73EFE3B
:103E80000446FCB9B74AA96F536D23F007030B43EF
:103E900053652B685F0727D5D5F89430052B00F2C2
:103EA0003A81DFE813F01600110032011600160007
:103EB0001600012105F12400FEF7A8FDE0E7012628
:103EC0003446E6E72646E4E70121281DFEF716FE04
:103ED0000446002C40F02281A24AD5F89410936D3C
:103EE00023F007030B4393652B68980610D5D5F88C
:103EF0009030B3F1005F00F02C8100F21181002BB3
:103F000000F01781B3F1805F00F01D810126344677
:103F10002B68590610D5D5F89C30B3F5006F00F02A
:103F20003C8100F22181002B00F02781B3F5806FE6
:103F300000F02D81012634462B681A0610D5D5F8DD
:103F4000A030B3F5804F00F0498100F22E81002BA4
:103F500000F03481B3F5005F00F03A810126344669
:103F60002B681B0714D5D5F88430B3F5805F07D1D3
:103F7000022105F12400FEF749FD002818BF0126A3
:103F8000784AD5F88410536D23F440530B4353659E
:103F90002B68DF0614D5D5F89830B3F5807F07D1AC
:103FA000022105F12400FEF731FD002818BF01268B
:103FB0006C4AD5F89810936D23F440730B439365C6
:103FC0002B6818031AD5D5F8A410B1F5803F00F07E
:103FD0000D81B1F5003F06D0002940F00D81281D6C
:103FE000FEF78CFD0446002C40F009815D4AD5F8AF
:103FF000A410936D23F440330B4393652B6859034E
:104000001CD5D5F88830B3F5001F00F0FA80B3F561
:10401000401F08D0B3F5801F40F0FA80514AD36AA0
:1040200043F40033D362002C40F0F5804D4AD5F8BC
:104030008810536D23F440130B4353652B68DA0348
:1040400009D52B6D002B00F0E880B3F5803F00F020
:10405000F280012634462B689B0007D5022105F12A
:104060002400FEF7D3FC002818BF01262B689F030D
:104070000BD5D5F88010B1F5807F00F0F28000F20A
:10408000E280002900F0E5800126DC0206D53549F2
:10409000686F0A6D22F0004202430A65D80007D516
:1040A0003049D5F8B8000A6922F4804202430A6117
:1040B000990206D52B49E86E0A6D22F08072024300
:1040C0000A655A0009D5274A116921F40041116196
:1040D0001169D5F8BC0001431161002B06DA2149B2
:1040E000686DCA6C22F040520243CA641B0207D5B5
:1040F0001C4AD5F88C10536D23F440030B435365D1
:10410000301E18BF0120BDE8F883012105F124000D
:10411000FEF77CFCDCE601263446E5E62646E3E6CF
:1041200023F08052B2F1804F03D0B3F1405F7FF4AF
:10413000EDAEA4B90B4AD5F89010536D23F0E043CF
:104140000B435365E4E60021281DFEF7D7FC044627
:10415000EFE7022105F12400FEF758FCF7E72646B9
:10416000D6E600BF0044025823F48062B2F5805FB7
:1041700003D0B3F5406F7FF4DDAEA4B93D4AD5F866
:104180009C10936D23F4E0530B439365D4E6002118
:10419000281DFEF7B3FC0446EFE7022105F12400D9
:1041A000FEF734FCF7E72646C6E623F40052B2F5E4
:1041B000004F03D0B3F5C04F7FF4D0AEA4B92D4A61
:1041C000D5F8A010936D23F460430B439365C7E6C5
:1041D0000021281DFEF792FC0446EFE7022105F1BD
:1041E0002400FEF713FCF7E72646B9E6022105F1A5
:1041F0002400FEF70BFCF5E601263446FEE62646D3
:10420000FCE6012105F12400FEF700FC04460AE764
:104210000126344612E7264610E7164AD36A43F4CD
:104220000033D3626CB9134A296DD36C23F4803305
:104230000B43D3640FE70221281DFEF75FFC044601
:10424000F0E7264607E721F48072B2F5007F7FF49D
:104250001BAF64B90748426D22F440720A434265BD
:1042600013E70448C26A42F40032C262F1E726460C
:104270000BE700BF004402583F230360114B1A694B
:1042800002F0070242609A6902F4706282609A69E1
:1042900002F00F02C2609A6902F070020261DA69EC
:1042A00002F070024261DA6902F4E06282611B6A24
:1042B00003F07003C361044B1B6803F00F030B6032
:1042C000704700BF0044025800200052484B1A6952
:1042D00002F03802102A30B500F08680182A0CD07F
:1042E000002A40F083801A68424812F0200F03D061
:1042F0001B68C3F3C103D84030BD996A9D6ADA6A6E
:1043000015F47C7FC5F305105C6BF5D0C4F3CC04C9
:1043100002F0010207EE900A01F003016243B7EEDA
:10432000006AF8EEE76A012907EE902AFAEEE97AC8
:104330004CD002293CD0002948D11A68920627D5D2
:1043400019682C4AC1F3C1011B6BCA40C3F30803AF
:1043500007EE102AF8EEC75A85EEA67A06EE903AD6
:10436000F8EEE66A76EEA77A77EE867A204B67EE6D
:10437000877A1B6BC3F34623013307EE103AF8EE3E
:10438000C76A87EEA67AFCEEC77A17EE900AB3E703
:104390001B6BC3F3080307EE103AB8EEC77A77EE4B
:1043A000277A77EE867A9FED146A86EE267ADDE725
:1043B0001B6BC3F3080307EE103AB8EEC77A77EE2B
:1043C000277A77EE867A9FED0D6AEEE71B6BC3F3D3
:1043D000080307EE103AB8EEC77A77EE277A77EE41
:1043E000867A9FED076AE0E7064885E7064883E797
:1043F000004402580090D0030024744C20BCBE4BF3
:104400000024744A40787D0100093D0008B5FFF79B
:104410005DFF0949094A8B69C3F30323D35C03F0A9
:104420001F03D8408B6903F00F03D35C044A03F0E9
:104430001F031060D84008BD0044025804970108CB
:104440000000002473B50E460446FFF7DFFFB0FB03
:10445000F6F5FF2D47DCFFF7D9FFB0FBF6F101FBC6
:10446000160606B9013D6560FEF790F894F8412004
:10447000034612B941F28832A2642068A16802683A
:10448000013922F4706242EA0122202102602046B2
:10449000A26C00920022FEF7A9FB30BB2268E569FE
:1044A000E36811682B43256A21F07F412B4365683F
:1044B00021F0D00143EA05630B4313605568D4E94A
:1044C00005310B43216943EA0143094929400B4364
:1044D0005360136843F0010313600123606484F8A0
:1044E000413002B070BDFF25BDE74FF0FF30F8E767
:1044F000FEF8E0FF08B5FFF789FF054B054A1B6A88
:10450000C3F30213D35C03F01F03D84008BD00BF00
:10451000004402580497010808B5FFF777FF054BE0
:10452000054ADB69C3F30223D35C03F01F03D840C1
:1045300008BD00BF004402580497010808B5FFF702
:1045400065FF054B054ADB69C3F30213D35C03F037
:104550001F03D84008BD00BF00440258049701085B
:10456000894990202DE9F043D1E90035D1F8089030
:104570004FF0000E6843854CB9F5965FD1F810C036
:1045800004EB0002D1F814802CBF76460726A2F86F
:1045900056E089B0C2F81CE0A2F854E0A2F85EE050
:1045A000A2F85CE0C2F820E0C2F864E0CF692350D2
:1045B000C868C2F804909060C2F80CC0C2F81080BD
:1045C0009761C2E9096EB1F91AE0BEF1FF3F5FD110
:1045D000082151616E4A934210D19022B9F5165FBD
:1045E00002FB054292F8801059D8012906D01968BB
:1045F00041F002011960002182F88010902202FB34
:104600000541D1F884E0BEF1000F01D181F880E0CE
:1046100002FB0542242140EA0800C2F88410196810
:10462000526921F0010110435A4A196019680A4081
:10463000104318605A6822F4405242EA0C025A6051
:104640009A6822F06E4222F4306217439F60DA6A61
:1046500022F00F021643504A9342DE6225D14F4B9F
:104660005B6D03F03803282B00F284804C4AD35C46
:10467000082B00F2B281082B7CD8DFE813F0D701B9
:10468000DD017B007B00E0017B007B007B00E5011E
:10469000B1F9181001310CBF04210C2199E701294F
:1046A000ACD0196821F00201A4E73E4A934207D139
:1046B0003A4B5B6D03F00703052B5BD83A4AD6E70C
:1046C0003A4A934207D1354B5B6D03F00703052B44
:1046D00050D8374ACBE7374A934207D12F4B5B6D0F
:1046E00003F00703052B45D8334AC0E7334A93420A
:1046F00007D12A4B5B6D03F00703052B3AD8304AEC
:10470000B5E7304A934207D1244B5B6D03F0380381
:10471000282B2FD82C4AAAE72C4A934207D11F4BAB
:104720005B6D03F00703052B24D8294A9FE7294A2C
:10473000934207D1194B5B6D03F00703052B19D882
:10474000254A94E7124A934214D102F50E32936D32
:1047500003F00703052B0DD82049CB5C102B00F08C
:10476000FF8009D8042B00F0F180082B00F0F380C3
:10477000022B35D0012639E0202B00F02C81402B74
:10478000F8D14FF40040F4E06C1200241013002420
:10479000000C0058F369FFCF00100140004402589C
:1047A000CF96010800440040F896010800480040F8
:1047B000F8960108004C0040F896010800500040AF
:1047C000F896010800140140CF96010800780040D7
:1047D000F8960108007C0040F8960108FE96010852
:1047E000FFF788FE002840F0C480002690224FF09A
:1047F0000113012E02FB05F204EB02018B664FF060
:104800000003C1E91C3300F034818B6A002B66D0B1
:10481000D80706D5A058C96A426822F400320A4374
:1048200042609A0709D590226A43A158A0184A68A5
:10483000006B22F4803202434A605F0709D5902260
:104840006A43A158A0184A68406B22F480220243B0
:104850004A60180709D590226A43A158A0184A68EF
:10486000806B22F4004202434A60D90609D59022A7
:104870006A43A158A0188A68C06B22F48052024390
:104880008A609A0609D590226A43A158A0188A68BE
:10489000006C22F4005202438A605F0613D5902216
:1048A0006A43A158A0184A68476C22F48012B7F5F1
:1048B000801F42EA07024A6005D14A68806C22F4F0
:1048C000C00202434A60180609D590236B43E258A0
:1048D000E1185368C96C23F400230B4353609027FD
:1048E0006F43E35904EB07085A6822F490425A6078
:1048F0009A6822F02A029A601A6842F001021A604D
:104900000023C8F88C30FDF741FEE35902461B68CE
:10491000190700F1A38090236B43E3581B685B07E2
:1049200007D54FF480014046FDF7E6FE002840F031
:104930009F80902303FB05442023C4F88430C4F8EF
:1049400088300023E36684F8803092E002A8FCF708
:10495000F7F8039846E705A8FCF74AF8069841E7F8
:104960001368464813F0200F03D01368C3F3C10344
:10497000D8404FF09009424B09FB05F904EB0901BF
:104980004A6AD1F8048033F8122008EB4801B0FBE2
:10499000F2F38B42FFF4EEAEB3EB083F3FF6EAAE24
:1049A0000023002114F046FD42460F0200230602B8
:1049B00047EA10674FEA5800301847F1000114F039
:1049C00039FD304BA0F540729A423FF6D3AE54F811
:1049D0000930D86009E72C48CBE7202B39D0402B91
:1049E00039D0102B7FF4C6AE284B24481A6812F039
:1049F000200F03D01B68C3F3C103D84090236B433F
:104A0000E1184A684E6A1E4931F81610B0FBF1F001
:104A100000EB5200B0FBF2F080B24FF6EF72A0F163
:104A2000100191423FF6A6AEE358D2E7FFF786FDAC
:104A300000283FF4DAAEE1E7FFF76EFDF8E702A8E1
:104A4000FCF77EF80398F3E705A8FBF7D1FF06987B
:104A5000EEE70D48D2E74FF40040CFE701904FF466
:104A600000114046FDF748FE019A00283FF453AF7D
:104A70000326304609B0BDE8F08300BF0090D003A4
:104A8000F8980108FFFC0F0000093D00004402589F
:104A900010B58AB0694602A8FFF7EEFBFFF74EFD9E
:104AA0003E4B0090D3F8E8203D4942F00802C3F89D
:104AB000E820D3F8E82002F008020192019A394A6E
:104AC000D1F88C409442FBD1D3F89020364C42F080
:104AD0000802C3F89020D3F8902022F00802C3F80F
:104AE00090204FF44073CB60304B079A23604FF017
:104AF000FF33E3602E4B002A4DD1B0FBF3F00023CF
:104B000001382361A3606060C4E9053394F83D3047
:104B100003F0FF020BB984F83C20244A022384F8F6
:104B20003D30136823F47C7313604FF0FF33D3627E
:104B300001239062536184F8483084F83E3084F851
:104B40003F3084F8403084F8413084F8423084F8B3
:104B5000433084F8443084F8453084F8463084F893
:104B6000473084F83D30134B134A9B68C3F8082143
:104B7000BFF34F8F114B4FF480225A6094F83E30B0
:104B8000012B01D1FBF7A4FC2268D36823F00203B8
:104B9000D3600AB010BD4000AFE700BF0044025828
:104BA0000064025800030080640E0024000C0040E2
:104BB00040420F0000ED00E00906000800E100E0BF
:104BC00000232DE9F04F04469BB0C366836039B1E2
:104BD0008B88A0F858308B89A0F85A300B68036096
:104BE0002368B04A934212D1002384F85030AE4B70
:104BF000D3F8E82042F40012C3F8E820D3F8E830F4
:104C000003F400131393139BA84BE3650BE0A84A2E
:104C100093427FD002F58062934200F08D80A54AD6
:104C2000934200F09B80A449B4F958000AF060F860
:104C3000A249B4F95A000AF05BF80421B4F958000B
:104C4000FDF756FB0421B4F95A00FDF751FB636DE3
:104C50000BB99B4B63659B4A1421656D12682368F1
:104C6000B2FBF5F24A43636011469869000401D52E
:104C70000139FAD1944E9549D6F88C008842FBD17F
:104C800088498B427CD18849D1F8900040F40010CB
:104C9000C1F89000D1F8900020F40010C1F8900005
:104CA00089494FF44070C860211D05EE101A9969BA
:104CB000090401D5013AFAD1854A95421AD1794AB7
:104CC000934202D10120FBF7E3FF2268784B9A421E
:104CD00002D10220FBF7DCFF22687E4B9A4202D110
:104CE0000420FBF7D5FF2268724B9A4202D10820BC
:104CF000FBF7CEFF7449754BD1F88C209A42FBD15B
:104D0000684B22689A42684B6AD1596D21F4405130
:104D100059656FE0012384F85030634BD3F8E820E5
:104D200042F48002C3F8E820D3F8E83003F48003AB
:104D30001493149B684B68E7022384F850305A4B55
:104D4000D3F8E82042F40002C3F8E820D3F8E830B2
:104D500003F400031593159B604B56E7032384F877
:104D60005030514BD3F8F42042F08002C3F8F420C5
:104D7000D3F8F43003F080031693169B584B44E7A6
:104D80004B498B4214D001F580618B421CD04949BC
:104D90008B4285D14449D1F89C0040F08000C1F895
:104DA0009C00D1F89C0020F08000C1F89C0077E7BF
:104DB0003D49D1F8900040F48000C1F89000D1F84E
:104DC000900020F4800069E73749D1F8900040F462
:104DD0000000C1F89000D1F8900020F400005DE7D9
:104DE00033498A4291D001F580618A428DD03149A0
:104DF0008A4240D0344B4FF44071D96094F845302A
:104E0000202BD8B21AD194F84430012B16D0242389
:104E100084F845306368196821F001011960196848
:104E200021F48051196019681960196841F0010175
:104E30001960002384F8450084F84430194B22F4AB
:104E40000061A6689942E76E174B03D018498A4261
:104E500040F083805B6D03F44053B3F5005F00F0D6
:104E6000FB810DD8002B43D0B3F5805F00F08D801F
:104E70001C4809F0DDFF996D21F440719965B9E78F
:104E8000B3F5405FF4D1002E00F08880AF4244D0EB
:104E90001548164B00221A60002840F08280002638
:104EA0003BE000BF00540040004402581F002000B7
:104EB00000580040001C00585C980108C097010889
:104EC000A086010000000024006402580003008056
:104ED00040420F00005C00402100220048004900D1
:104EE0005F0060008F95010800093D00FC0D002463
:104EF000FFF724FB0EB1AF420FD0924B9842C8D1BE
:104F0000914B9D4200F0A481904B9D4200F0A28104
:104F10008F4B904E9D4218BF00260123A6600026AD
:104F200015EE100AE566E660C4E90436C4E90866D1
:104F3000C4E90666FCF72CF84FF0007384F8716042
:104F4000656584F87260E56684F8646084F8706072
:104F50002366A6661BB0BDE8F08F7F498A421BD14D
:104F60009B6D03F44073B3F5007F13D005D84BB1AC
:104F7000B3F5807F09D079487BE7B3F5407FFAD15C
:104F80007748B7E7FFF7B6FAB4E717A8FBF730FDA5
:104F90001998AFE77348ADE773486AE7734B7048F9
:104FA0001E60002D3FF47BAFA5F59C3349F64042CF
:104FB000803B934261D9A5F59C236D4AA3F500730C
:104FC00093425DD9A5F543235F4AA3F5A0639342BD
:104FD0003FF665AF4FF0020C664A2C264FF0100BDF
:104FE00002EB5003B3FBF0F30193634B06FB0C366B
:104FF000736AA3F132010493019B03EB4303C91AC3
:10500000336A029321EAE1713369029876691B1AC7
:1050100001980591A3F58273A3EB8003029823EA1C
:10502000E3733044019E0693002303909A46194689
:10503000B1464FF0000E0398CDF81CE00EF1010EC2
:10504000484529D80027B8460598B8421ED8069882
:10505000B8421BD35B4519D0142000FB01FB474825
:10506000013100EB0B0A40F80B307F290798CAE9A1
:10507000010808D93D4B19601AE04FF0000CABE76E
:105080004FF0010CA8E79B464FF0010A08F1010818
:105090003744B8F1100FD7D1BEF1100FB144CAD1C7
:1050A00001330198102B0644C2D1BAF1000FE1D1AF
:1050B0002C2331494FF0000A03FB0CFC01EB0C03DD
:1050C00051F80C1002EB51060993B6FBF1FB59683D
:1050D000CDF81CB0B2FBF1F10C919968049BB2FBC6
:1050E000F1F20D924FF0FF31204A039112680199BD
:1050F0000F92019A03EB8103029952000B44323262
:10510000119308921D4A0F9B9A4539D1039B7F2B1F
:105110003FF6C5AE039A142318495343CA18CB5817
:10512000167C46EA037653681B0503F470031E439E
:1051300093681B0403F470231E43D3681B029BB2C5
:105140001E43EAE6000E2707801A060040420F00C1
:10515000A08601007656E140001C0058AC9501087D
:1051600000093D000090D003C7950108FC0D002404
:105170000071020000CA9A3B14970108FC03002446
:1051800001994FF0000E1368049803FB011309996D
:10519000089F8969C71902980E9108990744591800
:1051A000A7EB0B070691F8181199069EABEB0101CE
:1051B0001090A1EB43010E98CDF82CE00EF1010EFA
:1051C000B0423BD2A6F132070198B0EB970F35D22F
:1051D000A1F16400DDF818904FF0000805901098D8
:1051E00000EB060C0BEB0C070D98CDF8288008F1AE
:1051F0000108B84219D80C98B84216D30998C76963
:105200004F4512D8019848450FD2059810EA2C0056
:1052100038BF604607460798874206D20B98079723
:1052200010610A98CDF80CA0D0600598B8F5807F81
:1052300099449C44A0EB03000590D3D1BEF5807F38
:105240001E44A1EB0301B6D10AF1010A14325AE758
:10525000044E62E6044E60E60448002E3FF419AEA8
:1052600049E600BF3414C1203615C3000090D003B6
:10527000F7B504460F460AF06EFFD4F8905004F1DB
:10528000300635F000751AD14FF00073304684F8BF
:105290009450C4F89030FBF7B7FA01463046FBF75C
:1052A000E5FA94F87530202B0CD06FF001052046FC
:1052B0000AF049FFA81E18BF012003B0F0BD434803
:1052C00009F0B6FD94F87430012BEED00123D4F828
:1052D0009020A76584F87430212384F8753010235A
:1052E00084F876300223A567A4F85E30384B226636
:1052F000A366B4F85E309BB2FF2B19D9FF23A4F844
:105300005C304FF08073616E112904D1AA2A02D05B
:10531000B2F52A4F19D1226EAA2A0FD10022226695
:10532000B4F85E2092B2FF2A00D8236E294A0DE01D
:10533000B4F85E30A4F85C30236EE4E7226EB2F578
:105340002A4FEDD14FF00072E9E7002200921021C0
:1053500094F85C2004F13400FBF70CFD00231E4A96
:1053600084F87430A36E934203D01C4A934218BF52
:10537000F225626B13681D43194B15601D68D4F844
:105380008430B5FBF3F35A255D4394F8943013F061
:105390001E0F01D1013D12D1B4F98E10B4F98C0069
:1053A000FDF7AAF80846FDF7A7F81DB194F8943068
:1053B000082B08D000213046FFF702FC75E70120DA
:1053C000FCF788FFE1E7022571E700BFDD950108E2
:1053D000775A000800200080995B0008ED5600080D
:1053E00000000024F8B590F841300446602B4FF0DF
:1053F000000317D1202280F84030B0F95A1080F80D
:105400004120026803631368B0F9580023F0FE03DB
:105410001360FDF771F80846FDF76EF8022384F873
:105420006030F8BD90F86C60071F036380F840306F
:1054300006B18668656C0021384615F0040518BF72
:105440001425FFF7BDFB86B102232046A66084F831
:105450006C30FBF79DFD3846FBF7D6F90146384620
:10546000FBF704FA2046FBF749FD45F00205EDB2D3
:1054700084F86050D5E7806B836B0BB100221A650E
:10548000C36B0BB100221A65FFF7ACBF70B5344A8D
:10549000002590F84130044680F84250283BC26213
:1054A0004585426C022B41EA0201416428D8032160
:1054B000FBF706FC282380F841302A4BA06B63637E
:1054C000236B78B3112B01D0212B2BD123681A68C1
:1054D000510403D51A6822F480421A6090F83530DE
:1054E000012B1AD0204B0365002384F84030FBF7D2
:1054F00099FD002833D0A06B036DBDE870401847BC
:1055000048F20301FBF7DCFB90F84130602B02D03E
:10551000202380F841300023D0E72046BDE87040CA
:10552000FFF760BFE06B0028F7D0122B01D0222BD1
:10553000F3D123681A68120403D51A6822F40042D2
:105540001A6090F83530012BE7D0074B0365002334
:1055500084F84030FBF766FD08B1E06BCCE770BD26
:105560000000FFFF7958000877540008F8B5036879
:10557000202204460E461F6890F84150DA6105F07B
:10558000F705212D73D148F20101FBF799FB256343
:10559000236820465A6842F400425A605A6822F052
:1055A000FF7222F48B3222F4FF7222F001025A6061
:1055B000FBF76AFC79045FD52268136823F4804303
:1055C0001360A36B2BB31B68464A93421ED018325C
:1055D00093421BD01832934218D01832934215D000
:1055E0001832934212D0183293420FD0183293429D
:1055F0000CD01832934209D002F55672934205D06E
:105600001832934202D018329342FFD05B689BB2AB
:105610006385730710D5236826F004065A6A636A07
:105620001A70636A01336362238D2BB1013B2385BA
:10563000638D013B9BB26385638D9BB21BB1636C31
:1056400043F004036364002384F84230656C6363B1
:10565000DDB1616C2046FFF719FF94F84130282B2B
:105660003FD131462046BDE8F840FBF75BBC222D18
:105670008ED148F2020188E73A04CAD5226813683D
:1056800023F400431360E36B9CE7E36A13F5803F68
:1056900015D02046FBF7ECFD134B84F84050E36235
:1056A000202384F8413094F86C302563022B01D11B
:1056B00084F86E502046BDE8F840FBF71FBC94F814
:1056C000413084F84050222B4FF0200384F84130C1
:1056D000256304D12046BDE8F840FBF757BD84F8A8
:1056E0006D50F8BD100002400000FFFFF8B590F8C3
:1056F000403004460E461546012BC76A00F0B780BD
:1057000001238A0680F8403003D5AB0601D5FFF7A8
:105710002DFFF20640F1A380EB0640F1A080E90BDB
:10572000A80B41EA9535ED0740F19580E26B52B345
:1057300011F0010326D013684E4A93421ED018324E
:1057400093421BD01832934218D01832934215D08E
:105750001832934212D0183293420FD0183293422B
:105760000CD01832934209D002F55672934205D0FC
:105770001832934202D018329342FFD05B68B3FADA
:1057800083F35B091A46A36B4BB3C10727D51B688C
:1057900038498B421ED018318B421BD018318B42B6
:1057A00018D018318B4215D018318B4212D01831D5
:1057B0008B420FD018318B420CD018318B4209D05C
:1057C00001F556718B4205D018318B4202D0183149
:1057D0008B42FFD05B68B3FA83F35B090BB9012AF4
:1057E0001FD194F84130282B0AD1B7F1007F07D19F
:1057F00031462046FBF796FB002084F84000F8BDB8
:1058000094F841202368292A4FF01002DA61F3D17D
:1058100017F5803FF0D02046FBF736FBFBF728FD5D
:10582000EAE723681022DA6137F08072636C43F094
:105830000403636494F84130DBB2DDD103F0F70375
:10584000212B01D1236301E0222BFBD0616C204688
:10585000FFF71CFED0E723681022DA61CCE732079D
:10586000CAD52B07C8D52046FBF74BFAC4E7022060
:10587000C5E700BF10000240F8B590F8403004467C
:105880000D461646012BC76A7DD001238A0680F893
:10589000403003D5B30601D5FFF768FEE80634D5DE
:1058A000F10632D5638D9BB203BB94F84130282BAF
:1058B0000AD1B7F1007F07D129462046FBF732FB1A
:1058C000002084F84000F8BD94F841202368292A7C
:1058D0004FF01002DA61F3D117F5803FF0D0204687
:1058E000FBF7D2FA2046FBF7C3FCE9E72368102256
:1058F000DA61636C43F00403636437F08073DFD1D3
:10590000616C2046FFF7C2FDDAE76A071AD5730714
:1059100018D5638D9BB26BB123685A6A636A1A709B
:10592000636A01336362238D013B2385638D013BF1
:105930009BB26385638D9BB2002BC1D117F5803F6D
:10594000BED0CFE7280705D5310703D52046FBF7A2
:10595000D8F9B5E7AA07B3D5B307B1D5638D9BB224
:105960006BB1636A226813F8011B91626362638DF5
:10597000013B9BB26385238D013B2385A0E737F074
:105980008073AFD09CE702209DE737B503682022E3
:1059900004460D46DA6190F84130212B37D10121C0
:1059A000FBF78EF9112323632368E9065A6822F076
:1059B000FF7222F48B3222F4FF7222F001025A604D
:1059C0004FF000026263A2F58032E26205D5102238
:1059D000DA61626C42F00402626494F84120602A49
:1059E00005D16A0703D55B6ADBB20193019B2046B0
:1059F000FBF74AFA636C94F84120602A00D07BB12F
:105A0000616C204603B0BDE83040FFF73FBD90F821
:105A10004130222BC8D10221FBF752F91223C2E7F1
:105A200094F84120212A12D1202284F8403084F8B1
:105A30004120236394F8422084F84230402A01D167
:105A400003B030BD03B0BDE83040FBF7A7B994F810
:105A50004120222AF4D1202284F8403084F84120C9
:105A6000236394F8422084F84230402AE8D0082387
:105A700084F86030E4E773B590F8403004460D4692
:105A80001646012B00F086800123CA0680F84030BC
:105A900017D5F30615D503681022DA61436C43F07D
:105AA00004034364FBF7F0F9AA0605D5B30603D552
:105AB00029462046FFF769FF002084F8400002B025
:105AC00070BD680712D5710710D5236825F004054D
:105AD0005A6A636A1A70636A01336362238D013BF9
:105AE0002385638D013B9BB26385DDE7AA0707D55C
:105AF000B30705D5636A226813F8011B9162ECE7CE
:105B0000280632D5710630D5638D22689BB203B367
:105B1000208DF0B95168638DC1F309019BB2FF2B51
:105B200008D9FF224FF08073009022852046FBF7B2
:105B300021F9B9E7628DE36A92B213F5803F2285BD
:105B4000D2B202D0E36A0090F0E74FF00073009009
:105B5000ECE753689A0103D42046FBF7A3F9A3E7C7
:105B600040212046FFF792FC9EE76B069CD570060D
:105B70009AD5638D9BB2002BF2D123685A689101AC
:105B800092D4E26A12F5803FE6D15A6842F480422C
:105B90005A6089E7022092E713B590F84030044636
:105BA000012B00F08780012380F84030CB061ED502
:105BB000D0061CD5102322683F49D361636C43F0A3
:105BC00004036364636B8B420FD03C498B420CBF70
:105BD00060232023116820460B431360FBF754F920
:105BE000002084F8400002B010BD6023F2E70B06ED
:105BF00043D5500641D523681A6822F040021A6046
:105C0000628D92B26AB35968638DC1F309019BB288
:105C1000FF2B1BD9FF2323854FF0807300222046E2
:105C2000009294F82820FBF7A5F8638D228D9B1A2B
:105C30009BB2638594F84130222B23681A680CBF0D
:105C400042F4004242F480421A60C9E7638D238522
:105C5000E36A13F5803F01D0E36ADFE74FF000739A
:105C6000DCE75B689A0103D42046FBF71BF9B7E732
:105C700040212046FFF70AFCB2E74B0612D550063A
:105C800010D5638D9BB2002BF2D123685A68920124
:105C9000A6D4E26A12F5803FE6D15A6842F4804207
:105CA0005A609DE788069BD5930699D52046FFF755
:105CB0006CFE95E7022096E7995B0008ED56000818
:105CC000036899691A6810B4CC0508D5140606D57E
:105CD000446C44F0010444644FF48074DC614C056E
:105CE00008D5140606D5446C44F0080444644FF407
:105CF0008064DC61890508D5120606D5426C42F045
:105D0000020242644FF40072DA61416C11F00B0F31
:105D100003D05DF8044BFFF7B9BB5DF8044B704747
:105D2000054B07B518680190FBF7E0F8019803B040
:105D30005DF804EBFFF7C4BF1C100024054B07B54A
:105D400058680190FBF7D2F8019803B05DF804EBB6
:105D5000FFF7B6BF1C100024054B07B598680190EB
:105D6000FBF7C4F8019803B05DF804EBFFF7A8BF98
:105D70001C100024054B07B5D8680190FBF7B6F856
:105D8000019803B05DF804EBFFF79ABF1C100024E4
:105D9000854A136803F00F038B422DE9F041044656
:105DA0000D46C0F0888023685F0700F192801E07CF
:105DB0000BD57E496669C86900F07000864204D937
:105DC000CA6922F070023243CA61D8060BD57749FE
:105DD000A669C86900F4E060864204D9CA6922F461
:105DE000E0623243CA6199060BD57049E669086AD8
:105DF00000F07000864204D90A6A22F07002324331
:105E00000A629A070BD56949E668886900F00F00B5
:105E1000864204D98A6922F00F0232438A61DF0781
:105E200065D423689E0700F197805F490A6802F0F5
:105E30000F029542C0F09E80580700F1A680190716
:105E40000BD55A496569C86900F07000854204D2D3
:105E5000CA6922F070022A43CA61DA060BD5534997
:105E6000A569C86900F4E060854204D2CA6922F4D9
:105E7000E0622A43CA619B060BD54C4AE069116A6D
:105E800001F07001884204D2136A23F070030343C7
:105E90001362FEF71BFA454A93699269C3F3032321
:105EA000434AD35C03F01F03D840424B1860FEF70F
:105EB000EFFD00200BE0136823F00F030B4313608A
:105EC000136803F00F038B423FF46DAF0120BDE870
:105ED000F08136492669886900F0700086427FF6B5
:105EE00066AF8A6922F0700232438A615FE72F4B06
:105EF000A1689A6922F470620A439A6162681B6819
:105F0000022A1CD113F4003FE0D0284E41F2883819
:105F1000336923F0070313433361FCF737FB07466C
:105F20003369626803F03803B3EBC20F3FF479AF13
:105F3000FCF72CFBC01B4045F2D90320C7E7032A1E
:105F400002D113F0007FDFE7012A02D113F4807F32
:105F5000DAE713F0040FD7E71449E668886900F020
:105F60000F008642BFF461AF8A6922F00F0232430C
:105F70008A615AE70A6822F00F022A430A600A6817
:105F800002F00F029542A1D156E7084925698869B8
:105F900000F070008542BFF452AF8A6922F07002AF
:105FA0002A438A614BE700BF002000520044025898
:105FB0000497010800000024F8B503680446D807D8
:105FC0005FD42368990700F1B1802368DA0628D5E9
:105FD000AC4B1A69996A02F03802082A07D0182ACD
:105FE00040F0118101F00302012A40F00C811B688E
:105FF000DB0502D5E369802B56D1A34B216A1A68D1
:1060000041F20303B3EB124F9E4BC0F0F5805A6888
:10601000202922F0F8420CBF42F0804242EA81621D
:106020005A602368190700F1338123689A0600F14A
:10603000548123685D071ED5944D2B6843F480730B
:106040002B60FCF7A3FA06462B68DA0540F16A815B
:10605000A3688C4D012B40F06C812B6F43F0010342
:106060002B6741F28837FCF791FA864E0546336F6D
:106070009B0740F18481606A002840F087810020FE
:106080002AE0804B1A69996A02F03802102A05D07A
:10609000182A0BD101F00302022A07D11B689A03C8
:1060A0008FD56368002B8CD1012015E06268B2F5B2
:1060B000803F12D11A6842F480321A60FCF766FA07
:1060C000704E054633689B033FF57BAFFCF75EFAE5
:1060D000401B6428F6D90320F8BD6A4D2B689AB995
:1060E00023F480332B602B6823F480232B60FCF790
:1060F0004DFA06462B689F037FF563AFFCF746FA1F
:10610000801B6428F6D9E6E7B2F5A02F07D143F447
:1061100080232B602B6843F480332B60CEE723F47D
:1061200080332B602B6823F48023F6E7554B1A69E4
:10613000996A12F0380203D0182A20D18E071ED196
:106140001B685D0702D5E368002BADD04E4B21697B
:106150001A6841F20303B3EB124F4A4B5A6809D352
:1061600022F47C3240290CBF42F4003242EA013270
:106170005A602AE722F0FE4242EA0162F8E7E1684B
:106180001A6841B322F019023E4D0A431A60FCF727
:10619000FDF906462B68580712D53B4B2269196852
:1061A00041F20303B3EB114F6B680FD323F47C333D
:1061B000402A0CBF43F4003343EA02336B6004E728
:1061C000FCF7E4F9801B0228E4D984E723F0FE43BE
:1061D00043EA0263F2E722F001022A4E1A60FCF75A
:1061E000D5F90546336859077FF5EFAEFCF7CEF9D0
:1061F000401B0228F6D96EE7DA6822F07C5242EAA8
:106200000162DA600DE7E26952B31A681D4D42F08F
:1062100080021A60FCF7BAF906462B68DF0512D532
:10622000194B226A196841F20303B3EB114F10D3E3
:106230006B68202A23F0F8430CBF43F0804343EA05
:1062400082636B60EDE6FCF7A1F9801B0228E4D9BC
:1062500041E7EB6823F07C5343EA0263EB60E0E63E
:106260001A68084E22F080021A60FCF78FF9054682
:106270003368D8057FF5D5AEFCF788F9401B0228B6
:10628000F6D928E7004402580010005C0048025884
:106290006369964D83B16B6F43F001036B67FCF745
:1062A00075F906466B6F9B073FF5BFAEFCF76EF9BD
:1062B000801B0228F6D90EE76B6F23F001036B6792
:1062C000FCF764F906466B6F9F077FF5AEAEFCF7EF
:1062D0005DF9801B0228F6D9FDE6A369834D83B1E1
:1062E0002B6843F480532B60FCF750F906462B686B
:1062F00098043FF59EAEFCF749F9801B0228F6D9B9
:10630000E9E62B6823F480532B60FCF73FF906463F
:106310002B6899047FF58DAEFCF738F9801B0228B5
:10632000F6D9D8E6FCF732F9801B64287FF68CAEEC
:10633000D1E6B3B92B6F41F2883723F001032B6705
:106340002B6F23F004032B67FCF720F906462B6F15
:1063500098077FF590AEFCF719F9801BB842F6D983
:10636000B9E6052B2B6F03D143F004032B6774E6CA
:1063700023F001032B672B6F23F0040370E6FCF777
:1063800005F9401BB8427FF672AEA4E6574D2B6963
:1063900003F03803182B7AD02B68022823F080737F
:1063A0002B6067D1FCF7F2F806462B6899015BD4A5
:1063B000AB6AA26A23F47C7323F003031343E26AFB
:1063C00043EA0213AB62636BA26B013B013A5B02CF
:1063D00012049BB202F4FE021343226B013AC2F391
:1063E00008021343E26B013A120602F0FE42134325
:1063F0002B63EB6A23F00103EB626B6BA26C23F45B
:106400007F4323F0F80343EAC2036B63EB6A226C19
:1064100023F00C031343EB62EB6A626C23F002037C
:106420001343EB62EB6A43F48033EB62EB6A43F4B1
:106430000033EB62EB6A43F48023EB62EB6A43F0D8
:106440000103EB622B6843F080732B60FCF79EF82E
:10645000264D04462B689A013FF511AEFCF796F8DD
:10646000001B0228F6D936E6FCF790F8801B0228BC
:106470009BD930E6FCF78AF804462B689B017FF530
:10648000FEADFCF783F8001B0228F6D923E60128AD
:10649000AA6A2B6B3FF420AE02F00301A06A81428E
:1064A0007FF402AEC2F30512E16A8A427FF4FCADCA
:1064B000226BC3F30801013A91427FF4F5AD626BA0
:1064C000C3F34621013A91427FF4EEADA26BC3F3D0
:1064D0000641013A91427FF4E7ADE06BC3F30663F6
:1064E0000138181A18BF0120F6E500BF0044025811
:1064F0002C4B4FF4165210B59A60C4B01A682A4B50
:106500009A424CD10021BC2215A8042410F03EFE72
:10651000264B1494196F11F0020113D1482202A8DE
:1065200010F034FE0123019403930A93204C214B75
:10653000D4F88C209A42FBD101A8FFF73DFD4FF41F
:106540004073E360194B1B6F9B0710D5184C194B18
:10655000D4F88C209A42FBD1052314A83993FDF777
:10656000B7F94FF44073E360FDF7FAFF38B1012348
:1065700014A83993FDF7ACF9FDF7F2FF08B944B060
:1065800010BD00230A4C39930A4BD4F88C209A4250
:10659000FBD114A8FDF79CF94FF44073E360FDF7BD
:1065A000DFFFECE76C120024000C00580044025896
:1065B000006402580003008030B5C5B048220021B5
:1065C00002A810F0E3FDC022002114A810F0DEFDA7
:1065D0004E4B1A68002A40F0968001224C4D1A60FA
:1065E0004C4A136843F4807313604B4BD5F88C20EE
:1065F0009A42FBD1082301A8019300230A930123A7
:106600000693FFF7D9FC10B1444808F011FC444C44
:1066100014A8236923F47C532361236F43F400738C
:1066200023674FF4800314934FF400734193FDF7F5
:106630004FF908B13B48E8E74FF440737F21F92256
:10664000EB60236F43F400432367374C374B84F8E8
:1066500021002360606020616061C4E9021294F847
:106660002120C4E9060002F0FF010AB984F82010D5
:10667000022284F82120CA225A6253225A62FCF76D
:10668000B7F808BB22682069936823F4E00323F07D
:1066900040039360636891680343A06903430B431D
:1066A0009360D4E9021343EA01431361FCF77AF8DB
:1066B00050B922686569D36C23F00303D364E3699E
:1066C000D16C2B430B43D3642368FF255D6240B933
:1066D000012194F820208A4284F8211003D1144823
:1066E00093E7144891E7022284F82120CA225A62D3
:1066F00053225A629A6842F020029A605D6284F8DE
:10670000200084F8211045B030BD00BF3C0E0024AD
:1067100000640258004802580003008003960108F4
:106720000044025823960108400E002400400058FF
:10673000679601084C960108764B70B51C68C4B08A
:106740001CB1FBF7EDFE44B070BD0125C02221460F
:1067500014A8714E1D6010F019FD4C22214601A8AD
:1067600010F014FD337833B304230A940193052306
:106770000393802314934FF4C0433C936749684BC1
:10678000D1F88C209A42FBD101A8FFF715FCD8B1B3
:106790000023082201A833700A938023019201226A
:1067A00014934FF4004306923C93FFF705FC58B155
:1067B0005C4808F03DFB08220A938023069501926D
:1067C00014934FF40043D8E714A8FDF781F808B1FB
:1067D0005548EEE7554B4FF6FF755549D3F8F42071
:1067E00042F40062C3F8F420D3F8F42002F400620B
:1067F0000092009AD3F89C2042F40062C3F89C20D7
:10680000D3F89C2022F40062C3F89C20D3F8A8207F
:1068100042F40062C3F8A820464A136843F4801388
:106820001360136C23F4801313644FF440723B4BDA
:10683000DA604FF48022404B83F8360093F83640FC
:106840001960D8611863C3E90552C3E901001A460B
:10685000C3E90300C3E90800C3E90A000B460CB909
:1068600082F835000224354982F83640DD68294037
:10687000D9600123324982F83630324B9B68C3F825
:106880007012BFF34F8F1368996841F0010199604E
:10689000996841F008019960516882F836400129F1
:1068A00007D0916AB1F5000F03D1D96821F4606176
:1068B000D960196944F6206441F001011961102181
:1068C00059604FF6FF7199611F490968B1FBF4F4F3
:1068D0004FF47A71614301391C6808BF0320E40654
:1068E00001D40029F7D1032806D0196941F0040129
:1068F0001961012182F8361008225A6000225A617B
:106900001A681207FCD508225A6001220F4B1A7030
:1069100019E700BF000E002440190024006402584B
:1069200000030080819601089A96010800440258ED
:10693000002C005890000058040E0024FEF119FFAE
:106940000919000800ED00E00000002431100024C7
:1069500090F8BC230368012A21D0012280F8BC23CF
:10696000826A012A06D18269012A03D09A6B42F415
:1069700080329A639A6842F001029A60D3F8002E3E
:1069800022F00302C3F8002ED3F8042822F00202FA
:10699000C3F80428002380F8BC331846704702204F
:1069A000704700002DE9F74F0023DFF8BC81DFF8C6
:1069B000BCC14FF0B0490A6832FA03F402D103B007
:1069C000BDE8F08F01279F403A4000F0B6804C6848
:1069D0004FEA430E032524F0100A05FA0EF50AF1DA
:1069E000FF36ED43012E10D8866806EA050BCE6807
:1069F00006FA0EF646EA0B068660466826EA0707A0
:106A0000C4F300169E4037434760C768BAF1020FCF
:106A10008E6807EA050706FA0EF646EA0706C6601C
:106A200014D14FEAD30A03F0070B0F2700EB8A0AB1
:106A30004FEA8B0BDAF8206007FA0BF726EA070714
:106A40000E6906FA0BF63E43CAF820600668354028
:106A500004F0030606FA0EFE4EEA05050560E500A1
:106A60006BD5D8F8F45023F0030603F003074FF07A
:106A70000F0E45F0020506F1B046BF00C8F8F4500D
:106A800006F58066D8F8F45005F002050195019DE1
:106A90000EFA07F5D6F808A02AEA050E314DA842ED
:106AA0004DD005F58065A8424BD005F58065A8421C
:106AB00049D005F58065A84247D005F58065A84214
:106AC00045D005F58065A84243D005F58065A8420C
:106AD00041D005F58065A8423FD005F58065A84204
:106AE0003DD005F58065A8420CBF09250A25BD40AB
:106AF000E70345EA0E05B5606FEA0206DCF80050D0
:106B000054BF35401543A703CCF80050DCF80450BF
:106B100054BF35401543E7024FF0B047CCF804505E
:106B2000D9F8005054BF35401543A4023D607D683C
:106B300054BF35401543C9F8045001333BE70025E5
:106B4000D5E70125D3E70225D1E70325CFE70425C3
:106B5000CDE70525CBE70625C9E70725C7E70825C3
:106B6000C5E700BF000002580044025880000058EA
:106B70000A4BDA6842F00102DA60DA68D2070BD514
:106B8000D3F80C2142F00102C3F80C21D3F80C0118
:106B9000C04300F001007047012070470020005200
:106BA000104BDA68D20706D40E4BD3F80C0110F064
:106BB00001000AD170470C4A5A6002F188325A60CB
:106BC000DB68DB07F0D501207047074AC3F80421D2
:106BD00002F18832C3F80421D3F80C0100F001005F
:106BE000704700BF002000522301674538B50446B6
:106BF000FBF7CCFC05460134FBF7C8FC431BA34262
:106C0000FAD338BDF0B5A5B020220021044609A86A
:106C100010F0BCFA4C22002111A810F0B7FA564B24
:106C20009B6A03F00303022B34D0534B0227534ECD
:106C30000025D3F8E02004A9304642F08002C3F8D2
:106C4000E020D3F8E030079503F080030393039B23
:106C50000123CDE904730693FFF7A4FE0A20FFF792
:106C6000C5FFB761FBF7C4FC454BF4B90194DA6A80
:106C700022F00102DA62DB6A03F001030193414B67
:106C80009A6942F440429A619B6903F4404301933C
:106C9000019B1FE0012109A8CDE90911FFF778F850
:106CA0000028C2D0002025B0F0BD0295DA6A22F09B
:106CB0000102DA62DB6A334A03F00103029393694B
:106CC00023F4404343F480439361936903F44043C6
:106CD0000293029B2B4A93699D04FCD521214FF41A
:106CE000A0230522002C4FF0080511A81C920CBF10
:106CF000A02228222195CDE9111301231D92002203
:106D00001793022323921E9320932292CDE91A33E4
:106D10000A231F93FFF750F901460028C2D13F22F2
:106D20000323CDE9092340234FF48062CDE90B050D
:106D3000CDE90E320D931093E4B109A8FFF728F8BE
:106D40000028AFD10C4B01201A6842F080021A6073
:106D5000D3F8F42042F00202C3F8F420D3F8F43060
:106D6000074A03F002030093009B136A43F00103F8
:106D7000136298E70421E0E700440258001C02581F
:106D8000000400580048025808B50120FFF73AFFF8
:106D900010B9024808F04CF808BD00BFBB960108C6
:106DA00073B505460C200E46019207F0E7FA002362
:106DB0002946019A0446C0E90133074B0360FAF7FC
:106DC00063FB054630B1236820465B689847284638
:106DD00002B070BD3460FAE7149A010873B5054635
:106DE0000C200E46CDE9003207F0C8FA0021044617
:106DF000C0E901110849DDE9003201602946FAF7CE
:106E0000E5FA054630B1236820465B689847284676
:106E100002B070BD3460FAE7409A010803682DE9BA
:106E2000F041DB6E04460D469847804640F2011063
:106E300007F0A4FA2368002706461B6F2946204660
:106E4000984723683246294620465B6E98470028BB
:106E500001DD0137F5E723684246294620469B6E4F
:106E60009847304610F02CF93846BDE8F081000014
:106E700010B50446EFF3058313B16FF0050010BDA4
:106E800008F0DEF90028F8D120464FF0FF31DFF896
:106E900008C000DFF3E700BFE9CE00080368013354
:106EA000036000207047F7B5089F0E460468194636
:106EB000C0690023256800970027E0FB06232046D1
:106EC00001976D69A84703B0F0BDF7B5089F0E465E
:106ED00004681946C0690023256800970027E0FB75
:106EE000062320460197AD69A84703B0F0BD37B52A
:106EF0000468C36900202268009301902046D56988
:106F0000A1FB0323A84703B030BD006803681B69D9
:106F10001847002807DC10F1160F04DA10F1340FBF
:106F200008BF6FF08900704770B50A440E4E0368C1
:106F300093FAA3F393FAA3F30360914212D011F8EA
:106F4000014B84EA030505F00F0556F8255085EA44
:106F5000131383EA141404F00F0456F8244084EA4F
:106F60001313EAE7036070BD789D010843798279C5
:106F70000433C0791344184470470B6810B5046893
:106F80009C4209D040684A68904205D0944203D0A0
:106F9000181A18BF012010BD0020FCE70368013358
:106FA00004D04068431C5842584170470120704744
:106FB00003681A6AC36AD31A1944B1FBF2F302FBDD
:106FC0001311036B8B4210B50BD94C09C26B012313
:106FD00001F01F0103FA01F152F824300B4342F88B
:106FE0002430002010BD036808461847036910B517
:106FF000044613B150F8041B9847204610BD38B51D
:10700000036804460D46DB6F984723682D692046C8
:10701000D3F880309847284638BD38B50368044611
:107020000D46DB6F98472368ED682046D3F8803023
:107030009847284638BD38B5036804460D46DB6FCF
:10704000984723686D692046D3F8803098472846D2
:1070500038BD03680122D3F88430184708B5064BC1
:1070600053F820000368DB6A984780B2B0F5007FD0
:1070700038BF4FF4007008BD981A002473B5104E45
:1070800005460C4656F82030BBB1FFF7E7FF2368F2
:107090006468024656F8250001340168E41AA4FB2E
:1070A0000245A2FB0323CDE90045096A8847002871
:1070B00014BF0420002002B070BD0320FBE700BF16
:1070C000981A00242DE9FF4716461C468046DFF833
:1070D00044900391FFF7C2FFA0FB0667A0FB0445A5
:1070E00059F8280032460368CDE90045D3F81CA0C2
:1070F0003B46D04750B959F82800324603990368F7
:10710000CDE900459C693B46A04700B1042004B08E
:10711000BDE8F087981A00247FB5164605461C4640
:107120000391FFF79BFF0A4A0346039952F8250093
:10713000A3FB04450268CDE900455469A3FB06237F
:10714000A047002814BF0420002004B070BD00BF79
:10715000981A00240A4B37B5044653F820000368F8
:107160009B6B9847054620460191FFF777FF002368
:1071700002460199284612F05DF903B030BD00BF08
:10718000981A002413289ABF014B185640427047A2
:10719000E29B0108036800229B6F184702461F4BC1
:1071A0001F4980B2B2F5805F28BF0B46F0B51C1DA9
:1071B00034F8043C2146ABB1984213D334F8025C56
:1071C0002E12EFB253FA85F5AA4221DA082E09D819
:1071D000DFE806F005090F11131517191B00D31A64
:1071E00034F81300F0BDC31A03F00103C01A80B2D3
:1071F000F8E71038FBE72038F9E73038F7E71A38B6
:10720000F5E70830F3E75038F1E7A0F5E350EEE793
:107210000434002ECCD101EB4703C8E7509F01088E
:1072200042A101080749002310B531F8024B9AB278
:10723000844203D00133802BF7D11A4602F180003B
:10724000C0B210BD769C010813128A76CB76037803
:10725000032B01BF120C0A7512124A7570470328DE
:10726000CA7E8B7E08BF487D43EA022302BF0A7DA7
:1072700042EA002243EA02431846704760B10368BD
:107280005BB11A785AB18088DA88904216BF09201B
:10729000002000230B60704703460920FAE709200D
:1072A0001346F7E7026810B504465AB1114611F8C3
:1072B000013B1F2B11D93A2BF9D11378303BD8B2AF
:1072C000092802D94FF0FF3006E002329142F9D18D
:1072D000032B1846F6DC216010BD0020FCE7036A92
:1072E0000239023B8B4283BF4389406B01FB0300A1
:1072F0000020704738B5C378044613B900252846E6
:1073000038BDD0E90E2101234078FFF7DBFE0546AA
:1073100080B9A16BE36A626ACB1AE0709342EDD246
:10732000A378022BEAD10A440123E16B6078FFF7CE
:10733000C9FEE4E70125E2E70B0A017043700B0C7C
:10734000090E8370C170704742884378007843EA21
:10735000022340EA032070472DE9F0470027D0F8C8
:10736000009006460C468F758369002B00F0A180C3
:10737000C36A013303D100232E251A4648E0B846DC
:107380003D4613E0B0F5803F2DD2FFF74BFFFF28BD
:10739000034626D9BAF1010F25D963190212D8750F
:1073A0009A7502231D44002002378046D9F8103018
:1073B000D85BC8B1B8F1000F05D100F5205292B2E8
:1073C000B2F5006FF0D340EA0840C5F1FF0A7F280C
:1073D000D8D883B2BAF1000F0FD062199375012388
:1073E000E0E70028F6D10025B8F1000F4FF00003C8
:1073F00018BF00252544AB75BDE75546F4E70B2BB8
:1074000003D81A46531C224451720B2814D002464A
:10741000F169501C895C2029F7D0052908BFE521B6
:107420000928ECD10B2BF2D804EB030703F101027E
:107430007D72E7D11346EAE7E21800215172A27D7E
:1074400012BBBBB16FF0080504F1090208202D1B27
:10745000AB1812F8011B81B12E298BB22BD0A3F1EE
:107460004101192904D8F169097B084200D0203371
:107470001373EDE73F23A3750123234400229A757C
:10748000F3691B7B03B96372F369DB7A03F03F0393
:107490002372F16901F11C00FFF756FF2060CA7DDD
:1074A0008B7D43EA0223E3804A7E0B7E43EA02237C
:1074B000A380BDE8F0871020DAE713B50C46A430AE
:1074C000019006F0CBFEA469019807F027FF204643
:1074D00002B0BDE81040FFF71CBD37B50D46A43023
:1074E000019006F0BBFEEB696C6913F4003F019854
:1074F00003D02B6A9C4238BF1C4607F00FFF204682
:1075000003B0BDE83040FFF704BD13B50C46A4300E
:10751000019006F0A3FE246A019807F0FFFE2046C2
:1075200002B0BDE81040FFF7F4BC10B50C4682690C
:10753000FF21A0680FF02AFE4FF0FF33236010BD3B
:1075400037B50546A4300C46019006F087FE05F1DC
:1075500024026B6A01981BB19C420DD12368136011
:1075600007F0DCFE14B120460FF0AAFD002003B0A6
:10757000BDE83040FFF7CDBC1A461B68EBE7036857
:107580009B6A10B5044613B9C0690FF099FD2368D2
:10759000DB6A13B9A06A0FF093FD23681B6B23B954
:1075A000E06BBDE810400FF08BBD10BD70B500F171
:1075B000A4060546304606F051FED5F8904064B169
:1075C00005F11400FFF7DBFFD5F890000368DB68D6
:1075D000984700230446C5F89030304607F09EFED9
:1075E000204670BD036873B50C46DB6F06469847AE
:1075F00001A92046FFF742FE054600B92060336826
:107600003046D3F88030984714B120460FF058FD2B
:10761000284602B0BDE87040FFF7B4BD08B10FF0D6
:107620004FBD704738B58B6A04460D460160CBB13B
:10763000C361EB6A13B3A36204F120012846FFF78C
:1076400074FF4FF0FF33636123681A6BEAB1E263A2
:1076500000204FF0FF33C4E90300C4E90133A4F86C
:10766000400038BD48690FF023FDE0610028E0D1FB
:107670002046FFF784FF6FF00B00F2E7A8690FF0D8
:1076800017FDA0620028D7D1F2E7586AC0080FF0B2
:107690000FFDE0630028DBD1EAE72DE9F341054661
:1076A0000191FFF727FE044680BB01992846FFF7AA
:1076B00016FE2146A8630746AA89E86B0FF066FD0F
:1076C0006C89AE897443B4F5004F28BF4FF4004471
:1076D000A6421DD220460FF0EBFC804638BB640862
:1076E000F6E72346BA1941466878FFF7EBFC18B96C
:1076F00026446B89B342F4D840460FF0E1FC688918
:10770000801B18BF012002B0BDE8F0810120FAE71C
:10771000EC6B00266B89B342F1D90123BA192146DB
:107720006878FFF7CFFC0028E9D10136F2E722465E
:1077300000210FF02BFDB4FBF6F40026D9E7000082
:107740000C4B03F10802883310B504460260436015
:10775000FFF72CFFD4F8A4000BF0DAF8064B204614
:1077600003F108023433226040F8043F08F082FB42
:10777000204610BDC09E0108589E0108A0F10400DB
:10778000FFF7DEBF10B50446FFF7DAFF20460FF023
:1077900097FC204610BDA0F10400FFF7F3BFF7B53A
:1077A0000C460968064617464B1C21D000688369C1
:1077B00000938568D4E90123A847054620B937B965
:1077C00021463068FFF7B1FE284603B0F0BD3368AC
:1077D000394630469B690193A3680093D4E900239E
:1077E000FAF70AFD002805DBEAD16FF03305EBE775
:1077F0000025E9E70546E7E72DE9F74F0C9C07462A
:107800000D4691469846DDF838A0BAF1000F03D135
:10781000504603B0BDE8F08F2B6838684345826955
:1078200028D16B68A34225D803EB020BA34521D9CD
:10783000ABEB040BE01AAB68D3450D99184428BF95
:10784000D3465A465C440FF093FC0D9B5B44AAEB75
:107850000B0B0D933B689A69B4FBF2F302FB1343E5
:1078600033B94A4629463846FFF799FF0028D0D158
:10787000DA46CAE7B4FBF2F302FB13434BBB924573
:1078800027D34146BAFBF2F302FB13AB2246AAEB25
:107890000B0ACDF800A083681E460D9BB047002858
:1078A000B7D1B9F1000F04D10D9B544453440D934B
:1078B000DEE70D9B42464946384600932346CDF805
:1078C00004A0FAF799FC0028A3DBEDD16FF0330098
:1078D0009FE7E31AD346C5F800806B60C8E7000055
:1078E00008B5034808F09AF9BDE8084007F016BD4E
:1078F000B40F002408B5034808F090F9BDE808402B
:1079000006F0ACBCB40F002470B50446FFF7F2FCDF
:10791000054600283FD12378032B35D12679012E47
:1079200032D10146A289E06B0FF030FCE36B5522A7
:107930004121722083F8FE21AA2283F8FF215223DD
:10794000E26B137053706123D1709370E26B82F815
:10795000E73182F8E40182F8E50182F8E611E06B94
:10796000A16900F5F470FFF7E7FCE06B616900F5D1
:10797000F670FFF7E1FCA26A3346E16B01326078F2
:10798000A263FFF79FFB25716278034B53F8220037
:10799000B0FA80F0400970BD981A002437B51E482F
:1079A00008F03CF906F05AFCF8F748FE78B91A4896
:1079B00008F034F906F052FCFEF7FEFD002000212D
:1079C000FAF738FF144808F029F907F0A7FCF8F790
:1079D0003DFE054610480C4608F020F907F09EFCD5
:1079E0006846CDE900540FF0E5F9D0E90232DB0238
:1079F00043EA0243426843EA4213026802EBD2724E
:107A000043EA620342690069503A013043EA426343
:107A100043EA405003B030BD701A0024F8B5C56980
:107A20000F460E68083DAE4213D3B6FBF5F00138A1
:107A300011F018FD841CA6EB8404B4FBF5F4204679
:107A400011F010FDA6EB800004FB150520463D60FB
:107A5000F8BD0020FCE72DE9F04F85B00F469146B8
:107A60009846109D0390DDE90E460DB9284659E071
:107A7000039B1868B9F1000F1ED0D9F800304345B8
:107A80001AD1D9F80410A14216D8826901EB020A72
:107A9000544511D2AAEB040A611AD9F80830AA4554
:107AA00028BFAA4630465246194456445444A5EBD2
:107AB0000A050FF05DFBD8E73A68436990450ED19F
:107AC00079688C420BD301EB030A544507D2AAEB29
:107AD000040A611ABB68AA4528BFAA46E2E7B4FBBC
:107AE000F3F203FB1242D0F804B08AB99D420FD3DF
:107AF00022464146B5FBF3FA03FB1A5A3346A5EB7F
:107B00000A050095D84768B92E442C445546ACE781
:107B1000A21A00934146BB68C7F800807A60D84734
:107B20000028A2D005B0BDE8F08F2DE9F04F8BB052
:107B3000914607468846149A07A900680DF1200B64
:107B4000013A0593DDF858A00792FFF767FF059B00
:107B50000546194605935046159B9847024618BBA3
:107B600015B305F001064A4600903846C6F10204F6
:107B7000059BA100CDE901B14146FFF76CFF02462C
:107B800090B9013C944207DC0AAB023E03EB84044B
:107B9000354454F8083CDCE708995046159B984753
:107BA00001220028EED0024610460BB0BDE8F08F4F
:107BB0002DE9F04786B005460F46144600F114093A
:107BC000D6184FF0010A0DF11708B44203D1002076
:107BD00006B0BDE8F08700943B460022494628469F
:107BE0000134CDE9018AFFF736FF0028F0D10122E8
:107BF00041460E98FFF798F9E7E71FB5069C0092FB
:107C00000022CDE901340B4600F11401FFF723FFF8
:107C100004B010BD2DE9F04F13688BB00026074665
:107C200004930C465368B0460DF1100B06AD4FF0AF
:107C3000100A05935BF826902B46002238464946E9
:107C4000CDF800A0FFF7D9FF70B110F1340F06D1C5
:107C500046B1B8F1000F14BF00206FF033000BB035
:107C6000BDE8F08F0126E5E7B8F1000F04D0E26926
:107C7000069B9B1A002BEBDB079B23F00043132B87
:107C8000E6D93A68D2699342E2D84FF0FF3303A8AD
:107C9000102229460393FFF747F9079B1022009013
:107CA000494623F000433846103BFFF781FF002888
:107CB000CBD1039B002BCBD10AAA86F0010304F1A0
:107CC0001C0CC4F8049002EB83034FF0010853F836
:107CD000183CC4E9023A95E80F008CE80F00B7E7BA
:107CE00070B500F1A4060C460546304606F0B6FA1B
:107CF00004F11002214605F11400FFF78BFF38B99B
:107D0000236963606369A3600E23A3611023E360AA
:107D10003046BDE8704007F001BB2DE9F041064652
:107D200000F1A4070C4615461436384606F096FABC
:107D300004F1100221463046FFF76CFFD0B92369E9
:107D400004F12408A56163606369A3601023E36004
:107D5000216A21F000439D4201D8E5600AE0002934
:107D6000A5EB030506DA424621463046FFF752FFEF
:107D70000028EDD03846BDE8F04107F0CFBA00004A
:107D80002DE9F04300F1A4070D46044699B03846AA
:107D900006F064FAC4F890502B6828469B68984710
:107DA000064648B10023C4F89030384607F0B6FACA
:107DB000304619B0BDE8F0832422014604F16C007E
:107DC00004F158090FF0E2F9404BA5652846E36538
:107DD00004F114083E4B23663E4B63663E4BA3669C
:107DE0002B685B6A9847D4F8943083422CBFE366D3
:107DF000E06628462B689B6A9847D4F898308342FF
:107E00002CBF2367206728462B68DB6A9847D4F885
:107E10009C3083422CBF6367606728462B689B6B4E
:107E20009847626F334611F005FBA0671F30D4F806
:107E3000A030494620F01F00834294BFE367E0670B
:107E40004046FFF7EFFB0546002833D1636902AADD
:107E50000DA940461B6AA664E364012302960393BE
:107E6000C4E91066FFF7D6FE054600BB20231022AA
:107E70000E994046009305ABFFF7BFFE0546B0B92B
:107E8000069B082215490BA8A361079BE36111F02B
:107E900085F8064648B90A9B1A0C012A02D19BB202
:107EA000012B82D96FF0150501E06FF033054046D4
:107EB000FFF765FB00233846C4F8903007F02EFA30
:107EC000284619B0BDE8F043FFF723B8A76E0008B5
:107ED000CB6E0008EF6E00080B6F0008909B010846
:107EE0002DE9F043012397B00F4606460021904646
:107EF000CDE9051305994046B847044610BB0699DD
:107F00004046B8470446E8B905AA0BA93046FFF732
:107F100081FE0446B0B90C25139B0E9A23F0004352
:107F200002F10C01043B994210D9149B05A805935A
:107F3000159B0693FFF732F80028DBD0F56806F1B1
:107F400014094DBB204617B0BDE8F0830C9908AB6F
:107F500030460095FFF751FE0146002842D107A8A0
:107F6000FFF704F80E9B18449DF8203003F07003CF
:107F70000E90102BD0D10A9B002BCCD00A46009338
:107F800006F11401099B3046CDE90178FFF7CDFDDC
:107F90000028C0D00446D5E7EB69DA0312D4EB69B8
:107FA0009B030DD52B6A5BB1009305F12C0249466A
:107FB0003046CDE901786B6AFFF7B7FD0028E9D1BB
:107FC0002D68BEE76B69002BE9D0009305F12C0208
:107FD00049463046CDE901782B69FFF7A6FD002818
:107FE000DDD0D7E70446ADE72DE9F04104460D4664
:107FF0000127304E4FF00008226BD4E90D13914257
:1080000024D1002B52D02068E16AD0F820C00A4465
:10801000B2FBFCF10CFB11220021E262426AE06B30
:10802000934294BF23632263D208C4F834800FF0D4
:10803000ADF8201DFEF7B2FF0028DDD12246314603
:108040002046FFF74DFF0028D4D025E0481C013B17
:10805000D4F83CC060634809A36301F01F035CF8D7
:10806000200007FA03F30342C7D1E36A19442368E7
:108070001A6AB1FBF2F302FB131129600121256B8F
:10808000636BAB4210D05A0903F01F005CF822204A
:1080900001FA00F0104001D1BDE8F08101336363C3
:1080A000A36B013BA363EBE70020F5E76FF01B0038
:1080B000F2E700BFB16F00082DE9F04F044687B02A
:1080C0000E4600F1140A05A92046FFF78DFF05466C
:1080D00048B920680599C3689847054600283BD0F1
:1080E00010F1340FEFD0284607B0BDE8F08F0DF146
:1080F0001307736A5A4651462046CDF80890CDE9D9
:108100000087FFF7A8FC70B9059B524604F12001D7
:108110002046CDF80080CDE90179FFF76DFB20B155
:1081200010F1340FCFD00546DDE708F10108B36A3E
:108130004345DCD82368A16A9A69706B0FF018F880
:10814000236A04F120012068F362636A3363FFF756
:10815000ECF9059B7362C6E7804606F12C0B4FF0E5
:108160000109E4E7CB695A0344BF23F480234FF0AD
:10817000FF322DE9F04148BFCB610546CB6990B095
:1081800048BFCA620C4613F400302CD00F6A2C2270
:10819000002102A80EF0FAFF236905F114060693E8
:1081A00063690793012396E80700CDE9093710AB0F
:1081B00003E907004FF0FF3398466B61226A636959
:1081C0009A4213D304F12C08324641462846FFF761
:1081D000E6FA28B310F1340F05D121462846FFF7FF
:1081E0006BFF0028F0D010B0BDE8F08101230DF145
:1081F000070202A9284600F00EFA0028F3DB01234B
:108200000DF107022146284600F041F80028EADB7C
:108210006B6901331CBFCDF83480C5F81480CDE7FD
:10822000636A2361236A6361E36923F4003343F4DF
:108230008033C4E90737D6E72DE9F04100F1A408FF
:1082400005460E46144640461F4606F007F805F15F
:1082500014003146FFF786FF054670B93FB1012F84
:10826000336A01D11C4402E0022F0ED01C46002CC0
:10827000AABF25466FF015053462404607F04EF858
:108280002846BDE8F041FEF744BE7369EAE72DE9F0
:10829000F04F9B468DB0CB69054604920C4603F027
:1082A0000302012A00F020815E0314D4E66932053E
:1082B0001AD4276A17EB0B0F00F1198116F4003658
:1082C00018D0D946E369B9F1000F25D123F4002372
:1082D0005A46E36104E0FFF745FF02460028E5D077
:1082E00010460DB0BDE8F08F6269216A8A4288BFEE
:1082F0002262DEE763699F42E3D923620BAA01236E
:10830000214628468DF82C60FFF7C1FF021EE7DBEF
:10831000236A9F42F2D8D4E79B0304F12C0620D5B0
:108320002B68A26ADB699A4242D12B6805F1140AD4
:108330001B6AAB63D4E90832CDE909230BA92846AF
:10834000FFF752FE0246F8B928680B99C3689847B0
:10835000024618B312F1340F16D14FF0FF332B62DF
:10836000ECE7236A002BE0D004F12802013B314600
:108370002846029204F1240200930192D4E90423D6
:10838000F9F762FF024620B1E36943F40023E36199
:10839000A6E731462868FFF7C8F8C6E70A9B2868B1
:1083A00043BB0B9A6262A362E36943F40033E36167
:1083B000A84658F8143BDF69A36AFF1A4F4528BF47
:1083C0004F46049B4246314628460193A36A0297D2
:1083D0000093636AFFF710FA0246002875D010F187
:1083E000340FD1D121462846FFF766FE0246002809
:1083F000E7D0C9E7013B0AA905920A93FFF70EFBF4
:108400000A9B29680133059AC9690A938B424AD1AC
:108410000130904609AF90FAA0F3B3FA83F30593C5
:10842000013306934FEA88035246314628460793A4
:108430000423CDE90173079B00930B9BFFF7DCF945
:108440000246002886D1059B434530D108F101083A
:10845000069B4345E6D80B9B6362069B9B00A2E705
:108460000123002251462846CDF80080CDE9017352
:10847000099BFFF7F0FA0246002885D101235246F6
:1084800031462846CDF80080CDE901730B9BFFF7FC
:10849000B3F9024600287FF45DAF08F101080A9B9A
:1084A0009845DDD37DE790460DF12307F7E70423D8
:1084B00051462846CDE90173079B0093099BFFF7BE
:1084C000CAFA02460028C1D05EE7236AA9EB070971
:1084D0003B442362A36A3B44A362049B3B44049352
:1084E0002B681B6AAB63EDE66FF00802F8E66FF0ED
:1084F0001A02F5E62DE9F04700F1A4060D46814683
:1085000086B03046904605F0A9FEEA6909F11409E3
:1085100002F00303012B5AD092036B6903D52A6A38
:10852000934238BF1346984524D229464846FFF760
:1085300019FE0446A8B905AB059005F12C01484683
:10854000029305F11003CDE90083D5E90423F9F77F
:108550007BFE044628B9EB69C5F8148043F48033E8
:10856000EB61304606F0DAFE204606B0BDE8F04783
:10857000FEF7CFBC2ED92F6ABB4209D02946484608
:10858000FFF7F0FD041E15D16B69002B24DB2B6275
:108590004FF0000A2B6A98450ED829464846FFF747
:1085A000E1FD20B9381EB4BF6FF01500286200EA63
:1085B000E074D6E7D5DBEBE7012305AA2946484658
:1085C0008DF814A0FFF763FE041EE3DAC9E76FF02D
:1085D0000804C6E70024C4E76FF01504C1E730B50E
:1085E00000F1A40585B0044628460193CDE9022197
:1085F00005F034FE039904F11400DDE90132FFF7C0
:1086000046FE0446284606F089FE204605B0BDE831
:108610003040FEF77EBC2DE9F04F1D46CB699046F9
:1086200087B003F0030207460C46022A54D09A038F
:1086300005D4266A6269964208D3002003E0FFF75A
:1086400091FD0028F5D007B0BDE8F08F961B04F12E
:108650002C0104F1280A04F1240BAE4228BF2E4657
:10866000B146B9F1000F01D13046ECE7E3695B0395
:1086700004D53B68A26ADB699A4210D1236A384666
:1086800005910093CDE901BAD4E90423F9F7DCFDA3
:108690000028D8D1E369059943F48023E3613A685F
:1086A0003846A36AD56900220093ED1A636A0591E2
:1086B0004D4528BF4D46CDE90185FFF7CCF900288F
:1086C000C1D1236AA844A9EB050905992B4423626B
:1086D000A36A2B44A362C4E76FF00800B3E730B588
:1086E00000F1A40585B0044628460193CDE9022196
:1086F00005F0B4FD039904F11400DDE90132FFF740
:108700008AFF0446284606F009FE204605B0BDE86B
:108710003040FEF7FEBB00002DE9F341064614464B
:108720000021282206F1A407204600250EF02EFD88
:10873000384606F11408019505F090FD06F1180081
:10874000FEF72CFC28B901AA0D494046FFF7C8FBEB
:108750000546384606F0E2FD6DB9736F019AC4E92B
:108760000033B36FC4E902359B1AC4E90435C4E988
:108770000635FF236362284602B0BDE8F08100BFE2
:108780009D6E0008F7B5044604300E461546FEF708
:1087900005FC10B1002003B0F0BD012300906A4633
:1087A000294620460193FFF735FA0028F3D105F159
:1087B00024073846FEF7F2FB0028EBD13146384655
:1087C000FEF7DBFB38B13A4629462046FFF722FA8E
:1087D0000028EED0DFE70120DDE72DE9F341064672
:1087E0000C46154601F124081027226AE16822F0A0
:1087F000004301F10C00043B984217D80C230A46B1
:108800003046616800932B1DFFF7F7F9014690B9D8
:10881000E66828462E60FEF7A9FB3044E060284653
:10882000FEF7A4FBA3691844A06104E0002A06DB5C
:1088300029606FF00101084602B0BDE8F0812146D1
:1088400042463046FFF7E6F901460028F3D1A36916
:10885000E7601433A361C8E72DE9F84314461D46C9
:108860000022012306460F4604F1240805F10809F9
:10887000C4E909234046FEF791FB08B100200DE052
:10888000424621463046FFF7C5F938B92A46214607
:108890003046FFF7A2FF18B1831CEBD0BDE8F88388
:1088A0002B7903F07003202BF0D139464846FEF7B0
:1088B00064FB0028EAD10120F0E770B5054692B0CC
:1088C00004300E46FEF76AFB68BB0123019001AA43
:1088D00007A928460293FFF79DF9044618B910A886
:1088E000FEF75CFB10B1204612B070BD10AA07A9BC
:1088F0002846FFF78FF938B903AA07A92846FFF7DA
:108900006CFF18B1831CEAD00446ECE79DF91030E7
:10891000002BF1DB0822314605A810F03FFB0028B0
:10892000EAD10124DFE70024DDE700002DE9F04172
:1089300000F1A408C8B00E4605464046174605F0AB
:108940008DFC4FF48472002106A80EF01FFCB36961
:1089500014350E2B22D12223364908A88DF8183061
:108960000FF01CFE0F230124B361404606F0D6FC35
:10897000012C0DD19DF81830112B59D0222B14BF8A
:108980000023032308A9384687F800310FF006FEBC
:10899000204648B0BDE8F041FEF7BBBA0F2B08D126
:1089A0002223254908A88DF818300FF0F7FD102371
:1089B000D9E702AA31462846FFF70FFF044618B14F
:1089C000821C08BF0024D0E79DF80C3003F07F0222
:1089D000112A01D0222AECD11B060CD504A9284665
:1089E000FFF76BFF041EC0DBE3D19DF80C3003F0F2
:1089F0007F038DF80C309DF80C302846029A112B1D
:108A00008DF8183002F104029DF80E1004BF059B8A
:108A100007939DF80D301A449DF80F300A440093D7
:108A2000716808ABFFF7E9F8041E08BF01249CE752
:108A30000523A7E79A9B0108999B0108F0B5012738
:108A4000061DA7B0044680F840703046FEF7A6FA2F
:108A50000546002840F0818001462C2205A80EF032
:108A600095FB4FF000432822294610A80D930EF0E5
:108A70008DFB1A9723681B6A9D4202D36FF0330067
:108A80001BE019A8FEF78AFA002866D119AA10A9D6
:108A90002046FFF7BFF880B90D9B002B38DB30462E
:108AA000FEF77CFA58B1199B0E931A9B0F93002383
:108AB00005A920461A4600F052F827B0F0BD01ABD8
:108AC0001BAA0EA92046FFF7C7FE0028F5DBEAD057
:108AD000039A0E99049B8A420F9801D1984217D0AD
:108AE000824201D1994213D00E92DFE79DF9703096
:108AF000002B0DDA1DA92046FFF7DFFE0028DCDB86
:108B00001ED01BAA10A9204600F075F90028D4D168
:108B10001BAA10A92046FFF760FE0028E6D0831CA0
:108B2000CBD10DF1400C05AF0135BCE80F000FC7EC
:108B3000BCE80F000FC79CE8070087E8070099E72B
:108B40009DF870301BAA10A903F07F038DF87030D8
:108B50000346204600F0C3F9D8E70020ADE72DE931
:108B6000F04F2DED028B9BB006460D460793CB6967
:108B700007980133059202EB0017CB610B1DD1E979
:108B8000011408EE103A1346C5E901419F420FD186
:108B90000023CDE90941069330686968C3689847A6
:108BA000044670B114F1340F00F0F4802046FFE069
:108BB000D86810332A6A024453F80C0C121A2A623D
:108BC000E4E705F11C080DF12C094FF0FF3306F125
:108BD000200A10271022414648460B93FEF7A4F9BD
:108BE000224600946B6851463046CDE90187FEF776
:108BF00003FE04460028D5D18346B84608EE909A75
:108C00002AE0079B9B4580F2A080059A4FEA0B1350
:108C1000D35802EB0B19434540F0978018EE900AA9
:108C2000D9E90212FEF780F9D9F80C30002251463A
:108C300002933046D9F80830CDE900736B68FEF72F
:108C4000DBFD04460028ADD1D9F804300BF1010B4F
:108C50009844D9F80C301F442B6A23F00043043B9E
:108C6000BB42CED804230DF12C08002251460293BA
:108C700030466B68CDE90078FEF7BEFD044600285B
:108C800090D14FF0FF330246514630467361FEF7F4
:108C900086FD0446002885D130680369984704465C
:108CA00000287FF47FAF4FF0FF330FAF02466968B3
:108CB0000F9330462B6A009723F00043043BFEF7E6
:108CC00077FF044600287FF471AF0F9A0B9B9A42FE
:108CD00060D1069B4BB306F104094846FEF75EF9E6
:108CE000002875D143463A4609A93046FFF7B4FD3E
:108CF00000285DDB6CD06B684246394630460D93E8
:108D0000AB680E93002300F0EAF8002850D14946E2
:108D100009A8FEF732F918B96B687360AB68B360E5
:108D20003046FFF78BFE002842D13469002C3FF417
:108D30003DAF18EE101A201DFEF71FF918B96B6829
:108D40006360AB68A3602468F0E7012342460A9998
:108D5000304600930FABFEF750FF044600287FF427
:108D600025AF01220FA918EE900AFEF7DDF80123C6
:108D70002246514602930FAB3046CDE900736B6833
:108D8000FEF73AFD044600287FF40CAF08F1010815
:108D9000013761E74FF0FF3300220FA909A83362C2
:108DA0000123CDE90F23FEF7E8F830B96FF0330067
:108DB0001BB0BDEC028BBDE8F08F18EE101A3046E8
:108DC000FFF712F90123069300283FF4E5AEEFE721
:108DD0003A4609A93046FFF7D5FC0028E8DBA4D0C5
:108DE0006B68394630461893AB68199300231A46CE
:108DF000FFF7B5FE97E72DE9F04780468CB01046A7
:108E00000C461646FEF7B2F80B6A143023F0004306
:108E100083421DD101AA04314046FFF7B3FC051E71
:108E200012DB099A002A13DA236A01A9404663F08B
:108E3000004313400993636A0A93A36A0B930023C8
:108E40001A46FFF78CFE054628460CB0BDE8F087B1
:108E5000336830460193FEF789F80023029001AA97
:108E600021464046CDE903330123FFF778FE05464E
:108E70000028E9D1D8F80C70211D4FF0FF3ACFB986
:108E8000D8F81070211D002FDED0381DFEF775F8C0
:108E900070B9FC6833689C420AD93046FEF766F820
:108EA000201AF8603046FEF761F8BB69181AB861FD
:108EB0003F68E8E7381DFEF760F830B9D7F80C9046
:108EC0003368994503D1C7E901AA3F68D7E7FCD9C0
:108ED0003046FEF74BF8A9EB0000F860F5E770B5F7
:108EE000154688B00C26D27955F8044B002B079212
:108EF0000094344403960494CDE9052314BF02235F
:108F000001236A46CDE90165FFF729FE08B070BD6F
:108F100070B592B006460D46FFF724F9044670BBC3
:108F2000EB6903F41023B3F5803F28D12A1D1046C6
:108F3000FEF734F818BB07A93046FEF76BFE04466F
:108F4000E8B90C23EA680690009304AB08990392F1
:108F5000CDE904003046FEF750FE044678B92B698F
:108F600003AA07A905936B69069303463046FFF7EA
:108F7000B6FF044618B9EB6923F48033EB61204651
:108F800012B070BD37B500F1A40504460191284622
:108F900005F064F9019904F11400FFF7B9FF0446E4
:108FA000284606F0BBF9204603B0BDE83040FDF787
:108FB000B0BFF8B500F1A40705460C46384605F0E9
:108FC0004DF9214605F11400FFF7A2FF05F120023B
:108FD00006462B6A1BB19C4216D123681360A36915
:108FE0000BB11B682BB96B695B6B13B9606B0EF02F
:108FF00067F8384606F092F920460EF061F83046E0
:10900000BDE8F840FDF785BF1A461B68E2E700009F
:109010002DE9F04F2DED028B85B01F68054608EE57
:10902000101A029340F622031446DFF84091536071
:10903000436893608368D3604946384610F035F83A
:1090400007EB000883464946404610F00AF801281D
:10905000064608EB000A05D117F80B302E2B0AD173
:109060005746E9E7022806D102463F4940460FF03D
:1090700095FF0028F4D057464FF0010B4946504663
:1090800010F013F88244494650460FF0EAFF0246BA
:1090900090B102280CD10390504633490FF07EFF67
:1090A000039A28B9BBF1010B04D10AF10207C3E707
:1090B0000BF1010B9244E1E798F80000002845D03D
:1090C000029BC3F800802379222B49D104F1080ABE
:1090D00018EE101A28465246FEF79CFDB0BB05F16B
:1090E000140B224618EE101A2846FFF776FB68BBD1
:1090F000237903F07F03112B01D0222BF1D1E379E7
:10910000B342EED1236859466279284604331344AA
:10911000A279134418EE102ACDE900865268F9F7B7
:109120006BF8002812DBDCD095F84130002B83D19E
:1091300094F90430002BBFF67FAF51462846FFF765
:10914000BCFB002807D001DB6FF0010005B0BDECCF
:10915000028BBDE8F08F237903F07F0323716BE767
:109160006FF01300F2E700BF999B01089C9B010878
:109170002DE9F041804600F1A406D4B00C4608F178
:1091800014073046154605F069F802AB03AA07A993
:1091900038460294FFF73CFF0446C0B901464FF43D
:1091A000847212A80DF0F2FF9DF8103008F118013A
:1091B00005A8112B8DF8483004BF069B1393FDF7CB
:1091C000DCFE0446C0B9174914A80FF0E7F9304691
:1091D00006F0A4F8139B2B619DF84830112B1DD08D
:1091E000222B44F2FF1318BF002320466B6054B0BB
:1091F000BDE8F041FDF78DBE039B38469DF8111088
:1092000004339DF8122019449DF813300A4400934A
:10921000089914ABFEF7F1FC0446D8E748F2FF13B7
:10922000E3E700BF9C9B0108F0B500F1A4050446EC
:109230009DB00F46284604F1140605F00FF894F887
:109240005430019783B101AB02AA06A93046FFF75B
:10925000DFFE044678B1284606F060F820461DB0CF
:10926000BDE8F040FDF755BE3046FFF7E7FB04468A
:109270000028E8D0EFE79DF80C30222B1ED002AA80
:1092800006A93046FFF7B7FD04460028E3D19DF854
:109290000C30222BDFD106AA12A93046FFF772FA52
:1092A000041ED8DB1A9B06A930460F931B9B109314
:1092B00000231A46FFF753FC0446CCE704AA11A981
:1092C0003046FEF7A7FC04460028C4D1199B142B96
:1092D000D5D06FF02604BEE773B50C4604310646C0
:1092E000FEF782FE0546F0B904F108013046FEF7AC
:1092F0007BFE0546B8B904230246616830460093F8
:1093000004F11C03FEF779FC10B110F1340F0DD1FC
:10931000E36914220133E3614FF0FF33C4E908230A
:10932000A3621023E360284602B070BD0546FAE749
:109330002DE9F04F00F1A4080646C3B00D464046A3
:1093400004F08CFFD6F8903063B1002D08BF1D46A5
:10935000336830469B6A9847044668B1404605F03A
:10936000DDFF05E045B96FF01204404605F0D6FF79
:10937000204643B0BDE8F08F2B6828469B68D6E9AD
:1093800025BAD6E92797984704460028E6D1242233
:10939000014628A80DF0FAFE6A4B2846239524932F
:1093A000694B2593694B2693694B27932B685B6A1E
:1093B00098472B6858452CBF2890CDF8A0B0284678
:1093C0009B6A98472B6850452CBF2990CDF8A4A0E4
:1093D0002846DB6A98472B6848452CBF2A90CDF871
:1093E000A89028469B6B984723462A9A10F022F8AB
:1093F0002B901F3023A920F01F00B84294BF2C905F
:109400002C9731A8FEF70EF90446002840F086801C
:10941000319B014640985A6AD2080DF0B7FE319A46
:109420000DA931A83C94D2E90832CDE93E439A42D5
:1094300094BF3D923D93FFF74FFF0446002869D14A
:1094400018A931A8FFF748FF0446002862D1034657
:10945000024618A931A8FFF782FB0446002859D11B
:1094600041F22E438DF816001A9F4FF01009ADF807
:1094700014300823DDF864C08DF81730319B339722
:10948000DA691B6A089209934FF00113314A0A9373
:109490000BAB106851686A46CDF8C8C0CDF8109083
:1094A000CDF8009003C334230DA931A815932023D0
:1094B000CDE906C7CDE916C705AF0193CDE9027323
:1094C0000123FFF74CFB4B4620B110F1340F02D0C3
:1094D00004461FE00124009320236A460DA903934C
:1094E00031A8CDE901370123FFF739FB20B110F195
:1094F000340FEDD1002CEBD0002201230DA931A8AF
:10950000CDE900236A46FEF785FB044610B9319B7E
:109510001B6A3F9331A8FEF732F86CB12046FDF785
:10952000F8FC044600287FF419AF3368294630461A
:109530005B6A9847044611E72B682846DB68984722
:10954000EFE700BFA76E0008CB6E0008EF6E0008C3
:109550000B6F0008909B01082DE9F043074695B07A
:109560000E469046994601F124044046316AFDF7C3
:10957000FDFC3B680844DB69984218D8043943462F
:10958000002243F8041B0991CDE90A230C23CDE9FD
:109590000C3198F807303146CDE90E29109309AA0D
:1095A00002233846FFF7DBFA15B0BDE8F083002947
:1095B00037DB354609AC0FCD0FC40FCD0FC495E88E
:1095C000070084E8070031463846FFF785FE00288B
:1095D000EAD1129B424631467362139BB362336AEF
:1095E000043B42F8043B03920C22CDE90130CDE963
:1095F000042398F8073001AACDE9060908933846F4
:109600000223FFF7ACFA0028CED1119B024609A92C
:1096100043F00043119373681293B36813930346A6
:10962000BFE7224631463846FEF7F4FA00289CD0C0
:10963000BAE7F0B500F1A40605469FB00C463046E7
:1096400005F1140704F00AFE95F854300394002B3A
:1096500043D003AB04AA08A93846FFF7D9FC831C02
:10966000044649D12F2103980FF0EEFC00283AD18F
:109670006B6913A938461B6AEB64FFF72DFE04469D
:10968000002830D1119B024613A91C93129B1D93F5
:1096900003463846FFF763FA044620BB40F6220330
:1096A0008DF81600ADF81430039B184601930EF0A8
:1096B0007DFF1499159A8DF8170038460691079288
:1096C000019BCDE9111204AA08A9FFF745FF044642
:1096D00048B96B691B6AEB6405E03846FFF7AEF9E1
:1096E00004460028B5D0304605F018FE20461FB0CD
:1096F000BDE8F040FDF70DBC002808BF6FF0100476
:10970000F1E72DE9F04300F1A4058046B3B00F4620
:109710002846144604F0A2FD98F8543008F11406C7
:10972000CDE90274002B4DD0029B05AA11A9304649
:10973000049304ABFFF76CFC0446002848D19DF865
:10974000183005AA11A963F07F038DF8183003467D
:109750003046FFF7C4FB0446002839D10DF1240937
:1097600003AB1CA930464A46FFF752FC07460028C7
:1097700037D0821C40F085802F2103980FF064FCC5
:1097800000287ED10DAC99E80F0084E80F0006AAEE
:109790000EAB07CA83E807009DF8383003F07F035B
:1097A0008DF83830039B184601930EF0FFFEBB1C6A
:1097B0008DF83B00019B2CD122461CA93046FFF7B7
:1097C000CBFE2BE03046FFF739F904460028ABD03A
:1097D000284605F0A3FD204633B0BDE8F043FDF771
:1097E00098BB9DF818309DF8282003F07F039A421B
:1097F00049D1222AC6D10BAA27A93046FEF70AFA78
:1098000004460028E4D12F9B142BBBD06FF0260414
:10981000DEE722461CA93046FFF761FB044600281C
:10982000D6D1012305AA11A9304688F8553002ABDC
:10983000FFF7EEFB04460028CAD188F855008146A0
:1098400005AA11A93046FFF7D6FA04460028BFD171
:109850000237BDD09DF82830222BB9D11CAA28A9E7
:109860003046FEF78FFF041EB2DB309B4A461CA930
:1098700030462593319B26934B46FFF770F90446FB
:10988000A6E73C46A4E76FF01404A1E7024600F106
:109890000B01002012F8013B03EBC0138A4203EBDB
:1098A000500303F0FF00F5D1704738B5836B0546D0
:1098B0000C468B420FD0FDF71DFD58B922460123FF
:1098C000E96B6878FDF728FC00281CBF4FF0FF34D7
:1098D0000120AC6338BD0020FCE70129F8B504463F
:1098E0000E4664D9036A994261D20378022B30D0C4
:1098F000032B45D0012B5AD101EB51058389C16A55
:10990000B5FBF3F31944FFF7D0FF10B14FF0FF3070
:10991000F8BDA1896F1C2046B5FBF1F301FB13557F
:10992000E36BB7FBF1F15D5DE36A1944FFF7BDFF3F
:109930000028EBD1A289B7FBF2F302FB1373E26BB1
:10994000D05CF30745EA00204CBF0009C0F30B00D0
:10995000DEE783895B08B1FBF3F3C16A1944FFF7C3
:10996000A4FF0028D2D1A2897600B6FBF2F302FB55
:109970001366E36B9A19985D527840EA0220C7E7B4
:1099800083899B08B1FBF3F3C16A1944FFF78DFF8C
:109990000028BBD1A189B600B6FBF1F001FB10662F
:1099A000E06B3044FDF7D0FC20F07040B0E70120C0
:1099B000AEE72DE9F04F1E46036885B00C46DB6F1D
:1099C00082469146984703A92046FDF757FC054675
:1099D0000746002840F0A480657C0DBB237C13F073
:1099E0000103009300F09E80E3682F4662699B1A92
:1099F0009E4228BF1E469EB1039862698389B2FBCE
:109A0000F3F103FB1123002B6AD14389013B0B4087
:109A100001931FD192B9A068012814D8022565745A
:109A2000DAF800305046D3F880309847002D7CD0CB
:109A3000284605B0BDE8F04FFDF7A4BBA16920683A
:109A4000FFF74BFFE8E7431C03D10123009D63743C
:109A5000E6E7A061DDF80CB0A1695846FDF73FFCD0
:109A60000028DBD0019B03EB0008BBF80C309E42C2
:109A700034D30199BBF80A209BF80100B6FBF3F33D
:109A800019449142494684BF019BD31A424601932F
:109A9000FDF742FB019B0028D7D1DDF80CB09BF805
:109AA00003207AB1DBF83800A0EB0800834209D923
:109AB000BBF80C20DBF83C1000FB029001930DF08A
:109AC00057FB019BBBF80C8003FB08F86369A6EB0E
:109AD00008064744C144434463618CE7C4F81C80D2
:109AE000039862698389E169B2FBF3F803FB1828E4
:109AF000A3EB0803B34228BF33469846FFF7D5FED1
:109B00000028A2D1039A60699189B0FBF1F301FBAF
:109B10001303D16B4846424619440DF029FBD5E7A3
:109B200000277DE72F4607257AE7384605B0BDE8D0
:109B3000F08FB1F5001FF8B504460D4601D30220A1
:109B4000F8BDCA06FBD1826806680161DAB93378CC
:109B5000022B01D9336BABB93389B3EB551FEED967
:109B6000336BA361A3696261002BE8D0B289002046
:109B7000B5FBF2F10B4402FB1151F56BA3612944D3
:109B8000E161DDE71A467389B7895F43BD4211463B
:109B90000CD32068FFF7A1FE431C02460BD001281E
:109BA000CDD9336A8342CAD9ED1BEFE73046FDF7C2
:109BB00096FBA061D6E70120C2E7F7B501A90546EB
:109BC000FDF75CFB044660BB2C7C14F0400428D0FD
:109BD000FDF7E4FE296A07460198FFF766FE044692
:109BE000F8B96E6AF37A314643F02003F372AA683B
:109BF0002868FDF729FBE96806F11C00FDF79CFBCE
:109C0000394606F11600FDF797FB01230198B4745D
:109C1000F474C370FDF778FE2B7C044623F04003F8
:109C20002B74204603B0F0BD38B503680D460446DA
:109C3000DB6F98472846FFF7C0FF2368054620469C
:109C4000D3F8803098472846BDE83840FDF79ABAE7
:109C5000036873B50D46DB6F064698472846FFF745
:109C6000ACFF044630B901A92846FDF707FB0446BE
:109C700000B9286033683046D3F88030984715B172
:109C800028460DF01DFA204602B0BDE87040FDF7F1
:109C900079BA000038B500230446C3704FF0FF3393
:109CA0008363FFF702FE002851D1E46B237894F818
:109CB000FF5194F8FE01EB2B40EA052503D0183341
:109CC000DBB2012B3CD84AF655239D4207D108222E
:109CD000214904F152000FF061F9002836D0227BAF
:109CE000E37A43EA0223A3F50072B2F5606F27D846
:109CF000607B28B3591E421E0B40024013431FD104
:109D0000E27BA37B53EA02231AD0237C013B012B85
:109D100016D8A27C637C53EA022311D0227DE37C17
:109D200043EA02237F2B06D804F12000FDF70CFB49
:109D3000B0F5803F04D3E27DA37D53EA022308D12E
:109D40004AF6552085420CBF0220032038BD04206E
:109D5000FCE70020FAE700BFB59B01082DE9F04FB2
:109D6000002687B00D4617460E60FDF79BFA0028C7
:109D7000C0F25481B24B53F82040002C00F05081C7
:109D80002C602378BBB96070C0B2AE4D55F820008E
:109D900003689B68984710F00106C3B240F0428107
:109DA00017F0FE0F02D05B0700F13E81607855F896
:109DB000203023B90126304607B0BDE8F08FFDF70B
:109DC0004DF9A0F50072A081B2F5606FF2D8421E85
:109DD0000242EFD1E36B002B00F0F580002120461A
:109DE000FFF758FF022840F00081E56B02AF05F550
:109DF000E371B84605F206250846FDF7A5FA1031CD
:109E000048F8040B8D42F7D1002557F8041B0029B0
:109E100000F0E1802046FFF73DFF012800F2DC80E2
:109E2000E56BB4F80C902A7BEB7A43EA0223994560
:109E300040F0D980E87DA97D51EA002104D105F1E7
:109E40002400FDF781FA0146616295F810A0D4F86C
:109E500038B00AF1FF3384F802A0012B00F2C3806E
:109E60006B7B6381002B00F0BE805A1E1A4240F0CB
:109E7000BA80AA7C95F8118048EA02280FFA88F285
:109E8000A4F8088000924FEA5912B8FBF2F702FBDF
:109E9000178292B2002A40F0A6802A7DE87C50EA20
:109EA000022005D105F120000193FDF74DFA019B39
:109EB00095F80FC0AA7B52EA0C2200F0948001FBB7
:109EC0000AFC174407EB0C0E7045C0F08C80A0EB29
:109ED0000E009842B0FBF3F7C0F085805A4B9F42CA
:109EE00000F281804FF6F5739F4240F29F804FF061
:109EF000030A02375A440BEB0E03BAF1030F276231
:109F0000C4F828B0E262636376D195F82B2095F807
:109F10002A3043EA0223009A1A4313B2002B62D17B
:109F2000BF0005F12C00FDF70FFA206309F1FF33A4
:109F30001F44B7FBF9F9894555D84FF0FF33BAF103
:109F4000030FC4E905334FF08003237130D195F836
:109F5000312095F8303043EA0223012B28D10BF150
:109F600001012046FFF7A1FC10BBE16B207191F8C5
:109F7000FF2191F8FE3143EA02234AF6552293422B
:109F800016D10846FDF7E0F9304B984210D101F5A3
:109F9000F270FDF7D9F92E4B984209D101F5F47012
:109FA000FDF7D2F9A06101F5F670FDF7CDF960611A
:109FB000284A84F800A0138801339BB21380E38001
:109FC0000023E361F7E60DF073F8E06300287FF407
:109FD00005AF1126EFE603200135042D7FF415AF00
:109FE00004283FF4E7AE0D26E5E604283FF4E2AE90
:109FF00001287FF615AFF6E7B8F1000FF3D0BAF1FC
:10A00000020F4FEA470362441ABFDB1907F001074A
:10A010001F46226318BF07EB530787E70B26CAE6E4
:10A020000C26C8E60326C6E60A26C4E640F6F57AFC
:10A0300057458CBF4FF0020A4FF0010A59E700BFA5
:10A04000601A0024981A0024F5FFFF0F5252614154
:10A05000727241615C1A00242DE9F74F1546804663
:10A060002822002128460DF091F8D8F8003040460B
:10A07000DB6F984708F15403002201A9684600935A
:10A08000FFF76CFE06460446002871D1DDF8049007
:10A09000D9F820A0D9F81870AAF102039F421CD960
:10A0A00099F80060012E36D14FF0020A074651465A
:10A0B0004846FFF712FC431C5AD0012857D000B97C
:10A0C0000137019B0AF1010A1B6A9A45EFD3019BF4
:10A0D0001A799F6142F001021A71B9F80C3000241C
:10A0E000D9F820204046C5E90033023AB9F80A30D1
:10A0F0005A435F43FF236B62D8F80030C5E902245E
:10A10000D3F88030C5E90474C5E906749847204641
:10A1100003B0BDE8F08FD9F82C1007463CB9019880
:10A1200001F1010BFFF7C1FB064608BB5946019E32
:10A130003278F36B022A03EB04000FD11B5D02346B
:10A14000427853EA022308BF0137B389BAF1010A02
:10A15000B4FBF3F203FB1244E0D1B8E7FDF7F4F8E7
:10A1600030F0704304F1040408BF0137EDE7022624
:10A17000D8F800304046D3F880309847304603B0D6
:10A18000BDE8F04FFCF7FEBF7FB5CDE9001003A896
:10A1900014460391FDF786F8051E19DB0D4E56F89F
:10A1A000252022B10023D06B13700CF089FF019B96
:10A1B00013B100221A70DA6346F825302CB1002260
:10A1C00001A96846FFF7CAFD0446204604B070BDE9
:10A1D0000B24FAE7601A0024F8B503680446DB6F25
:10A1E0009847A36D013308D123686FF01505204609
:10A1F000D3F8803098472846F8BD002204F1540176
:10A20000104F1046FFF7C0FFA36D064657F8230016
:10A210000368DB6898472368054620B1D3F880308F
:10A2200020469847E7E7A26DD3F8803047F8220030
:10A230004FF0FF322046A26598473046BDE8F8400F
:10A24000FCF7A0BF981A00240A4B03F108029833C8
:10A2500010B5026004464360FFF7BEFF064B204680
:10A2600003F108023433226040F8043F05F002FE97
:10A27000204610BDB89D0108589E0108A0F10400B9
:10A28000FFF7E2BF10B50446FFF7DEFF20460CF0F3
:10A2900017FF204610BDA0F10400FFF7F3BF000038
:10A2A000036873B50446DB6F01920D469847A36DB2
:10A2B000019A013308D023682046D3F880309847AC
:10A2C0006FF0150002B070BD16480023064650F826
:10A2D000041BE1B946F8235004F11400A3653033A0
:10A2E00084F8561004F1540184F854303A2384F869
:10A2F0005530FFF749FF236805462046D3F88030E4
:10A300009847284602B0BDE87040FCF73BBF0133D8
:10A31000042BDCD123682046D3F8803098476FF0B7
:10A320000B00CFE7981A00242DE9F04F03688B4605
:10A330001746DB6F2DED028BA7B003909847039B68
:10A340009B6D5C1C0FD0BBF1000F02D1A34A52F8E9
:10A3500023B0039B03981B689B6A9847824610B101
:10A36000039B1B686EE0BBF1000F0DD1039B6FF0E8
:10A37000120A03981B68D3F880309847504627B0DC
:10A38000BDEC028BBDE8F08F954B002110A80F9318
:10A39000F7F75EFE934B4022002114A80F939033F1
:10A3A00010930CF0F3FE4FF0FF330FA82593FDF749
:10A3B000A1FADBF8003058469B689847824610B1F6
:10A3C000F7F710FF35E0DBF800305846DB6A9847B6
:10A3D00003185846049341EB01030593DBF8003062
:10A3E000DDE90412CDE900120022D9690023884773
:10A3F000DBF80030824618B1DB6858469847DFE743
:10A400005B6B58469847002847DADBF8003058461F
:10A410009B6A9847064689460CF04AFE8046B0B9CA
:10A42000DBF800306FF00B0A5846DB689847F7F707
:10A43000D9FE0FA8FFF708FF039B1B68BAF1000FB6
:10A4400000F08E82D3F880300398984796E7002476
:10A4500000253246FF210CF099FEDDE904239D42E0
:10A4600008BF944216D2DBF80030224641465846D7
:10A47000CDE90069D3F818A02B46D047824628B111
:10A4800040460CF01DFEDBF80030B5E7A41945EBA3
:10A490000905E2E740460CF013FEDBF800305846B1
:10A4A0001C6A9B6B984700230022CDE900015846A7
:10A4B000A047DBF8003082465846DB68BAF1000F4F
:10A4C0009CD19847824600287FF47AAF02465946CD
:10A4D0000FA8FFF7E5FE824600287FF471AF24AB9A
:10A4E0000CA80C93FCF7DEFE0028C0F237823E4B2E
:10A4F00053F820300BB183F800A0C6B2374D55F8A1
:10A50000260003689B689847C3B2C00700F1248205
:10A51000590700F11F8255F826300BB9012432E0AB
:10A520003046FCF79BFDA0F5007380469BB2B3F567
:10A53000606FF3D8421E0240F0D1B7F1807F2CD873
:10A540007B1E3B4218BF00274FF48053B3FBF8F348
:10A55000099303FB08F3184608EE103A0CF0A8FD27
:10A560000446002800F0DF8155F82630002B00F06B
:10A570002D813046FCF7EEFD7F2881460FD820461E
:10A580000E240CF09DFD0FA8FFF726FEF7F72AFE1C
:10A590002046FCF7F7FD82464BE71746D4E7B7FBAA
:10A5A000F8F7802F28BF8027FDF7F8F94FEA193315
:10A5B00008F1FF3C4FEA594E4FF6F5710A900B93A4
:10A5C000002F48D1094B012533F8020B002843D056
:10A5D0000B9A824240D36D00F6E700BF981A002420
:10A5E0009C9E0108C09D0108601A0024FEA101087C
:10A5F0006D082F464FF0030AB9FBF5F3981CA3F53D
:10A600007F430CEB8000F63BB0FBF8F00790202076
:10A61000049000200690C5488342B0D8049B079A56
:10A620009818069A00EB051313444B45A7D8069BD0
:10A63000BAF1030FA9EB0303A3EB0003B3FBF5F39C
:10A64000089327D18B4250D8002F98D1012DCFD815
:10A6500095E73D46CEE73D4640F6F572B9FBF5F38A
:10A66000934293BF03EB430302334FF0020A4FF0D0
:10A67000010A97BF01335B005B0803336344B3FBFC
:10A68000F8F307934FF48043B3FBF8F306930123E9
:10A690000493C3E7BAF1020F1FD1089B8B420ED976
:10A6A000002FD6D16D00402D15D9A14B012533F8CF
:10A6B000020B00289ED086459CD36D00F7E7089BCF
:10A6C00040F6F572934210D8002F7FF458AF6D001A
:10A6D000802D3FF654AF2F4672E740F6F573089A87
:10A6E0009A423FF64CAF4FF0010A002709F1FF33C1
:10A6F0000DA930460E930D97FCF7C0FC4246394633
:10A7000020460CF043FD8B4A2346BAF1030F5168F3
:10A71000106803C31189927A19809A704FEA28232E
:10A7200084F80B802373049B6573A3734FF00103BC
:10A73000E773237414BF02233B46B9F5803F677467
:10A74000A37446D24FEA292384F8139023750A9BF9
:10A75000002104F11C004B449946F8236375764BA5
:10A76000A361FCF7E9FDBAF1030F494637D104F1C3
:10A770004300FCF7E1FD079904F12400FCF7DCFD40
:10A7800002216E4B04F14702C4E90B13802384F8C5
:10A790004030292384F84230694B03F1100153F80B
:10A7A000040B8B4242F8040BF9D119884AF655295B
:10A7B0009B78304611802146937001230022A4F833
:10A7C000FE91FCF77FFC074608B320460CF078FCAE
:10A7D000A4E6494604F12000FCF7AEFDB7E704F11A
:10A7E0002700FCF7A9FD079B04F12B02E3828023DD
:10A7F00084F82430292384F82630524B03F11001C9
:10A8000053F8040B8B4242F8040BF9D1CDE7BAF1AF
:10A81000030F2AD10123062221463046FCF752FCC1
:10A820004246394620460CF0B1FC474B04F5F47023
:10A83000236003F1FF5303F500532033C4F8E431E0
:10A84000089B591EFCF778FD022307222146C4F815
:10A85000EC3130460123A4F8FE91FCF733FC0123D0
:10A86000214630461A46FCF72DFC18EE102A00212E
:10A8700020460CF08BFCBAF1030F4AD14FF0FF33A6
:10A880006FF00702C4E900236FF07043A360099BD7
:10A890002146079A3046934228BF1346049A1F4622
:10A8A000FCF710FC014600288FD1424620460CF0F0
:10A8B0006DFC049B3B440493079BDB1B0793E6D191
:10A8C000069BBAF1030F08BF2B460693099B21464E
:10A8D000069A3046934228BF1346049A1D46FCF759
:10A8E000F1FB00287FF471AF049B2B440493069B7B
:10A8F0005B1B0693EAD1154B204653F82630002BFC
:10A900003FF464AF0CF0DCFB0FA8FFF765FC824658
:10A9100056E5BAF1010F0E49204618BF6FF0070146
:10A92000FCF70AFDB3E711242DE600BFFFFFFE0F81
:10A930000CA201089E9B01083F00FF0001000600D9
:10A94000AA9B0108BE9B010852526141981A00243B
:10A95000F8FFFF000A2416E6032414E60B2412E68F
:10A960005B6A5946039898478246F9E401292DE924
:10A97000F84304460E46174640F28380036A8B4232
:10A980007FD90378022B45D0032B5AD0012B78D1E5
:10A9900001EB51098389C16AB9FBF3F31944FEF74E
:10A9A00084FF054660BBA38916F00106E06B09F140
:10A9B0000108B9FBF3F203FB12920FBFFBB2835CF9
:10A9C00003F00F013B011CBF03F0F0030B43835462
:10A9D0000123E16A2046E370A389B8FBF3F319442D
:10A9E000FEF763FF054658B9A389E16BB8FBF3F0A6
:10A9F00003FB10803EB1C7F307170F540123E37028
:10AA00002846BDE8F8830B5CC7F3032723F00F0348
:10AA10001F43F2E783895B08B1FBF3F3C16A194472
:10AA2000FEF743FF05460028EAD1A2897600B6FB6F
:10AA3000F2F302FB1366E36B9F5598193F124770C0
:10AA4000DCE783899B08B1FBF3F3C16A1944FEF785
:10AA50002CFF05460028D3D1A389B60027F0704704
:10AA6000B6FBF3F103FB1161E66B0E443046FCF7D5
:10AA70006BFC00F0704047EA00013046FCF75CFCDC
:10AA8000BCE70225BCE72DE9F041804605680F468A
:10AA900049B96E69C6B12B6AB34298BF0126AB694A
:10AAA000A3B9002406E02846FEF717FF0128044654
:10AAB00003D801242046BDE8F081421C51D02B6A06
:10AAC0008342F7D83E46EAE70126E8E7BE4215D1C1
:10AAD0002B6A741CD8F80000A34298BF02242146B8
:10AAE000FEF7FBFE0128E4D0431C3AD0D8B16B69D5
:10AAF000012B03D92A6A934238BF1E4634460134DB
:10AB00002B6AA34202D8012ECBD902242146D8F8C1
:10AB10000000FEF7E2FE40B10128CAD0013020D08B
:10AB2000B442ECD1BDE7002CE8D04FF0FF32214613
:10AB30002846FFF71BFF90B957B92A6AAB69023A5A
:10AB40006C61934210D92B7943F001032B71B1E76B
:10AB5000224639462846FFF709FF0028EDD0012894
:10AB6000A7D14FF0FF34A5E7013BAB61EBE72DE93F
:10AB7000F04F1E46036885B00D46DB6F8246914656
:10AB8000984703A92846FCF779FB044607460028A6
:10AB900040F0D7806C7C5CBB2B7C9A0740F1D38063
:10ABA0006B690027DE42009728BFDE43002E00F0CD
:10ABB000BC8003986A698389B2FBF3F103FB11231C
:10ABC000002B40F08E80B0F80A8008F1FF3818EAB8
:10ABD000010826D1DAB9A86830B901462846FFF73E
:10ABE00052FF002800F0A180012812D102246C74C9
:10ABF000DAF800305046D3F880309847002C00F047
:10AC0000A580204605B0BDE8F04FFCF7BBBAA969A6
:10AC1000E4E7431C01D10124E9E7AB68A86103B96B
:10AC2000A8600398EB69826B9A4247D0DDF80CB0BC
:10AC3000A9695846FCF753FB0028D7D0BBF80C3065
:10AC400008EB00029E423ED3BBF80A10B6FBF3F3BA
:10AC500008EB030088429BF8010088BFA1EB0803C2
:10AC60004946CDE90023FCF72DFA8046DDE90023B3
:10AC70000028D0D10398816B891A8B420AD9828926
:10AC8000C06B02FB019100930CF072FA039A009BD7
:10AC900082F80380039AB2F80C8003FB08F80123C2
:10ACA00000936B69A6EB0806EA6847444344C14435
:10ACB0006B619A422CBFEA60EB6077E7FCF71AFB06
:10ACC0000028B3D0A7E76969EB68994208D35846D2
:10ACD0000192FCF70FFB019A00289CD1039B9A6319
:10ACE000EA6103986B69B0F80C80E969B3FBF8F28C
:10ACF00008FB1232A8EB0208B04528BFB046FEF7A9
:10AD0000D4FD002887D1039A69699089B1FBF0F3DB
:10AD100000FB1313D06B4946424618440CF028FA46
:10AD2000039B4FF00102DA70BBE72B7C43F040033A
:10AD30002B74009B002B3FF45BAF2846FEF73DFFD2
:10AD400056E7002754E72746072451E7384605B061
:10AD5000BDE8F08F2DE9F3410D4601A90446FCF74B
:10AD60008DFA0646002863D1667C002E60D1E36828
:10AD7000AB4204D2227C12F0020F08BF1D46002213
:10AD800063696261B5B90020E2686369934281BF7B
:10AD9000227CE36042F040022274019A9189B3FB65
:10ADA000F1F201FB1233002B42D0E369834218BF5A
:10ADB000E0613DE0019A518997894F4373B3013BAC
:10ADC0006A1EB3FBF7F1B2FBF7F28A4226D37A424E
:10ADD000A1691340ED1A63610029D4D0BD426369B3
:10ADE0000CD93B44A5EB07086361237C9A072AD55D
:10ADF0002046FFF748FE054648BB014663690198B7
:10AE00002B4463618389B5FBF3F203FB1255002DDC
:10AE1000B9D0FCF764FA48B11044B5E7A16881B92C
:10AE20002046FFF730FE0128014605D10226667450
:10AE3000304602B0BDE8F081481C01D10126F6E79A
:10AE4000A160A161C8E72068FEF747FD05466B1CBD
:10AE5000F4D0012DEAD9019B1B6AAB42E6D9294601
:10AE6000A5614546BAE7F8B51F46036806460D4694
:10AE7000DB6F14469847022F12D1EB681C44214621
:10AE80002846FFF767FF336804463046D3F8803022
:10AE90006D69984744B12046BDE8F840FCF772B9A7
:10AEA000012FECD16B69E9E72846F8BD2DE9F041A7
:10AEB00007690446884606682037B7F5001F24BF97
:10AEC00000238361836983B1B289B7FBF2F002FB8F
:10AED0001072002A38D101336169A36139B933890D
:10AEE000B3EB571F30D80023A36104200AE0738915
:10AEF000013B034228D13046FEF7EFFC012805460E
:10AF000002D80220BDE8F081421C01D10120F9E7FE
:10AF1000336A834212D8B8F1000FE4D06169204649
:10AF2000FFF7B1FD0546D0B10128EAD0431CEDD0B2
:10AF300001463046FCF7B1FB0028E7D129463046F0
:10AF40006561FCF7CCF9A061B28900202761B7FBED
:10AF5000F2F302FB1373F76B1F44E761D2E707209C
:10AF6000D0E72DE9F3410F4601A90546FCF786F924
:10AF7000044628B947B901462846FEF7DAFD0446DB
:10AF8000204602B0BDE8F0814FF400700CF090F85C
:10AF90000646C0B1019B18612846F7F79BF810F0F0
:10AFA000FB0804460BD139462846FCF7D5F9414643
:10AFB0002846FFF77BFF042814BF044600243046D0
:10AFC0000CF07EF8DCE71124DAE7036870B50D4673
:10AFD0000446DB6F984728460021FFF7C2FF23682D
:10AFE0002046D3F88030BDE8704018470368F0B5BC
:10AFF00016460F69C7B0DB6F05460C469847B74247
:10B000000ADD00212046FFF7ACFF2B682846D3F865
:10B010008030984747B0F0BDB742F6DA694620461F
:10B02000FFF79FFF27690028EFD19DF81630002B0E
:10B03000F2D1EAE7036870B50E46C6B00546DB6F8D
:10B040001446984730466946FFF78BFF2B68064643
:10B050002846D3F8803098472EB1304646B0BDE838
:10B060007040FCF78FB89DF8160088B19DF8083045
:10B0700013F0100F14BF0323052384F80031237845
:10B080002BB9FF220DF1160120460DF0FBFF012028
:10B0900046B070BDC16A4B1C2DE9F04104460568FD
:10B0A000066918D1E5274FF00108A1692846FEF787
:10B0B000FCFB60B9E3691F7085F803802369B34224
:10B0C0000DD201462046FFF7F1FE0028EDD00428FE
:10B0D00008BF022003E0FEF72CFD0028E2D0BDE807
:10B0E000F08100002DE9F04F002187B00446D0F830
:10B0F00000B0FEF71EFD0746002840F095804FF097
:10B10000FF094FF0FF33C846E3620293A169584636
:10B11000FEF7CBFB0746002840F08680E5692E78D5
:10B12000002E00F08580EA7AE52E02F03F03A3713D
:10B1300003D0120704D50F2B04D0029BE36256E024
:10B140000F2B5CD194F82B30580646D471064CD5A1
:10B15000236906F0BF0695F80D90E3626B7B4B45C3
:10B1600045D1EA7EAB7E53EA022340D12A78DBF850
:10B17000103002F03F07DFF8C0A001937B1E0D27BF
:10B180005F4301231AF8011B681815F80180407805
:10B1900048EA002873B3FF2F059228D84046FBF7F2
:10B1A000FDFF019B791C049033F817000391FBF716
:10B1B000F5FF049B98421AD103994346059A0F461E
:10B1C0001C495145DED1520604D51BB1019B33F811
:10B1D000173063B9013E5FFA86F800212046FFF779
:10B1E00065FE0746002891D01EE0B045B6D04FF06E
:10B1F000FF08F2E74FF6FF718845E1D0F7E7B8F1B5
:10B20000000F04D12846FEF741FB48450CD094F8C6
:10B210002B7017F0010790D10B2204F12001284672
:10B220000DF0BCFE002888D1384607B0BDE8F08F8D
:10B230000427F9E71D990108109901082DE9F04F3D
:10B240000B7885B0064689462F2BD0F800B001D088
:10B250005C2B09D14A461378914601322F2BFAD044
:10B260005C2BF8D0002301E0DBF81C30B36099F8C8
:10B2700000301F2B00F2308180230021304686F8F9
:10B280002B3005B0BDE8F04FFEF753BC49460B78B4
:10B29000894601312F2BFAD05C2BF8D01F2B8CBFA5
:10B2A00000240424012F2FD113882E2B31D1002309
:10B2B00022F8173006F120029F428CBF2E21202158
:10B2C00001330B2B02F8011BF6D144F02004304669
:10B2D00086F82B40FFF706FF96F82B30002800F089
:10B2E000E68004280BD1990603F0040240F1DB80CC
:10B2F000002A00F0F1808023002086F82B3005B072
:10B30000BDE8F08F0424CDE7022F02D153882E2B05
:10B31000CAD0911E3FB131F81730202B01D02E2B0F
:10B3200001D1013FF6E7002322F81730002F00F08B
:10B33000FD8032F81300194601332028F9D009B9ED
:10B340002E2801D144F00304931E33F817002E2851
:10B3500001D0013FF9D14FF020334FF0000A736262
:10B36000D0463362C6F827300823481C32F8115003
:10B370000090B5B1202D03D02E2D05D1B84208D0B4
:10B3800044F003040099F0E79A4505D20099B942C8
:10B390003BD10B2B30D101E00B2B27D144F0030420
:10B3A0000B2396F82020E52A04BF052286F82020EA
:10B3B000082B04BF4FEA88085FFA88F808F00C03EE
:10B3C0000C2B03D008F00303032B01D144F002043B
:10B3D000A0073FF57CAF18F0010F18BF44F0100430
:10B3E00018F0040F18BF44F0080470E70099B94240
:10B3F00002D044F00304D4D84FEA88080B234FF05E
:10B40000080A00975FFA88F8BCE77F2D14D944F04A
:10B4100002012846CDE902230191FBF703FF10F05A
:10B42000800F0546039BDDE9011216D000F07F0571
:10B430004048455D0C4645B329463F48CDE90123C8
:10B440000DF002FEDDE90123F8B9A5F1410189B251
:10B4500019291ED848F0020810E0FF28EAD9581E22
:10B46000824503D344F003049A468BE706EB0A00B7
:10B470002C120AF1010A80F820400C4606EB0A0162
:10B480000AF1010A81F820507CE744F003045F25AB
:10B49000F4E7A5F1610189B219299EBF203D48F06A
:10B4A0000108ADB2EAE7002A08BF052027E75A07DE
:10B4B0003FF525AFB379DB063AD5BBF80C103269FE
:10B4C0009BF80000B2FBF1F301FB1323DBF83C1007
:10B4D0001944FBF7C4FEB060336800271A6919F8F5
:10B4E000013B9CB2002B3FF40DAF7F2C06D903F13A
:10B4F00000431249803B31F81340BCB11F2C7FF64A
:10B5000001AF2F2C3FF4C2AE5C2C3FF4BFAE7F2CBA
:10B5100006D821460A4800920DF096FD009A28B9F7
:10B52000FF2F03D022F817400137D8E70620E6E6C0
:10B530000520E4E6F69B0108DB9B0108769C0108E8
:10B54000D29B01082DE9F04F90F82BB089B004464A
:10B550001BF0A00540F0928007683B6933F8152086
:10B560000AB10135FAE704F120060DF1140A1BF0C7
:10B57000010F96E807008AE8070000F08680402364
:10B580004FF0010884F82B30B4463B69B8F1050F41
:10B590009AE80700ACE803002CF8022B4FEA1242AD
:10B5A0008CF8002015D9991E424631F8020F88B157
:10B5B0004FF0100C00F0010E40080EEB4202D303D6
:10B5C00044BF82F4883282F02102BCF1010CF1D137
:10B5D000EBE742460DF1130C072102F00F0E9146E6
:10B5E00012090EF13000392888BF0EF137000139F9
:10B5F0000CF8010902D0B9F10F0FEED808AB7E208C
:10B600005A1802F8140C04F11F00002284469142DB
:10B6100006D01CF801EF02F10109BEF1200F20D184
:10B62000072902F1010297BF08AB4FF0200C03EB92
:10B63000010C013198BF1CF814CC072A00F802C095
:10B64000EED92046FFF74EFD8146D0B908F101083A
:10B65000B8F1640F98D14FF00709484609B0BDE82A
:10B66000F08F4A46D3E7804601212046FFF71EFCB3
:10B670008146F8B1B9F1040FEDD0EEE74FF00609BD
:10B68000EBE70428E9D184F82BB01BF0020F4FF050
:10B6900000012046D4F800A01BBF0C350D23012566
:10B6A000B5FBF3F518BF0135FEF743FA81460028D4
:10B6B000E0D18046A1695046FEF7F7F881460028A0
:10B6C000D8D1E3691B78E52B01D0002BCBD108F151
:10B6D00001084545C8D1013D55D021692046A1EB5F
:10B6E0004511FEF726FA81460028B6D14FF6FF78BD
:10B6F0003046FEF7CBF80190A1693846FEF7D5F841
:10B7000081460028A9D1E369E9B2019A4FF00D0CF6
:10B71000D7F810E05A734FF00F02DFF8A8A0DA72E2
:10B720004A1E18730CFB02F284469876D876404580
:10B730001AF8019B0CF1010C18BF3EF8120003EB44
:10B74000090B18BF013203F809004FEA202900282D
:10B7500008BF4046BCF10D0F8BF80190E7D1404582
:10B7600002D03EF812200AB941F0400119700123BD
:10B7700000212046FB70FFF799FB814600287FF4EB
:10B780006CAF013DB8D1A1693846FEF78EF881460D
:10B7900000287FF462AF20224946E0690BF0F6FCF6
:10B7A000E36903CE18605960B27831889A721981C2
:10B7B00094F82B30E26903F0180313730123FB7034
:10B7C0004BE700BF109901082DE9F3410C460646EE
:10B7D00011460568012C46D92B6AA34243D94AB9C0
:10B7E000A046214630682746FEF777F8044658B948
:10B7F000002006E04FF0FF322846FFF7B7F8002898
:10B80000EED002B0BDE8F08101282CD0431C2CD032
:10B81000002239462846FFF7A9F80028F1D12A6A04
:10B82000AB69023A934205D20133AB612B7943F005
:10B8300001032B717B1CA34211D041462846FBF724
:10B840004EFD394600902846FBF749FD6B89A0461E
:10B850006946013B184401906878FBF70FFC2B6A9E
:10B86000A342BED8C4E70220CBE70120C9E72DE9F7
:10B87000FF4103680C4601920646DB6F9847019929
:10B8800020466769FFF766FA054650B133683046CF
:10B89000D3F880309847284604B0BDE8F041FBF764
:10B8A00071BC03A92046FBF7E9FC05460028EDD151
:10B8B000657C002DEAD1237C9A0701D40725E5E7B2
:10B8C000D4F81480E368984508D320463946FFF73A
:10B8D00041FA044670BB04B0BDE8F081B8F1000F36
:10B8E00011D12A46A1682046FFF76EFF0546C4F82D
:10B8F00008806369E360237C43F040032374002DD8
:10B90000E3D06574C2E7A1692068FDF7E6FF431C38
:10B9100001460BD001280BD0039B1B6A9842E8D24A
:10B92000A2692046FFF750FF0546E2E70125E0E760
:10B930000225DEE733683046D3F88030984720464A
:10B94000AAE72DE9F043064687B02C20154606F1FC
:10B95000A4080F4602F012FD0446404606F1140901
:10B9600002F07CFCB36902AA214663604846F36991
:10B970000195A36001ABFDF74BFB0546A8B99DF807
:10B980000C30222B1CD104AA21464846FCF742F970
:10B99000054650B963682361A36863610E23A36100
:10B9A0001023E360736A74622360404603F0B6FCC0
:10B9B0004DB93C60284607B0BDE8F043FBF7A9BA93
:10B9C0006FF01305F1E720460BF07AFBF2E72DE963
:10B9D000F04F07469B4693B0382007F1A4098846EC
:10B9E000164602F0CBFC0446484602F037FC1BF03A
:10B9F000030C07F1140A00F0C580BCF1010F4FF0F1
:10BA0000000000F0C180BCF1020F844601D000218B
:10BA100000E003214FEA6B0202964FEAAB0502F405
:10BA2000807205F400752A430BF480652A434FEABF
:10BA30000B2505F40065154345EA0C0505430D4348
:10BA400005F00303012B11D102AB03AA07A950464D
:10BA5000FDF7DEFA064600BB9DF81030222B00F001
:10BA60008A80A9053FD56FF0100609E097F8543099
:10BA7000002BE9D15046FCF7E1FF06460028E3D051
:10BA8000484603F04BFC002E78D1C8F80040304601
:10BA900013B0BDE8F04FFBF73CBA821CF0D1029B1B
:10BAA0002F21184601930DF0CFFA83460028E7D1E5
:10BAB000EB05E5D5019B40F611028DF81200184602
:10BAC000ADF810200CF072FD4FF0FF328DF813002E
:10BAD00007A9019B5046CDE9052B03AAFDF73CFDC4
:10BAE00006460028CCD1089B002268056360099BAC
:10BAF000A261A360039BE360059B2361069BC4E9ED
:10BB0000075263610AD44FF0FF337D69E3626B6BC8
:10BB1000F3B13A6A62B16FF00B06B1E713B145F4C5
:10BB20008035E5614FF0FF320023C4E90423EAE7E2
:10BB30006363E36903F00303012B04D004F12C01D8
:10BB40002846FBF7F2FC3B6A00263C62236097E73D
:10BB5000E36903F00303012B06D168690BF0A8FA2F
:10BB600060630028EFD1D6E7A8690BF0A1FA606303
:10BB70000028E3D1CFE76FF0140681E720460BF0F1
:10BB80009FFA84E7012042E74FF0020C3FE70000F4
:10BB9000F0B50C468BB0064624B9326004613046DD
:10BBA0000BB0F0BD104601920CF000FD043002F025
:10BBB000E5FB3A233034054643702F2304700330ED
:10BBC00000F8013C3746019906AC0CF0E7FC084B45
:10BBD000002247F8045B0593064B029302ABCDE9C4
:10BBE00003220FCB84E80F0087E80F00D7E700BFE0
:10BBF000E76F00081D7600082DE9F04106468AB07F
:10BC000030208846019202F0B9FB019A0546B16DD9
:10BC100005A8FFF7BDFF33683046DB6F9847059BEB
:10BC20000393002D4BD0002204A903A8FEF796F839
:10BC3000044650BB049C4FF400702C600BF038FAA3
:10BC4000074600283DD0206128460399FFF7F6FA01
:10BC50000446A0B995F92B30002B08DBAB79DB0645
:10BC600029D5049BE9691878FBF7F9FAA860049BC9
:10BC700000212846DB88AB80FDF75BFF0446384691
:10BC80000BF01EFA042C18D00CB100232B60336883
:10BC90003046D3F880309847ACB128460BF010FA04
:10BCA0002046FBF76FFA044605A8FBF79FF92046EC
:10BCB0000AB0BDE8F0810524E1E70524E5E70924A1
:10BCC000E5E71124E3E7C8F80050EDE72DE9F04F70
:10BCD000804697B01C4628208A46019202F04EFB0F
:10BCE000019A0546D8F8581005A8FFF751FFA60796
:10BCF00056BF04F0010603260136A00505D56105EF
:10BD00004CBF46F0080646F01006D8F8003022076F
:10BD10004046DB6F48BF46F030069847059B0393CB
:10BD2000A5B90924D8F800304046D3F880309847A8
:10BD300028460BF0C5F92046FBF724FA044605A86F
:10BD4000FBF754F9204617B0BDE8F08F324604A93E
:10BD500003A8FEF703F8002840F0C780049C4FF4C6
:10BD600000700A940BF0A4F9814608B91124D9E7B0
:10BD700020610AA80399FFF761FA044620B99DF9EA
:10BD80005330002BB8BF062416F01C0F71D0002CC6
:10BD90004AD0042C3ED10AA8FFF7D4FB0446002861
:10BDA00038D146F00806FBF7F9FD014601901198DD
:10BDB0000E30FBF7C1FA119801991630FBF7BCFA67
:10BDC000049C11992078FBF74AFA202300220746A9
:10BDD000CB7220461199FBF737FA119B0022012103
:10BDE0001A775A779A77DA77049BD970002F4AD05E
:10BDF00039460AA8D3F838B0FFF7E6FC044648B93C
:10BE000059460498FDF751FD013F049B04465F61CC
:10BE1000002838D048460BF053F9D8F80030002CF1
:10BE200065D000232B607DE79DF82E3013F0110FB5
:10BE300057D13307B7D4049C119FA36B39466F6267
:10BE40002B622078FBF70BFA0146A86007F11C0073
:10BE5000FBF77AFAE388B2060746AB804FF000039F
:10BE6000E8602C602E746B74EB616B6110D400245D
:10BE7000D0E7002CCED19DF82E30DF062FD4B407AA
:10BE800001D5D8072DD4310748BF46F04006D2E788
:10BE90000028ECD06389A48968615C43BC421AD253
:10BEA00028683F1BFDF719FD0128014615D9431CE1
:10BEB000F4D10124A961002CACD104988389B7FB8B
:10BEC000F3F203FB1277002FD1D0FBF708FA50B141
:10BED0001044E8619EE70024ECE70224EAE704242A
:10BEE00098E7072496E7022494E7044699E7D3F8F5
:10BEF000803040469847CAF8005020E7F0B5D9B0E6
:10BF0000054617460A46816D01A8FFF741FE2B68DA
:10BF10002846DB6F98474FF48C72002112A80BF073
:10BF200035F9019B002206A968460093FDF716FF2C
:10BF3000044630B94FF400700BF0BAF8064678B9F1
:10BF400011242B682846D3F8803098472046FBF709
:10BF500019F9044601A8FBF749F8204659B0F0BD8D
:10BF6000069B0099186106A8FFF768F9044638B9DE
:10BF70009DF94330002B23DB12A906A8FBF7ECF94F
:10BF800030460BF09DF8002CDBD19DF8502040F29C
:10BF9000FF11129B284612F0100F3B6114BF4FF4A3
:10BFA00080434FF4004312F0010F40F26D1208BFBE
:10BFB0000A4613437B602B68D3F880309847C9E763
:10BFC0000624DDE72DE9F04198B005460A46816D6B
:10BFD00007A8FFF7DDFD2B682846DB6F9847079B16
:10BFE000022202A901A80193FDF7B8FE0446002829
:10BFF00040F08380029C4FF400700C940BF058F8D2
:10C000000646002800F0998020610CA80199FFF7EE
:10C0100015F90446002800F08C8004286AD19DF8A8
:10C020005B1011F0200140F08680029B03A803936F
:10C03000FEF729FD044600286FD0012870D0431C6C
:10C04000D3F1000848EB0308FBF7A8FC0746B8F15A
:10C05000000F68D121460298FBF71FFB002862D130
:10C06000029B4FF020321021DB6B1A605A60C3F83C
:10C0700007202E22029BDB6B1A70029BDA6BD172B7
:10C080003946D86B1630FBF757F902982246C16B38
:10C09000FBF7DAF80298C36B03F12002114653F85C
:10C0A00004CB934241F804CBF9D1C36B2E224FF05D
:10C0B000010883F82120C16B0E9A2031FBF7C4F8E8
:10C0C000029B0CA883F80380FFF73CFA58BB139837
:10C0D00039461630FBF730F9224602981399FBF7E0
:10C0E000B3F8139B10220298DA7280F80380FBF7F2
:10C0F0000BFC044630460AF0E3FF2B682846D3F8D1
:10C10000803098472046FBF73DF8044607A8FAF729
:10C110006DFF204618B0BDE8F0814FF0070893E7A7
:10C120004FF0020890E70022214603A8FFF74CFBDE
:10C13000DFE70824DEE70624DCE71124DDE7F0B5BD
:10C14000AFB0054614460A46816D09A8FFF720FDE9
:10C150002246A96D04A8FFF71BFD2B682846DB6F5C
:10C160009847099B02A80193049B0293FBF79AF856
:10C170000028C0F2AE80022203A901A8FDF7EEFD5F
:10C180000446002840F08F80039C4FF40070169402
:10C190000AF08EFF0646002800F09D80206116A858
:10C1A0000199FFF74BF80446002879D19DF88330B8
:10C1B00013F0A00F40F089801D9B0EAC03F1200707
:10C1C0001868083353F8041C2246BB4203C21446C5
:10C1D000F6D116AF22AC0FCF0FC40FCF0FC497E824
:10C1E0000F0084E80F00029922A8FFF727F8044601
:10C1F00048B9249A189B9A4203D1269A1A9B9A42CC
:10C2000003D008244CE004284AD122A8FFF79AF969
:10C210000446002844D129990DF145030DF155003C
:10C2200001F10D0253F8044B834242F8044BF9D15B
:10C230001888012710809B7893709DF84330039CE9
:10C24000DA0658BF43F02003CB72E770CB7ADB06E7
:10C250001DD5189A249B9A4219D02078FAF7FFFF2F
:10C2600001462046FBF73BF8014680B32046FDF728
:10C270001CFB0446A0B90398C16B91F821302E2B0A
:10C2800005D1249A2031FAF7DFFF039BDF7016A84F
:10C29000FEF700FF044618B90398FBF735FB044688
:10C2A00030460AF00DFF2B682846D3F880309847B7
:10C2B0002046FAF767FF044604A8FAF797FE09A894
:10C2C000FAF794FE20462FB0F0BD0624E8E70224DA
:10C2D000E6E70B24E7E71124E5E72DE9F043A1B0F9
:10C2E00005460A46816D03A8FFF752FC2B682846D5
:10C2F000DB6F9847039B022202A901A80193FDF777
:10C300002DFD0446E8B9029C4FF4007008940AF031
:10C31000CFFE804600285CD0206108A80199FEF776
:10C320008DFF044650B99DF84B3098064FD419063E
:10C330004DD49DF82670FA0715D5072440460AF01B
:10C34000BFFE2B682846D3F880309847072C42D090
:10C350002046FAF717FF044603A8FAF747FE2046DF
:10C3600021B0BDE8F083029E0F993078FAF777FF8D
:10C37000FB0681460DD408A8FEF78CFE0446002873
:10C38000DCD1B9F1000F19D10298FBF7BDFA0446D0
:10C39000D4E7F3699842D0D02146169014A8149699
:10C3A000FDF7C7FB04460028C8D114A8F5F792FE94
:10C3B00004460028C1D00428C0D1DCE70246494623
:10C3C00008A8FFF701FA04460028B7D1DCE70624E5
:10C3D000B4E71124B5E76FF05904BDE7406810B128
:10C3E00003689B6C18477047407E7047007E70471B
:10C3F000D0E9042110B5D0E90234981844EB0101CA
:10C4000010BDD0E902017047D0E90401704790F8EF
:10C4100020301BB1406803685B6B18476FF47A608B
:10C42000704790F8201030B459B1D0E90114C068B9
:10C430000D6812192D6B40EB03030846294630BCEA
:10C4400008470020002130BC704790F820301BB115
:10C4500040680368DB6A184700200021704790F8A5
:10C4600020301BB1406803689B6A184700200021F8
:10C47000704790F820301BB1406803685B6A18472A
:10C480000020002170472DE9F34190F82010044668
:10C4900015469846DDE9086799B10168CDE900675E
:10C4A000496C884768B1E368D4E901020168AA18B9
:10C4B000CDE9086748EB0303C96902B0BDE8F04164
:10C4C00008476FF47A6002B0BDE8F0812DE9F043CF
:10C4D00090F820C085B00446154698460391DDE9E2
:10C4E0000C67BCF1000F16D0CDE900670168D1F8E8
:10C4F0004090C84778B1E3680399D4E90102046821
:10C50000AA18CDE90C67A46948EB0303A44605B05B
:10C51000BDE8F04360476FF47A6005B0BDE8F08392
:10C520002DE9F04390F820C085B0044615469846A2
:10C530000391DDE90C67BCF1000F16D0CDE900676F
:10C540000168D1F83C90C84778B1E3680399D4E911
:10C5500001020468AA18CDE90C67646948EB03037B
:10C56000A44605B0BDE8F04360476FF47A6005B0BB
:10C57000BDE8F08390F820301BB1406803681B6968
:10C5800018476FF47A6070472DE9F047D0E901143D
:10C5900005684FEA640A9DF820C005EB6400E407D3
:10C5A0009DF824E048BF55F80A409DF82880DDF842
:10C5B0002C9048BF6158DDE90C67CDE90A89CDE9C7
:10C5C0000C67CDE908CEBDE8F0470847FF2070476B
:10C5D000D0E944017047F0B51F46D0F8183116462F
:10C5E00001332DD1D0F86021D0E94445AF4208BFD6
:10C5F000A6421CD2D0F82811C9B101290CD000F5EF
:10C60000B47C0023994212DDFCE80245BD4208BF1C
:10C61000B44202D20133F5E700230344012193F829
:10C62000544100230C4205D0723350F823201046A9
:10C63000D117F0BD01334900042B49B2F2D1F6E71E
:10C640004FF480500021F4E7004870471AA2010817
:10C65000D0F86001002170470120002170472DE9CA
:10C66000F74F164601680269054600930192896BEF
:10C670004769DDE90CAB16EB0A0843EB0B09884769
:10C68000494508BF4045DDE9003203D2002003B030
:10C69000BDE8F08F16F17844284643F1FF31A41825
:10C6A0002A6841EB0707116B3246884702460B4662
:10C6B000204639460CF0BEFE1343E7D114EB0A04C2
:10C6C0002B68284647EB0B0718F1FF32196B49F12D
:10C6D000FF33884702460B46204639460CF0AAFE37
:10C6E00013430CBF01200020D1E700000048704731
:10C6F00020A20108D0E90601704790F82030002BF5
:10C700000CBF4FF0FF30FF20704790F8203013B17E
:10C710002020002170470020FBE77047094B0A48A2
:10C720005B6870B590248D1804FB03038D4207D01D
:10C7300011F8014B1868C6693606FCD58462F5E726
:10C74000104670BD6C1200241013002400207047A6
:10C75000012070476FF0150070476FF01C007047A4
:10C7600008B5836823B9054B1B6893F83D0008BDE5
:10C77000C06898470028F6D0F9E700BFF01C0024F5
:10C7800003681B6818470000094B30B51A46094C6E
:10C79000D3F89450A542FBD1036829B181680B609E
:10C7A0004FF44073536130BDC1681B04F7E700BF0D
:10C7B0000064025800030080BFF35F8F0122084924
:10C7C0008A6001320B69042A23F0010343EA000363
:10C7D0000B61F5D1BFF34F8FBFF36F8F704700BF71
:10C7E00090ED00E0BFF35F8F064A0023936013696A
:10C7F00023F0010318431061BFF34F8FBFF36F8F16
:10C80000704700BF90ED00E070472DE9F0474668A3
:10C8100096F8327087BB03685B689847346A844235
:10C820002AD03369041B96F934201C40B368306267
:10C83000A4FB0345CAB1736A14EB030845F1000970
:10C84000002A1BDBC2F12001A2F1200328FA02F426
:10C8500029FA02F509FA01F129FA03F30C431C4302
:10C8600004FA02F2A8EB02027262D6E90A321B193C
:10C8700045EB0202C6E90A32BDE8F087D6F80CA003
:10C880003B464046494652460CF0D4FD04460D4610
:10C890000AFB1082E8E72DE9F14F46680546376B41
:10C8A00027F07F4727F0FF07002F57D1FFF7ADFF95
:10C8B0007368002B60D0D5F800A0D3E90001D6E959
:10C8C0000A238B4208BF824205D3DAF8143001B044
:10C8D000BDE8F04F18476C68D4E90A32D4F814B0B8
:10C8E000B0EB030861EB0209D4E906234B4508BF0E
:10C8F000424520D3E36894F933C0A3FB080103FB4E
:10C900000911BCF1000F13D0A268531EC01841F1E9
:10C910000001BCF1000F24DBCCF12002ACF12003BC
:10C9200020FA0CF001FA02F221FA03F31043184343
:10C93000834528BF8346236A9B4423690BEA030B84
:10C94000DAF81030584698472B685B689847336A86
:10C950005B450AD258450CD283420AD801B0BDE8E3
:10C96000F08F3B460CF066FDE2E78342F6D958456E
:10C97000F4D32B685B69AAE77369306A326918449B
:10C980002B6810401B6901B0BDE8F04F184700004C
:10C99000014BD868704700BF3C0100246FF01500C0
:10C9A0007047012070474168034630B471B1D0E947
:10C9B000032000F0010402B944B1451001EB60000E
:10C9C0000CB149598A58996830BC104730BC70473F
:10C9D0006FF015007047036800221B691146184765
:10C9E0000368012200211B691847704784B001A821
:10C9F00004B080E80E0070471120704700290CBF7A
:10CA00006FF018000020704703680BB10846184704
:10CA100070470000024B987A003818BF0120704719
:10CA20003C01002408B504F013F8FCE7014B5869F9
:10CA3000704700BF3C01002401230A4A90F92010EE
:10CA400043701C32936810B51BB193F920408C429F
:10CA500005DCC0E90232906003B1D86010BD1A460F
:10CA60009B68F1E73C01002490F82230826B13F0C0
:10CA7000100F0CBF602020201044704710B5C4690F
:10CA8000621CD0E904310CD103B1596142691AB179
:10CA900013610023436101E0074A13630023C3616C
:10CAA00010BD1BB1DA6959612244DA614269002A7A
:10CAB000EED1014AD362F1E73C010024C2682AB1F9
:10CAC0008368936003B1DA600023C3607047037822
:10CAD000F12B00D07047C068F9E783689A688260DC
:10CAE00002B1D06000221846DA60704738B51F4C9A
:10CAF000237A022B35D1636A002B34D063694A1C38
:10CB0000587016D1226B002172B94FF0FF30C3E983
:10CB10000421D86159B10B611548FFF7DEFF0223EC
:10CB20004370A061012038BD11461269ECE7236310
:10CB3000F2E7E26A002012B1D569A9420BD2D961AD
:10CB4000C3E9042058B10361002AE5D0D0695361DC
:10CB5000411AD161E0E71046491B1269EBE7E36235
:10CB6000F2E70020DFE71846DDE700BF3C010024C4
:10CB70005801002491F92020836810B51BB193F966
:10CB80002040944205DAC1E90230816003B1D960E6
:10CB900010BD18469B68F1E7012301464370014828
:10CBA000FFF7E8BF5801002470B5124D04462E7AF5
:10CBB000696990B9022E0FD16C6A6CB194F920208A
:10CBC00091F920309A4207DD2046FFF777FF0846AB
:10CBD000FFF732FF6670AC6170BD022E05D190F98F
:10CBE000202091F920309A42F1DC2046BDE87040C7
:10CBF000FFF7D2BF3C01002438B504461546FFF7C5
:10CC000033FF01602046FFF739FF1DB1BDE8384012
:10CC1000FFF7CABFBDE83840FFF7BEBF10B50446F6
:10CC2000806918B100221146FFF7E6FF6378232BD5
:10CC300002BFA36800229A6110BD10B501460446E8
:10CC400064B12378F12B07D00846FFF737FF204661
:10CC5000BDE81040FFF78EBFE468F1E710BD0000AB
:10CC600038B5254DEC6A002C45D0E369013BE36102
:10CC7000002B40D16378732B06D009D8532B0BD0EF
:10CC800003F0DF03432B29D12046FFF720FF25E0E7
:10CC900003F0EF03832BF6E72046FFF718FFC37876
:10CCA0009B071BD5C06890F92120C36AD9788907F2
:10CCB00009D599688C4208BFA16821B191F920106B
:10CCC0008A42B8BF0A465B69002BEFD190F9203049
:10CCD000934203D080F82020FFF7AFFF2046FFF7F4
:10CCE000EDFEFFF759FF246924B1E369002BC1D0A1
:10CCF00000236361EC6238BD3C01002410B503469B
:10CD000053E8000F084203D1BFF32F8F002005E046
:10CD100020EA010243E8002404B1F1E710BD10B598
:10CD2000034653E8000F00EA01028A4203D0BFF332
:10CD30002F8F002005E020EA010243E8002404B11F
:10CD4000EFE710BD10B543780446332B15D190F8AA
:10CD50002330416A03F001029B0708D428301AB13E
:10CD6000FFF7DDFF48B10BE0FFF7C8FFFAE7806A85
:10CD700001EA000312B19942F4D010BD002BFCD09F
:10CD8000014600222046BDE81040FFF735BFD0E83D
:10CD90005F3F13B9BFF32F8F04E05A1EC0E8512F35
:10CDA00001B1F4E798B2704710B5D0E85F3F5A1C64
:10CDB000914200D80022C0E8542F04B1F5E798B2A0
:10CDC00010BD10B5D0E85F3F994202D8BFF32F8F56
:10CDD00004E05A1CC0E8542F04B1F3E798B210BD28
:10CDE00010B50446B8B10378F62B14D183683BB173
:10CDF000FFF773FE01220021FFF7FEFE002010BDA9
:10CE0000C1890C30FFF7DDFFE38983428CBF00202E
:10CE10006FF00200F3E76FF00300F0E7836810B5EE
:10CE2000044663B10C30FFF7B2FF40B12046FFF774
:10CE300054FE0022BDE810401146FFF7DDBE10BDD4
:10CE4000284B5A6970B50446002A41D0002842D0C8
:10CE50000378F52B3FD1037E002B3FD0C168914270
:10CE60003CD1013BDBB2037613BB43690BB10169D3
:10CE700019612169F1B14B6192F92130D56ADDB9AF
:10CE800082F82030A36883B12046FFF726FE0646CD
:10CE90002A462946FFF7B0FEF36AC4E903656361D9
:10CEA00003B11C610123F46223760020FFF77CFEAE
:10CEB00000200FE0D362DFE7E978890706D5A9688B
:10CEC00021B191F920108B42B8BF0B466D69D6E7AE
:10CED0004FF0FF3070BD6FF00300FBE76FF0020012
:10CEE000F8E700BF3C010024224B70B55D690446A1
:10CEF0000E46002D35D0002836D00378F52B33D1DF
:10CF0000037E53B9C0E90353EB6A436103B118616F
:10CF10000123EC620020237670BDC278D10706D5CC
:10CF2000C168A94203D1FF2B21D00133F2E7F6B14A
:10CF300093070AD5E06895F9203090F920209A42AD
:10CF400003DA80F82030FFF778FE31465320FFF7F0
:10CF5000CDFD18B129462046FFF70CFE6FF0010009
:10CF6000DAE74FF0FF30D7E76FF00300D4E76FF058
:10CF70000200D1E73C0100242DE9F04104460026DF
:10CF800001270CB9BDE8F081E378D4F814801B07C1
:10CF900012D5A36826767BB12046FFF79EFD0022BE
:10CFA00005461146FFF728FEEB6AC4E903566361A4
:10CFB00003B11C61EC6227764446E2E7034653E87E
:10CFC000000F421C43E8002101B1F8E77047036BF2
:10CFD00030B4BBB1CD780024DA78AA420AD31A461D
:10CFE000C1E9012462B191607CB16160283030BC3C
:10CFF000FFF7E4BF5A681C46002AF1D01346EBE75E
:10D00000C162F1E7C1E90133C1620163EEE730B506
:10D01000F0B1C3688B421BD803698B4218D900F169
:10D0200014031A680A60BFF35F8F53E8002F0C687F
:10D030009442F6D143E8001505B1F2E7043050E818
:10D04000003F5A1E40E8002101B1F8E7002030BD42
:10D050006FF00300FBE710B590B100F1140353E843
:10D06000004F14B9BFF32F8F04E0226843E800217A
:10D0700001B1F4E714B10430FFF7A0FF204610BD62
:10D080000446FBE730B5C0B189B1C2B1CBB10024D1
:10D090000160C3604361C0E9014202FB01F41D1954
:10D0A00005611846013904D1A21A99500121084698
:10D0B00030BD851805602846F4E70146F7E71146BC
:10D0C000F5E71946F3E730B580B1C9B1A1F108051C
:10D0D00000F108040022A54209D16B6823F0030483
:10D0E00043681B1B43603AB96A60012030BD236866
:10D0F00022463BB11C46EEE751F8083C1360F4E7CA
:10D100000846F3E71846F1E710B5C378044613F074
:10D11000010322D1038083789A0708D513F0100FFA
:10D12000016B134B0FD0D3F88400FFF770FFA37887
:10D13000DB071CD50E4B2146D3F8880038B1BDE87B
:10D140001040FFF764BF586FFFF7BDFFEFE7D3F85C
:10D150008000BDE81040FFF7B6BF042343700023F2
:10D16000C360034B5A6B826002B1D0605C6310BD38
:10D170003C01002438B5044600283BD00378F12B4D
:10D1800038D1437803F00F03022B06D0032B28D0AD
:10D19000012B23D06FF002001FE0184B1A7A022AED
:10D1A000F8D15B6A002BF5D0E06AFFF7E5FE204678
:10D1B000FFF734FD6578022D18D1104901F11C00EC
:10D1C000FFF78BFC45708861EFF30983A3630023AD
:10D1D0004B612046FFF798FF002038BDFFF76EFC3B
:10D1E000E2E7FFF76BFCFFF749FCDDE70020FFF704
:10D1F000DBFCEEE76FF00300EFE700BF3C0100242B
:10D2000070B50F4C267A022E18D1636AB3B16569E6
:10D21000E86AFFF7B1FE2846FFF700FD04F11C00A5
:10D22000FFF75BFC4670A061EFF30983AB6300235B
:10D2300028466361BDE87040FFF766BF70BD00BF60
:10D240003C01002470B5054638B30378F62B24D191
:10D25000836863B12846FFF740FC00226FF00201AB
:10D26000FFF7CAFCA8680028F4D1FFF79DFCAB7853
:10D27000002613F001032E7012D00A4B2946D3F872
:10D28000984024B12046FFF7C2FE304670BDD3F867
:10D290008000FFF718FF2046F8E76FF00300F5E77E
:10D2A0001846F3E73C01002470B50446002849D035
:10D2B0000378F52B46D1037EBBB16369C0680BB11F
:10D2C00022691A61226902B3536190F92120C36A6D
:10D2D000EBB990F92030934203D080F82020FFF77B
:10D2E000ACFCA068F8B9FFF75FFCA078002610F04E
:10D2F0000100267008D0154B2146D3F89450DDB1BB
:10D300002846FFF784FE304670BDC362DDE7D9785A
:10D31000890706D5996821B191F920108A42B8BFD2
:10D320000A465B69D4E72046FFF7D7FB00226FF07F
:10D330000201FFF761FCD4E7D3F88000FFF7C3FEDA
:10D340002846E1E76FF00300DEE700BF3C01002460
:10D35000F0B568B381B10F3100F1080621F007077D
:10D36000334636685C68F11A24F00304091B8F42C7
:10D3700004D931680029F3D10846F0BD45683A4325
:10D3800004683D444560204450F8041C08388D4230
:10D3900088BF4560586818B903F108015A60EBE787
:10D3A00020F0030019181E504A6019600831E3E7A5
:10D3B0000146E1E72DE9F04F85B08146029120B9A1
:10D3C0000024204605B0BDE8F08F002A00F08680DA
:10D3D0009468B4B1A007F3D1D368432BF0D997690F
:10D3E000D2E904658EB17107EAD1002DE8D077B992
:10D3F00018276B07E4D1A5F14801574B99420BD987
:10D40000DEE7D368002BEAD0DAE7002F64D07B1E7A
:10D41000372BD5D8002DECD1D2E900A30193002CF5
:10D4200069D14E4BD3F8880000285DD0FFF713FE7A
:10D4300004460028C4D04FF00108A6B9DFF81CB19B
:10D44000002D71D1DBF88400002857D0FFF703FED0
:10D45000002870D048F0100806464FF4805548F078
:10D460000208002CACD040F2F113FD226563403D70
:10D4700023807FB2019B35446284E3700023384AE5
:10D4800084F80280C4F804A084F8207084F8217025
:10D49000C4E90E59C4E90233C4E90433C4E90633CC
:10D4A000C4E90933C4E90B363260A26B114602F1BC
:10D4B000340042F8043B8242FBD12A4B20462A4AE0
:10D4C000C1E90D394FF08073CB63029B0B62234B94
:10D4D0001A66FFF769FB74E718279BE79246164622
:10D4E0001827154601929CE701224421D3F88000B9
:10D4F000FFF72EFF9CE74FF000089EE72A464FF407
:10D5000080554FF48051DBF87400FFF721FFF8B924
:10D51000B8F1000F1ED0DBF888207AB12146104602
:10D520000024FFF774FD9AE732462946DBF87400C1
:10D53000FFF70EFFEBE74FF48055E9E72146DBF8F4
:10D5400080000392FFF7BFFD039A1446164686E754
:10D55000064684E7444682E7B7FFFF7F3C0100248C
:10D56000A52E5AE259F2000845CD000870B54FF6D5
:10D57000FE731446421E05460E469A4201D900200B
:10D5800070BD8842FBD3CCB1A068226890B110F086
:10D590000303F4D1E1680F29F1D91446F622837010
:10D5A00000234460027083600D4A0E4B8681C58162
:10D5B0009A66E5E7E368002BE1D11446094BD3F8FE
:10D5C000980028B1FFF747FD0028D8D00123E5E7F0
:10D5D00001221021D3F88000FFF7BAFEF4E700BF64
:10D5E0001DCE00083C01002438B5034660B3D0E9E5
:10D5F00000458068A0B110F0030201D0002038BDC2
:10D60000DB681B2BFAD91346F52283700023C57003
:10D61000027044600376C0E90233C0E90433EEE7E8
:10D62000DB68002BEAD10A4BD3F8940030B9012211
:10D630001C21D3F88000FFF78BFE01E0FFF70BFD04
:10D640000028DBD00123DFE704460546EBE700BFF7
:10D650003C01002410B598B140EA010313F0070320
:10D660000ED117290AD90160083910220C1842601E
:10D6700084600B5081684A60C3600123184610BD66
:10D680000023FBE738B51C4C257A012D28D07DBB43
:10D690001A4B29462846E3651023A4F85430052385
:10D6A0002364FFF7D7FF08B1C4F880500021084673
:10D6B000FFF7D0FFB0B9D4F8803000216367084687
:10D6C000FFF7C8FF80B9D4F880300021A36708466F
:10D6D000FFF7C0FF50B9D4F88030E367012323720D
:10D6E000002038BD0023E8E70023EEE70023F4E73D
:10D6F0004FF0FF30F5E700BF3C010024142E00245A
:10D70000064BDA6A3AB1D0695B6C1BB11B6998426F
:10D7100028BF184670474FF0FF30F5E73C01002462
:10D7200010B50446D0B10268806898B110F00303C8
:10D7300001D0002010BDE1680F29FAD91446F32268
:10D7400083700023446002700D4AC0E902330D4B20
:10D750005A66EFE7E368002BEBD11446094BD3F888
:10D76000900028B1FFF777FC0028E2D00123E6E71C
:10D7700001221021D3F88000FFF7EAFDF4E700BF93
:10D780007FD800083C01002410B402F00104920785
:10D7900009D40C301CB15DF8044BFFF7C0BA5DF83A
:10D7A000044BFFF7ABBAC06801EA00022CB191420A
:10D7B00018BF00205DF8044B7047002A08BF002006
:10D7C000F8E70000F8B50D4617461E460446C0B1FE
:10D7D0000378F32B15D1002913DBFFF7D5FF90B9A0
:10D7E00096B131464320FFF781F938B1084B204606
:10D7F0005969FFF7BFF94D6281F823706FF001009E
:10D8000001E06FF00300F8BD6FF00200FBE700BF1E
:10D810003C010024F8B5064670B30378F32B2BD1F6
:10D82000002929DB00F10C0353E8002F42EA010430
:10D8300043E8004000B1F7E7B56825B92846FFF78F
:10D84000B3F92046F8BD696A304695F82320AF68E1
:10D85000FFF79AFF014668B195F823309B0756BF42
:10D860006C6A044620EA04042846FFF727F90022E0
:10D87000FFF7C2F93D46E0E76FF00304E1E770B55A
:10D880000546846804B970BD616A284694F823206F
:10D89000A668FFF779FF014628B12046FFF70EF989
:10D8A0000022FFF7A9F93446ECE7014608B538B184
:10D8B0001320FFF71BF980F00100C0B2404208BD01
:10D8C0006FF00300FBE7C3681847D0E90030184742
:10D8D000D0E90132016810B401EB62005410D207A4
:10D8E00048BF0A595DF8044B48BFD3581847FFF7A3
:10D8F000EABF7047002050709070D070704730B50C
:10D90000A1F11004002500F00F02CD7302390009C7
:10D91000D3B2092ACCBF373330330B748C42F2D1E7
:10D9200030BD0000322310B50A4C0B800A4BA11CFD
:10D930001868FFF7E4FF094B04F112011868FFF7BC
:10D94000DEFF074B04F122011868FFF7D8FF2046DD
:10D9500010BD00BF0400002400E8F11F04E8F11F1F
:10D9600008E8F11F90F8203010B504465BB11C3078
:10D97000F4F792FB38B984F8200060680368BDE8CA
:10D980001040DB681847002010BD10B5044609F0B0
:10D9900097FB204610BD10B5044609F091FB2046C8
:10D9A00010BD10B5044609F08BFB204610BD08B52C
:10D9B00090F820302BB100691044F4F717FB0021D8
:10D9C00008BD1846FBE708B590F8203023B1006980
:10D9D000F4F70CFB002108BD1846FBE7F8B59C46A0
:10D9E0000D4617460446002872D00278FA2A6FD1F5
:10D9F00000296DD000F1280252E8001F11B9BFF3D1
:10DA00002F8F04E0481E42E8000606B1F4E711B18A
:10DA1000E66A01229EB9BCF1000F5CD0614683200A
:10DA2000FFF764F840B1304B20465969FFF7A2F880
:10DA3000EFF30983C3E902576FF0010023E0B11C43
:10DA4000D1E84F0FC1E8432F03B1F9E710F0FF0F02
:10DA500044D0B668DEE79A60B268AAB15360626AE1
:10DA600006F10C01284609F083FB0FB1F3783B70F7
:10DA7000002504F10C07314638463570FFF7C7FA28
:10DA8000A3681BB90020F8BD2363E8E73846FFF719
:10DA9000E2FA06460028F5D02046FFF71EF80746B2
:10DAA00029460122FFF7A8F83846FEF7DDFF626A33
:10DAB0000746816806F10C0009F05AFBF923B5709E
:10DAC000314633702046FB68F370FFF780FAD9E7E0
:10DAD0006FF00300D7E76FF00200D4E7D6E9013218
:10DAE000002BB8D1E262B7E73C010024F8B5817899
:10DAF00004468568002938D04368C6688BB39D60AA
:10DB0000A26882B35360002706F10C05214628461F
:10DB10002770FFF77CFAB368002B4CD02846FFF73C
:10DB20009AFA0446002846D03046FEF7D6FF05464E
:10DB30003A463946FFF760F82846FEF795FF726AC5
:10DB40008168054604F10C0009F012FBF923A77067
:10DB5000214623703046EB68E370BDE8F840FFF7DC
:10DB600036BAF562CCE73363CDE7AB6803B35B78D5
:10DB7000832B1DD12846FEF7B0FF06460A46FFF765
:10DB80003BF83046FEF770FF06466A6A04F10C0166
:10DB9000806809F0EDFAF3680BB1E2781A7000239F
:10DBA000214605F10C002370BDE8F840FFF72FBABD
:10DBB00021462846D1E7F8BD2DE9F0410C4617462D
:10DBC00098460546002848D00378FA2B45D100290D
:10DBD00043D08368C3B15B78832B15D1FEF77DFFFB
:10DBE000064601220021FFF707F83046FEF73CFF0A
:10DBF00006466A6A2146806809F0BAFAF06808B1F8
:10DC000007700020BDE8F08105F10C00FFF723FA52
:10DC1000064670B121466A6A0C30002409F0A8FA61
:10DC2000F923314628463370B470F770FFF7CFF907
:10DC3000E7E7B8F1000F13D041469320FEF756FFF7
:10DC400040B1094B28465969FEF794FFEFF3098369
:10DC5000C3E902476FF00100D4E76FF00300D1E79A
:10DC60006FF00200CEE700BF3C010024024B1868B1
:10DC700008B1F9F7FDB87047A835002470B514460F
:10DC80006FF00046126805460498B24207D238B1D8
:10DC9000014618460BF07AF9431C05D1206070BD8F
:10DCA00015B18A4238BFAB54236801332360F6E7CD
:10DCB0002DE9F04F2DED028B8DB00E46002105466B
:10DCC0009DF87030174607A814229DF868900493B9
:10DCD0000691DDE918AB09F059FA049B002B14BF3B
:10DCE00030232023B9F1010F08EE103A48D1BAF1E0
:10DCF000000F7BF1000343DADAF1000ACDF80C9053
:10DD00006BEB4B0BA9F102034FF00008DBB205935C
:10DD1000059B012B5ED8B9F1020F0AF00F030CBF6F
:10DD20003B4A3C4AD35C06AA02F808304FEA1A1371
:10DD30004FEA1B1243EA0B7393469A465AEA0B03C7
:10DD400008F1010444D1039B23B3049B3BB11D9B09
:10DD50003A463146284600932D23FFF78FFF08F1FE
:10DD600002041B9B9C421ADB049B3BB91D9B3A4659
:10DD70003146284600932D23FFF780FF013C1FE02A
:10DD80005AEA0B0302D000230393BBE7302301249C
:10DD90008DF818301B9B9C4212DA002303931D9BC5
:10DDA0003A4631462846009318EE103AFFF766FFD0
:10DDB0001B9B013BA3421B93F1DC039B002BD3D1A4
:10DDC0000DF11808CCB90DB0BDEC028BBDE8F08F99
:10DDD000A0469DE7504659460A2200230BF02AFB35
:10DDE00006AB30325046594603F808200A22002379
:10DDF0000BF020FB82468B46A0E71D9B013C3A4678
:10DE000031460093284618F80430FFF737FFD9E76A
:10DE1000EBA90108FBA901082DE9F04F1C468BB0C6
:10DE2000002306460D46DDF8508017460993AAB137
:10DE3000994213DB0CBF012301F1FF354FF0000BBA
:10DE4000079317F80B306BB946B1079B33B9099BA1
:10DE5000AB4295BF079A079BF254735509980BB0D4
:10DE6000BDE8F08F252B40F02B810BF1010A17F84C
:10DE70000A30203BDBB20D2B07D842F6090222FA0A
:10DE800003F3DB0748BF0BF1020A17F80A302A2B0D
:10DE900046D100210AF101020434084617F802C0F5
:10DEA000BB18BCF12E0F62D193F801C0BCF12A0F50
:10DEB00051D00022C7F10109069209EB030213F8C1
:10DEC00001CFACF1300C5FFA8CFEBEF1090F47D9DF
:10DED000BB5C682B4ED1BB185B78682B0CBF7223E0
:10DEE000112303F0030A924417F80A90B9F1640F62
:10DEF00002D0B9F1690F62D1822B55D1073424F0D9
:10DF00000704F4E8022303910121CDE904080291FA
:10DF100029463046CDE9002309AAFFF7C9FE87E06C
:10DF2000302B16D10AF1010A17F80A30302BF9D03C
:10DF30000120BA440021AAEB07021AF8013B303B4A
:10DF40005FFA83FCBCF1090FA8D80A2202FB013159
:10DF5000F1E70020EDE7023254F8043B0693B7E7FF
:10DF6000069A4FF00A0E0EFB02C20692A5E76FF06A
:10DF70000043F3E76C2B06D1BB185B786C2B0CBF0E
:10DF800082232123ADE76A2B08D07A2B08D0742B8B
:10DF900008D04C2B14BF00236123A2E73123A0E754
:10DFA00041239EE751239CE7112B54F8042B04D006
:10DFB000722B08BF52B2D317A5E712B2FBE7B9F133
:10DFC000750F03D009F0DF02582A24D1822B0CD11F
:10DFD000073424F00704F4E80223B9F1750F039124
:10DFE000CDE9040811D1002191E7512B54F8042BFD
:10DFF00009D0722B03D0112B03D00023EDE7D2B24E
:10E00000FBE792B2F9E7D317E7E7B9F1580F0CBF76
:10E01000032102217BE7B9F1630F0CD154F8043BD3
:10E0200009AA29463046DBB2CDF80080FFF726FE6C
:10E030000AF1010B05E7B9F1730F15D154F804BBD0
:10E040000BF1FF3919F8013F002BF1D0069AA2EB32
:10E0500009021BEB020FEBD009AA29463046CDF886
:10E060000080FFF70BFEEDE7B9F1700F1BD154F8FC
:10E07000049B302309AA29463046CDF80080FFF7DB
:10E08000FDFD782309AA29463046CDF80080FFF728
:10E09000F5FD00234A46CDF81480CDE90333032370
:10E0A0000293D31734E7252309AA29463046CDF831
:10E0B0000080B9F1250F18BFDA46FFF7DFFDB7E79B
:10E0C00009AA29463046CDF80080DA46FFF7D6FD8A
:10E0D000AEE7012008B501F083FB000011F001005C
:10E0E00010B58CB204D0F3F7E1FF003818BF01205F
:10E0F000E2060AD5054B5A6890235343044AD35885
:10E10000DB691B0648BF40F0100010BD6C120024F4
:10E1100010130024F8B50D4682B3194B194C5F68F3
:10E12000902303FB07439A68B2F5805F16D11A6902
:10E13000BAB940F2FF12A3F86020902202FB074216
:10E14000B2F86060F3F7B2FF0028FBD09023012003
:10E150007B43E3585B6A1E402E70F8BD1AB91A69FA
:10E1600032B9FF22E7E7B2F1805F05D11A690AB937
:10E170007F22E0E73F22DEE70022DCE71046ECE703
:10E180006C1200241013002438B50F4C0546B4F867
:10E19000541004F15600FEF714FE814203D8022108
:10E1A0000A48F3F785FE04F15800FEF7FDFDE36D24
:10E1B00043F82050637A23B9054B4FF080525A60E0
:10E1C00038BD0123A372FBE73C0100242601028035
:10E1D00000ED00E038B50D4CFA2300251422237021
:10E1E0000823042104F10C00A570C4E90935084B8B
:10E1F000C4E90155C4E90B55FEF744FF054B064A37
:10E200002846DC641A67054A1A6538BD542E002476
:10E21000882E00243C010024EDDA0008F1080108F2
:10E2200010B5044C0A460448214606F0B5FA2046CB
:10E2300010BD00BFA81A002429A2010810B5044C83
:10E240000A460448214606F0A7FA204610BD00BF42
:10E25000A81A002437A201087047000010B5044630
:10E260000068F8F705FE014618B9236A01332362F6
:10E2700010BD044B1B78DBB2002BF9D10248F3F739
:10E2800017FE00BF391000241501028007B51346A0
:10E290000A466FF0004100900020FFF7BDFD03B07B
:10E2A0005DF804FB0EB40FB505AB6FF0004153F8F9
:10E2B000042B009000200393FFF7AEFD04B05DF83F
:10E2C00004EB03B0704713B500240094FFF7A4FDDE
:10E2D00002B010BD07B51346002200920A466FF047
:10E2E0000041FFF799FD03B05DF804FB07B50B464D
:10E2F0000649024600200968896800916FF00041D4
:10E30000FFF78AFD03B05DF804FB00BFF4020024B0
:10E310000CB41FB506AB002453F8042B00940393F0
:10E32000FFF77AFD04B0BDE8104002B070470EB4AC
:10E330000FB5002105AB53F8042B00916FF000419D
:10E340000393FFF769FD04B05DF804EB03B0704779
:10E350000FB41FB5084906AB0020096853F8042B19
:10E360008968039300916FF00041FFF755FD05B0F8
:10E370005DF804EB04B07047F402002407B5019087
:10E3800008F096FE019910B90248F3F791FD03B029
:10E390005DF804FB1F0101802DE9F34D00F11C0322
:10E3A000074653E8002F013243E80026002EF8D13B
:10E3B000012A40F08680786803689B689847064683
:10E3C00068BB786803685B6A9847422838BF422078
:10E3D0000446FFF7D3FF80467868C4F500720368EF
:10E3E0004146CDE900465D693346A847064698B9DF
:10E3F000A4F1420308EB030595F84030552B64D196
:10E4000095F84130AA2B60D17B7E05EB031313F8FE
:10E41000102C520608D02E4E404608F051FE002324
:10E4200087F82030FB614CE013F80C2C0F2A04D83D
:10E4300048F22103D340DB07EDD478684FF0000A9F
:10E440000368DB6A98477B7EB0F5007F03F1FF33FA
:10E4500038BF4FF4007005EB03131A793A7653F87E
:10E46000081F0A0A61F3070A62F30F2A0A0C090E51
:10E4700062F3174A002261F31F6AA0FB0AABC7E9E7
:10E4800002AB5B68190A63F3070261F30F22190CF0
:10E490001B0E61F3174263F31F62A0FB024578680D
:10E4A00052460368C7E90445CDE90045596C5B460F
:10E4B00088470028AFD00123404687F8203008F075
:10E4C000FFFD304602B0BDE8F08D024EA4E700BF6C
:10E4D000E2F3FFFFE3F3FFFF014B1868F8F7C8BC56
:10E4E000402D0024014B1868F8F7C2BCF02D002421
:10E4F00001207047074A084913681844884283BFBF
:10E50000064B0C224FF0FF3010608CBF1A6018468B
:10E51000704700BF3801002400FC0724AC3E0024F3
:10E5200008B5094BD3E85F2F013AC3E8512F002902
:10E53000F8D14FF6FF7192B28A4203D1198803488D
:10E54000F3F7B6FC08BD00BF2C2D00242401048085
:10E55000436B30B5044685B07BB100F128036D46AE
:10E560000FCB85E80F000023636394F838300BB1BC
:10E57000FFF7D6FF2846FFF7A6F905B030BD00002B
:10E5800008B5074BD3E85F2F0132C3E8512F0029AC
:10E59000F8D192B21AB919880248F3F789FC08BD7C
:10E5A0002C2D002423010480064A136843B1013B4B
:10E5B00013602BB9044A1370044B1B7803B162B685
:10E5C000704700BF282D0024C8350024242D0024C6
:10E5D000EFF3108372B6074A117831B9DB4306496D
:10E5E00003F001030B7001231370044A1368013315
:10E5F00013607047C8350024242D0024282D0024E2
:10E6000008B5FFF7E5FF064A1388013B9BB213806C
:10E6100013B90120FEF7E6F8BDE80840FFF7C4BFD4
:10E62000102E002410B5074CFFF7D2FF218811B936
:10E630000846FEF7D7F801312180BDE81040FFF70A
:10E64000B3BF00BF102E002408B5FFF7C1FF064A74
:10E650001388013B9BB2138013B90120FEF7ACF87D
:10E66000BDE80840FFF7A0BF122E002410B5064CED
:10E67000FFF7AEFF208808B9FEF79EF80130208032
:10E68000BDE81040FFF790BF122E0024F0B51E4DDC
:10E690008FB00E461746002818BF054630220021CD
:10E6A00002A808F073FD194B01AC01952B440396A9
:10E6B000012B05D9164B9D4202D0033B9D4220D130
:10E6C000F36B0293736B0893124B134D5B69DA6B18
:10E6D000049305925A6B1B6B06920793FFF778FF22
:10E6E0000E4A1368013313600FCC0FC50FCC0FC552
:10E6F0000FCC0FC523682B60FFF756FF00200FB02B
:10E70000F0BD02970894DFE70101FF80C2FE007FA1
:10E710004001FF803C010024AC2D0024602D00242A
:10E72000F8B50546FFF754FFD0E90034DB68984799
:10E7300094F832301BB1BDE8F840FFF735BF012334
:10E7400084F831306368ABB12846FEF75EF8616843
:10E75000D4E90A67D1E900239F4208BF964209D352
:10E760006B685A68CB6863602368002BEAD09068B6
:10E770009847E7E70023284684F83130FEF78BF806
:10E78000D9E7F8B54B6915460C469B1A002BACBF70
:10E79000D318131C4B6103898B80FFF719FF0246C6
:10E7A00003686BB35E696169771A002F24DB8E42C0
:10E7B00026D19B68A36013B104F1080119611368A5
:10E7C0002146002641F80C3F9E6019611460836A5F
:10E7D00022616BB190F8242052B10268A24207D1A5
:10E7E000E2682AB96169C06A491B21EAE171984768
:10E7F000BDE8F840FFF7D8BE03F108029B68D0E7F8
:10E80000A36013B104F1080119610023E360DDE79F
:10E8100008F0C4BC08F06CBD08F010BD406828B119
:10E82000037B012B01D104387047002070470000A2
:10E83000436893F830202DE9F0470646002A74D14A
:10E8400093F83230002B70D103681B689847336807
:10E85000DB699847364B0268002A08BF1A46114602
:10E860001C46B1FBF3F304FB13132146002BF7D135
:10E870002F4B01257768B3FBF4F11F23B960013BEF
:10E8800003D305FA03FC6145F9D1B2FBF4F287F832
:10E89000333001241F23FA6004FA03F5AA4201D0A1
:10E8A000013BF9D287F834304468231F1B2B93BFF8
:10E8B00001234FF0FF332024A340A4F1040498BFA8
:10E8C00003F1FF3312F1FF303B614FF0070303FA0E
:10E8D00004F44FF000034FEAE4797C61A4FB0145A6
:10E8E0009A4601FB095543F1FF31201845EB010120
:10E8F0000AF0A0FD3368C7E906015B68C7E900AA12
:10E90000984773683862002100200122C3F824A0D0
:10E9100083F832A01A86C3E90A013046FDF775FF75
:10E920003046BDE8F047FDF7B6BFBDE8F08700BF51
:10E9300040420F0010B50446FFF77AFFFFF748FE8C
:10E940002046FDF762FF6368D3E90A01FFF72CFE5A
:10E9500010BD2DE9F8430C4680468869FFF7EAFFB1
:10E96000D4E90A59461B61EB0907002F08BFB6F529
:10E970007A7F2AD3002F08BFB6F5FA6F28D3002E6E
:10E980004FF47A72304677F101034FF00003B4BFC1
:10E99000002139460AF04EFD4FF47A760023A36336
:10E9A000A0FB0623551906FB013343EB0903C4E919
:10E9B0000A53D4E90C32C318404642EB0101C4E9C2
:10E9C0000C31C8E90031BDE8F88300200146E3E7D7
:10E9D00001200021E0E700002DE97043154E356865
:10E9E0002DBB154C4FF0000814484FF00009144B94
:10E9F000A0612360C4E90289C4E90455FFF718FF48
:10EA0000FFF7E6FD0F4B104A1A60FFF7CDFD0F4BE5
:10EA1000A0692360FFF78EFF84F840503460C4E99A
:10EA20000801C4E90A01C4E90C89C4E90E5530683B
:10EA3000BDE87083F01C0024A81C00240CAA010867
:10EA4000A0A90108682D002481C70008D0A90108E9
:10EA5000B1F900305A1C01D118467047834201D1E8
:10EA6000886870470C31F3E708B5431C03D10346AF
:10EA7000184608BD0C31B1F900305A1C04D0984238
:10EA8000F8D14B68591CF3D101460148F3F710FA4D
:10EA900030010180884208B507D0431C05D0013100
:10EAA000014602D00248F3F703FA084608BD00BF4A
:10EAB00030010180D0F890302DE9F04F012B044651
:10EAC0002DED088B87B0029307D9002084F89400BD
:10EAD00007B0BDEC088BBDE8F08F031DB0F9967050
:10EAE000B0F9986008EE103AD0F88C30B0F99A502E
:10EAF000B0F99CA008EE903AB0F99EB0B0F9A080B1
:10EB000038467249FFF7B0FF714903903046FFF76E
:10EB1000ABFF704901902846FFF7A6FF6E4909EE4A
:10EB2000100A5046FFF7A0FF6C4909EE900A5846BC
:10EB3000FFF79AFF6A490AEE100A4046FFF794FF72
:10EB4000019A039B814611461846FFF7A3FF19EE71
:10EB5000901A019019EE100AFFF79CFF49460390A6
:10EB60001AEE100AFFF796FF019B1A46039B9A4282
:10EB7000ABD1019B8342A8D154493846FFF768FFC7
:10EB8000534903903046FFF763FF524909EE100ADC
:10EB90002846FFF75DFF504909EE900A5046FFF7FF
:10EBA00057FF4E490AEE100A5846FFF751FF4C49ED
:10EBB0000AEE900A4046FFF74BFF4A4A0BEE100A56
:10EBC000039BD2F8D410484841F48041C2F8D410D5
:10EBD000D2F8D41001F48041059105994349D0F849
:10EBE0008CC08C45FBD1D16F4FF0000941F48041BE
:10EBF000D167D16F21F48041D1674FF44072012178
:10EC0000C26000223846A4F8547084F8452022617E
:10EC100084F844204FF0004292FAA2F2B2FA82F253
:10EC2000013A62614FF48062A261029AE261019A44
:10EC3000C4E9021162601946C4E90899F3F7A0FB20
:10EC400049463846F3F754FB19EE101A3046A4F83B
:10EC50005660F3F795FB49463046F3F749FB19EE4A
:10EC6000901A2846A4F85850F3F78AFB49462846DC
:10EC7000F3F73EFB1AEE101A5046A4F85AA0F3F729
:10EC80007FFB49465046F3F733FB1AEE901A58467D
:10EC9000A4F85CB0F3F774FB49465846F3F728FB39
:10ECA0001BEE101A4046A4F85E80F3F769FB494654
:10ECB0004046F3F71DFB18EE901A18EE100AF5F710
:10ECC000C1FBB0FA80F0400900E700BF40A5010891
:10ECD00070A50108A0A50108C4A50108F4A50108B4
:10ECE00018A601080044025800640258000300807E
:10ECF000431C07B510D103B05DF804FB83420AD171
:10ED000089680190F3F73CFB0021019803B05DF89E
:10ED100004EBF3F7EDBA0C31B1F900305A1CEDD128
:10ED200001460148F3F7C4F8300101800148FFF7BC
:10ED3000F7BC00BF0CAA010870B504461646018254
:10ED40001D46F4F7D3F920460021F4F7F3F93146D4
:10ED5000B4F91000F3F7CCFA29462046BDE870401C
:10ED6000FDF712BD38B5154604460182F4F7BEF929
:10ED700020462946FDF708FD0121F4F7DBF9B4F937
:10ED800010000021BDE83840F3F7B2BA00B589B0F1
:10ED9000154DFFF71DFC0022A52101A8FFF7E2FF9A
:10EDA0000424012101A8FDF7EFFC2846F3F792FAAD
:10EDB000002101A8FDF7E8FC2846F3F78BFA013C97
:10EDC000EFD10424094E012101A8FDF7DDFC3046F6
:10EDD000F3F780FA002101A8FDF7D6FC3046F3F7DF
:10EDE00079FA013CEFD1DBE7F0490200801A060016
:10EDF00008B50E4B0121D3E84F2FC3E8401FD2B214
:10EE00000028F8D12AB1FFF7E3FBBFF34F8F20BFF3
:10EE1000FDE7EFF305831BB9EFF31083DB0701D5A3
:10EE2000FFF7B4FF012000F0DBFC00BFA82D002499
:10EE30000FB407B5CDF804E0F3F72EF8019A0146B8
:10EE400010B90248FFF722FCFFF7D2FF0001FF8054
:10EE500038B5856900F10804FFF7BAFB6A685368A2
:10EE60009C4209D1436928465360FDF714FDBDE873
:10EE70003840FFF799BB1346002BF8D0DA6894426C
:10EE8000F9D14269DA60F2E738B5114C237A022BE6
:10EE90001CD1104B1D682846FFF7DAFF00234FF006
:10EEA000007285F83F300C4B5A6001226272BFF34A
:10EEB0004F8F5968C90003D54FF000615960A272A5
:10EEC00004232372BDE83840FEF71ABC002038BD89
:10EED0003C010024F01C002400ED00E02DE9F74384
:10EEE000044600F108058069904699460190FFF7B5
:10EEF0006FFB0198FDF789FC0198002142682461AD
:10EF00005368C4E902892BB9636161B95560FDF7A3
:10EF1000C2FC0FE0D3E90067B94508BFB045F3D3A1
:10EF20001946DB68EFE7D2E90A23CD604B4508BFFD
:10EF30004245ECD203B0BDE8F043FFF735BB00001B
:10EF400090F83C3030B453B1002380F83C3090F856
:10EF50003E3013B9012380F83D3030BC704790F843
:10EF60003F30002BF9D0836B4FF080620133836315
:10EF70000B4B5A60D0E90C32013342F10002C0E978
:10EF80000C32D0E90A2312F57A7543F1000412F528
:10EF9000FA62C0E90A5443F1000330BCFFF79EBF98
:10EFA00000ED00E010B5FFF717FD012380F83F30BA
:10EFB000836B1BB1064B4FF080625A60D0E90A2385
:10EFC000BDE8104012F57A7243F10003FFF786BFE7
:10EFD00000ED00E038B5274C237A012B03D04FF029
:10EFE000FF35284638BD244A00212448FEF7E2F9BF
:10EFF000A062FFF7EFF805460028F0D1204AE16C47
:10F000002048FEF7D7F9A0640028E8D01E4AFF2365
:10F0100082F8223092F82230D26863F0FF03C2F304
:10F020000222DB4314BFB3FA83F32023C3F120038E
:10F03000934298BF531CFE2202FA03F3124ADBB23A
:10F04000D377F02382F823309368104ADA63BFF352
:10F050004F8F4FF0FF332361FFF7A4FF0C48FDF7FC
:10F060003CFD02234370A06183F31488BFF36F8FCC
:10F070002372B6E73C01002438AA010825CA00081B
:10F0800074AA0108BD08010800ED00E0FF030008B4
:10F090005801002438B51E4C0546237A042B35D17F
:10F0A000FEF72EFBE26AA842034694BF00F1FF334D
:10F0B0002B4612B1D069C01AD061626C12B11069CE
:10F0C000C01A1061E06803440544E360E368AB42A2
:10F0D00013D1022300202372FDF766FD0023637223
:10F0E000BFF34F8FA27A22B1A3724FF08052094B27
:10F0F0005A60BDE83840FFF755BF0133E360FDF7C4
:10F10000AFFD236D002BE1D09847DFE738BD00BF8E
:10F110003C01002400ED00E0F8B50F4B002600276D
:10F12000002504460360C0E90267C0E904550B48A6
:10F13000A061FFF77DFBFFF74BFA094B094A1A6004
:10F14000FFF732FA01232046656384F83830064B16
:10F15000C4E908672360F8BDA0A90108649B010801
:10F16000E00F002481C70008C4A90108F8B50446CF
:10F170000E4615460021202268301F4608F006F88A
:10F1800094F86030721C84F8683016BF00230123A5
:10F1900084F8696084F86A3094F8613084F86C30DF
:10F1A00094F8623084F86D306B1C16BF0023012385
:10F1B0002567013784F8743094F8633084F8783028
:10F1C00094F8643084F8793016BF00230123E36794
:10F1D00084F88030D4F8883084F8843094F865302E
:10F1E00084F88530F8BD43681A6803681A4214BF72
:10F1F0000120002070470000094B30B51A46094C29
:10F20000D3F89450A542FBD1036829B181680B6003
:10F210004FF44073536130BDC1681B04F7E700BF72
:10F22000006402580003008008B5FFF7D1F90121FE
:10F23000F3F780FFBDE80840FFF7B6B905F0C6BB9D
:10F24000EFF310832BB9EFF31180003818BF0120C2
:10F25000704701207047000008B5EFF305832BB914
:10F26000FFF7EEFF10B9DFF80CC000DFDFF808C0D1
:10F2700000DFFEE72DCA000801D2000810B50446E1
:10F28000EFF305831BB15CB96FF0030017E0FFF7E4
:10F29000D7FF0028F7D12046DFF82CC000DF0EE0B2
:10F2A0002378F62BF0D1E18904F10C00FDF789FDFC
:10F2B000E389834204D92046FEF766FF002010BD93
:10F2C0006FF00200FBE700BFE1CD000810B5044677
:10F2D0000430FEF7F8FA04F15400FEF7BFFF0023F4
:10F2E000206C6361012384F83D30BDE81040FFF7D6
:10F2F000C5BF0000024608B5EFF3058313B16FF0F8
:10F30000050008BDFFF79CFF0028F8D11046DFF884
:10F3100008C000DFF5E700BF41CE000808B5036A6A
:10F32000013B03620068FFF7E5FF014630B1044B83
:10F330001B78DBB213B90348F2F7BAFD08BD00BF72
:10F34000391000241701028010B52C4C2C48FEF710
:10F3500085FF636913B994F83D3023B12848FFF75E
:10F36000DDFF002010BDA36A53B1A26A0023254926
:10F37000E06AB3EB900F11D242F823100133F7E7A4
:10F38000E06A214B984294BF20F003004FF0FF3019
:10F3900007F08EFEA0620028E7D1DFE744231B4A76
:10F3A00063621B4B226263601A4BA3600023E3601D
:10F3B000194B2361EFF305838BB10023636194F84C
:10F3C0003C302BB1A06A08B107F07AFE0023A3629B
:10F3D0000B48FFF7A3FF206CFFF750FFC1E7FFF7D3
:10F3E0002FFF0028E9D1A2F178010C48603ADFF83C
:10F3F00030C000DF60610028B0D1E0E7A019002430
:10F40000F4190024A52E5AE2FBFFFF7F181A0024EE
:10F4100044190024F5110108D1D80008CDF20008E4
:10F42000B5D30008014B1868FFF764BF402D0024D6
:10F43000014B1868FFF75EBFF02D0024024B1868DF
:10F4400008B1FFF757BF7047A8350024037823F0B1
:10F45000030343F001030370FFF7F0BF10B5044648
:10F46000037803F00303012B08D0FEF7FFFB23789A
:10F4700003F00302012A03D1FFF7E0FF002003E0BD
:10F4800043F002032370012010BD00003F282DE946
:10F49000F04F06468BB000F32C81974F57F82000B1
:10F4A000411C40F00A81022E00F307819348DFF8E7
:10F4B00090920378BFF35B8F13F0010F40F0FA8056
:10F4C000FFF7CCFF002800F0F5808D4BC9F8003025
:10F4D0008C4B1A689846002A40F0E9808A49092036
:10F4E000FFF7C2FA044689490A20FFF7BDFA014630
:10F4F0002046874DFFF7CEFA834904460920FFF7DF
:10F50000A7FA824983460A20FFF7A2FA814B824676
:10F510002C609C4221D1804AD2F8F01041F01001B9
:10F52000C2F8F010D2F8F02002F010020992099A05
:10F530007A4A94424AD1784BD3F8F02042F0200224
:10F54000C3F8F020D3F8F03003F020030493049BB9
:10F55000734B9C424AD1012487E0714A94421AD0ED
:10F5600002F58062944224D06E4A94425CD06E4A86
:10F570009442DDD1684AD2F8E81041F48011C2F813
:10F58000E810D2F8E82002F480120592059A9C4215
:10F59000DED1002469E0604AD2F8E81041F400317D
:10F5A000C2F8E810D2F8E82002F400320892089A73
:10F5B000BEE7594AD2F8E81041F48021C2F8E810B9
:10F5C000D2F8E82002F480220792079A574A944220
:10F5D00037D1514BD3F8E82042F08042C3F8E820FD
:10F5E000D3F8E83003F080430393039B504B9C42D5
:10F5F00075D003F580639C4273D003F580639C4211
:10F6000071D003F544439C426FD0A3F51C439C4248
:10F610006DD003F580639C425FD04648844214BF9E
:10F620004FF0FF34082420E03B4AD2F8E81041F4C0
:10F630000021C2F8E810D2F8E82002F40022069275
:10F64000069A3D4A94423BD03A4A94429FD1324B6B
:10F650000824D3F8F42042F00802C3F8F420D3F8C9
:10F66000F43003F008030193019B594609206C60B4
:10F67000F2F786FE01210920F2F73AFE51460A20F0
:10F68000F2F77EFE01210A20F2F732FE00234FF44A
:10F690001652C5E90223294AC5E90433C5E9062300
:10F6A000F4F75EFF0123C8F80030F6F721FF134896
:10F6B000FFF7CCFE224847F826900BB0BDE8F08F4C
:10F6C000154BD3F8E82042F00042C3F8E820D3F805
:10F6D000E83003F000430293029B0724C5E70224AD
:10F6E000C3E70324C1E70424BFE70524BDE70624DC
:10F6F000BBE70020E1E700BF38000024A81B00247E
:10F70000FCA80108CC350024A4A7010848A60108DC
:10F710006C12002400100140004402580014014003
:10F7200000440040004C0040005000400078004081
:10F7300000480040000C0058007C004009000A000E
:10F74000F41C002438B50D46FFF7A0FE044630B97E
:10F7500006F028FF092303604FF0FF3038BD03682F
:10F76000DB6998470028204614BF4FF400534FF43C
:10F7700000436B6023689B6A984728610020EDE78F
:10F7800010B5FFF783FE30B906F00CFF09230360C4
:10F790004FF0FF3010BD03689B699847041E04DAE0
:10F7A000644206F0FFFE0460F2E70020F2E700008A
:10F7B0000A4D044608B52B68986806F0BBFF2B6815
:10F7C000D86806F0B7FF0120FFF7DAFF0220FFF745
:10F7D000D7FF0CB1FFF7DAFAFEE700BFF40200240E
:10F7E00008B5FFF7E5FF13B5CDE90021FFF74EFEA1
:10F7F000DDE9002140B906F0D5FE092303604FF092
:10F80000FF34204602B010BD03681B699847041EF0
:10F81000F7DA644206F0C6FE0460F0E710B5FFF7C1
:10F8200035FE044628B906F0BDFE092303602046D4
:10F8300010BD0368DB699847041EF8DA644206F0DD
:10F84000B1FE04600024F2E7FFF7E8BF13B5CDE98D
:10F850000021FFF71BFEDDE9002140B906F0A2FE02
:10F86000092303604FF0FF34204602B010BD036847
:10F870009B689847041EF7DA644206F093FE046022
:10F88000F0E700007FB5002A04460D4606DA06F0D0
:10F8900089FE162303604FF0FF3019E00192FFF755
:10F8A000BDFF019AE8B1114E01220DF10F01204672
:10F8B000FFF7CCFF0028EEDB0AD09DF80F300D2BB0
:10F8C00008D1325D0A2A3355EED00A2301202B706D
:10F8D00004B070BD0A2B02D1325D0D2AF3E7335517
:10F8E000F4E729462046FFF7B1FFF1E7AC1B0024FF
:10F8F00013B5CDE90021FFF7C9FDDDE9002140B9CD
:10F9000006F050FE092303604FF0FF34204602B09A
:10F9100010BD0368DB689847041EF7DA644206F0FE
:10F9200041FE0460F0E700002DE9F74FB2F1000856
:10F9300005460E4609DA06F035FE162303604FF041
:10F94000FF34204603B0BDE8F08FFFF767FF0446A1
:10F9500060B31F4A0027DFF87CA04FF00D0B535D0A
:10F960003C469146B84521DDF25D0A2A1BD10D2B9C
:10F97000019318D0BC420CDA3A1B31192846FFF724
:10F98000B7FF0028019BDADB0444A742D9DC09F861
:10F990000530012251462846FFF7AAFF0028CEDB9A
:10F9A000CFD009F805B0F35D0137DBE7A045C8DD2E
:10F9B000A8EB040231192846FFF79AFF0028BEDBA6
:10F9C00024181FBF3619024B16F8012C5A55B8E7F8
:10F9D000EC1B002442A201080FB470B5A4B084212E
:10F9E00028AB03A853F8042B0293FEF76CFC832882
:10F9F00006D9194B1A681B79CDF88B208DF88F30FA
:10FA000000280FDD002203A9022003ACFFF770FFDE
:10FA10000D26FEF7DDFD0022254614F8013B33B923
:10FA2000FEF7C2FD24B0BDE8704004B070470A2B59
:10FA300009D10D2A07D001220DF1070102208DF80E
:10FA40000760FFF755FF012229460220FFF750FF0C
:10FA500014F8012CE0E700BF44A20108F0B52C4ED9
:10FA600085B000242B4F35462146013456F8042B2F
:10FA70003846FFF7B1FF0D2CF6D1AB6C264C029344
:10FA80006B6C264801932B6C0093696BD5E90E23B0
:10FA9000FFF7A2FF21682248FFF79EFFE16AA26AF2
:10FAA000A36AA06AD2B2266BC3F30723E76B000CEC
:10FAB000CDE9016700901B48FFF78EFFA36A1E0681
:10FAC00003D5616B1848FFF787FFA36A180403D5B5
:10FAD000A16B1648FFF780FFEB6C190712D514488D
:10FAE000FFF77AFF2B6DDA070FD51248FFF774FF87
:10FAF000EB6C5B074CBF1048104805B0BDE8F04008
:10FB0000FFF76ABF0E48FFF767FF0E48EEE700BF3A
:10FB10004C3E002449A2010800ED00E057A2010874
:10FB2000A6A20108B4A2010803A3010811A30108B9
:10FB30001FA301082EA301085EA301086AA3010800
:10FB40004EA301083BA3010808B504460D46F2F791
:10FB5000A3F950BB1648FFF73FFF302C16D0402CBE
:10FB600019D0202C1CD1134C1348FFF735FF134834
:10FB7000FFF732FFFFF772FF1148FFF72DFF114B20
:10FB800000221A7029462046F2F792F90E480F4CCF
:10FB9000FFF722FFEBE70E480E4CFFF71DFFE6E7ED
:10FBA0000D480E4CFFF718FFE1E70024EAE700BF1D
:10FBB00076A301083E01FF809FA30108CCA30108A2
:10FBC000D7A3010839100024AEA301083F01FF802C
:10FBD000B7A301084001FF80C2A301083D01FF80D7
:10FBE00038B505460024FFF751FC0B4B43F8254080
:10FBF00030B906F0D7FC092303604FF0FF3038BD61
:10FC000003685B699847051E04DA6D4206F0CAFC7A
:10FC10000560F2E72046F2E73800002438B50546D3
:10FC2000046854B9FEF722F82C6824B92C1D20462C
:10FC3000F2F74EF92C60FFF701FC204638BD0000BA
:10FC4000F0B50E4685B090F8201005461446DDE963
:10FC50000A7C19B96FF47A6005B0F0BD0168CDE98E
:10FC6000007CC96B88470028F4D029690D486118C9
:10FC70000391FFF7D3FFFEF7F1FAFEF7F7FCFEF76B
:10FC8000D1FC3A460399304607F072FAFEF7B8FC09
:10FC9000FEF7DAFC0348FFF7C1FFFFF73FFB002048
:10FCA000DAE700BF801C00242DE9F04188460025DA
:10FCB00004462349C0E90055404609F0F6F980445E
:10FCC000C4F8008023681A782F2A1CD101332360DE
:10FCD0001C48FFF7A3FFFEF7C1FA1B4B1E68D6B105
:10FCE000B768B7B1384608F061FC854211D12A46A1
:10FCF0004146384609F052F958B91248FFF78EFFCD
:10FD0000FFF70CFB17E0002AE2D001330135236036
:10FD1000D8E77668E3E7072DEFD12A4641460B483E
:10FD200009F03CF90028E8D10648FFF777FFFFF714
:10FD3000F5FA074B1E6820466660BDE8F08100BFFB
:10FD40009C9B01088C0F0024880F0024F6A3010857
:10FD50007C1C00242DE9FF478A463F49054608F0F0
:10FD600013FC044628B9FFF791FB204604B0BDE818
:10FD7000F0873A49284608F007FC20B90120012401
:10FD8000FFF784FBF1E73649284608F0FDFB20B970
:10FD900002200224FFF77AFBE7E72B78402B02D101
:10FDA000D5F80140E1E72F4E03242F48B046FFF776
:10FDB00035FFFEF753FA56F82490B9F1000F2AD018
:10FDC0000134402CF7D106F0EDFB182303602648E0
:10FDD000FFF724FFFFF7A2FA0AE002A8FEF71EFDD4
:10FDE000054640B906F0DEFB1323036046F82450B5
:10FDF0004FF0FF34B9E7036801A9029A9D682AF41D
:10FE00008033A8470546E8B16D4206F0CBFB05609C
:10FE100046F82490ECE74FF0FF37134846F824707B
:10FE2000FFF7FCFEFFF77AFA294602A8CDF8049006
:10FE3000FFF73AFF039D002DD4D02B7B002BCCD1B4
:10FE4000043D0195019B094A48F8243000231355CD
:10FE5000074A135589E700BFDCA90108E3A9010897
:10FE6000D4A90108380000242C1C0024AC1B002459
:10FE7000EC1B00241D4B70B5036004461C48FFF7C3
:10FE8000CDFEFEF7EBF9A3682BB11A4962680B6847
:10FE9000A34224D10A60184B15481A68A24204BF35
:10FEA00000221A60FFF7BAFEFFF738FA257BA5B9E2
:10FEB0001248261FFFF7B2FEFEF7D0F9104A402382
:10FEC00052F8041B8E4208BF42F8045C013BF7D194
:10FED0000A48FFF7A3FEFFF721FA204670BD194636
:10FEE0005B68A342FBD14A60D5E700BF949A010842
:10FEF0008C0F0024880F00247C1C00242C1C002460
:10FF00003800002410B50446FFF7B4FF204607F080
:10FF1000D7F8204610BD000008B50348FFF77EFE65
:10FF2000BDE80840FFF7FAB9541C002408B503489F
:10FF3000FFF774FEBDE80840FEF790B9541C00249A
:10FF40002DE9F0479DF82070054689469246022F1C
:10FF500098469DF8246022D8124BDB5DFBB1B6FBBE
:10FF6000F3F403FB146414F0FF0418D1FFF7DEFF71
:10FF70009DF82830284685F8609085F865300B9B01
:10FF800085F861A085F8628085F8637085F8646003
:10FF9000C5F88830FFF7C0FF2046BDE8F0874FF076
:10FFA000FF30FAE73CA501082DE9F04F89B09046F3
:10FFB000994605469DF84820C3469DF8503090F874
:10FFC000FA71DDE915610591032A57D8DFE802F0DF
:10FFD0001B02190302270F2B4FF0000205F1040A40
:10FFE00008BF95F8FD3111465046009203933B46F9
:10FFF000CDE90122FFF7A4FF044638B109B0BDE8FE
:020000040801F1
:10000000F08F0327E7E74FF0FF3BE4E7059B4FF056
:10001000FF329DF84C105046079307ABCDE90063C3
:100020005B46F2F76BFF3B4683462246214650462D
:10003000CDE90244CDE90044FFF782FF0028DDD17D
:10004000BBF1000F01D05846D8E795F80101002810
:10005000D4D0B9F1000F08BFB8F1040F04D1337840
:1000600043F00A033370EEE7B9F1000F08BFB8F1AF
:10007000020FE8D1337823F00403F3E74FF0FF30A9
:10008000BCE70000274B10B504460360FFF74EFFA6
:1000900025496268136823F0010313600023A364F9
:1000A00084F84530214BD1F88C209A42FBD1204B6B
:1000B000B4F95400DA6F42F48042DA67DA6F22F45E
:1000C0008042DA674FF44072CA6040F2C331D3F81D
:1000D000D42022F48042C3F8D420F2F751F9B4F9C5
:1000E000560040F2C331F2F74BF9B4F9580040F230
:1000F000C331F2F745F9B4F95A0040F2C331F2F7CF
:100100003FF9B4F95C0040F2C331F2F739F940F23B
:10011000C331B4F95E00F2F733F92046FFF7FCFE75
:10012000204610BDFC9901080064025800030080BD
:100130000044025810B50446FFF7A4FF204606F01D
:10014000BFFF204610BD08B5D830FFF767FDBDE8FA
:100150000840FFF7E3B808B5D830FFF75FFDBDE80A
:100160000840FEF77BB800002DE9F04F0D4616461B
:1001700085B0F1F75BFFAC1900F10060A042C0F060
:100180001E8109D92046F1F731FFB4FBF0F303FBE0
:100190001040002840F0138190484FF00009DFF82C
:1001A00058B2FFF73BFDFEF759F8002E00F0FE8035
:1001B000B9F1000F40F0F88005F17843B5F1016F17
:1001C0004FF0100A4FEA5343019334BF0123022337
:1001D000012B03F0010803F002070CBF4FF000638E
:1001E0004FF001630293FEF741FAFEF71BFABBF8EA
:1001F00000304FF6FD715A1E92B28A4297BF784A7C
:100200004FF0026302EA832303F100639D420ED2A2
:10021000B5F1006F0BD3734C734BD4F888209A421E
:10022000FBD1F6F7BDFC60B14FF44073A360FEF75D
:10023000E7F9FEF709FABAF1010AD4D14FF0FF3914
:100240006BE0FEF7C5F9BBF800204FF6FD71DFF853
:10025000AC91531E9BB28B4299F8143097BF634CFC
:100260004FF0016404EA422404F10064A5422ABF6D
:100270002C1B019C640C012B00F0938001200023B7
:1002800089F81400C9F81830B8F1000F00F09D800B
:10029000F2F7D4F9031E18BF0123002F00F0998054
:1002A00002200393F2F7CAF9039B00283BD00120F8
:1002B0000023C01A89F8143018BF0120C0F10009CA
:1002C000029B03EB4444BFF34F8F494B04F50032CC
:1002D000C3F8704220349442FAD1BFF34F8FBFF37A
:1002E0006F8FBFF34F8FBFF36F8F0022C3F8502281
:1002F000BFF34F8FBFF36F8FFEF756F9F6F738FC59
:10030000002894D1374B4FF440729A60B9F1000F36
:100310008DD1FEF775F9FEF797F92846F1F766FEDD
:10032000361A054441E7002BC1D1B8F1000F0AD0BD
:10033000304AD36823F4E663D360D36843EA0423E6
:1003400043F0A403D36077B12A4AD2F80C3123F4E6
:10035000E663C2F80C31D2F80C3143EA042343F0CF
:10036000A403C2F80C31B8F1000F2BD00120F2F732
:1003700065F9204AD36823F4E06323F00403D360D3
:100380005FB10220F2F75AF91A4AD2F80C3123F47D
:10039000E06323F00403C2F80C31002888D1002068
:1003A00086E74FF0FF398BE74FF0FF390B48FFF737
:1003B00035FCFEF7B3FF484605B0BDE8F08F4FF0BF
:1003C000FF39F8E7002FEAD0DBE7002FE7D04346FC
:1003D00066E700287FF46BAFAAE700BF801C00240B
:1003E00000FC3F00006402580003008000FE1F0074
:1003F00000ED00E00020005280E8F11F3C100024D6
:10040000F7B590F8201004461546DDE9086771B18C
:100410000168CDE90067496C884740B121693246DF
:10042000201D294403B0BDE8F040FFF79DBE6FF4E6
:100430007A6003B0F0BD00002DE9F04F12F01F0408
:1004400087B082460F461646994640F0268100291D
:1004500000F02381F1F7EAFD09EB060300F10060EB
:10046000834200F21A818E48DFF850B2FFF7D6FBC4
:10047000FDF7F4FEB9F1000F00F00681002C40F00A
:1004800001813046F1F7B2FDB6FBF0F500FB1565D2
:10049000451B4D4528BF4D46BB0701D11F2D4BD8ED
:1004A000202DA8463946DAF8040028BF4FF020086E
:1004B000424606F05DFE1F2D07D8DAF80400C8F1A9
:1004C0002002FF21404406F061FEDAF804302025C6
:1004D000039310230293FEF7C9F8FEF7A3F8714BBC
:1004E00019884FF6FD734A1E92B29A4297BF6E4B1F
:1004F0004FF0026303EA812303F100639E4210D2AE
:10050000B6F1006F0DD3694C694BD4F888209A423C
:10051000FBD1F6F745FB002800F0AC804FF44073A8
:10052000A360FEF76DF8FEF78FF8029B013B029384
:10053000D1D14FF0FF3487E025F01F050397A8467F
:10054000C7E7012B00F09B8002F178400123B0F552
:10055000801F8BF8143006D3A2F10163B3F5801F1E
:1005600080F085800223002005920493CBF81800C8
:100570001846F2F763F8059A20BB049B4D48012BFF
:1005800067D1C16841F00201C160BFF36F8FBFF353
:100590004F8F002001990958115004302028F9D1BB
:1005A0000592BFF36F8FBFF34F8F18460493F2F796
:1005B00045F8049B059A012B3E4B51D1D96821F097
:1005C0000201D96000238BF8143000284FD1019B21
:1005D0002032203301939BF814307019824203D2E9
:1005E000002CAED04FF0FF34002D11DD06F01F03BC
:1005F0002B44BFF34F8F304832463344C0F870224B
:100600002032991A0029F9DCBFF34F8FBFF36F8FA7
:10061000BFF34F8FBFF36F8F274B0022C3F85022D9
:10062000BFF34F8FBFF36F8FF6F7A2FA00287FF466
:1006300078AF1E4B4FF440729A60002C7FF471AF7C
:10064000FDF7DEFFFEF700F8A9EB08094644474432
:1006500010E7D0F80C1141F00201C0F80C1194E73A
:10066000D3F80C1121F00201C3F80C11AAE74FF0E6
:10067000FF34B0E7039B044632460193ABE74FF0EB
:10068000FF34ABE74FF0FF340548FFF7C7FAFEF73A
:1006900045FE204607B0BDE8F08F4FF0FF34F8E785
:1006A000801C002480E8F11F00FC3F000064025819
:1006B000000300800020005200ED00E03C10002408
:1006C000F0B590F8207085B0044615460391DDE939
:1006D0000A6C7FB10768CDE9006C3F6CB84748B140
:1006E000226933460399201D2A4405B0BDE8F04035
:1006F000FFF7A2BE6FF47A6005B0F0BD10B50446F6
:100700000168D0E901230548FFF796FE206806F04E
:10071000D7FC2046BDE8104006F0D2BCA02D002436
:1007200010B504460B48FFF779FAFDF797FDFDF782
:100730009DFFFDF777FFFDF763FFFDF785FF60681D
:1007400008B106F0BDFC0348FFF768FAFEF7E6FDC6
:10075000002010BD801C002490F8203010B5044605
:1007600013B94362002010BD2430F1F795FC002836
:10077000F8D184F82000201DBDE81040FFF7D0BF5D
:10078000034B10B504460360FFF7E6FF204610BD9B
:100790004CA9010810B50446FFF7F2FF204606F009
:1007A0008FFC204610BD000010B504461248FFF72C
:1007B00035FAFDF753FDFDF759FFFDF733FF0F4BFA
:1007C0000F4AD3F888109142FBD14FF48E010D4AA5
:1007D00051614FF440729A60FDF712FFFDF734FF4C
:1007E0002020FDF7CBFD60600348FFF717FAFEF706
:1007F00095FD002010BD00BF801C0024006402583D
:10080000000300800020005290F820302DE9F04FC6
:10081000814685B003B9436209F1240656E8000F0A
:10082000013046E80003002BF8D1012843D109F13B
:100830000400FFF7B9FF804630B13046F1F72CFCD9
:10084000404605B0BDE8F08FD9E906ABD9E90445CB
:100850001AEB040300934BEB05030193F1F7E6FB5E
:10086000002300F1006C8646DDE900018B4208BFE1
:10087000844505D230466FF47A68F1F70DFCDFE766
:10088000002D08BFB4F1006FF4D35AEA0B030ED168
:100890004FF000610B1B029365EB45030393DDE909
:1008A000026716EB0E0647F10007C9E9066701214A
:1008B00089F82010C4E79846C2E7000004460B4DB3
:1008C00007B5EFF30583002BFBD1FEF7B9FC024619
:1008D0000028F6D1204669464FF0FF33AC4600DFD2
:1008E0000028EED1DDE900309847EAE7DDD90008BD
:1008F0002DE9F74F394D6C6C002C63D023694FF014
:100900000008DFF8E0904FF0F90A013B6F692361BE
:100910002369002B55D1E3680BB1A2689A60D5F822
:100920004CB004F118016B64EFF3058343B1BBF1E4
:10093000000F13D1AB69032129486B61F1F7B8FAB5
:100940000191FEF77DFC019902460028EFD158463F
:100950001346CC4600DF0028ECD11BE09BF80030AA
:100960000191FA2BE6D10BF10C00FCF774FB064663
:100970000028DFD001990C30DBF8242006F0F8FBCA
:100980000199304686F800A0A6F80280C6E9011B4E
:10099000FDF7FAFBE378012B1DD16B6C0021626936
:1009A00013B11869824210D22261C4E902131BB14B
:1009B00018699C60821A1A6159B1CC606C6C002C69
:1009C000A6D16F6103B0BDE8F08F1946121ADB683B
:1009D000E6E76C64F2E701236370EFE73C01002473
:1009E00027010280B9DB000808B5EFF3058353B196
:1009F000124B1B689869FDF79DFF4FF47A72002334
:100A000008F064FB08BDFDF7E3FDEFF305836BB170
:100A10000B4BD8680B4B1A681860824281BF0A4999
:100A20000A6801320A60FDF7BFFDEBE7FEF708FC3C
:100A30000028EDD1DFF814C000DFEBE7F01C002444
:100A40003C010024FC1C0024F81C002491C900086F
:100A50002DE9F04FA1B0EFF30583002B63D0002008
:100A60008A4D2C68FDF7B4FDD4E90C67FDF79CFDB9
:100A7000A36BF11ADFF84882DFF8489267EBE37264
:100A80001346CDE900120A1843F10003CDE908230B
:100A90007F4B0A9300230B93FDF79EFF08A8FBF7FB
:100AA0005FFE002840F02E826FF000434FF0FF32CF
:100AB000DDE908679F4208BF964210D02C6894F881
:100AC0003C3063B9214604A8FDF743FFDDE9042368
:100AD000BB4208BFB2422ED3012384F83D30FDF75C
:100AE00077FD08A8FBF73CFE002840F009826FF074
:100AF00000414FF0FF30DDE908238B4208BF8242FE
:100B000062D1FDF765FD634B1B889BB2002B65D05E
:100B1000FDF75EFD604B1B68604B1A6922F0040212
:100B20001A6130BFE9E1FEF78BFB002897D1DFF8AF
:100B300098C100DF94E7FDF74BFDD4E90C01FDF708
:100B400033FD4FF47A73B6EB000A67EB010BA6FB9B
:100B5000030103FB0711D4E9082386184FF00102B3
:100B600041EB030794F84030A28783B9A3691B685F
:100B700093F82030002B40F0E58184F84020FDF709
:100B8000FFFCBBF1000F08BFBAF1050F0DD2002327
:100B900084F83E3094F8403023B9012384F8403083
:100BA000FDF7EEFC32463B460AE094F84030002B5D
:100BB000EDD10123B6F57A6284F83E3047F1FF3378
:100BC0002046FEF78BF98AE72B6893F83C30002B20
:100BD00097D1FDF7E9FCBFF36F8F5FE7D8F80040CE
:100BE00014F0010405D04046F1F77EFBB0FA80F422
:100BF00064092B480368DB0704D5F1F775FB00286F
:100C000008BF012427480368DF0704D5F1F76CFB10
:100C1000002808BF012424480368DE0704D5F1F743
:100C200063FB002808BF012420480368D90704D5C6
:100C3000F1F75AFB002808BF01241D480368DA07B2
:100C400004D5F1F751FB002808BF012419480368B7
:100C5000DB0704D5F1F748FB002808BF012416483C
:100C60000368DF0704D5F1F73FFB002808BF012424
:100C700012480368DE0703D444B3FDF795FCA8E7E8
:100C8000F1F732FB0028F7D1F7E700BFF01C002492
:100C900015CA00082C2D00240048025800ED00E081
:100CA0000044004000480040004C0040005000401C
:100CB0000014014000780040007C0040000C005807
:100CC00000100140640E002489EE0008FDF780FC4E
:100CD000D9F800309F4E5A6A5B6B9F4F33609F4B31
:100CE0003A609F4CDB6823609E4B19681A6801F0DC
:100CF000010142F001021A609B4A1268C2F303121A
:100D0000072A00F0AF805A6922F004025A611A687B
:100D100042F001021A60944A1068C0F303100728D9
:100D200010D1186920F001001861136943F0040321
:100D30001361BFF34F8FBFF36F8F30BF136923F081
:100D40000403136121B1874A136843F00103136060
:100D50008649874BD1F890209A42FBD1814B1A6982
:100D6000910640F1B4805B699A0640F1B0807F49FA
:100D70007F4BD1F88C209A42FBD1482200210EA84B
:100D800006F004FA3F237B4A0D9313685B036ED58C
:100D90004FF4A0230E93136803F080031493764B53
:100DA0001A6841F20303B3EB124F724A66D35368D9
:100DB000C3F384631593136803F0010310936E4B20
:100DC000196841F20303B3EB114F53682CBFC3F30F
:100DD0000533C3F306631193664B1A6F500751D561
:100DE00005220F9201215A6F0DA802F00102129202
:100DF0001A68C2F3003213921A689A6A02F0030268
:100E000017929A6AC2F3051218921A6BC2F308027B
:100E1000013219921A6BC2F3066201321C921A6BEC
:100E2000C2F3462201321A921A6BC2F30642013211
:100E30001B92DA6A02F00C021D92DA6AC2F34002D7
:100E40001E925B6BC3F3CC031F9302230D931023FD
:100E5000CDE9101300231693F5F7AEF8C0B147485B
:100E6000FDF7E6FF1A6922F004021A614FE71368E2
:100E700013F4803318BF4FF480338BE7D368C3F388
:100E8000056397E71A6F12F0010218BF0122A8E765
:100E900020220146079003900DA806F077F907A9D4
:100EA0000DA8F3F7E9F9039B1B2207990DA81393EB
:100EB0000D920E9310931293F4F76AFF08B1304825
:100EC000CEE7F5F761FF294B4FF44072DA60254A0F
:100ED0004FF4FA70136943F4007313614FF44072D6
:100EE000224B1A61F1F7F6F9D9F800303A685A62E4
:100EF00032685A632268194BDA60FDF755FBBCE68D
:100F0000FDF752FB2C682046FDF7A2FF002394F862
:100F10004020A3871AB184F84030FDF701FB29680F
:100F200004A8FDF716FD049AEFF305833BB9FEF71D
:100F300087F920B9009BDFF84CC0D01A00DF21B040
:100F4000BDE8F08FBBF1000F08BFBAF1050FFFF449
:100F50001EAE2EE6D0350024D4350024000C00400F
:100F6000D83500240048025800ED00E00064025823
:100F700000030080004402580010005CFEA301083A
:100F800023A4010895F0000800B595B0BFF35F8F6A
:100F9000804B0022196810465A60C1F30721914224
:100FA00040F0BE801022DA607B4A1A611322DA60B8
:100FB0007A4A1A611122DA60794A1A61794ADA604A
:100FC000794A1A6107225A60BFF34F8FBFF36F8FC0
:100FD000764B774998684FF000531A1802F1604237
:100FE000126843F8042B8B42F7D1704B4FF000523C
:100FF0009A605A69920315D45A6912F4003211D1D9
:10100000BFF34F8FBFF36F8FC3F85022BFF34F8FE3
:10101000BFF36F8F5A6942F400325A61BFF34F8FAA
:10102000BFF36F8F614B5A69D60327D45A6912F404
:10103000803223D1C3F88420BFF34F8FD3F88020B0
:1010400043F6E074C2F3C900C2F34E32520102EA21
:101050000406014646EA81750139C3F86052F9D2A7
:10106000203A12F1200FF2D1BFF34F8F5A6942F4A8
:1010700080325A61BFF34F8FBFF36F8F4D4CD4F85E
:10108000E03043F00073C4F8E030D4F8E03003F00F
:1010900000730093009BF2F775F84449464BCA6809
:1010A00022F4E0621204120C1343CB60F3F70EF942
:1010B000A369A269C3F30323404AD35C03F01F036F
:1010C000D8403F4B1860F3F7E3FC236F9D070AD429
:1010D0003C4A136843F4807313603B4B1B68236FD7
:1010E00023F018032367F1F783FAF5F74DFEF2F7C3
:1010F00049F84C22002101A806F048F82D4B1B6F3F
:1011000013F4407F10D0082301A8019300230A9311
:1011100001230693F4F750FF30B12C48FDF788FE09
:101120009A60013218613AE7EFF75EFAEFF3058350
:101130002BB9FEF785F810B9DFF8ACC000DF244A00
:10114000244B13614FF4805353614423D360224BEB
:10115000936018239361214B1360EFF305831BB158
:101160001B491F48F0F7A4FEFEF76AF80146002865
:10117000F6D11C48DFF874C000DF0028F0D0EFF390
:1011800005832BB9FEF75CF810B9DFF864C000DF07
:101190000021E6E790ED00E039F00206390702137E
:1011A0003FF50B13120000803900021300ED00E040
:1011B00098020020004402580003FA050497010831
:1011C00000000024004802580010005C4BA40108F5
:1011D000002D0024001D0024D82E002469A401083D
:1011E0001D0101802D2A010885D60008B5D300080D
:1011F000D5EF00082DE9F34705460026674FFFF7B6
:10120000F3FB85F82460FDF7E3F96B6801A91B1A6D
:10121000002B2B68D8BF686001931BB15A69121A62
:10122000002A3BDD2B6003B11D610E60019911B1F5
:101230002B8901332B81FDF7B7F901A8002931D1A2
:10124000019C05F118094FF0010A002C37D1FFF776
:10125000CBFBFDF7BDF92B68002B7ED05C69241A0F
:1012600024EAE474FDF7A0F9D5F83080EFF30583A4
:10127000002B75D0B8F1000F7DD1AB7A002B00F0B8
:101280008A80FDF7A5F9AB7A002B00F0828000235D
:10129000AB7202B0BDE8F047FDF786B903F1080173
:1012A0009B68BAE78C680B4600229A601A46DB6896
:1012B000002BFAD1026001F108002146BEE7236A43
:1012C000D4F8088013B104F124009847A269002AD9
:1012D0000BDB636913446361FFF786FB214602461B
:1012E0002846FDF74EFA4446AFE7EB6873B1A342D8
:1012F0000CD82B6AA34209D3A3792A690133DBB244
:1013000013FA02F214BFA37184F806A0E36913B1C3
:1013100004F124009847EB6823B1A34202D82B6A5A
:10132000A34201D2A671DEE7FDF752F94846AB6948
:1013300083B119682268914208D30BD1E360036836
:101340009B68A3600460FDF72FF9CCE703F1080068
:101350009B68EDE7E6600368F3E74FF0FF3481E751
:10136000FDF76EFF0246002884D140460121234646
:10137000BC4600DF81E798F80030F32B7FF47DAFA7
:10138000002C7FF47AAF224601214046FCF7FCF99D
:1013900073E7FDF709F9FFF727FB34E7C5D7000826
:1013A0002DE9F04700238AB0814642F21078DFF839
:1013B0005CA001240025002600278DF82730EFF3DC
:1013C00005832BB9FDF73CFF10B90120D44600DF9F
:1013D0000DF127034FF0FF32052148460493002307
:1013E000CDE9064500934FF0FF33CDE9026700F0E9
:1013F0007FF89DF8273013F0010002D0B8F1010802
:10140000DDD180F001000AB0BDE8F087ABD800085C
:10141000F0B500238BB0002600278DF827304FF061
:10142000FF320493062100934FF0FF330446CDE9C9
:101430000667CDE9026700F05BF8054618B14FF08A
:10144000FF300BB0F0BD2046FFF7AAFF0028F6D012
:1014500001220023052120460095CDE906230DF148
:1014600027034FF0FF3204934FF0FF33CDE90267BB
:1014700000F03EF80028E2D19DF8270080F002003D
:1014800040F34000DDE770B51D46D0F8F43086B07B
:101490000646013317D0140E8DF81740FFF7B8FF3A
:1014A00070B901234FF0FF32D6F8F41000930DF11C
:1014B0001703CDE90100301DF1F7B8FD06B070BD8E
:1014C0004FF0FF30FAE790F8FA31032B0ED06B1C87
:1014D00008BFB2F1FF3F09D0002D08BFB2F1807FF5
:1014E0002CBF4FF0FF30002040B2E7E70020E5E7D7
:1014F0002DE9F7430A9E044615460C9FDDF8388017
:10150000DDF840900191FFF7BEFF58B933462A46F7
:101510000199201D0A97CDE90B8903B0BDE8F0437E
:10152000F1F784BD03B0BDE8F083D0F8E8300133B3
:101530002DE9F047054688B08A461DD1FFF768FFC0
:1015400028B14FF0FF34204608B0BDE8F0870022F4
:10155000002301210490CDF800A0CDE90623D5F8A1
:10156000E4304FF0FF32CDE902304FF0FF33284630
:10157000FFF7BEFF0446E6E7FFF74AFF0028E0D189
:101580004FF000084FF000090126002704904FF0AB
:10159000FF324FF0FF3301212846CDF800A0CDE9FE
:1015A0000689CDE90267FFF7A3FF04460028CAD1E8
:1015B0002846FFF72DFF0028C3D14FF0FF324FF030
:1015C000FF33D5F8E8100494CDF800A0CDE90689E2
:1015D000CDE90267CBE7F0B5012289B000230026F0
:1015E00000270C46049105210546CDE9062300237A
:1015F0004FF0FF3200934FF0FF33CDE90267FFF762
:1016000077FF98B9D5F8E430013B0FD00134009052
:101610004FF0FF32D5F8EC100494CDE90630CDE957
:1016200002674FF0FF332846FFF762FF09B0F0BDB5
:10163000F0B500F1BC07044689B03846FCF70EFE51
:1016400094F804522DB93846C4F80052FDF766FEEE
:1016500009E0D4F80062013EC4F8006236B100250A
:101660003846FDF75BFE284609B0F0BD0022002396
:101670000421204604960096CDE90623CDE90223F5
:101680004FF0FF334FF0FF32FFF732FF002884F8AE
:10169000046238460CBF00256FF47A65FDF73EFE04
:1016A000D4F8B430002BDED11048B4F9B840FEF7BE
:1016B000B5FAFCF7D3FD0E4B1B6803F114011A4673
:1016C0000233B2F90000A0420CD14FF6FF73138031
:1016D000084A1368002B01DD013B13600348FEF745
:1016E0009DFAB3E78B42EAD1F8E700BF300F002440
:1016F000580F00245C0F002408B50448FFF710F8C9
:101700000348FFF795FF002008BD00BFA02D00246F
:10171000601000242DE9F04700F1BC0788B00446B2
:101720001546109E384605938946FCF797FD2A46D4
:10173000059B2046D4F8E0A00796FFF7A4FEA0BBC7
:1017400094F8FD3104F1040894F8F921039340461C
:1017500094F8FE31029394F8FB31CDE9002394F81C
:10176000FA3194F8F811FEF7EBFB0646E8B994F865
:10177000FB0107AB5146B0FA80F04009CDE9009378
:1017800042422B464046F1F7B9FB05463246314608
:101790004046CDE90266CDE9006694F8FA31FEF7DD
:1017A000CFFB45EA000464B20CB16FF47A643846AA
:1017B000FDF7B4FD204608B0BDE8F087B0F1104F4A
:1017C00013B50C4608D24B1E024490420CD010F8C0
:1017D000011B03F8011FF8E70023CDE9002300F106
:1017E000E0420348FFF796FF204602B010BD00BF5D
:1017F000601000242DE9F04F92469B468DB00446C0
:10180000D0E944239B4508BF924528D2D0F828C18F
:10181000BCF1000F23D0BCF1010F0CD000F5B47E59
:101820000025AC451BDDFEE80201594508BF5045C7
:1018300002D20135F5E70025611991F8541105919F
:1018400016991AEB010617994BEB0107BB4208BF2B
:10185000B24207D2614C20460DB0BDE8F08F4FF088
:10186000FF35E9E7236852462046196B5B468847F7
:1018700002460B465046594607F0DCFD1343E9D1BA
:1018800016F1FF3223682046196B47F1FF33884772
:1018900002460B463046394607F0CCFD1343D9D1FA
:1018A00004F5E4730993DDE91623134300F09480F3
:1018B000D4F81891B9F1FF3F59D11AF1FF334FF025
:1018C00008074FF003060A934BF1FF330B9305F122
:1018D000090304EBC3030893059B3B4224D0099BF7
:1018E0004FF000095046594653F826301A4698469C
:1018F0004B4607F09FFD134316D1DDE916234B45F8
:1019000008BF424510D30A9B13EB080306930B9BB9
:1019100043EB09030793089BDDE90601D3E948235C
:101920008B4208BF824203D2013E4FEA5707D3D20F
:1019300004EB8606D6F8B891D6F8C86104F1BC0766
:101940004FF000083846FCF789FC2046FFF760FDA1
:1019500000283DD15B4652462046FFF794FD0346E2
:1019600040B16FF47A643846FDF7D8FC73E74FF462
:101970008056E3E7CDE90100009052464946201D1C
:10198000F1F754FB0028ECD11AEB060A169B4BEB3F
:10199000080B9B1B1693179B63EB08031793DDE95A
:1019A000162313430CD004EBC503D3E95A235B453C
:1019B00008BF52453FBF0135631993F85431059371
:1019C0002046FFF7EDFC28B13846FDF7A7FC6AE793
:1019D000034CC8E7034CC6E700243CE75BF0FFFF7D
:1019E0005CF0FFFF5DF0FFFFB0F1104F1FB5044644
:1019F00010D300F1E04200230A480392FAF7EBFD0E
:101A0000039A0023CDE900010648FFF7F3FE80B2F8
:101A100004B010BDF0F7EAFA214602460248FEF78C
:101A2000A3FBF4E760100024A02D00242DE9F04F63
:101A30001F4600F1080304460E46154600F1BC0897
:101A400000F104092DED028B08EE103A87B0DDE9B4
:101A5000122313437CD0D4F8F0314FF0000B28460A
:101A600039469A461A4602935B4607F0E3FC129900
:101A70005118009113994B410193DDE9000159453B
:101A80004FF0000B08BF504540462ABF029B129BF7
:101A90009B1A0293029B9A46CDE904ABFCF7DEFB4E
:101AA0002046FFF7B5FC00284ED12A463B4620468B
:101AB000FFF7E9FC50B16FF47A644046FDF72EFC65
:101AC000204607B0BDEC028BBDE8F08F94F898304B
:101AD000002BF0D0002EEED0049B002BEBD048461C
:101AE000FEF724FA4FF0FF332A4602214846FDF75D
:101AF0003DFB04AB324604F16C0118EE100AF1F71D
:101B000029FA03904846FEF707FA039B002BD2D12F
:101B1000DDE904239B4508BF9245CCD1029B15EB20
:101B20000A0520461E44129B47EB0B07B3EB0A0342
:101B30001293139B63EB0B031393FFF731FC28B154
:101B40004046FDF7EBFB82E7024CB6E7024CB4E7F8
:101B50000024B5E75CF0FFFF5DF0FFFFB1F1104F2F
:101B6000F0B506468BB00D4614461AD3002200236A
:101B70004B4801F1E045FAF72EFD0B4600210246E5
:101B8000474899424FF00003314608BF944238BF9E
:101B900014462A46CDE90043FFF748FF80B20BB058
:101BA000F0BD104605F084FA22463146074605F09E
:101BB000DFFA0C2005F07CFA3A4B00228460059392
:101BC00006AE394B0492CDE9023002ABC0E9007594
:101BD0000FCB364D86E80F00FCF7FAFC2B4653F886
:101BE000184F6CB9EB69332B4FD92C6A343B04F195
:101BF0003402EB6134232A6223600123A37108E0DD
:101C00002268332A3DD9E268002A37D01A60A368D7
:101C10009360FCF7C9FC00224FF0FF3304F1240766
:101C2000C4E9052396E80F0087E80F00204BE36125
:101C3000FEF7DAFE1F4B0246214623626369034426
:101C40001A486361FCF79DFD2A6BEFF3058313B916
:101C5000FDF7F6FAE8B1D2B11378F32B17D102F100
:101C60000C03012153E8004F44EA010043E800055A
:101C700005B1F7E71046FCF787FA08E0A2681A609A
:101C8000C7E704F10803A468ABE7FCF78DFC00206C
:101C900085E710460121DFF820C000DFF7E700BF2D
:101CA00060100024CBD80008FD0601084419002468
:101CB000F3D80008EFD8000815D800082DE9F04F38
:101CC000D0F8B4A005462DED028BB5B0BAF1000FE7
:101CD0000CD0AE4AAE4BBAF1FF3F0CBF92469A46CB
:101CE000504635B0BDEC028BBDE8F08F00F1BC036F
:101CF000184608EE903AFCF7B1FA2B1D52465146B1
:101D000008EE103A95F8FA3118EE100ACDE902AA59
:101D1000CDE900AAFEF714F930B16FF47A6A18EE33
:101D2000900AFDF7FBFADBE795F804320BB9C5F82A
:101D300000A2D5F800620136012EC5F80062EED18E
:101D40000023D5F8F44185F8FB3185F8FD3195F88D
:101D50009830002BE1D018EE100AFEF7E7F818EEE5
:101D6000103A2146C5F89040181DF2F76BFB8046EB
:101D700018EE100AFEF7D0F8B8F1000FCDD12846C2
:101D8000FFF70EFB002800F0D584824F032220AC21
:101D90009F213B7828460494BB468DF88030002371
:101DA000CDF80080ADF88180CDE906230022002324
:101DB000CDE902234FF0FF324FF0FF33FFF798FBDE
:101DC0000028AAD19DF88030BF2B00F0B58000F22A
:101DD000A580012B00F0B6809D2B00F0B080002381
:101DE00010AEDFF8B8812946304600270DF17009A2
:101DF000C5E94233C5E94833CDE9208394E80C00B6
:101E0000F0F7DEF84FF05A0C96E80F00082684E849
:101E10000F000123002220462399CDF80C90B246F2
:101E20000296CDE9003CCDE9046700238847B8421B
:101E3000CDF828806FDB04225749484607F0AEF8FA
:101E40008046002867D19DF87530012B63D19DF83D
:101E5000763032460B933B4637461E4601215A20C8
:101E6000CDE90476CDE90010CDE902A920462399F9
:101E7000CDE90C32884700284DDB9DF87230012BEC
:101E8000099348D11D99080EFF28DDE90C3212D1C3
:101E90009DF87000812865D084286DD058B921F054
:101EA0007F41C5F808119DF8731089005029A8BF1B
:101EB0005021C5F80C1108320B9808F1010143F1CB
:101EC000000340454CDC0A9B002714AE29462093B2
:101ED0003046219794E80C00F0F772F80DF1700C81
:101EE00096E80F008CE80F00D5F80C310822012687
:101EF00060461F9903940096CDE904375A23CDE933
:101F00000132D5F808213B468847824618B99DF929
:101F10008730BB4246DADFF888A000E7C22B7FF4A7
:101F20005EAF032385F8006185F8F000C5F8E43062
:101F30001523C5F8EC3052E785F802014FE7C5F8E4
:101F4000E4604CE79DF88130022B7FF448AF9DF8A8
:101F50008230202B7FF443AF012385F801313EE727
:101F600088467BE721F07F41C5F820119DF873106A
:101F70008900C5F824119EE721F07F41C5F8D811EA
:101F80009DF873108900C5F8DC1194E75AF0FFFF43
:101F900059F0FFFFB8A401086EA40108A9FF0008CA
:101FA0005EF0FFFF219B0133DB08C5E94430D5F823
:101FB0000C31282B89BF9DF8A8304FF480761B1177
:101FC0009E409DF8BD3013F00802C5F8F0615AD06C
:101FD0000021002300204FF0FF32049300934FF0C4
:101FE000FF33CDE90601CDE90201F0212846FFF7D4
:101FF0007FFA00288FD12846FFF7D2F9064600283D
:1020000089D0D5F80C011C285FD9012305F5DC71B6
:1020100005F5E47C4FF0FF3E9846227F41F804EB43
:1020200008FA02F2012ACA600ED9677F41F8047CDF
:10203000D5F86071BA4200D30FB9C5F8602195F8A0
:1020400054211A4385F854215B008C4504F10204A5
:10205000DBB2E2D19DF882309F063DD59DF88930F4
:10206000C5F8E0309DF8883003F01F025B119B003B
:1020700085F8FD2185F8FB31022385F8F93100262A
:1020800085F8FE3141E0DB067FF545AF00260027ED
:1020900004924FF0FF33009266214FF0FF32284642
:1020A000CDE90667CDE90267FFF722FA00287FF441
:1020B00032AF4FF0FF324FF0FF3399210490009080
:1020C000CDE90667CDE9026790E79DF88130FF2BE7
:1020D000C5F81831BED11EE7102866DD9DF89020A6
:1020E000D40662D59DF89B30C5F8E0309DF89A3053
:1020F00003F01F025B119B0085F8FD2185F8FB3181
:10210000022385F8F93185F8FE3195F8003193B353
:1021100000229BF8003018EE100A8DF8603011464E
:102120000223ADF86120CDE90222CDE90022FDF7BE
:1021300007FF00BB18A92846FFF74DFAD8B99DF84C
:102140006230284643F002038DF86230FFF760F9F1
:1021500088B918A92846FFF7E8F9044658B928466F
:10216000FFF71EF938B118A92846ADF860408DF880
:102170006240FFF730FA9BF8002000238DF83C20E6
:102180008DF860209DF8BA20ADF83D30C2F3021200
:10219000ADF86130013A042A00F2FE80DFE812F067
:1021A000B60022012601B600B60058060ED59DF8ED
:1021B0008B30C5F8E0309DF88A3003F01F025B11C8
:1021C00085F8FD2185F8FB31022358E79DF8902022
:1021D000D1077DD59DF89730C5F8E0309DF8963051
:1021E00003F01F025B115B0085F8FD2185F8FB31D0
:1021F000012385F8F93185F8FE3195F8F030BBB14F
:10220000D5F80C313F2B13DD9DF8BF3013F04002A1
:1022100000F05E8103234FF0000B85F8FA3195F84A
:10222000FA31032B00F0E281BBF1000F7FF473AEB3
:102230002846FFF7B5F800283FF46DAE0A9B18AEAC
:102240004FF000090DF1800829462093CDF88490C5
:1022500030461CAC98E80C00EFF7B2FED5F820B180
:1022600096E80F0084E80F00BBF1000F04D0D5F80A
:102270002461002E40F0C8810123C5F82831D5E93A
:102280004432C5F82C3113F1FF3342F1FF32C5E976
:102290005A32D24B28461B788DF880300023ADF897
:1022A0008130FFF77DF800283FF435AE95F8024104
:1022B000002C00F00982012C00F020822846FFF754
:1022C0006FF800283FF427AE012385F8043226E595
:1022D000DA0606D59DF88F30C5F8E0309DF88E30CF
:1022E0007EE7DB070ED59DF88D30C5F8E0309DF810
:1022F0008C3003F01F025B1185F8FD2185F8FB315E
:10230000012378E70323C5F8E03076E70123C5F819
:10231000F830C5F8FC30D5F8F8305F1C09D0D5F896
:10232000FC104C1C05D034AA134401228A4003F847
:10233000942C18A92846FFF74EF99DF862309DF8B5
:102340003E202846BDF83C101343BDF860209DF8A0
:102350003C700A4318A99DF83D40ADF860208DF807
:102360006230FFF7E2F82846FFF71AF800283FF43A
:10237000D2AD002318A92846ADF860308DF8623040
:10238000FFF729F99DF860301F409DF861301C402F
:1023900057EA04033FF4BFAD002E3FF42EAF9DF883
:1023A000B9309DF8B8201B0103F0100343EA121363
:1023B000082B66D037DC022B23DC002B3FF41DAF4B
:1023C0000021002300204FF0FF32049300934FF0D0
:1023D000FF33CDE90601CDE9020138212846FFF798
:1023E00087F80AE7C5F8F830062392E7C5F8F83011
:1023F00007234FF03E0EC5F8FC303F23C5E93AE312
:1024000089E7042B7FF4F9AE0021002300204FF070
:10241000FF32049300934FF0FF33CDE90601CDE97D
:1024200002013521DAE7102B7FF4E7AE0126002701
:1024300018AC4FF000084FF000094FF0000B4FF0C0
:10244000FF324FF0FF33652128460494CDF800B0E9
:10245000CDE90667CDE90289FFF74AF89DF86030BB
:102460004FF0FF32612103F07F030494CDF800B0F8
:102470008DF860304FF0FF33CDE90667CDE9028972
:10248000ACE70126002718AC4FF000084FF0000918
:102490004FF0000B524A0023652128460494CDF8E2
:1024A00000B0CDE90667CDE90289FFF721F89DF874
:1024B00060304B4A712143F040030494CDF800B0E2
:1024C0008DF860300023CDE90667CDE9028985E704
:1024D000D80711D50020002104920092CDE9060111
:1024E000CDE902014FF0FF324FF0FF33B72128460C
:1024F000FEF7FEFF60BB8DE613F002020DD028460A
:10250000FEF786FF002865D100220023049000908A
:10251000CDE90623CDE90223E4E713F0100139D019
:102520000126002718AC4FF000084FF000098DF885
:10253000602000924FF0FF334FF0FF32B521284664
:102540000494CDE90667CDE90289FEF7D1FF10B109
:10255000DFF890B063E69DF86030284643F0010351
:102560008DF86030FEF754FF834698BB04904FF01F
:10257000FF324FF0FF33B12128460094CDE90689A0
:10258000CDE90267FEF7B4FF0028E1D1032385F807
:10259000FA3144E613F0080013D08023002204919E
:1025A00017218DF860300023CDE906230122002396
:1025B000CDE9022318AB4FF0FF3200934FF0FF3309
:1025C00095E713F0040B4FF00203E0D0C522C5F8E5
:1025D000F42020E6DFF810B021E600BFB8A401081F
:1025E000030080005EF0FFFF5CF0FFFF002218EEAA
:1025F000100A1146CDE90222CDE90022FDF7A0FC28
:1026000000283FF411AE86E4304604F051FD074641
:1026100000283FF480AC5A23082103905A462046F4
:10262000CDE9013101231F9900934B46CDE904699F
:10263000884700283DDB3E78D5F824C116F0020615
:1026400094E80F0088E80F0040F0B98007EB0C0910
:102650003C460834A1452CD30120002114F8063C47
:1026600014F805BC54F8042CCDE904010FA9404628
:10267000039103F00F019B09029114F8071C0093CA
:102680000023019123998847002812DB9DF83C30F4
:10269000760014F8082C1BEA030FF6B2237818BF53
:1026A00046F00106D20703F0020300F18A80002BF6
:1026B000CFD04FF0FF347BE0099901334900042B60
:1026C000C9B2099169D173E02846FEF7A1FE00283E
:1026D0007FF421AC0022002304909821009028462A
:1026E000CDE90623CDE902234FF0FF324FF0FF334F
:1026F000FEF7FEFE00283FF4E1AD0CE420A92846D9
:10270000FEF769FF00287FF406ACD5F8F8307BB9F6
:10271000D5F8FC309C4044F00304E4B29DF88030CE
:1027200020A928461C408DF88040FEF7FEFEE1E718
:102730000324F3E7DFF8C4A0FFF7F1BA0CF10103BB
:102740000A2BC5F82831B4DC6FF4AA79043405F5F6
:10275000967805F5AA7605F5B47E00210F22A9EB3F
:102760000509236814F8040B23F0FF0300F00F00A1
:1027700003F58073024048F8043B013B06F8010B67
:102780000B44D9171846EEE80201591C09EB060361
:102790009C45E6DC0023C5F86031099911EA020482
:1027A0008AD005EB83030024D3F8C831C5F8603123
:1027B000384604F085FC01343FF4ADAB69E53C4696
:1027C0004E46D5F824213A44217888077FF571AF29
:1027D00004F108039A42FFF46CAF94F802C00CF1C4
:1027E000020304EB83039A42FFF463AF6078B042C4
:1027F000A4D0C9073FF55DAF1C46E5E75DF0FFFFDC
:1028000073B51F4C04F1560504F15A06B4F8541080
:1028100028460191FAF7BBFA58B301993046FAF706
:10282000C3FAE36D53F8200018B30378F13B082B8B
:10283000ECD801A252F823F05D2801080D28010808
:10284000632801080D2801080D28010867280108E0
:102850006B2801080D2801086F280108236E98478E
:10286000D4E7636EFBE7A36EF9E7E36EF7E7236F48
:10287000F5E7002002B0BDE87040FAF795B900BF57
:102880003C0100241F4B186870B53830EFF704FC8A
:1028900018B11D4B4FF080625A601C4CE368013345
:1028A000E360FAF7DDF90020FAF77EF9236D03B152
:1028B0009847226C2AB3A369E16B994203D0D96986
:1028C000E36301B9DA61DA69BAB9267A022E18D15E
:1028D000656AB5B1E36B95F9202093F920309A42EF
:1028E0000FD12846FAF7EAF8E06BFAF755F96E705F
:1028F000236CE563A561EB6103E0013ADA61002A2C
:10290000E3D070BDF01C002400ED00E03C01002489
:10291000024608B5EFF3058313B16FF0050008BD5B
:10292000FCF78EFC0028F8D11046DFF808C000DF65
:10293000F5E700BFA9D2000870B51D4B0546044657
:1029400045F8543B2846FBF789FC206C6669FCF788
:1029500095FC0023636194F83D306BB9012384F842
:102960003D304EB1EFF3058333B9FCF769FC18B97C
:102970003046DFF840C000DF2846FCF7CFFC94F873
:102980003C302BB1A06A08B104F09AFB0023A3628B
:10299000606DFFF7BDFF226CEFF3058333B9FCF7E1
:1029A0004FFC18B91046DFF810C000DF204670BD9C
:1029B000A49A010875D1000845D2000810B5044654
:1029C000FFF7BAFF204604F07BFB204610BD000055
:1029D000024608B5EFF305830BB1002008BDFCF7F4
:1029E0002FFC0028F9D11046DFF804C000DFF5E71E
:1029F000E9D50008074B10B504460360FEF718FE42
:102A0000D4F8BC00FFF784FF201DFDF73BFB2046F8
:102A100010BD00BF2899010810B50446FFF7EAFF72
:102A2000204604F04DFB204610BD00001FB5134B9F
:102A30006C460B250FCB84E80F0020461C24FFF7C3
:102A4000C7FF0F4B18600F480F4B456003600F4BDB
:102A5000C4608360FFF7BCFF0D4B18600D480E4B40
:102A6000C460C0E900350D4B8360FFF7B1FF0C4B2C
:102A7000186004F07BF9FCF7E1FB00BFBCA401087F
:102A8000A8350024E02D002483A40108F42D00249F
:102A9000F02D0024302D002490A40108442D0024A2
:102AA000402D0024042301480B807047700200244D
:102AB000122301480B8070475C020024036818470A
:102AC00000F07B43B3F1005F0ED000F07743B3F129
:102AD000405F09D000F07F40B0F1805F14BF4FF03D
:102AE000FF304FF001607047004870470000040855
:102AF000BFF34F8F0549064BCA6802F4E0621343E7
:102B0000CB60BFF34F8F00BFFDE700BF00ED00E0DB
:102B10000400FA0508B5D0F8B4325B689847002085
:102B200008BD08B5D0F8B4320BB9022008BD1B6847
:102B300098470028FAD0F8E7D0E90030184700009D
:102B40000A23038000487047E802002400207047F1
:102B50000020704700207047002070470020704719
:102B6000002070476F2303800048704778020024DC
:102B70000048704798AA0108D0E90931C26A006A82
:102B8000424301FB0323A0FB010119447047D0E934
:102B900006017047D0E904017047D0E9020170478F
:102BA00001682DE9F04717469846096B0646DDE9AE
:102BB000089A884702460B463846414606F03AFCDA
:102BC000134302D00020BDE8F08717EB09043368F7
:102BD000304648EB0A0514F1FF32196B45F1FF331B
:102BE000884702460B462046294606F023FC13433D
:102BF000E8D1336830469B6B9847A94208BFA04292
:102C00002CBF01200020DEE72DE9F0471E460368B7
:102C1000154604469B6ADDE9087A984702460B464A
:102C20002846314606F006FC134302D00020BDE8DA
:102C3000F087236820469B6A984702460B46384631
:102C4000514606F0F7FB1343F0D115EB0708236854
:102C5000204646EB0A099B6B9847494508BF40450B
:102C60002CBF01200020E2E72DE9F0471E46036853
:102C7000154604465B6ADDE9087A984702460B462A
:102C80002846314606F0D6FB134302D00020BDE8AB
:102C9000F087236820465B6A984702460B46384611
:102CA000514606F0C7FB1343F0D115EB0708236824
:102CB000204646EB0A099B6B9847494508BF4045AB
:102CC0002CBF01200020E2E74FF0FF30704703687F
:102CD000DB6A18470020704710B50224C0E90722BC
:102CE000C0F89442D0F8C002EFF711F9002010BDEF
:102CF00008B5002204231146C0F89432D0F8C0026F
:102D0000EFF705F9002008BD37B54B7804460D46AE
:102D1000092B45D8DFE813F0040120014400190114
:102D2000440088000A004400EC00B90000234988F0
:102D3000ADF806300B0A013B062B31D8DFE803F073
:102D40000416233030515B00D0F8B0321B680DF10F
:102D50000601207C9847BDF80620002A5FD0EB884A
:102D6000002B53D12046FFF7C3FF5BE0027CD0F875
:102D7000B43232B99B6A0DF10600984702234370C2
:102D8000E9E7DB6AF7E7C9B2052921D8DFE801F0F6
:102D9000030C1014181CD0F8B0325B68002BD6D18D
:102DA0002046EFF7A9F83DE0D0F8B0329B68F5E790
:102DB000D0F8B032DB68F1E7D0F8B0321B69EDE74C
:102DC000D0F8B0325B69E9E7D0F8B0329B69E5E74B
:102DD000D0F8B4329B6B002BE2D00DF1060298477D
:102DE000B9E7037C002BDBD1D0F8B4320DF106003B
:102DF0005B6B9847AFE7037C002BD1D1D0F8B4329E
:102E00000DF106001B6B98470723B8E79A4201466D
:102E1000204628BF1A46ADF80620FFF75DFFEB8875
:102E2000002B9FD003B030BD8B88002BB8D1C88851
:102E30000028B5D14D887F2DB2D894F89C32032B51
:102E4000AED0EAB2D4F8C03284F89E2293F8BC1314
:102E5000012910D083F838201A68D2F8001821F41C
:102E6000FE61C2F80018D2F8001841EA0511C2F854
:102E7000001883F8BC032046FFF73AFF1DB1022378
:102E800084F89C32CEE70123FAE78978384D01298E
:102E9000297085D890F89C32022B08D0032B15D0CE
:102EA000EFF72AF829782046FFF734FEBAE7002921
:102EB0003FF458AF01210323416080F89C32204643
:102EC000FFF72FFE02287FF44DAF69E731B90223E7
:102ED000416080F89C32FFF71DFE43E741680129FD
:102EE0003FF440AFC9B2FFF715FE29786160E6E70D
:102EF000CA88012A7FF454AF90F89C32022B0AD87A
:102F0000002B3FF44DAF0146002341F8083F204617
:102F1000FFF7E2FE86E7032B7FF442AF011DF6E7E1
:102F200090F89C32013B022B3FF63AAFCB88022B44
:102F30007FF436AF0123C360D0F8A4320BB1032372
:102F4000C360022204F10C01E1E74B88012B7FF4FE
:102F500069AFC4F8A43205E790F89C32013B022B1C
:102F60003FF61EAF4B88012B7FF45CAF0023F0E7E8
:102F7000043A002438B5036804460025DB6C984702
:102F8000104B03227C2083F830200F4A116821F077
:102F9000030111605D631A6083F83050EFF7ACFAFB
:102FA0000A4A2046D2F8DC3023F40073C2F8DC3041
:102FB000236884F8545084F880501B6D9847284645
:102FC00038BD00BF94120024002402480044025877
:102FD00038B5D0F8B432044601795B689847D4F824
:102FE000C04294F8BC33012B21D02568012384F81A
:102FF000BC332846AB6823F00103AB60F0F70AFA54
:103000004FF48463226813610A4B013B02D01169BB
:103010008906FAD4A36A012B06D1A369012B03D038
:10302000AB6B23F48033AB63002384F8BC33002004
:1030300038BD00BF410D030008B5FFF7C9FFFFF71A
:1030400057FD00002DE9F7430D7800230646D0F820
:10305000B84215F06005ADF8063000F07C81202DF7
:1030600040F08F8191F80180B8F1060F00F289815C
:10307000DFE818F0440107004300B4000B0122010F
:10308000270141F21803CA88E05C02B3022801D08C
:10309000052818D1498804F58053196041F20403CA
:1030A00041F21801E2500323635441F214016354C6
:1030B0002146D6F8C002C6F89432C6E95722EEF788
:1030C0003BFF002515E03046EEF716FFF9E705282F
:1030D00001D00228F7D14FF483720025E25241F269
:1030E00011030622E55441F21203E55241F21403A2
:1030F000E254284603B0BDE8F083CA8841F21800C4
:10310000002A5FD0205C04F58053022801D00928F2
:1031100052D14F8841F204091F6041F2180344F86C
:103120000920DFB9032A21464FF0030298BF4FF070
:10313000090804F8038041F21103E75441F2120335
:10314000E75241F2140304F803804FF40453238040
:103150004123A3703046FFF7BFFDB2E7012F41F2D4
:1031600011011BD009200025023FE05441F2120357
:1031700065542146E55241F21403E05441F208033C
:10318000E058D6F8BC3200EB0730DB69984734F8DA
:10319000092001463046FFF79FFDAAE70F220025D0
:1031A000E25441F212036554E55241F21403E25431
:1031B0003046EEF7A1FE9CE7002541F20402A5503F
:1031C0001D60F5E7022341F211012354625441F2DC
:1031D0001201625241F21401635472E741F2180283
:1031E00004F58055A35C1035032B04D0062B2DD09D
:1031F00006222946AEE741F2040341F21100E358EA
:10320000EBB1042341F21201A35400222254625272
:1032100041F21402A35441F20803E05804F580532C
:103220001968D6F8BC3231B92278412A03D11B6A19
:103230002A469847DCE71B6A2A460121F9E705215F
:10324000A154235441F21202A3520DE041F219039A
:10325000E35C012B0CD10721A15441F21102A354CC
:1032600041F212030022E25241F21403E154BFE79B
:10327000002BBDD1564991F826104907B8D5022137
:10328000A15441F21102A354DCE741F2180341F2C8
:103290001001E25C0A2A07D102220025E25441F221
:1032A00014036550E25224E70A22E2540E236350CD
:1032B00041F21403E25204E704F58051012218316F
:1032C00048E741F21802A35C092B3FF6FAAE4FF42F
:1032D0001B75DD40ED4315F001057FF4F2AE0223CE
:1032E000A35441F21002A55041F21402A35204F576
:1032F00080531D6041F20403E550FAE641F21800E4
:10330000225C092A14D84FF41B73D340DB4313F01B
:1033100001030DD10222225441F21000235041F248
:103320001400225204F58052136041F20402A350AB
:10333000274B93F8275015F0100508D03046454626
:10334000FFF746FED6F8C002F3F702FBD1E6488845
:10335000F3F74CFCCDE64F780B2F12D8DFE807F0DF
:1033600006111111111116111111232C90F89C3214
:10337000032B06D102220DF106013D46FFF7ACFCFE
:10338000B7E630460225EEF7B7FDB2E64B881B12D2
:10339000212B05D1CA880F49092A28BF0922F9E63D
:1033A00000221146F6E690F89C32032BE9D104F591
:1033B000805101220C31EDE68B78022BE1D890F898
:1033C0009C22032ADDD141F20C02A35091E600BFFA
:1033D000780200249C020024F0B541F21802D0F8D3
:1033E000B84289B00746A35C042B65D104F580562A
:1033F00041F20403316800294FD12278AAB9E35879
:10340000012B41D1002541F2040341F21802E5509D
:1034100003233560A35441F21102A55441F2120274
:10342000A55241F21402A3542BE0212A10D1E358F3
:10343000052B29D1E378A2781B0403EB02236278E1
:103440001344227903EB026341F20802A350D9E747
:10345000412A19D1E358052B16D1E378A0781B0433
:1034600003EB002360780344207903EB006041F212
:103470000803E050D7F8BC325B6998470028C1D0F8
:103480000225284609B0F0BD002341F20402384667
:10349000A3503360EEF730FDB4E70129B2D941F211
:1034A00008020239A058D7F8BC2200EB01312046AF
:1034B0009569E258A847E1E7072B4FF0000313D1C5
:1034C00041F219016354184991F8265041F2110153
:1034D00015F004050AD00620A05441F212026354EC
:1034E000A35241F21402A0541D46CAE70823A35474
:1034F00041F212026554A55241F21402A354D0F8CD
:10350000BC321B699847094B094A002109480792B8
:1035100006950092CDE9043704ABCDE902010648D7
:103520000ECBEEF721FDACE778020024393001081C
:10353000392B0108400D0300B00E002438B50446B5
:1035400041F21C0003F0B4FDC4F8B802E0B102225D
:1035500041F2180300F580510C4DC25200230B605C
:1035600041F20401435041F20801455041F20C017F
:10357000435041F21001435041F21403C252D4F8B7
:10358000BC32DB68984700B1022038BD0000040857
:1035900070B504460D46164600211C2203F0F6FDC8
:1035A000204632462946FBF7DDFB204670BD38B584
:1035B000D0F8B832002541F21801044603F58052D4
:1035C000156041F204029D5002225A5441F210014A
:1035D0005D5441F214015A54D0F8B80218B103F006
:1035E0006FFDC4F8B852002038BD00002DE9F04F3F
:1035F0008BB0016806469346149F159C0097019472
:10360000496C8847002800F0BF8033683046DB6C87
:10361000984796F8803043B9336830465B4C1B6D51
:10362000984720460BB0BDE8F08F594C94F83030E5
:103630002546012B5FFA83FA1AD14FF0000958464C
:10364000D6E908234946CDE9023205F0F3FE039A94
:103650008046029BB81A4946584405F0EBFE804567
:103660000746C4F8349005D9636B43F00063636385
:10367000484C80E0236D984203D9636B43F000739C
:10368000F5E70323D4F8009084F83030236C9A06D1
:1036900009D4414BC9F83830636B43F080636363EE
:1036A00084F830A0E4E7D9F814309B0106D53A4BF2
:1036B000C9F83830636B43F40063F0E7A36B012B68
:1036C00004D0032B36D04FEA482847022024002399
:1036D000CDF814804FF4807A4FF4805805A94846FD
:1036E000CDE9064ACDE90838EEF712FB41F28832FF
:1036F00021464846EFF71EFF48B12B68264A9A63D9
:103700006B6B18430123686385F83030B0E72C6891
:1037100005A905972127CDE908082046CDE9067AB5
:10372000EEF7F6FA41F2883239462046EFF702FF0B
:103730000028E2D100234FF4807226272C6805A9C7
:103740002046CDE90723CDE905374FF4805309938F
:10375000EEF7DEFA4FF2186239462046EFF7EAFE3E
:1037600028B12B680C4A9A636C6B2043CAE701238B
:10377000044685F83030EFF771FF0428FBD1336839
:1037800030461B6D98474CE7044C4AE774ECFFFF4A
:10379000941200246EECFFFFFF0FE01F75ECFFFF9B
:1037A0002DE9F04F8BB00E460168054693469A46C8
:1037B000DDE91478CDE90078096C8847002800F02D
:1037C000FE802B682846DB6C984795F8803043B91B
:1037D0002B6828467B4C1B6D984720460BB0BDE8F4
:1037E000F08FAB6D784C0393D5E90889EEF7CEFEE8
:1037F000074626B9636B43F00063636368E094F89F
:103800003030012B40F0D78042464B465146584657
:1038100005F010FE824642464B46DDE9140105F0F4
:1038200009FE226D0AEB000100238046914263638A
:1038300003D9636B43F00073DFE7D4F800B00322D1
:103840004FEA482984F83020CBF82C30A36B012BA9
:103850004FF0FF33CBF8243018BF4FEA4A2ACBF899
:103860002890B8F1010FDBF82C3023F0FF0343F070
:103870009003CBF82C30DBF80C3043F04003CBF84E
:103880000C3027D92023CDF814A04FF0190AE36299
:103890004FF4807100235846CDF818A0CDE90713E6
:1038A0004FF4805305A90993EEF732FA41F28832BA
:1038B00051465846EFF73EFE78B32368434A9A6371
:1038C000636B18436063012384F830300023E362A4
:1038D0003F4C67E01023CDF814A04FF0180AE362C4
:1038E000D6E7436B5A040CD5B9F11F0F09D906F17D
:1038F000200356F8042BB342C0F88020F9D1A9F177
:103900002009EEF743FE039BC01B834205D82368C2
:103910002E4A9A63636B6363D5E72068436B13F4A5
:103920008D7FDED0C36823F04003C360436BDB05AB
:1039300009D5B8F1010F06D9A36B032B03D0EFF71C
:103940000FFF0028B9D12268506B10F0080005D095
:103950001E4B9363636B43F00803DCE7516B11F07C
:1039600002010AD0194B9363636B43F00203636354
:10397000012384F83030E062AAE7536B13F01003A0
:103980000AD0124B9363636B43F01003636301230C
:1039900084F83030E1629BE70E499163012284F89C
:1039A00030201C46EFF75AFE0428FBD12B6828462E
:1039B0001B6D984711E7636B43F000531DE7064CFE
:1039C0000BE700BF74ECFFFF94120024FF0FE01F11
:1039D0006CECFFFF3A0F001875ECFFFF2DE9F04F7C
:1039E0008BB00E460168054693469A46DDE9147889
:1039F000CDE90078C96B8847002800F00E812B685C
:103A00002846DB6C984795F8803043B92B682846E8
:103A1000834C1B6D984720460BB0BDE8F08FAB6D13
:103A2000804C0393D5E90889EEF7B0FD074626B927
:103A3000636B43F00063636369E094F83030012BFB
:103A400040F0E78042464B465146584605F0F2FCAE
:103A5000824642464B46DDE9140105F0EBFC226D3F
:103A60000AEB0001002380469142636303D9636B34
:103A700043F00073DFE7D4F800B003224FEA48298F
:103A800084F83020CBF82C30A36B012B4FF0FF33A0
:103A9000CBF8243018BF4FEA4A2ACBF82890B8F167
:103AA000010FDBF82C3023F0FF0343F09203CBF837
:103AB0002C30DBF80C3043F04003CBF80C3028D925
:103AC0000223CDF814A04FF0120AE3624FF4807184
:103AD00000235846CDF818A0CDE907134FF48053C2
:103AE00005A90993EEF714F941F288325146584678
:103AF000EFF720FD00283ED023684B4A9A63636BA2
:103B000018436063012384F830300023E362474C9C
:103B100076E00123CDF814A04FF0110AE362D5E757
:103B2000436B1A0419D5B9F11F0F16D9331D06F1CD
:103B3000240122680433D2F88020100A03F8082CEC
:103B400003F8070C100C120E03F8060C03F8052CF2
:103B50008B42EED12036A9F12009EEF717FD039B29
:103B6000C01B834207D823682F4A9A63636B43F0D4
:103B700000436363C6E72068436B13F4957FCFD09F
:103B8000C36823F04003C360436BDB0509D5B8F17C
:103B9000010F06D9A36B032B03D0EFF7E1FD00283B
:103BA000AAD12268506B10F0080005D01E4B936319
:103BB000636B43F00803DCE7516B11F002010AD09C
:103BC000194B9363636B43F002036363012384F82F
:103BD0003030E0629BE7536B13F020030AD0124BA6
:103BE0009363636B43F020036363012384F83030F5
:103BF000E1628CE70E499163012284F830201C4673
:103C0000EFF72CFD0428FBD12B6828461B6D984745
:103C100001E7636B43F000530DE7064CFBE600BF82
:103C200074ECFFFF94120024FF0FE01F6DECFFFF08
:103C30003A0F001875ECFFFF03682DE9F04FDB6CBD
:103C40009FB0B84C05469847B74BB84E4FF48042EA
:103C500023600423E2604FF0010863610023B44F46
:103C60004FF0030923610EA93846C4E90133D6F8A1
:103C7000E02042F04002C6F8E020D6F8E0201093A1
:103C800002F04002CDF844900792079A0822CDE94D
:103C90000E28F2F787FE4FF400230EA9A548BB615A
:103CA0000227D6F8DC3043F40073C6F8DC30D6F8CF
:103CB000DC3003F400730693069BD6F8E03043F043
:103CC0000203C6F8E030D6F8E03003F002030593B3
:103CD000059BD6F8E03043F00803C6F8E030D6F88C
:103CE000E030CDF8449003F008030493049B0923CB
:103CF00012934CF21803CDE90F780E93F2F752FEAF
:103D0000C0230EA98C480E930B231293F2F74AFEA0
:103D100005217C20EEF70CF8884B4FF08052DA60DA
:103D20008DF80F809DF80F30012B5FFA83F812D0C9
:103D30007C20EEF7E1FBD6F8DC30284623F4007354
:103D4000C6F8DC302B6885F854701B6D98477C48AA
:103D50001FB0BDE8F08F94F8303003F0FF0203B9D4
:103D60002276032384F83030EDF7FEFF70B901238B
:103D700084F830304FF0006363630123284685F8F0
:103D800054302B681B6D98476E48E1E721686E4BF5
:103D90004A686E4FB0FBF3F33A401A435B00B0FB46
:103DA000F3F06B4B4A600A68B3FBF0F042F0030299
:103DB00001300A60F2F71AFF002320680893EFF73A
:103DC000A7FC834688BB4FF4D5700822D4F8009036
:103DD0000EA9604ECDE90E024FF480724846CDE93F
:103DE000102B4FF480521292EDF792FF32684FF48D
:103DF000FA51B2FBF1F141F288324A43013A0DD354
:103E0000D9F8341011F0450FF8D08904F6D4D9F858
:103E10003420520710D50422C9F838200022206827
:103E2000E263EFF775FCF0B18346012284F830209D
:103E3000636B43EA0B039FE7D9F83420D30701D51E
:103E40000122E9E7D9F83420500602D54022C9F80A
:103E500038200122E26300212068EFF740FC28B1FE
:103E60004FF0805BE1E7E26B012AF4D04FF6FE7978
:103E70000021CA4637E02068EFF731FC834600286E
:103E8000D3D1354B29212268CDE90E314FF4807111
:103E90004FF4805301921293CDE910100EA91046F1
:103EA000EDF736FF33684FF4FA51019AB3FBF1F1A5
:103EB00041F288334B43013BD2D3516B11F0450F94
:103EC000F9D08904F7D4536B5B0702D504239363BD
:103ED000C6E7224B93632368D3F814B0089A4FEADD
:103EE000DB7101320892089A4A4501D80029C2D0F4
:103EF000089A524513D81BF0804F01D00123A363C9
:103F0000D4F80090D9F80030980729D14FF080609C
:103F1000012384F83030636B184360632DE74FF062
:103F2000807B82E794120024002402480044025857
:103F30000018025800040258000C025800E100E08A
:103F400073ECFFFF74ECFFFF00350C00002CC0FF8A
:103F50001021010000000024000010C1C500200055
:103F6000A36B032B69D0002302224FF4805A0EA9C1
:103F70004846CDF848A0CDE90E324FF44072CDE965
:103F80001023EDF7C5FE4846EFF7ACFA0028BFD185
:103F9000D4F80090D9F81430E366D9F818302367C4
:103FA000D9F81C306367D9F82030A367A36B032BC3
:103FB00043D04FF4807303210E90CDE90F13CDE968
:103FC000110A0EA94846EDF7A3FE33684FF4FA52E2
:103FD000B3FBF2F241F288335343013BC0F01C8142
:103FE000D9F8342012F0450FF7D09204F5D4D9F85F
:103FF00034305B0703D50420C9F8380088E7D9F8C6
:10400000340010F0010003D00123C9F838307FE7F5
:10401000D9F81030DBB2032B40F0FC80C94BC9F853
:104020003830D9F8143013F4604240F0E680A16BC8
:104030001B0C2668032940F0F280D4F800B0DBF8AE
:1040400018301B0D2364E36D9A0F8DF83820C3F3ED
:1040500083628DF83920C3F301628DF83A20C3F3EF
:1040600007428DF83B20C3F30722DBB28DF83C20DA
:104070008DF83D30236E1A0DADF83E20C3F3034298
:104080008DF84020C3F3C0328DF84120C3F3803255
:104090008DF84220C3F340328DF84320C3F3003241
:1040A0008DF8442000228DF84520A26B002A40F0B4
:1040B000D68040F6FC71626E01EA830343EA927394
:1040C0001293C2F3C2638DF84C30C2F302638DF8D1
:1040D0004D30C2F342538DF84E30C2F38243C2F3E7
:1040E000C2328DF84F308DF85020129B9DF8502031
:1040F000013302F00702023293409DF8402002F0A3
:104100000F010122A3648A40E264520A53432365EB
:104110004FF4007363654FF0010A636E4FF48079CA
:104120004FF480565846C3F380320D968DF85120D7
:10413000C3F3C61203F07F038DF852208DF853307D
:10414000A36EDA0FC3F300418DF85420C3F341721C
:104150008DF85520C3F382628DF85620C3F3835245
:104160008DF85720C3F340528DF8582000228DF867
:1041700059208DF85A10C3F3C0310C928DF85B10A2
:10418000C3F380318DF85C10C3F340318DF85D10BE
:10419000C3F300318DF85E10C3F381218DF85F10F9
:1041A000C3F30121C3F346038DF8601009A98DF80C
:1041B0006130636C8DF862A01B0409930723CDE97D
:1041C0000A39EDF7A5FD072341F288325846194612
:1041D000EFF7B0F900287FF49BAE4FF40071206830
:1041E000EFF7E8FA002859D02368574A9A63636BBF
:1041F0001843606384F830A0BFE55E0407D413F46D
:10420000004F0CBF4FF480304FF4805080E64FF4E5
:1042100000507DE601207BE64FF0004078E66364C5
:104220001B04092130460E934FF440731192CDE9DF
:104230000F134FF480530EA91293EDF769FD30462A
:10424000EFF750F900287FF463AE23685A69E265FE
:104250009A692266DA6962661B6AA366EDE6012A3C
:104260000FD11B04B4F8662003F47C13134312939C
:10427000129B01339B02A36423654FF40073E36434
:1042800048E7314B4FF08050CBF83830636B43F048
:1042900080536363012384F8303039E6EEF776F912
:1042A0008246206843699B0100F1C3804021EFF7FB
:1042B00081FA58B1636B63632368234A9A63636B23
:1042C00018430123606384F830309FE0616C2068FC
:1042D0000904EFF704FA0028ECD1D4F800B04FF04D
:1042E000FF330EA9CBF824304023CBF82830DBF87D
:1042F0002C3023F0FF0343F06303CBF82C300D2365
:104300000E90CDE911065846CDE90F39EDF700FDC5
:104310000D2341F2883258461946EFF70BF9002871
:10432000C8D10EAE23685A6B12F4957F5A6B0DD02C
:1043300011077CD45A6B920777D45B6B9B0622D50E
:104340002020B9E7C5002000FF0FE01F100407D5AB
:1043500006F12002D3F8801046F8041B9642F9D1EA
:10436000EEF714F9A0EB0A000130DBD14FF000406A
:10437000A2E7D2F8803046F8043BEEF707F9A0EB4D
:104380000A000130F2D02268536B13F48053F0D14D
:10439000A84991630E99C1F381128DF82420C1F3CD
:1043A00040128DF825200A0A22F0FF0242EA11622B
:1043B00092B2ADF826200F9A12BA0A92109AD1B290
:1043C0008DF82C10C2F307218DF82D10C2F3035184
:1043D000120C8DF82E10119922F0FF02C8B2024380
:1043E000ADF83020C1F385228DF83220C1F30122CF
:1043F0008DF83320C1F3031201F00F018DF8342042
:104400009DF84B208DF835108DF836204FF4007153
:1044100020681E46EFF7CEF970B12368864A9A638A
:104420006063012384F83030A7E4022044E70820C9
:1044300042E74FF400603FE7002E7FF49EACA16B93
:104440009DF8342001299DF83530D2B2DBB213D16A
:10445000134314BF4FF400734FF48073A365032319
:10446000E668994284F8303002D0B6F5004F05D1A5
:10447000636B43F080535CE0A665F0E7B6F5804FD0
:1044800033D10023CDE90E3323685B69980126D42C
:104490000EA8EFF7A9F960B90F9B590322D5616CFB
:1044A00020680904EFF71BF918B902212068EFF71B
:1044B000FDF8636B18436063636B002B3BD023688C
:1044C0005D4A9A634FF400712068EFF773F9002892
:1044D0006DD02368584A9A63636B1843A0E74FF482
:1044E0000060E6E74FF08060E3E7FEB92368CDE9BE
:1044F0000E665B699A0113D40EA8EFF775F960B9DF
:104500000F9BDB030FD5616C20680904EFF7E7F818
:1045100018B901462068EFF7C9F8616B0843CAE78C
:104520004FF40060F9E74FF08060F6E7636B43F00B
:1045300000636363C0E7EDF717FC98B33F4AB0FB35
:10454000F2F9D4E904C3D4E9018E4B450CD2A16D34
:10455000B1F5007F08D0B1F5807F19D19BB99042A9
:1045600002D9374BB0FBF3F3216846EA08064FF057
:1045700000084A6846EA0E06174046EA0C0637432A
:104580001F434F609EE75900B0FBF1F19142E7E70E
:104590002C4A1BB9904288BF4B46E5E75900B0FB57
:1045A000F1F0F7E7636B43F0006363638AE701238D
:1045B00084F83030B8F1000F7FF4DFABEDF7E6FFA1
:1045C0000646EFF74BF804282BD1E36B0026A06BCF
:1045D000012266636B63236CA16CAB63636C276D14
:1045E000E66285F8546084F83020EB63E36C646D18
:1045F000286329642871284685F880206B64AF649D
:10460000EC64C5E90A16C5E90236C5E90436C5E910
:104610000636C5E908362B681B6D98473046FFF70C
:1046200097BBEDF7B3FF801B0130CAD14FF00043B9
:104630006363F6E63A0F0018FF0FE01F80F0FA02FE
:1046400000E1F50540787D01064B10B50360044696
:1046500090F880300BB1FEF78DFCE06DFEF758F955
:10466000204610BD58AB010810B50446FFF7ECFF1B
:10467000204602F025FD204610BD5C30FAF74EBE04
:104680005C30F9F7EBBD38B5D0F8C04201F00F054A
:1046900063689D4237D811F0800F4FF01C0234D070
:1046A00002FB054302FB054101223C3381F83D201A
:1046B00001221D709A7094F8BC13914223D084F8A3
:1046C000BC231A785B782068012B4FF020030CBFC5
:1046D00000F5106100F5306113FB02131968002921
:1046E00004DB1AB11A6822F080421A601A6842F498
:1046F00000121A6025B904F57172217CEEF764FE90
:10470000002384F8BC33002038BD02FB014302FBC8
:104710000141002203F5FE7381F8FD21C8E770B561
:10472000044616460D4651BBD0F89432032B1FD1D8
:10473000D0E9581291420ED9891A8A42C0F8601104
:10474000D0F8C00288BF8AB2314698BF92B2EDF766
:10475000F3FB284670BDD0F8B4321B6923B190F842
:104760009C22032A00D198472046FEF7C1FAF0E7C1
:10477000052BEED1C4F89412FFF785FFE9E7D0F8D6
:10478000B4329B6933B190F89C22032A02D10025F0
:104790009847DEE70225DCE730B5013800252B46D7
:1047A0000135445D002CFAD1DBB201335B0013808C
:1047B0000B7003234B70022310F8015F05B930BD65
:1047C0005A1CCD540233D2B2DBB28C54F4E7000051
:1047D000082908B50AD8D0F8BC32063953F82100A8
:1047E00010B10349FFF7D8FF014800E0002008BDE1
:1047F000FC3800240A460349034808B5FFF7CCFFFC
:10480000084608BDA81A00249FAA01080A460349C1
:10481000034808B5FFF7C0FF084608BDA81A0024E2
:10482000AAAA010838B5674C2068E56A436B1904E9
:104830001FD52A071DD5A36A1F2B19D9616A0B1D25
:1048400001F1240022680433D2F88020150A03F80D
:10485000082C03F8075C150C120E03F8065C03F82D
:10486000052C8342EED1A36A2031203B6162A36212
:1048700038BD436BDB0535D54FF480738363C36B61
:1048800023F4414323F03A03C363C36B23F0805303
:10489000C363C36823F04003C36015F0080311D05D
:1048A00015F0220F05D0EEF75BFF10B1636B1843D4
:1048B00060632368444A9A63012384F830300023FC
:1048C000E362D5E72906D3D515F0220F8362C362D0
:1048D0000365F1D0EEF744FF0028EDD0636B184379
:1048E0006063E9E7436B5A0411D52B070FD5226AA1
:1048F0001F2ABDD9E36903F1200153F8045B8B4201
:10490000C0F88050F9D1203AE3612262B0E7436BEE
:1049100013F03A0F436B4DD0990703D5636B43F007
:1049200002036363436B1A0703D5636B43F0080309
:104930006363436B9B0603D5636B43F020036363A0
:10494000436BD90603D5636B43F0100363631E4BBF
:104950008363C36B23F49D73C363C36823F0400375
:10496000C360C36A43F40053C362C36843F0800367
:10497000C360EEF7F5FE636B15F0080140EA030033
:1049800023686063DA6822F08002DA604FF4006224
:104990009A6391D12A067FF56BAF626B002A3FF4D0
:1049A00067AFDA6B22F08052DA631965012384F86D
:1049B00030305DE7DB007FF55BAF4FF08053836302
:1049C000036D55E7941200243A0F00182DE9804832
:1049D000ADF5217D1C220021D84D04AF07F1D80090
:1049E00002F0D4FB882107F1D800A7F8E810EEF711
:1049F0007DFB002107F1D800EEF79CFB0221B7F9FF
:104A0000E800EDF775FCCE48CE4A0368CE4943F482
:104A1000807311600360CD48D1F850800478BFF3F3
:104A20005B8FBA6014F0010430D1FAF717FD68B358
:104A3000C74BD3F8D020560000F15D82D3F8D020C8
:104A4000002AC0F25882D3F8D020D00000F155825D
:104A5000D3F8D020510100F15082D3F8D020D201F8
:104A600000F14D82D3F8D02016020BD4D3F8D02019
:104A7000900200F14682D3F8D03013F4800F0CBFBF
:104A80000B240124B1482C70FAF7E0FCB14C2378D8
:104A9000BFF35B8FD9070BD42046FAF7DFFC38B1A0
:104AA000AB4B2046D3F8D020AB4B1A60FAF7CEFCC4
:104AB000A74AD2F8D03043F48033C2F8D0302B78F4
:104AC000012B08D1BB684DF659724FF4FA701B6880
:104AD0001A65F2F78BF80022942107F1BC00FEF76B
:104AE00057FD1C22002107F1A00002F04FFB07F147
:104AF000A000002301229621FAF71EF907F1A00079
:104B0000FAF771FB40B107F1A000FAF78DFB012124
:104B100007F1A000FAF770FB0022922107F1840050
:104B200007F5B675FEF734FD0022932107F1680002
:104B3000FEF72EFD1C22002107F14C0002F026FB9F
:104B4000A621002207F14C00FAF70CF98348F9F787
:104B50006FFE0024F9F73CFD814B824A4FF0240B95
:104B60001A60F9F721FD01229F2107F13000FEF7BD
:104B70000FFDF2F715F87C4BA42221462B6007F5B8
:104B8000CE707A4B2C616B61AD61AC85C5E9074491
:104B9000C5E9094402F0FAFA754BC5E9353407F561
:104BA0001273BBF1010B03F8014BFAD12846FBF756
:104BB000D2FA704B1C225946C5F8003107F1F400B7
:104BC00002F0E4FA01235A46172107F1F400FAF73C
:104BD000B3F81C22594607F5887002F0D7FA07F59A
:104BE000887001235A461621FAF7A6F807F588704F
:104BF000FAF7F9FA00286ED007F1F400FAF7F3FAA1
:104C0000012868D0F9F7E4FC0A245946B7F92001D5
:104C1000EDF76EFBF9F7C8FC07F58870FAF704FBAF
:104C2000F9F7D6FC0021B7F92001EDF761FBF9F7A0
:104C3000BBFC002107F58870FAF7DEFA0520EDF7D6
:104C400049FBF9F7C5FC0121B7F92001EDF750FB4D
:104C5000F9F7AAFC012107F58870FAF7CDFA0520CB
:104C6000EDF738FB013CDBD107F1F400FAF7DCFA91
:104C7000214607F1F400FAF7BFFA0520EDF72AFB09
:104C8000012107F58870FAF7B7FA0520EDF722FB46
:104C9000012107F1F400FAF7AFFA0520EDF71AFB4E
:104CA000F9F796FC214607F1F400EEF743FAF9F71D
:104CB0007BFCF9F78DFC07F588702146EEF73AFA90
:104CC000F9F772FC07F58870FAF78DFA18B107F159
:104CD000F400FAF788FAB5F90091B5F902612649AE
:104CE0004846F9F7C1FE044624493046F9F7BCFEB0
:104CF0000146204607F58874F9F7CCFE1E49F86096
:104D00004846F9F7A5FE1D4982463046F9F7A0FE50
:104D1000FB68A4220021206107F5CE702360A4F86F
:104D20000490C4F808A0A68102F030FA214607F5E5
:104D3000CE70EFF745FF284622E000BFFB39002484
:104D4000004802580C36002400400058F438002473
:104D500000440258F8380024FC390024649B010800
:104D6000E00F002481C70008ACA90108A7C900080A
:104D7000A0860100170016005C980108C097010882
:104D8000FBF7E1F94F2307F1100128463B82F0F7CA
:104D90006FFA4FF4756307F1100128463B82F0F774
:104DA00067FA40F24C5307F1100128463B82F0F7B6
:104DB0005FFA40F24D3307F1100128463B82F0F7CD
:104DC00057FA40F6521307F1100128463B82F0F7DC
:104DD0004FFA40F6537307F1100128463B82F0F773
:104DE00047FA0A20F1F702FF48F29C0307F110018D
:104DF00028463B82F0F73CFA42F29E0307F110018D
:104E000028463B82F0F734FA0A20F1F7EFFE40F231
:104E1000422307F1100128463B82F0F729FA0A20C5
:104E2000F1F7E4FE4AF2940307F1100128463B82B1
:104E3000F0F71EFA40F63B7307F1100128463B825B
:104E4000F0F716FA40F6357307F1100128463B8259
:104E5000F0F70EFA0A20F1F7C9FE012107F1BC00B4
:104E6000FAF7CAF90A20F1F7C1FE002107F1BC00E8
:104E7000FAF7C2F90A20F1F7B9FE012107F1BC00E7
:104E8000FAF7BAF90A20F1F7B1FE40F2AA73984591
:104E900040F07F81BB68AE481B68AE4DD3F854909C
:104EA0009A6D5FFA89F6DB6DFA607B60FBF77CFC3C
:104EB00016F0020F3ED016F06003DFF8C4A222D035
:104EC0002820F9F75BFAFB68C0F800A003F1006244
:104ED000C3F500110023C0E90423013280F820301B
:104EE0004362C0E90133C0E9061300D009BB0021C9
:104EF0009948ECF7DDFF0624C4E50424C2E5032449
:104F0000C0E50224BEE528203B60F9F737FA4FF0F0
:104F1000006100223B68C0F800A080F820304362A6
:104F2000C0E904124FF400110022C0E90133C0E9C6
:104F300006122860720744BF884B2B6033071DD5CB
:104F40008820F9F71BFA864B4FF400728246036003
:104F500000235C3040E9152340E9132340E9112385
:104F600040E90F230023002240E90D23ECF7B0FFB6
:104F70004FF47A73C5F800A0CAF8583019F0800FC2
:104F800015D02820D5F80090F9F7F8F9754B0022D4
:104F90002860C0E900390023C0E90223C0E90423E6
:104FA0000023FA6803764276C36180F8203016F059
:104FB000400FDFF8D0A12BD0C820F9F7DFF96A4BFA
:104FC00081466A4940F8043BEDF742F8684B4422B9
:104FD0000021C9F80030803309F11400C9F8043009
:104FE00002F0D4F83822002109F1580002F0CEF87E
:104FF00040230020C9F89830C9E924034FF4007316
:1050000009F1A400C9E92733ECF762FFCAF8009060
:10501000B10618D55C20F9F7B1F9534B0646534950
:1050200040F8043BEDF714F8524B40220021336066
:10503000903306F11400736002F0A8F84FF0FF33CC
:10504000CAF80060B365DAF800002968002800F0AB
:10505000248503685B6A98470646002840F0198556
:105060004549464801F0A2FC8146002800F08C80AA
:1050700003460422012107F1F40001F013FD32463A
:105080003146484601F01EFDD7F8F400FDF718FD43
:10509000421C05467AD0394907F12800FAF704FE88
:1050A00007F12800F9F7BAFB804600283DD101F04E
:1050B00079FA1323C7F80C8003602846244EECF7D6
:1050C00095FFB0F5804F28BF4FF48040804601F037
:1050D000EFFF8246FB689B4580F047854B46424682
:1050E0000121504601F0DEFC05EB0B0128467960FA
:1050F000ECF77CFF79680246B1FBF0F300FB131379
:105100003BB93046FBF730F842F21070EDF7E2F8A9
:1051100079680A46434651463046FBF78DF94FF40D
:105120007A70C344EDF7D6F8D4E703682246B96A2B
:105130009B699847B0F1000806DA01F033FAC8F12C
:105140000003FE600360B8E72369FB60B5E700BFBA
:10515000A02D0024003A00240101FF8060100024EB
:1051600058AB0108B4AB01089C9E0108969B01084E
:10517000C89E0108C09D0108BEAA0108C1AA010875
:105180004CA901080C3A00246FF00205BB681B68AB
:105190001D65CA4B1A6802F07F42B2F1005F11D060
:1051A0001A6802F07F42B2F1105F0BD01A6802F069
:1051B0007F42B2F1405F05D01B6803F07F43B3F13B
:1051C000605F66D14DF65973984562D040F2AA737C
:1051D00098455ED0BB6800251B681D65F1F7C8FCCB
:1051E00072B6B74B2946DFF824E31D604FF0E02389
:1051F0005B6803F00F035E1C2B464FF0FF359C46A7
:105200008A0002F1604202F56142C2F88050C2F8A1
:1052100080510022D01801327044082A80F800C35F
:10522000F8D1013108338E42EADCA64B4FF0206200
:105230005A60A2F1FE729A6040F2FA52DA600022DD
:10524000C3F810C01146981801320C2A0176FAD121
:105250004FF0FF3259629A629B4ADA621F221A6348
:10526000BFF35F8F994B5960BFF34F8FBFF36F8FC1
:105270009249974B08681D68002282F3148885467E
:1052800082F3108828470A6882F3088801201B6887
:1052900098470020F1F7B6FCEDF774FF8D48FBF757
:1052A00083FA8D48FCF70AFD18238C4A30218C487C
:1052B000F9F72EF88B4AD2F8B432FA6013B1002312
:1052C000C2F8B432884BFA68884DC2F8B032012275
:1052D000FB68F96883F89C22002385480B7006213F
:1052E0002B632B61EB60EB62C5E90833C5E906234C
:1052F000FB68C5F80434C3F8C05295F8BD33C5E95E
:10530000000103F0FF08002B40F0AA80794E4FF017
:10531000020A85F8BC834FF00A09D6F8E03021462E
:1053200075481343C6F8E030D6F8E0301340C7F8AC
:10533000F430D7F8F430D6F8E03043F00203C6F882
:10534000E030D6F8E03003F00203BB62BB6AD6F867
:10535000E03043F00403C6F8E030D6F8E03003F064
:1053600004037B627B6AD6F8E03043F08003C6F822
:10537000E030D6F8E03003F080033B623B6AD6F8B9
:10538000E03043F48073C6F8E030D6F8E030C4F87B
:10539000088003F48073FB61FB692023C4E9003AB1
:1053A0000323C4E90339F1F7FDFA08210323524826
:1053B000C4F80880C4E9001A2146C4E90339F1F7AA
:1053C000F1FA43F6234321464C48C4F80880C4F858
:1053D0001090C4E9003AF1F7E5FA01222146484865
:1053E000C4F80880C4F81090C4E9002AF1F7DAFA8A
:1053F000102321464348C4F80880C4F81090C4E93B
:10540000003AF1F7CFFA4FF4006321463E48C4F862
:105410000880C4F81090C4E9003AF1F7C3FAD6F84E
:10542000D83001224D2043F080631146C6F8D830B1
:10543000D6F8D83003F08063BB61BB69D6F8D830AA
:1054400043F00073C6F8D830D6F8D83003F00073B4
:105450007B617B69ECF76CFC2C4B4FF4005199603D
:1054600003232E6885F8BD33214BDB6B13F4807367
:1054700008BF2B61B368D5F8108023F00103B36037
:10548000AB69012B40F09383B36B696B23F48033DA
:105490000129B363F36823F4840323F04003F3602A
:1054A000F36823F44013F36003D1F36843F48013EB
:1054B000F3603046EDF770FF044629E00000040871
:1054C00010E000E000ED00E0020000C090ED00E020
:1054D00004000408A02D002460100024D0AA0108B4
:1054E000DC35002430360024E0010024103A00248A
:1054F0000000044000440258000002580004025812
:1055000000080258001C02580020025800E100E088
:10551000B8F1010F10D1F36D9BB2F365F36D43F059
:105520007B7343F40033F365B36843F00603B36061
:10553000B36843F02003B360002C00F065830223BE
:1055400085F8BD332B684FF40071FA685962596AC7
:10555000D2F8C00241F000719962B54BC2F8B43282
:10556000B44BC2F8BC32F1F7F3F94D20ECF7C4FFAD
:105570006520ECF7C1FFB04B5A699B691A4200F0F5
:105580002F82AE4E3468B246636913F001033B606C
:1055900040F026826269A3691A4200F021826369A1
:1055A000A26913409A0703D5636903F0020363619C
:1055B0006369A2691340DB062BD5A36923F01003AE
:1055C000A361D4F82080C8F3434308F00F05022BF1
:1055D00040F03E8447F6F07318EA030F14D01C2302
:1055E000C8F30A19204603FB05A54A46D5F8081258
:1055F000EDF71EFFD5F808324B44C5F80832D5F850
:1056000014324B44C5F814323268936943F01003E6
:10561000936133685A6999690A40150300F12A8435
:10562000864E3368B2465A6999690A4012F4802F4F
:1056300011D0D3F8182803F50063B046DB69134096
:105640009BB27B6004F51063BB600023FB607B684A
:10565000002B40F029863068426983691A4210D5D0
:10566000D4F8043823F00103C4F8043896F8F4336E
:10567000012B04BF002386F8F433436903F0004391
:105680004361436982691340190510D5D4F808387D
:10569000DA0708D5D6F8043493F89C2283F89D22C3
:1056A000042283F89C22436903F400634361436945
:1056B000826913401B0111D5436903F00063436104
:1056C0005E4B93F8F423002A40F01687012283F8FA
:1056D000F423426DC2F38302C3F8F823436982695D
:1056E0001340DD043ED5D4F8042804F5006322F00D
:1056F00001025A604FF484620261514A013A02D0B9
:1057000001698906FAD404F51062DFF830E14FF63A
:105710007F3CDEF804100D463968A942C0F0F786D8
:10572000DA6942F00112DA61DEF83020002A00F076
:105730001087D3F8842042F00B02C3F884205A6CFF
:1057400042F00B025A64D4F800383E4A23F4FE6358
:10575000317CC4F80038EDF737FE3268536903F442
:105760008053536134686369A26913409B0440F11C
:10577000EF80D4F8003923F4FF6323F00703C4F863
:105780000039D4F8042842F48072C4F80428D4F80C
:10579000082812F0060304D012F0020F14BF0223EF
:1057A0000F23F360EEF732FEF268D3B2022B40F023
:1057B000EE86254B254903448B4240F2D686244B86
:1057C000244903448B4240F2D386A0F57403224956
:1057D000A3F510538B4240F2CE86A0F183731F498C
:1057E000A3F5E7438B42C0F0C9861D4B1D49034416
:1057F0008B4240F2C6861C4B1C4903448B42C0F0CE
:10580000C3861B4B1B4903448B42C0F0C086A0F1EA
:10581000B7731949A3F558538B42C0F0BB86174B99
:10582000174903448B4234BF072306232AE000BFF5
:10583000FC0100243802002400000440103A002437
:10584000410D0300D43D0024405327FFFF340C00DA
:10585000401E1BFF3F420F007F4F120020D6130057
:1058600060B6E5FE5FE3160000D3CEFE40771B0076
:10587000C05BB3FEC091210020753800E05459FE92
:10588000E09C4100E168B2F100084FF0000921F40A
:10589000705118BF4FF00108E160E16841EA8323CD
:1058A000E3604023D6F80444D4F8C052C5F804326B
:1058B00005F5FE7195F8BC33A5F8FC91012B85F830
:1058C000FF9107D00123286885F8BC33EDF7D3FD9D
:1058D00085F8BC93D4F8C092402201230025C4F877
:1058E00064214FF48070C4F8583109F13C01C9F8C3
:1058F000442099F8BC23A9F83C009A4289F83F500B
:10590000A9F8425007D0D9F8000089F8BC33EDF768
:10591000B2FD89F8BC53012300214022A36184F821
:105920009C32D4F8B8326262C4F894126160C4F850
:10593000A41223B1D4F8B43220465B689847D6F855
:105940000434326883F81080536903F400535361C0
:1059500032685369926913401D070FD5D6F80404C5
:1059600090F89C32032B04D1D0F8B432DB6903B138
:1059700098473268536903F00803536133685A69E2
:1059800099690A40D40203D55A6902F480125A6117
:105990005A6999690A40900203D55A6902F40012C3
:1059A0005A615A6999690A40510003D55A6902F04F
:1059B00080425A615A6999690A40520710D55C6859
:1059C000630709D5D6F80404012380F89C32D0F887
:1059D000B43201795B68984733685A6814435C6055
:1059E0007D4A1368591C1160282293FBF2F402FBD4
:1059F0001434002C7FF4BFADECF7C8FDB0F5FA7F8E
:105A00000BD9764B1A7842B1754A4DF65971126826
:105A1000106D884201D114651C70724D724C2B7848
:105A20008BB9724B07F14C001B78227842FA83F352
:105A3000DBB22370F9F7D7FBB0FA80F107F14C0025
:105A40004909F9F7D9FB2B780133DBB22B702378A6
:105A5000FA2B02D82378092B0AD8644A13785B42C0
:105A60005BB213701378227842FA83F3DBB22370AF
:105A70002A7823789A427FF47EAD07F14C00F9F73B
:105A8000B2FBB0FA80F107F14C004909F9F7B4FB19
:105A900071E56FF00105FFF779BB002965D00B6850
:105AA0000846E9469B689847064600287BD1286847
:105AB00003689B6A9847102802462868B8BF1022DE
:105AC00001689300073323F00703ADEB030DD317F1
:105AD0000DF1100ACDE90023FA6833464D695146AD
:105AE000A847DAF80000FCF7EBFF431C054657D047
:105AF000ECF77CFAB0F5804F28BF4FF48040804629
:105B000001F0D6FA82463E607B689B452CD2384B2A
:105B1000514618680368CDF800803A6801925E69C2
:105B2000FB680BEB03020023B04705EB0B0628468E
:105B3000ECF75CFA0246B6FBF0F300FB13633BB9EB
:105B400031462C48FAF710FB42F21070ECF7C2FB1A
:105B50004346324651462748FAF76EFC4FF47A70B6
:105B6000C344ECF7B7FBCFE7CD4622480025FAF750
:105B7000D7FD214B214AE360214B224823600023BB
:105B8000C7E94555CDE90223E368009394E80E0088
:105B9000ECF7EAF9BB681B681D65F0F7E9FFFEE763
:105BA000CD46FFF7F3BA6FF00305FFF7EFBAF368DE
:105BB0003046D5F8289043F04003F360EDF7ECFB56
:105BC000B36B0446B9F1000F03D143F48033B363E0
:105BD0009EE423F48033FAE7083A00247402002498
:105BE0000C360024183E0024F3020024F2020024A4
:105BF000003A0024A02D0024BD2A0108400D030016
:105C0000F12A0108F00E00242B6832204FF0010821
:105C10002646D96821F0C041D960D96841F0804159
:105C2000D960F0F7E3FFD5F804C023464FF01C0E0F
:105C3000D8B2591C6045C0F0B28000234FF01C0E52
:105C40001846DEB201336645C0F0B88000212B68EB
:105C5000D5E903E20E467A60D5E906823A60EA6A3F
:105C6000BA6001F14000013103EB80000F2946606A
:105C7000F7D1BA6803F50066002A40F0AC8071687D
:105C800041F002017160996B21F400119963196868
:105C900041F040011960196841F08001196000214C
:105CA000B8F1010FC3F8001ED3F80018C3F80018AC
:105CB000D3F8001840F09780BEF1000F40F09080BC
:105CC000C3F800184FF4846119618949013900F063
:105CD0008D8018698206F9D410211961844901392F
:105CE00000F086801869C006F9D4002103F5106021
:105CF0004FF000684FF67F398E4631617161F16176
:105D00008C4577D103F530604FF0000C4FF0904E8A
:105D10004FF000684FF67F39594540F08180316976
:105D20007A6821F480713161002199616FF08041BE
:105D300059611AB9996941F01001996198696D49E1
:105D40003A68014399611AB1996941F00801996172
:105D5000BA68012A05D1996941F0804141F00401F6
:105D60009961002C7FF4EBAB012185F8384085F870
:105D7000BD13696A01290DD185F8F443C5F8FC13F8
:105D8000996941F000619961596D41F0805141F08C
:105D9000030159651846EDF73DFBFFF7D3BB0EFB3A
:105DA000005383F83D8083F83C00A3F8420083F859
:105DB0003F601E65C3E911660B4639E70EFB0651CD
:105DC00081F8FD0181F8FC6181F8FF01C1F8100242
:105DD000C1E9810035E7996B41F4001199635EE7F1
:105DE00041F001016CE741F0030169E7012473E729
:105DF00001247AE7D0F800A0BAF1000F0DDA41B91A
:105E0000C0F80080C0F810E00131C0F808902030E0
:105E100076E74FF090420260F4E7C0F800E0F1E767
:105E2000D0F800A0BAF1000F0FDABBF1000F09D1D2
:105E3000C0F80080C0F810C00BF1010BC0F808904A
:105E4000203069E7C0F800E0F4E7C0F800C0F1E7EF
:105E5000062B7FF4D9AB082227492046EDF7E8FA54
:105E60001C2303FB05A5C8F30A13D5F81422134419
:105E7000FFF7C8BBD3F8182803F5006304F53068B2
:105E8000DFF878A0DB69002613401B0CFB60FB6881
:105E9000002B3FF4C5ABFB68D80740F1BA80174D23
:105EA0005FFA86FB286800F5306C0CEB4B139A68A0
:105EB000D0F8143802EA03092B4619F0010F27D055
:105EC000296901220CEB461C0129C8F80820D0F8EA
:105ED00040E0DCF8082040F0C780110712D5084BDD
:105EE0009E4515D9100413D54FF400430EE000BFB2
:105EF000410D030000383C80D43D0024103A0024BA
:105F00000A30544F910640F18D802023CCF80830A0
:105F100019F0080F6AD02B680822C8F808201A6CFC
:105F200003F53063BA6003EB4613B9689A68084614
:105F3000C849884204D9150402D54FF400429A603A
:105F4000C548D0F8045490F8C43305F52A7185F893
:105F5000A83290F8C5E385F8A9E290F8C72390F835
:105F6000C6C30CEB022C1FFA8CFCA5F8AAC290F851
:105F7000C9B390F8C82302EB0B2292B2A5F8AC2269
:105F800090F8CBB390F8CA0300EB0B204FF0010B55
:105F900080B2C5E9A5B003F01F0BA5F8AE02BBF1B6
:105FA000010F7ED0BBF1020F00F09A80BBF1000F11
:105FB00040F0778103F06003202B00F0C180402B7C
:105FC00000F0BE80002B40F0C7802846FCF79CFE06
:105FD000BB681A469F4B9A4208D99F4B1969012901
:105FE00004D103F571721868EDF7EEF919F0100F8E
:105FF00002D01023C8F8083019F0200F02D0202357
:10600000C8F8083019F4005F03D04FF40053C8F803
:106010000830FB68013608F120080AF11C0A5B0809
:10602000FB6034E712F0280F7FF472AF89498E4588
:1060300002D912043FF558AFDCF81020DAF8041248
:10604000C2F312028A1ACAF81422DAF8082211449A
:10605000D5F810223243CAF8081210D17F4A012124
:10606000EDF7B2F97C4B0AE07D498E4512D111045F
:106070003FF53AAF920602D52022CCF808201C2228
:106080005946D5F8040402FB0B33D3F80822FEF777
:1060900046FB3DE7D5F810123143F0D105F571729A
:1060A000DEE703F06000402801D0580654D495F88C
:1060B0009C32013B022B4FD8D2B2022A4CD8D5F8E1
:1060C000B43228469B689847B5F8AE32002B7FF46F
:1060D0007FAF00287FF47CAF2846FCF709FE77E706
:1060E00003F06003202B2BD0402B29D0A3BBBEF1A3
:1060F000010FD1B23DD0BEF1030F27D0BEF1000F8A
:106100002AD195F89C32022B00F09380032B23D1E7
:1061100052B201F00F031420002A00FB035380F257
:10612000A1809B69C3B101F07F0303FB00002844F9
:1061300011F07F0340F0A28002220146036085E057
:10614000D5F8B43228469B68984741E795F89C32C9
:10615000022B5AD0032B03D02846EBF7CDFE37E7AE
:106160004A06B9D05CEA0003B6D12846FEF78BFA9E
:10617000B2E795F89C32022B47D0032BECD1BCF14F
:10618000000F7FF425AF4806A6D0D5F8C00201F075
:106190000F01436899429FD8C1EBC10312F0800FF1
:1061A0004FF01C024FEA830339D03C3302FB01025B
:1061B0004FF0010C034482F83DC0002219709A7020
:1061C00090F8BC23012A87D00122016880F8BC2303
:1061D0005A7893F800C0012A4FF020020CBF01F555
:1061E000106101F5306112FB0C12116821F40011ED
:1061F0001160DB78023B012B03D8136843F0805316
:106200001360002380F8BC3366E74B062846A4D011
:10621000FEF739FA80212846FEF735FAD8E603F56D
:10622000FE7302FB01024FF0000C034482F8FDC133
:10623000C3E7490690D113064FF000034FF0020266
:106240004CBF05F1140105F5AA710B602846FCF757
:1062500043FDBDE60A30544F103A0024D43D0024DB
:106260000A31544FD3F85831002B3FF475AF01F089
:106270007F0300FB035000F5AA7059E7002AD5F808
:10628000C0C24FF01C02B5BF02FB03C102FB01C339
:1062900091F83E3093F8FE31002B3FF44DAF0123CF
:1062A0004AE703F08001B6E77B68D80740F1178121
:1062B000DAF8000097F80CB0D0F8101800F510626A
:1062C000D0F834580BF00F0902EB4B1225FA09F9FC
:1062D00092684FEAC9195FFA89F949EA010909EA9E
:1062E000020919F0010F46D0FB68D4F8342803F0F6
:1062F0000F01012303FA01F1BB6822EA0102DAF877
:106300001010C4F834281A460123994293600CD126
:10631000FB68D8E911522A44C8F84820DAF850201E
:10632000134302D19D4AEDF74FF89D4BD3F8045427
:10633000BBF1000F40F09E80D5F89422022A40F075
:106340009080D5E908239A4262D9D21A9449D5F8A7
:10635000C002896C2A6292B2EBF7D9FD5A465946BF
:10636000D5F8C002EBF7E8FD95F8A022012A02D18A
:10637000002285F8A02219F0080F02D00822BB687D
:106380009A6019F0100F02D01022BB689A6019F0C1
:10639000400F02D04022BB689A6019F0020F02D071
:1063A0000222BB689A6019F0800F00F09880D8E94B
:1063B0001421914200F29380521AD8F84410DAF86E
:1063C00000508A42FB6805F5106C28BF0A4605F5A7
:1063D00080510CEB431C033201EB0B339208DCF8C9
:1063E00018E01FFA8EFE9645D8E9140175D388424D
:1063F00001D900284DD1FA680121D5F8343802F0CE
:106400000F0201FA02F223EA0203C5F8343866E00B
:10641000E969B1FBF3F003FB101070B98B420CD8A3
:10642000D5F89822914208D25A465946D5F8C0026A
:10643000EBF76DFDC5F898B290E7D5F8B422D268B5
:106440002AB195F89C12032901D128469047802152
:106450002846FEF718F90522C5F8942200221146B5
:106460007EE732F004037FF47FAF80212846FEF7F9
:106470000AF979E7D5F8B4225269002A3FF47BAFD4
:1064800095F89C1203297FF476AF59462846904729
:1064900071E7411AD8F844209AF81000914228BFB9
:1064A0001146CA1C920850B1D8F848000844C8F8F0
:1064B0004800D8F854000144C8F854108FE788B257
:1064C000D8F848E0033080080EEB80007045EBD030
:1064D0005EF8049BC3F80090F8E788428BD9FB680C
:1064E00008F11C080133FB607B685B087B60BB68BC
:1064F0002033BB60FFF7ABB8D3F8043493F89C2289
:1065000083F89D22042283F89C22FFF7E7B8C2F8A3
:1065100008C0203252F8201C21F4001142F8201C3F
:1065200052F8201C41F0006142F8201CC2F8E8C17A
:10653000D2F8E01121F40011C2F8E011D2F8E01114
:1065400041F00061C2F8E011396801313960FFF7AC
:10655000E0B85A6942F4005242F02B025A611A69BB
:1065600042F00B021A61FFF7EEB80F23FFF78AB96A
:106570000E23FFF787B90D23FFF784B90C23FFF72C
:1065800081B90B23FFF77EB90A23FFF77BB90923F3
:10659000FFF778B90823FFF775B900BFD43D002491
:1065A000103A0024014B1868704700BFF402002421
:1065B0008A892DE9F041054610070C4658D44B68EE
:1065C000002B05DC0B6C002B02DC0020BDE8F08109
:1065D000E66A002EF9D0002312F480522F682B6057
:1065E00032D0606DA3895A0705D56368C01A636B02
:1065F0000BB1236CC01A00230246E66A216A2846C2
:10660000B047431CA38906D129681D292CD82A4AE2
:10661000CA40D60728D500226260D90422692260C8
:1066200004D5421C01D12B6803B96065616B2F60F2
:106630000029CAD004F14403994202D02846F8F751
:10664000E7F800206063C1E7216A01232846B047CC
:10665000411CC7D12B68002BC4D01D2B01D0162B99
:1066600001D12F60B1E7A38943F04003A381ADE7D7
:106670000F69002FA9D093070E6808BF4B690F6000
:1066800018BF0023A6EB07088B60B8F1000F9CDD54
:10669000216AA66A43463A462846B047002806DCE7
:1066A000A38943F04003A3814FF0FF308EE70744F6
:1066B000A8EB0008E9E700BF0100402038B50B69EE
:1066C00005460C4613B90025284638BD18B1836924
:1066D0000BB900F099F8144B9C421BD16C68B4F9CB
:1066E0000C30002BEFD0626ED00704D4990502D491
:1066F000A06D00F076FC28462146FFF759FF636E37
:10670000DA070546E0D4A3899B05DDD4A06D00F02F
:106710006AFCD9E7054B9C4201D1AC68DFE7044B2A
:106720009C4208BFEC68DAE72CF101084CF1010843
:106730000CF10108014620B9044B0549186800F026
:10674000F6BA044B1868FFF7B9BF00BF6CF1010837
:10675000BD660108F4020024002310B50446C0E918
:106760000033C0E90433836081814366C281836161
:10677000194608225C3000F009FD054B6362054BA9
:10678000A362054BE362054B2462236310BD00BF87
:10679000A9740108CF740108077501082B75010859
:1067A000014900F0C4BA00BFBD66010870B54A1EB9
:1067B000682555430E4605F17401F8F72DF8044697
:1067C00040B10021C0E900160C30A06005F168025C
:1067D00000F0DCFC204670BD014800F002BC00BFA8
:1067E000A73E0024014800F0FEBB00BFA73E0024E6
:1067F000014800F0F6BB00BFA43E0024014800F0B1
:10680000F2BB00BFA43E002410B50446FFF7F0FF22
:10681000A3691BB1BDE81040FFF7F0BFC4E9123314
:106820002365134B134A1B68A262A34204BF0123D2
:10683000A361204600F020F86060204600F01CF8BC
:10684000A060204600F018F80022E0600421606893
:10685000FFF782FFA06801220921FFF77DFFE068B2
:1068600002221221FFF778FF0123A361D2E700BFC4
:106870006CF10108A1670108F8B50746FFF7ACFF06
:106880001E4B1E68B36913B93046FFF7BDFF48368B
:10689000D6E90134013B03D533680BB33668F7E71B
:1068A000B4F90C50D5B9164BE36004F15800656695
:1068B00000F094FBFFF796FFC4E90155C4E90455C5
:1068C0002560A5610822294604F15C0000F05EFC09
:1068D000C4E90D55C4E912552046F8BD6834D9E71E
:1068E00004213846FFF762FF044630600028D5D106
:1068F000FFF778FF0C233B60EEE700BF6CF1010867
:106900000100FFFFF7B50F46114601AA054601F049
:1069100095F9064618B90024204603B0F0BD284674
:10692000FFF7AAFF04460028F5D03946019A4FF434
:10693000DB73284600F002FD071E09DA0025FFF789
:106940004BFFA06DA58100F04AFBFFF74BFFE2E78C
:10695000636EDB0705D4A389980502D4A06D00F00F
:1069600040FB0E4B63620E4BA3620E4BE362F105DC
:106970000D4BE781A6812462236305D50223002203
:106980002146284600F09CF8636EDA07C4D4A38938
:106990009B05C1D4A06D00F026FBBDE7A9740108DA
:1069A000CF740108077501082B750108024B0A46D0
:1069B00001461868FFF7A6BFF40200242DE9F74F3F
:1069C0001F4613467B430C9C06468A4691469B46CF
:1069D0005FD018B183690BB9FFF716FF2E4B9C42AD
:1069E00028D17468636EDB0705D4A3899D0502D4A2
:1069F000A06D00F0F6FA6368002B01DA00236360F3
:106A0000D846D4E9001545451ED34246504600F00D
:106A1000AFFB60682168636EA0EB08004144DA07B1
:106A2000606021602FD4A3899B052CD4A06D00F059
:106A3000DAFA28E0194B9C4201D1B468D2E7184B2E
:106A40009C4208BFF468CDE72A46504600F090FB10
:106A500023682B4423602146A8EB050330460193AD
:106A600000F088FCAA44019B88B1636ED80705D466
:106A7000A389990502D4A06D00F0B5FA5D44A5EB99
:106A80000803B3FBF9F7384603B0BDE8F08F98462A
:106A9000B7E71F46F7E700BF2CF101084CF10108EA
:106AA0000CF1010807B5009313460A460146034856
:106AB0000068FFF783FF03B05DF804FBF4020024D5
:106AC00000F00AB813460A4601460248006800F082
:106AD00003B800BFF40200242DE9F0410C4617462C
:106AE0001E46054618B183690BB9FFF78DFE444B6E
:106AF0009C4222D16C68636ED90705D4A3899A059C
:106B000002D4A06D00F06DFAA38903F48473B3F589
:106B1000847F03D121462846FFF7D0FDD4F82C808E
:106B2000B8F1000F13D11D232B60636ED9075DD51B
:106B30004FF0FF363046BDE8F081324B9C4201D128
:106B4000AC68D8E7304B9C4208BFEC68D3E7012E15
:106B500036D036F0020347D123691BB921462846B7
:106B600000F066FA21462846FFF7A8FD0028DCD190
:106B7000216A33463A462846C0470130D5D0616B7A
:106B800041B104F14403994202D02846F7F740FE90
:106B90000023636323692360A389002523F4026330
:106BA0006560A3810822294604F15C0000F0EEFA3A
:106BB000666E16F0010620D1A3899B05BAD40CE0BD
:106BC0002146284600F022F8431C064609D1636E90
:106BD000DD07ADD4A3899805AAD4A06D00F003FA0F
:106BE000A8E707440026B7E716239DE7A3899A057F
:106BF0009ED4A06D00F0F7F99AE72E469AE700BF01
:106C00002CF101084CF101080CF1010870B50C469B
:106C1000054618B183690BB9FFF7F6FD324B9C426C
:106C200014D16C68636EDA0705D4A3899B0502D47E
:106C3000A06D00F0D6F9E66ACEB91D232B60636E15
:106C4000DE070DD54FF0FF35284670BD274B9C421F
:106C500001D1AC68E6E7264B9C4208BFEC68E1E74F
:106C6000A3899D05EED4A06D00F0BDF9EAE7A289E5
:106C700002F00C03082B19D12368BBB121695B1A00
:106C8000002B13DDD00511D502230022216A2846EE
:106C9000B047411C05460DD1636EDA07D2D4A389F3
:106CA0009B05CFD4A06D00F09EF9CDE712F4805281
:106CB0000FD0656DA28956070DD56368ED1A636B19
:106CC0000BB1236CED1A636ED907BDD49305BBD409
:106CD000E8E70123DAE71007F5D52368002BF2D0A7
:106CE00021695B1A1D44EEE72CF101084CF1010803
:106CF0000CF101082DE9F0410F4600F1480400268F
:106D0000D4E90185B8F1010805D52468002CF7D134
:106D10003046BDE8F081AB89012B06D9B5F90E30BC
:106D2000013302D02846B84706436835EAE72DE923
:106D3000F8430646884600F148040027D4E9019547
:106D4000B9F1010905D52468002CF7D13846BDE812
:106D5000F883AB89012B07D9B5F90E30013303D085
:106D600029463046C04707436835E9E770B50D4D01
:106D70000D4C641BA4100026A64209D10B4D0C4CEF
:106D800002F094FB641BA4100026A64205D170BD3E
:106D900055F8043B98470136EEE755F8043B984711
:106DA0000136F2E7C0030024C0030024C00300241E
:106DB000C803002438B50B4B1D68EB6B044653B970
:106DC000242000F075F90246E86320B9064B074815
:106DD000322100F005FFE96B2046BDE8384000F0A5
:106DE00007B800BFF402002470F1010887F1010820
:106DF0002DE9F3410746019100F0BCFF019980465F
:106E0000384600F0BBFF43699A07044603F26C76EC
:106E100005D1642296FBF2F302FB13637BBB4FF4B4
:106E2000C87396FBF3F503FB1565B5FA85F56D0997
:106E3000684B302202FB053500F032FD00F03CFDCE
:106E4000654B1B6853B3D8F80430B34219D1D8F856
:106E50000010D7E90067D8E90823D1B9964277EB4B
:106E6000030323DAD8E91223964277EB0303B4BF76
:106E70000123002323621BDBD8F828101AE0012528
:106E8000D6E7304600F064FC0028E0D14FF0FF3335
:106E900004E0964277EB030302DA00232362EBE778
:106EA000D8E91223964277EB0303F6DA0123236233
:106EB000D8F850104FF461633C2091FBF3F603FBCC
:106EC0001613616893FBF0F200FB12302368891AF5
:106ED000A26861601B1A921B3B2B2360A26035DD08
:106EE000013161603C3B236063683B2B34DD013240
:106EF000A2603C3B6360A368172B33DDE26901327B
:106F0000E261A2690132062AC8BF0022A261E268DA
:106F1000183B0132A3602369E26055F823108A42CE
:106F20000EDD0B2BA2EB0102E26003F1010209BFAF
:106F3000636922610022013302BF22616361E26161
:106F400000F0B4FC204602B0BDE8F081002BCBDAA3
:106F5000013961603C33C6E7002BCCDA013AA2600C
:106F60003C33C7E7002BEBDAE269013AE261A26940
:106F7000013A48BF0622A261E2681833013AE26092
:106F8000A360002ADCD12369013B05D42361236976
:106F900055F82330E360D3E70B23236163695A1E5E
:106FA000626103F26B72930705D1642192FBF1F3E6
:106FB00001FB132363B94FF4C87192FBF1F301FB9A
:106FC0001323B3FA83F35B0903F5B673E361DEE7DA
:106FD0000123F9E704F20108403E0024704770479E
:106FE000704770477047704770B50E46B1F90E1084
:106FF000002996B014461D4607DA00232B60B3899A
:107000001A0610D44FF480630EE06A4600F05EFE6C
:107010000028F2DB019A02F47042A2F500535A42B2
:107020005A412A60EEE740230020236016B070BD6D
:107030008B8973B59D0706460C4607D504F14703B7
:10704000236023610123636102B070BD01AB6A4616
:10705000FFF7CAFF009905463046F7F7DDFB48B950
:10706000B4F90C309A05EFD423F0030343F0020384
:10707000A381E3E70D4BB362A389206043F0800353
:10708000A381009B6361019B20615BB1B4F90E1089
:10709000304600F023FF28B1A38923F0030343F017
:1070A0000103A381A0890543A581CDE7A16701085C
:1070B000024B01461868F7F7AFBB00BFF40200248B
:1070C000024B01461868F7F7A3BB00BFF402002487
:1070D00001F0FF01102A2BDB10F0070F08D010F889
:1070E000013B013A8B422DD010F0070F42B3F6D18D
:1070F000F0B441EA012141EA014122F007047FF0A6
:1071000000070023F0E80256083C85EA010586EAFC
:10711000010685FA47F5A3FA87F586FA47F6A5FA38
:1071200087F68EB9EED1F0BC01F0FF0102F0070244
:1071300032B110F8013B013A83EA010313B1F8D1EF
:107140000020704701387047002D06BF35460338D0
:10715000073815F0010F07D1013015F4807F02BF09
:10716000013015F4C03F0130F0BC0138704700BF5A
:107170000A44914200F1FF3300D1704710B511F875
:10718000014B03F8014F9142F9D110BD024403466F
:10719000934200D1704703F8011BF9E737B5002986
:1071A00048D051F8043C0190002BA1F10404B8BF71
:1071B000E418F7F797F9204A01981368154633B990
:1071C0006360146003B0BDE83040F8F731B9A34202
:1071D0000BD921686218934204BF1A685B68636028
:1071E00004BF521822602C60ECE71A465B680BB1B2
:1071F000A342FAD911685518A5420BD1246821443D
:107200005418A3421160DDD11C685B6853602144AF
:107210001160D7E702D90C230360D3E72568611911
:107220008B4204BF19685B68636004BF4919216021
:107230005460C7E703B030BD1C3E0024F8B5CD1C38
:1072400025F0030508350C2D38BF0C25002D06460A
:1072500001DBA94203D90C2333600020F8BDF7F706
:1072600041F921490A6814469CB9204F3B6823B96B
:107270002146304600F008F938602946304600F0D3
:1072800003F9431C23D10C2333603046F8F7D0F8C0
:10729000E3E723685B1B17D40B2B03D923601C4443
:1072A000256004E06368A2420CBF0B605360304667
:1072B000F8F7BEF804F10B00231D20F00700C21AF6
:1072C000CCD01B1AA350C9E722466468CCE7C41C83
:1072D00024F00304A042E3D0211A304600F0D4F891
:1072E0000130DDD1CFE700BF1C3E0024203E00244A
:1072F000F8B5074614460E4621B9BDE8F8401146D8
:10730000F7F78ABA22B9F7F783FA25462846F8BD77
:1073100000F006FEA0420FD221463846F7F77CFA6D
:1073200005460028F2D031462246FFF721FF3146BC
:107330003846F7F76DFAE9E73546E7E738B5074D20
:1073400004460846114600222A601A46F8F702FD54
:10735000431C02D12B6803B1236038BDAC3E00242E
:10736000838903F00903092B01D1FFF7E3B900205A
:1073700070470000F8B50C46054618B183690BB993
:10738000FFF742FA3B4B9C420AD16C68B4F90C20DF
:1073900000236360A3899E060CD54FF0FF3066E0A2
:1073A000354B9C4201D1AC68F0E7344B9C4208BF9E
:1073B000EC68EBE7580748D4D90605D409232B60BD
:1073C00042F04003A381E8E71A070BD5214628467F
:1073D000FFF774F90028E0D1A389A06023F0080327
:1073E000A381A061A38943F00403A38123691BB98E
:1073F00021462846FFF71CFEA689B4F90C70B30796
:107400000FD00123A3811E4B1E49186806F0090600
:10741000FFF770FC092EA78103D121462846FFF70C
:10742000C7F82269666A6369216A22602846B04704
:10743000002860601CDCB4F90C3017BF002243F058
:107440002003626043F04003BCE7616B0029CDD0AC
:1074500004F14403994202D02846F7F7D9F9236C86
:10746000636000206063002BC0D0E36B2360F8BD35
:107470000020FCE72CF101084CF101080CF1010897
:107480006CF101086173010838B5064D002304460C
:1074900008462B60F7F72EF8431C02D12B6803B186
:1074A000236038BDAC3E002410B50C46B1F90E1077
:1074B00001F02CF80028ABBF636DA3891B1823F4DF
:1074C0008053ACBF6365A38110BD002070472DE9D8
:1074D000F0411F468B89DB0505460C46164605D54F
:1074E000B1F90E100223002200F008FDA389B4F9BF
:1074F0000E1023F48053A38132463B462846BDE854
:10750000F04100F05BBB10B50C46B1F90E1000F075
:10751000F5FC431CA38915BF606523F4805343F435
:107520008053A38118BFA38110BDB1F90E1000F0E4
:1075300075BB0000012B2DE9F04701D0242B06D9A3
:10754000FFF730F8162303600020BDE8F0873A4FBC
:107550008E4676461EF8014BE55D15F00805F8D11C
:107560002D2C34D19EF800404FF0010806F1020E98
:10757000002B5CD0102B0CD1302C0AD19EF800408F
:1075800004F0DF04582C4DD19EF8014010230EF179
:10759000020E08F1004C0CF1FF3C0026BCFBF3F995
:1075A000354603FB19CAA4F13007092F18D83C4609
:1075B000A34224DD002E1FDBA9451DD301D1A24526
:1075C0001ADB05FB034501261EF8014BEBE72B2CCC
:1075D00008BF9EF80040A84608BF06F1020EC7E7A4
:1075E000A4F14107192F01D8373CE1E7A4F1610765
:1075F000192F04D8573CDBE74FF0FF36E4E7002EA5
:1076000005DA22230360654642B928469DE7B8F1B2
:10761000000F00D06D42002AF7D00EB10EF1FF31FD
:107620001160F2E73024002BB3D10823B1E7302CEE
:10763000A4D00A23ADE700BF0CF00108FFF77ABF22
:107640002DE9F0433B4E86468C4660461CF8014BC4
:10765000A55D15F00805F8D12D2C34D19CF800401B
:107660004FF0010800F1020C002B5ED0102B0CD162
:10767000302C0AD19CF8000000F0DF0058284FD1D0
:107680009CF8014010230CF1020C4FF0FF3700254D
:10769000B7FBF3F703FB07F96FEA09092846A4F1E2
:1076A0003006092E18D83446A34224DD002D1FDBF6
:1076B00087421DD301D1A1451ADB00FB0340012500
:1076C0001CF8014BEBE72B2C08BF9CF80040A846A8
:1076D00008BF00F1020CC7E7A4F14106192E01D83A
:1076E000373CE1E7A4F16106192E04D8573CDBE7EB
:1076F0004FF0FF35E4E7002D07DA2223CEF8003003
:107700004FF0FF3042B9BDE8F083B8F1000F00D070
:107710004042002AF7D00DB10CF1FF311160F2E7C1
:107720003024002BB1D10823AFE7302CA2D00A239C
:10773000ABE700BF0CF00108FFF782BF13460A4613
:10774000014602480068FFF77BBF00BFF402002437
:107750002DE9F74F804600F00DFB40F2B1739845DC
:1077600040F398806FF4F66343449B1040F26D122F
:10777000A8F2B27502FB05356FF06302A8F26D73D3
:1077800093FBF2F31D444FF4C8736FF4C86298FB87
:10779000F3F703FB17874244B7FA87FCB2FBF3F217
:1077A00008F0030315446422C0F8048098FBF2F645
:1077B0004FEA5C1C02FB1686044600F1500B009356
:1077C0004FF0070E227A63694A2A28D10099EA18F5
:1077D00001B906B90FBB3B2BD4BF002301231344CF
:1077E0005A1EA3692C4901FB0232A36A13441A46AC
:1077F000DB17C4E908232834A345E3D1D0E90845C1
:10780000D0E91223944275EB0303B4BF0123002394
:107810000360012003B0BDE8F08F0023DFE7442AB6
:1078200001D1EA18DDE7009A72BB002E0CBFE046DA
:107830004FF001081949E26801924FF0300A0AFB43
:1078400008182A464FF00009A8F10408019909F127
:107850000109494558F829A018DC02F1040898FBF1
:10786000FEF9C9EBC909A8EB0909B3EB09092369BA
:1078700003F1FF3348BF09F10709C3EBC3034B44CE
:10788000534505DA1A44ACE7E046D3E75244DDE756
:10789000073BF5E70020BDE78051010004F2010835
:1078A0000148FFF79DBB00BFA63E00240148FFF73B
:1078B00099BB00BFA63E0024014B186800F002B837
:1078C000F40200242DE9F04F8DB0074600F052FA83
:1078D000AE49AF4E0546384600F044FA044670B94A
:1078E000AC4BAD4A1860AD4B1860AD4B3068C3E986
:1078F0000022FFF7E5FB34600DB0BDE8F08F316882
:1079000000295FD13068FFF7DBFB204600F04EFE18
:10791000411C3846F6F780FF3060002857D12378A5
:10792000A04AA1493A2B08BF01340AAE334620468B
:1079300000F0FEFD0028DFDD0A9BE718E35C2D2B3D
:1079400049D101374FF0FF340DF1200A0DF11E0B24
:107950004FF00008CDE9016A94490396CDF800B0D4
:10796000334607AA3846ADF81E80ADF8208000F0F7
:10797000DFFD4045C0DDBDF81E30BDF82020DFF83A
:1079800038923C2101FB0322BDF81C304FF46161A9
:1079900001FB03235C43AC62814C824B23600A9B56
:1079A00081491F444A463346384600F0C1FD4045F0
:1079B00016DC23686360774BAA6A1A60774BC3F8BA
:1079C000008099E700F0E0FD00289BD194E7214674
:1079D00000F0E4FDA3E72B2B08BF01370124B3E738
:1079E0000A9BC4F80490FC18FB5C2D2B40F08B80A4
:1079F00001344FF0FF370023ADF81C30ADF81E30D6
:107A0000ADF820300A93CDE902A6CDE900B667496A
:107A1000334607AA204600F08BFD002878DCAF6AC9
:107A2000A7F561670A9B2F651C442F464FF000099C
:107A300023782C2B08BF013494F80080B8F14D0F47
:107A400078D10DF12603CDE9016309AB00935849C4
:107A5000039633460DF12202204600F069FD03280B
:107A60007FF44AAFBDF822104B1E0B2B3FF644AFFC
:107A7000BDF82420531E042B3FF63EAFBDF8263040
:107A8000062B3FF639AFC7E9031287F808807B6100
:107A90000A9B04EB03080223ADF81C300023ADF869
:107AA0001E30ADF820300A9398F800302F2B09D102
:107AB000CDE902A6CDE900B63E49334607AA4046C5
:107AC00000F036FDBDF81E30BDF820203C2101FB42
:107AD0000322BDF81C304FF4616101FB0323BB613D
:107AE0000A9C28374444B9F1000F20D06868FFF79A
:107AF0002FFE284BAA6A1A602B6D9B1A274A18BFC3
:107B000001231360F8E62B2B08BF0134012772E72D
:107B1000BDF81E30BDF820203C2101FB0322BDF83A
:107B20001C304FF4616101FB03235F437AE74FF0A0
:107B300001097DE7B8F14A0F06BF013443464423EB
:107B40000A220BA920460593FFF7F8FDDDF82C80EB
:107B5000059BADF82600A04514D14D23B9F1000FC7
:107B600007D12B7203210223C5E90313C5F8149032
:107B700091E785F830300B220123C5E90D2300235E
:107B8000EB6388E780B23B72786184E764F20108B6
:107B90003C3E0024443E002467F20108403E00249D
:107BA000580300242F3E00246BF201088EF20108D6
:107BB0007AF201088DF20108243E002438B5074D01
:107BC00004460846114600222A601A46F7F7ACFE22
:107BD000431C02D12B6803B1236038BDAC3E0024A6
:107BE0001FB514461A46094B1B680546D8684CB1A8
:107BF000074B0091CDE9013406492B4600F054F8BB
:107C000000F0AEFD044B1C46F3E700BFF402002475
:107C1000A0F20108ADF20108F5A3010838B5064D40
:107C20000023044608462B60F7F7DAFF431C02D115
:107C30002B6803B1236038BDAC3E00240B78722B57
:107C400030B522D0772B24D0612B27D016230360A8
:107C5000002030BD622D12D0782D13D02B2D07D1EE
:107C600020F01C0023F0030340F0100043F0020357
:107C700011F8015F002DEDD123431360E9E743F4D0
:107C80008033F5E743F40063F2E700242346042041
:107C9000EEE74FF4C06401230820E9E74FF40274D3
:107CA00001234FF48470E3E70EB403B5014603AB40
:107CB000054853F8042B0068019300F063F902B003
:107CC0005DF804EB03B07047F402002438B5074DAB
:107CD00000230446084611462B60F7F733FD431C8A
:107CE00002D12B6803B1236038BD00BFAC3E002435
:107CF0002DE9F84F074689461646F6F7EDFB184B77
:107D00001C689A4634B14B46984613F8011B39B1AA
:107D10003D29F9D13846F7F785FB0020BDE8F88FFB
:107D2000A8EB0908A34654F8040B0028F2D04246F9
:107D3000494600F043FC0028F4D154F8043C03EB1E
:107D4000080513F808303D2BECD1DAF80030ABEB26
:107D500003039B1038463360F7F764FB681CDDE7CC
:107D6000B803002407B501AAFFF7C2FF03B05DF80E
:107D700004FB000000487047600300242DE9F04137
:107D8000D0E900670C46514A00233046394601F0DD
:107D90009DF9394605464D4A3046002301F096F9D3
:107DA000002ABCBF02F5A83202F5C0724FF461612F
:107DB00005F52F20B2FBF1F301FB13224FF03C013C
:107DC000ACBF00F66C2000F66B20A360B2FBF1F3B1
:107DD00001FB132263602260C31C072293FBF2F2B3
:107DE000C2EBC2029B1A48BF07330028A361B8BF89
:107DF000A0F50E333649AEBF90FBF1F1A3F52C731D
:107E000093FBF1F1334B03FB010048F6AC62B0FB8E
:107E1000F2F2024440F2B45CB0FBFCF3D21A40F23E
:107E20006D172D4BB0FBF3F36426D31AB3FBF7F5B4
:107E3000B3FBFCF3B5FBF6F2D31A034407FB15338F
:107E4000992003EB830C0CF1020C03F1010EBCFB37
:107E5000F0F7784302304FF00508B0FBF8F0AEEBD6
:107E6000000040F2F95EF44594BF4FF0020C6FF051
:107E7000090C67444FF4C87C0CFB0151012F98BFDB
:107E80000131B3F5997F0CD3A3F59973E361A1F2A6
:107E90006C710023E060C4E9047123622046BDE8F0
:107EA000F08115F0030F02D106FB12525AB94FF4BC
:107EB000C876B5FBF6F206FB1252B2FA82F252090C
:107EC0003B331344E2E70122FAE700BF805101008F
:107ED000B13A02004FC5FDFFB03A020038B5064D79
:107EE0000023044608462B60F7F7AEFC431C02D182
:107EF0002B6803B1236038BDAC3E002438B5074D74
:107F000004460846114600222A601A46F7F76BFC21
:107F1000431C02D12B6803B1236038BDAC3E002462
:107F200051F8043C181F002BBCBF0B58C0187047F9
:107F30009368013B002B10B4936008DA9469A34264
:107F400001DB0A2903D15DF8044B00F049BB13683B
:107F5000581C1060197008465DF8044B7047F8B55E
:107F600006460F461446D518AC4201D1002007E062
:107F700014F8011B3A463046FFF7DAFF431CF3D1F1
:107F8000F8BD00002DE9F04F0D469DB0144698460F
:107F9000064618B183690BB9FEF736FC894B9D4242
:107FA0001BD175686B6ED90705D4AB899A0502D4CD
:107FB000A86DFFF716F8AB891B0701D52B69EBB944
:107FC0002946304600F05EFBC0B16B6EDC070ED573
:107FD0004FF0FF301DB0BDE8F08F7B4B9D4201D1CB
:107FE000B568DFE7794B9D4208BFF568DAE7AB89F2
:107FF0009805EDD4A86DFEF7F6FFE9E70023099395
:1080000020238DF82930CDF80C803023DFF8C08193
:108010008DF82A304FF0010923469A4613F8012BB8
:108020000AB1252AF9D1BAEB040B0BD05B462246E4
:1080300029463046FFF793FF013000F0AA80099AE5
:108040005A4409929AF80030002B00F0A2800023D5
:108050004FF0FF32CDE905230AF1010A049307939B
:108060008DF853301A935446052214F8011B5848D2
:10807000FFF72EF8049AD8B9D10644BF20238DF813
:108080005330130744BF2B238DF853309AF8003038
:108090002A2B15D0079A544600204FF00A0C21468F
:1080A00011F8013B303B092B4ED9B0B1079214E0D7
:1080B000A0EB080309FA03F313430493A246D2E7A3
:1080C000039B191D1B680391002BBBBF5B4242F051
:1080D000020207930793B8BF049223782E2B0CD18A
:1080E00063782A2B35D1039B1A1D1B680392002B42
:1080F000B8BF4FF0FF3302340593DFF8E4A02178D6
:1081000003225046FEF7E4FF40B14023A0EB0A00F3
:1081100003FA00F0049B03430134049314F8011B99
:108120002C488DF828100622FEF7D2FF00283FD0F9
:10813000294B1BBB039B073323F00703083303932F
:10814000099B3B44099367E70CFB02320C46012074
:10815000A5E700230134059319464FF00A0C204689
:1081600010F8012B303A092A03D9002BC5D005910C
:10817000C3E70CFB012104460123F0E703AB0093A6
:108180002A46164B04A93046AFF300800746781CF8
:10819000D6D16B6ED90705D4AB899A0502D4A86DE8
:1081A000FEF721FFAB895B063FF512AF099811E797
:1081B00003AB00932A46094B04A9304600F080F82F
:1081C000E4E700BF2CF101084CF101080CF10108B3
:1081D000DCF20108E6F20108000000005F7F010800
:1081E000E2F201082DE9F047164699468A680B69C4
:1081F000DDF820809342B8BF1346336091F84320E6
:1082000007460C460AB1013333602368990642BF22
:10821000336802333360256815F0060506D104F192
:10822000190AE36832689B1AAB4226DC94F84320B3
:10823000131E226818BF012392062BD404F14302B7
:1082400049463846C04701301ED02368E568326889
:1082500003F00603042B08BFAD1AA36822690CBF04
:1082600025EAE57500259342C4BF9B1AED18002648
:108270001A34B5421AD1002008E00123524649467B
:108280003846C047013003D14FF0FF30BDE8F087DA
:108290000135C6E7E1185A1C302081F8430022441A
:1082A00094F8451082F843100233C7E701232246B1
:1082B00049463846C0470130E6D00136D9E70000CC
:1082C0002DE9FF470C469146277E0C99782F804672
:1082D0009A4604F1430207D8622F0AD8002F00F013
:1082E000D880582F00F0A38004F1420684F8427031
:1082F0003AE0A7F16303152BF6D801A050F823F05C
:10830000598301086D830108E9820108E9820108A7
:10831000E9820108E98201086D830108E982010808
:10832000E9820108E9820108E982010879840108EB
:108330009D8301085B840108E9820108E982010844
:108340009B840108E98201089D830108E9820108F4
:10835000E9820108638401080B681A1D1B680A6022
:1083600004F1420684F842300123A3E0256808683E
:108370002E0600F104030AD505680B60002D03DA10
:108380002D236D4284F843305E480A2319E015F02E
:10839000400F05680B6018BF2DB2EFE70B6825682A
:1083A000181D0860280601D51D6802E06906FBD586
:1083B0001D8854486F2F0CBF08230A23002184F81E
:1083C00043106668A660002EA2BF216821F0040158
:1083D00021600DB9002E4DD01646B5FBF3F103FB1D
:1083E0001157C75D06F8017D2F46BB420D46F4D9F3
:1083F000082B0BD12368DF0708D5236961689942F0
:10840000DEBF302306F8013C06F1FF36921B2261E5
:10841000CDF800A04B4603AA21464046FFF7E2FEF6
:1084200001304CD14FF0FF3004B0BDE8F087354843
:1084300084F8457023680E681F0656F8045B0E60CA
:1084400014D5D90744BF43F0200323601DB9236826
:1084500023F0200323601023B0E7236843F02003B8
:1084600023607823284884F84530E3E75E0648BF58
:10847000ADB2E6E71646BBE70B68266860691D1DCE
:108480000D6035061B6801D5186002E07106FBD54A
:108490001880002323611646BAE70B681A1D0A608C
:1084A0001E68626800213046FEF712FE08B1801B8C
:1084B000606063682361002384F84330A8E7236980
:1084C000324649464046D0470130ABD023689B072F
:1084D00013D4E068039B9842B8BF1846A4E7012371
:1084E000324649464046D04701309BD00135E368CB
:1084F00003995B1AAB42F2DCEBE7002504F11906A5
:10850000F5E700BFEDF20108FEF2010838B5074DAE
:1085100004460846114600222A601A46F7F7B2F9C7
:10852000431C02D12B6803B1236038BDAC3E00244C
:108530000EB410B59FB021AC4FF4017154F8042B68
:108540000192ADF81C100490089000F02FF80C4B2D
:10855000059009900D930B48019A0068039400233D
:10856000119316934FF6FF73ADF81E3004A92346FE
:1085700000F058F91FB0BDE8104003B0704700BFCD
:10858000CB740108F402002410F8012B11F8013B10
:10859000012A28BF9A42F7D0D01A7047034611F833
:1085A000012B03F8012B002AF9D17047034613F879
:1085B000012B002AFBD1181A0138704710B56AB197
:1085C0000139841810F8013B11F8012F934203D1AF
:1085D000A04201D0002BF5D1981A10BD1046FCE73F
:1085E000F8B50E461446054618B183690BB9FEF777
:1085F0000BF9214B9C422BD16C68A369A360A38922
:108600001A072FD523696BB323692068C01A6369E1
:10861000F6B28342374604DC21462846FEF74EF880
:1086200030BBA368013BA36023685A1C22601E7004
:1086300063690130834204D0A389DB0706D50A2E83
:1086400004D121462846FEF739F888B93846F8BDE6
:108650000A4B9C4201D1AC68CFE7094B9C4208BF52
:10866000EC68CAE72146284600F00CF80028CBD079
:108670004FF0FF37EAE700BF2CF101084CF1010889
:108680000CF10108324B70B51D6806460C4625B149
:10869000AB6913B92846FEF7B7F82E4B9C420FD1B1
:1086A0006C68A389B4F90C2019072CD4DD0611D409
:1086B0000923336042F04003A3814FF0FF303EE0D6
:1086C000254B9C4201D1AC68EBE7244B9C4208BF90
:1086D000EC68E6E7580712D5616B41B104F1440339
:1086E000994202D03046F6F793F800236363A389DA
:1086F00023F02403A3810023636023692360A389FB
:1087000043F00803A38123694BB9A38903F42073C1
:10871000B3F5007F03D021463046FEF789FCA089DF
:10872000B4F90C2010F001030AD00023A3606369A0
:108730005B42A361236943B910F08000BAD170BDD8
:10874000810758BF6369A360F4E70020F7E700BF23
:10875000F40200242CF101084CF101080CF101088D
:1087600008B5062000F084FB0120F7F721F838B5A2
:108770004B1C144603D14FF0FF35284638BD938972
:1087800023F020039381636B5268CDB28BB1A36B4E
:10879000934208DD23685A1E226003F8015C636877
:1087A00001336360E9E7214600F07EFB0028F1D049
:1087B000E1E72169236851B1994208D213F8011CFD
:1087C000A94204D1013B013223606260D5E7C4E9CC
:1087D0000F3204F1440363630323A363234603F8C6
:1087E000465F23600123DCE710B50C46496B69B195
:1087F00004F14403994201D0F6F70AF8236C636050
:108800000020606313B1E36B236010BD2369236014
:1088100000236360A38943F02003A3814FF0FF305E
:10882000F3E700002DE9F04F0C46ADF5237D002164
:10883000CDE94411B249A0910DF10408B149B24FFC
:10884000DFF8C892CDF818810646A191009392F8FE
:1088500000A0BAF1000F00F051811AF8073013F0B0
:10886000080302F1010519D06368002B0FDD2368AE
:108870001A78BA5C120701D42A46E8E7459A013211
:10888000459262680133013A62602360ECE7A19B84
:108890002146304698470028E9D0EDE7BAF1250F88
:1088A00040F083804193439353782A2B02BF1023D7
:1088B000951C41930A22AB461BF8011BA1F1300322
:1088C000092B1DD991480322FEF702FC40B1012378
:1088D000A0EB090003FA00F0419B184341905D466C
:1088E00015F8013B782B06D8572B10D8252B5CD0D8
:1088F00056D8002B74D0032347930A23429381E078
:10890000439B02FB0313303B43935D46D3E7A3F144
:108910005802202AEFD801A151F822F0EF8901086E
:10892000F7880108F78801084D8A0108F7880108CF
:10893000F7880108F7880108F7880108F788010817
:10894000F7880108F7880108638A0108398A010855
:10895000A7890108A7890108A7890108F7880108E4
:108960003D8A0108F7880108F7880108F78801089F
:10897000F7880108738A0108458A0108E789010818
:10898000F7880108F78801086F8A0108F78801084D
:10899000398A0108F7880108F7880108EF8901087A
:1089A000453B022BA7D805232BE06368002B0DDD88
:1089B00023681A78524540F0A18001336268236031
:1089C000459B013A01336260459355E7A19B2146DF
:1089D000304698470028EBD04498002840F0848027
:1089E0004FF0FF3086E0419A42F020024192419AD6
:1089F00042F40072419210226F2B429234BF032343
:108A0000042347936368002B41DD419B590604D43E
:108A100023681A78BA5C120740D4479B022B4FDCBC
:108A20006B46224641A9304600F074F8012865D013
:108A300002287FF421AFCFE70A22DDE7002342932B
:108A40000323DEE7082342930423DAE7294640465E
:108A500000F0ACF9419B43F04003419305460123EC
:108A6000CFE7419B43F0400341930023C9E7022332
:108A7000C7E74198C3063FF5FFAE009B459A191D15
:108A800000911B68C0074CBF1A801A60F4E6A19BD6
:108A90002146304698470028B7D09DE7459A0132D5
:108AA00045926268013A002A626002DD0133236068
:108AB000AEE7A19B2146304698470028A8D08BE717
:108AC000042B06DC6B46224641A9304600F07AF8BA
:108AD000ACE70F4B002B3FF4CFAE6B46224641A9CB
:108AE0003046AFF30080A1E7A38913F0400F18BF11
:108AF0004FF0FF300DF5237DBDE8F08F4498F9E786
:108B00006F870108E98701080CF00108E2F201080B
:108B1000000000002DE9F84315468A6880460C469F
:108B200032B98A69002A0CBF01224FF0FF328A60F5
:108B30002268DFF88C90D1065FBF1A68111D19609A
:108B400016680027A06988B1012807D12B681A7818
:108B500063699B5C53B927BBBDE8F883022820D129
:108B60002B681B7813F809301B071AD42368DA0620
:108B70005EBF2B681B7806F8013B2A686B680132E0
:108B80002A60A268013B013A6B600137A26042B1E2
:108B9000002BD7DCD4F8803129464046984700287E
:108BA000D0D0236813F0100305D1E2680132E260EF
:108BB000A26902B1337023691F4427610020CBE70B
:108BC0000CF001082DE9F04F9846744B0C46824694
:108BD000164693E8070087B003AB83E80700704BA5
:108BE000A169704A032918BF1A46A36801925A1E48
:108BF000B2F5AE7F88BF6FF4AE75274682BF03EB38
:108C0000050940F25D13A36057F81C3B43F4506321
:108C100098BF4FF0000923603D464FF0000B3168CC
:108C200003AB097853F82B000222FEF751FA28B360
:108C3000BBF1010F59D162682AB92268082342F4B6
:108C4000007263602260226822F4A0622260A2683F
:108C5000511EA16092B13268511C3160127805F842
:108C6000012B7268013A002A726007DCD4F8802177
:108C7000314650469047002840F085800BF1010BAB
:108C8000BBF1030FCBD163680BB90A236360636840
:108C900045496069C91A00F089F84FF0000BA368D4
:108CA0002268002B3DD03168606991F800C010F84F
:108CB0000C00002835D0BCF1300F24D1100522D58E
:108CC0000BF1010BB9F1000F03D0013309F1FF39AA
:108CD000A3607368013B002B73601BDD33680133B5
:108CE0003360A368013BA360D9E7BBF1020FAED1AB
:108CF000226802F4C061B1F5007FBFD11023636028
:108D000042F48072A2E722F4106222600B7805F828
:108D1000013BDEE7D4F880313146504698470028C1
:108D2000DFD02368D9050DD5BD4209D915F8011C3E
:108D3000D4F87C3132465046984705F1FF394D460C
:108D4000BD4228D0226812F0100213D12A70636845
:108D5000019E39465046B047D8F8003021681A1DA8
:108D6000C8F8002011F0200F1B680FD01860E368CE
:108D70000133E360ED1BAB4425695D4425610020B0
:108D800007B0BDE8F08F4FF0000BCAE7CA074CBF31
:108D900018801860EBE70120F2E700BF2CF3010810
:108DA000397701083D76010828F3010870B50B7882
:108DB00004465E2B0BBF4B78481C881C002208BF62
:108DC0000122611E04F1FF0501F8012FA942FBD128
:108DD0000BB9013870BD82F00101E154421C12F858
:108DE000015C2D2D02F1FF36104606D05D2DF1D02D
:108DF0000DB93046EEE72B46EFE716785D2EFAD038
:108E0000B342F8DC1846013086422154FBDCD843DB
:108E100030445D1CB342A8BF00202B180232DEE7AD
:108E20001F2938B504460D4604D9162303604FF0B8
:108E3000FF3038BD426C12B152F821304BB9204698
:108E400000F030F82A4601462046BDE8384000F0E0
:108E500017B8012B0AD0591C03D116230360012037
:108E6000E7E7002442F82540284698470020E0E73D
:108E7000024B01461868FFF7D3BF00BFF40200247D
:108E800038B5074D00230446084611462B6000F014
:108E900005FB431C02D12B6803B1236038BD00BF22
:108EA000AC3E002400F0F2BA2DE9F0410C46496BCB
:108EB00004F1440399421DD14FF48061F5F7ACFCF5
:108EC00018B94FF0FF30BDE8F0814FF48063A36321
:108ED00094F84630606380F8FF3394F8453080F8AA
:108EE000FE3394F8443080F8FD3300F2FD3020600A
:108EF0000020E8E7A66B77003A46F5F78BFC0546BD
:108F00000028DED000EB0608014632464046FEF758
:108F10002FF9C4E90D57C4F80080E9E770B50E4693
:108F20001446054618B183690BB9FDF76DFC144B67
:108F30009C421AD16C68636ED80705D4A389990541
:108F400002D4A06DFEF74DF822462846314600F0C7
:108F500033F8636EDA07054605D4A3899B0502D46E
:108F6000A06DFEF740F8284670BD064B9C4201D12B
:108F7000AC68E0E7044B9C4208BFEC68DBE700BF4D
:108F80002CF101084CF101080CF10108024B0A46D2
:108F900001461868FFF7C2BFF402002430B501395A
:108FA0000024A24201D1002005E0035D01340D5DE3
:108FB000AB42F6D0581B30BD70B50D461446064680
:108FC00018B183690BB9FDF71FFC1C4B9C4224D1DF
:108FD0007468636ED80705D4A389990502D4A06D7F
:108FE000FDF7FFFFA368013B002BA36005DAA26930
:108FF00093421CDBEBB20A2B19D023685A1C226067
:109000001D70EDB2636EDA0705D4A3899B0502D407
:10901000A06DFDF7E8FF284670BD094B9C4201D1C9
:10902000B468D6E7074B9C4208BFF468D1E72946ED
:1090300022463046FFF7D4FA0546E3E72CF1010853
:109040004CF101080CF10108C9B2034610F8012BDC
:109050001AB18A42F9D118467047002918BF002377
:10906000F9E770B503461E4613F8014B44B14A1E9A
:1090700001E0A54204D012F8015F002DF9D1F2E71A
:10908000301A70BD10B50139034632B111F8014FE5
:1090900003F8014B013A002CF7D11A440021934206
:1090A00000D110BD03F8011BF9E770B503461E4659
:1090B00013F8014B3CB14A1E01E0A542F7D012F86B
:1090C000015F002DF9D1301A70BD00007BB972B973
:1090D0000029BEBF00204FF0004106E008BF002875
:1090E0001CBF6FF000414FF0FF3000F0A1B9ADF1AF
:1090F000080C6DE904CE002909DB002B1ADB00F017
:1091000035F8DDF804E0DDE9022304B070474042A1
:1091100061EB4101002B1BDB00F028F8DDF804E0D7
:10912000DDE9022304B0404261EB4101524263EBAE
:1091300043037047524263EB430300F017F8DDF836
:1091400004E0DDE9022304B0404261EB41017047D5
:10915000524263EB430300F009F8DDF804E0DDE977
:10916000022304B0524263EB430370472DE9F047FA
:10917000089D04468C46002B40F083808A421746A7
:1091800047D9B2FA82F242B1C2F1200024FA00F0CB
:109190009140974040EA010C94404FEA1748230C55
:1091A000BCFBF8F61FFA87FE08FB16C143EA014331
:1091B00006FB0EF1994209D9FB1806F1FF3080F049
:1091C0001981994240F21681023E3B445B1AA4B2D7
:1091D000B3FBF8F008FB103344EA034400FB0EFE37
:1091E000A64509D93C1900F1FF3380F00581A64559
:1091F00040F2028102383C4440EA0640A4EB0E04EF
:1092000000261DB1D4400023C5E900433146BDE826
:10921000F08702B9FFDEB2FA82F2002A50D1CB1BEE
:109220004FEA174E1FFA87F80126B3FBFEFC210C0C
:109230000EFB1C3341EA034108FB0CF38B4207D9B8
:1092400079180CF1FF3002D28B4200F2E98084469B
:10925000C91AA3B2B1FBFEF00EFB101143EA0144A0
:1092600008FB00F8A04507D93C1900F1FF3302D2F2
:10927000A04500F2D9801846A4EB080440EA0C404F
:10928000BFE78B4209D9002D00F0B1800026C5E967
:10929000000130463146BDE8F087B3FA83F6002E70
:1092A0004AD18B4202D3824200F2B880841A61EB29
:1092B000030101208C46002DA8D0C5E9004CA5E78C
:1092C000C2F1200320FA03F6974001FA02F04FEAB8
:1092D000174ED9403043030CB1FBFEF61FFA87F856
:1092E0000EFB161143EA014306FB08F1994204FA0A
:1092F00002F409D9FB1806F1FF3C80F08D809942F9
:1093000040F28A80023E3B445B1A81B2B3FBFEF01E
:109310000EFB103341EA034100FB08F38B4207D9EF
:10932000791800F1FF3C73D28B4271D9023839446D
:10933000CB1A40EA064678E7C6F1200C03FA06F499
:1093400022FA0CF31C4320FA0CF701FA06F34FEA59
:10935000144E21FA0CF11F433B0CB1FBFEF91FFA2E
:1093600084F80EFB191143EA014109FB08FA8A450A
:1093700002FA06F200FA06F308D9611809F1FF3083
:1093800048D28A4546D9A9F102092144A1EB0A0134
:10939000BFB2B1FBFEF00EFB101147EA014700FB24
:1093A00008F8B84507D9E71900F1FF312ED2B845C2
:1093B0002CD90238274440EA0940A7EB0807A0FB54
:1093C00002894F45C64649461AD317D05DB1B3EB63
:1093D0000E0267EB010707FA0CFCF2404CEA0202AE
:1093E000F740C5E9002700263146BDE8F0872E4644
:1093F00028460BE70646E9E61846FDE64345E5D272
:10940000B8EB020E69EB04010138DFE70846D2E74A
:1094100060468DE78146B9E7664675E730464AE71C
:10942000ACF1020C394413E702383C4424E700BF96
:10943000704700BF53B94AB9002908BF00281CBFB4
:109440004FF0FF314FF0FF30FFF7F2BFADF1080CE6
:109450006DE904CEFFF78AFEDDF804E0DDE90223C2
:1094600004B07047430803F05533C01A830803F073
:10947000333300F03330184400EB101000F00F309D
:1094800000EB002000EB0040000E7047024B58221A
:109490001A604FF0FF307047AC3E0024024B582258
:1094A0001A604FF0FF307047AC3E0024F8B500BFA3
:1094B000F8BC08BC9E467047F8B500BFF8BC08BCB5
:1094C0009E467047436F6D6D616E6420706172617E
:1094D0006D206572726F723A2077726F6E672061CD
:1094E0006464726573732073697A650A00496E76E5
:1094F000616C696420616C74206279746573207397
:10950000697A650050696E6D6170206572726F7264
:109510003A2077726F6E6720706F7274206E756D6F
:109520006265722E006170706C69636174696F6E40
:109530005F756E6E616D65645F746872656164000D
:10954000657175657565006170706C6963617469DA
:109550006F6E5F756E6E616D65645F6D7574657855
:109560000048414C5F5254435F53657444617465D5
:10957000206572726F720A0048414C5F5254435F1B
:1095800053657454696D65206572726F720A004983
:1095900032433132333A20496E76616C696420631C
:1095A0006C6F636B20736F7572636500493243346F
:1095B0003A20496E76616C696420636C6F636B203E
:1095C000736F75726365004932433A20756E6B6E36
:1095D0006F776E20696E7374616E63650049324304
:1095E0003A2061626E6F726D616C206361736520F9
:1095F00073686F756C64206E6F742068617070653D
:109600006E640043616E6E6F7420696E6974696187
:109610006C697A65205254432077697468204C53F2
:10962000490A00506572697068436C6B496E6974D1
:1096300053747275637420525443206661696C657B
:10964000642077697468204C53490A0052544320BF
:10965000696E697469616C697A6174696F6E20669C
:1096600061696C65640A00456E61626C654279707F
:10967000617373536861646F77206572726F720AE9
:109680000048414C5F5243435F4F7363436F6E66C4
:109690006967204552524F520A0048414C5F52437D
:1096A0004345785F506572697068434C4B436F6EF9
:1096B000666967204552524F520A005365745379C8
:1096C00073436C6F636B206661696C65640A0001AB
:1096D000808080808080800480808080808080087E
:1096E000808080808080801080808080808080204A
:1096F0008080808080808040000408102040020428
:1097000008102040000000000102030401020304CD
:1097100006070809A086010080380100C0D40100B6
:10972000000000007A0D0000FA0000005C1200004A
:10973000A00F0000800200001400000000000000E4
:10974000801A060000E20400005307000000000039
:1097500084030000640000001405000058020000AB
:10976000FA000000640000000000000040420F000A
:1097700000350C00804F120000000000C201000004
:1097800032000000F4010000040100003C00000071
:109790006400000000000000000000000000000164
:1097A0000100000000000002220000000000000490
:1097B0002300000000000008FFFF00000000000080
:1097C00008000000005C0040CA1300001600000002
:1097D00000540040CA13000016010000001C00588D
:1097E000CA1B00001800000000540040CA1300000B
:1097F00018010000001C0058CA1B00001A000000DD
:1098000000580040CA1300003C000000001C005833
:10981000CA1300005100000000580040CA130000A5
:109820005E000000001C0058CA1300007400000015
:1098300000580040CA13000077000000005C0040A0
:10984000CA1300007B000000001C0058CA1300006F
:10985000FFFF0000FFFFFFFF0000000017000000F7
:1098600000540040CA13000017010000001C0058FB
:10987000CA1B00001900000000540040CA13000079
:1098800019010000001C0058CA1B00001B0000004A
:1098900000580040CA13000029000000005C00408E
:1098A000CA1300003D000000001C0058CA1300004D
:1098B0005000000000580040CA1300005F00000084
:1098C000001C0058CA13000075000000005800403A
:1098D000CA13000078000000005C0040CA130000BA
:1098E0007C000000001C0058CA130000FFFF0000AD
:1098F000FFFFFFFF0000000001000200040006005F
:1099000008000A000C001000200040008000000148
:1099100001030507090E10121416181C1E00000082
:109920000000000000000000F5290108192A0108C4
:10993000BD1C0108311601084DC7000815170108A4
:109940002D1A0108F5170108D52C010859C6000881
:1099500059C6000851C60008D7C50008CDC5000883
:10996000D1C50008692C0108092C0108A12B0108A8
:1099700049C600080000000000000000AD14000807
:10998000171A0008D91400085714000841140008D9
:1099900035140008291400081D1400088914000853
:1099A0000000000000000000F1130008051A000884
:1099B000851300086F130008411300089B1300086B
:1099C0006313000857130008351300082913000813
:1099D0001D13000807130008FDC90008A3C90008EB
:1099E0009DC900089DC90008F9C90008EDC9000813
:1099F000CD130008000000000000000085000108F1
:109A0000350101082DFF000819FF000800000000C3
:109A100000000000C5140008F3190008D91400085C
:109A200073140008411400083514000829140008B4
:109A30001D14000889140008000000000000000048
:109A400009140008E1190008851300086F130008C5
:109A500041130008B71300086313000857130008E8
:109A600035130008291300081D1300080713000808
:109A7000FDC90008A3C900089DC900089DC90008C8
:109A8000F9C90008EDC90008CD1300080000000066
:109A90000000000075FE000805FF0008000000003F
:109AA0000000000039290108BD29010840420F00CB
:109AB000200000000080000010000000007D000079
:109AC000100000000100000002000000040000007F
:109AD000080000001000000020000000400000000E
:109AE00080000000000100000002000000040000EF
:109AF00000080000001000000020000000400000EE
:109B0000008000000000000080DE280080C84D00BA
:109B100000A7760000349E008012C700809FEE00F0
:109B2000007E1701805C400180E9670100C8900158
:109B30000055B8010000000080DE2800001A4F0028
:109B400080F8770080859F000064C80000F1EF0076
:109B500080CF180100AE4101003B690180199201DC
:109B600080A6B9016C9B0108E00F0024E9050008FC
:109B7000DD0500088D0500087D050008C105000809
:109B8000A105000809C8000835060008000000000B
:109B90006C6974746C656673002E2E002F00EBFEEA
:109BA000904D53444F53352E30004E4F204E414D73
:109BB00045202020204641543332202020004E4FA3
:109BC000204E414D45202020204641542020202079
:109BD00020002A3A3C3E7C223F7F002B2C3B3D5B01
:109BE0005D0000FBFFFBFEECEAF3EFF7F3EDEDEABF
:109BF000FB8CF0F4E9EA809A45418E418F8045451F
:109C0000454949498E8F9092924F994F5555599990
:109C10009A9B9C9D9E9F41494F55A5A5A6A7A8A983
:109C2000AAABACADAEAFB0B1B2B3B4B5B6B7B8B91C
:109C3000BABBBCBDBEBFC0C1C2C3C4C5C6C7C8C90C
:109C4000CACBCCCDCECFD0D1D2D3D4D5D6D7D8D9FC
:109C5000DADBDCDDDEDFE0E1E2E3E4E5E6E7E8E9EC
:109C6000EAEBECEDEEEFF0F1F2F3F4F5F6F7F8F9DC
:109C7000FAFBFCFDFEFFC700FC00E900E200E40087
:109C8000E000E500E700EA00EB00E800EF00EE008E
:109C9000EC00C400C500C900E600C600F400F600F0
:109CA000F200FB00F900FF00D600DC00A200A300D8
:109CB000A500A7209201E100ED00F300FA00F100F9
:109CC000D100AA00BA00BF001023AC00BD00BC0048
:109CD000A100AB00BB0091259225932502252425E8
:109CE00061256225562555256325512557255D2576
:109CF0005C255B251025142534252C251C250025E5
:109D00003C255E255F255A25542569256625602555
:109D100050256C2567256825642565255925582516
:109D2000522553256B256A2518250C258825842561
:109D30008C2590258025B103DF009303C003A30386
:109D4000C303B500C403A6039803A903B4031E22EA
:109D5000C603B50329226122B100652264222023B3
:109D60002123F7004822B0001922B7001A227F20D1
:109D7000B200A025A0000000000000006410B71D84
:109D8000C8206E3BAC30D9269041DC76F4516B6B29
:109D90005861B24D3C7105502083B8ED44930FF0EB
:109DA000E8A3D6D68CB361CBB0C2649BD4D2D386A1
:109DB00078E20AA01CF2BDBD000000000000000017
:109DC00049A2000885A20008DD6D0008A16D000809
:109DD000DBC200083FC10008FDBE0008C5BF000887
:109DE00059A0000853700008D9A100089571000817
:109DF000CDBC0008519C0008B39900086FAB000867
:109E0000299C0008DF12000867AE000837700008C0
:109E1000EF1200081B7000086FB80008F9BB0008BB
:109E2000E575000835B00008EDAF0008FF6F0008C9
:109E3000CBAF00081D6E000829A30008F5780008C4
:109E4000E1780008A1A20008FCFFFFFF000000006D
:109E50007DA2000897A2000800000000000000009A
:109E60000000000000000000D3E00008E31200083A
:109E7000E9120008E3120008E312000801130008C9
:109E8000E3120008FCFFFFFF0000000000000000DC
:109E900000000000000000000000000000000000C2
:109EA00000000000D3E00008E3120008E9120008F7
:109EB000E3120008E312000801130008E31200088F
:109EC00000000000000000004177000885770008CE
:109ED000DD6D0008A16D00082992000803970008B5
:109EE000719100083396000819870008817D0008E9
:109EF000AD75000831930008CFB90008B38F000892
:109F0000DF860008DF850008858F0008DF12000863
:109F1000398200080B750008EF120008DB74000896
:109F2000F584000843B90008417500082D89000830
:109F30001B7D0008BB740008E17C00081D6E000852
:109F4000FCFFFFFF000000007D7700089777000806
:109F500061001A03E0001703F8000703FF00010087
:109F600078010001300132010601390110014A0176
:109F70002E017901060180014D0043028101820119
:109F800082018401840186018701870189018A0198
:109F90008B018B018D018E018F0190019101910147
:109FA00093019401F60196019701980198013D02F1
:109FB0009B019C019D0120029F01A001A001A20123
:109FC000A201A401A401A601A701A701A901AA0158
:109FD000AB01AC01AC01AE01AF01AF01B101B20107
:109FE000B301B301B501B501B701B801B801BA01B8
:109FF000BB01BC01BC01BE01F701C001C101C2012E
:10A00000C301C401C501C401C701C801C701CA0118
:10A01000CB01CA01CD011001DD0101008E01DE017D
:10A020001201F3010300F101F401F401F801280128
:10A03000220212013A020900652C3B023B023D025A
:10A04000662C3F0240024102410246020A015302CD
:10A05000400081018601550289018A0158028F0161
:10A060005A0290015C025D025E025F02930161028E
:10A07000620294016402650266026702970196011A
:10A080006A02622C6C026D026E029C017002710207
:10A090009D01730274029F017602770278027902B1
:10A0A0007A027B027C02642C7E027F02A60181027E
:10A0B0008202A9018402850286028702AE0144025F
:10A0C000B101B20145028D028E028F02900291020F
:10A0D000B7017B030300FD03FE03FF03AC03040091
:10A0E0008603880389038A03B1031103C2030200B4
:10A0F000A303A303C4030803CC0303008C038E0350
:10A100008F03D8031801F2030A00F903F303F403E1
:10A11000F503F603F703F703F903FA03FA03300430
:10A12000200350041007600422018A043601C10490
:10A130000E01CF040100C004D004440161052604CF
:10A1400000007D1D0100632C001E9601A01E5A0117
:10A15000001F0806101F0606201F0806301F0806ED
:10A16000401F0606511F0700591F521F5B1F541F37
:10A170005D1F561F5F1F601F0806701F0E00BA1F6D
:10A18000BB1FC81FC91FCA1FCB1FDA1FDB1FF81F49
:10A19000F91FEA1FEB1FFA1FFB1F801F0806901F05
:10A1A0000806A01F0806B01F0400B81FB91FB21F81
:10A1B000BC1FCC1F0100C31FD01F0206E01F0206F8
:10A1C000E51F0100EC1FF31F0100FC1F4E210100E1
:10A1D000322170211002842101008321D0241A052C
:10A1E000302C2F04602C0201672C0601752C020113
:10A1F000802C6401002D260841FF1A030000010095
:10A2000004001000400000010002000001000200F4
:10A21000040008001000200000005153504946007F
:10A22000464C4153484941500044465520496E74BC
:10A230006572666163650044465520436F6E6669CA
:10A2400067000D002E2E2E0A000A52252D34643A86
:10A25000202530386C58000A53502020203A202501
:10A2600030386C580A4C522020203A202530386C67
:10A27000580A50432020203A202530386C580A785C
:10A28000505352203A202530386C580A50535020F1
:10A29000203A202530386C580A4D535020203A205F
:10A2A0002530386C58000A43505549443A2025302F
:10A2B000386C58000A48465352203A202530386CF2
:10A2C000580A4D4D4653523A202530386C580A42B0
:10A2D000465352203A202530386C580A554653527E
:10A2E000203A202530386C580A44465352203A20F0
:10A2F0002530386C580A41465352203A20253038D0
:10A300006C58000A4D4D4641523A202530386C5861
:10A31000000A42464152203A202530386C58000A43
:10A320004D6F6465203A20546872656164000A507C
:10A33000726976203A2055736572000A5072697608
:10A34000203A2050726976696C65676564000A4D31
:10A350006F6465203A2048616E646C6572000A5330
:10A360007461636B3A20505350000A537461636BFD
:10A370003A204D5350000A2B2B204D6265644F53F9
:10A38000204661756C742048616E646C6572202B88
:10A390002B0A0A4661756C74547970653A20004D39
:10A3A000656D4D616E6167654661756C74004275DF
:10A3B000734661756C740055736167654661756CB1
:10A3C0007400486172644661756C74000A0A436FD8
:10A3D0006E746578743A000A0A2D2D204D6265640A
:10A3E0004F53204661756C742048616E646C6572D1
:10A3F000202D2D0A0A0064656661756C7400466F35
:10A400007263654F73634F75746F6644656570530F
:10A410006C65657020636C6F636B20697373756521
:10A420000D0A00466F7263655065726970684F75FA
:10A43000746F6644656570536C65657020636C6FFE
:10A44000636B2069737375650D0A00496E6974202A
:10A450003A2063616E6E6F7420696E697469616C15
:10A46000697A65204C53490A006D61696E00534654
:10A4700044500073696E676C65746F6E5F6D7574C0
:10A480006578006D616C6C6F635F6D7574657800E5
:10A49000656E765F6D75746578007274785F746947
:10A4A0006D6572007274785F69646C65005254580F
:10A4B0002056352E352E33000000000073A401080D
:10A4C0000B000000AC3500241C000000010000005F
:10A4D000E803000005000000142E00241000000016
:10A4E000000000000000000000000000000000006C
:10A4F000000000000000000000000000000000005C
:10A50000000000000000000000000000000000004B
:10A51000000000000000000000000000000000003B
:10A520000010000038AA010874AA0108BD0801083B
:10A53000D5E100085CAA0108040000000102040043
:10A540002900000000500052D22700003B0000000C
:10A5500000500052D2270000580000000050005266
:10A56000D22B0000FFFF0000FFFFFFFF00000000F4
:10A570002A00000000500052D22700003C000000DA
:10A5800000500052D2270000590000000050005235
:10A59000D22B0000FFFF0000FFFFFFFF00000000C4
:10A5A0004200000000500052D22700005700000077
:10A5B00000500052D2270000FFFF0000FFFFFFFF06
:10A5C000000000000100000000500052D2270000EF
:10A5D0003D00000000500052D2270000560000004D
:10A5E00000500052D2270000FFFF0000FFFFFFFFD6
:10A5F000000000001200000000500052D2270000AE
:10A600005A00000000500052D2270000FFFF000057
:10A61000FFFFFFFF00000000160000000050005286
:10A62000D22B00001A00000000500052D227000078
:10A630006600000000500052D22B0000FFFF000017
:10A64000FFFFFFFF0000000001000000004C004081
:10A65000D22300000300000000440040D21F00008D
:10A660000800000000780040D22F00000A0000001F
:10A6700000100140D21F00000A010000000C005829
:10A68000D20F00000B000000004C0040D21B000065
:10A690001300000000780040D22F000015000000D9
:10A6A00000500040D23B00001700000000100140A5
:10A6B000D21F000017010000000C0058D223000038
:10A6C00018000000004C0040D22300001B000000D6
:10A6D00000480040D21F00001C0000000050004055
:10A6E000D23B00001F00000000100140D213000008
:10A6F0002700000000140140D21F00002B000000C2
:10A7000000480040D21F00002B010000004C004018
:10A71000D223000030000000004C0040D223000093
:10A720003200000000500040D2230000360000003C
:10A7300000440040D21F00003900000000480040E3
:10A74000D21F000040000000007C0040D223000027
:10A750004700000000780040D21F000056000000B3
:10A7600000780040D21F0000690000000014014082
:10A77000D21F00007E000000004C0040D2230000E9
:10A7800089000000004C0040D22300009900000026
:10A79000007C0040D2230000FFFF0000FFFFFFFF0E
:10A7A0000000000000000000004C0040D223000028
:10A7B0000200000000440040D21F00000900000019
:10A7C00000100140D21F000009010000000C0058D9
:10A7D000D20F00000C000000004C0040D21B000013
:10A7E0000F00000000780040D22F0000140000008D
:10A7F00000780040D22F0000160000000010014039
:10A80000D21F00001601000000500040D23B0000A3
:10A8100016020000000C0058D223000019000000AE
:10A82000004C0040D22300001A0000000048004005
:10A83000D21F00001D00000000500040D23B00006D
:10A840001E00000000100140D2130000260000008E
:10A8500000140140D21F00002A0000000048004000
:10A86000D21F00002A010000004C0040D22300004B
:10A870002C00000000500040D223000031000000F6
:10A88000004C0040D223000035000000004400408E
:10A89000D21F00003800000000480040D21F000016
:10A8A00041000000007C0040D2230000480000006E
:10A8B00000780040D21F00005700000000780040E0
:10A8C000D21F00006E00000000140140D21F0000E3
:10A8D0007D000000004C0040D223000098000000E2
:10A8E000007C0040D2230000FFFF0000FFFFFFFFBD
:10A8F0000000000000000000000000001BC700086E
:10A9000097D9000815E100081DC700085BC70008BB
:10A910004DC700084DC7000851C70008E1C900082D
:10A92000D7C9000855C70008D1C90008FDC90008EB
:10A93000A3C900089DC900089DC90008DDE0000802
:10A94000EDC90008000000000000000081070108B8
:10A950009507010809080108590701084DC70008B3
:10A9600041FC0008C106010801040108D52C0108BA
:10A9700059C600080BC70008C7D90008AFD900089E
:10A98000FBC60008F5C60008692C0108092C01085F
:10A990005FC60008EDC600080000000000000000CF
:10A9A000D3E000080000000000000000570101088B
:10A9B00047010108EBC90008A3D900080000000006
:10A9C0000000000051E50008000000000000000049
:10A9D00041EF00082F737464657272002F73746402
:10A9E000696E002F7374646F7574003031323334C4
:10A9F00035363738396162636465663031323334F5
:10AA000035363738394142434445460014AA0108D7
:10AA1000682D002439670008D9070008212500089F
:10AA2000011500085D150008291500088925000892
:10AA3000E907000801000000A4A4010800000000CC
:10AA4000602F002444000000A82F00240003000011
:10AA500001000000010000000000000000000000F4
:10AA600000000000542E002434000000882E002432
:10AA7000500000009AA40108000000001C2F0024D0
:10AA800044000000A8320024000300002800000059
:10AA900001000000000000005344434152440041C3
:10AAA000726475696E6F20534100456E766965204A
:10AAB000483720426F6F746C6F6164657200726218
:10AAC000002F66732F5550444154452E42494E0085
:10AAD00040426F6F746C6F6164657220766572734B
:10AAE000696F6E202564202F307830303030303060
:10AAF00030302F302A344B670040496E7465726ED7
:10AB0000616C20466C6173682020202F30783038CB
:10AB10003030303030302F30312A3132384B612CE8
:10AB200031352A3132384B67004045787465726E92
:10AB3000616C20466C6173682020202F307839309A
:10AB40003030303030302F343039362A344B6700D3
:10AB500000000000000000004946010869460108A5
:10AB6000393C0108752F01084DC70008DD3901087F
:10AB7000A1370108ED350108D52C01089B2B0108F0
:10AB8000952B01088F2B0108CF2C0108C92C010837
:10AB9000792B0108692C0108092C0108A12B010857
:10ABA000712B0108814601087B4601080000000066
:10ABB0000000000059E200088BD9000899E3000862
:10ABC00065D9000875C5000821C50008CDC4000876
:10ABD00087C40008D52C010873C400085FC40008AE
:10ABE0004BC4000823C400080FC4000809C40008AF
:10ABF000692C0108092C0108A12B0108DDC30008FC
:10AC000003C40008F1C30008EDC30008E9C300084D
:10AC10000000000000000000000000000000000034
:10AC20000000000000000000000000000000000024
:10AC30000000000000000000000000000000000014
:10AC40000000000000000000000000000000000004
:10AC500000000000000000000000000000000000F4
:10AC600000000000000000000000000000000000E4
:10AC700000000000000000000000000000000000D4
:10AC800000000000000000000000000000000000C4
:10AC900000000000000000000000000000000000B4
:10ACA00000000000000000000000000000000000A4
:10ACB0000000000000000000000000000000000094
:10ACC0000000000000000000000000000000000084
:10ACD0000000000000000000000000000000000074
:10ACE0000000000000000000000000000000000064
:10ACF0000000000000000000000000000000000054
:10AD00000000000000000000000000000000000043
:10AD10000000000000000000000000000000000033
:10AD20000000000000000000000000000000000023
:10AD30000000000000000000000000000000000013
:10AD40000000000000000000000000000000000003
:10AD500000000000000000000000000000000000F3
:10AD600000000000000000000000000000000000E3
:10AD700000000000000000000000000000000000D3
:10AD800000000000000000000000000000000000C3
:10AD900000000000000000000000000000000000B3
:10ADA00000000000000000000000000000000000A3
:10ADB0000000000000000000000000000000000093
:10ADC0000000000000000000000000000000000083
:10ADD0000000000000000000000000000000000073
:10ADE0000000000000000000000000000000000063
:10ADF0000000000000000000000000000000000053
:10AE00000000000000000000000000000000000042
:10AE10000000000000000000000000000000000032
:10AE20000000000000000000000000000000000022
:10AE30000000000000000000000000000000000012
:10AE40000000000000000000000000000000000002
:10AE500000000000000000000000000000000000F2
:10AE600000000000000000000000000000000000E2
:10AE700000000000000000000000000000000000D2
:10AE800000000000000000000000000000000000C2
:10AE900000000000000000000000000000000000B2
:10AEA00000000000000000000000000000000000A2
:10AEB0000000000000000000000000000000000092
:10AEC0000000000000000000000000000000000082
:10AED0000000000000000000000000000000000072
:10AEE0000000000000000000000000000000000062
:10AEF0000000000000000000000000000000000052
:10AF00000000000000000000000000000000000041
:10AF10000000000000000000000000000000000031
:10AF20000000000000000000000000000000000021
:10AF30000000000000000000000000000000000011
:10AF40000000000000000000000000000000000001
:10AF500000000000000000000000000000000000F1
:10AF600000000000000000000000000000000000E1
:10AF700000000000000000000000000000000000D1
:10AF800000000000000000000000000000000000C1
:10AF900000000000000000000000000000000000B1
:10AFA00000000000000000000000000000000000A1
:10AFB0000000000000000000000000000000000091
:10AFC0000000000000000000000000000000000081
:10AFD0000000000000000000000000000000000071
:10AFE0000000000000000000000000000000000061
:10AFF0000000000000000000000000000000000051
:10B000000000000000000000000000000000000040
:10B010000000000000000000000000000000000030
:10B020000000000000000000000000000000000020
:10B030000000000000000000000000000000000010
:10B040000000000000000000000000000000000000
:10B0500000000000000000000000000000000000F0
:10B0600000000000000000000000000000000000E0
:10B0700000000000000000000000000000000000D0
:10B0800000000000000000000000000000000000C0
:10B0900000000000000000000000000000000000B0
:10B0A00000000000000000000000000000000000A0
:10B0B0000000000000000000000000000000000090
:10B0C0000000000000000000000000000000000080
:10B0D0000000000000000000000000000000000070
:10B0E0000000000000000000000000000000000060
:10B0F0000000000000000000000000000000000050
:10B10000000000000000000000000000000000003F
:10B11000000000000000000000000000000000002F
:10B12000000000000000000000000000000000001F
:10B13000000000000000000000000000000000000F
:10B1400000000000000000000000000000000000FF
:10B1500000000000000000000000000000000000EF
:10B1600000000000000000000000000000000000DF
:10B1700000000000000000000000000000000000CF
:10B1800000000000000000000000000000000000BF
:10B1900000000000000000000000000000000000AF
:10B1A000000000000000000000000000000000009F
:10B1B000000000000000000000000000000000008F
:10B1C000000000000000000000000000000000007F
:10B1D000000000000000000000000000000000006F
:10B1E000000000000000000000000000000000005F
:10B1F000000000000000000000000000000000004F
:10B20000000000000000000000000000000000003E
:10B21000000000000000000000000000000000002E
:10B22000000000000000000000000000000000001E
:10B23000000000000000000000000000000000000E
:10B2400000000000000000000000000000000000FE
:10B2500000000000000000000000000000000000EE
:10B2600000000000000000000000000000000000DE
:10B2700000000000000000000000000000000000CE
:10B2800000000000000000000000000000000000BE
:10B2900000000000000000000000000000000000AE
:10B2A000000000000000000000000000000000009E
:10B2B000000000000000000000000000000000008E
:10B2C000000000000000000000000000000000007E
:10B2D000000000000000000000000000000000006E
:10B2E000000000000000000000000000000000005E
:10B2F000000000000000000000000000000000004E
:10B30000000000000000000000000000000000003D
:10B31000000000000000000000000000000000002D
:10B32000000000000000000000000000000000001D
:10B33000000000000000000000000000000000000D
:10B3400000000000000000000000000000000000FD
:10B3500000000000000000000000000000000000ED
:10B3600000000000000000000000000000000000DD
:10B3700000000000000000000000000000000000CD
:10B3800000000000000000000000000000000000BD
:10B3900000000000000000000000000000000000AD
:10B3A000000000000000000000000000000000009D
:10B3B000000000000000000000000000000000008D
:10B3C000000000000000000000000000000000007D
:10B3D000000000000000000000000000000000006D
:10B3E000000000000000000000000000000000005D
:10B3F000000000000000000000000000000000004D
:10B40000000000000000000000000000000000003C
:10B41000000000000000000000000000000000002C
:10B42000000000000000000000000000000000001C
:10B43000000000000000000000000000000000000C
:10B4400000000000000000000000000000000000FC
:10B4500000000000000000000000000000000000EC
:10B4600000000000000000000000000000000000DC
:10B4700000000000000000000000000000000000CC
:10B4800000000000000000000000000000000000BC
:10B4900000000000000000000000000000000000AC
:10B4A000000000000000000000000000000000009C
:10B4B000000000000000000000000000000000008C
:10B4C000000000000000000000000000000000007C
:10B4D000000000000000000000000000000000006C
:10B4E000000000000000000000000000000000005C
:10B4F000000000000000000000000000000000004C
:10B50000000000000000000000000000000000003B
:10B51000000000000000000000000000000000002B
:10B52000000000000000000000000000000000001B
:10B53000000000000000000000000000000000000B
:10B5400000000000000000000000000000000000FB
:10B5500000000000000000000000000000000000EB
:10B5600000000000000000000000000000000000DB
:10B5700000000000000000000000000000000000CB
:10B5800000000000000000000000000000000000BB
:10B5900000000000000000000000000000000000AB
:10B5A000000000000000000000000000000000009B
:10B5B000000000000000000000000000000000008B
:10B5C000000000000000000000000000000000007B
:10B5D000000000000000000000000000000000006B
:10B5E000000000000000000000000000000000005B
:10B5F000000000000000000000000000000000004B
:10B60000000000000000000000000000000000003A
:10B61000000000000000000000000000000000002A
:10B62000000000000000000000000000000000001A
:10B63000000000000000000000000000000000000A
:10B6400000000000000000000000000000000000FA
:10B6500000000000000000000000000000000000EA
:10B6600000000000000000000000000000000000DA
:10B6700000000000000000000000000000000000CA
:10B6800000000000000000000000000000000000BA
:10B6900000000000000000000000000000000000AA
:10B6A000000000000000000000000000000000009A
:10B6B000000000000000000000000000000000008A
:10B6C000000000000000000000000000000000007A
:10B6D000000000000000000000000000000000006A
:10B6E000000000000000000000000000000000005A
:10B6F000000000000000000000000000000000004A
:10B700000000000000000000000000000000000039
:10B710000000000000000000000000000000000029
:10B720000000000000000000000000000000000019
:10B730000000000000000000000000000000000009
:10B7400000000000000000000000000000000000F9
:10B7500000000000000000000000000000000000E9
:10B7600000000000000000000000000000000000D9
:10B7700000000000000000000000000000000000C9
:10B7800000000000000000000000000000000000B9
:10B7900000000000000000000000000000000000A9
:10B7A0000000000000000000000000000000000099
:10B7B0000000000000000000000000000000000089
:10B7C0000000000000000000000000000000000079
:10B7D0000000000000000000000000000000000069
:10B7E0000000000000000000000000000000000059
:10B7F0000000000000000000000000000000000049
:10B800000000000000000000000000000000000038
:10B810000000000000000000000000000000000028
:10B820000000000000000000000000000000000018
:10B830000000000000000000000000000000000008
:10B8400000000000000000000000000000000000F8
:10B8500000000000000000000000000000000000E8
:10B8600000000000000000000000000000000000D8
:10B8700000000000000000000000000000000000C8
:10B8800000000000000000000000000000000000B8
:10B8900000000000000000000000000000000000A8
:10B8A0000000000000000000000000000000000098
:10B8B0000000000000000000000000000000000088
:10B8C0000000000000000000000000000000000078
:10B8D0000000000000000000000000000000000068
:10B8E0000000000000000000000000000000000058
:10B8F0000000000000000000000000000000000048
:10B900000000000000000000000000000000000037
:10B910000000000000000000000000000000000027
:10B920000000000000000000000000000000000017
:10B930000000000000000000000000000000000007
:10B9400000000000000000000000000000000000F7
:10B9500000000000000000000000000000000000E7
:10B9600000000000000000000000000000000000D7
:10B9700000000000000000000000000000000000C7
:10B9800000000000000000000000000000000000B7
:10B9900000000000000000000000000000000000A7
:10B9A0000000000000000000000000000000000097
:10B9B0000000000000000000000000000000000087
:10B9C0000000000000000000000000000000000077
:10B9D0000000000000000000000000000000000067
:10B9E0000000000000000000000000000000000057
:10B9F0000000000000000000000000000000000047
:10BA00000000000000000000000000000000000036
:10BA10000000000000000000000000000000000026
:10BA20000000000000000000000000000000000016
:10BA30000000000000000000000000000000000006
:10BA400000000000000000000000000000000000F6
:10BA500000000000000000000000000000000000E6
:10BA600000000000000000000000000000000000D6
:10BA700000000000000000000000000000000000C6
:10BA800000000000000000000000000000000000B6
:10BA900000000000000000000000000000000000A6
:10BAA0000000000000000000000000000000000096
:10BAB0000000000000000000000000000000000086
:10BAC0000000000000000000000000000000000076
:10BAD0000000000000000000000000000000000066
:10BAE0000000000000000000000000000000000056
:10BAF0000000000000000000000000000000000046
:10BB00000000000000000000000000000000000035
:10BB10000000000000000000000000000000000025
:10BB20000000000000000000000000000000000015
:10BB30000000000000000000000000000000000005
:10BB400000000000000000000000000000000000F5
:10BB500000000000000000000000000000000000E5
:10BB600000000000000000000000000000000000D5
:10BB700000000000000000000000000000000000C5
:10BB800000000000000000000000000000000000B5
:10BB900000000000000000000000000000000000A5
:10BBA0000000000000000000000000000000000095
:10BBB0000000000000000000000000000000000085
:10BBC0000000000000000000000000000000000075
:10BBD0000000000000000000000000000000000065
:10BBE0000000000000000000000000000000000055
:10BBF0000000000000000000000000000000000045
:10BC00000000000000000000000000000000000034
:10BC10000000000000000000000000000000000024
:10BC20000000000000000000000000000000000014
:10BC30000000000000000000000000000000000004
:10BC400000000000000000000000000000000000F4
:10BC500000000000000000000000000000000000E4
:10BC600000000000000000000000000000000000D4
:10BC700000000000000000000000000000000000C4
:10BC800000000000000000000000000000000000B4
:10BC900000000000000000000000000000000000A4
:10BCA0000000000000000000000000000000000094
:10BCB0000000000000000000000000000000000084
:10BCC0000000000000000000000000000000000074
:10BCD0000000000000000000000000000000000064
:10BCE0000000000000000000000000000000000054
:10BCF0000000000000000000000000000000000044
:10BD00000000000000000000000000000000000033
:10BD10000000000000000000000000000000000023
:10BD20000000000000000000000000000000000013
:10BD30000000000000000000000000000000000003
:10BD400000000000000000000000000000000000F3
:10BD500000000000000000000000000000000000E3
:10BD600000000000000000000000000000000000D3
:10BD700000000000000000000000000000000000C3
:10BD800000000000000000000000000000000000B3
:10BD900000000000000000000000000000000000A3
:10BDA0000000000000000000000000000000000093
:10BDB0000000000000000000000000000000000083
:10BDC0000000000000000000000000000000000073
:10BDD0000000000000000000000000000000000063
:10BDE0000000000000000000000000000000000053
:10BDF0000000000000000000000000000000000043
:10BE00000000000000000000000000000000000032
:10BE10000000000000000000000000000000000022
:10BE20000000000000000000000000000000000012
:10BE30000000000000000000000000000000000002
:10BE400000000000000000000000000000000000F2
:10BE500000000000000000000000000000000000E2
:10BE600000000000000000000000000000000000D2
:10BE700000000000000000000000000000000000C2
:10BE800000000000000000000000000000000000B2
:10BE900000000000000000000000000000000000A2
:10BEA0000000000000000000000000000000000092
:10BEB0000000000000000000000000000000000082
:10BEC0000000000000000000000000000000000072
:10BED0000000000000000000000000000000000062
:10BEE0000000000000000000000000000000000052
:10BEF0000000000000000000000000000000000042
:10BF00000000000000000000000000000000000031
:10BF10000000000000000000000000000000000021
:10BF20000000000000000000000000000000000011
:10BF30000000000000000000000000000000000001
:10BF400000000000000000000000000000000000F1
:10BF500000000000000000000000000000000000E1
:10BF600000000000000000000000000000000000D1
:10BF700000000000000000000000000000000000C1
:10BF800000000000000000000000000000000000B1
:10BF900000000000000000000000000000000000A1
:10BFA0000000000000000000000000000000000091
:10BFB0000000000000000000000000000000000081
:10BFC0000000000000000000000000000000000071
:10BFD0000000000000000000000000000000000061
:10BFE0000000000000000000000000000000000051
:10BFF0000000000000000000000000000000000041
:10C000000000000000000000000000000000000030
:10C010000000000000000000000000000000000020
:10C020000000000000000000000000000000000010
:10C030000000000000000000000000000000000000
:10C0400000000000000000000000000000000000F0
:10C0500000000000000000000000000000000000E0
:10C0600000000000000000000000000000000000D0
:10C0700000000000000000000000000000000000C0
:10C0800000000000000000000000000000000000B0
:10C0900000000000000000000000000000000000A0
:10C0A0000000000000000000000000000000000090
:10C0B0000000000000000000000000000000000080
:10C0C0000000000000000000000000000000000070
:10C0D0000000000000000000000000000000000060
:10C0E0000000000000000000000000000000000050
:10C0F0000000000000000000000000000000000040
:10C10000000000000000000000000000000000002F
:10C11000000000000000000000000000000000001F
:10C12000000000000000000000000000000000000F
:10C1300000000000000000000000000000000000FF
:10C1400000000000000000000000000000000000EF
:10C1500000000000000000000000000000000000DF
:10C1600000000000000000000000000000000000CF
:10C1700000000000000000000000000000000000BF
:10C1800000000000000000000000000000000000AF
:10C19000000000000000000000000000000000009F
:10C1A000000000000000000000000000000000008F
:10C1B000000000000000000000000000000000007F
:10C1C000000000000000000000000000000000006F
:10C1D000000000000000000000000000000000005F
:10C1E000000000000000000000000000000000004F
:10C1F000000000000000000000000000000000003F
:10C20000000000000000000000000000000000002E
:10C21000000000000000000000000000000000001E
:10C22000000000000000000000000000000000000E
:10C2300000000000000000000000000000000000FE
:10C2400000000000000000000000000000000000EE
:10C2500000000000000000000000000000000000DE
:10C2600000000000000000000000000000000000CE
:10C2700000000000000000000000000000000000BE
:10C2800000000000000000000000000000000000AE
:10C29000000000000000000000000000000000009E
:10C2A000000000000000000000000000000000008E
:10C2B000000000000000000000000000000000007E
:10C2C000000000000000000000000000000000006E
:10C2D000000000000000000000000000000000005E
:10C2E000000000000000000000000000000000004E
:10C2F000000000000000000000000000000000003E
:10C30000000000000000000000000000000000002D
:10C31000000000000000000000000000000000001D
:10C32000000000000000000000000000000000000D
:10C3300000000000000000000000000000000000FD
:10C3400000000000000000000000000000000000ED
:10C3500000000000000000000000000000000000DD
:10C3600000000000000000000000000000000000CD
:10C3700000000000000000000000000000000000BD
:10C3800000000000000000000000000000000000AD
:10C39000000000000000000000000000000000009D
:10C3A000000000000000000000000000000000008D
:10C3B000000000000000000000000000000000007D
:10C3C000000000000000000000000000000000006D
:10C3D000000000000000000000000000000000005D
:10C3E000000000000000000000000000000000004D
:10C3F000000000000000000000000000000000003D
:10C40000000000000000000000000000000000002C
:10C41000000000000000000000000000000000001C
:10C42000000000000000000000000000000000000C
:10C4300000000000000000000000000000000000FC
:10C4400000000000000000000000000000000000EC
:10C4500000000000000000000000000000000000DC
:10C4600000000000000000000000000000000000CC
:10C4700000000000000000000000000000000000BC
:10C4800000000000000000000000000000000000AC
:10C49000000000000000000000000000000000009C
:10C4A000000000000000000000000000000000008C
:10C4B000000000000000000000000000000000007C
:10C4C000000000000000000000000000000000006C
:10C4D000000000000000000000000000000000005C
:10C4E000000000000000000000000000000000004C
:10C4F000000000000000000000000000000000003C
:10C50000000000000000000000000000000000002B
:10C51000000000000000000000000000000000001B
:10C52000000000000000000000000000000000000B
:10C5300000000000000000000000000000000000FB
:10C5400000000000000000000000000000000000EB
:10C5500000000000000000000000000000000000DB
:10C5600000000000000000000000000000000000CB
:10C5700000000000000000000000000000000000BB
:10C5800000000000000000000000000000000000AB
:10C59000000000000000000000000000000000009B
:10C5A000000000000000000000000000000000008B
:10C5B000000000000000000000000000000000007B
:10C5C000000000000000000000000000000000006B
:10C5D000000000000000000000000000000000005B
:10C5E000000000000000000000000000000000004B
:10C5F000000000000000000000000000000000003B
:10C60000000000000000000000000000000000002A
:10C61000000000000000000000000000000000001A
:10C62000000000000000000000000000000000000A
:10C6300000000000000000000000000000000000FA
:10C6400000000000000000000000000000000000EA
:10C6500000000000000000000000000000000000DA
:10C6600000000000000000000000000000000000CA
:10C6700000000000000000000000000000000000BA
:10C6800000000000000000000000000000000000AA
:10C69000000000000000000000000000000000009A
:10C6A000000000000000000000000000000000008A
:10C6B000000000000000000000000000000000007A
:10C6C000000000000000000000000000000000006A
:10C6D000000000000000000000000000000000005A
:10C6E000000000000000000000000000000000004A
:10C6F000000000000000000000000000000000003A
:10C700000000000000000000000000000000000029
:10C710000000000000000000000000000000000019
:10C720000000000000000000000000000000000009
:10C7300000000000000000000000000000000000F9
:10C7400000000000000000000000000000000000E9
:10C7500000000000000000000000000000000000D9
:10C7600000000000000000000000000000000000C9
:10C7700000000000000000000000000000000000B9
:10C7800000000000000000000000000000000000A9
:10C790000000000000000000000000000000000099
:10C7A0000000000000000000000000000000000089
:10C7B0000000000000000000000000000000000079
:10C7C0000000000000000000000000000000000069
:10C7D0000000000000000000000000000000000059
:10C7E0000000000000000000000000000000000049
:10C7F0000000000000000000000000000000000039
:10C800000000000000000000000000000000000028
:10C810000000000000000000000000000000000018
:10C820000000000000000000000000000000000008
:10C8300000000000000000000000000000000000F8
:10C8400000000000000000000000000000000000E8
:10C8500000000000000000000000000000000000D8
:10C8600000000000000000000000000000000000C8
:10C8700000000000000000000000000000000000B8
:10C8800000000000000000000000000000000000A8
:10C890000000000000000000000000000000000098
:10C8A0000000000000000000000000000000000088
:10C8B0000000000000000000000000000000000078
:10C8C0000000000000000000000000000000000068
:10C8D0000000000000000000000000000000000058
:10C8E0000000000000000000000000000000000048
:10C8F0000000000000000000000000000000000038
:10C900000000000000000000000000000000000027
:10C910000000000000000000000000000000000017
:10C920000000000000000000000000000000000007
:10C9300000000000000000000000000000000000F7
:10C9400000000000000000000000000000000000E7
:10C9500000000000000000000000000000000000D7
:10C9600000000000000000000000000000000000C7
:10C9700000000000000000000000000000000000B7
:10C9800000000000000000000000000000000000A7
:10C990000000000000000000000000000000000097
:10C9A0000000000000000000000000000000000087
:10C9B0000000000000000000000000000000000077
:10C9C0000000000000000000000000000000000067
:10C9D0000000000000000000000000000000000057
:10C9E0000000000000000000000000000000000047
:10C9F0000000000000000000000000000000000037
:10CA00000000000000000000000000000000000026
:10CA10000000000000000000000000000000000016
:10CA20000000000000000000000000000000000006
:10CA300000000000000000000000000000000000F6
:10CA400000000000000000000000000000000000E6
:10CA500000000000000000000000000000000000D6
:10CA600000000000000000000000000000000000C6
:10CA700000000000000000000000000000000000B6
:10CA800000000000000000000000000000000000A6
:10CA90000000000000000000000000000000000096
:10CAA0000000000000000000000000000000000086
:10CAB0000000000000000000000000000000000076
:10CAC0000000000000000000000000000000000066
:10CAD0000000000000000000000000000000000056
:10CAE0000000000000000000000000000000000046
:10CAF0000000000000000000000000000000000036
:10CB00000000000000000000000000000000000025
:10CB10000000000000000000000000000000000015
:10CB20000000000000000000000000000000000005
:10CB300000000000000000000000000000000000F5
:10CB400000000000000000000000000000000000E5
:10CB500000000000000000000000000000000000D5
:10CB600000000000000000000000000000000000C5
:10CB700000000000000000000000000000000000B5
:10CB800000000000000000000000000000000000A5
:10CB90000000000000000000000000000000000095
:10CBA0000000000000000000000000000000000085
:10CBB0000000000000000000000000000000000075
:10CBC0000000000000000000000000000000000065
:10CBD0000000000000000000000000000000000055
:10CBE0000000000000000000000000000000000045
:10CBF0000000000000000000000000000000000035
:10CC00000000000000000000000000000000000024
:10CC10000000000000000000000000000000000014
:10CC20000000000000000000000000000000000004
:10CC300000000000000000000000000000000000F4
:10CC400000000000000000000000000000000000E4
:10CC500000000000000000000000000000000000D4
:10CC600000000000000000000000000000000000C4
:10CC700000000000000000000000000000000000B4
:10CC800000000000000000000000000000000000A4
:10CC90000000000000000000000000000000000094
:10CCA0000000000000000000000000000000000084
:10CCB0000000000000000000000000000000000074
:10CCC0000000000000000000000000000000000064
:10CCD0000000000000000000000000000000000054
:10CCE0000000000000000000000000000000000044
:10CCF0000000000000000000000000000000000034
:10CD00000000000000000000000000000000000023
:10CD10000000000000000000000000000000000013
:10CD20000000000000000000000000000000000003
:10CD300000000000000000000000000000000000F3
:10CD400000000000000000000000000000000000E3
:10CD500000000000000000000000000000000000D3
:10CD600000000000000000000000000000000000C3
:10CD700000000000000000000000000000000000B3
:10CD800000000000000000000000000000000000A3
:10CD90000000000000000000000000000000000093
:10CDA0000000000000000000000000000000000083
:10CDB0000000000000000000000000000000000073
:10CDC0000000000000000000000000000000000063
:10CDD0000000000000000000000000000000000053
:10CDE0000000000000000000000000000000000043
:10CDF0000000000000000000000000000000000033
:10CE00000000000000000000000000000000000022
:10CE10000000000000000000000000000000000012
:10CE20000000000000000000000000000000000002
:10CE300000000000000000000000000000000000F2
:10CE400000000000000000000000000000000000E2
:10CE500000000000000000000000000000000000D2
:10CE600000000000000000000000000000000000C2
:10CE700000000000000000000000000000000000B2
:10CE800000000000000000000000000000000000A2
:10CE90000000000000000000000000000000000092
:10CEA0000000000000000000000000000000000082
:10CEB0000000000000000000000000000000000072
:10CEC0000000000000000000000000000000000062
:10CED0000000000000000000000000000000000052
:10CEE0000000000000000000000000000000000042
:10CEF0000000000000000000000000000000000032
:10CF00000000000000000000000000000000000021
:10CF10000000000000000000000000000000000011
:10CF20000000000000000000000000000000000001
:10CF300000000000000000000000000000000000F1
:10CF400000000000000000000000000000000000E1
:10CF500000000000000000000000000000000000D1
:10CF600000000000000000000000000000000000C1
:10CF700000000000000000000000000000000000B1
:10CF800000000000000000000000000000000000A1
:10CF90000000000000000000000000000000000091
:10CFA0000000000000000000000000000000000081
:10CFB0000000000000000000000000000000000071
:10CFC0000000000000000000000000000000000061
:10CFD0000000000000000000000000000000000051
:10CFE0000000000000000000000000000000000041
:10CFF0000000000000000000000000000000000031
:10D000000000000000000000000000000000000020
:10D010000000000000000000000000000000000010
:10D020000000000000000000000000000000000000
:10D0300000000000000000000000000000000000F0
:10D0400000000000000000000000000000000000E0
:10D0500000000000000000000000000000000000D0
:10D0600000000000000000000000000000000000C0
:10D0700000000000000000000000000000000000B0
:10D0800000000000000000000000000000000000A0
:10D090000000000000000000000000000000000090
:10D0A0000000000000000000000000000000000080
:10D0B0000000000000000000000000000000000070
:10D0C0000000000000000000000000000000000060
:10D0D0000000000000000000000000000000000050
:10D0E0000000000000000000000000000000000040
:10D0F0000000000000000000000000000000000030
:10D10000000000000000000000000000000000001F
:10D11000000000000000000000000000000000000F
:10D1200000000000000000000000000000000000FF
:10D1300000000000000000000000000000000000EF
:10D1400000000000000000000000000000000000DF
:10D1500000000000000000000000000000000000CF
:10D1600000000000000000000000000000000000BF
:10D1700000000000000000000000000000000000AF
:10D18000000000000000000000000000000000009F
:10D19000000000000000000000000000000000008F
:10D1A000000000000000000000000000000000007F
:10D1B000000000000000000000000000000000006F
:10D1C000000000000000000000000000000000005F
:10D1D000000000000000000000000000000000004F
:10D1E000000000000000000000000000000000003F
:10D1F000000000000000000000000000000000002F
:10D20000000000000000000000000000000000001E
:10D21000000000000000000000000000000000000E
:10D2200000000000000000000000000000000000FE
:10D2300000000000000000000000000000000000EE
:10D2400000000000000000000000000000000000DE
:10D2500000000000000000000000000000000000CE
:10D2600000000000000000000000000000000000BE
:10D2700000000000000000000000000000000000AE
:10D28000000000000000000000000000000000009E
:10D29000000000000000000000000000000000008E
:10D2A000000000000000000000000000000000007E
:10D2B000000000000000000000000000000000006E
:10D2C000000000000000000000000000000000005E
:10D2D000000000000000000000000000000000004E
:10D2E000000000000000000000000000000000003E
:10D2F000000000000000000000000000000000002E
:10D30000000000000000000000000000000000001D
:10D31000000000000000000000000000000000000D
:10D3200000000000000000000000000000000000FD
:10D3300000000000000000000000000000000000ED
:10D3400000000000000000000000000000000000DD
:10D3500000000000000000000000000000000000CD
:10D3600000000000000000000000000000000000BD
:10D3700000000000000000000000000000000000AD
:10D38000000000000000000000000000000000009D
:10D39000000000000000000000000000000000008D
:10D3A000000000000000000000000000000000007D
:10D3B000000000000000000000000000000000006D
:10D3C000000000000000000000000000000000005D
:10D3D000000000000000000000000000000000004D
:10D3E000000000000000000000000000000000003D
:10D3F000000000000000000000000000000000002D
:10D40000000000000000000000000000000000001C
:10D41000000000000000000000000000000000000C
:10D4200000000000000000000000000000000000FC
:10D4300000000000000000000000000000000000EC
:10D4400000000000000000000000000000000000DC
:10D4500000000000000000000000000000000000CC
:10D4600000000000000000000000000000000000BC
:10D4700000000000000000000000000000000000AC
:10D48000000000000000000000000000000000009C
:10D49000000000000000000000000000000000008C
:10D4A000000000000000000000000000000000007C
:10D4B000000000000000000000000000000000006C
:10D4C000000000000000000000000000000000005C
:10D4D000000000000000000000000000000000004C
:10D4E000000000000000000000000000000000003C
:10D4F000000000000000000000000000000000002C
:10D50000000000000000000000000000000000001B
:10D51000000000000000000000000000000000000B
:10D5200000000000000000000000000000000000FB
:10D5300000000000000000000000000000000000EB
:10D5400000000000000000000000000000000000DB
:10D5500000000000000000000000000000000000CB
:10D5600000000000000000000000000000000000BB
:10D5700000000000000000000000000000000000AB
:10D58000000000000000000000000000000000009B
:10D59000000000000000000000000000000000008B
:10D5A000000000000000000000000000000000007B
:10D5B000000000000000000000000000000000006B
:10D5C000000000000000000000000000000000005B
:10D5D000000000000000000000000000000000004B
:10D5E000000000000000000000000000000000003B
:10D5F000000000000000000000000000000000002B
:10D60000000000000000000000000000000000001A
:10D61000000000000000000000000000000000000A
:10D6200000000000000000000000000000000000FA
:10D6300000000000000000000000000000000000EA
:10D6400000000000000000000000000000000000DA
:10D6500000000000000000000000000000000000CA
:10D6600000000000000000000000000000000000BA
:10D6700000000000000000000000000000000000AA
:10D68000000000000000000000000000000000009A
:10D69000000000000000000000000000000000008A
:10D6A000000000000000000000000000000000007A
:10D6B000000000000000000000000000000000006A
:10D6C000000000000000000000000000000000005A
:10D6D000000000000000000000000000000000004A
:10D6E000000000000000000000000000000000003A
:10D6F000000000000000000000000000000000002A
:10D700000000000000000000000000000000000019
:10D710000000000000000000000000000000000009
:10D7200000000000000000000000000000000000F9
:10D7300000000000000000000000000000000000E9
:10D7400000000000000000000000000000000000D9
:10D7500000000000000000000000000000000000C9
:10D7600000000000000000000000000000000000B9
:10D7700000000000000000000000000000000000A9
:10D780000000000000000000000000000000000099
:10D790000000000000000000000000000000000089
:10D7A0000000000000000000000000000000000079
:10D7B0000000000000000000000000000000000069
:10D7C0000000000000000000000000000000000059
:10D7D0000000000000000000000000000000000049
:10D7E0000000000000000000000000000000000039
:10D7F0000000000000000000000000000000000029
:10D800000000000000000000000000000000000018
:10D810000000000000000000000000000000000008
:10D8200000000000000000000000000000000000F8
:10D8300000000000000000000000000000000000E8
:10D8400000000000000000000000000000000000D8
:10D8500000000000000000000000000000000000C8
:10D8600000000000000000000000000000000000B8
:10D8700000000000000000000000000000000000A8
:10D880000000000000000000000000000000000098
:10D890000000000000000000000000000000000088
:10D8A0000000000000000000000000000000000078
:10D8B0000000000000000000000000000000000068
:10D8C0000000000000000000000000000000000058
:10D8D0000000000000000000000000000000000048
:10D8E0000000000000000000000000000000000038
:10D8F0000000000000000000000000000000000028
:10D900000000000000000000000000000000000017
:10D910000000000000000000000000000000000007
:10D9200000000000000000000000000000000000F7
:10D9300000000000000000000000000000000000E7
:10D9400000000000000000000000000000000000D7
:10D9500000000000000000000000000000000000C7
:10D9600000000000000000000000000000000000B7
:10D9700000000000000000000000000000000000A7
:10D980000000000000000000000000000000000097
:10D990000000000000000000000000000000000087
:10D9A0000000000000000000000000000000000077
:10D9B0000000000000000000000000000000000067
:10D9C0000000000000000000000000000000000057
:10D9D0000000000000000000000000000000000047
:10D9E0000000000000000000000000000000000037
:10D9F0000000000000000000000000000000000027
:10DA00000000000000000000000000000000000016
:10DA10000000000000000000000000000000000006
:10DA200000000000000000000000000000000000F6
:10DA300000000000000000000000000000000000E6
:10DA400000000000000000000000000000000000D6
:10DA500000000000000000000000000000000000C6
:10DA600000000000000000000000000000000000B6
:10DA700000000000000000000000000000000000A6
:10DA80000000000000000000000000000000000096
:10DA90000000000000000000000000000000000086
:10DAA0000000000000000000000000000000000076
:10DAB0000000000000000000000000000000000066
:10DAC0000000000000000000000000000000000056
:10DAD0000000000000000000000000000000000046
:10DAE0000000000000000000000000000000000036
:10DAF0000000000000000000000000000000000026
:10DB00000000000000000000000000000000000015
:10DB10000000000000000000000000000000000005
:10DB200000000000000000000000000000000000F5
:10DB300000000000000000000000000000000000E5
:10DB400000000000000000000000000000000000D5
:10DB500000000000000000000000000000000000C5
:10DB600000000000000000000000000000000000B5
:10DB700000000000000000000000000000000000A5
:10DB80000000000000000000000000000000000095
:10DB90000000000000000000000000000000000085
:10DBA0000000000000000000000000000000000075
:10DBB0000000000000000000000000000000000065
:10DBC0000000000000000000000000000000000055
:10DBD0000000000000000000000000000000000045
:10DBE0000000000000000000000000000000000035
:10DBF0000000000000000000000000000000000025
:10DC00000000000000000000000000000000000014
:10DC10000000000000000000000000000000000004
:10DC200000000000000000000000000000000000F4
:10DC300000000000000000000000000000000000E4
:10DC400000000000000000000000000000000000D4
:10DC500000000000000000000000000000000000C4
:10DC600000000000000000000000000000000000B4
:10DC700000000000000000000000000000000000A4
:10DC80000000000000000000000000000000000094
:10DC90000000000000000000000000000000000084
:10DCA0000000000000000000000000000000000074
:10DCB0000000000000000000000000000000000064
:10DCC0000000000000000000000000000000000054
:10DCD0000000000000000000000000000000000044
:10DCE0000000000000000000000000000000000034
:10DCF0000000000000000000000000000000000024
:10DD00000000000000000000000000000000000013
:10DD10000000000000000000000000000000000003
:10DD200000000000000000000000000000000000F3
:10DD300000000000000000000000000000000000E3
:10DD400000000000000000000000000000000000D3
:10DD500000000000000000000000000000000000C3
:10DD600000000000000000000000000000000000B3
:10DD700000000000000000000000000000000000A3
:10DD80000000000000000000000000000000000093
:10DD90000000000000000000000000000000000083
:10DDA0000000000000000000000000000000000073
:10DDB0000000000000000000000000000000000063
:10DDC0000000000000000000000000000000000053
:10DDD0000000000000000000000000000000000043
:10DDE0000000000000000000000000000000000033
:10DDF0000000000000000000000000000000000023
:10DE00000000000000000000000000000000000012
:10DE10000000000000000000000000000000000002
:10DE200000000000000000000000000000000000F2
:10DE300000000000000000000000000000000000E2
:10DE400000000000000000000000000000000000D2
:10DE500000000000000000000000000000000000C2
:10DE600000000000000000000000000000000000B2
:10DE700000000000000000000000000000000000A2
:10DE80000000000000000000000000000000000092
:10DE90000000000000000000000000000000000082
:10DEA0000000000000000000000000000000000072
:10DEB0000000000000000000000000000000000062
:10DEC0000000000000000000000000000000000052
:10DED0000000000000000000000000000000000042
:10DEE0000000000000000000000000000000000032
:10DEF0000000000000000000000000000000000022
:10DF00000000000000000000000000000000000011
:10DF10000000000000000000000000000000000001
:10DF200000000000000000000000000000000000F1
:10DF300000000000000000000000000000000000E1
:10DF400000000000000000000000000000000000D1
:10DF500000000000000000000000000000000000C1
:10DF600000000000000000000000000000000000B1
:10DF700000000000000000000000000000000000A1
:10DF80000000000000000000000000000000000091
:10DF90000000000000000000000000000000000081
:10DFA0000000000000000000000000000000000071
:10DFB0000000000000000000000000000000000061
:10DFC0000000000000000000000000000000000051
:10DFD0000000000000000000000000000000000041
:10DFE0000000000000000000000000000000000031
:10DFF0000000000000000000000000000000000021
:10E000000000000000000000000000000000000010
:10E010000000000000000000000000000000000000
:10E0200000000000000000000000000000000000F0
:10E0300000000000000000000000000000000000E0
:10E0400000000000000000000000000000000000D0
:10E0500000000000000000000000000000000000C0
:10E0600000000000000000000000000000000000B0
:10E0700000000000000000000000000000000000A0
:10E080000000000000000000000000000000000090
:10E090000000000000000000000000000000000080
:10E0A0000000000000000000000000000000000070
:10E0B0000000000000000000000000000000000060
:10E0C0000000000000000000000000000000000050
:10E0D0000000000000000000000000000000000040
:10E0E0000000000000000000000000000000000030
:10E0F0000000000000000000000000000000000020
:10E10000000000000000000000000000000000000F
:10E1100000000000000000000000000000000000FF
:10E1200000000000000000000000000000000000EF
:10E1300000000000000000000000000000000000DF
:10E1400000000000000000000000000000000000CF
:10E1500000000000000000000000000000000000BF
:10E1600000000000000000000000000000000000AF
:10E17000000000000000000000000000000000009F
:10E18000000000000000000000000000000000008F
:10E19000000000000000000000000000000000007F
:10E1A000000000000000000000000000000000006F
:10E1B000000000000000000000000000000000005F
:10E1C000000000000000000000000000000000004F
:10E1D000000000000000000000000000000000003F
:10E1E000000000000000000000000000000000002F
:10E1F000000000000000000000000000000000001F
:10E20000000000000000000000000000000000000E
:10E2100000000000000000000000000000000000FE
:10E2200000000000000000000000000000000000EE
:10E2300000000000000000000000000000000000DE
:10E2400000000000000000000000000000000000CE
:10E2500000000000000000000000000000000000BE
:10E2600000000000000000000000000000000000AE
:10E27000000000000000000000000000000000009E
:10E28000000000000000000000000000000000008E
:10E29000000000000000000000000000000000007E
:10E2A000000000000000000000000000000000006E
:10E2B000000000000000000000000000000000005E
:10E2C000000000000000000000000000000000004E
:10E2D000000000000000000000000000000000003E
:10E2E000000000000000000000000000000000002E
:10E2F000000000000000000000000000000000001E
:10E30000000000000000000000000000000000000D
:10E3100000000000000000000000000000000000FD
:10E3200000000000000000000000000000000000ED
:10E3300000000000000000000000000000000000DD
:10E3400000000000000000000000000000000000CD
:10E3500000000000000000000000000000000000BD
:10E3600000000000000000000000000000000000AD
:10E37000000000000000000000000000000000009D
:10E38000000000000000000000000000000000008D
:10E39000000000000000000000000000000000007D
:10E3A000000000000000000000000000000000006D
:10E3B000000000000000000000000000000000005D
:10E3C000000000000000000000000000000000004D
:10E3D000000000000000000000000000000000003D
:10E3E000000000000000000000000000000000002D
:10E3F000000000000000000000000000000000001D
:10E40000000000000000000000000000000000000C
:10E4100000000000000000000000000000000000FC
:10E4200000000000000000000000000000000000EC
:10E4300000000000000000000000000000000000DC
:10E4400000000000000000000000000000000000CC
:10E4500000000000000000000000000000000000BC
:10E4600000000000000000000000000000000000AC
:10E47000000000000000000000000000000000009C
:10E48000000000000000000000000000000000008C
:10E49000000000000000000000000000000000007C
:10E4A000000000000000000000000000000000006C
:10E4B000000000000000000000000000000000005C
:10E4C000000000000000000000000000000000004C
:10E4D000000000000000000000000000000000003C
:10E4E000000000000000000000000000000000002C
:10E4F000000000000000000000000000000000001C
:10E50000000000000000000000000000000000000B
:10E5100000000000000000000000000000000000FB
:10E5200000000000000000000000000000000000EB
:10E5300000000000000000000000000000000000DB
:10E5400000000000000000000000000000000000CB
:10E5500000000000000000000000000000000000BB
:10E5600000000000000000000000000000000000AB
:10E57000000000000000000000000000000000009B
:10E58000000000000000000000000000000000008B
:10E59000000000000000000000000000000000007B
:10E5A000000000000000000000000000000000006B
:10E5B000000000000000000000000000000000005B
:10E5C000000000000000000000000000000000004B
:10E5D000000000000000000000000000000000003B
:10E5E000000000000000000000000000000000002B
:10E5F000000000000000000000000000000000001B
:10E60000000000000000000000000000000000000A
:10E6100000000000000000000000000000000000FA
:10E6200000000000000000000000000000000000EA
:10E6300000000000000000000000000000000000DA
:10E6400000000000000000000000000000000000CA
:10E6500000000000000000000000000000000000BA
:10E6600000000000000000000000000000000000AA
:10E67000000000000000000000000000000000009A
:10E68000000000000000000000000000000000008A
:10E69000000000000000000000000000000000007A
:10E6A000000000000000000000000000000000006A
:10E6B000000000000000000000000000000000005A
:10E6C000000000000000000000000000000000004A
:10E6D000000000000000000000000000000000003A
:10E6E000000000000000000000000000000000002A
:10E6F000000000000000000000000000000000001A
:10E700000000000000000000000000000000000009
:10E7100000000000000000000000000000000000F9
:10E7200000000000000000000000000000000000E9
:10E7300000000000000000000000000000000000D9
:10E7400000000000000000000000000000000000C9
:10E7500000000000000000000000000000000000B9
:10E7600000000000000000000000000000000000A9
:10E770000000000000000000000000000000000099
:10E780000000000000000000000000000000000089
:10E790000000000000000000000000000000000079
:10E7A0000000000000000000000000000000000069
:10E7B0000000000000000000000000000000000059
:10E7C0000000000000000000000000000000000049
:10E7D0000000000000000000000000000000000039
:10E7E0000000000000000000000000000000000029
:10E7F0000000000000000000000000000000000019
:10E800000000000000000000000000000000000008
:10E8100000000000000000000000000000000000F8
:10E8200000000000000000000000000000000000E8
:10E8300000000000000000000000000000000000D8
:10E8400000000000000000000000000000000000C8
:10E8500000000000000000000000000000000000B8
:10E8600000000000000000000000000000000000A8
:10E870000000000000000000000000000000000098
:10E880000000000000000000000000000000000088
:10E890000000000000000000000000000000000078
:10E8A0000000000000000000000000000000000068
:10E8B0000000000000000000000000000000000058
:10E8C0000000000000000000000000000000000048
:10E8D0000000000000000000000000000000000038
:10E8E0000000000000000000000000000000000028
:10E8F0000000000000000000000000000000000018
:10E900000000000000000000000000000000000007
:10E9100000000000000000000000000000000000F7
:10E9200000000000000000000000000000000000E7
:10E9300000000000000000000000000000000000D7
:10E9400000000000000000000000000000000000C7
:10E9500000000000000000000000000000000000B7
:10E9600000000000000000000000000000000000A7
:10E970000000000000000000000000000000000097
:10E980000000000000000000000000000000000087
:10E990000000000000000000000000000000000077
:10E9A0000000000000000000000000000000000067
:10E9B0000000000000000000000000000000000057
:10E9C0000000000000000000000000000000000047
:10E9D0000000000000000000000000000000000037
:10E9E0000000000000000000000000000000000027
:10E9F0000000000000000000000000000000000017
:10EA00000000000000000000000000000000000006
:10EA100000000000000000000000000000000000F6
:10EA200000000000000000000000000000000000E6
:10EA300000000000000000000000000000000000D6
:10EA400000000000000000000000000000000000C6
:10EA500000000000000000000000000000000000B6
:10EA600000000000000000000000000000000000A6
:10EA70000000000000000000000000000000000096
:10EA80000000000000000000000000000000000086
:10EA90000000000000000000000000000000000076
:10EAA0000000000000000000000000000000000066
:10EAB0000000000000000000000000000000000056
:10EAC0000000000000000000000000000000000046
:10EAD0000000000000000000000000000000000036
:10EAE0000000000000000000000000000000000026
:10EAF0000000000000000000000000000000000016
:10EB00000000000000000000000000000000000005
:10EB100000000000000000000000000000000000F5
:10EB200000000000000000000000000000000000E5
:10EB300000000000000000000000000000000000D5
:10EB400000000000000000000000000000000000C5
:10EB500000000000000000000000000000000000B5
:10EB600000000000000000000000000000000000A5
:10EB70000000000000000000000000000000000095
:10EB80000000000000000000000000000000000085
:10EB90000000000000000000000000000000000075
:10EBA0000000000000000000000000000000000065
:10EBB0000000000000000000000000000000000055
:10EBC0000000000000000000000000000000000045
:10EBD0000000000000000000000000000000000035
:10EBE0000000000000000000000000000000000025
:10EBF0000000000000000000000000000000000015
:10EC00000000000000000000000000000000000004
:10EC100000000000000000000000000000000000F4
:10EC200000000000000000000000000000000000E4
:10EC300000000000000000000000000000000000D4
:10EC400000000000000000000000000000000000C4
:10EC500000000000000000000000000000000000B4
:10EC600000000000000000000000000000000000A4
:10EC70000000000000000000000000000000000094
:10EC80000000000000000000000000000000000084
:10EC90000000000000000000000000000000000074
:10ECA0000000000000000000000000000000000064
:10ECB0000000000000000000000000000000000054
:10ECC0000000000000000000000000000000000044
:10ECD0000000000000000000000000000000000034
:10ECE0000000000000000000000000000000000024
:10ECF0000000000000000000000000000000000014
:10ED00000000000000000000000000000000000003
:10ED100000000000000000000000000000000000F3
:10ED200000000000000000000000000000000000E3
:10ED300000000000000000000000000000000000D3
:10ED400000000000000000000000000000000000C3
:10ED500000000000000000000000000000000000B3
:10ED600000000000000000000000000000000000A3
:10ED70000000000000000000000000000000000093
:10ED80000000000000000000000000000000000083
:10ED90000000000000000000000000000000000073
:10EDA0000000000000000000000000000000000063
:10EDB0000000000000000000000000000000000053
:10EDC0000000000000000000000000000000000043
:10EDD0000000000000000000000000000000000033
:10EDE0000000000000000000000000000000000023
:10EDF0000000000000000000000000000000000013
:10EE00000000000000000000000000000000000002
:10EE100000000000000000000000000000000000F2
:10EE200000000000000000000000000000000000E2
:10EE300000000000000000000000000000000000D2
:10EE400000000000000000000000000000000000C2
:10EE500000000000000000000000000000000000B2
:10EE600000000000000000000000000000000000A2
:10EE70000000000000000000000000000000000092
:10EE80000000000000000000000000000000000082
:10EE90000000000000000000000000000000000072
:10EEA0000000000000000000000000000000000062
:10EEB0000000000000000000000000000000000052
:10EEC0000000000000000000000000000000000042
:10EED0000000000000000000000000000000000032
:10EEE0000000000000000000000000000000000022
:10EEF0000000000000000000000000000000000012
:10EF00000000000000000000000000000000000001
:10EF100000000000000000000000000000000000F1
:10EF200000000000000000000000000000000000E1
:10EF300000000000000000000000000000000000D1
:10EF400000000000000000000000000000000000C1
:10EF500000000000000000000000000000000000B1
:10EF600000000000000000000000000000000000A1
:10EF70000000000000000000000000000000000091
:10EF80000000000000000000000000000000000081
:10EF90000000000000000000000000000000000071
:10EFA0000000000000000000000000000000000061
:10EFB0000000000000000000000000000000000051
:10EFC0000000000000000000000000000000000041
:10EFD0000000000000000000000000000000000031
:10EFE0000000000000000000000000000000000021
:10EFF0000000000000000000000000000000000011
:10F00000A01808010101081001011900202020208A
:10F0100020202020202828282828202020202020C8
:10F0200020202020202020202020202088101010A8
:10F030001010101010101010101010100404040400
:10F040000404040404041010101010101041414175
:10F0500041414101010101010101010101010101E0
:10F060000101010101010110101010101042424273
:10F0700042424202020202020202020202020202B0
:10F080000202020202020210101010200000000012
:10F090000000000000000000000000000000000070
:10F0A0000000000000000000000000000000000060
:10F0B0000000000000000000000000000000000050
:10F0C0000000000000000000000000000000000040
:10F0D0000000000000000000000000000000000030
:10F0E0000000000000000000000000000000000020
:10F0F0000000000000000000000000000000000010
:10F1000000000000000000000000000000000000FF
:10F1100000000000000000000000000000000000EF
:10F1200000000000000000000000000000000000DF
:10F1300000000000000000000000000000000000CF
:10F1400000000000000000000000000000000000BF
:10F1500000000000000000000000000000000000AF
:10F16000000000000000000000000000F802002481
:10F170005245454E54206D616C6C6F63207375630E
:10F18000636565646564002F6D6E742F776F726BB5
:10F1900073706163652F776F726B73706163652F36
:10F1A0004743432D392D706970656C696E652F6A10
:10F1B000656E6B696E732D4743432D392D706970F1
:10F1C000656C696E652D3230305F323032303035EB
:10F1D00032315F313539303035333337342F737254
:10F1E000632F6E65776C69622F6E65776C69622F2D
:10F1F0006C6962632F74696D652F6C636C74696DE3
:10F20000652E63001F0000001C0000001F000000AE
:10F210001E0000001F0000001E0000001F00000074
:10F220001F0000001E0000001F0000001E00000064
:10F230001F0000001F0000001D0000001F00000054
:10F240001E0000001F0000001E0000001F00000044
:10F250001F0000001E0000001F0000001E00000034
:10F260001F000000545A00474D54002531305B5EAA
:10F27000302D392C2B2D5D256E004D256875256EA2
:10F280002E256875256E2E256875256E002F25683C
:10F2900075256E3A256875256E3A256875256E00C8
:10F2A0002C2066756E6374696F6E3A20006173730B
:10F2B000657274696F6E2022257322206661696C05
:10F2C00065643A2066696C6520222573222C206CC7
:10F2D000696E65202564257325730A00232D302B64
:10F2E0002000686C4C006566674546470030313247
:10F2F000333435363738394142434445460030319E
:10F300003233343536373839616263646566002BD1
:10F310002D00303000785800412D46612D66383977
:10F3200030313233343536375D0000000FF30108D9
:10F3300012F3010815F30108000000009C0FFE7F86
:10F34000010000000090D003320300000000000024
:10F3500000000000000000000000000000000000AD
:10F36000000000000000000000000000000000009D
:10F37000000000000000000000000000FFFFFFFF91
:10F38000FFFFFFFFFFFFFFFF000000000000000085
:10F39000000000000000000000000000000000006D
:10F3A000000000000000000000000000000000005D
:10F3B000000000000000000000000000000000004D
:10F3C000000000000000000000000000000000003D
:10F3D000000000000000000000000000000000002D
:10F3E000000000000000000000000000000000001D
:10F3F000000000000000000000000000000000000D
:10F4000000000000000000000000000000000000FC
:10F4100000000000000000000000000000000000EC
:10F4200000000000000000000000000000000000DC
:10F4300000000000000000000000000000000000CC
:10F4400000000000000000000000000000000000BC
:10F4500000000000000000000000000000000000AC
:10F46000000000000000000000000000000000009C
:10F47000000000000000000000000000B03E00247A
:10F48000ADA40108D3B3FB0200000000000000009F
:10F49000000000000000000000000000000000006C
:10F4A000000000000000000000000000000000005C
:10F4B000000000000000000000000000000000004C
:10F4C000000000000000000000000000000000003C
:10F4D000000000000000000000000000000000002C
:10F4E000000000000000000000000000000000001C
:10F4F000000000000000000000000000000000000C
:10F5000000000000000000000000000000000000FB
:10F5100000000000000000000000000000000000EB
:10F5200000000000B12A0108A52A0108F5470108DA
:10F530000D48010825D900083DE2000821E2000835
:10F540003D350108AF35010845300108D9330108C0
:10F550005D2B01084D2B0108512B0108612B01087F
:10F56000592B0108552B0108652B0108652B010853
:10F57000652B0108412B0108D1470108F9AA0108B0
:10F5800029AB0108DC35002449F30008F91601080D
:10F59000E91901085D1B0108BD170108F5D800082D
:10F5A000120100020000004041235B03000201023F
:10F5B00003010000040309040100000009026F00B8
:10F5C000030102C0FA0904000000FE01020609045A
:10F5D000000100FE0102070904000200FE0102080A
:10F5E00009210BFF0000101A01080B0102020201A1
:10F5F00000090401000102020100052400100105B8
:10F6000024010002042402020524060102070583E6
:10F610000308000909040200020A000000070502AD
:10F620000200020007058202000200000A06000232
:10F630000000004001000114F80200240000000056
:10F640002CF101084CF101080CF101080000000048
:10F6500000000000000000000000000000000000AA
:10F66000000000000000000000000000000000009A
:10F67000000000000000000000000000000000008A
:10F68000000000000000000000000000000000007A
:10F6900000000000000000000000000067F2010808
:10F6A00067F2010801000000000000004A000000AD
:10F6B000000000000000000000000000000000004A
:10F6C000000000000000000000000000000000003A
:10F6D000000000004A0000000000000000000000E0
:10F6E000000000000000000000000000000000001A
:10F6F000000000000000000000000000483E002460
:10F7000000000000BD020008291A00089902000844
:04F7100000000000F5
:020000040804EE
:100000000000082419D8050865D805085914050802
:100010005F140508651405086B140508000000004E
:100020000000000000000000000000002193040810
:1000300065D8050800000000BB930408CB930408B2
:1000400065D8050865D8050865D8050865D8050888
:1000500065D8050865D8050865D8050865D8050878
:1000600065D8050865D8050865D8050865D8050868
:1000700065D8050865D8050865D8050865D8050858
:1000800065D8050865D8050865D805081DE7050881
:100090002DE7050829E7050839E7050865D80508AB
:1000A00065D8050865D8050865D8050865D8050828
:1000B00065D8050865D8050865D8050865D8050818
:1000C00065D8050865D8050865D8050865D8050808
:1000D00065D8050865D8050865D8050865D80508F8
:1000E00065D8050865D805080000000065D8050832
:1000F00065D8050865D8050865D8050865D80508D8
:1001000065D80508A5D5050865D8050865D805088A
:1001100065D8050865D8050865D8050865D80508B7
:1001200065D8050865D8050865D8050865D80508A7
:1001300065D805085BC2040865D8050865D80508B8
:1001400065D8050865D8050800000000000000001B
:1001500065D8050865D8050865D8050865D8050877
:1001600065D8050865D8050865D8050865D8050867
:1001700065D8050865D8050865D8050800000000A1
:1001800065D8050865D8050865D8050865D8050847
:1001900065D8050865D8050865D8050865D8050837
:1001A00065D8050865D8050865D8050865D8050827
:1001B00065D8050865D8050865D8050865D8050817
:1001C00065D8050865D8050865D8050865D8050807
:1001D00065D8050865D8050865D8050865D80508F7
:1001E00065D8050865D8050865D8050865D80508E7
:1001F00065D8050865D8050865D8050865D80508D7
:1002000065D8050865D8050865D8050865D80508C6
:1002100065D8050865D8050865D8050865D80508B6
:1002200065D8050865D8050865D8050865D80508A6
:1002300065D8050815D8050865D8050865D80508E6
:1002400065D8050865D8050865D8050865D8050886
:1002500065D8050865D8050865D8050865D8050876
:1002600065D8050865D8050865D8050865D8050866
:1002700065D8050865D8050865D8050865D8050856
:1002800065D8050865D8050865D805080000000090
:1002900065D8050865D8050810B5054C237833B92D
:1002A000044B13B10448AFF300800123237010BD49
:1002B0008018002400000000C463070808B5034B41
:1002C0001BB103490348AFF3008008BD00000000E4
:1002D00084180024C4630708154B002B08BF134B78
:1002E0009D46A3F5803A00218B460F461348144AD9
:1002F000121A26F09DF90F4B002B00D098470E4B99
:10030000002B00D098470020002104000D000D486C
:10031000002802D00C4811F059FF25F06DFC200098
:1003200029000BF011FA12F065F900BF0000080077
:100330000000082400000000A5B60408801800246E
:1003400000170124CD2105080000000070470000BF
:10035000094B30B51A46094CD3F89450A542FBD14D
:10036000036829B181680B604FF44073536130BD5D
:10037000C1681B04F7E700BF006402580003008057
:1003800038B5674D674B297849B2002900F0BA802B
:100390001A886549013292B21A801A8809889142F6
:1003A0002FD8624C002262481A80237883F0010320
:1003B00023702178FFF7CCFF237813B35D4B2A78A5
:1003C00019685D4841FA82F21A600178C9B12A7849
:1003D00052B2002A04DD594A19681268914207DABC
:1003E0002A7814060DD5554A19681268914208DC1E
:1003F000524A002112681A60297001704C48FFF7B8
:10040000A7FF4F4D4F4B297849B200297ED01A885B
:100410004D49013292B21A801A88098891422FD828
:100420004A4C00224A481A80237883F00103237043
:100430002178FFF78DFF237813B3464B2A7819688C
:10044000454841FA82F21A600178C9B12A7852B25D
:10045000002A04DD414A19681268914207DA2A78B5
:1004600011060DD53D4A19681268914208DC3B4AD5
:10047000002112681A60297001703548FFF768FF83
:10048000374C384B217849B2002943D01A88364975
:10049000013292B21A801A88098891423ED8334DAF
:1004A000002233481A802B7883F001032B702978BF
:1004B000FFF74EFF2B78002B30D02E4B2278196897
:1004C0002D4841FA82F21A60017839B3227852B28B
:1004D000002A04DD294A19681268914207DA227855
:1004E00012061BD5254A19681268914216DC234A68
:1004F000002112681A60217001701D48BDE8384063
:10050000FFF726BF1980094B197077E719800F4B49
:100510001970B2E71980154B1970EEE738BD00BFAE
:10052000101A00244419002404000024821A002414
:10053000F01F0024741A0024281A0024241A00240E
:10054000111A00244619002406000024831A0024EE
:10055000B81F0024781A0024341A0024301A00240A
:10056000121A00244819002408000024841A0024C8
:10057000801F00247C1A0024401A00243C1A002406
:100580000B6803604B6843608B68836070470C3076
:10059000704708B5FFF7FBFF0023036008BDC36881
:1005A0000BB19B68184770470144002310B588427F
:1005B0000FD010F8014B08225C406300013A24067A
:1005C000DBB248BF83F0070312F0FF021C46F4D1F0
:1005D000EDE7184610BD000072B6024B186862B60F
:1005E000704700BF741A002472B6024B186862B6D6
:1005F000704700BF781A002472B6024B186862B6C2
:10060000704700BF7C1A002472B6024B186062B6B5
:10061000704700BF741A002472B6024B186062B6AD
:10062000704700BF781A002472B6024B186062B699
:10063000704700BF7C1A002472B6024B1878C0B213
:1006400062B67047281A002472B6024B1878C0B2FE
:1006500062B67047341A002472B6024B1878C0B2E2
:1006600062B67047401A002472B60D4B1B78A3B9CE
:100670000C4B1B788BB90C4B1B7873B90B4B1B784D
:1006800003F0FF003BB90A4B1B7803F0FF0013B9DE
:10069000084B1878C0B262B670470120FBE700BF74
:1006A000101A0024111A0024121A0024281A0024F7
:1006B000341A0024401A002410B51C4C0521204691
:1006C00005F092FBB0FA80F0194B08214009187030
:1006D000204605F089FBB0FA80F0164B0421400952
:1006E0001870204605F080FBB0FA80F0124B022112
:1006F00040091870204605F077FBB0FA80F00F4BE8
:10070000012140091870204605F06EFBB0FA80F018
:100710000B4B002140091870204605F065FBB0FA2C
:1007200080F0084B4009187010BD00BF0C1F00245A
:10073000B4190024B5190024B7190024B6190024EF
:10074000B8190024B91900240B4B1B7813B10B4BBB
:100750001B786BB90A4B1B7813B10A4B1B783BB95A
:10076000094B1B7833B1094B187880F001007047B2
:100770000020704701207047B4190024B5190024E7
:10078000B6190024B7190024B9190024B819002497
:10079000084B187868B9084B187850B9074B187887
:1007A00038B9074B187820B9064B187808B9064BAA
:1007B00018787047B4190024B5190024B61900241C
:1007C000B7190024B9190024B819002472B6002101
:1007D000054B1970054B1970054B1980054B1970A5
:1007E00062B60548FFF7B4BD101A0024281A002489
:1007F00044190024821A0024F01F002472B600213C
:10080000054B1970054B1970054B1980054B197074
:1008100062B60548FFF79CBD111A0024341A002463
:1008200046190024831A0024B81F002472B6002140
:10083000054B1970054B1970054B1980054B197044
:1008400062B60548FFF784BD121A0024401A00243E
:1008500048190024841A0024801F002408B5FFF7DB
:10086000B5FFFFF7CBFFBDE80840FFF7DFBF000093
:100870002DE9F0418846054618B9BDE8F041FFF77B
:10088000A5BF72B6144C154E2278154F52B2824253
:1008900007D133782BB93B88994202D162B6BDE8C3
:1008A000F08162B6FFF792FF962008F0FFFB002D63
:1008B0000C48D4BF00210121FFF74AFD0A2008F0AF
:1008C000F5FB72B60023084AA7F800801380074A98
:1008D000137033702570E1E7101A0024281A0024E1
:1008E000040000240C20002444190024821A00244F
:1008F0002DE9F0418846054618B9BDE8F041FFF7FB
:100900007DBF72B6144C154E2278154F52B28242FA
:1009100007D133782BB93B88994202D162B6BDE842
:10092000F08162B6FFF76AFF962008F0BFFB002D4A
:100930000C48D4BF00210121FFF70AFD0A2008F06E
:10094000B5FB72B60023084AA7F800801380074A57
:10095000137033702570E1E7111A0024341A002453
:1009600006000024D41F002446190024831A002402
:100970002DE9F0418846054618B9BDE8F041FFF77A
:1009800055BF72B6144C154E2278154F52B28242A2
:1009900007D133782BB93B88994202D162B6BDE8C2
:1009A000F08162B6FFF742FF962008F07FFB002D32
:1009B0000C48CCBF00210121FFF7CAFC0A2008F037
:1009C00075FB72B60023084AA7F800801380074A17
:1009D000137033702570E1E7121A0024401A0024C6
:1009E000080000249C1F002448190024841A0024B5
:1009F00070B505460E46FFF7EFFDA84203D1BDE8EE
:100A00007040FFF7E3BEACBF4FF0FF340124FFF7A7
:100A1000DDFE962008F04AFB631E0C4859425941FE
:100A2000FFF796FC0A2008F041FB72B6084B012242
:100A30001D60084B1A70084B084A1E800023138063
:100A4000074A1370074B1C7062B670BD0C2000245F
:100A5000241A0024281A0024040000244419002425
:100A6000821A0024101A002470B505460E46FFF7BE
:100A7000BBFDA84203D1BDE87040FFF7BFBEACBFCD
:100A80004FF0FF340124FFF7B9FE962008F00EFB6B
:100A9000631E0C4859425941FFF75AFC0A2008F0DE
:100AA00005FB72B6084B01221D60084B1A70084BFB
:100AB000084A1E8000231380074A1370074B1C70DE
:100AC00062B670BDD41F0024301A0024341A0024EA
:100AD0000600002446190024831A0024111A002459
:100AE00070B505460E46FFF787FDA84203D1BDE865
:100AF0007040FFF79BBEACBF4FF0FF340124FFF7FF
:100B000095FE962008F0D2FA14F1FF310C4818BF78
:100B10000121FFF71DFC0A2008F0C8FA72B6094B44
:100B200001221D60084B1A70084B094A1E800023E1
:100B30001380084A1370084B1C7062B670BD00BF6A
:100B40009C1F00243C1A0024401A002408000024A2
:100B500048190024841A0024121A002410B51C4CD1
:100B6000227852B2002A04DD1A4B1B780BB1FFF732
:100B70002DFE2378190604D5174B1B780BB1FFF710
:100B800025FE164C227852B2002A04DD144B1B7845
:100B90000BB1FFF733FE23781A0604D5114B1B78EF
:100BA0000BB1FFF72BFE104C227852B2002A04DD65
:100BB0000E4B1B780BB1FFF739FE23781B0606D5C9
:100BC0000B4B1B781BB1BDE81040FFF72FBE10BDCB
:100BD000101A0024B4190024B5190024111A002495
:100BE000B6190024B7190024121A0024B9190024D8
:100BF000B81900240A4BD3ED007AF5EEC07AF1EE75
:100C000010FA0ADD074BD3ED007AF5EEC07AF1EE6B
:100C100010FACCBF0120002070470020704700BFB1
:100C20006C1A0024701A00240C4AD2ED007AF5EEFA
:100C3000C07A08B5F1EE10FA0CDDFFF7CDFC07EE37
:100C4000900A92ED007AF8EEE76AC6EE877A17EE20
:100C5000900A08BDDFED027AF9E700BF6C1A0024A4
:100C6000000000000C4AD2ED007AF5EEC07A08B51B
:100C7000F1EE10FA0CDDFFF7B7FC07EE900A92EDEB
:100C8000007AF8EEE76AC6EE877A17EE900A08BD9A
:100C9000DFED027AF9E700BF701A002400000000BF
:100CA0000A4BD3ED006AF5EEC06AF1EE10FAC9BF47
:100CB000074B9FED087AD3ED007AF8EEE77AC8BFCC
:100CC00087EEA67A17EE100A704700BF6C1A002450
:100CD000881A0024000000000A4BD3ED006AF5EEEC
:100CE000C06AF1EE10FAC9BF074B9FED087AD3ED49
:100CF000007AF8EEE77AC8BF87EEA67A17EE100AF8
:100D0000704700BF701A00248C1A002400000000F5
:100D1000034B1868022390FBF3F3C01A704700BF1F
:100D2000881A0024034B1868022390FBF3F3C01ABF
:100D3000704700BF8C1A0024034B1868022390FBF5
:100D4000F3F3C01A704700BF901A002408B50B4B8C
:100D50000246187878B10A4B1B68002B0CDD022183
:100D600093FBF1F35B42934206DCFFF7E5FF82421F
:100D7000CCBF0020012008BD0020FCE72A19002478
:100D8000901A0024254B37B51A68254D002A254CAA
:100D900003DD254B1B68002B09DC00232349244875
:100DA0002B60236007F07CFE002003B030BD07EE0F
:100DB000902ADFED206A2049F8EEE77A1C4887EE9A
:100DC000A67A07EE903ADFED1D6AF8EEE77A85ED38
:100DD000007A87EEA67A84ED007A07F04AFED5ED18
:100DE000007A06251248B7EEE77A009553EC172BE8
:100DF00007F07EFF12490E4807F03BFED4ED007A63
:100E00000095B7EEE77A0A4853EC172B07F070FF0E
:100E10000C49074807F044FE0120C6E7881A002461
:100E20006C1A0024701A00248C1A002442F7060859
:100E30004C3200240000DF4375F706080000A84389
:100E400085F7060893F706082DE9F0432DED028B90
:100E500008EE900ADFED497A83B008EE101AF0EE42
:100E6000E86A07EE102A1F460C9DF4EE676AF1EE61
:100E700010FA0DD8F0EEC86AF4EE676AF1EE10FAD7
:100E800006D8B0EEC77AB4EE677AF1EE10FA04D95C
:100E90003B493C4807F004FE66E03B4B1B78002BC7
:100EA00069D0FFF7A7FE0446002864D0374EDFF86C
:100EB000F480D6ED007A68EEA77A17EE900A23F058
:100EC000CBFED8ED007A386068EE277A17EE900AEC
:100ED00023F0C2FED6ED007A286077EEA77A17EEEF
:100EE000900A23F0B9FED8ED007A06464FF00208CA
:100EF00077EEA77A17EE900A23F0AEFE244B014658
:100F00001A6892FBF8F2B21AFFF702FF8146FFF768
:100F100009FF3B689A420EDCA9EB06069E420ADBFB
:100F20001C4B2A681B6893FBF8F3CB1A934202DC34
:100F3000401A904219DA18490224124807F099FD24
:100F4000B7EEE87A00940F4853EC172B07F0D0FE69
:100F500012490C4807F08DFDB7EEC87A0094094895
:100F600053EC172B07F0C6FE0024204603B0BDEC5F
:100F7000028BBDE8F0830A498BE700BFFFFF7F7F4C
:100F8000430207084C320024291900246C1A00245B
:100F9000881A00248C1A00246A02070801EC06084B
:100FA00093020708701A002406EE900A9FED187A43
:100FB00006EE101AF0EEE67AF4EE477AF1EE10FA49
:100FC00001D900207047F0EEC67AF4EE477AF1EED0
:100FD00010FAF6D8DFED0F7A77EEE66A77EEC67A8A
:100FE000C2ED006AC3ED007AD2ED006AF0EEE66A67
:100FF000F4EE476AF1EE10FAE3D8F0EEE77AF4EE99
:10100000477AF1EE10FA94BF01200020704700BF2C
:10101000FFFF7F7F0000000008B50F4B1B780BB966
:10102000002008BD0D4B1B78002BF9D0FFF7D4FA38
:101030000028F5D1FFF7D8FA0028F1D1FFF7DCFA44
:101040000028EDD1FFF710FB0028E9D1044B1878F8
:1010500080F00100E5E700BF291900242A190024C7
:10106000131A00242DE9F0412DED048B84B01F46A6
:10107000002509EE100A03AB08EE901A08EE102ABC
:10108000009302ABCDE90255FFF7DEFE06460028CD
:1010900063D0FFF7E3FB364A029982ED009A354AA6
:1010A000354BC2ED008A354A98461D7082ED008AA4
:1010B000334A344B1160344A0399344C116034493B
:1010C0003448022F18BF1946257007F0D2FCB7EE3E
:1010D000C97A02252F4853EC172B009507F008FE1C
:1010E0002D492C4807F0C5FCB7EEE87A0095294851
:1010F00053EC172B07F0FCFD2849264807F0B9FCF4
:10110000B7EEC87A0095234853EC172B07F0F0FD93
:101110002349204807F0C4FC01210298FFF768FC2E
:1011200001210398FFF7A0FCFFF786FA10B9FFF73B
:101130008BFAC0B101233846237088F8000007F00D
:1011400095FF184B186023787BB91749174B114846
:10115000022F18BF194607F0A3FC304604B0BDECBF
:10116000048BBDE8F0812070E7E71E46F5E700BF7D
:101170002C1A0024381A0024801A0024441A00244F
:101180001C1A0024A0EB0608201A0024131A0024BD
:101190008DEB06084C320024FDEB060805EC060832
:1011A0000DEC06089C190024B2EB0608D8EB0608E3
:1011B000F8B5104C05460F462678FFF74FFB002385
:1011C0000D4A237013700FB10C4A1370022E07D111
:1011D0000B4B1B8823B10B4A138003220A4B1A7056
:1011E0000A490B4807F045FC29460948BDE8F84084
:1011F00007F06ABC801A0024131A0024291900245D
:10120000A41A00249C1800242E190024C5030708E2
:101210004C320024044B1B781B2B9ABF034A52F814
:1012200023000348704700BF8119002450EA0608D4
:1012300031F00608094B10B5094C187007F016FF7D
:10124000084B09491860204607F013FCFFF7E2FF3E
:1012500001462046BDE8104007F036BC8119002445
:101260004C3200249819002405F2060808B5FFF74F
:10127000F5FA0023104A11491370114A11481370EE
:10128000114A1370114A137000220A6010490A6053
:10129000104A11491360114A1360114A1360114A30
:1012A0001370114B114A1A6007F0FAFB0120BDE8D8
:1012B0000840FFF7BFBF00BF131A00246C1A0024B8
:1012C000801A00244C320024291900242A190024F1
:1012D000701A0024881A002487F406088C1A002447
:1012E000901A00248819002410000024A024070864
:1012F000034B1B780E2B9ABF024AD05C0A20704722
:1013000076190024C0EA0608034B1B780C2B9ABF01
:10131000024AD05C0820704765190024CFEA06080D
:1013200008B50D4B1B780BB9002008BD0B4B1B7883
:10133000002BF9D007F09AFE094B1B68C01A9628BB
:10134000F2D807F093FE074B1B68C01A96288CBF93
:1013500000200120E9E700BF7A190024A81A002420
:10136000E41A0024CC1A0024024B987900F0010002
:10137000704700BF491A0024024B1878C0F3C00020
:10138000704700BF82190024024B1878C0F3001088
:10139000704700BF82190024024B1878C0F3401038
:1013A000704700BF82190024024B1878C0F38010E8
:1013B000704700BF8219002408B5FFF7DDFF98B120
:1013C000FFF7E2FF80B1FFF7E7FF68B1084B1B783A
:1013D000072B0AD1074B93F90030002B05DB064B96
:1013E0001878B0FA80F0400908BD0020FCE700BF83
:1013F0007419002482190024641900242DE9F04F87
:101400002DED028B87B007F031FEAC4A054613681C
:101410009046C41A092C40F21981002BC8F800002C
:10142000A74808BF0A2404F0C2FB0746A44804F0FA
:10143000C1FB0646A24804F0B7FBA24BA24A1860C3
:101440000120A2491070A2480B68D0ED006AFB1A77
:10145000F5EEC06AF1EE10FA0ADDF0EEE67A9FEDE5
:101460009D7AF4EE477AF1EE10FA9CBF03201070DB
:101470009948DFF8B0C2D0F800E08146BEF1000F15
:1014800000F0E980107840F0040A82F800A0002BF8
:1014900040F0EA80A5EB0E05B5F5FA7F00F2DE809C
:1014A000DCED007A40F00C03F5EEC07A1370F1EE3B
:1014B00010FA46DD40F01C00107042E0F0EE467A73
:1014C00030E007EE903A9FED855A07EE104A844BC4
:1014D000F8EEE77AB8EE477A93F9003027EE856A9E
:1014E00066EEA77AC6EE075A06EE103AB8EEC66A5E
:1014F00066EE277A67EE857A87EE876A794BC3EDC9
:10150000005AD8F80030AB4202D1BEF1000FD5D05E
:10151000DFED757ADCED006A66EE277A9FED737A6F
:10152000E6EE877AB5EEC06A1378CCED007AC9F89A
:101530000050F1EE10FAD4BF43F00C0343F01C034B
:1015400013706B4B6B4A1F606B4B0F601E601388F0
:1015500001331380694B1A689846B24276D0684BC3
:10156000684A19789946DFF8C0B1DFF8C0A10029B0
:1015700035D01368F31A32D0DBF80040002BA7EB0C
:101580000404B8BF5B422046E11708EE103A002879
:1015900071F10003CDE9020104DA434261EB410439
:1015A000CDE90234DDE90201059222F0B9F9B8EE85
:1015B000487A07EE900A544918EE102AC7EE877A47
:1015C0000B681344059A0B60504BDDE90245D3E9E3
:1015D000000124184D41C3E90045CAED007A0123FA
:1015E0004B494C4889F800301660CBF8007007F082
:1015F00040FA0A223146474807F0AFFA46494548C3
:1016000007F037FA0A223946424807F084FADAED41
:10161000007AF5EEC07AF1EE10FA12DD3F493D484E
:1016200007F027FADAED007A02233A48B7EEE77AB4
:10163000009353EC172B07F05BFB3949354807F053
:1016400018FA344807F026FAC8F8006007B0BDEC75
:10165000028BBDE8F08F002B7FF433AF0023214ACB
:10166000CCF8003013606CE707EE903A1C4BDFEDCE
:101670001B5A07EE104A93F90030F8EEE77AB8EEFD
:10168000477A06EE103A174B66EEA76AB8EEC66ABE
:1016900067EEA57A66EE266A66EEA56AC7EE875AF9
:1016A000DFED117A86EE876A93ED007A65EEA75A30
:1016B000DFED0E7AE7EE275A20E700BFC41A0024B8
:1016C00080200024D81A002475190024D41A00247C
:1016D0000C000024FFFF7F7FE81A002400007A44FA
:1016E0001A00002484190024CDCC4C3ECDCC4C3FB4
:1016F00038190024A21A00249C1A0024DC1A0024A1
:10170000941A00248C190024A419002450190024D0
:10171000E6F106084C320024DCF40608FCF1060869
:1017200058EF0608F81A00243C190024C01A0024B7
:101730000E4B1878C0B10E4BD3ED007AF5EEC07A9F
:10174000F1EE10FA0FDD0B4BD3ED007AF5EEC07A17
:10175000F1EE10FA07DD084B187800F02300C31EE5
:101760005842584170470020704700BF2819002494
:10177000001B00240C0000247519002438B50C4C03
:101780000546207007F072FC606007F06FFC094BA3
:10179000A0601B680849C4E90333084C204607F0E1
:1017A00068F9294620460A22BDE8384007F0FAB910
:1017B0000019002438190024B10307084C32002412
:1017C00038B500220D4B0E4C05461A7000230D4A09
:1017D00013600D4A13600D4B58620520FFF7CEFFD2
:1017E0000B49204607F045F92946204607F06CF9D9
:1017F00020460849BDE8384007F052B928190024AE
:101800004C320024001B0024FC1A00240019002480
:101810009DF70608B0F7060837B5254C28220021A9
:101820000125204624F004FF07F020FC606007F04B
:101830001DFC204B0022A0601B681F49C4E9033334
:101840004FF0FF43A3611D4B63621D4B1D4C1A708B
:1018500000231D4A204613601C4A13601C4B1D7058
:1018600007F01EF91B49204607F01AF91A492046CD
:1018700007F0FFF80022194B2046009507F038FAD0
:101880001749204607F0F5F8164B2046D3ED007AAD
:101890000923B7EEE77A009353EC172B07F028FAE9
:1018A0001149204603B0BDE8304007F0F9B800BF49
:1018B0000019002438190024DFFC0608A0240708BA
:1018C000281900244C320024001B0024FC1A002498
:1018D0001A0000241AFD06085EFD060800002E40CE
:1018E0007BFD06080C0000248DFD0608044B1878CB
:1018F00000F01800A0F1180358425841704700BF8B
:101900007519002410B5C3790133DBB2022B22D83C
:10191000037A0133DBB2022B1DD8427A0132D2B2F4
:10192000022A8CBF00220122C37A817AB42B14D8F8
:10193000037BB42B8CBF00230123447BC07C72B19A
:1019400011F0F8010BD123B1082C0AD8B0FA80F3BA
:101950005B09184610BD0022E6E70023EDE70023EF
:10196000F7E70B46F5E7000038B5264B1C78264B09
:101970001B780BB144F00204FFF74EFB08B144F0B2
:101980000404224D2B7803F0FB03092B08BF44F01D
:101990000804FEF769FE78B91D4B1B7863B91D4B2F
:1019A0001B78013B182B07D92B780D2B06D11A4B2E
:1019B0001B781BB1072B01D044F010042B78174A79
:1019C0000C2B127808BF44F020041AB10C2B18BF5E
:1019D00044F04004FFF7A4FC88B12B780C2B0ED008
:1019E000043BDBB2092B05D840F2712222FA03F343
:1019F000DB0702D4064B1B780BB144F08004204671
:101A000038BD00BF291900242A19002476190024A2
:101A1000131A002481190024A01800242C19002472
:101A200008B5114B1A78114B1B780BB142F002022A
:101A30000F4B1B780BB142F004020E4B1B780BB11D
:101A400042F008020C4B1B780BB142F010020B4B1A
:101A50001B780BB142F02002FEF776FE08B142F08F
:101A60004002104608BD00BFB4190024B519002477
:101A7000B6190024B7190024B9190024B819002494
:101A800010B520220021044624F0D2FDFFF730FCDF
:101A9000554BE0701B782371544B1B780D2B7CD178
:101AA000534B1B786371FFF75FFFA071FFF7B8FF1F
:101AB000E07172B64F4B504A1B7850495BB21278B6
:101AC0000878002B52B240B26CDC6DD1002A59B2BA
:101AD0006CDC6DD11346002841EA83026ADC6BD1CD
:101AE000034642EA0313237262B6FFF70DFC444B30
:101AF00060721B78A372434B1B78E372424B1B88C6
:101B0000A381424B1B78A373414B1B68C4F80F3071
:101B1000404B93ED007A9FED2E6BB7EEC77A27EE20
:101B2000067B9FED2D6BB4EEC67BF1EE10FA45D42B
:101B30009FED2B6BB4EEC67BF1EE10FA41DCFDEEAF
:101B4000C77B17EE903AC4F81330334BD3ED007ACD
:101B5000F5EEC07AF1EE10FA36DD9FED307A67EEE1
:101B6000877A17EE900A23F077F82D4B1F21C4F8DF
:101B7000170020461B88A4F81B302A4B1B7863777C
:101B8000294B1B78A377A723237005236370202399
:101B9000A370FEF709FDE07710BD0E2B0CBF234BA1
:101BA000234B7EE7012391E702238FE7012392E78E
:101BB000022390E7012394E7022392E74FF00043CA
:101BC000C1E76FF00043BEE70020CEE7AFF300802F
:101BD0000000000080842E41000000000000E0C1F1
:101BE0000000C0FFFFFFDF41481A002476190024DF
:101BF000A0180024101A0024111A0024121A00241C
:101C00002F190024A01A00249C1800242E19002447
:101C100038190024F81A00240C0000240024744908
:101C2000A21A0024751900241A00002400190024A7
:101C30008119002473B504460E469448944906F071
:101C400018FF07F013FA0A220146904806F09BFF9E
:101C500090498E4806F00DFF8F4B197809B18F4BD4
:101C600019880A22894806F078FF8D49874806F0CE
:101C700000FF214685488B4C06F004FF8A498348C3
:101C800006F0F7FEE18909B9884B19880A227F48D6
:101C900006F063FF86497D4806F0EBFE854B0A227D
:101CA0007A48198806F059FF8349784806F0E1FE22
:101CB000824B0A227548196806F02DFF8049734847
:101CC00006F0D7FEE389002B00F0DD80E1690A22EF
:101CD0006E4806F020FF7B496C4806F0CAFE0A22D7
:101CE00021786A4806F05CFF7749684806F0C1FE33
:101CF000217C09B9754B19780A22644806F050FF17
:101D000073496248032506F0B4FEFEF78DFF07EE27
:101D1000900A0095B7EEE77A5C4853EC172B06F073
:101D2000E7FF6C49594806F0A4FEFEF79BFF07EE5B
:101D3000900A0095B7EEE77A544853EC172B06F05B
:101D4000D7FF6549514806F094FEFEF755FC0A227C
:101D500001464E4806F0DFFE60494C4806F089FE19
:101D6000D4ED087A4948B7EEE77A009553EC172B83
:101D700006F0BEFF5A49454806F07BFED4ED097ACD
:101D80004248B7EEE77A009553EC172B06F0B0FF08
:101D900054493E4806F06DFED4ED157A3B48B7EE47
:101DA000E77A009553EC172B06F0A2FF4E4937480F
:101DB00006F05FFED4ED147A3448B7EEE77A00956A
:101DC00053EC172B06F094FF4849304806F051FEBB
:101DD000474B2E48D3ED007A0095B7EEE77A53ECE7
:101DE000172B06F085FF4349284806F042FE424B78
:101DF0000A222648197849B206F0AFFE3F49234827
:101E000006F037FE3E4B0A222048197849B206F008
:101E1000A4FE3C491D4806F02CFE3B4B0A221B4801
:101E2000197849B206F099FE3849184806F021FEA3
:101E3000374B0A221548198806F08FFE354913489A
:101E400006F017FE344B0A221048197806F0A8FE57
:101E500032490E4806F00DFE314B0A220B48197824
:101E600006F09EFE4EB133783BB12E49074806F08E
:101E700000FE3146054806F005FE044802B0BDE804
:101E8000704006F007BE284B196820E74C3200244A
:101E900098FD0608A4FD0608AC1A0024AA1A00241E
:101EA000AEFD0608A0180024B6FD0608A61A0024F8
:101EB000BCFD0608A21A0024C5FD06083819002436
:101EC000CBFD0608D5FD0608DDFD06082D1900240A
:101ED000E5FD0608EDFD0608F5FD0608FFFD060810
:101EE0000AFE060815FE06081FFE060829FE06085B
:101EF000F81A00242FFE0608101A002437FE0608E0
:101F0000111A00243FFE0608121A002447FE060894
:101F10009C1800244DFE06082E19002458FE0608C1
:101F20006519002460FE060840190024774A2DE94F
:101F3000F041137804468188754D88B2754E764F0E
:101F4000002B40F0B3802980012174481170744A3D
:101F500074491380744A33701370744A138006F006
:101F600088FD0A2229886D4806F0F9FD3278E37869
:101F700012B13A789A4206D03B700123337007F0D1
:101F800075F86B4B186023466A4A04F1200153F838
:101F9000040B8B4242F8040BF9D1E279664B674D92
:101FA0001A70227A664B674F1A70627A664B674ED8
:101FB0001A70A379664AC3F34003DFF808821370EE
:101FC000E27A644B1A70227B634B1A70A37A03F097
:101FD0000102C3F38001C3F340032A7039703370E8
:101FE0006AB198F8003053B95C4B01221A705C4B0F
:101FF0001B780D2B03D15B495B48FFF71BFE38783C
:102000005A4920B10B7813B9594B01221A70327812
:10201000584B22B11E7816B9574E012737701A70E7
:10202000627B564B08701A70A27B554B2D781A7044
:10203000A279544B88F800501A70A37C228A1B04A2
:1020400003F470231343504A03F01F011170C3F3CC
:1020500044115170C3F38421DB0B9170D370227D46
:102060004A4B1A70A27D637D43EA0223484A1380DB
:10207000227EE37D43EA0223464A1380A27E637EEA
:1020800043EA0223444A1380444BD4F81B201A60CD
:102090000123434A1370434A137006F0E7FF424B93
:1020A00000221860414B1A70BDE8F0812B888342F2
:1020B0003FF45CAF3E49194806F0DBFC0A22298850
:1020C000164806F04AFD3B49144806F0D2FC0A22A5
:1020D000A188124806F043FD62792379012143EA81
:1020E0000223354A2B80002311700D4A3370138070
:1020F0000D4A13700D4A1380304B1B781BB13048CA
:10210000FFF756F832E7E37836E700BFAC1A002451
:10211000AA1A0024A81A0024C81A00244C32002449
:102120009C180024F8F306082E190024A41A002491
:10213000CC1A0024491A0024A8190024FC180024F1
:10214000A9190024F8180024AA190024FA18002458
:10215000FE18002419000024180000247919002416
:102160007619002444F4060856F40608F9180024E9
:1021700077190024FB18002478190024741900240E
:102180006419002482190024141A00242D19002433
:10219000181A00241A1A0024A61A00244019002430
:1021A0007A190024811A0024E41A002480190024DA
:1021B00014F406087CF406082B190024131A0024D2
:1021C00032F40608FD18002401460148FFF732BD2D
:1021D000F4F3060808B5094B1B780D2B0DD106F05A
:1021E00045FF074A1368C31A312B06D91060054909
:1021F0000548BDE80840FFF71DBD08BD761900245D
:10220000E01A0024A0240708E103070838B5104CA1
:102210000022104D2378287001330F490F4813F026
:10222000FF0308BF012323700D4B1A7006F021FC39
:102230000A222978094806F0B3FC0A49074806F043
:1022400018FC21780A220548BDE8384006F0AABCEF
:10225000A01A00242F1900245FF406084C32002431
:1022600090190024E302070808B5FFF759F8002881
:1022700052D0364B1B78002B50D0FFF775F8002852
:102280004CD0FFF779F800284AD0314B1B78072B48
:1022900046D1304B1B78002B42D1FFF775F8002850
:1022A00040D0FFF779F800283ED02B4B1B78002B4D
:1022B0003CD0FEF79FFC002838D0284B1B78002B21
:1022C00036D0FEF7A9FE002834D0FEF7CDF900285D
:1022D00032D1234B1B787BBB224B1B7873B3224B31
:1022E0001B786BB3214BD3ED007AF5EEC07AF1EE9B
:1022F00010FA25D91E4B1B781B2B23D01D4B1B68B6
:102300001B78FBB9FEF720FAF0B1FEF741FA00287E
:1023100014BF0D20002008BD0120FCE70220FAE7D1
:102320000320F8E70420F6E70520F4E70620F2E7AB
:102330000720F0E70820EEE70920ECE70A20EAE7AB
:102340000B20E8E70C20E6E70D20E4E7811A0024E3
:102350007419002464190024291900242A1900245E
:10236000131A0024FE18002428190024001B00243E
:10237000811900241000002438B5144B02220546B0
:102380000C461880124B13491A700022124B134846
:102390001A8006F06EFB0A222946104806F0DDFB83
:1023A0000F490E4806F065FB21460C4806F08CFBF1
:1023B0000C4B1B780D2B08D121460B48FFF73AFC3C
:1023C0000A48BDE83840FFF7FFBE38BD9C1800241E
:1023D0002E190024B3020708A41A00244C3200244A
:1023E000EF02070876190024F8020708FF02070821
:1023F00038B50E4D0446287006F038FE002368609C
:102400000B490C48AB6006F034FB082C094896BF1A
:10241000094B0A4C53F82440214606F055FB21464F
:102420000748BDE83840FFF705BC00BFA0180024EE
:102430006EF406084C32002414EB060831F006084E
:1024400081F4060810B5094C58220021204624F0DA
:10245000EFF806F00BFE6060FEF704FC044BA06290
:102460001B68E36206F002FE206310BDA018002482
:102470003819002470B5334E04463578854239D07A
:102480000D2D05D10D2803D02F493048FFF7D2FB81
:10249000347006F0EBFD2E4B2E4918602E4B2F4862
:1024A0001A782F4B1A7006F0E4FAFEF721FF0A2281
:1024B00001462A4806F076FB0E2C17D8DFE804F018
:1024C00026262608122626262626120B262E1B0036
:1024D000244B00221A70FEF7C1F90220BDE87040BB
:1024E000FFF794BEFEF7BAF9FEF7C0FE0D2D01D03E
:1024F0000D2C1ED070BDFEF7B1F900231A4A1370DF
:102500001A4ABDE870401370FFF786B9FEF7A6F9C6
:102510000023154A1370154A1370E7E7FEF79EF97A
:102520000023114A1370114A1370FFF78BFF0D2D12
:10253000E0D00F4B00220F490F481A60BDE87040F1
:10254000FFF778BB761900242CEC060844EC06084B
:102550009419002450EC0608A91900244C320024D8
:1025600058190024041B0024131A0024801A002484
:10257000E01A00246AEC060882EC0608F0B52DED9E
:10258000028B83B0FEF76AF9C04B1B785BB9C04978
:10259000C04806F085FA052003B0BDEC028BBDE80B
:1025A000F040FFF767BFBC4C06F060FD2378052BB9
:1025B00000F2C281DFE813F0060021004A00590151
:1025C000C001B401B54B1A78002A00F0B581002291
:1025D0001A70B34B1B781A0708D4B249AD4803B040
:1025E000BDEC028BBDE8F04006F05ABAAE4B0120BC
:1025F0006362FFF7C3F8AD49F0E76368C01AB0F54E
:10260000FA6FC0F09981AA4BE2681B689B1A03F12C
:102610001302262A07D8A74803B0BDEC028BBDE8F9
:10262000F040FFF7CDB800224FF0FF410220934267
:10263000E2612284CCBF01234FF0FF33C4E90521BE
:1026400084F82230FFF79AF89B49C7E7A268821AFC
:10265000C72A15D9964B19682369CB1A002B28DC99
:1026600005D04FF0FF3594F92260AE4223D094F8A4
:102670002130FF2B02D0013384F82130A06021618A
:102680006368C01A41F28733984240F25581884B03
:102690001A68E368D31A03F16301C62907D994F8CD
:1026A0002010132903D994F82110012933D9834824
:1026B000B2E70125D7E707EE903A9FED817A94F8CB
:1026C0002030F8EEE77AF0EEE77A67EE877A07EEE9
:1026D000102AB8EE477AC7EE876AD4ED057A77EE0E
:1026E000A67AC4ED057AD4ED067AF4EEE76AD4ED65
:1026F000077AF1EE10FAF4EEE76A48BFC4ED066A15
:10270000F1EE10FAC8BFC4ED076AFF2B1CBF0133FE
:1027100084F82030B2E707EE903AB8EEE77ADFEDC2
:10272000687AB0EEC77A27EE277A07EE900AF8EEBD
:10273000677A87EE278ADFED637AB4EE678AF1EE77
:1027400010FA00F29080B5EEC08AF1EE10FA40F275
:102750008A80DFED5D7A94ED067A68EE277AF4EEF2
:10276000C77AF1EE10FA7EDCDFED587A94ED077A45
:1027700068EE277AF4EEC77AF1EE10FA73D4002BE4
:10278000534D5449CCBF01234FF0FF33524E2B70B1
:10279000524B534FD3ED007A00233E4868EE277A20
:1027A0000B605049C6ED007A77EEA77A0B604E4B6E
:1027B0004E49C7ED007A1A6006F05BF9D6ED007A53
:1027C00002263448B7EEE77A009653EC172B06F052
:1027D0008FFA47492F4806F04CF9D7ED007A2D487B
:1027E000B7EEE77A009653EC172B06F081FA4149D1
:1027F000284806F03EF90A2295F9001001252548DF
:1028000006F0ADF93C49234806F033F9D4ED067AD9
:102810000095B7EEE77A1F4853EC172B06F068FADD
:102820002F211C4806F032F9B7EEC87A00951948F6
:1028300053EC172B06F05CFA2F21164806F026F908
:10284000D4ED077A0095B7EEE77A124853EC172BD0
:1028500006F04EFA29490F4806F022F90320FEF748
:102860008DFF2749BAE62748D6E60D4B1B781B0794
:102870004ED4254B012204201A70FEF77FFF234916
:10288000044806F00DF9062086E600BFFE18002475
:102890006AFE06084C32002400190024791900242D
:1028A00075190024A2FE0608A0240708DEFE06080B
:1028B0003819002406FF060830FF06085DFF0608E9
:1028C00000007A44FFFF7F7F6666663FCDCC8C3F79
:1028D0001A000024F81A0024001B00240C00002415
:1028E000FC1A002484190024D41A0024C5FF060809
:1028F000D6FF0608EEFF0608FCFF06081F000708C3
:102900002A00070898FF0608281900244C00070829
:102910006368C01A47F2305398420DD908487BE6E5
:10292000084B1A7842B100221A7003B0BDEC028B3A
:10293000BDE8F040FEF770BF03B0BDEC028BF0BD08
:10294000770007087919002438B5234B1B7833B971
:10295000FDF784FF0520BDE83840FFF78BBD1F4B16
:102960001A782AB100221A70FDF778FF0720F2E7E3
:102970001B4B93F900001B4B002893F900501A4B96
:1029800093F900401FDD194B1B78002B18BF002066
:10299000002D1BDD164B1B78002B18BF0025002CCB
:1029A00017DD144B1B78002B18BF00240121FDF705
:1029B0005FFF28460121FDF79BFF20460121BDE86E
:1029C0003840FDF7D5BFE3D00B4BDDE7E7D00B4B2D
:1029D000E1E7EBD00A4BE5E7FE1800247819002464
:1029E000A8190024A9190024AA190024B419002444
:1029F000B6190024B9190024B5190024B719002408
:102A0000B819002438B50C460546FDF727FF274BBB
:102A100027491A78023A012A1A4602D90B780D2B57
:102A200007D1244B1B8823B1234803800320234B69
:102A300018700023224813700A780370042A01D00A
:102A40000A2A0BD11F490B701F490B701F4B1978B5
:102A50001B291FBF1E490C601B2119701D4B0D2A1D
:102A60001D701D4B1C6003D121461C48FFF7E2F886
:102A700000231B4A0C2013701A4A13701A4A137051
:102A8000FFF7F8FC19491A4805F0F3FF29460A2216
:102A9000174806F085F81749154805F0EAFF214662
:102AA0001348BDE8384006F00FB800BF801A002474
:102AB00076190024A41A00249C1800242E1900243E
:102AC000131A0024291900242A190024811900242A
:102AD00010000024651900241400002477EB060878
:102AE0007919002477190024781900247DEB060851
:102AF0004C3200240F21070870B52B4D2B78002B8A
:102B000051D02A4E33785BB2002B03DD284B1B7863
:102B1000002B41D133781A0603D5264B1B78002BA6
:102B20003AD1254C23785BB2002B03DD234B1B7875
:102B3000002B31D123781B0602D5214B1B785BBBC0
:102B400006F094FA1F4B1B68C01A1F4B984209D914
:102B500001211E48FEF72CFB1D490720BDE87040EF
:102B6000FFF750BFFDF768FDE8B9FDF76DFDD0B97F
:102B70003378C3B923785BB2ABB9164A2B7011789E
:102B80001370154A154B164802290CBF11461946F9
:102B9000BDE8704005F084BF01211248FEF708FB34
:102BA00011490820DAE770BD131A0024101A002416
:102BB000B4190024B5190024111A0024B6190024F0
:102BC000B71900249C19002420BF02004F040708F5
:102BD00057040708801A00241C0407083604070855
:102BE0004C320024700407088C04070838B50446EA
:102BF000FDF734FE00230C4A0C4D1B2013700C4AC9
:102C000013700C4B1C60FEF715FB0B49284605F0B2
:102C100030FF2146284605F057FF21460520BDE834
:102C20003840FFF7EFBE00BF291900244C320024C2
:102C30002A19002410000024A2F70608F8B5A34CB6
:102C40002378002B00F0F1811A3B012B40F2ED813B
:102C500006F00CFA9E4B1B68C01A9E4B984204D992
:102C60009D48BDE8F840FFF7C1BF2378013B182B12
:102C700000F2DB81DFE813F0190027003B0042007F
:102C80004E00560065006C0086009400A500AC0064
:102C9000B800C000CF00D600F000FE000F01160102
:102CA00022014C015B0161017E018C4B1B7833B129
:102CB000FDF78CFD0220BDE8F840FEF7BBBA02210B
:102CC0004FF0FF300FE0854B1B7853B9FDF77EFDC9
:102CD000FDF782FC022100F59670FDF789FE0320C6
:102CE000E9E702210120BDE8F840FDF7C1BDFDF78D
:102CF000A3FC002840F099810420DCE7774B1B7887
:102D000033B1FDF763FD0020FDF77EFC0520D2E71F
:102D10000821D5E7724B1B78002BE2D0FDF756FD5A
:102D20000620C8E76E4B1B78002BC8D1FDF74EFD7F
:102D3000FDF752FC0221A0F59670FDF759FE072021
:102D4000B9E7FDF779FC002840F06F810820B2E771
:102D5000634B1B78A3B1FDF739FD624CFDF73CFCDA
:102D60006328206001DC60487BE76049604805F02B
:102D700080FE0A2221685E4805F0FBFE09209AE7E2
:102D80000821AFE75B4B1B781BB1FDF737FD0A202D
:102D900091E702214FF0FF30BDE8F840FDF7A8BDF4
:102DA000544B1B7853B9FDF729FDFDF71DFC02219B
:102DB00000F59670FDF758FE0B207CE702210120FC
:102DC000EAE7FDF741FC002840F02F810C2072E774
:102DD000484B1B7833B1FDF711FD0020FDF71CFCBB
:102DE0000D2068E70821D5E7434B1B78002BE5D081
:102DF000FDF704FD0E205EE73F4B1B78002BC8D18A
:102E0000FDF7FCFCFDF7F0FB0221A0F59670FDF745
:102E10002BFE0F204FE7FDF717FC002840F005813F
:102E2000102048E7344B1B78A3B1FDF7E7FC334C87
:102E3000FDF7DAFB6328206001DC314811E73149F6
:102E40002B4805F016FE0A222168294805F091FE5C
:102E5000112030E70821B2E72B4B1B781BB1FDF79F
:102E6000E5FC122027E702214FF0FF30BDE8F840D3
:102E7000FDF77EBD244B1B7853B9FDF7D7FCFDF75A
:102E8000BBFB022100F59670FDF72AFE132012E726
:102E900002210120EAE7FDF7DFFB002840F0C580B2
:102EA000142008E7184B1B7833B1FDF7BFFC002056
:102EB000FDF7BAFB1520FEE60821D5E7134B1B787A
:102EC000002BE5D0FDF7B2FC1620F4E681190024B2
:102ED0009819002420BF02000CF20608B51900243E
:102EE000B4190024881A002423F20608E9F706081A
:102EF0004C320024B7190024B61900248C1A00247F
:102F000034F20608F9F70608B8190024B9190024A4
:102F1000464B1B78002BA6D1FDF788FCFDF76CFB18
:102F20000221A0F59670FDF7DBFD1720C3E6FDF743
:102F300093FB002879D11820BDE63C4B1B78BBB130
:102F4000FDF774FC3A4CFDF757FB6328206001DC69
:102F5000384886E63849394805F08BFD0A22216851
:102F6000364805F006FE364B002219201A70A2E6FC
:102F700008218EE7334B02241F68334B1E682C4B0D
:102F80001D682F4B1A7897FBF4F796FBF4F695FB28
:102F9000F4F56AB90122214638461A70FDF728FD7A
:102FA00021463046FDF760FD21462846FDF798FD95
:102FB000FDF742FB002838D1FDF746FB002834D14D
:102FC000FDF74AFB88BB214B1B7873BB204B1B785A
:102FD0005BBB204B1A7852B23ABBFDF7FDFA874231
:102FE00013D1FDF701FB86420FD1FDF705FB8542AA
:102FF0000BD11046FDF708FBFDF70EFBFDF714FBA8
:10300000FDF7C0FE18B914482BE6144829E6012341
:10301000134A1A201370134A1370FEF70BF9124962
:103020000648BDE8F84005F03BBDF8BDB9190024DD
:10303000901A002445F2060809F806084C320024CC
:1030400088190024881A00248C1A0024101A0024DD
:10305000111A0024121A002456F2060874F2060807
:10306000291900242A19002419F806082DE9F0412D
:103070002DED028B86B0FDF7D9FB644B1978644BBC
:1030800061B91B7813B16348FEF792F80520FFF78A
:10309000F1F906B0BDEC028BBDE8F0811A785E4B09
:1030A000197839B10021197012B15C48FEF780F827
:1030B0000720ECE7FEF780F9014640B912B1584805
:1030C000FEF776F857490420FFF79CFCE1E7002A59
:1030D000DFD1FDF7C9FA07460028DAD1FEF764F917
:1030E0000028D6D0DFF87481B8F800304546002BB0
:1030F000CFD04D4C22889A42CBD04C4BB2EE047AC2
:10310000002602AAB3F90030029607EE903A484B27
:10311000F8EEE77AB3F90030C7EE878A07EE903A07
:1031200006AB43F80C6DF8EEE77A87EE878A18EE67
:10313000900A18EE101AFDF737FF28B93D49B8F884
:103140000000FFF719F9A4E705AB32460399009395
:1031500004AB0298CDE90477FDF776FE10B9354946
:103160002888EEE7B8F80030334A23800124138022
:10317000324B334933481C7005F07BFC324B0A223A
:103180003048197805F00CFD30492E4805F071FCE7
:10319000B7EEE87A00942B4853EC172B05F0A8FD06
:1031A0002B49284805F065FCB7EEC87A00942548FD
:1031B00053EC172B05F09CFD2649224805F059FCDD
:1031C000DDED027A0094B7EEE77A1E4853EC172B38
:1031D00005F08EFD1E491B4805F04BFCDDED037A22
:1031E0000094B7EEE77A174853EC172B05F080FDF3
:1031F0001949144805F054FC02230022039902984F
:10320000FDF730FF00287FF444AFA8E7FE18002444
:10321000131A00243FF30608781900245EF3060809
:1032200074F306088FF306089C180024181A00246B
:103230001A1A0024B2F30608A41A00242E19002436
:10324000CAF306084C3200242D190024DEF30608C8
:10325000E8F30608EAF30608151F0708A61A002473
:10326000504B1B7873B52BB9052002B0BDE87040F8
:10327000FFF700B94C4B1B78002B40F09180FDF715
:10328000F3F9002840F08C80484D494E95F9001024
:1032900099B196F9003083B9464C23785B1A1DD456
:1032A000052BA8BF002344494448237005F0E1FBE7
:1032B0000A222178414805F075FC2B78404A33708A
:1032C0001378002B6CD0002313703A4A117804292C
:1032D00065D8DFE801F00507191B1F000423E2E7AA
:1032E0000820C2E7374B1B783BB1374B1B7823B123
:1032F000FEF762F808B10920B7E734492F4802B059
:10330000BDE8704005F0CCBB0A20AEE7304A0B2088
:103310001370AAE72B4B1B7823B32B4B1B780BB3F3
:10332000FEF74AF8F0B1FEF703FAE8B92949234855
:1033300005F09FFB284B2148D3ED007A0923B7EE17
:10334000E77A009353EC172B05F0D2FC23491B4876
:1033500005F08FFB224B10221848197805F022FC4B
:103360002049CBE72049C9E7FDF746F908B11F49D5
:10337000C4E7FDF7EBFC80B11D4B1868022390FBFE
:10338000F3F04042FDF7E2FC38B10D20FFF772F890
:10339000FEF7ACFA20B91749B0E71749AEE713704A
:1033A00002B070BDFE180024131A0024A9190024CD
:1033B00058190024481A00243DF006084C32002415
:1033C00079190024291900242A1900244CF0060830
:1033D000041B0024B3F006080C000024E6F00608E5
:1033E00075190024F0F006087EF0060830F1060892
:1033F000901A0024A3F1060866F1060838B5FDF717
:103400002DFA0023104A1370104A1370104A1380CB
:10341000104B1D7B5C7BFFF715F815B90E4B1B7825
:1034200023B90520BDE83840FFF724B80CB10720C8
:10343000F8E70A490A4805F033FB0A490A48BDE89B
:103440003840FEF7F7BB00BF131A0024801A00248F
:10345000A41A0024A0180024FE180024B3040708AE
:103460004C320024E5040708F9040708F8B50546BE
:103470000F46194816461949194C05F0FAFA29461B
:10348000154805F021FBE3893BB1164A1648138025
:103490000322164B1A70FEF797FE29461448FEF7D2
:1034A000C9FB0025FDF792F9FDF7A8F9114B08209B
:1034B00027731D70104B66731D70FEF799FFFDF7A3
:1034C0009BF818B9BDE8F840FFF798BF28460121DE
:1034D000BDE8F840FDF704BB4C320024EB030708BD
:1034E000A01800249C180024020407082E190024A8
:1034F00015040708131A0024801A002438B5294C33
:10350000DFED296A2DED028B9FED288AD4ED058A27
:1035100078EE688AF0EEE87AF4EE667AF1EE10FA68
:103520003DD8234DE2692B689B1A07EE903A214B58
:1035300093F90030B8EEE77A07EE903A1E4BF8EEBA
:10354000E77A67EE277A94ED067A38EE478A9FEDA0
:103550001B7A38EE478A93ED007AA7EE878AF0EE61
:10356000C87AF4EE667AF1EE10FA18D805F07EFD0E
:103570002B68E26A9A4207D0226B2AB182423CBF92
:1035800084ED0A8AC4E90B300D4B0120C4ED088A92
:103590001B6884ED098A6363BDEC028B38BD002093
:1035A000FAE700BFA0180024FFFF7F7F00000000A3
:1035B000381900241A0000240C0000240040534451
:1035C000F81A0024094B02229FED097A1B6893FB2D
:1035D000F2F35B4207EE903AF8EEE77AF0EEE77A24
:1035E000C7EE877A17EE900A704700BF901A002442
:1035F00000409C4508B50C4BDFED0C6A93ED006A6A
:1036000086FE866AFFF7DEFFF6EE007A07EE100A06
:1036100077EE277AB0EE667AA6EE277A76EEC77A4C
:1036200017EE900A08BD00BFF81A00240000000041
:103630004A4BB3F9003007EE903A494BF0B5F8EE3B
:10364000E77AB3F900700026464D2DED048BB2EEFB
:10365000049A9FED458A85B018EE102A18EE101ACC
:10366000C7EE899A03AB009302ABCDE9026678EE10
:10367000698A18EE900AFDF7E7FB38B93B492888BC
:10368000FEF77AFE05B0BDEC048BF0BD07EE907A34
:10369000374C2B88F8EEE77AC4ED059AE381354B79
:1036A00087EE897AC4ED088A1B7884ED098A237431
:1036B000314B84ED0A8A1B68E361304B1B68E3627F
:1036C00084ED067A05F0D2FC2D4B2E4A1B6884F857
:1036D0003C600126A3632B88206313802A4A2B4970
:1036E00013802B4B2B481E7084ED108A05F0C1F916
:1036F0000A22E189274805F030FA2749254805F0D4
:10370000B8F90A22E169234805F005FA234921485E
:1037100005F0AFF9022300221E480093002305F0B4
:10372000E9FA032318EE102A18EE101A18EE900A80
:10373000FDF798FC30B91A492888FEF71DFEFEF700
:1037400081FE9FE717491848FEF774FA1548FEF7FF
:103750003BFD3046FEF74CFE94E700BF181A0024EC
:103760001A1A0024A61A002400000000A10107086C
:10377000A01800242D190024401900243819002411
:10378000F81A0024A41A00249C180024D101070868
:103790002E1900244C320024F2010708FC0107080E
:1037A000050207082A0207083C02070810B50B4C5F
:1037B0000B49204605F05DF90A4B0A22204619689C
:1037C00005F0E1F90849204605F053F9074B20467A
:1037D0000A221968BDE8104005F0EEB94C32002409
:1037E0000DED0608A019002421ED06087C1900241F
:1037F00038B50446FDF732F8104B114DDA89114BFC
:10380000284611491A800422104B1A700022104BCE
:103810001A8005F02EF92146284605F055F9214673
:103820000C48FEF707FA0C48FEF7CEFCFFF7BEFF88
:103830000720BDE83840FEF7DBBD00BFA01800241C
:103840004C3200249C18002490EC06082E19002409
:10385000A41A00249BEC0608A2EC06082DE9F0410E
:103860009C4C217808292DED028B82B033D19A4AE5
:1038700013785BB2002B02DD984B1B78E3B9137809
:103880001B0602D5964B1B78B3B9FCF7E5FEC0B119
:1038900005F0ECFB6368C01A47F23053984240F2DF
:1038A0005D83FCF7DBFF8F49072002B0BDEC028B84
:1038B000BDE8F041FFF7A6B8FCF7D0FF8A49082021
:1038C000F3E71378002BE3D102B0BDEC028BBDE827
:1038D000F041FFF793BD854B1A7842B90121844826
:1038E00002B0BDEC028BBDE8F041FFF7BFBD814BDC
:1038F000187820B1002101227F481970F0E70429CF
:1039000005D1754B1B781F0644BF754B18787B4F4C
:103910003B785BB2002B03DD794B1B78002B34D155
:103920003B781E0603D5774B1B78002B2DD1764EA6
:1039300033785BB2002B02DD744B1B782BBB3378E2
:103940001D0602D5724B1B78FBB9634D2B785BB219
:10395000002B02DD614B1B78BBB92B781B0603D50E
:103960005F4B1B7803B180B14B1E022B02D98B1F1A
:103970005A425A41FDF720FD58B951B902B0BDEC89
:10398000028BBDE8F041FCF769BFFCF767FF6149B6
:1039900095E7FDF7CDFE30B90029EFD0D2B1024650
:1039A00001465D489CE71AB1FDF7A0FF024670B1E1
:1039B00081B92378072B00F2D182DFE813F01900D8
:1039C0003100640010012901E6010302BF02014633
:1039D000524885E70729ECD005F048FB6368C01A18
:1039E00047F230539842E4D900224D48114677E718
:1039F000FCF734FFFDF7D8FC002800F0AF82494BFC
:103A00001B88002B00F0AA82474A12889A4200F0D5
:103A1000A58202B0BDEC028BBDE8F041FFF708BE05
:103A2000FFF76CFD024610B90146404858E7F1EE39
:103A3000047A94ED097AB4EEE77AF1EE10FA03DD38
:103A400000223B4811464BE73A4B1B78002B40F0D5
:103A50008582FCF7F1FD002840F08082FCF7F4FD40
:103A6000002840F07B823B78002B40F0778233784F
:103A7000002B40F07382022002B0BDEC028BBDE847
:103A8000F041FEF7B5BCFCF7B9FEFFF737FD024683
:103A900010B90146284823E7D4ED095AC4ED145A59
:103AA000FFF7A8FDB1EE047A07EE900A2064F4EE69
:103AB000C75AF1EE10FA03DD0022204811460FE745
:103AC000F4EEE75AF1EE10FA3CDD00221C481146F4
:103AD00006E700BFA0180024121A0024B919002418
:103AE000B819002465F8060846F80608FE180024F0
:103AF0003FF30608781900245EF30608101A002424
:103B0000B4190024B5190024111A0024B619002490
:103B1000B71900248AF80608B1F80608C3F80608A1
:103B2000D6F80608A61A00249C180024E6F8060811
:103B300004F90608131A00243BF906086DF9060873
:103B40008FF90608AB490225AB4804F092FFD4ED8B
:103B5000097AA948B7EEE77A009553EC172B05F0E0
:103B6000C7F8A649A44804F084FFD4ED107AA2480F
:103B70000324B7EEE77A009553EC172B05F0B8F85D
:103B80009F499D4804F075FF9E4B9B48D3ED007AFA
:103B90000095B7EEE77A53EC172B05F0A9F89A4990
:103BA000954804F066FFFFF70DFD07EE900A0094BC
:103BB000B7EEE77A904853EC172B05F099F8934944
:103BC0008D4804F056FF0022914B00948A4805F07E
:103BD00091F890489049FEF72DF820464CE7FCF705
:103BE0000DFE8E4B1D68022395FBF3F56D422846B2
:103BF000FDF7ACF8024610B90146894870E600238B
:103C00002846012184F83C30FCF76AFF042033E7A2
:103C1000844EFCF7F3FD327862B1FCF707FE7F4B70
:103C20001868022390FBF3F04042FCF7FDFC0023F0
:103C300084F83C30FCF710FD002840F08F812B7891
:103C4000002B40F08B81327802BB94F83C30D3B922
:103C500001237549684884F83C3004F021FF73491A
:103C60007348FDF7E7FF6D4B08211868022390FBAE
:103C7000F3F04042A0F5167002B0BDEC028BBDE837
:103C8000F041FCF72DBF11466A4829E694ED086A19
:103C9000FCF7CAFF07EE900A76EE677AC4ED157A54
:103CA000FDF746FD08B1FFF729FC636A0225624E65
:103CB000236505F0DBF93368604AA3640023606480
:103CC00084F84C301370FCF799FDFCF7AFFD5C49AC
:103CD000494804F0CEFEFCF7A7FF07EE900A0095D6
:103CE000B7EEE77A444853EC172B05F001F8554935
:103CF000414804F0BEFEFCF7B5FF07EE900A0095C0
:103D0000B7EEE77A3C4853EC172B04F0F1FF4E492D
:103D1000394804F0AEFED4ED157A3748B7EEE77AAD
:103D2000009553EC172B04F0E3FF4849324804F0A8
:103D3000A0FED4ED147A3048B7EEE77A009553EC44
:103D4000172B04F0D5FF42492B4804F092FE2D4B6F
:103D50002948D3ED007A0095B7EEE77A53EC172B9C
:103D600004F0C6FF3B49244804F083FE0A22316870
:103D7000214804F0D0FE38491F4804F091FE37482E
:103D80003749FDF757FF062076E6FCF737FDFCF7CD
:103D900063FC002840F0E2802B78002B40F0DE80AE
:103DA00094F84C2012B911462E4899E52E4A2F4816
:103DB00013680133136002B0BDEC028BBDE8F04123
:103DC000FFF716BDFCF702FD0026FCF717FDFCF718
:103DD0002DFD1A4B1E70134B1A7812B91146244848
:103DE0007EE5FFF78BFB0246002845D101462148BE
:103DF00076E500BFC3F906084C320024EBF906084B
:103E0000FBF90608F81A002401FA060806FA060863
:103E10000000E03F3DFA060811FA0608901A002457
:103E200045FA0608B819002468FA06089DFA06083B
:103E3000C5FA0608CEFA06083819002479190024B4
:103E400000FB060801EC060829FB060832FB060801
:103E50003BFB0608F201070847FB0608ABFB060818
:103E600077FB0608B7FB06087C190024DFFB060871
:103E7000F0FB06081EFC0608D4ED097AF5EEC07AC0
:103E8000C4ED147AF1EE10FA68D4374A01271368AA
:103E900084F84C703B44136005F0E8F8636C3349D8
:103EA000A0EB0308324B33481D68A36CED1A324B6C
:103EB00093F9003007EE905A08EE103AF8EEE77AE0
:103EC0002E4BB8EEC88A28EE278AD3ED007A28EE6A
:103ED000278A04F0CEFD0A224146264804F053FE0C
:103EE0002749244804F0C5FD0A222946214804F048
:103EF00012FE24491F48032504F0BBFDB7EEC87A23
:103F000000951C4853EC172B04F0F2FE1E4919488B
:103F100004F0AFFDD4ED097A1648B7EEE77A0095C4
:103F200053EC172B04F0E6FE18491948FDF782FE02
:103F300030463946FCF7D4FD05209DE5FCF78EFCA4
:103F400005F094F86368C01AB0F5FA7F06D302B0A2
:103F5000BDEC028BBDE8F041FEF774BA02B0BDECD7
:103F6000028BBDE8F08100BFA01900244DFC0608BB
:103F7000381900244C3200241A0000240C000024BC
:103F80007FFC06088FFC0608A1FC0608BAFC0608A0
:103F9000D7FC0608314B70B5DE7B0446304B1D78EC
:103FA000AE421CD12F4B1A78072A0AD12E4B93F917
:103FB0000030002B05DBFDF7E7F910B1FDF7ECF958
:103FC00020B92A4B0121082A197002D0284B1B78EE
:103FD0002BB128490420BDE87040FEF713BD05F061
:103FE00045F8254B1B68C01A244B984202D9244936
:103FF0000320F0E7AE4205D11C4B1B7813B1FDF74F
:10400000DBF908B9D4B170BD1E491F4804F048FD62
:1040100024B10420BDE87040FEF72CBA1B4A1C4BAB
:1040200011781B7829B1002B14700CBF05200620D5
:10403000F0E7002B0CBF05200720EBE7154B1A78A3
:10404000002AE0D0124A1278002ADCD01C7001202D
:104050000E4B1C70FEF7DAF80720DBE7491A002444
:10406000A01A002474190024821900249019002435
:1040700064190024300507089419002480A903005E
:104080004B050708650507084C320024041B002473
:10409000FE1800247819002438B50446FEF7CEFD3A
:1040A000144B1B780C2B24D0134D2B781A2B0CD1CE
:1040B00024B10520BDE83840FEF7DCB90F4B1B7872
:1040C000002B14BF07200520F4E794B90C4B1A7895
:1040D0007AB10A4A127862B11C70FCF7BFFB094B37
:1040E0000720094A1C70094B2C701C70084B1A6081
:1040F000E0E738BD7619002481190024FE18002459
:104100007819002429190024A02407082A1900245A
:10411000100000241B4A10B511781B4C237881B184
:104120000021022B117004D80120BDE81040FEF7D9
:10413000A1B90C2B24D015490B20BDE81040FEF787
:1041400061BC134A1278092A06D9012B18D90C2B05
:1041500016D010490220F0E7012B11D90C2B0FD0FB
:10416000FDF7DEF860B9FCF779FB2378022B04D168
:1041700009490A4804F094FCD6E709490120DCE724
:1041800010BD00BF2B190024761900241203070864
:1041900080190024460307086A0307084C320024EC
:1041A00095030708034B1878033802288CBF0020BA
:1041B00001207047F41A0024064B1B78DA1E012AEE
:1041C00003D9092B03D1FFF7EDBF01207047002071
:1041D000704700BF6519002410B5FCF73FFB0024B1
:1041E0001B4B1C4A1C701C4B1C491C7000231C4898
:1041F00013601C4A13601C4A14701C4A0A601C4954
:104200000C701C490A6021461B4A14701B4A14702A
:104210001B4A14701B4A13601B4A136001221B4B7C
:104220001A70282222F004FA194B1C80194B1C70BA
:10423000194B1C80194B1C70FDF772F810B104204B
:10424000FDF7E4FF0020BDE81040FEF713B900BF02
:10425000291900246C1A00242A19002410000024B3
:1042600000190024701A002481190024A0240708D2
:104270006519002414000024F41A00242C190024C9
:1042800028190024001B0024FC1A00241A00002412
:104290009C1800242E190024A41A0024041B0024B6
:1042A000F8B5FFF789FF38B92549264804F0F8FB2F
:1042B000BDE8F840FFF790BFFDF732F808B9224992
:1042C000F3E7224B224E1C78224F002C2FD0224B9A
:1042D0001C7864B3FCF78EFC054630B3347834BBED
:1042E0003C78A4F109035C425C41FCF7B7FA002377
:1042F0001A4A1B4913701B4A3B7013701A4A3470D8
:1043000013801A4A11601A4A13701A4A13701A4A13
:1043100013701A4A137065B119490A4804F0C0FBBA
:104320000B20BDE8F840FEF7A5B80446DDE72546BA
:10433000DBE71449034804F0B3FB0320F1E700BFB7
:10434000A90007084C320024E800070829190024B6
:10435000041B0024651900242A190024131A0024C0
:10436000A0240708801A0024A41A002414000024A2
:10437000F41A0024791900247719002478190024EC
:104380002801070864010708564B1B7810B50E2B4F
:1043900000F2A680DFE803F008192E3B40455B7E63
:1043A00082868E90928A5700FCF758FA04F05EFEDF
:1043B0004D4B1B68C01A40F6B733984240F29080CC
:1043C0000120BDE81040FEF755B8FCF747FAFCF7AE
:1043D000A7FF002800F08480444B1B78002B7FD07F
:1043E000FCF7C2FF00287BD04149424804F058FB4B
:1043F0000220E6E7FCF732FA04F038FE3A4B1B687D
:10440000C01A41F2873398426AD90320D9E70120C4
:10441000BDE81040FFF7BEBD0120BDE81040FFF72A
:104420003BBEFCF71BFA344B1B78002B58D0334BA8
:104430001B780BB10720C4E7314B1B780BB90E205A
:10444000BFE70620BDE7BDE81040FEF797B8FCF7D0
:1044500005FAFDF709FF2B4B187038B9274B0122DD
:10446000294924481A7004F01BFBE3E70D2827496B
:1044700096BF274B274C53F820401E4804F0F9FA0A
:1044800021461C4804F020FB21460920BDE81040CD
:10449000FEF7B8BABDE81040FEF7E2BEBDE8104036
:1044A000FEF752BABDE81040FEF7E0BDBDE810408F
:1044B000FFF7D4B90020B0E70020A9E7FCF7CEF958
:1044C0000D4B1B7863B1144B1A784AB10022134983
:1044D00008481A7004F0E4FABDE81040FFF7E0BEA7
:1044E00010BD00BF7619002494190024811A0024FD
:1044F000C0F206084C320024FE1800242C190024B7
:1045000028190024F41A0024E7F2060801F306082B
:10451000DCEA060858EB0608791900241BF30608A4
:1045200007B53149314804F0BBFA31492F4804F04E
:10453000A0FAFCF75FFB80B1FCF776FB07EE900A70
:1045400002232A48B7EEE77A009353EC172B04F0C6
:10455000CFFB2849254804F08CFAFCF73DF80A22E5
:104560000146224804F0D7FA2349204804F098FA7B
:1045700022491E4804F07DFAFCF73CFB80B1FCF7B1
:1045800071FB07EE900A02231848B7EEE77A009312
:1045900053EC172B04F0ACFB1649144804F069FAED
:1045A000FCF722F80A220146104804F0B4FA124936
:1045B0000E4804F075FA12490C4804F05AFAFCF758
:1045C0001BF80A220146094804F0A5FA0D490748DC
:1045D00004F04FFA0C4B0A220448196803B05DF846
:1045E00004EB04F0C6BA00BF86F206084C32002481
:1045F00026FB0608A2F20608A9F2060802EC060845
:104600000AEC0608B0F20608901A002437B54D49A6
:104610004D484E4D04F044FA4D494B4804F029FAF8
:104620000A222968484804F076FA4A49464804F0C4
:1046300020FAFCF7DFFAA0B14749434804F019FA21
:10464000FCF72EFB07EE900A02233F48B7EEE77A0D
:10465000009353EC172B04F04BFB40493A4804F00D
:1046600008FA39483E4C04F015FA3E49364804F041
:1046700000FA0A222168344804F04DFA35493248DC
:1046800004F0F7F9FCF7B6FAA0B133492E4804F06C
:10469000F0F9FCF721FB07EE900A02232A48B7EE57
:1046A000E77A009353EC172B04F022FB2B492648A2
:1046B00004F0DFF9244804F0EDF92B49224804F016
:1046C000D8F92A4B0A222048196804F024FA214913
:1046D0001D4804F0E5F926491B4804F0CAF9296889
:1046E00002250A22184891FBF5F1494204F013FA19
:1046F0002049154804F0BDF9FCF70AFB0A220146DF
:10470000114804F036FA1C490F4804F0B2F9216848
:104710000A220D4891FBF5F1494204F0FCF91549D4
:10472000094804F0A6F9FCF7FDFA0A2201460648FA
:1047300004F01FFA1149044803B0BDE8304004F00A
:10474000AFB900BF37ED06084C320024881A0024A8
:1047500056ED0608A9F206085FED06082DF00608DA
:104760008C1A002463ED06086CED0608901A0024EC
:1047700075ED06088AED06088EED0608A3ED06081D
:1047800010B51D4C1D49204604F08AF91C492046ED
:1047900004F086F91B49204604F082F91A492046A4
:1047A00004F07EF91949204604F07AF918492046A8
:1047B00004F076F91749204604F072F916492046AC
:1047C00004F06EF91549204604F06AF914492046B0
:1047D00004F066F91349204604F062F912492046B4
:1047E00004F05EF91149204604F05AF920461049B8
:1047F000BDE8104004F054B94C320024C7ED06085F
:10480000E8ED060820EE060847EE06086EEE0608FC
:104810008DEE0608AFEE0608E3EE06082DEF06085B
:1048200068EF06089CEF0608BCEF0608F1EF0608E3
:104830000BF0060808B50C4B1B78072B01D00020A5
:1048400008BDFCF76DFD0028F9D0084B1B78002B44
:10485000F5D0FCF7CFF90028F1D0054B18780128E6
:104860008CBF00200120EBE77619002429190024D1
:10487000801A002438B51D4D2C78042C20D0A4F1CA
:104880000A035C425C411A4B1B78DBB100211948DA
:10489000FCF78EFCCCB10023174A18490C2013708A
:1048A000174A1370174B184A1A601B22174B1A70BD
:1048B000FEF7A8F816491748BDE8384004F0F0B8EC
:1048C0000124E0E7FBF7CAFFE4E72B78A3F1080235
:1048D000012A01D90D2BEDD10F4B1B78002B14BFF2
:1048E00007200520FDF7C6FDE4E700BF7619002488
:1048F000131A0024B6EC060829190024D3EC060884
:104900002A19002410000024C1EC06088119002493
:10491000F2EC06084C320024FE18002470B505465F
:104920002DED028B8EB004F02CFBAB68002B00F059
:104930009982294605A804F076FA05A804F015FB2B
:10494000AC4905A804F0B5FA10B1FFF719FF86E2EB
:10495000A94905A804F0ADFA10B1FFF7E1FD7EE228
:10496000A64905A804F0A5FA10B1FFF74FFE76E2BC
:10497000A34905A804F09DFA20B1A249A24804F079
:1049800078F811E0A14905A804F093FA0028F4D1C1
:104990009F4905A804F08DFA002800F087819D4901
:1049A000994804F066F8BAE09B4D0A2296482968B7
:1049B00004F0B1F89949944804F05BF8984C0A2245
:1049C00028682168411A904804F0A5F895498E4856
:1049D00004F04FF8944B02228B48196804F0BDF89C
:1049E0009249894804F045F8914B0A228648196893
:1049F00004F0B3F88F49844804F03BF88E4B102242
:104A00008148197804F0CCF88C497F4804F031F8DB
:104A10008B4B7D48D3ED007A0123B7EEE77A009304
:104A200053EC172B04F064F98649774804F021F819
:104A3000854B7548D3ED007A0323B7EEE77A0093F0
:104A400053EC172B04F054F980496F4804F011F827
:104A5000226803212B687E4C9B1A7E4D6A4807EE24
:104A6000903A95ED007A94F90030F8EEE77A0091EB
:104A700027EE877A07EE903AF8EEE77A67EE277A24
:104A8000B7EEE77A53EC172B04F032F972495E481F
:104A900003F0EFFFD5ED007A09235B48B7EEE77A24
:104AA000009353EC172B04F023F96C49564803F09C
:104AB000E0FF0A2294F90010534804F04EF86849C8
:104AC000514803F0D6FF674B4F48D3ED007A0223DD
:104AD000B7EEE77A009353EC172B04F009F962491B
:104AE000494803F0C6FF614B4748D3ED007A0223E3
:104AF000B7EEE77A009353EC172B04F0F9F85C4912
:104B0000414803F0B6FF5B4B5B4A19785B4B0029C9
:104B100014BF114619463C4803F0C2FF9FE1444BC5
:104B20000A223948196804F018F85549364803F044
:104B3000A0FF544C0A223448216804F024F8246869
:104B40001CB9314803F0A6FF89E14F4BD3E90001BE
:104B50001EF0E6FE07EE904A07EE100A4B49F8EE0B
:104B6000677A294887EE278A03F083FF484B264857
:104B7000D3ED007A0223B7EEE77A009353EC172BBC
:104B800004F0B6F84349204803F073FFB7EEC87A43
:104B900002231D48009353EC172B04F0A9F83E495B
:104BA000194803F066FF0A224FF40061164803F02B
:104BB000D4FF3A49144803F05CFFDFED397A022351
:104BC000114838EE678ADFED377A0093B0EEC88A75
:104BD00028EE278ADFED347A28EE278AB7EEC87AE6
:104BE00053EC172B04F084F82521074803F04EFFFF
:104BF000A7E700BFBCF40608C2F40608C6F406081E
:104C0000CCF40608D7F406084C320024CFFC060882
:104C1000E5F4060867F5060838190024F0F40608DC
:104C200034190024FBF40608D81A002402F50608FB
:104C30009C1A0024E6F00608751900240BF50608F6
:104C4000841900243BFB0608F81A002417F506080F
:104C50001A0000240C00002428F5060834F5060884
:104C600046F50608001B00244CF50608FC1A002433
:104C70005CF50608281900247C0B0708B2F4060826
:104C80007EF50608A419002450190024FCF106083A
:104C9000C01A002495F50608A6F50608B4F506081E
:104CA000000000450000C8420000003A764905A80F
:104CB00004F0FFF8002833D0744B1B780D3B012B18
:104CC00009D9FBF7D1FC30B9714B1B781BB971487E
:104CD00000F064FF01E070491DE700236F4A0021E6
:104CE000002013606E4A13606E4A13606E4A1360B0
:104CF0006E4A13606E4A13706E4A13606E4A1360F8
:104D00006E4A13606E4AC2E9000100226D490A60D2
:104D10006D490B606D4B6E491A606E4B1A60FAE676
:104D20006D4905A804F0C5F810B1FFF7A3FD96E0A2
:104D30006A4905A804F0BDF860B1544B1B780C2BF0
:104D400001D06749E7E66749674803F0A9FEFFF726
:104D5000A7FA84E0654905A804F0ABF858B1FFF75D
:104D600069FD08B96249D6E60022012311461046C2
:104D7000FCF778F973E0FFF75DFD08B95D49CAE615
:104D8000294608A804F04FF80BAC5B49204604F014
:104D900009F8214605A804F0B4F80646204603F0B9
:104DA000B6FF66B1AB6805222946204604F0B2F88A
:104DB000214608A804F041F8204603F0A8FF20226D
:104DC0002C210DEB020004F0C5F8002303AA4B4987
:104DD000039304930B93002308988DF80B300DF187
:104DE0000B03CDE9004304AB21F004FF03281CD1E1
:104DF0009DED037ADFED427AF0EEC76AF4EE676A62
:104E0000F1EE10FA11D8DDED046AB0EEE66AB4EE08
:104E1000676AF1EE10FA08D89DED0B6AF0EEC65AFB
:104E2000F4EE675AF1EE10FA04D936492E4803F031
:104E300020FE09E0012316EE102A16EE901A17EE56
:104E4000100AFCF70FF907E02946274803F032FE65
:104E50002D49254803F024FE08A803F058FF05A8B3
:104E600003F055FF0EB0BDEC028B70BD204603F081
:104E70004EFF08A803F04BFF05A803F048FF1EF003
:104E800035F9F3E7F5E7F7E7BCF5060876190024EE
:104E9000131A002480200024C5F5060838190024C0
:104EA000D41A0024341900249C1A0024DC1A00248B
:104EB000941A00248C1900243C190024A4190024FD
:104EC00050190024C01A0024E81A0024F81A0024FB
:104ED000F4F5060884190024BCEC06082AF6060836
:104EE00035F6060867F606084C3200246B0B0708F7
:104EF00098F60608CCF6060800F7060806F7060836
:104F0000FFFF7F7F12F7060832F7060810B5044648
:104F1000FBF745FB204610BD38B5074B0546044658
:104F200045F8283B09F0DCF92846FFF7EFFF20465B
:104F300009F0E2FA204638BD501A0708044BC36056
:104F400003460A6843F8042B002242605A60704707
:104F500044EA060813B50446019121B9FBF719FB91
:104F6000204602B010BD01A9FFF7E8FFF8E703688B
:104F7000184708B5FFF7FBFF08BD000038B50B4C1C
:104F80000B4D204609F09CF920460A4C2A460A4956
:104F90000DF01AF90949204603F004FF2A4620467D
:104FA0000749BDE838400DF00FB900BFD019002403
:104FB00000000024BC190024194F0408A02407088D
:104FC0000F8D040830B5202289B040213E4801F001
:104FD000F3FA2028044609D03B4C204601F067FB39
:104FE000002860D0204601F06CFBF6E7364801F05F
:104FF0005EFB1F28F0DD2246334D00240021684669
:1050000021F016FB284601F05CFB0DF8040001348A
:10501000202CF7D12C4C204601F049FB18B120463A
:1050200001F04FFBF7E79DF80030E32B1CD19DF812
:105030000130052B18D19DF80230202B14D19DF89A
:105040001F401F216846FBF7AFFA84420CD1684627
:10505000FCF758FC0446B8B16846FCF767FF1B4AEA
:105060001368013313600CE0194A136801331360AD
:10507000184A136801331360174A1378FF2B1ED1A7
:105080000024204609B030BD114A13680133136073
:10509000124A1368013313600F4A1378FF2BEFD0C5
:1050A00001331370EDE70A4A1368013313600C4AA9
:1050B000136801331360084A1378FF2B02D00133C1
:1050C0001370DDE70446DCE79C250024B0190024BA
:1050D000AC190024681900248019002470190024D8
:1050E0006C19002410B588B020220021684621F0F8
:1050F0009FFA6846FCF7C4FC4021104801F052FAC0
:10510000202269460D4803F08BFC044601210B4820
:1051100001F0BAFA202C0A4A08D138B909491070AE
:1051200001200B6801330B6008B010BD06491070F8
:1051300000200B6801330B60F6E700BF9C250024BC
:10514000D01A0024601900245C1900241C4B1B7821
:1051500010B5002B33D0FCF7E3F800282FD1194B02
:105160001B78022B01D90C2B29D1FBF77DFA30BB20
:10517000154B1C781CBB03F079FF144A1368C31A43
:10518000B3F57A7F1BD31060114801F0BCFA1048C8
:1051900001F03CFA0F490E4801F067FA0E4B0F4937
:1051A0001C700F4C0F4823680133236003F061FC2F
:1051B00021680A220B48BDE8104003F0FDBC10BD79
:1051C0003019002476190024131A0024EC1A002444
:1051D0009C250024A086010080190024FF040708F4
:1051E000981A00244C3200247FB51B4D1B4C1C4EDA
:1051F000284601F0C5FF68B3284602F033F8A368DB
:10520000C1B20A2901D00D2910D1002BF0D02146BE
:1052100001A803F008FE01A8FFF780FB01A803F036
:1052200076FD3146204603F00EFEE1E74F2B03D812
:10523000204603F033FEDBE73146204603F003FE51
:105240000849284603F02CFCD2E701A803F05FFDD3
:105250001DF04CFF04B070BD4C320024BC1900247A
:10526000A024070838EB060837B503F0FFFE7C4A98
:1052700013682BB17B49C31A0C689C4238BF0B6082
:10528000794D1060FCF7BAF8FFF7AEFFFBF714FAA0
:1052900003F0ECFE2B78044683B9744B40F6B7322A
:1052A0001B68C31A934209D9012371492B70714BB2
:1052B0001860714B1860714803F0F2FB2B7843B112
:1052C0006D4A1368E31A132B40F2BE801460FFF797
:1052D00009FFFBF739FA38B9694B1B780C2B03D05F
:1052E00068490620FDF78EFBFDF706FC0025FEF75A
:1052F00011FFFFF749F8FCF76DFFFBF72FFCFFF7F5
:1053000025FF614B614A1D70614B1D70614B1D7023
:105310001368E31AB3F57A7FC0F0A0805E4957485E
:10532000146003F0A6FB5D4B0A225448196803F091
:105330002AFC5B49514803F09CFB5A4B0A224F4818
:10534000196803F020FC58494C4803F092FB574B76
:105350000A224A48196803F016FC5549474803F0E9
:1053600088FB544B0A224548196803F00CFC52494B
:10537000424803F07EFB514B0A224048196803F073
:1053800002FC29213D4803F081FB4D493B4803F0D5
:1053900070FB4C4B0A223948196803F0F4FB4A4968
:1053A000364803F066FB494B0A223448196803F07B
:1053B000EAFB4749314803F05CFB464B0A222F4881
:1053C000197803F0EDFB44492C4803F052FB434BA2
:1053D0000A222A48196803F0D6FB4149274803F0FE
:1053E00048FB204B0A222548196803F0CCFB3D49B5
:1053F000224803F03EFB3C4B2048D3ED007A0123CA
:10540000B7EEE77A009353EC172B03F071FC3749A2
:105410001A4803F02EFB364B1848D3ED007A00955E
:10542000B7EEE77A53EC172B03F062FC31491348CF
:1054300003F01FFBFBF75CFF0A2201460F4803B095
:10544000BDE8304003F0AEBB0A4A1368E31A092BEB
:105450007FF63FAF1460FFF7B5FD3AE703B030BD0C
:10546000BC1A0024C819002430190024B81A0024DA
:105470008C050708B41A0024B01A00244C3200240A
:1054800076190024B605070879190024F01A0024BB
:105490007719002478190024DC050708B0190024C6
:1054A000E8050708AC190024F20507086C19002468
:1054B000F805070868190024FE050708701900247C
:1054C00004060708601900240B0607085C1900246D
:1054D00015060708D01A002420060708981A002489
:1054E0002C0607083B060708F81A0024460607089A
:1054F000841900244F06070810B54FF4E13186B037
:10550000514801F023FF514801F080F850494F48BD
:1055100001F0ABF823214F4800F073FD4E4800F036
:105520003DFB00214D48FAF713FF00214C48FAF7E4
:105530000FFF00214B48FAF70BFF00214A48FAF70A
:1055400007FF00214948FAF703FF00214848FAF70E
:10555000FFFEFBF783F9FBF7AFF8464902A8FFF718
:10556000F9FC6422002302A9434808F0D4FE02A8F3
:105570000124FFF7CBFC03F079FD404B404A186053
:10558000404B41491860414B1860414B1860002363
:105590002D4813703F4A13703F4A137003F080FA8E
:1055A0003E49294803F07CFA3D49274803F078FA40
:1055B0003C49254803F074FA3B49234803F070FA4C
:1055C0003A49214803F055FA394B1F48D3ED007A88
:1055D0000923B7EEE77A009353EC172B03F088FB0F
:1055E0003449194803F05CFA3349174803F041FA8B
:1055F0000094154810A3D3E9002303F079FB2F4949
:10560000114803F036FA00940F480DA3D3E90023A4
:1056100003F06EFB2A490C4803F042FA29490A4874
:1056200003F03EFAFFF7ACF806B010BD02A8FFF792
:105630006DFC1DF05BFD00BF0000000000688A40AB
:105640000000000000F074404C3200249C2500242F
:10565000A08601000C1F002480200024F01F0024DD
:10566000B81F0024801F00240C200024D41F002415
:105670009C1F002481030408D0190024B81A0024B8
:10568000301900249419002458060708B41A00247D
:10569000B01A00242F190024A01A00248F0607082E
:1056A000CC0607080F0707083B0707087807070815
:1056B0000C0000248DFD060899070708C407070899
:1056C000D1070708D6070708704710B504461C30F5
:1056D0000AF0B8FE204610BD10B504460AF0B2FE2E
:1056E000204610BD10B504466C3007F071FF04F180
:1056F000480007F06DFF04F1240007F069FF204621
:1057000007F066FF204610BD38B504460D461C2242
:10571000002120F08DFF204629460AF00FFF204689
:1057200038BD000038B504463421FFF7EDFF3521C0
:1057300004F11C00254DFFF7E7FF432104F1380079
:10574000FFF7E2FF632104F15400FFF7DDFF37218B
:1057500004F17000FFF7D8FF762104F18C00FFF709
:10576000D3FF972104F1A800FFF7CEFF7F2104F1BA
:10577000C400FFF7C9FF7A2104F1E000FFF7C4FF7E
:10578000042104F1FC00FFF7BFFF082104F58C7031
:10579000FFF7BAFF262104F59A70FFF7B5FF2A46F6
:1057A00040F6230104F5A87007F0A4FB2A4640F652
:1057B000220104F5E07007F09DFB2A4640F6010146
:1057C00004F50C7007F096FB204638BD0000C07F42
:1057D00010B504461221FFF797FF862104F11C0043
:1057E000FFF792FF792104F13800FFF78DFF99212F
:1057F00004F15400FFF788FF422104F17000FFF725
:1058000083FF832104F18C00FFF77EFF822104F1E6
:10581000A800FFF779FF332104F1C400FFF774FFFC
:105820000E2104F1E000FFF76FFF204610BD10B518
:105830000446A43007F01CFE04F1540007F018FEE3
:10584000201D07F015FE204610BD10B5044600F5DA
:105850008470FFF7ECFF2046FFF7E9FF204610BDFC
:1058600010B5044600F59C7007F0D2FB204610BD31
:105870002DE9F3414FF47A73002504464FF480720A
:10588000C561294604F59C76058404F52677C0E9B0
:105890000153224B03602023C0E9053589232830BA
:1058A00020F8063C4FF6FF7320F8043C20F8023C39
:1058B00020F0BEFEC4F8285184F834517D22C4F88B
:1058C0002C511821C4F83051304607F043FB2846CC
:1058D00003F09EFB05468D2003F09AFB80468A204C
:1058E00003F096FB009043462A462146384600F0D6
:1058F00025FE04F533731C220021184620F098FE83
:1059000000220D210AF004FE04E0304607F080FB7F
:105910001DF0ECFB204602B0BDE8F081E00C07086A
:1059200037B506214F4800F0D7F84F4A07214F48B6
:1059300000F030FA36214E48FFF7E6FE84214D484C
:10594000FFF7E2FE6A214C48FFF7DEFE2F214B48AD
:10595000FFF7DAFE4A48FFF78BFF4A4A4A494848B0
:105960000CF032FC4948FFF7DDFE464A48494748FB
:105970000CF02AFC9B21474807F00CFEA121464869
:1059800007F008FE6721454807F004FE2721444838
:1059900007F000FE002401253A4A42493D480CF038
:1059A00013FC7B237C2298213F48CDE9004500F081
:1059B00049F99A2387222D213C48CDE9004500F082
:1059C00041F90CE0354807F003FE334807F000FECC
:1059D000304807F0FDFD1DF089FBF6E7F8E7294A9E
:1059E000334931480CF0F0FB3248FFF7F1FE324802
:1059F00000F0F0FB314800F0EDFB7E213048FFF76E
:105A000083FE304800F0C4F91C2200212D4820F00C
:105A10000FFE012219212B480AF078FD194A2A4964
:105A200028480CF0D1FB1C220021284820F000FE61
:105A300000221E2125480AF06BFD1C22002124486B
:105A400020F0F6FD1F2122480AF05DFD0D4A214994
:105A50001E4803B0BDE830400CF0B6BB1248FFF75B
:105A6000E6FEB8E7981B002450250024A01B002464
:105A7000B41B0024D01B0024EC1B0024081C0024B1
:105A8000241C0024000000246158040890220024F3
:105A9000C9560408081B00242C1B0024501B00249A
:105AA000741B0024E556040880200024882100246B
:105AB0004B580408641F00240C1F0024602000249D
:105AC00064200024101F0024D95604082C1F002431
:105AD000481F0024CB560408014A018042607047E9
:105AE00050250024044B054A1A6001221A715A718C
:105AF00000229A71704700BF3025002440420F00F9
:105B0000D0F804310133C0F80431704738B5044689
:105B1000043007F07FFC054604F1540007F07AFCDE
:105B2000237840EA4500C4F8FC003BB903281ED1A5
:105B3000D4F800310133C4F8003107E0012B18D14B
:105B4000D4F8F830032B04D10028F1D0C4F8F800C1
:105B500038BD13B90328F9D1EAE7022B05D1012892
:105B6000F4D1D4F80031013BE5E7012BEED1022856
:105B7000F6E7022BEAD1D4F8F83080EA0302032AD0
:105B8000E4D09842E2D083EA6003D4F8002113F015
:105B9000010308BF4FF0FF33D31ACCE70023C0F84E
:105BA0000031C0F804317047D0F8FC007047D0F8DD
:105BB00000017047D0F80401704710B4D0E90034F8
:105BC00009686210E4075DF8044B01EB020044BF72
:105BD0008A58D35818470146043008B5FFF7EDFF3F
:105BE00008BD0000034A0346C26007C983E80700F6
:105BF000704700BF800B070810B586B004460391BC
:105C0000684606A980E80C0001E90C00204603A9BB
:105C1000FFF7E8FF204606B010BD37B56C460546D5
:105C200084E80C0094E80C00FFF7E6FF284603B078
:105C300030BD08B5FFF7CFFF08BD08B5FFF7F9FF86
:105C400008BD00002DE9F0470446061D8EB015463C
:105C500004F1540730469A469DF85C9007F0E2FB49
:105C60002946384607F0DEFB04F1A40851464046B9
:105C700007F0D8FB002384F800903046C4F80031C8
:105C8000C4F80431169BC4F8F43007F0C3FB054692
:105C9000384607F0BFFB002340EA45003A4D214655
:105CA00001936B460095C4E93E000CCB0AA8FFF7B0
:105CB000B4FF0AA9304607F0F9FB0AA8FFF726F956
:105CC000B9F1000F32D00023029521460AA80393B0
:105CD00002AB0CCBFFF7A1FF0AA9304607F003FC8B
:105CE0000AA8FFF713F9B9F1020F1FD10023049599
:105CF00021460AA8059304AB0CCBFFF78EFF0AA937
:105D0000384607F0D3FB0AA8FFF700F900230695F1
:105D10002146079306AB0AA80CCBFFF77EFF0AA922
:105D2000384607F0E0FB0AA8FFF7F0F8BAF1FF3FAA
:105D300010D0164B21460AA808930023099308ABFC
:105D40000CCBFFF76AFF0AA9404607F0AFFB0AA891
:105D5000FFF7DCF820460EB0BDE8F0870AA8FFF791
:105D6000D5F8404607F084FB384607F081FB304603
:105D700007F07EFB1DF0BAF9F0E7EFE7EEE7EDE79D
:105D8000EFE7F1E7F3E700BF0D5B0408015B0408F0
:105D900070470000C0E90112054A012110B5C26038
:105DA0000022044C027404604174827410BD00BF70
:105DB00000093D0066660640074B0121074A5974F9
:105DC0001A6007225A60064A9A60064ADA60002280
:105DD0001A749A74704700BF38250024666606401E
:105DE0005025002400093D0038B505460C4600F05A
:105DF0004EFA222806D1A4F10C030B2B0BD94FF03D
:105E0000FF3038BD284600F042FA2328F7D1082C8D
:105E1000F5D8032CF3D0A1B2284600F0F3F9F0E74F
:105E2000C1F307220023C9B200F012BA10B504462C
:105E300000F02DFA222840F0BA80002220461146B8
:105E400000F0F8F920460022012100F0F3F9204685
:105E50000022022100F0EEF920460022032100F08A
:105E6000E9F920460022072100F0E4F9204600224B
:105E7000062100F0DFF920460022052100F0DAF9C2
:105E800020460022042100F0D5F9204600220821F6
:105E900000F0D0F920460022092100F0CBF920467D
:105EA00000220A2100F0C6F9204600220B2100F052
:105EB000C1F900222046114600F0D9F920460022FF
:105EC000012100F0D4F920460022022100F0CFF990
:105ED00020460022032100F0CAF9204600220721B3
:105EE00000F0C5F920460022062100F0C0F9204646
:105EF0000022052100F0BBF920460022042100F019
:105F0000B6F920460022082100F0B1F9204600220F
:105F1000092100F0ACF9204600220A2100F0A7F97F
:105F2000204600220B2100F0A2F920460122172171
:105F300000F09DF920460122162100F098F9204634
:105F40000122152100F093F920460122142100F0CE
:105F50008EF920460122132100F089F92046012202
:105F6000122100F084F920460122112100F07FF96E
:105F700020460122102100F07AF9204601220F214B
:105F800000F075F9204601220E2100F070F920463C
:105F900001220D2100F06BF920460C21012200F0B6
:105FA00066F920460021BDE81040FFF739BF2046C2
:105FB0000122082100F05BF920460122052100F0B2
:105FC00056F920460122042100F051F92046012211
:105FD000022100F04CF901222046114600F047F959
:105FE00020460122002100F042F92046012207212B
:105FF00000F03DF9204601220621BDE8104000F0E6
:1060000036B938B5054600F040F9284600F0E6F804
:10601000044610B12846FFF709FF204638BD0000AE
:10602000014800F0D7B800BF4C2500242DE9F74FF8
:106030000D9C1746009382468B46BDF8308003F0D6
:1060400015F8274B00268146002C08BF1C46402F20
:106050003B463546A8BF40230193B74230DD236855
:1060600051462046DB6A98472368594620461B68FC
:106070009847236820465B6B9847BA1B23685146B4
:10608000402A2046DB6BA8BF402298472368204661
:106090001B69984788B1B8F1000F08D123682046E2
:1060A0005B699847009B58550135EDB2EEE702F069
:1060B000DDFFA0EB09004045F0D3019B1E44CCE777
:1060C000B8F1000F08D002F0D1FFA0EB0900404565
:1060D00002D3BD4238BFFF2568B203B0BDE8F08FE0
:1060E0009C25002413B5049CCDE9003413460122FD
:1060F000FFF79CFF02B010BD30B585B01C461546B9
:10610000099B0DF10F020093BDF82030FFF7EAFF65
:1061100001229DF80F30AA401A40227005B030BD10
:10612000F8B5069C1D46114B16460F46013D002C46
:1061300008BF1C4601462E4423682046DB6A984768
:106140002368394620461B689847B542236805D026
:106150001B68204615F8011F9847F6E75B6B204641
:106160009847B0FA80F04009F8BD00BF9C25002494
:106170001FB504AC04F8012D012200932346FFF75C
:10618000CFFF04B010BD00002DE9FF410A9C1F465F
:106190000F4B90460DF10F0205461B880E460094EA
:1061A000FFF7A0FF01229DF80F3002FA08F252B269
:1061B0005FB11A43D2B22346314628468DF80F20EC
:1061C000FFF7D6FF04B0BDE8F08123EA0202F2E750
:1061D0001C000024222303707047000007B5002133
:1061E000074A034600780191128801330092032286
:1061F000FFF71CFFC31E5842584103B05DF804FB73
:106200001C000024002301F0070213B504460078A7
:106210000193C1F3C701064B1B880093631CFFF772
:106220006BFF6078003018BF012002B010BD00BFC6
:106230001C00002413B5CC0800230078043400931C
:10624000134601F00702E1B2FFF79EFF02B010BD56
:1062500013B5C37000230478417084218270032237
:106260000093431C2046FFF75BFF02B010BD13B53F
:10627000CC08002300780C340093134601F0070289
:10628000E1B2FFF781FF02B010BD017070470078E6
:10629000704710B5C36886B001228DF80F100DF15C
:1062A0000F01186803680092DC680DF11703A0471E
:1062B0009DF8170006B010BDF8B5427A0446036891
:1062C0000E46CFB29B680D0A62B9394698472368DB
:1062D00060F3070629469B682046984760F30F261F
:1062E000B0B2F8BD29469847236860F30F263946B7
:1062F0009B682046984760F30706F1E7C36813B52B
:10630000186803680092DC680B46A04702B010BD15
:10631000704770477047C36810B5044653B118689A
:1063200040B103685B6898470421E0680CF0D2F93B
:106330000023E36010BD10B5044618210CF0CAF923
:10634000204610BD436873B599426D4604460E461B
:1063500085E8060005D18268019B534033F07F43F6
:1063600011D0E36808219DF80420186807F071FB3C
:10637000E3683146186807F08AFB0098A988AA7973
:1063800060602181A27202B070BD73B5C568044619
:1063900025B904200CF06AF9E0600560E3681B6829
:1063A00083B94FF0FF3674200CF060F9B4F9143063
:1063B000B4F910200546B4F91210009607F04EFC0F
:1063C000E3681D6002B070BD742128460CF082F9AC
:1063D0001CF08CFE38B50A2002F02EFE054608207F
:1063E00002F02AFE0446092002F026FE094B0A4A62
:1063F0000121988218461A60002259725A601A7256
:106400009A72DA601D825C82044A0549BDE8384010
:106410000BF0DABE50250024940B0708000000247E
:1064200015630408002070470268322313B50093F7
:10643000946A40F21342A04702B010BD13B504683D
:1064400000931346A46A40F21342A04702B010BD65
:1064500013B5322304680093A46AA04702B010BDAC
:10646000006903681B691847006903689B6918473E
:10647000006903685B69184700690368DB681847AF
:106480000120704770B504460D4616460499C56252
:106490002286026A002A08BF1A46436A002B18BFE8
:1064A0001946026241628069002807DB0121C0B2FF
:1064B00002F03EFE0021207E02F0BEFEE0690028D0
:1064C00007DB0121C0B202F033FE0121207F02F080
:1064D000B3FE002320693246294684F82830036839
:1064E000BDE870401B6A184710B504460069036890
:1064F0005B6A9847A069002807DB0021C0B202F060
:106500009BFE0021207E02F013FEE069002809DBDB
:106510000021C0B202F090FE207F0021BDE81040B3
:1065200002F006BE10BD034690F8280018B11869A5
:1065300003681B68184701225A60704770B5002530
:106540004FF47A768361049B456280F82850C0E955
:106550000156034EC0E904120660C0E9073570BD5C
:10656000D00B07080A4B00224FF47A7101205A62BF
:1065700083F82820C3E901210649196006491961F9
:106580001521C3E905011421C3E90712704700BFB3
:1065900068250024D00B0708A42E00240368C9B284
:1065A0001B68184749000023C161C0F82C327047AE
:1065B000036801211B6B184710B403689C6B01230F
:1065C000A4465DF8044B6047D0F82C32B3F5807FC9
:1065D0001FBF5A1CC0F82C22C01880F82C1114BF01
:1065E0000120002070477047C0F830127047C0F893
:1065F00034127047D0F828312BB1D0F82431184428
:1066000090F8200070474FF0FF30704738B50368AE
:1066100004465B6A9847FC200CF028F8B4F91A206D
:10662000B4F91810054606F077FE656138BDFC2107
:1066300028460CF04FF81CF059FD38B5D0F82C3234
:106640001446054600F596701A441844B2F5807F4A
:1066500088BFC3F5807422461FF0ECFED5F82C32BB
:1066600020462344C5F82C3238BD38B5044640696D
:106670000D4608B106F069FD206920B12946BDE844
:10668000384006F0A1BE38BD07B581F0010100F524
:1066900096720091D0F82C32C169406906F068FD0D
:1066A000002814BF0220002003B05DF804FB10B5E1
:1066B00004460BF0A9F9D4F828410BF0BBF92046A9
:1066C00010BD10B504460BF09FF9D4F82831BBB1CA
:1066D000D4F82831A3B1D4F82431234493F820000E
:1066E000D4F824310133DBB2C4F82431D4F8283192
:1066F000013BC4F8283104460BF09CF9204610BD3C
:106700004FF0FF34F8E710B50446406920B1036844
:10671000DB6898470023636123699BB1D4F8380292
:106720000CF09FFAD4F838020CF0FFFAD4F83802D3
:1067300010B103685B6898479C2120690BF0CAFF81
:106740000023236110BD70B5B2F5807FC2B083F025
:106750000103044628BF4FF4807202AE0093490043
:10676000154613464069324606F021FDC8B9A842D5
:1067700018D0D4F82831B3F5807F10D0D4F8203168
:10678000325C234483F82020D4F820310133DBB27B
:10679000C4F82031D4F828310133C4F8283101304D
:1067A000E5E70025284642B070BD70B50446C0B08C
:1067B0000025206906F011FE0328FAD8DFE800F072
:1067C0005F021E1ED4F8343203B19847D4F82C323D
:1067D000002BEED00BF018F994F82C6204F59671AA
:1067E000684632461FF026FEC4F82C520BF022F900
:1067F00032466946206906F0F4FDDAE7F022694680
:10680000206906F0ECFD06460BF0FEF80022C4F805
:106810002051C4F82451C4F82851B2421DDAD4F8EA
:106820002831B3F5807F18D0D4F82831B3F5807FB4
:1068300011D0D4F820311DF80210234483F8201021
:10684000D4F820310133DBB2C4F82031D4F8283138
:106850000133C4F828310132DFE70BF0EBF823688D
:1068600020461B6998470028A3DDD4F83062002E2B
:106870009FD0236820461B699847B04799E702F0EC
:1068800025FC96E70022C2607047000038B500255D
:106890004FF47A7304460183428329464FF4807291
:1068A000C0E901530A4BC0E90455036020301FF0D2
:1068B000BFFEC4F82051C4F82C522046C4F824511D
:1068C000C4F83052C4F82851C4F8345238BD00BF5F
:1068D000240C070810B504460021FFF7D3FF20461B
:1068E00010BD10B4D0E9003409686210E4075DF807
:1068F000044B01EB020044BF8A58D35818470146A5
:10690000043008B5FFF7EDFF08BD0000034A034659
:10691000C26007C983E80700704700BF040C07087E
:1069200010B586B004460391684606A980E80C00BD
:1069300001E90C00204603A9FFF7E8FF204606B056
:1069400010BD37B56C46054684E80C0094E80C0091
:10695000FFF7E6FF284603B030BD00002DE9F04107
:106960000368054688B00E465B6A98479C200BF08A
:106970007DFEB5F91A20B5F91810044606F00AFD97
:10698000710020462C6106F021FDBC200BF06EFE4C
:1069900004460646234B04F1400746F8043B3046C4
:1069A000FFF798FF002138460CF0D6F804F15408A0
:1069B00040460CF06FF81C4B4FF400621821204643
:1069C000009300230CF042F9184B294604A8C5F89F
:1069D000384202930023039302AB0CCBFFF7B1FFC5
:1069E00004A920460CF0DCF910E040460CF092F8C7
:1069F00038460CF0DAF83046FEF788FABC2120461B
:106A00000BF068FE1CF072FBF2E7F4E704A8FEF757
:106A10007DFA08B0BDE8F0819C21F0E704A8FEF7FC
:106A200075FAEFE74C2B0708100C0708AB67040852
:106A300008B5FFF764FF08BD08B5FFF7F9FF08BD0B
:106A400010B50B2002F0F8FA04460C2002F0F4FA1C
:106A5000214602460748FFF719FF1622172106486C
:106A6000FFF714FF7B227C210448BDE81040FFF7AC
:106A70000DBF00BF9C250024D8270024142A002421
:106A8000002070470020704730B5A1F110040025A8
:106A900000F00F02CD7302390009D3B2092ACCBF2E
:106AA000373330330B748C42F2D130BD2DE9FF47C0
:106AB0000024061D05468A469046994600942346C2
:106AC0004FF0FF32B1213046CDE9014406F0E4FE3B
:106AD00029682846DDE90C23CDE9002342464F69A9
:106AE0004B465146B847009423464FF0FF32C12130
:106AF0003046CDE9014406F0CFFE204604B0BDE8A3
:106B0000F0872DE9D04F9B460368924604469B6A66
:106B1000DDE90889984702460B46504659461CF065
:106B200095FF134302D00020BDE8D08F2368204694
:106B30009B6A984702460B46404649461CF086FF32
:106B40001343F0D11AEB0806236820464BEB0907E4
:106B50009B6B9847B94208BFB0422CBF0120002070
:106B6000E2E701682DE9F04114461D46096B06462F
:106B7000884702460B46204629461CF067FF134310
:106B800002D00020BDE8F081DDE906233046A718D9
:106B900045EB030817F1FF323368196B48F1FF33F7
:106BA000884702460B46384641461CF04FFF1343C8
:106BB000E7D1336830469B6B9847414508BFB842E0
:106BC0002CBF01200020DDE72DE9D04F9B46036854
:106BD000924604465B6ADDE90889984702460B46FF
:106BE000504659461CF032FF134302D00020BDE846
:106BF000D08F236820465B6A984702460B46404682
:106C000049461CF023FF1343F0D11AEB0806236812
:106C100020464BEB09079B6B9847B94208BFB0422F
:106C20002CBF01200020E2E7C2207047244830B585
:106C3000037887B0BFF35B8F13F001041CD10BF016
:106C4000D3FAC8B11F4B66223B211F48CDE903434D
:106C50005A23CDE901323D233C22009357230DF006
:106C60006DFA194C194B164823600BF0DFFA184ADD
:106C7000204618490BF0A8FA13480DF099FC164D60
:106C80001A22002329461048CDE9002300230022C0
:106C9000FFF70CFF2B780446B52B04D10F4B0122D4
:106CA0001D600F4B1A7008480DF0DEFAB4FA84F03C
:106CB000400907B030BD02480BF0C0FC1CF016FACA
:106CC000742C0024005A6202802C00247C0C0708DB
:106CD00000000024916E0408882E00242000002467
:106CE000782C002410B504460EF0FEF82146FFF77C
:106CF000CBFE0EF0FFF804F11001FFF7C5FE0EF019
:106D0000FFF804F12001FFF7BFFE302010BD0000A6
:106D100008B54DF659720021074814F037FBBFF350
:106D20004F8F0649064BCA6802F4E0621343CB60FA
:106D3000BFF34F8F00BFFDE7502C002400ED00E0B3
:106D40000400FA0510B50446F9F729FC204610BDE9
:106D5000064B10B504460360806A08B10AF058F883
:106D6000201DFFF7EFFF204610BD00BF1C190708CC
:106D700000B5C3B01622172103A806F0CDFA4FF4D0
:106D8000A17302AA1021ADF80830002303A80093D4
:106D9000022306F0EDF903A8FFF7DAFF43B05DF830
:106DA00004FB03A8FFF7D4FF1CF0A0F91D4B012141
:106DB0001D4AA62070B51A6002F004FA0121A6202F
:106DC00002F080FAFFF7D4FF184B43F2D2021A60A8
:106DD000FFF72CFF164B1B7833B1164B1B689A88B4
:106DE00040F209439A421BD8134B9B6D03F4604356
:106DF000B3F5004F14D002F039F9104D044602F0FB
:106E000047F9064602F044F9801BA842FAD902F07D
:106E10002DF9001B642803D0BDE8704019F08AB931
:106E200070BD00BF502C00240040005800400052AC
:106E3000782C002420000024004402589F86010082
:106E400010B50446FFF784FFFC2120460BF042FCFE
:106E5000204610BD38B5074B0546044645F8BC3BF7
:106E60000DF002FA28460BF055FE201D06F054FDE9
:106E7000204638BD7C37070810B50446FFF7EAFF07
:106E80004FF4027120460BF025FC204610BD000097
:106E9000034B10B504460360FFF7DCFF204610BD2E
:106EA0007C0C070810B50446FFF7F2FF4FF402719F
:106EB00020460BF00FFC204610BD70B590F8343121
:106EC00005461446F3B90368DB69984704F4706318
:106ED00004F00F02B3F5407F04F0F0030CBF07216C
:106EE0000821302B0CBF02230123012A08D0901E59
:106EF00042424241A869BDE87040006806F0D6BF32
:106F00000222F7E770BD10B590F8343104462BB972
:106F1000A369186807F00EF80028F9D010BD38B53D
:106F200090F834510446A5B983695BB1186848B13B
:106F30000368DB689847A36904211D60A0690BF012
:106F4000C9FBA5610023C4F82831C4F82C31C4F86A
:106F5000303138BD13B590F8343104466BBBA369AA
:106F6000186806F0BBFF40B30AF04EFDA36901228A
:106F70000DF10701186803685B699847D4F8303150
:106F8000B3F5807F16D0D4F83031B3F5807F11D0BF
:106F9000D4F828319DF80720234483F82820D4F81A
:106FA00028310133DBB2C4F82831D4F83031013351
:106FB000C4F830310AF03EFDD1E702B010BD000048
:106FC00008B590F834313BB1012002F06DF8064865
:106FD000BDE8084001F051BA82691AB11368003364
:106FE00018BF0123184608BD1839002470B504469F
:106FF0000D4601F042FA30B12368294620461B6C49
:10700000BDE87040184770BDA0F59860EEE700003D
:1070100013B590F8343104468DF807102BB1C9B27E
:107020000B48FFF7E3FF02B010BDA369186806F034
:1070300081FF0028F9D0A36901220DF1070118682A
:1070400003681B699847013018BF0120EBE700BFB8
:10705000183900242DE9F04107468846164601F00C
:107060000CFA80B10024A6420ED9351B08EB0401AE
:107070003846B5F5007F28BF4FF400752A462C44EA
:1070800000F044FFEFE704462046BDE8F081A0F59C
:107090009860DFE770B590F8343105460E46144627
:1070A0002BB10F48FFF7D6FF0446204670BDAB69F1
:1070B000186806F03FFF0028F9D0AB690121186875
:1070C000D0F8883088301B6B9847AB692246314630
:1070D000186803681B699847013008BF0024E4E77B
:1070E0001839002430B50446C3B001F0B1F90546A3
:1070F000D4F8D835C3F58073984203DDD4F8D85559
:10710000C5F580752A4601AB02A9204600F0F5FFBF
:10711000019902AB00226D1A1D44D4F8D835B3F59D
:10712000807F19D08A4217D0D4F8D835B3F5807F44
:1071300010D0D4F8D035A85C234483F8D004D4F818
:10714000D0350133DBB2C4F8D035D4F8D8350133AB
:10715000C4F8D8350132E0E743B030BD38B5044655
:1071600000F0BCFB2046FFF7BDFFD4F8D855204601
:1071700000F0BCFB284638BDA0F59860EEE70000A3
:1071800010B590F8343104462BB10648FFF7E6FFFE
:107190000446204610BD0AF037FCD4F830410AF00E
:1071A00049FCF6E71839002438B5044600F096FB90
:1071B0002046FFF797FFD4F8D8354BB1D4F8D43533
:1071C000234493F8D054204600F090FB284638BD65
:1071D0004FF0FF35F7E7A0F59860E5E710B590F8B8
:1071E000343104462BB10B48FFF7DEFF044620463E
:1071F00010BD0AF009FCD4F830313BB1D4F82C01B1
:10720000044494F828400AF015FCF0E74FF0FF34EE
:10721000F9E700BF1839002438B5044600F05EFBDA
:107220002046FFF75FFFD4F8D835A3B1D4F8D435A2
:10723000234493F8D054D4F8D4350133DBB2C4F8E6
:10724000D435D4F8D835013BC4F8D835204600F001
:107250004DFB284638BD4FF0FF35F7E7A0F59860A5
:10726000DAE7000010B590F8343104462BB111482C
:10727000FFF7D2FF0446204610BD0AF0C5FBD4F844
:1072800030319BB1D4F82C31234493F82800D4F842
:107290002C310133DBB2C4F82C31D4F83031013B4E
:1072A000C4F8303104460AF0C5FBE4E74FF0FF3480
:1072B000F9E700BF1839002408B54FF480720021A7
:1072C0001FF0B6F90022C0F80021C0F80421C0F870
:1072D000082108BD10B4D0E9003409686210E40741
:1072E0005DF8044B01EB020044BF8A58D35818479D
:1072F0000146043008B5FFF7EDFF08BD034A034619
:10730000C26007C983E80700704700BFCC0C0708BC
:1073100010B586B004460391684606A980E80C00C3
:1073200001E90C00204603A9FFF7E8FF204606B05C
:1073300010BD37B56C46054684E80C0094E80C0097
:10734000FFF7E6FF284603B030BD000070B590F8A7
:10735000343186B004460E46002B3BD1856925B9F1
:1073600004200BF083F9A0610560A369186850BB85
:107370008C200BF07BF93346B4F922200546B4F992
:10738000201007F05FF9A3691D60B4F92420531C95
:1073900006D0A0690321B4F92630006807F062F92D
:1073A000A3691D68B5B1114B0026214602A80093C0
:1073B0006B4601960CCBFFF7BCFF324602A928466C
:1073C00006F026FE03E0314606F05DFDDDE702A88B
:1073D000FDF79CFD06B070BD8C2128460BF07AF9B4
:1073E0001BF084FE02A8FDF791FDF9E7556F040834
:1073F00008B5FFF77DFF08BD08B5FFF7F9FF08BD29
:107400002DE9F84300242D4D4FF47A782C4F202697
:1074100005F128002F60EC61C5E90148C5E9056464
:10742000FFF74AFF01230E2085F8343101F004FEF6
:10743000244D81460D2001F0FFFDA5F820904FF668
:10744000FF79688405F128002F60EC61A5F824908D
:10745000A5F82690C5E90148C5E90564FFF72CFFAA
:1074600085F834410F23184D2B84562305F128004D
:107470002F606B845823EC61AB845923C5E9014824
:10748000EB84C5E90564FFF717FF85F834419823BD
:107490000E4D2B84992305F128002F60EC616B843D
:1074A000A5F82490A5F82690C5E90148C5E905642A
:1074B000FFF702FF85F83441BDE8F8834C32002421
:1074C000E00C0708A42E0024DC2F00241431002433
:1074D000002070477047704710B5D0F88C452CB12C
:1074E00023682046DB6A9847A468F8E710BD38B5E2
:1074F0000D46D0F88C4534B1236820462946DB6818
:107500009847A468F7E738BD00487047AC0D0708F6
:10751000054B10B50446036008F019FB204608F03F
:1075200027FC204610BD00BF2C0D070810B50446EF
:10753000FFF7EEFF4FF4B26120460BF0CBF8204688
:1075400010BDF7B5002305460E46D0F88C45A4B112
:10755000236831460DF1030220461F6901ABB8478D
:107560009DF803100346042905D0019A284607F028
:10757000FDFD03B0F0BDA468E9E7019A9DF8031092
:10758000F4E770B505460E4622B10021BDE8704013
:1075900007F0F8BBD0F88C455CB123680022314677
:1075A00020465B69984710B101212846EEE7A468A0
:1075B000F2E72146F9E770B50E460546D0F88C454E
:1075C00000213CB12368314620469B699847A46856
:1075D0000146F6E72846BDE8704007F0C7BCF8B59D
:1075E00005460E461746D0F88C453CB12368204628
:1075F0003A463146DB699847A468F6E728460121F8
:10760000BDE8F84007F010BD70B5002186B0044613
:1076100007F0F7FE00234FF48975A188EF26ADF837
:1076200006302389ADF8045002258DF810301B0A6E
:10763000E2888DF8113040F201238DF80750ADF843
:10764000123040F203138DF809500125ADF81430C3
:1076500004F10A038DF8086005AE8DF80A501C4647
:107660008DF80C1001AD090A8DF80E20120A8DF864
:107670000B008DF80D108DF80F202A46083303CA31
:10768000B24243F8080C43F8041C1546F5D11288A1
:1076900020461A8006B070BDF8B5002406460D4697
:1076A000274630461FF00CFDA04207D9335D05F890
:1076B000143005EB440301345F70F2E7400000F042
:1076C000FE00F8BD38B50446D0F88C5535B12B68AE
:1076D00028465B6A984710B9AD68F7E7284640F23C
:1076E000023304F24A51A4F84835FFF7D5FF94F865
:1076F0004835184484F8480504F5A96038BD0000F1
:1077000040F2023300F20A5110B50446A0F80835E1
:107710000548FFF7C1FF94F80835184484F80805B8
:1077200004F5A16010BD00BF180D070840F2023338
:1077300010B50446A0F8C83400F2CA40FFF7D2FAE8
:1077400094F8C834184484F8C80404F5996010BD4E
:107750002DE9FF4100231D4A044600F54E788DF8BF
:107760000A30092590F888350192FA228DF8083000
:1077700001238DF80C208DF80930C0238DF80B30D3
:1077800001AB03CBC4F83803C8F8041088F808200C
:10779000D4F88C658EB13368002130469B689847D9
:1077A000478805F54E7300F10901093FE0183A4694
:1077B0003D441EF03FFEB668ECE784F83A5340467D
:1077C0002D1284F83B5304B0BDE8F0810902FFFF9D
:1077D00073B504460D46164616F010FF4FF480733D
:1077E00001462A4620460093334608F07DFA024BB4
:1077F0002046236002B070BD2C0D070810B5D0F8EC
:107800008C350446A3B9C0F88C1594F88835084621
:107810004A790B7194F88835134484F888350B68DD
:107820009B6A9847238918442081012010BD134684
:107830009A68002AFBD19960E7E71FB5044607F074
:10784000DBFD0146684606F0D5FF4021684607F09B
:1078500043F8D4F88C4534B12368694620461B6A46
:107860009847A468F7E7684606F0CBFF04B010BD60
:10787000684606F0C6FF1BF039FC10B50446FFF75A
:10788000DCFF2046BDE8104007F09DBD0F4808B55D
:107890000378BFF35B8FDB0711D40AF0A5FC70B14E
:1078A00040F25B2242F241310948FFF791FF07485D
:1078B0000AF0BCFC074A084905480AF085FC044860
:1078C00008BD02480AF0BAFE1BF010FC8433002405
:1078D00088330024000000241175040810B5FFF758
:1078E000D5FF0368BDE810405B6F184710B5FFF780
:1078F000CDFF0368BDE810409B6F184710B5FFF738
:10790000C5FF0368BDE81040DB6F184707F01AB9E0
:1079100007F02EB907F006B9704770477047436A01
:1079200093F878007047D0F8A4047047012070479E
:1079300000487047180F07082DE9F04794B0044637
:107940000F464B22002101A81EF072FE2679D4F8C2
:10795000A434751C94F80E90002B94F80C80EDB2B2
:1079600094F80DE014BF05200020002F40F0938014
:1079700040F2092309218DF81D0042F20540ADF8BF
:1079800004304FF481738DF815100121ADF80830E3
:107990008023ADF81E0010208DF80B3032234FF0FD
:1079A000040A24278DF80C3008234FF0030C4B22D7
:1079B0008DF80D300B238DF819101D348DF80E3015
:1079C00040F202238DF81C10ADF8103002238DF820
:1079D000210005208DF822108DF825108DF8271034
:1079E00006218DF806208DF80F608DF812308DF885
:1079F00017608DF81A308DF81B308DF823008DF844
:107A000026C08DF82A308DF82B108DF82C008DF8BB
:107A100016A08DF824708DF828A08DF829708DF8A7
:107A20002D708DF82E1007218DF82F6041F202067F
:107A30008DF831108DF8411040F207518DF830501B
:107A4000ADF8366040F209468DF83A5040F602250E
:107A50008DF832008DF842002046ADF848100DEB4D
:107A60000A018DF833908DF834C0ADF83860ADF868
:107A70003C508DF843808DF844308DF846308DF8B9
:107A80004AE08DF84B308DF84D301EF0D3FC204687
:107A900014B0BDE8F0870020FAE700000A4B10B5EB
:107AA00004460360FFF7F2FE08F051F804F5247075
:107AB00006F0ACFF04F17C0006F0A8FF04F17000B2
:107AC00006F0A4FF204610BDD80E070810B50446E6
:107AD000FFF7E4FF4FF4956120460AF0FBFD2046D6
:107AE00010BDFFF70BBF0000034B10B50446036049
:107AF00006F048FE204610BDF40D070810B50446F8
:107B0000FFF7F2FF282120460AF0E4FD204610BDD1
:107B1000034B10B50446036006F034FE204610BD4A
:107B2000C40D070810B50446FFF7F2FF34212046C4
:107B30000AF0D0FD204610BD034B10B5044603608B
:107B400006F020FE204610BDDC0D070810B50446E7
:107B5000FFF7F2FF382120460AF0BCFD204610BD99
:107B600038B51E4B0D4604464FF400721968C0F834
:107B70000F1099889B79A0F81310022143752846AD
:107B800006F0A0FE4FF4007220730221284606F092
:107B90009EFE4FF4007260730321284606F092FEA9
:107BA000A073284606F02EFE20B9AF220C490D48DE
:107BB00009F032FE04F185020023C4F8882204F2A1
:107BC000992284F8783084F88430C4F88C3284F8B0
:107BD0009832C4F89C24C4F8A03438BD100E0708AD
:107BE000B30E0708BE0E07082DE9F34104460E4602
:107BF0001546FFF783FEF28823799A4237D1002D8C
:107C000035D17778012F2ED1F378202B27D13289E7
:107C1000072A24D104F10F0804F11605404629462D
:107C20001EF0D6FBD0B1D4F81630C4F80F30638BF9
:107C3000207CE17BA4F8133001EB0021E57C607C23
:107C4000237F01EB00410095A07C2568637501EB63
:107C50000061237D2046627D6D6BA8473D46F37829
:107C6000212B08BF0125284602B0BDE8F081002580
:107C7000F9E710B50446FFF741FEFFF707FE217B49
:107C800007F002FE04F1850304F17C00C4F8883299
:107C90000023C4F88C3284F8843006F06CFE94F82B
:107CA00084302BB923682046DB6BBDE810401847B1
:107CB00010BD000070B50446FFF720FED4F8A054B4
:107CC0002DB140F2DD120F490F4809F0A5FD04F275
:107CD0009923C4F89C34FFF7D9FD617B07F032FD8E
:107CE00084F89852C4F8A00404F5247006F043FE0A
:107CF00094F898322BB9236820469B6BBDE87040FE
:107D0000184770BDB30E07081C0E070802232DE9A3
:107D1000F041437100230446054683609046144BAE
:107D200004F17C0645F8703B284606F017FE304605
:107D300006F014FE04F52477384606F00FFEC4F86A
:107D4000A484FFF7A3FD2146FFF758FD0CE0384659
:107D500006F05CFE304606F059FE284606F056FE58
:107D60001BF0C4F9F6E7F8E72046BDE8F08100BF54
:107D7000D80E070870B504460D46FFF7BFFD84F81E
:107D80007850002D3ED194F8843033B1FFF77EFD5A
:107D9000217B07F051FB84F8845004F1850304F142
:107DA0007C0600253046C4F88832C4F88C5206F0B0
:107DB000E2FD304606F0D8FD28B94FF4A27214490E
:107DC000144809F029FD94F8983233B1FFF75EFDAD
:107DD000217B07F031FB84F8985204F2992304F5D3
:107DE0002475C4F89C3400232846C4F8A03406F057
:107DF000C2FD284606F0B8FD20B94FF4A772044929
:107E00000548DEE704F17000BDE8704006F0B3BD40
:107E1000B30E07082A0E07083B0E070810B50446E4
:107E2000FFF76CFD00212046BDE81040FFF7A2BF20
:107E300038B50D460446FFF761FD042D05D02046F8
:107E40000021BDE83840FFF795BF38BDF8B51646AC
:107E500004460D461F46FFF751FD0423EA883370A0
:107E600023799A4225D16978012922D1EA78212AF9
:107E700008D0222A0BD0202A4FF000001BD13070EE
:107E8000163401E00F34317007203C60F8BDAB8838
:107E9000204613F0010308BF1946FFF76BFFAB88BC
:107EA00003F00103E366AB8803F00203A366022339
:107EB00033700020EAE703233370E7E710B58AB098
:107EC0000446FFF70BFD684606F04CFC0D4B694677
:107ED00004F170000093099406F065FD2046FFF759
:107EE00005FD094B002168461A6806F001FC68464A
:107EF000FFF7FAFD0AB010BD6846FFF7F5FD1BF06D
:107F0000F5F800BFF40D0708180E070870B58EB01D
:107F100004460E461546FFF7E1FC01A806F022FCD8
:107F2000114B01A904F17C00019300230C958DF8FD
:107F30003430CDE90A4606F036FD2046FFF7D6FC80
:107F40000A4B002101A81A6806F0D2FB04E001A840
:107F5000FFF7DEFD1BF0CAF89DF8344001A8FFF7DB
:107F6000D7FD20460EB070BDC40D0708180E0708D7
:107F700010B50446FFF7C2FC94F884307BB9D4F8FE
:107F80008C3263B1FFF782FCD4F88C3204F18502A5
:107F9000217B07F017FC10B1012384F8843010BD59
:107FA0002DE9F8431E460446894690469DF8207008
:107FB000FFF794FC0023336094F87830E3B194F831
:107FC0008430CBB9D4F88C52C5F50075454528BF2F
:107FD0004546B8F1000F05D02A464946D4F8880234
:107FE0001EF028FAD4F88C322B44C4F88C32356059
:107FF00017B12046FFF7BCFF2046BDE8F843FFF766
:1080000075BCF0B50446406A85B0012690F87850FA
:108010002DB984F830503546284605B0F0BD04AB84
:108020000027D4E90A1243F8047D0096FFF7B8FF51
:108030000399E36AA26A5B1A0A44E362A26213B973
:1080400084F83060E8E7606A3D46FFF791FFE3E7B8
:108050002DE9F0431C4691B0054689469046FFF74E
:108060003DFC002C4FF0000602A806BF01AC012722
:108070000027266006F076FB134B02A905F5247055
:1080800002938DF83C708DF83D60CDE90B59CDE938
:108090000D8406F088FC2846FFF728FC0B4B314680
:1080A00002A81A6806F024FB04E002A8FFF744FDCA
:1080B0001BF01CF89DF83D4002A8FFF73DFD20464F
:1080C00011B0BDE8F08300BFDC0D0708180E0708EB
:1080D00010B5D0F8A034044673B990F898325BB963
:1080E000FFF7D4FB4FF4007304F29922617B07F091
:1080F000CBFA012384F8983210BD70B504461E46B1
:1081000000230846336094F87830EBB194F8983245
:10811000D3B9D4F8A054D4F89C14954228BF15467E
:108120002A461EF087F93560D4F89C34D4F8A02490
:108130002B44551BC4F89C34C4F8A05425B92046E0
:10814000BDE87040FFF7C4BF70BD37B50446406A54
:1081500090F878502DB984F835500125284603B0A1
:1081600030BD02AB002243F8042DD4E90A12FFF718
:10817000C4FF0199A26A0A44A262226B13680B44ED
:1081800013600199E36A5B1A94F83410E36209B949
:10819000126802B91BB9012384F83530DEE7606A42
:1081A0000025FFF795FFD9E710B50446FEF792FBCF
:1081B000204610BD10B4D0E9003409686210E4070D
:1081C0005DF8044B01EB020044BF8A58D3581847AE
:1081D0000146043008B5FFF7EDFF08BD034A03462A
:1081E000C26007C983E80700704700BF040E070894
:1081F00010B586B004460391684606A980E80C00D5
:1082000001E90C00204603A9FFF7E8FF204606B06D
:1082100010BD37B56C46054684E80C0094E80C00A8
:10822000FFF7E6FF284603B030BD0000F0B58BB085
:108230000546FFF763FB06ACFFF728FBAF7B06465E
:1082400000212046FFF7B0FF009403234FF4007293
:108250003946304607F0DEFC2046FCF757FEFFF7B4
:1082600015FB234B06462F7B02930023294620460D
:10827000039302AB0CCBFFF7CCFF009402234FF427
:1082800000723946304607F0C5FC2046FCF73EFE3A
:10829000FFF7FCFA174B06466F7B04930023294631
:1082A0002046059304AB0CCBFFF7B3FF00940223E9
:1082B0004FF400723946304607F0ACFC06E0204629
:1082C000FCF724FE1AF012FFF9E7F8E72046FCF766
:1082D0001DFEFFF7DBFA4FF40073D5F89C24697B91
:1082E00007F0D2F9012085F898020BB0F0BD00BF6D
:1082F000737C0408B57C040808B5FFF769FF08BD66
:1083000008B5FFF7F9FF08BD6FF0150070470029A9
:108310000CBF6FF0180000207047012070476FF00D
:10832000150070476FF015007047112070477047B7
:108330007047704703689B6C1847A0F59860F9E791
:10834000704770477047704710B50446012000F031
:10835000ABFE94F8780010BDA0F59860F4E700003B
:1083600038B54FF0FF320123FF210B480AF050FBD4
:108370000A4D00F07BFE044695F878301BB10120D1
:1083800000F092FEF8E700F071FE001BC728F6D956
:10839000BDE83840FEF7BCBC503F0024183900242B
:1083A00007B502AB012243F8041D1946FFF7AEFDE5
:1083B00018B1019803B05DF804FB4FF0FF30F9E706
:1083C000A0F59560FFF7ECBF07B5002302A90122D5
:1083D00001F8013DFFF73CFE20B19DF8070003B016
:1083E0005DF804FB4FF0FF30F9E7A0F59560FFF76B
:1083F000EBBF2DE9F8430446884617461E46089D04
:10840000FFF77CFAD4F8F095B9F1000F04D02B46B1
:10841000324639464046C847C4F8E085C4F8E4759A
:10842000C4F8E865C4F8EC55BDE8F883B0F5966F7C
:1084300003D1012101480AF0CDBA7047503F002412
:1084400000687047CB68C3600BB15B681847704722
:1084500038B50546FFF742FA95F898325BB9D5F87A
:10846000A044B4F5007F28BF4FF400742846FFF7FE
:108470003DFA204638BD0024F8E790F878007047B0
:10848000114B03F1780270B503600446C0F8A824CC
:1084900000F2F45603F1D80200F23465E833C0F874
:1084A000AC24C0F8C034AE4204D0103D2846FCF7DE
:1084B0002DFDF8E704F5956008F030FE2046FFF743
:1084C000EDFA204670BD00BFE40F0708A0F59560E7
:1084D000FFF7D6BFA0F2AC40FFF7D2BF10B50446FD
:1084E000FFF7CEFF4FF4C76120460AF0F3F82046AD
:1084F00010BDA0F2AC40FFF7F1BFA0F59560FFF70B
:10850000EDBF00002DE9F74304461E468846154698
:1085100016F074F8BDF82C3004F595670146019308
:108520002A46BDF82830204600933346FFF7EEFB7D
:108530000021384608F0C8FD4FF47A73002504F294
:10854000F45904F59A60C4F8C8342946204B4E46C5
:10855000C4F8C45403F178022360C4F8A82403F1DA
:10856000D802E833C4F8AC244FF48072C4F8C034A5
:108570001EF05EF8C4F8D055C4F8D455C4F8D855E8
:1085800004F2346530461036FEF7A4F9B542F9D14D
:108590000023C4F83436C4F8F035B8F1000F13D016
:1085A0002046FFF78BFC0FE04D4504D0103D2846D8
:1085B000FCF7ACFCF8E7384608F0B0FD2046FFF7C2
:1085C0006DFA1AF093FDF9E7204603B0BDE8F08399
:1085D000E40F0708884238B5044606D00D46F7F781
:1085E000DEFF20462946FFF72DFF204638BD08B59F
:1085F000F7F7CDFF0068003018BF012008BD00006C
:1086000010B50446FFF7F3FF28B940F202220649ED
:10861000064809F001F9E068FFF712FF034620461B
:10862000BDE81040184700BFC50F0708D00F070866
:10863000F8B506460025FFF761F906F2F454D6F8BE
:108640003436AB420AD920462746FFF7D0FF103414
:1086500020B138460135FFF7D3FFF0E7F8BD10B47D
:10866000D0E9003409686210E4075DF8044B01EBBF
:10867000020044BF8A58D35818470146043008B551
:10868000FFF7EDFF08BD0000034A0346C26007C9BB
:1086900083E80700704700BF300F070810B586B0A9
:1086A00004460391684606A980E80C0001E90C0025
:1086B000204603A9FFF7E8FF204606B010BD37B5F6
:1086C0006C46054684E80C0094E80C00FFF7E6FFD2
:1086D000284603B030BD00002DE9F04188B00446C3
:1086E000FFF7FCF8384B2046C4F8F035FFF7FEF8EA
:1086F000364B04A8214602930023039302AB0CCB14
:10870000FFF7DDFF2046FFF7E9F8D4F83406032829
:1087100003D92046FFF7EAF80AE0431C04EB0010F7
:1087200004A9C4F8343600F2F450FFF753FFF0E721
:1087300004A8FCF7EBFBBC2009F098FF05460646B1
:10874000234B05F1400746F8043B3046FEF7C2F8DC
:10875000002138460AF000FA05F1540840460AF0B4
:1087600099F91C4B4FF4807218212846009300237E
:108770000AF06CFA184904A8C4F8DC55FCF7EAFBC7
:1087800004A928460AF00CFB10E040460AF0C2F9A2
:1087900038460AF00AFA3046FCF7B8FBBC212846F6
:1087A00009F098FF1AF0A2FCF2E7F4E704A8FCF73E
:1087B000ADFB2046FEF796FC08B0BDE8F08104A8AA
:1087C000FCF7A4FBEEE7FAE72D840408E570040843
:1087D0004C2B07083C0F070861830408A0F598603C
:1087E000FFF77ABF08B5FFF748FF08BD08B5FFF7E8
:1087F000F9FF08BD37B50F4C0F4D20460AF0DAF8E7
:108800002A460E49204609F0DFFC42F212030122FB
:108810000B4CCDE9003200224FF4F85320461146AC
:10882000FFF770FE2A460749204603B0BDE83040F6
:1088300009F0CABC503F002400000024DB290508D1
:10884000183900248184040808B51CF037FA2DE992
:10885000F04F027D85B005460E46012A40F08E801D
:1088600000214FF0FF3B04460B465F4694F804C0DE
:1088700048B2BCF1000F73D194F805C0BCF1000FF1
:108880006ED1B7F1FF3F17BF0133012338465BB20A
:10889000934201DD1A4683460131023408295DD135
:1088A000002402EB0B03A1460293CB4502DC029BA2
:1088B0004B4558DC95F8058095F804A04FEA281739
:1088C00008F00F080AF00F035FEA2A1AFAB20192C1
:1088D0006FD05FFA8AF1BAF1090F30460393D4BF23
:1088E0003031573100F0D2F8039B0444092B304655
:1088F000039394BF03F1300103F1570100F0C6F870
:108900000444BAF1000F02D1039B03B94FB1092F00
:10891000019F3046D4BF30375737F9B200F0B6F870
:108920000444B8F1090F304694BF08F1300108F152
:10893000570100F0ABF8B9F1070F044404D03A2115
:10894000304600F0A3F8044409F101090235B9F1F9
:10895000080FAAD1204605B0BDE8F08F074685E78D
:108960004FF0FF3098E7CB45EED1BBF1000FE6D1D9
:108970003A21304600F08AF80444E0E700F110079D
:1089800000F11309002417F8011B0A22304600F0F9
:1089900007F980462E21304600F078F8B94540446A
:1089A0000444F0D10A22E97C304600F0F9F804448E
:1089B000D0E7002B9AD1A9E7054B102210B5044649
:1089C00003600175002104301DF032FE204610BD09
:1089D0000011070870B5074D8374056000259DF8E8
:1089E0001030057545608560C56001744274C374BC
:1089F00070BD00BF0011070807B501210648FFF749
:108A0000DBFF002305481A4619460093FFF7E2FFF3
:108A100003B05DF804FB00BF643F00247C3F0024EA
:108A20002DE9F04106460D4601EB02080C4644458F
:108A3000A4EB050707D03368304614F8011B1B6808
:108A400098470028F3D13846BDE8F08170B5044658
:108A500008460D461EF034FB236802462946204690
:108A60005B68BDE87040184709B1FFF7EFBF0846E3
:108A7000704708B5FFF7F8FF08BD03688A685B68B0
:108A80000968184708B5FFF7EFFF08BD03681B68C2
:108A9000184700000149FFF7D9BF00BF0A5D07086A
:108AA00038B50546FFF7E0FF04462846FFF7F2FF1A
:108AB000204438BD38B50546FFF7DFFF0446284699
:108AC000FFF7E8FF204438BD38B50546FFF7CCFF77
:108AD00004462846FFF7DEFF204438BD70B58AB053
:108AE0000D460023012A98BF0A220AA901F8043D75
:108AF000B5FBF2F402FB14562546F3B2092E94BFDF
:108B000030333733DBB201F8013D002CF0D1FFF7F1
:108B1000ABFF0AB070BD2DE9F04107460E46154681
:108B20002AB90368C9B21B68BDE8F04118470A2A90
:108B300005D1002905DBBDE8F041FFF7CFBFD2B278
:108B4000F9E72D21FFF7A2FF04462A467142384675
:108B5000FFF7C4FF2044BDE8F081FFF7DCBF38B564
:108B60000546FFF7D8FF04462846FFF793FF204449
:108B700038BD38B50546FFF7CEFF04462846FFF757
:108B800089FF204438BD10B42AB90368C9B25DF822
:108B9000044B1B681847D2B25DF8044BFFF79EBF29
:108BA000FFF7F1BF38B50546FFF7EDFF044628464D
:108BB000FFF770FF204438BD38B50546FFF7E3FFE7
:108BC00004462846FFF766FF204438BD0000000039
:108BD00070B52DED068B0A9D064643EC182BB4EEBE
:108BE000488B002DB8BF0225F1EE10FA06D73C499C
:108BF000BDEC068BBDE87040FFF728BFB0EEC87B28
:108C00009FED316BB4EE467BF1EE10FA01DD354994
:108C1000EEE79FED2F7BB4EEC78BF1EE10FA02DD8D
:108C200031493046E4E79FED2C7BB4EEC78BF1EE83
:108C300010FAF5D4B5EEC08BF1EE10FA11D52D2156
:108C4000B1EE488BFFF722FF0446B6EE007B00230F
:108C5000B2EE046BDAB20133AA4204DA87EE067B85
:108C6000F8E70024F1E738EE078B0A223046BCEE25
:108C7000C89B19EE101AFFF731FF0444EDB1B8EEAE
:108C8000499B1A493046B2EE04ABFFF7DFFE0444BD
:108C900038EE498B15F1FF350FD328EE0A8B0A22E7
:108CA0003046BCEEC89B19EE101AFFF717FFB8EE5E
:108CB000499B044438EE498BECE7BDEC068B20461B
:108CC00070BD00BFAFF30080FFFFFFFFFFFFEF7F2E
:108CD000000000E0FFFFEF41000000E0FFFFEFC1F8
:108CE00004110708081107080C11070804FF0608FB
:108CF000FFF76EBF37B5069905460091FFF768FF8D
:108D000004462846FFF7C6FE204403B030BD10B528
:108D10000446006808B11DF045F8204610BD10B5A6
:108D20000446006808B11DF03DF800232360C4E943
:108D3000013310BD38B504460D46006801311DF001
:108D40002DFD10B1C4E90005012038BD036810B540
:108D5000044623B143688B4201D3012010BD204655
:108D6000FFF7E8FF0028F9D0A368002BF5D12268AF
:108D70001370F3E770B50E46114604461546FFF72B
:108D8000E5FF20B92046FFF7CAFF204670BD2A46FE
:108D90003146A56020681DF04DFB2268A3680021C4
:108DA000D154F2E738B5002304460D468360C0E98C
:108DB000003339B108461EF083F9294602462046A1
:108DC000FFF7D8FF204638BD38B505460C460846A3
:108DD0001EF076F9214602462846BDE83840FFF7E6
:108DE000C9BF884238B505460C460CD000681CF057
:108DF000D9FF23682B60A368AB6063686B600023B6
:108E00002360C4E9013338BD88420B4610B50446DF
:108E100004D0096821B19A68FFF7ACFF204610BD65
:108E2000FFF77DFFFAE7002310B504468360C0E931
:108E30000033FFF7E9FF204610BD10B50446FFF7E9
:108E4000D0FF204610BD10B5044619B1FFF7BCFF96
:108E5000204610BDFFF763FFFAE72DE9F041054614
:108E60001746884619B900263046BDE8F0819AB108
:108E7000846814442146FFF769FF06460028F2D0B3
:108E8000AB683A462868414618441DF0D3FA2B686F
:108E90000022AC601A55E7E70126E5E707B502AB0B
:108EA000012203F8011D1946FFF7D7FF03B05DF853
:108EB00004FB826808B52AB959B10878B0FA80F085
:108EC000400908BD006809B90078F7E71DF07CFF8C
:108ED000F4E70120F5E710B5836814468A689B1A09
:108EE000A3420AD3006838B1096841B120441EF09A
:108EF00055F9B0FA80F0400910BD0020FCE70846A3
:108F0000FAE782688B689A4202D30022FFF7E3BF38
:108F1000002070479A42F8B51D460F4688BF134699
:108F20000B491446064684BF2C461D46FFF73AFF00
:108F3000BA68A2420AD93968AA4294BFC4EB0202B5
:108F4000C4EB050230462144FFF714FF3046F8BD5C
:108F5000A024070803683BB1013B13F8010F18B1C7
:108F60008842FAD11A70F8E7704710B504683CB12E
:108F7000013C14F8010F18B121F094FD2070F8E7BE
:108F800010BD2DE9F0410768064617B3846804B3A5
:108F90003D46287805F101081CF052FE48B9013C15
:108FA0003C4420781CF04CFE28B1A54203D8013C7B
:108FB000F7E74546EDE7621CAF42A2EB0502B2605F
:108FC00003D2294638461DF0CFFA32680021B36833
:108FD000D154BDE8F081000010B500F069F80A4CEA
:108FE000FDF7E4FEFEF752FCFEF747FC4FF4E131DB
:108FF0000648FFF771FBFCF77FFAFCF735F9002C08
:10900000FBD0AFF30080F8E700000000183900241F
:1090100070B505460024074EFDF706FEE3B2984200
:1090200006D918461B010134F35EAB42F4D170BD82
:10903000FF20FCE72400002410B50446FDF7F4FDF2
:1090400084423BBF2401024B4FF0FF30185F10BD3C
:109050002400002410B5044605F095F9204610BD03
:1090600010B5044605F08FF9204610BD07B5074935
:10907000684605F0C5F94FF47A720023DDE9000176
:109080001AF094FC03B05DF804FB00BF983F002485
:1090900007B50449684605F0B3F9009803B05DF8D8
:1090A00004FB00BFB03F002409F086BD09F05EBCA0
:1090B00008B5044805F071F90348BDE8084005F01B
:1090C0006CB900BFB03F0024983F002409F084BD74
:1090D00038B50A4C0A4D204605F0CFF92046094C18
:1090E0002A46094909F070F8204605F0D1F92A46C8
:1090F00020460649BDE8384009F066B8B03F002474
:1091000000000024983F0024619004085590040852
:1091100070B504460D46164600211C221DF088FA43
:1091200020463246294607F0F1F9204670BD00007E
:109130002DE9F04104460E46FDF776FD84423CD20F
:109140001F4D2701EA19D06810B11C2109F0C2FA9D
:109150002046FFF771FF80461C2009F087FA04467D
:1091600000211C221DF064FA4146204607F0CBF98D
:10917000EB19012EDC6010D006D3022E12D020464F
:1091800003F09BFF022103E0204603F096FF00213D
:109190002046BDE8F04103F09DBF2046BDE8F04108
:1091A00003F07EBF204603F088FF0121F0E71C2179
:1091B000204609F08FFA19F099FFBDE8F08100BF51
:1091C0002400002430B589B004460D46FFF720FF87
:1091D000C0B2FF2804D02946FFF7AAFF09B030BD6E
:1091E000012D14D00AD3022D1CD00222214601A841
:1091F000FFF78EFF01A807F025F9EFE700222146CF
:1092000001A8FFF785FF01A807F01CF9E6E71C227B
:10921000002101A81DF00CFA0022214601A807F048
:1092200077F9DBE70122214601A8FFF771FF01A8CA
:1092300007F008F9D2E700002DE9F34106460F4692
:10924000FDF7F2FC86422AD21B4D4FEA061805EBC9
:109250000802D468ACB93046FFF7EEFE06461C2083
:1092600009F004FA04461C2200211DF0E1F90097E0
:10927000002301223146204607F063F905EB08037D
:10928000DC600E4B0E491A46D3F894008842FBD19D
:1092900023683FB1A1680B604FF44073536102B083
:1092A000BDE8F081E1681B04F5E71C21204609F0C8
:1092B00011FA19F01BFF00BF2400002400640258BB
:1092C0000003008030B589B005460C46FFF7A0FECC
:1092D000C0B2FF2804D02146FFF7AEFF09B030BD71
:1092E0001C22002101A81DF0A3F9294601A807F0BE
:1092F00025F9094B09491A46D3F894008842FBD155
:10930000019B2CB103990B604FF440735361E5E767
:109310001B040499F7E700BF0064025800030080B3
:109320001EF0040F0CBFEFF30880EFF30980816992
:1093300011F8021C002932D101B590E80F10E04766
:10934000BDE800508CE80300244B93E806009142EE
:1093500008BF70471A6041B91EF0100F10D1204BA2
:10936000186820F0010018600AE02CE9F00F1EF0E8
:10937000100F08BF2CED108A81F822E0C1F838C028
:10938000906B92F8221061F0FF0E1EF0100F08BFD4
:10939000B0EC108AB0E8F00F80F309887047114AEA
:1093A00013689942FAD801B552F821C00FC8E047B6
:1093B000BDE80050CCF80000704701B501F0D4FBC7
:1093C000BDE80140EFF3098CBEE701B501F090FB69
:1093D000BDE80140EFF3098CB6E70000580C00240B
:1093E00034EF00E0D8110708014608B530B96FF036
:1093F000030000F01DFA6FF0030008BD132001F018
:10940000ABFF30B94FF0FF3000F012FA4FF0FF30F1
:10941000F3E70020F1E7000008B5EFF305832BB96F
:10942000EFF3108313B9EFF3118333B16FF005003D
:1094300000F0FEF96FF0050008BDDFF808C000DF9E
:10944000FAE700BFE9930408EFF310832BB9EFF3B9
:109450001180003818BF012070470120704710B5F7
:1094600020B10378F32B01D1002906DA6FF0030154
:1094700002F05CFA6FF0030010BD00F10C0353E83A
:10948000000F20EA010243E8002404B1F7E7F3E704
:1094900038B50546A0B1846802686CB114F00303C6
:1094A00002D1C1680F2926D800246FF008010020DE
:1094B00002F03CFA204638BDC368002BF4D11546B3
:1094C000104BD3F8900078B100F087FC0446A0B1AF
:1094D0000123F322A3700023656022700A4AC4E9C5
:1094E0000233084B5A66E5E701221021D3F88000C9
:1094F00000F0FAFBEAE71546EBE76FF0040102F033
:1095000015FAD7E7440C002475950408930710B5A5
:1095100002F0010422D400F10C0384B153E8000FDF
:1095200000EA01028A4203D0BFF32F8F002005E03A
:1095300020EA010243E8002404B1EFE710BD53E83C
:10954000000F084203D1BFF32F8F002005E020EA6F
:10955000010243E8002404B1F1E7EFE7C06801EA43
:1095600000031CB1994218BF0020E7E7002B08BF99
:109570000020E3E7F8B50546846804B9F8BD94F81F
:1095800023202846616AA768FFF7C0FF064638B166
:10959000204601F062FC00223146204601F0F6FD33
:1095A0003C46EAE7F8B50D4617461E46044620B18C
:1095B0000378F32B01D1002907DA20466FF003016D
:1095C00002F0B4F96FF00300F8BDFFF79FFF002829
:1095D000FAD186B13146432001F0BEFE40B1074BBF
:1095E00020465E69314601F01DFC756286F82370E5
:1095F0006FF00100E8E76FF00200E5E7440C00249B
:1096000070B5054610B10378F32B07D028466FF0EC
:10961000030102F08BF96FF0030070BD836863B142
:10962000284601F011FC00226FF0020101F0AEFDAE
:10963000A8680028F4D101F08FFCAB78002613F065
:1096400001032E700FD0094B2946D3F8904024B166
:10965000204600F0DCFB3046DFE7D3F8800000F066
:1096600078FB2046D9E71846D7E700BF440C002412
:109670002DE9F041064620B10378F32B01D10029F2
:1096800009DA6FF003056FF00301304602F04EF97E
:109690002846BDE8F08100F10C0353E8002F42EAB0
:1096A000010543E8005000B1F7E7B4681CB9204653
:1096B00001F052FCECE794F823203046616AD4F8BC
:1096C0000880FFF723FF074678B194F823309B0703
:1096D00056BF656A054620EA0505204601F0BDFB38
:1096E00000223946204601F051FD4446DEE70000E5
:1096F000024608B5EFF3058333B100206FF0050192
:1097000002F014F9002008BDFFF79EFE0028F4D1F6
:109710001046DFF808C000DFF5E700BF91940408A9
:10972000024638B5EFF305834BB192B96FF00304ED
:109730006FF00301104602F0F9F8204638BDFFF73C
:1097400083FE0028F1D11046DFF82CC000DF04466C
:10975000F3E71378F32BE9D10029E7DB02F10C03DF
:1097600053E8000F40EA010443E8004505B1F7E77C
:10977000104601F041FAE0E771960408024608B588
:10978000EFF3058323B11046BDE80840FFF767BE3D
:10979000FFF75AFE0028F6D11046DFF808C000DFB8
:1097A00008BD00BF5F94040838B504461D46EFF3BA
:1097B000058343B18CB920466FF0030102F0B6F87F
:1097C0006FF0030038BDFFF73FFE0028F2D12046BE
:1097D0002B46DFF824C000DFF4E72378F32BEAD12F
:1097E000002DE8D10029E6DB2046FFF78FFE002898
:1097F00008BF6FF00200E5E7A5950408024608B52A
:10980000EFF305833BB110466FF0050102F08EF8CF
:109810006FF0050008BDFFF717FE0028F3D11046D2
:10982000DFF804C000DFF5E70196040870477047D1
:109830007047EFF310832BB9EFF31180003818BF96
:109840000120704701207047064BDA6A3AB1D069AF
:109850005B6C1BB11B69984228BF184670474FF0DC
:10986000FF30F5E7440C0024014BD868704700BF77
:10987000440C002408B5094B1A7A022A08D0032A9E
:109880000AD04FF0FF3002F045F84FF0FF3002E011
:10989000032200201A7208BD0120FCE7440C0024BA
:1098A00070B5464C237A012B00F0858033B14FF020
:1098B000FF3002F02FF84FF0FF3070BD404DEB68E5
:1098C000E3652B8AD5E90B61A4F85430AB683046C8
:1098D000236400F0F1F908B1C4F88060D5E90561AE
:1098E000304600F0E9F908B9D4F880606667D5E938
:1098F0000761304600F0E0F908B9D4F88060A66747
:10990000D5E90961304600F0D7F908B9D4F880608C
:10991000E6676E6B3EB131683046D6E9022300F04F
:109920003BFAC4F88460AE6B3EB131683046D6E98C
:10993000022300F031FAC4F88860EE6B3EB1316862
:109940003046D6E9022300F027FAC4F88C602E6C6A
:109950003EB131683046D6E9022300F01DFAC4F862
:1099600090606E6C3EB131683046D6E9022300F05B
:1099700013FAC4F89460AE6C3EB131683046D6E953
:10998000022300F009FAC4F89860EE6C3EB1316829
:109990003046D6E9022300F0FFF9C4F89C602D6D33
:1099A0003DB129682846D5E9022300F0F5F9C4F84D
:1099B000A0500123237200207FE700BF440C002445
:1099C0006811070870B5254D2B7A012B07D06FF071
:1099D00006004FF0FF3401F09DFF204670BD01F0FE
:1099E0001FFD10B94FF0FF30F3E71D4AFF231D4E56
:1099F00082F8223092F82230D26863F0FF031A49CD
:109A0000C2F302227068DB4314BFB3FA83F320234E
:109A1000C3F12003934298BF531CFE2202FA03F3C2
:109A20000F4ADBB2D37701F0D1FF04460028D9D129
:109A300002F024F8286102F00DF80C4801F004FA55
:109A400001F082FA3368DB074CBF0223032383F360
:109A50001488BFF36F8F02232B72BEE7440C0024DF
:109A600000ED00E068110708CB930408600C0024A7
:109A700008B50A4B1A7A023A012A02D840B10128E5
:109A800009D04FF0FF3001F045FF4FF0FF3001E00B
:109A900002221A7208BD0322FBE700BF440C002417
:109AA00010B50F4C237A022B13D101F0DBFF0123F9
:109AB0006372BFF34F8F0B4A5168C90003D54FF053
:109AC00000615160A37204232372BDE81040FFF7C8
:109AD000BBBE6FF0070001F01DFF002010BD00BFEE
:109AE000440C002400ED00E038B51E4C0546237AF6
:109AF000042B35D1FFF7A8FEE26AA842034694BFC3
:109B000000F1FF332B4612B1D069C01AD061626CEC
:109B100012B11069C01A1061E06803440544E360A3
:109B2000E368AB4213D102230020237201F014FA40
:109B300000236372BFF34F8FA27A22B1A3724FF05A
:109B40008052094B5A60BDE8384001F083BF0133B1
:109B5000E36001F0BFF9236D002BE1D09847DFE708
:109B600038BD00BF440C002400ED00E0704738B55C
:109B700004460D46FFF75AFE29462046BDE8384008
:109B800001F08ABE08B5FFF7F1FFEFF3058333B1AB
:109B90006FF0050001F0BEFE6FF0050008BDFFF795
:109BA00048FE0028F4D1DFF808C000DFF6E700BF68
:109BB000A198040808B5EFF3058333B16FF00500F1
:109BC00001F0A8FE6FF0050008BDFFF732FE002887
:109BD000F4D1DFF808C000DFF6E700BFC59904083C
:109BE00008B5EFF3058333B16FF0050001F092FE85
:109BF0006FF0050008BDFFF71CFE0028F4D1DFF868
:109C000008C000DFF6E700BF75980408024608B5F3
:109C1000EFF3058333B16FF0050001F07BFE6FF0C9
:109C2000050008BDFFF705FE0028F4D11046DFF857
:109C300008C000DFF5E700BF719A040808B5EFF32C
:109C400005832BB16FF0050001F064FE002008BD14
:109C5000FFF7EFFD0028F5D1DFF804C000DFF6E7DD
:109C6000A19A0408024608B5EFF305832BB16FF003
:109C70000500BDE8084001F04DBEFFF7DAFD002801
:109C8000F5D11046DFF804C000DF08BDE99A0408EA
:109C900008B5EFF3058313B1054BD86808BDFFF78E
:109CA000C8FD0028F8D1DFF80CC000DFF6E700BFE0
:109CB000440C00246998040810B598B140EA0103E7
:109CC00013F007030ED117290AD9016008391022B1
:109CD0000C18426084600B5081684A60C3600123A5
:109CE000184610BD0023FBE7F0B580B399B132F000
:109CF00003032CD10F3100F1080521F007072B4693
:109D00002D685C68E91A24F00304091B8F4204D90A
:109D100029680029F3D10846F0BD46683A43046833
:109D20003E444660204450F8041C08388E4288BFE8
:109D30004660586818B903F108015A60EBE720F053
:109D4000030019181D504A6019600831E3E700212B
:109D5000E1E730B590B1D9B1A1F1080500F10804EF
:109D60000022AC420BD151F8043C23F003044368B9
:109D70001B1B436042B941F8042C012030BD23680D
:109D800022463BB11C46ECE751F8083C1360F4E76F
:109D90000846F3E71846F1E730B5C0B189B1C2B162
:109DA000CBB100240160C3604361C0E9014202FB02
:109DB00001F41D1905611846013904D1A21A995000
:109DC0000121084630BD851805602846F4E70146A4
:109DD000F7E71146F5E71946F3E7034610B5A8B1D2
:109DE00000F1140252E8000F10B9BFF32F8F04E006
:109DF000016842E8001404B1F4E738B1043353E8D1
:109E0000002F511C43E8001404B1F8E710BD30B531
:109E1000F0B1C3688B421BD803698B4218D900F19B
:109E200014031A680A60BFF35F8F53E8002F0C68B1
:109E30009442F6D143E8001505B1F2E7043050E84A
:109E4000003F5A1E40E8002101B1F8E7002030BD74
:109E50006FF00300FBE7EFF310832BB9EFF31180F2
:109E6000003818BF0120704701207047036B30B5E0
:109E7000E3B1CD780024DA78AA420FD31A46C1E9BB
:109E800001248AB19160A4B16160283050E8003F9C
:109E90005A1C40E8002101B1F8E730BD5A681C4661
:109EA000002AECD01346E6E7C162ECE7C1E90133D2
:109EB000C1620163E9E7D1E9013223B19A608A689E
:109EC0001AB153607047C262F9E703637047F8B58F
:109ED000877804468FB3C5680027014605F10C0654
:109EE0002846FFF7E8FF27703046FFF790FFAB6882
:109EF000002B48D03046FFF770FF0446002842D0C0
:109F0000284600F0A1FF06463A46394601F03EF9E0
:109F1000304601F00FF86A6A0646816804F10C00C9
:109F20001CF088FAF923A7702370F368E3702146C8
:109F30002846BDE8F840FFF799BF8568AB68002B5D
:109F4000F5D05B78832BF2D1284600F07DFF0646E2
:109F50003A46394601F01AF9304600F0EBFF064662
:109F60006A6A04F10C0180681CF064FAF3680BB1B2
:109F7000E2781A700023214605F10C002370BDE839
:109F8000F840FFF744BFF8BD2DE9F0410C461746F5
:109F90009846054618B10378FA2B00D141B92846F6
:109FA0006FF0030101F0D8FC6FF00300BDE8F08111
:109FB0008368C3B15B78832B15D100F045FF06465B
:109FC0000122002101F0E2F8304600F0B3FF06461E
:109FD0006A6A214680681CF02DFAF0680028E5D0F6
:109FE00007700020E2E705F10C00FFF7F6FE0646D9
:109FF00070B121466A6A0C3000241CF01BFAF92368
:10A00000314628463370B470F770FFF72FFFE8E74A
:10A01000B8F1000F10D04146932001F09DF940B1F6
:10A02000074B2846596900F0FDFEEFF30983C3E9A9
:10A0300002476FF00100B9E76FF00200B6E700BF1A
:10A04000440C00242DE9F84F8846074638B131B159
:10A05000B0FA80F3B1FA81F10B441F2B06DC6FF0EC
:10A0600003010020002401F077FC70E008F10306F2
:10A0700026F003060C3606FB00F9F2B194683CB1F9
:10A08000A30702D1D368332B05D86FF00801E8E7A6
:10A09000D368002BF9D1D2F800A0D2E904533DB126
:10A0A00015F0030B01D1994554D96FF00901D8E798
:10A0B000002BFAD11CB19B460CE092461546274B6B
:10A0C000D3F8A000D8B1FFF788FE0446A0B14FF046
:10A0D000010B35BB214B00224946D86FFFF704FE28
:10A0E0000546C0B9BBF1000F06D01C4B2146D3F882
:10A0F000A00058B1FFF78BFE6FF00401B1E7012219
:10A100003421D3F88000FFF7EFFDDEE7D3F88000BD
:10A11000FFF71FFEF0E74BF0020B4A4600211CF050
:10A1200087FAFA233246394604F10C0023700023E3
:10A1300084F802B0A360C4F804A0C4E90983C4E9A8
:10A140000B332B46FFF728FE044B054A1A672046BF
:10A15000BDE8F88F002CE4D1B1E700BF440C002427
:10A16000CF9E040800F1280310B553E8002F12B960
:10A17000BFF32F8F04E0511E43E8001404B1F4E74D
:10A180000AB9002010BDC06A01230028F9D0821C42
:10A19000D2E84F1FC2E8443F04B1F9E711F0FF0FC6
:10A1A000F0D08068F1E700002DE9F0410F46154638
:10A1B0009846044618B10378FA2B00D141B92046DD
:10A1C0006FF0030101F0C8FB6FF00300BDE8F08100
:10A1D000FFF7C8FF064600283AD001462046FFF7A1
:10A1E0006AFE626A06F10C0138461CF023F90DB1D3
:10A1F000F3782B70002504F10C0731463846357092
:10A20000FFF705FEA3680BB90020DFE73846FFF72C
:10A21000E4FD06460028F7D0204600F015FE07466C
:10A220002946012200F0B2FF384600F083FE626A40
:10A230000746816806F10C001CF0FCF8F923B570A4
:10A24000314633702046FB68F370FFF70FFEDBE703
:10A25000B8F1000F10D04146832001F07DF840B1E5
:10A26000074B2046596900F0DDFDEFF30983C3E990
:10A2700002756FF00100A9E76FF00200A6E700BFCA
:10A28000440C002408B5064B08219A6ED86EFFF7DF
:10A29000D9FE044BD864B0FA80F04009404208BDB2
:10A2A00068110708440C00242DE9F04106460F46CA
:10A2B00090461C46EFF305834BB196B930466FF0DC
:10A2C000030101F049FB6FF00300BDE8F081FFF7E7
:10A2D000C2FD0028F1D130462346DFF848C000DF38
:10A2E000F3E73378FA2BE9D1002FE7D0002CE5D142
:10A2F00006F10C00FFF771FD054680B1726A394620
:10A300000C301CF097F8F9232846AC702B7085F8B8
:10A310000380C5E9017600F06FFC2046D5E76FF0B9
:10A320000200D2E7899F0408F8B504460F46164696
:10A330001D46EFF3058343B18CB920466FF003014E
:10A3400001F00AFB6FF00300F8BDFFF784FD002861
:10A35000F2D120462B46DFF844C000DFF4E7237833
:10A36000FA2BEAD1002FE8D0002DE6D12046FFF7E6
:10A37000F9FE054670B100F10C01626A38461CF026
:10A3800059F80EB1EB7833702846EC6000F034FCDD
:10A390000020D9E76FF00200D6E700BFA9A10408AA
:10A3A000EFF310832BB9EFF31180003818BF0120B1
:10A3B000704701207047000070B5A8B38468D0E9E9
:10A3C00000566CB114F0030302D1C2681B2A1AD8DC
:10A3D00000246FF00801002001F0AEFA204670BDA5
:10A3E000C368002BF4D1124BD3F8940030B901228A
:10A3F0001C21D3F88000FFF777FC01E0FFF7EDFCAC
:10A40000044660B10123F522A3700023E670227098
:10A4100065602376C4E90233C4E90433DEE76FF0F4
:10A42000040101F089FAD9E705460646DBE700BFDB
:10A43000440C0024284B70B55D6904460E4635B9BE
:10A440006FF0070101F078FA4FF0FF3070BD10B1E6
:10A450000378F52B07D020466FF0030101F06CFA6A
:10A460006FF00300F2E7037E53B9C0E90353EB6AD0
:10A47000436103B118610123EC6200202376E5E714
:10A48000C278D1070DD5C168A9420AD1FF2B06D1E8
:10A490006FF00F0101F050FA6FF00200D6E70133C0
:10A4A000EBE7002EF8D093070AD5E06895F9203045
:10A4B00090F920209A4203DA80F8203000F0D6FC90
:10A4C0003146532000F048FF18B12946204600F0DD
:10A4D000A9FC6FF00100B9E7440C00242E4B5A6927
:10A4E00070B5044632B96FF0070101F025FA4FF05C
:10A4F000FF3070BD10B10378F52B07D020466FF008
:10A50000030101F019FA6FF00300F2E7037E33B99B
:10A510006FF00E0101F010FA6FF00200E9E7C16878
:10A52000914202D06FF00D01F4E7013BDBB20376FC
:10A5300013BB43690BB1016919612169F1B14B6129
:10A5400092F92130D56ADDB982F82030A36883B151
:10A55000204600F079FC06462A46294600F016FE01
:10A56000F36AC4E90365636103B11C610123F4620A
:10A570002376002000F0F0FC0020BAE7D362DFE78A
:10A58000E978890706D5A96821B191F920108B4295
:10A59000B8BF0B466D69D6E7440C002470B504467D
:10A5A00010B10378F52B07D020466FF0030101F0BE
:10A5B000C3F96FF0030070BD037EBBB16369C0686F
:10A5C0000BB122691A61226902B3536190F921200B
:10A5D000C36AEBB990F92030934203D080F8202071
:10A5E00000F044FCA068F8B900F0B6FCA0780026A2
:10A5F00010F001002670DED0134B2146D3F89450A2
:10A60000DDB12846FFF703FC3046D4E7C362DDE73F
:10A61000D978890706D5996821B191F920108A4225
:10A62000B8BF0A465B69D4E7204600F00DFC002263
:10A630006FF0020100F0AAFDD4E7D3F88000FFF725
:10A6400088FB2846B7E700BF440C00242DE9F04101
:10A650000446002601270CB9BDE8F081E378D4F860
:10A6600014801B0712D5A36826767BB1204600F024
:10A67000EBFB00220546114600F088FDEB6AC4E9B9
:10A680000356636103B11C61EC6227764446E2E73E
:10A6900010B4C3789B071DD5C06890F92120C36A08
:10A6A000DC78A40709D59C688C4208BF8C6824B16B
:10A6B00094F92040A242B8BF22465B69002BEFD13B
:10A6C00090F92030934205D080F820205DF8044BAB
:10A6D00000F0CCBB5DF8044B70470000024608B5A3
:10A6E000EFF3058333B100206FF0050101F024F989
:10A6F000002008BDFFF754FE0028F4D11046DFF813
:10A7000008C000DFF5E700BFB9A30408024608B59A
:10A71000EFF305833BB110466FF0050101F00CF932
:10A720006FF0050008BDFFF73BFE0028F3D110468F
:10A73000DFF804C000DFF5E735A40408024608B5D9
:10A74000EFF305833BB110466FF0050101F0F4F81B
:10A750006FF0050008BDFFF723FE0028F3D1104677
:10A76000DFF804C000DFF5E7DDA40408024608B501
:10A77000EFF305833BB110466FF0050101F0DCF803
:10A780006FF0050008BDFFF70BFE0028F3D110465F
:10A79000DFF804C000DFF5E79DA50408EFF31083A0
:10A7A0002BB9EFF31180003818BF0120704701204A
:10A7B00070470C30D0E85F3F13B9BFF32F8F04E030
:10A7C0005A1EC0E8512F01B1F4E798B2003818BF03
:10A7D0000120704730B500F10C02C189D2E85F3F1B
:10A7E000994202D8BFF32F8F04E05C1CC2E8554F9A
:10A7F00005B1F3E7C0899BB2984294BF00200120C5
:10A8000030BD0000F8B515464FF6FE73421E0646F1
:10A810000F469A4201D8884207D26FF00301002404
:10A82000002001F08FF82046F8BD7DB1AC682A68A1
:10A8300044B114F0030302D1E9680F2922D86FF064
:10A840000801ECE7EB68002BF9D11546114BD3F862
:10A85000980080B1FFF7C1FA0446A8B10123F6229F
:10A86000A370002365602270A3600B4A094BA78187
:10A87000E6819A66D7E701221021D3F88000FFF71E
:10A8800033FAE9E71546EAE76FF0040101F05AF8F8
:10A89000C9E700BF440C00249DA80408836810B5D4
:10A8A00004465BB1FFF785FF40B1204600F0CCFACB
:10A8B0000022BDE81040114600F068BC10BD38B55C
:10A8C000054610B10378F62B07D028466FF0030138
:10A8D00001F038F86FF0030038BD84683CB100F037
:10A8E000B3FA0122002100F051FC0020F4E7FFF749
:10A8F00071FF38B928466FF0100101F023F86FF0AE
:10A900000200E9E72046E7E738B50D46044610B1F6
:10A910000378F62B07D020466FF0030101F012F800
:10A920006FF0030038BDFFF744FF68B975B12946E1
:10A93000632000F011FD20B1064B2046596900F05C
:10A9400071FA6FF00100EDE70020EBE76FF0020015
:10A95000E8E700BF440C002470B5054610B1037849
:10A96000F62B07D028466FF0030100F0EBFF6FF0E5
:10A97000030070BD836863B1284600F065FA0022C9
:10A980006FF0020100F002FCA8680028F4D100F08A
:10A99000E3FAAB78002613F001032E700FD0094BB9
:10A9A0002946D3F8984024B12046FFF730FA3046C4
:10A9B000DFE7D3F88000FFF7CCF92046D9E7184647
:10A9C000D7E700BF440C002410B50446EFF305831D
:10A9D00033B100206FF0050100F0B4FF002010BD7E
:10A9E000FFF7DCFE0028F4D12046DFF808C000DFC6
:10A9F000F5E700BF05A80408024608B5EFF3058394
:10AA000043B182B910466FF0030100F09BFF6FF075
:10AA1000030008BDFFF7C2FE0028F2D11046DFF8A0
:10AA200024C000DFF5E71378F62BEBD10029E9D13C
:10AA30001046FFF7BEFE002814BF00206FF0020092
:10AA4000E7E700BF09A9040810B50446EFF3058342
:10AA500043B184B920466FF0030100F073FF6FF03B
:10AA6000030010BDFFF79AFE0028F2D12046DFF860
:10AA700030C000DFF5E72378F62BEBD12046FFF757
:10AA8000A9FE20B1204600F0B7F80020E9E72046F3
:10AA90006FF0100100F056FF6FF00200E1E700BF19
:10AAA000BFA80408024608B5EFF305833BB1104682
:10AAB0006FF0050100F046FF6FF0050008BDFFF7DD
:10AAC0006DFE0028F3D11046DFF804C000DFF5E783
:10AAD00059A9040810B5D0E85F3F5A1C914200D82C
:10AAE0000022C0E8542F04B1F5E798B210BD000071
:10AAF00038B51C4C00F0BCFFE3680133E36000F0A4
:10AB0000E9F9002000F028FA236D03B19847226C80
:10AB100032B3A369E16B994203D0D969E36301B908
:10AB2000DA61DA69C2B9237A022B19D1656ABDB13B
:10AB3000E36B95F9202093F920309A4210D12846F2
:10AB400000F08BF9E06B00F0A3F9284600F0FCF967
:10AB5000236CE563EB6103E0013ADA61002AE2D09D
:10AB600038BD00BF440C002470B5224C04F15605DA
:10AB700004F15A06B4F85410D5E85F3F13B9BFF397
:10AB80002F8F04E05A1EC5E8502F00B1F4E79BB2A6
:10AB90005BB33046FFF79EFFE36D53F8200020B310
:10ABA0000378F13B082BE5D801A252F823F000BF4F
:10ABB000D5AB040875AB0408DBAB040875AB04081F
:10ABC00075AB0408DFAB0408E3AB040875AB0408FD
:10ABD000E7AB0408236E9847CCE7636EFBE7A36EF0
:10ABE000F9E7E36EF7E7236FF5E70020BDE8704073
:10ABF00000F0B2B9440C002470B5164C0546B4F808
:10AC0000541004F15602D2E85F3F994202D8BFF3D4
:10AC10002F8F04E0581CC2E8560F06B1F3E79BB231
:10AC2000994205D829460220BDE87040FEF79FBF33
:10AC300004F15800FFF74EFFE36D43F82050637AAC
:10AC400023B9054B4FF080525A6070BD0123A372A7
:10AC5000FBE700BF440C002400ED00E0EFF310839D
:10AC60002BB9EFF31180003818BF01207047012085
:10AC700070470378F12B00D07047C068F9E70000F7
:10AC800010B5C469621CD0E904310CD103B159611B
:10AC900042691AB113610023436101E0074A13635B
:10ACA0000023C36110BD1BB1DA6959612244DA6126
:10ACB0004269002AEED1014AD362F1E7440C002434
:10ACC00001230A4A90F9201043701C32936810B592
:10ACD0001BB193F920408C4205DCC0E90232906040
:10ACE00003B1D86010BD1A469B68F1E7440C0024FC
:10ACF000014B5869704700BF440C002408B500F0B0
:10AD000031FEDFF810C000DF4FF0FF31002000F00F
:10AD100007FEFEE7F5B10408930710B502F0010441
:10AD200022D400F1280384B153E8000F00EA0102A5
:10AD30008A4203D0BFF32F8F002005E020EA0102F2
:10AD400043E8002404B1EFE710BD53E8000F0842C8
:10AD500003D1BFF32F8F002005E020EA010243E872
:10AD6000002404B1F1E7EFE7806A01EA00031CB1B7
:10AD7000994218BF0020E7E7002B08BF0020E3E757
:10AD8000084A0021136B10B53BB94FF0FF34C0E9FE
:10AD90000431C46121B1086110BD19461B69F3E794
:10ADA0001063F9E7440C0024002310B50380044627
:10ADB00083789A0708D513F0100F016B0E4B0FD054
:10ADC000D3F88400FFF723F8A378DB0712D50A4BEA
:10ADD0002146D3F8880038B1BDE81040FFF717B816
:10ADE000586FFEF7B6FFEFE7D3F88000BDE81040DC
:10ADF000FEF7AFBF10BD00BF440C0024C27803466D
:10AE0000D20701D4FFF7D0BF042242700022C260F3
:10AE1000034A516B816001B1C8605363704700BF42
:10AE2000440C002491F92020836810B51BB193F9DC
:10AE30002040944205DAC1E90230816003B1D96053
:10AE400010BD18469B68F1E783689A68826002B17A
:10AE5000D06000221846DA607047C2682AB1836861
:10AE6000936003B1DA600023C360704710B50146F8
:10AE7000044664B12378F12B07D00846FFF7EDFFB5
:10AE80002046BDE81040FFF7CDBFE468F1E710BDF4
:10AE90000123014643700148FFF7C4BF600C002442
:10AEA00070B50B4D2E7A022E10D16C6A74B169699F
:10AEB00094F9202091F920309A4207D12046FFF7DB
:10AEC000CCFF0846FFF7E4FF6670AC61002070BD60
:10AED000440C002438B5164DEC6A44B3E369013BD9
:10AEE000E36123BB6378732B06D009D8532B0BD0B7
:10AEF00003F0DF03432B0DD12046FFF7BAFE09E034
:10AF000003F0EF03832BF6E72046FFF7B2FE21465E
:10AF1000FFF7BEFB2046FFF7A0FFFFF7B9FF24694C
:10AF200024B1E369002BDDD000236361EC6238BDFE
:10AF3000440C002490F82230826B13F0100F0CBFE9
:10AF4000602020201044704702234370014B986119
:10AF5000704700BF440C002470B5124D04462E7A91
:10AF6000696990B9022E0FD16C6A6CB194F92020F6
:10AF700091F920309A4207DD2046FFF76EFF084620
:10AF8000FFF79EFE6670AC6170BD022E05D190F990
:10AF9000202091F920309A42F1DC2046BDE8704033
:10AFA000FFF776BF440C00242DE9F04F85B08146B1
:10AFB000029128B96FF00301002400F0B1FCBCE05D
:10AFC000002A45D0966846B1B40702D1D368432B16
:10AFD00006D86FF008010020EEE7D368002BF8D107
:10AFE0009769D2E904453CB1600702D1002D40F0D9
:10AFF000B2806FF00A01EEE72FB17B1E372B03D929
:10B000006FF00B01E7E71827002D40F0A880D2E988
:10B0100000A301934EBB574BD3F88800F0B1FEF765
:10B02000DCFE064600283AD04FF00108002C44D13F
:10B03000DFF840B1E5B9504ADBF88400556DB8B18E
:10B04000FEF7CBFE0246E0B148F01008344623E09C
:10B0500092461446182715460192DCE70122442146
:10B06000D3F88000FEF740FEDBE74FF00008DDE795
:10B0700022462946DBF87400FEF736FE0246002819
:10B08000E4D1B8F1000F16D0DBF8882052B1104699
:10B090003146FEF7BCFE002248F002087CB96FF092
:10B0A000040198E73146DBF880000392FEF751FE79
:10B0B000039A1446F0E74246EEE72246344640F251
:10B0C000F1137FB2FD2184F802802380019BC4F834
:10B0D00004A0E370002384F8207084F82170618458
:10B0E0006563C4E90233C4E90433C4E90633C4E93F
:10B0F0000933C4E90B32A5F140031344C4E90E3906
:10B100001E4B13601C4B1B685B071AD4A36B0020FB
:10B110001A4603F1340143F8040B9942FBD1184B52
:10B120002046C2E90D394FF08073D363029B13624E
:10B13000104B144A1A66FFF70FFF204605B0BDE812
:10B14000F08FAD084FF0CC33113D002DDED0013D26
:10B1500042F8043FF9E7002F7FF44FAF1827690743
:10B160007FF447AFA5F14801074B99427FF64FAFF7
:10B170003FE700BF440C002468110708A52E5AE2DF
:10B18000FDAC0408B1B10408B7FFFF7F38B5044631
:10B190001546FFF7CFFE01602046FFF771FD1DB198
:10B1A000BDE83840FFF7D8BEBDE83840FFF770BEB5
:10B1B00010B543780446332B0CD1416A90F8232014
:10B1C000FFF7AAFD014628B120460022BDE8104045
:10B1D000FFF7DCBF10BD10B50446806918B100222E
:10B1E0001146FFF7D3FF6378232B02BFA368002229
:10B1F0009A6110BD70B50F4C267A022E18D1636A81
:10B20000B3B16569E86AFFF721FA2846FFF7E3FF63
:10B2100004F11C00FFF718FE4670A061EFF30983EC
:10B22000AB63002328466361BDE87040FFF7E6BDCD
:10B2300070BD00BF440C002410B5044610B1037863
:10B24000F12B07D020466FF0030100F069FB6FF08F
:10B25000030010BD437803F00F03022B1ED0032B15
:10B260002BD0012B2ED1FFF7F8FDE06AFFF7EEF9A6
:10B270002046FFF7B0FF6178022926D11548FFF775
:10B28000E3FD154B41709861EFF30982A263002240
:10B290005A612046FFF7B2FD0020DAE70E4B1A7A1A
:10B2A000022A02D15B6A002BDFD16FF00201204637
:10B2B00000F036FB6FF00200CBE7FFF7CEFDFFF7A3
:10B2C000DFFCD2E76FF00201F2E70020FFF744FE57
:10B2D000DFE700BF600C0024440C002470B5044676
:10B2E00020B10378F12B01D1002908DA6FF00305B2
:10B2F0006FF003012046FEF79AFA284670BD4378A6
:10B30000042B06D16FF002016FF00205FEF78FFAF1
:10B31000F3E700F1280353E8002F42EA010543E870
:10B32000005606B1F7E74378332BE6D1416A90F82F
:10B330002320FFF7F1FC01460028DED094F82330EB
:10B3400001229B0756BF656A054620EA050520468F
:10B35000FFF71CFFD1E7000038B5174C0246237AEF
:10B36000022B27D1606A60B160694B1C427009D121
:10B37000FFF706FD1148FFF767FD02234370A06148
:10B38000012038BDE36A002213B1DD69A9420BD266
:10B39000C161C0E904325AB11061002BEAD0DA6908
:10B3A0005861511AD961E5E71A46491B1B69EBE759
:10B3B000E062F2E70020E4E7440C0024600C002483
:10B3C000F8B5164B05460F4616465C693CB9204653
:10B3D0006FF00701FEF72BFA4FF0FF30F8BD0028A1
:10B3E00007DA20466FF00301FEF721FA6FF0030041
:10B3F000F4E70A4601462046FFF78EFC0028EDD10F
:10B400004EB131463320656284F82370FFF7A4FF04
:10B410006FF00100E2E76FF00200DFE7440C002468
:10B4200038B50D4C00210D48A26DFFF7BDFD0C4D48
:10B43000636EA8625BB1984758B9E26DE96C206E03
:10B44000FFF7B2FDA864003818BF012038BD012005
:10B45000FCE70020FAE700BF6811070891B804086C
:10B46000440C002410B50446EFF3058333B10020EB
:10B470006FF0050100F054FA002010BDFFF7EEFB5D
:10B480000028F4D12046DFF808C000DFF5E700BF50
:10B49000A9AF040808B5EFF3058313B1054B58694C
:10B4A00008BDFFF7DBFB0028F8D1DFF80CC000DF98
:10B4B000F6E700BF440C0024F1AC040808B5EFF334
:10B4C00005833BB100206FF0050100F029FA6FF011
:10B4D000050008BDFFF7C2FB0028F3D1DFF804C068
:10B4E00000DFF6E7A1AE040810B5044600F046FA06
:10B4F000EFF305833BB120466FF0050100F010FA31
:10B500006FF0050010BDFFF7A9FB0028F3D120461E
:10B51000DFF804C000DFF5E739B20408024638B5A9
:10B52000EFF305834BB192B96FF003046FF00301A1
:10B530001046FEF77CF9204638BDFFF78FFB002848
:10B54000F1D11046DFF844C000DF0446F3E713787A
:10B55000F12BE9D10029E7DB5378042B07D16FF0F9
:10B56000020110466FF00204FEF761F9E3E702F111
:10B57000280353E8000F40EA010443E8004505B101
:10B58000F7E71046FFF738FBD5E700BFDDB2040848
:10B5900010B50446EFF305833BB100206FF00501C1
:10B5A000FEF745F96FF0050010BDFFF757FB0028C7
:10B5B000F3D12046DFF804C000DFF5E7C1B304088B
:10B5C0000C4A30B5536C002413B11D698D420AD961
:10B5D0000161C0E902431BB11D699860691A1961D4
:10B5E0002CB1E06030BD1C46491BDB68ECE75064C1
:10B5F000F8E700BF440C00242DE9F041184D6C6CB5
:10B6000054B3236901276E69013B2361236913BB8E
:10B61000E3680BB1A2689A606B64002304F118011F
:10B62000E86C1A46FEF740FE58B121460320D5E9E2
:10B6300005836B61FEF79BFA6B6913B9B04508BFD0
:10B640000026E378012B09D161692046FFF7B8FF96
:10B650006C6C002CDAD16E61BDE8F0816770F7E7A1
:10B66000440C002408B5FEF70DFE18B9034B044A3C
:10B670001A6508BD4FF0FF30FBE700BF440C002403
:10B68000F9B50408044607B54FF0FF3300226946B8
:10B690002046FEF749FE0028F6D1DDE90030984744
:10B6A000F2E7000008B5094A094B1A60094B9B1ADA
:10B6B000094A1360094A0A4B1A600A4B9B1A0A4A44
:10B6C000136000F051F800F083F800BF00FC07247D
:10B6D000FC47002400000824F84700240017012438
:10B6E0007C62002400FC07247862002438B50E48F0
:10B6F0000B250E4B1C24456003600D4BC46083601A
:10B70000FEF7ECFF0B4B18600B480C4BC460C0E914
:10B7100000350B4B8360FEF7E1FF0A4B1860BDE874
:10B7200038401AF069BA00BFC84700243C12070825
:10B73000DC470024D8470024984700244912070812
:10B74000AC470024A8470024FDF746BC024B4FF04D
:10B75000FF311868FEF7DABFD8470024014B18689C
:10B76000FEF7ECBFD847002408B505F0C5F90C4B2F
:10B770000C4998684FF00053C21802F160421268F9
:10B7800043F8042B8B42F7D1054B4FF000529A60DF
:10B7900014F0C8FD16F09CFFBDE8084000F015B895
:10B7A00000ED00E0980200207047704708B500F0F7
:10B7B00043F8FFF7F9FFFFF799FFFFF7F6FF06F0F1
:10B7C000B3FABDE80840FFF7BFBFFEF7DBB90000E2
:10B7D000114C124B23614FF4004363614423E36037
:10B7E0000F4BA3601823A3610E4B07B5224600211F
:10B7F0000D482360FFF736FE034628B922460B4961
:10B8000000900B4806F0A0FAFEF7D4F9002309498E
:10B810001A460093F5E700BF38F500243875002478
:10B820000048002463120708ADB70408681207082F
:10B830001D010180841207081FB5064B6C460FCB13
:10B8400084E80F002046FEF749FF034B186004B060
:10B8500010BD00BF9C1207083075002473B5064662
:10B860000C46154606F062FA58B9063432462846A8
:10B870002ABF054B054953F824100023009306F016
:10B8800063FA02B070BD00BF60140708B413070864
:10B8900008B500F0F7F80000002307B5421E00933A
:10B8A0000023042A19D8DFE802F003080C10140062
:10B8B00001220C490C4806F047FA02220B490C48B9
:10B8C000F9E703220B490C48F5E704220B490C4821
:10B8D000F1E705220B490C48EDE702460B490C48FD
:10B8E000E9E700BFAC12070825010280CD12070866
:10B8F00026010280F2120708270102802713070899
:10B9000028010280621307082A010280A213070897
:10B91000000102800146014AFFF7A0BF310101800A
:10B92000014AFFF79BBF00BF32010180014AFFF7C8
:10B9300095BF00BF37010180014AFFF78FBF00BFED
:10B940003301018011F1110F02D0024AFFF786BFC7
:10B95000704700BF34010180014AFFF77FBF00BF7D
:10B960003801018010B5FFF795FD034B1B6813B13B
:10B97000BDE81040184710BD44480024024B1B6826
:10B9800003B11847704700BF44480024024B987A1F
:10B99000003818BF01207047440C002408B5FEF79A
:10B9A0004DF90022064906F0DDFAC31C04D98B22AA
:10B9B0000449054805F030FFBDE80840FEF752B9DC
:10B9C0008DB904089B140708AD140708B0F57A7FF9
:10B9D00010B50C4604D0322219491A4805F01CFF54
:10B9E00005F0D0FB0028184A16DB00F16043F02177
:10B9F00003F5614383F80013916800F1100341F8E7
:10BA00002340BFF34F8F926852F823309C420AD0F4
:10BA10003F220B490D48E1E700F00F03F021043B02
:10BA200013441976E8E7002808DB0123420900F0F7
:10BA30001F0003FA00F0064B43F82200002010BD5F
:10BA40009B140708DA14070800ED00E0E714070864
:10BA500000E100E008B506F00DFABDE8084005F089
:10BA6000BCBC0000014B186805F0ECBCA8610024C8
:10BA7000014B186805F0A8BCA861002408B505F0C2
:10BA800081FB08BD024C08B523689847FCE700BF5E
:10BA9000E80C00240C30704703680BB108461847C7
:10BAA000704710B50446FCF7CDFC204610BD08B524
:10BAB000FCF7A6FD08BD0000044B0022C3E90122EB
:10BAC0001A611A60024ADA60704700BF48480024D1
:10BAD00099BA040810B50022034600F1110403F8D6
:10BAE000012B03F8012B9C42FBD1418210BD0000C9
:10BAF00042F60211024808B5FFF7ECFF08BD00BF8F
:10BB00005C48002408B5F9F701FA08BD10B50446F1
:10BB1000FCF798FC204610BD08B5FFF7C8FF08BD2C
:10BB2000D0E90032096812F0010F01EB620005D084
:10BB300010B454100A595DF8044BD3581847014605
:10BB4000043008B5FFF7ECFF08BD0000034A0346C8
:10BB5000C26007C983E80700704700BF14150708D3
:10BB600010B588B0059108A902AC019001E90C005C
:10BB700005A984E80C00FFF7E9FF019808B010BDA3
:10BB800037B56C46054684E80C0094E80C00FFF7D6
:10BB9000E7FF284603B030BD08B5FFF7D0FF08BD6A
:10BBA00008B5FFF7F9FF08BD0068704710B50446F7
:10BBB000F4F7F5FC204610BD10B50446F4F7EFFC91
:10BBC000204610BD10B504460021FAF75BFE204662
:10BBD00010BD08B5FFF75EFF0068003818BF0120F0
:10BBE00008BD884238B5044606D00D46F4F7D7FCA8
:10BBF00020462946FCF726FC204638BD884238B549
:10BC0000044606D00D46F4F7CAFC20462946FCF748
:10BC100019FC204638BD08B5FFF73CFF0068003826
:10BC200018BF012008BD10B504460021FAF72AFE0E
:10BC3000204610BD70B504460D46FFF7CAFF28B96F
:10BC400040F202220649074805F0E6FDE068FFF7EA
:10BC5000ABFF294603462046BDE87040184700BFA9
:10BC600044150708D00F070808B5FFF7E3FF08BD24
:10BC700070B504460D46FFF7CEFF28B940F2022208
:10BC80000649074805F0C8FDE068FFF78DFF294623
:10BC900003462046BDE87040184700BF441507081A
:10BCA000D00F070808B5FFF7E3FF08BD10B504463D
:10BCB00006F030FF204610BD10B5084C204606F0B7
:10BCC000E9FE00232046064A84F824302363054910
:10BCD000C4E90A33BDE8104006F076BA7048002483
:10BCE00000000024ADBC04080268904B9A422DE984
:10BCF000F04393B040F0178105F086FE8C4B002294
:10BD0000C3F88420BFF34F8FD3F8802043F6E0744C
:10BD1000C2F3C900C2F34E32520102EA04060146E0
:10BD200046EA81750139C3F87452F9D2203A12F10A
:10BD3000200FF2D1BFF34F8FBFF36F8F0022C3F8F4
:10BD40008420BFF34F8F5A6922F480325A61BFF3C7
:10BD50004F8FD3F8803043F6E070754CC3F3C901C0
:10BD6000C3F34E335B0103EA00060A4646EA8275D6
:10BD7000013AC4F87452F9D2203B13F1200FF2D1EA
:10BD8000BFF34F8FBFF36F8F05F054FE694B012651
:10BD90000025D3F8E0204FF400470DA9664842F093
:10BDA00001024FF0300902244FF00308C3F8E020ED
:10BDB000D3F8E02002F001020192019AD3F8E020CA
:10BDC00042F00402C3F8E020D3F8E02002F00402BD
:10BDD0000292029AD3F8E02042F04002C3F8E02039
:10BDE000D3F8E02002F040020392039AD3F8D8205F
:10BDF00042F40042C3F8D820D3F8D82002F400421D
:10BE00000492049AD3F8D82042F48032C3F8D820A0
:10BE1000D3F8D82002F480320592059AD3F8D820BE
:10BE200042F40032C3F8D820D3F8D82002F400320C
:10BE30000692069AD3F8E02042F40072C3F8E0209C
:10BE4000D3F8E03003F400730793079BCDE90D7638
:10BE5000CDE90F550AF0CEFF0DA93848CDF8349042
:10BE60000AF0C8FF3246102134480BF0A9F83246D8
:10BE7000202132480BF0A4F80DA931480E960D94FC
:10BE80000F950AF0B7FF324621462D480BF098F87F
:10BE9000192009F011F839462A4627480BF090F886
:10BEA000642009F009F83246394623480BF088F837
:10BEB0000B274FF4605308A922480A95CDE90834AE
:10BEC000CDE90B870AF096FF08A91C480C97CDE92D
:10BED0000844CDE90A580AF08DFF08A917480C97C5
:10BEE000CDE90894CDE90A480AF084FF802308A927
:10BEF00013480C97CDE90834CDE90A680AF07AFFB7
:10BF0000042308A90E480C97CDE90834CDE90A4866
:10BF10000AF070FF08A90A480C97CDE90844CDE95A
:10BF20000A580AF067FF13B0BDE8F08300800240B2
:10BF300000ED00E0004402580024025800080258B6
:10BF4000000002580018025830B570B1CC6864B1D6
:10BF50008A6852B10B6943B10D6849688560C16058
:10BF60008361C0E90424002030BD4FF0FF30FBE7BF
:10BF700073B5002346680446019366B1A3699847E8
:10BF80000546A3699847431BB3F5FA6FF9D9012316
:10BF90000025636027E0836803B1984720230025CC
:10BFA0002360636901AA12213046984700281DDBEF
:10BFB000019B03F01F03B3421AD1002526602068BD
:10BFC0001F2833D87DB923694FF40042294698478A
:10BFD00000282EDB636901AA2946206898470028BB
:10BFE0000ADA6FF00405284602B070BD6FF0040550
:10BFF0000136202ED5D1E2E7A36998470646019B7A
:10C000001B0402D4002DB9D0EDE7A3699847801B2B
:10C01000B0F5FA7F07D8636901AA00212068984724
:10C020000028ECDADDE76FF00105E8E76FF00205C4
:10C03000D9E76FF00305D6E737B500254369044615
:10C0400001AA0121006801959847A84203DA6FF020
:10C05000040003B030BD636901AA0121206898473C
:10C060000028F4DB019B5B072CD5636901AA2946F4
:10C07000206898470028EADB019BDD040ED403F416
:10C080000452B2F5045F01D10220E2E7980401D521
:10C090000320DEE7D90513D50420DAE7636901AA96
:10C0A0001F21206898470028D1DB019BDA040BD5BB
:10C0B00003F01C03182BE7D0082BE9D0142BEBD08E
:10C0C0000520C6E70120C4E70620C2E740F2DC50A5
:10C0D0007047002070470620704770477047C0F8CF
:10C0E0006C1170470020704713F056B804300AF006
:10C0F000A7BB08B504300AF0A3FBA0F11003584217
:10C10000584108BD10B5041D20460AF099FBE028EF
:10C1100007D1204609F0C0FE2046BDE8104009F0D6
:10C120003FBE10BDF0B500F582779FB006460D46C4
:10C13000384606F0B7FC7822002168461AF078FAF3
:10C1400000226B462C4611460CB30A2911D100245B
:10C15000184A1949022004F04DFEAB7B012B02D98D
:10C16000284600F087FD384606F0BAFC20461FB08E
:10C17000F0BD6068186060890244586009B143F8F6
:10C18000043C246804B99C6001310C33DCE70B49A2
:10C19000301D4A603222C1F808D009F0A7FE0346DC
:10C1A00028B1074A0220044904F024FED5E70124FF
:10C1B000D3E700BF4F15070876150708CC480024C1
:10C1C0007B150708032A0846024928BF03221AF0F4
:10C1D00031B900BFB31C070808B5044A0820044958
:10C1E00004F008FEBDE8084005F002BFA3150708EB
:10C1F0007615070810B5064C06492046FFF7A4FE41
:10C200002046FFF7B5FEB0FA80F0400910BD00BF30
:10C21000AC480024EC0C00240148FFF70DBF00BF20
:10C22000AC4800240238032815D8DFE800F0020AE1
:10C230000C114FF400530B604FF480430120136046
:10C2400070470023F7E74FF400530B600023F5E736
:10C2500000230B60F2E70020704708B500F0F2FA07
:10C2600008BD000030B5051D85B000230C462846EA
:10C2700001A9009309F012FF48B96946284609F060
:10C2800058FF38B1184A0220184904F0B3FD4FF0A6
:10C29000FF3026E0284609F069FF0099002911DDEA
:10C2A000019B03F01F020A44BFF34F8F10481A444A
:10C2B000C0F85C322033D11A0029F9DCBFF34F8F6C
:10C2C000BFF36F8F4FF4C172BDF80010002000F073
:10C2D00003FD206028B1BDF80020019900F082FD27
:10C2E000002005B030BD00BFAE1507087615070861
:10C2F00000ED00E03D200022072108B509F030F9EB
:10C300003D20BDE8084009F05DB9002070470000FD
:10C310000022064B1B680270802243714270E122AA
:10C3200082701A0CC2701A0A0271704700E8F11F7D
:10C3300010B50446FFF7E9FF20B92046BDE81040DC
:10C34000FFF7E6BF10BD000070B586B0044609F0E7
:10C350005BF92F492F4B02AD012604342846ADF876
:10C360000860CDE903134FF08073059309F06EF96F
:10C3700040F201132848ADF80830284BCDE90303FB
:10C380004FF480332846059309F060F9042009F042
:10C390004BF9234B28462360FFF7CAFF214B65600A
:10C3A00008202361204B2672E36040F2F4531F4AB9
:10C3B00063610A231E490093042304F01BFD2046F9
:10C3C0000AF02CF9054600BB1A4E01463022301DFA
:10C3D0001AF02EF9212333604FF44033C6E9045399
:10C3E000154E2946013532460023204606F5BF6624
:10C3F00009F0B8FC042DF4D1104A08200C4904F0CF
:10C40000F9FCFFF7F7FE06B070BD0020FBE700BFA8
:10C410000000043009000003004004300D00000358
:10C42000008002400000043000010430D9150708E4
:10C4300076150708CC48002400040430F3150708DB
:10C44000084608B5FFF774FF012008BD002307B5B3
:10C450001A4602490248009305F076FC0D160708BB
:10C4600005001180002307B51A46024902480093CF
:10C4700005F06AFC411607080500118038B50D4B20
:10C4800000250446036000F5827040F8485C06F021
:10C4900001FB04F5947006F0FDFA04F5A670FFF7B1
:10C4A000C2FB04F5AE70FFF78DFB2046C4F8705157
:10C4B00038BD00BFDC16070810B50B4C2378BFF35E
:10C4C0005B8FDB070ED4204605F08EFE50B1074887
:10C4D000FFF7D4FF204605F0A9FE054A05490348A9
:10C4E00005F072FE014810BDA44800240049002454
:10C4F0000000002451C5040837B50D4604460192DA
:10C50000FFF7DAFF019B2A462146043009F018FFA5
:10C51000003818BF0120404203B030BD37B50D468A
:10C5200004460192FFF7C8FF019B2A4621460430CA
:10C5300009F034FF003818BF0120404203B030BD7D
:10C5400008B5FFF7B9FF04300AF02CF8002008BD49
:10C550000A4B10B50446036000F5AE70FFF72CFBE4
:10C5600004F5A670FFF722FB04F5947006F0D2FAEA
:10C5700004F5827006F0CEFA204610BDDC160708DE
:10C5800008B500F5A670FFF72CFB08BD08B500F54F
:10C59000AE70FFF733FB08BDF0B59DB00446FFF762
:10C5A0003BFE01280546D4F8707139DD012F18DCF7
:10C5B00001AA02A9FFF736FE18B94FF40053CDE9DE
:10C5C0000130261D03A9304609F01AFF019B03A97B
:10C5D00030460993029B089309F0D8FF304609F0D2
:10C5E00011FC04F5AE763046FFF7F3FA60B1012D89
:10C5F0000EDD012F08DC01213046FFF735FB114A23
:10C600001149082004F0F6FBC4F870511DB0F0BDCC
:10C61000012FF9DD00213046FFF726FB0B4AEFE73B
:10C62000012FDEDD0A4B4FF00052C3F88420BFF328
:10C630004F8FBFF36F8F201D09F02EFC2046FFF7B0
:10C6400059FECEE7751607087615070894160708F1
:10C6500000E100E073B50446002600F59475284615
:10C66000019606F01FFA01A92046FFF7FBFD0028FE
:10C6700004DA284606F034FA02B070BD019919B107
:10C6800004F5A670FFF70EFB284606F029FAE6E748
:10C6900038B50E4C05462378BFF35B8FDA0708D414
:10C6A000204605F0A1FD20B1094B20461D6005F094
:10C6B000BDFD074C4FF0FF3200210120FEF768FF5F
:10C6C000C307F7D52068FFF7C5FFF3E7A8480024A4
:10C6D000784A0024D0E90032096812F0010F01EB1A
:10C6E000620005D010B454100A595DF8044BD358B9
:10C6F00018470146043008B5FFF7ECFF08BD0000FD
:10C70000034A0346C26007C983E80700704700BFB9
:10C71000C816070810B588B0059108A902AC0190A9
:10C7200001E90C0005A984E80C00FFF7E9FF019876
:10C7300008B010BD37B56C46054684E80C0094E897
:10C740000C00FFF7E7FF284603B030BDF0B5054603
:10C750008DB005F037FC2846FFF7F6FD06460028A9
:10C760004ED02022002104A819F062FF264B4FF47E
:10C770000060039319F00EFB05F1C00303AA2946DC
:10C78000079005934FF400632048089344230693D1
:10C7900028230993FEF766FEC5F8BC0003F04AFEA5
:10C7A0001B4B07461A4A01930023294603A802930C
:10C7B000FFF7C0FF1021384603F0E8FB0446A0B1A4
:10C7C00003A9FFF7A3F92046C82103F082FD204604
:10C7D000C82103F081FD20460E4903F080FD22466A
:10C7E0000D49384603F092FC044603A8C5F874418D
:10C7F000F8F78CFB0A20FCF70FFE2846FFF77AFDBE
:10C8000030460DB0F0BD00BFB416070891C604084D
:10C8100099C5040805BB040819BB040808B5FFF74F
:10C8200068FF08BD08B5FFF7F9FF08BD08B5FFF7B9
:10C8300043FED0F8BC0020B10121BDE80840FEF75E
:10C840006DBE08BD08B5FFF737FE0430BDE80840EF
:10C8500009F0D2BC130911D051F804CB40F804CB35
:10C8600051F804CB40F804CB51F804CB40F804CB8A
:10C8700051F804CB40F804CB013BEDD112F00F038B
:10C8800005D011F801CB00F801CB013BF9D170477D
:10C890000222002373B504460E4600681146FCF7D9
:10C8A00083FF021E01DB930709D4002316491748B2
:10C8B000009305F041FA4FF0FF3002B070BDFDF774
:10C8C0008FF994F824300546012103F10A0201335F
:10C8D00003F0070344F82260206884F82430FCF752
:10C8E0001FFF94F8243094F82520013303F0070348
:10C8F000934203D102212068FCF740FF2846FDF750
:10C9000085F90020D9E700BF241707080F0103802D
:10C9100013B504464FF0FF310068FDF7F7FE30B164
:10C920000023224603490448009305F00DFA02B0A3
:10C9300010BD00BF3C1707081501038013B504465E
:10C940000068FDF7FBFE30B100232246034904488E
:10C95000009305F0F9F902B010BD00BF52170708A7
:10C9600017010380094B07B54FF0FF311868FDF739
:10C97000CDFE30B10023064906481A46009305F063
:10C98000E3F9012003B05DF804FB00BF78F5002453
:10C990006A17070815010380074B07B51868FDF7EC
:10C9A000CDFE30B10023054905481A46009305F035
:10C9B000CBF903B05DF804FB78F500248217070873
:10C9C0001701038070B5064609200D4600F006F9F0
:10C9D000044660B1012301460370C0E901650548C2
:10C9E000FFF756FF28B12146092000F003F94FF068
:10C9F000FF3070BD7C4A0024F8B5044600286ED094
:10CA0000830705D0FFF7AEFFBDE8F840FFF7C4BFCE
:10CA1000334EA0F108053368AB42F3D8314F00F133
:10CA20000C0339689942EDD32F48FFF771FF14F8D2
:10CA3000043C1BB92C48FFF781FFE3E734F8080CEE
:10CA4000B0F57A5FF6D834F8062CB2F57A5FF1D8F3
:10CA50003368A5EB030C1FFA8CFC944502D09A5A5C
:10CA60006245E7D119183E68B14202D04A88624552
:10CA7000E0D1002204F8042C1C4A1768AF4288BF9A
:10CA800015608D4211D00F797FB9B1420DD0166873
:10CA9000B142195A24F8081C195A08BF1560B1F59B
:10CAA0007A5F1CBFC918A1F802C034F8061C5818D8
:10CAB00085420FD006796EB91668B54208BF10607E
:10CAC00034F8082C5A5234F8082CB2F57A5F1CBF9F
:10CAD0009B1859800448BDE8F840FFF72FBFF8BD08
:10CAE000F84A0024FC4A0024C84A0024C44A00240E
:10CAF0002DE9F041002850D0C41C24F00304A4B256
:10CB00000B2C04D9B4F57A5F02D9002045E00C243F
:10CB1000A042FAD826486FF00708FFF7F9FE254B28
:10CB20002548C4F57A5E19680268531A9BB27345AA
:10CB300003D31F48FFF702FFE7E7CD18CF5A95F858
:10CB400004C0BCF1000F30D1A8EB03063E44A6425E
:10CB50002BD304F1140E764521D308341C44A6B21D
:10CB600011FA84F484F804C08F53638001232E806B
:10CB70002B718B5BB3F57A5F01D00B445E80AA42C8
:10CB800006D10E4B1B6814790CB193420AD1026096
:10CB90000748FFF7D3FE05F10800BDE8F081012347
:10CBA0002B71ECE712880A44EDE73B46BFE700BF74
:10CBB000C84A0024F84A0024C44A0024FC4A00243D
:10CBC00010B50446FFF7CEFE23681C680CB122683E
:10CBD0001A60FFF7E1FE204610BD00000E2805D8C0
:10CBE000034B53F820000830FFF7EABF00207047DE
:10CBF000501807080E2838B50C460DD861B1074B00
:10CC000053F82050FFF7AEFEAB681A6822601C6034
:10CC1000BDE83840FFF7C0BE38BD00BF5018070858
:10CC200008B5FFF79FFE084B00221A70FFF7B4FE0D
:10CC3000064B186800B908BD436F1BB1BDE808403A
:10CC400000F00AB9C068F5E77D0F0124840F0124C4
:10CC500070B506460D200C461546FFF7BFFF40B1E4
:10CC600000230481448143730573C0E90036012326
:10CC7000C38170BD70B5044660B30025FFF772FE36
:10CC8000A67B013EF6B2A673FFF786FE4EB9637B24
:10CC900026689B0709D52369204698470135EDB2E0
:10CCA0000EB9284670BD3446E8E7237B03F00F0336
:10CCB000022B04D121460E20FFF79CFFEEE7012B4B
:10CCC00002D121460D20F7E7002BE7D12046FFF7E0
:10CCD00093FEE3E70546E4E7B2F5C17F2DE9F047AF
:10CCE00006460F4685B230D007D822F04003012B0C
:10CCF00026D000242046BDE8F087B2F5207FF8D189
:10CD00000335CB1C25F0030523F003031D44ADB20E
:10CD100005F110009D4280B2EBD38342E9D8FFF7C2
:10CD2000E7FE04460028E5D00644002307811336B9
:10CD30000360284B26F003064781C3604660D9E7AD
:10CD40000020BDE8F047FFF783BF0026DFF8909092
:10CD50003446B0460E20B246FFF740FF0646C8B93B
:10CD60001D4DFFF7FFFD01232F782B70FFB2FFF75A
:10CD700013FE4FB931461948FFF724FE20B1FFF7E3
:10CD8000F1FD2E70FFF708FE002CB2D02046FFF711
:10CD900071FFAEE7EB1C0544C0F8008023F00303ED
:10CDA00013350781C3F5147325F00305C0F80C9003
:10CDB0009BB24560BB4228BF3B4643813CB1CAF8A9
:10CDC0000000FB1A00259FB2002FC3D192E7044652
:10CDD000F7E700BF800001007D0F012421CC04088B
:10CDE000820001002DE9F0410F4614460546B8B116
:10CDF000B1B10389934216D34FF0000814B920460D
:10CE0000BDE8F0816E8907EB08016868A64228BF7B
:10CE100026463246A41BFFF71DFDB0442D68EDE702
:10CE20006FF00F00ECE74FF0FF30E9E710B5044674
:10CE300048B1406808B1FFF71DFF21460420BDE856
:10CE40001040FFF7D7BE10BD10B500B910BD046883
:10CE5000FFF7ECFF2046F8E710B50446406F18B125
:10CE6000FFF7F2FF0023636710BD0000F8B5054629
:10CE7000064655F8044B8CB90D4F386818B14FF081
:10CE8000FF31FDF743FC346824B928462C4605F0F1
:10CE900001FE3560386808B1FDF750FCAC4204D0A3
:10CEA0008B220449044804F0B7FC2046F8BD00BFBB
:10CEB00030750024B0180708BF180708704710B570
:10CEC0000446702105F006FC204610BD08B5034855
:10CED000FFF7CCFFBDE8084005F0E4BD3C4B002463
:10CEE00008B50348FFF7C2FFBDE8084005F0F8BDEC
:10CEF0003C4B0024084B13B504460360C266019105
:10CF0000FFF7E4FF0199201D10F0D8FC2046FFF741
:10CF1000E7FF204602B010BDEC18070803680122A5
:10CF200000211B691847036800221B691146184736
:10CF300000F59E7005F0B6BD00F59E7005F0D0BD01
:10CF400010B50446F3F72BFB2046F3F722FB2046EF
:10CF500010BD00002DE9F84304460546114B0F466D
:10CF600004F1AC0604F59E7945F8043B9046002197
:10CF7000A822284619F05CFB30461036F9F7AAFCC7
:10CF8000B145F9D1484605F085FD42463946284667
:10CF900011F076FD28462246034911F0CFFB2046CA
:10CFA000BDE8F8830419070887D004082DE9F0418B
:10CFB0000368044616460F469B6804F1040804EB18
:10CFC000061598473846AC35FBF711FBA0B128464B
:10CFD000FBF70DFB08B904F0F5FF39462846FBF7CF
:10CFE000F9FA01224046314611F050FD23682046EF
:10CFF000DB68BDE8F04118472846FBF7F8FA08B1AE
:10D0000004F0F6FF2846FFF79BFF0022EAE7000046
:10D0100070B5164B86B0044600250360002102A8B7
:10D02000FBF7C2F802A9EAB220460135FFF7BEFFBE
:10D0300002A8F7F76BFF092DF0D1201D04F59E75AE
:10D0400004F1AC06019011F085FB019811F0A6FBEC
:10D05000284605F05FFDB54204D0103D2846F7F79D
:10D0600055FFF8E7204606B070BD00BF0419070859
:10D0700010B50446FFF7CCFF4FF4B071204605F021
:10D0800029FB204610BD00EB011110B501F1AC04E5
:10D090002046FBF7ACFA10B12046FBF7B1FA10BD01
:10D0A00007B5019004F0B0FC0121019811F03EFE9B
:10D0B00003B05DF804EB04F0BDBC07B5019004F0CB
:10D0C000A3FC0021019811F031FE03B05DF804EBE0
:10D0D00004F0B0BC07B5CDE9001004F095FCDDE923
:10D0E000001011F01FFE03B05DF804EB04F0A2BCC9
:10D0F000094B30B51A46094CD3F89450A542FBD1E0
:10D10000036829B181680B604FF44073536130BDEF
:10D11000C1681B04F7E700BF0064025800030080E9
:10D120004168034630B471B1D0E9032000F0010436
:10D1300002B944B1451001EB60000CB149598A585D
:10D14000996830BC104730BC7047036870B504461E
:10D150000D461B68984704F130002946C4F8CC50AE
:10D1600012F026FC236820465B68BDE87040184733
:10D170007FB506461D46044656F8303BCDE90221F0
:10D180001B6898479DF82030304683F00103DDE9A5
:10D19000022100932B4612F001FE2368064620462A
:10D1A0005B689847A81B18BF012004B070BD7FB50D
:10D1B00006461D46044656F8303BCDE902211B6861
:10D1C00098479DF82030304683F00103DDE90221C5
:10D1D00000932B4612F07CFD2368064620465B68D0
:10D1E0009847A81B18BF012004B070BD70B590B05F
:10D1F0000D46144600211C2202A819F019FA012636
:10D200000023294602A800961A4603F09AF91C2228
:10D21000002109A819F00CFA0023214609A81A4692
:10D22000009603F08EF90A9B1A68099B1A4203D1F3
:10D230006FF0010010B070BD039B1968029B19408C
:10D2400046D109A80A24FFF745FF09A8FFF728FFE0
:10D25000002109A8FFF73EFF002109A8FFF748FFBA
:10D26000052005F083FB012109A8FFF733FF012109
:10D2700009A8FFF73DFF052005F078FB013CE7D149
:10D2800002A8FFF70DFF214602A8FFF731FF052096
:10D2900005F06CFB012109A8FFF72AFF052005F026
:10D2A00065FB012102A8FFF723FF052005F05EFBC7
:10D2B00002A8FFF702FF09A8FFF7FFFE0A9B1A6802
:10D2C000099B1A42B4D0039B1A68029B1A42AFD042
:10D2D0000020AFE710B504460021F9F7D3FA204645
:10D2E00010BD0022034600F1280143F8042B03F887
:10D2F000012B9942FBD1704708B5D030FFF7B6FD3E
:10D30000BDE8084005F0CEBB08B5D030FFF7AEFD54
:10D31000BDE8084005F0E4BBF8B51B4B04460D46DC
:10D32000164640F8043B04F13007FFF7D3FF002115
:10D33000164B9C22A18538466361A461C4E907119C
:10D34000C4E9091119F074F9114B04F1D000C4F8C3
:10D35000CC30FFF7C6FF2046FFF7CEFF3246294606
:10D360002046A4F8F850A4F8FA60FFF73FFFB4F99C
:10D37000FA20B4F9F810384612F070FC2046FFF796
:10D38000C3FF2046F8BD00BF1C19070821D10408BF
:10D39000A086010070B504460D46164600219C2269
:10D3A00019F046F932462946204612F057FC20462D
:10D3B000044912F0FDFA2046012112F0B4F820468B
:10D3C00070BD00BFA086010012F0F2BACAB20023FD
:10D3D00042F00102194612F093B812F0EDB812F0C3
:10D3E000F9B810B5144612F02DF9001B18BF012032
:10D3F00010BD10B50446F3F7D2F82046F3F7C9F88C
:10D40000204610BD0346024A203011F089BD00BFFE
:10D4100021D5040883681A6843681A4214BF0120A2
:10D420000020704770B5114B054604460E4645F87E
:10D43000043B1C220021284619F0FAF81022002192
:10D4400004F1200019F0F4F804F13000F9F742FA81
:10D4500004F14000F9F73EFA31462046FFF7D2FFCB
:10D460002846314603F04FF8204670BD34190708AE
:10D47000084B10B5044640F8203B11F04BFE04F178
:10D480004000F7F743FD04F13000F7F73FFD204679
:10D4900010BD00BF3419070810B50446FFF7E8FFB8
:10D4A0005021204605F016F9204610BD70B50E46F5
:10D4B000044604F0A9FA3046FBF799F8054604F152
:10D4C000300020345DB13146FBF784F8012220465C
:10D4D000012111F0B3FCBDE8704004F0ABBAFFF7D6
:10D4E00088FF2A46F3E770B50E46044604F08CFA2E
:10D4F0003046FBF77CF8054604F1400020345DB16E
:10D500003146FBF767F801222046022111F096FC14
:10D51000BDE8704004F08EBAFFF76BFF2A46F3E7D0
:10D52000012910B502D002290BD010BD00F1300442
:10D530002046FBF75CF80028F7D02046FEF7B7FA44
:10D54000F3E700F14004F3E7837E10B504461BB90E
:10D5500004F038FD0123A37610BD837E10B5044688
:10D560001BB104F045FD0023A37610BD10B50446A1
:10D5700004F04AFAE37E4BB9B4F91810204613F0D0
:10D580004FFA2046FFF7E0FF0123E376BDE81040A5
:10D5900004F050BA0023002210B5044601834383EF
:10D5A000C2610362FFF7E2FF204610BD10B50446DA
:10D5B00004F02AFAE37E3BB1204613F095F82046AA
:10D5C000FFF7CBFF0023E376BDE8104004F032BA4A
:10D5D00010B50446FFF7EAFF204610BDD0F89030A2
:10D5E000012B10B5044686B004D9002084F89400BD
:10D5F00006B010BDDBB204300493D0F8883003933A
:10D60000B0F99C300293B0F99A300193B0F9983098
:10D610000093B0F99630B0F99420B0F9921013F05D
:10D6200057FDB0FA80F04009E0E70000F8B51D466C
:10D630001D4B04460F46164640F8043B5C22002171
:10D6400018F0F6FFBDF918304FF400322046A4F868
:10D650009C302266BDF91C30099AA4F89E30C4F8AB
:10D660009020BDF92030114AA4F8A0300023C4F85E
:10D670008C200F4AA4F89670A4F89860A4F89A50E9
:10D68000C4F8A430A4F86430C4F8883084F8943026
:10D69000C4E92A23FFF7A2FF20B942220549064820
:10D6A00004F0BAF82046F8BD7419070840420F008C
:10D6B000DDD50408551907085E1907082DE9F0475C
:10D6C0009DF82070044689469246022F98469DF8A0
:10D6D000246024D8134BDB5D0BB3B6FBF3F503FBDF
:10D6E000156515F0FF051AD103689B6898479DF8EA
:10D6F0002830204684F8646084F865300B9B84F8F9
:10D700006090C4F88830236884F861A0DB6884F8EE
:10D71000628084F8637098472846BDE8F0874FF030
:10D72000FF30FAE76619070838B590F894300446D8
:10D730000D4693B103689B6898472946C4F88C50FE
:10D74000201D13F0A9FC0038236818BF0120DB68F6
:10D75000454220469847284638BD4FF0FF35FAE746
:10D76000F8B504460F4616460021202268301D46B3
:10D7700018F05EFF94F86030791C84F8683016BFAA
:10D780000023012384F86970721C84F86A3094F8CD
:10D79000613018BF266784F86C3094F8623084F8E2
:10D7A0006D3014BF0023012384F8743094F8633083
:10D7B00084F8783094F8643084F879306B1C16BFA4
:10D7C00000230123E56784F88030D4F8883084F89A
:10D7D000843094F8653084F88530F8BDF7B500934F
:10D7E000054690F8943016460191DDE908740BB3B4
:10D7F000ECB1E7B12368EBB103689B689847334607
:10D800002846DDE90021FFF7ABFF23463A4605F144
:10D810006801281D13F096FD041E2B68284618BFCA
:10D820000124DB6864429847204603B0F0BD6FF0E6
:10D830000104F9E74FF0FF34F6E7F7B5009305462A
:10D8400090F8943016460191DDE908740BB3ECB101
:10D85000E7B12368EBB103689B68984733462846D5
:10D86000DDE90021FFF77CFF23463A4605F1680118
:10D87000281D13F045FD041E2B68284618BF0124FF
:10D88000DB6864429847204603B0F0BD6FF00104A6
:10D89000F9E74FF0FF34F6E730B51D4685B090F854
:10D8A00094300446CDE90221FBB103689B68984798
:10D8B0004FF0FF332046DDE90221FFF751FF0A9BBD
:10D8C0002A4604F168010193201D099B0093089BDF
:10D8D00013F05AFD0038236818BF0120DB68454269
:10D8E00020469847284605B030BD4FF0FF35F9E790
:10D8F00008B50348FFF7BAFABDE8084005F0D2B80A
:10D90000644B002408B50348FFF7B0FABDE80840AF
:10D9100005F0E6B8644B002438B5074B05460446CD
:10D9200045F8043BFFF7E4FF284613F067FB204669
:10D93000FFF7E8FF204638BD7419070810B5044604
:10D94000FFF7EAFFB021204604F0C4FE204610BDD8
:10D950004168034630B471B1D0E9032000F00104FE
:10D9600002B944B1451001EB60000CB149598A5825
:10D97000996830BC104730BC704713B5B0F93830E7
:10D9800044680093B0F93630B0F93420B0F9321061
:10D99000201D14F003FB02B010BD0000034B1868FB
:10D9A00018B14FF0FF31FCF7B1BE7047307500245D
:10D9B00070B5054604F028F80A4B4FF4AC710A4CD8
:10D9C0001A6800239A420BDD01FB03F00659AE42B0
:10D9D00004D1044404F02EF8204670BD0133F1E771
:10D9E0000024F7E79C5300248C4B0024084A08B518
:10D9F0001368052B04DDAF220649074803F00CFF2E
:10DA0000591C4FF4AC701160044A00FB032008BDA0
:10DA10009C5300249D190708A51907088C4B002466
:10DA20004368D3F8EC30834210B5044610D0036F3E
:10DA30009847606800230430D4E9161214F08EFC75
:10DA40006068216E043014F0D7FC6368C3F8EC40C2
:10DA500010BD036870B504461B690D46164698470D
:10DA60006068D0F8EC30A342C4E916560BD100230D
:10DA700032462946043014F071FC236820465B6965
:10DA8000BDE8704018472046FFF7CAFFF5E7036876
:10DA900070B504461B690D46984760682566D0F846
:10DAA000EC30A34209D12946043014F0A5FC2368C8
:10DAB00020465B69BDE8704018472046FFF7B0FF7D
:10DAC000F5E70000B0F94C30013330B50DD0094B0B
:10DAD000094C1A46D3F89450A542FBD1C36B29B127
:10DAE000416C0B604FF44073536130BD816C1B047B
:10DAF000F7E700BF006402580003008038B50368F0
:10DB000004461B69984794F965506B1C84F865308E
:10DB100045B92046FFF784FF29462046BDE8384036
:10DB2000FFF7D0BF38BD10B590F865300446013B13
:10DB30005BB280F8653013B90121FFF7C3FF23689A
:10DB400020465B69BDE81040184737B5044601918F
:10DB5000FFF7D4FF01996068043014F06DFC0546AE
:10DB60002046FFF7E0FF284603B030BD30B504463D
:10DB700087B0CDE904210393FFF7C0FF94F8645008
:10DB8000606801950A9D043005990095DDE903322E
:10DB900014F0A2FC05462046FFF7C5FF284607B053
:10DBA00030BD0021282210B5044640F8041B18F0AF
:10DBB0003FFD04F11800FFF78DFB204610BD00006B
:10DBC00070B50646054656F8044BACB9FFF7E6FEBD
:10DBD0002C6864B93046FFF7E4FF05F13000FFF729
:10DBE000E0FF85F86440C5E917442E603446074BD2
:10DBF000186808B1FCF7A2FDB44204D08B22044996
:10DC0000044803F009FE204670BD00BF30750024B3
:10DC1000B0180708BF1807080023082210B5C0E98C
:10DC20001623038604460C4B0366FF23A0F86430DA
:10DC300003F0EAFEE06EFFF7BBFE606020B9FFF77D
:10DC4000D5FEE36E6060036003F0F4FE6068F030C0
:10DC5000FFF7B6FF10BD00BF40420F002DE9F041B5
:10DC60001E461A4B0025044603608846184B17468B
:10DC700085618360C561C060C0E904552030FFF74D
:10DC800029FBBDF918301C222946238704F13C03E7
:10DC9000A4F832801846A786E68618F0C9FC4FF033
:10DCA000FF3102F04BFC0B4BB4F93620B4F93410C1
:10DCB0002367B4F93200A56614F042F9E066204605
:10DCC000FFF7AAFF2046BDE8F08100BFD81907087A
:10DCD00051D904087BD90408406808B5C430FFF75F
:10DCE000C5F8BDE8084004F0DDBE406808B5C430A2
:10DCF000FFF7BCF8BDE8084004F0F2BE0D4B10B5CC
:10DD000004460360FFF7E8FF63682046D3F8EC2081
:10DD1000A24204BF0022C3F8EC20FFF7E6FF04F1A3
:10DD20002000F9F70FF8E06908B103F071F8204618
:10DD300010BD00BFD819070810B50446FFF7DEFF75
:10DD40007421204604F0C6FC204610BD7047000038
:10DD500070B500F10C060446B0F95820B0F9561021
:10DD6000304613F0CDFDD4E918530DB9DA070ED5BE
:10DD70005A1094F8681004EB6300DB0748BFA358FF
:10DD8000B4F96A2048BF5D59B4F96C30A847216DD9
:10DD9000304613F0CFFC224630460249BDE87040C1
:10DDA0000FF016BF99E0040873B51E46C36D044614
:10DDB0000D462BB140F235122B492C4803F02CFDB7
:10DDC0002B490192C0E9181303681B689847019A10
:10DDD00084F86850A4F86A20A4F86C60042D0BD86D
:10DDE000DFE805F01603111619004FF0FF3301218B
:10DDF00004F10C000FF0E2FF236820465B6802B0DC
:10DE0000BDE870401847134602214FF0FF32EFE79C
:10DE100033462946ECE70123013284F884300ED0E2
:10DE20001C2004F023FCB4F96A6005461C22002182
:10DE300018F0FEFB3146284602F065FB2567B4F971
:10DE40006C300133D8D01C2004F010FCB4F96C60A5
:10DE500005461C22002118F0EBFB00223146284623
:10DE600002F056FB6567C7E7091A0708181A070882
:10DE7000A9DD040810B50446F2F791FB2046F2F73D
:10DE800088FB204610BD70B506460D46044656F880
:10DE90000C3B1B6898473046294613F04BFC23681F
:10DEA000204625655B68BDE8704018477FB505468C
:10DEB0000446019355F80C6BCDE902213668B04752
:10DEC00028460399DDE9013213F0A6FC23682046B9
:10DED0005B6804B0BDE870401847000070B50546A7
:10DEE000044655F80C3B1B689847284613F0BCFBCA
:10DEF00094F8843005467BB1626F6AB10B4B0C48D5
:10DF00001946D3F894608642FBD1136855B99268DC
:10DF100013604FF440734B61236820465B68984759
:10DF2000284670BDD2681B04F2E700BF00640258A7
:10DF30000003008038B50546044655F80C3B1B68C5
:10DF40009847284613F0A0FB94F88430054643B167
:10DF5000236F00F001055A681B6812681A4218BF47
:10DF60000025236820465B689847284638BD0C305A
:10DF70000FF0DCBE10B50C460C300FF00BFF204646
:10DF800010BD00002DE9F04198461F4B00250446C6
:10DF900003600F461D4B29461646856043602422C8
:10DFA0000C3018F045FB04F13000F8F793FC04F155
:10DFB0004000F8F78FFC40F201136566A4F8543076
:10DFC0004FF6FF73C4F88050A4F86A30A4F86C30A0
:10DFD000A368C4F850805A1013F0010F04EB6300DB
:10DFE0006368A4F85670A4F8586084F8685084F800
:10DFF0008450C4E91755C4E91E551CBFA258D35814
:10E0000098472046BDE8F081381A070851DD04081A
:10E0100003682DE9F04104461B6815460F469847F2
:10E0200094F85430EE1C03B17DB194F855300BB127
:10E03000012D0AD0394604EB0610FAF7CBFA236813
:10E0400020465B68BDE8F041184703F0DDFC384628
:10E0500004EB061604F10C08FAF7C9FA88B1304649
:10E06000FAF7C5FA08B903F0ADFF39463046FAF7BA
:10E07000B1FA0122294640460FF0B6FD03F0DAFC62
:10E08000DDE73046FAF7B3FA08B103F0B1FF3046E6
:10E09000FFF7F0FE0022EDE7033110B500EB0114AD
:10E0A0002046FAF7A4FA10B12046FDF700FD10BD96
:10E0B000036870B504461B680D46984794F85430C1
:10E0C000AB422DD065B194F855304BB9A268636866
:10E0D000511004EB6200D20744BF6258D3589847EE
:10E0E00004F1300603F090FC05B33046FAF77FFAEE
:10E0F00050B13046FAF784FA03F064FF01220021A0
:10E1000004F10C000FF070FD03F094FC84F85450FF
:10E1100035B994F855301BB904F10C0013F08AF9A5
:10E12000236820465B68BDE87040184704F10C0086
:10E130002A4629460FF058FD3046FAF758FA0028CB
:10E14000E2D003F055FFDFE7036870B504461B68B3
:10E150000D46984794F85530AB422DD065B194F8F0
:10E1600054304BB9A2686368511004EB6200D207C7
:10E1700044BF6258D358984704F1400603F044FC6A
:10E1800005B33046FAF733FA50B13046FAF738FAA9
:10E1900003F018FF012204F10C0011460FF024FDDA
:10E1A00003F048FC84F8555035B994F854301BB945
:10E1B00004F10C0013F03EF9236820465B68BDE8CB
:10E1C0007040184704F10C002A4601210FF00CFDA5
:10E1D0003046FAF70CFA0028E2D003F009FFDFE737
:10E1E0001FB5184B0446002103606846F9F7DCFFB1
:10E1F000002269462046FFF70BFF6846F6F786FEC9
:10E2000000216846F9F7D0FF012269462046FFF752
:10E21000FFFE6846F6F77AFE94F8543013B994F886
:10E2200055301BB104F10C0013F004F904F1400067
:10E23000F6F76CFE04F13000F6F768FE204604B0F5
:10E2400010BD00BF381A070810B50446FFF7C8FF15
:10E250008821204604F03EFA204610BD10B5044641
:10E26000F2F79DF92046F2F794F9204610BD70B5FB
:10E27000044615461E4600F039F9A069C4E908565F
:10E2800002F019FC2A18204646EB0103BDE8704055
:10E2900000F022B938B50446154600F007F9074BDF
:10E2A000002204F1280023600023C4E90823F8F7C2
:10E2B00011FB204684F8385038BD00BF501A0708BB
:10E2C00010B5044602F00AFC012201462046FFF781
:10E2D000E1FF024B2046236010BD00BF140D07086C
:10E2E00037B5044601A802F09BFD04F1280520463D
:10E2F00000F0FCF82846FAF77AF920B194F83830A3
:10E300000BB103F075FE2846FFF7A8FF01A802F045
:10E310008FFD03B030BD2DE9F341044601A80F463F
:10E32000164604F128081D4602F07AFD4046FAF729
:10E330005EF920B994F838300BB103F043FE39464A
:10E340004046FAF747F932462B462046FFF78FFF43
:10E3500001A802F06DFD02B0BDE8F08138B5D0E94A
:10E360000825D0E902130446521804F1280445EBAD
:10E37000030300F0B1F82046FAF739F910B120464E
:10E38000FDF795FB38BD437D10B504461BB1037DF9
:10E390000BB103F02DFE204610BD13B5044601A8B5
:10E3A00002F03EFD637D53B9237D0BB103F00AFEFD
:10E3B000206902F080FB0123C4E90001637501A814
:10E3C00002F036FD02B010BD37B5044601A80D4677
:10E3D00002F026FD00230022C4E900236B7D4BB12F
:10E3E000286902F068FBD5E90032C01A61EB02012E
:10E3F000C4E9000101A802F01BFD204603B030BDB6
:10E4000030B585B00D46044603A802F009FD294643
:10E410006846FFF7D9FF009B019AD5E902105B1807
:10E4200040EB020203A8C4E9003202F001FD2046DD
:10E4300005B030BD13B5044601A802F0F1FC206917
:10E4400002F039FB00220023C4E90001C4E90223E1
:10E4500001A802F0EDFC02B010BDD0B500230026EB
:10E4600000270446016102754375C0E90067C0E9F1
:10E470000267FFF7DFFF2046D0BD10B5044602F06B
:10E480002DFB012201462046FFF7E7FF204610BD85
:10E4900010B5044602F078F8002201462046FFF746
:10E4A000DCFF204610BD03681B68184710B5084BF9
:10E4B00004460022084623600023A1610549C4E9FF
:10E4C00002230023C4E9043302F084FA204610BD7D
:10E4D0005C1A0708A7E4040807B500F108010090DA
:10E4E000806902F0B5FA03B05DF804FB00F10801A1
:10E4F000806902F0C5BA0000034B10B50446036002
:10E50000FFF7F4FF204610BD5C1A07080020704793
:10E510006FF01C0070476FF01C0070476FF0150023
:10E5200070476FF015007047012070470120704759
:10E53000002070470020704770B511F001040546B7
:10E540008EB204D0FFF7CAFC041E18BF0124F306E4
:10E5500005D52846FFF7EEFC08B144F0100420462C
:10E5600070BDA0F18800FFF7E7BF08B5FFF7A0FD79
:10E57000002008BDA0F18800FFF7F7BF08B5FFF73E
:10E58000E3FD002008BDA0F18800FFF7F7BF000001
:10E59000034B10B504460360FFF722FE204610BD72
:10E5A000681A0708A0F18800F2E700BF10B504461A
:10E5B000FFF7EEFF8C21204604F08CF8204610BDBA
:10E5C000A0F18800F2E72DE9F04106460D46174616
:10E5D000CAB103F016FA80F0010313F0FF0403D070
:10E5E000336830461B68984705EB0708454505D05A
:10E5F00015F8011B3046FFF7BDFCF7E71CB1336887
:10E6000030465B6898473846BDE8F081A0F1880045
:10E61000FFF7D9BF38B504460D4662B103681B68E1
:10E6200098472046FFF7A3FC2870236820465B68C4
:10E630009847012038BD1046FCE7A0F18800FFF79D
:10E64000E9BF000010B50446FFF79CFC044B2046D0
:10E6500003F1080244332260C4F8883010BD00BFC3
:10E66000601A070830B5056885B0044601932D6827
:10E67000CDE90221A84720460399DDE90132FFF7E1
:10E6800093FB236820465B6805B0BDE8304018471F
:10E6900010B50446F1F783FF2046F1F77AFF2046D4
:10E6A00010BD70B504460E4603F0AEF9A5695DB124
:10E6B00004F10800FFF7ECFF012384F8216084F8DF
:10E6C00020300023E361A36103F0B4F92DB12146AA
:10E6D0002846BDE8704000F078B970BD08B104F07C
:10E6E000E1B903F091B908B104F0FAB903F0A2B9A5
:10E6F0002DE9F041044686B00E46174603F084F932
:10E70000A56903F097F935B301AD0021284604F05F
:10E7100023FA03F079F9D4E9068323B139220F49AA
:10E720000F4803F079F8E56103F084F9B8F1000FC0
:10E730000ED03946284604F017FA48B93046FFF79C
:10E74000CDFF20460121FFF7ACFF3046FFF7CBFF9E
:10E75000284604F02AFA06B0BDE8F081091B070834
:10E76000151B070838B50025054B0446456040F8E1
:10E77000083BF8F7AFF820462584C4E9065538BDB4
:10E780003C1B0708074B10B503600446836923B19F
:10E7900026220549054803F03FF80830F6F7B6FB96
:10E7A000204610BD3C1B0708091B0708231B070850
:10E7B00030B5044685B003F027F904F10805684632
:10E7C0002946FDF76EF92846FFF762FF0023E0694E
:10E7D000A36108B104F0E6F903F02CF96846F9F7F3
:10E7E00006FF10B16846FDF762F96846F6F78EFB42
:10E7F00005B030BD00220160C0E901220122027390
:10E80000704770470346007B30B1D3E9002013689E
:10E8100098428CBF0020012070470123D0F800C02F
:10E820002DE9F04303FA01F11F4682EA030E1CF8BA
:10E8300023500D4204D005F030053AB1102D07D118
:10E840000133112BF3D14FF0FF300FE0002DF7D043
:10E850005C00D0F80880023C42EA040607FA06F998
:10E8600019EA080FECD1202D02D03046BDE8F08324
:10E870004EEA040407FA04F414EA080FF5D0DFE7BF
:10E8800070B50D46114604461E462A46FFF7C5FFE1
:10E89000002802DA0020207370BD420821686368F6
:10E8A00001EB8201CD8849791D44012306FB01510A
:10E8B000616003FA00F1A36842EAC0100B43C0B2E2
:10E8C000A360E9E713460A460121FFF7D9BF1346C3
:10E8D0000A460021FFF7D4BF13B504460A4601914A
:10E8E0000021FFF7EFFF019A0021204602B0BDE8AA
:10E8F0001040FFF7ECBF0022C0E9002270477047CC
:10E900000068704700230B60436813B901604160E1
:10E9100070471960FBE703682BB11A6802B94260BF
:10E92000026000221A601846704710B50468002281
:10E9300023468B4203D083B11A461B68F9E70AB11C
:10E940000B6813608C4204BF0B68036043688B4202
:10E950004FF0000308BF42600B6010BD10B50446C5
:10E96000FFF7C9FF204610BD08B5FFF7C9FFB0FA91
:10E9700080F0400908BD70B505462846FFF7C0FF86
:10E98000044678B150F8043C061F9B68304698470F
:10E9900040B12846FFF7BFFF54F8043C3046DB681F
:10E9A0009847EAE770BD70B504460D46FFF7A8FF2B
:10E9B0000646291D2046AC61FFF7A4FF26B9204674
:10E9C000BDE87040FFF7D7BF70BD70B50C46054677
:10E9D000FFF796FF064604B1043421462846FFF7A8
:10E9E000A4FFA64204D12846BDE87040FFF7C3BF8C
:10E9F00070BD10B504462046FFF782FF28B150F8DD
:10EA0000043C0438DB689847F5E710BD10B50446B0
:10EA1000FFF7EFFF2046FFF772FF204610BD70475B
:10EA200030B50D460E4985B0044640F8041BCDE9CB
:10EA30000232F7F74FFF002104F1400004F08CF898
:10EA400004F1540004F026F8089920460091294664
:10EA5000DDE9023204F0FAF8204605B030BD00BF0F
:10EA60004C2B0708704703689B6D184770B500234F
:10EA700086B04FF4897490F82013CDF8063005AEB7
:10EA80008DF80A300389ADF804400224ADF8103047
:10EA900040F201234268ADF8123040F203138DF8C2
:10EAA000074001ACADF8143000F10A038DF80B10EB
:10EAB0001D4603922246083303CAB24243F8080CAB
:10EAC00043F8041C1446F5D1128828461A8006B073
:10EAD00070BD000000487047241E070800487047BA
:10EAE0005C1E070800487047281E0708004870474A
:10EAF0006E1E070800487047541E070800487047FC
:10EB00003E1E0708036810B504465B6F9847D4F8AB
:10EB1000EC0203681B6F9847236820469B6FBDE893
:10EB20001040184708B5D0F834332BB940F2CD6205
:10EB30000249034802F070FE08BD00BF691B0708C8
:10EB4000771B070810B5044602F05EFFD4F8343393
:10EB50000133C4F834332BB94FF4D7620249034868
:10EB600002F05AFE10BD00BF691B0708771B07089B
:10EB700038B5D0F834330446012B10D10025D4E940
:10EB8000C93000F0010203B94AB1411004EB600042
:10EB9000C4E9C9550AB16258D3589847EFE7D4F889
:10EBA00034332BB940F2C6620549064802F034FE00
:10EBB000013BC4F83433BDE8384002F03BBF00BF2E
:10EBC000691B0708771B0708002307B51A46024987
:10EBD0000248009303F0B8F8831B07080E01158064
:10EBE000002307B51A4602490248009303F0ACF827
:10EBF000AB1B070804011580036873B50446DB6F7F
:10EC00009847B4F8F8120B12022B25D0032B56D0DC
:10EC1000012B04D1236820461B6B984708B90020BC
:10EC200018E0236820461B6B98470678122EF6D111
:10EC3000236820461B6B98474578012DEFD1236848
:10EC40002046C4F804631B6B9847C4F800032846A9
:10EC500084F8085302B070BDC9B2236820465B6BCC
:10EC6000019198470028DAD02368204601995B6B10
:10EC7000984703780199092BD1D1236820465B6B13
:10EC8000984743780199022BC9D1236820465B6BD2
:10EC900098472368857820465B6B01999847C3782D
:10ECA0000199204645EA03252368C4F804535B6BA9
:10ECB0009847C4F80003012084F80803CAE7C9B2E2
:10ECC0000529ACD8DFE801F0030F19232D3723689D
:10ECD00020469B6B98470378C4F8043323689B6BEA
:10ECE00020469847E5E723682046DB6B9847037882
:10ECF000C4F804332368DB6BF2E7236820461B6CFF
:10ED000098470378C4F8043323681B6CE8E723684A
:10ED100020465B6C98470378C4F8043323685B6C27
:10ED2000DEE7236820469B6C98470378C4F80433D9
:10ED300023689B6CD4E723682046DB6C98470378F4
:10ED4000C4F804332368DB6CCAE70B78DB09137063
:10ED50000B78C3F3411353700B7803F01F039370C8
:10ED60004B78D370C8788B7843EA00239380487936
:10ED70000B7943EA0023D380C8798B7943EA0023D7
:10ED800013817047036870B504465B6F0D46984762
:10ED900094F80C33022B05D040F23D120849094883
:10EDA00002F03AFD084B204684F81053C4F824338F
:10EDB0000023C4F828332368BDE870409B6F1847D0
:10EDC000691B0708CA1B07088BF2040838B50368DB
:10EDD0000446DB6F984794F8083313B100252846A2
:10EDE00038BDD4F8EC0203685B6C9847D4F8042370
:10EDF0009042F3D8D4F80013121A0144C4F8042343
:10EE0000C4F80013A2B9022394F80A5384F80C330F
:10EE100045B1236804F53D71204684F80A239B6EB2
:10EE20009847DCE701212046FFF7ACFF0125D6E734
:10EE3000D4F8EC02D4F820430368A2421B6C28BF2C
:10EE400022469847F2E70000036813B50446DB6FDB
:10EE5000984794F81C33012B06D800230F491A4613
:10EE600000930F4802F070FF94F80C3323B1002395
:10EE70000C491A460093F4E794F80B33032B0BD09C
:10EE80002046FFF7A3FF38B9D4F8EC020368DB6C27
:10EE900002B0BDE81040184702B010BD831B070840
:10EEA0000E011580F51B070838B503680446DB6FB3
:10EEB000984794F80833012B3BD1D4F8045335B963
:10EEC00094F809330BB901252CE084F80953D4F8E0
:10EED0002023D4F8EC029542D4F80013036828BF2D
:10EEE00015469B6C2A469847D4F80033D4F804237F
:10EEF0002B44551BC4F80033C4F80453002DE2D151
:10EF000094F80923002ADED1022394F80A5384F8E6
:10EF10000C334DB1236804F53D71204684F80A2373
:10EF20009B6E9847284638BD01212046FFF72AFFEF
:10EF3000C9E70025F6E7036810B50446DB6F98477C
:10EF400094F81C33012B01D8FFF73EFE94F80B33E5
:10EF5000032B0AD02046FFF7A7FF30B9D4F8EC0204
:10EF60000368BDE81040DB6C184710BD036870B53E
:10EF700004465B6F0D46984794F80C33032B05D07D
:10EF80004FF4C3720849094802F046FC084B20467A
:10EF900084F81053C4F824330023C4F828332368BA
:10EFA000BDE870409B6F1847691B07083F1C0708A6
:10EFB000A3FB0408036810B50446DB6F98470120E3
:10EFC00004F21D33C4F80403C4F8003384F80803C2
:10EFD00010BD036810B50446DB6F984794F81C33E6
:10EFE000042B05BFB4F82E3301200020A4F8FA3218
:10EFF00001BF04F54C73C4F80403C4F8003384F86B
:10F00000080310BD036810B5DB6F0446984704235E
:10F01000204694F8F82284F80C332368B4F8FA12E6
:10F020001B6F9847012010BD036870B504465B6FE5
:10F030000D46984794F80C33042B05D04FF4EB722F
:10F040000849094802F0E8FB084B204684F81053B1
:10F05000C4F824330023C4F828332368BDE8704083
:10F060009B6F1847691B07086B1C07081BF30408F4
:10F07000036810B50446DB6F984794F81C33042BE3
:10F0800002D0B4F8FA328BBB94F8F632012B0FD0D1
:10F09000022B10D053BB164B01221A80144B0120B7
:10F0A000C4F80033022384F80803C4F8043310BD05
:10F0B0000F4B0022F1E7B4F8FA2222F08F03ABB92C
:10F0C00012F00F0F0A4902D100230B80E6E753002C
:10F0D00003F01E0343EAD2131822023B02FB034350
:10F0E00093F830309B07EFD50123EEE70020DEE7F1
:10F0F000A0530024036810B5044690B0DB6F984716
:10F10000D4F8EC02D4F8202369460368DB6B9847F7
:10F1100004F53D7269462046FFF717FE00231146AD
:10F120002046C4F80833C4E9C033012384F80C3303
:10F1300023685B6E984710B010BD036810B5044695
:10F14000DB6F984794F81C33012B01D8FFF73CFD87
:10F15000012394F80C2384F82C3322B92046BDE80F
:10F160001040FFF7C7BF84F82D3310BD2DE9F041E3
:10F170001D46036804460F465B6F1646984794F891
:10F180000C33012B05D040F2BA220A490A4802F09A
:10F1900043FB0A4B204684F81073C4F82433002341
:10F1A000C4F828332368C4E9C5659B6FBDE8F04106
:10F1B000184700BF691B0708931C07085BFA04087F
:10F1C000036810B50446DB6F9847B4F8FC3293B37C
:10F1D00094F8F40294F80823012825D1012A06D0D6
:10F1E000D4F8EC020368DB6CBDE810401847D4F893
:10F1F00004239A4201D9C4F804330128D4F8041333
:10F2000026D18B4208D9D4F82033B1FBF3F203FBAB
:10F2100012120AB984F809030223204684F80B333A
:10F22000BDE81040FFF740BE002AD9D1D4F804232E
:10F230009A42E2D0D4E7D4F8EC02D4F8042303686D
:10F24000002AD0D103219B6C84F80B1311460DE0EA
:10F250000123D4F82023D4F8EC028A4284F80B333B
:10F26000036828BF0A46D4F800131B6CBDE81040A1
:10F270001847036810B5DB6F04469847002384F8ED
:10F280002D33032384F80B3310BD036810B5DB6FF7
:10F2900004469847002294F8103384F80C2394F81D
:10F2A0002D2322B12046BDE81040FFF7E2BF33B95D
:10F2B000D4F8EC020368BDE81040DB6C184794F802
:10F2C0000B33012B0AD10323D4F8EC0284F80B335F
:10F2D00003689B6C1146BDE810401847022B07D10C
:10F2E0000323D4F8EC0284F80B3303681B6CF1E7BA
:10F2F00010BD036810B5DB6F04469847002384F8FF
:10F300002C3394F80C3323B92046BDE81040FFF7A6
:10F31000B0BF012384F82D3310BD036810B5DB6F37
:10F3200004469847002294F8103384F80C2394F88C
:10F330002D2322B12046BDE81040FFF79ABF63B1EC
:10F34000B4F8FA322046A4F82E33B4F8F83284F830
:10F350003033BDE81040FFF733BFD4F8EC02036848
:10F36000BDE81040DB6C1847036810B504465B6FBE
:10F37000984794F8F03283B9D4F8EC022146036838
:10F380009B689847D4F8EC02402103689B6B984730
:10F390000123C4F8200384F8F032236820469B6FD1
:10F3A000BDE81040184738B5036804465B6F9847BE
:10F3B00094F81C5323682046EDB29B6F98472B1F8F
:10F3C0005842584138BD036810B504465B6F9847F2
:10F3D0002046FFF7C9FF94F8F1323BB9D4F8EC02AC
:10F3E00003685B699847012384F8F132236820465B
:10F3F0009B6FBDE810401847D0F8EC0203685B6BC8
:10F40000184738B503680D4604465B6F98472B07CD
:10F41000204617BF6A00D4F8205302F01E0242EAC9
:10F42000D5131FBF1822023B02FB03439D8D2368A7
:10F430009B6F9847284638BD0368F7B50E465B6F4B
:10F440000546984736F08F0701D1320706D10023D1
:10F45000174918481A46009302F076FC74001823E6
:10F4600004F01E0444EAD614023C03FB045494F84E
:10F470003030DB0709D42846FFF795FF80B140F212
:10F480008C520D490D4802F0C7F994F831303BB168
:10F49000D5F8EC0231460368DB6E984784F831708A
:10F4A0002B6828469B6F03B0BDE8F040184700BFAB
:10F4B000AB1B070804011580691B0708B61C070869
:10F4C000036873B50E465B6F0446984716F0700FDD
:10F4D00001D1310706D100231A491B481A4600936F
:10F4E00002F032FC7500182305F01E0545EAD6151A
:10F4F000023D03FB054595F83030DA0709D4204674
:10F50000FFF751FFB0B140F2CC421049104802F071
:10F5100083F943F00203314685F83030D4F8EC0229
:10F5200003689B6D984795F831301BB131462046F2
:10F53000FFF782FF236820469B6F02B0BDE8704052
:10F54000184700BFAB1B070804011580691B07089B
:10F55000B61C0708036810B50446DB6F984794F89B
:10F560001C33042B02D0B4F8FA32A3B994F8F63263
:10F57000022B10D1B4F8FA1231F08F000BD111F038
:10F580000F030AD0B4F8F83223B92046C9B2FFF706
:10F5900097FF012010BD0020FCE71846FAE70000A5
:10F5A000036873B50E465B6F0446984716F0700FFC
:10F5B00001D1310706D100231C491D481A4600938A
:10F5C00002F0C2FB7500182305F01E0545EAD615AA
:10F5D000023D03FB054393F83020D20709D42046AF
:10F5E000FFF7E1FED8B140F2F1421249124802F0B1
:10F5F00013F993F831301BB131462046FFF71CFF59
:10F600001823314603FB054595F8303023F00203FB
:10F6100085F83030D4F8EC020368DB6D9847236836
:10F6200020469B6F02B0BDE870401847AB1B07082F
:10F6300004011580691B0708B61C0708036810B58C
:10F640000446DB6F984794F81C33042B02D0B4F8BF
:10F65000FA32A3B994F8F632022B10D1B4F8FA12A8
:10F6600031F08F000BD111F00F030AD0B4F8F8324B
:10F6700023B92046C9B2FFF793FF012010BD002037
:10F68000FCE71846FAE700002DE9FF4198460368B9
:10F690000E4603925B6F0746984736F08F0403D1FE
:10F6A00016F00F0F039A06D10023204920481A466E
:10F6B000009302F049FB7500182305F01E0545EA8A
:10F6C000D615023D03FB057595F83030DB070AD4EB
:10F6D0003846FFF768FE044688B140F2AF5215493C
:10F6E000154802F099F8AB8D434505D923462246CB
:10F6F000124913480094DCE795F8311039B13B68A2
:10F7000038469B6F9847204604B0BDE8F081D7F893
:10F71000EC0201680C6E3146A04704460028EED08A
:10F7200095F83130013385F83130E8E7AB1B070835
:10F7300004011580691B0708B61C0708C41C0708CC
:10F7400005011580036837B50D465B6F0446984781
:10F7500015F0700F01D12A0706D10023154916486C
:10F760001A46009302F0F0FA6B00182203F01E0311
:10F7700043EAD513023B02FB034393F83030DB0727
:10F780000AD42046FFF70FFE054660B140F2E95269
:10F790000A490B4802F040F8D4F8EC022946036805
:10F7A0005B6E98470546236820469B6F984728461E
:10F7B00003B030BDAB1B070804011580691B0708A7
:10F7C000B61C07082DE9FF41984603680E460392D0
:10F7D0005B6F0746984736F08F0503D116F00F0F81
:10F7E000039A06D10023224922481A46009302F0C8
:10F7F000ABFA7400182304F01E0444EAD614023C49
:10F8000003FB047494F83030DB070AD43846FFF762
:10F81000CAFD054688B140F20A621749174801F04F
:10F82000FBFFA38D434505D22B462A4614491548B4
:10F830000095DCE794F831303BB13B6838469B6F6C
:10F840009847284604B0BDE8F081D7F8EC0231466D
:10F8500003689D6E4346A847054638B194F8313099
:10F86000A4F82E80013384F83130E6E7E085E4E740
:10F87000151D070804011580691B0708B61C070839
:10F88000331D070805011580036837B50D465B6F0A
:10F890000446984715F0700F01D1290706D10023BF
:10F8A000124913481A46009302F04EFA6A0002F019
:10F8B0001E0242EAD5131822023B02FB034393F8CF
:10F8C0003020D2070AD42046FFF76DFD054630B13F
:10F8D00040F249620749084801F09EFFDD8D236828
:10F8E00020469B6F9847284603B030BDAB1B0708E6
:10F8F00004011580691B0708B61C0708036870B56A
:10F900000446DB6F0D46984794F81C2384F81C537B
:10F91000AA42D3B226D0032B09D9032D8CBF0026CF
:10F920000126012B05D9012D03D88EB103E0002655
:10F93000F7E786B100264FF43472002104F11C0071
:10F9400016F076FE002384F81D3384F8F23216B1E7
:10F950002046FFF7CEFC2368294620461B6EBDE8F3
:10F960007040184770BD036810B50446DB6F9847B8
:10F97000D4F8EC0294F8F8120368DB6A9847B4F8FC
:10F98000F8322BB902212046FFF7B8FF012010BD45
:10F990000321F8E7036810B50446DB6F984794F835
:10F9A000F81284F81D1351B9D4F8EC0203681B6AED
:10F9B000984703212046FFF7A1FF012010BD012336
:10F9C000204684F8F232032384F80C332368DB6E7C
:10F9D0009847F2E7036810B50446DB6F984794F840
:10F9E000F532C3BB94F8F7320B2B34D8DFE803F0C1
:10F9F000060B331033151A331F24292E2046BDE879
:10FA00001040FFF735BB2046BDE81040FFF716BE9B
:10FA10002046BDE81040FFF79DBD2046BDE81040E0
:10FA2000FFF7A1BF2046BDE81040FFF7E5B820462C
:10FA3000BDE81040FFF7BEBA2046BDE81040FFF712
:10FA4000A9BF2046BDE81040FFF7C3BA2046BDE875
:10FA50001040FFF7D7BA002010BD036810B5DB6F68
:10FA600004469847002094F8103384F80C0394F867
:10FA70002D03D4E9C52190B1012B0BD8022304F545
:10FA80003D712046012284F80C332368BDE8104004
:10FA90009B6E18472046BDE81040FFF7EABB042BD9
:10FAA00012D12046FFF796FF30B9D4F8EC02036874
:10FAB000BDE81040DB6C184794F80C3373B920464E
:10FAC000BDE81040FFF77CBB032BEED0012084F88B
:10FAD000083384F80A03C4E9C021F0E710BD0368C5
:10FAE00010B50446DB6F984702212046FFF706FF5A
:10FAF0000023204684F81E33FFF7FBFB23682046D3
:10FB0000DB6DBDE810401847036810B504465B6F15
:10FB1000984794F8F1323BB1D4F8EC0203689B6942
:10FB20009847002384F8F13294F81C33012B03D951
:10FB300001212046FFF7E2FE0023204684F81D3312
:10FB400084F81E332368BDE810409B6F1847036894
:10FB500010B504465B6F984794F8F03253B12046D5
:10FB6000FFF7D2FFD4F8EC020368DB689847002364
:10FB700084F8F032236820469B6FBDE81040184798
:10FB800038B503680D460446DB6F984745B994F8CD
:10FB90001C332BB129462046BDE83840FFF7AEBEE6
:10FBA00038BD036870B50446DB6F984794F82D3371
:10FBB00094F8106303B97EB92046FFF7F4FB0546BD
:10FBC00050B901464FF4347204F11C0016F030FDB8
:10FBD00084F81D5384F8F252002384F80C3394F80F
:10FBE0002D3323B12046BDE87040FFF742BBD4F867
:10FBF000EC02036856B1DB69984720460421FFF701
:10FC00007DFE2046BDE87040FFF7DABADB6CBDE848
:10FC1000704018472DE9F04F914685B002680E46B6
:10FC200003930446526F904716F0700F03D116F0FD
:10FC30000F0F039B06D10023264927481A4600933D
:10FC400002F082F894F8F282B8F1000F07D123682D
:10FC500020469B6F9847404605B0BDE8F08F750081
:10FC60004FF0180B05F01E0545EAD615AF1E0BFB2D
:10FC7000074797F830A01AF0010A05D04FF48E62BA
:10FC80001649174801F0C8FDB9F5806F04D940F254
:10FC9000714212491348F5E7D4F8EC023146026884
:10FCA000D2F850804A46C04780460028CFD0013D58
:10FCB0000E990BFB0545281DF8F78CFC97F83030A2
:10FCC00087F831A043F00103A7F82C9087F8303073
:10FCD000BDE700BFAB1B070804011580691B0708BF
:10FCE000541D0708761D07082DE9F047054698467C
:10FCF0001E4B04460F46914645F81C3B00F53B7AE7
:10FD00002E4630461836F6F7E5FDB245F9D1BDF876
:10FD100020304FF43472002128462381A4F8049047
:10FD2000A4F8068016F084FC2822002104F53D701A
:10FD300016F07EFC00230122204684F80C33C4F820
:10FD4000EC72A4F8F03284F8F232C4F8343384F858
:10FD5000303384F81C2384F81D3384F81E33C4E93F
:10FD6000C833C4E9CA33BDE8F08700BFA41D070843
:10FD70000D4B70B50360044690F8F0322BB140F2A1
:10FD800062520A490A4801F047FD04F53B7504F147
:10FD90001C06FFF7DCFEB54204D0183D2846F5F7F7
:10FDA000B5F8F8E7204670BDA41D0708691B0708D1
:10FDB0008E1D070838B503680D460446DB6F98476B
:10FDC00015F0700F01D12B0701D1FEF709FF6B0071
:10FDD000182003F01E0343EAD5118B1E00FB0343DA
:10FDE00093F831206AB10139013A00FB014483F8EC
:10FDF000312004342046F8F7FAFB10B12046FBF717
:10FE000056FE38BD38B503680D460446DB6F98478B
:10FE100015F0700F01D12B0701D1FEF7E1FE6B0049
:10FE2000182003F01E0343EAD5118B1E00FB034389
:10FE300093F831206AB10139013A00FB014483F89B
:10FE4000312004342046F8F7D2FB10B12046FBF7EE
:10FE50002EFE38BD4FF0FF3100F079B937B50446BA
:10FE60004C3001911546FDF735FA019921B90A4642
:10FE7000204600F014F803E02DB9204600F048F8C1
:10FE8000204603B030BD2A46F2E710B5044600F024
:10FE900052F804F14C00F6F755FF204610BD032937
:10FEA00038B5044607D9D31C23F003039A1A8A1ADB
:10FEB00022F003011A4600230D46E260C4E9043330
:10FEC0000DBB22622560C4E9065100F00BFA00F078
:10FED0000BFA2581606004F13000A57284F824508B
:10FEE000C4E90A5500F020FA00280BDB04F14400B5
:10FEF00000F012FA002805DB04F1480000F00CFACB
:10FF000000EAE07038BD23696D0801332361D7E74B
:10FF100037B505460846019115F03CFF044638B157
:10FF2000024601992846FFF7BAFF6C6103B030BD65
:10FF30004FF0FF30FAE770B504460568B5B9A36A1B
:10FF40001BB14FF0FF31E06A984704F1480000F020
:10FF5000E5F904F1440000F0E1F904F1300000F0AB
:10FF6000EBF96069BDE8704015F01CBFEE6836B96A
:10FF7000EB6913B105F124009847AD68DEE7F3693A
:10FF800013B106F124009847F668F0E773B506460A
:10FF90002731483021F00305019000F0C0F906F147
:10FFA0001803B46901985CB9F3699D4223D8346A97
:10FFB0005B1B6219F361012332622560A37107E0C4
:10FFC0002268954213D8E26872B11A60A368936000
:10FFD00000F0A7F900234FF0FF32E361C4E90532D6
:10FFE0002434204602B070BDA2681A60F0E704F124
:10FFF0000803A468D7E700F094F9F2E751F8083C49
:020000040805ED
:1000000073B505460C460BB108469847EB6833B10B
:10001000A4F12406B34202D82B6AB34204D20023CF
:1000200004F81E3C02B070BD05F14800019000F0DC
:1000300076F905F11802AB690198ABB11D6854F867
:10004000241C8D420CD30FD144F8183C13689B68D4
:1000500044F81C3C166002B0BDE8704000F061B985
:1000600003F108029B68E8E7002344F8183C136892
:10007000EEE7F8B54B6900F1440705460C469B1ABC
:100080001646002BACBFD318131C4B6103893846AE
:100090008B8000F044F9284603687BB35969626994
:1000A000A1EB020CBCF1000F25DB914226D19B682D
:1000B000A36013B104F108021A610368224600210B
:1000C00042F80C3F99601A61AB6A046020616BB121
:1000D00095F8242052B12A68A24207D1E2682AB9D1
:1000E0006169E86A891B21EAE17198473846BDE8F1
:1000F000F84000F016B903F10800CDE7A36013B192
:1001000004F108021A610023E360DDE7F8B5144644
:1001100005460F46A2F1240600F0E6F854F8103C1C
:1001200002463146034444F8047C284644F8103C17
:10013000FFF79FFF296914F81E4C05F130008C4031
:10014000E968761A00F0FAF834432046F8BD2DE944
:10015000F74F04460F464FF0000800F0C5F804F1D1
:100160004406054607EB000984F82480304600F079
:10017000D6F8636801A95B1B002B2368D8BF6560B4
:1001800001931BB15A69521B002A37DD236003B16A
:100190001C61C1F80080019D15B1238901332381C1
:1001A000304600F0BEF801A965BB019D4FF0010A81
:1001B000002D34D100F098F8002F82465CDBA9EBCB
:1001C0000005002D5ADCA36A9BB1304600F0A7F869
:1001D000A36A43B1226832B15169E06AA1EB0A0116
:1001E00021EAE17198470123304684F8243000F079
:1001F00098F80023A37203B0BDE8F08F03F1080163
:100200009B68BEE7A8682B4600229A601A46DB6806
:10021000002BFAD10A6005F108010546C4E72B6AF4
:10022000D5F808B013B105F124009847AA69002A4F
:100230000BDB6B6913446B6100F056F829460246EC
:100240002046FFF716FF5D46B2E7E36873B1AB42A5
:100250000CD8236AAB4209D3AB7922690133DBB2F4
:1002600013FA02F214BFAB7185F806A005F1240160
:100270002046FFF7C3FEE6E74FF0FF35304600F0BB
:100280004EF823683BB15969A1EB0A0121EAE171FB
:100290008D4228BF0D46304600F043F8294604F150
:1002A000300000F04EF8A37A7BB1304600F037F80A
:1002B000A37A3BB100233046A37203B0BDE8F04FF0
:1002C00000F02FB8304600F02CF800F00DF805468D
:1002D0004CE740F8101C704740F80C1C704740F881
:1002E000081C704701F0C6BD07B501F084FB70B172
:1002F000084B6846196800F06FFF4FF47A720023CC
:10030000DDE9000113F052FB03B05DF804FB02F0DD
:1003100081FBF9E7A861002400207047704701F0D5
:1003200073BB01F087BB0000024908B502F04CFB2B
:10033000002008BD741E070802F04FBB012102F027
:1003400049BB08B5012341EAE172194602F060FB9E
:10035000431E5842584108BD30B52A4C89B0054665
:100360002378BFF35B8FDA0711D4204601F03CFFFE
:1003700068B1254A4FF440712448FFF76FFD2046CD
:1003800001F054FF224A2349204801F01DFF224C6E
:100390002378BFF35B8FDB0713D4204601F024FFE3
:1003A00078B14FF4006218211C4B1D480095FEF7F0
:1003B00037FB204601F03AFF154A1A49184801F068
:1003C00003FF174802F06EFC10F0EF0016D1164B39
:1003D000154A0E49CDE90230034604A8FBF7D0FBCD
:1003E00004A90F4802F0DCFC044604A8F4F78EFDD3
:1003F00024B12F220D490E4801F00EFA034809B02E
:1004000030BD00BF685C0024C85C00246C5C002424
:10041000000000248BFE0408A45300246854002428
:10042000A8530024512D050855FE0408931E070803
:10043000AA1E070808B50248FFF78EFF08BD00BFD7
:10044000B91E070870470000EFF3108372B6054A23
:10045000117831B9DB43044903F001030B70012328
:1004600013707047C95F0024C85F002408B5EFF31C
:100470001083DB4313F0010304D0362205490648FC
:1004800001F0CAF9054A1370054B1B7803B162B637
:1004900008BD00BFE11E0708FD1E0708C95F002454
:1004A000C85F0024014B1878704700BFC95F002463
:1004B000094B30B51A46094CD3F89450A542FBD1EC
:1004C000036829B181680B604FF44073536130BDFC
:1004D000C1681B04F7E700BF0064025800030080F6
:1004E00070B50E46044615460EF0FCFB013609D0E9
:1004F000204600210EF01AFC29462046BDE8704037
:100500000EF010BC70BD0022FFF7EABFFFF7E8BF96
:1005100070B50E46044615460EF0E4FB01360CD0CD
:1005200020462946FFF7C4FF01210EF0FFFB2046BD
:100530000021BDE870400EF0F5BB70BD0022FFF752
:10054000E7BFF8B5069F04460E461D4652B91A4647
:10055000FFF7C6FF013616D039462046BDE8F84001
:10056000FFF7A6BF0EF0BEFB01360CD02046394681
:10057000FFF79EFF01210EF0D9FB29462046BDE87A
:10058000F8400EF0CFBBF8BD00487047181F0708B1
:10059000024B1B680BB1024818477047000D00243E
:1005A000181F07081FB5431C10D105B05DF804FBE8
:1005B00083420AD1896803900FF066FF00210398F7
:1005C00005B05DF804EB10F017B80C31B1F900304C
:1005D0005A1CEDD10023024602490348009301F062
:1005E000B3FB00BF441F070830010180884207B5F4
:1005F00002460AD0431C08D0013105D0002305492A
:100600000548009301F0A0FB0146084603B05DF8E1
:1006100004FB00BF551F070830010180B1F900300D
:100620005A1C01D118467047834201D1486870476F
:100630000C31F3E7421C13B504460AD0FFF7EEFF76
:10064000431C06D10023224603490448009301F0CD
:100650007BFB02B010BD00BF661F070830010180A0
:10066000B1F900305A1C01D118467047834201D1BC
:10067000886870470C31F3E7421C13B504460AD072
:10068000FFF7EEFF431C06D100232246034904482E
:10069000009301F059FB02B010BD00BF861F070890
:1006A000300101802DE9F047466896F8327087BB2B
:1006B00003685B689847346A84422AD03369041B14
:1006C00096F934201C40B3683062A4FB0345CAB1DC
:1006D000736A14EB030845F10009002A1BDBC2F121
:1006E0002001A2F1200328FA02F429FA02F509FAFE
:1006F00001F129FA03F30C431C4304FA02F2A8EBBC
:1007000002027262D6E90A321B1945EB0202C6E9FF
:100710000A32BDE8F087D6F80CA03B464046494671
:10072000524613F093F904460D460AFB1082E8E79F
:10073000824206D98A420BD9884294BF0020012008
:100740007047884206D98A428CBF0020012070473A
:1007500001207047002070472DE9F34746680446A2
:10076000376B27F07F4727F0FF07002F63D1FFF794
:1007700099FF7368002B61D0D3E90001D6E90A2301
:100780008B4208BF824205D323685B6902B0BDE893
:10079000F04718476568D5E90A32D5F814A0B0EBE0
:1007A000030861EB0209D5E906234B4508BF424522
:1007B00020D3EB6895F933C0A3FB080103FB0911B3
:1007C000BCF1000F13D0AA68531EC01841F10001FC
:1007D000BCF1000F1CDBCCF12002ACF1200320FAAD
:1007E0000CF001FA02F221FA03F310431843824598
:1007F00028BF82462A6A336A92442A690AEA0202B8
:10080000934209D140F2C9121249134801F004F889
:100810003B4613F01BF9EAE72368104601921B6977
:10082000984723685B689847019A0146306AFFF74A
:100830007FFF0028A8D102B0BDE8F0877369306A55
:1008400032691844236810401B6902B0BDE8F047C4
:10085000184700BFB91F0708CB1F0708436893F864
:1008600030202DE9F3470646002A7FD193F8323035
:10087000002B7BD103681B6898473368DB69984776
:1008800003682BB91A463B493B48009301F05CFAD8
:1008900019463A4C2246B1FBF4F402FB14141146FB
:1008A000002CF7D1354C01257768B4FBF2F11F24F9
:1008B000B960013C03D305FA04FC6145F9D1B3FBEF
:1008C000F2F287F8334001231F24FA6003FA04F59B
:1008D000AA4201D0013CF9D287F8344043681D1F79
:1008E0001C2D05D90023264926481A460093CDE73A
:1008F000202B4FF0070418BF012004FA05F40CBFA9
:100900004FF0FF3098404FEAE4794FF000037C61EC
:1009100018BF00F1FF30A4FB01459A46386112F17F
:10092000FF3001FB095543F1FF31201845EB010170
:1009300013F08CF83368C7E906015B68C7E900AAC1
:10094000984773683862002101220020C3F824A070
:100950001A8683F832A0C3E90A013046FFF7A2FEE7
:10096000304602B0BDE8F047FFF7F6BE02B0BDE882
:10097000F08700BFEF1F07080E01048040420F0000
:1009800008200708050104802DE9D00316461F46FC
:1009900042680024059B8B605368C1E9006733B946
:1009A000CB606CB95160BDE8D003FFF7D5BED3E989
:1009B00000894F4508BF4645F2D31C46DB68EEE789
:1009C000D2E90A23E160BB4208BFB242EBD2BDE8E4
:1009D000D003704738B505460C46FFF73FFF01F0DE
:1009E00013F86B681C60BDE8384001F023B8F8B517
:1009F000054601F009F8D5E90034DB68984794F81A
:100A000032301BB1BDE8F84001F014B8012384F87E
:100A100031306368ABB12846FFF744FE6168D4E922
:100A20000A67D1E900239F4208BF964209D36B6849
:100A30005A68CB6863602368002BEAD090689847B7
:100A4000E7E70023284684F83130FFF785FED9E731
:100A500010B586B0CDE904210393089C029000F004
:100A6000D3FF0298FFF71EFE059902980094DDE976
:100A70000332FFF789FF06B0BDE8104000F0DABF8F
:100A800038B505460C4600F0BFFF6A685368A342BC
:100A900009D1DB6828465360FFF75EFEBDE83840A9
:100AA00000F0C8BF1346002BF8D0DA68A242F9D193
:100AB000E268DA60F2E738B50446FFF7CFFE00F0EF
:100AC000A3FF2046FFF7EEFD6368D3E90A4500F077
:100AD000B1FF2046294638BD7047000000487047E6
:100AE00044200708024B1B680BB1024818477047A7
:100AF000040D00244420070808B5BFF35F8F164B90
:100B00001968080AC1F3072110F0FC0F04D13B2239
:100B10001249134800F080FE002210465A608A42B3
:100B200016D11022DA600F4A1A611322DA600E4AD7
:100B30001A611122DA600D4A1A610D4ADA600D4A13
:100B40001A6107225A60BFF34F8FBFF36F8F08BD42
:100B50009A6001321861E2E790ED00E08920070811
:100B60009820070839F00206390702133FF50B13E6
:100B70001200008039000213B1F90C20B1F9041001
:100B800010F0BEBE15F002BE2DE9F04F8B4D804631
:100B9000894692462DED028B08EE103A6B6B83B0BE
:100BA0001BB19847EB6B0133EB632B69DBB1002280
:100BB00018F0800F1A7025D1B9F1000F11D06868B4
:100BC00003781BB1494616F0A5FC50B9A868037814
:100BD000002B00F0ED80494616F09CFC002840F008
:100BE000E780AB692B62AB6B3BB10023EC6BEB6333
:100BF000013CAB6B9847002CFADC03B0BDEC028BD8
:100C0000BDE8F08FBAF1000FEBD0B9F1000FE8D0DA
:100C1000EB6A002BE5D02B7803EA0802D106E2D07C
:100C20001A06D5E9047402D4B8F1010F12D118EEF6
:100C3000103A5246214638461BF004FAB8F1010F2B
:100C400054D12B6B002B51D0286998472B6B5C48F3
:100C50009847C6E713F0400064D09B0644D5594A34
:100C60002146384615F05CFF84423DDD00283BDD1F
:100C70000744241AB8F1080F52D03AD8B8F1020F3D
:100C80003CD0B8F1040F49D00026B3466B6ADBB103
:100C90000021524618EE103A8DED018A08461BF0ED
:100CA000D1F9002E30446B6A18BF042630449847AF
:100CB000454A03462146384615F032FFA04203DA82
:100CC0000028C4BF3F18241AB8F1080F6DD02ED8E1
:100CD000B8F1020F31D0B8F1040F63D03B4A21467E
:100CE000384615F01DFF2EE0002CC3DCEB6A2869A6
:100CF000AEE7B8F1100FC7D1354B00E0354B324AA3
:100D00002146384615F00CFFA04206460DDA0028B1
:100D100001DD0744241A4FF0010BB7E72E4BEEE735
:100D20002E4BECE7002CAFDCE0E70026F3E7B8F150
:100D3000100FD3D14B462A4A01E04B46294A21469F
:100D4000384615F0EDFEA042D0DA0028CEDD261A96
:100D5000074418EE103A5246314638461BF072F9F5
:100D60008642C3DD0028C1DD361A0744002EBDDDF2
:100D7000AB6A73B19847144A03463146384615F0BA
:100D8000CFFE8642B2DD0028B0DD361A0744002EC1
:100D9000ACDDBBF1000FA9D0134A3146384615F03F
:100DA000BFFEA3E74B46114AC9E74B46104AC6E7C8
:100DB000BAF1000F7FF42CAF13E700BF080D002439
:100DC0009F240708A5200708B1200708022107086B
:100DD000C0200708AB200708B4200708BA2007087E
:100DE000F3200708C620070811210708D5200708A7
:100DF000E42007080CB407B504AB53F8042B0193A7
:100E0000FFF7C2FE03B05DF804EB02B070470000CC
:100E1000024B1B6803B11847704700BF40600024B5
:100E200007B5019000F0F0FD019803B05DF804FBF8
:100E300007B5019000F0FEFD019803B05DF804FBDA
:100E4000007B704738B50D4B0D46027304460360B6
:100E50000023C0E901310A48FCF708F801F022FE3E
:100E600055B1084B1A681C6062600548FBF7FEFF2D
:100E700001F036FE204638BD6560F6E728210708F8
:100E80004860002444600024144B10B503600446FD
:100E90001348FBF7EBFF01F005FEA3682BB11149E6
:100EA00062680B68A34212D10A600F4B0C481A68A3
:100EB000A24204BF00221A60FBF7D8FF01F010FE27
:100EC000237B13B9201F01F01BFC204610BD1946DF
:100ED0005B68A342FBD14A60E7E700BF282107080F
:100EE00048600024446000247060002410B504466B
:100EF000FFF7CAFF1021204601F0ECFB204610BD91
:100F0000F8B5064617480D46FBF7B0FF01F0CAFDDD
:100F1000154B1C68A4B1A76887B1384616F0D0F805
:100F2000A8420BD12A463146384615F051FA28B965
:100F30000C48FBF79BFF01F0D3FD11E06468E9E783
:100F4000072DF5D12A463146084815F041FA002808
:100F5000EED10448FBF78AFF01F0C2FD044B1C6888
:100F60002046F8BD4860002444600024162107088C
:100F700070600024002070470368012200211B6973
:100F800070B504469847051E0DDB23680222002138
:100F900020461B69984706462368294635460022A5
:100FA0001B6920469847284670BD000070B50E4664
:100FB000002504460F49C0E90055304616F03AF9BD
:100FC00029463044206023681A782F2A07D101333C
:100FD000236051B92A220849084800F01DFC002A64
:100FE000F7D0013301312360EDE7FFF789FF60603F
:100FF000204670BD802107089C210708A921070809
:1010000000687047406808B520B1FFF719FF431E1C
:101010005842584108BD10B50446FFF7F3FF10B120
:10102000606800B1043810BD406808B520B1FFF712
:1010300007FFB0FA80F0400908BD10B50446FFF77D
:10104000F3FF10B1606800B1043810BD406800388B
:1010500018BF0120704700207047F8B50D4603689F
:1010600004468F182E461B6D9847BE42236806D053
:101070009B6C204616F8011B98470130F5D1236878
:1010800020465B6D9847701BF8BDF8B50D460368A8
:1010900004468F182E461B6D9847BE42236807D022
:1010A000DB6C20469847431C02D006F8010BF4E79E
:1010B000236820465B6D9847701BF8BD0020704781
:1010C00000207047704700000F4B002213B5044604
:1010D00040F8043BFFF7B6FE0C4B0D492046236059
:1010E000603363600023636101F068FB0346606165
:1010F00028B9024600900749074800F025FE01F094
:1011000067F8204602B010BD3821070830220708D2
:10111000B2210708B5210708190101800A4B03F124
:101120000802683310B5044602604360406913F05A
:101130003BFE064B20462360503340F8043FFFF748
:10114000A3FE204610BD00BF28220708D0210708B3
:1011500010B50446FDF7AAF9094BA0692360FFF713
:10116000AAFC00220023C4E90C230023C4E90801DF
:10117000C4E90A01C4E90E33204684F8403010BDAA
:10118000F02207084FF0FF307047000038B590F8A4
:101190003F50044625B18E220849094800F03CFB27
:1011A000FDF7A4F994F84030A5872BB184F840509E
:1011B000BDE8384000F01CBF38BD00BFB2220708B0
:1011C000BF22070810B5044601F1300000F05CFBB7
:1011D000C4E90001204610BD10B504468869FFF738
:1011E0006AFCC4E90001204610BDD0E90C3201338D
:1011F00042F10002C0E90C32D0E90A3213F57A73E9
:1012000042F10002C0E90A327047D0E90A2312F520
:101210007A7243F10003FDF75FB9F8B50D46044655
:101220008869FFF748FCD5E90A32C61A61EB020764
:10123000002F08BFB6F57A7F05D200220023C4E94B
:1012400000232046F8BD002F08BFB6F5FA6F01D283
:101250000122F3E7002E4FF47A72304677F1010352
:101260004FF00003B4BF0021394612F0EFFBC4E990
:101270000001E6E791F83F30F7B505460C4613B993
:1012800091F83C6026B1E5221149124800F0C4FAF9
:101290006846FFF7C2FF4FF47A71A663DDE90032BA
:1012A000A3FB016701FB0277D4E90A10891947EB18
:1012B0000000C4E90A10D4E90C105B1840EB0202EC
:1012C0002846C4E90C32C5E9003203B0F0BD00BFC6
:1012D000B2220708C92207082DE9F743994690F87A
:1012E0003F300446904623B158223149314800F03E
:1012F00093FA90F83C3063B901466846FFF7BAFFAD
:10130000DDE900234B4508BF424505D3012384F89E
:101310003D3003B0BDE8F08321466846FFF752FF39
:10132000009B4FF47A71B8EB0306019B69EB03074E
:10133000A8FB012301FB0933D4E90851551994F89E
:10134000402043EB01080123A38762B9A269126818
:1013500092F8202032BB84F8403000F033FE002F9A
:1013600008BF052E0DD2002384F83E3094F840309B
:1013700023B9012384F8403000F024FE2A46434676
:101380000AE094F84030002BEDD10123B5F57A62E4
:1013900084F83E3048F1FF33204603B0BDE8F04307
:1013A000FDF79AB8002F08BF052EDCD3EDE700BF8C
:1013B000B2220708BF220708024B4FF080625A6032
:1013C000704700BF00ED00E008B50121383000F0A3
:1013D00049FA08B1FFF7F0FF08BD012310B580F806
:1013E0003F300446836B0BB1FFF7E6FF2046FFF763
:1013F0000CFF10BD90F83C3010B504464BB10023F3
:1014000080F83C3090F83E3013B9012380F83D302D
:1014100010BD90F83F30002BFAD0836B013383630B
:10142000FFF7CAFF2046FFF7E0FE2046FFF7EDFE7C
:10143000EEE70000024B4FF000725A60704700BFA9
:1014400000ED00E010B50446FDF750F8002384F8E5
:101450003F30FFF7EFFF10BD102300F007B8202347
:1014600000F004B8302300F001B840239C46F0B4EB
:1014700004AE7546E80801D3EFF309860E4F0FCE90
:101480000FC70FBC0FC74046494652465B460FC7C1
:101490001DCE3100A60A00D304316E0900D24831B6
:1014A0001FC7EFF309806946EFF3148663C76046F0
:1014B000014900F079F800BF980F0124F0B52C4ED7
:1014C00085B000242B4F35462146013456F8042BB5
:1014D000384600F07DFA0D2CF6D1AB6C264C029309
:1014E0006B6C264801932B6C0093696BD5E90E2336
:1014F00000F06EFA2168224800F06AFAE16AA26AF6
:10150000A36AA06AD2B2266BC3F30723E76B000C71
:10151000CDE9016700901B4800F05AFAA36A1E0645
:1015200003D5616B184800F053FAA36A180403D579
:10153000A16B164800F04CFAEB6C190712D5144851
:1015400000F046FA2B6DDA070FD5124800F040FA8A
:10155000EB6C5B074CBF1048104805B0BDE8F0408D
:1015600000F036BA0E4800F033FA0E48EEE700BF3E
:10157000980F0124F422070800ED00E00223070879
:10158000512307085F230708AE230708BC23070879
:10159000CA230708D92307080924070815240708C0
:1015A000F9230708E623070807B504460D461A483D
:1015B000012100F060F968BB184800F009FA302CEE
:1015C00019D0402C1CD0202C1FD1154C154800F0F0
:1015D000FFF9154800F0FCF9FFF770FF134800F021
:1015E000F7F90D4B00221A7000232A4610492046B5
:1015F000009300F0A9FB0F480F4C00F0E9F9E8E771
:101600000E480F4C00F0E4F9E3E70E480E4C00F0F2
:10161000DFF9DEE70024E7E7EC0F012421240708C7
:101620003E01FF804A240708772407088224070820
:10163000A1240708592407083F01FF8062240708F6
:101640004001FF806D2407083D01FF802DE9F04136
:101650000C467746154600F0EDFBE4B154F8088CD3
:10166000DDB1284614F096FB064648B1A84542462F
:10167000214628BF2A4614F0DDFE204614F092FBD6
:101680003B462A462146304600F08CFB00F0E2FB48
:101690003046BDE8F081A046E2E72E46F0E7F7B518
:1016A0000D461646774600F0C5FB06FB05F21046D0
:1016B000019214F06FFB044618B1019A002114F056
:1016C000B7FF3B4632462946204600F083FB00F038
:1016D000C1FB204603B0F0BDF8B50D4616460746DF
:1016E00000F0A8FB2048FBF7C1FB204C01F0DAF921
:1016F00015F1090F32D805F10801384614F05AFBEC
:1017000060B3A26800F10807194B2A4405604360E2
:10171000A2602269236801322B442261626823603F
:10172000934250F8042C88BF6360031F002AB8BF9F
:101730009B18A2691B68521B23F001031344A36189
:101740000948FBF793FB01F0CBF9324629463846AE
:1017500000F014FB00F07EFB3846F8BD63690027FB
:1017600001336361ECE700BF9060002474600024E3
:10177000EFBEADDE00B572465DF804EBFFF7ACBF1F
:1017800070B50C460546164600F054FB1C48FBF7A6
:101790006DFB01F087F91CB354F8042C194B9A42E5
:1017A0002BD154F80C2CA4F10C0354F8081C002A7B
:1017B000B8BF9B181A68002344F8043C22F00102C9
:1017C000114B1868401A1860186901381861986937
:1017D0000144891A9961A4F10801284613F0A8FD73
:1017E0000748FBF743FB01F07BF93146204600F048
:1017F00009FBBDE8704000F02DBB2146EDE700BFBE
:1018000090600024EFBEADDE7460002400B5724627
:101810005DF804EBFFF7B4BF07B50B460092014635
:101820000022014800F090FA4401FF8003460122A3
:10183000D3E84F0FC3E8412FC0B20029F8D1704759
:10184000D0E85F3F5B18C0E8523F002AF8D198B259
:101850007047D0E85F3F5B1AC0E8523F002AF8D1DA
:1018600098B27047034653E8000F401A43E800025D
:10187000002AF8D170470346D3E84F0FC3E8421F50
:10188000C0B2002AF8D1704738B5044600F0BCF861
:10189000D4E9004500F0CEF82046294638BD0000C6
:1018A000254C264D264680B588B000F0ADF8A52120
:1018B00001A8FEF743FE0427DFF88480D4F89430B3
:1018C000AB42FBD1039B4046019A1A604FF4407330
:1018D000636101F04BF8D6F89430AB42FBD1019B29
:1018E0004046049A1B0413604FF44073736101F087
:1018F0003DF8013FE2D10427DFF84880D4F8943066
:10190000AB42FBD1039B4046019A1A604FF44073EF
:10191000636101F02BF8D6F89430AB42FBD1019B08
:101920004046049A1B0413604FF44073736101F046
:101930001DF8013FE2D1BEE70064025800030080B9
:10194000F0490200801A060073B5002201460446E1
:10195000022000F0E7FC0D2600F056F80022254694
:1019600014F8013B1BB900F065F802B070BD0A2BFA
:1019700009D10D2A07D001220DF1070102208DF8AF
:10198000076000F0CFFC01222946022000F0CAFCCB
:1019900014F8012CE3E7000000B5A3B002460B46A3
:1019A000842101A81AF04EFB832806D9074B1A6838
:1019B0001B79CDF883208DF88730002802DD01A83F
:1019C000FFF7C2FF23B05DF804FB00BFB124070896
:1019D0000FB407B504A951F8040B0191FFF7DCFF20
:1019E00003B05DF804EB04B07047EFF31080C04320
:1019F00000F001007047EFF30580003818BF0120A8
:101A00007047FEF74FBD000008B5FEF71DFD064A02
:101A10001368591C04D13F2204490548FFF7FCFE16
:101A20000133136008BD00BFB8600024D02407084C
:101A3000E0240708044A136823B1013B13600BB983
:101A4000FEF714BD704700BFB860002408B50B480E
:101A5000FFF7ECFE28B1FFF7D7FFBFF34F8F20BF92
:101A6000FDE7FFF7C8FF08B1FFF71AFFFFF7BDFF5B
:101A70000028F9D0012000F0BDFD00BFF86000246F
:101A80002DE9F0414B4C0E4698B080462168174630
:101A90004948C1F34173032BC1F307430CBF4D42C7
:101AA0008DB22A46FFF794FF6FF498731D44132DEF
:101AB0000FD8DFE805F00A6265686B716E740E0E70
:101AC0000E0E0E0E0E0E0E0E0E77A1683B48FFF79F
:101AD0007FFF4046FFF738FF61683948FFF778FF1E
:101AE0004EB13848FFF730FF3046FFF72DFF39463B
:101AF0003548FFF76DFFA1683448FFF769FF236899
:101B0000334A1A44012A05D9324A934202D0033A91
:101B100093424BD1A06820B1C06C80F00800C0F3A4
:101B2000C000E368002B43D059682B4A002908BF46
:101B30001146E269294D0392A269029262690192FB
:101B400022690092264A002818BF2A462548FFF736
:101B50003FFF04A800F0DCFE079B216801939DF87D
:101B6000183021480093DDE90423FFF731FF1F48B7
:101B7000FFF72EFF18B0BDE8F081A1681C48A6E76A
:101B8000A1681C48A3E7A1681B48A0E7A1681B48FF
:101B90009DE7A1681A489AE7A1681A4897E7A168E3
:101BA000194894E71948FFF713FF92E70020B8E7B8
:101BB0000949BEE7FC6000242625070877250708A9
:101BC0001F26070830260708382607083C2607087E
:101BD000C2FE007F4001FF80112507081B25070872
:101BE000A024070850260708A92607082027070869
:101BF0008D2507089D250708AC250708BF25070880
:101C0000D3250708E7250708F62507080C26070847
:101C100070470000F0B5294D8FB00E46174635EAE3
:101C2000200528BF05463022002102A814F000FD3F
:101C3000234B01AC01952B440396012B05D9214B75
:101C40009D4202D0033B9D4232D1F36B0293736BF2
:101C500008931D4B5B69DA6B049305925A6B1B6BFF
:101C600006920793FFF7D0FE184A13680133012B41
:101C7000136009D12646164D0FCE0FC50FCE0FC5E6
:101C80000FCE0FC533682B60124D0FCC0FC50FCC94
:101C90000FC50FCC0FC52368A5F130002B600E4B8C
:101CA0001B6843B19847FFF7C5FE00200FB0F0BD99
:101CB00002970894CDE7FFF7ABFFF4E70101FF803F
:101CC000C2FE007F4001FF80440C0024BC60002461
:101CD000C4600024FC600024C06000240FB41FB561
:101CE00001210D48CDF804E0FFF7C5FD019A044637
:101CF00080B901460948FFF78DFF22462146084872
:101D0000FFF7BEFE07A906980391FFF745FE0548B9
:101D1000FFF71AFEFFF79AFEEC0F01240001FF8087
:101D20003A2707089F24070800207047014B1878BE
:101D3000C0B27047EC0F012400B5114672465DF841
:101D400004EBFFF767BF000080B506460C460A4863
:101D50000121F04617461D46FFF78DFD48B9424662
:101D600039463046FFF756FF029A29462046FFF7CC
:101D700087FEFFF76BFE00BFEC0F012438B50B4662
:101D8000064904460D6835B105490978012902D88C
:101D900001460020A847204638BD00BF306100241E
:101DA0005C61002437B5044610461A46074B1D688F
:101DB00045B1074B1B78012B04D80B4600902146F8
:101DC0000120A847204603B030BD00BF3061002489
:101DD0005C61002437B5044610461A46074B1D685F
:101DE00045B1074B1B78012B04D80B4600902146C8
:101DF0000220A847204603B030BD00BF3061002458
:101E00005C6100240A460949034610B40C684CB1D1
:101E100007490978012905D8A446002103205DF867
:101E2000044B60475DF8044B704700BF30610024ED
:101E30005C61002408B50548FBF718F800F032FE95
:101E4000034A13780133137008BD00BF34610024C6
:101E50005C610024054A064808B51378013B1370FD
:101E6000FBF704F8BDE8084000F03ABE5C610024CE
:101E70003461002438B5064C23683BB9054DFEF7A4
:101E800083FB01462846FFF763F92560206838BDCB
:101E9000A86100246061002408B5836823B9054B5C
:101EA0001B6893F83D0008BDC06898470028F6D02D
:101EB000F9E700BFA8610024F7B504464FF0FF36EC
:101EC0006FF00047164D2046FFF7E6FF30BBD4E920
:101ED0000023BB4208BFB24202D02868FFF7FCF9DA
:101EE00001A8FEF79DFF2046FFF7D6FF98B9D4E979
:101EF0000023BB4208BFB24207D100F09DF801A801
:101F0000FEF796FFBFF36F8FDDE72B6893F83C3049
:101F1000002BF2D1F3E701A8FEF78AFF03B0F0BD72
:101F2000A861002430B587B00D4D0446CDE90223E9
:101F30000A9B04930B9B0593FFF79CFF02A8FFF7F6
:101F4000BBFF2868FFF722F968462968FFF792F976
:101F50002046DDE90023C4E9002307B030BD00BFFF
:101F6000A86100242DE9F0410E4D86B006460F46CB
:101F700004A829689046FFF725F92B68DDE90401DC
:101F80009B6BC41A02A861EBE375A219CDE9007836
:101F900045F10003FFF7C6FF0298001B06B0BDE83D
:101FA000F08100BFA861002410B5054C236813B967
:101FB000FEF7EAFA20602068BDE81040FEF77BBD1E
:101FC000B861002413B5074C01212046FFF738FC07
:101FD000034628B90090228803490448FFF7B4FE5D
:101FE00002B010BDAC6100244F2707082301048014
:101FF00013B5094C01212046FFF72BFC4FF6FF7368
:10200000984206D100232288044905480093FFF72F
:102010009BFE02B010BD00BFAC6100247127070811
:1020200024010480034B188880B2B0FA80F0400984
:10203000704700BFAC610024F8B5FFF7E5FCFFF77F
:10204000B3FF06460F46FFF7EDFF0446A0B10FF0C1
:10205000FFFDFFF7A9FF05468CB10F48D0E900430B
:10206000A21B63EB0707521947EB0101C0E90021EE
:10207000BDE8F840FFF7DEBC0FF0D8FDE9E7074CFC
:10208000D4E90020931B60EB07005B1940EB0101D2
:10209000C4E90031ECE700BFB0610024C061002456
:1020A0006FF01C0070476FF01500704701207047FB
:1020B0000020704770470000034B186818B14FF0BC
:1020C000FF31F8F723BB704730750024024B1868C6
:1020D00008B1F8F733BB704730750024F8B51546E2
:1020E0000C468F18054EBC4205D014F8011B304633
:1020F0000BF050FEF7E72846F8BD00BF5816012444
:1021000038B511F001048DB205D008480FF0ACFAD3
:10211000041E18BF0124EB0605D504480FF0B4FADD
:1021200008B144F01004204638BD00BF5816012401
:1021300010B50C462AB104480BF0F8FD20700120C0
:1021400010BD1046FCE700BF5816012438B5084BF7
:10215000044615460360074B1B6833B90648FEF773
:102160000BFD294604480FF0E5FA204638BD00BFB4
:10217000B8280708DC740024581601240020704792
:1021800000207047002307B51A4602490248009311
:10219000FFF7DAFD8F27070829010180074A084960
:1021A00013681844884283BF064B0C224FF0FF305F
:1021B00010608CBF1A601846704700BF480E00249C
:1021C00000FC0724D4160124012070470120704729
:1021D000002114F093BB08B5F9F7B8FA08BD08B5AB
:1021E000F9F7BCFA08BD000010B50446037803F007
:1021F0000303012B08D0FFF75FFF237803F00302EE
:10220000012A03D1FFF762FF00200AE02AB14FF450
:10221000D46204490448FFF7FFFA43F00203237035
:10222000012010BDB3270708C527070808B50378A4
:1022300003F00302022A05D040F2A96206490748CA
:10224000FFF7EAFA23F0030343F001030370BDE84C
:102250000840FFF73BBF00BFB3270708E327070885
:102260003F2870B504462EDC184D55F820305A1C16
:1022700013D1022811DCFFF783FF034658B920462B
:10228000FFF77CFF034630B9114E3378BFF35B8F05
:10229000DB0704D50F4B45F82430184670BD304697
:1022A000FFF7A2FF0028F5D04FF4E1320A490948B0
:1022B000FFF74CFF3046FFF7B9FF084A08490548C9
:1022C000FFF782FFE6E70023E7E700BF480D0024A1
:1022D000C86100247462002400290708000000245B
:1022E000B520050838B505460024FFF7B9FF0B4BAC
:1022F00043F8254030B912F0E9FC092303604FF0A0
:10230000FF3038BD03685B699847051E04DA6D42EB
:1023100012F0DCFC0560F2E72046F2E7480D0024ED
:10232000FFF7E0BF13B5CDE90021FFF799FFDDE925
:10233000002140B912F0CAFC092303604FF0FF34BA
:10234000204602B010BD0368DB689847041EF7DA28
:10235000644212F0BBFC0460F0E713B5CDE9002144
:10236000FFF77EFFDDE9002140B912F0AFFC092341
:1023700003604FF0FF34204602B010BD03689B6835
:102380009847041EF7DA644212F0A0FC0460F0E7FC
:1023900010B5FFF765FF044628B912F097FC092332
:1023A0000360204610BD0368DB699847041EF8DA15
:1023B000644212F08BFC04600024F2E7402337B53E
:1023C0000546CDF8010068468DF8003012F00EFF8A
:1023D000044630B12846FFF7DBFF10B12046FFF777
:1023E000F7FE204603B030BD2DE9F04F85B006461C
:1023F0000F469046FFF7FFFA054630B100233246FC
:102400002C492D480093FFF79FFCFFF7EEFA0028B8
:10241000F4D0B8F1000F09DA12F058FC162303606B
:102420004FF0FF34204605B0BDE8F08F3046FFF78F
:10243000AFFF044658B3214A2C46DFF884A04FF082
:102440000D0B935D9146A84521DD7A5D0A2A1BD1CB
:102450000D2B039318D0AC420CDA2A1B39193046E5
:10246000FFF760FF0028039BDADB0444A542D9DCB8
:1024700009F80630012251463046FFF753FF002885
:10248000CEDBCFD009F806B07B5D0135DBE7A04598
:10249000C8DDA8EB040239193046FFF743FF0028D6
:1024A000BEDB24181FBF3F19044B17F8012C9A55A7
:1024B000B8E700BF1A2807082F0101800C6200242A
:1024C00054280708FFF764BF7FB504460D4616463B
:1024D000FFF791FA30B1002322461D491D480093B1
:1024E000FFF732FCFFF781FA0028F4D0002E06DA5D
:1024F00012F0ECFB162303604FF0FF3018E020468B
:10250000FFF746FFE8B1144E01220DF10F012046FE
:10251000FFF723FF0028EFDB0AD09DF80F300D2BCB
:1025200008D1325D0A2A3355EED00A2301202B70E0
:1025300004B070BD0A2B02D1325D0D2AF3E733558A
:10254000F4E7324629462046FFF707FFF0E700BFD1
:10255000562807082F010180CC61002413B5CDE96E
:102560000021FFF77DFEDDE9002140B912F0AEFB4E
:10257000092303604FF0FF34204602B010BD03680A
:102580001B699847041EF7DA644212F09FFB04604F
:10259000F0E7FFF7E3BF10B5FFF762FE30B912F0C6
:1025A00095FB092303604FF0FF3010BD03689B6962
:1025B0009847041E04DA644212F088FB0460F2E7D4
:1025C0000020F2E70A4D044608B52B68986812F01F
:1025D000CBFC2B68D86812F0C7FC0120FFF7DBFFAB
:1025E0000220FFF7D8FF0CB1FFF75AF9FEE700BF52
:1025F000680E002408B5FFF7E5FF38B50D46FFF774
:102600002FFE044630B912F061FB092303604FF03E
:10261000FF3038BD0368DB6998470028204614BFA7
:102620004FF400534FF400436B6023689B6A984754
:1026300028610020EDE7FFF7E0BF000008B5037850
:1026400003F00302022A05D040F2B26205490648AF
:10265000FFF7E2F823F002030370BDE80840FFF73C
:1026600035BD00BFB3270708E3270708084B7246AC
:1026700013B5014604461868FFF72EF8034628B93B
:102680000090224603490448FFF75EFB02B010BDEC
:10269000680E0024922807081F010180FFF7E6BF9B
:1026A000044B72460146186800B55DF804EBFFF76D
:1026B00013B800BF680E0024FFF7F2BF044B724648
:1026C0000146186800B55DF804EBFFF759B800BF84
:1026D000680E0024044B72460146186800B55DF888
:1026E00004EBFFF74DB800BF680E002410B5044698
:1026F0000421FFF7EFFF204610BDFFF7DFBF00000A
:1027000010B504460B48FAF7B1FB00F0CBF90A4AC2
:102710004023002152F8040BA04208BF42F8041CD9
:10272000013BF7D10348FAF7A1FBBDE8104000F0E8
:10273000D7B900BF4C620024480D002410B51248E0
:102740000324FAF793FB00F0ADF9104B53F8242063
:102750007AB10134402CF9D112F0B8FA18234FF0B5
:10276000FF3403600848FAF781FB00F0B9F920460E
:1027700010BD4FF0FF32044843F82420FAF776FBEF
:1027800000F0AEF9F3E700BF4C620024480D0024CE
:1027900010B50446FFF7D2FF002807DB044B054ABB
:1027A00043F8204000231354034A135410BD00BFC4
:1027B000480D0024CC6100240C62002473B5064649
:1027C0000191FFF7E5FF051E13DB0199FFF7F6FD09
:1027D000044630B9084B53F82520964204D143F8FB
:1027E0002500204602B070BD12F070FA0923036084
:1027F000F7E70024F5E700BF480D00240EB42DE9EB
:10280000F04187B00190FFF799FF041E13DB00230E
:10281000019904A8214E0393FEF7C8FB04A8FEF714
:1028200015FC054668B912F051FA1323036046F807
:1028300024504FF0FF34204607B0BDE8F04103B00C
:10284000704704A8FEF7F0FB074604A85FB1FEF747
:10285000F4FB0390039B124A46F8243000231355DF
:10286000104A1355E7E7FEF7D6FB05460028DAD0F5
:10287000036804A8D3F80880FEF7C2FB0D9B02464C
:1028800003A92846C04705460028E3D06D4212F050
:102890001DFA056046F82470CBE700BF480D002400
:1028A000CC6100240C62002470B50E461549054623
:1028B00014F08AFA044618B9FFF7D2FC204670BD1E
:1028C0001149284614F080FA20B901200124FFF7AD
:1028D000C7FCF3E70D49284614F076FA20B9022028
:1028E0000224FFF7BDFCE9E72B78402B02D1D5F895
:1028F0000140E3E726F480312846BDE87040FFF749
:102900007DBF00BF202907082729070818290708C5
:1029100010B5044620B9902210491148FEF77CFFFB
:102920004C220021043013F083FE4FF204134FF0C9
:1029300000614FF0105223604FF4002321634FF4E5
:10294000001123626362074B2261216462611B688C
:10295000636002232372044BE36010BD492907081A
:102960005629070800ED00E058600100034B596A42
:102970005A6A521A8242FBD3704700BF000C0040D3
:102980001FB500230446CDE90013031D68460293DA
:1029900010230393F6F7ACFE206020B935220349DB
:1029A0000348FEF739FF04B010BD00BF7A290708BD
:1029B0008929070810B504460249FFF7E1FF2046C0
:1029C00010BD00BF8D29070810B50446FFF7D8FFDA
:1029D000204610BD0068F6F7A3BE10B50446006897
:1029E000F6F70CFF204610BD10B49DF804400CB95A
:1029F00042F0020200685DF8044BF6F7D5BE07B559
:102A0000009313460022FFF7EFFF03B05DF804FBCD
:102A1000FFF7F5BF13B5FEF7F7FFF7F739F9094BE5
:102A200004461A6818608242074A82BF1168013161
:102A3000116011680191FEF7FDFF2046019902B077
:102A400010BD00BF84620024806200241FB50023F3
:102A5000044603620C4B002908BF1946031D684653
:102A600002931C23009103930B230193F7F736FE87
:102A7000206038B9FFF75AF920B93D2203490448CC
:102A8000FEF7CAFE04B010BDAD290708DD2907080E
:102A9000E729070810B504460021FFF7D7FF2046B5
:102AA00010BD000037B504464FF0FF310068F7F75E
:102AB0002DFE054620B9236A0133236203B030BDE1
:102AC000FFF734F903460028F8D12A4602490348A3
:102AD0000093FFF739F900BF0B2A070815010280A0
:102AE000036A013B13B503620068F7F727FE04464B
:102AF00048B1FFF71BF9034628B900902246034965
:102B00000348FFF721F902B010BD00BF1D2A0708D6
:102B10001701028010B504460068F7F727FE20462B
:102B200010BD00001FB50446002310466A46CDE9DB
:102B30000033231D029310230393F7F745FF206012
:102B400020B9372202490348FEF766FE04B010BDE3
:102B5000472A0708552A070810B504464FF6FF72A2
:102B6000FFF7E0FF204610BD13B500680C46F7F7ED
:102B700043FF024670B1C11C4FF0000006D15CB1AA
:102B80000090002305490648FFF7DEF8931CF7D1B3
:102B900002B010BD0120FBE72046F9E7642A0708D0
:102BA000140102800068F7F74FBF10B504460068B3
:102BB000F7F778FF204610BD08B538B1F6F72CFCC2
:102BC00020B1E32202490348FEF726FE08BD00BFFC
:102BD000932A0708AA1E0708F8F770BC2DE9F047EA
:102BE000DDE90857994604466B07884692464FF040
:102BF000000118BF25F007064FF0440200F17800ED
:102C00000CBF2E46083613F013FDB5FA85F30021EC
:102C10004D4420225B0904F11C006161AD1B84F866
:102C20003C3084F83D1025F0070513F001FD064BFC
:102C3000C4F830A0002F08BF1F46E562A662A76156
:102C4000C4F83480BDE8F087272B070813B5049C2F
:102C5000CDE9003413460A460021FFF7BFFF02B05A
:102C600010BD70B500F1540504462846FFF71AFF61
:102C700004F140006669FFF795FF0023636194F853
:102C80003D302BB100242846FFF72AFF204670BDB7
:102C9000012384F83D30002EF4D03046F8F724FCB0
:102CA0000446F0E713B5044654300190FFF7FAFEEE
:102CB000636901989BB194F87940FFF711FF432CA9
:102CC00027D015D8132C26D00BD8012C04D0022CD9
:102CD00002D0002C18BF1024204602B010BD0424DE
:102CE000EBE7232C19D0332C14BF10240524F3E771
:102CF000732C14D006D8532C13D0632C14BF10247B
:102D00000824E9E7832C0ED0932C14BF10240B2445
:102D1000E2E70624E0E70324DEE70424DCE70924F5
:102D2000DAE70724D8E70A24D6E713B50446543077
:102D30000190FFF7B7FE636901983BB19C6B1B6B79
:102D4000E41AFFF7CDFE204602B010BD1C46F8E79E
:102D50000D4B10B504460360FFF783FF94F83C3039
:102D60002BB1A06A08B1FFF7C8FC0023A36204F1ED
:102D70005400FFF7CFFE04F14000FFF716FF201DBF
:102D8000F2F7C4F8204610BD4C2B070810B50446D6
:102D9000FFF7DEFFBC212046FFF79CFC204610BD5C
:102DA00070B500F1540504460E462846FFF77AFE3A
:102DB000636913B994F83D302BB12846FFF790FEB4
:102DC0006FF0030070BDA36A53B100232349E26A88
:102DD000B3EB920F18D2A26A42F823100133F6E740
:102DE000E06A1F4B1F49984294BF20F003004FF048
:102DF000FF30FFF761FCA0620028E6D12846FFF70C
:102E00006FFE6FF00400DDE744233146201D63624E
:102E100004F178032362F5F7DDFB04F11802214683
:102E20001148F8F71FFB606190B994F83C302BB162
:102E3000A06A08B1FFF761FC0023A3622846FFF7F0
:102E40004FFE04F14000FFF7ADFE6FF00200B9E75E
:102E50002846FFF745FE0020B4E700BFA52E5AE242
:102E6000FBFFFF7FFC5D07086D2E050810B50446CB
:102E70000430F8F71CFE04F15400FFF713FE0023A2
:102E800004F140006361012384F83D30BDE8104047
:102E9000FFF788BE012000217047D0F860010021B3
:102EA0007047000000487047542B0708D0E94401E0
:102EB0007047FF20704700002DE9F04F89B0904621
:102EC000994605469DF84830C3469DF8502090F835
:102ED000FA71DDE915610591032B20D8DFE803F0D5
:102EE0001C022A0302270F2A05F1040A3B4608BFE9
:102EF00095F8FD2150460392002211460092CDE93B
:102F00000122FAF7DBFB0446B0B12A4A02202A4923
:102F1000A346FDF76FFF09E04FF0FF3BE3E74FF0FB
:102F2000FF3B264A24490220FDF764FF584609B0BA
:102F3000BDE8F08F0327D6E7059B4FF0FF329DF8E1
:102F40004C105046079307ABCDE900635B46FAF798
:102F500045FC2246214683463B465046CDE9024485
:102F6000CDE90044FAF7AAFB04460028CDD1BBF115
:102F7000000F05D0124A02200F49FDF73BFFD5E7AD
:102F800095F80101A0B1B9F1000F08BFB8F1040F25
:102F900004D1337843F00A033370C7E7B9F1000F67
:102FA00008BFB8F1020FC1D1337823F00403F3E76F
:102FB0008346BBE7842B0708542B07085A2B0708C6
:102FC000A22B070838B5044619461046D4F8183124
:102FD00001331FD104F5847201F034FD431CD4F891
:102FE000605109D020440122002390F8541111426D
:102FF00005D0723354F823502846E91738BD013301
:103000005200042B52B2F2D1044A02200449FDF7C7
:10301000F1FEF1E74FF480500021EFE7C02B0708E5
:10302000542B07080068704730B5039D00241C70BE
:103030002C708C7814F0200F15D04A7AC0F8E0205C
:1030400001221A700B7A03F01F0380F8FD310B7A0E
:103050005B119B0080F8FB31022380F8F93180F886
:10306000FE31002030BD102A0FDD0A7CD2060CD5BF
:10307000CA7EC0F8E02001221A702A708B7E03F00D
:103080001F0380F8FD318B7EE2E762060FD5CA7A16
:10309000C0F8E02001221A708B7A03F01F0380F839
:1030A000FD318B7A5B1180F8FB310223D7E70B7C73
:1030B000DD070ED5CB7DC0F8E0308B7D03F01F031C
:1030C00080F8FD318B7D5B115B0080F8FB310123C3
:1030D000C3E7E20609D5CB7BC0F8E0308B7B03F079
:1030E0001F0380F8FD318B7BEDE7E3070DD54B7BAC
:1030F000C0F8E0300B7B03F01F0380F8FD310B7B41
:103100005B1180F8FB310123A9E70323C0F8E0300D
:10311000A7E700002DE9F04385B006460D461746A7
:10312000DDF83880DDF8489000F0C4F8044640B17E
:103130000E4A02200E49FDF75DFE204605B0BDE8AF
:10314000F083109B3A462946301DCDF80890CDE912
:1031500000830C9BFAF7A0FB04460028EDD02B4619
:10316000044A03490220FDF745FEE6E7E82B07087D
:10317000542B07083B2C07082DE9F04700238AB0A1
:10318000054642F21074012600274FF000084FF068
:103190000009DFF864A08DF827300120FFF70CFD4F
:1031A0000DF127034FF0FF32052104930023284639
:1031B00000934FF0FF33CDE90667CDE90289FFF7B1
:1031C000A9FF20B152460A490220FDF713FE9DF8DF
:1031D0002730DA0708D5013CDFD10220054A04492F
:1031E000FDF708FE204600E001200AB0BDE8F087A8
:1031F000542B0708762C0708572C0708F0B5002336
:103200008BB004468DF8273090F802315BB1FFF7A0
:10321000B3FF40B9214A22490220FDF7EBFD4FF0F0
:10322000FF300BB0F0BD0023002600274FF0FF3227
:1032300004930621009320464FF0FF33CDE9066743
:10324000CDE90267FFF766FF054608B1154AE2E7D8
:103250002046FFF791FF08B9134ADCE7012200235B
:10326000052120460095CDE906230DF127034FF0F7
:10327000FF3204934FF0FF33CDE90267FFF74AFFB7
:1032800008B10A4AC7E79DF827309A07C9D4084A07
:1032900002200349FDF7AEFDC1E700BFA02C0708DF
:1032A000542B0708CA2C0708E62C0708052D070829
:1032B000262D0708F0B5D0F8F44087B00546013454
:1032C0001CD0120E8DF81720FFF798FF70B901235C
:1032D0004FF0FF32D5F8F41000930DF11703CDE94C
:1032E0000100281DFAF7D8FA07B0F0BD0D4A0220F8
:1032F0000D49FDF77FFD4FF0FF30F5E790F8FA112B
:1033000003290DD012F17F466FF0807243F1FF3731
:103310004FF0FF339F4208BF964201D2034AE6E7CF
:103320000020E1E75D2D0708542B0708712D0708E1
:103330002DE9F04786B0914605468846109BDDF89A
:1033400038A0059352460F9BFFF7B4FF044628B1FF
:10335000244A25490220FDF74DFD3AE095F8FD315C
:103360002F1D95F8F9210393384695F8FE31029305
:1033700095F8FB31CDE9002395F8FA3195F8F8116D
:10338000FAF79CF90446064608B1184AE1E795F8B1
:10339000FB0105AB4146B0FA80F04009CDE900934E
:1033A000424253463846FAF719FA32460446314645
:1033B0003846CDE90266CDE9006695F8FA31FAF7AC
:1033C0007DF9054648B12C46084A07490220FDF719
:1033D00011FD204606B0BDE8F087002CF9D0044A64
:1033E000B7E700BFB82D0708542B0708842B070840
:1033F000002E07082DE9FF4100F1BC0804460D46E8
:10340000174640461E46FFF74DFB2046DDE90A23DE
:10341000CDE90076CDE902232A46D4F8E010FFF783
:1034200087FF68B16FF47A64064A07490220FDF706
:10343000E1FC4046FFF754FB204604B0BDE8F081B4
:103440000446F6E7112E0708542B0708F0B585B09F
:10345000164605460A9F0B9B3A460391FFF72AFF43
:103460000399044638B10B4A0B490220FDF7C2FC10
:10347000204605B0F0BD0C9B4FF0FF32281DCDE972
:1034800000633B46FAF7D9F904460028F0D0034A16
:10349000EAE700BF252E0708542B07086E2E070801
:1034A00070B586B0054616460591FFF703FF0599EE
:1034B000044638B10A4A0B490220FDF79BFC20461E
:1034C00006B070BD034600903246CDE90100281DCC
:1034D000FAF7E2F904460028F1D0034AEBE700BF0F
:1034E000802E0708542B0708C92E07082DE9F04F36
:1034F000054689B0884614461E4600F1BC09DDE940
:103500001223134362D0D5F8F0714FF0000B204620
:1035100031463A465B4610F099FA129951180491D7
:1035200013994B410593DDE9040159454FF0000B18
:1035300008BFB84248462CBFBF1A129FBA46CDE911
:1035400006ABFFF7AFFA2846FFF758FE60B1204CF4
:103550000220204A2049FDF74DFC4846FFF7C0FAFB
:10356000204609B0BDE8F08F06AB4246022128464E
:103570000293CDE90046FFF769FF38B1174A0220F0
:1035800015496FF47A64FDF735FCE6E7DDE90623BB
:103590009B4508BF9742F1D1E419129B2846B844D5
:1035A00046EB0B06DB1B1293139B63EB0B0313938E
:1035B000FFF7E2FD30B90A4A02200749094CFDF73E
:1035C00019FCCAE74846FFF78BFA98E70024C7E7DB
:1035D0005CF0FFFFDB2E0708542B0708732E07084B
:1035E000EE2E07085DF0FFFF2DE9F04F144606466A
:1035F00089B000F58472194620461D4601F022FA72
:103600003318074693F854310593129B14EB0308C3
:10361000139B45EB0309D6E944234B4508BF4245BC
:1036200009D2604A604C02206049FDF7E3FB204666
:1036300009B0BDE8F08F336822463046196B2B463F
:10364000884702460B462046294610F0FFF91343EF
:103650000FD118F1FF3233683046196B49F1FF334F
:10366000884702460B464046494610F0EFF913439F
:1036700001D04F4AD6E700230493DDE91223134318
:1036800000F08E80D6F818B1BBF1FF3F46D106F5A9
:1036900090730598CDE90273CDE90045DDE9122369
:1036A00001F0EEF9049006EB8003D3F8B8B1D3F83B
:1036B000C8A14FF000095246204629464B46D04645
:1036C00010F0C4F913430CD1129BE3180693139B1B
:1036D00045EB03030793DDE906234B4508BF52453D
:1036E00009D2049B0220334A3049CDE902A3CDE937
:1036F0000045FDF77FFB06F1BC0A5046FFF7D2F903
:103700003046FFF77BFD60B12B4C02202B4A274946
:10371000FDF770FB5046FFF7E3F988E74FF4805A56
:10372000C7E7DDE9122359463046CDE9002322469A
:103730002B46FFF7B5FE38B1214A02201B496FF432
:103740007A64FDF757FBE5E714EB0804129B45EBA1
:103750000905B3EB08031293139B63EB090313935F
:10376000DDE9122313430CD006EBC703D3E95A2338
:10377000AB4208BFA2423FBF0137F31993F854315F
:1037800005933046FFF7F8FC30B90E4A022007498E
:103790000D4CFDF72FFBBDE75046FFF7A1F96CE795
:1037A000002444E7132F07085BF0FFFF542B0708A2
:1037B000332F07085E2F07085CF0FFFFA22F0708D2
:1037C000C72F0708E22F07085DF0FFFF30B591F81B
:1037D00039308BB091F8382004461B0103F01003F8
:1037E00043EA1213082B6ED021DC022B19DCD3B173
:1037F0000023002400254FF0FF320493382100936A
:103800004FF0FF33CDE90645CDE90245FFF782FCD5
:1038100020B1464A46490220FDF7ECFA00200BB0E1
:1038200030BD042B3BD0434A04204149F4E7102B20
:10383000F9D10122002309AD6521CDE9062300223B
:1038400000230495CDE9022300234FF0FF320093BB
:103850004FF0FF33FFF75EFC20B1374A02203449B6
:10386000FDF7C8FA9DF8243001226121204603F0BB
:103870007F0304958DF824300023CDE90623002230
:103880000023CDE9022300234FF0FF3200934FF0D5
:10389000FF33FFF73FFC0028C0D0284ABAE70023D7
:1038A000002400254FF0FF320493352100934FF0A0
:1038B000FF33CDE90645CDE90245FFF72BFC002893
:1038C000ACD01F4AA6E70122002309AD6521CDE94E
:1038D0000623002200230495CDE902230023194A80
:1038E00000930023FFF716FC20B1174A022010496D
:1038F000FDF780FA9DF8243001227121204643F023
:10390000400304958DF824300023CDE906230022DE
:103910000023CDE9022300230A4A00930023FFF786
:10392000F9FB00283FF47AAF084A73E70D30070827
:10393000542B070838310708D93007080931070820
:103940003D300708030080006D300708A9300708E4
:10395000304B9F21D0B51B788AB00326002709AAD7
:103960008DF824300023044604924FF0FF32ADF866
:10397000253000934FF0FF33CDE90667002600277E
:10398000CDE90267FFF7C6FB40B10220224A234976
:10399000FDF730FA4FF0FF300AB0D0BD9DF824306B
:1039A0009D2B27D00ED8012B28D01F2BF4D19DF8AA
:1039B0002530892B01BF3123C4F8E830012384F876
:1039C0000231E9E7BF2B12D0C22BE5D19DF825309B
:1039D0000020202B84F8F0001FBF012384F8003161
:1039E0000323C4F8E4301523C4F8EC30D4E784F89A
:1039F0000301D1E70123C4F8E430CDE79DF8252089
:103A0000022AC9D19DF82620202AC5D184F8013187
:103A1000C2E700BF7037070875310708542B070845
:103A20003F2A2DE9F04782468AB040F3B08091F8F2
:103A30003F3013F040021DD0032300258AF8FA31ED
:103A40009AF8FA31032B11D100220AF10400114631
:103A5000CDE90222CDE90022F9F730FE30B16FF452
:103A60007A654C4A4C490220FDF7C4F928460AB051
:103A7000BDE8F087D90710D50024002504924FF047
:103A8000FF330092B7214FF0FF32CDE90645CDE973
:103A90000245FFF73FFB88BBCEE713F0020212D0CE
:103AA000FFF7ACFB00284AD1002200230490B72185
:103AB00000905046CDE90623CDE902234FF0FF32B6
:103AC0004FF0FF33E5E713F010013FD00126002748
:103AD0000DF127044FF000084FF000098DF8272062
:103AE00000924FF0FF334FF0FF32B5210494CDE93F
:103AF0000667CDE90289FFF70DFB08B1274D9FE767
:103B00009DF82730504643F001038DF82730FFF72A
:103B100075FB054698B904904FF0FF324FF0FF3324
:103B2000B12150460094CDE90689CDE90267FFF73F
:103B3000F1FA0028E2D103238AF8FA3180E7184A23
:103B400002201549174DFDF755F979E713F00802E2
:103B500014D080230022049117218DF827300023F0
:103B6000CDE9062301220023CDE902230DF127032D
:103B70004FF0FF3200934FF0FF338AE713F0040554
:103B80004FF00203D8D0C521C0F8F41055E7002546
:103B90006CE700BF842B0708542B07085EF0FFFF7B
:103BA0005D2D07085CF0FFFFD0B5044690F80201D8
:103BB00088B0F0B191F8343013F008021CD0002125
:103BC00000284FF000034FF000004FF0FF32049345
:103BD00000934FF0FF33CDE90601CDE902010CBFA0
:103BE000F02199212046FFF795FA58B31C4808B0F8
:103BF000D0BD91F83D30DFE7DB061DD5002600275C
:103C000004924FF0FF33009266214FF0FF322046BE
:103C1000CDE90667CDE90267FFF77CFA0028E5D118
:103C20004FF0FF324FF0FF33992104900090CDE91F
:103C30000667CDE90267D5E70A4A02200A49FDF77F
:103C4000D9F8D3E72046FFF797FA30B90220074AA0
:103C50000549FDF7CFF80648C9E70020C7E700BFD0
:103C60005EF0FFFF8B310708542B0708123207085C
:103C70005DF0FFFF2DE9F041012288B0002300260E
:103C8000002704910D4605218046CDE90623002337
:103C90004FF0FF3200934FF0FF33CDE90267FFF79B
:103CA00039FA044640B1114A11490220FDF7A2F841
:103CB000204608B0BDE8F081D8F8E430013BF7D0E9
:103CC000013500904FF0FF32D8F8EC100495CDE9A3
:103CD0000630CDE902674FF0FF334046FFF71AFA8E
:103CE00004460028E4D0034ADEE700BF052D07089C
:103CF000542B070831320708D0F8E83001332DE99A
:103D0000F04F054689B08B4629D1FFF777FA50B1BD
:103D10004FF0FF34344A35490220FDF76BF8204656
:103D200009B0BDE8F08F0022002304900121CDF8F6
:103D300000B0CDE90623D5F8E4304FF0FF32CDE9ED
:103D400002304FF0FF332846FFF7E4F9044600281D
:103D5000E5D0274A02202549FDF74CF8DFE7D0F8E7
:103D6000E4A0BAF1020F05D04FF4CC6221492248F9
:103D7000FDF752FDFFF742FA0028C9D14FF00008C5
:103D80004FF000090126002704904FF0FF324FF05A
:103D9000FF3301212846CDF800B0CDE90689CDE9F1
:103DA0000267FFF7B7F9044618B1144A0F495046A5
:103DB000D2E72846FFF722FA0028A9D10BF101012A
:103DC00004944FF0FF324FF0FF3300912846D5F8AE
:103DD000E810CDE90689CDE90267FFF79BF90446B3
:103DE00000289CD0064AE1E752320708542B070806
:103DF00066320708BB320708D0320708EB320708E3
:103E00000C3307083F4BF7B51A7800230446ADF88A
:103E10000130ADF8053090F802318DF800208DF8B2
:103E2000042053B991F83A30C3F30213052B4CD850
:103E3000DFE803F050033D4203030123C4F8F830E8
:103E4000C4F8FC30D4F8F830591C09D0D4F8FC1070
:103E50004A1C05D002AA134401228A4003F8082C08
:103E600001A92046FFF706FF9DF806309DF80220C5
:103E70002046BDF800101343BDF804209DF80070E3
:103E80000A4301A99DF80160ADF804208DF80630C1
:103E9000FFF732FF2046FFF76FF9E8B91A4A022010
:103EA0001A49FCF7A7FF4FF0FF3003B0F0BD002325
:103EB000C0F8F8300623C3E7072300203E25C4E9F5
:103EC0003E033F23C4E93A53BCE7114A04200F499B
:103ED000FCF790FF0020E8E7002501A92046ADF897
:103EE00004508DF80650FFF7C5FE9DF804301F40C2
:103EF0009DF805301E4057EA060301D1054ACEE77A
:103F00002846D2E770370708EE2E0708542B07081B
:103F10002D3307084B3307082D4B30B51B788BB07A
:103F200005468DF824300023ADF82530FFF724F93D
:103F300040B9284A02202849FCF75CFF4FF0FF30C7
:103F40000BB030BD95F8034144B1012C20D0284678
:103F5000FFF712F90028ECD00020F1E72846FFF720
:103F60004DF908B11D4AE5E700220023049098218D
:103F700000902846CDE90623CDE902234FF0FF3219
:103F80004FF0FF33FFF7C6F80028E0D0144AD1E71E
:103F900009A92846FFF76EFE08B1124ACAE7D5F80C
:103FA000F83093B9D5F8FC309C4044F00304E4B2F7
:103FB0009DF8243009A928461C408DF82440FFF7BD
:103FC0009BFE0028C3D0084AB4E70324F0E700BFF3
:103FD000703707086D330708542B07085D2D070855
:103FE000A0330708C6330708FC330708D0F8E430CD
:103FF000032B30B5054687B005D040F20452264960
:104000002648FDF709FC264B002204301B78114698
:10401000ADF815208DF814300223CDE90222CDE948
:104020000022F9F74BFB48B11E4A4FF0FF341E49FE
:104030000220FCF7DFFE204607B030BD05A9284668
:10404000FFF718FE08B1194AEFE79DF81630284629
:1040500043F002038DF81630FFF7D0F8044608B19C
:10406000134AE2E705A92846FFF746FE08B1114AC0
:10407000DBE72846FFF780F808B90F4AD5E705A91E
:104080002846ADF814408DF81640FFF7F3FD0028E0
:10409000D1D00A4AC9E700BFBB3207083434070849
:1040A00070370708842B0708542B07084F3407087C
:1040B000523207086E340708EE2E0708A0340708AE
:1040C00010B50446ECF76BFA204610BDF8B5184859
:1040D0000D46F8F7CBFEFEF7E5FC164A10680928F6
:1040E00020DC154B1B68991E1C4603F1120631F9A2
:1040F000027FAF4219D0B142F9D1143321460234C4
:10410000B1F9006001360AD10D8001300024106041
:104110000748F8F7ABFEFEF7E3FC2046F8BD9C42EB
:10412000ECD1F2E76FF00104F2E74FF0FF34EFE774
:1041300088620024B4620024B06200247FB52F4E50
:104140000446BDF9285040F8046B0B9ECDE9025699
:10415000BDF924600196BDF920600096F9F766FA72
:1041600004F1BC00A4F8B850FEF794FC0C9B29465F
:104170002046C4F8F4310023C4F8003284F8043235
:10418000FFF7A4FFC4F8B40050B101301C494FF050
:10419000020007BF2B461B4A0A231B4AFCF72AFED4
:1041A0000020002100224FF0FF33C4E944014FF406
:1041B0000030C4F8602184F854210121C4F8F801CA
:1041C000032084F8FD2184F8FE210222C4F818316E
:1041D000C4F8E830C4F8FC30C4F8281184F8F010B2
:1041E000C4E93802C4E93D3335224FF080732046DC
:1041F000C4F8EC20C4F8003104B070BD7C37070867
:10420000542B0708C1340708F834070810B51348C1
:104210000C46F8F72BFEFEF745FC114B1B6803F12B
:1042200014011A460233B2F90000A0420AD14FF637
:10423000FF7313800B4A1368002B01DD013B1360F1
:10424000002403E08B42ECD14FF0FF340348F8F731
:104250000DFEFEF745FC204610BD00BF886200241D
:10426000B0620024B462002470B500F1BC060546BB
:1042700088B03046FEF716FC95F804423CB930464B
:10428000C5F80042FEF72CFC204608B070BDD5F8FA
:104290000032013BC5F8003223B130460024FEF75E
:1042A0001FFCF1E70020002104934FF0FF32009340
:1042B0004FF0FF33CDE90601CDE902010421284684
:1042C000FEF728FF044630B16FF47A640A4A0B49BE
:1042D0000220FCF78FFD0023304685F80432FEF7FC
:1042E000FFFBD5F8B430002BCED1B5F9B810284675
:1042F000FFF78CFFC8E700BF36350708542B0708C7
:10430000F0B5D0E90045096887B0EE0701EB65001C
:1043100042BF6E1089590C590F99D1E900670E9967
:10432000CDE90467096803910D99097802910C9908
:10433000097801911B780093D2E90023A04707B0C8
:10434000F0BD7FB5CDE904230CAB014604AA0430CF
:1043500003930BAB02930AAB019309AB009308AB39
:10436000FFF7CEFF07B05DF804FB0000034A0346E9
:10437000C26007C983E80700704700BF64370708B9
:1043800010B588B0059108A902AC019001E90C00B4
:1043900005A984E80C00FFF7E9FF019808B010BDFB
:1043A00037B56C46054684E80C0094E80C00FFF72E
:1043B000E7FF284603B030BD08B5F7F76BFB006890
:1043C000003818BF012008BD2DE9F0470446164605
:1043D0001D469DF820709DF824809DF82890FFF7D9
:1043E000EBFF28B940F2022208490948FDF714FA08
:1043F000E068FEF717FE324601462B462046089736
:10440000CDE90989BDE8F047084700BF4415070812
:10441000D00F070830B587B00D9903919DF8301083
:1044200002919DF82C10DDE90E4501919DF82810B0
:10443000CDE904450091FFF7C7FF07B030BD00008C
:1044400090F802312DE9F04317469DB004460D4621
:104450001268002B38D0242008AB00214FF05A08F6
:104460004FF008090126039300230096CDE90401CB
:10447000CDE901892846FFF7CDFF50B1434A4FF0FF
:10448000FF3543490220FCF7B5FC28461DB0BDE8C6
:10449000F0830C220023CDE9042314AB6022CDE984
:1044A00002930023CDE900682846FFF7B3FF0646D4
:1044B0000028E3D104F5847808A8414600F042FBC7
:1044C00000280DDA334ADAE779680820CDE90413C9
:1044D00008A903915A21CDE9011001210091E3E7D8
:1044E000414608A800F018FB002801DA2A4AC6E76E
:1044F000796808A800F060FA08A9C4F8F00120461D
:10450000FFF752FB054608B1244AB8E7414608A820
:104510008DF81E608DF81F6000F05AFA002801DA4D
:104520001F4AACE70DF11F037A6808A920460093E3
:104530000DF11E03FEF778FD9DF81E309BB194F837
:10454000003113B12046FFF751FD08A92046FFF7BF
:1045500059FC08B1134A92E79DF81F301BB108A916
:104560002046FFF733F994F8F0303BB17A6808A998
:104570002046FFF755FA08B10B4A80E72046FEF7C0
:10458000FBFD002881D1094A79E700BF4B350708B8
:10459000542B07086F3507088E350708AE35070816
:1045A000DF35070816360708473607087A36070842
:1045B0002DE9F047D0F8B4508EB00446B5B16B1C6D
:1045C0000CD1A5F6A575B0F9B830584A0220584963
:1045D000FCF710FC28460EB0BDE8F0870A23554AC8
:1045E00053490220544DFCF705FCF3E700F1BC07EA
:1045F00004F104083846FEF755FA94F8FA312A46D1
:1046000029464046CDE90255CDE90055F9F756F85F
:1046100050B14A4A6FF47A6545490220FCF7EAFB3B
:104620003846FEF75DFAD5E794F804320BB9C4F8C2
:104630000052D4F800620136012EC4F80062EFD1B6
:104640000023D4F8F411404684F8FB3184F8FD319E
:10465000F9F76AF8054608B1394ADBE72046FEF764
:104660008BFD30B9374A02203149374DFCF7C2FB88
:10467000D6E72046FFF76CF9002801DA334AC9E78C
:10468000DFF8E09004F584782B4621464A460AA8D4
:10469000C4E94255C4E94855CDE90495FFF780FEC9
:1046A00041460AA800F058FA82460AA8FFF708FD1A
:1046B000BAF1000F06DA264A1D490220254DFCF703
:1046C00099FBADE72B464A4621460AA8CDE9069557
:1046D000FFF766FE42460AA92046FFF7B1FE824672
:1046E0000AA8FFF7EDFCBAF1000F01DA1A4AE3E776
:1046F0002B464A4621460AA8CDE90895FFF750FE09
:1047000041460AA800F086FA05460AA8FFF7D8FC39
:10471000002D01DA114ACFE72046FFF7FDFB0546E1
:1047200008B10F4AC8E784F8046279E7C134070882
:10473000542B0708F834070859F0FFFF842B0708AB
:10474000963607087A3607085DF0FFFFB03607088F
:10475000D03607085EF0FFFFF13607081737070865
:104760003C370708B92E050830B587B00C9CD4E952
:104770000045CDE904450B9C246803940A9C2478E9
:1047800002941B78019313780093D1E90023FFF77B
:10479000D8FD07B030BD7FB5CDE904230CAB08AA26
:1047A00004A902930BAB01930AAB009309ABFFF78B
:1047B000DBFF07B05DF804FB08B51420FDF76EFFC2
:1047C0004FF6FF71831E00F1120223F8021F93427D
:1047D000FBD1014B186008BDB06200244FF4847215
:1047E0000249034808B5FDF717F800BFED37070881
:1047F000F637070810B504220949044611F0E8FD10
:1048000010B96379012B07D00220064A0449FCF74E
:10481000F1FA4FF0FF3010BDA0790130FBE700BF87
:104820000C3807081138070837B5837804460D4659
:10483000012B08D00220514A5149FCF7DBFA4FF016
:10484000FF3003B030BD4268130EFF2B40F08A806A
:1048500003780C2B28D91F2B76D003F17F02D2B21C
:104860000C2A01D90020ECE7813B0C2BFAD801A2DD
:1048700052F823F0FD480508654805086548050815
:104880001749050865480508654805084D490508A4
:104890005149050865480508654805086548050843
:1048A00065480508614905080C2BDBD801A151F8C2
:1048B00023F000BFE9480508654805086548050874
:1048C0003549050865480508414905084549050871
:1048D000654805086548050855490508594905080A
:1048E000654805085D49050822F07F422A60C378C3
:1048F0009B00502BA8BF50236B60B3E7214A0820D0
:104900001F49FCF777FA636823F07F43AB61E378D4
:104910009B00EB61A6E71C4A08201949FCF76AFADC
:10492000636823F07F43C5F8D030E3789B00C5F877
:10493000D43097E7154A12490820FCF75BFA91E753
:10494000134AF8E7134AF6E7134AF4E7134AF2E783
:10495000134AF0E7134AEEE7134AECE7134AEAE793
:10496000134AE8E77F2B3FF67DAF0093114A0378A7
:1049700008200349FCF73EFA74E700BF3A380708FD
:104980000C3807086538070882380708AF38070869
:10499000F1380708473907089D390708AB39070878
:1049A000E93907083A3A0708853A0708DC3A070860
:1049B0000D3B0708633B0708282981BF90F82800B2
:1049C00003110120984098BF4FF480707047000099
:1049D000F8B54B681C2B24D9012301F1B00401F177
:1049E000C0064FF0FF379C4644F8047B027F0CFA68
:1049F00002F2012AE2600CD9457F44F8045C8D6D17
:104A0000AA4200D305B98A6591F84C201A4381F86F
:104A10004C205B00B44200F10200DBB2E4D1002084
:104A2000F8BD4378FF2B0B61F9D10220034A0449FA
:104A3000FCF7E0F94FF0FF30F2E700BFB33B0708A7
:104A40000C380708F0B504460D46D2E902018D4244
:104A500008BF844211D2136A7BB1012B0BD06032A4
:104A60000020834209DDF2E80267AF4208BFA64298
:104A700002D20130F5E70020F0BD4FF0FF30FBE738
:104A80002DE9F04F89B003264FF00809159F0590D6
:104A900007F1A80BDDE9128ACDE9002318F1FF33F5
:104AA00006934AF1FF330793149B093307EBC307BF
:104AB000059B13EA090F1ED05BF8264000254046EF
:104AC000514622462B460EF0C1FF134313D1DDE9B8
:104AD0000023AB4208BFA2420DD3069B1B190293D1
:104AE000079B6B410393DDE90201D7E900238B4269
:104AF00008BF824208D2013E4FEA5909D8D2044A7F
:104B000002200449FCF776F9304609B0BDE8F08F81
:104B1000DD3B07080C38070813B54368002408205C
:104B20005A1CD208C1E90224CDE900240349044AF1
:104B3000FCF760F9204602B010BD00BF0C38070832
:104B40000D3C070890F90700C017704710B50446E0
:104B5000F3F778FC204610BD2DE9F04F8BB04FF0F5
:104B6000080B4FF0000A5A2708AB0022CDF808B016
:104B700080460393012389465E46CDE90037CDE99F
:104B800004BA0023FFF746FC50450ADA4FF0FF3421
:104B90001D4A1E490220FCF72DF920460BB0BDE846
:104BA000F08F08A8FFF726FE041EF6DB0025CDE9EE
:104BB00006BAA54226D0069B01215A4640460493D8
:104BC000079B0197059308AB0091CDE9026353461B
:104BD000FFF720FC002808DA02206B1C0C4A0B4966
:104BE000FCF708F94FF0FF30D8E7494608A8FFF76F
:104BF0001BFE0028D2DB1BF1080B05F101054AF171
:104C0000000AD6E70020C9E7393C07080C38070836
:104C1000573C07088B692DE9F04F05468DB00C46CF
:104C20000BB1C86978B9012300252362D4E90232A7
:104C3000636213F1FF3342F1FF32C4E918322846B0
:104C40000DB0BDE8F08F7849FDF736FD804638B9E4
:104C5000764A022076494FF0FF35FCF7CBF8EEE7B5
:104C60000027E369082203902846CDE904375A2338
:104C7000CDE901320123A26900933B46FFF7CAFB4D
:104C8000B8420ADA6B4A6A490220FCF7B3F84FF0DF
:104C9000FF354046FDF731FDD1E7294608A8FFF76B
:104CA00055FF98F8006016F002064FD1E3694746B9
:104CB0000DF11F0A08EB03093D460837B94533D308
:104CC00017F8063C0120002117F805BC6A68CDF8EA
:104CD0000CA0CDE9040103F00F019B0908A8029183
:104CE00017F8071C009300230191FFF793FB00289E
:104CF00009DA2F464FF0FF394F4A02204C49FCF7A2
:104D000079F83D4617E09DF81F3076001BEA030F47
:104D1000F6B217F8083C18BF46F00106DB0712D4BC
:104D20003B789D07C8D53D464FF0FF39434A40497F
:104D30000220FCF75FF808A8FFF7C2F9B9F1000FED
:104D400008D03F4A9FE74FF00009DAE745463E4664
:104D5000B946F0E7E26942442978880710D505F1A1
:104D600008039A420CD3A878831C05EB83039A426C
:104D70000DD2344A05E00BB9FFF730FD1D46EBE7D5
:104D8000314A2B490220FCF735F8304A7BE76F782F
:104D9000B74203D0C907EED52D4AF2E7431C0A2BD0
:104DA000236207DD009302200A232A4A2049FCF7E8
:104DB00021F86CE76FF04C0A043504F1240904F182
:104DC0004C0C04F1600E00230F21AAEB040A2A68A0
:104DD00015F8046B22F0FF0206F00F0602F5807250
:104DE000314049F8042B013A0CF8016B13440AEBEB
:104DF0000C021E46DF17904203F10103EEE8026742
:104E0000E5DC00230122A36512EA010505D0303359
:104E1000002554F82330A3653BE701335200042BEF
:104E2000D2B2F1D135E700BFFC5D07087F3C07082F
:104E30000C380708993C0708FF3C0708BC3C0708EA
:104E4000323D07088A3D07085C3D07081E3E0708FB
:104E5000CF3D0708453E07087047000010B5032006
:104E600000F06CFB04F0C8FE0F49104A8B69C3F3D5
:104E70000323D35C03F01F03D8408B6903F00F03B7
:104E8000D35C0B4A03F01F0320FA03F31360094BB2
:104E900018600F200AF07AF9044618B9FFF7DCFF12
:104EA000204610BD0124FBE7004402583E3F07089E
:104EB000580E0024540E002438B504460AF06CF94C
:104EC0000546631C1EBF044B1B78E4180AF064F906
:104ED000431BA342FAD338BD4C0E0024014B186883
:104EE000000C70470010005C014B1868704700BF51
:104EF00000E8F11F014B1868704700BF04E8F11F7C
:104F0000014B1868704700BF08E8F11F034A536857
:104F100023F4600318435060704700BF000400583A
:104F2000024A136A43F001031362704700040058F9
:104F300030B5CC030DD5430900F01F05012403F162
:104F4000B063AC4008331B011D68A2B925EA040414
:104F50001C608B030ED500F01F01400901230001E6
:104F60008B4000F1B04042B9D0F8842022EA03031C
:104F7000C0F8843030BD2C43EAE7D0F884201343D6
:104F8000F6E730B5CC030DD5430900F01F05012429
:104F900003F1B063AC400C331B011D68A2B925EAD4
:104FA00004041C608B030ED500F01F01400901238F
:104FB00000018B4000F1B04042B9D0F8C42022EA91
:104FC0000303C0F8C43030BD2C43EAE7D0F8C42056
:104FD0001343F6E78068C0F38000704770470268AB
:104FE00038B5936804469168C80701D4002038BDDD
:104FF0009907FBD4936803F00D03012B19D1936833
:1050000023F0004323F03F0343F0020393600323A4
:1050100013600AF0C1F8054623689B68DB07E5D5F5
:105020000AF0BAF8401B0228F6D923689B68DA0711
:10503000F2D5636D012043F010036365A36D43F067
:105040000103A365D3E7000038B5434A054603686A
:10505000934203D002F58072934218D13F4B9B6874
:1050600013F4403F14BF012300230BB304F08AFF65
:105070006B680446B3F5003F05D0B3F5403F08D058
:10508000B3F5803F06D11B0CB4FBF3F402E0344BC4
:10509000E5E78408FFF722FF41F2030398422B68FB
:1050A00040D8304A94429A6838D942F4807237E046
:1050B0004FF4002006F01EF86B680446B3F5101F8D
:1050C00028D01DD8B3F5E01F22D014D8B3F5801F27
:1050D00008D00AD8B3F5002F04D023F40022B2F58B
:1050E000802FD7D19B0C5B00CEE7B3F5A01FF9D082
:1050F000B3F5C01FF5E7B3F5001FCBD14409C9E7ED
:10510000B3F5201F08D0B3F5301FC3D1040AC1E79F
:105110000409BFE78409BDE7C409BBE722F4807234
:105120009A6038BD104A944203D89A6822F44072BB
:10513000F6E70E4A944203D89A6822F44072B4E724
:105140000B4A94429A6896BF22F4407242F440722D
:1051500042F40072E4E700BF002002400023024056
:1051600000630258002D310121BCBE0041787D0151
:1051700081F0FA02002373B504460193002800F081
:10518000ED80456D25B9FFF729FFA56584F85050DE
:10519000206883689D0005D5836823F0204323F0B1
:1051A0003F0383608368D90040F198808368DA0008
:1051B00000F1AA80636D012543F010036365A36DC0
:1051C00043F00103A365FFF705FF636D03F01003D0
:1051D0000343636D40F0BF8023F48173226843F082
:1051E000020363659368DB070CD45D495D488A421E
:1051F00002D0824240F08A808E6883683343DE07A3
:1052000040F18B80FFF76AFE41F20303226B984264
:10521000217F607DA36840F29080102B40F08D804C
:105220000B0443EA4033134343F01C03012902BF3C
:10523000226A02F1FF3243EA4243626A22B102F477
:105240007872A16A0A4313432068474AC1680A403A
:105250001343C360FFF7BEFE2268936803F00803A0
:10526000034327D1D368217D23F4804323F0030334
:1052700043EA8133E16A0B43D36094F83830012B61
:1052800061D1E36B1069591ED4E91036334343EA08
:105290000143A16C0B43354901400B4343F001032B
:1052A000136120461369616B23F070430B43136154
:1052B000FFF7CAFEE3682268012B48D1116BA3698E
:1052C00021F00F01013B0B431363636D23F00303D4
:1052D00043F001036365284602B070BD8368244A29
:1052E00023F0104323F03F0343F080538360214BAE
:1052F0001B68B3FBF2F301330193019B002B3FF4D6
:1053000055AF019B013BF7E700255CE71A4B9B6813
:10531000DB073FF577AF194B06E08A420BD0174BFE
:105320001749824208BF0B469A68616822F47C12D2
:105330000A439A6066E7124BF6E7134343EA4033A9
:1053400043EA014372E7136923F00103A8E7136BF3
:1053500023F00F03B8E743F0100363650125BAE7B4
:10536000002002400021024003C0F0FF1EF800FCB4
:10537000400D0300540E00240060025800630258E0
:10538000002302408068C0F3800070470023F7B517
:105390000193044690F850300E461746012B3FD03B
:1053A000012380F85030FFF71AFE002834D1656DD4
:1053B00007F08047226806F4803625F48855194B9B
:1053C00025F0020545F00205656591680B40164918
:1053D0003B43334343F0004393609368002B11DA5F
:1053E000019B01330193019B8B42F6D3636D012036
:1053F00023F0120343F010036365002384F8503058
:1054000003B0F0BD636D23F0030343F00103636554
:10541000002384F85030F3E7636D43F01003F6E7A0
:105420000220EDE7C0FFFE3F00F8C325F0B590F87D
:1054300050209BB00346012A73D001223A4C80F8D9
:10544000502000201D681690A542179008D0596D75
:1054500083F85000104641F0200159651BB0F0BDA3
:10546000324E3046FFF78EFF04461868FFF78AFF7A
:10547000204330464FD11A68AA4222D02C4D2D4CE1
:10548000B24218BF2C46D1F800C0274FBCF1000F24
:1054900027D0A668BA424D6826F4404646EA05067B
:1054A000A66001D082420ED11F4A966882683243BC
:1054B000D24302F001024AB90020002283F85020B2
:1054C000CCE71C4CDFE71C4A9268F1E7A2688968C8
:1054D00022F471624CEA010522F00F021543A56027
:1054E000EAE7A168BA4221F44041A16001D08242BA
:1054F0000ED1B96882680A43D24302F00102002A41
:10550000DAD0A26822F4716222F00F02A260D3E71F
:10551000094A9268F0E7596D104641F0200159653B
:10552000CBE702209AE700BF0020024000210240A2
:10553000006302580023024000600258074903023A
:10554000CA6803F4E06322F4E0621204120C13430D
:1055500043F0BF6343F40033CB60704700ED00E0DD
:10556000164B30B5DC68C4F30224C4F10705231DD3
:10557000042D28BF0425062B4FF0FF338CBF033CBE
:10558000002403FA05F5002803FA04F321EA0501D3
:1055900022EA030201FA04F141EA02034FEA03138B
:1055A000DBB206DB00F1604000F5614080F80033BB
:1055B00030BD00F00F00024A1354F9E700ED00E09F
:1055C00014ED00E0002808DB0123420900F01F0071
:1055D00003FA00F0014B43F82200704700E100E0BD
:1055E00000280DDB4309012200F01F00203302FADE
:1055F00000F0044A42F82300BFF34F8FBFF36F8FD0
:10560000704700BF00E100E0BFF35F8F044A536AB8
:1056100023F4803353620022024B5A60704700BF6C
:1056200000ED00E090ED00E0064A40F00100064B7E
:105630005860536A43F480335362BFF34F8FBFF314
:105640006F8F704700ED00E090ED00E04378124A64
:1056500010B593600178D9B14368D360C37A047BF5
:105660001B0643EA04730B43817A43EAC143417B3F
:1056700043EA8143817B43EA4143C17B43EA0143DF
:10568000417A43EA0123017A43EA4103136110BDE1
:10569000D1601161FBE700BF90ED00E0044B1B6897
:1056A000C3F30313072B0CBF03200120704700BF77
:1056B00000ED00E010B528B190F83530022B03D092
:1056C0008023436501207FE00368504A934252D013
:1056D0004F498B424FD018318B424CD018318B42FE
:1056E00049D018318B4246D018318B4243D0183103
:1056F0008B4240D018318B423DD001F556718B4220
:1057000039D018318B4236D018318B4233D0183112
:105710008B4230D018318B422DD018318B422AD099
:1057200018318B4227D018318B4224D01A6822F0CE
:105730000E021A601A6822F001021A60354A93427A
:1057400043D1026E136823F480731360D0E91613FB
:1057500003F01F02012393404B60D0E919325A60D5
:10576000C36E002B46D01A6822F480721A60D0E90A
:105770001C325A603EE00421934280F835101ED05E
:10578000234A93421BD01832934218D018329342C6
:1057900015D01832934212D0183293420FD01832DB
:1057A00093420CD01832934209D002F556729342BC
:1057B00005D01832934202D018329342FFD01A68B3
:1057C00022F001021A60002010BD134A9342B8D0A3
:1057D00014329342B5D014329342B2D01432934271
:1057E000AFD014329342ACD014329342A9D01432C9
:1057F0009342A6D00123002480F83530036D80F851
:1058000034400BB19847DEE71846DDE71000024050
:1058100028000240085402581C54025890F83500E1
:1058200070478B680A682DE9F04F1A430B7C85B0EE
:1058300091F804A0002B91F80C9091F80D800CBF0A
:105840004FF40023002391F80EE001934B7C91F874
:105850000FC0002B8E7C0D7F0CBF4FF40033002354
:1058600091F81DB002934B691A438B6913438A7FE9
:10587000002ACA7F039208BF4FF4806791F8202066
:1058800018BF0027002A026810680CBF4FF480740C
:1058900000240090486A0343C86A0343009820F03C
:1058A0007F4020F47B0020F4FE4020F07C00034386
:1058B000039843EACA6343EAC95343EA885343EA75
:1058C0004E5343EA0C5343EA064343EA053343EAA3
:1058D000CB2391F828B043EA4023019843EA0B1305
:1058E0000343029803433B431C431460CE6B91F87F
:1058F000323091F83870002B536891F8305023F013
:105900007C5391F831400CBF4FF48030002023F4D9
:10591000EF2323F4FF6323F0070343EA46634E6B50
:1059200033438E6C43EA076343EA85430D6D43EAD4
:1059300044430343486C5360D36823F4877323F0D4
:105940000103034391F8400043EA0023D36091F838
:105950004C3091F85440002B136F23F0F2030CBF2E
:10596000802000201B041B0C43EA06432B43CD6D13
:1059700043EA440303431367D2F8900091F856308A
:1059800020F00300034391F8550043EA4003886D7B
:10599000C2F89030D2F8003D23F072030343C2F8FE
:1059A000003D91F8603091F86140002BD2F8303D15
:1059B00091F8621023F07B030CBF402000202B43A2
:1059C00043EA041343EAC1030343C2F8303D05B080
:1059D000BDE8F08F026802F58050036823F4F043BD
:1059E00030B523F002030C68234341F20404036042
:1059F0000B7B10590D79DB0320F4504043EA05334B
:105A00008D6820F001002B430343135102F58854A5
:105A1000487B0B6A256843EA00431048284003434B
:105A2000236041F204144B7F087D1B03155943EAA0
:105A30000013086903430A4828400343135141F205
:105A400008140D7F10598B6920F0004143EAC5739B
:105A500021F47C110B43135130BD00BF00C0FEFF89
:105A6000EFEFC0FF2DE9F04FD0F840E085B000EB3C
:105A70008E0302929A69D468002C03DA022005B0E2
:105A8000BDE8F08F5B6C002BF8D10D688F6815F0C6
:105A9000040C28D0D4684B6A240C240423430468E3
:105AA000D360D36843F48033D360236E43F4801310
:105AB00023662B0717D59668CB6AB6B246EA03432E
:105AC0009360D36843F40033D360D6680B6B26F43D
:105AD00040263343D360636E43F480136366236DC3
:105AE00043F08063236515F010090BD094688B692F
:105AF00024F47F5424F03F0423439360D36843F09D
:105B00008063D36015F0140418D0D3680EF1010639
:105B100043F08043092ED36088BFAEF10906D368F5
:105B200043F00043D36000EB86039B69DC68002CE4
:105B30007EDAD36823F00043D3609FE713467646AE
:105B4000013401943C681C609C6824F47F587C6894
:105B500028F03F0848EA0404DFF800829C60BC6833
:105B6000002C67D027685F609F6807EA08086768AD
:105B700048EA07479F60DF68B9F1000F61D027F45A
:105B8000F0080F6A48EAC747DF60DF684FEA9748C6
:105B9000CF694FEA884848EA0707DF60DF6847F4C3
:105BA0008027DF60BCF1000F06D09F6827F4404CCF
:105BB0008F6A4CEA07079F60DF6847F00057DF6095
:105BC000DF6827F08047DF60DF6847F00047DF606D
:105BD000AF0706D5DF6827F0607CCF684CEA07077F
:105BE000DF6005F001050027DFF87081DFF870A1A4
:105BF0000395019D07EB050BA568002D3BD1029A8B
:105C0000002A00F0A7809A6842F000429A60DA68A1
:105C100042F08052DA6000EB8603C26E5A6406647A
:105C200072B6036F01331F44076762B6002026E790
:105C3000012485E75C609C6804EA08049C603C469B
:105C400099E727F4FF484F6828F07F0848EA0707DC
:105C5000DF60EF0706D5DF6827F440384F6948EA70
:105C60000707DF60AF069DD5DF6827F040680F6942
:105C700048EA070795E706F1010CDC68BCF1090F5B
:105C800024F0805488BFA6F1090CDC6000EB8C0680
:105C9000B369DC6824F00054DC60DC68002C01DBB4
:105CA000746C9CB100230EE0D168013321F00041F7
:105CB000D1600EF10101092988BFAEF1090100EBA5
:105CC00081028E4692699B45EED1D7E62C681C6016
:105CD0009E686C6826F47F5626F03F0634439C602D
:105CE000AC6804B325685D609E68656806EA0806CE
:105CF00046EA05459D60DE68B9F1000F1AD0CD690E
:105D000006EA0A063543DD60DD6845F48025DD607E
:105D1000DD680137664645F00045DD60DD6825F049
:105D20008045DD6065E75C609C6804EA08049C606F
:105D30002C46E0E726F4FF464D6826F07F06354303
:105D4000DD60039D002DE3D0DE684D6926F440360A
:105D50003543DCE79A6822F0004257E7FFFF00C0B6
:105D60000000FCFF0AB1032904D90123C0F8A430C4
:105D70001846704700EB8101496F0A600A61CA68E2
:105D800042F08072CA602BB18B604B61CB6843F0EC
:105D90000073CB60CB68002043F00043CB607047BA
:105DA000D0F89C10102910B52AD1232341F20414F5
:105DB000C0F89C3003681A6842F002021A601A6840
:105DC00042F001021A60D3F8002D42F00102C3F83C
:105DD000002D1A5942F001021A5141F208141A59C1
:105DE00042F001021A5103F58B531A6842F4817292
:105DF0001A602223C0F89C10C0F8A030002010BD0B
:105E00000120FCE7D0F89C30102B10B542D12323A1
:105E100000F18404C0F89C3000F1740353F8041BB3
:105E2000CA68A34242F08042CA60F7D1012341F21E
:105E30000411C0F8943003681A6842F002021A6034
:105E40001A6842F001021A60D3F8002D42F00102F4
:105E5000C3F8002D5A5842F001025A5041F208117D
:105E60005A5842F001025A5003F58B510A6842F425
:105E700081720A6041F234115A5842F4504242F0A1
:105E800041025A501023C0F89C302223C0F8A030A1
:105E9000002010BD0120FCE7D0F89C3023B3232361
:105EA00041F20411C0F89C3003685A5822F00102F4
:105EB0005A5041F208115A5822F001025A501A68F9
:105EC00022F001021A60D3F8002D42F00102C3F85B
:105ED000002D1A6822F002021A601023C0F89C30CC
:105EE000C0F8A0300020704701207047F8B5044684
:105EF000154639B9D0F8A43043F00103C4F8A430F2
:105F0000012025E0D0F89C30102BF9D10022FFF7BA
:105F1000A9FD20B1D4F8A43043F00203EEE7236CCE
:105F20009A1D54F822705A1C092A8ABF093B226420
:105F30002364226C2368063203F5895354F8222027
:105F40001A6009F029F90646FB68002B01DB0020E6
:105F5000F8BD236803F58B531A68D2040CD5D4F826
:105F6000A42042F00802C4F8A4201B68C4F8A8309A
:105F7000E023C4F89C30C3E76B1CE5D009F00CF9B2
:105F8000801BA84201D8002DDED1D4F8A43043F004
:105F90000403C4F8A430EBE7F0B5D0F88C50002D22
:105FA0003ED1D0F884102A462C46052700EB810309
:105FB0005E6FF368002B01DB013F33D16CB300EB64
:105FC00082034FF08076671E5B6FC0E9211219696A
:105FD00019605969DE6021B19960D96841F000719A
:105FE000D960D96841F00041D960D0F8941019B156
:105FF000D96841F08041D960AF4207D9511C0329CB
:1060000088BFD11E00EB81030A465B6F0135AC42AD
:10601000DDD1016841F228128B500023C0F88C308A
:10602000002023E0D6F80CC04B1C1CF0805F1ED073
:10603000002C08BF0A46032B04F1010588BFCB1EC4
:1060400000EB8301496FCC68002C0ADBC9684F0064
:1060500007D50121C0F89010591803298CBF033BC4
:106060000B46C0F88C50C0E921320120F0BDF66823
:10607000B6000AD5032B4FF0010488BFCB1E00EBFE
:106080008302566F0A46194693E7032B04F1010475
:1060900088BFCB1E00EB83014E6FF4E7F8B50546D1
:1060A0000C4619B90120C5F8A400F8BDD0F88C3011
:1060B000C3B1D5F888100026D5F88C2005EB8103F4
:1060C000686902F1FF3C37465B6FBC4510D8DA685F
:1060D0001969C2F30E022160921B90421FD36260C5
:1060E0000020E2E7FFF758FF0028E2D10120DCE7BB
:1060F0001A69C4E900205A691AB1A4685A69C4E946
:1061000000204A1CDE68A4680137032AC6F30E0685
:1061100088BFCA1E05EB820311465B6FD5E759693C
:106120000029E3D0A168121A5B6960600B604A60C5
:10613000D6E770B5D0E9225304460E4673B1D4F8C1
:106140008C302B44581E03280ED804EB800400200A
:10615000636FDB68C3F30E03336070BDFFF71CFF92
:106160000028ECD10120F8E7581FEEE7D0F88C208A
:10617000F0B5002A39D0D0F8903003B10132D0F810
:10618000884000214FF08076571E00EB84035B6F40
:106190008A4208D1016841F228128B500023C0E9DD
:1061A00023331846F0BD1D691D60DE605D692DB1A9
:1061B0005D699D60DD6845F00075DD60DD6845F076
:1061C0000045DD60D0F894501DB1DD6845F0804594
:1061D000DD608F4207D9651C032D88BFE51E00EBEB
:1061E00085032C465B6F0131D2E70120DAE7704767
:1061F0007047704770470000036803F58B521268C0
:10620000520610B504460CD541F234129B5859067B
:1062100007D5F6F70BFB236848F2400203F58B53D2
:106220001A60236803F58B521268D2070DD541F22C
:1062300034129B58D80708D52046FFF7D8FF2368AB
:1062400048F2010203F58B531A60226802F58B5362
:106250001968490420D541F23411505840041BD527
:10626000D4F8A40040F00800C4F8A4001868C004E2
:1062700059D51B6823F46F6323F00D03DB04DB0C9B
:10628000C4F8A830535823F440435350E023C4F8D3
:106290009C302046F6F7DAF82268D2F8B03003F4E2
:1062A000C043B3F5C04F0CD1D2F8B8302046C4F883
:1062B000AC30E023C4F89C30F6F7D4F80023C4F8DF
:1062C000AC302368D3F8B020D0060BD5D3F8C0305B
:1062D000204603F06003C4F8B030FFF789FF0023C5
:1062E000C4F8B0302368D3F8B02091060BD5D3F8AA
:1062F000C030204603F00F03C4F8B430FFF779FF35
:106300000023C4F8B430FFF7C9F903280CBF0A4BC7
:106310000A4B9A6A520205D54FF4800220469A62CF
:10632000FFF768FF10BD1A6802F4CD42C4F8A82038
:106330004FF4CD421A60ACE780000058C00000580E
:1063400070B51E4603680546D3F80002C00701D5A4
:10635000012070BDD3F8004224F0787444EA415122
:1063600021F4F81141EA024242F00D02C3F8002282
:1063700008F012FF04462A68D2F8003213F0010335
:1063800005D1D2F80422184692B23260E1E708F053
:1063900003FF001BB0F57A7FEDD9D9E738B5054684
:1063A0000068D0F80042E40701D5012038BDD0F8DC
:1063B00000429BB224F0787444EA415121F4F81170
:1063C00041EA02420D4922F00C02C1F8043242F0C7
:1063D0000502C1F8002208F0DFFE04462B68D3F85E
:1063E000003213F0010301D11846DFE708F0D4FEB4
:1063F000001BB0F57A7FF1D9D7E700BF00800240DB
:10640000002900F0C180036800201A6802F00C0225
:10641000CA621A68C2F3001281F828201A6802F0D2
:1064200060024A621A6882F48072C2F3002281F824
:1064300020201A68C2F34022CA771A6882F4806268
:10644000C2F380228A771A68C2F3C0224A771A6898
:10645000C2F300320A771A6802F400528A611A689D
:1064600002F480424A611A68C2F300428A741A68D0
:1064700082F40032C2F340424A741A6882F4002265
:10648000C2F3C0420A741A68C2F30052CA731A688F
:10649000C2F340528A731A68C2F380524A731A6870
:1064A000C2F3C0520A731A6802F0E0628A601A6886
:1064B000C2F3C0620A711A6802F0E0420A605A68C8
:1064C000C2F30D024A635A6882F48032C2F300427A
:1064D00081F832205A68C2F3404281F831205A686C
:1064E000C2F3804281F830205A68C2F3006281F81A
:1064F00038205A68C2F34462CA63DA68C2F30022E1
:1065000081F84020DA6802F00F024A641A6FC2F381
:10651000400281F854201A6F82F08002C2F3C01248
:1065200081F84C201A6F02F070020A651A6F120C83
:106530008A64D3F8902002F0010281F85620D3F843
:106540009020C2F3400281F85520D3F8002D02F0CC
:1065500072028A65D3F8302D02F02302CA65D3F89F
:10656000302DC2F3C00281F86220D3F8302DC2F37F
:10657000001281F86120D3F8303D83F04003C3F36B
:10658000801381F8603070470120704708B539B139
:10659000D0F8A030102B03D1FFF743F9002008BD3D
:1065A0000120FCE738B503680546D3F8004203F044
:1065B000E9FC124B124A24F470640344934205D25E
:1065C00044F400742B68C3F8004238BD0D4B0E4AEA
:1065D0000344934202D844F44074F3E70B4B0C4A53
:1065E00003449342EED30B4B0B4A0344934294BFB4
:1065F00044F4807444F48064E4E700BF00D3CEFE2A
:10660000C0E1E40040F1E9FD3F787D0100796CFCD8
:10661000005A6202001F0AFA7FF0FA0270B50446BF
:10662000A4B0002800F0AC80D0F89C300BB9F5F78E
:106630005BFB2323C4F89C307E4BD3F8F42042F05C
:106640000202C3F8F420D3F8F430207A03F00203F6
:106650000193019B002840F08380FEF757FC2368DC
:1066600003F580531A6842F001021A6008F094FDA5
:106670000646236803F580531D6815F0010572D1A5
:1066800020460126FFF78EFF03F07CFC6A4A236850
:106690004FF4804114958DF830608DF854508DF88A
:1066A00064501A951D958DF86C508DF84C60ADF8BE
:1066B0008C608DF88E501F95ADF880508DF882500B
:1066C0001695ADF85C508DF85E600D958DF83E50D6
:1066D0001C958DF87860B0FBF2F00138C3F8DC004F
:1066E0004FF4C363022018934FF040530B934FF4C1
:1066F0000053CDE910134FF480330BA912932023DC
:10670000CDE921034D4B20460E9340F20113ADF825
:106710003C30FFF786F84FF4001302A920468DF8AD
:106720000C60069308934FF4067302950A9304963F
:10673000ADF814508DF81C50ADF82450FFF74AF90D
:106740002368606903F588510A6822F4E01242F474
:1067500000220A6010F0030114D0C4F8A4600CE019
:106760004FF4000079E708F017FD801BB0F5FA7FC1
:106770007FF67FAF0423C4F8A430E023C4F89C3034
:10678000012055E041F208155A5922F4FF4222F047
:106790007E0242EA4002E0685A5100F1F00604F13C
:1067A00018050246116051609160D16045F8042BD4
:1067B0001832B242F6D1216441F22C12092100258F
:1067C000995041F214122169985003F5895201F150
:1067D0006006106004F174000A461560556095600B
:1067E000D560C2E9045540F8042B1832B242F4D106
:1067F00041F230120320C4F88C50C4E92155C4E999
:106800002455985041F21C1200209950483141F211
:106810002812995062689188C3F800131268C3F86F
:1068200004231023C4F8A450C4F89C30C4F8A0304A
:1068300024B070BD0044025840420F000000010126
:10684000D0F89C00704770472DE9F04F99B004468E
:106850004C22CC4905A80FF0EDFD002C00F0BC81C6
:10686000C94B22689A4204BF03F58073636094F8B1
:10687000983003F0FF0223B9204684F89920FFF7EF
:10688000E2FF2268936923F01003936108F084FC0F
:10689000054623689A69110700F18F819A6942F0D1
:1068A00001029A6108F078FC054623689A69D207CC
:1068B00040F194819A6942F002029A61227C012A95
:1068C0009A690CBF22F0400242F040029A61627C59
:1068D000012A9A690CBF42F4804222F480429A61F4
:1068E000A27C012A9A690CBF22F4805242F48052A1
:1068F0009A619A69A06822F4407202439A619A6987
:1069000022F0A4029A611A6922F010021A61E26868
:10691000012A40F06A819A6942F004029A61A269F0
:10692000B0F5407F02F1FF31E26902F1FF324FEA38
:10693000022242EA4162216A01F1FF3142EA010288
:10694000616901F1FF3142EA0142DA610ED1E26A86
:10695000511E226B013A120142EA0122A16A013959
:106960000A43616A013942EA0142DA60D4F860E020
:10697000BEF1000F05D0D3F8C020616E0A43C3F802
:10698000C020D4F85CB0D4F868A01EEB0B0F0BD07D
:1069900018A9D3F8C82001EB8A0122F0070251F8A8
:1069A0004C1C0A43C3F8C820D4E9106215465EB1F6
:1069B00018A8D3F8BC2000EB850122F0070251F89B
:1069C0004C1C0A43C3F8BC20A26C0092E26C0392F8
:1069D000009A6AB118A80399D3F8BC2000EB810192
:1069E00022F0700251F84C1C42EA0112C3F8BC209C
:1069F000D4E9147967B118A9D3F8BC2001EB890157
:106A000022F4E06251F84C1C42EA0122C3F8BC2097
:106A10005D4A934204D161688A6822F003028A6069
:106A200000225A48D4F83C807543C4F89C20C4F82E
:106A300094204FF0010209FB07F984F89820626B5B
:106A40000192D3F884200199024042EA8102C3F8FE
:106A50008420D3F88410A26B21F47F0141EA024123
:106A6000C3F88410019901EB020CD3F8881001409F
:106A700041EA8C01C3F88810D3F8881021F4FE0194
:106A800041EA0841C3F888100CEB4801D3F8A0C0D4
:106A90000CEA000C4CEA810C2944C3F8A0C0D3F8DE
:106AA000A0C002912CF4FE0C4CEA064C2E46039D2D
:106AB000C3F8A0C0D3F8B0C00CEA000C4CEA810CBB
:106AC0000099C3F8B0C0D3F8B0C04D432CF4FE0C0D
:106AD0004CEA014C0299C3F8B0C02944D3F8ACC0C9
:106AE0000CEA000C4CEA810C4944C3F8ACC0D3F862
:106AF000F070074047EA8107C3F8F070D3F8F070F0
:106B0000D4F858C027F47C1701EB4C0147EA0C4736
:106B1000C3F8F070D3F8C070384040EA8101C3F880
:106B2000C010D3F8C01021F47C1141EA0B41C3F826
:106B3000C010D3F8C01021F07C5141EA0E610AFB6D
:106B40000EFEC3F8C010019B03F1805101F52C51DA
:106B5000890001EB82030E4AE166236703EBC80359
:106B6000636703EB8603A36703EB8503E36703EB2C
:106B70008903C4F8803003EBCC030AFB0BFCC4F898
:106B8000843007E0943E070800A000400300FFFFA8
:106B9000FCD3004003EB8C03C4F8883003EB8E0376
:106BA0009342C4F8903034D80023D4F89020914216
:106BB00034D3002019B0BDE8F08F08F0EDFA401B87
:106BC0000A287FF666AED4F89C3043F00103C4F87F
:106BD0009C30032384F898300120EBE708F0DCFABE
:106BE000401B0A287FF661AEEDE7002A3FF497AE1E
:106BF000022A0AD09969032A41F080019961196932
:106C000041F0100119617FF48AAE9A6942F02002C6
:106C100084E6D4F89C3043F02003D8E741F8043BE5
:106C2000C3E700BF30B590F89830013B012B2DD859
:106C3000D1E90054D1E90323BDB9072A4FEA034340
:106C40000BD1CA6943EA02238A69134343F06053B4
:106C5000C26E42F82430002030BD8D68496943EA95
:106C600085730B4343EAC263F2E7072A43EA4273A0
:106C70001ABF8D684A698A69016F18BF42EA857236
:106C800001EBC40041F834304260E4E7D0F89C30B6
:106C900043F00203C0F89C300120DDE770B51546D3
:106CA00090F89820012A0BD10668049840EA430323
:106CB000002043EA850242EA0112C6F8802070BD36
:106CC000D0F89C3043F00403C0F89C300120F6E774
:106CD00090F89830012B0CD10268022380F898308C
:106CE000936923F0010393610023C0F89C30184698
:106CF0007047D0F89C3043F00403C0F89C3001206A
:106D00007047000090F89830013B012B2DD80368A4
:106D1000986D08421FD1D86D40F00100D8658805F4
:106D200004D5D3F8E0001043C3F8E000480504D5CB
:106D3000D3F8E4000243C3F8E42021F04042586D48
:106D400022F44012024300205A650C4A536943EA78
:106D5000917151617047986D31EA000003D1D86D8F
:106D600040F00200DAE70320D8E7D0F89C3043F087
:106D70000203C0F89C300120704700BF00A800400B
:106D800090F89830013B012B27D8036821F0404050
:106D90005A6D20F4401022EA000215485A654269F3
:106DA00022EA91724261880502D50022C3F8E020F0
:106DB0004A0502D50022C3F8E4209A6D596D91432B
:106DC00003D1D96D21F00101D965586D10400CD166
:106DD000DA6D22F00202DA657047D0F89C3043F099
:106DE0000203C0F89C30012070470020704700BFAC
:106DF00000A800402DE9F74F0023DFF8BC81DFF841
:106E0000BCC14FF0B0490A6832FA03F402D103B0B2
:106E1000BDE8F08F01279F403A4000F0B6804C68F3
:106E20004FEA430E032524F0100A05FA0EF50AF185
:106E3000FF36ED43012E10D8866806EA050BCE68B2
:106E400006FA0EF646EA0B068660466826EA07074B
:106E5000C4F300169E4037434760C768BAF1020F7B
:106E60008E6807EA050706FA0EF646EA0706C660C8
:106E700014D14FEAD30A03F0070B0F2700EB8A0A5D
:106E80004FEA8B0BDAF8206007FA0BF726EA0707C0
:106E90000E6906FA0BF63E43CAF8206006683540D4
:106EA00004F0030606FA0EFE4EEA05050560E5004D
:106EB0006BD5D8F8F45023F0030603F003074FF026
:106EC0000F0E45F0020506F1B046BF00C8F8F450B9
:106ED00006F58066D8F8F45005F002050195019D8D
:106EE0000EFA07F5D6F808A02AEA050E314DA84299
:106EF0004DD005F58065A8424BD005F58065A842C8
:106F000049D005F58065A84247D005F58065A842BF
:106F100045D005F58065A84243D005F58065A842B7
:106F200041D005F58065A8423FD005F58065A842AF
:106F30003DD005F58065A8420CBF09250A25BD4056
:106F4000E70345EA0E05B5606FEA0206DCF800507B
:106F500054BF35401543A703CCF80050DCF804506B
:106F600054BF35401543E7024FF0B047CCF804500A
:106F7000D9F8005054BF35401543A4023D607D68E8
:106F800054BF35401543C9F8045001333BE7002591
:106F9000D5E70125D3E70225D1E70325CFE704256F
:106FA000CDE70525CBE70625C9E70725C7E708256F
:106FB000C5E700BF00000258004402588000005896
:106FC0000AB1816170470904FBE7F0B50468CD019F
:106FD000202A04EBC111D1F8E400D1F8B87018D020
:106FE0000FD8082A09D8E2B1013A072A07D8DFE802
:106FF00002F03C10063C06060610102A35D000228E
:107000000FE0B2F5807F30D02CD8402A2DD0802AD6
:10701000F5D159686219C2F8C4109968C2F8C8104D
:107020001022FE21914020EA010C1968D3E90306E1
:1070300008435969082E40EA060041EA00019869B0
:1070400041EA000101FA02F141EA0C0106D117F010
:10705000022F02BFDB6903FA02F211432C44C4F889
:10706000E410F0BDB2F5007FD2E759686219C2F8AA
:10707000BC109968C2F8C010C1E7704713B5044648
:1070800000284CD0022380F8C1300023C0E93133FE
:10709000C0E93333C0E935338368DA071CD50168AA
:1070A000204B99420CD1204BD3F8F02042F00052F3
:1070B000C3F8F020D3F8F03003F000530193019BA4
:1070C0000B68226923F4704302F440421A43636957
:1070D00003F4405313430B602046FFF7CEFFA36831
:1070E0009B0708D52168E3680A6803F4407322F41B
:1070F000407213430B60012304F1A80284F8C130ED
:10710000002384F8C030A3622363C4E90633C4E9D2
:1071100008331C349442F6D1002002B010BD012087
:10712000FBE700BF0074014000440258F0B590F83E
:10713000C140022CE3B217D00223052980F8C130E8
:107140000368D2E90276D2E900540FD11A6822F01E
:1071500007023A4322F0180232431A605D619C61D3
:10716000012380F8C13000231846F0BD03EBC111A4
:10717000D1F8803023F007033B4323F01803334357
:10718000C1F88030C1F89450C1F89840E8E72DE983
:10719000F74F90F8C1300646022BD8B200F0EF80CE
:1071A00096F8C0300220012B00F0E980012386F818
:1071B000C1000529356886F8C030136BD2E905BADD
:1071C000D2E9079ED2E9097000933AD12B68D5F82D
:1071D000A04323F0200324F4803443EA0B0B009BEC
:1071E0002BF4006B4BEA0A0A2AF4806A4AEA09097E
:1071F00029F0C06949EA0E0E2EF0006E4EEA07072C
:1072000027F0404747EA800020F000501843D36A37
:107210001C4328601C23C5F8A043106803FB0163CE
:1072200018625068586290689862D0681269D86293
:107230001A63052900F29D80DFE801F0A4A9AEB32E
:10724000B89505EBC11CCB010193DCF8803023F02D
:107250007043CCF88030DCF88030DCF8E84023F074
:107260002003DCF8E480019443EA0B03D5F8A04343
:1072700023F4006343EA0A0323F4806343EA090327
:1072800023F0C06343EA0E0E009B2EF0006EB3F1B4
:10729000005F136D4EEA0707D2F834E027F070471D
:1072A00040EA0700019F20F4003027F0004708BFA4
:1072B00040F4003027F01F0720F0400040EA0E00A5
:1072C00020F48020034323F0FC70936C43EA000A0F
:1072D000906B00F01F003843D76B3843BEF1000FAE
:1072E00004D128F48078176C48EA0708576C27F413
:1072F0008059B9F5606F02D1BEF1400F03D128F477
:10730000F05847EA0808D76C042909D8DFE801F0EB
:107310000313191F250024F40034D36A44EA4304FC
:10732000CB01CCF880A02B44C3F8E800C3F8E4807C
:10733000C3F8D4706EE724F48024D36A44EA83044B
:10734000EEE724F40024D36A44EAC304E8E724F413
:107350008014D36A44EA0314E2E724F40014D36AE5
:1073600044EA4314DCE7D5F8843343F00103C5F85D
:1073700084330123002086F8C13086F8C00003B0B2
:10738000BDE8F08FD5F8843343F00203EFE7D5F87A
:10739000843343F00403EAE7D5F8843343F0080369
:1073A000E5E7D5F8843343F01003E0E7D5F88433FC
:1073B00043F02003DBE7000030B590F8C1500446ED
:1073C000022DE8B223D094F8C00001284FF002004B
:1073D0001DD00125052902F1FF3284F8C10084F88F
:1073E000C0502AD1072A1FD8DFE802F004121E1667
:1073F0001E1E1E1A22681B68D36194F8C130072B29
:1074000019D00123002084F8C13084F8C00030BDB9
:1074100022681B685362F0E722681B689362ECE7FE
:1074200022681B68D362E8E7072384F8C130002391
:1074300084F8C030E1E70120E9E7072AF4D801A089
:1074400050F822F06574050873740508297405085E
:10745000B1740508297405082974050829740508FC
:10746000BF74050822681B6802EBC111C1F89C308B
:10747000C3E72268186802EBC1115A68C1F8A4007A
:107480007AB1D1F8800020F44050C1F88000D1F8E2
:1074900080001043B2F5005FC1F8800022D19B68E4
:1074A000E4E7D1F8803023F44053C1F88030A4E7FA
:1074B00022681B6802EBC111C1F8A8309DE7226861
:1074C000186802EBC1115A68C1F8AC007AB1D1F862
:1074D000800020F44040C1F88000D1F8800040EAEC
:1074E0008200D7E7B2F5405F87D19B68E4E7D1F827
:1074F000803023F44043D8E770B590F8C16005466A
:10750000022EF4B211D090F8C040012C4FF00204CA
:107510000BD0012680F8C140002480F8C060FFF73E
:1075200054FD85F8C16085F8C040204670BD90F8D4
:10753000C030012B4FF002030DD0026880F8C1303B
:10754000D2F8943319430123C2F8941380F8C13060
:10755000002380F8C0301846704790F8C030012BE7
:107560004FF002030BD0026880F8C1301368194352
:107570000123116080F8C130002380F8C030184624
:107580007047704708B5054BD8681A6822EA0002B0
:107590001A605860FFF7F5FF08BD00BF006502588C
:1075A00003689A69910701D500229A629A69D20705
:1075B00003D49A6942F001029A61704730B5039D85
:1075C000C1F30901046845EA024260681A43044BAA
:1075D00043EA55530A4320EA03000243626030BD88
:1075E000FF63FF03426B0BB210B5164CA24202D0F0
:1075F000154CA24211D1002B0DDB10291ED02029E1
:107600001ED00023402901D143F0400301680A68DD
:1076100013430B6010BDB823F4E7002BACBF00236D
:10762000B823CC0748BF43F0F2038A0748BF43F0B2
:10763000F4032029EAD143F02003E7E79023E5E7AC
:107640006023E3E759830508CD81050811F00103A4
:1076500007D090F8413003F02803282B0CBF4223B9
:10766000F2238A0709D590F8412002F02802282A3F
:107670000CBF43F0440343F0F4030A04016848BF1D
:1076800043F0B8030A6822EA03030B607047C36A39
:10769000AA2B02D10023C3627047C36AB3F52A4FF5
:1076A000FAD14FF00073F6E7704710B50446002892
:1076B0004AD090F8413003F0FF021BB980F8402017
:1076C000FFF7F2FF242384F8413023681A6822F080
:1076D00001021A60626822F070621A619A6822F4EC
:1076E00000429A60D4E90221012924D142F40042E7
:1076F0009A605A68002042F0007242F400425A60D8
:10770000DA6822F40042DA60D4E904210A43A1696C
:1077100042EA0122DA60D4E907210A431A601A68B2
:1077200042F001021A602023606484F84130206333
:1077300084F8420010BD42F4044202299A60D8D174
:107740004FF400625A60D4E70120F3E737B50446EE
:10775000069894F84150202D43D194F84050012DC3
:107760003FD00125626284F84050212584F84150C1
:10777000102584F842500025656463851A4BE06249
:107780006363638D9BB2FF2B15D9FF234FF080728B
:107790002385236B112B04D1AA2802D0B0F52A4FE0
:1077A0000DD12046FFF773FF638D9BB2FF2B00D8EE
:1077B000E26A0E4B04E0638DE26A2385E9E7002369
:1077C000002520460093134694F82820FFF7F6FE84
:1077D0002046012184F84050FFF704FF284603B0FB
:1077E00030BD0220FBE700BFAB8005080020008011
:1077F00037B50446069894F84150202D43D194F8AB
:107800004050012D3FD00125626284F8405022256E
:1078100084F84150102584F8425000256564638542
:107820001A4BE0626363638D9BB2FF2B15D9FF2374
:107830004FF080722385236B122B04D1AA2802D02B
:10784000B0F52A4F0DD12046FFF721FF638D9BB283
:10785000FF2B00D8E26A0E4B04E0638DE26A2385B9
:10786000E9E70023002520460093134694F82820DA
:10787000FFF7A4FE2046022184F84050FFF7B2FE35
:10788000284603B030BD0220FBE700BFAB800508EF
:10789000002400802DE9F041984690F841300446DC
:1078A0000F4603F028031646282B04D101B122B954
:1078B0004FF400736364012045E048F20101FFF7D3
:1078C000C5FE90F84030012B3FD0012380F84030B6
:1078D00090F841302A2B14D10221FFF7B7FE03683C
:1078E0001A6812040DD51A68C06B22F400421A609F
:1078F00038B1174B0365FDF7DDFE10B1E06B036D8A
:10790000984729232568002084F84130202384F8F3
:10791000423060646B6823F400436B606685638D5E
:10792000C4F82C8023850B4B67626363AB69DB0370
:1079300001D50823EB6184F8400048F2010120469C
:10794000FFF750FE0020BDE8F0810220FBE700BFFA
:10795000BF840508A97E05082DE9F041984690F8F6
:10796000413004460F4603F028031646282B04D165
:1079700001B122B94FF400736364012044E048F27E
:107980000201FFF763FE90F84030012B3ED090F8E3
:1079900041300121292B80F8401013D1FFF756FE0A
:1079A00003681A6852040DD51A68806B22F480426D
:1079B0001A6038B1164B0365FDF77CFE10B1A06B61
:1079C000036D98472A232568002084F8413020233E
:1079D00084F8423060646B6823F400436B60668512
:1079E000638DC4F82C8023850A4B67626363AB699F
:1079F000DB0301D40823EB6184F8400048F2020164
:107A00002046FFF7EFFD0020BDE8F0810220FBE7F4
:107A1000BF840508A97E050808B590F84120202AF2
:107A20000AD128224FF4004180F84120034A4263E2
:107A3000FFF7D8FD002008BD0220FCE7A97E05085D
:107A400010B590F84120282A14D190F84110002454
:107A500090F8422001F0030144630A434FF40041CF
:107A60000263202280F8412080F84240FFF7EEFDBB
:107A7000204610BD0220FCE70268436B9169126842
:107A800003B11847704738B5002580F8425090F888
:107A90004130212B4FF0200380F841300AD11123CF
:107AA000012145630363FFF7D1FD80F8405007F0E3
:107AB000DDFC38BD1223022145630363FFF7C6FDD9
:107AC00080F8405007F005FDF3E708B50368002192
:107AD0001A6880F84210510415D51A6822F48042C1
:107AE0001A6090F84130292B13D12823012180F806
:107AF000413021230363FFF7A9FD002380F84030C4
:107B000007F027FD08BD1204EBD51A6822F40042E5
:107B1000E6E790F841302A2BF4D12823022180F89F
:107B2000413022230363FFF791FD002380F84030AA
:107B300007F013FDE6E7F8B590F841200446036826
:107B400002F02802282A37D19E69C2689D69C6F3CF
:107B50000046022A99684FEA1545DF6805F0FE05E0
:107B600021D185EAD115C1F3090215F006050ED120
:107B7000816C01318164816C022907D108218564FF
:107B8000D961314680F8405007F0D9FCF8BD4FF478
:107B90000041FFF75BFD002307F0FE0280F8403054
:107BA00031462046F0E74FF40041FFF74FFD002338
:107BB0002A4680F84030F3E70822DA61002380F893
:107BC0004030E3E708B5164B2022C362002303636D
:107BD000436380F8412080F842304B0712D5036898
:107BE0005A6A436A1A70436A01334362038D4BB188
:107BF000013B0385438D013B9BB24385436C43F0BE
:107C00000403436448F20301FFF720FD10220368D8
:107C1000DA61002380F8403007F0C5FC08BD00BFE2
:107C20000000FFFF7047704790F84120602A4FF036
:107C3000000208B508D1202180F8402080F84110CA
:107C4000026307F023FD08BD026380F8402008F0BE
:107C50000BF9F8E770B5354A002590F84130044635
:107C600080F84250283BC2624585426C022B41EAB3
:107C70000201416429D80321FFF7E8FC282380F89A
:107C800041302B4BA06B6363236B80B3112B01D06E
:107C9000212B2CD123681A68510403D51A6822F4C9
:107CA00080421A60FDF7BAFD01281BD0214BA06B62
:107CB0000365002384F84030FDF7FCFC002834D035
:107CC000A06B036DBDE87040184748F20301FFF751
:107CD000BDFC90F84130602B02D0202380F8413069
:107CE0000023CFE72046BDE87040FFF79DBFE06B63
:107CF0000028F7D0122B01D0222BF3D123681A6869
:107D0000120403D51A6822F400421A60FDF786FDBA
:107D10000128E7D0074BE06B0365002384F840306F
:107D2000FDF7C8FC08B1E06BCBE770BD0000FFFFBA
:107D3000A97E0508BF840508F8B50368202204461B
:107D40000E461F6890F84150DA6105F0F705212DC5
:107D500073D148F20101FFF779FC256323682046BF
:107D60005A6842F400425A605A6822F0FF7222F4C4
:107D70008B3222F4FF7222F001025A60FFF710FCEE
:107D800079045FD52268136823F480431360A36BE2
:107D90002BB31B68424A93421ED0183293421BD029
:107DA0001832934218D01832934215D018329342A9
:107DB00012D0183293420FD0183293420CD018329E
:107DC000934209D002F55672934205D0183293427D
:107DD00002D018329342FFD05B689BB26385730771
:107DE00010D5236826F004065A6A636A1A70636A1B
:107DF00001336362238D2BB1013B2385638D013BEE
:107E00009BB26385638D9BB21BB1636C43F004032B
:107E10006364002384F84230656C6363DDB1616C98
:107E20002046FFF717FF94F84130282B25D1314623
:107E30002046BDE8F840FFF7C5BE222D8ED148F29E
:107E4000020188E73A04CAD52268136823F4004384
:107E50001360E36B9CE7E36A13F5803F0ED0204686
:107E6000FFF733FE0F4B204684F84050E362202397
:107E700084F84130256307F096FBF8BD94F8413053
:107E8000204684F84050222B4FF0200384F84130E4
:107E9000256302D107F061FBEFE707F05AFBECE73F
:107EA000100002400000FFFFF8B590F84030044693
:107EB0000D461646012BC76A7DD001238A0680F83D
:107EC000403003D5B30601D5FFF736FFE80634D5B9
:107ED000F10632D5638D9BB203BB94F84130282B59
:107EE0000AD1B7F1007F07D129462046FFF76AFE85
:107EF000002084F84000F8BD94F841202368292A26
:107F00004FF01002DA61F3D117F5803FF0D0204630
:107F1000FFF746FB2046FFF7D8FDE9E7236810226C
:107F2000DA61636C43F00403636437F08073DFD17C
:107F3000616C2046FFF78EFEDAE76A071AD57307F1
:107F400018D5638D9BB26BB123685A6A636A1A7045
:107F5000636A01336362238D013B2385638D013B9B
:107F60009BB26385638D9BB2002BC1D117F5803F17
:107F7000BED0CFE7280705D5310703D52046FFF748
:107F8000DAFDB5E7AA07B3D5B307B1D5638D9BB2C8
:107F90006BB1636A226813F8011B91626362638D9F
:107FA000013B9BB26385238D013B2385A0E737F01E
:107FB0008073AFD09CE702209DE737B5036820228D
:107FC00004460D46DA6190F84130212B37D101216A
:107FD000FFF73CFB112323632368E9065A6822F06C
:107FE000FF7222F48B3222F4FF7222F001025A60F7
:107FF0004FF000026263A2F58032E26205D51022E2
:10800000DA61626C42F00402626494F84120602AF2
:1080100005D16A0703D55B6ADBB20193019B204659
:10802000FFF7BEFA636C94F84120602A00D07BB160
:10803000616C204603B0BDE83040FFF70BBE90F8FE
:108040004130222BC8D10221FFF700FB1223C2E7E7
:1080500094F84120212A12D1202284F8403084F85B
:108060004120236394F8422084F84230402A03D10F
:10807000FFF7D8FD03B030BD07F0F8F9FAE794F840
:108080004120222AF6D1202284F8403084F8412071
:10809000236394F8422084F84230402A02D1FFF74B
:1080A000C2FDE7E707F015FAE4E773B590F8403052
:1080B00004460D461646012B00F086800123CA06B1
:1080C00080F8403017D5F30615D503681022DA6121
:1080D000436C43F004034364FFF762FAAA0605D534
:1080E000B30603D529462046FFF767FF002084F832
:1080F000400002B070BD680712D5710710D5236823
:1081000025F004055A6A636A1A70636A0133636270
:10811000238D013B2385638D013B9BB26385DDE7A6
:10812000AA0707D5B30705D5636A226813F8011BB0
:108130009162ECE7280632D5710630D5638D22684E
:108140009BB203B3208DF0B95168638DC1F309016F
:108150009BB2FF2B08D9FF224FF08073009022853D
:108160002046FFF72BFAB9E7628DE36A92B213F566
:10817000803F2285D2B202D0E36A0090F0E74FF050
:1081800000730090ECE753689A0103D42046FFF790
:108190007AFCA3E740212046FFF75CFD9EE76B06D3
:1081A0009CD570069AD5638D9BB2002BF2D12368C3
:1081B0005A68910192D4E26A12F5803FE6D15A687A
:1081C00042F480425A6089E7022092E7F8B590F8BD
:1081D000403004460E461546012BC76A00F0B780B2
:1081E00001238A0680F8403003D5AB0601D5FFF79E
:1081F000A3FDF20640F1A380EB0640F1A080E90B5D
:10820000A80B41EA9535ED0740F19580E26B52B33A
:1082100011F0010326D013684E4A93421ED0183243
:1082200093421BD01832934218D01832934215D083
:108230001832934212D0183293420FD01832934220
:108240000CD01832934209D002F55672934205D0F1
:108250001832934202D018329342FFD05B68B3FACF
:1082600083F35B091A46A36B4BB3C10727D51B6881
:1082700038498B421ED018318B421BD018318B42AB
:1082800018D018318B4215D018318B4212D01831CA
:108290008B420FD018318B420CD018318B4209D051
:1082A00001F556718B4205D018318B4202D018313E
:1082B0008B42FFD05B68B3FA83F35B090BB9012AE9
:1082C0001FD194F84130282B0AD1B7F1007F07D194
:1082D00031462046FFF776FC002084F84000F8BDC8
:1082E00094F841202368292A4FF01002DA61F3D173
:1082F00017F5803FF0D02046FFF752F9FFF7E5FB76
:10830000EAE723681022DA6137F08072636C43F089
:108310000403636494F84130DBB2DDD103F0F7036A
:10832000212B01D1236301E0222BFBD0616C20467D
:10833000FFF790FCD0E723681022DA61CCE7320720
:10834000CAD52B07C8D52046FFF7F5FBC4E70220A6
:10835000C5E700BF1000024013B590F84030044656
:10836000012B7AD0012380F84030CB0612D5D306FA
:1083700010D5036810222021DA61436C43F0040316
:108380004364FFF72FF9FFF70BF9002084F8400052
:1083900002B010BD0B0643D5500641D523681A68BC
:1083A00022F040021A60628D92B26AB35968638DFE
:1083B000C1F309019BB2FF2B1BD9FF2323854FF08B
:1083C000807300222046009294F82820FFF7F6F8E8
:1083D000638D228D9B1A9BB2638594F84130222BCA
:1083E00023681A680CBF42F4004242F480421A60CB
:1083F000CBE7638D2385E36A13F5803F01D0E36A01
:10840000DFE74FF00073DCE75B689A0103D4204696
:10841000FFF739FBB9E740212046FFF71BFCB4E723
:108420004B0612D5500610D5638D9BB2002BF2D1AE
:1084300023685A689201A8D4E26A12F5803FE6D117
:108440005A6842F480425A609FE788069DD5930699
:108450009BD52046FFF7B1FD97E7022098E7036818
:1084600099691A6810B4CC0508D5140606D5446C71
:1084700044F0010444644FF48074DC614C0508D579
:10848000140606D5446C44F0080444644FF4806438
:10849000DC61890508D5120606D5426C42F002025D
:1084A00042644FF40072DA61416C11F00B0F03D09B
:1084B0005DF8044BFFF7CEBB5DF8044B7047806B53
:1084C000836B0BB100221A65C36B0BB100221A65D6
:1084D000FFF7AABB10B590F84130202BDCB21DD1BC
:1084E00090F84030012B19D0242380F841300368E4
:1084F0001A6822F001021A601A6822F480521A6087
:108500001A68114319601A6842F001021A600023C8
:1085100080F8414080F84030184610BD0220FCE74A
:10852000094A82B0D2F8F41041F00201C2F8F41006
:10853000D2F8F42002F002020192044A019B53682F
:108540001843506002B070470044025800040058BD
:108550000A4B44F620621B68B3FBF2F24FF47A73C5
:1085600053430268002010B5013B146808BF032084
:1085700031EA040401D0002BF6D110BD540E0024C2
:1085800070470000F8B50446002858D090F83630FF
:1085900003F0FF021BB980F83520FFF7F1FF656893
:1085A00002232268012D84F83630A66AD06802D0F2
:1085B000B6F5000F01D120F01E004FF6FF73616980
:1085C000204F994245EA06031CBF20F4604020F08A
:1085D000C0000740A0680343206A0343606A034366
:1085E0003B4305BBE069256928430343B6F5000F0B
:1085F0001BD04FF6FF70814204D0A0690143E069AF
:1086000001430B43D360104B9A4203D003F1C05394
:108610009A420FD1D4E90B310B435362012300205E
:1086200084F83630F8BD012DE0D1D4E903052843A4
:108630000343DEE7054B9A42F0D1E36AEDE7012000
:10864000F0E700BFFEF119FF0024004000280058A9
:10865000022310B580F836300446D0E90032012AF2
:1086600007D0826AB2F5000F03D1DA6822F46062A3
:10867000DA601A69204642F001021A6110225A603B
:1086800099611146FFF764FF032808D02268002093
:10869000136943F004031361012384F8363010BDDD
:1086A0007047F0B504468BB060B390F8BD330568F1
:1086B00003F0FF021BB980F8BC23FFF7F1FF03238F
:1086C0006E46271D84F8BD33EB6B254613F480738B
:1086D00055F8100B08BF236104F0EAF90FCD0FC65F
:1086E0000FCD0FC695E80300254686E8030097E8FE
:1086F0000E0055F8100B04F01BF9064620B10223BA
:1087000084F8BD33012552E00146206804F0D6F913
:108710003046D4F804C01C264FF0010E0146C2B208
:10872000013094451BD800231C261946D8B20133CA
:10873000844522D86E460FCD0FC60FCD0FC695E8E3
:10874000030086E8030097E80E00206804F0F8F9BB
:1087500001230546F0B1022284F8BD23D2E706FBCF
:10876000024383F83DE083F83C20A3F8422083F8DD
:108770003F101965C3E91111D1E706FB004282F8E9
:10878000FD1182F8FC0182F8FF11C2F81012C2E953
:108790008111CBE784F8380084F8BD33636A012B7C
:1087A00002D1204600F0A4FC206804F04EFD2846CB
:1087B0000BB0F0BD704738B5044610B90125284606
:1087C00038BD032380F8BD33006804F000FD054682
:1087D0000028F3D12046FFF7EDFF84F8BD53EEE704
:1087E00010B50446006894F8BC33012B15D0012362
:1087F00084F8BC33A36A012B06D1A369012B03D0F3
:10880000836B43F48033836304F04CF9206804F0F5
:108810000EFD002084F8BC0310BD0220FCE738B533
:1088200090F8BC330446012B1BD00123056880F867
:10883000BC33284604F03CF9206804F006FD102102
:10884000206804F053F9A36A012B06D1A369012B18
:1088500003D0AB6B23F48033AB63002084F8BC03FC
:1088600038BD0220FCE77047704700002DE9F04F4B
:10887000066887B00446304604F024FD02900028C4
:1088800040F03C81206804F0EEFC002800F03681C6
:10889000206804F0E8FC820704D52268536903F0DD
:1088A00002035361206804F0DEFCC3062AD5226867
:1088B000936923F010039361376AC7F3434307F0CA
:1088C0000F05022B40F01D8147F6F0731F4214D0B4
:1088D0001C23C7F30A18304603FB05454246D5F86A
:1088E000081204F0FDFBD5F80822D5F814324244F2
:1088F0004344C5F80822C5F814322268936943F04E
:1089000010039361206804F0AEFC070300F10D81B1
:10891000206804F0A8FC45030CD5254606F510692F
:108920004FF00008206804F0AAFC0390039B002B82
:1089300040F0A481206804F096FC002815DAD6F8EF
:10894000043823F00103C6F8043894F8F433012BFB
:1089500040F025820021204684F8F41300F0DBFB70
:108960002268536903F000435361206804F07BFCE4
:1089700000050BD5D6F80838D90702D5204605F0F2
:10898000F1FD2268536903F400635361206804F029
:108990006AFC020114D523685A6902F000625A6128
:1089A00094F8F423002A40F0FE810121204684F847
:1089B000F4135B6DC3F38303C4F8F83300F0ABFB2F
:1089C000206804F050FCC30436D5D6F804381021D2
:1089D000206806F5006523F001036B6004F086F85B
:1089E00006F510634FF67F3162680298824200F20A
:1089F000DE81EB6943F00113EB61236B002B00F088
:108A0000F681D5F8843043F00B03C5F884306B6CE5
:108A100043F00B036B64D6F8003804F57172217CC7
:108A200023F4FE632068C6F8003804F05FFC226877
:108A3000536903F480535361206804F014FC8704E5
:108A400016D5206804F042FC206804F02FF9256850
:108A5000E06001F097FA227B0146284603F0B2FF5E
:108A6000204605F08EFD2268536903F400535361DC
:108A7000206804F0F8FB060707D5204605F02EFD18
:108A80002268536903F008035361206804F0EBFB8C
:108A9000C50208D500212046FFF7E6FE226853698B
:108AA00003F480135361206804F0DDFB800208D5D5
:108AB00000212046FFF7D7FE2268536903F4001314
:108AC0005361206804F0CFFB410007D5204605F034
:108AD0001DFA2268536903F080435361206804F053
:108AE000C2FB42070AD523685D686B0702D52046A2
:108AF00005F046FD226853682B43536007B0BDE87C
:108B0000F08F062B7FF4F9AE082204F57171304620
:108B1000C7F30A1704F0E4FA1C2303FB0545D5F854
:108B200014321F44C5F81472E7E606F5306704F501
:108B3000017A0025DFF8D0B2206804F098FB03909A
:108B4000039B002B3FF4E4AE039BD80756D55FFA96
:108B500085F92068494604F09AFB10F0010F804621
:108B60001AD020680122216900F5306CBA60012911
:108B7000036C0CEB451CDCF8082066D1110706D508
:108B80005B4509D9100407D54FF4004302E0910674
:108B90003CD52023CCF8083018F0080F1ED02368ED
:108BA0000822BA601A6C03F530635A4503EB45138B
:108BB000996804D9090402D54FF400419960204610
:108BC000049205F0C9FC049A5A4507D92169012984
:108BD00004D104F57172206804F088FB18F0100FBE
:108BE00001D01023BB6018F0200F01D02023BB6000
:108BF00018F4005F02D04FF40053BB60039B0135B3
:108C000020370AF11C0A5B08039399E712F0280F3A
:108C1000C2D15B4501D91204B6D4DCF81020DAF8D1
:108C20000010C2F312028A1ACAF81020DAF80420DF
:108C30001144CAF8041095B9D4F810227AB904F591
:108C40007172012104F052FB09E06E498B420BD195
:108C5000130499D4900602D52022CCF80820494666
:108C6000204605F04AFC97E7002DF8D1D4F81022F1
:108C7000002AF4D104F571722946E3E7039BDA0771
:108C800040F184805FFA88FB2068594604F008FBB5
:108C9000C307074621D5012008F00F02D6F8343863
:108CA00000FA02F2216923EA02038142C6F834384D
:108CB000C9F808000DD1D5E911231344AB64B8F10C
:108CC000000F06D1236D23B904F57172206804F0FA
:108CD0000DFB5946204605F026FC380702D508232F
:108CE000C9F80830F90602D51023C9F808307A0609
:108CF00002D54023C9F80830BB0702D50223C9F8C2
:108D000008303F0642D5D5E914329A423ED89B1A24
:108D10006A6CD4F800A0934228BF134603339B0823
:108D200004930AF5106303EB48130593059B04991C
:108D30009A6992B28A42D5E9147325D39F4200D929
:108D40005FB908F00F020121DAF8343801FA02F2B3
:108D500023EA0203CAF8343818E0FF1A6B6C5A464B
:108D600050469F4228BF1F46FB1C9B080493237C50
:108D70000093BBB2A96C04F0B3F8AB6C3B44AB649A
:108D80006B6D1F446F65D1E79F42DAD9039B08F1F1
:108D900001081C3509F120095B080393C6E520464C
:108DA00005F0E7FBDCE5204605F0DCFB08E6996012
:108DB000203353F8202C22F4001243F8202C53F8CF
:108DC000202C42F0006243F8202CC3F8E811D3F8BD
:108DD000E02122F40012C3F8E021D3F8E02142F0B0
:108DE0000062C3F8E021029A01320292FCE56B694D
:108DF00043F4005343F02B036B612B6943F00B03E7
:108E00002B6108E60A31544F0A30544F10B590F8E0
:108E1000BC230446012A0BD0012280F8381080F8C8
:108E2000BC23006804F0F3F9002084F8BC0310BDF3
:108E30000220FCE770B501F00F0611F0800F054627
:108E40004FF01C00C6EBC6044FEA84041FD004F1A7
:108E50003C0100FB06500124294480F83D408A6013
:108E60004A780E70CB7002B1CE80022B04BF002373
:108E70000B7195F8BC33012B12D00123286885F8BB
:108E8000BC3303F01EFF002085F8BC0370BD04F561
:108E9000FE7100FB06500024294480F8FD41DEE706
:108EA0000220F3E710B5044601F00F0011F0800F27
:108EB0004FF01C02C0EBC0034FEA830316D003F14E
:108EC0003C0102FB00420123214482F83D3008703E
:108ED00094F8BC33012B12D00123206884F8BC33F2
:108EE00003F02EFF002084F8BC0310BD03F5FE71D3
:108EF00002FB00420023214482F8FD31E7E7022013
:108F0000F3E738B501F00F051C2404FB050104FB51
:108F1000050401F5FE71C4F810320023C4F80822DC
:108F2000C4F8143284F8FD3184F8FC5103690068F8
:108F3000012B08BFC4F80C22DAB21DB903F056FFAA
:108F4000002038BD03F0E0FFFAE701F00F011C2319
:108F500003FB0100D0F81402704738B501F00F058B
:108F60001C2404FB050104FB05043C31236500239C
:108F7000A2646365012384F83C5084F83D300369A2
:108F80000068012B08BFE264DAB21DB903F02EFFBE
:108F9000002038BD03F0B8FFFAE738B501F00F053F
:108FA000436804469D422CD811F0800F4FF01C00FE
:108FB0001ED000FB0541012300FB05423C3182F835
:108FC0003D3001230D708B7094F8BC239A421AD067
:108FD000206884F8BC3304F0A6F82DB904F571724A
:108FE000217C206804F082F9002084F8BC0338BD9D
:108FF00000FB01431A4603F5FE71002382F8FD31A0
:10900000DFE70120F3E70220F1E738B501F00F02B6
:10901000436804469A422AD8C2EBC20311F0800F7B
:109020004FF01C004FEA830318D003F13C0100FB12
:1090300002400123214480F83D3000250A708D70E4
:1090400094F8BC33012B14D00123206884F8BC337E
:1090500004F094F8284684F8BC5338BD03F5FE713B
:1090600000FB02400023214480F8FD31E5E70120A8
:10907000F3E70220F1E710B590F8BC330446012B6A
:1090800010D0012380F8BC330B06006807D501F02F
:109090000F0103F02BFD002084F8BC0310BD03F08A
:1090A00037FDF8E70220F9E70068120470B5446A5A
:1090B00019B922438262002070BD836A4D1E04EB01
:1090C000134400235E1CDBB29D4205D83F3122438E
:1090D00000EB81004260EEE7403300EB83035B6806
:1090E00004EB13443346EDE70368002059627047F0
:1090F00002680021012380F8F413C0F8FC3308460D
:10910000936943F000639361536D43F0805343F0E0
:109110000303536570477047024A136843F4807332
:109120001360704700480258054A0129136923F06B
:109130000403136101D130BF704720BF704700BFE7
:1091400000ED00E070B51C4D0446EB6803F007032A
:10915000062B06D0E86800F03F00001B18BF012076
:1091600070BDEB6823F03F030343EB6006F014F897
:1091700006466B689A0408D5A4F11D03012B0CD98F
:109180002D3C012C09D90020EAE706F005F8801BE8
:10919000B0F57A7FEDD90120E2E705F0FDFF064D3D
:1091A0000446EB68DB03EED405F0F6FF001BB0F5D8
:1091B0007A7FF6D9EFE700BF0048025838B51E4C59
:1091C0000D46236823F0010318432060C2B9FCF761
:1091D00065FA032813D1236923F001032361174B98
:1091E0001A6942F004021A61BFF34F8FBFF36F8F09
:1091F000012D10D130BF1A6922F004021A6138BD66
:10920000012A0AD1FCF74AFA0128F8D1636923F050
:1092100002036361E3E720BFEDE7FCF73FFA0328B1
:1092200004D1236923F004032361E8E7636923F091
:1092300004036361E3E700BF0048025800ED00E06B
:10924000024AD36843F08073D360704700480258E5
:109250002DE9F0474E6A36B1B2F1406F03D08B6A08
:109260000468013B2361D1F818A0D1E9077CBAF169
:10927000000F4ED04B6946EA0A0A0568D1F8008013
:109280004FEA834E486B4AEA020AD1E90B49BCF126
:10929000000F26D08B684CEA0A0C0E69EB61A7B16F
:1092A00048EA0703234343EA09030343C8683343F7
:1092B000034343EA0E0343EA0C03B2F1406F6B61D0
:1092C00001D04B68AB61BDE8F08748EA040343EA8C
:1092D00009030343334343EA0E0343EA0C036B6180
:1092E000F1E767B148EA0703234343EA090303436D
:1092F000C868034343EA0E0343EA0A03DDE748EA8A
:10930000040343EA0903034343EA0E0343EA0A035F
:10931000E5E7BCF1000F2CD004688B680869E361B5
:1093200046EA0C034E6943EA0205D1F834C0B6049C
:10933000D1E90B83A7B13843B2F1406F40EA08008E
:1093400043EA0003C86843EA0C0343EA000343EA24
:10935000060343EA05036361B5D04B68A361B2E736
:1093600040EA0800034343EA0C0333432B436361A1
:10937000A9E7D7B146EA0703CC6A0068B2F1406FAB
:1093800043EA020343EA04030C6B43EA04034C6B15
:1093900043EA0403CC6843EA04034C6943EA844388
:1093A000436190D04B6883618DE7002E8BD0CB6AF0
:1093B000006833430E6B1A434B6932434E6B3243A2
:1093C00042EA834242617EE72DE9F041DDF81880F0
:1093D00004460E4615461F4622689368334214BF62
:1093E00001230023AB4201D1002012E0B8F1FF3F7E
:1093F000F3D005F0D1FEC01B404502D8B8F1000FF4
:10940000EAD10423012084F84130636C43F0010366
:109410006364BDE8F081704730B5044685B005F05F
:10942000BBFE0346002C40D094F841203AB903908B
:109430002046FFF7F0FF41F28832039BA2642068C8
:10944000A1680268013922F4706242EA01222021F7
:1094500002602046A26C00920022FFF7B5FF10BB0D
:109460002268E569E36811682B43256A21F07F4192
:109470002B43656821F0D00143EA05630B43136079
:109480005568D4E905310B43216943EA0143084992
:1094900029400B435360136843F001031360012319
:1094A000606484F8413005B030BD0120FBE700BFA7
:1094B000FEF8E0FF704710B5044658B10268136823
:1094C00023F001031360FFF7F5FF0020606484F8C8
:1094D000410010BD0120FCE72DE9F043044685B0B2
:1094E0001746894605F058FE94F840200346012AA5
:1094F00033D00122022684F8402094F84120012A2A
:109500005FFA82F827D1002203902021204662646E
:10951000009784F84160FFF757FF0546A0B902465F
:1095200049462046FFF794FED9F82420039B4AB908
:109530004246314620460097FFF746FF054618B9D8
:109540002368DE6084F84180002384F84030284698
:1095500005B0BDE8F0833546F6E70225F7E7F0B53C
:10956000044685B016460F4605F016FE94F84020D6
:1095700003462568012A49D0012284F8402094F846
:109580004120012AD0B23FD100226264002F36D0A0
:10959000122284F841202A690132E2622A69676254
:1095A0000132A2626A6922F040626A61E26A8AB9A3
:1095B0000122022120460096FFF706FF10B923681A
:1095C0000222DA60012384F84130002384F840301D
:1095D00005B0F0BD01220421204600960393FFF759
:1095E000F3FE0028EED1626A039B127885F82020F2
:1095F000626A01326262E26A013AE262D6E7636C51
:1096000043F008036364E0E70220DEE70220DFE7BF
:10961000F0B5044685B016460F4605F0BDFD256839
:109620000346D5F818C094F84020012A4DD00122F5
:1096300084F8402094F84120012AD0B243D100227E
:109640006264002F3AD0222284F841202A69013234
:10965000A2632A69276301326263696921F040616C
:1096600041F080616961C5F818C0A26B8AB9012216
:10967000022120460096FFF7A7FE10B923680222B8
:10968000DA60012384F84130002384F8403005B0CB
:10969000F0BD01220621204600960393FFF794FEB9
:1096A0000028EED195F82010226B039B1170226BDD
:1096B00001322263A26B013AA263D6E7636C43F0E6
:1096C00008036364E0E70220DEE70220DFE7000032
:1096D00070B50446002872D00368DD075CD42368A7
:1096E000980700F1AE802368D80627D5A94B1A69E0
:1096F000996A02F03802082A07D0182A40F00C8133
:1097000001F00302012A40F007811B68D90502D548
:10971000E369802B53D1FBF7E1FB41F20303216A9C
:1097200098429C4B00F2F1805A68202922F0F842BE
:109730000CBF42F0804242EA81625A6023681807F7
:1097400000F12C812368990600F14D8123685D07A3
:109750001CD5914D2B6843F480732B6005F01CFDE4
:1097600006462B68DA0540F16381A368894D012B19
:1097700040F065812B6F43F001032B6705F00CFD72
:10978000844E0546336F9B0740F17D81616A002955
:1097900040F0808100202AE07E4B1A69996A02F02D
:1097A0003802102A05D0182A0BD101F00302022A30
:1097B00007D11B68990392D56368002B8FD10120D4
:1097C00015E06268B2F5803F12D11A6842F4803227
:1097D0001A6005F0E1FC6F4E054633689A033FF5C9
:1097E0007EAF05F0D9FC401B6428F6D9032070BD7C
:1097F000684D2B689AB923F480332B602B6823F4CF
:1098000080232B6005F0C8FC06462B689B037FF580
:1098100066AF05F0C1FC801B6428F6D9E6E7B2F517
:10982000A02F07D143F480232B602B6843F48033AF
:109830002B60CEE723F480332B602B6823F4802346
:10984000F6E7544B1A69996A12F0380203D0182AC5
:109850001FD188071DD11B68590702D5E368002B6B
:10986000ADD0FBF73BFB41F2030321699842494B22
:109870005A6809D822F47C3240290CBF42F40032E5
:1098800042EA01325A602EE722F0FE4242EA0162C9
:10989000F8E7E1681A6839B322F019023D4D0A432E
:1098A0001A6005F079FC06462B685A0711D5FBF7BC
:1098B00015FB41F20303226998426B680FD823F429
:1098C0007C33402A0CBF43F4003343EA02336B601D
:1098D00009E705F061FC801B0228E5D986E723F043
:1098E000FE4343EA0263F2E722F00102294E1A60C6
:1098F00005F052FC054633685B077FF5F4AE05F0D2
:109900004BFC401B0228F6D970E7DA6822F07C5243
:1099100042EA0162DA6011E7E2694AB31A681D4D52
:1099200042F080021A6005F037FC06462B68DA0523
:1099300011D5FBF7D3FA41F20303226A984210D8FB
:109940006B68202A23F0F8430CBF43F0804343EABE
:1099500082636B60F2E605F01FFC801B0228E5D9EC
:1099600044E7EB6823F07C5343EA0263EB60E5E6EF
:109970001A68084E22F080021A6005F00DFC0546B8
:109980003368DB057FF5DAAE05F006FC401B0228E4
:10999000F6D92BE700440258004802586369954DF8
:1099A00083B16B6F43F001036B6705F0F5FB06466F
:1099B0006B6F9A073FF5C6AE05F0EEFB801B0228E1
:1099C000F6D913E76B6F23F001036B6705F0E4FB37
:1099D00006466B6F9B077FF5B5AE05F0DDFB801B80
:1099E0000228F6D902E7A369824D83B12B6843F4BC
:1099F00080532B6005F0D0FB06462B6898043FF59A
:109A0000A5AE05F0C9FB801B0228F6D9EEE62B684F
:109A100023F480532B6005F0BFFB06462B689904A6
:109A20007FF594AE05F0B8FB801B0228F6D9DDE681
:109A300005F0B2FB801B64287FF693AED6E6A3B98F
:109A40002B6F23F001032B672B6F23F004032B678D
:109A500005F0A2FB06462B6F98077FF597AE05F041
:109A60009BFB801BC828F6D9C0E6052B2B6F03D1C2
:109A700043F004032B677DE623F001032B672B6F74
:109A800023F0040379E605F087FB401BC8287FF626
:109A900079AEABE6574D2B6903F03803182B7AD01B
:109AA0002B68022923F080732B6067D105F074FBCB
:109AB00006462B6899015BD4AB6AA26A23F47C73D7
:109AC00023F003031343E26A43EA0213AB62636BBE
:109AD000A26B013B013A5B0212049BB202F4FE024C
:109AE0001343226B013AC2F308021343E26B013ABB
:109AF000120602F0FE4213432B63EB6A23F00103CC
:109B0000EB626B6BA26C23F47F4323F0F80343EA10
:109B1000C2036B63EB6A226C23F00C031343EB620A
:109B2000EB6A626C23F002031343EB62EB6A43F4CB
:109B30008033EB62EB6A43F40033EB62EB6A43F48D
:109B40008023EB62EB6A43F00103EB622B6843F086
:109B500080732B6005F020FB264D04462B689A018C
:109B60003FF518AE05F018FB001B0228F6D93DE6BC
:109B700005F012FB801B02289BD937E605F00CFB91
:109B800004462B689B017FF505AE05F005FB001B25
:109B90000228F6D92AE60129AA6A2B6B3FF40FAEF8
:109BA00002F00301A06A81427FF409AEC2F30512FC
:109BB000E16A8A427FF403AE226BC3F30801013AE3
:109BC00091427FF4FCAD626BC3F34621013A9142AE
:109BD0007FF4F5ADA26BC3F30641013A91427FF4E5
:109BE000EEADE26BC3F30663013A93423FF4D2ADAC
:109BF000E5E500BF00440258484B1A6902F03802FC
:109C0000102A30B500F08680182A0CD0002A40F0C7
:109C100083801A68424812F0200F03D01B68C3F3F8
:109C2000C103D84030BD996A9D6ADA6A15F47C7F19
:109C3000C5F305105C6BF5D0C4F3CC0402F001024F
:109C400007EE900A01F003016243B7EE006AF8EEF6
:109C5000E76A012907EE902AFAEEE97A4CD0022948
:109C60003CD0002948D11A68920627D519682C4A99
:109C7000C1F3C1011B6BCA40C3F3080307EE102AEE
:109C8000F8EEC75A85EEA67A06EE903AF8EEE66A46
:109C900076EEA77A77EE867A204B67EE877A1B6B93
:109CA000C3F34623013307EE103AF8EEC76A87EE96
:109CB000A67AFCEEC77A17EE900AB3E71B6BC3F3E4
:109CC000080307EE103AB8EEC77A77EE277A77EEF8
:109CD000867A9FED146A86EE267ADDE71B6BC3F366
:109CE000080307EE103AB8EEC77A77EE277A77EED8
:109CF000867A9FED0D6AEEE71B6BC3F3080307EE50
:109D0000103AB8EEC77A77EE277A77EE867A9FED2B
:109D1000076AE0E7064885E7064883E700440258FB
:109D20000090D0030024744C20BCBE4B0024744A25
:109D300040787D0100093D002DE9F0410D460446C3
:109D400010B90120BDE8F081884A136803F00F03C1
:109D50008B42C0F0938023685F0700F19B801E0751
:109D60000BD583496669C86900F07000864204D942
:109D7000CA6922F070023243CA61D8060BD57C4909
:109D8000A669C86900F4E060864204D9CA6922F471
:109D9000E0623243CA6199060BD57549E669086AE3
:109DA00000F07000864204D90A6A22F07002324341
:109DB0000A629A070BD56E49E668886900F00F00C1
:109DC000864204D98A6922F00F0232438A61DF0792
:109DD0006ED423689E0700F1A18064490A6802F0EE
:109DE0000F02AA4200F2A880580700F1B1801907BB
:109DF0000BD55F496569C86900F07000854204D2DF
:109E0000CA6922F070022A43CA61DA060BD55849A2
:109E1000A569C86900F4E060854204D2CA6922F4E9
:109E2000E0622A43CA619B060BD5514AE069116A78
:109E300001F07001884204D2136A23F070030343D7
:109E40001362FFF7D9FE4A494A4A8B69C3F30323D9
:109E5000D35C03F01F03D8408B6903F00F03D35C7E
:109E6000454A03F01F0320FA03F31360434B1860C5
:109E7000434BBDE8F041186805F088B9136823F03A
:109E80000F030B431360136803F00F038B427FF43F
:109E900058AF60E736492669886900F0700086424D
:109EA0007FF65DAF8A6922F0700232438A6156E71D
:109EB0002F4BA1689A6922F470620A439A61626822
:109EC0001B68022A1DD113F4003F3FF43AAF284E1D
:109ED00041F28838336923F007031343336105F0F7
:109EE0005BF907463369626803F03803B3EBC20FCE
:109EF0003FF46FAF05F050F9C01B4045F2D9032085
:109F000020E7032A02D113F0007FDEE7012A02D105
:109F100013F4807FD9E713F0040FD6E71449E668FD
:109F2000886900F00F008642BFF457AF8A6922F0BB
:109F30000F0232438A6150E70A6822F00F022A4377
:109F40000A600A6802F00F02AA427FF4FAAE4BE7F9
:109F500007492569886900F070008542BFF447AF62
:109F60008A6922F070022A438A6140E70020005289
:109F7000004402583E3F0708580E0024540E0024A7
:109F8000500E002410B50C4CFFF736FE0B49A369A8
:109F9000C3F30323CA5CA36902F01F0203F00F039B
:109FA00020FA02F2CB5C03F01F0322FA03F0044B09
:109FB0001860044B1A6010BD004402583E3F070869
:109FC000580E0024540E002408B5FFF7DBFF054BA4
:109FD000054ADB69C3F30213D35C03F01F03D840C7
:109FE00008BD00BF004402583E3F070808B5FFF710
:109FF000C9FF054B054ADB69C3F30223D35C03F0B9
:10A000001F03D84008BD00BF004402583E3F070868
:10A0100038B53F23044603603A4B1A68510360D5B4
:10A020004FF4A02262601B68364D03F08003E361A9
:10A03000FAF754FF41F20303984259D86B68C3F30F
:10A04000846323622B6803F00103E360FAF746FFA1
:10A0500041F2030398426B6894BFC3F30533C3F323
:10A0600006632361274B1A6F520745D50522A2606C
:10A070005A6F02F0010262611A68C2F30032A261F3
:10A080001B6813F0807F14BF0223012363621D4B02
:10A090009A6A02F00302A2629A6AC2F30512E262AD
:10A0A0001A6BC2F30802013222631A6BC2F3066212
:10A0B0000132E2631A6BC2F34622013262631A6B09
:10A0C000C2F306420132A263DA6A02F00C02226491
:10A0D000DA6AC2F3400262645B6BC3F3CC03A3642D
:10A0E00038BD1A6812F4803218BF4FF4803299E7F5
:10A0F000EB68C3F30563A4E71A6F12F0010218BFFF
:10A100000122B4E7004402583F230360114B1A694F
:10A1100002F0070242609A6902F4706282609A69F2
:10A1200002F00F02C2609A6902F070020261DA69FD
:10A1300002F070024261DA6902F4E06282611B6A35
:10A1400003F07003C361044B1B6803F00F030B6043
:10A15000704700BF0044025800200052F8B53A4C46
:10A1600006460D46A36A03F00303032B69D0236858
:10A1700023F08063236005F00FF8074623681A0177
:10A180004BD4A36A326823F47C3343EA0233A362DC
:10A19000B368F268013B013A5B0212049BB202F41D
:10A1A000FE0213437268013AC2F308021343326994
:10A1B000013A120602F0FE421343A363E36A726996
:10A1C00023F0C0031343E362E36AB26923F0200380
:10A1D0001343E362E36A23F01003E362E36BF26983
:10A1E00023F47F4323F0F80343EAC203E363E36A03
:10A1F00043F01003E362E36AB5B943F40023E3627A
:10A20000114C236843F08063236004F0C5FF0546CA
:10A2100023681B010FD5002005E004F0BDFFC01B23
:10A220000228ABD90320F8BD012D0CBF43F48013E5
:10A2300043F40013E3E704F0AFFF401B0228E7D923
:10A24000F0E70120EFE700BF00440258F8B53A4CB0
:10A2500006460D46A36A03F00303032B69D0236867
:10A2600023F08053236004F097FF074623689A0089
:10A270004BD4A36A326823F07C7343EA0253A3628F
:10A28000B368F268013B013A5B0212049BB202F42C
:10A29000FE0213437268013AC2F3080213433269A3
:10A2A000013A120602F0FE4213432364E36A726924
:10A2B00023F440631343E362E36AB26923F4007357
:10A2C0001343E362E36A23F48073E362636CF2692D
:10A2D00023F47F4323F0F80343EAC2036364E36A91
:10A2E00043F48073E362E36AB5B943F48003E36245
:10A2F000114C236843F08053236004F04DFF054662
:10A3000023689B000FD5002005E004F045FFC01B2B
:10A310000228ABD90320F8BD012D0CBF43F4000384
:10A3200043F08073E3E704F037FF401B0228E7D9CE
:10A33000F0E70120EFE700BF004402582DE9F041AB
:10A340000668054616F0006609D0836EB3F5001F57
:10A350002ED013D8F3B1B3F5801F21D001262B687E
:10A36000DB0540F10281AB6D042B00F2FD80DFE8DC
:10A3700013F024002B00F50029002900B3F5401F3D
:10A38000ECD1B84A0026A96E136D23F440130B4399
:10A390001365E4E7B34AD36A43F40033D362F0E7CA
:10A3A00002210430FFF7DAFE06460028D7D1E8E79D
:10A3B00002212430FFF74AFFF6E7AA4AD36A43F4A2
:10A3C0000033D362344604E00021281DFFF7C6FEA7
:10A3D0000446002C40F0CB80A24AA96D136D23F0F7
:10A3E00007030B4313652B689F050DD5EB6D802B81
:10A3F00000F0DA8000F2BD80002B00F0C980402B15
:10A4000000F0CC80012634462B68580510D5D5F8CD
:10A41000A830B3F5800F00F0EC8000F2CD80002B67
:10A4200000F0DB80B3F5001F00F0DD80012634462C
:10A430002B68190510D5D5F8AC30B3F1007F00F0CA
:10A44000FD8000F2DE80002B00F0EC80B3F1807F15
:10A4500000F0EE80012634462B689A010DD5AB6CD6
:10A46000202B00F0078100F2F180002B00F0F1803A
:10A47000102B00F0F980012634462B68DB040FD541
:10A480002B6EB3F5005F00F0198100F2FB80002B0A
:10A4900000F00881B3F5805F00F00A8101263446A0
:10A4A0002B689F040FD56B6EB3F5003F00F026813B
:10A4B00000F20C81002B00F01281B3F5803F00F018
:10A4C0001781012634462B68580410D5D5F8B030D2
:10A4D000B3F1005F00F0338100F21881002B00F02F
:10A4E0001E81B3F1805F00F02481012634462B6881
:10A4F000590114D5EB6C43B1B3F5807F40F027814F
:10A500000121281DFFF72AFE0446002C40F022817D
:10A51000544AE96CD36C23F480730B43D3642B68E7
:10A520001A040DD52B6FB3F1805F00F01581B3F1E4
:10A53000005F00F01F81002B00F0138101263446DC
:10A540002B68DB0140F12C816B6C032B00F26C81DA
:10A55000DFE813F01D01180164011D01002105F160
:10A560002400FFF773FE33E7012634463BE7264617
:10A5700039E7C02B03D0B3F5807F7FF443AFCCB96C
:10A58000384AE96D136D23F4E0730B4313653BE721
:10A59000344AD36A43F40033D362F0E70021281D24
:10A5A000FFF7DCFD0446EAE7002105F12400FFF790
:10A5B0004DFEF7E7264627E7B3F5C00F03D0B3F506
:10A5C000000F7FF433AFD4B9264AD5F8A810936DA5
:10A5D00023F460030B4393652AE7224AD36A43F4CA
:10A5E0000033D362EFE70021281DFFF7B7FD0446D3
:10A5F000E9E7002105F12400FFF728FEF7E72646EA
:10A6000016E7B3F1407F03D0B3F1806F7FF422AF40
:10A61000D4B9144AD5F8AC10936D23F0E0630B4322
:10A62000936519E70F4AD36A43F40033D362EFE727
:10A630000021281DFFF792FD0446E9E7002105F1FE
:10A640002400FFF703FEF7E7264605E7302B7FF4EB
:10A6500012AFACB9034AA96CD36C23F030030B439F
:10A66000D3640AE7004402589A4AD36A43F4003399
:10A67000D362EEE70221281DFFF770FD0446E8E7EC
:10A680002646FAE6B3F5405F03D0B3F5804F7FF47A
:10A6900005AFCCB98F4A296E136D23F4E0430B4309
:10A6A0001365FDE68B4AD36A43F40033D362F0E7C7
:10A6B0000021281DFFF752FD0446EAE7002105F1BD
:10A6C0002400FFF7C3FDF7E72646E9E623F48032CE
:10A6D000B2F5802F03D0B3F5403F7FF4F2AE9CB9C2
:10A6E0007C4A696E136D23F4E0230B431365EAE69D
:10A6F0000121281DFFF732FD0446F0E7012105F195
:10A700002400FFF7A3FDF7E72646DCE623F080529E
:10A71000B2F1804F03D0B3F1405F7FF4E6AEA4B94D
:10A720006C4AD5F8B010936D23F0E0430B4393656A
:10A73000DDE60121281DFFF711FD0446EFE70121A9
:10A7400005F12400FFF782FDF7E72646CFE6012654
:10A750003446E4E62646E2E65E4AD36A43F4003332
:10A76000D3626CB95B4A296F136D23F040530B43DE
:10A770001365E5E60121281DFFF7F0FC0446F0E72C
:10A780002646DDE6534AD36A43F40033D362002CF5
:10A790004DD1504A696CD36C23F003030B43D3644F
:10A7A0002B685F024DD54C4F3B6843F480733B6090
:10A7B00004F0F2FC80463B68D8053AD5002C6AD1FB
:10A7C000444BD5F8B4001A6F424012F4407F0BD0CE
:10A7D0001A6F196F22F4407241F480311967196FB2
:10A7E00021F4803119671A67B0F5807F40D0D5F821
:10A7F000B430384903F44072B2F5407F47D108695C
:10A80000364A20F47C5002EA131202430A61C3F371
:10A810000B03304A116F0B43136712E00221281D0E
:10A82000FFF79CFC0446B2E701263446B8E726460B
:10A83000B6E704F0B1FCA0EB08006428BBD90326FE
:10A8400034462B68DA0708D5EB6F102B3AD024D8A2
:10A850004BB3082B30D0012634462B689B074CD5D0
:10A86000AB6F052B5FD8DFE803F0403B584040401A
:10A8700004F092FCDFF85C800746D8F87030990746
:10A88000B5D404F089FCC01BC828F6D9D7E70A69FB
:10A8900022F47C52BAE72646D3E723F00802202AA6
:10A8A00001D0182BD7D19CB90A4AE96F536D23F018
:10A8B00038030B435365D0E70121281DFFF74EFCF9
:10A8C0000446F0E7012105F12400FFF7BFFCF7E79C
:10A8D0002646C2E70044025800480258CFFFFF0056
:10A8E0000121281DFFF73AFC0446FCB9B74AA96FBD
:10A8F000536D23F007030B4353652B685F0727D580
:10A90000D5F89430052B00F23A81DFE813F01600F9
:10A9100011003201160016001600012105F1240075
:10A92000FFF794FCE0E701263446E6E72646E4E735
:10A930000121281DFFF712FC0446002C40F0228163
:10A94000A24AD5F89410936D23F007030B43936547
:10A950002B68980610D5D5F89030B3F1005F00F061
:10A960002C8100F21181002B00F01781B3F1805F80
:10A9700000F01D81012634462B68590610D5D5F804
:10A980009C30B3F5006F00F03C8100F22181002B78
:10A9900000F02781B3F5806F00F02D810126344649
:10A9A0002B681A0610D5D5F8A030B3F5804F00F00B
:10A9B000498100F22E81002B00F03481B3F5005F55
:10A9C00000F03A81012634462B681B0714D5D5F8D0
:10A9D0008430B3F5805F07D1022105F12400FFF731
:10A9E00035FC002818BF0126784AD5F88410536D2D
:10A9F00023F440530B4353652B68DF0614D5D5F879
:10AA00009830B3F5807F07D1022105F12400FFF7CC
:10AA10001DFC002818BF01266C4AD5F89810936DCC
:10AA200023F440730B4393652B6818031AD5D5F8AC
:10AA3000A410B1F5803F00F00D81B1F5003F06D0C4
:10AA4000002940F00D81281DFFF788FB0446002CEB
:10AA500040F009815D4AD5F8A410936D23F440338A
:10AA60000B4393652B6859031CD5D5F88830B3F593
:10AA7000001F00F0FA80B3F5401F08D0B3F5801F27
:10AA800040F0FA80514AD36A43F40033D362002C79
:10AA900040F0F5804D4AD5F88810536D23F44013EB
:10AAA0000B4353652B68DA0309D52B6D002B00F09F
:10AAB000E880B3F5803F00F0F280012634462B6831
:10AAC0009B0007D5022105F12400FFF7BFFB0028FA
:10AAD00018BF01262B689F030BD5D5F88010B1F560
:10AAE000807F00F0F28000F2E280002900F0E58033
:10AAF0000126DC0206D53549686F0A6D22F0004256
:10AB000002430A65D80007D53049D5F8B8000A696C
:10AB100022F4804202430A61990206D52B49E86E6D
:10AB20000A6D22F0807202430A655A0009D5274A4D
:10AB3000116921F4004111611169D5F8BC0001438C
:10AB40001161002B06DA2149686DCA6C22F040526F
:10AB50000243CA641B0207D51C4AD5F88C10536DFA
:10AB600023F440030B435365301E18BF0120BDE89A
:10AB7000F081012105F12400FFF768FBDCE60126E6
:10AB80003446E5E62646E3E623F08052B2F1804FF4
:10AB900003D0B3F1405F7FF4EDAEA4B90B4AD5F812
:10ABA0009010536D23F0E0430B435365E4E600211E
:10ABB000281DFFF7D3FA0446EFE7022105F1240030
:10ABC000FFF744FBF7E72646D6E600BF00440258ED
:10ABD00023F48062B2F5805F03D0B3F5406F7FF459
:10ABE000DDAEA4B93D4AD5F89C10936D23F4E05333
:10ABF0000B439365D4E60021281DFFF7AFFA044606
:10AC0000EFE7022105F12400FFF720FBF7E72646D6
:10AC1000C6E623F40052B2F5004F03D0B3F5C04F9F
:10AC20007FF4D0AEA4B92D4AD5F8A010936D23F4CB
:10AC300060430B439365C7E60021281DFFF78EFA9A
:10AC40000446EFE7022105F12400FFF7FFFAF7E7DA
:10AC50002646B9E6022105F12400FFF7F7FAF5E6EA
:10AC600001263446FEE62646FCE6012105F12400D5
:10AC7000FFF7ECFA04460AE70126344612E72646B7
:10AC800010E7164AD36A43F40033D3626CB9134A0F
:10AC9000296DD36C23F480330B43D3640FE7022177
:10ACA000281DFFF75BFA0446F0E7264607E721F484
:10ACB0008072B2F5007F7FF41BAF64B90748426D24
:10ACC00022F440720A43426513E70448C26A42F420
:10ACD0000032C262F1E726460BE700BF004402588B
:10ACE00008B5FFF74FF9054B054A1B6AC3F302137A
:10ACF000D35C03F01F03D84008BD00BF00440258D6
:10AD00003E3F07084E4A70B5946A966AD36A16F4B5
:10AD10007C3FC6F30531D56B00F08D8007EE901AAD
:10AD2000C3F30013C5F3CC0104F00304F8EEE76AA3
:10AD30004B43012CB7EE006A07EE903AFAEEE97A3F
:10AD40006BD0022C5BD0002C67D113689B0646D5D4
:10AD50001168936BC1F3C1013A4AC3F30803CA40B7
:10AD600007EE102AF8EEC75A85EEA67A06EE903A5C
:10AD7000F8EEE66A76EEA77A77EE867A304A67EEE4
:10AD8000877A936BC3F3462307EE103AB8EEC77A7F
:10AD900037EE067AC7EE876AFCEEE66AC0ED006A17
:10ADA000936BC3F3064307EE103AB8EEC77A37EE5B
:10ADB000067AC7EE876AFCEEE66AC0ED016A936B1D
:10ADC000C3F3066307EE103AB8EEC77A37EE066AA9
:10ADD00087EE867ABCEEC77A80ED027A70BD936BFF
:10ADE000DFED195AC3F3080307EE103AB8EEC77A3D
:10ADF00077EE277A77EE867A85EEA67ABEE7936BB2
:10AE0000DFED125AC3F3080307EE103AB8EEC77A23
:10AE100077EE277A77EE867AEEE7936BDFED0C5AC2
:10AE2000C3F3080307EE103AB8EEC77A77EE277A35
:10AE300077EE867AE0E7C0E900118160CEE700BFD7
:10AE4000004402580090D0030024744C20BCBE4B38
:10AE50000024744A4E4A70B5946A966AD36A16F012
:10AE60007C7FC6F30551556C00F08D8007EE901A7B
:10AE7000C3F30023C5F3CC0104F00304F8EEE76A42
:10AE80004B43012CB7EE006A07EE903AFAEEE97AEE
:10AE90006BD0022C5BD0002C67D113689B0646D583
:10AEA0001168136CC1F3C1013A4AC3F30803CA40E5
:10AEB00007EE102AF8EEC75A85EEA67A06EE903A0B
:10AEC000F8EEE66A76EEA77A77EE867A304A67EE93
:10AED000877A136CC3F3462307EE103AB8EEC77AAD
:10AEE00037EE067AC7EE876AFCEEE66AC0ED006AC6
:10AEF000136CC3F3064307EE103AB8EEC77A37EE89
:10AF0000067AC7EE876AFCEEE66AC0ED016A136C4A
:10AF1000C3F3066307EE103AB8EEC77A37EE066A57
:10AF200087EE867ABCEEC77A80ED027A70BD136C2C
:10AF3000DFED195AC3F3080307EE103AB8EEC77AEB
:10AF400077EE277A77EE867A85EEA67ABEE7136CDF
:10AF5000DFED125AC3F3080307EE103AB8EEC77AD2
:10AF600077EE277A77EE867AEEE7136CDFED0C5AF0
:10AF7000C3F3080307EE103AB8EEC77A77EE277AE4
:10AF800077EE867AE0E7C0E900118160CEE700BF86
:10AF9000004402580090D0030024744C20BCBE4BE7
:10AFA0000024744A4E4A70B5946A966AD36A16F4BD
:10AFB0007C7FC6F30511556B00F08D8007EE901A6B
:10AFC00003F00103C5F3CC0104F00304F8EEE76AD3
:10AFD0004B43012CB7EE006A07EE903AFAEEE97A9D
:10AFE0004DD0022C5BD0002C67D113689B0664D532
:10AFF0001168136BC1F3C1013A4AC3F30803CA4095
:10B0000007EE102AF8EEC75A85EEA67A06EE903AB9
:10B01000F8EEE66A76EEA77A77EE867A304A67EE41
:10B02000877A136BC3F3462307EE103AB8EEC77A5C
:10B0300037EE067AC7EE876AFCEEE66AC0ED006A74
:10B04000136BC3F3064307EE103AB8EEC77A37EE38
:10B05000067AC7EE876AFCEEE66AC0ED016A136BFA
:10B06000C3F3066307EE103AB8EEC77A37EE066A06
:10B0700087EE867ABCEEC77A80ED027A70BD136BDC
:10B08000DFED195AC3F3080307EE103AB8EEC77A9A
:10B0900077EE277A77EE867A85EEA67ABEE7136B8F
:10B0A000DFED125AC3F3080307EE103AB8EEC77A81
:10B0B00077EE277A77EE867AEEE7136BDFED0C5AA0
:10B0C000C3F3080307EE103AB8EEC77A77EE277A93
:10B0D00077EE867AE0E7C0E900118160CEE700BF35
:10B0E000004402580090D0030024744A20BCBE4B98
:10B0F0000024744CB0F5807F1FB531D19E4B1A6D82
:10B1000002F00702042A4BD8DFE812F0CC00390025
:10B11000050033010D00186810F0005037D001A869
:10B12000FFF798FE32E0DA6C196802F040521B68B3
:10B13000490705D522B9C3F3C1039048D84026E09A
:10B14000D80502D5B2F1805F53D08B4B186810F44C
:10B1500000301CD0B2F1005F894818BF002016E013
:10B16000B0F5007F27D1844B1A6D02F4E072802A7B
:10B17000D1D00FD8002A00F09580402A10D118684D
:10B1800010F0006003D001A8FFF7BCFD019805B0E6
:10B190005DF804FBC02A00F0EC80B2F5807F01D09E
:10B1A0000020F4E7DA6C196802F04052490719D51B
:10B1B000C2B91B68BFE7B0F5806F1CD16E4B9A6DAA
:10B1C00002F46002B2F5800FA5D004D8002A69D03D
:10B1D000B2F5001FD2E7B2F5C00F00F0CA80B2F599
:10B1E000000FDCE7644B1968C905AFD5B2F1805F89
:10B1F000ACD16448CBE7B0F5006F1CD15E4B9A6DC3
:10B2000002F0E062B2F1007F85D004D8002A49D074
:10B21000B2F1807FB2E7B2F1407F00F0AA80B2F1D4
:10B22000806FBDD1DA6C196802F040524807DAD558
:10B23000002AD8D1BDE7B0F5805F13D14E4B1A6D0F
:10B2400002F4E042B2F5005F3FF465AF03D84AB3C1
:10B25000B2F5805F92E7B2F5405F00F08A80B2F508
:10B26000804FDEE7B0F5002F15D1434B9A6D02F405
:10B270004032B2F5803F05D0B2F5003FD2D0002A6F
:10B280008ED17CE7186810F0005080D001A8FFF73D
:10B29000E1FD03987BE7B0F5803F16D1364BDA6CC1
:10B2A000D20309D4186810F000703FF470AF01A801
:10B2B000FFF778FE02986AE7186810F000603FF424
:10B2C00066AF01A8FFF71EFDE3E7B0F5804F3ED162
:10B2D000294B9A6D02F0E042B2F1405F2AD00BD8C0
:10B2E000B2F1805F14D0B2F1005F1AD0002A7FF46F
:10B2F00057AFFFF7F5FC4AE7B2F1804F20D0B2F12B
:10B30000A04F7FF44DAF18681D4B10F400301BE0C8
:10B31000186810F000603FF43AAF01A8FFF7F2FCA4
:10B32000C8E7186810F000503FF431AF01A8FFF7EC
:10B3300091FDBFE7186810F004003FF428AF38E72C
:10B340001868104B10F4807018BF18461FE7B0F54E
:10B35000004F7FF425AF084B1A6D02F04052B2F156
:10B36000805F9FD0B2F1005FD2D0002A7FF418AF87
:10B37000C9E705480BE700BF004402580090D0031E
:10B3800040787D0100093D000080BB000368503318
:10B3900043F8212070477047F8B5044618B3036896
:10B3A000754A856A9342C16809D0A2F578429342F2
:10B3B00005D002F58062934201D00F2913D8E26BC9
:10B3C000500901F10802D20800FB02226A488342B8
:10B3D0000BD06A4EB34208D006F58066B34204D063
:10B3E000082A40F2C2800120A1E0102AFBD8B5F55E
:10B3F000800F40F0BE8083420AD0604A934207D05B
:10B4000002F58062934203D0236BB3F5702FEAD824
:10B41000256B05B90D04B1EB154FE4D894F88130D4
:10B4200003F0FF0223B9204684F88020FFF7B3FF22
:10B430000223D4F818C0616884F88130BCF1806FB1
:10B440002368A76B1A6822F001021A6004D1B1F5D3
:10B45000800F6DD1002F70D0A06AE669E26BB0F565
:10B46000800F46EA000646EA0206E26846EA02065D
:10B470004CEA010246EA050642EA07029E60666B54
:10B4800042EA0602666A42EA0602266942EA0602C1
:10B49000666942EA0602266A42EA0602E66C42EA67
:10B4A0000602A66842EA0602A66C42EA0602A66DF9
:10B4B00042EA0602DA6048D1226C012A1A680CBFFF
:10B4C00042F4004222F400421A60626C012A1A68B7
:10B4D0000CBF42F4804222F480421A60264A934212
:10B4E00030D0A2F5784293422CD002F5806293428C
:10B4F00028D0B5F5702F1A680CBF42F4005222F420
:10B5000000521A60E26A1A6441B31A6D22F0010215
:10B510001A654A0205D5DA68616D22F000420A43D5
:10B52000DA6000200123C4F8840084F88130F8BD7B
:10B53000002991D1B7F1805F8ED1186840F4805016
:10B54000186089E7B5F5F81FD5E70029DDD128B9DE
:10B550009A6822F4C05242F400629A609A6822F417
:10B56000C06242F480629A60CFE7B5F5800F3FF485
:10B570004BAF0D0452E700BF0030014000380040DF
:10B580000368002273B559690E4C01F400410E4D59
:10B590000E4E586900F4C040084301D102B070BD9E
:10B5A000186B0432A3420190D2B2019803D0AB428F
:10B5B00001D0B34203D1102AEBD90320EEE7082AC9
:10B5C000FAE700BF0030014000380040003C004076
:10B5D000036A23F0010370B50362036A4468826959
:10B5E00023F002030D6822F4803222F073022A4312
:10B5F0008D682B431B4DA8420FD005F58065A842EE
:10B600000BD005F57055A84207D005F58065A84216
:10B6100003D005F58065A8421ED1CD6823F008034C
:10B620002B43104DA84223F004030FD005F580658D
:10B63000A8420BD005F57055A84207D005F58065E6
:10B64000A84203D005F58065A84205D124F44075D1
:10B65000D1E9054634432C43446082614A68426321
:10B66000036270BD00000140036A23F4807370B56B
:10B670000362036A4268C46923F400730D6824F00E
:10B6800073042C438D6843EA0523164DA84203D06A
:10B6900005F58065A8420DD1CD6823F4006343EA27
:10B6A0000523104DA84223F480630ED005F5806574
:10B6B000A8420AD00C4DA84207D005F58065A842E3
:10B6C00003D005F58065A84206D122F44055D1E9A2
:10B6D0000526324345EA021242604A68C461C263E9
:10B6E000036270BD0000014000400140036A23F482
:10B6F000805330B50362036A4468C26923F400537F
:10B700000D6822F4E64242EA05228D6843EA0533D9
:10B710000E4DA8420FD005F58065A8420BD005F567
:10B720007055A84207D005F58065A84203D005F5FD
:10B730008065A84204D124F480444D6944EA85140C
:10B740004460C2614A680264036230BD0000014087
:10B75000036A23F4803330B50362036A4468426DA0
:10B7600023F400330D6822F070022A438D6843EA07
:10B7700005430F4DA8420FD005F58065A8420BD0B8
:10B7800005F57055A84207D005F58065A84203D09D
:10B7900005F58065A84204D124F480344D6944EA5B
:10B7A0000524446042654A688265036230BD00BF7B
:10B7B00000000140036A23F4801330B50362036A7A
:10B7C0004468426D23F400130D6822F4E04242EA1B
:10B7D00005228D6843EA05530E4DA8420FD005F5AA
:10B7E0008065A8420BD005F57055A84207D005F535
:10B7F0008065A84203D005F58065A84204D124F4F1
:10B8000000344D6944EA8524446042654A68C26553
:10B81000036230BD0000014070477047304A036842
:10B82000904212D0B0F1804F0FD0A2F57C429042EE
:10B830000BD002F58062904207D002F58062904200
:10B8400003D002F57842904219D14A6823F0700380
:10B850001343234A90421DD0B0F1804F1AD0A2F575
:10B860007C42904216D002F58062904212D002F5DE
:10B87000806290420ED002F5784290420AD0194A76
:10B88000904207D002F58062904203D002F58062B8
:10B89000904203D123F44073CA6813434A6923F0EA
:10B8A0008003134303608B68C3620B6883620C4B95
:10B8B00098420FD003F5806398420BD003F5705384
:10B8C000984207D003F58063984203D003F5806364
:10B8D000984201D10B69036301234361704700BFA4
:10B8E000000001400040014010B5044650B390F8FC
:10B8F0003D3003F0FF021BB980F83C20FFF78CFFBE
:10B9000002232068211D84F83D30FFF787FF0123C3
:10B91000002084F8483084F83E3084F83F3084F8C2
:10B92000403084F8413084F8423084F8433084F861
:10B93000443084F8453084F8463084F8473084F841
:10B940003D3010BD0120FCE710B5044650B390F81F
:10B950003D3003F0FF021BB980F83C20FFF75DFF8C
:10B9600002232068211D84F83D30FFF757FF012393
:10B97000002084F8483084F83E3084F83F3084F862
:10B98000403084F8413084F8423084F8433084F801
:10B99000443084F8453084F8463084F8473084F8E1
:10B9A0003D3010BD0120FCE7036A23F0100370B5A1
:10B9B0000362036A4468826923F020030D6822F061
:10B9C000807222F4E64242EA05228D6843EA0513BA
:10B9D000164DA84203D005F58065A8420DD1CD686B
:10B9E00023F0800343EA0513104DA84223F04003DF
:10B9F0000ED005F58065A8420AD00D4DA84207D0AB
:10BA000005F58065A84203D005F58065A84206D1FA
:10BA100024F44065D1E90546344345EA8404446092
:10BA200082614A688263036270BD00BF000001400A
:10BA30000040014038B590F83C300446012B78D0E6
:10BA400001230C2A80F83C3051D008D8042A2CD08D
:10BA5000082A3BD0C2B1002084F83C0038BD102A2F
:10BA600056D0142AF7D10068FFF7A4FE23680969AD
:10BA70005A6D42F400625A655A6D22F480625A652A
:10BA80005A6D42EA012252E00068FFF7A1FD2368E7
:10BA900009699A6942F008029A619A6922F00402DF
:10BAA0009A619A690A439A61D5E70068FFF77CFFBB
:10BAB000236809699A6942F400629A619A6922F4DA
:10BAC00080629A619A6942EA0122ECE70068FFF716
:10BAD000CBFD23680969DA6942F00802DA61DA69A4
:10BAE00022F00402DA61DA690A43DA61B3E7006836
:10BAF000FFF7FCFD23680969DA6942F40062DA6144
:10BB0000DA6922F48062DA61DA6942EA0122ECE75A
:10BB10000068FFF71DFE236809695A6D42F00802AC
:10BB20005A655A6D22F004025A655A6D0A435A65E5
:10BB300091E7022092E701F01F01036A10B501248A
:10BB40008A408C4023EA04030362036A1A430262B8
:10BB500010BD000010B5044629B990F83E30012B05
:10BB600031D0012010BD042907D190F83F30012BBE
:10BB7000F7D1022380F83F3028E0082907D190F858
:10BB80004030012BEDD1022380F840301EE00C291B
:10BB900007D190F84130012BE3D1022380F84130E6
:10BBA00014E0102907D190F84230012BD9D102239B
:10BBB00080F842300AE090F84330012BD1D10223C3
:10BBC00080F8433002E0022380F83E3001222068F2
:10BBD000FFF7B1FF2368204A934219D002F5806233
:10BBE000934215D002F57052934211D002F5806253
:10BBF00093420DD002F58062934209D0B3F1804F99
:10BC00000ED19968154A0A40062A21D10020A9E7D9
:10BC10005A6C42F400425A640F4A9342EED1F0E764
:10BC20000F4A9342EDD002F580629342E9D002F5CB
:10BC300080629342E5D002F578429342E1D0A2F5CA
:10BC40006C429342DDD01A6842F001021A60DDE7CF
:10BC5000B2F5803FF7D1D9E70000014007000100AD
:10BC600000040040FFF776BF01F01F01036A10B522
:10BC700004248A408C4023EA04030362036A1A43C3
:10BC8000026210BD10B5044629B990F84430012B6A
:10BC90001DD0012010BD042907D190F84530012B9B
:10BCA000F7D1022380F8453014E0082907D190F835
:10BCB0004630012BEDD1022380F846300AE090F89F
:10BCC0004730012BE5D1022380F8473002E0022300
:10BCD00080F8443004222068FFF7C6FF23685A6CBE
:10BCE00042F400425A64144A934216D0B3F1804F92
:10BCF00013D0A2F57C4293420FD002F580629342AA
:10BD00000BD002F58062934207D002F5784293424D
:10BD100003D0A2F56C42934207D19968074A0A40C2
:10BD2000062A06D0B2F5803F03D01A6842F001021D
:10BD30001A600020AEE700BF0000014007000100CC
:10BD4000FFF7A0BF70470000F0B504460368C06964
:10BD500087B02169A2681D680A4361690A43A44942
:10BD6000024329400A43E1681A605A6822F44052AB
:10BD70000A43A1695A609F4A93421CBF226A114339
:10BD80009A6822F06E4222F430620A43616A9A6035
:10BD9000DA6A22F00F020A43DA62974A93421BD111
:10BDA000964B5B6D03F03803282B6CD8944AB0F5A2
:10BDB000004FD35C40F00281082B00F2BF80082BBB
:10BDC00061D8DFE813F0E700EC0060006000EF00EE
:10BDD000600060006000F4008A4A934207D1874BFC
:10BDE0005B6D03F00703052B4DD8874ADFE7874AD1
:10BDF000934207D1814B5B6D03F00703052B42D8BB
:10BE0000834AD4E7834A934207D17C4B5B6D03F0AE
:10BE10000703052B37D8804AC9E7804A934207D1E8
:10BE2000764B5B6D03F00703052B2CD87C4ABEE7ED
:10BE30007C4A934207D1714B5B6D03F03803282B8A
:10BE400021D8794AB3E7794A934207D16B4B5B6DAE
:10BE500003F00703052B16D8754AA8E7754A9342E5
:10BE600007D1664B5B6D03F00703052B0BD8724AB5
:10BE70009DE7604A934206D102F50E32936D03F0BE
:10BE80000703052B01D901200EE06C49CB5C102B78
:10BE900023D011D8042B16D0082B19D0022BF2D1A5
:10BEA000FEF71EFF10BB00204FF00113A366002316
:10BEB000C4E91C3307B0F0BD202B3DD0402BE2D1AC
:10BEC0004FF4004012E06846FEF71CFF0198E9E7D6
:10BED00003A8FEF7BFFF0498E4E71368584813F07F
:10BEE000200F03D01368C3F3C103D840554B626AD7
:10BEF000656833F8122005EB4501B0FBF2F3994277
:10BF0000C1D8B3EB053FBED80023002107F09EFD4A
:10BF10002A460F020023060247EA10676808301815
:10BF200047F1000107F092FD474BA0F540729A429D
:10BF3000A9D82368D860B6E74448D7E7202B3BD080
:10BF4000402B0BD0102B9ED12C4B3D481A6812F081
:10BF5000200F03D01B68C3F3C103D840616A394B7B
:10BF6000626833F81130B0FBF3F3500800EB430084
:10BF7000B0FBF2F083B24FF6EF72A3F110019142E1
:10BF800081D820F00F00C3F34203226880B2184327
:10BF9000D06088E7FEF718F8002884D0DEE7FEF7C7
:10BFA00025F8F9E76846FEF7ADFE0198F4E703A827
:10BFB000FEF750FF0498EFE72448CFE7082B47D857
:10BFC000082B3FF660AF01A252F823F0A1C005088C
:10BFD000ADC0050887BE050887BE0508B3C00508C3
:10BFE00087BE050887BE050887BE0508BDC00508D1
:10BFF000F369FFCF000C00580010014000440258C4
:10C00000E03E070800440040093F070800480040A0
:10C01000093F0708004C0040093F07080050004056
:10C02000093F070800140140E03E0708007800407F
:10C03000093F0708007C0040093F07080F3F070839
:10C040000090D003163F0708FFFC0F0000093D00D9
:10C05000202B38D0402B38D0102B7FF414AF1D4A42
:10C06000136813F0200F1C4B32D01068C0F3C100CE
:10C0700023FA00F0616A194B626833F81130B0FBA3
:10C08000F3F303EB5203B3FBF2F39BB24FF6EF7201
:10C09000A3F1100191423FF6F6AE2268D36002E7A9
:10C0A000FDF792FF00283FF4FEAEE3E7FDF79EFFA9
:10C0B000F8E76846FEF726FE0198F3E703A8FEF7C7
:10C0C000C9FE0498EEE70648D4E74FF40040D1E7F4
:10C0D0001846CFE7004402580090D003163F0708E7
:10C0E00000093D00836ADA0710B506D50168C46A05
:10C0F0004A6822F4003222434A609C0706D5016850
:10C10000046B4A6822F4803222434A60590706D5FC
:10C110000168446B4A6822F4802222434A601A076D
:10C1200006D50168846B4A6822F4004222434A60C3
:10C13000DC0606D50168C46B8A6822F4805222436B
:10C140008A60990606D50168046C8A6822F4005258
:10C1500022438A605A0610D50168446C4A68B4F5D7
:10C16000801F22F4801242EA04024A6005D14A6824
:10C17000846C22F4C00222434A601B0606D5026882
:10C18000C16C536823F400230B43536010BD2DE9A9
:10C19000F041DDF8188004460E4615461F46226819
:10C1A000D36936EA03030CBF01230023AB4201D05D
:10C1B00000201CE0B8F1FF3FF2D002F0EDFFC01B01
:10C1C00040452068036802D8B8F1000F11D123F46C
:10C1D000D0730360836823F0010383602023C4F8D5
:10C1E0008430C4F888300023032084F88030BDE810
:10C1F000F0815A07D3D5C3691B05D0D54FF400632E
:10C200000362036823F4D0730360836823F001039F
:10C2100083602023C4F88430C4F88830C4F88C309C
:10C22000E1E730B50025044685B0C0F88C5002F037
:10C23000B3FF226803461268110717D422681268F8
:10C24000520709D56FF07E424FF4800120460092DC
:10C250000022FFF79CFFB0B920230020C4F88430EF
:10C2600084F88000C4F88830E0660DE06FF07E420C
:10C2700003904FF40011204600922A46FFF787FFF3
:10C28000039B0028DAD0032005B030BD10B504466A
:10C2900050B3D0F884301BB980F88030FFF752FDDE
:10C2A000226824232046C4F88430136823F0010355
:10C2B0001360FFF749FD012816D0A36A13B1204689
:10C2C000FFF710FF236820465A6822F490425A6014
:10C2D0009A6822F02A029A601A6842F00102BDE8C8
:10C2E00010401A60FFF79DBF012010BD90F880300C
:10C2F000012B09D00268136843F002031360002386
:10C3000080F88030184670470220704790F88030DF
:10C31000012B09D00268136823F002031360002385
:10C3200080F880301846704702207047024B18682A
:10C33000C0F34040704700BF00440258024B1868E9
:10C34000C0F38000704700BF00440258024B1868D9
:10C35000C0F30020704700BF00440258C0F304221D
:10C36000030E0549934010B5C4B261580B40D34049
:10C3700040EA034010BD00BF4C440258024B18680D
:10C38000C0F34060704700BF00440258024B186879
:10C39000C0F3C060704700BF00440258024B1868E9
:10C3A000C0F34070704700BF00440258044B054A78
:10C3B0009B6903F00F03D35C03F01F03D840704761
:10C3C000004402582E3F0708044B054ADB69C3F3BB
:10C3D0000223D35C03F01F03D84070470044025887
:10C3E0002E3F0708044B054A1B6AC3F30213D35CB4
:10C3F00003F01F03D8407047004402582E3F07083F
:10C4000007EE900A9FED106AF8EE676A07EE901A41
:10C41000F8EE677A86EEA77A07EE903AF8EE676A4A
:10C4200007EE902AF8EE677AE6EE867A67EE277ACC
:10C430009DED007AB8EE477AC7EE876AFCEEE67AA1
:10C4400017EE900A704700BF000000392E4A936A29
:10C4500003F00303012B73B5054649D0022B4DD0E1
:10C4600013B9FFF76BFF08B9002404E01368274CE9
:10C47000C3F3C103DC4000232348C5E90033AB60AC
:10C48000816A026BC36AC1F3051113F0010302D084
:10C49000436BC3F3CC0349B3C66AC2F30802F60385
:10C4A00002F1010208D5006BC0F346200130009074
:10C4B0002046FFF7A5FF28601348C66AB60308D5D3
:10C4C000006BC0F30640013000902046FFF798FF54
:10C4D00068600D48C66A760308D5006BC0F3066035
:10C4E000013000902046FFF78BFFA86002B070BDBE
:10C4F000FFF72CFF0028B7D0054CBCE7FFF716FF6D
:10C500000028B1D0034CB6E7004402580090D00395
:10C5100000093D0040787D011FB5104A136903F002
:10C520003803102B17D007D853B1082B0C4818BF6D
:10C53000002005B05DF804FB182B07D00020F8E7B9
:10C5400013680848C3F3C103D840F2E701A8FFF716
:10C550007DFF0198EDE70448EBE700BF0044025877
:10C5600000093D000090D00340787D012E4A936A77
:10C5700003F00303012B73B5054649D0022B4DD0C0
:10C5800013B9FFF7DBFE08B9002404E01368274C59
:10C59000C3F3C103DC4000232348C5E90033AB608B
:10C5A000816A826BC36AC1F3053113F0100302D0B4
:10C5B000C36BC3F3CC0349B3C66AC2F308023603A4
:10C5C00002F1010208D5806BC0F3462001300090D3
:10C5D0002046FFF715FF28601348C66AF60208D503
:10C5E000806BC0F30640013000902046FFF708FF43
:10C5F00068600D48C66AB60208D5806BC0F3066055
:10C60000013000902046FFF7FBFEA86002B070BD2D
:10C61000FFF79CFE0028B7D0054CBCE7FFF786FE6D
:10C620000028B1D0034CB6E7004402580090D00374
:10C6300000093D0040787D012F4A936A03F003030F
:10C64000012B73B505464AD0022B4ED013B9FFF724
:10C6500075FE08B9002404E01368284CC3F3C10335
:10C66000DC4000232448C5E90033AB60816A026CDA
:10C67000C36AC1F3055113F4807302D0436CC3F352
:10C68000CC0351B34CB31C48C2F30802C66A013252
:10C69000760208D5006CC0F3462001300090204699
:10C6A000FFF7AEFE28601448C66A360208D5006C53
:10C6B000C0F30640013000902046FFF7A1FE6860FD
:10C6C0000D48C66AF60108D5006CC0F3066001305B
:10C6D00000902046FFF794FEA86002B070BDFFF7FF
:10C6E00035FE0028B6D0064CBBE7FFF71FFE00283A
:10C6F000B0D0044CB5E700BF004402580090D0030E
:10C7000000093D0040787D01114A08B5D36C03F063
:10C710004053B3F1805F0ED0B3F1005F11D013B975
:10C72000FFF70CFE08B9002004E013680948C3F3C2
:10C73000C103D84008BDFFF709FE0028F3D0064822
:10C74000F8E7FFF7F3FD0028EDD00448F2E700BF5B
:10C75000004402580090D00300093D0040787D015C
:10C760001FB5FFF7FBFD594B984238D029D8A3F5E8
:10C770008233984271D010D8A3F57C43984200F0E0
:10C78000828003F60843984200F08D80504B984217
:10C790005AD0002005B05DF804FB4E4B984208D0FB
:10C7A00003F56F43F833984260D0A3F57C43984279
:10C7B000EFD1FFF7EBFD0028EBD001A8FFF7D6FE85
:10C7C00049E0454B984259D023D8A3F5803398428D
:10C7D00079D00CD8A3F56F43F83B9842D9D1FFF735
:10C7E000DDFD0028D5D001A8FFF726FF33E03B4B45
:10C7F000984203D003F608439842CAD1FFF79EFD42
:10C800000028C6D0364B37481B68C3F3C103D84055
:10C81000C0E7354B984211D00DD8A3F5803398422C
:10C8200003D003F608439842B3D1FFF78FFD0028E9
:10C83000AFD02E48AEE72E4B9842AAD1FFF776FD37
:10C840000028A6D02B48A5E7FFF798FD0028A0D028
:10C8500001A8FFF7FBFD02989CE7FFF797FD002872
:10C8600097D001A8FFF782FE019893E7FFF796FDA6
:10C8700000288ED001A8FFF7DFFEF5E74FF040500B
:10C88000FFF742FF86E7FFF747FE154B1A4A9B6901
:10C89000C3F30323D35C03F01F03D840FFF786FDE7
:10C8A000FFF792FD76E7FFF737FE0D4B124A9B69C3
:10C8B000C3F30323D35C03F01F03D840FFF776FDD7
:10C8C000FFF790FD66E70D4864E700BF041002071C
:10C8D000040C00070C1C0107040C040704100307D8
:10C8E000004402580090D0030410050700093D00E1
:10C8F0000C1C050740787D012E3F07080080BB0017
:10C900000A4B013B0FD00269002AFADA0369074A91
:10C9100043F001030361013A05D0036913F00103F9
:10C92000F9D1184670470320704700BF410D03003E
:10C9300084B038B505AD044685E80E000A9B012B8E
:10C940002FD1836B23F480338363C36823F4840380
:10C9500023F04003C360C36823F44013C360119BFA
:10C96000012B03D1C36843F48013C3602046FFF753
:10C97000C7FF089B012B10D1E36D9BB2E365E36D0C
:10C9800043F07B7343F40033E365A36843F006038D
:10C99000A360A36843F02003A360BDE8384004B05F
:10C9A0007047C36843F04003C360FFF7A9FF0E9BC5
:10C9B00023B9A36B43F48033A363DAE7A36B23F4B7
:10C9C0008033F9E7022A4AD1274B284A0B44934285
:10C9D00039D9274B274A0B44934236D9A1F5740322
:10C9E000254AA3F51053934231D9A1F18373234A09
:10C9F000A3F5E74393422CD3214B224A0B449342A5
:10CA000029D9214B214A0B44934226D3204B214A5A
:10CA10000B44934223D3A1F1B7731F4AA3F5585394
:10CA200093421ED31D4B1E4A0B44934234BF07232F
:10CA30000623C26822F47052C260C26842EA8323AD
:10CA4000C360002070470F23F3E70E23F1E70D23A7
:10CA5000EFE70C23EDE70B23EBE70A23E9E70923D4
:10CA6000E7E70823E5E700BF405327FFFF340C004A
:10CA7000401E1BFF3F420F007F4F120020D61300C5
:10CA800060B6E5FE5FE3160000D3CEFE40771B00E4
:10CA9000C05BB3FEC091210020753800E05459FE00
:10CAA000E09C4100836843F00103836000207047ED
:10CAB000836823F0010383600020704708B5C368D2
:10CAC000012923F0C043C36008D1C36843F0005379
:10CAD000C3603220F8F7F0F9002008BD19B9C36827
:10CAE00043F08043F4E70120F7E700008901074A9B
:10CAF00041F020010161013A05D0036913F02003E0
:10CB0000F9D1184670470320704700BF410D03005C
:10CB10001023064A0361013A05D0036913F010039C
:10CB2000F9D1184670470320704700BF410D03003C
:10CB3000D0F800381943C0F80018002070470000F2
:10CB400084B02DE9F843044609A80E4680E80E009B
:10CB50000023139D194603F14002013304EB8202C6
:10CB60000F2B5160F7D104F50067002D6CD17B6865
:10CB700043F002037B60A36B23F40013A3632368D9
:10CB800043F040032360236843F0800323600023C5
:10CB9000C4F8003ED4F80038C4F800380E9B012BCE
:10CBA00059D10B99002954D120464FF67F38FFF711
:10CBB000BFFF10212046FFF799FF01462046FFF7EF
:10CBC000A7FF0843002304F51062C0B24FF0904C59
:10CBD00019464FF0006E00383B617B6118BF0120A1
:10CBE000FB61B34239D1002204F530634FF0904C21
:10CBF0004FF0006E11464FF67F38B24240D13B698C
:10CC000023F480733B610023A3616FF08043636171
:10CC10000C9B1BB9A36943F01003A361A269224BCB
:10CC20001343A3610F9B1BB1A36943F00803A361E6
:10CC3000012D05D1A36943F0804343F00403A361B0
:10CC4000BDE8F84304B07047A36B43F40013A3633B
:10CC50009DE71946A8E70321A6E7D2F80090B9F1AD
:10CC6000000F0BDA3BB9C2F800E011610133C2F8E2
:10CC700008802032B5E7C2F800C0F6E71160F4E79B
:10CC8000D3F80090B9F1000F0BDA3AB9C3F800E01D
:10CC900019610132C3F808802033AEE7C3F800C041
:10CCA000F6E71960F4E700BF00383C80D0F8083898
:10CCB00013F0060004D013F0020F14BF02200F205F
:10CCC000704730B50D78012400F5006205F00F03C0
:10CCD00000EB45109C404B78012BD36918D11C43C5
:10CCE000D461D0F800391A0410D48A68D0F8004909
:10CCF000C2F30A03CA78234343EA824343EA8553D3
:10CD000043F0805343F40043C0F80039002030BDA5
:10CD100043EA0444D461D0F8003B1B04F6D48B688A
:10CD2000D0F8002BC3F30A031343CA7843EA8243C3
:10CD300043F0805343F40043C0F8003BE6E70000B3
:10CD400010B50A78497800EB421300F5006001291C
:10CD500002F00F0222D1D3F8001900290BDAD3F820
:10CD6000001941F00061C3F80019D3F8001941F02F
:10CD70008041C3F800190121C46B01FA02F224EAD0
:10CD80000204C463C16921EA0202C261154AD3F8F0
:10CD900000190A40C3F80029002010BDD3F8001B79
:10CDA00000290BDAD3F8001B41F00061C3F8001B27
:10CDB000D3F8001B41F08041C3F8001B4FF48031D1
:10CDC000C46B01FA02F224EA0204C463C16921EAD5
:10CDD0000202C261044AD3F8001B0A40C3F8002BC8
:10CDE000DAE700BF007833EC0078F3EF4B78DFF838
:10CDF000ECC0012BF0B50E784D6900EB4614364FB0
:10CE000046D104F51063BDB91D692F401F611D692E
:10CE100045F400251D611D6905EA0C05012A1D6107
:10CE200023D10A6902B15A61D4F8003943F00443AE
:10CE3000C4F800390020F0BDD3F810E00EEA0C0C65
:10CE4000C3F810C0D3F810C00CEA07071F618F6841
:10CE5000AF421D6945F4002538BF4F611D614D6922
:10CE60001F69C5F312053D43D8E7D4F8003943F0F4
:10CE70000443C4F800394B69002BDBD006F00F06E1
:10CE80000123D0F83428B3401343C0F83438D1E735
:10CE9000D4F8100B04F5306300EA0C00186118692F
:10CEA00038401861886805B148611D69C0F31200F7
:10CEB000012A45F400251D611D6940EA050018613D
:10CEC00002D1CA6802B15A61D4F8003B43F004436E
:10CED000C4F8003BAEE700BFFFFF07E00000F8FF2B
:10CEE00010B59DF8084044B9033301329B0800EBAC
:10CEF000023001EB83038B4201D1002010BD51F8B9
:10CF0000042B0260F7E700002DE9F3414D780F781C
:10CF1000012D4B6900EB4714CE78DFF8B8C1DFF87C
:10CF2000B8E140F08E8004F51065D5F810806BBB39
:10CF300008EA0C0CC5F810C0D5F810C04CF4002C51
:10CF4000C5F810C0D5F810C00CEA0E0EC5F810E0F8
:10CF5000012A4ED10B6903B16B61012E0CD1D0F8BF
:10CF6000083813F4807FD4F800390CBF43F0005325
:10CF700043F08053C4F80039D4F8003943F0044337
:10CF8000C4F80039002002B0BDE8F08108EA0E0EB6
:10CF9000012EC5F810E0D5F810E00EEA0C0CD1F81F
:10CFA00008E0C5F810C00EEB030CD5F810800CF1AA
:10CFB000FF3CBCFBFEFEDFF824C10CEACE4C4CEA81
:10CFC000080CC5F810C0C3F3120CD5F810E04CEAF9
:10CFD0000E0CC5F810C0BBD1D5F810C02CF0C04C59
:10CFE000C5F810C0D5F810C04CF0005CC5F810C0F2
:10CFF000AEE7D4F80059012E45F00445C4F80059B5
:10D000000BD0002BBED007F00F020127D0F8343828
:10D0100097401F43C0F83478B4E7D0F808589BB263
:10D0200015F4807FD4F800590CBF45F0005545F049
:10D030008055C4F8005900923A46C968FFF750FF7E
:10D04000A0E7D4F8105B04F5306705EA0E053D61F2
:10D050003D6905EA0C053D618D681BBB3B69C5F365
:10D0600012051D433D613B6943F40023012A3B61E6
:10D0700002D1CB6803B17B61012E0CD1D0F8083806
:10D0800013F4807FD4F8003B0CBF43F0005343F00F
:10D090008053C4F8003BD4F8003B43F00443C4F889
:10D0A000003B6FE72B44DFF834C0D7F810E0013BBA
:10D0B000B3FBF5F30CEAC34C9BB24CEA0E0C6B438A
:10D0C000C7F810C0D7F810C0C3F3120343EA0C032B
:10D0D000CCE700BFFFFF07E00000F8FF0000F81FEB
:10D0E00070B50023940800F5805502F00302A342B6
:10D0F00014D301EB84017AB100F580500023046859
:10D10000D80024FA00F0C854013398B28242F7D113
:10D11000013A92B201321144084670BD2E6841F8BE
:10D1200023600133E3E74A780B78012A00EB4310D0
:10D1300012D1D0F80029002A06DB2BB1D0F8003933
:10D1400023F08043C0F80039D0F8003943F40013CD
:10D15000C0F8003900207047D0F8002B002A06DB09
:10D160002BB1D0F8003B23F08043C0F8003BD0F84F
:10D17000003B43F40013C0F8003BEBE70B784A7820
:10D1800000EB4310CB78012AA3F10203DBB20FD1ED
:10D19000D0F80029012B22F40012C0F8002905D88C
:10D1A000D0F8003943F08053C0F8003900207047B0
:10D1B000D0F8002B012B22F40012C0F8002BF5D878
:10D1C000D0F8003B43F08053C0F8003BEEE710B5C9
:10D1D00000F51063044600F52E614FF67F329A6029
:10D1E0002033C3F8E8218B42F9D100222046C4F84D
:10D1F0001028C4F81428C4F81C28FFF789FC28B9A3
:10D2000020461021BDE81040FFF770BC10BDD0F8DB
:10D210000038090123F4FE6301F4FE61C0F8003810
:10D22000D0F800381943C0F8001800207047D0F833
:10D23000003E23F00303C0F8003ED0F8043823F08A
:10D240000203C0F8043800207047D0F8003E23F0F5
:10D250000303C0F8003ED0F8043843F00203C0F8DE
:10D260000438002070474269806910407047D0F848
:10D27000183800F50060C0691840000C7047D0F8FD
:10D28000183800F50060C069184080B2704700EBA4
:10D29000411100F50060D1F8082B4069104070473B
:10D2A00010B5D0F81048D0F8343800EB411001F038
:10D2B0000F0100F51060CB408068DB01DBB2234337
:10D2C000184010BD406900F001007047D0F80039E7
:10D2D00023F4FF6323F00703C0F80039D0F80438C3
:10D2E00043F48073C0F804380020704730B5056CF3
:10D2F00000F530630F4CA54203D9D0F8004B002C49
:10D3000016DB002401291C611C6944F400241C6103
:10D310001C6944F018041C611C6944F0C0441C6181
:10D3200006D15A61D0F8003B43F08023C0F8003B9F
:10D33000002030BD0A30544F2B4BD3F8882042F4E4
:10D340007002C3F888201A6942F010021A61274A55
:10D35000136803F00F03062B05D8136823F00F039F
:10D3600043F007031360224B1A6842F001021A606F
:10D3700000221A611F4A19680A401C491A600A688B
:10D38000120705D50A6822F00F0242F007020A6070
:10D39000002219499A61DA611A6299621749D962C1
:10D3A000174919635A639963DA6319645A641968EF
:10D3B00021F4802119601A66124A536A43F48043AB
:10D3C0005362114B1B681B0C1B04B3F1005F02D2AC
:10D3D0000E4B01221A600E4B43F2D2021A600D4A24
:10D3E000014B9A60704700BF00ED00E00020005242
:10D3F000004402587FEDF6EA000202020000FF013D
:10D4000080020101C00000580010005C088100513A
:10D410000040005200000408494A1369114603F015
:10D420003803102B30B500F0878006D8002B5FD072
:10D43000082B00F083800A685BE0182BFBD1906A10
:10D44000956AD16A15F47C7FC5F30513546B3BD004
:10D4500007EE903AC4F3CC0401F0010300F003009E
:10D46000F8EEE76A63430128F7EE005A07EE903AB8
:10D47000FAEEE97A42D0022850D01168314BC1F35C
:10D48000C101126BCB40C2F3080207EE103AB8EEAE
:10D49000C76A86EE267A06EE902AF8EEE66A76EEFF
:10D4A000A77A77EEA57A264B67EE877A1B6BC3F3D4
:10D4B0004623013307EE103AF8EEC76A87EEA67AE4
:10D4C000FCEEC77A17EE903A1D481F498269C2F3F5
:10D4D00003228A5CD340826902F00F028A5C1B49F6
:10D4E00002F01F0223FA02F20A60194A136030BDEB
:10D4F0001268C2F3C102134BD340E5E7136B9FEDF3
:10D50000156AC3F3080307EE103AB8EEC77A77EE50
:10D51000277A77EEA57A86EE267AC4E7136B9FED1D
:10D520000E6AC3F3080307EE103AB8EEC77A77EE37
:10D53000277A77EEA57AEEE7084BC5E7084BC3E7F5
:10D54000004402580090D0033E3F0708580E0024C4
:10D55000540E00240024744A20BCBE4B40787D0148
:10D5600000093D00431D052B96BF044A044B52F8A9
:10D570002330044A10601846704700BF503F070828
:10D5800002000E06B862002408B530B10068EDF75D
:10D590005BFABDE80840FFF7E5BF014808BD00BFE2
:10D5A00005000E061F4B204A10B55C6B14F0330FBC
:10D5B00014600AD01D4A14604FF0FF329A630121B3
:10D5C0001B48BDE81040FFF7DFBF14F0C00F0CD0C0
:10D5D0005B69190506D512680121144B14481A60BD
:10D5E000FFF7D2FF0F4BC0229A6362020AD50D4BA0
:10D5F0004FF480024FF480719A630E4B0E4A1B6801
:10D6000010689847E3050BD5064B4FF480724FF432
:10D6100000619A6300229A62D9621A65DA60CEE7E5
:10D6200010BD00BF00700052BC620024C462002420
:10D63000C8620024C0620024CC6200242DE9F041BD
:10D64000D4B0202205460C4609A8002108F0F0FFBE
:10D650004C22002111A808F0EBFFC022002124A8D1
:10D6600008F0E6FF614B9B6A03F00303022B39D0FD
:10D670005E4B01264FF002080027D3F8E02004A9F2
:10D680005B4842F08002C3F8E020D3F8E030069611
:10D6900003F0800307970093009BCDE90486F9F718
:10D6A000A9FB0A20F7F708FC324641465048F9F733
:10D6B00087FC1620FBF746FD4E4BFCB90294DA6A54
:10D6C00022F00102DA62DB6A03F0010302934A4BA3
:10D6D0009A6942F440429A619B6903F44043029381
:10D6E000029B20E0012109A8CDE90911FCF724FBE8
:10D6F0000028BDD0002054B0BDE8F0810197DA6A5F
:10D7000022F00102DA62DB6A3B4A03F00103019373
:10D71000936923F4404343F480439361936903F492
:10D7200040430193019B344A93699E04FCD5212315
:10D73000002D4FF005024FF00805119314BF4FF470
:10D74000A0234FF48033002C1C9211A812934FF0A9
:10D7500001030CBFA0222822179302231D9200224E
:10D760001E932093239222922195CDE91A330A2306
:10D770001F93FBF7ADFF01460028BBD103233F20D9
:10D780004FF48062CDE909034023CDE90B15CDE9C3
:10D790000E320D93109334B309A8FCF7CDFA00288C
:10D7A000A8D14FF4802324A824934FF44013469328
:10D7B000FCF7C4FD00289DD1FBF742FD0B4B1A6816
:10D7C00042F080021A60D3F8F42042F00202C3F85B
:10D7D000F420D3F8F43003F002030393039BF7F72C
:10D7E0009FFB012087E70421D6E700BF00440258D1
:10D7F000001C0258000400580048025808B50021D7
:10D800000120FFF71BFF10B90148F4F767FA08BDC4
:10D8100010520708F9F7B6BEDFF830D0FFF78CFDDD
:10D82000002103E00A4B5B584350043109480A4B7E
:10D8300042189A42F6D3094A02E0002342F8043B18
:10D84000074B9A42F9D3E2F747FD704700000824DE
:10D8500000740708000000246818002480180024C1
:10D8600000170124FEE7000010B5114BB0B0114CB9
:10D87000D4F88C209A42FBD1F4F7C6F8BC220021E0
:10D8800001A808F0D5FE4FF40023684600934FF43A
:10D8900000332993FCF752FD10B10748F4F71EFA44
:10D8A000F4F7C8F84FF44073E36030B010BD00BF28
:10D8B000000300800064025824520708A1F1F0031D
:10D8C0009BB20F2B70B5044686B00E4615D94F4952
:10D8D0003046F2F7AFFE4D4920603046F2F7CCFEFD
:10D8E0004A4905463046F2F75DFE236801330FD101
:10D8F000492247494748F3F78FFF47493046F2F737
:10D9000099FE454920603046F2F7B6FE0546ECE741
:10D910006B1C03D14A223E494048ECE7C5F38433EF
:10D920004FF44032C5F3C045A4F8646084F8663013
:10D93000002384F867506365E360A382237784F84B
:10D940003830C4E90123042222610122A2614FF48C
:10D950008052C4E90833C4E90C23C4E90A33FFF751
:10D9600083FF23682E4A934213D12E4BD3F8D8203D
:10D9700042F02002C3F8D820D3F8D83003F02003B7
:10D980000093009B2046F7F7F5FB20B32648F4F7F9
:10D99000A5F9264A934210D0254A9342F2D1214B51
:10D9A000D3F8E02042F08072C3F8E020D3F8E030F2
:10D9B00003F080730293029BE4E71A4BD3F8D8205C
:10D9C00042F02002C3F8D820D3F8D83003F0200367
:10D9D0000193019BD6E72268114B9A4209D103902B
:10D9E00003A9CDE904002046F7F720FD08B111484E
:10D9F000CDE794F8671031B10F4A00212046F7F7C0
:10DA0000C5FC06B070BD40F2FF72F7E7683F07083B
:10DA1000785207088A52070808420708B4520708D4
:10DA20000020024000440258CD5207080021024065
:10DA300000600258E85207080000FF471FB5204B5E
:10DA400020F400629A421F4B02D01F4A90421CD120
:10DA50005B6D03F44053B3F5005F2FD006D853B18C
:10DA6000B3F5805F0CD01948F4F738F9B3F5405F8F
:10DA7000F9D1174801E0FCF7A7FA05B05DF804FBFF
:10DA800001A8FDF7E7F90398F7E7124A904213D18E
:10DA90009B6D03F44073B3F5007F0FD005D843B1FD
:10DAA000B3F5807FECD00C48DEE7B3F5407FE0D0E3
:10DAB000F9E7FDF715F9E0E70848D5E70848DCE79E
:10DAC000005400400044025800580040D853070852
:10DAD00000093D00001C0058F553070810540708C2
:10DAE0000090D00370B503F0D1FE041E32DB1A4E55
:10DAF00056F8240000282DD09023184D6343EB588E
:10DB0000DA69110609D5DA69120606D51B681B0603
:10DB100003D5134B01211B68984790236343EB58AF
:10DB2000DA6991060BD5DA69920608D51B68980662
:10DB300005D50B4B002156F824001B689847902010
:10DB400044432B59DA69110704D5DA69120701D564
:10DB500008221A6270BD00BFD4620024F00F0124B5
:10DB6000D06200240148FFF7BDBF00BF000C005881
:10DB70000148FFF7B7BF00BF007C00400148FFF736
:10DB8000B1BF00BF007800400148FFF7ABBF00BF46
:10DB9000001401400148FFF7A5BF00BF005000403E
:10DBA0000148FFF79FBF00BF004C00400148FFF74E
:10DBB00099BF00BF004800400148FFF793BF00BF76
:10DBC000004400400148FFF78DBF00BF0010014036
:10DBD000034B19604168034B43F82120704700BF95
:10DBE000D0620024D462002430B5D0E900353F482B
:10DBF000834253D031D8A0F53050834248D026D844
:10DC0000A0F5006083423DD000F5806083423CD0A7
:10DC10000020034690246C43354D2C59002A46D0F1
:10DC20002268002940D142F02002226003F1100155
:10DC3000304A926842F82100BFF34F8F590903F030
:10DC40001F02012393402C4A42F8213030BD2B485B
:10DC50008342DDD12A483523DCE72A4883421AD0A3
:10DC60000AD8A0F5184083421BD000F51440834227
:10DC7000CED125482523CDE724488342C8D1244866
:10DC80008E23C7E723482623C4E723482723C1E779
:10DC900022483423BEE722484723BBE721485223CA
:10DCA000B8E721485323B5E742F08002BDE7226878
:10DCB000A1B922F020022260226812F0800FC5D1A3
:10DCC00003F01F015A09012320328B400A4941F811
:10DCD0002230BFF34F8FBFF36F8FB7E722F0800280
:10DCE0002260226812F0200FE9E700BF00780040B0
:10DCF000F00F012400ED00E000E100E000500040E2
:10DD000095DB050800140140C5DB0508000C005830
:10DD100065DB0508B9DB0508ADDB0508A1DB0508F7
:10DD200089DB05087DDB050871DB0508F8B5466869
:10DD30009023174C054603FB06439A68B2F5805FB3
:10DD400015D11A69B2B940F2FF12A3F860209022EF
:10DD500002FB0642B2F86070284603F085FC0028FA
:10DD6000FAD090237343E358586A3840F8BD1AB983
:10DD70001A6932B9FF22E8E7B2F1805F05D11A696A
:10DD80000AB97F22E1E73F22DFE70022DDE700BF9B
:10DD9000F00F012470B505460C464668284603F08E
:10DDA00073FC0028FAD09023034AC4F30804734399
:10DDB000D3589C6270BD00BFF00F01242DE9F843D9
:10DDC0001E4604460F4610462F491546F2F732FC10
:10DDD00081462E493046F2F72DFC216880464846A0
:10DDE000F2F704FC013005D140F2ED222849294820
:10DDF000F3F712FD21684046F2F7F8FB0130F3D04B
:10DE00002FB9E7612046BDE8F84303F049BC012F74
:10DE100009D0022F16D0032FF4D1B9F1FF3F22D140
:10DE200040F2073204E0B9F1FF3F04D140F2F7229B
:10DE300017491948DCE74FF480732584E3611249E0
:10DE400028460DE0B8F1FF3F04D140F2FF2210490F
:10DE50001248CDE74FF400730C4930466684E36105
:10DE6000F2F7A0FBCEE7B8F1FF3F02D14FF44272C8
:10DE7000EDE74FF44073054930462584E36166843D
:10DE8000F2F790FBDBE700BFF04D07083C4D0708B9
:10DE9000BC540708E5580708CC540708E5540708A0
:10DEA000124A08B5D0F88C3093421CD016D8A2F58F
:10DEB0000052934206D00BD823F48063A2F5784237
:10DEC000934208D10A48FEF74BFC70B9094803E0B9
:10DED000094A934207D00948F3F700FF084A9342E2
:10DEE000F9D10848EFE70848EDE708BD00500140C8
:10DEF000040C00071855070800340140FE540708B9
:10DF0000001400580C1C00070410000770477047ED
:10DF1000012070470123037270470023037270478A
:10DF2000004870473C56070840207047036880212E
:10DF300010B504469B6D98470021236820469B6DD1
:10DF4000BDE81040184710B5044640F22441F4F7EC
:10DF5000C1FB204610BD10B50446302A084604F522
:10DF6000787428BF3022214608F064FA2046302217
:10DF70000021BDE8104008F05BBB00211C3000F818
:10DF8000131CFAF7E2BF4A0002F01E0242EAD11364
:10DF900003445A7A012A04D100221C305A72FAF73B
:10DFA000D4BF0020704700004309012200F01F0089
:10DFB000203302FA00F0044A42F82300BFF34F8FE7
:10DFC000BFF36F8F704700BF00E100E010B5046E33
:10DFD000944205D24FF4157206490748F3F71CFC2A
:10DFE00003689C6E13460A468021A446BDE8104093
:10DFF000604700BF475507085855070808B51C304B
:10E00000FAF750FF28B140F2752202490248F3F7AF
:10E0100003FC08BD475507087855070808B51C30AC
:10E02000FAF740FF28B14FF42B7202490248F3F788
:10E03000F3FB08BD475507087855070808B51C309D
:10E04000FAF7E4FE28B14FF4057202490248F3F7EB
:10E05000E3FB08BD4755070878550708402A00F13B
:10E060001C0008B54FF0020300F8133C134628BF0C
:10E0700040230A460021FAF744FF022805D14FF455
:10E08000127202490248F3F7C7FB08BD475507085B
:10E09000865507081C3008B5FAF733FF022805D16A
:10E0A00040F28A2202490348F3F7B6FB012008BD7B
:10E0B00047550708865507081C3008B5FAF76DFF65
:10E0C000022805D14FF41F7202490348F3F7A4FB5D
:10E0D00008BD00BF47550708865507081C3008B51E
:10E0E000FAF793FF022805D140F283220249034840
:10E0F000F3F792FB08BD00BF475507088655070890
:10E1000038B54D0005F01E0545EAD114022504443A
:10E110001C306572FAF721FFA84205D14FF428722E
:10E1200003490448F3F778FBB0FA80F0400938BDA2
:10E13000475507088655070808B51C30FAF750FB05
:10E1400028B14FF4F77205490548F3F765FB42F231
:10E150001070BDE80840F4F709BC00BF4755070838
:10E160007855070810B5044654F81C0FFFF76DF8F2
:10E1700042F21070F4F7FAFB2046FAF750FB28B190
:10E180004FF4FD7202490348F3F746FB10BD00BF90
:10E1900047550708785507080C4B10B5DB78012B5D
:10E1A0000B4B186814BF65244D241C30FAF75EFB36
:10E1B00004F00D0301229A4063099B0003F16043C0
:10E1C00003F56143C3F880211A6010BD00F0010817
:10E1D00004630024084B10B5DB78012B14BF6520C5
:10E1E0004D20FFF7E1FE054B1B6858680368BDE84A
:10E1F0001040DB6A184700BF00F0010804630024E8
:10E2000010B504461C30FAF7D6FA28B14FF4E5727F
:10E2100009490A48F3F700FB094BDB78012B14BFCF
:10E2200065204D20FFF7C0FE63680BB1F3F7E0FEF9
:10E230000023636010BD00BF4755070878550708E5
:10E2400000F001087C4BF0B5DB78044687B00D4642
:10E25000012B14BF65264D263046FFF7A5FE6368E7
:10E260000BB9F3F7AFFE65600025102204F1090039
:10E270002946257208F0DCF93022294604F12400F1
:10E2800008F0D6F908232362402323636A4BDB7826
:10E29000012B2DD1A364694AE5622565A562E2617F
:10E2A000674DC4E90D33674BD3F8D82042F00072B4
:10E2B000C3F8D820D3F8D82002F000720192019A56
:10E2C000D3F8D82042F08062C3F8D820D3F8D82001
:10E2D00002F080620292029AD3F8002142F00072AA
:10E2E000C3F80021D3F8002142F08062C3F8002176
:10E2F000514BDB78032B24D1504B0122504DE3616D
:10E300000223C4E90D32A3620023E362A364236500
:10E310004C4BD3F8D82042F00072C3F8D820D3F881
:10E32000D82002F000720392039AD3F8002122F061
:10E330008062C3F80021D3F8002122F08052C3F894
:10E3400000213D4BDB78022B19D13F4A6363A36266
:10E35000E26101223B4BA263D3F8D8203B4D42F04F
:10E360000062C3F8D820D3F8D82002F000620492EB
:10E37000049AD3F8002122F08052C3F80021344BD4
:10E380000C351C6035F90C0C0C35431C04D055F8C9
:10E39000101C02F079F8F5E72A4B04F11C07D3F8BA
:10E3A000F420384642F00202C3F8F420D3F8F430E7
:10E3B000C4F8204403F002030593059B002384F86E
:10E3C000D933FAF76EF9054628B14FF4C2722149E4
:10E3D0002148F3F721FAE069FEF764FB1F4C384649
:10E3E000FAF7FEF940F20D213846FAF77DFE54F8AF
:10E3F000042BE9B2013538460432C2F38F02FAF732
:10E4000053FE062DF3D1164B06F1100215499B68F9
:10E4100043F82210BFF34F8F134A1021931983F84A
:10E4200000130123710906F00D0603FA06F642F8FF
:10E43000216007B0F0BD00BF00F0010800000440FB
:10E440007451070800440258000008405051070862
:10E45000046300244755070878550708A85507089E
:10E4600000ED00E0D5E1050800E100E0036819B91E
:10E47000986A000C800070473F3103EB81014868C7
:10E48000F7E7000037B50C4600F11C0521060ED554
:10E4900004F07F0128460193FFF7E8FF9042019BBB
:10E4A00005D240F269220A490A48F3F7B5F992B257
:10E4B00021462846FAF7BEFC022804D140F26E221B
:10E4C00003490548F1E7B0FA80F0400903B030BDD8
:10E4D000475507089655070886550708D0F80434AD
:10E4E0001A7A4AB15A6803681046D3F808181368B4
:10E4F000C1F30D211B6A184770474B00D0F8040484
:10E5000003F01E0343EAD11310B4034401245C72E8
:10E510004068036819B15B6A5DF8044B18471B69D2
:10E520005DF8044B184741F08002D0F80404530012
:10E5300003F01E0343F0010310B4034401245C7292
:10E540004068036821B19B6A11465DF8044B184787
:10E550005B695DF8044B1847D0F8043458680368C9
:10E56000DB681847D0F80434012158680368DB6978
:10E570001847D0F80434002158680368DB6918474D
:10E5800070472DE9F341D0F80454002604462F4685
:10E59000B046C6F3470187F809802046023701914B
:10E5A000FAF780FC01992046FAF765FD711C87F89F
:10E5B00008802046C1F34701023641F080010191F5
:10E5C000FAF770FC01992046FAF755FD102EE0D1BC
:10E5D0002B684022802128461C6D0023A0472B6811
:10E5E000402228461C6D00231946A047686803682E
:10E5F0009B6802B0BDE8F0411847000070B50D4EB1
:10E600003478BFF35B8F14F0010410D13046F3F778
:10E61000EBFD60B1084D3046084B2C72C5E9003463
:10E62000F3F704FE064A07492846F3F7CDFD0248F2
:10E6300070BD00BF0063002408630024C8550708AC
:10E64000000000240FDF0508436D70B59E050446E9
:10E650000D460FD5036D98050CD54FF400730022BD
:10E66000012123652A4B1A612A4B2B4A1B6852F859
:10E6700025009847636DD9070DD5236DDA070AD5B4
:10E6800001230021244A2365214B52F825001961FA
:10E69000204B1B689847636DDB010FD5236DDE01AE
:10E6A0000CD54FF08073002202212365184B1A61AC
:10E6B000184B194A1B6852F825009847636D1802D9
:10E6C0000FD5236D19020CD54FF40003002205214C
:10E6D00023650F4B1A610F4B0F4A1B6852F8250038
:10E6E0009847636D9A0111D5236D9B010ED54FF0AC
:10E6F0000073002207212365054B1A61054B064A6A
:10E700001B6852F82500BDE87040184770BD00BF77
:10E7100000A80040346700242C6700240021014831
:10E72000FFF792BF00A00040FFF7F8BF01210148AA
:10E73000FFF78ABF00A40040FFF7F8BF034B196042
:10E74000D0F8A010024B43F8212070473467002412
:10E750002C67002403680E4A934210B504460FD17B
:10E760001320F6F73DFF1520F6F73AFF3F20F6F7A6
:10E7700037FFD4F8A020074B002143F8221010BD2A
:10E78000054A9342FBD11420F6F72AFF1620EBE747
:10E7900000A000402C67002400A400400E490F4B4D
:10E7A000D1F88C209A42FBD10D4BD3F8942042F43F
:10E7B0008072C3F89420D3F8942022F48072C3F8B6
:10E7C00094204FF44072CA60D3F8EC2022F4807297
:10E7D000C3F8EC20704700BF0064025800030080BB
:10E7E000004402582DE9F04188B01C4607460E4609
:10E7F0001546002120226846DDF8388007F018FF12
:10E800008CB902220123CDE90048CDE902236946F3
:10E810003846CDE90465F8F705FAB0FA80F040090A
:10E8200008B0BDE8F081012C07D14FF08043CDE95D
:10E8300000380223CDE90234E9E70020F0E70000C8
:10E8400037B50546F8F700F8044610B11448F3F759
:10E8500045FA03460246014600902846FFF7C2FFEC
:10E8600008B91048F3E701232246214628460094C0
:10E87000FFF7B8FF0028F4D0022223462846009470
:10E880001146F8F70BFA08B10748E0E72846F8F711
:10E890001FFA08B10548DAE7012003B030BD00BF18
:10E8A0008056070896560708A8560708CC5607084A
:10E8B0000B68F0B516465A1CB5B004460D4604D197
:10E8C00045224A494A48F2F7A7FF4A4AD2F8EC10D3
:10E8D00041F48071C2F8EC10D2F8EC2002F480729E
:10E8E0000092009A444A934214D10023C4F8A03005
:10E8F0004FF40043414F04934FF080532093404B1B
:10E90000D7F88C209A42FBD104A8FBF717FD48B139
:10E910003C4805E03C4A934201D10123E6E73B48ED
:10E92000F3F7DCF94FF44073A968B5F90400FB6014
:10E9300001F0AAFD2969B5F90C0001F0A5FDB5F9B2
:10E940000400012101F058FE0121B5F90C0001F08D
:10E9500053FE2B6801A801252360FCF723FB029BD3
:10E9600040F20121B3FBF6F2954239D8B2FBF5F340
:10E97000B3F5807F34D807EE903AB6EE086B656148
:10E980005A1EB8EEE77B012040230021208227EEAB
:10E99000067BA0746163C4E90900C4E90B00FCEEC6
:10E9A000C77B0820C4E9021117EE905AC4ED077A1C
:10E9B000521B2262A2618022C4E90E230423032297
:10E9C000C4E91003C4E912132046A366C4E9141372
:10E9D000C4E91621C4E91821FFF732FF35B0F0BDB4
:10E9E00001358D42C0D10A489AE700BF0057070899
:10E9F0000A5707080044025800A00040006402586B
:10EA0000000300804157070800A40040285707086A
:10EA1000625707082DE9F0470D46DFF85CA088B083
:10EA2000144606465146DFF8549028460193F1F704
:10EA300001FE074649462046F1F7FCFD01463846EF
:10EA4000F1F7D4FD514680462846F1F709FE4946C4
:10EA500007462046F1F704FE019A079003A93046C5
:10EA6000CDF80C80ADF810500597ADF81840FFF7C1
:10EA70001FFF08B0BDE8F087384207089842070832
:10EA8000014BFFF7C7BF00BFA086010008B50529ED
:10EA900031D8DFE801F00337313030340121002A6A
:10EAA00033D04FF6FF72F8F72DF9194A19499368D8
:10EAB000C3F88C10BFF34F8F174B4FF40021196030
:10EAC00016489168C1F89400BFF34F8F4FF40011BE
:10EAD000196013489168C1F89000BFF34F8F4FF44D
:10EAE000801119600F499268C2F89810BFF34F8FD8
:10EAF0004FF480021A6008BD4FF08071CFE74FF4E9
:10EB00000001CCE74FF40071C9E7F8F739F9CCE719
:10EB100000ED00E01DE7050800E100E029E7050839
:10EB20002DE7050839E7050800B5564B8DB00A28D2
:10EB300000F2A480DFE800F006162432404E5C6A42
:10EB400078869400D3F8E0204F4842F00102C3F8E1
:10EB5000E020D3F8E03003F001030193019B0DB0F6
:10EB60005DF804FBD3F8E020484842F00202C3F805
:10EB7000E020D3F8E03003F002030293029BEEE7BB
:10EB8000D3F8E020424842F00402C3F8E020D3F872
:10EB9000E03003F004030393039BE0E7D3F8E020A5
:10EBA0003C4842F00802C3F8E020D3F8E03003F01C
:10EBB00008030493049BD2E7D3F8E020364842F0E0
:10EBC0001002C3F8E020D3F8E03003F010030593FF
:10EBD000059BC4E7D3F8E020304842F02002C3F898
:10EBE000E020D3F8E03003F020030693069BB6E75D
:10EBF000D3F8E0202A4842F04002C3F8E020D3F8DE
:10EC0000E03003F040030793079BA8E7D3F8E02028
:10EC1000244842F08002C3F8E020D3F8E03003F04B
:10EC200080030893089B9AE7D3F8E0201E4842F43B
:10EC30008072C3F8E020D3F8E03003F480730993C6
:10EC4000099B8CE7D3F8E020184842F40072C3F81F
:10EC5000E020D3F8E03003F400730A930A9B7EE7C8
:10EC6000D3F8E020124842F48062C3F8E020D3F8E1
:10EC7000E03003F480630B930B9B70E70D48F3F7D0
:10EC80002DF800BF0044025800000258000402584A
:10EC900000080258000C02580010025800140258D4
:10ECA00000180258001C0258002002580024025884
:10ECB000002802589E570708431C10B5044604D18B
:10ECC000772206490648F2F7A7FD4FF4707104F069
:10ECD0000F0401F0D9FB0120A04010BDDC5707084C
:10ECE000E75707084B1C70B504460E46018216D044
:10ECF000C1F30310FFF718FF05463046FFF7DCFFAE
:10ED0000238A074A03F00F036561206052F823301D
:10ED1000A36105F1100318356360C4E9025570BDA5
:10ED2000385A0708B0F9100001F066BC10B50C4B5A
:10ED30000C4CD4F894209A42FBD1D0E905425243BE
:10ED400002EB4203DB4339B92268134023604FF4DE
:10ED50004072044B5A6110BD21680B401343F5E724
:10ED60000003008000640258234B4C2202FB003257
:10ED70002DE9F0419446002401274FF0B04507FAF1
:10ED800004F3DCF8006033422ED0536BD5F8886072
:10ED900007FA03F31E4227D0D2F81CE0C5F88830EA
:10EDA00056680EB36A6833EA020203D12A6833EA6E
:10EDB000020215D14FF0B042116833EA010103D1CC
:10EDC000526833EA02020DD1DEF810201A4214BF55
:10EDD00001210221094B30461B68BDE8F04118476C
:10EDE0000221F7E70121F5E701340432A142C6D13F
:10EDF00001460348F2F772FF386700245069002487
:10EE0000FA57070806210846FFF7AEBF0521084656
:10EE1000FFF7AABF01210420FFF7A6BF01210320AD
:10EE2000FFF7A2BF01210220FFF79EBF0121084684
:10EE3000FFF79ABF01210020FFF796BF012910B507
:10EE400015D183894FF0B04403F00F0399408368D4
:10EE500032B1226843F0010311432160836010BD89
:10EE6000226823F0010322EA01012160F6E702296A
:10EE7000F5D181894FF0B04401F00F030121994091
:10EE800083682AB1626843F0020311436160E5E7D9
:10EE9000626823F0020322EA01016160DEE70000FC
:10EEA0008389B0F90C2003F00C01C2F3031201F1C5
:10EEB000B04170B503F00F0503F003030F26D1F83E
:10EEC00008449B009E4002FA03F34FF0B04224EA4C
:10EED00006042343C1F808340123D2F88010AB4064
:10EEE0001943C2F880108468E10702D511681943FC
:10EEF0001160A20704D54FF0B04251680B43536034
:10EF0000B0F90030002B08DB0122590903F01F0380
:10EF100002FA03F3014A42F8213070BD00E100E03B
:10EF20002DE9F74F99464B1C06460D46904676D084
:10EF3000F2F76AFD3B4B3C4905F00F0BD3F8F42088
:10EF4000C5F303100F8842F0020247FA0BFAC3F828
:10EF5000F4200C22D3F8F4301AF0010A03F0020373
:10EF60000193019B314B02FB0B32546802D03048B5
:10EF7000F2F7B4FE012202FA0BF23A430A80062CA1
:10EF80004BD8DFE804F0043E404244464800294F95
:10EF9000FFF7CAFD0C21B5814FF0000C01FB0BF10E
:10EFA000224B4C25C6F808C05A1853F801C06543D7
:10EFB00021490123B2F90820746003FA0CFE4B5971
:10EFC0003280103243EA0E034B51132303FB04C477
:10EFD00001EB8403C3F80490D861C3F834B0174B35
:10EFE000C3F80080164B9B6843F82270BFF34F8F25
:10EFF0003046FFF755FFF2F71DFD504603B0BDE860
:10F00000F08F104FC4E7104FC2E7104FC0E7104F0A
:10F01000BEE7104FBCE7104FBAE71048A8E78A4692
:10F02000EBE700BF004402584C690024185307085E
:10F030002358070835EE0508386700245069002476
:10F0400000ED00E02DEE050825EE05081DEE050893
:10F0500015EE05080DEE050805EE05084C580708E5
:10F0600082890C23284902F00F025343F0B5CC18D3
:10F07000CF584FF0B0430121666801FA02F21C68D4
:10F0800001FA07F524EA02041C605C6824EA020421
:10F090005C60D3F8804024EA02021C4CC3F8802054
:10F0A000132202FB067204EB8202526B9140D3F8EA
:10F0B00088200A4201D0C3F888104C237343E358D8
:10F0C000AB431FD1B0F90030002B0DDB5A090121F1
:10F0D00003F01F03203201FA03F30D4941F82230F7
:10F0E000BFF34F8FBFF36F8FB0F90030002B09DBF8
:10F0F0005A09012103F01F03603201FA03F30449A6
:10F1000041F82230F0BD00BF1853070838670024CB
:10F1100000E100E0F8B50546F2F776FCAB89284639
:10F120006C6803F00F020C235343154AD758FFF7BE
:10F1300097FF4C20134A0121604301FA07F3165848
:10F1400026EA0306132303FB04731650002002EB88
:10F15000830460609C1D0C3302EB840402EB830388
:10F16000094A60605860AB8903F00F039940138827
:10F1700023EA0101BDE8F8401180F2F75BBC00BF53
:10F1800018530708386700244C69002408B503F0B9
:10F1900035FA002008BD000010B5F2F735FC134B1E
:10F1A0001348144A596A1468038811601B1B0B44E6
:10F1B0000146B3F5803F16D34FF47A71B3FBF1F2F9
:10F1C00001FB1233038006E00132A3F57A73B3F535
:10F1D0007A7FF9D20B80084C23681A442260F2F738
:10F1E00029FC206810BD0022F1E700BF000C0040A0
:10F1F00054690024586900245C690024054B07B554
:10F20000D8680190F8F738FC019803B05DF804EB7A
:10F21000F9F725B964730024054B07B59868019088
:10F22000F8F72AFC019803B05DF804EBF9F717B979
:10F2300064730024054B07B558680190F8F71CFC6F
:10F24000019803B05DF804EBF9F709B96473002481
:10F25000054B07B518680190F8F70EFC019803B04C
:10F260005DF804EBF9F7FBB86473002490F86030A4
:10F27000022B03D090F86030032B0DD14268536805
:10F2800023F0FF7323F48033536041F2011391693B
:10F29000490601D4013BFAD17047000070B5B0F9BE
:10F2A0005C30254C03F11006B0F95E20A56845F8E6
:10F2B0002610BFF34F8FA56802F1100645F82610FF
:10F2C000BFF34F8F90F86810002914BF1021202140
:10F2D000002B19DB03F1604000F5614080F800135A
:10F2E000002A17DB02F16040002B00F5614080F836
:10F2F000001315DA0123510902F01F0203FA02F28A
:10F300000E4B43F8212070BD03F00F000438044475
:10F310002176E5E702F00F040948002B0155F2DBE6
:10F32000580903F01F0101238B40044941F82030A4
:10F33000002ADFDAE7E700BF00ED00E000E100E0CF
:10F3400014ED00E010B5B0F95E40B0F95C00F6F7DE
:10F3500047F92046BDE81040F6F742B990F8503022
:10F36000011D032B0ED8DFE803F00207090B064846
:10F37000064A42F8231070470548F9E70548F7E7C1
:10F380000548F5E70020F3E751F20508647300240F
:10F3900035F2050819F20508FDF105082C4A416D02
:10F3A00012680368B2FBF1F1142243604A43996981
:10F3B000090401D5013AFAD12648274AD0F88C1021
:10F3C0009142FBD1254A934211D1254BD3F890208D
:10F3D00042F40012C3F89020D3F8902022F40012D7
:10F3E000C3F890201B4B4FF44072DA6070471D4AFF
:10F3F000934214D002F5806293421CD01A4A934281
:10F40000F0D1174BD3F89C2042F08002C3F89C2027
:10F41000D3F89C2022F08002C3F89C20E2E7104B36
:10F42000D3F8902042F48002C3F89020D3F89020C3
:10F4300022F48002D4E70A4BD3F8902042F4000271
:10F44000C3F89020D3F8902022F40002C8E700BF50
:10F45000540E002400640258000300800054004051
:10F460000044025800580040001C005813B590F8A2
:10F470005C300446072B25D1D0F88C3090F87420EE
:10F480008BB1002A9BB214BF4FF000720022009291
:10F49000D0F88820B0F87010F8F7AAF9062384F89D
:10F4A0005C3002B010BD90F85D3043F0080380F886
:10F4B0005D302AB990F85D305B0701D40123EEE797
:10F4C0000023ECE790F85D3043F0080380F85D30EE
:10F4D000E7E790F85C30062B09D190F874306BB9EF
:10F4E00090F85D305B0709D4012380F85C3090F818
:10F4F0005D3043F0080380F85D3070470023F4E787
:10F5000038B5051D0446C2602846F8F7CEF82046F7
:10F51000FFF724FF01462046FFF7C0FE2846BDE85E
:10F520003840F8F779BA0346043021B1022283F853
:10F530006820F8F771BA83F86810F8F781BA0129E2
:10F5400002D180F86510704711B9012380F8663048
:10F550007047002380F86530704710B490F864203D
:10F560000346022A19D1B0F86E20013292B2A0F8F7
:10F570006E20B0F86E10B0F86C2089B292B2914251
:10F580000BD2B0F86E404FF08073816E012211FAF9
:10F5900084F15DF8044BF8F7DFB9002283F86620A8
:10F5A0005DF8044B704790F86430022B02D10023C1
:10F5B00080F86630F8F730BA90F86A3090F8692031
:10F5C000002B0CBF00230323002A0CBF1846012088
:10F5D0007047000070B505461446043095F8683051
:10F5E000022B07D194B20023E966A5F870400124EC
:10F5F000A5F872304FF08073A2B2F8F7ADF910B1F0
:10F600000024204670BD0E4B1E686B6DB6FBF3F6F2
:10F6100004FB06631E265E4395F86A302BB1013E5B
:10F62000EED00120F3F7A2F9F6E7002EE8D095F826
:10F630006830022BE5D1B5F87240A4B2E1E700BF13
:10F64000540E002470B54FF0807306461446043003
:10F6500092B2F8F71FF910B10024204670BD0A4B92
:10F660001D68736DB5FBF3F504FB05531E255D4363
:10F6700096F869302BB1013DEED00120F3F776F911
:10F68000F6E7002DE9D1E7E7540E002410B5044653
:10F6900050F80429136823F0FE031360FFF752FEAD
:10F6A000022384F85D3010BD2DE9F04F444C8DB03D
:10F6B000444A4FF0000C04EB5003434D4FF0FF3B26
:10F6C000B3FBF0F02C2359435318525804EB52016A
:10F6D000B1FBF2FA59689A6ACDF804A04243B4FB30
:10F6E000F1F107919968B4FBF1F108913749096884
:10F6F000059102EB4001C2F1FF22323102F57F0297
:10F700000291CE320B92059A624503D158460DB054
:10F71000BDE8F08F99694FF0000E2A68049102FB52
:10F720000002029911440E4603910299AAEB0101CD
:10F73000891A0A910499CDF824E00EF1010EB14224
:10F7400035D20B993144B0EB910F30D20A9F4FF074
:10F750000008D3E908410C44A1190091009C0399C9
:10F76000A7EB04092144089FCDF8188008F101088F
:10F770008F4216D8079F8F4213D3009C0F1BDC6962
:10F78000BC420ED8B8420CD2B1EB0A07019C48BF6C
:10F790004F46A74205D2099CE34601972C61069C7F
:10F7A000EC60B8F5807F1144A9EB0209DBD1BEF50E
:10F7B000807F1644BED10CF1010C1435A3E700BFC5
:10F7C00000CA9A3B0459070860690024607300244A
:10F7D000304B2C2203EB5003B3FBF0F02E4B02FB1B
:10F7E00001312DE9F04F4A6A85B08B6A4FF010085D
:10F7F000CC684FF0140A0E6A033314440A69434379
:10F80000DFF89C90323C921BE41AA2F5827203440A
:10F81000D31A4A690146B21823EAE37B1F4B0292CE
:10F8200024EAE47201921A6800239E468C46002561
:10F83000029C0395013564451ED800242746019E8D
:10F84000A64215D8A34513D3984511D00AFB02F858
:10F850000132039E09EB080E7F2A49F80830CEE9F1
:10F86000016702D90D4B1A6010E098464FF0010E67
:10F8700001370C44102FE2D1102D8C44D8D1013324
:10F880000144102BD2D1BEF1000FEBD105B0BDE881
:10F89000F08F00BF00CA9A3B045907086073002428
:10F8A0006069002413B5214B00241C6010B90020AE
:10F8B00002B010BD0029FAD0A1F59C3349F64042B0
:10F8C000803B93420ED9A1F59C23194AA3F50073FE
:10F8D000934228D9A1F54321164BA1F5A061994285
:10F8E000E5D8022421460190FFF772FF21460198D6
:10F8F000FFF7DAFE7F28DAD814230F4958430A1895
:10F900000B58107C40EA037053681B0503F4700326
:10F91000184393681B0403F470231843D3681B0235
:10F920009BB21843C4E70124DCE700BF60730024E6
:10F9300000710200801A06006069002470B50C4650
:10F9400016461D46FEF77AF80CB1AE4217D00F4BA3
:10F9500098420ED10E4B9D4210D00E4B9D4210D0BE
:10F960000D4B9D420FD040F69C020C490C48F1F71C
:10F9700053FF2946BDE87040FFF794BF094C20466D
:10F9800070BD094CFBE7094CF9E700BF000E2707E3
:10F99000801A060040420F00A08601009058070818
:10F9A0009A5807083414C1203615C3007656E14032
:10F9B000414B426D1B68B3FBF2F2142370B5534305
:10F9C00004460D46061D42689169090401D5013BB4
:10F9D000FAD13A4B9D421BD12268394B9A4202D14F
:10F9E0000120F8F79DFD2268364B9A4202D1022091
:10F9F000F8F796FD2268344B9A4202D10420F8F7BA
:10FA00008FFD2268314B9A4202D10820F8F788FD19
:10FA10002F49304BD1F88C209A42FBD12368284AD9
:10FA2000934205D12C4A536D23F44053536509E0AA
:10FA3000244A9342F6D002F580629342F2D0234AE0
:10FA4000934216D0224B4FF4407200213046DA60C8
:10FA5000F8F740FD214B9D4211D0214B9D420ED025
:10FA6000164B9D420BD040F2D5221E491E48F1F79D
:10FA7000D3FE194A936D23F440739365E2E72B4656
:10FA8000626EA1682068FFF759FFA06020B940F2BC
:10FA9000DE2214491548EAE7002301223046656654
:10FAA000E360C4E90423C4E90833C4E90633F7F783
:10FAB000FCFD656570BD00BF540E002440420F0080
:10FAC0000054004000580040005C0040001C0058FA
:10FAD000006402580003008000440258A086010020
:10FAE000801A0600905807089A580708CE58070849
:10FAF0001FB5002304464366836079B18B88A0F864
:10FB000058308B89A0F85A300B680360013305D157
:10FB10004FF4DA7244494548F1F77EFE2368444ABF
:10FB2000934212D1002384F85030424BD3F8E8209E
:10FB300042F40012C3F8E820D3F8E83003F40013CD
:10FB40000093009B3C4BE36509E03C4A934234D070
:10FB500002F58062934242D0394A934251D03949EA
:10FB6000B4F95800F0F71EFD3749B4F95A00F0F720
:10FB700019FD0421B4F9580000F03EFD0421B4F948
:10FB80005A0000F039FD636D0BB9304B63652046B8
:10FB9000FFF704FC616D2046FFF70AFF636D6366A3
:10FBA000002384F8693084F8683084F86A3084F877
:10FBB000613084F8603004B010BD012384F8503007
:10FBC0001C4BD3F8E82042F48002C3F8E820D3F8B5
:10FBD000E83003F480030193019B1D4BB3E702233C
:10FBE00084F85030134BD3F8E82042F40002C3F8F5
:10FBF000E820D3F8E83003F400030293029B154B8E
:10FC0000A1E7032384F850300A4BD3F8F42042F0E4
:10FC10008002C3F8F420D3F8F43003F08003039398
:10FC2000039B0D4B8FE700BF90580708E758070864
:10FC300000540040004402581F00200000580040BB
:10FC4000001C005888430708EC420708A086010002
:10FC500021002200480049005F0060002DE9F047C4
:10FC60000D46DFF864A086B0144606465146DFF81C
:10FC70005C902846F0F7DEFC074649462046F0F740
:10FC8000D9FC01463846F0F7B1FC5146804628467B
:10FC9000F0F7E6FC494607462046F0F7E1FC9C22D7
:10FCA000059000213046CDF80480ADF80850039748
:10FCB000ADF8104006F0BCFC01A93046FFF718FF74
:10FCC00006B0BDE8F08700BF88430708EC4207088C
:10FCD0002DE9FF471D4690F8603004460F46032B80
:10FCE0000C9E00F10409039253D8FFF7BFFA4FF0BE
:10FCF0000008002E80F8618014BF4FF42A4A4FF0AC
:10FD0000AA0AFFF72BFB01462046FFF7C7FA039A22
:10FD1000ABB24846B9B2CDF800A0F7F769FD98BB81
:10FD2000052384F860301C4B1F68636DB7FBF3F745
:10FD300005FB07731E275F4394F8613013F01E0F15
:10FD400001D1013F16D12046FFF7FCFA1FB194F80C
:10FD50006130082B12D00021204694F861304FF01A
:10FD6000FF35FFF7C5FE002384F86030284604B055
:10FD7000BDE8F0870120F2F7F9FDDDE7B6FA86F37A
:10FD80005B0984F86030F1E76FF0010584F860806A
:10FD9000ECE76FF00205E9E7540E00242DE9FF4778
:10FDA0001D4690F8603004460F46032B0C9E00F170
:10FDB0000409039253D8FFF759FA4FF00008002EB8
:10FDC00080F8618014BF4FF42A4A4FF0AA0AFFF767
:10FDD000C5FA01462046FFF761FA039AABB24846DE
:10FDE000B9B2CDF800A0F7F7B1FC98BB052384F8B1
:10FDF00060301C4B1F68636DB7FBF3F705FB07739F
:10FE00001E275F4394F8613013F01E0F01D1013FAC
:10FE100016D12046FFF796FA1FB194F86130082BEF
:10FE200012D00021204694F861304FF0FF35FFF7E3
:10FE30005FFE002384F86030284604B0BDE8F087F8
:10FE40000120F2F793FDDDE7B6FA86F35B0984F84B
:10FE50006030F1E76FF0010584F86080ECE76FF047
:10FE60000205E9E7540E002473B590F86460044677
:10FE700006B18668636C626C13F0040318BF142328
:10FE8000042ADDB206D1002384F85C3084F85D508A
:10FE900002B070BD201F00210190FFF729FE0198DC
:10FEA0003EB10223324684F8643000231946FFF73E
:10FEB00027FB45F0020384F85D30E9E7044B054A6F
:10FEC0001878054B002814BF10461846704700BF2D
:10FED0005C0E0024D8590708E0590708024BD8697E
:10FEE000DA698242FBD17047002C005808B5F1F75F
:10FEF0008BFD084B01221A700022074B1A704FF439
:10FF00008052064BC3F810211A61BDE80840F1F792
:10FF100091BD00BF7D7300248473002400E100E0E4
:10FF200010B5F1F771FD134B1A7842B9124A1268F5
:10FF300011680907FCD50821516001221A700F4C85
:10FF400023781BB1F2F754F80023237000230C4AE6
:10FF500013700C4A13704FF480520B4BC3F890206F
:10FF6000BFF34F8FBFF36F8FBDE81040C3F89021F0
:10FF7000F1F760BD7E7300242016012486730024EF
:10FF8000847300247D73002400E100E05D4B70B5B4
:10FF90001C68C4B01CB1FFF7C3FF44B070BD01259D
:10FFA000C022214614A8584E1D6006F041FB4C2289
:10FFB000214601A806F03CFB337833B304230A94AE
:10FFC000019305230393802314934FF4C0433C9380
:10FFD0004E494F4BD1F88C209A42FBD101A8F9F73A
:10FFE00077FBD8B10023082201A833700A9380233D
:10FFF0000192012214934FF4004306923C93F9F7C7
:020000040806EC
:1000000067FB58B14348F1F769FE08220A93802341
:100010000695019214934FF40043D8E714A8FAF719
:100020008DF9054608B13C48EDE73C4B4FF4803173
:1000300034203B4CD3F8F4204FF6FF7642F40062B4
:10004000C3F8F420D3F8F42002F400620092009A7E
:10005000D3F89C2042F40062C3F89C20D3F89C2083
:1000600022F40062C3F89C20D3F8A82042F4006276
:10007000C3F8A8200122F4F75BFF2A464FF4803131
:100080003420F4F77EFF214B4FF440722046DA60B3
:10009000A3F50E3384F8365023604FF48023E561D6
:1000A0002563C4E90155C4E90355C4E90855C4E909
:1000B0000A55C4E90563F8F765FA054608B1194819
:1000C000A1E7194B194A9B68C3F87022BFF34F8F01
:1000D0002368314620469A6842F001029A609A6885
:1000E00042F008029A60F8F7B3FA236808225A60CF
:1000F0005D611A681207FCD508225A6001220C4B78
:100100001A704AE7787300245C0E002400640258D9
:100110000003008088590708A159070800440258C5
:1001200020160124C259070800ED00E04502060828
:100130007E73002408B5FFF7F3FE0023034A136023
:10014000034A1370BDE80840FFF720BF787300240E
:100150005C0E002408B5F1F757FC064B01221B6822
:100160005A604FF48052044BC3F89021BDE8084018
:10017000F1F760BC2016012400E100E070B50446F0
:10018000F1F742FCFFF7AAFE264B05461C60264A03
:100190004FF480511161254E18463178F1B9611F35
:1001A0004FF6F572914222490FD94FF6FA729542F5
:1001B0000BD906340122A4B20A701C601D4B012227
:1001C0001A70BDE87040F1F735BC00220A70036870
:1001D000AB42194B28BF01221A70EFE7FFF7BAFFB5
:1001E00000235A19013392B2A24204BF0534A4B2CB
:1001F000052BF6D1114BAC421B6811D24FF6FA72A7
:1002000095420DD84FF0FF325A6100230C4C3370E9
:100210002378002BD5D1F1F7D5FE01232370D0E749
:100220005C61F2E78073002400E100E07E7300244B
:1002300085730024847300247C7300242016012419
:100240008673002470B5F1F7DFFB2C4B2C4C1A7829
:1002500032B100221A70012223685A60F0F798F92F
:1002600023681A68D50706D59A68D00703D50122F6
:100270005A60F0F78DF923681A68110724D59A6837
:10028000120721D508221F4C5A6001221E4B1A70FA
:1002900023781BB1F1F7ACFE002323701B4C2378AD
:1002A00093B11B4D1B492B7803F0FF06B3B1FFF749
:1002B00015FE06300B6880B2984209D3FFF716FE90
:1002C00000232B7000232370BDE87040F1F7B2BB10
:1002D0000868063880B2FFF751FFF1E70E4D2B7822
:1002E00043B1FFF7FBFD0B68984203D3FFF7FEFD18
:1002F0002E70E7E70868FFF741FFE3E77D7300240E
:1003000020160124867300247E7300248473002445
:1003100085730024807300247C730024FFF700BEE3
:1003200070470000384B5A6973B5910315D45A6968
:1003300012F4003211D1BFF34F8FBFF36F8FC3F8A8
:100340005022BFF34F8FBFF36F8F5A6942F40032D0
:100350005A61BFF34F8FBFF36F8F2B4B5A69D20394
:1003600027D45A6912F4803223D1C3F88420BFF312
:100370004F8FD3F8802043F6E074C2F3C900C2F374
:100380004E32520102EA0406014646EA81750139FD
:10039000C3F86052F9D2203A12F1200FF2D1BFF324
:1003A0004F8F5A6942F480325A61BFF34F8FBFF3C7
:1003B0006F8F164CD4F8E03043F00073C4F8E0308F
:1003C000D4F8E03003F000730193019BFDF724F8AB
:1003D000F4F744FD236F9B0707D4F8F79DFEF4F76D
:1003E0007DFD236F23F0180323671620F8F7AAFE7C
:1003F000FDF704FAFDF710F8FFF792FF044B012216
:100400001A6002B070BD00BF00ED00E00044025869
:100410008873002452B101F00301064B0329596887
:1004200005D0000503D521EA02025A6070470A434D
:10043000FBE700BF0004005830B5114B114DD5F853
:1004400094409C42FBD14943012A01EB41034FEA0E
:1004500041046FEA030304D0022A0BD0C1680B40A9
:100460000BE0C26813401943C160064B4FF4407261
:100470005A6130BDC1680B402343C360F5E700BF3C
:1004800000030080006402582DE9F843461C05462D
:100490000C4600F090801FFA80F9514A40F4006148
:1004A000B2F90030581C29D100264E4B09F00F023A
:1004B000C5F3031053F82270FEF736FB4A494B4B45
:1004C000D1F894209A42FBD1C4F3831107FB07F2C1
:1004D0000F2902EB42036FEA030C24D181680B431E
:1004E0004FF4407E04F0070183603F4BC3F814E0F3
:1004F00003296FD8DFE801F03A3A1C3A43F400636D
:100500008B420ED104F003035668032BCDD119F4AE
:10051000006FCAD0324621462846BDE8F843FFF7AF
:1005200079BF0832BCE7836851430CEA0303D6E77E
:10053000DFF8B8E0D3F89480F045FBD119F0080F4C
:10054000C4F3832839D03B0AD0F824E05B435B43F3
:10055000C3EB031903FB08F32EEA090E4EEA03036B
:100560004362214B4FF4407EC3F814E0DFF87880FB
:100570001E4BD8F894E09E45FBD103684A430139ED
:100580000CEA030C01294CEA0202026005D8436818
:1005900022074CBF3B43BB434360C4F301123946BF
:1005A000FFF74AFF324621462846FFF733FF0E4B3E
:1005B0004FF440725A61BDE8F88302FB02F9036A06
:1005C000C9EB091E23EA0E0E09FB08F34EEA0303EA
:1005D0000362C6E7D52206490648F1F71DF900BFB8
:1005E000105A0708385A07080064025800030080B0
:1005F000055A0708E558070838B5431C0C4629D0AA
:1006000000F00F021D4BC0F3031053F82250FEF709
:100610008BFA1B491B4BD1F894209A42FBD105FB66
:1006200005F2016802EB42030B40B3FBF2F3013B1E
:10063000012B19D8E31E022B43680CD82B43032C43
:10064000436019D101222946FFF7F6FE0C4B4FF407
:1006500040725A6138BD23EA0503012C4360F1D092
:10066000022C07D00022EEE704F0FD03012BE9D0B5
:10067000052CF5D10222E6E7052CF2E7385A0708E7
:10068000006402580003008038B50C4B05460C4648
:100690001B695B040FD4F9F775FC094B0722B0FB0B
:1006A000F3F36343AA604FF6DF729B089A4294BF4C
:1006B000EA60EB6038BDF9F79FFAEEE700440258B4
:1006C00040420F004B7D2BB1082807D8044B33F86C
:1006D000100070470C2801D8024BF8E70020704743
:1006E000CE5A0708E05A070840F2C331B0F90400B7
:1006F000FFF7CABEF0B54A4BB6EE005B076889B09B
:10070000064606EE901A9F42D0ED037A28D1F5EE08
:10071000C06AB7EE007AF1EE10FA1ED9F4EE476A1D
:100720009FED407AF1EE10FA67FE266AB8EE677A1E
:100730003D493E4B0222097827EE267A3C48B7EE27
:10074000C77A37EE057BFCEEC77BC6ED047AC3EDB6
:10075000007AF6F731FE09B0F0BDF0EE476AE5E742
:10076000F5EEC06A334B1F60F1EE10FA36D4B7EEE7
:10077000007AF4EE476AF1EE10FA77FE266AB8EED8
:10078000677A6023327D019327EE267AB368B7EE4D
:10079000C77A37EE057BFCEEC77B17EE904AC6EDB5
:1007A000047AB4FBF3F400230294039304930793B5
:1007B000CDE90533531E032BCDD86FF00305314629
:1007C00005EB82052846FFF77DFF3B6A30EA03030D
:1007D00007D17DB1042D0FD1BC63BCE7DFED116AF9
:1007E000CDE72A4601A91348FBF724F970B1124856
:1007F000F1F774FA7C63AEE7082D01D1FC63AAE738
:100800000C2D01D13C64A6E7FC65A4E7737D294665
:10081000084813B1FBF794FA9DE7FBF723FA9AE730
:100820000074014000000000B4740024C07400246F
:100830008C73002468740024785A0708C36823B3B3
:10084000D0ED047AF8EE676A07EE903AB8EE677A70
:10085000C6EE877A0268114B9A42B7EE007A09D148
:10086000F5EEC07AF1EE10FA12D9F4EEC77AF1EE95
:1008700010FA10DAF4EE477AB7EE007AF1EE10FAD9
:1008800077FE277A17EE900A7047DFED057AE1E7E9
:10089000F0EE477AF6E7DFED027AF3E70074014005
:1008A000000000002DE9F047544B0E4601688AB065
:1008B000044699421BD1FFF7C1FF31460546204649
:1008C000FFF7E2FE4E4A08234E48D360E368136008
:1008D000A3689360002353604B4B1978F6F726FC0E
:1008E00029462046FFF706FF0AB0BDE8F08700233F
:1008F000464D01932960FFF7A1FF41F211130A6AE7
:1009000082461A4208D10A6A40F244431A4203D18D
:100910000B6823F001030B6002A801A9F9F7F4FBAF
:10092000206800223A4BD1B2013253F8317087422D
:10093000F9D110B93748F1F7D1F903EBC1031B79AD
:10094000002B39D1F9F740FBDDF81CE001900123C1
:100950000199A36001FA03F02F4BB0FBF3F0B1FB58
:10096000F3F1BEF1000F2DD14A1E06F1FF3C4FF00E
:1009700000094FF6FE786A606346C5F80CC0B3F50F
:10098000803F21D2B2F5803F1ED2B9F1000F01D0D5
:100990006A60EB6000231D482B61AB60FAF7D4FF5F
:1009A00020BB51462046E660FFF7A4FE2A68136884
:1009B00043F00103136097E7F9F718FBDDF820E037
:1009C0000190C4E7421ED0E7A3685B00A360BEF1BC
:1009D000000F0DD101FB03F2013ABCFBF3F34345D9
:1009E00009D8B2F5803F06D36A60EB600B48A2E7F6
:1009F00000FB03F2F0E74FF00109C0E7007401408B
:100A0000CC7400248C730024B47400246874002413
:100A1000285407088F5A070840420F00785A0708E1
:100A20002DE9F0430E46B1B00546C6493046EFF712
:100A300017FE421C074611D1C3493046EFF7FAFDB5
:100A4000C14904463046EFF70BFE07467B1C2C607D
:100A50000AD16E22BD49BE48F0F7DEFEB9493046E4
:100A6000EFF7E8FD0446F1E7BA4BC7F38431C7F36B
:100A7000C0429C4229756A7540F01681B64B16F04B
:100A8000F00FD3F8F00040F00050C3F8F000D3F8B6
:100A9000F00000F0005000900098C6F3031040F002
:100AA0009E80D3F8E00040F00100C3F8E000D3F8E6
:100AB000E03003F001030193019B4FF00209DFF8DE
:100AC000B8820123304619FB012288F80010113149
:100AD000002402F00F0203FA01F103FA02F2C8F84F
:100AE00008103946C8F80420FFF7CEFC3046002134
:100AF000FFF782FD44F250612846984EFFF7C4FD8F
:100B0000D5ED037AB6EE006B924BB8EE677A3046BD
:100B1000B4601027B7EEC77AC6E9003437EE067B1B
:100B2000BCEEC77B85ED047AF6F7A8FA8C4A082359
:100B300098F800103046D3604FF6DF731360072338
:100B4000C2E90143F6F7F2FA4FF000631BAA98F8E6
:100B5000001030461C9426942F941B94CDE9243425
:100B60004FF00053CDE920442793CDE92244CDE94D
:100B70002844CDE92A44CDE92D44F6F708FB794B0A
:100B80004A4698F8001030461C60C3E90144F6F765
:100B900013FC042398F800103046D8F80420CDF850
:100BA0004C901A94CDE9147313ABCDE91644CDE9FA
:100BB0001844F6F7A1FCD8F804103046F6F7B7FC55
:100BC00050B9D8F808103046F6F7C7FC20B944F2FF
:100BD00050612846FFF766FE31B0BDE8F08301287A
:100BE0000CD1D3F8E00040F00200C3F8E000D3F8E5
:100BF000E03003F002030293029B5EE702280CD16F
:100C0000D3F8E00040F00400C3F8E000D3F8E0308F
:100C100003F004030393039B4FE703280CD1D3F89D
:100C2000E00040F00800C3F8E000D3F8E03003F043
:100C300008030493049B40E704280CD1D3F8E00098
:100C400040F01000C3F8E000D3F8E03003F01003E8
:100C50000593059B31E705280CD1D3F8E00040F05F
:100C60002000C3F8E000D3F8E03003F0200306933F
:100C7000069B22E70628D3F8E0000AD140F04000A6
:100C8000C3F8E000D3F8E03003F040030793079B7C
:100C900013E740F08000C3F8E000D3F8E03003F041
:100CA00080030893089B08E72F4B9C4266D12A4B90
:100CB000D3F8F02042F00102C3F8F020D3F8F0306E
:100CC00003F001030993099B284B9C4266D1224BF8
:100CD000D3F8E82042F00402C3F8E820D3F8E83063
:100CE00003F004030C930C9B214B9C4266D11A4BDE
:100CF000D3F8E82042F04002C3F8E820D3F8E83007
:100D000003F040030F930F9B1A4B9C4266D1124B8A
:100D1000D3F8F02042F48032C3F8F020D3F8F0305A
:100D200003F480331293129B39463046FFF7ACFB35
:100D3000002344F62061AE80C5E903330123AB6094
:100D400047E700BF244407082C480708C15A070892
:100D5000B452070800740140004402588C73002408
:100D6000CC740024C074002400000140000800403E
:100D70000018004000400140B4740024B4F1804FDA
:100D80003DD1414BD3F8E82042F00102C3F8E820FE
:100D9000D3F8E83003F001030A930A9B3B4B9C42D3
:100DA0003ED1394BD3F8E82042F00802C3F8E820DE
:100DB000D3F8E83003F008030D930D9B344B9C42AD
:100DC0003FD1314BD3F8E82042F08002C3F8E8204D
:100DD000D3F8E83003F080031093109B2D4B9C4216
:100DE00040D1294BD3F8F02042F40032C3F8F02070
:100DF000D3F8F03003F400331393139B94E7264B9E
:100E00009C427FF461AF204BD3F8E82042F002020D
:100E1000C3F8E820D3F8E83003F002030B930B9BF0
:100E20001E4B9C427FF460AF174BD3F8F02042F08A
:100E30000202C3F8F020D3F8F03003F002030E935F
:100E40000E9B174B9C427FF45FAF0F4BD3F8E8200B
:100E500042F48072C3F8E820D3F8E83003F48073DA
:100E60001193119B0F4B9C427FF45EAF064BD3F85E
:100E7000F02042F48022C3F8F020D3F8F03003F4DD
:100E800080231B931B9B4FE700440258000C00403B
:100E9000001C0040004401400004004000040140E8
:100EA0000020004000480140F8B5037890F801C0E8
:100EB000012B057F0279077B866844792ED0022BAF
:100EC0002FD0002B30D14FF480738B610023C1F8F9
:100ED00000C04D614B63C1E90B333FB3CB61CB60C5
:100EE000037C012B45D0022B48D0002B4BD14FF473
:100EF00080430B620123027E002A47D000230B624D
:100F00000B61437F012B6AD0022B6BD0002B6CD17D
:100F10004FF0807300204B628862F8BD4FF400737D
:100F2000D3E74FF44073D0E70023CEE7012A4E60A9
:100F30000BD0022A0CD072B94FF48063CB61032C22
:100F400009D8DFE804F00B0D10134FF40063F5E748
:100F50004FF44063F2E72748F0F7C0FE0023BEE7F6
:100F60004FF48053BBE74FF40053B8E74FF44053BE
:100F7000B5E74FF400430B620223BCE74FF4404354
:100F80000B620423B7E700230B62B4E77BB3427C18
:100F9000B2FBF3F403FB142414F0FF0F27D1561E09
:100FA000F610741C042C22DCC2EBC40212F0FF0207
:100FB00010D0B2FBF3F39D4219D3EB1A4B61436996
:100FC00003FA02F28A60032E07D82404A4F58034C1
:100FD0000C6196E743698B60F5E70748BCE74FF083
:100FE000007397E74FF0407394E7002392E74FF0C8
:100FF000FF3092E7FA5A0708235B070810B504464A
:10100000F8F759FA00283DD12049214BD1F88C201E
:101010009A42FBD11F4BB4F95000DA6F42F4804280
:10102000DA67DA6F22F48042DA674FF44072CA60FE
:1010300040F2C331D3F8D42022F48042C3F8D42044
:10104000FFF722FA40F2C331B4F95200FFF71CFA5D
:1010500040F2C331B4F95400FFF716FA40F2C3313D
:10106000B4F95600FFF710FA40F2C331B4F9580052
:10107000FFF70AFAB4F95A0040F2C331FFF704FA55
:10108000002010BD4FF0FF30FBE700BF00640258A6
:10109000000300800044025870B50D460646F8F77C
:1010A00071FFB0FBF5F4FF2C10DCF8F76BFFB0FB21
:1010B000F5F101FB150505B9013C30467460F8F700
:1010C000ABF9003818BF0120404270BDFF24F4E79F
:1010D0002DE9F04F2DED068B87B01D460F461646C5
:1010E000199B04467D4938460AEE903A9DF86830CF
:1010F000BDF958A00293BDF95CB0BDF96080EFF76F
:1011000099FA774903903046EFF794FA75490190C0
:101110002846EFF78FFA744908EE100A5046EFF7A9
:1011200089FA724908EE900A5846EFF783FA704937
:1011300009EE100A4046EFF77DFA019A039B8146BB
:1011400011461846EFF752FA18EE901A019018EE71
:10115000100AEFF74BFA4946039019EE100AEFF721
:1011600045FA019B1A46039B9A4240F0B0808242A6
:1011700040F0AD8059493846EFF772FA584903906C
:101180003046EFF76DFA574908EE100A2846EFF798
:1011900067FA554908EE900A5046EFF761FA53494D
:1011A00009EE100A5846EFF75BFA514909EE900A2A
:1011B0004046EFF755FA4F4A0AEE100A039BD2F861
:1011C000D4104D4841F48041C2F8D410D2F8D41064
:1011D00001F48041059105994849D0F88CC08C45AF
:1011E000FBD1D16F4FF0000941F48041D167D16F3D
:1011F00021F48041D1674FF440720121C260002286
:101200003846A4F8507084F84120E26084F8402009
:101210004FF0004292FAA2F2B2FA82F2013A22614F
:101220004FF480626261029AB2EB090218BF012298
:10123000A261019AC4E9011122601946C4E9079923
:10124000FFF722F949463846FFF7D6F918EE101A8B
:101250003046A4F85260FFF717F949463046FFF7C9
:10126000CBF918EE901A2846A4F85450FFF70CF961
:1012700049462846FFF7C0F919EE101A5046A4F85F
:1012800056A0FFF701F949465046FFF7B5F919EEA8
:10129000901A5846A4F858B0FFF7F6F84946584651
:1012A000FFF7AAF91AEE101A4046A4F85A80FFF781
:1012B000EBF849464046FFF79FF91AEE901A204690
:1012C00007B0BDEC068BBDE8F04FFFF7E5BE6FF051
:1012D000010007B0BDEC068BBDE8F08FB0480708F1
:1012E000E048070810490708344907086449070817
:1012F000884907080044025800640258000300802F
:1013000070B58EB004460846154669461E46FFF77E
:10131000CBFD90B9336841F28832694620460A9382
:10132000F8F7DAF858B941F2883229462046F8F73A
:1013300016F9003818BF012040420EB070BD4FF0C2
:10134000FF30FAE770B58EB0044608461546694688
:101350001E46FFF7A9FD90B9336841F2883269460D
:1013600020460A93F8F7B8F858B941F2883229466E
:101370002046F8F74DF9003818BF012040420EB062
:1013800070BD4FF0FF30FAE72DE9F0418EB0054611
:101390000E46DDE9147802B1E3B917B1B8F1000FD8
:1013A00016D169463046FFF77FFD044660B9012338
:1013B00041F288326946CDE909032846F8F78CF8EE
:1013C000002818BF4FF0FF3420460EB0BDE8F08172
:1013D00072B16BB1009331466B462846FFF790FF20
:1013E00004460028F0D1002FEED0B8F1000FEBD06A
:1013F0006B463A4631462846CDF80080FFF7A2FFFB
:101400000446E1E7C069C0F3801070470FB4074B92
:101410001B6807B5064905AAD86801920AF08CFD39
:1014200003B05DF804EB04B0704700BF680E002401
:101430003A5B070810B580490446804BD1F88C20F0
:101440009A42FBD123687E4A934257D17D4AD2F813
:10145000981041F01001C2F89810D2F8981021F0BD
:101460001001C2F89810D2F8F01021F01001C2F863
:10147000F010754A934240F08980724BD3F898205F
:1014800042F02002C3F89820D3F8982022F02002DE
:10149000C3F89820D3F8F02022F02002C3F8F020FF
:1014A000654B4FF4407240F2C331B4F91800DA6072
:1014B000FEF7EAFF40F2C331B4F91A00FEF7E4FF89
:1014C000E36923F40073B3F5807F05D140F2C331A3
:1014D000B4F92000FEF7D8FFE36923F48073B3F575
:1014E000007F05D140F2C331B4F92200FEF7CCFFF2
:1014F00062680021554B43F8221010BD544A9342B4
:101500001DD002F5806293422DD0524A934252D0B0
:10151000514A9342ADD14B4BD3F8902042F4801204
:10152000C3F89020D3F8902022F48012C3F89020C2
:10153000D3F8E82022F48012C3F8E820B0E7414A4B
:10154000D2F8901041F40031C2F89010D2F8901007
:1015500021F40031C2F89010D2F8E81021F40031E3
:10156000C2F8E81085E7374AD2F8901041F480219C
:10157000C2F89010D2F8901021F48021C2F8901097
:10158000D2F8E81021F48021C2F8E810334A9342DF
:1015900024D12C4BD3F8902042F08042C3F8902005
:1015A000D3F8902022F08042C3F89020D3F8E820AE
:1015B00022F08042C0E7234AD2F8901041F4002183
:1015C000C2F89010D2F8901021F40021C2F89010C7
:1015D000D2F8E81021F40021C2F8E810204A934222
:1015E00017D0204A93427FF45BAF164BD3F89C2070
:1015F00042F00802C3F89C20D3F89C2022F0080295
:10160000C3F89C20D3F8F42022F00802C3F8F42099
:1016100046E70C4BD3F8902042F00042C3F89020EC
:10162000D3F8902022F00042C3F89020D3F8E820AD
:1016300022F0004280E700BF0064025800030080EF
:10164000001001400044025800140140D4620024FC
:1016500000440040004C0040005000400078004032
:10166000007C0040000C0058426890235343054A18
:10167000D358DA69120701D508221A62D869C0F373
:1016800040107047F00F0124426890235343034AEF
:10169000D358D869C0F3C010704700BFF00F0124C1
:1016A00038B54268902301685343204A99509C18EA
:1016B00082686260B2F5965FC36838BF0725A36091
:1016C0000369E36043692361C369A3614FF00003C9
:1016D00028BF1D46A4F85630E361A4F85430A4F89E
:1016E0005E30A4F85C3023626366C4E90953B0F944
:1016F0001A3001330FD1082363610D4B994205D194
:10170000B2F5165F20460DD8FAF7F0FD2046BDE889
:101710003840FAF7BBBDB0F9183001330CBF0423D1
:101720000C23E9E7FAF7F2FDF0E700BFF00F012420
:10173000000C00580268334B9A4270B50446C4B09E
:101740000D46816054D1BC22002115A8042604F066
:101750006FFFB5F5165F14960BDD012314A83993BE
:10176000F8F7ECFD2046FFF79BFF002832D144B08C
:1017700070BD254B196F11F0020113D1482202A848
:1017800004F056FF0123019603930A931F4E204B4A
:10179000D6F88C209A42FBD101A8F7F799FF4FF4B5
:1017A0004073F360184B1B6F9B07D6D5174E184B31
:1017B000D6F88C209A42FBD1052314A83993F8F768
:1017C000BDFD4FF440732046F360FFF769FF00282A
:1017D000C3D1CCE700230D4E39930D4BD6F88C20A6
:1017E0009A42FBD114A8F8F7A9FD4FF44073F360B7
:1017F0002046FFF755FF0028B9D029460548FFF7D6
:1018000005FEB4E7000C005800440258006402587A
:10181000000300803A5B0708012A10B50ED0022AA7
:1018200024D000240929446126D010DC072910D0D7
:1018300008290CD17AB14FF480520CE04FF4C06209
:1018400008294261F7D0092918D0072902D00D488C
:1018500015E072B10022022BC2600CBF4FF400539E
:101860000023BDE810400361FFF71ABF4FF4806208
:10187000E6E74FF08052EEE7002ADCD00248F0F7AE
:101880002DFA00BF935B0708645B07081A4B984268
:1018900022D0A3F54C43984220D003F580639842B0
:1018A0001ED003F5806398421CD003F580639842F4
:1018B0001AD003F54443984218D0A3F51C4398422C
:1018C00016D003F58063984214D00C4B984214BF95
:1018D0004FF0FF300820704700207047012070470C
:1018E000022070470320704704207047052070478E
:1018F000062070470720704700100140000C005878
:101900002DE9F0470F4616468AB08249044638460C
:10191000EEF790FE824680493046EEF78BFE014698
:101920005046EEF763FE7B4905463846EEF798FED3
:10193000794981463046EEF793FE092F80460AD05A
:101940000A2E08D073490920EEF774FE50450CD1D9
:101950007248F0F7C3F94FF0010A691C256007D1FE
:101960003E226F496F48EFF757FF4FF0000AF4E748
:101970006D4B9D4236D16D4BD3F8F02042F01002F2
:10198000C3F8F020D3F8F03003F010030193019B6B
:10199000674B9D4236D1654BD3F8E82042F40022D4
:1019A000C3F8E820D3F8E83003F400230493049B41
:1019B000604B9D4236D15D4BD3F8E82042F0804227
:1019C000C3F8E820D3F8E83003F080430793079B7F
:1019D0002846FFF75BFF0028606066DA9D225049C9
:1019E0005548C0E7554B9D422DD1504BD3F8E820C8
:1019F00042F40032C3F8E820D3F8E83003F40033AF
:101A00000293029B4E4B9D422DD1484BD3F8E820C8
:101A100042F48012C3F8E820D3F8E83003F48013CE
:101A20000593059B474B9D422DD1404BD3F8E820B1
:101A300042F00042C3F8E820D3F8E83003F0004356
:101A40000893089BC4E7404B9D42A1D1374BD3F884
:101A5000E82042F48022C3F8E820D3F8E83003F409
:101A600080230393039B394B9D42A1D12F4BD3F885
:101A7000F02042F02002C3F8F020D3F8F03003F059
:101A800020030693069B324B9D42A1D103F50E33F2
:101A9000D3F8F42042F00802C3F8F420D3F8F4306D
:101AA00003F008030993099B92E749463846FEF77D
:101AB000EBFC01213846FEF79FFD41463046FEF71C
:101AC000E3FC30460121FEF797FD00234FF4E1329D
:101AD0002046E36127836683C4E90223C4E9043313
:101AE000FFF7DEFDBAF1000F10D01A4B012204F10E
:101AF00020051A60184B2068083454F8041C1A4654
:101B0000AC4203C21346F6D1206810600AB0BDE8AB
:101B1000F08700BF00500708A44E0708C15B070804
:101B2000135C0708205C07080010014000440258BD
:101B3000004C0040007800403C5C07080044004036
:101B400000500040007C004000480040001401406C
:101B5000000C0058DC740024581601242A4808B5EB
:101B6000036813F0010304D0FFF74CFCB0FA80F3D4
:101B70005B0926480268D10704D5FFF743FC00281B
:101B800008BF012322480268D20704D5FFF73AFCB8
:101B9000002808BF01231F480268D10704D5FFF7BA
:101BA00031FC002808BF01231B480268D20704D576
:101BB000FFF728FC002808BF012318480268D10756
:101BC00004D5FFF71FFC002808BF01231448026852
:101BD000D20704D5FFF716FC002808BF01231148DF
:101BE0000268D10704D5FFF70DFC002808BF0123C8
:101BF0000D480268D20704D5FFF704FC002808BF8F
:101C00000123184608BD00BF0010014000440040F9
:101C100000480040004C00400050004000140140CB
:101C200000780040007C0040000C005808B5EFF739
:101C3000EBFE064B0121186810F0010018BF0846A2
:101C4000F7F772FABDE80840EFF7F4BE0048025813
:101C500070B594B0FFF782FF0446002875D1EFF706
:101C6000D3FE3B4D00F076FD012102222E6808468E
:101C7000F7F7A4FA012122460846F7F79FFAF6077C
:101C800003D52B6843F001032B600023314D32490B
:101C90002B60324BD1F890209A42FBD12C4B1A6921
:101CA00094063CD55B69980639D52B4E2B4BD6F85C
:101CB0008C209A42FBD14C22002101A804F0B8FCF0
:101CC00001A8F8F7A5F90223012101A80193102327
:101CD000CDE9041300230A93F7F7FAFC044610B188
:101CE0001F48EFF7FBFF01462022009001A804F0F7
:101CF0009FFC694601A8F8F707FA1B23009901A881
:101D000001930794029404940694F8F715F808B127
:101D10001448E6E7FBF772FD4FF44073F3600C4A9A
:101D2000136943F4007313614FF440720A4B1A6154
:101D30000D4B596A5A6A521AB2F5FA7FFAD300F07B
:101D400021FD01232B60EFF775FE14B070BD00BFBD
:101D50000048025888730024006402580003008081
:101D60004E5C0708735C0708000C0040F8B5C468B7
:101D7000069F033C1C2C03D8544D2D57002D05DA2B
:101D800040F23E4252495348EFF746FDD0F88C40AE
:101D90004FF0010C26680CFA05FC26F001062660BF
:101DA000002A32D0266846F400662660E66846F4CB
:101DB000C026E66042FA05F6D4F804E04FEA1E4E6B
:101DC0004FEA0E4E46EA0E066660266846F00106A9
:101DD0002660266846F40076266000269642D0F8F3
:101DE0008C4043DB6169C904FCD5216821F0010105
:101DF0002160A16941F00801A161A16941F01001D0
:101E0000A1616168090C090461606FB3D0F88C109E
:101E100047FA05F60C6824F400640C60CC6844F4BE
:101E2000C024CC604C68240C240434434C600C68FF
:101E300044F001040C600C6844F400740C6000244D
:101E4000BC42D0F88C102CDB0B6823F001030B6034
:101E50008B6943F008038B618B6943F010038B613E
:101E60004B681B0C1B044B60D019F8BDD4F814E070
:101E70001EF0020FFAD0012D01EB060E05D131F84C
:101E800006E0A4F820E06644A8E7022D04D1DEF8BD
:101E900000E0C4F820E0F6E711F806E084F820E05E
:101EA000F1E74E69F607FCD5012D03EB040603D1DB
:101EB000096B19536444C3E7022D02D1096B3160E9
:101EC000F8E791F830101955F4E700BFB75D07083F
:101ED000B85C0708C65C07080FB407B505AB064831
:101EE0000193064B1B68D96803F0CAF903B05DF88B
:101EF00004EB04B0704700BFD45C0708680E0024F0
:101F00000268136823F0010310B513600446F9F763
:101F100043FA10B10948EFF7E1FE2046F9F730FB2C
:101F2000D4F88C20936943F040039361A36823B9EC
:101F30002268136843F00103136010BD0D5D0708AC
:101F40002DE9F0410F46144611498046EEF772FB29
:101F5000104905463846EEF76DFB0F490646204608
:101F6000EEF768FB0137044605D101462846BDE877
:101F7000F041EEF73BBBB8F1FF3F02D101463046DE
:101F8000F5E731462846EEF731FB2146EFE700BF83
:101F9000844A0708B8490708744B07082DE9F04F31
:101FA0000F4615461E4604462D4938462DED028B38
:101FB000B9B0BDF91081EEF73DFB2A4981462846AC
:101FC000EEF738FB284901903046EEF733FB2749FE
:101FD00082464046EEF72EFB019B83464846194653
:101FE000EEF704FB814659465046EEF7FFFA0146EC
:101FF0004846EEF7FBFA1A4981463846EEF730FBC1
:10200000184983462846EEF72BFB1749824630468F
:10201000EEF726FB154908EE900A4046EEF720FB46
:10202000B9F1FF3F08EE100AC4F88C9004D1C62223
:102030000F491048EFF7F0FBC022002108A804F078
:10204000F7FA0D4A914537D14FF4805308A8089309
:1020500000232093F8F772F990B10848EFF73EFE9D
:10206000844A0708B8490708744B0708584C070802
:10207000B85C0708235D0708003001403E5D070893
:10208000B04BD3F8982042F48052C3F89820D3F88C
:10209000982022F48052C3F89820D3F8F02042F41C
:1020A0008052C3F8F020D3F8F03003F48053029349
:1020B000029B2323A4F88830D4F88C20A24B9A42A8
:1020C00025D14FF4805308A8089300232093F8F7F4
:1020D00035F90028C1D19B4BD3F8902042F48042BF
:1020E000C3F89020D3F8902022F48042C3F89020C7
:1020F000D3F8E82042F48042C3F8E820D3F8E8306F
:1021000003F480430393039B2423A4F88830D4F87A
:102110008C208E4B9A4225D14FF4805308A8089307
:1021200000232093F8F70AF9002896D1854BD3F8BD
:10213000902042F40042C3F89020D3F8902022F47B
:102140000042C3F89020D3F8E82042F40042C3F8DC
:10215000E820D3F8E83003F400430493049B3323CE
:10216000A4F88830D4F88C20794B9A4226D14FF4C9
:10217000005308A8089300232193F8F7DFF80028FC
:102180007FF46BAF6F4BD3F8982042F40052C3F842
:102190009820D3F8982022F40052C3F89820D3F85E
:1021A000F02042F40052C3F8F020D3F8F03003F4EA
:1021B00000530593059B5423A4F88830D4F88C2051
:1021C000644B9A4226D14FF4005308A80893002389
:1021D0002193F8F7B3F800287FF43FAF594BD3F8B9
:1021E000982042F48012C3F89820D3F8982022F463
:1021F0008012C3F89820D3F8F02042F48012C3F87C
:10220000F020D3F8F03003F480130693069B552397
:10221000A4F88830D4F88C204F4B9A4226D14FF442
:10222000804308A8089300233493F8F787F8002820
:102230007FF413AF434BD3F89C2042F02002C3F845
:102240009C20D3F89C2022F02002C3F89C20D3F8D5
:10225000F42042F02002C3F8F420D3F8F43003F065
:1022600020030793079B5623A4F888305946384625
:10227000FEF70AF902213846FEF7BEF95146284614
:10228000FEF702F900212846FEF7B6F918EE901A7B
:102290003046FEF7F9F800213046FEF7ADF9B8F107
:1022A000FF3FA4F89050A4F89270A4F89460A4F8AA
:1022B000968042D018EE101A4046FEF7E5F800214D
:1022C0004046FEF799F94FF00053A3614FF0804369
:1022D00063630135D4F88C304FF0020108BF4FF42E
:1022E000C022B4F9940023604FF4800363604FF080
:1022F000E043E3614FF0000318BF1A46A362A363F3
:10230000A2600722A365E260C4E90B234FF00042FC
:10231000C4E90433C4E908336265C4E90F33C4E98E
:102320001133C4E91333FEF767F92046FFF7E8FDE0
:1023300039B0BDEC028BBDE8F08F4FF08063A36134
:102340000023C5E70044025800380040003C00402C
:1023500000340140005001400014005838B50446D4
:10236000081F1C2894BF01F1FF310721012AE160F9
:1023700032D0022A35D0002A38D122616261A269A6
:10238000B2F1806F05D0002B14BF00224FF0005235
:10239000A2619BB1A3680025B3F5C02F656003D18E
:1023A0001448FFF799FDA5600021B4F99200FEF7EB
:1023B00023F90221B4F99000FEF71EF92369B4F95C
:1023C0009400002B0CBF02210121FEF715F92046D5
:1023D000BDE83840FFF794BD002222614FF08072C3
:1023E000CCE74FF0007222610022C7E74FF0007285
:1023F000F3E700BFD45C070838B504460D46FBF789
:102400004FFD002200EBD0735B10AB42D1B203DD75
:102410000132082A09D10721064B204653F8213002
:10242000E361BDE83840FFF76BBD03EBD3735B108E
:10243000EBE700BFD45D07081FB583680246039130
:10244000B3F5C02F0BD10023012203A90093FFF79E
:102450008DFC013818BF012005B05DF804FBC3688E
:10246000033B1C2B03D81949C856002805DA40F253
:10247000A94217491748EFF7CFF9D2F88C100B682B
:1024800043F400730B604B699B07FCD50128039B49
:102490000BD19BB20B84D2F88C305A69D207FCD591
:1024A00001280AD1186B80B2D6E7022801D10B624D
:1024B000F1E7DBB281F82030EDE7022801D1186B9B
:1024C000CAE793F83000C0B2C6E700BFB75D07089F
:1024D000B85C0708C65C07082DE9F04F9B46C36847
:1024E000164685B0033B804689460E9F1C2B96BF3F
:1024F000324A4FF0FF34D45646FA04F3A340B342B5
:1025000005D040F2CF422E492E48EFF785F947FA21
:1025100004F3A340BB4204D04FF49A6228492A48EE
:10252000F3E7BE428368B246B8BFBA46002B3AD141
:10253000002C9DF83C3006DD43EA0322022C0CBF40
:1025400043EA0223134601220025A240554503DB3E
:10255000504605B0BDE8F08FB5421CDA012C09EBFE
:10256000050112D139F805104046CDE90232FFF7D6
:1025700063FFBD42DDE9023205DA012C0BEB0501F8
:102580000BD12BF805001544E0E7022C0CBF0968BD
:1025900019F80510E8E71946E6E7022C0CBF0860B9
:1025A0000BF80500EFE732463E445B460097FFF725
:1025B000DDFB864218BF4FF0000AC9E7B75D070888
:1025C000B85C0708595D0708885D0708074B084A8B
:1025D00013601A69910707D5DA68920704D56FF07E
:1025E00002021A61EEF77EBA704700BF000C00408D
:1025F0008016012400487047F45D070830B58BB0A1
:10260000694602A8F7F780FDF7F7DEFC274B00903C
:10261000D3F8E820264942F00802C3F8E820D3F8AE
:10262000E82002F008020192019A224AD1F88C4077
:102630009442FBD1D3F890201F4C42F00802C3F81B
:102640009020D3F8902022F00802C3F890204FF495
:102650004073CB60194B079A23604FF0FF33E36060
:10266000174B0ABB0025B0FBF3F001382561A560CC
:1026700060601148C4E90555F9F736F9114B124A63
:102680009B68C3F80821BFF34F8F104B4FF4802293
:102690005A6009482946F9F75DFA2268D36823F0A1
:1026A0000203D3600BB030BD4000DBE700440258AA
:1026B000006402580003008080160124000C0040D2
:1026C00040420F0000ED00E0CD25060800E100E0EB
:1026D000044800210268D36823F00203D360F9F7AD
:1026E00039BA00BF80160124014B586A704700BFF9
:1026F000000C0040054B6FF002021B6858631A6122
:10270000DA6842F00202DA60704700BF80160124E6
:10271000064B6FF002021B681A615A6942F002020E
:102720005A61DA6842F00202DA60704780160124CA
:10273000034B1A68D36823F00203D360704700BFCD
:1027400080160124024B6FF002021B681A61704769
:1027500080160124064B074A1B68596A11605A6BA0
:10276000054B1A60054BDA68054B1A60704700BFCD
:1027700080160124D01601247C160124000C004090
:10278000CC160124064B074A1B6812685A62064A97
:1027900012685A63054B1A68054BDA60704700BF30
:1027A00080160124D01601247C160124CC160124A5
:1027B000000C00405028F8B51CD000F00F040C2C81
:1027C00056D8DFE804F0074151071F5555555527E6
:1027D00023071F00144654F8045B45B100F070064F
:1027E000102E08BF11460D44020648BF2D681D601B
:1027F0002046F8BD033222F0030454F8045B1D6048
:102800002046F8BD144654F8085BE6E7144634F950
:10281000025BE2E700252F46144614F801CB0CF0CA
:102820007F06BE401CF0800F45EA060507F107074A
:10283000F3D11F2FD1D81CF0400FCED04FF0FF3670
:1028400006FA07F73D43C9E700252F46144614F85A
:1028500001CB0CF07F06BE401CF0800F45EA060558
:1028600007F10707F3D1B8E7144634F8025BB4E781
:1028700002F024FA00F07000202811D00BD9402873
:1028800006D050280AD030280DD1084602F0DAB917
:10289000084602F0C7B908B1102804D100207047DB
:1028A000084602F0D3B908B502F008FAF8B50C46AC
:1028B0001546074608B102F0B5F928602678FF2EC4
:1028C00004F1010429D1686023782B75FF2B04F1F2
:1028D000010032D0102300242B75224610F8011B72
:1028E00001F07F039340090644EA030402F1070262
:1028F000F4D40444EC6003786B7500240130224664
:1029000010F8011B01F07F0393401C430B0602F1FA
:102910000702F5D404442C61F8BD39463046FFF770
:10292000A9FF224601462B1D3046FFF743FF044610
:10293000601C23782B75FF2BCCD10023EB60DAE7EA
:102940002DE9F04F00F0030499B00023012C8846D4
:1029500017460C9300F096800DD3022C40F05F8256
:102960003946404602F04AF9002800F09B800920D1
:1029700019B0BDE8F08F0207F2D40123049318AA1E
:10298000002342F82C8D1946009238460C2201F0A3
:10299000C5FB384602F04CF905900028E0D012AB98
:1029A0001A46059906933846FFF780FF05469DF8BD
:1029B0005C00FF2800F0E5803946FFF75BFF044626
:1029C00000230DF1440B1946CDF800B00F22384614
:1029D000149401F081FB119E169B26F001069D4286
:1029E00006F1FF3680F0D4800DF13C0A0DF140096C
:1029F0009DF85D40FF2C4FF0000103D02046FFF70B
:102A000039FF01462A4620465346FFF7D3FE9DF87C
:102A10005D40FF2C05464FF0000103D02046FFF734
:102A200029FF01462A4620464B46FFF7C3FE9DF884
:102A30005D40FF2C05464FF0000103D02046FFF714
:102A400019FF01462A4620465B46FFF7B3FE0024E5
:102A50000546214615F8012B02F07F038B401C43ED
:102A6000130601F10701F5D4129B0F9A1344B342E8
:102A70001FD9049BDB0700F19180049B1C0715D52F
:102A800000F00CFB10F008041CD018AA44F002045B
:102A900042F82C1D3846009219460C22049401F08D
:102AA0003DFB76E7082019B0BDE8F08F404600F006
:102AB000D7F9109A1344B34200F28880169BAB42B8
:102AC00096D8D6E712AB009306930D2223462146F3
:102AD0003846D8F8205001F0FFFA129B9D4202D0F0
:102AE000022304934BE718AA234642F82C8D214673
:102AF000009238460C2201F011FBD8F830300393D5
:102B0000002BD3D0D8F828301A46D8F82C300593AB
:102B10000DF13C0A0DF140091346002B1C46C0F292
:102B20002781032518A9002341F8288D1A46009112
:102B30003846194601F0F2FA002319460122CDF871
:102B400000A038460F9401F0E9FA002319460F223D
:102B5000CDF80090384601F0BFFA109B039ACDF8EB
:102B6000009003F0010400231443384619460F2255
:102B7000109401F0D3FA022D05D0072019B0BDE85A
:102B8000F08F00241CE7404600F00EFB0720EFE624
:102B9000049BD9077FF571AF0DF140090024039420
:102BA000002319460D22CDF8009038460C9D01F007
:102BB00093FA059A109BC8F82C20039AC8F8302085
:102BC000C8E90954C8F820300620D1E6119B002B33
:102BD0003FF4C6AE139A9A180392002C00F0F080CE
:102BE000169B013C2344002A3FF4BAAE002B00F0B0
:102BF000F880049A12F00802099200F0038147213C
:102C00004E2288F8001088F801205521432288F8C8
:102C1000021088F8032046214F2288F8041088F813
:102C200005205221002288F8061088F80720CDE9F7
:102C30000A7A00220792CDF820900024214600E075
:102C40002B461D4615F8010B00F07F028A40060650
:102C500044EA020401F10701F2D41F2905D8400615
:102C600003D501228A405242144300263146A14630
:102C700013F8010F00F07F028A401643020601F1AB
:102C80000701F5D41F2905D8470603D501238B403A
:102C90005B421E43002C4CD04EDC04F1010ACAEB0F
:102CA0008A72159B03EB820753F82210B8F1000FCC
:102CB00001D0099B2BB151B3002E00F08B80AB19D2
:102CC000BBE70C9B119329B991E057F8041F002929
:102CD00000F08D8039445B460022404600F00CFA3B
:102CE0000028F2D0E8E7E2005242DDE914131A446A
:102CF000089BFFF75FFD109949B1B8F1000FDBD0D9
:102D00000CAB0022404600F0F7F90028D4D0049B19
:102D1000D8074A46DDE90A7ADDF820903FF540AF52
:102D2000099B002B3FF4F8AE002CBFF6FAAE00F082
:102D3000C3F901230793BFE79DF85C00FF283BD050
:102D400000F00703042B6AD801A252F823F000BF59
:102D50006B2D06081F2E0608652D06086B2D06082C
:102D6000E72C060862005242BFE7A2005242BCE7CD
:102D700001331D46DDE905123846FFF797FD9DF842
:102D80005C00FF281AD03946FFF774FDC5EB857249
:102D90009200159D1490AB58154433B12A46002378
:102DA00052F8041F01330029FAD10422C8E90C2586
:102DB000C8E90A300325B5E6002296E70020E5E7DA
:102DC000039B002B3FF4CCAD049BDA073FF5C8AD65
:102DD0000225A7E6DDE90739DDE90A7A002B3FF491
:102DE000BFAD049BDD073FF5BBAD0024F0E7049BBE
:102DF0000A9FDDF82090DE075546DDF82CA03FF550
:102E0000CFAEB7E798F80720012A0CBF58F8202C5E
:102E100008F158020C920AE700F0A0F830E601F041
:102E20004DFF00BF0378472B01D000207047437847
:102E30004E2BFAD18378552BF7D1C378432BF4D19D
:102E40000379432BF1D143792B2BEED183792B2BB3
:102E5000EBD1C07901288CBF00200120704700BF52
:102E600010B530B1044600F079F82046FFF7DAFFDC
:102E700008B900F013F954F8140C00F0FBF800BF87
:102E80002DE9F04F85B00246FFF7CCFF50B152E973
:102E900006851046966AD2E90C7400F05FF8404649
:102EA00000F006F9104600F059F800F005F900F0BE
:102EB00055F800F0F3F800F051F800F0D3F803688B
:102EC00093F827200DF1100A012A0CBF1A6803F1AC
:102ED00078024FF0000820334AF8082D27F0030B42
:102EE0000193C146B1451BDA276807B12744534611
:102EF00000223946019800F0FFF8E8B93B68144910
:102F00001B69009304AA012342F8040D3846009F70
:102F1000B847002818BF804609F101095C44E1E781
:102F2000B8F1000F10D0042000F0D2FA094B036072
:102F3000094A074900F0F0F900F00AFA00F04EF8EB
:102F400000F04CF800F0D2F8284600F093F800BFEB
:102F5000245E0708A85E0708C133060838B5044692
:102F600000F084F822780368472AA4F1200104D0F5
:102F70008BBB1C460160204638BD62784E2AF7D1D3
:102F8000A278552AF4D1E278432AF1D12279432A52
:102F9000EED162792B2AEBD1A2792B2AE8D1E27902
:102FA000012AE5D854F80C2C002A11DB01324568BF
:102FB00044F80C2C8B4205F1FF3545601CBF44F8EA
:102FC000103C01602046646A01F07EF8204638BD5E
:102FD000C2F10102EBE700F061F800BF08B500F0B4
:102FE00041F80246006870B390F82030472B06D0B5
:102FF000002313602030BDE8084001F067B890F866
:1030000021304E2BF4D190F82230552BF0D190F88E
:103010002330432BECD190F82430432BE8D190F8A7
:1030200025302B2BE4D190F826302B2BE0D190F8D3
:103030002730012BDCD84369002B05DB013B002B3B
:1030400007D00DDB436108BD0133FBD1016911607D
:10305000F8E7036913602030BDE8084001F036B896
:1030600000F01CF800487047E074002400487047E6
:10307000E074002408B5804701F020FEFFF76EFFE2
:1030800001F01CFE0D460446FFF7A8FF013501D0F4
:1030900000F02CF82046FFF7F3FE00BF08B5034B05
:1030A0001868BFF35B8FFFF7E5FF00BF600E0024D9
:1030B00008B58047FFF7F2FF08B5034B1868BFF368
:1030C0005B8FFFF7F5FF00BF640E0024024B18680A
:1030D000BFF35B8F704700BF600E0024024B18687F
:1030E000BFF35B8F704700BF640E00241EB400F076
:1030F0008DF81EBC01F0ACFBF0B50278472A83B016
:103100000D461F461ED00023254C01932368204600
:103110009B68984780B1019B1B68019302262B682E
:10312000214628461C6901AA0123A04730B1019B12
:103130003B60304603B0F0BD0126F0E7064630465E
:1031400003B0F0BD43784E2BDDD18378552BDAD117
:10315000C378432BD7D10379462B15D00379432B62
:10316000D1D143792B2BCED183792B2BCBD1C379E2
:10317000012BC8D850F8204C02D058300190C5E738
:10318000204654F8784CF9E743794F2BE6D1837900
:10319000522BE3D1C379002BE0D10193014CB5E769
:1031A0001C5E0708145E070810B50446FFF75EFFB3
:1031B0002378472BA4F1200204D0836823BB8260CC
:1031C000012010BD63784E2BF7D1A378552BF4D195
:1031D000E378432BF1D12379432BEED163792B2B69
:1031E000EBD1A3792B2BE8D1E379012BE5D854F867
:1031F000043C0133012B44F8043CE1D1836844F8DA
:10320000083C8260012010BDFFF748FF08B5FFF7BA
:103210002DFF836883B393F82020472A04D000222F
:10322000826003F1200008BD93F821204E2AF6D1D8
:1032300093F82220552AF2D193F82320432AEED185
:1032400093F82420432AEAD193F825202B2AE6D1AB
:1032500093F826202B2AE2D193F82720012ADED8E2
:10326000DA69013ADA61002ADBD19A6982600022C8
:103270009A6103F1200008BDFFF710FF012810B587
:103280001AD8BFF35B8FA1F1280353E8002F013A4E
:1032900043E800200028F8D1BFF35B8F5AB951F8FA
:1032A0001C3C01F158040BB1204698472046BDE86C
:1032B000104000F025B910BD51F8140CFFF7DAFEEC
:1032C000F8B5002540E91E1240F8805C0446FFF77F
:1032D00005FF44F8700CFFF7F9FE472343224E2701
:1032E00055260C4904F8583C2B2304F8515C04F88B
:1032F000577C04F8566C44F8501C04F8552C04F81C
:10330000542C04F8533C04F8523C44F86C0CA4F1DF
:103310008000F8BD7D320608F8B505460E46174612
:10332000FFF7A4FE4368044601333A463146636022
:103330002846FFF7C5FF0446012344F8283B2046F2
:1033400001F074FA2046FFF709FEFFF7A7FE00BF61
:1033500010B5FFF78BFED0E900420132426064B144
:1033600094F82020472A0AD0002202602034204608
:1033700001F080FA2046FFF7F1FDFFF78FFE94F889
:1033800021204E2AF0D194F82220552AECD194F82D
:103390002320432AE8D194F82420432AE4D194F846
:1033A00025202B2AE0D194F826202B2ADCD194F872
:1033B0002720012AD8D8626952426261D6E700BF4D
:1033C000704700BF00487047005E070810B5042131
:1033D0000446EFF77FF9204610BD00BFF0B4224C41
:1033E0006368A0F108061BB350F8087CF519AB42DE
:1033F0001ED822D05968002931D08D4203D32EE047
:10340000954205D211464A681C1D0B46002AF7D189
:1034100095421CD023681A6899188E421CD05B68AC
:1034200040F8043C236840F8087C5E60F0BC7047BC
:1034300040F8043C6660F0BC7047D3E900231744B1
:1034400040F8087C40F8043C6660F0BC7047D5E961
:1034500000324A601F44DDE717441F60EBE70A466D
:1034600004341946D4E700BFEC74002430B4174C80
:1034700000F108026368082A38BF082203B3073244
:10348000196822F007028A4204D81BE001688A42C8
:1034900005D9034658680028F8D130BC704704337A
:1034A0008C1A072C456808D981184D60845018681B
:1034B00002601960083030BC704701601D60F9E798
:1034C0001846EAE71846231DEAE700BFEC7400241B
:1034D00010B500F18004204602F05CFC38B10346D0
:1034E00080220021184603F0A3F8803010BD20464A
:1034F000FFF7BCFF03460028F2D1FFF7CFFD00BF66
:10350000064A93688038984203D9D2681344984297
:1035100001D302F047BCFFF761BF00BFEC74002489
:1035200038B5084C4FF41E652846E56002F032FCC1
:10353000A06020B100236060C0E9005338BDE060A6
:10354000606038BDEC74002410B5034B0360044682
:1035500000F0C2F8204610BDF05E070810B5054B1C
:103560000360044600F0B8F820460C21EFF7B2F8EB
:10357000204610BDF05E070870B582B00E46069C6E
:103580009442054609D0A868056806942C6A31461D
:10359000A44602B0BDE8704060471946019200930E
:1035A00000F062F8DDE900320028ECD0062002B01D
:1035B00070BD00BF2DE9F04F0E4681B019461F4681
:1035C00091468346DDE90A4ADDE90C8500F04CF8B6
:1035D00070B1002E2C6085F804901DDB3444A045AA
:1035E0000CBF06240124AC71002001B0BDE8F08FAF
:1035F000444516D0DBF80800D0F800C0CDE90C85B2
:10360000CDE90A4ADCF81C403B464A463146A4460E
:1036100001B0BDE8F04F60470236E5D10123AB7140
:10362000E2E75146584600F01FF80028E2D085F83E
:103630000590D9E72DE9F04107460C4615461E4690
:1036400000F084F808B1BDE8F081B8680768214649
:10365000BC6933462A46A446BDE8F041604700BF36
:10366000704700BF0020704781420FD008B5406806
:1036700003782A2B0CD049680B782A2B08BF01311C
:1036800003F0A2FBB0FA80F0400908BD01207047AA
:10369000002008BD70B5036884B000249E690094C2
:1036A00010231546CDE9023412688DF804406B46AC
:1036B000B0479DF8043003F00603062B03BF009BC0
:1036C0002B600120204604B070BD00BF00989042DE
:1036D0000CBF06200120704710B5034B0360044661
:1036E000FFF7BEFF204610BD645F070810B5054B0D
:1036F00003600446FFF7B4FF20460821EEF7EAFF17
:10370000204610BD645F07082DE9F041DDE908148B
:10371000069D8D4290461F4606460CD039463046DF
:10372000FFF7A2FF20B10123256084F80480A37174
:103730000020BDE8F0810799FFF796FF0028EDD043
:1037400084F805800020BDE8F08100BF38B515463B
:103750001C46FFF789FF20B1082206232560E2609E
:10376000237138BD2DE9F04117461C4606460D462B
:10377000FFF77AFF08B9032C01D9BDE8F0812B6867
:103780003A46314628465B69BDE8F041184700BF1C
:1037900080F0004002E000BF81F0004142001FBF06
:1037A0005FEA410392EA030F7FEA226C7FEA236C0F
:1037B0006AD04FEA1262D2EB1363C1BFD218414004
:1037C00048404140B8BF5B42192B88BF704710F09A
:1037D000004F40F4000020F07F4018BF404211F03D
:1037E000004F41F4000121F07F4118BF494292EAA5
:1037F000030F3FD0A2F1010241FA03FC10EB0C00D1
:10380000C3F1200301FA03F100F0004302D549425D
:1038100060EB4000B0F5000F13D3B0F1807F06D30A
:1038200040084FEA310102F10102FE2A51D2B1F102
:10383000004F40EBC25008BF20F0010040EA0300F7
:103840007047490040EB000010F4000FA2F10102A4
:10385000EDD1B0FA80FCACF1080CB2EB0C0200FA2E
:103860000CF0AABF00EBC25052421843BCBFD0407C
:103870001843704792F0000F81F4000106BF80F4F6
:1038800000000132013BB5E74FEA41037FEA226CB9
:1038900018BF7FEA236C21D092EA030F04D092F084
:1038A000000F08BF0846704790EA010F1CBF0020B8
:1038B000704712F07F4F04D1400028BF40F0004015
:1038C000704712F100723CBF00F50000704700F035
:1038D000004343F0FE4040F4000070477FEA22625C
:1038E00016BF08467FEA23630146420206BF5FEA2D
:1038F000412390EA010F40F4800070474FF000032D
:1039000004E000BF10F0004348BF40425FEA000CF3
:1039100008BF704743F0964301464FF000001CE09B
:1039200050EA010208BF70474FF000030AE000BFF1
:1039300050EA010208BF704711F0004302D540422F
:1039400061EB41015FEA010C02BF844601460020A1
:1039500043F0B64308BFA3F18053A3F50003BCFABC
:103960008CF2083AA3EBC25310DB01FA02FC634469
:1039700000FA02FCC2F12002BCF1004F20FA02F270
:1039800043EB020008BF20F00100704702F1200263
:1039900001FA02FCC2F1200250EA4C0021FA02F2C4
:1039A00043EB020008BF20EADC7070477BB972B9B4
:1039B0000029BEBF00204FF0004106E008BF0028EC
:1039C0001CBF6FF000414FF0FF3001F043B9ADF183
:1039D000080C6DE904CE002909DB002B1ADB00F08E
:1039E0004DF8DDF804E0DDE9022304B07047404201
:1039F00061EB4101002B1BDB00F040F8DDF804E037
:103A0000DDE9022304B0404261EB4101524263EB25
:103A100043037047524263EB430300F02FF8DDF895
:103A200004E0DDE9022304B0404261EB410170474C
:103A3000524263EB430300F021F8DDF804E0DDE9D6
:103A4000022304B0524263EB4303704753B94AB9AF
:103A5000002908BF00281CBF4FF0FF314FF0FF3096
:103A600001F0F8B8ADF1080C6DE904CE00F006F8ED
:103A7000DDF804E0DDE9022304B070472DE9F047EA
:103A8000089E04468846002B4BD18A42154667D9CA
:103A9000B2FA82F24AB1C2F1200701FA02F320FA27
:103AA00007F7954047EA030894404FEA154E230C68
:103AB000B8FBFEF71FFA85FC0EFB178843EA0843A4
:103AC00007FB0CF1994209D9EB1807F1FF3080F0A0
:103AD0001B81994240F21881023F2B445B1AA4B229
:103AE000B3FBFEF00EFB103344EA034400FB0CFC76
:103AF000A44509D92C1900F1FF3380F00781A445B2
:103B000040F2048102382C4440EA0740A4EB0C0444
:103B100000271EB1D4400023C6E900433946BDE862
:103B2000F0878B4209D9002E00F0EB800027C6E910
:103B3000000138463946BDE8F087B3FA83F7002F15
:103B400047D18B4202D3824200F2FA80841A61EBA1
:103B5000030301209846002EE0D0C6E90048DDE7C7
:103B600002B9FFDEB2FA82F2002A40F08F80491BD0
:103B70004FEA154E1FFA85F80127B1FBFEFC230C16
:103B80000EFB1C1143EA014308FB0CF1994207D9D3
:103B9000EB180CF1FF3002D2994200F2CD8084463E
:103BA000591AA3B2B1FBFEF00EFB101443EA044411
:103BB00008FB00F8A04507D92C1900F1FF3302D209
:103BC000A04500F2B6801846A4EB080440EA0C4079
:103BD0009FE7C7F1200CBB4022FA0CFE4EEA030E11
:103BE00001FA07F420FA0CF521FA0CF34FEA1E480B
:103BF0002543B3FBF8F92C0C08FB19331FFA8EFA96
:103C000044EA034309FB0AF49C4202FA07F200FA71
:103C100007F10BD91EEB030309F1FF3080F0878019
:103C20009C4240F28480A9F1020973441B1BADB28F
:103C3000B3FBF8F008FB103345EA034400FB0AFA33
:103C4000A24508D91EEB040400F1FF336BD2A24554
:103C500069D90238744440EA0940A0FB0289A4EB08
:103C60000A044C45C2464B4654D351D0002E69D06D
:103C7000B1EB0A0564EB030404FA0CFCFD40FC40C4
:103C80004CEA0505C6E90054002747E7C2F12003C6
:103C900020FA03F7954001FA02F021FA03F34FEA04
:103CA000154E3843010CB3FBFEF71FFA85F80EFBE7
:103CB000173341EA034107FB08F38B4204FA02F48D
:103CC00007D9691807F1FF3C2FD28B422DD9023F4B
:103CD0002944CB1A81B2B3FBFEF00EFB103341EA4C
:103CE000034100FB08F38B4207D9691800F1FF3C40
:103CF00017D28B4215D902382944C91A40EA07471E
:103D00003BE73746304609E70746E7E61846FBE655
:103D10004145ABD2B8EB020A69EB0E0201381346FB
:103D2000A4E76046E9E7184695E76746D1E781468C
:103D30007CE702382C4447E7ACF1020C2B442FE718
:103D4000384608E73746E9E603685A004CBF43F0B7
:103D5000004323F000431844704700BF61B32DE9CE
:103D6000F84F01F1FF3A90460646D146002707EB8F
:103D7000090404EBD4746410E50071190846FFF7D8
:103D8000E3FFA245834605F10800304409D0FFF760
:103D9000DBFFC34500F1FF3005D8404509D2671C61
:103DA000E5E7C34505D9A74202D004F1FF39DEE7B4
:103DB00000210846BDE8F88F08467047012807D063
:103DC000022807D0044B00280CBF1846002070477B
:103DD0000248704702487047A9440608AD440608E7
:103DE000B144060830B5254B83B004468D1E4BB355
:103DF00001A92846AFF30080F0B101992A46FFF7E8
:103E0000ADFF0146C0B1FFF79FFF4B68A064012BD7
:103E10002ED0002B01F1040026DBFFF795FF0023D5
:103E2000C4E913030368002B12DBFFF78DFF0023A7
:103E30002061184603B030BD0023236109231846D2
:103E400003B030BD0E490F48091AC9100191D5E7DA
:103E5000C3F30360FFF7B2FF002814BF0023092358
:103E60002061184603B030BD0123C4E91303D9E72C
:103E7000002323610523184603B030BD0000000075
:103E800000740708C06907080368DA0710B504461C
:103E900006D49B0700F1480009D500F05FFC2368B9
:103EA000590709D51A070ED5DB0613D510BD00F04A
:103EB0004DFC23685907F5D404F1D00000F056FCFE
:103EC00023681A07F0D404F5A87000F057FC2368A3
:103ED000DB06EBD404F5E870BDE8104000F092BCBE
:103EE000036803B103441846704700BF09207047B8
:103EF000704700BF70B504460D4608E02B6C636147
:103F00002A462369214601209847082808D1296CB0
:103F10002046FFF767FF06460028EFD000F0CEFEF0
:103F20000728FBD13046296CFFF7E2FF281D00F07F
:103F300001FC00BF2DE9F0470C1D054617460FCCCC
:103F4000ADF5727D03AE0FC60FCC0FC60FCC0FC6FA
:103F500094E80F0002ACD5F80C80D5F8189086E8EC
:103F60000F000023236021E0236C6B614FF4F0729B
:103F700021467AA802F05EFA2B697AAA29463046D1
:103F80009847889BCDE900498246636431462B46B9
:103F90002A460120C0470746F8B94FF4F0727AA9C3
:103FA000204602F047FABAF1080F1CD1216C2846CE
:103FB000FFF718FF002F08BF0926074618BF0A267B
:103FC0000028D1D0A36B46F01001CDE900492A4664
:103FD000636401202B46C04700B1092738460DF520
:103FE000727DBDE8F087BAF1070FF6D13846216C33
:103FF000FFF77EFF03A800F09DFB00BF406C7047F9
:10400000F0B5CB6B0B640D1D0F4606460FCDF9B016
:1040100001AC0FC40FCD0FC40FCD0FC495E80F0036
:104020004FF0FF3584E80F00009506E033696A46DB
:10403000314698470828044608D110993046FFF7C2
:10404000D1FE0028F2D0092079B0F0BD6846FFF714
:104050001BFF062CF7D139463046FFF74BFF00BF58
:1040600030B4DD6BC160826119461D64002230BC32
:1040700060E700BF70B5C66843690B64BEB90369E9
:104080000A4604460D46014602209847072807D0F5
:10409000082803D129462046FFF72CFF00F00EFE2A
:1040A0003046296CFFF724FF281D00F043FB012256
:1040B000FFF740FF00F002FEC2681AB1CA6B0A6443
:1040C000002237E79CE700BF704700BF836813B149
:1040D0000146012018477047042907D8DFE801F09E
:1040E0000308060808000BB90F2A03D902207047FD
:1040F0000120704700EB820218465368009A136053
:10410000704700BF10B584B0002303AC0A4600948A
:104110001946FFF7E1FF039804B010BD042907D842
:10412000DFE801F00308060808000BB90F2A03D9DD
:10413000022070470120704700EB8200009A12684D
:1041400042601846704700BF10B584B004AC00232D
:1041500044F8042D0A4600941946FFF7DFFF04B027
:1041600010BD00BFF0B5D36B1364151D07460E4696
:104170000FCDADF50F7D17AC0FC40FCD0FC40FCD14
:104180000FC495E80F004FF0FF3584E80F00169537
:1041900010E016A8FFF7D8FF314616A8B84716AAB0
:1041A000694678B9049B08209847052804460AD038
:1041B000092807D026996846FFF714FE6A460C21A5
:1041C0000028E6D0092416A8FFF75EFE20460DF56C
:1041D0000F7DF0BD2DE9F04F0D46C96C89B00C1D67
:1041E000164600F0030B0A6806941F46002B68D0A1
:1041F000130CD9B212048DF81D30022304EB810494
:1042000005928DF81C302B6DBBF1020F08BFAC6B13
:1042100013F0010346D1019300F008030093D4F892
:104220000090B9F1000F00F0F380022F45D0B4F8F0
:104230000090B4F802800434AB6C28F0010A0F211E
:1042400030469A44FFF75EFF824534D829F00103D7
:104250005344834294BF002001204FEA480808F0ED
:10426000020809F0010948EA0908B8F1010F3AD03B
:1042700031D3B8F1020F1AD1236823F0004ABBF101
:10428000000F66D130B1009A002A6CD0BAF1000F4D
:1042900000F09080002B00DA04340AF1010304EBF3
:1042A0008304BCE7304605A900F046FB78B109203D
:1042B00009B0BDE8F08F0020CFE7D4F804800834BF
:1042C000BAE7120203230592ADF81C309BE70820E1
:1042D00009B0BDE8F08FBBF1000F02D0002840F01C
:1042E000B48004349BE7BBF1000F18D1A8B1D4E926
:1042F0000023991C4FEAD272D9D005F1580101333D
:10430000049100F0B580201DFFF7EAFD04AB0146E3
:104310002846FEF7F1FE002867D108347FE70D211B
:104320003046D5F82080FFF7EDFE8045F5D1AB6A29
:104330009C42F2D12046FFF707FD0F21024630468E
:10434000FFF702FF30462A460021FFF7FDFE072057
:10435000AEE70D213046D5F82080FFF7D3FE80452B
:1043600032D0236896E7BAF1000F23D005F1580345
:1043700004F10408CDF808B0DDF800900397A346D7
:104380001C4602E05745B94640D040460494FFF72A
:10439000A7FD04AB014600222846FEF7ADFE09F159
:1043A000010708F104080028ECD0D1455C46DDE99E
:1043B00002B7D6D130460D21FFF7A4FE049B286238
:1043C000C5E90934062073E7AB6A9C42C9D10422CF
:1043D0004FF00008A318C5E90AA8C5E90C23236813
:1043E00043454DDB0123019357E780460D213046BD
:1043F000FFF788FEB8F1020F28623ED12B46049ADF
:1044000043F82C2F6B62AC62062051E75C46D1E783
:1044100005A9304600F090FA00287FF448AF019BD0
:10442000002B3FF454AF0F213046FFF76BFE0E21F7
:1044300002463046FFF788FE30461A4A0F21FFF742
:1044400083FE072009B0BDE8F08F2046FFF77CFC13
:1044500004340746AC632846FEF7A6FE00283FF466
:1044600026AF30463A460F21FFF76EFE07201FE7C2
:1044700030460D21FFF746FE2862049B6B62C2E7BF
:104480000AF1010004EB8000FFF75EFC0F210246F9
:104490003046FFF759FE30462A464146FFF754FEA4
:1044A000072005E7812E0608002393E6012391E605
:1044B00002238FE62DE9F0410546C4B0042906D851
:1044C000DFE801F04D2B05030900032B5FD002202C
:1044D00044B0BDE8F081002BF9D1102AF7D82B6841
:1044E000DC0600F1F48022AC2046019200F094F941
:1044F000A86B019A0023012606FA03F1114203D0AA
:10450000016844F8231004300133042BF4D1A8636C
:10451000204600F077F90020DAE7012B4FEA124637
:1045200097B252D0052BD2D106EB0708B8F1200F75
:10453000CDD80F2E40F29980B846002F40F0DB8096
:10454000AA6BAA630F2E40F2BE80B8F1000F02D012
:1045500002A800F00BF9002044B0BDE8F081002B68
:10456000B5D1AC6B97B2281D012606FA03F139428A
:1045700003F1010302D0216801600434102B00F123
:104580000400F2D112F40050E5D1AC63A0E7160CA0
:1045900097B2F319102B9AD82B681A075DD422AC66
:1045A000204600F00DF904EBC601AB6B3FB103EB05
:1045B000C702186841F8040B04339342F9D120462E
:1045C000AB6300F0DBF8002082E7F219102A3FF617
:1045D0007EAF0F2E3FF67BAF2A68D10708D528465D
:1045E00022F0030240F8482B019300F0B3F8019B3E
:1045F000019322AC204600F0ADF8A96B019B002F7F
:1046000000F095807F0004EBC6044FF00008043CE6
:1046100001EB870251F8040B44F8040F9142F9D1E1
:10462000B8F1000F0FD002AC102E314638BF102168
:1046300004EBC101843902EBC80452F8040B41F8C1
:10464000040F9442F9D1012B7FF47BAF22AC0432EA
:10465000AA63204600F07AF87DE723F008032B6078
:1046600005F5A87000F0ACF899E7B8F1100F2A68CA
:1046700043D9D007A8F110080BD5284622F0010233
:1046800042F0020240F8482B019300F06BF82A68D0
:10469000019B510725D40F2E04D822A8019300F0C6
:1046A00061F8019B019302AC204600F063F8C6F16B
:1046B00010010029AA6B019BB6DD22AC4F0004EB70
:1046C000C6041146A3E722A800F048F83DE723F00E
:1046D00010032B6005F5E870019200F09DF8019A37
:1046E00001E7284622F0040240F8D02B019300F0A5
:1046F00041F8019BCFE72A68CBE7D0070AD52846C7
:1047000022F0010242F0020240F8482B019300F02F
:1047100029F8019B019322AC204600F023F8B8460B
:10472000A96B019B002F7FF46DAF0A4609E70A468B
:104730008DE700BF00F1340191E838009C46A646A1
:104740004CF8045D90E8FF0FE54600BD90EC210BAE
:10475000704700BF80EC210B704700BF90EC200B2E
:10476000704700BF80EC200B704700BFD0EC200BDF
:10477000704700BFC0EC200B704700BFF0EC020197
:10478000F0EC0211F0EC0221F0EC0231F0EC02410D
:10479000F0EC0251F0EC0261F0EC0271F0EC0281FD
:1047A000F0EC0291F0EC02A1F0EC02B1F0EC02C1ED
:1047B000F0EC02D1F0EC02E1F0EC02F1704700BF46
:1047C000E0EC0201E0EC0211E0EC0221E0EC02314D
:1047D000E0EC0241E0EC0251E0EC0261E0EC02713D
:1047E000E0EC0281E0EC0291E0EC02A1E0EC02B12D
:1047F000E0EC02C1E0EC02D1E0EC02E1E0EC02F11D
:10480000704700BFB0FC0181B0FC0191B0FC01A178
:10481000B0FC01B1704700BFA0FC0181A0FC019178
:10482000A0FC01A1A0FC01B1704700BFEC4600B59F
:104830002DE900502DE9FF1F4FF000032DE90C007A
:1048400001A9FFF7DDFBDDF840E012B0704700BFC3
:10485000EC4600B52DE900502DE9FF1F4FF0000395
:104860002DE90C0001A9FFF705FCDDF840E012B0CE
:10487000704700BFEC4600B52DE900502DE9FF1F41
:104880004FF000032DE90C0001A9FFF715FCDDF83E
:1048900040E012B0704700BFEC4600B52DE9005073
:1048A0002DE9FF1F4FF000032DE90C0001ABFFF7CE
:1048B000D7FBDDF840E012B0704700BFEC4600B512
:1048C0002DE900502DE9FF1F4FF000032DE90C00EA
:1048D00001AAFFF747FCDDF840E012B0704700BFC7
:1048E000027A82B9437AABB14268013B10B4437299
:1048F00013680321141D01721A02446002605DF8FE
:10490000044B180E70470368013A02721A020260E3
:10491000180E7047B020704700B585B003AA002379
:10492000009219460C22FFF7D7FB039805B05DF8FB
:1049300004FB00BFF0E700BF2DE9F043054685B05A
:104940000E464FF000083046FFF7CAFFB028044675
:1049500000F0B180070620D500F0F003802B65D071
:10496000902B36D0A02B78D0B02B47D0C02B00F0A6
:104970008A8000F0F803D02B0BD100F0070201323F
:1049800042F40022052301212846FFF793FD002869
:10499000D9D0092005B0BDE8F0830DF10C09002342
:1049A00019468700CDF800900D222846FFF794FBAA
:1049B000FFB2039BCDF80090043760064CBFDF1BAD
:1049C000FF18002319460D2228460397FFF7A6FB80
:1049D000B9E700F00D030D2BDBD003AF002300F08F
:1049E0000F02194600972846FFF776FB0023009731
:1049F00019460D222846FFF791FBA4E7B1285FD0A6
:104A0000B22800F0CC80B3287ED000F0FC03B42B99
:104A1000BFD000F007020132012342F40022194600
:104A20002846FFF747FD00288DD0B2E73046FFF754
:104A300057FF24020443B4F5004FAAD024010023F9
:104A4000A2B219462846FFF735FD0028A1D114F47B
:104A5000004F18BF4FF0010875E7C24302F007038B
:104A60004FF47F621A41010702F47F624FF00003A6
:104A700048BF42F4804219462846FFF71BFD002834
:104A80003FF461AF85E7C62851D0C7285AD000F05F
:104A9000F803C02B69D0C82875D0C9287FF479AF36
:104AA0003046FFF71DFF020300F00F0002F47022F2
:104AB0000130024366E7B8F1000F14D0002069E727
:104AC0003046FFF70DFF00283FF463AF10F0F0030E
:104AD0007FF45FAF024619462846FFF7EBFC00283B
:104AE0003FF431AF55E703AC43460E2241460094F4
:104AF0002846FFF7F1FA0094284643460F22414624
:104B0000FFF70CFB404645E73046FFF7E9FE01039F
:104B100000F00F0001F47021421C01230A432846D3
:104B20001946FFF7C7FC00283FF40DAF31E73046C8
:104B3000FFF7D6FE010300F00F0001F47021421CC4
:104B40000323EBE73046FFF7CBFE024600283FF495
:104B500020AF10F0F0037FF41CAF04212846FFF7CC
:104B6000A9FC00283FF4EFAE13E700F00F0201327A
:104B7000032342F4202219462846FFF79BFC002815
:104B80003FF4E1AE05E73046FFF7AAFE00F0F00281
:104B900000F00F031032013343EA0232F2E6002341
:104BA0000DF10C090D221946CDF800902846FFF7AB
:104BB00093FA3046FFF794FE02064FF002070CD539
:104BC000039B00F07F00B840034430460393FFF797
:104BD00087FE030607F10707F2D4039BCDF8009088
:104BE00000F07F0403F50172BC4000231444194611
:104BF0000D2228460394FFF791FAA4E610B5C36C82
:104C000084B05A6803208DF80C00DC798DF80D40D3
:104C100012020833084601A901920293FFF78CFEA5
:104C200004B010BD08B5FFF785FE806C08BD00BF5D
:104C300008B5FFF77FFEC06CC37900EB8300083036
:104C400008BD00BF08B500F039F800BF08B5FFF790
:104C5000F9FF00BF704700BF82B00190019BC3F312
:104C6000C752002BA2F17F01B4BF4FF0FF300120EB
:104C70001E2912DC002918DBC3F31603162943F49E
:104C8000000317DC4FF480020A411344C1F11701FD
:104C9000CB4003FB00F002B07047DDED017AFDEE82
:104CA000E77A17EE900A02B07047013118BF002072
:104CB00002B07047963A9340EBE700BF08B5062074
:104CC00001F010FF0120EDF77DFC00BF014B1868DB
:104CD000704700BF680E002470B5002948D0054613
:104CE0000C4610B1836B002B48D0626EB4F90C30C7
:104CF000D00740D4990530D52146284600F05CF80D
:104D0000E36A064633B1E169284698470028B8BFF0
:104D10004FF0FF36A3891A063CD4216B41B104F150
:104D20004003994202D02846ECF770FD002323632C
:104D3000616C21B12846ECF769FD0023636400F043
:104D4000E9F9636E0022DB07A2811FD5A06D00F098
:104D5000A3FF00F0E5F9304670BDA06D00F09EFFA6
:104D6000B4F90C30002BC7D1666E16F0010616D0D0
:104D70000026304670BD002BFAD0BDE700F04CF99C
:104D8000626EB4F90C30D007F5D4B3E7A06D00F033
:104D900087FFDBE721692846ECF738FDBDE7A06D0A
:104DA00000F07EFF304670BD024B01461868FFF7E9
:104DB00093BF00BF680E0024B1F90C309AB22DE900
:104DC000F0410C461107804644D4626843F4006306
:104DD000002AA38159DDA56A002D53D000229BB281
:104DE000D8F80060E169C8F8002013F4805240F060
:104DF000838001234046A847421C4AD0A389A56A64
:104E0000E1695B0705D56268236B801A0BB1E36B20
:104E1000C01A024600234046A847471C45D0B4F9B3
:104E20000C302269226023F400630022A381DB049A
:104E3000626000D52065216BC8F8006011B304F1F1
:104E40004003994202D04046ECF7E0FC002020638A
:104E5000BDE8F0812669AEB12568266092070CBFD7
:104E600063690023AD1BA3600AE02B463246676AE4
:104E7000E1694046B8470028A5EB000506442BDD54
:104E8000002DF2DC0020BDE8F081E26B002AA2DCFC
:104E9000F8E7D8F80030002BB0D01D2B01D0162B2E
:104EA0002CD1C8F800600020EDE7D8F800101D29CB
:104EB0001AD8154BB4F90C20CB40DB4313F0010397
:104EC00014D1256922F40062C4E90053D504A281FB
:104ED000B1D50029AFD1ADE7A38943F04003A38149
:104EE0004FF0FF30BDE8F081B4F90C2042F04002F1
:104EF000A2814FF0FF30C6E7206D82E7A38943F01F
:104F00004003A381BFE700BF0100402038B50D4634
:104F1000044608B1836BA3B1B5F90C00B8B16B6E50
:104F2000DB0701D481051AD520462946FFF744FF47
:104F30006B6EDA07044602D4AB899B050AD520467E
:104F400038BD00F069F8B5F90C000028E7D1044637
:104F5000204638BDA86D00F0A3FE204638BDA86DE0
:104F600000F09CFEE0E700BF20B1054B0146186849
:104F7000FFF7CCBF034B0449186800F013BE00BF15
:104F8000680E00248C6007080D4F060810B500233A
:104F900004468181C281C0E9003383604366C0E971
:104FA00004338361194608225C3001F041FB074855
:104FB0000749084A084BE362C4E90740C4E90912FB
:104FC00004F15800BDE8104000F064BE4D6C0608C6
:104FD000756C0608B16C0608D16C0608014900F032
:104FE000E1BD00BFD94C060870B54A1E682505FB17
:104FF00002F50E4605F17401ECF7BCFB044640B126
:1050000000210C30666005F168022160A06001F0AB
:105010000FFB204670BD00BF10B50446124800F0DB
:105020003DFEA26BD2B904F53B731048C4F8E832D8
:105030000321C4F8E022E063C4F8E41260680421AC
:10504000FFF7A4FF01220921A068FFF79FFF0222BA
:105050001221E068FFF79AFF0123A3630248BDE82D
:10506000104000F01DBE00BFE8160124DD4F060809
:1050700070B50646244800F011FE244B1D68AB6B4A
:1050800083B305F53875D5E90134013B05D525E035
:10509000013B5A1C04F1680420D0B4F90C20002A0A
:1050A000F6D100251A4BE36004F15800656600F064
:1050B000F1FD154800F0F4FD2560C4E90155C4E98F
:1050C0000455A5612946082204F15C0001F0B0FAFC
:1050D000C4E90C55C4E91155204670BD2C682CB1AB
:1050E0002546D0E72846FFF797FFCAE70421304658
:1050F000FFF77AFF044628600028F1D1024800F04B
:10510000CFFD0C233360E7E7F41601248C60070819
:105110000100FFFF014800F0C1BD00BFF4160124EB
:10512000014800F0BDBD00BFF4160124F0B51346E0
:1051300083B00F4601AA1946064607F029FF00284A
:1051400036D005463046FFF793FF044600282FD09F
:1051500039464FF4DB73019A304601F0B3FA071E6B
:1051600030DB636EDB0715D51C4B1D491D4AE781FB
:10517000C4E90743C4E909121B4BA581E905E362B1
:105180000FD4636EDA0702D4A3899B0514D5204699
:1051900003B0F0BDA3899805E6D4A06D00F07EFDB4
:1051A000E2E7304602230022214600F0B5F9E8E7A5
:1051B0000024204603B0F0BDA06D00F071FD204634
:1051C00003B0F0BD0025FFF7A5FFA581A06D00F09D
:1051D00063FD2C46FFF7A4FFD9E700BF4D6C06081E
:1051E000756C0608B16C0608D16C0608024B0A46BD
:1051F00001461868FFF79ABF680E002430B587B0E3
:10520000054608461446019101F05AFF01AA012300
:105210000590CDE9020204930DB1AB6BFBB1616E59
:10522000B4F90C30C9079AB201D4900521D5910484
:1052300006D4626E43F4005322F40052A3816266E6
:10524000284603AA214600F009FB636EDA070546EB
:1052500002D4A3899B0506D5284607B030BD284651
:10526000FFF7DAFEDBE7A06D00F01AFD284607B075
:1052700030BDA06D00F012FDB4F90C309AB2D6E743
:10528000024B0A4601461868FFF7B8BF680E0024B3
:10529000F8B5244F0C460646ECF79DFFBB685D68E9
:1052A000C4F57E610F3125F00305294421F47F61A7
:1052B00021F00F01A1F58054B4F5805F07DB0021D8
:1052C000304601F009FBBB682B44984204D03046BD
:1052D000ECF785FF0020F8BD6142304601F0FCFA92
:1052E00001300DD0104BBA6819682D1B45F001052F
:1052F0003046091B55601960ECF771FF0120F8BDBD
:105300000021304601F0E8FABA68831A0F2BDEDD7F
:10531000064C0549246843F00103001B53600860F4
:10532000D5E700BF04140024FC7400240C180024EA
:10533000002953D0F8B50C460646ECF74CFF54F85C
:1053400004CC714F2CF00101A4F108056B18B8686A
:105350005A68984222F0030253D01CF0010F5A60A1
:1053600003EB02003BD154F808CC4068A5EB0C05D8
:1053700007F1080EAC687445614400F0010075D077
:10538000D5F80CC0C4F80CC0CCF8084060B341F0AC
:1053900001036B606950B1F5007F50D34B0A042BB9
:1053A00070D88B0903F13904E40003F1380238198D
:1053B0003B590838984278D05A6822F003028A4252
:1053C00071D99B689842F7D1C368C5E902039D6013
:1053D000C5603046BDE8F840ECF701BF7047406853
:1053E00000F001000028D2D19868484C1144A04236
:1053F00041F0010262D0DB68C36098606A60695066
:10540000C9E71CF0010F0A4407D154F8083CED1A13
:105410001A44D5E90213CB6099603D4B1B6842F0FA
:10542000010193426960BD6004D83A4B3046196867
:10543000FFF72EFF3046BDE8F840ECF7D0BEC908B4
:1054400078684A1C012389108B40034307EBC20193
:1054500057F832007B600839C5E9020147F832503D
:10546000C5603046BDE8F840ECF7B9BE002845D12C
:105470000A44D3E9021342F00100CB6099606860EE
:10548000AA50D7E7142B08D9542B1ED80B0B03F1C5
:105490006F04E40003F16E0289E703F15C04E400A9
:1054A00003F15B0283E718468EE7931079680122C7
:1054B00002FA03F30B437B60034686E7C7E9045512
:1054C000C5E902006A606950B4E7B3F5AA7F06D85F
:1054D000CB0B03F17804E40003F1770267E740F2B5
:1054E0005452934206D88B0C03F17D04E40003F17F
:1054F0007C025CE74FF47E747E2258E741F00102A3
:105500006A60196096E700BF041400240C1400249C
:10551000101800242C75002400F000B82DE9F04F7D
:105520000C4697B091461F46064618B1836B002B78
:1055300000F08F80626EA389D20702D49D0540F1EE
:10554000A18003F48473B3F5847F00F09680D4F8CF
:105550002880B8F1000F7FD0012F13D0022F00F068
:105560008780002F00F08480636E1622D907326096
:1055700002D4A3899A0577D54FF0FF35284617B096
:10558000BDE8F08F21463046FFF7C0FCA38913F435
:10559000805240F03181E1693B463046C047411CB2
:1055A000054600F0DC80A38922695F0740F1E880AE
:1055B0006368216BED1A09B1E06B2D1AA9444FF015
:1055C000010A0027002A00F0E580B4F90C3040F60B
:1055D0001A019AB20A4208D1520566D4944A9045FB
:1055E00000F0FB8043F40063A38121463046FFF7BF
:1055F0008DFC002840F0BF803B464A46E1693046BA
:10560000C047013000F0B780216B41B104F1400385
:10561000994202D03046ECF7F9F800232363A389BE
:105620002269226023F402630021A38161600822C1
:1056300004F15C0000F0FCFF656E15F0010503D17C
:10564000A3899B0540F193800025284617B0BDE84B
:10565000F08FFFF7E1FC6DE7636E1D22D807326023
:105660008AD4A3899A0587D4A06D00F019FB83E73B
:105670004FF0000A22695546A4E721463046FFF75D
:1056800045FC64E7A06D00F009FBA38959E7019A86
:10569000B4F90C3002F47042B2F5004FA2D143F4D9
:1056A00080634FF48062A381E264002F40F0888021
:1056B000CB46BAF1000F72D1A389DB047ED45246E7
:1056C0000123E1693046C047451C8ED06368216BD9
:1056D000C51A1A46002968D0E06B2D1AA26BD4F8BF
:1056E00010C01D44A2EB0C02AD1A0244AB4580F27F
:1056F0008580E56CE1696D4205EA0B052A460023C9
:105700003046C04701303FF470AF2369216B2360FE
:105710000023636041B104F14003994202D0304656
:10572000ECF774F800232363A389BBEB050B23F08C
:105730002003A38110D02146304601F041F8002813
:105740007FF453AF63685B45FFF44FAF2268A3EB70
:105750000B035A44C4E900230822002168E7636E62
:10576000DA073FF509AFA3899B053FF505AFA06DAB
:1057700000F096FA02E7636ED9077FF5FAAEFBE612
:1057800018077FF51BAF2368002B3FF417AF9B1A58
:105790001D4413E72146304600F0B2FA15E7216BAD
:1057A00011B16368E06B99E762682068D4F810C0B3
:1057B000A0EB0C002D1A0244002197E7206D85E72D
:1057C0006A46B4F90E10304600F034F800287FF431
:1057D0000CAF049B09EB030B6BE7B4F90E10002927
:1057E000FFF600AF6A46304600F024F800283FF488
:1057F0004EAFB4F90C30F5E6256DD5E6AB185B4538
:105800007FF677AFABEB05050CEB0503521BC4E944
:10581000003241B104F14003994202D03046EBF727
:10582000F5FF00232363A38923F02003A38193E7DB
:10583000B16C060838B50B46074C054611461846AC
:1058400000232360ECF7F7FE431C00D038BD23682B
:10585000002BFBD02B6038BDD41601249368002B9D
:1058600000F0E4802DE9F04FB1F90C309BB20C460A
:10587000190783B08246904635D522699AB313F052
:105880000202D8F800603DD00027D4F824B0D4F844
:105890001CC0DFF8C0923D464D452B463A4628BF16
:1058A0004B4661465046D5B1D847002840F3C680E4
:1058B000D8F808301B1A07442D1AC8F80830002BF6
:1058C00000F0B080D4F81CC0D4F824B04D452B466D
:1058D0003A4628BF4B4661465046002DE4D1D6E9F2
:1058E00000750836D8E72146504606F037FC0028F8
:1058F00040F02A81B4F90C30D8F800609BB213F064
:105900000202C1D113F001095DD1A76820684D469C
:10591000002D54D09A0540F19B80AF42BB4600F267
:10592000D88013F4906F2FD0D4E9041707EB470702
:10593000A0EB010B07EBD777681C7F105844B842E7
:105940003A4684BF07463A465B0540F1D38011468C
:105950005046EBF70FFF002800F0F0805A4621690F
:10596000019000F067FDA289019B22F4906242F051
:105970008002A281A7EB0B0203EB0B00676123619E
:105980002060A2602F46AB465A46494600F0ECFD27
:10599000A2682368D21B5B442F46A26023600025C7
:1059A000D8F80830DB1BB944C8F80830002B39D0D0
:1059B000B4F90C30A76820689BB2002DAAD1D6E9B3
:1059C00000950836A4E733469146104617464E46E2
:1059D0009B46002F6BD0002871D0D4E904122068B8
:1059E000B9454B4628BF3B46884203D9A5681544B4
:1059F000AB4271DC9A4200F393801346656AE16919
:105A000032465046A847051E18DDB9EB05090FD0F0
:105A10000120D8F808305B1B2E447F1BC8F80830E3
:105A2000002BD6D1002003B0BDE8F08F00207047D6
:105A300021465046FFF76AFA0028EAD0B4F90C3044
:105A400043F040034FF0FF30A38103B0BDE8F08F77
:105A50002369834215D36169A94212D83C4B676A16
:105A60009D4294BF2B466FF000434A4693FBF1F3EF
:105A7000504601FB03F3E169B847071EDEDDED1B6D
:105A80008EE7AF4228BF2F463A46494600F06CFDEC
:105A9000A3682268DB1B3A44A3602260002BEED18E
:105AA00021465046FFF732FA0028E8D0C6E70BF14E
:105AB000080353E902679B460833002FF9D03A46A2
:105AC0000A21304600F034FC38B30130A0EB06095F
:105AD00083E72F46AB4657E731462A4600F044FDA0
:105AE00023682B44236021465046FFF70FFA002815
:105AF0008BD0A3E75046EBF7A9FD034600287FF4BF
:105B000039AF21695046EBF781FEB4F90C300C2215
:105B100023F08003CAF8002092E707F101095CE74F
:105B20001A463146019300F01FFD019BA1682268CF
:105B3000C91A1A44A16022601D4666E70C23CAF800
:105B40000030B4F90C307BE74FF0FF306BE700BF5B
:105B5000FEFFFF7F00FCFF7F2DE9F04110F5387755
:105B60001BD088460026D7E90154013D0FD4A389F4
:105B7000012B05F1FF35204605D9B4F90E3001336C
:105B800001D0C04706436B1C04F16804EFD13F68A5
:105B9000002FE8D13046BDE8F0813E463046BDE8F2
:105BA000F08100BF2DE9F84310F538771FD0884603
:105BB00006464FF00009D7E90154013D11D4A389ED
:105BC000012B05F1FF352146304606D9B4F90E30D8
:105BD000013302D0C04749EA00096B1C04F1680494
:105BE000EDD13F68002FE6D14846BDE8F883B946BD
:105BF0004846BDE8F88300BF70B50D4E0D4D761BCD
:105C0000B61006D00024013455F8043B9847A6424C
:105C1000F9D1094E094D761B08F008FFB61006D0E1
:105C20000024013455F8043B9847A642F9D170BDD1
:105C300018180024181800246018002418180024CC
:105C400010B5044600F018F82044407800F0080031
:105C500010BD00BF044B054A1B685B6B002B08BFDF
:105C6000134693F828017047680E00249812002408
:105C7000D0F8EC00704700BF044B054A1B685B6B13
:105C8000002B08BF1346D3F8EC007047680E0024C1
:105C900098120024704700BF704700BF704700BFD4
:105CA000704700BF70B50C46B1F90E10002996B0D0
:105CB00015461E460FDAA289002312F080003360D9
:105CC00004D14FF480632B6016B070BD402218469B
:105CD0002A6016B070BD6A46FFF7ACFD0028EADB0B
:105CE000019B03F47043A3F50053B3FA83F35B09FC
:105CF0004FF480624FF4006033602A6016B070BDCC
:105D00008A8992070B4606D501F1430201211A60E8
:105D1000C3E90421704770B582B001AB6A460C46F6
:105D20000546FFF7BFFF009906462846EBF722FD20
:105D3000B4F90C30D8B11649E963019A0099206092
:105D400043F08003A381C4E904011AB93343A3815A
:105D500002B070BD2846B4F90E1007F023FDA0B1C3
:105D6000A38923F0030343F001031BB2EEE79A0576
:105D7000EED423F0030304F1430243F002030121B4
:105D8000A3812260C4E90421E2E7B4F90C30DDE725
:105D9000DD4F0608024B01461868EBF7EBBC00BF6D
:105DA000680E0024024B01461868EBF72FBD00BFB8
:105DB000680E00242DE9F04F01F10B05162D83B07C
:105DC000064623D8102900F2B980ECF704FA102512
:105DD00018230220C54F3B44A3F108025C6894429B
:105DE00000F06681636823F003032344D4E9025181
:105DF0005A68E96042F001028D6030465A60ECF763
:105E0000EEF90834204603B0BDE8F08F35F0070501
:105E100000F19480A94200F29180ECF7DCF9B5F52D
:105E2000FC7FC0F083816B0A00F08F80042B00F2AE
:105E30004681AB0903F1390003F1380CC300AB4FC5
:105E40003B44A3F108015C68A14206D10CE0002AA2
:105E500080F21D81E468A14206D0636823F0030349
:105E60005A1B0F2AF3DD60463C69DFF894C2644593
:105E700071D0636823F003035A1B0F2A00F3448197
:105E8000002AC7E904CC80F22681B3F5007F80F0B8
:105E90006981DB08591C7A6857F83180C4F808809A
:105EA0004FF0010E9B100EFA03F307EBC10E1343E4
:105EB000AEF10802E2607B6047F83140C8F80C4060
:105EC0008210012494409C424BD81C4206D120F001
:105ED000030064001C4200F10400FAD007EBC00983
:105EE000CE468046DEF80C309E4507D122E1002ADE
:105EF00080F22981DB689E4500F01C81596821F001
:105F000003014A1B0F2AF2DDD3E9028E5C1945F02A
:105F100001055D6042F00105C8F80CE03046CEF89E
:105F20000880C7E90444C4E902CC65605A50019373
:105F3000ECF755F9019B03F1080463E700240C23F7
:105F40002046336003B0BDE8F08F4FF4007340206B
:105F50004FF03F0C73E77B688210012494409C4211
:105F6000B3D9BC68636823F00309A94503D3A9EB3F
:105F700005030F2B7BDC5E4BDFF888A11A68DAF88B
:105F80000030013305EB020800F0488108F5805825
:105F900008F10F0828F47F6828F00F0841463046C2
:105FA00000F09AFCB0F1FF3F834600F0048104EB5F
:105FB0000900584500F2FD804E4A136843441360BF
:105FC00000F04D81DAF8001001311BBFABEB00008F
:105FD0001B18CAF800B013601BF0070300F03481EF
:105FE000C3F10801C3F580538B440833D844C8F388
:105FF0000B08A3EB080841463046019200F06CFC08
:10600000431C019A00F04681A0EB0B01414441F092
:1060100001011368C7F808B04344BC42CBF8041030
:10602000136015D0B9F10F0F40F230816068A9F10B
:106030000C0121F0070100F0010004EB010C084302
:106040004FF0050E0F296060CCE901EE00F23A81B5
:10605000294A2A481168BC688B42016888BF1360CE
:1060600062688B4222F0030288BF0360A7E06219D6
:1060700043F0010345F0010565603046BA605360A6
:10608000ECF7ADF80834204603B0BDE8F08F2344A8
:10609000E1685A68A56842F00102E96030468D6007
:1060A0005A60ECF79CF80834204603B0BDE8F08F46
:1060B000DC68A34208BF02303FF4D6AE92E6142B50
:1060C00071D9542B00F2AD802B0B03F16F0003F15B
:1060D0006E0CC300B3E6234430465A6842F0010216
:1060E0005A600834ECF77BF88CE600BF04140024F7
:1060F0002C750024FC7400242475002428750024C9
:106100000C1400240C180024611945F0010E42F013
:106110000105C4F804E03046C7E90411C1E902CC26
:106120004D60E250ECF75BF808346BE6E80805F1E7
:1061300008034FE608F1010818F0030F0EF1080EEE
:106140007FF4D0AE52E019441C464A68DB6854F82C
:10615000085F42F001024A603046EB609D60ECF758
:106160003EF84FE65A0A042A35D9142A6FD802F1AC
:106170005C01C9005B3207EB010E7958AEF1080EE5
:106180008E4558D04A6822F003029A4202D98968A3
:106190008E45F7D1D1F80CE07B68C4E9021ECEF839
:1061A0000840CC608CE603F15C0003F15B0CC3009B
:1061B00045E6BC4272D0BC68626822F00302954298
:1061C000A2EB050302D80F2B3FF751AF3046ECF797
:1061D00006F8002416E69A0902F13901C90038329E
:1061E000C9E7D9F80090994540F0838010F0030F7B
:1061F000A9F1080300F1FF30F3D17B6823EA04031F
:106200007B6064009C423FF6ACAE1CB9A9E664001A
:1062100008F104081C42FAD040465FE608F1100875
:10622000BCE6B3F5AA7F26D8EB0B03F1780003F1A7
:10623000770CC30003E67B6892104FF0010808FA60
:1062400002F213437B60A8E74FF48053CEE6542A52
:1062500029D81A0B02F16F01C9006E328BE7C0F327
:106260000B0100297FF4AEAE09EB0802B96842F0D9
:1062700001024A60ECE640F2545293421CD8AB0C47
:1062800003F17D0003F17C0CC300D8E50123CBF8BA
:1062900004309BE701214FF00008BAE6164A136864
:1062A000434413608EE6B2F5AA7F14D8DA0B02F1EC
:1062B0007801C90077325EE74FF47E737F204FF09C
:1062C0007E0CBCE504F1080130460192EBF79EFA22
:1062D000019A1368BCE640F254518A4205D89A0CE0
:1062E00002F17D01C9007C3245E74FF47E717E22C8
:1062F00041E77B6885E700BFFC74002482B049B1A8
:106300005AB16BB113780B601278101C18BF0120C2
:1063100002B0704701A9002AF3D1104602B07047BD
:106320006FF00100F4E700BF000000000000000073
:1063300001F0FF01102A2BDB10F0070F08D010F836
:10634000013B013A8B422DD010F0070F42B3F6D13A
:10635000F0B441EA012141EA014122F007047FF053
:1063600000070023F0E80256083C85EA010586EAAA
:10637000010685FA47F5A3FA87F586FA47F6A5FAE6
:1063800087F68EB9EED1F0BC01F0FF0102F00702F2
:1063900032B110F8013B013A83EA010313B1F8D19D
:1063A0000020704701387047002D06BF354603387E
:1063B000073815F0010F07D1013015F4807F02BFB7
:1063C000013015F4C03F0130F0BC0138704700BF08
:1063D000032A70B414D940EA0105AD0704460B4600
:1063E00022D11D682668AE421946204603F10403F7
:1063F00004F1040418D1043A032A20461946F0D8BF
:10640000541E72B102780B789A4208BF641806D005
:106410000CE010F8012F11F8013F9A4206D1A14279
:10642000F7D1002070BC7047541EEBE7D01A70BC47
:10643000704700BF844641EA000313F003036DD1A7
:10644000403A41D351F8043B40F8043B51F8043B37
:1064500040F8043B51F8043B40F8043B51F8043B3E
:1064600040F8043B51F8043B40F8043B51F8043B2E
:1064700040F8043B51F8043B40F8043B51F8043B1E
:1064800040F8043B51F8043B40F8043B51F8043B0E
:1064900040F8043B51F8043B40F8043B51F8043BFE
:1064A00040F8043B51F8043B40F8043B51F8043BEE
:1064B00040F8043B51F8043B40F8043B51F8043BDE
:1064C00040F8043B403ABDD2303211D351F8043B7E
:1064D00040F8043B51F8043B40F8043B51F8043BBE
:1064E00040F8043B51F8043B40F8043B103AEDD22D
:1064F0000C3205D351F8043B40F8043B043AF9D27E
:10650000043208D0D2071CBF11F8013B00F8013B50
:1065100001D30B8803806046704700BF082A13D35D
:106520008B078DD010F003038AD0C3F10403D21A75
:10653000DB071CBF11F8013B00F8013B80D331F8A9
:10654000023B20F8023B7BE7043AD9D3013A11F829
:10655000013B00F8013BF9D20B7803704B78437094
:106560008B788370604670478842F0B40DD98B18E1
:1065700083420AD9841832B1224613F8014D02F839
:10658000014D9942F9D1F0BC70470F2A49D940EA30
:1065900001039B0747D1A2F110031B0901F120075A
:1065A00007EB031701F1100400F1100554F8106C0B
:1065B00045F8106C54F80C6C45F80C6C54F8086CE9
:1065C00045F8086C54F8046C45F8046C1034BC426F
:1065D00005F11005EAD1013302F00F051B01032D6F
:1065E0001944034421D91F1F0E462C46043C56F87B
:1065F00004CB47F804CF032CF8D82C1F24F0030455
:1066000004342344214402F00302002ABBD0013B9E
:106610000A4411F8014B03F8014F9142F9D1F0BC43
:1066200070470346F1E70346F1E72A46EDE700BF6E
:10663000F0B4860743D0541E002A3ED0CAB20346A7
:1066400002E014F1FF3438D303F8012B9D07F8D191
:10665000032C2BD9CDB245EA05250F2C45EA05457B
:1066600016D9A4F110073F0903F1200606EB07161F
:1066700003F1100242E9045542E902551032B242D8
:10668000F8D104F00F040137032C03EB07130DD9E5
:106690001E462246043A032A46F8045BFAD8221F13
:1066A00022F003020432134404F003042CB1C9B2F3
:1066B0001C4403F8011B9C42FBD1F0BC70471446FC
:1066C0000346C5E770B50D46084C114606461A4606
:1066D000284600232360ECF7E7F8431C00D070BD88
:1066E0002368002BFBD0336070BD00BFD41601249B
:1066F00070B5054688B008460C4600F0E1FC224A19
:10670000AB6B04940126441C04A906920222039454
:106710000590AC680796CDE901121BB3616EB4F920
:106720000C30CE079AB201D4900525D5910406D439
:10673000626E43F4005322F40052A381626628463D
:1067400001AA2146FFF78AF8636E00280CBF0A25CC
:106750004FF0FF35DA0702D4A3899B0506D52846FA
:1067600008B070BD2846FEF757FCD7E7A06DFFF7CD
:1067700097FA284608B070BDA06DFFF78FFAB4F9FC
:106780000C309AB2D2E700BFA0600708024B014666
:106790001868FFF7ADBF00BF680E0024024B0A4621
:1067A00001461868EAF752BF680E0024838903F097
:1067B0000903092B01D000207047FEF7D5BB00BFAD
:1067C000F8B50C46054610B1836B002B40D0B4F9E8
:1067D0000C309AB2970407D4626E43F4005322F44B
:1067E00000526266A3819AB200219606616038D495
:1067F00050071AD4D10662D512074ED443F00403D1
:10680000A3812369002B55D0B4F90C70BEB2B30735
:106810002AD12269226028466369256AE169A8476E
:106820000028606017DD0020F8BD216B0029E8D04A
:1068300004F14003994202D02846EAF7E7FFE36BF0
:10684000636000202063002BDBD0A36B2360F8BDC6
:10685000FEF7E2FBBBE7B4F90C3016D143F020039E
:10686000A3814FF0FF30F8BD194B1A491868012376
:10687000A38106F00906FFF76FF9092EA781C8D199
:1068800021462846FEF798FAC3E743F0400300226A
:10689000A38162604FF0FF30F8BD21462846FEF725
:1068A00035FB0028DDD1B4F90C30A060A06123F0E5
:1068B0000803A3E721462846FFF722FAA4E743F09E
:1068C000400309222A604FF0FF30A381F8BD00BFCA
:1068D0008C600708AD67060838B5074C00230546ED
:1068E00008462360EBF75AFC431C00D038BD2368F0
:1068F000002BFBD02B6038BDD416012400290CBF1F
:10690000022200224FF4806300F000B82DE9F0432A
:106910005D4C256883B00446884616461F4615B16F
:10692000AB6B002B7ED0022E05D0012E00F2A98089
:10693000002FC0F2A680636EDA0735D521462846BF
:10694000FEF7E4FA216B41B104F14003994202D011
:106950002846EAF75BFF00232363B4F90C300022DA
:106960001806A261626061D423F44A6323F0030332
:10697000022EA3811FD10025616E002004F1430285
:1069800043F00203A060C9074FF00100A381226019
:10699000C4E9042004D49B0502D4A06DFFF780F95C
:1069A000284603B0BDE8F083A3899B05C6D4A06D3B
:1069B000FFF774F9C2E701AB6A4621462846FFF7A4
:1069C00071F9A3891843A081002F36D1009F384662
:1069D000FFF7E0F98046002842D0A38943F0800306
:1069E000A381AB6B7BB3009AB4F90C30C4F8008080
:1069F000BA421CBF43F40063A381012E04BF43F0DD
:106A00000103A3819BB213F00802C4E904871ED1DD
:106A1000A260656E15F00105BDD00025284603B0C3
:106A2000BDE8F0832846FEF7F7FA7CE7216928469F
:106A3000EAF7ECFEB4F90C3096E7B8F1000FC6D0D7
:106A4000AB6B002BCFD12846FEF7E6FACBE7DA078F
:106A500004D57F420022A761A260DAE7A760D8E7E9
:106A6000DDF80090B94504D1B4F90C304FF0FF3592
:106A700082E74846FFF78EF980460028F4D04F465B
:106A8000ABE74FF0FF358BE7680E00241F2938B5C0
:106A900022D8D0F8DC3205460C466BB153F82120E1
:106AA00052B1012A12D0511C12D00025204643F8C1
:106AB00024509047284638BD284600F02FF822463B
:106AC00001462846BDE8384000F014B8002038BD23
:106AD00016230360012038BD162303604FF0FF30FA
:106AE00038BD00BF024B01461868FFF7CFBF00BF9B
:106AF000680E002438B50B46074C0546114618466B
:106B00000023236007F08AFF431C00D038BD2368B0
:106B1000002BFBD02B6038BDD416012407F076BFC4
:106B20000CB430B5214B00299DB01C6838DB4FF404
:106B3000027302900690ADF8143021A819D00139E3
:106B40000346209A0491079101904FF6FF7502A920
:106B50002046ADF8165001F0D7FE421C01DA8B2317
:106B60002360029B00221A701DB0BDE8304002B0C5
:106B7000704703460491079101904FF6FF75209AE4
:106B8000ADF8165002A9204601F0BEFE431C04DBFE
:106B90001DB0BDE8304002B070478B232360F7E79B
:106BA0008B2323604FF0FF30F2E700BF680E002414
:106BB0000EB430B59CB01FAB0C4C0D4D53F8042BEC
:106BC0000193014602910691206802A96FF00044EA
:106BD0000794CDE9044501F097FE029B00221A704C
:106BE0001CB0BDE8304003B0704700BF680E002401
:106BF0000802FFFF0EB470B59DB021AC4FF40172D6
:106C000054F8045BADF814200290069000F058FA96
:106C10000C4B019401462A46039107910A4E1868CD
:106C20000A9623464FF6FF75002402A90E9413948A
:106C3000ADF8165003F058F81DB0BDE8704003B031
:106C4000704700BF680E0024716C060810B50C4632
:106C5000B1F90E1007F072FA002803DB236D03442C
:106C6000236510BDA38923F48053A38110BD00BF09
:106C7000002070472DE9F0411646B1F90C201F465F
:106C8000D3050C460546B1F90E1007D500220223A4
:106C900006F0B8FDB4F90C20B4F90E1022F48052BD
:106CA000A2813B4632462846BDE8F04105F040BA95
:106CB00010B50C46B1F90E1006F0A4FDA389421CD4
:106CC0000EBF23F4805343F480532065A38110BD8D
:106CD000B1F90E1005F0A8BAC9B200F003030029FB
:106CE00043D07BB10378002B67D099423CD0431C42
:106CF00005E013F8012B002A5DD08A4234D09A07B0
:106D00001846F6D170B4046841EA012646EA064600
:106D100086EA0405A5F10133A4F1013223EA050353
:106D200022EA0402134313F0803F0FD150F8044FBE
:106D300084EA0605A5F10132A4F1013322EA050235
:106D400023EA0403134313F0803FEFD0037843B1E9
:106D5000994202D106E08B4204D010F8013F002B8B
:106D6000F9D1184670BC704770475BB10378002BAF
:106D7000FAD0431C03E002780133002AF4D09907CB
:106D80001846F8D10268A2F1013323EA020313F096
:106D9000803F08D150F8042FA2F1013323EA020307
:106DA00013F0803FF6D00378002BDDD010F8013FC0
:106DB000002BFBD17047104670471846704700BF44
:106DC000A2EB0300704700BF02780B78012A28BFAE
:106DD0009A42F5D16DE9044540EA0104CDE9026724
:106DE0006FF0000C4FEA447212B380EA010414F011
:106DF000070F6AD100F0070420F0070004F0030534
:106E000021F007014FEAC505F0E8042314F0040F50
:106E1000F1E804670CFA05F462EA040266EA040683
:106E20000AD063EA0403624667EA0407664603E0A1
:106E3000F0E80423F1E8046782FA4CF582EA0604DC
:106E4000A4FA8CF46CBB83FA4CF583EA0705A5FA27
:106E50008CF595B950E9022351E9026782FA4CF5A5
:106E600082EA0604A4FA8CF483FA4CF583EA070557
:106E7000A5FA8CF52543DBD09CB92DBAB5FA85F47B
:106E800024F0070427FA04F1DDE9026723FA04F38A
:106E900003F0FF0001F0FF01FDE80445A0EB010055
:106EA000704724BAB4FA84F424F0070426FA04F1F3
:106EB000DDE9026722FA04F202F0FF0001F0FF01AF
:106EC000FDE80445A0EB0100704714F0030F3CD12E
:106ED00010F0030428D150F8082B51F8083B82FA2F
:106EE0004CF582EA0305A5FA8CF55DB950F8042C3F
:106EF00051F8043C82FA4CF582EA0305A5FA8CF5B8
:106F0000002DE8D02DBAB5FA85F424F0070423FA51
:106F100004F122FA04F202F0FF0001F0FF01FDE8A3
:106F20000445A0EB010070474FEAC40420F00300C1
:106F300050F8082B21F0030151F8083B0CFA04F437
:106F400062EA040263EA0403C9E710F003041AD0FA
:106F5000A1EB040120F00300E40750F8042B06D055
:106F60000FD28B785FFAA2F4E41A06D12BB1CB785A
:106F70005FFAB2F4E41A00D11BB920465DF8104B59
:106F8000704701F1040150F8042BCC0721F00301F4
:106F900051F8043B48D824D222F07F4482FA4CF5C1
:106FA00094EA1325A5FA8CF50AD165B951F8043B8A
:106FB00084EA0204B4EB036F0ED150F8042BEBE724
:106FC0004FEA132355E035F07F454DD10878FDE8B1
:106FD0000445C0F1000070474FEA126203F0FF035E
:106FE00047E002EA1C4482FA4CF594EA1345A5FAFC
:106FF0008CF50AD165B951F8043B84EA0204B4EB7C
:10700000034F0CD150F8042BEBE74FEA134330E069
:1070100015EA1C4528D10B884FEA124229E04FEAB5
:10702000124203EA1C4324E002F0FF0482FA4CF50A
:1070300094EA1365A5FA8CF50AD165B951F8043BB9
:1070400084EA0204B4EB032F09D150F8042BEBE7D8
:107050004FEA13630DE015F0FF0F05D10B684FEAFF
:10706000122223F07F4304E04FF00000FDE80445C6
:10707000704712BA1BBA82FA4CF482EA0304A4FAEB
:107080008CF5B5FA85F402FA04F203FA04F34FEA38
:107090001260FDE80445A0EB13607047000000009B
:1070A00000000000000000000000000000000000E0
:1070B00000000000000000000000000000000000D0
:1070C00090F800F06DE9024520F007016FF0000C28
:1070D00010F0070491F820F040F049804FF00004D0
:1070E0006FF00700D1E9002391F840F000F10800AB
:1070F00082FA4CF2A4FA8CF283FA4CF3A2FA8CF3E3
:107100004BBBD1E9022382FA4CF200F10800A4FA49
:107110008CF283FA4CF3A2FA8CF3E3B9D1E904239D
:1071200082FA4CF200F10800A4FA8CF283FA4CF3D4
:10713000A2FA8CF37BB9D1E9062301F1200182FA8E
:107140004CF200F10800A4FA8CF283FA4CF3A2FA94
:107150008CF3002BC6D0002A04BF04301A4612BAA2
:10716000B2FA82F2FDE8024500EBD2007047D1E9A5
:10717000002304F00305C4F100004FEAC50514F034
:10718000040F91F840F00CFA05F562EA05021CBF05
:1071900063EA050362464FF00004A9E7002A41D0E4
:1071A00040EA010313F00303F0B425D1032A23D9E5
:1071B00004680D68AC421FD1043A35D0A4F1013502
:1071C00025EA040414F0803F31D1071D0D1D0DE0A8
:1071D00057F8043B0E68A3F10134B34224EA0304D8
:1071E0000AD1043A20D014F0803F1DD1032A294649
:1071F000384605F10405EBD803780C789C4202F17F
:10720000FF320CD182B114B90EE06AB17BB110F833
:10721000013F11F8014FA34202F1FF32F5D0181BD4
:10722000F0BC7047104670470020F0BC704718460D
:10723000F6E700BF70B40478A4B10D7806464DB1EE
:10724000A5420AD00A4601E0A34206D012F8013F47
:10725000002BF9D1801B70BC704710F8014F002C37
:10726000EDD1F7E72046F6E74FF0010C2DE9F041AC
:10727000644600264FF0FF3533198B4200EB0507BB
:107280000DD23F5D10F803E0BE452DD21E4601240D
:10729000A3EB050C33198B4200EB0507F1D34FF03C
:1072A0000108C2F800C0444600264FF0FF373319EA
:1072B0008B4200EB070C0ED21CF804C010F803E060
:1072C000E64518D91E460124A3EB070833198B4263
:1072D00000EB070CF0D30137681C874224BFC2F8CB
:1072E00000803846BDE8F0810CD04FF0010C3546E7
:1072F00064466644C0E70BD04FF001083746444669
:107300004644D4E7644512BF01341E460124B3E766
:10731000444512BF01341E460124C8E72DE9F04F51
:10732000ADF2144D914605468B461046194603AA08
:107330001C46FFF799FF03AB80460DF20C4243F861
:10734000044F9342FBD154B1631E09F1FF3204A8EC
:1073500012F8011F40F8213013F1FF33F8D20399DE
:10736000424649444846FFF733F800286ED108F1F9
:10737000FF3301934B44824600932346074654460D
:1073800058469A4607EB0A06321A00212844FEF7AF
:10739000CFFF002855D1002E53D0AB1904AA13F803
:1073A000013C52F823304BB124B1039A9A4201D9DF
:1073B000AAEB02031F4400243046E3E7444523467A
:1073C0000AF1FF3C38BF4346634513D2FA1819F857
:1073D000030015F802E086452A4409EB030106D0B4
:1073E0002BE011F801EF12F8010F864525D101338A
:1073F0006345F6D3019B4445194680F08780FB180E
:10740000009AE85C127882422B447FD1009804F104
:10741000FF3B06E010F801ED13F801CDE64503D17E
:1074200011464A1E9345F5D101348C4270D8039C15
:1074300030462744AAEB0404A4E7C8F1010217442C
:10744000B8E700200DF2144DBDE8F08FA4EB08035F
:10745000434538BF4346013308F1FF37039309EB37
:10746000070358464FF0000AC34698460AEB040645
:10747000321A00212844FEF75BFF0028E1D1002EDC
:10748000DFD0AB1904AA13F8013C52F82330A3BB98
:10749000611E8B4515D20AEB0B0219F80B3015F85B
:1074A00002C09C452A4409EB0B005B4606D027E04E
:1074B00010F801EF12F801CFE64521D101338B42DC
:1074C000F6D37B1C12D00AEB070398F80000E95CA6
:1074D000884205EB03020FD1434605E013F8010D86
:1074E00012F8011D884207D14B45F7D105EB0A0080
:1074F0000DF2144DBDE8F08F039B9A443046B5E77A
:10750000CBF1010292449A443046AFE741468BE703
:10751000E81997E72DE9F04F02780E4685B0054649
:1075200009788AB3A1B18446741C0846012701E09A
:1075300068B11C46904214BF002707F0010723469C
:107540001CF8012F13F8010B002AF1D1F0B91FB17B
:10755000284605B0BDE8F08F681CFFF7BDFB074665
:10756000A0B1A41B012C16D0254485422CBFA5EB4D
:1075700000094FF001091F2C0FD923463246494616
:10758000FFF7CCFE0546E3E70029E1D000252846B9
:1075900005B0BDE8F08F0546DAE703AA214630467C
:1075A000FFF762FE03998046024631443046FEF7FB
:1075B0000FFF00284ED108F1FF330193F3188246E4
:1075C000054600934846B3466619321A00213844EE
:1075D000FEF7AEFE0028D9D1002ED7D0D0454346C5
:1075E00038BF53469C4212D95A191BF80310B85C95
:1075F00081423A440BEB030C06D072E01CF8010FF9
:1076000012F8011F88426CD101339C42F6D1019BD4
:10761000D045194677D9EB18009AF85C1278824267
:107620003B4470D100980AF1FF3906E010F801EDF3
:1076300013F801CDE64503D111464A1E4A45F5D15E
:107640000AF1010A8A454AD8039B30461D44A4EB3F
:10765000030AB9E7A4EB0803434538BF43460133A7
:1076600008F1FF3A039306EB0A0348460025B346A8
:1076700099466619321A00213844FEF759FE00284F
:1076800084D1002E82D0444514D908EB05021BF8A2
:107690000830B85C98423A440BEB0801434606D0E8
:1076A00027E011F801CF12F8010F844521D10133F1
:1076B0009C42F6D1BAF1FF3F11D005EB0A0399F8CD
:1076C0000020F95C91423B4419D14A4605E012F88A
:1076D000010D13F8011D884211D15A45F7D13D44DF
:1076E00036E7C8F1010215441D444FF0000A304648
:1076F0006AE7C8F1010215441D443046B9E7039B0F
:1077000030461D44B5E741469AE700BF70B50D46C7
:10771000164606F0AFFB41EC100B7EB1C5F30A53E1
:10772000C3F16B03002B09DD1B0503F17F51002022
:1077300001F5401141EC170B20EE070B70BD000066
:107740002DE9F04F2DED0E8B1D469BB00023824698
:10775000284689460992169306F044F8002400232F
:1077600006460068CDE90634FFF7AAFCCDF8549030
:1077700083464B461A4613F8014B2D2C00F2F1803C
:10778000DFE814F05A00EF00EF00EF00EF00EF0029
:10779000EF00EF00EF00C000C000C000C000C0005C
:1077A000EF00EF00EF00EF00EF00EF00EF00EF0061
:1077B000EF00EF00EF00EF00EF00EF00EF00EF0051
:1077C000EF00EF00C000EF00EF00EF00EF00EF0070
:1077D000EF00EF00EF00EF00EF006A00EF00BD00E8
:1077E0005A464046FFF7DAFC002840F08B83159B91
:1077F00003EB0B02159213F80B40302C034606D115
:10780000013215921478302C03F10103F8D0A4F161
:107810003102082A40F2A985652C4FF0000240F0A1
:107820006B83164617464FF0010B002B40F0568134
:107830000499002940F05281099B13B1099BC3F8B8
:1078400000909FEDAB7B8DED047BDDE904011BB067
:10785000BDEC0E8BBDE8F08F00230A9302F1010806
:10786000CDF854805478002CE6D0302C7ED0002304
:107870000493A4F13003DAB2092A3168B0D80026A3
:1078800037463546404601301590082D047807EB01
:107890008702CABF06EB860603EB420703EB4606E8
:1078A000A4F13003DAB2092A05F10105EBD95A46F1
:1078B000FFF774FC40B3002318469B462A46652C0C
:1078C00068D0452C66D04FF0000C002D40F0BF80F2
:1078D0001BB9049B002B00F0B7829FED857B8DEDDB
:1078E000047B099A0AB1159B13600A9B002BACD04C
:1078F0009DED047BB1EE477B8DED047BA5E7012375
:107900000A93ABE7159335E7159B03EB0B02159232
:1079100013F80B402A460346A4F1300CBCF1090FC2
:1079200000F24382591CE346DDF854E0BCF1000F3D
:1079300000F076860129084400F06F862B4404E0AD
:10794000670099420D4600F05A84082D05F10101A7
:1079500007EB8704F4DD1029DCBF06EB8606760012
:10796000EFE70023302C90460A9380D198F801303D
:10797000582B00F01D82782B00F01A824346013309
:1079800015931C78302CFAD09846002CA5D00123F2
:1079900004936EE7002D3FF448AFDDF8549009F1F1
:1079A0000101159199F801402B2C00F020822D2C1B
:1079B00000F0258200210B91A4F13001092900F289
:1079C0008F80302C05D11599013115910C78302C10
:1079D000FAD0A4F1310108293FF675AF15990C9141
:1079E00001F1010CA4F130010C9CCDF854C0647875
:1079F0000D91A4F1300EBEF1090F12D89E466346D8
:107A00000133159301EB810104EB41011C78A4F1D2
:107A1000300CBCF1090FA1F13001F1D99C460D9158
:107A200073460C99ACEB010CBCF1080F44F61F6CCB
:107A300004DC0D996145A8BF61468C460B9900296D
:107A40003FF443AFCCF1000C002D3FF441AF07EE03
:107A5000907AB8EE677BACEB00038DED047B0C9362
:107A6000DDE90434002A08BF2A46102DCDE906348A
:107A70002B46A8BF1023092D46DC0C99002928D0DD
:107A80000C9840F36184162800F37F841A4901EBB7
:107A9000C00191ED007B9DED066B27EE067B8DED21
:107AA000047B1EE715A8154905F094FD00283FF456
:107AB000C3AE159B1249013B15A8159305F08AFD2D
:107AC00010B9159B01331593DFF838900023CDE9E9
:107AD00006399DED067B8DED047B02E700255CE712
:107AE000CDF854904FF0000CEFE600BFAFF30080EC
:107AF0000000000000000000F0620708A460070812
:107B0000A86007080000F07FC94901EBC30111ED2F
:107B1000126B9DED045B07EE906A0F2DB8EE677B4C
:107B2000A5EE067B8DED067BA7DD0C99EB1A0B44C9
:107B3000002B40F3E58213F00F000AD0BC4901EBA3
:107B4000C0019DED066B91ED007B27EE067B8DED70
:107B5000067B33F00F030FD0B3F59A7F40F3AB836E
:107B6000B44B0793002206929DED067B22238DEDF8
:107B7000047BCAF80030B4E600230B9300972B4631
:107B80004146504605F0F2FE8346002800F0C281CF
:107B90000C9A0026002AC2F10003A8BF33460D93B9
:107BA00022EAE2739FED98AB9FED999B9FED9ABB04
:107BB0009FED9B8B34460F93B3E0D21A1F2AA7EB9D
:107BC000020700F32C8201239340109300231193AA
:107BD000B8440B9B4F44B94598444B46A8BF3B461D
:107BE0004345A8BF4346002B04DDFF1AA8EB03085A
:107BF000A9EB03090D9B002B40F0A981002F00F396
:107C0000BF810C9B002B00F3E481B8F1000F00F35F
:107C1000EB81B9F1000F08DD21464A46504606F0D7
:107C200041F80446002800F0DD812A4616995046A6
:107C300006F0AAF80646002800F0D4810023C268A6
:107C4000C36021460E9206F083F80028C0F2D78365
:107C5000DDF81C9000F01D842146304606F0EAF95C
:107C6000B0EE006B41EC170BB4EEC67BF1EE10FAF0
:107C700000F2C4810E9B002B00F0E181B7EE00DB27
:107C80006D4B0022DFF8AC816C4909EA08078F428E
:107C900000F0EE810B99D9B1B7F1D46F18D8B4EEDA
:107CA000C8DBF1EE10FA10D8BCEECD7B17EE103A1F
:107CB000002B00F08983B8EE47DB0E9B002B40F0D1
:107CC0008083B1EE4D7B53EC172B03F1D661CB1BB8
:107CD000DDE904894046494643EC1C2B06F0CAF80E
:107CE00049EC178B41EC160BACEE067B53EC172BD3
:107CF000CDE906230B9A22B94E4A1A40974200F06A
:107D0000E3811699504605F0E7FD2946504605F0F7
:107D1000E3FD2146504605F0DFFD3146504605F0B3
:107D2000DBFDDBF80410504605F0B0FD05460028E9
:107D300000F05881DBF810209DED067B02329200A6
:107D40000BF10C010C308DED047BFEF773FB18A8D2
:107D500017A9CDE90010DDE90423504606F00CF91F
:107D60001690002800F015810121504605F09AFE7A
:107D70000446002800F03681179B002BC0F2498191
:107D80000D9ADDF83C8003EB02090B9A189F9B1AB1
:107D90003B442B4A013B9342C7F13607FFF60DAF38
:107DA00001230020CDE9103012E74FF0010B86E5EA
:107DB0000A9A029516ABCDE9003215A917AB214AF4
:107DC000504605F077F910F0070504463FF485ADFD
:107DD000062D40F03D82099A08F10103002A3FF484
:107DE00030AD9FED117B13608DED047B2DE50021FF
:107DF0000B9109F10201159199F80240DCE501218E
:107E00000B91F6E7AFF300809535A094FFFFDF3FBD
:107E100035E5AF350000E03F9535A094FFFFCF3F3B
:107E20000000C0FFFFFFDF41000000000000000075
:107E3000F06207080000F07F0000F03F0000E07FE4
:107E400002FCFFFFB4600708BBF1000F7FF4F4AC45
:107E5000493C252C3FF6F0AC01A353F824F000BFB9
:107E6000A57A0608397806083978060839780608A8
:107E7000397806082B7F060839780608397806080D
:107E800039780608397806083978060839780608F6
:107E900039780608397806083978060839780608E6
:107EA00039780608397806083978060839780608D6
:107EB00039780608397806083978060839780608C6
:107EC00039780608397806083978060839780608B6
:107ED00039780608397806083978060839780608A6
:107EE000A57A060839780608397806083978060828
:107EF000397806082B7F06081546164617464FF0B8
:107F0000010BDEE4002216461746134610461546BE
:107F10009346D4E4C64BCDE906039DED067B2223B0
:107F20008DED047BCAF80030DBE415A8C14905F0EB
:107F300051FB00283FF480AC159B1B78282B00F0E8
:107F40002983DFF808830023CDE90638C1E52146FF
:107F50001A46504605F056FE0446002842D0014617
:107F6000169A504605F0A8FD00283BD00E901699B1
:107F7000504605F0B1FC0E9B1693002F7FF741AEE3
:107F80003A461699504605F08DFE169000287FF46B
:107F900038AEA74B0793002206929DED067B8DED30
:107FA000047B2223CAF800300146504605F094FCB9
:107FB0002946504605F090FC2146504605F08CFCC1
:107FC0005946504605F088FC3146504605F084FC81
:107FD00087E429460F9A504605F014FE054600280E
:107FE0007FF413AE1698D4E729464246504605F072
:107FF00059FE054600287FF40CAEF3E70E9BB6EE63
:1080000000DB27EE0DDBBBB9B1EE4D7B53EC172B3C
:1080100038E60F9ADDF83490A2EB0308B5E6C3F119
:108020007F4303F57F0303F57B430122E23302FA2A
:1080300003F3CDE91023CBE553EC1D2B22E6069B81
:10804000002B40F0C780C9F31303002B37D1B7EEE4
:10805000006BB4EEC67BF1EE10FA00F1CB81B6EE08
:1080600000DB27EE0DDBB1EE4D7B53EC172B09E661
:10807000A9F1547107919DED06EB51EC1E0B43ECF9
:108080001C2B05F0F7FE41EC170BACEE07EB8DED6A
:1080900006EB079B684ADDE9040103EA08089045FE
:1080A000CDE9120140F2A780644B059A9A4200F094
:1080B0008E8162494FF0FF33CDE9063121E6B7EEFC
:1080C00000DB00225E4BDDE5BDEECD7B0E9AB8EE07
:1080D000C77B3DEE477B002A70D1069A002A6DD1FE
:1080E000C3F31303002B69D1B4EECB7BF1EE10FA8E
:1080F0007FF507AE9DED067B16988DED047B53E76B
:108100003FF43AAD5B4213F00F000AD04D4901EB4A
:10811000C0019DED066B91ED007B86EE077B8DED3A
:10812000067B1B113FF428AD1F2B3EDC13F0100122
:108130000B9140F0E481002B40F3DE819DED067B46
:108140008DED047B40490020DC0708D59DED046BD4
:1081500091ED007B26EE077B8DED047B01205B100B
:1081600001F10801F0D1002840F04D820B9B002B5B
:1081700000F0C281DDE90601C1F30A53C3F16B03CC
:10818000002B0ADD1F2B40F328820020342B0690A1
:1081900040F32B824FF05C7307939DED067BB5EEA9
:1081A000407BF1EE10FA7FF4E9AC9FED1F7B2223B8
:1081B000CAF800308DED047BFFF793BBB4EECA7BA9
:1081C000F1EE10FA96D4B4EEC97BF1EE10FA7FF717
:1081D00098AD8FE7069B012B7FF471AFB9F1000FCB
:1081E0007FF46DAF9FED107B2223CAF80030169804
:1081F0008DED047BD8E603F1547307937AE54D1CAB
:10820000082940F3BC80102D00F3F28006EB8606AF
:108210000CEB460600230EF1010115919EF801407A
:10822000FFF77ABBAFF30080000000000000000001
:108230000000F07FB0600708FFFF9F7CFFFFEF7F2B
:108240000000F0BFF0620708E06007080000F8FFD8
:10825000169A3AB1352118A805F020FF5046169914
:1082600005F03AFB013D042D06D8DFE805F0180CB7
:1082700003111800B64B0793230742BF079B43F037
:108280000043079325E4189B0693199B0793F3E794
:108290004FF0FF336FF00042CDE90632ECE7DDE945
:1082A0001813179A069102F2334223F4801343EA1B
:1082B00002530793E0E71B11012BA64E40F30F81F9
:1082C0009DED067B8DED047B00243146204613F0A6
:1082D000010F00F101004FEA630308D09DED046B2C
:1082E00091ED007B26EE077B8DED047B0124012BB5
:1082F00001F10801EBD1002C40F08A81079B9449E1
:10830000954CA3F15473079306EBC00090ED007BEE
:108310009DED066B27EE067B8DED047B0598DDE970
:1083200004BC00EA0103A342CDE906BC54D8A1F184
:1083300058718B4240F2CC80884B079300230B93FB
:108340004FF0FF33069319E410F11601FFF6EDAB81
:108350008349A1EBC00191ED007B9DED066B86EE9C
:10836000077B8DED047BFFF7BCBADDF8548000225B
:10837000A4F1300B581CC64617461646012507EBDC
:1083800087070BEB4707002345E70C98C5F125014C
:108390008142FFF6CAABC5F10F05714B421B03EBDF
:1083A000C20203EBC50392ED006B93ED007B9DEDE4
:1083B000065B27EE057B27EE067B8DED047BFFF742
:1083C00090BA53EC1D2B80E4B7EE00DB75E4049B00
:1083D00001337FF46EAE05E60023069307919DED11
:1083E000067B22238DED047BCAF80030FFF779BAB3
:1083F000002310E700225B4BB6EE00DB42E40E9B4D
:10840000002B60D1DDE9061200295CD1C2F3130311
:10841000002B58D122F000431B0D1B05B3F1D66F82
:1084200051D9736913B93369012B4CDD31460122EF
:10843000504605F037FC2146064605F089FC002829
:1084400041DDDDE906010B9B0A46002B00F0B480FC
:1084500021F000431B0D1B05B3F1D66F00F3AC8078
:10846000B3F15C7F7FF7BEAE3F4A0023CDE9123205
:108470009DED047B9DED126B27EE067B8DED047B5D
:10848000059B1BBB049B0BBB22231698CAF800302C
:108490008AE50E99354AC9F3130311B3934233D0D9
:1084A000119B23B313EA090F0DD00E9B0B9ADDE944
:1084B0000601002B5CD0FFF729F99DED047B37EE18
:1084C000007B8DED047B0B9B002BCDD116986BE5CB
:1084D00000F15473079300230B93FFF74FBB002069
:1084E0000CE7002BDCD1069B002BD9D1A9E7109B10
:1084F000069A1342E7D0D8E700230B934DE6002BF2
:108500007BDD6A210B9119E60B9B069A002B3ED06E
:108510000F4B09EA0303B3F1D46F38D81B0DC3F135
:108520006B034FF0FF3101FA03F39A42B8D10B4BC2
:10853000994565D0064B09EA030303F580130793B9
:10854000002306939DED067B8DED047BBBE700BF0A
:108550000000F07FC86207080000A07CFFFFEF7FEB
:10856000F06207080000E0BF00005039FFFF0F0075
:10857000FFF7CCF89DED047B37EE407BB5EE407BFA
:10858000F1EE10FA8DED047B3FF42CAE9BE74FF03B
:10859000FF33CAE715A818AA224905F033F80528C1
:1085A0007FF4CFAC199B43F0FF4343F4E003079300
:1085B000189B0693FFF78DBA1B4B1340A3F580134E
:1085C0006FEA13536FEA035307934FF0FF33069399
:1085D0009DED067B8DED047B75E74FF0FF3101FAD1
:1085E00003F3069919400691D7E5203B4FF0FF3081
:1085F00000FA03F30B400793CFE56A230B93B9E529
:10860000013297D1EEE4DDE90434CDE90634ADE57D
:10861000DDE90434CDE9063470E629460135EFE59D
:108620000B46F8E5C86007080000F07F054B1B68A3
:1086300010B45B6B044C002B08BF23465DF8044B61
:10864000FFF77EB8680E0024981200242DE9F84F39
:108650000E468046174699460D4600E025462C46B4
:108660000A9814F801BBFDF703FB5844417811F058
:108670000801F3D1BBF12D0F57D0BBF12B0F04BF75
:1086800095F801B0AC1CB9F1000F04D0B9F1100F8E
:1086900050D0CC4605E0BBF1300F55D04FF00A0961
:1086A000CC4600290CBF6FF0004E4FF0004E002565
:1086B000BEFBFCF328460CFB13EA05E029D00CFBBB
:1086C0000020012514F801BBABF13002092A05D9BD
:1086D000ABF14102192A0BD8ABF1370291450FDDFE
:1086E000B5F1FF3FEED08342E8D24FF0FF35E9E726
:1086F000ABF16102192A03D8ABF157029145EFDCC7
:108700006B1C0BD001B140420FB14DBB3E60BDE8C8
:10871000F88F9245D3DA4FF0FF35D3E72223C8F81C
:108720000030FFB1661E7046F0E7AC1C95F801B052
:108730000121A8E7BBF1300FABD1237803F0DF03B1
:10874000582B06D0CC46ACE7237803F0DF03582B38
:108750000AD14FF0100C94F801B0E1460234A0E7C2
:108760008646DFE77046D2E74FF00809CC4698E727
:1087700030B5064C064D2468646B83B0002C08BFEE
:108780002C460094FFF762FF03B030BD680E002452
:10879000981200242DE9F0470D46074616469846E4
:1087A0008A4600E0A2465446089814F8019BFDF75B
:1087B0005FFA4844407810F00800F3D1B9F12D0F6A
:1087C0005CD0B9F12B0F0ABF9AF8011049460AF1A3
:1087D0000204B8F1000F0CD0B8F1100F54D04FF0D4
:1087E000FF3EBEFBF8FE08FB0EFA6FEA0A0AC1461E
:1087F00008E0302950D04FF00A08DFF8E0E0C14629
:108800004FF0050A00239C4607E0F44513D828D012
:1088100009FB0C2C012314F8011BA1F13002092AD9
:1088200005D9A1F14102192A08D8A1F137029045D2
:108830000CDD002BE9DA4FF0FF33ECE7A1F1610228
:10884000192A03D8A1F157029045F2DC002B0DDB69
:1088500008B1CCF1000C0EB173B935606046BDE8CB
:10886000F0875245D4DD4FF0FF33D4E722233B603D
:108870004FF0FF3C002EF1D0651EEEE70AF1020436
:108880009AF801100120A4E7302912D04FF00F0A06
:108890006FF0704EC146B5E7237803F0DF03582B25
:1088A0000CD04FF00808C1464FF0070A6FF0604E39
:1088B000A8E7237803F0DF03582B09D14FF0100904
:1088C0006178C8464FF00F0A02346FF0704E99E796
:1088D000C1466FF0704E4FF00F0A93E799999919BE
:1088E00030B5064C064D2468646B83B0002C08BF7D
:1088F0002C460094FFF74EFF03B030BD680E0024F5
:1089000098120024000000002DE9F04F2DED068B99
:10891000BFB00C460B9190460F930C9004F064FF8F
:10892000036815931846FEF7CBFBA38914901D0628
:1089300003D52369002B00F0E28600239FED968B80
:108940009FED979BCDE922330DF1B8091293139354
:1089500016930A93CDF88490CA4698F80030002BFD
:1089600000F09A80252B444602D11CE0252B03D031
:1089700014F8013F002BF9D1A4EB080585B1DDE91E
:10898000223201332A44072BCAF80080CAF8045067
:10899000CDE9223278DC0AF1080A0A9B2B440A93BB
:1089A0002378002B78D04FF0000300228DF8673039
:1089B0004FF0FF3063780D921146164604F101081E
:1089C000099008F101089B46ABF12003582B00F2F7
:1089D0005E83DFE813F0C6025C035C03C1025C0344
:1089E0005C035C035C035C035C03B502B0025C03E4
:1089F000500335035C035503BB00BB00BB00BB0049
:108A0000BB00BB00BB00BB00BB005C035C035C03A2
:108A10005C035C035C035C035C035C035C031303A7
:108A2000E7025C03E7025C035C035C035C03E202B5
:108A30005C035C03AA005C035C035C035C035C03F3
:108A400077005C035C0390025C035C035C035C03E3
:108A50005C035C035C035C035C035C0388013B0117
:108A6000E702E702E70236013B015C035C032901F0
:108A70005C031501AC00CF00CA005C03EB005C0393
:108A800079005C035C03CE0221AADDE90B1005F03E
:108A90007FFD40B9CA4680E7239B23B10C980B9910
:108AA00021AA05F075FD0B9B9B8913F0400F0A9BD3
:108AB00018BF4FF0FF330A930A983FB0BDEC068B06
:108AC000BDE8F08F46F01006B7060F9B40F1FA8420
:108AD000073323F0070303F10802D3E900450F929F
:108AE00001234FF000028DF86720099A013200F04F
:108AF000FF8326F08002079254EA05024FF0000738
:108B000040F0C780099A002A40F07B86002B40F095
:108B1000AE8416F001030E9300F018853EAB1A46A2
:108B2000302302F8413D1092D4E046F0100616F0D2
:108B3000200300F0D0840F9B073323F0070303F1D9
:108B40000802D3E900450F920023CAE7ABF13003D6
:108B5000002018F801BB00EB800003EB4000ABF1F4
:108B60003003092BF5D90D902EE746F0200698F832
:108B7000003026E70F9A0C4B14681393043247F623
:108B80003003ADF8683046F002060F92002502234C
:108B90004FF0780BA5E700BF0000000000000000C8
:108BA000FFFFFFFFFFFFEF7F2C6107080F9A13689D
:108BB00010934FF000018DF86710141D002B00F08A
:108BC000CE85099A531C00F06D8600211098FDF7A0
:108BD000AFFB002800F05387109B9DF867700F943F
:108BE000C31A00220E9323EAE373099207960893AF
:108BF0001192002F00F08A80089B0133089385E0D2
:108C0000002A41F04D800F9AB00652F8043B0F92B3
:108C100000F1D484F10600F1C885720640F1C585E3
:108C2000BDF828201A8098E698F800306C2B03BF16
:108C300098F8013046F0200608F1010846F01006C9
:108C4000BFE646F0400698F80030BAE6002A41F048
:108C50003B80B4060F9B40F1DA81073323F0070312
:108C6000D3E9004503F108020F92002C75F10003CF
:108C7000C0F27884099B9DF86770013300F07D8411
:108C800026F08002079254EA05024FF001033FF4F8
:108C900039AF012B00F03283022B00F05483494698
:108CA00000E01146E20842EA4572E80804F00703D2
:108CB00005461446303354EA050001F8013C01F141
:108CC000FF32EED107981092C00700F12284A9EB81
:108CD00002030E93099B0E9A9342B8BF1346089362
:108CE0000023119385E70F9A079613688DF890304B
:108CF0004FF00001131D8DF8671001210027CDE909
:108D00000E1324AB0891099711971093079B13F04A
:108D1000020302D0089A023208920799239A11F0AE
:108D200084063AD10D9908980C1A002C35DD102CC8
:108D30002299BD4D24DD50461027C246B0461E463E
:108D400004E0103C102C00F1080015DD0131103258
:108D50000729CDE92212C0E90057F2DD21AADDE999
:108D60000B1005F015FC00287FF49DAE103C102C74
:108D7000DDE922124846E9DC33464646D0468246C3
:108D8000013122440729CDE92212CAE9005400F337
:108D900010859DF867700AF1080A77B122990131B0
:108DA00001320DF1670401200729CDE92212CAE939
:108DB000004000F3B0820AF1080A6BB1229B013334
:108DC00002321AA80221072BCDE92232CAE900019A
:108DD00000F3AE820AF1080A802E00F0C781099BD9
:108DE0000E995D1A002D2FDD102D229B8F4C20DD5A
:108DF00051461026DDE90BA704E0103D102D01F1CE
:108E0000080115DD01331032072BCDE92232C1E90B
:108E10000046F2DD21AA5146384605F0B9FB00288C
:108E20007FF441AE103D102DDDE922324946E9DCE8
:108E30008A4601332A44072BCDE92232CAE900458C
:108E400000F396820AF1080A079BDB0500F13681E0
:108E5000229B1099CAF800100E99CAF80410013329
:108E60000A44072B2392229300F3EE810AF1080AA9
:108E7000079B590730D50D9B08995C1A002C2BDDF8
:108E8000102C229B684D1EDD1026DDE90BB704E097
:108E9000103C102C0AF1080A15DD01331032072BA3
:108EA000CDE92232CAE90056F2DD21AA59463846F8
:108EB00005F06EFB00287FF4F6AD103C102CDDE9C8
:108EC0002232CA46E9DC01332244072BCDE92232A3
:108ED000CAE9005400F330830A9B0D990898814237
:108EE000ACBF5B181B180A93002A40F07681002360
:108EF0002293CA4631E5002A40F0DA864C4B1393A0
:108F0000B1060F9B3DD5073323F00703D3E9004596
:108F100003F108020F92F70740F1B78054EA050306
:108F200000F0B38030238DF868308DF869B046F0DA
:108F300002060223D5E598F8003001222B2140E5F6
:108F40000F9898F8003004680D94002C00F104008C
:108F5000C0F2E4830F9034E546F0010698F8003043
:108F60002FE598F8003000297FF42BAD0122202155
:108F700027E5002A40F0A0862E4B1393B1060F9BE5
:108F8000C1D453F8044B0F93F20600F1E382730649
:108F900040F1E082A4B20025BDE746F0080698F84B
:108FA00000300EE5002A40F07F860F9B073323F048
:108FB000070393ED008B0833B0EEC87BB4EE497B1A
:108FC000F1EE10FA0F9340F30783B5EEC08BF1EE8C
:108FD00010FA00F113859DF86770174A174B0321AB
:108FE000002026F08004BBF1470FD8BF1A46CDE918
:108FF0000810079410920E911190FAE5002A40F0A3
:109000005F8646F01006B4060F9B3FF526AE53F878
:10901000044B0F93F00600F19F82710640F19C8291
:1090200024B2E51721E600BF4C6107085C61070820
:10903000186107082C6107080C6107080861070818
:1090400098F800B0BBF12A0F08F1010000F00F867C
:10905000ABF13003092B804600F2E584002018F8BC
:1090600001BB00EB800003EB4000ABF13003092BA8
:10907000F5D90990A8E498F8003046F00406A0E479
:1090800046F0800698F800309BE4022329E5002A88
:1090900040F01E86BBF1000F3FF4FEAC0123002719
:1090A00008934FF000020E9324AB8DF890B08DF82A
:1090B0006720079609971197109327E6BBF1650F74
:1090C00040F3CD80B5EE408BF1EE10FA40F06081B8
:1090D000229BAD49CAF80010013301320121072B50
:1090E000CDE92232CAF8041000F3B6830AF1080A67
:1090F000129A1B9B9342239A80F21982229B159904
:10910000CAF800101499CAF8041001330A44072B56
:10911000CDE9223200F318830AF1080A129B5D1E82
:10912000002D7FF7A5AE102D229B984C40F36D8348
:109130001026DDE90BB705E00AF1080A103D102DF5
:1091400040F3638301331032072BCDE92232CAE9A1
:109150000046F1DD21AA5946384605F019FA0028E3
:109160007FF4A1ACDDE92232CA46E7E70D9B0899FE
:109170005D1A002D7FF733AE102D229B834C20DD2E
:1091800051461026DDE90BA704E0103D102D01F13A
:10919000080115DD01331032072BCDE92232C1E978
:1091A0000046F2DD21AA5146384605F0F1F90028C3
:1091B0007FF479AC103D102DDDE922324946E9DC1F
:1091C0008A4601332A44072BCDE92232CAE90045F9
:1091D00000F325830AF1080A01E621AADDE90B1054
:1091E00005F0D6F900283FF482AE5CE421AADDE95F
:1091F0000B1005F0CDF900287FF455AC1B99239A8C
:10920000CA4619B9129B002B00F05C83229B15986B
:10921000CAF800001498CAF8040001330244072B6E
:109220002392229300F336840AF1080A0029C0F23F
:109230006F841299109801330A44072BCDE922322A
:10924000CAE900017FF712AE21AADDE90B1005F093
:109250009FF900287FF427AC239ACA4608E6129C9F
:109260002298012C02F1010200F101030AF1080128
:1092700040F33C810120109CCAF80040072BCDE947
:109280002232CAF8040000F3A4821498159C01331A
:109290000244072BCDE92232C1E9004000F3A58248
:1092A0000831129CB5EE408B581CF1EE10FA0746BF
:1092B00004F1FF3501F1080A00F0DE80109C4D60DA
:1092C00001342A4407280C602392229000F32A825A
:1092D00001F11004981C5146A246169C4C60224491
:1092E0001DAB0728239222900B607FF7C1ADABE73F
:1092F000012B07964FF000077FF4CEAC002D08BF7E
:109300000A2C80F040813EAB303403F8414D10937D
:1093100001230E93DEE421AADDE90B10179305F07B
:1093200037F900287FF4BFAB239A179BCA4644E560
:1093300021AADDE90B1005F02BF900287FF4B3AB6F
:10934000239ACA4648E5139E4A46230904F00F00B3
:1093500043EA057329091C460D46335C02F8013DBA
:1093600054EA0503F1D1A9EB020310920E93B1E484
:1093700021AADDE90B1005F00BF900287FF493AB6F
:10938000239ACA4660E500BF486107085C61070888
:109390001B99002940F34F82DDE911318B42A8BFB0
:1093A0000B46002B1D460EDD229B1099CAF80010BB
:1093B00001332A44072B2392CAF80450229300F366
:1093C00012830AF1080A119B002DA8BF5B1B002B1A
:1093D0001D4600F371811B9B12998B42C0F2D48110
:1093E0000799CD0700F1D0811299119CCB1A0D1B62
:1093F0009D42A8BF1D46002D0FDD22991098CAF886
:109400000450013120442A440729CAF80000CDE95C
:10941000221200F326830AF1080A002DACBF5D1B5F
:109420001D46002D7FF724AD102D229BC54C40F327
:10943000EC811026DDE90BB705E00AF1080A103DC2
:10944000102D40F3E28101331032072BCDE9223297
:10945000CAE90046F1DD21AA5946384605F098F8D8
:1094600000287FF420ABDDE92232CA46E7E7099BFA
:109470000E93CDF840902DE4002D7FF72EAF102DE8
:10948000B04C40F3D8831026DDF82CA00C9F034687
:1094900005E00831103D102D40F3E8810133103212
:1094A000072BCDE92232C1E90046F2DD21AA51465F
:1094B000384605F06DF800287FF4F5AADDE9223280
:1094C0004946E7E753F8044B0F93F5067DD5002591
:1094D0000123FFF706BB0F9A52F8044B0F9216F0C8
:1094E000100200F0E1800025FFF7FBBA079CE407BB
:1094F0003FF5C0AE0124109DCAF80050072BCDE9FE
:109500002232CAF8044000F30D8102300AF1100A39
:10951000E3E6302B00F03281109A0239302302F852
:10952000013CA9EB01030E931091FFF7D3BB079BFE
:10953000DF073FF5E3AD9BE421AADDE90B1005F061
:1095400027F800287FF4AFAA239AC5E4CDF840900D
:10955000FFF7C0BB0025DEE4E517002C75F1000322
:10956000BFF688AB099B64424FF02D0765EB4505BC
:1095700001338DF867707FF483AB002D08BF0A2C90
:109580000796FFF4C0AE4E46204629460A22002325
:10959000FAF75CFA303206F8012D204629460023FE
:1095A0000A22FAF753FA04460D4654EA0503EBD1B2
:1095B000A9EB060310960E93FFF78CBB0A9A104690
:1095C000D117C3E90001FFF7C8B9700648BFA4B2BC
:1095D00000250123FFF785BAB4EE488BF1EE10FAAF
:1095E00080F10183099B5A1C2BF0200500F0368284
:1095F000472D00F06C8146F48073079318EE903A83
:10960000002BC0F20C82B0EE48AB0027BBF1660F16
:1096100000F00D82BBF1460F00F05E82452D00F098
:109620005B811FA81CA91BAA0223099C0292CDE9F9
:1096300003100093019453EC1A2B0C9802F098FE3F
:10964000BBF1670F109040F02183F30740F16B816D
:10965000109B099A9918B5EE40ABF1EE10FA40F064
:10966000D2810B46109A9B1A1293472D1B9B119384
:1096700000F06281BBF1660F40F06681119B002B08
:10968000099B40F3D182002B40F0C482F60700F121
:10969000C182119B08930E93002F40F0808109979F
:1096A0009DF86770FFF7A5BA16F040031CBF13467C
:1096B000A4B20025FFF715BA102D229B214C40F3D0
:1096C000E5801026DDE90BB705E00AF1080A103D38
:1096D000102D40F3DB8001331032072BCDE922320D
:1096E000CAE90046F1DD21AA5946384604F050FF88
:1096F00000287FF4D8A9DDE92232CA46E7E74021F5
:109700000C98E8F737F80B9B18601861002800F0F8
:10971000BF820B9A40235361FFF70FB964420D9447
:109720000F90AAE421AADDE90B1004F031FF002814
:109730007FF4B9A9DDE922020DF1C00A01304946E2
:10974000CBE500BF5C61070821AADDE90B1004F03E
:109750001FFF00287FF4A7A9239ACA46DEE4099BCD
:10976000109F0997062B28BF062308930E93B94B29
:109770000F94079611971093FFF73BBA109BA9EB34
:1097800003030E93FFF7A6BA22991598CAF80000B2
:109790001498CAF804000131024407292392229147
:1097A00000F315810AF1080A1EE60A9A1A60FFF70B
:1097B000D4B821AADDE90B10179304F0E9FE0028C4
:1097C0007FF471A99DF86770239A179BCA46FFF72B
:1097D000E4BA21AADDE90B1004F0DAFE00287FF4D8
:1097E00062A9DDE9223249464FE521AADDE90B10E5
:1097F00004F0CEFE00287FF456A9DDE92232494666
:109800004FE5012B7FF448AA7DE501332A44072B5D
:10981000CDE92232CAE900457FF728AB14E521AA39
:10982000DDE90B1004F0B4FE00287FF43CA9239A74
:10983000CA46FFF7D4BA229B8748CAF80000013312
:1098400001320120072BCDE92232CAF804003FF78C
:10985000CDAC0AF1080AD4E421AADDE90B1004F02A
:1098600097FE00287FF41FA9CA4641E4581C01F165
:1098700008032A4407282392C1E9004522903FF7B4
:1098800051AF013003F1080A194626E501332A4495
:10989000072BCDE92232CAE9004500F32E810AF1F7
:1098A000080A98E51098FDF70BFC002320EAE07207
:1098B0000E9009930F940796089211939DF8677084
:1098C000FFF797B9079BDE077FF5D2AA9EE4002B2E
:1098D00008BF012309938EE6099B1FA85C1C1CA9E5
:1098E0001BAA0223CDE9031002920093019453ECCA
:1098F0001A2B0C9802F03CFD1090BBF1470F40F082
:10990000AC81F30740F1AC81109BBBF1460F03EB38
:1099100004017FF4A0AE109B1B78302B00F058811F
:109920001B9C214497E61B9A1F9B1192109A472D6E
:10993000A3EB0203129307D1119BDA1C02DB099AF5
:109940009A4233DAABF1020B119B8DF874B0013BF4
:10995000002B1B93BDBF119BC3F101032D222B22B2
:10996000092B8DF8752000F30081303330228DF8FB
:1099700077308DF876201EAB1DAA9B1A129A16938B
:10998000012A13440E9340F33B810E9B149A134417
:109990000E9323EAE3730893002311937CE62D27AB
:1099A00000238DF867700993FFF726B9DDE91131BF
:1099B0008B427DDBF40740F10481119B149A134420
:1099C0000E9323EAE37308934FF0670B64E621AA32
:1099D000DDE90B1004F0DCFD00287FF464A81B9B7C
:1099E000239ACA4600E521AADDE90B1004F0D0FD58
:1099F00000287FF458A8239ACA46E4E42D278DF85E
:109A00006770FFF7EABA1F9B8B42BFF42BAE302082
:109A10005A1C1F9218701F9B9942F9D822E6B1EE8A
:109A200048AB2D27F2E500230993FEF7CDBF1CA913
:109A3000099C01941FA81BAA0323CDE903100292DD
:109A400000930C9853EC1A2B02F092FC1090011921
:109A500061E700BF406107084861070806230993D2
:109A6000C9E521AADDE90B1004F092FD00287FF47E
:109A70001AA81B9B1299239ACB1ACA46CDE4099BBC
:109A800008930E9309900F94079611909DF86770B4
:109A9000FFF7AFB821AADDE90B1004F079FD00282B
:109AA0007FF401A81B99DDE92232CA46FFF7BEBB4D
:109AB000149A129B1344119A0E93002A06DC119BF0
:109AC0000E9AC3F101031A4413460E9223EAE3737C
:109AD00008934FF0670BDFE51FA81CA91BAA0323FF
:109AE000099C0292CDE903100093019453EC1A2BC8
:109AF0000C9802F03DFC109006E721AADDE90B105E
:109B000004F046FD00287EF4CEAF239ACA4662E4F4
:109B10004D421031704C1CDA1026DDE90BB704E021
:109B20000AF1080A103D102D13DD01331032072B06
:109B3000CDE92232CAE90046F2DD21AA594638466B
:109B400004F026FD00287EF4AEAFDDE92232CA46DD
:109B5000E8E701332A44072BCDE92232CAE9004560
:109B60006EDC0AF1080AFFF764BB0DF18305284695
:109B70005A4C00E01046A4FB0321C90801EB810206
:109B8000A3EB42023032092900F8012C0B4600F108
:109B9000FF32EFDC30330238DBB2854202F8013CA1
:109BA00071D90DF17600114601E011F8013B00F882
:109BB000013B8D42F9D121AB9B1A0DF17602134482
:109BC000DAE623EAE37208920E934FF0670B63E53F
:109BD000B5EE40ABF1EE10FA3FF4A2AEC4F10104D1
:109BE0001B94214437E518EE903A002BB6BF2D2781
:109BF0009DF867708DF86770394A3A4BFFF7EFB9F7
:109C000016F0010311937FF4C0AE0E9B23EAE373B9
:109C1000089341E5119B149A1344099A1A4422EAC5
:109C2000E2730E92089337E53BB9F50705D401239B
:109C300008930E9330E553461BE6149B0133ECE783
:109C400021AADDE90B1004F0A3FC00287EF42BAF61
:109C5000DDE92232CA46FFF7ECBA109B1919FAE483
:109C60001B9A1F9B1192109A9B1A129364E60F9DE8
:109C700098F801302C68804644EAE474281D099461
:109C80000F90FEF79EBE0DF1760375E6099C34E653
:109C90000C9A0C2313604FF0FF330A93FEF70CBFAE
:109CA0008DF86710FEF7AFBF8DF86710FFF77DB92D
:109CB0008DF86710FFF722B98DF86710FFF75CB9D0
:109CC0008DF86710FFF79DB98DF86710FEF7C1BFDB
:109CD0008DF86710FFF7DEB95C610708CDCCCCCCFE
:109CE00014610708106107082DE9F04F8A46B1F9A1
:109CF0000C10ADF52B7D8E0402909346059309D48C
:109D0000DAF8643041F4005123F40053AAF80C103F
:109D1000CAF86430002306930493994603935F4680
:109D200017F8013B0F93002B00F07B81FBF7A4FF9A
:109D30000F9B1844467816F0080640F07B82252BCE
:109D400040F09A829BF801803546344607F1010BBA
:109D5000B8F1780F7AD8DFE818F03B037900790082
:109D6000790079007900790079007900790079002B
:109D7000790079007900790079007900790079001B
:109D8000790079007900790079007900790079000B
:109D900079007900790079007900790079007900FB
:109DA000790079008E0279007900790079008B03BF
:109DB00079007900790079007900820382038203B7
:109DC0008203820382038203820382038203790077
:109DD00079007900790079007900790079007900BB
:109DE000790081008003790080037900790079008F
:109DF00079009D03790079004802790079007900A3
:109E0000790079007900790079009A037900790066
:109E1000910379007900790079007900790079005F
:109E200059038300800380038003530343037900B5
:109E300079004903790073034A02650379007900C8
:109E4000630379005D03790079009A03FBF714FF3F
:109E50004044437803F00303012B01D145F0010591
:109E6000A24B06930A2304930327DAF80430002B4D
:109E700040F3C8816B0610D5013F032F00F2D68056
:109E8000DFE817F0FA008F00210013025146029814
:109E900004F036FC002840F0BC81FBF7EDFEDAF858
:109EA00000301A781044013342781007E4D5DAF80C
:109EB0000420013A002A09F10109CAF80420E5DD6D
:109EC000CAF80030E9E7631EB3F5AE7F86BF6FF4D2
:109ED000AE7204EB02084FF0000852AECDF82080BD
:109EE000DDF81080079688BF40F25D1445F4586590
:109EF0000027DAF800100878A0F12B034D2B00F2B0
:109F00001281DFE813F066011001660110011001F3
:109F100043013D013D013D013D013D013D013D014B
:109F20006B016B01100110011001100110011001F3
:109F300010013701370137013701370137011001AF
:109F40001001100110011001100110011001100189
:109F50001001100110011001100110011001100179
:109F6000F500100110011001100110011001100185
:109F7000100137013701370137013701370110016F
:109F80001001100110011001100110011001100149
:109F90001001100110011001100110011001100139
:109FA000F500002C08BF4FF0FF3405F0100615F047
:109FB000010540F0A683002E40F0F181059B1F684B
:109FC0001D1D3E46FBF758FEDAF8002013781844B2
:109FD000511C4378180715D4DAF80430CAF8001079
:109FE000013BCAF80430137806F8013B013C09D064
:109FF000DAF80430002BE5DC5146029804F080FBCF
:10A000000028DFD0F71B0023B9445F46039A337062
:10A0100017F8013B0595013203920F93002B7FF453
:10A0200085AE03980DF52B7DBDE8F08F002C08BFA1
:10A03000012405F0100715F0010540F03E84002FC3
:10A0400000F04B83029F08E0CAF800601D44E41A48
:10A0500004F056FB002840F09184DAE900239C428A
:10A060005146384602EB0306EEDC1B1B2244CAE9CC
:10A0700000232544A94452E6002C08BF4FF0FF34CA
:10A08000EA06DAF8003000F1E582059A1568161D37
:10A090002F460DF1480801E0DAF800301A7818F878
:10A0A0000220591CC2B1DAF80420CAF80010013AA3
:10A0B000CAF804201B7807F8013B013C0CD0DAF801
:10A0C0000430002BE8DC5146029804F019FB00280C
:10A0D000E2D0BD4200F09D807D1BA2D0039A059680
:10A0E0000023013203923B70A94418E671870608E9
:10A0F00005F4C063B3F5007F15D125F4007545F470
:10A10000A0654FF01008DAF804303070013B002BE6
:10A1100006F10106CAF8043054DD0131CAF8001016
:10A12000013C7FF4E6AEE905CDF8108007D5079B2A
:10A130009E4200F23984079B9E423FF472AF15F0B5
:10A14000100412D12246049B34700799069C029891
:10A15000A047059BAA0603F1040440F1A5821B68F1
:10A160001860039B059401330393079BF61A374449
:10A17000B944D4E5B8F10A0FD5DD25F43865C2E756
:10A18000AC4B25F4386533F91880BCE72B05BAD5FC
:10A19000B8F1000F03D145F400754FF008086A05C7
:10A1A00000F14483089B25F4607513B1013B0893CB
:10A1B0000134DAF80430013B002B07F10107CAF83B
:10A1C0000430AADC5146029804F09AFA0028A7D07D
:10A1D000A9E72B06A7D525F0800594E7954B33F921
:10A1E0001880B8F1080FC8DC9DE745F00105924BD7
:10A1F000069308230493DAF80430002B4FF003078A
:10A200003FF738AE5146029804F07AFA00283FF43E
:10A2100031AE039A002A00F0DB80BAF80C3013F05C
:10A22000400F18BF4FF0FF32039203980DF52B7DBE
:10A23000BDE8F08FDAF80420029C12E0FBF71CFD69
:10A24000DAF800301A78104401334278150710D537
:10A25000DAF80420CAF80030013A09F10109CAF815
:10A260000420002AEADC5146204604F049FA00287E
:10A27000E4D0BB4653E55F46DAF80430002B40F3E8
:10A28000A782DAF8003017F8012C197891427FF490
:10A29000C8AEDAF804200133013ACAF8003009F1F7
:10A2A0000109BB46CAF8042039E5029803F09CFA7C
:10A2B000631E02680992B3F5AE7F00F2C4810023E9
:10A2C0000B930023CDE90C3352AACDF828B00792A6
:10A2D00045F4F0651F46089390469B46DAF8000067
:10A2E0000178A1F12B0CBCF14E0F00F29F81DFE849
:10A2F0001CF004019D0104019D019D01F800D7009F
:10A30000D700D700D700D700D700D700D700D70095
:10A310009D019D019D019D019D019D019D01960154
:10A320009D019D019D0180017B019D019D012301F6
:10A330009D019D019D019D0111019D019D019D01B9
:10A340009D019D010D019D019D019D019D01090141
:10A350009D019D019D019D019D019D019D01960114
:10A360009D019D019D0180017B019D019D012301B6
:10A370009D019D019D019D0111019D019D019D0179
:10A380009D019D010D019D019D019D019D01090101
:10A390005146029804F0B4F900287FF46BAEFBF745
:10A3A0006BFCDAF800301A78104401334278160753
:10A3B0003FF560AEDAF80420CAF800300135013A02
:10A3C000AC42CAF804203FF455AE002AE7DCDFE7D0
:10A3D0004FF0FF33039303980DF52B7DBDE8F08F0D
:10A3E000164B06930023049303273EE597F801805C
:10A3F000B8F16C0F00F0D18245F001055F46A5E48D
:10A4000097F8018045F004055F469FE445F040055C
:10A4100000272AE5084B06930A230493032724E523
:10A42000022722E545F40875034B06931023049395
:10A4300003271AE574610708E18806087187060892
:10A44000EC063FF56CAC059A680752F8043B0592A0
:10A4500040F1BF82A3F8009061E4042705E504EB16
:10A46000840408EB4404303C97F801805F466DE4B7
:10A4700097F8018045F010055F4667E4594612A839
:10A4800003F072FE45F0400583460127EDE445F4F4
:10A490000075C9E797F8018045F002055F4655E46D
:10A4A0001BEB060F17D125F4C07588F8001008F1D2
:10A4B0000108DAF804100139002904F1FF3409F128
:10A4C0000109CAF8041040F364810130CAF80000A1
:10A4D000002C7FF403AF5B46DDF828B0002F3AD0A4
:10A4E00073E1EB05DCD50B9B25F080050137002BD4
:10A4F000DFD0013B0B930134DBE72A06EBD525F0D7
:10A500008005D2E7072EE6D10826CEE7062EE2D157
:10A510000726CAE7BBF1000F40F046812FB905F4CA
:10A52000E06CBCF5E06F00F03382012E01D0042E08
:10A53000D1D10136F6B2B8E7002E40F03C81002FB1
:10A5400040F0408105F4E06CBCF5E06F00F01C8247
:10A550005B46DDF828B0013B012B40F26B82731E95
:10A56000062B40F23D81E80513D5690500F17482A0
:10A5700018F8011C652908F1FF3409F1FF3602D0F3
:10A58000452940F05C815246029804F07BF8B146C0
:10A59000A04615F010027FF4C2AB05F4C063B3F51A
:10A5A000806F88F8002000F00D820C9B002B40F09B
:10A5B0005181002207990298FEF738F8059BEA07B7
:10A5C00041EC170B03F1040400F12881059B15F001
:10A5D00002001E6800F00B8286ED007B039B059451
:10A5E00001330393FFF79BBB022E7FF474AF032666
:10A5F0005BE705F4A06CBCF5806F04D06B057FF5BC
:10A600006AAF002FA4D0AA0503D4089BFB1ACDE99A
:10A610000C3825F4F06545F4C075002745E7BBF11B
:10A62000010F7FF458AF4FF0020B3EE7099B93F800
:10A6300000C08C457FF44FAFAB057FF54CAF25F4E0
:10A640002075089731E76FF4AE72A3180B9340F2B0
:10A650005D1436E600250DF148081A7818F8022036
:10A660000133DAB1DAF80420CAF800300135013AD2
:10A67000AC42CAF804203FF4FDAC002AEDDC5146A0
:10A68000029804F03DF800287FF4F4ACDAF80030CA
:10A690001A7818F802200133002AE3D1002D3FF484
:10A6A000C0ACA944FFF73BBB6B0700F1BB8015F0C2
:10A6B000010240F0E480A90740F1E180BF4B069918
:10A6C00002989942049B079900F0C38103F056FE5B
:10A6D000059B1B68C3E9000143E5059D02982968B5
:10A6E000CDF800A02346012204F028F82B1D0028F5
:10A6F0003FF48FAD039A0593013281440392FFF733
:10A700000EBB10AB1846082200210793FBF790FF01
:10A71000002E00F08E800DF13C080025FBF7ACFA0E
:10A72000DAF800301B78184443781F0700F1BB802B
:10A73000002C00F0B880FBF78DFAA8423FF469AD19
:10A74000DAE9002312F8010BCAF80020079A0092F8
:10A7500052AA013B6F1CCAF8043050553B46414693
:10A76000029803F065F8431C3FF453AD002840F015
:10A770008880C8F8000003F027F8002840F04681E0
:10A78000B944013C002E40F0538108F104083746DB
:10A790007AE05146029803F0B3FF00287FF49BAEA5
:10A7A000002C7FF49BAD96E6BBF1020F7FF4BDAEAB
:10A7B0004FF0030B79E6032E3FF4BBAE052E3FF4BA
:10A7C000B8AE88E65B46DDF828B025F48075C2E6B1
:10A7D0005146029803F094FF00283FF452AD18E56B
:10A7E000022E40F24881032E3FF4BDAE341FE4B286
:10A7F000E643464409954546A046029C15F8011DCE
:10A800005246204603F03EFFB542F7D1444609F1D7
:10A81000FF39A846A9EB0409099DA4E61B68C3E912
:10A820000001DBE6059B1B6818809AE425F4B065FF
:10A8300069E4059BD3F80080043305936DE7524625
:10A84000029803F01FFFA9F1020618F8021CA8F1F4
:10A85000020498E60D9C029821460A230131FDF777
:10A8600087FF0C9BA046C21A0DF29B23984528BF78
:10A870000DF29A2840465249FCF79AF999E6059B51
:10A880006DE4023040F00A81DAF80430002B00F366
:10A89000BB805146029803F033FF002800F0B480DB
:10A8A000002F7FF4B6AC002E7FF439AAC8F8006000
:10A8B000039B01330393FFF732BA10AB184608220B
:10A8C00000210793FBF7B4FE002F40F09A80059B10
:10A8D0001A68043305930897029FCDF824B0002529
:10A8E0000DF5A4789346FBF7B5F9A8423FF491AC77
:10A8F000DAE9002312F8010BCAF80020013B079A9D
:10A9000000926E1CCAF80430594608F80500334618
:10A910004246384602F08CFF411C3FF47AAC18BB2B
:10A92000089BB144013C1BB9CBF800300BF1040B80
:10A930000025DAF80430002B07DD002CD3D1DDE947
:10A94000087B002F7FF4EBA9B2E75146384603F0AD
:10A95000D7FE0028F1D0DDE9087B002D7FF459AC4B
:10A96000002F7FF4DCA9A3E7023001D13546E0E7F0
:10A97000089BB144013C002BD8D0D9E7002D3FF40F
:10A9800048ACA944FFF7CBB925F4F06501268CE566
:10A9900025F4F0654FF0010B87E597F8028045F04C
:10A9A00002050237FFF7D2B916F8011C0298524689
:10A9B00003F068FE013EFFF7BEBB00BFE18806085A
:10A9C0006C610708089BFF1A7A42002F7FF44CAF96
:10A9D000EFE5E90707D4AA0705D54846C117C3E93B
:10A9E0000001FFF79CB9C3F80090FFF798B9B4EEE7
:10A9F000477BF1EE10FA4DD6B7EEC77B86ED007AB5
:10AA0000ECE500231A4666E73D4687E6002F3FF453
:10AA10004AAF7D1E52AB029F1D440DF2471415F83C
:10AA200001195246384603F02DFEAC42F7D13AE701
:10AA3000074629E7079DA8457FF6F3AA029C18F868
:10AA4000011D5246204603F01DFEA845F7D1FFF731
:10AA5000E8BA03F08BFD3BE6079DA8457FF6E1AA27
:10AA6000029C18F8011D5246204603F00BFEA84533
:10AA7000F7D1FFF7D6BA079B98457FF6D2AA18F808
:10AA8000011D0298524603F0FDFD079B9845F6D143
:10AA9000FFF7C7BA03F0A0FB30609FE5D8F80000CD
:10AAA00069E600BF10B50446FBF7E6F8204443789A
:10AAB00003F00303022B08BF203C204610BD00BF5B
:10AAC0002DE9F04F2DED068BBDB01C468846924611
:10AAD00005460A9002F088FE036813931846FCF7B7
:10AAE000EFFA0E9412901DB1AB6B002B00F00581B4
:10AAF000D8F86410B8F90C20C80793B202D49905AD
:10AB000040F147819F040AD4D8F8641042F40053FE
:10AB100021F40051A8F80C30C8F864109BB21E074D
:10AB200040F1B180D8F81020002A00F0AC8003F08A
:10AB30001A020A2A00F0C58000239FEDA18B9FED29
:10AB4000A29B1193CDE92033CDE9143309932CABAB
:10AB50001F939946C3469AF80030002B00F080827C
:10AB6000252B544602D11EE0252B03D014F8013FBB
:10AB7000002BF9D1A4EB0A058DB1DDE920320133B8
:10AB80002A44072BC9F800A0C9F80450CDE92032A7
:10AB900000F3DC8009F10809099B2B440993237811
:10ABA000002B00F05D824FF0000300228DF85F3033
:10ABB00066780B924FF0FF331146174604F1010AF5
:10ABC00008930AF1010AA6F12003582B00F2E3834F
:10ABD000DFE813F0DA02E103E103E202E103E1035B
:10ABE000E103E103E103E10332033E03E103AE03CA
:10ABF0007F03E1036002E700E700E700E700E7000A
:10AC0000E700E700E700E700E103E103E103E10318
:10AC1000E103E103E103E103E103E10399034303FA
:10AC2000E1034303E103E103E103E103B803E103CB
:10AC3000E1039700E103E103E103E103E103AB007A
:10AC4000E103E1036502E103E103E103E103E10361
:10AC5000E103E103E103E103E103BF02FE0043037B
:10AC6000430343034E02FE00E103E1035302E10309
:10AC7000220399006F03B303E103FC02E103AD007B
:10AC8000E103E103E70241460A9801F067FA88B15F
:10AC9000D8F86430DD0704D4B8F80C309C0540F1D6
:10ACA00072834FF0FF33099309983DB0BDEC068BDA
:10ACB000BDE8F08FB8F80C3003F01A020A2A7FF4CE
:10ACC0003BAFB8F90E20002AFFF636AFD8F8642063
:10ACD000D00705D4990503D4D8F85800FAF7E0FF57
:10ACE0002346524641460A9801F032F909900998E4
:10ACF0003DB0BDEC068BBDE8F08F0A98FAF78CF9F1
:10AD0000F6E647F0100717F0200340F020830E9A74
:10AD100052F8044B0E9217F0100204D117F04003C2
:10AD20001CBF1346A4B20025D9E147F01007BA06AC
:10AD30000E9B00F1178353F8044B0E93FB0602D4CD
:10AD40007D0648BFA4B200250123C8E11FAA5946C9
:10AD50000A9803F0A7FD50B90DF1B0091CE71FAA2E
:10AD600059460A9803F09EFD002800F07081D846ED
:10AD7000D8F86420B8F80C30D00702D4990540F117
:10AD8000FB825A068DD409983DB0BDEC068BBDE818
:10AD9000F08FD8F85800FAF781FFB8F90C2093B279
:10ADA000B0E6A6F1300300201AF8016B00EB80003A
:10ADB00003EB4000A6F13003092BF5D90B9002E715
:10ADC0000000000000000000FFFFFFFFFFFFEF7F1B
:10ADD000002A41F08A80BA060E9B40F19D8207331B
:10ADE00023F00703D3E9004503F108020E92002C7B
:10ADF00075F10003C0F29B849DF85F300C93089BB3
:10AE0000013300F0A18427F08002069254EA050283
:10AE10004FF0010340F07481089A002A40F0408509
:10AE2000002B40F0528417F001030D9300F05D8574
:10AE30000DF1F008302308F8413D089B0D9A93422C
:10AE4000B8BF13460793002310930C9B13B1079BC5
:10AE500001330793069B13F002030F9302D0079B65
:10AE600002330793069B219A13F084073CD10B9B76
:10AE700007995C1A002C37DD102C2099BF4D25DD79
:10AE800048461023C146B0460A9E04E0103C102CF0
:10AE900000F1080017DD013110320729CDE9201239
:10AEA000C0E90053F2DD1FAA594630460C9303F067
:10AEB000F9FC00287FF45BAF103C102CDDE9201278
:10AEC0002CA80C9BE7DC4646C8468146013122444B
:10AED0000729CDE92012C9E9005400F357849DF8F1
:10AEE0005F300C9309F108090C9B73B12099013173
:10AEF00001320DF15F0401200729CDE92012C9E9D3
:10AF0000004000F3778309F108090F9B6BB1209B88
:10AF10000133023218A80221072BCDE92032C9E9FA
:10AF2000000100F3738309F10809802F00F0A48267
:10AF3000089B0D995D1A002D2FDD102D209B904C44
:10AF400020DD49461027DDF8289004E0103D102D43
:10AF500001F1080115DD01331032072BCDE9203254
:10AF6000C1E90047F2DD1FAA5946484603F09AFCA2
:10AF700000287FF4FCAE103D102DDDE920322CA915
:10AF8000E9DC894601332A44072BCDE92032C9E99F
:10AF9000004500F3498309F10809069BD90500F132
:10AFA0001182209B0D99C9F8008001330A44072BB8
:10AFB0002192C9F80410209300F3FD8209F10809D9
:10AFC000069B5C0738D50B9B07995C1A002C33DD78
:10AFD000102C209B694D1EDD10260A9F04E0103CBA
:10AFE000102C09F1080916DD01331032072BCDE9C9
:10AFF0002032C9E90056F2DD1FAA5946384603F04F
:10B0000051FC00287FF4B3AE103C102CDDE9203257
:10B010000DF1B009E8DC01332244072BCDE92032E1
:10B02000C9E9005408DD1FAA59460A9803F03AFC02
:10B0300000287FF49CAE219A099B0B9907988142C6
:10B04000ACBF5B181B180993002A7FF488AE00235D
:10B0500020939AF800300DF1B009002B7FF480ADF9
:10B06000219BD846002B40F07586002320937FE675
:10B0700047F040079AF80060A3E59AF800606C2E4C
:10B0800003BF9AF8016047F020070AF1010A47F070
:10B09000100796E547F080079AF8006091E5002ACE
:10B0A00040F03D87374B1493B8060E9B40F18280E9
:10B0B000073323F00703D3E9004503F108020E929A
:10B0C000FB0740F1AF8254EA050300F0AB82302366
:10B0D0008DF860308DF8616047F0020702234FF071
:10B0E00000028DF85F20089A013200F07082002281
:10B0F0000C9227F08002069254EA05023FF48CAECF
:10B10000012B00F06A82022B00F0F8812CA900E0EC
:10B110004146E20842EA4572E80804F007030546A2
:10B120001446303354EA050201F8013C01F1FF38BE
:10B13000EED1069AD00740F1F281302B00F0EF817A
:10B140003023023908F8013C2CAB5B1A0D9388467A
:10B1500073E60E9906970B688DF888304FF0000261
:10B1600001208DF85F200B1D002207900C92CDE985
:10B170000D03089210920DF188086BE6986107089C
:10B18000A8610708186107089AF8006000297FF491
:10B1900018AD0122202114E547F001079AF800605C
:10B1A0000FE5002A40F0B786BB4B1493B8060E9B00
:10B1B0003FF57EAF53F8044B0E93F90600F1AF82D2
:10B1C0007A0640F1AC82A4B2002579E70E9BD3F851
:10B1D00000804FF000028DF85F201C1DB8F1000FB9
:10B1E00000F0A084089A531C00F0F284002140462D
:10B1F000FBF79EF8002800F06D84A0EB08030D9388
:10B2000023EAE373002207939DF85F3008920E94BF
:10B21000069710920C9318E6002A40F078860E9A52
:10B22000BC0652F8043B0E9240F17083099A104616
:10B23000D117C3E900018EE40E9B9AF800601868EC
:10B240000B90002803F10403C0F219840E93B8E4B4
:10B250009AF8006001222B21B3E4002A40F05386C3
:10B260000E9B073323F0070393ED008B0833B0EEFA
:10B27000C87BB4EE497BF1EE10FA0E9340F356838F
:10B28000B5EEC08BF1EE10FA00F1FD839DF85F3052
:10B290000C93824A824B0321002027F08004CDE9E1
:10B2A00007100694472ECCBF904698460D911090FB
:10B2B000CBE50E9A784B14681493043247F63003AA
:10B2C000ADF8603047F002070E9200250223782681
:10B2D00005E79AF800602A2E0AF1010000F0F685D1
:10B2E000A6F13003092B824600F2C58400201AF82B
:10B2F000016B00EB800003EB4000A6F13003092B4B
:10B30000F5D908905FE4002A40F0F98547F010076E
:10B31000BA060E9B3FF563AD53F8044B0E93FD0642
:10B3200000F1FF81780640F1FC8124B2E5175EE56B
:10B330009AF8006047F0040743E447F020079AF8C2
:10B3400000603EE447F008079AF8006039E40E9B7D
:10B35000073323F0070303F10802D3E900450E92F7
:10B360000023BCE6073323F0070303F10802D3E907
:10B3700000450E920123B2E6D8F85800FAF790FC87
:10B38000B8F80C30FDE4D8F85800FAF789FC4FF013
:10B39000FF330993F7E4002A40F0AD85002E3FF417
:10B3A0005FAE002301224FF0000107920C938DF84D
:10B3B00088608DF85F1006970D92089310930DF139
:10B3C000880847E5652E40F3AF80B5EE408BF1EE7F
:10B3D00010FA40F03581209B3249C9F80010013342
:10B3E00001320121072BCDE92032C9F8041000F306
:10B3F0003B8309F10809119A199B9342219A03DBB7
:10B40000069BDB077FF5DCAD209B1399C9F8001084
:10B410001299C9F8041001330A44072BCDE92032F0
:10B4200000F3748309F10809119B5D1E002D7FF75D
:10B43000C7AD102D209B1C4C40F3368210260A9F6E
:10B4400005E009F10809103D102D40F32D8201336C
:10B450001032072BCDE92032C9E90046F1DD1FAAE1
:10B460005946384603F01EFA00287FF480ACDDE927
:10B4700020320DF1B009E6E70B9B07995D1A002D0C
:10B480007FF756AD102D209B074C2BDD494610272A
:10B49000DDF828900FE000BF2C6107080C61070859
:10B4A0000861070848610708A8610708103D102DCA
:10B4B00001F1080115DD01331032072BCDE92032EF
:10B4C000C1E90047F2DD1FAA5946484603F0EAF9F0
:10B4D00000287FF44CAC103D102DDDE920322CA962
:10B4E000E9DC894601332A44072BCDE92032C9E93A
:10B4F000004500F3FE8109F1080919E514980DF1E2
:10B50000B008230904F00F0143EA05732A091C4619
:10B510001546435C08F8013D54EA0503F1D12CAB14
:10B52000A3EB08030D9388E4119C2098012C02F1F1
:10B53000010200F1010309F1080140F30781012034
:10B54000072BC9F80080CDE92032C9F8040000F3C8
:10B550008F811298139C01330244072BCDE92032CE
:10B56000C1E9004000F390810831119CB5EE408B99
:10B57000F1EE10FA03F1010004F1FF3501F10809C1
:10B5800000F0A98008F101042A4407280C602192E8
:10B590004D60209000F3EB8001F11004981C4946A7
:10B5A000A146159C4C6022441BAB07282192209099
:10B5B0000B607FF705AD1FAA59460A9803F072F990
:10B5C00000287FF4D4AB219A0DF1B009F8E40022F1
:10B5D000012B06970C927FF496AD002D08BF0A2C24
:10B5E00080F06C810DF1F0083034012308F8414DF2
:10B5F0000D9322E41FAA59460A9803F053F9002834
:10B600007FF4B5AB219A0DF1B0097EE41FAA59462B
:10B610000A9803F047F900287FF4A9AB219A0DF1AD
:10B62000B00982E402235AE51FAA59460A9803F09A
:10B6300039F900287FF49BAB219A0DF1B009ACE4F5
:10B640001999002940F3DC81DDE910318B42A8BF54
:10B650000B46002B1D460DDD209BC9F800800133F1
:10B660002A44072B2192C9F80450209300F3D98271
:10B6700009F10809109B002DA8BF5B1B002B1D467C
:10B6800040F39F80102D209BA74C40F35C82102636
:10B690000A9F05E009F10809103D102D40F353827F
:10B6A00001331032072BCDE92032C9E90046F1DD24
:10B6B0001FAA5946384603F0F5F800287FF457AB27
:10B6C000DDE920320DF1B009E6E7089B0D930DF19D
:10B6D000B008FFF7B2BB002D7FF763AF102D924C7F
:10B6E00040F3CA83102603460A9F05E00831103D47
:10B6F000102D40F3FB8101331032072BCDE92032AE
:10B70000C1E90046F2DD1FAA5946384603F0CAF8DF
:10B7100000287FF42CABDDE920322CA9E7E70025D7
:10B72000CEE4E517002C75F10003BFF665AB089B6E
:10B7300064424FF02D0865EB450501338DF85F80BD
:10B74000CDF830807FF45FAB069746E7069CE507AF
:10B750003FF5F5AE0124072BC9F80080CDE9203272
:10B76000C9F8044003DC023009F1100919E71FAAE7
:10B7700059460A9803F096F800287FF4F8AADDE904
:10B7800020020DF1B80901302CA90AE71FAA594679
:10B790000A9803F087F800287FF4E9AA9DF85F3043
:10B7A0000C93219A0DF1B009FFF79EBB1FAA5946D1
:10B7B0000A9803F077F800287FF4D9AA219A0DF1AE
:10B7C000B009199B11998B4202DB0699CE070FD560
:10B7D00020991398C9F800001298C9F804000131A3
:10B7E000024407292192209100F3278209F10809D8
:10B7F00011991098CB1A0D1A9D42A8BF1D46002D15
:10B800000EDD2099C9F80450013140442A4407292B
:10B81000C9F80000CDE9201200F34A8109F10809B6
:10B82000002DACBF5D1B1D46002D7FF7C9AB102D51
:10B83000209B3D4C38DD10260A9F04E009F10809E1
:10B84000103D102D30DD01331032072BCDE92032B1
:10B85000C9E90046F2DD1FAA5946384603F022F82E
:10B8600000287FF484AADDE920320DF1B009E7E772
:10B870001FAA59460A9803F015F800287FF477AA02
:10B88000DDE920322CA964E61FAA59460A9803F084
:10B8900009F800287FF46BAADDE920322CA964E6C0
:10B8A000012B7FF430AC9DE601332A44072BCDE910
:10B8B0002032C9E900457FF781AB7CE60DF1B00885
:10B8C000204629460A220023F8F7C0F8303208F84B
:10B8D000012D2046294600230A22F8F7B7F804462E
:10B8E0000D4654EA0503EBD119E60DF1B008FFF758
:10B8F000A4BA1FAA59460A9802F0D4FF00287FF480
:10B9000036AA219A0DF1B009FFF712BBF80606D44A
:10B91000790604D5BDF824201A80FFF71CB9099ACE
:10B920001A60FFF718B900BFA8610708B4EE488B8A
:10B93000F1EE10FA80F18B82089B591C26F020054D
:10B9400000F0C580472D03D1002B08BF01230893C9
:10B9500047F48073069318EE903A002BC0F286816C
:10B96000B0EE48AB00230C93662E00F08881462E83
:10B9700000F0DF81452D00F0C0811DA81AA919AA89
:10B980000223089C0292CDE903100093019453EC2A
:10B990001A2B0A9800F0ECFC672E804640F0A98232
:10B9A000FB0740F1DC80089B08EB0301B5EE40ABE0
:10B9B000F1EE10FA40F04E810B46A3EB0803119311
:10B9C000472D199B109300F0D180662E40F0D58052
:10B9D000109B002B089B40F35182002B40F02D82DE
:10B9E000FB0700F12A82109B07930D930C9B002B01
:10B9F00040F0FF8008939DF85F300C93FFF725BA65
:10BA0000209BB248C9F80000013301320120072B06
:10BA1000CDE92032C9F804003DDC09F1080929B953
:10BA2000119B1BB9069BDF077FF5CAAA209B1398C1
:10BA3000C9F800001298C9F8040001330244072B2A
:10BA40002192209300F3348109F108090029C0F202
:10BA50008B81119901330A44072BCDE92032C9E9C2
:10BA600000817FF7ABAAA6E51FAA59460A9802F003
:10BA700019FF00287FF47BA90DF1B009BBE4404217
:10BA80000B900E9356E44FF02D088DF85F80CDF8A3
:10BA90003080FFF7FEBB1FAA59460A9802F002FF4A
:10BAA00000287FF464A91999219A0DF1B009B6E72D
:10BAB0001FAA59460A9802F0F5FE00287FF457A9FC
:10BAC000199B1199219ACB1A0DF1B009A8E606230A
:10BAD00008933DE7089B07930D939DF85F3008900E
:10BAE0000E94069710900C93FFF7AFB9581C01F114
:10BAF00008032A4407282192C1E9004520903FF716
:10BB000036AE013003F1080919464AE51FAA594625
:10BB10000A9802F0C7FE00287FF429A9219A0DF1A6
:10BB2000B00981E4089BCDF84080062B28BF06238E
:10BB3000CDF82080CDE90C8307930E940697DFF8AB
:10BB40009081FFF782B901332A44072BCDE92032D7
:10BB5000C9E900453FF72AAE09F1080931E61D9B06
:10BB6000199A10921B1A472D119306D1109BDA1CBB
:10BB700002DB089A9A4244DA023E109B8DF86C6010
:10BB8000013B002B1993BDBF109BC3F101032D2274
:10BB90002B22092B8DF86D2000F3128130333022D7
:10BBA0008DF86F308DF86E201CAB1BAA9B1A119A72
:10BBB0001593012A13440D9340F354810D9B129A5F
:10BBC00013440D9323EAE3730793002310930DE7C7
:10BBD0004046FBF775FA0023089320EAE0721093C1
:10BBE0009DF85F300D900E94069707920C93FFF727
:10BBF0002CB92D238DF85F300C9300230893FFF7A9
:10BC000026B9DDE910318B4264DBFD0740F10F817D
:10BC1000109B129A13440D9323EAE373079367264C
:10BC2000E4E61FAA59460A9802F03CFE00287FF479
:10BC30009EA8219A0DF1B0091CE51FAA59460A9841
:10BC400002F030FE00287FF492A8199B219A0DF192
:10BC5000B009CDE51D9B8B42BFF4AFAE30205A1C1E
:10BC60001D9218701D9B9942F9D8A6E62D23B1EEBE
:10BC700048AB0C9378E600230893FEF7A4BF1AA9FB
:10BC8000089C01941DA819AA0323CDE90310029270
:10BC900000930A9853EC1A2B00F06AFB80460119B6
:10BCA00098F80030302B00F0B780199C21447DE6D5
:10BCB0001FAA59460A9802F0F5FD00287FF457A8FC
:10BCC0001999DDE920320DF1B009BFE64861070896
:10BCD00040610708DDE911321344109A0D93002AE0
:10BCE00006DC109B0D9AC3F101031A4413460D9212
:10BCF00023EAE3730793672678E6089B1DA85C1C7C
:10BD00001AA919AA0223CDE9031002920093019403
:10BD100053EC1A2B0A9800F02BFB8046472E40F07C
:10BD2000D280FA0740F1C880462E08EB0401B7D054
:10BD30003CE61DA81AA919AA0323089C0292CDE982
:10BD400003100093019453EC1A2B0A9800F010FB97
:10BD50008046E9E70A981FAA594602F0A3FD002889
:10BD60003FF483A9FFF704B84D4210316E4C1CDA42
:10BD700010260A9F04E009F10809103D102D14DD7A
:10BD800001331032072BCDE92032C9E90046F2DD3C
:10BD90001FAA5946384602F085FD00287EF4E7AF19
:10BDA000DDE920320DF1B009E7E701332A44072B22
:10BDB000CDE92032C9E9004571DC09F1080948E6FE
:10BDC0000DF17B052846594C00E01046A4FB0321E9
:10BDD000C90801EB8102A3EB42023032092900F8C5
:10BDE000012C0B4600F1FF32EFDC30330238DBB2BE
:10BDF000854202F8013C75D90DF16E00114601E053
:10BE000011F8013B00F8013B8D42F9D11FAB9B1AA1
:10BE10000DF16E021344C8E6B5EE40ABF1EE10FA38
:10BE20003FF443AFC4F1010419942144BEE523EA71
:10BE3000E37207920D936726D8E5109B129A13447C
:10BE4000089A1A4422EAE2730D920793CEE518EE9F
:10BE5000903A002B19DB9DF85F300C93344A354B38
:10BE6000FFF719BA17F0010310937FF4A7AE0D9BEB
:10BE700023EAE3730793B9E54B463AE663B9FF0754
:10BE80000AD4012307930D93B0E54FF02D088DF8E8
:10BE90005F80CDF83080E1E7129B0133D0E71FAA25
:10BEA00059460A9802F0FEFC00287EF460AFDDE9F6
:10BEB00020320DF1B009CCE51D9B199A1092A3EB2D
:10BEC0000803119352E608EB04016FE50E9C9AF803
:10BED0000160236843EAE3730893231D82460E93AF
:10BEE000FEF76FBE0DF16E035FE68DF85F10FEF793
:10BEF00072BF089C12E78DF85F10FFF74FBA8DF8FC
:10BF00005F10FFF703BA8DF85F10FFF7A9B98DF83E
:10BF10005F10FFF784B98DF85F10FFF745B98DF812
:10BF20005F10FFF7BFB800BFA8610708CDCCCCCC2D
:10BF3000146107081061070810B4044C13460A4640
:10BF4000014620685DF8044BFEF7BABD680E002478
:10BF50002DE9F0410C46ADF58D6D8989666EE58958
:10BF6000199621F002010646E069ADF80C1017465B
:10BF70004FF48061626AADF80E5098461AAD002306
:10BF8000079016A8099206930095049502910591D1
:10BF9000F9F780FE43463A4669463046FEF790FD83
:10BFA000051E07DB30466946F8F7B0FF002818BFCA
:10BFB0004FF0FF35BDF80C305B0603D5A38943F085
:10BFC0004003A3811698F9F767FE28460DF58D6D9D
:10BFD000BDE8F08170B5141E9AB005462CDB1A46F8
:10BFE0004FF4027300910491ADF80C3013D0013C72
:10BFF0004FF6FF761E9B029469460594ADF80E60DD
:10C00000FCF782FC421C01DA8B232B60009B002290
:10C010001A701AB070BD1E9B02944FF6FF766946E7
:10C020000594ADF80E60FCF76FFC431C01DB1AB001
:10C0300070BD8B232B60FAE78B2303604FF0FF303A
:10C04000F5E700BF10B582B0054C00932468134695
:10C050000A4601462046FFF7BDFF02B010BD00BFF3
:10C06000680E0024F8B50D461446064610B1836BE1
:10C07000002B43D0B4F90C20A369A36091B2080748
:10C080001BD52369CBB1EDB289042F4622D5226896
:10C090006169D31A994229DD0133A168501C013925
:10C0A000A1602060157062699A422AD0A389DB07DB
:10C0B00001D50A2D25D03846F8BD2146304600F07E
:10C0C0004DF820BBB4F90C20236991B2EDB289047C
:10C0D0002F46DCD4616E42F4005221F40051A2815B
:10C0E000226861666169D31A9942D5DC21463046DF
:10C0F000F8F70CFF58B922680123CEE7F8F78CFF58
:10C10000B8E721463046F8F701FF0028D3D04FF0BA
:10C11000FF37D0E721B1FF2A04D80A700120704709
:10C12000084670478A2303604FF0FF30704700BF16
:10C1300070B50D46084C114606461A46284600239F
:10C140002360E6F751F9431C00D070BD2368002B33
:10C15000FBD0336070BD00BFD416012438B5314B1D
:10C160001B6805460C4613B19A6B002A3AD0B4F905
:10C170000C2093B218070CD52069A8B113F0010266
:10C1800020D0636900225B42A361A26000B300205B
:10C1900038BDD9063ED5580728D4206942F0080397
:10C1A000A3819BB20028E9D103F42072B2F5007F8D
:10C1B000E4D028462146F9F7A3FDA389206913F0AE
:10C1C0000102DED1990758BF6269A2600028DED162
:10C1D000B4F90C301A06DBD543F04003A3814FF0CD
:10C1E000FF3038BD1846F8F717FFC0E7216B51B193
:10C1F00004F14003994204D02846E5F707FBB4F95F
:10C200000C200023236300232069636022F02402B2
:10C210002060C3E742F0400209232B604FF0FF305B
:10C22000A28138BD680E002438B5074C00230546AE
:10C2300008462360E6F774F8431C00D038BD236835
:10C24000002BFBD02B6038BDD41601242DE9F04F14
:10C2500003690F69BB4283B0C0F28680013F01F1E0
:10C26000140900F1140A59F827205AF82730BC00A5
:10C270000132B3FBF2F80AEB0403009409EB040B60
:10C280000193B8F1000F38D000252E46CE46D44693
:10C290005EF8044BDCF80030A2B208FB0255220C19
:10C2A0002C0C08FB0242ADB2751B96B2C6EB1346CE
:10C2B00015FA83F306EB23469BB243EA0643F345A4
:10C2C0004FEA12454CF8043B4FEA2646E0D2009B69
:10C2D0005AF803308BB9019A131F9A450CD252F8C1
:10C2E000043C4BB9A2F1080302E01A68043B1AB9F6
:10C2F0009A4507F1FF37F8D30761044601F028FD9E
:10C3000000282DDB08F101085546002359F8041BCD
:10C3100028688AB29A1A0B0C12FA80F2C3EB104307
:10C3200003EB224392B242EA0342CB4545F8042B89
:10C330004FEA2343EAD25AF827200AEB87037AB957
:10C340001A1F92450BD253F8042C42B9083B02E065
:10C350001A68043B1AB99A4507F1FF37F8D32761E9
:10C36000404603B0BDE8F08F002003B0BDE8F08F79
:10C370002DE9F04F016C93B004461F4692469B4650
:10C3800041B1426C4A60012393408B6001F0A4FAF2
:10C39000002323643D1E1F9AB4BF012300231360B2
:10C3A000BF4BBCBF25F00045AB46AB4300F0A580BA
:10C3B0004BEC17ABB5EE407BF1EE10FACDE902ABDA
:10C3C0000DD11E9A01231360209B002B00F0C28028
:10C3D000B44E1E60013E304613B0BDE8F08F10AA87
:10C3E00011ABCDE900322046DDE9022301F0C4FDA6
:10C3F0005FEA1559804640F09E80DDE9101301EB9D
:10C40000030909F23243202B40F38683C3F1400332
:10C4100009F212429D402AFA02F32B4307EE903AAA
:10C42000B8EE677B09F1FF398DED027B0398DDE9FA
:10C430000223A0F1F87301200D9043EC172BB7EE07
:10C44000086B9FED914B37EE466B9FED917B9FED17
:10C45000925BA6EE047B06EE909AB8EEE66BA6EE33
:10C46000057BFDEEC76BB5EEC07BF1EE10FACDEDAE
:10C47000026A00F1D381029A162A00F2C4818A4B23
:10C4800003EBC20393ED007B4BEC16ABB4EEC67B23
:10C49000F1EE10FA40F33A83531E029300230B93FC
:10C4A000A1EB0909B9F10103089344BF00230893E4
:10C4B000029B4CBFC9F101094FF00009002BC0F2EB
:10C4C000A581089A0A9311461944002308910593FF
:10C4D0001C9B092B43D8052B40F31B83043B1C9367
:10C4E000002306931C9B023B032B00F2EF83DFE843
:10C4F00013F039031A03430344041E9A42F20F73E4
:10C500001360BAF1000F0FD1C5F3130565B9209B75
:10C51000664E002B3FF45FAF06F10803209A3046C9
:10C52000136013B0BDE8F08F209B614E002B3FF4E9
:10C5300052AFF31CF2E70399C1F31301DDE90223C3
:10C54000002041F07F53A9F2FF3943F440131099C2
:10C550000D9072E7574E304613B0BDE8F08F0123BF
:10C5600000224FF0FF3506931C922F4609931D922F
:10C57000002161640C97204601F088F90E2D0646D3
:10C58000206400F2BE80069B002B00F0BA80029966
:10C590000029CDE90EAB40F35883434A01F00F0365
:10C5A00002EBC3020B11DD0692ED006B40F1078434
:10C5B000414A92ED087B4BEC15AB03F00F030321CE
:10C5C00085EE074B5BB13C4AD80704D592ED007B62
:10C5D000013126EE076B5B1002F10802F4D184EE04
:10C5E000065B0B9B3BB1B7EE007BB4EEC75BF1EE95
:10C5F00010FA00F14F8407EE901AB8EEE76BB1EE37
:10C600000C7BA6EE057B8DED067B079BDDE906AB7B
:10C61000A3F1507B002F00F0998302983A46BDEEBB
:10C62000C57B214917EE103A01EBC20111ED024B17
:10C6300009993033B8EEC77BDBB235EE477B4BEC64
:10C6400016AB751C002900F0DE83B6EE003B83EECE
:10C65000045B35EE465BB4EEC75BF1EE10FA337067
:10C660004BDCB7EE003B33EE476BB4EEC65BF1EE4E
:10C6700010FA00F35984012A41D0B2EE044B32443F
:10C6800026E000BFAFF3008061436F63A787D23F0E
:10C69000B3C8608B288AC63FFB799F501344D33FB1
:10C6A0000000F07F49610708F0620708B8610708D9
:10C6B000C461070848610708C862070833EE476B82
:10C6C000B4EEC56BF1EE10FA00F12E84954216D04F
:10C6D00027EE047B25EE045BBDEEC76B16EE103A29
:10C6E0003033DBB2B8EEC66B37EE467BB4EEC57BBB
:10C6F000F1EE10FA05F8013BE0D50290D7E1DDE953
:10C700000EAB119B002B62DB029A0E2A5FDCBE4B44
:10C7100003EBC20393ED003B1D9B002BC0F2748220
:10C720004BEC17AB87EE036BBDEEC66B012F16EE1D
:10C73000103A03F13003B8EEC65B06F10105337021
:10C74000A3EE457B21D0B2EE044B27EE047BB5EE81
:10C75000407BF1EE10FA08D1A9E127EE047BB5EE9B
:10C76000407BF1EE10FA00F0A28187EE036BBDEE84
:10C77000C66B16EE103A303305F8013BAB1B9F42F7
:10C78000B8EEC65BA5EE437BE7D137EE077BB4EE90
:10C79000C37BF1EE10FA0ADCB4EE437BF1EE10FA43
:10C7A00040F0858116EE103AD90740F1808115F8E6
:10C7B000013C05E0964200F04A8312F8013C154620
:10C7C000392B05F1FF32F5D0013313706FE1099A6F
:10C7D00082B31C9A012A40F30A82059B7A1E934277
:10C7E000C0F2D5829A1A002FC0F2FE82089B3B4409
:10C7F0004D460893B944012120460D9201F052F9AB
:10C800000D9A06901AE001230B9349E6029BA9EBCF
:10C8100003095B42059300230A9359E6B8EEE66BE1
:10C82000B4EE476BF1EE10FA3FF425AE029B013BEC
:10C83000029320E6099B059A06934D46002D0BDDD9
:10C840000899002908DDA9420B46A8BF2B46A9EB91
:10C850000309ED1ACB1A0893059B6BB109990029BE
:10C8600000F08E829B1A002A40F0A38141461A46AE
:10C87000204601F0C7F980460121204601F012F957
:10C880000A9A0590002A40F02C811C9B012B40F352
:10C8900076810120089A104410F01F0000F01A81E0
:10C8A000C0F12003042B40F36E83C0F11C0002444E
:10C8B000814405440892B9F1000F05DD41464A461E
:10C8C000204601F0EFF98046089B002B05DD1A4653
:10C8D0000599204601F0E6F905900B9B002B73D1DA
:10C8E000002F40F30E82099B002B00F08980002D61
:10C8F00000F376810A9B002B40F0D381DDF818907D
:10C900000B96731E3B440AF001023746069E0A92BC
:10C910000993059D40462946FFF798FC314682461B
:10C92000404601F015FA294683464A46204601F062
:10C930002BFAC3680AF130050146002B40F0DC8178
:10C940000690404601F004FA069A089011462046E7
:10C9500000F0C2FF089B33B91C9A22B90A9B002B36
:10C9600000F0E4821C9BBBF1000FC0F2188205D1DD
:10C970001C9A1AB90A9A002A00F01182002B07F1BA
:10C98000010A00F32182099B3D70BB4200F02F8217
:10C99000414600230A22204600F0A8FF4E4580466B
:10C9A00031464FF000034FF00A02204600F09E810E
:10C9B00000F09CFF4946064600230A22204600F06C
:10C9C00095FF57468146A4E70599404601F0C0F916
:10C9D000002885DA029F414600230A222046013FB3
:10C9E000029700F083FF099B8046002B40F0B6823F
:10C9F0000C9F002F04DC1C9B022B00F3C2820C9FB7
:10CA0000DDF81490354604E0F062070800F06EFF90
:10CA1000804649464046FFF719FC00F1300C05F806
:10CA200001CBAB1B9F424FF00A024FF0000341467F
:10CA30002046EBDCCDF820C04FF0000A4146012231
:10CA4000204601F02FF90599804601F081F9002870
:10CA500015F8012C12DC06D1089BDB070ED402E08E
:10CA600015F8022C1D46302A05F1FF33F8D00BE0F3
:10CA70009E4200F0528113F8012C1D46392A05F11F
:10CA8000FF33F5D001321A700599204600F024FFDB
:10CA9000069B63B1BAF1000F05D09A4503D0514609
:10CAA000204600F019FF0699204600F015FF414688
:10CAB000204600F011FF0022029B2A701E9A0133CB
:10CAC0001360209B002B3FF486AC30461D6013B0F2
:10CAD000BDE8F08F1C20089B034481440544089363
:10CAE000E9E60146204601F08DF81C9B0590012BDC
:10CAF00040F3D28000230A93059A136902EB830363
:10CB0000186900F07FFFC0F12000C3E600230B93FB
:10CB1000C6E401230693E5E4C3F120030AFA03F314
:10CB200007EE903A7CE400230993029B1D9A13447C
:10CB30005F1C012FBC460C93B8BF4FF0010C0021C5
:10CB4000BCF1170F61643D467FF715AD0122042348
:10CB50005B0003F114006045114602F10102F7D9B0
:10CB6000616408E5002309931D9B002B40F3DB80E3
:10CB70000C931F469C46E2E701230993F4E7BAF1C0
:10CB8000000F7FF486AECBF31303002B40F06881D7
:10CB90002BF000431B0D1B052BB1089B01330893A1
:10CBA00009F1010901230A9A0A93002A3FF471AEA0
:10CBB000A2E706990D93204601F024F8424601466B
:10CBC0000690204600F078FF41460590204600F090
:10CBD00083FE059A0D9B9046002B3FF44DAE45E633
:10CBE0002A460699204601F05DF8069082E60D9AE5
:10CBF000002A00F0378103F23343089A1A4408925E
:10CC00004D46059A9944F6E5002F3FF789AD40F06F
:10CC1000B080B1EE047B23EE073B4BEC17ABB4EED8
:10CC2000C73BF1EE10FACDE9057771DA029A3123AC
:10CC3000013202923370751C0599204600F04CFEBB
:10CC4000069B002B7FF42FAF31E700F01E81029B83
:10CC5000C04A5B4203F00F0102EBC10292ED005BA0
:10CC60009DED0E7B1B1127EE055B00F08781B0EE7A
:10CC7000457BB94A00200221DD0705D592ED006B06
:10CC80000131012027EE067B5B1002F10802F3D18F
:10CC9000002805FE075BA4E4BAF1000F3FF473AF70
:10CCA00028E7069B2046596800F0F0FD06990B69BD
:10CCB00002339A0005460C310C30F9F7BBFB2946CC
:10CCC0000122204600F0EEFF814619E6002565644A
:10CCD0002946204600F0DAFD4FF0FF330C931F4643
:10CCE000012306461D95206409930AE500F0FEFD28
:10CCF0005746064681460CE6204600F0EDFD01232E
:10CD000031E61C9B022B7FF7EEAD002F00F0AE80CA
:10CD10001D9BDB43029335468EE7029A3123013295
:10CD200002923370B0E601251D952F4620E407EEF0
:10CD3000901AB8EEE76BB1EE0C7BA6EE057B8DED9D
:10CD4000067B079BDDE906ABA3F1507B4BEC16ABF2
:10CD5000B1EE047B35EE477BB4EEC67BF1EE10FA04
:10CD60004DDCB1EE466BB4EEC67BF1EE10FA7FF50A
:10CD7000C6AC0023CDE90533CAE701230993D4E605
:10CD80004146059A204600F03DFF804674E5059B2C
:10CD90000A990592D31A19440A91002223E5002B1F
:10CDA0000895069607F101050B9E00F392809DF809
:10CDB0002030DDF818A03B70CDF8189064E69DEDAA
:10CDC0000E4B0221FFF7FEBB2B46392B089506962A
:10CDD00055460B9E00F08F80089BDDF818A0CDF81B
:10CDE000189001333B704FE6A9EB070503E5334686
:10CDF00008950B9ECDF8189055469A461EE60023DE
:10CE0000CDE9053312E7012A26EE045B337011D019
:10CE1000B2EE044B324427EE047BBDEEC76B16EE38
:10CE2000103A303305F8013B9542B8EEC66B37EE49
:10CE3000467BF0D1B6EE006B35EE064BB4EEC74B39
:10CE4000F1EE10FA5ED5029015F8013CB8E43023FB
:10CE50003370029B01330293324615F8013CB3E470
:10CE60000023A0E6109BC3F13603C6E63B460599B6
:10CE70000522204600F03AFD01460590404600F0AC
:10CE800067FF00283FF7D2AE42E79DED0E5B02211F
:10CE9000FFF7A7BB002F3FF44AAF0C9A002A7FF799
:10CEA0002EACB2EE044BB1EE0C6B013107EE901AD2
:10CEB00025EE045BB8EEE77BA5EE076B8DED066B08
:10CEC000079BDDE906ABA3F1507B029B581EFFF7E1
:10CED000A6BB41460122204600F0E4FE05998046AB
:10CEE00000F036FF00282DDD089B392B03D00AF116
:10CEF000310308935BE73922DDF818A03A70CDF8CA
:10CF00001890BBE536EE456BB4EEC76BF1EE10FA48
:10CF100002DCFFF7F4BB154615F8013C302B05F198
:10CF2000FF32F8D0FFF7E9BB029049E42B46392BDA
:10CF30000895069607F101050B9EDCD0BBF1000FAA
:10CF4000D5DC34E77FF433AF089BDA077FF52FAFEA
:10CF5000CAE700BFF0620708C86207080699002305
:10CF60000A22204600F0C2FC0C9F0690002F3FF7DB
:10CF7000BEAC1C9B022B04DC0C9FB8E40221FFF723
:10CF800030BB0C9FC1E63FF496ACC0F13C00A2E57B
:10CF90000B78722B30B431D0772B2AD0612B04D090
:10CFA0001623036030BC002070474FF40275012443
:10CFB0004FF4847011F8013F8BB1622B16D0782B9F
:10CFC00011D02B2BF6D111F8013F20F01C0024F0DA
:10CFD000030440F0100044F00204002BEDD12C4378
:10CFE000146030BC704744F40064E3E744F48034D8
:10CFF000E0E74FF4C06501240820DBE700252C465C
:10D000000420D7E72DE9F04104694B119C422EDD45
:10D0100000F1140C11F01F0167460CEB84040CEBBB
:10D0200083052AD05CF823202E1DB44222FA01F297
:10D03000C1F1200813D900F1100E336803FA08F388
:10D0400013434EF8043F56F8042BA64222FA01F28D
:10D05000F3D3631B053B23F0030304339C44CCF858
:10D06000002012B30CF10403DA1B921018E0002325
:10D07000036100234361BDE8F081AC42F7D900F1C0
:10D0800010022B4653F8041B42F8041F9C42F9D8A7
:10D09000EA43224422F0030204320CEB0203921012
:10D0A000BB420261E5D0BDE8F0816346DA1B921015
:10D0B000F6E700BF2DE9F04F8DB08946079018982C
:10D0C00004920A9300F08EFB0368059318461C46F1
:10D0D000F9F7F6FFD9F80030039021189A7811F883
:10D0E000011C0191302A40F0878103334FF0000882
:10D0F0001C4613F8012B302A08F10108F8D0BD4E68
:10D10000B35C002B00F0F08023784FF0000AF35C52
:10D110005546274623B117F8013FF35C002BFAD19F
:10D12000039A05993846FAF739F8002800F09080FC
:10D130003B78002D40F09080502B029500F09280BB
:10D14000702B00F08F803D46C9F80070BAF1000FD7
:10D1500040F0B7802B1B013B072B514604DD5B10D1
:10D16000072B01F10101FADC079800F08FFB034661
:10D170001433AC420690089380F0AF819B46039B2A
:10D180004FF00008C3F10103C146099311E0B8F163
:10D19000200F00F09F80424608F1040815F8013C7A
:10D1A000F35C554603F00F039340A54249EA030997
:10D1B00018D915F8013C019A934205F1FF3A0BF199
:10D1C0000407E4D1099B5344A342E0D31846039AD1
:10D1D00005990B93F9F7E2FF0B9B0028D7D11D4669
:10D1E000A542E6D8089BCBF80090FF1A069BBF101B
:10D1F0001F61484600F006FC049B7F011E683F1A31
:10D20000B74200F3D880C0F20E810025049B029A39
:10D210009B689342C0F232810498029A4368934219
:10D2200073DD9C1AA64200F3A480C268022A00F0B3
:10D230008B81032A00F08381012A00F05E81DDE901
:10D24000061000F049FB169A0023136050243DE0BD
:10D25000002D00F0DA803B78ED1BAA00502B0292E3
:10D260007FF46EAF7B782B2B00F0A3802D2B67D043
:10D270007A1C0025F35C591E18293FF664AF5178DB
:10D28000715C481E1828A3F1100302F101020BD8AB
:10D2900012F8010F03EB830301EB4303315C481EDB
:10D2A0001828A3F11003F3D905B15B4202993D465A
:10D2B000194417460291C9F80070BAF1000F3FF403
:10D2C00049AFB8F1000F0CBF0624002420460DB072
:10D2D000BDE8F08F5B46002243F8089BBB469146B1
:10D2E0001F464FF0040859E7039D05992A4620463A
:10D2F000F9F754FF40B322782746502A00F0808087
:10D30000702A7DD0C9F80070DBE7012465B1049B69
:10D31000DB68022B00F0BB80032B00F0BC80012BEC
:10D3200000F0048144F01004169B1A46069B13601B
:10D330000A9B1A46029B136020460DB0BDE8F08F91
:10D340000125BB78BA1C95E7625DB35C6719002BB9
:10D35000D3D0302A3C4604D114F8013F302BFBD007
:10D36000F35CB3FA83FA3D464FEA5A1A4FF00108CC
:10D37000CFE6671E002D40F0B880002F40F0B78048
:10D380007B11089A069852F8232007F01F07012303
:10D3900003FA07F71742214618BF45F00205FFF7C9
:10D3A00031FE049B5B680293361B0224002DBBD028
:10D3B000ADE70025C5E7BF1B3946069800F092FE91
:10D3C000054678B17A1E5111089802F01F0350F8F3
:10D3D0002110012505FA03F30B4203D0AA4200F302
:10D3E000B7800225029B06983B4439460293FFF71B
:10D3F00009FE0BE7C86107089C1C4FF000087EE699
:10D40000002302934FF0010A2CE703997B5CF25C46
:10D410007D182F46002A3FF41FAF17F8013FF25C3A
:10D42000002AFAD118E7F71B069907983A4600F048
:10D4300039FC029B0690DB1B0293034614330893CE
:10D440000025E3E6069B9B689D4280F291802B4677
:10D45000069800EB830201210133022C0361516124
:10D460007FD09D4234DA01210698FFF7CBFD049B63
:10D47000029A9B680132934202922CDADDE906108F
:10D4800000F02AFA169A00231360A3241EE7179BC4
:10D49000C3F101031793179B002B3FF443AF069B87
:10D4A000DDF820C01D69AF000CEB070063460021CA
:10D4B00003E0984243F8041CC4D99E4653F8042B59
:10D4C000B2F1FF3FF5D00132022CCEF8002048D057
:10D4D00016F01F0668D1212426E7069BDDF820B050
:10D4E00003F118074FF000097CE6012548E73946AB
:10D4F000069800F0F7FD054642E7A6427FF49FAE8E
:10D50000012E08DD711E069800F0ECFD00283FF4A6
:10D5100096AE049B5B680A990B60069B08990122F2
:10D520001A610A60169A62241360CFE6AA077FF593
:10D53000F9AE089B1B681D43EB07B0D4F2E6179ABF
:10D54000002A3FF47CAEE6E7179A002AE3D076E69D
:10D55000B91E069800F0C6FD00283FF442AF03252F
:10D5600040E7049B1B68013BB34227D02224DBE643
:10D57000069BDDF81C9059684846013100F086F999
:10D5800006990B69023380469A000C310C30F8F78B
:10D5900051FF0699484600F09FF9CDF8188008F130
:10D5A000140CD8F8103053E76744C6F1200657F83A
:10D5B000040C00F027FAB0428DDA54E7731106F03C
:10D5C0001F065CF823200123B340134214BF21241B
:10D5D0002224A9E630B40468013408E014F8013BC1
:10D5E000A3F14105192D98BF2033934207D111F8BB
:10D5F000012B002AF2D10460012030BC70470020CA
:10D6000030BC70472DE9F04F0B68DFF894E15911F9
:10D6100002EB810985B013F01F0318BF09F104095B
:10D6200001900393002349F8043C98469A461C460F
:10D63000019BCDF808901B685F78A9F10406B446F9
:10D640003146B3469146581CDFB11EF80750002DF5
:10D6500040D1202F5BD854450EDD614502D2B8F190
:10D66000070F5EDD49454ED90023A1F1040C41F8B6
:10D67000043CA2466146984603465F78581C002F3A
:10D68000E3D14A465E46DDF80890002C45D061455E
:10D6900002D2B8F1070F70DD914259D9134651F803
:10D6A000040B43F8040B8E42F9D2002143F8041B0B
:10D6B0009E42FBD259F8041C21B145E056F8043DC6
:10D6C000002B41D1B242F9D101230520136005B0EE
:10D6D000BDE8F08F08F10108B8F1080F04F101046A
:10D6E00007DC0A68120105F00F0515430D600346BB
:10D6F000C3E74945C0D9002341F8043C1A46043920
:10D700004FF00108EFE74FF008080346B5E7292F6F
:10D710004A465E46DDF8089029D0042005B0BDE8F1
:10D72000F08FC8F108039B000A68C3F120080D467A
:10D730006F6807FA08F6164327FA03F22E6045F8D9
:10D74000042FAC45F4D88DE7052005B0BDE8F08F77
:10D75000039B59F8041C002BAED0C3F120034FF0FB
:10D76000FF3020FA03F3194049F8041CA4E701989C
:10D7700002330360002C8AD1CFE7C8F108039B0075
:10D780000D68C3F1200E0846476807FA0EF42C43D3
:10D7900027FA03F5046040F8045F8445F4D87BE77A
:10D7A000C861070838B5074C0023054608462360C2
:10D7B000E4F788FE431C00D038BD2368002BFBD063
:10D7C0002B6038BDD4160124FF2801D900207047F2
:10D7D00010B50446F8F750FA2044407800F00800ED
:10D7E00010BD00BFF0307047044A054B1268506B03
:10D7F000002808BF1846F030704700BF680E0024AC
:10D800009812002470B50D46084C114606461A467B
:10D81000284600232360E4F7BCFE431C00D070BD03
:10D820002368002BFBD0336070BD00BFD4160124E9
:10D83000F0B5134C83B02468089D646B07465AB159
:10D84000104E0095002C08BF3446D4F8E440A047A1
:10D85000431C0ED003B0F0BD0A4B0095002C08BF4E
:10D860001C4611460123D4F8E440074AA047431C54
:10D87000F0D100228A232A603B6003B0F0BD00BFD4
:10D88000680E00249812002428610708C36C70B544
:10D8900005460C464BB153F8240080B1026843F8AA
:10D8A00024200023C0E9033370BD21220421E3F7C3
:10D8B000F6FE0346E8640028EDD1002070BD01218A
:10D8C00001FA04F6721D28469200E3F7E8FE0028EC
:10D8D000F3D0C0E90146E4E731B1C36C4A6853F8BC
:10D8E0002200086043F82210704700BFF0B50C69B1
:10D8F00083B00D46064601F1140C0027DCF8000049
:10D9000081B202FB0133010C180C02FB01019BB236
:10D91000013703EB0143BC424CF8043B4FEA11438F
:10D92000ECDC3BB1AA68A24207DD05EB84020134BE
:10D9300053612C61284603B0F0BD69680193013141
:10D940003046FFF7A3FF2A69023205F10C010746B2
:10D9500092000C30F8F76EFDF26C6968019B52F88A
:10D960002100286042F821503D46DEE72DE9F843CA
:10D97000234C089D1E46083384FB034CDB17C3EB86
:10D980006C0CBCF1010F07460C46904635DD0123B7
:10D9900000215B009C4501F10101FADC3846FFF7EC
:10D9A00075FF0123B8F1090FC0E9043521DD04F149
:10D9B00009094D46444415F8013B0146303B0A2213
:10D9C0003846FFF793FFAC42F5D109EB0804083C59
:10D9D00046450CDDA6EB0806264414F8013B01463B
:10D9E000303B0A223846FFF781FFA642F5D1BDE859
:10D9F000F8830A344FF00908EAE70021CEE700BFB8
:10DA0000398EE338020C12040346C2B90304102015
:10DA100013F07F4F04BF1B02083013F0704F04BF98
:10DA20001B01043013F0404F04BF9B000230002B59
:10DA300004DB5B0001D501307047202070470020D7
:10DA4000E6E700BF036813F00702014607D0DA07D4
:10DA50001FD498071FD55B080B600120704798B250
:10DA6000A0B1104613F0FF0F04BF1B0A08301A07BD
:10DA700004BF1B0904309A0704BF9B080230DA0771
:10DA800002D45B080BD001300B6070471B0C1020D8
:10DA9000E8E7002070479B080B60022070472020B9
:10DAA000704700BF10B50C460121FFF7EFFE0122C1
:10DAB000C0E9042410BD00BF2DE9F04F0E691469C0
:10DAC000A64283B00F46154604DA32462F46264654
:10DAD0000D461446D7E9011306EB04084345B8BFC9
:10DAE0000131FFF7D3FE00F1140909EB880EF1456F
:10DAF000009005D24B46002243F8042B9E45FBD8EC
:10DB000005F1140A0AEB840407F11403A24503EBA0
:10DB1000860C61D2641B153C24F00304CDF804E0AC
:10DB2000A24405F110029E4605E02D0C2BD1924532
:10DB300009F104094ED052F8045F1FFA85FBBBF1CE
:10DB4000000FF2D077464E46002000E0264657F8F8
:10DB5000041B34688BB2A5B2090C240C0BFB0353D5
:10DB600003440BFB014000EB134034469BB243EAF5
:10DB70000043BC454FEA104044F8043BE6D87060CF
:10DB800015682D0CD3D0D9F8003076461846CB4610
:10DB9000002100E0A3463488000C05FB040001448A
:10DBA0009BB25C4643EA014344F8043B56F8043B0D
:10DBB000DBF804001B0C87B205FB037303EB114376
:10DBC000B4454FEA1341E5D89245CBF8043009F14A
:10DBD0000409B0D1DDF804E0B8F1000F0BDD5EF808
:10DBE000043CAEF1040E1BB105E05EF8043D13B930
:10DBF000B8F10108F9D10098C0F8108003B0BDE871
:10DC0000F08F00BF12F003032DE9F04114460746E0
:10DC10002ED10D46A4101CD0BE6C96B3E3074FF076
:10DC2000000806D4641014D03068A8B10646E30793
:10DC3000F8D5324629463846FFF73EFFB5B16A6847
:10DC4000FB6C641053F82210296043F822500546FB
:10DC5000EAD12846BDE8F081324631463846FFF722
:10DC60002BFF3060C0F800800646E0E70546D9E7A4
:10DC7000013B0B4A52F823200023FFF737FE0546ED
:10DC8000C8E701213846FFF701FE40F271234361E6
:10DC90000122002302610646B8640360BEE700BFAC
:10DCA000B86307082DE9F04791460A690E464FEA26
:10DCB0006914D1E9011304EB020808F101059D4242
:10DCC000074604DD5B009D4201F10101FADC3846A4
:10DCD000FFF7DCFD002C00F1140337DD03EB8401BA
:10DCE000002243F8042B8B42FBD1346906F1140364
:10DCF00019F01F0903EB840C20D0C9F1200E00227B
:10DD000000E051461C688A4604FA09F414434AF8B4
:10DD1000044B53F8042B634522FA0EF2F1D34A6008
:10DD20000AB108F10205FB6C7268013D53F822103C
:10DD30000561316043F82260BDE8F087043953F88B
:10DD4000042B41F8042F9C45F9D8ECE71946CCE7A1
:10DD500030B40B6905460069C01A0FD19B00143519
:10DD6000143119442B4401E09D4207D253F8044D6D
:10DD700051F8042D9442F7D002D3012030BC7047F3
:10DD80004FF0FF30FAE700BF2DE9F04113690D694C
:10DD9000ED1A002D0E46904601F1140402F114070D
:10DDA00014D19B00E2183B4401E0A24259D952F839
:10DDB00004CD53F8041D8C45F7D009D222463346D2
:10DDC0003C46464617469846012501E0F6DB00250D
:10DDD0007168FFF75BFDD8F810303669C56007EB56
:10DDE000830EBC4600F1140504EB860700235CF8A3
:10DDF000041B54F8048B8AB213FA88F3090C9A1A9C
:10DE0000C1EB184303EB224392B242EA0342E645D8
:10DE100045F8042B4FEA2343E9D8A74217D9AE4669
:10DE2000A4465CF8042B13FA82F3191401EB124197
:10DE30009BB243EA014267454EF8042B4FEA214367
:10DE4000EFD8E443274427F0030704373D44043D5B
:10DE500022B955F8043D013E002BFAD00661BDE819
:10DE6000F0810021FFF712FD01220023C0E9042305
:10DE7000BDE8F0810F4B0B40A3F15073002B02DD86
:10DE80000020194670475B421B15132B0BDD143B1A
:10DE90001E2BDDBFC3F11F03012202FA03F301238E
:10DEA0000021184670474FF40022002042FA03F187
:10DEB000704700BF0000F07F2DE9F041066900F1D6
:10DEC000140808EB860656F8047C3846FFF79AFDDE
:10DED000C0F120030A280B60A6F1040219DC90456A
:10DEE00038BF56F8082CC0F10B0327FA03F138BFEE
:10DEF000DA4000F1150341F07F5528BF002207FAF0
:10DF000003F345F4401543EA020420462946BDE8E0
:10DF1000F0819045A0F10B031CD256F8080CDBB140
:10DF20009F4047F07F57C3F12001A6F1080220FA75
:10DF300001FC47F44017904500FA03F047EA0C054E
:10DF400003D256F80C3CCB401843044620462946E1
:10DF5000BDE8F08133B9184647F07F5545F44015C8
:10DF60000446F3E707FA03F343F07F55002045F436
:10DF700040150446EAE700BF2DE9F04383B00121D4
:10DF80001F4616460A9DFFF781FCC7F30A548146D7
:10DF9000C7F313030CB143F48013002E019323D075
:10DFA00002A840F8086DFFF74DFD002835D1DDE9E6
:10DFB0000023C9F81420002B0CBF01210221C9F84D
:10DFC0001830C9F81010DCB909EB8103A0F2324017
:10DFD00028601869FFF716FD0B9BC0EB4110186015
:10DFE000484603B0BDE8F08301A8FFF72BFD019B75
:10DFF000C9F8143001212030C9F81010002CE3D0EA
:10E00000A4F2334808EB00032B600B9BC0F13500F2
:10E010001860484603B0BDE8F083DDE90013C0F1A5
:10E02000200203FA02F20A43C3400193C9F8142004
:10E03000C1E700BF30B587B00C4604A90546FFF71D
:10E040003BFFCDE90001204605A9FFF735FFDDE9DB
:10E050000423CDE9020120692969D31A091A03EBC7
:10E060004113002BDDE90001DDE902450EDD019AD7
:10E0700002EB0351CDE900019DED007B9DED026BAC
:10E0800087EE067B51EC170B07B030BD039AC3EB4C
:10E09000033302EB0355CDE90245EDE770B4146993
:10E0A0004D1E02F1140303EB84016D1101358B4207
:10E0B00000EB85040CD2051F53F8046B45F8046F80
:10E0C0009942F9D88B1A153B23F003030433184403
:10E0D000844204D9002340F8043B8442FBD870BC3E
:10E0E000704700BF036910B44C11A34200F1140241
:10E0F00010DA02EB83039A421ED253F8040C043B5D
:10E1000018B115E053F8041D91B99A42FAD35DF89D
:10E11000044B704702EB8403EDDD11F01F01EAD0E0
:10E1200052F8244024FA01F000FA01F18C42E2D0C6
:10E1300001205DF8044B70470020E8E770B50D46FC
:10E14000084C114606461A46284600232360E4F789
:10E15000BBF9431C00D070BD2368002BFBD033609B
:10E1600070BD00BFD416012470B40C785E2C064636
:10E170001ED00022481C1546731E06F1FF0103F84D
:10E18000012F8B42FBD184B185F001033355411C33
:10E1900011F8012C2D2A10D05D2A03D01AB1144693
:10E1A0000846F3E7084670BC7047013870BC7047FA
:10E1B00001224C781546881CDEE745785D2DEED0AF
:10E1C000AC42ECDC023032190134A54202F8013FC6
:10E1D000FADC0231DCE700BF004870470000C07F76
:10E1E0002DE9F04F89B0CDE9061003921F468A460B
:10E1F00000E0AA465546129815F8014BF7F738FD8E
:10E200002044467816F00806F3D12D2C00F08980C2
:10E210002B2C04BF9AF801400AF10205002F46D0CA
:10E22000102F00F08480BA464FEAE77B002E47D0DB
:10E2300000214FF00043CDE9041352465B46DDE96F
:10E240000401F5F703FC804689464FF0000C0020DE
:10E250000021CDE9008912E054D0894600FB0BF47F
:10E260000AFB0944A0FB0A01214410EB030841EB1F
:10E27000E379404649464FF0010C15F8014BA4F1F3
:10E280003003092B05D9A4F14103192B1FD8A4F1A0
:10E2900037039F4223DDBCF1FF3FEED0DDE900896B
:10E2A000894508BF8045D7D24FF0FF3CE5E7302CC9
:10E2B00044D04FF00A0A4FF0000B0A27002EB7D1C6
:10E2C0004FF0FF326FF00043CDE90423B5E7A4F12E
:10E2D0006103192B03D8A4F157039F42DBDCBCF187
:10E2E000FF3F14D016B1404261EB4101039B33B1B3
:10E2F000BCF1000F2FD1039B1A46069B136009B097
:10E30000BDE8F08F9A42A8DA4FF0FF3CB5E7079AD4
:10E3100022231360039B0BB36B1EDDE904010693FC
:10E32000E9E70AF102059AF80140012676E7302C68
:10E3300017D04FF0100A4FF0000B77E72B7803F05F
:10E34000DF03582B13D16C784FF0100A4FF0000BFD
:10E35000023510276AE7CDE90401DDE7DDE90401B4
:10E36000CDE72B7803F0DF03582BE2D1EBE74FF03A
:10E37000080A4FF0000B082758E700BF30B5064CDD
:10E38000064D2468646B83B0002C08BF2C460094B3
:10E39000FFF726FF03B030BD680E0024981200245A
:10E3A0002DE9F04F87B00F46059003921E46884630
:10E3B00000E0A8464546109815F8014BF7F758FCC1
:10E3C000204490F801B01BF0080BF2D12D2C00F086
:10E3D00091802B2C09BF98F80140CDF810B0CDF8F2
:10E3E00010B008F10205C6B1102E00F08A80B246C6
:10E3F0004FEAE67B52465B464FF0FF304FF0FF316D
:10E40000F5F724FB5246804689465B464FF0FF30C5
:10E410004FF0FF31F5F71AFB0BE0302C7DD0DFF821
:10E42000489105224FF099384FF00A0A4FF0000B3F
:10E430000A264FF0000C00200021CDE900AB1CE0C3
:10E44000894508BF804527D3494508BF404540D08E
:10E45000824601980AFB00F400988B4600FB0B44AF
:10E46000AAFB0001214410EB030A41EBE37B504679
:10E4700059464FF0010C15F8014BA4F13003092B5C
:10E4800005D9A4F14103192B09D8A4F137039E4201
:10E490000DDDBCF1000FD3DA4FF0FF3CEBE7A4F148
:10E4A0006103192B03D8A4F157039E42F1DCBCF1A0
:10E4B000000F13DB049B13B1404261EB4101039B4E
:10E4C00023B1BCF1000F13D1039B1F6007B0BDE85F
:10E4D000F08F9342BCDD4FF0FF3CCCE7059A22233E
:10E4E0001360039B4FF0FF304FF0FF31002BEDD056
:10E4F0006F1EE9E7012308F1020598F80140049333
:10E5000071E7302C19D00F224FF0FF386FF07049AF
:10E510004FF0100A4FF0000B8BE72B7803F0DF036E
:10E52000582B0FD007224FF0FF386FF060494FF0A3
:10E53000080A4FF0000B08267BE72B7803F0DF0377
:10E54000582B0CD16C780F2202354FF0FF386FF04A
:10E5500070494FF0100A4FF0000B102669E74FF09A
:10E56000100A4FF0000B45E79999991930B5064C00
:10E57000064D2468646B83B0002C08BF2C460094C1
:10E58000FFF70EFF03B030BD680E00249812002480
:10E590002DE9F04F936883B09046002B6CD017683C
:10E5A0008D6882460C460868083742E0A38913F458
:10E5B000906F2DD0D4E9041505EB4505A0EB010BB8
:10E5C00005EBD575701C6D105844A8422A4684BFCF
:10E5D00005462A465B0536D511465046E3F7CAF88C
:10E5E00000283AD05A4621690190F7F723FFA28903
:10E5F000019B22F4906242F08002A281A5EB0B0203
:10E6000003EB0B00656123612060A2603546B346D1
:10E610005A464946F7F7A8FFD8F80830A26820689C
:10E62000551B58449E1BA5602060C8F808601EB3A7
:10E63000083757E90296AB46002EF9D0AE42B5D264
:10E640003546B346E4E75046E3F700F803460028B2
:10E65000D4D121695046E3F7D9F80C23CAF8003029
:10E66000A389002243F040034FF0FF30A381C8E9A3
:10E67000012203B0BDE8F08F0020C8F8040003B009
:10E68000BDE8F08F4B1C70B51AD09389146B566897
:10E6900023F02003CDB29381ACB1536BB342144647
:10E6A00009DD23685A1E226003F8015C63680133A8
:10E6B0006360284670BD114600F07CF80028F0D059
:10E6C0004FF0FF35F5E7136911682BB18B4203D288
:10E6D00011F8013CAB420ED0134602F14004032076
:10E6E0009163C2E90C40D66303F8425F0121C2E99D
:10E6F0000031284670BD01390136C2E90016D8E75D
:10E7000010B50C46096B69B104F14003994201D080
:10E71000E3F77CF8E36B63600020206313B1A36B25
:10E72000236010BDA3892269226043F020030022E8
:10E73000A38162604FF0FF3010BD00BF2DE9F04FA4
:10E7400083B002FB03F701929A460C9C2FB38046DC
:10E750000E463D464FF000090EE0F7F76BFE2268CB
:10E76000C4F804905A442260214640465E44A5EB1A
:10E770000B05FFF7C5FFA0B9D4E900CBAB45304688
:10E780005A466146E9D32A46F7F754FED4E90032E7
:10E79000521B1D44C4E900525746384603B0BDE839
:10E7A000F08F019B7F1BB7FBF3F7384603B0BDE842
:10E7B000F08F00BF01F140032DE9F0410C46096BD9
:10E7C000994214D0666B77003A46E2F73FFF054660
:10E7D00040B300EB0608324640462946F7F72AFECA
:10E7E000C4E90C57C4F800800020BDE8F0814FF464
:10E7F0008061E2F7BFFFA8B194F842304FF4806225
:10E80000C4E90C0280F8FF3394F8413080F8FE33FD
:10E8100094F8403080F8FD3300F2FD302060002095
:10E82000BDE8F0814FF0FF30DFE700BF2DE9F84F82
:10E830004B6E9C0492462DD59368126843B30E46E6
:10E84000074602F1080959E9025B5FEA9B0815D007
:10E85000043D002401E0A0450ED0324655F8041FC7
:10E86000384600F079F8431C04F10104F3D1002389
:10E87000CAE90133BDE8F88FDAF808302BF0030B52
:10E88000A3EB0B03CAF8083009F10809002BDAD111
:10E890000020ECE7F6F7E2FF0023CAE90133BDE808
:10E8A000F88F00BF93680BB1FFF7C0BF10B41846D4
:10E8B00053605DF8044B70472DE9F04782B0814604
:10E8C00088461446F7F7C6F9012803D108F1FF334B
:10E8D000FE2B33D9424604F15C0301A9484600F0FF
:10E8E0006DF8421C06462FD020B39DF804C00025C9
:10E8F0000DF1040A09E023685A1C226083F800C065
:10E900000135B54216D215F80AC0A368013B002BA9
:10E91000A360F0DAA769BB4261462246484602DBA3
:10E92000BCF10A0FE7D1FDF79DFB431CE8D102B013
:10E93000BDE8F087404602B0BDE8F0875FFA88FC8A
:10E9400006468DF804C0D2E7A38943F04003A381B3
:10E9500002B0BDE8F08700BF30B50546506EB2F991
:10E960000C30C007144683B09AB201D490051CD570
:10E97000900406D4626E43F4005342F40052A38123
:10E98000626628462246FFF797FF636EDA07054660
:10E9900002D4A3899B0502D5284603B030BDA06DE3
:10E9A000F7F77EF9284603B030BDA06D0191F7F767
:10E9B00075F9B4F90C3001999AB2D9E7F0B5114C58
:10E9C000246885B00646646B1F4651B10E4D002C7D
:10E9D00008BF2C46D4F8E040A047431C0CD005B03B
:10E9E000F0BD094A002C08BF14460A46D4F8E0409E
:10E9F00001A9A047431CF2D100228A233A60336068
:10EA000005B0F0BD680E002498120024024B582275
:10EA10001A604FF0FF307047D4160124024B582281
:10EA20001A604FF0FF307047D4160124F8B500BFCC
:10EA3000F8BC08BC9E467047F8B500BFF8BC08BCDF
:10EA40009E467047734F0408810504084D0304086F
:10EA5000F2090708F9090708050A0708120A070852
:10EA60001F0A07082E0A07083A0A0708470A070874
:10EA7000540A0708630A07086F0A07087C0A070890
:10EA8000890A0708980A0708A40A0708B10A0708AC
:10EA9000BE0A0708CD0A0708DE0A0708F00A0708B9
:10EAA000020B0708160B0708280B07083B0B070883
:10EAB0004E0B0708630B0708700B070877EB060877
:10EAC0000001020304050607080904030A0B0C00F1
:10EAD000010102020307060704050108810807086F
:10EAE00094080708AE080708CC080708EC080708D0
:10EAF000000907081A090708330907084A0907081F
:10EB00005E0907087309070892090708B30907088F
:10EB1000D2090708FC0707080C0807081C080708A3
:10EB200030080708410807084B0807085608070877
:10EB30006B080708760807085B4552524F525D2064
:10EB4000436F6D616E646F2064656D6173696164AC
:10EB50006F206C6172676F0046616C6C6F2064653A
:10EB600020636865636B6C69737420646573636F9D
:10EB70006E6F6369646F004552524F52005B45529D
:10EB8000524F525D20636F6469676F3D005B415572
:10EB9000544F5D204F626A657469766F20583D005E
:10EBA0005B58595A5D204F626A657469766F2058C8
:10EBB0003D005B4155544F5D204272617A6F207970
:10EBC000612065737461626120656E20656C206FE1
:10EBD000626A657469766F005B58595A5D204272AB
:10EBE000617A6F2079612065737461626120656E5E
:10EBF00020656C206F626A657469766F00206D6DA8
:10EC00002C20593D00206D6D3B205A3D00206D6D3C
:10EC100020726563696269646F207065726F206E2F
:10EC20006F207365206D6F766572610073616C692A
:10EC30006461206465204175746F6D617469636FF0
:10EC40002056320053455353494F4E5F454E4400C2
:10EC50005B424F4F545D2045737461646F2067655C
:10EC60006E6572616C202D3E2000656E7472616469
:10EC7000612061204175746F6D617469636F205606
:10EC8000320053455353494F4E5F53544152540041
:10EC90005B4155544F2056325D2000524553554C30
:10ECA00054006F626A657469766F20636F6D706C73
:10ECB000657461646F006F7264656E2053544F50C9
:10ECC0000053544F5020706F72207465726D696EDE
:10ECD000616C0043616C6962726163696F6E20638D
:10ECE000616E63656C61646120706F722053544F74
:10ECF00050005B5345475552494441445D205354AD
:10ED00004F5020656A6563757461646F005B41559F
:10ED1000544F2056325D20696E74656E746F733D7A
:10ED20000020636174636865735F6175746F6D6102
:10ED30007469636F733D003D3D3D3D3D204553503B
:10ED40004143494F2044452054524142414A4F20BB
:10ED50003D3D3D3D3D0052616E676F20583D0020B6
:10ED60003D200052616E676F20593D0052616E6711
:10ED70006F205A3D0058207061736F732070657268
:10ED80006D697469646F733A200020612000592016
:10ED90007061736F73207065726D697469646F73ED
:10EDA0003A20004F726967656E3A2063656E74722F
:10EDB0006F2066697369636F20583D302C20593D80
:10EDC000302C205A3D30003D3D3D3D3D20434F4DD0
:10EDD000414E444F5320444953504F4E49424C45B5
:10EDE00053203D3D3D3D3D00474F544F2058205955
:10EDF000205A20202D3E20706F736963696F6E204A
:10EE00006162736F6C75746120656E206D6D202872
:10EE1000736F6C6F206D7565766520582F592900CA
:10EE2000582059205A202020202020202D3E2066C6
:10EE30006F726D61206162726576696164612064E0
:10EE40006520474F544F00484F4D4520202020203B
:10EE50002020202D3E20583D302C20593D303B2095
:10EE60005A206E6F207365206D7565766500504F72
:10EE7000532020202020202020202D3E20706F7342
:10EE80006963696F6E2061637475616C0052414EF5
:10EE9000474F202020202020202D3E2065737061C8
:10EEA00063696F2064652074726162616A6F0045F6
:10EEB0004E432045535441444F20202D3E20412FA6
:10EEC000422F5A2C20636F6E74656F2C2064697317
:10EED00074616E63696120792076656C6F63696423
:10EEE0006164004C612063616C6962726163696F87
:10EEF0006E2064656C20656E636F64657220736557
:10EF0000207265616C697A6120656E20656C206194
:10EF10007272616E71756520636F6E206C61206224
:10EF2000616E646120616C203530202500454E43C0
:10EF3000205655454C544120202D3E206469616780
:10EF40006E6F737469636F20646520696E646963B2
:10EF50006520792032303438206375656E746173B2
:10EF60002F7675656C746100454E43204345524FC2
:10EF7000202020202D3E207265696E696369612022
:10EF8000636F6E74656F206520696E6469636520C8
:10EF90006D616E75616C6D656E74650053544F5094
:10EFA00020202020202020202D3E207061726164CE
:10EFB0006120696E6D656469617461005245494EF6
:10EFC00054454E54415220202D3E207265696E6991
:10EFD00063696F2073656775726F2064657364651C
:10EFE0002065737461646F206465206572726F724E
:10EFF000004159554441202020202020202D3E2032
:10F000006573746120617975646100457363616C37
:10F0100061206175746F6D61746963613A20583D58
:10F02000343436206D6D2C20593D333336206D6DD0
:10F0300000444553434F4E4F43494441005B4D45C7
:10F040004E555D204F7063696F6E3D005B415554B6
:10F050004F5D204E6F20646973706F6E69626C65DE
:10F060003A2063616D617261206F206272617A6F14
:10F070002073696E2063616C6962726172005B412A
:10F0800055544F2056325D204E6F20646973706F67
:10F090006E69626C653A2063616D617261206F20F8
:10F0A0006272617A6F2073696E2063616C6962724B
:10F0B0006172005B4155544F2056325D204E6F20E7
:10F0C000646973706F6E69626C653A20656E636F18
:10F0D00064657220696E76616C69646F2E20657359
:10F0E00063616C613D0020666C6167733D30780040
:10F0F0005B4155544F2056325D205265696E6963FD
:10F100006965207920636F6D706C657465206C6132
:10F1100020657461706120332F3320636F6E206C23
:10F12000612062616E646120616C203530202500B1
:10F130005B4155544F2056325D204E6F20646973F9
:10F14000706F6E69626C653A205A206E6F2065732D
:10F15000746120656E20706F736963696F6E2073D0
:10F160006567757261005B4155544F2056325D20D2
:10F170004E6F20646973706F6E69626C653A2063CC
:10F180006F6E666967757265205A2064656E747269
:10F190006F2064656C2072616E676F2073656775A0
:10F1A000726F005B4155544F2056325D204D6F64A5
:10F1B0006F2061637469766F3B206573706572615F
:10F1C0006E646F20717565206C612062616E646190
:10F1D000206176616E63652063616D6172612D3EB1
:10F1E0006272617A6F005B454E435D5B494E4445F8
:10F1F000585D207675656C7461733D0020756C7484
:10F20000696D613D005B43414C5D20005469656D53
:10F21000706F206D6178696D6F20657863656469D2
:10F22000646F0052616E676F205820696E76616C62
:10F2300069646F0052616E676F205920696E766154
:10F240006C69646F0052616E676F205A20696E7638
:10F25000616C69646F004E6F207365207075646F18
:10F260002063616C63756C6172206C6120657363EF
:10F27000616C6100484F4D4520696E74657272750E
:10F280006D7069646F002D2D2D2D2D20504F534929
:10F2900043494F4E2041435455414C202D2D2D2D97
:10F2A0002D00206D6D207C2000207061736F730035
:10F2B000207061736F73207C2072616E676F3D00F8
:10F2C0005B4932435D205072696D657220706171D7
:10F2D0007565746520636F6D706C65746F2079203F
:10F2E00076616C69646F005B424F4F545D204368E8
:10F2F00065636B6C6973742066696E616C204F4B3B
:10F30000005B424F4F545D5B434845434B4C495370
:10F31000545D2046616C6C613A20005B4552524F4F
:10F32000525D205265696E74656E746F20736567F7
:10F3300075726F20736F6C6963697461646F0063C9
:10F340006F6E74726F6C20426C7565746F6F746849
:10F3500020646573636F6E65637461646F006361DD
:10F360006E63656C61646F20706F72207573756178
:10F3700072696F0063616D6172612064656A6F20FC
:10F380006465206573746172206C697374610043F5
:10F39000616D617261206E6F20646973706F6E6958
:10F3A000626C6520656E206175746F6D6174696350
:10F3B0006F006F626A657469766F20667565726149
:10F3C0002064652072616E676F005B4155544F5D2C
:10F3D000205069657A6120636C6173653D0020632C
:10F3E000616D6172613D28002C0029206272617A92
:10F3F0006F3D280041434B005B4932435D2053651C
:10F4000073696F6E20455350333220696E696369AA
:10F41000616C3D005B4932435D205265696E6963F2
:10F42000696F2045535033323A20736573696F6EAC
:10F4300020007265696E6963696F206465204553B9
:10F4400050333200666C616E636F205820726563C2
:10F45000696269646F00425554544F4E5F58005BB7
:10F4600043414D5D20436F6D616E646F3D005B41B4
:10F4700055544F2056325D2046617365202D3E2045
:10F48000005048415345005B43414C5D20496E6943
:10F4900063696F206175746F6E6F6D6F2064652096
:10F4A00063616C6962726163696F6E20582F592FB6
:10F4B0005A0050454E4449454E5445004159554423
:10F4C0004100504F530052414E474F00454E43209C
:10F4D00045535441444F005B454E435D20636F6E7E
:10F4E00074656F3D00454E43205655454C544100D0
:10F4F0002072656C617469766F3D002041423D3039
:10F50000620020696E646963653D00206375656E05
:10F510007461732F733D00206D6D2F7320646973C8
:10F5200074616E6369613D00206D6D206573636178
:10F530006C613D00206D6D2F6375656E7461207385
:10F5400069676E6F3D00205635303D00206D6D2F90
:10F550007320566D61785F6573743D00206D6D2F6B
:10F56000732063616C3D005B454E435D5B565545C2
:10F570004C54415D20696E64696365733D00206988
:10F580006E74657276616C6F735F636F6D706C65BE
:10F59000746F733D00206375656E7461732F7675AB
:10F5A000656C74613D0020657370657261646F5FA6
:10F5B00058323D00206572726F723D00454E432007
:10F5C0004345524F005B454E435D5B4552524F529F
:10F5D0005D2053544F5020616E7465732064652024
:10F5E0007265696E696369617220656C20636F6E14
:10F5F00074656F005B454E435D20436F6E74656FAD
:10F60000206520696E64696365207265696E69634F
:10F610006961646F7320706F72206F7264656E2011
:10F620006578706C6963697461005245494E544550
:10F630004E544152005B4552524F525D2052454953
:10F640004E54454E54415220736F6C6F2061706C64
:10F6500069636120656E2065737461646F20646501
:10F66000206572726F72005B4552524F525D20529C
:10F6700065696E74656E746F2073656775726F204F
:10F68000736F6C6963697461646F20706F7220744A
:10F6900065726D696E616C005B4552524F525D2020
:10F6A000484F4D45207265717569657265206D65BD
:10F6B0006E752C20656E6C616365207920582F591A
:10F6C0002063616C69627261646F73005B455252C2
:10F6D0004F525D20474F544F2072657175696572B6
:10F6E00065206D656E752C20656E6C616365207993
:10F6F00020582F592063616C69627261646F7300D6
:10F70000474F544F2000256620256620256620257A
:10F7100063005B4552524F525D20436F6D616E64D2
:10F720006F206E6F207265636F6E6F6369646F3AEE
:10F7300020005573613A20474F544F2058205920DC
:10F740005A005B43414C5D5B4552524F525D205223
:10F75000616E676F7320696E76616C69646F732088
:10F76000706172612063616C63756C617220657396
:10F7700063616C61005B43414C5D20457363616C68
:10F780006120583D00207061736F732F6D6D2C20C8
:10F79000593D00207061736F732F6D6D005B454E96
:10F7A000435D5B43414C5D5B4552524F525D2000CF
:10F7B0005B454E435D5B43414C5D20436F72726914
:10F7C0006A61206C612062616E64612079207072D0
:10F7D0006573696F6E652058207061726120726573
:10F7E000696E74656E746172005B43414C5D5B5879
:10F7F0005D2052616E676F3D005B43414C5D5B591C
:10F800005D2052616E676F3D005B43414C5D5B5A0A
:10F810005D2052616E676F3D005B43414C5D20434C
:10F82000616C6962726163696F6E20636F6D706C89
:10F830006574613B20484F4D4520583D3020593D6F
:10F8400030205A3D300046696E616C206465205A54
:10F8500020647572616E746520726574697261648A
:10F86000612056320054696D656F7574207265743D
:10F870006972616E646F205A20656E204175746FE5
:10F880006D617469636F2056320046696E616C2049
:10F890006465206361727265726120647572616E65
:10F8A0007465204175746F6D617469636F205632A1
:10F8B00000656E636F646572206E6F2076616C699F
:10F8C000646F006C612062616E6461207365206406
:10F8D000657475766F0074696D656F757420646505
:10F8E00020666173650070726564696363696F6E39
:10F8F000206465207069657A61206E6F2076616C86
:10F90000696461007069657A612072656261736F14
:10F9100020656C20636174636820616E7465732078
:10F920006465207465726D696E6172206C6120700F
:10F930007265706F736963696F6E00707265646978
:10F940006363696F6E206465207069657A61206EFB
:10F950006F2076616C69646120707265706172619C
:10F960006E646F2064657363656E736F00706965A4
:10F970007A612072656261736F206C6120657374B7
:10F980006163696F6E2064652063617463680070F1
:10F9900069657A612064656D61736961646F206374
:10F9A0006572636120706172612070726562616A64
:10F9B0006172205A20636F6E207365677572696487
:10F9C0006164005B4155544F2056325D2050726592
:10F9D00062616A616461205A20696E6D6564696163
:10F9E0007461207069657A61593D00206C696D69A8
:10F9F00074655F73656775726F3D002076656C3D59
:10FA00000020745A3D002072657365727661583D1E
:10FA100000707265706F736963696F6E206C6973D3
:10FA200074613B205A2062616A612079206573709D
:10FA3000657261206C61207069657A610054524979
:10FA40004747455200616C74757261205A206465A5
:10FA500020636170747572612066756572612064DF
:10FA6000652072616E676F005B4155544F205632BE
:10FA70005D2042757363616E646F2044494E30347B
:10FA800020646562616A6F2064656C20636F6E74C8
:10FA9000656F2063616C69627261646F0062757387
:10FAA0007175656461206C656E74612064656C209D
:10FAB00066696E616C20696E666572696F7220445A
:10FAC000494E3034005A5F5345415243480044493F
:10FAD0004E3034206E6F20617061726563696F20F3
:10FAE00064656E74726F2064656C206D6172676509
:10FAF0006E206465206275737175656461205A00BB
:10FB00005B4155544F2056325D204C4953544F2091
:10FB100050415241204341544348204155544F4D98
:10FB2000415449434F20583D00206572726F72580E
:10FB30003D00206572726F72593D002076656C6FD2
:10FB400063696461643D002066696E616C5F7A5F21
:10FB50006162616A6F3D31207C20455350455241BE
:10FB60004E444F204352554345204445205049457B
:10FB70005A4120593D300044494E303420636F6E65
:10FB80006669726D61646F3B206573706572616E4A
:10FB9000646F206361746368206175746F6D617454
:10FBA00069636F20656E20593D30005245414459CC
:10FBB0005F4341544348005A20737562696F207354
:10FBC000696E206469737061726F2064652063617F
:10FBD000746368206175746F6D617469636F00434D
:10FBE000415443485F4155544F4D415449434F00A0
:10FBF00073652070657264696F2044494E3034200B
:10FC00006573706572616E646F20656C20636174EA
:10FC10006368206175746F6D617469636F007072E1
:10FC20006564696363696F6E20696E76616C69648F
:10FC300061206573706572616E646F2063617463C7
:10FC400068206175746F6D617469636F005B415505
:10FC5000544F2056325D204341544348204155546F
:10FC60004F4D415449434F20504F5220454E434F32
:10FC7000444552206573706572615F6D733D00206D
:10FC800064656C74615F656E636F6465723D0020CE
:10FC90006176616E63655F7069657A615F6D6D3D08
:10FCA00000207069657A615F795F657374696D6161
:10FCB00064615F63617463683D004341544348205D
:10FCC0004155544F4D415449434F20504F522045C8
:10FCD0004E434F4445520043415054555245005BFA
:10FCE000454E435D5B43414C5D20455441504120AE
:10FCF000332F333A20636F6C6F717565206D616EC1
:10FD000075616C6D656E7465206C612062616E64F6
:10FD10006120616C2035302025005B454E435D5BE2
:10FD200043414C5D204375616E646F206C612062BD
:10FD3000616E6461206176616E63652065737461D4
:10FD4000626C652063616D6172612D3E6272617AE1
:10FD50006F2C2070726573696F6E652058005B456B
:10FD60004E435D5B43414C5D2047656F6D6574722A
:10FD700069613A2072756564613D00206D6D2C20CB
:10FD8000313A312C20657363616C613D00206D6DEB
:10FD90002F6375656E74610056324C4F477C507C02
:10FDA0006D733D007C73657373696F6E3D007C6598
:10FDB00076656E743D007C6F626A3D007C656E63A3
:10FDC0007365713D007C656E633D007C7265665FA6
:10FDD000656E633D007C70686173653D007C636C9B
:10FDE0006173733D007C61726D5F783D007C617270
:10FDF0006D5F793D007C7A5F73746570733D007C44
:10FE00007461726765745F783D007C7461726765C8
:10FE1000745F793D007C6572726F725F783D007C23
:10FE20006572726F725F793D007C76656C3D007C17
:10FE30006D6F765F783D007C6D6F765F793D007CFD
:10FE40006D6F765F7A3D007C61636B3D007C616322
:10FE50006B5F636F64653D007C6572726F723D001D
:10FE60007C6D6573736167653D005B454E435D5B0B
:10FE700043414C5D20436F6E74726F6C20646573F8
:10FE8000636F6E65637461646F3B2063616C69626C
:10FE9000726163696F6E207265696E69636961641E
:10FEA00061005B454E435D5B43414C5D204C6120EE
:10FEB00062616E6461206E6F207365206D7565767A
:10FEC000653B20706F6E67616C6120616C2035301E
:10FED000202520616E7465732064652058005B45A1
:10FEE0004E435D5B43414C5D204573746162696CB8
:10FEF000697A616E646F20647572616E7465203218
:10FF000020732E2E2E004E6F20736520646574655D
:10FF100063746F206D6F76696D69656E746F2063B1
:10FF20006F6E74696E756F20616C2035302025000E
:10FF30005B454E435D5B43414C5D204D69646965A3
:10FF40006E646F2076656C6F6369646164206475AC
:10FF500072616E7465203520732E2E2E0050756CE4
:10FF6000736F7320696E737566696369656E746516
:10FF7000732C207061726F206F20696E76657273CA
:10FF8000696F6E20647572616E7465206C61206D9E
:10FF900065646963696F6E0056656C6F636964615F
:10FFA0006420696E65737461626C653A2076617273
:10FFB000696163696F6E206D61796F7220616C2079
:10FFC00031302025005B454E435D5B43414C5D2055
:10FFD000353020253D00206D6D2F733B206D6178FD
:10FFE000696D6120657374696D6164613D00206DA8
:10FFF0006D2F733B207369676E6F3D005B454E4309
:020000040807EB
:100000005D5B43414C5D2076656E74616E6173206B
:100010006D696E2F6D656469612F6D61783D00209B
:100020006375656E7461732F73005B454E435D5B52
:1000300043414C5D20446574656E67612061686F63
:100040007261206C612062616E6461005B454E43A9
:100050005D5B43414C5D2043616C69627261636921
:100060006F6E206175746F6D617469636120636F79
:100070006D706C6574610054696D656F7574206591
:1000800073706572616E646F2071756520656C2098
:100090007465636E69636F20646574656E67612063
:1000A0006C612062616E6461005B4552524F525D2B
:1000B000205265696E74656E746F20636F6D706C2D
:1000C00065746F20706F72206572726F72206E6F30
:1000D0002072656C6163696F6E61646F20636F6E1F
:1000E0002063616D617261005B4552524F525D2029
:1000F00053696E20656E6C616365204932433B2015
:100100006E6F20657320706F7369626C6520726515
:10011000696E74656E74617220736F6C6F206C61B0
:100120002063616D617261005B43414D5D205265EA
:10013000696E74656E746F2073656C65637469763F
:100140006F3B2063616C6962726163696F6E2064EA
:10015000656C206272617A6F20636F6E7365727670
:10016000616461005B43414D5D205265696E746559
:100170006E746F2064652063616D6172613B206500
:100180006C206272617A6F2061756E207265717584
:10019000696572652063616C6962726163696F6E23
:1001A00000636F6F7264656E61646120696E69637C
:1001B00069616C2066756572612064656C20657389
:1001C000706163696F2064652074726162616A6F37
:1001D000005B4155544F2056325D204F626A657472
:1001E00069766F20616365707461646F20736571F7
:1001F0003D0020656E636F6465723D002079436148
:100200007463683D006E6F207365207075646F20A5
:10021000696E6963696172206C6120707265706FCC
:10022000736963696F6E205859006F626A657469FB
:10023000766F20616365707461646F00414343456C
:100240005054005B4552524F525D20436F6F7264B1
:10025000656E616461206E6F2066696E69746120ED
:1002600072656368617A616461005B5741524E5DFB
:10027000204F626A657469766F20667565726120C9
:1002800064652072616E676F2073656775726F2099
:10029000583D005B4552524F525D20582F59206EF9
:1002A0006F20657374616E2063616C696272616452
:1002B0006F73005B4155544F5D5B5741524E5D205B
:1002C0004F626A657469766F2064657363617274E6
:1002D00061646F2073696E206D6F76696D69656EFC
:1002E000746F3B2073656375656E6369613D0020C3
:1002F0006D6F7469766F3D0052454A454354006FF7
:10030000626A657469766F2072656368617A616498
:100310006F004553503332207365207265696E69F2
:1003200063696F3B206F626A657469766F732061E1
:100330006E746572696F7265732064657363617250
:100340007461646F730050617175657465732049E1
:10035000324320696E76616C69646F7320706572D8
:1003600073697374656E746573005B4932435D2015
:10037000456E6C616365207065726469646F2064AA
:100380007572616E74652065737065726120646555
:10039000203520730054696D656F75742064652085
:1003A000636F6D756E69636163696F6E2049324377
:1003B000005B454E435D5B43414C5D204661736588
:1003C000202D3E20005B58595A5D204D6F76696D97
:1003D00069656E746F20646574656E69646F3A2038
:1003E0000054454C454D45545259005B4155544FBE
:1003F0002056325D2043616E63656C616E646F3AB6
:1004000020006F626A657469766F2063616E636550
:100410006C61646F0043414E43454C005B41555451
:100420004F5D204F626A657469766F20616C63610D
:100430006E7A61646F005B58595A5D204F626A653D
:100440007469766F20616C63616E7A61646F0074A9
:10045000696D656F75740054696D656F757420649E
:1004600065206D6F76696D69656E746F20585900EF
:1004700066696E616C206465206361727265726189
:1004800020696E657370657261646F0046696E61A4
:100490006C2064652063617272657261206475729C
:1004A000616E7465206D6F76696D69656E746F201D
:1004B0005859005B4155544F2056325D20496E74A7
:1004C000656E746F2063616E63656C61646F3B2061
:1004D0006D6F646F205632207369677565206163A4
:1004E0007469766F005632207065726D616E656357
:1004F000652061637469766F00524541524D005B1F
:100500004932435D5B524543555045524143494F43
:100510004E5D204D61657374726F207265696E69FE
:10052000636961646F2C20696E74656E746F3D0041
:100530004C612063616D617261207265706F7274CD
:100540006F20756E206572726F720054696D656FF1
:1005500075742063616C696272616E646F2063619F
:100560006D617261005B43414D5D20486F6D6F6747
:1005700072616669612076616C6964612079206DC1
:100580006F64656C6F206C6973746F005B493243F4
:100590005D20496E6963696F20646520736F6E64C6
:1005A000656F2076657273696F6E61646F2061207C
:1005B000455350333200416D626F732066696E613E
:1005C0006C657320646520756E20656A65206573AF
:1005D00074616E2061637469766F73005B493243A6
:1005E0005D2072784F4B3D002072784572726F72B9
:1005F0003D00286C656E3D00206372633D002073F2
:10060000656D3D002074784F4B3D00207478457235
:10061000726F723D0020756C74696D6F54783D0087
:10062000207265696E6963696F733D002070617542
:1006300073614C6F6F704D61783D006D7320656E16
:100640006356656C3D0020656E634370733D00200A
:1006500065737461646F3D005B424F4F545D205081
:100660006F7274656E746120636F6F7264696E611E
:10067000646F726120696E69636961646120656E8F
:100680002065737461646F2073656775726F005BBA
:10069000424F4F545D20493243206D61657374723F
:1006A0006F2030783430206120313030206B487A30
:1006B0003B20726574656E63696F6E20696E696355
:1006C00069616C2033303030206D73005B424F4FD6
:1006D000545D204932433A20636F6E74726F6C2010
:1006E0003130206D732C2074656C656D6574726992
:1006F0006120656E636F646572203230206D7320F7
:10070000287E343520252064652062757329005BBE
:10071000424F4F545D2046696E616C6573205A3AB2
:100720002044494E30343D6162616A6F2C20444957
:100730004E30353D617272696261005B424F4F54C9
:100740005D20456E636F64657220303A204F5554CA
:10075000413D4130204F5554423D4230204F555489
:10076000433D5A302C206465636F64696669636138
:1007700063696F6E205832005B424F4F545D2045D5
:100780007363616C6120656E636F64657220636F73
:100790006D70696C6164613D005B424F4F545D2038
:1007A00044697374616E6369612065666563746929
:1007B00076612063616D6172612D6361746368208D
:1007C00056323D00206D6D2028616A757374653D59
:1007D00000206D6D29005B424F4F545D204D6F6EC0
:1007E00069746F722073657269616C3A20313135BA
:1007F0003230302062617564696F73004553504533
:1008000052414E444F205049455A410050524550A4
:100810004F534943494F4E414E444F00505245506B
:100820004152414E444F2044455343454E534F009F
:10083000444953504152414E444F20434154434850
:100840000042414A414E444F205A005355424945C7
:100850004E444F205A004553504552414E444F207C
:100860004341544348204155544F00434F4D504C51
:10087000455441444F0043414E43454C414E444F43
:1008800000436865636B6C69737420636F6D706C93
:1008900065746F00436F6D756E69636163696F6E38
:1008A0002049324320696E61637469766100507239
:1008B0006F746F636F6C6F2F626173652045535067
:1008C000333220696E76616C69646F0043616D61DB
:1008D0007261206E6F20636F6E6563746164612066
:1008E0006F20636F6E206572726F7200486F6D6F5C
:1008F00067726166696120696E76616C6964610026
:100900004D6F64656C6F206465207069657A6173F2
:10091000206E6F206C6973746F0043616C69627242
:100920006163696F6E20582F5920696E76616C691A
:1009300064610043616C6962726163696F6E205A21
:1009400020696E76616C696461004272617A6F2021
:10095000667565726120646520484F4D45004D6F96
:10096000746F726573206E6F20646574656E696460
:100970006F7300436F6E74726F6C20426C75657498
:100980006F6F746820646573636F6E656374616410
:100990006F0043616C6962726163696F6E206465A8
:1009A0006C20656E636F64657220696E76616C6938
:1009B0006461004572726F722064652063616C69C6
:1009C00062726163696F6E2070656E6469656E74D2
:1009D000650046696E616C657320646520636172B1
:1009E0007265726120696E636F686572656E7465A9
:1009F00073004553504552410042555343414E44C4
:100A00004F20582D004C49424552414E444F2058EA
:100A10002D005345504152414E444F20582D005611
:100A2000455249464943414E444F20582D004255B6
:100A30005343414E444F20582B004C4942455241AC
:100A40004E444F20582B005345504152414E444F85
:100A500020582B0056455249464943414E444F20A9
:100A6000582B0042555343414E444F20592D004CC2
:100A700049424552414E444F20592D005345504163
:100A800052414E444F20592D005645524946494344
:100A9000414E444F20592D0042555343414E444F3F
:100AA00020592B004C49424552414E444F20592B6E
:100AB000005345504152414E444F20592B0056455A
:100AC0005249464943414E444F20592B0042555309
:100AD00043414E444F205A204142414A4F004C4925
:100AE000424552414E444F205A204142414A4F0014
:100AF0005345504152414E444F205A204142414AB1
:100B00004F0056455249464943414E444F205A20D2
:100B10004142414A4F0042555343414E444F205AAF
:100B200020415252494241004C49424552414E44B3
:100B30004F205A20415252494241005345504152A0
:100B4000414E444F205A204152524942410056459D
:100B50005249464943414E444F205A20415252493E
:100B600042410059454E444F204120484F4D4500D9
:100B700043414C4942524143494F4E204F4B0000A4
:100B80003B5C0408810504084D03040800000000D4
:100B9000000000001563040837630408936204082A
:100BA000B9620408FD6204081163040811630408B3
:100BB00045630408136304081363040813630408FB
:100BC0008B630408176304080000000000000000A5
:100BD00027650408218A0408256404087964040848
:100BE00061640408716404086964040829640408E1
:100BF000516404083D64040885640408E964040839
:100C000081640408396A0408810504084D03040856
:100C1000493243536C61766500000000000000001B
:100C200000000000C9650408218A0408256404083E
:100C3000E7650408AF660408C3660408F5650408A0
:100C40000D6604085D690408076704086B660408FC
:100C5000A565040889660408B165040847670408A7
:100C6000B9650408E9650408EF6504089D65040892
:100C70003B6604080000000000000000916E0408BC
:100C8000A56E0408B145050869420508816A040893
:100C9000F5330508ED340508E9350508856A0408CB
:100CA000952E0508952E05089B2E0508C52F0508CD
:100CB000B32E0508AD2E0508C96B0408036B0408A4
:100CC000636B0408A52E0508AD6A0408F9730408CF
:100CD000810504084D030408000000000000000026
:100CE000117004089570040825640408076F04084F
:100CF0008171040865720408DD7104084D730408ED
:100D0000BB6E04081F6F0408C16F040800000000D8
:100D1000000000005DE30408456E766965204D37EC
:100D20000000000000000000000000001175040831
:100D30002D750408DFFA04083BF1040849EE0408A5
:100D400037EF040881FB040865EA040867EA040831
:100D5000B5FD040805FE040805EB0408097604083F
:100D600051770408D5EA04080975040801770408D6
:100D70002D770408EDEA0408C5760408D174040848
:100D8000D5740408D7740408D9740408EF740408EF
:100D90004375040883750408B7750408DF750408F3
:100DA0000D7904081179040815790408100341002D
:100DB00072006400750069006E006F0000000000A2
:100DC00000000000117B0408257B04080380040850
:100DD000B1E704080000000000000000397B0408AF
:100DE0004D7B04084B810408B1E7040800000000B3
:100DF00000000000E97A0408FD7A04081F7904085D
:100E0000B1E7040801830408810504084D030408C0
:100E10008025000000000800FFFFFFFF5F72785F81
:100E200073697A65203D3D2030005F74785F6C699E
:100E300073742E656D7074792829005F72785F6C09
:100E40006973742E656D707479282900433A5C5576
:100E5000736572735C73616D75655C41707044613C
:100E600074615C4C6F63616C5C41726475696E6F38
:100E700031355C7061636B616765735C6172647569
:100E8000696E6F5C68617264776172655C6D6265E2
:100E9000645F706F7274656E74615C342E352E30D1
:100EA0005C636F7265735C61726475696E6F5C55CB
:100EB00053425C5553424344432E63707000726545
:100EC000736F6C7665722E76616C696428290000F8
:100ED00000000000000000009D7A0408CD7A04089C
:100EE00039790408317E04084D7E0408E97B040842
:100EF0002D820408E37A0408617B0408277904083A
:100F00002D7904081D7E0408317904081979040834
:100F10001B7904081D7904081603430044004300AC
:100F200020004400450056004900430045000000F1
:100F3000ED870408810504084D03040855534265F4
:100F4000767400433A5C55736572735C73616D75BA
:100F5000655C417070446174615C4C6F63616C5C92
:100F600041726475696E6F31355C7061636B616786
:100F700065735C61726475696E6F5C6861726477D9
:100F80006172655C6D6265645F706F7274656E74CA
:100F9000615C342E352E305C636F7265735C6172F8
:100FA0006475696E6F2F6D6265642F706C61746615
:100FB0006F726D2F696E636C7564652F706C6174F0
:100FC000666F726D2F43616C6C6261636B2E68009B
:100FD000626F6F6C282A7468697329000000000032
:100FE0000000000081840408DD84040839790408C5
:100FF000317E04084D7E0408E97B04082D82040834
:10100000E37A0408617B0408277904082D79040831
:101010001D7E040831790408F3830408318604082E
:101020001D790408A1830408C9830408D98604082B
:1010300035830408418304085D710408A97104081C
:101040001972040845830408ED6F040855700408FC
:101050004983040858FBFFFF00000000CD8404080A
:10106000FB8404088B1005085B100508BD100508FB
:10107000571005085710050857100508C110050836
:10108000C5100508C1100508098304080F8304086A
:101090001B8304081F830408258304082B8304088A
:1010A0002F830408C1830408EB83040831830408F8
:1010B0003383040854FBFFFF00000000D5840408BC
:1010C000F384040840FBFFFF0000000009700408DF
:1010D0008F700408256404084783040879710408A4
:1010E0005D720408D7710408DD8704083B83040897
:1010F0004383040859830408000000000000000036
:101100004F8804086E616E00696E66006F76660037
:101110005254582056352E352E33007274785F7431
:10112000696D6572007274785F69646C65000000B7
:1011300000000000000000000000000000000000AF
:10114000000000000000000000000000000000009F
:10115000000000000000000000000000000000008F
:10116000000000000000000005000000E80300008F
:1011700005000000C83F002410000000000000002F
:10118000000000000000000000000000000000005F
:10119000000000000000000000000000000000004F
:1011A000000000000000000000000000000000003F
:1011B000000000000000000000000000001000001F
:1011C000DC1107081812070885B6040865B604087C
:1011D00000120708040000000000000025110708A5
:1011E00000000000D040002444000000184100240A
:1011F000800300000100000001000000000000006A
:10120000000000000000000008400024340000003E
:101210003C400024500000001B11070800000000A3
:101220008C40002444000000984400240003000087
:101230002800000001000000000000006D616C6CDF
:101240006F635F6D7574657800656E765F6D75743C
:1012500065780073696E676C65746F6E5F6D757429
:101260006578006D61696E00507265206D61696E10
:1012700020746872656164206E6F742063726561AA
:10128000746564004661696C656420746F207374D2
:101290006172742052544F5300000000531207082B
:1012A0000B0000005CF500241C000000434D534976
:1012B000532D52544F53206572726F723A205374FB
:1012C00061636B206F766572666C6F7700434D5378
:1012D00049532D52544F53206572726F723A204910
:1012E0005352205175657565206F766572666C6F17
:1012F0007700434D5349532D52544F53206572721A
:101300006F723A20557365722054696D657220437F
:10131000616C6C6261636B205175657565206F76D9
:101320006572666C6F7700434D5349532D52544F8D
:1013300053206572726F723A2053544420432F43F6
:101340002B2B206C696272617279206C69627370F8
:10135000616365206E6F7420617661696C61626C97
:101360006500434D5349532D52544F5320657272BB
:101370006F723A2053544420432F432B2B206C6927
:101380006272617279206D7574657820696E697416
:1013900069616C697A6174696F6E206661696C65F8
:1013A0006400434D5349532D52544F53206572727C
:1013B0006F723A20556E6B6E6F776E004E6F7420B1
:1013C000616C6C6F77656420696E204953522063AD
:1013D0006F6E746578740053797374656D206973EA
:1013E000206F7574206F66206D656D6F7279005087
:1013F0006172616D65746572206572726F72005200
:1014000065736F75726365206E6F742061766169B4
:101410006C61626C65004F7065726174696F6E20FB
:101420006E6F7420636F6D706C657465642077698E
:101430007468696E207468652074696D656F757471
:1014400020706572696F6400556E737065636966BC
:101450006965642052544F53206572726F720000A8
:10146000BC130708D7130708EF130708FF13070873
:1014700016140708481407082E2F6D6265642D6F37
:10148000732F636D7369732F6465766963652F725B
:10149000746F732F736F757263652F6D6265645F10
:1014A0007274785F69646C652E6370700074696330
:1014B0006B735F736C657074203C2072746F733A49
:1014C0003A4B65726E656C3A3A776169745F666F24
:1014D000725F7533325F6D61780066726571203DB1
:1014E0003D20313030300068616E646C6572203DA3
:1014F0003D202849525148616E646C65725F7429C1
:101500004E5649435F476574566563746F72286928
:1015100072712900A1BB0408810504084D03040869
:101520002E2F6D6265642D6F732F706C6174666F02
:10153000726D2F696E636C7564652F706C61746673
:101540006F726D2F43616C6C6261636B2E68004536
:1015500072726F72203A204554485F54585F444578
:1015600053435F434E54206E6F74207375666669F3
:101570006369656E740053544532004572726F7230
:101580002072657475726E65642062792048414CE2
:101590005F4554485F5472616E736D6974202825ED
:1015A000642900706F7765725F646F776E004572B3
:1015B000726F723A2072657475726E65642062791A
:1015C0002048414C5F4554485F47657452784461F8
:1015D00074614C656E677468004554482062756696
:1015E00066657273203A2025752052782025752073
:1015F0005478006C6F775F6C6576656C5F696E69B7
:10160000745F7375636365737366756C004572729E
:101610006F722066726F6D2065746865726E657496
:101620002048414C202848414C5F4554485F444D78
:10163000414572726F7243616C6C6261636B290A1F
:10164000004572726F722066726F6D2065746865F6
:10165000726E65742048414C202848414C5F4554C7
:10166000485F4D41434572726F7243616C6C6261B9
:10167000636B290A00656D61635F6C696E6B5F73F4
:10168000746174655F63622073657420746F207485
:1016900072756500656D61635F6C696E6B5F737415
:1016A0006174655F63622073657420746F20666186
:1016B0006C73650073746D33325F656D61635F7465
:1016C000687265616400000025C80408810504088B
:1016D0004D0304080000000000000000CDC0040815
:1016E000D3C00408C5C10408D7C0040841C4040815
:1016F000DBC0040825C104084DC70408D9C104088B
:1017000081C504088DC50408DBC00408DBC00408DB
:10171000DDC00408DFC00408F3C0040805C10408E4
:10172000EDC004087379735F6D626F785F747279CE
:10173000706F7374206572726F720A007379735FD1
:101740006D757465785F6C6F636B206572726F7214
:101750000A007379735F6D757465785F756E6C6F71
:10176000636B206572726F720A007379735F6172C6
:1017700063685F70726F74656374206572726F72F4
:101780000A007379735F617263685F756E70726F60
:1017900074656374206572726F720A0018000F001E
:1017A000190C0124004B002410000800DEF800246E
:1017B000044B002410000800870E0124084B00246D
:1017C000CC000400E60801240C4B002410000800A3
:1017D00080FC0024104B00246002050003FD00245F
:1017E000144B00241C000400E4F90024184B0024CE
:1017F00020000500DAFA00241C4B00241000100021
:10180000840D0124204B00241000080057FA002406
:10181000244B00241000080061F90024284B002408
:10182000A40004004BF600242C4B00241C000400F0
:101830000A0F0124304B0024100010007DFB00240F
:10184000344B002428000400A8F50024384B002461
:10185000E417070844180708201807082C18070879
:1018600038180708F01707089C170708B417070867
:10187000C01707080818070814180708A81707084A
:10188000FC170708CC170708D81707082E2F6D621A
:1018900065642D6F732F706C6174666F726D2F6944
:1018A0006E636C7564652F706C6174666F726D2FFA
:1018B00053696E676C65746F6E5074722E68007039
:1018C000203D3D207265696E746572707265745F4B
:1018D000636173743C54202A3E28265F64617461FE
:1018E000290000000000000000000000BDCE040838
:1018F000BFCE0408CDCE0408E1CE040800000000ED
:101900000000000011D0040871D0040831CF040891
:1019100039CF04080000000000000000F9D20408DC
:1019200009D30408516D0408416E0408000000004A
:101930000000000071D4040899D404082E2F6D62B1
:1019400065642D6F732F647269766572732F736F80
:10195000757263652F515350492E63707000737513
:10196000636365737300010204000000000000005F
:101970000000000019D904083DD90408F1D8040872
:1019800005D904082E2F6D6265642D6F732F647264
:1019900069766572732F736F757263652F53504943
:1019A0002E637070005F7065726970686572616C3B
:1019B000735F75736564203C205350495F504552F6
:1019C0004950484552414C535F555345440000002F
:1019D0000000000000000000FDDC040839DD040800
:1019E0004BDB04086DDB0408D9DC0408EBDC0408DD
:1019F0002E2F6D6265642D6F732F64726976657228
:101A0000732F736F757263652F53657269616C42D2
:101A10006173652E637070005F7374617469635FD6
:101A200070696E6D6170203D3D204E554C4C00003C
:101A300000000000000000004DDD04084DDD04083A
:101A4000E1E1040849E20408000000000000000091
:101A50005DE304080000000000000000498804085D
:101A600000000000000000004DDD04084DDD04080A
:101A700091E50408ADE50408C7E5040815E6040887
:101A800011E504081DE5040829E5040831E504080A
:101A90006BE504087DE5040839E5040878FFFFFFDD
:101AA00000000000A5E50408C1E504083BE60408C1
:101AB0000DE6040817E5040835E504080DE50408FB
:101AC0002DE504081DCF040827CF040823E50408EA
:101AD000098304080F8304081B83040875E50408C0
:101AE00087E5040863E504082F8304082E2F6D6240
:101AF00065642D6F732F647269766572732F7573C9
:101B0000622F736F757263652F4173796E634F70C7
:101B10002E637070005F77616974203D3D204E55E3
:101B20004C4C005F6C697374203D3D204E554C4C0D
:101B300000000000000000000000000000000000A5
:101B40000000000049880408B1E704082E2F6D62E8
:101B500065642D6F732F647269766572732F757368
:101B6000622F736F757263652F55534244657669B2
:101B700063652E637070005F6C6F636B6564203EFD
:101B80002030004465766963652073746174652054
:101B900069732022506F776572656422206F72200E
:101BA0002244657461636865642200546865206539
:101BB0006E64706F696E74206973206E6F74206933
:101BC0006E64657861626C652E005F7472616E731D
:101BD0006665722E757365725F63616C6C626163BA
:101BE0006B203D3D20526571756573745866657252
:101BF000446F6E650054686520737461636B20697F
:101C0000732077616974696E67206F6E206120753B
:101C10007365722063616C6C6261636B20666F72C6
:101C2000207468652062756666657220746F206630
:101C3000696C6C206F72207374617475732E005F11
:101C40007472616E736665722E757365725F63611F
:101C50006C6C6261636B203D3D20536574436F6E15
:101C600066696775726174696F6E005F7472616E28
:101C7000736665722E757365725F63616C6C626109
:101C8000636B203D3D20536574496E7465726661D7
:101C90006365005F7472616E736665722E7573653D
:101CA000725F63616C6C6261636B203D3D205265C5
:101CB00071756573740021636F6E6669677572650F
:101CC000642829005468652073697A65206F66204E
:101CD000746865206461746120746F20726561644A
:101CE000206973206C657373207468616E2074685A
:101CF00065206D6178207061636B65742073697A0B
:101D00006520666F72207468697320656E64706FF9
:101D1000696E742E0054686520656E64706F696E1C
:101D200074206973206E6F7420696E6465786162D7
:101D30006C650053697A65206265696E6720777209
:101D4000697474656E20697320746F6F206C6172A2
:101D500067652E002128696E666F2D3E666C61678F
:101D600073202620454E44504F494E545F454E4106
:101D7000424C454429006D61785F7061636B657406
:101D80005F73697A65203C3D203130323400215F39
:101D9000696E697469616C697A65640000000000AD
:101DA000000000000000000000000000DFFA04084E
:101DB0003BF1040849EE040837EF040881FB0408EE
:101DC00065EA040867EA0408B5FD040805FE04088E
:101DD00005EB04086DEA040849880408D5EA0408FC
:101DE000DDEA0408FDEA0408E5EA0408EDEA04086F
:101DF000F5EA0408D1740408D5740408D7740408FB
:101E00001FEA040849880408498804084988040826
:101E1000498804084988040845EB040871EB040864
:101E200025EB0408040309041603300031003200D6
:101E3000330034003500360037003800390016030F
:101E40005500530042002000440045005600490060
:101E500043004500080355005300420012036D0083
:101E60006200650064002E006F00720067000603C8
:101E700030003100657175657565002E2F6D6265E6
:101E8000642D6F732F6576656E74732F736F757223
:101E900063652F6D6265645F7368617265645F710D
:101EA00075657565732E63707000737461747573F6
:101EB000203D3D206F734F4B007368617265645F16
:101EC0006576656E745F7175657565002E2F6D6240
:101ED00065642D6F732F68616C2F736F7572636506
:101EE0002F6D6265645F637269746963616C5F73AF
:101EF000656374696F6E5F6170692E630021617242
:101F0000655F696E74657272757074735F656E611A
:101F1000626C656428290000201F0708D05F002438
:101F20008DFF0508DDFE050821FF0508550106089F
:101F30007D010608EDFE05081D030608BDFE050827
:101F400001000000636F756C64206E6F742070690F
:101F50006E6F75740070696E6D6170206D69732DA0
:101F60006D617463680070696E6D6170206E6F746E
:101F700020666F756E6420666F722070657269707E
:101F8000686572616C0070696E6D6170206E6F744F
:101F900020666F756E6420666F722066756E63745E
:101FA000696F6E002E2F6D6265642D6F732F6861EF
:101FB0006C2F736F757263652F6D6265645F7469F2
:101FC000636B65725F6170692E63006D6174636835
:101FD0005F7469636B20213D2071756575652D3EC9
:101FE0007469636B5F6C6173745F726561640054E4
:101FF00069636B6572206672657175656E637920C1
:102000006973207A65726F005469636B6572206E24
:10201000756D626572206F66206269742069732035
:1020200067726561746572207468616E2033322056
:102030006F72206C657373207468616E2034206247
:10204000697473004C20070808600024D126060834
:10205000E92606083127060845270608F52606085A
:1020600011270608D90A0508F52506080000000012
:102070002E2F6D6265642D6F732F68616C2F736FE7
:10208000757263652F6D70752F6D6265645F6D701D
:10209000755F76376D2E6300726567696F6E7320AA
:1020A0003E3D2034000D1B5B324B001B5B33316D1A
:1020B000002573001B5B33336D001B5B33396D00F0
:1020C0001B5B39346D005B455252205D5B252D341E
:1020D000735D3A20005B5741524E5D5B252D347392
:1020E0005D3A20005B494E464F5D5B252D34735DA4
:1020F0003A20005B444247205D5B252D34735D3AF6
:1021000020002020202020202020202020202020EF
:10211000001B5B306D0064656661756C74000000C7
:102120000000000000000000890E0508ED0E050803
:10213000000000000000000000000000000000009F
:10214000498804084988040849880408498804081B
:102150000DE50408750F05081DCF040827CF0408F6
:10216000790F0508098304080F8304081B830408FA
:102170001F830408258304082B8304082F83040885
:102180002F002E2F6D6265642D6F732F706C61743C
:10219000666F726D2F736F757263652F46696C651C
:1021A000506174682E637070006C656E20213D2054
:1021B0003000772B0053747265616D206F626A2066
:1021C0006661696C75726500000000000000000027
:1021D0000000000000000000498804084988040845
:1021E00049880408498804080DE50408750F0508A6
:1021F0001DCF040827CF0408790F050809830408B8
:102200000F8304081B8304081F8304082583040824
:102210002B8304082F830408FCFFFFFF000000004D
:1022200000000000000000000000000000000000AE
:1022300000000000000000008B1005085B1005087E
:10224000BD10050857100508571005085710050858
:10225000C1100508C5100508C11005080983040848
:102260000F8304081B8304081F83040825830408C4
:102270002B8304082F83040849880408498804082C
:102280003183040833830408FCFFFFFF00000000D3
:1022900000000000000000002E2F6D6265642D6FAD
:1022A000732F706C6174666F726D2F736F757263CC
:1022B000652F53797354696D65722E6370700021B8
:1022C0005F7469636B696E6700215F7469636B6932
:1022D0006E6720262620215F77616B655F74696DCC
:1022E000655F7365740000000000000000000000DE
:1022F000F51305080A52252D34643A202530386C30
:1023000058000A53502020203A202530386C580AB3
:102310004C522020203A202530386C580A50432057
:1023200020203A202530386C580A78505352203AF1
:10233000202530386C580A50535020203A20253040
:10234000386C580A4D535020203A202530386C58AC
:10235000000A43505549443A202530386C58000A49
:1023600048465352203A202530386C580A4D4D4685
:1023700053523A202530386C580A42465352203A7C
:10238000202530386C580A55465352203A202530C3
:10239000386C580A44465352203A202530386C583D
:1023A0000A41465352203A202530386C58000A4DD5
:1023B0004D4641523A202530386C58000A42464179
:1023C00052203A202530386C58000A4D6F64652041
:1023D0003A20546872656164000A50726976203A46
:1023E0002055736572000A50726976203A20507247
:1023F0006976696C65676564000A4D6F6465203AAB
:102400002048616E646C6572000A537461636B3AB4
:1024100020505350000A537461636B3A204D53505F
:10242000000A2B2B204D6265644F53204661756C6A
:10243000742048616E646C6572202B2B0A0A466119
:10244000756C74547970653A20004D656D4D616E00
:102450006167654661756C74004275734661756CA1
:10246000740055736167654661756C7400486172EC
:10247000644661756C74000A0A436F6E7465787403
:102480003A000A0A2D2D204D6265644F53204661A3
:10249000756C742048616E646C6572202D2D0A0A7B
:1024A000004661756C7420657863657074696F6E41
:1024B000002E2E2E0A002E2F6D6265642D6F732F55
:1024C000706C6174666F726D2F736F757263652FB8
:1024D0006D6265645F637269746963616C2E630029
:1024E000637269746963616C5F73656374696F6E4D
:1024F0005F7265656E7472616E63795F636F756E2E
:10250000746572203C2055494E5433325F4D41581A
:10251000003C756E6E616D65643E00203C68616EC6
:10252000646C65723E000A0A2B2B204D6265644F75
:1025300053204572726F7220496E666F202B2B0AF2
:102540004572726F72205374617475733A203078DB
:10255000255820436F64653A202564204D6F6475CB
:102560006C653A2025640A4572726F72204D65735E
:10257000736167653A20004B65726E656C20457229
:10258000726F723A203078256C582C200054687293
:102590006561643A203078256C582C20004D7574A4
:1025A00065783A203078256C582C200053656D6191
:1025B00070686F72653A203078256C582C20004D79
:1025C000656D6F7279506F6F6C3A203078256C585A
:1025D0002C20004576656E74466C6167733A203036
:1025E00078256C582C200054696D65723A2030783B
:1025F000256C582C20004D657373616765517565B6
:1026000075653A203078256C582C2000417373652D
:102610007274696F6E206661696C65643A20000AA5
:102620004C6F636174696F6E3A203078256C580086
:102630000A46696C653A20002B2564000A457272CF
:102640006F722056616C75653A203078256C5800A1
:102650000A43757272656E74205468726561643ADB
:1026600020257325732049643A203078256C582042
:10267000456E7472793A203078256C582053746115
:10268000636B53697A653A203078256C582053740F
:1026900061636B4D656D3A203078256C582053503E
:1026A0003A203078256C5820000A466F72206D6FF2
:1026B000726520696E666F2C2076697369743A20A2
:1026C00068747470733A2F2F6D6265642E636F6D3A
:1026D0002F732F6572726F723F6572726F723D3029
:1026E0007825303858266F737665723D256C6426E0
:1026F000636F72653D30782530386C5826636F6D96
:10270000703D2564267665723D256C752674677468
:102710003D504F5254454E54415F48375F4D37004E
:102720000A2D2D204D6265644F53204572726F72E1
:1027300020496E666F202D2D0A00466174616C2061
:1027400052756E2D74696D65206572726F720044EA
:10275000656570536C6565704C6F636B206F766553
:1027600072666C6F7720283E2030784646464629B0
:102770000044656570536C6565704C6F636B2075C4
:102780006E646572666C6F7720283C2030290045A6
:102790007863657074696F6E002E2F6D6265642DAD
:1027A0006F732F706C6174666F726D2F736F7572BB
:1027B00063652F6D6265645F7265746172676574CD
:1027C0002E6370700028677561726420262043585C
:1027D000415F47554152445F4D41534B29203D3D98
:1027E0002030002867756172642026204358415FBD
:1027F00047554152445F4D41534B29203D3D2043B5
:1028000058415F47554152445F494E49545F494ED4
:102810005F50524F4752455353004572726F7220BA
:102820002D2077726974696E6720746F206120664D
:10283000696C6520696E20616E20495352206F7269
:1028400020637269746963616C2073656374696F76
:102850006E0D0A000D004572726F72202D20726598
:102860006164696E672066726F6D20612066696CB5
:102870006520696E20616E20495352206F7220637B
:102880007269746963616C2073656374696F6E0D3E
:102890000A004F70657261746F72206E6577206FE9
:1028A0007574206F66206D656D6F72790D0A00007A
:1028B0000000000000000000B5200508ED26050816
:1028C00031210508DD200508A1200508B1200508F3
:1028D0000DE50408AD2005081DCF040827CF040826
:1028E000A7200508098304080F8304081B83040834
:1028F0001F83040825830408012105082F83040889
:10290000FFFFFFFF09000000FFFFFFFF0A000000BC
:10291000FFFFFFFF000000002F73746465727200F8
:102920002F737464696E002F7374646F7574002E56
:102930002F6D6265642D6F732F706C6174666F729A
:102940006D2F736F757263652F6D6265645F73744D
:102950006174732E6300737461747320213D204E83
:10296000554C4C002E2F6D6265642D6F732F727461
:102970006F732F736F757263652F4576656E74463E
:102980006C6167732E637070005F696400617070C2
:102990006C69636174696F6E5F756E6E616D65649D
:1029A0005F6576656E745F666C61677300617070F9
:1029B0006C69636174696F6E5F756E6E616D65647D
:1029C0005F6D75746578002E2F6D6265642D6F7371
:1029D0002F72746F732F736F757263652F4D7574DB
:1029E00065782E637070005F6964207C7C206D6266
:1029F00065645F6765745F6572726F725F696E5F51
:102A000070726F67726573732829004D75746578ED
:102A1000206C6F636B206661696C6564004D757432
:102A2000657820756E6C6F636B206661696C656498
:102A3000002E2F6D6265642D6F732F72746F732F6C
:102A4000736F757263652F53656D6170686F726522
:102A50002E637070005F696420213D206E756C6C80
:102A60007074720053656D6170686F726520616388
:102A70007175697265206661696C6564002E2F6DE1
:102A80006265642D6F732F72746F732F736F75721D
:102A900063652F546869735468726561642E63704E
:102AA000700028666C616773203D3D206F73466C33
:102AB0006167734572726F7254696D656F757420CA
:102AC00026262072656C5F74696D6520213D207734
:102AD0006169745F666F725F7533325F666F7265CE
:102AE00076657229207C7C2028666C616773203DA6
:102AF0003D206F73466C6167734572726F725265E9
:102B0000736F757263652026262072656C5F746929
:102B10006D65203D3D2072656C5F74696D652E7A30
:102B200065726F282929006170706C69636174692E
:102B30006F6E5F756E6E616D65645F7468726561FE
:102B4000640000000000000000000000512D050896
:102B50008D2D0508515350494600496E76616C69C8
:102B600064205346445020636F6D6D616E64206134
:102B70006464726573732073697A653A20307825CE
:102B8000303258005F717370695F636F6E6669679A
:102B90007572655F666F726D6174206661696C65E0
:102BA000640053656E64696E67205346445020721A
:102BB00065616420696E737472756374696F6E0009
:102BC0004E6F20657261736520747970652077613E
:102BD0007320666F756E6420666F72207265676918
:102BE0006F6E206164647200515350492047656ED6
:102BF0006572696320636F6D6D616E64202D205571
:102C000070646174696E6720342D62797465206127
:102C1000646472657373696E6720657874656E6449
:102C2000656420616464726573732072656769739B
:102C3000746572206661696C65640053656E6469D1
:102C40006E672047656E6572696320636F6D6D61A5
:102C50006E643A2025780052656164696E6720537E
:102C60007461747573205265676973746572206648
:102C700061696C6564005F69735F6D656D5F726546
:102C80006164792046414C53453A207374617475F0
:102C9000732076616C7565203D20307825782000A2
:102CA000446576696365206E6F742072656164792E
:102CB0002C207365745F77726974655F656E6162FD
:102CC0006C65206661696C65640053656E64696E4D
:102CD00067205752454E20636F6D6D616E642046CC
:102CE00041494C454400446576696365206E6F74C4
:102CF0002072656164792C20777269746520666141
:102D0000696C65640052656164696E672053746123
:102D1000747573205265676973746572203120661B
:102D200061696C6564005F7365745F77726974656F
:102D30005F656E61626C65206661696C6564202DFB
:102D4000207374617475732072656769737465723A
:102D500020312076616C75653A20257500577269BF
:102D6000746520656E61626C65206661696C65647E
:102D700000417474656D7074656420746F207573A0
:102D80006520342D627974652061646472657373A3
:102D90002062757420342D627974652061646472D8
:102DA000657373696E67206973206E6F7420737525
:102DB00070706F72746564005153504920526561A0
:102DC00064202D205570646174696E6720342D6213
:102DD0007974652061646472657373696E672065D8
:102DE0007874656E646564206164647265737320D1
:102DF0007265676973746572206661696C656400E9
:102E0000515350492052656164206661696C656464
:102E1000005265616420436F6D6D616E6420666170
:102E2000696C65640051535049205772697465207C
:102E30002D205570646174696E6720342D62797439
:102E4000652061646472657373696E672065787468
:102E5000656E646564206164647265737320726575
:102E6000676973746572206661696C6564005153AB
:102E70005049205772697465206661696C65640009
:102E800051535049204572617365202D205570645F
:102E90006174696E6720342D6279746520616464A1
:102EA00072657373696E6720657874656E646564B6
:102EB00020616464726573732072656769737465F9
:102EC00072206661696C65640051535049204572F7
:102ED000617365206661696C656400577269746529
:102EE00020456E616265206661696C6564004465B9
:102EF00076696365206E6F74207265616479206104
:102F0000667465722077726974652C206661696CDD
:102F100065640045726173652065786365656473F7
:102F200020666C61736820646576696365207369E7
:102F30007A6500496E76616C6964206572617365BB
:102F4000202D20756E616C69676E65642061646414
:102F50007265737320616E642073697A6500696EAF
:102F60007465726E616C206572726F723A20616472
:102F7000647265737320256C6C75206E6F742061AC
:102F80006C69676E656420746F206572617365207B
:102F900073697A6520257520287479706520256409
:102FA000290051535049204572617365204465766C
:102FB000696365206E6F74207265616479202D20CD
:102FC0006661696C656400515350492045726173B4
:102FD0006520636F6D6D616E64206661696C656408
:102FE0002100515350492041667465722045726139
:102FF000736520446576696365206E6F7420726521
:10300000616479202D206661696C6564005F736678
:1030100064705F7365745F7170695F656E61626C27
:103020006564202D2073656E6420636F6D6D616E25
:103030006420333868204661696C6564005F73669C
:1030400064705F7365745F7170695F656E61626CF7
:103050006564202D2073656E6420636F6D6D616EF5
:103060006420333568204661696C6564005F73666F
:1030700064705F7365745F7170695F656E61626CC7
:103080006564202D2073657420636F6E6669672008
:10309000626974203620636F6D6D616E6420363511
:1030A00068204661696C6564005F736664705F7375
:1030B00065745F7170695F656E61626C6564202D17
:1030C0002073656E6420636F6D6D616E64203731AF
:1030D00068204661696C6564005F736664705F7345
:1030E00065745F7170695F656E61626C6564202DE7
:1030F0002073656E6420636F6D6D616E642036357C
:1031000068204661696C6564005F736664705F7314
:1031100065745F7170695F656E61626C6564202DB6
:103120002073656E6420636F6D6D616E642036314F
:10313000204661696C6564005F736664705F7365E7
:10314000745F7170695F656E61626C6564202D20CB
:10315000556E737570706F7274656420456E205380
:1031600065712034343420636F6E666967757261EF
:1031700074696F6E00526561642056656E646F728B
:10318000204944204661696C6564004661696C654C
:103190006420746F2064657465726D696E65207358
:1031A0006F66742072657365742073657175656EE2
:1031B00063652E20496620796F7572206465766993
:1031C0006365206861732061206C656761637920A5
:1031D00053464450207461626C652C20706C6561AC
:1031E0007365206D616E75616C6C792073657420F8
:1031F000656E61626C652D616E642D7265736574B8
:10320000206F72206469726563742D7265736574D2
:103210002E00446576696365206E6F742072656167
:1032200064792C207265736574206661696C6564CD
:103230000052656164696E67205374617475732010
:1032400052656769737465722032206661696C65C6
:103250006400577269746520456E61626C65206612
:1032600061696C65640057726974696E6720537494
:103270006174757320526567697374657273206633
:1032800061696C6564002E2F6D6265642D6F732F0C
:1032900073746F726167652F626C6F636B646576C0
:1032A0006963652F434F4D504F4E454E545F515308
:1032B0005049462F736F757263652F5153504946BD
:1032C000426C6F636B4465766963652E6370700052
:1032D0005F6E756D5F7374617475735F7265676936
:1032E0007374657273203D3D2032005772697469B2
:1032F0006E672053746174757320526567697374C7
:1033000065722031206661696C656400577269746A
:10331000696E6720537461747573205265676973B1
:103320007465722032206661696C656400556E7345
:103330007570706F727465642051455220636F6EB2
:1033400066696775726174696F6E00537461747534
:1033500073207265676973746572206E6F74207371
:10336000657420636F72726563746C79004465766E
:10337000696365206E6F742072656164792C2063C7
:103380006C656172696E6720626C6F636B2070722E
:103390006F74656374696F6E206661696C65640043
:1033A000476C6F62616C20626C6F636B2070726F30
:1033B00074656374696F6E20756E6C6F636B2066E5
:1033C00061696C6564005F636C6561725F626C6FFC
:1033D000636B5F70726F74656374696F6E202D200C
:1033E00053746174757320726567697374657220B4
:1033F00072656164206661696C6564005F5F636C1F
:103400006561725F626C6F636B5F70726F7465632E
:1034100074696F6E202D205374617475732072650A
:103420006769737465722077726974652066616973
:103430006C6564005F6E756D5F7374617475735F46
:10344000726567697374657273203D3D2033005265
:10345000656164696E6720436F6E666967205265B7
:10346000676973746572206661696C656400666182
:103470007374206D6F646520656E61626C65202DCC
:103480002057726974696E6720436F6E66696720A2
:103490005265676973746572206661696C65640062
:1034A000566572696679696E6720436F6E666967F3
:1034B000205265676973746572206661696C656422
:1034C000005153504946426C6F636B4465766963A3
:1034D000652077697468207468652073616D652064
:1034E0006373656C2825642920616C726561647959
:1034F0002065786973747300546F6F206D616E7905
:1035000020646966666572656E7420515350494641
:10351000426C6F636B4465766963652064657669A8
:10352000636573202D206D617820616C6C6F776509
:10353000643A202564005772697465204469736198
:10354000626C65206661696C656400496E6974200F
:103550002D205265616420534644502046697273A1
:1035600074205461626C65204661696C6564005624
:103570006572696679203462797465206164647269
:10358000657373696E67206661696C656400446584
:1035900074656374696E6720646576696365206429
:1035A000656E73697479206661696C656400496E43
:1035B0006974202D20446574656374696E67207298
:1035C000657365742070726F746F636F6C2F7265B2
:1035D00073657474696E67206661696C656400491F
:1035E0006E6974202D20446574656374696E67206C
:1035F000657261736520747970657320696E737488
:1036000072756374696F6E732F73697A6573206660
:1036100061696C65640044657669636520737570E3
:10362000706F7274732051756164206275732C2001
:10363000627574205175616420456E61626C65200D
:103640004661696C656400496E6974202D2044658B
:1036500074656374696E672F656E61626C696E670D
:1036600020342D62797465206164647265737369B6
:103670006E67206661696C656400496E6974202D0F
:10368000205F69735F6D656D5F7265616479204667
:1036900061696C656400515350492053657420463C
:1036A00072657175656E6379204661696C65640049
:1036B000496E6974202D20436F756C64206E6F74A1
:1036C00020726561642076656E646F7220696400A3
:1036D000496E6974202D20506172736520534644F1
:1036E000502048656164657273204661696C656449
:1036F00000496E6974202D2050617273652042610B
:1037000073696320506172616D205461626C652041
:103710004661696C656400496E6974202D205061B2
:1037200072736520536563746F72204D617020540D
:1037300061626C65204661696C656400496E6974FC
:10374000202D20636C656172696E6720626C6F6307
:103750006B2070726F74656374696F6E2066616947
:103760006C65640097470508810504084D0304084B
:10377000000000000000000000000000556E04087A
:10378000796E0408B145050869420508816A040894
:10379000F5330508ED340508E9350508856A0408A0
:1037A000952E0508952E05089B2E0508C52F0508A2
:1037B000B32E0508AD2E0508C96B0408036B040879
:1037C000636B0408A52E05082E2F6D6265642D6FAE
:1037D000732F73746F726167652F626C6F636B64B4
:1037E00065766963652F736F757263652F53464401
:1037F000502E637070006E756C6C70747220213D79
:103800002064657363726970746F7200534644502C
:103810000056657269667920534644502073696783
:103820006E617475726520616E642076657273696D
:103830006F6E204661696C656400506172616D65F0
:10384000746572206865616465723A204D616A6FC3
:10385000722056657273696F6E206D757374206285
:103860006520312100506172616D65746572206858
:1038700065616465723A20536563746F72204D61AF
:103880007000506172616D65746572206865616475
:1038900065723A20342D62797465204164647265E2
:1038A000737320496E737472756374696F6E00551B
:1038B0004E535550504F525445443A506172616DC9
:1038C00065746572206865616465723A205265703E
:1038D0006C61792050726F746563746564204D6FFC
:1038E0006E6F746F6E696320436F756E746572736B
:1038F00000554E535550504F525445443A50617202
:10390000616D65746572206865616465723A2065F1
:103910005874656E6465642053657269616C2050EB
:1039200065726970686572616C20496E7465726653
:10393000616365202878535049292050726F666969
:103940006C6520312E3000554E535550504F525417
:1039500045443A506172616D6574657220686561B5
:103960006465723A20655874656E646564205365B9
:103970007269616C205065726970686572616C2053
:10398000496E7465726661636520287853504929D1
:103990002050726F66696C6520322E30004164657C
:1039A00073746F2068656164657200554E5355509D
:1039B000504F525445443A506172616D657465725E
:1039C000206865616465723A2053434352204D611B
:1039D0007020666F7220535049204D656D6F72796B
:1039E000204465766963657300554E535550504FBA
:1039F000525445443A506172616D65746572206835
:103A000065616465723A2053434352204D617020D2
:103A10004F66667365747320666F72204D756C74A3
:103A2000692D4368697020535049204D656D6F7250
:103A300079204465766963657300554E535550503F
:103A40004F525445443A506172616D6574657220FD
:103A50006865616465723A2053434352204D61703A
:103A600020666F7220785350492050726F66696CDF
:103A70006520322E30204D656D6F72792044657659
:103A80006963657300554E535550504F5254454429
:103A90003A506172616D6574657220686561646534
:103AA000723A20436F6D6D616E6420536571756568
:103AB0006E63657320746F204368616E6765207460
:103AC0006F204F6374616C20444452202838442D89
:103AD00038442D384429206D6F646500554E535588
:103AE00050504F525445443A506172616D6574654F
:103AF00072206865616465723A207834205175617E
:103B00006420494F207769746820445300554E5310
:103B10005550504F525445443A506172616D65742E
:103B20006572206865616465723A20436F6D6D61EE
:103B30006E642053657175656E63657320746F20C4
:103B40004368616E676520746F205175616420441D
:103B50004452202834532D34442D344429206D6F91
:103B6000646500506172616D65746572206865619D
:103B70006465723A2076656E646F72207370656357
:103B800069666963206865616465722E20506172A0
:103B9000616D65746572204944204C53423A20306F
:103BA00078256868583B204D53423A203078256884
:103BB0006858004C656761637920346B20657261D9
:103BC000736520696E737472756374696F6E206EAD
:103BD0006F7420737570706F72746564004E6F201F
:103BE00065726173652074797065207761732066F2
:103BF0006F756E6420666F722063757272656E7485
:103C000020726567696F6E20616464720044656E3E
:103C10007369747920626974733A20256C75202C5D
:103C2000206465766963652073697A653A20256C3E
:103C30006C7520627974657300526574726965767B
:103C4000696E672053464450204865616465722060
:103C50006661696C65640052657472696576696E47
:103C600067206120706172616D657465722068659E
:103C700061646572202564206661696C6564004634
:103C800061696C656420746F20616C6C6F63617432
:103C900065206D656D6F727900536563746F722076
:103CA0004D61703A205461626C652072657472696E
:103CB0006576616C206661696C6564005365637448
:103CC0006F72204D61703A20496E636F6D706C6544
:103CD000746520636F6E66696775726174696F6E73
:103CE00020646574656374696F6E20636F6D6D61C8
:103CF0006E642064657363726970746F72730053CD
:103D00006563746F72204D61703A20436F6E66690F
:103D10006775726174696F6E206465746563746938
:103D20006F6E20636F6D6D616E64206661696C6596
:103D300064004661696C656420746F206465746515
:103D4000637420736563746F72206D617020636F9C
:103D50006E66696775726174696F6E00536563742E
:103D60006F72204D61703A20496E636F6D706C65A3
:103D7000746520736563746F72206D617020646573
:103D80007363726970746F727300536563746F72DA
:103D9000204D61703A20496E636F6D706C6574657B
:103DA00020736563746F72206D6170206465736346
:103DB000726970746F722061742074686520656E1A
:103DC00064206F6620746865207461626C650053BE
:103DD0006563746F72204D61703A204661696C654D
:103DE0006420746F2066696E64206120736563745B
:103DF0006F72206D61702074686174206D617463EE
:103E0000686573207468652063757272656E7420CE
:103E1000636F6E66696775726174696F6E00466183
:103E2000696C656420746F206C6F636174652061D8
:103E3000206D61746368696E6720736563746F7267
:103E4000206D617000536563746F72204D61703A2C
:103E500020537570706F7274696E6720757020746E
:103E60006F20256420726567696F6E732C206375FF
:103E70007272656E7420736574757020746F20257E
:103E80006420726567696F6E73202D206661696CAE
:103E90000000000000000000000000000000000022
:103EA000000000000000000001000000020000000F
:103EB00003000000040000000000000005000000F6
:103EC00000000000000000000000000006000000EC
:103ED00000000000000000000000000007000000DB
:103EE00001808080808080800480808080808080CD
:103EF00008808080808080801080808080808080AA
:103F00002080808080808080400004081020400253
:103F10000408102040000100020004000600080010
:103F20000A000C001000200040008000000100008A
:103F3000000001020304010203040607080900004F
:103F4000000001020304010203040607080900003F
:103F500001000E0605000E0602000E0600000E0609
:103F600002000E06000000000000000000200240D9
:103F7000C30304000008000000200240C303000047
:103F80000009000000210240C303000001000000FE
:103F900000200240C343040001080000002002404A
:103FA000C34300000109000000210240C343000098
:103FB0000200000000200240C38303000201000051
:103FC00000210240C38303000300000000200240E0
:103FD000C3C303000301000000210240C3C3030068
:103FE0000400000000200240C3830400040100001C
:103FF00000210240C38304000500000000200240AD
:10400000C3C304000501000000210240C3C3040033
:104010000600000000200240C3C3000006010000AB
:1040200000210240C3C3000007000000002002403E
:10403000C3C301000701000000210240C3C3010007
:104040001000000000200240C343020010010000E5
:1040500000210240C3430200110000000020024082
:10406000C34301001101000000210240C3430100CD
:104070002000000000200240C38302002001000055
:1040800000210240C38302002002000000600258A9
:10409000C38302002100000000200240C3C30200CD
:1040A0002101000000210240C3C3020021020000E0
:1040B00000600258C3C3020022000000002002403A
:1040C000C30303002201000000210240C3030300D8
:1040D0002202000000600258C3030300220800000F
:1040E00000600258C30300002300000000200240CB
:1040F000C34303002301000000210240C343030027
:104100002308000000600258C343000024000000A0
:1041100000200240C30301002401000000210240EE
:10412000C30301002500000000200240C303020079
:104130002501000000210240C303020053000000DB
:1041400000600258C34301005400000000600258A0
:10415000C34302005500000000600258C303010081
:104160005600000000600258C30302005700000020
:1041700000600258C3C300005800000000600258ED
:10418000C3C301005900000000600258C38300004F
:104190005A00000000600258C38301005B00000069
:1041A00000200240C38300005C00000000200240A9
:1041B000C38301005D00000000210240C3830000B2
:1041C0005E00000000210240C38301007200000075
:1041D00000600258C34303007300000000600258EF
:1041E000C38303007400000000600258C3C30300CF
:1041F0007500000000600258C3030400FFFF0000C8
:10420000FFFFFFFF00000000F00000000060025808
:10421000C3830400F100000000600258C3C304001F
:10422000F200000000600258C3430400FFFF0000DA
:10423000FFFFFFFF000000000B00000000A0004097
:10424000C22700001500000000A40040C2270000A3
:104250001800000000A00040C22700001C00000061
:1042600000A40040C22700003000000000A0004071
:10427000C22700007E00000000A00040C22700000E
:104280008900000000A00040C2270000FFFF0000DE
:10429000FFFFFFFF000000000C00000000A0004036
:1042A000C22700001600000000A40040C227000042
:1042B0001900000000A00040C22700001D000000FF
:1042C00000A40040C22700003100000000A0004010
:1042D000C22700007D00000000A00040C2270000AF
:1042E000FFFF0000FFFFFFFF0000000008000000CC
:1042F000005C0040CA13000016000000005400409B
:10430000CA13000016010000001C0058CA1B000060
:104310001800000000540040CA13000018010000FB
:10432000001C0058CA1B00001A0000000058004082
:10433000CA1300003C000000001C0058CA13000013
:104340005100000000580040CA1300005E00000049
:10435000001C0058CA130000740000000058004000
:10436000CA13000077000000005C0040CA13000080
:104370007B000000001C0058CA130000FFFF000073
:10438000FFFFFFFF00000000170000000054004086
:10439000CA13000017010000001C0058CA1B0000CF
:1043A0001900000000540040CA1300001901000069
:1043B000001C0058CA1B00001B00000000580040F1
:1043C000CA13000029000000005C0040CA1300006E
:1043D0003D000000001C0058CA13000050000000FF
:1043E00000580040CA1300005F000000001C005885
:1043F000CA1300007500000000580040CA130000F6
:1044000078000000005C0040CA1300007C0000003F
:10441000001C0058CA130000FFFF0000FFFFFFFF51
:10442000000000000100000000400140C2530800ED
:104430000200000000400140C253000003000000E1
:1044400000400140C293000005000000000401404C
:10445000C24F08000600000000040040C24B0000EC
:1044600006010000001C0040C267000007000000B9
:1044700000000140C247080007010000000400409E
:10448000C28B00000702000000040140C24F080078
:104490000703000000200040C26700000B0000007E
:1044A00000000140C20701001000000000000140B0
:1044B000C28708001001000000040040C2CB0000C9
:1044C0001002000000040140C28F0800110000002B
:1044D00000000140C2C708001101000000040040B4
:1044E000C20B01001102000000040140C2CF08000D
:1044F0001400000000040040C24B00001500000042
:1045000000040040C28B00001600000000080040BC
:10451000C24B00001601000000440140C2470800E1
:104520001700000000080040C28B000017010000C7
:1045300000480140C2470800180000000008004081
:10454000C2CB00001801000000440140C247000037
:104550001900000000080040C20B01001901000012
:1045600000480140C24700001D000000000001405B
:10457000C24708001E00000000000140C28708007A
:104580001E01000000040140C28F08001E0200004E
:1045900000180040C24B00001F0000000000014056
:1045A000C2C708001F01000000040140C2CF08007C
:1045B0001F02000000180040C28B0000260000000F
:1045C00000040040C24B000026010000000401402E
:1045D000C24F00002700000000040040C28B000012
:1045E0002701000000040140C28F000028000000E5
:1045F00000040040C2CB000028010000000401407C
:10460000C2CF00002900000000040040C20B0100DE
:104610002901000000040140C20F01003C0000001D
:1046200000080040C24B00003D00000000080040B0
:10463000C28B00003E00000000080040C2CB00001A
:104640003F00000000080040C20B010044000000D1
:1046500000400140C25308004500000000400140F6
:10466000C25300004600000000400140C293000019
:104670004800000000000140C24708004900000057
:1046800000000140C24700004A0000000000014055
:10469000C28708004B00000000000140C2870000F4
:1046A0004C00000000000140C2C708004D0000009F
:1046B00000000140C2C700004E00000000000140A1
:1046C000C20701005600000000440140C24700003C
:1046D0005700000000480140C24700005800000099
:1046E000001C0040C2670000580100000044014067
:1046F000C24708005900000000200040C2670000C7
:104700005901000000480140C2470800760000003F
:1047100000180040C24B0000790000000018004063
:10472000C28B00007D00000000040140C24F080061
:104730007E00000000040140C28F08007F000000DE
:1047400000040140C2CF08008200000000040140C4
:10475000C20F01008500000000040140C24F0000AC
:104760008600000000040140C28F000087000000A6
:1047700000040140C2CF0000960000000004014088
:10478000C28F00009700000000040140C28F0800A3
:104790009800000000000140C2C708009801000016
:1047A00000040140C24F00009900000000000140D9
:1047B000C2C700009901000000040140C24F080078
:1047C0009A00000000000140C28708009A01000022
:1047D00000040140C28F00009B0000000000014067
:1047E000C28700009B01000000040140C28F080046
:1047F000A000000000000140C2470800A001000026
:1048000000040140C2CF0000A100000000000140F0
:10481000C2470000A101000000040140C2CF08000F
:10482000FFFF0000FFFFFFFF000000000800000086
:1048300000740140D24B08000900000000740140E0
:10484000D28B00000A00000000740140D28B0800E7
:104850000B00000000740140D2CB00000C000000EF
:1048600000740140D2CB0800260000000074014013
:10487000D20700002700000000740140D2070800A2
:104880002800000000740140D247000066000000CC
:1048900000740140D20B0100670000000074014069
:1048A000D20B0900FFFF0000FFFFFFFF0000000028
:1048B0002900000000500052D22700003B000000F9
:1048C00000500052D2270000580000000050005253
:1048D000D22B0000FFFF0000FFFFFFFF00000000E1
:1048E0002A00000000500052D22700003C000000C7
:1048F00000500052D2270000590000000050005222
:10490000D22B0000FFFF0000FFFFFFFF00000000B0
:104910004200000000500052D22700005700000063
:1049200000500052D2270000FFFF0000FFFFFFFFF2
:10493000000000000100000000500052D2270000DB
:104940003D00000000500052D22700005600000039
:1049500000500052D2270000FFFF0000FFFFFFFFC2
:10496000000000001200000000500052D22700009A
:104970005A00000000500052D2270000FFFF000044
:10498000FFFFFFFF00000000160000000050005273
:10499000D22B00001A00000000500052D227000065
:1049A0006600000000500052D22B0000FFFF000004
:1049B000FFFFFFFF00000000060000000030014084
:1049C000C21700000601000000140058C2230000B6
:1049D0001400000000300140C21700001401000064
:1049E000003C0040C21B00001402000000140058EC
:1049F000C22300001E00000000380040C217000063
:104A00002200000000380040C21700002B00000008
:104A1000003C0040C21B0000450000000034014083
:104A2000C21700004D00000000340140C217000012
:104A30005800000000500140C2170000690000004B
:104A400000300140C21700006C0000000014005844
:104A5000C21700007700000000500140C21700009C
:104A60008200000000380040C21700009B000000D8
:104A700000500140C2170000FFFF0000FFFFFFFFD2
:104A8000000000000700000000300140C2170000D5
:104A90000701000000140058C223000012000000AB
:104AA000003C0040C21F0000150000000030014023
:104AB000C217000015010000003C0040C21F0000AA
:104AC0001502000000140058C22300001F0000005F
:104AD00000380040C21700002100000000380040EC
:104AE000C21700002300000000380040C217000079
:104AF0002C000000003C0040C21B000036000000FB
:104B0000003C0040C21700003700000000300140A8
:104B1000C21700004600000000340140C217000028
:104B20004E00000000340140C21700005900000090
:104B300000500140C21700005B000000005001401F
:104B4000C21700006E00000000140058C2170000D9
:104B50008300000000380040C21700009A000000E7
:104B600000500140C2170000FFFF0000FFFFFFFFE1
:104B7000000000000500000000300140C2170000E6
:104B80000501000000140058C22300000C000000C2
:104B900000380040C2170000130000000030014040
:104BA000C217000013010000003C0040C21B0000BF
:104BB0001302000000140058C22300001A00000075
:104BC00000380040C21700001D00000000380040FF
:104BD000C21700002A000000003C0040C21B000079
:104BE0003300000000380040C217000042000000FF
:104BF00000340140C21700004C00000000340140A6
:104C0000C21700005700000000500140C21700000A
:104C10006B00000000300140C21700006D00000072
:104C200000140058C2170000760000000050014038
:104C3000C21700008100000000380040C2170000C9
:104C4000A000000000500140C2170000FFFF00005C
:104C5000FFFFFFFF000000000400000000300140E3
:104C6000C217000004010000003C0040C21B00000D
:104C70000402000000140058C22300000B000000D2
:104C800000380040C21700000F0000000030014053
:104C9000C21700000F010000003C0040C21B0000D2
:104CA0000F02000000140058C21F00001400000092
:104CB00000380040C21F000019000000003800400A
:104CC000C21700001C00000000380040C21700009E
:104CD0004400000000340140C21700004B000000F7
:104CE00000340140C217000056000000005001408F
:104CF000C21700006800000000140058C21700002E
:104D00006A00000000300140C2170000750000007A
:104D100000500140C2170000800000000038004031
:104D2000C2170000A100000000500140C21700009F
:104D3000FFFF0000FFFFFFFF000000000000000079
:104D400000440040D21F00000B0000000010014092
:104D5000D21F00000B010000000C0058D20F000011
:104D600010000000004C0040D22300001D00000095
:104D700000480040D21F00001F000000004C00400F
:104D8000D22300002900000000500040D223000080
:104D90003300000000440040D21F00003B00000030
:104DA00000480040D21F00003E000000007C004090
:104DB000D22300004A00000000780040D21F00000B
:104DC0005900000000780040D21F00006D00000074
:104DD00000140140D21F00006F00000000140140C9
:104DE000D21F0000FFFF0000FFFFFFFF00000000D8
:104DF0000100000000440040D21F00000C00000031
:104E000000100140D21F00000C010000000C0058EF
:104E1000D20F00000F000000004C0040D223000021
:104E20001E00000000480040D21F00001E010000CC
:104E3000004C0040D2230000280000000050004039
:104E4000D22300003400000000440040D21F0000C4
:104E50003C00000000480040D21F00003F0000005E
:104E6000007C0040D2230000490000000078004090
:104E7000D21F00005800000000780040D21F000040
:104E80006800000000140140D21F00006C00000008
:104E900000140140D21F0000FFFF0000FFFFFFFFD2
:104EA0000000000001000000004C0040D223000080
:104EB0000300000000440040D21F00000800000072
:104EC00000780040D22F00000A00000000100140CE
:104ED000D21F00000A010000000C0058D20F000091
:104EE0000B000000004C0040D21B0000130000002B
:104EF00000780040D22F0000150000000050004054
:104F0000D23B00001700000000100140D21F00003B
:104F100017010000000C0058D22300001800000008
:104F2000004C0040D22300001B000000004800405D
:104F3000D21F00001C00000000500040D23B0000C7
:104F40001F00000000100140D213000027000000E5
:104F500000140140D21F00002B0000000048004058
:104F6000D21F00002B010000004C0040D2230000A3
:104F700030000000004C0040D2230000320000004E
:104F800000500040D22300003600000000440040E2
:104F9000D21F00003900000000480040D21F00006E
:104FA00040000000007C0040D223000047000000C9
:104FB00000780040D21F000056000000007800403A
:104FC000D21F00006900000000140140D21F000041
:104FD0007E000000004C0040D22300008900000049
:104FE000004C0040D223000099000000007C0040EB
:104FF000D2230000FFFF0000FFFFFFFF00000000C2
:1050000000000000004C0040D2230000020000001D
:1050100000440040D21F00000900000000100140C1
:10502000D21F000009010000000C0058D20F000040
:105030000C000000004C0040D21B00000F000000DC
:1050400000780040D22F00001400000000780040DB
:10505000D22F00001600000000100140D21F0000F7
:105060001601000000500040D23B00001602000074
:10507000000C0058D223000019000000004C004032
:10508000D22300001A00000000480040D21F000098
:105090001D00000000500040D23B00001E00000038
:1050A00000100140D213000026000000001401404F
:1050B000D21F00002A00000000480040D21F00005C
:1050C0002A010000004C0040D22300002C00000008
:1050D00000500040D223000031000000004C00408E
:1050E000D22300003500000000440040D21F000021
:1050F0003800000000480040D21F000041000000BE
:10510000007C0040D22300004800000000780040EE
:10511000D21F00005700000000780040D21F00009E
:105120006E00000000140140D21F00007D0000004E
:10513000004C0040D223000098000000007C00409A
:10514000D2230000FFFF0000FFFFFFFF0000000070
:105150000B00000000000840D22B00000C000000F3
:1051600000000840D22B0000FFFF0000FFFFFFFF00
:10517000000000000300000000000440D22B0000EB
:105180000500000000000440D22B000010000000C9
:1051900000000440D22B0000110000000000044079
:1051A000D22B00001500000000000440D22B0000AC
:1051B0001A00000000000440D22B00001B00000079
:1051C00000000440D22B00001C000000000004403E
:1051D000D22B00001D00000000000440D22B000074
:1051E0002000000000000440D22B000074000000EA
:1051F00000000440D22B00008B000000000004409F
:10520000D22B0000FFFF0000FFFFFFFF00000000A7
:10521000536574537973436C6F636B206661696C7B
:1052200065640A00616E616C6F67696E5F696E69C3
:10523000742048414C5F52434345785F5065726922
:105240007068434C4B436F6E666967002E2F6D622A
:1052500065642D6F732F746172676574732F544189
:10526000524745545F53544D2F5441524745545F64
:1052700053544D333248372F616E616C6F67696EDE
:105280005F6465766963652E63006F626A2D3E68B0
:10529000616E646C652E496E7374616E6365202166
:1052A0003D20284144435F54797065446566202A57
:1052B000294E430066756E6374696F6E20213D2030
:1052C0002875696E7433325F74294E4300616E61D4
:1052D0006C6F67696E5F696E69742048414C5F410D
:1052E00044435F496E69740048414C5F4144434503
:1052F000785F4D756C74694D6F6465436F6E666958
:10530000674368616E6E656C2048414C5F41444361
:105310005F496E697400000000000000000000009A
:10532000060000000000000001000000070000006F
:105330000000000002000000080000000000000063
:10534000030000000900000000000000040000004D
:105350000A00000000000000050000001700000027
:10536000010000000500000017000000020000001E
:105370000500000017000000030000000500000009
:1053800017000000040000000500000017000000E6
:1053900000000000060000002800000001000000DE
:1053A00006000000280000000200000006000000C7
:1053B0002800000003000000060000002800000094
:1053C00004000000060000002800000005000000A6
:1053D00006000000280000004932433132333A20F1
:1053E000496E76616C696420636C6F636B20736FC8
:1053F0007572636500493243343A20496E76616CB8
:10540000696420636C6F636B20736F7572636500F2
:105410004932433A20756E6B6E6F776E20696E73FA
:1054200074616E636500000000000140010000002F
:1054300000000040000000000004004000000000E8
:105440000008004000000000000C004000000000C8
:1054500000040140010000000018004000000000AE
:10546000001C004000000000002000400000000080
:105470000040014001000000004401400100000024
:105480000048014001000000000000000200000090
:105490002E2F6D6265642D6F732F74617267657452
:1054A000732F5441524745545F53544D2F5441522A
:1054B0004745545F53544D333248372F73657269F3
:1054C000616C5F6465766963652E630075617274F3
:1054D0005F72747320213D2028554152544E616DF6
:1054E00065294E4300756172745F63747320213DBA
:1054F0002028554152544E616D65294E4300434C5E
:105500004B3A2053504920696E7374616E63652075
:105510006E6F7420736574007370695F687A206EB3
:105520006F7420666F756E640A002E2F6D6265645D
:105530002D6F732F746172676574732F54415247D6
:1055400045545F53544D2F5553425068795F53541F
:105550004D33322E63707000687063642E494E5F65
:1055600065705B305D2E6D61787061636B65742072
:105570003E3D2073697A6500726574203D3D204888
:10558000414C5F4F4B0072657420213D2048414CD7
:105590005F42555359006C656E203E3D206D617829
:1055A0005F7061636B657400000200000002000020
:1055B000000200000002000000020000FF030000E3
:1055C00000000000000000000FDF050847DF0508AD
:1055D00045E2050801E2050811DF050839E1050883
:1055E00065E105080DDF05080DDF050815DF050875
:1055F0001BDF05083DE005080DDF050821DF050874
:1056000029DF050857DF05085DE005087BDF050891
:10561000CDDF05082DDF050885E40508FDDF050859
:10562000B9E00508DDE0050895E0050887DF050815
:1056300001E105081DE0050899E1050800100000DA
:10564000310000003C0000003C0000003F00000072
:105650003F0000003F0000003F000000000000008D
:10566000000000000000000000000000000000003A
:10567000000000000000000000000000000000002A
:1056800048414C5F464443414E5F496E6974206512
:1056900072726F720A0063616E5F66696C74657224
:1056A000206572726F720A0048414C5F4644434164
:1056B0004E5F436F6E666967476C6F62616C4669E7
:1056C0006C746572206572726F720A0048414C5F9B
:1056D000464443414E5F5374617274206572726F29
:1056E000720A002E2F6D6265642D6F732F746172C4
:1056F000676574732F5441524745545F53544D2F7F
:1057000063616E5F6170692E630028696E74297031
:10571000696E6D61702D3E70657269706865726149
:105720006C20213D204E430063616E5F696E697499
:105730002077726F6E6720696E7374616E63650A9D
:105740000048414C5F52434345785F506572697031
:1057500068434C4B436F6E666967206572726F7267
:105760000A00436F756C64206E6F74206465746505
:10577000726D696E6520676F6F64206E6F6D696E04
:10578000616C5072657363616C65722E2042616456
:1057900020636C6F636B2076616C75650A005069DD
:1057A0006E6D6170206572726F723A2077726F6EE3
:1057B0006720706F7274206E756D6265722E002E98
:1057C0002F6D6265642D6F732F74617267657473DA
:1057D0002F5441524745545F53544D2F6770696FA2
:1057E0005F6170692E630070696E20213D20285032
:1057F000696E4E616D65294E4300556E6578706522
:10580000637465642053707572696F757320696E77
:105810007465727275707420696E64657820256C89
:10582000750A00496E74657272757074496E2065F0
:1058300072726F723A20697271206368616E6E6570
:105840006C20636F6E666C6963740A00496E7465E0
:105850007272757074496E206572726F723A207040
:10586000696E206E6F7420737570706F72746564EA
:105870002E0A002E2F6D6265642D6F732F74617276
:10588000676574732F5441524745545F53544D2FED
:105890006932635F6170692E630028687A203D3D3C
:1058A0002031303030303029207C7C2028687A202C
:1058B0003D3D2034303030303029207C7C20286839
:1058C0007A203D3D20313030303030302900686161
:1058D0006E646C652D3E496E69742E54696D696EF7
:1058E0006720213D2030006F626A5F732D3E693270
:1058F0006320213D20284932434E616D65294E4386
:1059000000000000A086010080380100C0D4010022
:10591000000000007A0D0000FA0000005C12000098
:10592000A00F000080020000140000000000000032
:10593000801A060000E20400005307000000000087
:1059400084030000640000001405000058020000F9
:10595000FA000000640000000000000040420F0058
:1059600000350C00804F120000000000C201000052
:1059700032000000F4010000040100003C000000BF
:10598000640000000000000048414C5F5243435F48
:105990004F7363436F6E666967204552524F520AD8
:1059A0000048414C5F52434345785F5065726970CF
:1059B00068434C4B436F6E666967204552524F52A5
:1059C0000A0048414C5F4C5054494D5F496E697420
:1059D000204552524F520A00008000001000000083
:1059E000007D0000100000002E2F6D6265642D6F99
:1059F000732F746172676574732F54415247455415
:105A00005F53544D2F70696E6D61702E63000000FE
:105A10000000000000000001010000000000000282
:105A20002200000000000004230000000000000825
:105A3000FFFF000000000000010000000200000065
:105A4000040000000800000010000000200000001A
:105A50004000000080000000000100000002000083
:105A600000040000000800000010000000200000FA
:105A7000004000000080000043616E6E6F7420697A
:105A80006E697469616C697A652050574D0A0055DA
:105A90006E6B6E6F776E2050574D20696E73746118
:105AA0006E6365002E2F6D6265642D6F732F7461B8
:105AB00072676574732F5441524745545F53544D78
:105AC0002F70776D6F75745F6170692E63000400CD
:105AD0000000000000004000000000000000000482
:105AE00001000000000000001000000000000000A5
:105AF00000010000000000000010436F6D6D616E3A
:105B00006420706172616D206572726F723A2077E5
:105B1000726F6E6720616464726573732073697A53
:105B2000650A00496E76616C696420616C7420625C
:105B3000797465732073697A650043616E6E6F7462
:105B400020696E697469616C697A652055415254A7
:105B500020776974682062617564207261746520C1
:105B600025750A00506172697479206973206E6F1F
:105B70007420737570706F727465642077697468CF
:105B800020392D626974206461746120666F726DC2
:105B90006174004F6E6C7920372C2038206F722092
:105BA000392D626974206461746120666F726D6161
:105BB00074732061726520737570706F72746564A0
:105BC000004572726F723A206E6577207365726954
:105BD000616C206F626A65637420697320757369F4
:105BE0006E672073616D65205541525420617320AA
:105BF000535444494F002E2F6D6265642D6F732FEF
:105C0000746172676574732F5441524745545F53F2
:105C1000544D2F73657269616C5F6170692E63000A
:105C20006F626A5F732D3E7561727420213D20287A
:105C3000554152544E616D65294E43006F626A5F53
:105C4000732D3E696E646578203E3D203000466FBE
:105C50007263654F73634F75746F66446565705307
:105C60006C65657020636C6F636B20697373756519
:105C70000D0A00466F7263655065726970684F75F2
:105C8000746F6644656570536C65657020636C6FF6
:105C9000636B2069737375650D0A002E2F6D626545
:105CA000642D6F732F746172676574732F54415242
:105CB0004745545F53544D2F73746D5F7370695F24
:105CC0006170692E63006269747368696674203E4E
:105CD0003D2030003320776972657320535049208E
:105CE000736C617665206E6F7420737570706F725F
:105CF000746564202D20736C6176652077696C6C07
:105D0000206F6E6C7920726561640D0A0043616ECC
:105D10006E6F7420696E697469616C697A6520536D
:105D20005049007370696F626A2D3E73706920215B
:105D30003D20285350494E616D65294E430048412E
:105D40004C5F52434345785F506572697068434CBD
:105D50004B436F6E6669670A0074785F6C656E67A7
:105D60007468203E3E206269747368696674203CE2
:105D70003C206269747368696674203D3D207478C4
:105D80005F6C656E6774680072785F6C656E6774CF
:105D900068203E3E206269747368696674203C3CEA
:105DA000206269747368696674203D3D2072785F73
:105DB0006C656E677468000000000000010101015D
:105DC00001010101020202020202020202020202B7
:105DD000020202020000000000000010000000208B
:105DE0000000003000000040000000500000006093
:105DF0000000007040420F00200000000000000082
:105E00007374643A3A6261645F657863657074695B
:105E10006F6E0000645F0708385E0708645F07085C
:105E2000585E0708F05E07087C5E0708305E0708CA
:105E3000645F0708905E07084E31305F5F637878D3
:105E4000616269763131355F5F666F726365645F89
:105E5000756E77696E6445004E31305F5F637878A8
:105E6000616269763131395F5F666F726569676E4D
:105E70005F657863657074696F6E45005374313384
:105E80006261645F657863657074696F6E000000BD
:105E9000537439657863657074696F6E0000000033
:105EA00000000000245E0708C1330608CD33060851
:105EB000C5330608F05E0708C05E07082C5F0708B8
:105EC0004E31305F5F637878616269763132305F7E
:105ED0005F73695F636C6173735F747970655F6929
:105EE0006E666F450000000000000000B45E070809
:105EF000493506085D350608653606086536060824
:105F0000653706089536060835360608B53506089D
:105F100079350608645F07081C5F070853743974F5
:105F20007970655F696E666F00000000F05E0708BB
:105F3000385F0708145F07084E31305F5F63787879
:105F4000616269763131375F5F636C6173735F746F
:105F50007970655F696E666F4500000000000000A3
:105F60002C5F0708D9360608ED36060865360608A0
:105F70006536060865370608953606084D37060863
:105F800009370608CD3606080020202020202020D2
:105F900020202828282828202020202020202020D9
:105FA00020202020202020202088101010101010E9
:105FB0001010101010101010100404040404040435
:105FC00004040410101010101010414141414141CF
:105FD00001010101010101010101010101010101B1
:105FE00001010101101010101010424242424242C1
:105FF0000202020202020202020202020202020281
:106000000202020210101010200000000000000028
:106010000000000000000000000000000000000080
:106020000000000000000000000000000000000070
:106030000000000000000000000000000000000060
:106040000000000000000000000000000000000050
:106050000000000000000000000000000000000040
:106060000000000000000000000000000000000030
:106070000000000000000000000000000000000020
:10608000000000000000000000000000700E00246E
:1060900043000000504F5349580000002E000000FC
:1060A0000A0000006E660000696E697479000000E5
:1060B000616E000035000000CEFBFFFFCB03000047
:1060C000010000000000000034000000CEFBFFFFD4
:1060D000CB030000010000000000000000000000F1
:1060E000BC89D897B2D29C3C33A7A8D523F64939AE
:1060F0003DA7F444FD0FA5329D978CCF08BA5B25D0
:10610000436FAC6428066811494E4600696E66000C
:106110004E414E006E616E003031323334353637C9
:1061200038394142434445460000000030313233A3
:1061300034353637383961626364656600000000C3
:10614000286E756C6C290000300000002020202093
:1061500020202020202020202020202030303030FF
:1061600030303030303030303030303065256C6495
:10617000000000000A000100020003000400050006
:1061800006000700080009000A000B000C000D00C3
:106190000E000F00100000002020202020202020D2
:1061A000202020202020202030303030303030306F
:1061B0003030303030303030496E66696E69747915
:1061C000000000004E614E000000000000000000D2
:1061D00000000000000000000000000000000000BF
:1061E00000000000000000000000000000000000AF
:1061F0000000000000000000101112131415161703
:106200001819000000000000001A1B1C1D1E1F00B2
:10621000000000000000000000000000000000007E
:106220000000000000000000001A1B1C1D1E1F00C3
:10623000000000000000000000000000000000005E
:10624000000000000000000000000000000000004E
:10625000000000000000000000000000000000003E
:10626000000000000000000000000000000000002E
:10627000000000000000000000000000000000001E
:10628000000000000000000000000000000000000E
:1062900000000000000000000000000000000000FE
:1062A00000000000000000000000000000000000EE
:1062B00000000000000000000000000000000000DE
:1062C00000000000000000000080E03779C3414377
:1062D000176E05B5B5B89346F5F93FE9034F384D4C
:1062E000321D30F94877825A3CBF737FDD4F1575F8
:1062F000000000000000F03F00000000000024400B
:1063000000000000000059400000000000408F40E5
:10631000000000000088C34000000000006AF84050
:106320000000000080842E4100000000D012634174
:106330000000000084D797410000000065CDCD41EA
:10634000000000205FA00242000000E876483742CB
:10635000000000A2941A6D42000040E59C30A24269
:106360000000901EC4BCD64200003426F56B0C43DE
:106370000080E03779C3414300A0D8855734764385
:1063800000C84E676DC1AB43003D9160E458E143E6
:10639000408CB5781DAF154450EFE2D6E41A4B445B
:1063A00092D54D06CFF08044F64AE1C7022DB544A0
:1063B000B49DD9794378EA44050000001900000033
:1063C0007D00000000000000C9020181B0B0AD8076
:1063D00000000000C9030181B0B0AC8100000000E2
:1063E00008B10181B0B000840000000008B1018153
:1063F000B0B0008400000000C9060181B0B0AF80D9
:106400000000000008B10181B0B00084000000006D
:1064100008B10181B0B0008400000000C902018110
:10642000B0B0AB8000000000C9050181B0B0AC8005
:106430000000000080C90181B0A908B1000000007F
:10644000C9040181B0B0AB8100000000C901018125
:10645000B0B0AC800000000008B10181B0B0008491
:1064600000000000DDC4FE7F80C90D01B0B0B0AAFD
:10647000FFFF012E0A14000020CC08EA0A00F208EF
:1064800004E80A00FA0804D00A00900904E80A00A7
:10649000980904E60A00AA099201E80A00E20A043F
:1064A000000000009DC4FE7FB0B0A800FFFF010007
:1064B00091C4FE7FA908B100FFFF010008B101816E
:1064C000B0B000840000000079C4FE7FB0AA0300D1
:1064D000FFFF010C0A240000300462003E2E000081
:1064E00061C4FE7FB0A80500FFFF010E0A5800003E
:1064F0007204B402007EC0010000000045C4FE7FAB
:10650000B0B0A800FFFF010039C4FE7FB0B0A80002
:10651000FFFF01002DC4FE7FB0AC0100FFFF010EA4
:106520005A04000060389A0100A001040000000035
:1065300011C4FE7FB0A90200FFFF01230656000030
:106540006004BC01006804BA01007004A401008E5C
:10655000010400009E0104BC0200B60176000000A8
:1065600008B10181B0B000840000000008B10181D1
:10657000B0B000840000000008B10181B0B0008418
:1065800000000000BDC3FE7FB0AE0D00FFFF01356F
:10659000180400002004C002002C04BE0200460CB7
:1065A000BC02007204980200980104B40200BE010B
:1065B00004B60200DE0104B80200860204BA02003A
:1065C000B00204000000000079C3FE7FB0AA010001
:1065D000FFFF010C0A18000032043E0046040000D0
:1065E00061C3FE7FA908B100FFFF010C080800008D
:1065F0001A0422002A04000008B10181B0B000840E
:10660000000000003DC3FE7FB0AC0700FFFF012784
:106610000E0800002004BC01002A0A00004C04AE51
:1066200001005604AC010068048E0100880104C01A
:106630000100A8010400000008B10181B0B000848D
:106640000000000008B10181B0B00084000000002B
:10665000F1C2FE7FB0A90600FFFF010932048A01E2
:10666000004E46000000000008B10181B0B0008477
:1066700000000000CDC2FE7FB0B0A800FFFF010007
:10668000C1C2FE7FB0B0A800FFFF0100B5C2FE7F0F
:10669000843F0201B0B0B000FFFF010C0A0400000B
:1066A000220432003804000099C2FE7FA908B1001C
:1066B000FFFF010008B10181B0B0008400000000BC
:1066C00008B10181B0B000840000000075C2FE7FF7
:1066D000B0AA0500FFFF01161614000036048C0155
:1066E000005004000074049801007C1C00000000AD
:1066F00008B10181B0B000840000000008B1018140
:10670000B0B000840000000039C2FE7FB0B0A80025
:10671000FFFF01002DC2FE7FB0A80300FFFF010CA8
:10672000040C0000141436003C04000015C2FE7F67
:106730008408B101B0B0B000FFFF01081E043600AC
:106740003C040000FDC1FE7FB0B0A800FFFF0100C7
:10675000F1C1FE7FB0B0AC00FFFF01141E040000C9
:1067600024045A002E045800360A42005404000043
:10677000D1C1FE7FB0A80900FFFF010C060A00008E
:106780001C163C0042040000B9C1FE7FB0AA0D00F7
:10679000FFFF010C0A0A00002A164200480400000C
:1067A000A1C1FE7FB0AD1000FFFF010C0E1A00006A
:1067B00042165A006004000008B10181B0B00084A4
:1067C000000000007DC1FE7FB0AB0A00FFFF012189
:1067D000060A00002804920100320400005A049CBA
:1067E0000100640400008C01049E01009801200057
:1067F0000000000008B10181B0B00084000000007A
:1068000008B10181B0B000840000000035C1FE7FF6
:10681000B0AD0200FFFF01140C2000003004C201E3
:10682000009E0104A40100BE0104000008B1018122
:10683000B0B000840000000009C1FE7FB0AC0700CA
:10684000FFFF0129081000002E28E6010060040067
:10685000007C04D20100860104D00100980104B23A
:106860000100AC0104EE0100CC01140000000000A6
:1068700008B10181B0B000840000000008B10181BE
:10688000B0B000840000000008B10181B0B0008405
:106890000000000008B10181B0B0008400000000D9
:1068A00008B10181B0B000840000000008B101818E
:1068B000B0B000840000000089C0FE7FB0B0AC0022
:1068C000FFFF010C082600003C047E00503A000047
:1068D00071C0FE7FB0A90800FFFF010C082800006E
:1068E0003E0400005A10000059C0FE7FB0AC010009
:1068F000FFFF010C08240000400472007A0400002D
:1069000008B10181B0B000840000000035C0FE7FF6
:10691000B0AF1800FF1019011124A6070000EE0700
:1069200004D80901BA08A801000001000000000015
:1069300011C0FE7FB0AF0400FF101D01122004360D
:10694000012A042E017646BC0100C40104000001A6
:106950000000000000000000E9BFFE7FA908B100B0
:10696000FFFF0100DDBFFE7F8408B101B0B0B000C1
:10697000FF1019010C020608010C0410051C0A0086
:106980000001007F00007D0000000000000000000A
:1069900008B10181B0B000840000000008B101819D
:1069A000B0B000840000000008B10181B0B00084E4
:1069B0000000000008B10181B0B0008400000000B8
:1069C0001899FC7F01000000F09CFC7FB0B0A8800B
:1069D000789DFC7F01000000989EFC7FB0B0AC80E9
:1069E00010A0FC7FB0B0AA8074A1FC7F0100000061
:1069F00094A3FC7FB0A9028050A4FC7FCCF9FF7F58
:106A0000A8A5FC7F010000005CA6FC7FC8F9FF7F01
:106A1000A0A7FC7FAB08B180FCA7FC7F01000000B1
:106A200014A8FC7FB0B0A88044A8FC7FB4F9FF7F15
:106A3000C0A8FC7F01000000E8A8FC7FB0F9FF7F40
:106A400028A9FC7F01000000B4A9FC7FACF9FF7FFE
:106A5000E0ACFC7F0100000024ADFC7FA908B18000
:106A6000B8ADFC7FB0A9028084AEFC7F01000000BD
:106A7000F8AEFC7FA908B180A8AFFC7F0100000040
:106A800000B0FC7FB0B0A880ACB1FC7FB0AA0180A0
:106A90009CB4FC7FB0B0AC8030B7FC7F010000003C
:106AA00034B7FC7F60F9FF7F64B7FC7FA908B18031
:106AB000B8B7FC7F5CF9FF7FC0B8FC7FA908B18044
:106AC00084B9FC7FB0B0A880ACB9FC7FB0B0AA801C
:106AD000ACBAFC7F48F9FF7F70BEFC7FA908B1808B
:106AE00018C0FC7FB0B0AA8004C1FC7FA908B180A7
:106AF0004CC1FC7FAB08B18074C5FC7F2CF9FF7FD3
:106B000060C7FC7FB0AA0180F4C8FC7FA908B180EF
:106B10005CC9FC7FAB08B180E4C9FC7F18F9FF7F3A
:106B2000A4CAFC7F0100000008CBFC7F14F9FF7FA2
:106B30007CCCFC7FB0B0A880B8CCFC7FA908B18029
:106B40001CCDFC7F08F9FF7F4CD4FC7FB0B0AA803D
:106B500048D5FC7FA908B180BCD5FC7FB0B0A88027
:106B600044D6FC7F0100000070D6FC7FB0B0A88046
:106B700030D7FC7FAB08B18010D8FC7FB0B0A880C4
:106B8000A0D9FC7F0084028084DAFC7FB0A9028057
:106B9000F0DBFC7FB0B0A8809CDCFC7FBCF8FF7F02
:106BA000D4DCFC7FA908B18074DDFC7FB8F8FF7FDE
:106BB0005CE3FC7FF0F8FF7F60E3FC7FF4F8FF7F8D
:106BC0007CE3FC7F01000000AAE3FC7FF0F8FF7F7C
:106BD000ACE3FC7F01000000ECE3FC7FB0A908807F
:106BE00004E5FC7FB0A8078064E5FC7FB0B0A88016
:106BF000F8E5FC7FD4F8FF7F70E6FC7FB0A9028047
:106C0000F8E8FC7FDCF8FF7FC0EAFC7F01000000B1
:106C1000BAEAFC7FE8F8FF7FC0EAFC7FECF8FF7F70
:106C2000C4EAFC7F01000000E0EAFC7FA908B18013
:106C3000F4EAFC7F0100000038ECFC7FD8F8FF7F0D
:106C4000E0ECFC7FECF8FF7F90EEFC7F01000000A1
:106C5000BCEEFC7FA908B18044EFFC7F010000007E
:106C600076EFFC7FFCF8FF7F7CEFFC7F01000000EB
:106C7000C2EFFC7FF8F8FF7FC2EFFC7FFCF8FF7FDC
:106C8000C4EFFC7F00F9FF7F08F1FC7F01000000EA
:106C900058F1FC7FA908B18088F1FC7F0100000059
:106CA0008CF1FC7FB0B0A8805AF3FC7FA908B180BA
:106CB00070F3FC7F0100000074F3FC7FB0AF028032
:106CC00024F4FC7FB0A8018030F4FC7FB0A90480DC
:106CD00050F4FC7FAB08B18098F4FC7FB0A803802F
:106CE000A8F4FC7FB0AC0380ECF4FC7F0100000052
:106CF000ECF4FC7F008402800CF5FC7FB0A80180DE
:106D00008AF5FC7F010000008AF5FC7FB0A80580B1
:106D1000A8F5FC7FAB08B180E4F5FC7FB0A801804A
:106D2000F0F5FC7F010000001CF6FC7FB0AA01809A
:106D30005AF6FC7F94F8FF7F9CF6FC7F0100000070
:106D4000E8F6FC7FB0A8018018F7FC7F0100000086
:106D500034F7FC7FB0B0AA8090F7FC7FB0B0A88079
:106D6000C6F7FC7F01000000A4F8FC7F74F8FF7FE9
:106D7000CAF8FC7F01000000F2F8FC7FA908B1808E
:106D800008F9FC7F0084028026F9FC7FB0B0A8805F
:106D9000B6F9FC7FAA3F018012FAFC7FB0AA3F80BF
:106DA000E4FAFC7F0100000056FBFC7F4CF8FF7FFB
:106DB0005CFBFC7F01000000A4FBFC7F48F8FF7F28
:106DC00070FCFC7F74F8FF7F70FCFC7F78F8FF7F1D
:106DD00070FCFC7F01000000D4FCFC7FB0AE03809F
:106DE00022FDFC7FB0FD84807AFDFC7FB0B0AC80DA
:106DF000D8FDFC7FB0FD848030FEFC7F01000000E8
:106E00002CFEFC7F4CF8FF7FDCFEFC7FB0B0A8803E
:106E100000FFFC7F54F8FF7F2CFFFC7F58F8FF7FBA
:106E200030FFFC7F5CF8FF7F48FFFC7F60F8FF7F4E
:106E30007CFFFC7FB0B0AA800800FD7F010000004D
:106E40001400FD7F64F8FF7F3000FD7F010000002B
:106E50006A00FD7FB0B0AA80AE00FD7FB0B0A88010
:106E6000BE00FD7F01000000EC00FD7FB0A80180A6
:106E70005001FD7F40F8FF7F7401FD7FB0B0AA8014
:106E80008801FD7FB0B0B0808801FD7FB0A801808F
:106E9000C401FD7FB0B0AC80F601FD7FB0B0B08022
:106EA000F401FD7FB0B0AA803C02FD7FA93F0280C3
:106EB000AC02FD7FA908B180C002FD7FB0B0B080F8
:106EC000C002FD7FB0B0A880E002FD7FA908B180BC
:106ED0000603FD7FB0B0B0800403FD7FB0B0A88092
:106EE0003803FD7FA908B1807403FD7FB0B0B08086
:106EF0007403FD7FB0B0A880C003FD7F01000000D7
:106F0000F003FD7FBCF7FF7FF403FD7F010000006D
:106F10003C04FD7FB8F7FF7FD804FD7FD4F7FF7FE7
:106F2000D804FD7FD8F7FF7FD804FD7F0100000063
:106F3000A805FD7FB0B0A880B605FD7FA908B18087
:106F4000C805FD7F01000000C805FD7FBCF7FF7F7D
:106F5000DC05FD7F01000000EA05FD7FB0AB02808B
:106F60002206FD7FB0B0AA807606FD7FAB08B18017
:106F70009806FD7FB0AA05802007FD7F0100000074
:106F80004407FD7FA908B1807807FD7F010000005C
:106F90009C07FD7FB0B0A880B807FD7FB0AC038030
:106FA0003008FD7FB0AA01805408FD7FB0B0A880F2
:106FB0008A08FD7F60F7FF7FC208FD7FB0B0A88020
:106FC000CC08FD7F68F7FF7F1409FD7FB0B0A88073
:106FD0003C09FD7F01000000C40AFD7F68F7FF7FC8
:106FE000EC0AFD7F01000000780BFD7FA908B1804D
:106FF000F80BFD7FB0AC01807A0CFD7FB0B0A880AB
:10700000B40CFD7FB0B0AA80040DFD7F44F7FF7F74
:10701000640DFD7FB0B0AA80040EFD7FB0B0A880E3
:10702000100EFD7FA908B180240EFD7FAB08B18052
:107030008C0EFD7F3CF7FF7FD40EFD7F4CF7FF7F6A
:10704000300FFD7FB0B0A880580FFD7FAD08B18034
:10705000B20FFD7FB0AB0480F80FFD7F44F7FF7FD8
:107060007010FD7FB0B0A8809210FD7F010000007D
:10707000DA10FD7FB0A902803011FD7F0100000011
:107080005011FD7F34F7FF7F5411FD7F0100000098
:107090009C11FD7F30F7FF7F6012FD7F58F7FF7F67
:1070A0006012FD7F5CF7FF7F6012FD7F0100000032
:1070B0008A12FD7FB0B0B0808812FD7F0100000011
:1070C0008812FD7FB0B0A8809012FD7FB0B0B08074
:1070D0009012FD7FA908B180C812FD7F0084028054
:1070E000E012FD7FB0B0B080E012FD7F008402802E
:1070F000FA12FD7FB0B0B080FA12FD7FAD08B1800A
:107100002C13FD7F010000004813FD7FA908B1800A
:107110006A13FD7F01000000EC13FD7FF0F6FF7F96
:10712000B414FD7FA908B180C614FD7F01000000E2
:10713000D014FD7FB0B0A880F814FD7FAB08B180FB
:107140001E15FD7F010000003215FD7FE0F6FF7F78
:107150003815FD7F010000008015FD7FDCF6FF7F04
:107160007C16FD7FB0B0B0807C16FD7F04F7FF7FFA
:107170007C16FD7F08F7FF7F7C16FD7F0100000075
:10718000C816FD7F04F7FF7FC616FD7FB0AF0480F1
:107190002818FD7F010000008818FD7FB0B0AC808A
:1071A000AC18FD7F01000000CA18FD7FE8F6FF7FE4
:1071B000CA18FD7F01000000CC18FD7FE4F6FF7FB8
:1071C000CC18FD7F01000000D818FD7FA908B18010
:1071D0000C19FD7FB0AA09803E19FD7FB0B0AC80CC
:1071E0007A19FD7F010000007619FD7FA908B180A2
:1071F0009619FD7F01000000AC19FD7FA908B18040
:10720000D019FD7FAA82C980E81AFD7F0100000025
:10721000E41AFD7FB0A90280F61AFD7F010000008C
:10722000B81DFD7FB0B0A880E81DFD7FB0B0AA807A
:10723000081EFD7FB0B0A8801C1EFD7F010000006D
:107240002C1EFD7F00840280601EFD7F0100000077
:10725000601EFD7F58F6FF7F741EFD7F0100000059
:10726000B01EFD7FB0B0AA80C81EFD7F4CF6FF7F28
:10727000541FFD7F5CF6FF7FC01FFD7F6CF6FF7F14
:107280004420FD7FB0A908809820FD7F0100000008
:1072900024B5FE7FAB08B180DCB5FE7F64F6FF7FCE
:1072A0000CB6FE7FAB08B18098B6FE7F60F6FF7F1C
:1072B00074BBFE7F01000000C8BBFE7F74F6FF7F39
:1072C0009CBCFE7F94F6FF7F14BDFE7F0100000092
:1072D000A4BDFE7F90F6FF7FC4BDFE7F01000000CD
:1072E000D0BDFE7FACF6FF7FD0BDFE7FB0F6FF7F46
:1072F000DCBDFE7F0100000000BEFE7FB0AB02805F
:10730000A8BEFE7F0100000074BFFE7FB0B0A88061
:10731000B0BFFE7F0100000000C0FE7FAB08B1805F
:1073200030C0FE7FB0B0A88098C0FE7F0100000092
:1073300004C3FE7FB0B0AC8028C3FE7F0100000014
:1073400054C3FE7FB0AA038084C3FE7F0100000007
:1073500094CAFE7FB0A9028030CBFE7FB0B0A88077
:1073600080CBFE7F010000008CCBFE7FB0B0AA80F6
:10737000C4CBFE7FAE71B28084CCFE7F01000000E2
:1073800080CCFE7FAB3F3880D8CCFE7F0100000070
:10739000E4CCFE7FB0B0AA8020CDFE7F01000000CB
:1073A000C4CDFE7FAB0EB2802CCEFE7FB0AF088086
:1073B000F8D0FE7F01000000FCD0FE7FAC3F0380D0
:1073C00074D3FE7F0100000050D5FE7F008404804E
:1073D00064D5FE7F0100000060D5FE7FB0AD048063
:1073E0001CD8FE7FB0A803803CD8FE7FBCF5FF7F91
:1073F00040D8FE7FC0F5FF7F4CD8FE7F0100000023
:10740000000000000100010001000000DD7EBC3C26
:10741000A0240708A02407085A5A0100E803000026
:1074200000F001087F0000000000000000000000E4
:1074300000000000A10000000000000000000000AB
:10744000000000009B0000000000000000000000A1
:1074500000000000670000000000000000000000C5
:1074600000000000270000000000000000000000F5
:1074700000000000260000000000000000000000E6
:1074800000000000080000000000000000000000F4
:10749000000000008000000000000000000000006C
:1074A00000000000230000000000000000000000B9
:1074B000000000008100000000000000000000004B
:1074C000000000002200000000000000000000009A
:1074D0000000000078000000000000000000000034
:1074E0000000000077000000000000000000000025
:1074F000000000000A000000000000000000000082
:107500000000000009000000000000000000000072
:107510000000000000080000000000000000000063
:107520000000000001080000000000000000000052
:107530000000000022080000000000000000000021
:107540000000000023080000000000000000000010
:107550000000000022010000000000000000000008
:1075600000000000230100000000000000000000F7
:107570000000000004000000000000000000000007
:1075800000000000060000000000000000000000F5
:1075900000000000A5000000000000000000000046
:1075A00000000000A6000000000000000000000035
:1075B00000000000A7000000000000000000000024
:1075C00000000000000000000000000000000000BB
:1075D00000000000010000000000000000000000AA
:1075E0000000000002000000000000000000000099
:1075F0000000000003000000000000000000000088
:107600000000000004000000000000000000000076
:107610000000000005000000000000000000000065
:107620000000000006000000000000000000000054
:107630000000000007000000000000000000000043
:107640000000000008000000000000000000000032
:107650000000000009000000000000000000000021
:10766000000000000A000000000000000000000010
:10767000000000000B0000000000000000000000FF
:10768000000000000C0000000000000000000000EE
:10769000000000000D0000000000000000000000DD
:1076A000000000000E0000000000000000000000CC
:1076B000000000000F0000000000000000000000BB
:1076C00000000000100000000000000000000000AA
:1076D0000000000011000000000000000000000099
:1076E0000000000012000000000000000000000088
:1076F0000000000013000000000000000000000077
:107700000000000014000000000000000000000065
:107710000000000015000000000000000000000054
:107720000000000016000000000000000000000043
:107730000000000017000000000000000000000032
:107740000000000018000000000000000000000021
:107750000000000019000000000000000000000010
:10776000000000001A0000000000000000000000FF
:10777000000000001B0000000000000000000000EE
:10778000000000001C0000000000000000000000DD
:10779000000000001D0000000000000000000000CC
:1077A000000000001E0000000000000000000000BB
:1077B000000000001F0000000000000000000000AA
:1077C0000000000020000000000000000000000099
:1077D0000000000021000000000000000000000088
:1077E0000000000022000000000000000000000077
:1077F0000000000023000000000000000000000066
:107800000000000024000000000000000000000054
:107810000000000025000000000000000000000043
:107820000000000026000000000000000000000032
:107830000000000027000000000000000000000021
:107840000000000028000000000000000000000010
:1078500000000000290000000000000000000000FF
:10786000000000002A0000000000000000000000EE
:10787000000000002B0000000000000000000000DD
:10788000000000002C0000000000000000000000CC
:10789000000000002D0000000000000000000000BB
:1078A000000000002E0000000000000000000000AA
:1078B000000000002F000000000000000000000099
:1078C0000000000030000000000000000000000088
:1078D0000000000031000000000000000000000077
:1078E0000000000032000000000000000000000066
:1078F0000000000033000000000000000000000055
:107900000000000034000000000000000000000043
:107910000000000035000000000000000000000032
:107920000000000036000000000000000000000021
:107930000000000037000000000000000000000010
:1079400000000000380000000000000000000000FF
:1079500000000000390000000000000000000000EE
:10796000000000003A0000000000000000000000DD
:10797000000000003B0000000000000000000000CC
:10798000000000003C0000000000000000000000BB
:10799000000000003D0000000000000000000000AA
:1079A000000000003E000000000000000000000099
:1079B000000000003F000000000000000000000088
:1079C0000000000040000000000000000000000077
:1079D0000000000041000000000000000000000066
:1079E0000000000042000000000000000000000055
:1079F0000000000043000000000000000000000044
:107A00000000000044000000000000000000000032
:107A10000000000045000000000000000000000021
:107A20000000000046000000000000000000000010
:107A300000000000470000000000000000000000FF
:107A400000000000480000000000000000000000EE
:107A500000000000490000000000000000000000DD
:107A6000000000004A0000000000000000000000CC
:107A7000000000004B0000000000000000000000BB
:107A8000000000004C0000000000000000000000AA
:107A9000000000004D000000000000000000000099
:107AA000000000004E000000000000000000000088
:107AB000000000004F000000000000000000000077
:107AC0000000000050000000000000000000000066
:107AD0000000000051000000000000000000000055
:107AE0000000000052000000000000000000000044
:107AF0000000000053000000000000000000000033
:107B00000000000054000000000000000000000021
:107B10000000000055000000000000000000000010
:107B200000000000560000000000000000000000FF
:107B300000000000570000000000000000000000EE
:107B400000000000580000000000000000000000DD
:107B500000000000590000000000000000000000CC
:107B6000000000005A0000000000000000000000BB
:107B7000000000005B0000000000000000000000AA
:107B8000000000005C000000000000000000000099
:107B9000000000005D000000000000000000000088
:107BA000000000005E000000000000000000000077
:107BB000000000005F000000000000000000000066
:107BC0000000000060000000000000000000000055
:107BD0000000000061000000000000000000000044
:107BE0000000000062000000000000000000000033
:107BF0000000000063000000000000000000000022
:107C00000000000064000000000000000000000010
:107C100000000000650000000000000000000000FF
:107C200000000000660000000000000000000000EE
:107C300000000000670000000000000000000000DD
:107C400000000000680000000000000000000000CC
:107C500000000000690000000000000000000000BB
:107C6000000000006A0000000000000000000000AA
:107C7000000000006B000000000000000000000099
:107C8000000000006C000000000000000000000088
:107C9000000000006D000000000000000000000077
:107CA000000000006E000000000000000000000066
:107CB000000000006F000000000000000000000055
:107CC0000000000070000000000000000000000044
:107CD0000000000071000000000000000000000033
:107CE0000000000072000000000000000000000022
:107CF0000000000073000000000000000000000011
:107D000000000000740000000000000000000000FF
:107D100000000000750000000000000000000000EE
:107D200000000000760000000000000000000000DD
:107D300000000000770000000000000000000000CC
:107D400000000000780000000000000000000000BB
:107D500000000000790000000000000000000000AA
:107D6000000000007A000000000000000000000099
:107D7000000000007B000000000000000000000088
:107D8000000000007C000000000000000000000077
:107D9000000000007D000000000000000000000066
:107DA000000000007E000000000000000000000055
:107DB000000000007F000000000000000000000044
:107DC0000000000080000000000000000000000033
:107DD0000000000081000000000000000000000022
:107DE0000000000082000000000000000000000011
:107DF0000000000083000000000000000000000000
:107E000000000000840000000000000000000000EE
:107E100000000000850000000000000000000000DD
:107E200000000000860000000000000000000000CC
:107E300000000000870000000000000000000000BB
:107E400000000000880000000000000000000000AA
:107E50000000000089000000000000000000000099
:107E6000000000008A000000000000000000000088
:107E7000000000008B000000000000000000000077
:107E8000000000008C000000000000000000000066
:107E9000000000008D000000000000000000000055
:107EA000000000008E000000000000000000000044
:107EB000000000008F000000000000000000000033
:107EC0000000000090000000000000000000000022
:107ED0000000000091000000000000000000000011
:107EE0000000000092000000000000000000000000
:107EF00000000000930000000000000000000000EF
:107F000000000000940000000000000000000000DD
:107F100000000000950000000000000000000000CC
:107F200000000000960000000000000000000000BB
:107F300000000000970000000000000000000000AA
:107F40000000000098000000000000000000000099
:107F50000000000099000000000000000000000088
:107F6000000000009A000000000000000000000077
:107F7000000000009B000000000000000000000066
:107F8000000000009C000000000000000000000055
:107F9000000000009D000000000000000000000044
:107FA000000000009E000000000000000000000033
:107FB000000000009F000000000000000000000022
:107FC00000000000A0000000000000000000000011
:107FD00000000000A1000000000000000000000000
:107FE00000000000A20000000000000000000000EF
:107FF00000000000A30000000000000000000000DE
:1080000000000000A40000000000000000000000CC
:1080100000000000A50000000000000000000000BB
:1080200000000000A60000000000000000000000AA
:1080300000000000A7000000000000000000000099
:108040000000000010110708D3B3FB02000000007D
:108050000000000000000000000000000000000020
:108060000000000000000000000000000000000010
:108070000000000000000000000000000000000000
:1080800000000000000000000000000000000000F0
:1080900000000000000000000000000000000000E0
:1080A00000000000000000000000000000000000D0
:1080B00000000000000000000000000000000000C0
:1080C00000000000000000000000000000000000B0
:1080D00000000000000000000000000000000000A0
:1080E00000000000000000009DB9040841C504081C
:1080F000E5C004081DC50408F9C40408E9C0040863
:10810000EF090508EF0905087F00000000000000E6
:108110000000000018000000000000000004000043
:1081200000000000800000000000000000000000CF
:1081300000000000850B05080000000000000000A2
:108140000000000000000000FFFFFFFFFFFFFFFF37
:10815000FFFFFFFF00000000000000000000000023
:10816000000000000000000000000000000000000F
:1081700000000000000000000000000000000000FF
:1081800000000000000000000000000000000000EF
:1081900000000000000000000000000000000000DF
:1081A00000000000000000000000000000000000CF
:1081B00000000000000000000000000000000000BF
:1081C00000000000000000000000000000000000AF
:1081D000000000000000000000000000000000009F
:1081E000000000000000000000000000000000008F
:1081F000000000000000000000000000000000007F
:10820000000000000000000000000000000000006E
:10821000000000000000000000000000000000005E
:10822000000000000000000000000000000000004E
:10823000000000000000000000000000000000003E
:1082400000000000000000000017012401000000F1
:10825000100000000090D0030090D0030100000047
:10826000852105089D300608700E002400000000DE
:10827000000000005C110024C41100242C12002412
:1082800000000000000000000000000000000000EE
:1082900000000000000000000000000000000000DE
:1082A00000000000000000000000000000000000CE
:1082B00000000000000000000000000000000000BE
:1082C00000000000000000000000000000000000AE
:1082D000000000000000000000000000000000009E
:1082E000000000000000000000000000000000008E
:1082F000000000000000000000000000000000007E
:10830000000000000000000000000000000000006D
:10831000000000000000000001000000000000005C
:108320000E33CDAB34126DE6ECDE05000B00000021
:10833000000000000000000000000000000000003D
:10834000000000000000000000000000000000002D
:10835000000000000000000000000000000000001D
:10836000000000000000000000000000000000000D
:1083700000000000000000000000000000000000FD
:1083800000000000000000000000000000000000ED
:1083900000000000000000000000000000000000DD
:1083A00000000000000000000000000000000000CD
:1083B00000000000000000000000000000000000BD
:1083C00000000000000000000000000000000000AD
:1083D000000000000000000000000000000000009D
:1083E000000000000000000000000000000000008D
:1083F000000000000000000000000000000000007D
:10840000000000000000000000000000000000006C
:10841000000000000000000000000000000000005C
:10842000000000000000000000000000000000004C
:10843000000000000000000000000000000000003C
:10844000000000000000000000000000000000002C
:10845000000000000000000000000000000000001C
:10846000000000000000000000000000000000000C
:1084700000000000000000000000000000000000FC
:1084800000000000000000000000000000000000EC
:1084900000000000000000000000000000000000DC
:1084A00000000000000000000000000000000000CC
:1084B00000000000000000000000000000000000BC
:1084C00000000000000000000000000000000000AC
:1084D000000000000000000000000000000000009C
:1084E000000000000000000000000000000000008C
:1084F000000000000000000000000000000000007C
:10850000000000000000000000000000000000006B
:10851000000000000000000000000000000000005B
:10852000000000000000000000000000000000004B
:10853000000000000000000000000000000000003B
:10854000000000000000000000000000000000002B
:10855000000000000000000000000000000000001B
:10856000000000000000000000000000000000000B
:1085700000000000000000000000000000000000FB
:1085800000000000000000000000000000000000EB
:1085900000000000000000000000000000000000DB
:1085A00000000000000000000000000000000000CB
:1085B00000000000000000000000000000000000BB
:1085C00000000000000000000000000000000000AB
:1085D000000000000000000000000000000000009B
:1085E000000000000000000000000000000000008B
:1085F000000000000000000000000000000000007B
:10860000000000000000000000000000000000006A
:10861000000000000000000000000000000000005A
:10862000000000000000000000000000000000004A
:10863000000000000000000000000000000000003A
:10864000000000000000000000000000000000002A
:10865000000000000000000000000000000000001A
:10866000000000000000000000000000000000000A
:1086700000000000000000000000000000000000FA
:1086800000000000000000000000000000000000EA
:108690000000000000000000430000000000000097
:1086A00000000000000000000000000000000000CA
:1086B0000000000000000000430000000000000077
:1086C00000000000000000000000000000000000AA
:1086D0000000000000000000430000000000000057
:1086E000000000000000000000000000000000008A
:1086F0000000000000000000430000000000000037
:108700000000000000000000000000000000000069
:108710000000000000000000430000000000000016
:108720000000000000000000000000000000000049
:1087300000000000000000004300000000000000F6
:108740000000000000000000000000000000000029
:1087500000000000000000004300000000000000D6
:108760000000000000000000000000000000000009
:10877000000000000000000015C10608FD620608A8
:1087800000000000885F07089C6007082861070850
:108790002861070828610708286107082861070879
:1087A0002861070828610708286107082861070869
:1087B000FFFFFFFFFFFFFFFFFFFFFFFFFFFF0000C7
:1087C000010041534349490000000000000000003F
:1087D0000000000000000000000000000000000099
:1087E0000000415343494900000000000000000020
:1087F0000000000000000000000000000000000079
:10880000000000000000000000000000041400242C
:10881000041400240C1400240C1400241414002448
:10882000141400241C1400241C14002424140024F8
:10883000241400242C1400242C14002434140024A8
:10884000341400243C1400243C1400244414002458
:10885000441400244C1400244C1400245414002408
:10886000541400245C1400245C14002464140024B8
:10887000641400246C1400246C1400247414002468
:10888000741400247C1400247C1400248414002418
:10889000841400248C1400248C14002494140024C8
:1088A000941400249C1400249C140024A414002478
:1088B000A4140024AC140024AC140024B414002428
:1088C000B4140024BC140024BC140024C4140024D8
:1088D000C4140024CC140024CC140024D414002488
:1088E000D4140024DC140024DC140024E414002438
:1088F000E4140024EC140024EC140024F4140024E8
:10890000F4140024FC140024FC1400240415002496
:10891000041500240C1500240C1500241415002443
:10892000141500241C1500241C15002424150024F3
:10893000241500242C1500242C15002434150024A3
:10894000341500243C1500243C1500244415002453
:10895000441500244C1500244C1500245415002403
:10896000541500245C1500245C15002464150024B3
:10897000641500246C1500246C1500247415002463
:10898000741500247C1500247C1500248415002413
:10899000841500248C1500248C15002494150024C3
:1089A000941500249C1500249C150024A415002473
:1089B000A4150024AC150024AC150024B415002423
:1089C000B4150024BC150024BC150024C4150024D3
:1089D000C4150024CC150024CC150024D415002483
:1089E000D4150024DC150024DC150024E415002433
:1089F000E4150024EC150024EC150024F4150024E3
:108A0000F4150024FC150024FC1500240416002491
:108A1000041600240C1600240C160024141600243E
:108A2000141600241C1600241C16002424160024EE
:108A3000241600242C1600242C160024341600249E
:108A4000341600243C1600243C160024441600244E
:108A5000441600244C1600244C16002454160024FE
:108A6000541600245C1600245C16002464160024AE
:108A7000641600246C1600246C160024741600245E
:108A8000741600247C1600247C160024841600240E
:108A9000841600248C1600248C16002494160024BE
:108AA000941600249C1600249C160024A41600246E
:108AB000A4160024AC160024AC160024B41600241E
:108AC000B4160024BC160024BC160024C4160024CE
:108AD000C4160024CC160024CC160024D41600247E
:108AE000D4160024DC160024DC160024E41600242E
:108AF000E4160024EC160024EC160024F4160024DE
:108B0000F4160024FC160024FC160024041700248C
:108B1000041700240C1700240C1700241417002439
:108B2000141700241C1700241C17002424170024E9
:108B3000241700242C1700242C1700243417002499
:108B4000341700243C1700243C1700244417002449
:108B5000441700244C1700244C17002454170024F9
:108B6000541700245C1700245C17002464170024A9
:108B7000641700246C1700246C1700247417002459
:108B8000741700247C1700247C1700248417002409
:108B9000841700248C1700248C17002494170024B9
:108BA000941700249C1700249C170024A417002469
:108BB000A4170024AC170024AC170024B417002419
:108BC000B4170024BC170024BC170024C4170024C9
:108BD000C4170024CC170024CC170024D417002479
:108BE000D4170024DC170024DC170024E417002429
:108BF000E4170024EC170024EC170024F4170024D9
:108C0000F4170024FC170024FC170024FFFFFFFFCB
:108C10000000020000000000BD0204087D4F0408AF
:108C200021590408E55A0408B95D040821600408C4
:108C3000D563040865650408416A040801740408E2
:108C4000F5870408F9890408D1900408B9BA040822
:108C5000F1BA0408B9BC0408B9470508213506086B
:088C6000990204080000000065
:00000001FF
