:020000040800F2
:100000000000082481040008CD0400081D04000835
:1000100023040008290400082F0400080000000041
:100020000000000000000000000000005503000870
:10003000CD04000800000000EF030008FF030008E3
:10004000CD040008CD040008CD040008CD0400084C
:10005000CD040008CD040008CD040008CD0400083C
:10006000CD040008CD040008CD040008CD0400082C
:10007000CD040008CD040008CD040008CD0400081C
:10008000CD040008CD040008CD040008CD0400080C
:10009000CD040008CD040008CD040008CD040008FC
:1000A000CD040008CD040008CD040008CD040008EC
:1000B000CD040008CD040008CD040008CD040008DC
:1000C000CD040008CD040008CD040008CD040008CC
:1000D000CD040008CD040008CD040008CD040008BC
:1000E000CD040008CD04000800000000CD04000885
:1000F000CD040008CD040008CD040008CD0400089C
:10010000CD040008CD040008CD040008CD0400088B
:10011000CD040008CD040008CD040008CD0400087B
:10012000CD040008CD040008CD040008CD0400086B
:10013000CD040008CD040008CD040008CD0400085B
:10014000CD040008CD0400080000000000000000FD
:10015000CD040008CD040008CD040008CD0400083B
:10016000CD040008CD040008CD040008CD0400082B
:10017000CD040008CD040008CD04000800000000F4
:10018000CD040008CD040008CD040008CD0400080B
:10019000CD040008CD040008CD040008CD040008FB
:1001A000CD040008CD040008CD040008CD040008EB
:1001B000CD040008CD040008CD040008CD040008DB
:1001C000CD040008CD040008CD040008CD040008CB
:1001D000CD040008CD040008CD040008CD040008BB
:1001E000CD040008CD040008CD040008CD040008AB
:1001F000CD040008CD040008CD040008CD0400089B
:10020000CD040008CD040008CD040008CD0400088A
:10021000CD040008CD040008CD040008CD0400087A
:10022000CD040008CD040008CD040008CD0400086A
:100230002548010871310008CD040008CD040008EC
:10024000CD040008CD040008CD040008CD0400084A
:10025000CD040008CD040008CD040008CD0400083A
:10026000CD040008CD040008CD040008CD0400082A
:10027000CD040008CD040008CD040008CD0400081A
:10028000CD040008CD040008CD04000800000000E3
:10029000CD040008CD04000810B5054C237833B90F
:1002A000044B13B10448AFF300800123237010BD49
:1002B000E00300240000000038F3010808B5034BF8
:1002C0001BB103490348AFF3008008BD00000000E4
:1002D000E403002438F30108A3F5803A704700BF17
:1002E000174B002B08BF134B9D46FFF7F5FF00216E
:1002F0008B460F461348144A121A16F047FF0E4B4E
:10030000002B00D098470D4B002B00D098470020C1
:10031000002104000D000D48002802D00C480EF00A
:10032000E7F816F023FD200029000EF087FF0FF0FC
:1003300057FA00BF0000080000000000890F010804
:1003400000000824E0030024B03E0024F1E400088B
:10035000000000001EF0040F0CBFEFF30880EFF365
:100360000980816911F8021C002932D101B590E899
:100370000F10E047BDE800508CE80300244B93E8E1
:100380000600914208BF70471A6041B91EF0100F75
:1003900010D1204B186820F0010018600AE02CE909
:1003A000F00F1EF0100F08BF2CED108A81F822E02C
:1003B000C1F838C0906B92F8221061F0FF0E1EF069
:1003C000100F08BFB0EC108AB0E8F00F80F3098876
:1003D0007047114A13689942FAD801B552F821C002
:1003E0000FC8E047BDE80050CCF80000704701B5E9
:1003F00012F006FABDE80140EFF3098CBEE701B543
:1004000012F040FABDE80140EFF3098CB6E70000B6
:100410005001002434EF00E010AC0108102300F07C
:1004200007B8202300F004B8302300F001B84023BF
:100430009C46F0B404AE7546E80801D3EFF3098694
:100440000E4F0FCE0FC70FBC0FC74046494652464E
:100450005B460FC71DCE3100A60A00D304316E09DA
:1004600000D248311FC7EFF309806946EFF31486C5
:1004700063C7604601490FF067FB00BF4C3E002494
:10048000DFF830D002F018FF002103E00A4B5B5880
:100490004350043109480A4B42189A42F6D3094A9C
:1004A00002E0002342F8043B074B9A42F9D3FFF7DE
:1004B00017FF70470000082444F3010800000024DF
:1004C000D0030024E0030024B03E0024FEE7000037
:1004D000264B022283F83E201B681A6A22F0010292
:1004E0001A621A6A42F001021A62214A934219D032
:1004F00002F58062934215D002F57052934211D0FA
:1005000002F5806293420DD002F58062934209D0D9
:10051000B3F1804F0ED19968164A0A40062A21D1BC
:10052000002070475A6C42F400425A64104A9342C9
:10053000EED1F0E7104A9342EDD002F5806293428B
:10054000E9D002F580629342E5D002F57842934209
:10055000E1D0A2F56C429342DDD01A6842F001026C
:100560001A60DDE7B2F5803FF7D1D9E7640E0024C9
:10057000000001400700010000040040024B6FF042
:1005800002021B681A617047640E0024034B1A684C
:10059000D36823F00203D360704700BF640E0024C9
:1005A000064B6FF002021B681A615A6942F00202A0
:1005B0005A61DA6842F00202DA607047640E002481
:1005C000054B6FF002021B6858631A61DA6842F04B
:1005D0000202DA60704700BF640E0024014B586AC3
:1005E000704700BF000C0040064A1168CB6823F03A
:1005F0000203CB6092F83E30012B01D1FFF768BFB8
:10060000704700BF640E0024074B084A13601A6944
:10061000910708D5DA68920705D56FF00202044801
:100620001A610EF07DB87047000C0040640E002483
:10063000649B010800487047AC9A0108024BD868D7
:10064000C0F30010704700BF004000583E48F0B5AE
:10065000036806463D4D41683D4C2B402F462140E6
:1006600002682A409A425BD1426822408A4257D1AE
:100670000A0DC1F3034402EB820204EB4202D4B23E
:10068000A51E882D4AD8C3F30232C1F30117C3F364
:10069000032014F0030F02EB820204F1440607EB7F
:1006A000870700EB420C01F00F022A4802EB4702D9
:1006B00003F00F0702F1FF3200FB02F24FF03C00A3
:1006C00010FB0C20C3F3021202EB820207EB420282
:1006D0001044C3F30152C3F3034302EB820203EB62
:1006E00042034FF4616202FB0303C1F30030C1F324
:1006F000032208BF0C214FEA800718BF00218A2C73
:10070000384402EB400202F1FF320A44124951F828
:100710002200184409D1114B984208D3002011E05F
:10072000336871683B4021409AE7462E0AD004F1B5
:10073000430240F26D139210113A03FB0522054B60
:1007400003FB02000021F0BD004000587F7F7F00C6
:100750003FFFFF0080510100049B010800D12F00E2
:100760006AB101F00301074B0329596808D000F46E
:100770007060B0F5706F03D121EA02025A607047D1
:100780000A43FBE70004005830B5114B114DD5F872
:1007900094409C42FBD14943012A01EB41034FEABB
:1007A00041046FEA030304D0022A0BD0C26813404D
:1007B0000BE0C26813401943C160064B4FF440720E
:1007C0005A6130BDC26813402343C360F5E700BFE0
:1007D0000003008000640258024BD869DA69824243
:1007E000FBD17047002C0058044B054A1878054B84
:1007F000002814BF10461846704700BF4019002457
:10080000B49A0108BC9A010890F85030011D032BDE
:100810000ED8DFE803F00207090B0648064A42F843
:10082000231070470548F9E70548F7E70548F5E75D
:100830000020F3E7215D00081C1000243D5D000846
:10084000595D0008755D000809010028C9B206DB82
:1008500000F1604000F5614080F80013704700F03F
:100860000F00014B1954704714ED00E073B51C4B99
:10087000B0F95C409D6804F11006B0F95E2045F8BF
:100880002610BFF34F8F9B6802F1100543F8251027
:10089000BFF34F8F90F870302046002B0CBF022121
:1008A00001210191FFF7D0FF01991046FFF7CCFF1E
:1008B000002C08DB0123610904F01F0403FA04F48F
:1008C000084B43F82140002A08DB0123510902F0BC
:1008D0001F0203FA02F2034B43F8212002B070BD5D
:1008E00000ED00E000E100E02DE9F04191F800E0CA
:1008F0004B7874464E69012B354F4FEA4414DFF8AC
:10090000D4C044D100F510652B19B6B91E69374023
:100910001F611E6946F400261E611E6906EA0C0668
:10092000012A1E6122D10A6902B15A612B5943F092
:1009300004432B510020BDE8F081D3F8108008EA71
:100940000C0CC3F810C0D3F810C00CEA07071F61E5
:100950008F68BE421E6946F4002688BF4F611E6143
:100960004E691F69C6F312063E43D9E72B5943F07F
:1009700004432B514B69002BDCD00EF00F020123F6
:10098000D0F8341893400B43C0F83438D2E700F560
:10099000306003191D6905EA0C051D611D693D40A4
:1009A0001D618D6806B14D611E69C5F31205012AEE
:1009B00046F400261E611E6945EA06051D6102D146
:1009C000CA6802B15A61035943F004430351B1E7C5
:1009D000FFFF07E00000F8FF0023092803D840EAE2
:1009E0000310C0B270470A380133C0B2F5E7000007
:1009F0004E4A70B5946A966AD36A16F07C7FC6F345
:100A00000551556C00F08D8007EE901AC3F300235A
:100A1000C5F3CC0104F00304F8EEE76A4B43012C64
:100A2000B7EE006A07EE903AFAEEE97A6BD0022C44
:100A30005BD0002C67D113689B0646D51168136CF8
:100A4000C1F3C1013A4AC3F30803CA4007EE102AB2
:100A5000F8EEC75A85EEA67A06EE903AF8EEE66A08
:100A600076EEA77A77EE867A304A67EE877A136C4D
:100A7000C3F3462307EE103AB8EEC77A37EE067A8C
:100A8000C7EE876AFCEEE66AC0ED006A136CC3F33A
:100A9000064307EE103AB8EEC77A37EE067AC7EE8D
:100AA000876AFCEEE66AC0ED016A136CC3F3066365
:100AB00007EE103AB8EEC77A37EE066A87EE867A06
:100AC000BCEEC77A80ED027A70BD136CDFED195A67
:100AD000C3F3080307EE103AB8EEC77A77EE277A29
:100AE00077EE867A85EEA67ABEE7136CDFED125AB2
:100AF000C3F3080307EE103AB8EEC77A77EE277A09
:100B000077EE867AEEE7136CDFED0C5AC3F3080339
:100B100007EE103AB8EEC77A77EE277A77EE867A44
:100B2000E0E7C0E900118160CEE700BF0044025851
:100B30000090D0030024744C20BCBE4B0024744AA7
:100B40004E4A70B5946A966AD36A16F47C3FC6F32F
:100B50000531D56B00F08D8007EE901AC3F30013BA
:100B6000C5F3CC0104F00304F8EEE76A4B43012C13
:100B7000B7EE006A07EE903AFAEEE97A6BD0022CF3
:100B80005BD0002C67D113689B0646D51168936B28
:100B9000C1F3C1013A4AC3F30803CA4007EE102A61
:100BA000F8EEC75A85EEA67A06EE903AF8EEE66AB7
:100BB00076EEA77A77EE867A304A67EE877A936B7D
:100BC000C3F3462307EE103AB8EEC77A37EE067A3B
:100BD000C7EE876AFCEEE66AC0ED006A936BC3F36A
:100BE000064307EE103AB8EEC77A37EE067AC7EE3C
:100BF000876AFCEEE66AC0ED016A936BC3F3066395
:100C000007EE103AB8EEC77A37EE066A87EE867AB4
:100C1000BCEEC77A80ED027A70BD936BDFED195A96
:100C2000C3F3080307EE103AB8EEC77A77EE277AD7
:100C300077EE867A85EEA67ABEE7936BDFED125AE1
:100C4000C3F3080307EE103AB8EEC77A77EE277AB7
:100C500077EE867AEEE7936BDFED0C5AC3F3080369
:100C600007EE103AB8EEC77A77EE277A77EE867AF3
:100C7000E0E7C0E900118160CEE700BF0044025800
:100C80000090D0030024744C20BCBE4B0024744A56
:100C9000094A82B0D2F8F41041F00201C2F8F4100F
:100CA000D2F8F42002F002020192044A019B536838
:100CB0001843506002B070470044025800040058C6
:100CC00011F0010307D090F8413003F02803282BDE
:100CD0000CBF4223F2238A0709D590F8412002F085
:100CE0002802282A0CBF43F0440343F0F4030A040B
:100CF000016848BF43F0B8030A6822EA03030B60A7
:100D0000704790F84130026803F02803282B70B533
:100D1000044625D1956991699368C5F30045D66865
:100D2000C668022E16D1C3F3C21383EA114313F02F
:100D300006030FD1816C01318164816C022908D1D5
:100D400008218364D16184F84030012375B184F8AF
:100D50006D3070BD4FF40041FFF7B2FF0023F2E7A2
:100D60000823D361002380F84030F2E784F86E3026
:100D7000EFE7000030B5039DC1F30901046845EABF
:100D8000024260681A43044B43EA55530A4320EA7F
:100D900003000243626030BDFF63FF03D0F884307C
:100DA00037B50446002B62D0D0F89430002B5ED0CB
:100DB00090F87C2090F84110002A14BF4FF0007288
:100DC00000222029C26545D190F84010012941D068
:100DD0000125816FD0F890009BB284F84050222505
:100DE000606284F84150102584F842500025656403
:100DF0006385214BE2626363638D9BB2FF2B2BD92A
:100E0000FF2323854FF08073226B122A4FF00002DC
:100E100009D0E06AAA2823D1E262628D92B2FF2A49
:100E200000D8E36A154A89B20092204694F8282037
:100E3000FFF7A0FF626B124900238A4284F840301A
:100E400004D0104B9A4214BFF423002321680A688F
:100E500013430B6003B030BD638D2385E36AD3E792
:100E6000E26AB2F52A4FD8D14FF00072D4E70823D6
:100E700084F86030EEE700BF775A00080024008055
:100E8000995B0008ED56000803689A69910701D53F
:100E900000229A629A69D20703D49A6942F0010249
:100EA0009A61704738B5002580F8425090F841307B
:100EB000212B4FF0200380F841300BD111234563E3
:100EC00001210363FFF7FCFE80F84050BDE8384085
:100ED000FFF764BF1223022145630363FFF7F0FEAF
:100EE000082380F8405080F8603038BD0268436BBA
:100EF0009169126803B118477047000090F84130BB
:100F0000202B0BD12823026880F84130044B436327
:100F10000020136843F0B803136070470220704745
:100F20007958000808B5194B2022C36200230363D7
:100F3000436380F8412080F842304B0712D50368A4
:100F40005A6A436A1A70436A01334362038D4BB194
:100F5000013B0385438D013B9BB24385436C43F0CA
:100F60000403436448F20301FFF7AAFE102203685A
:100F7000DA61002390F86C2080F84030022A01D119
:100F800080F86E30BDE80840FFF7B8BF0000FFFFF3
:100F900090F8413003F0FF020BB980F84020242381
:100FA00080F8413003681A6822F001021A60426832
:100FB00022F070621A619A6822F400429A60D0E9C5
:100FC0000221012925D142F400429A605A6842F078
:100FD000007242F400425A60DA6822F40042DA6099
:100FE000D0E904210A43816942EA0122DA60D0E9AA
:100FF00007210A431A601A6842F001021A600023AE
:101000002022436480F84120036380F84230184670
:10101000704742F4044202299A60D7D14FF400622B
:101020005A60D3E710B528B190F83530022B03D0C1
:101030008023436501207FE00368504A934252D0E9
:101040004F498B424FD018318B424CD018318B42D4
:1010500049D018318B4246D018318B4243D01831D9
:101060008B4240D018318B423DD001F556718B42F6
:1010700039D018318B4236D018318B4233D01831E9
:101080008B4230D018318B422DD018318B422AD070
:1010900018318B4227D018318B4224D01A6822F0A5
:1010A0000E021A601A6822F001021A60354A934251
:1010B00043D1026E136823F480731360D0E91613D2
:1010C00003F01F02012393404B60D0E919325A60AC
:1010D000C36E002B46D01A6822F480721A60D0E9E1
:1010E0001C325A603EE00421934280F835101ED035
:1010F000234A93421BD01832934218D0183293429D
:1011000015D01832934212D0183293420FD01832B1
:1011100093420CD01832934209D002F55672934292
:1011200005D01832934202D018329342FFD01A6889
:1011300022F001021A60002010BD134A9342B8D079
:1011400014329342B5D014329342B2D01432934247
:10115000AFD014329342ACD014329342A9D014329F
:101160009342A6D00123002480F83530036D80F827
:1011700034400BB19847DEE71846DDE71000024027
:1011800028000240085402581C54025838B590F800
:101190006C300446022B63D1B0F8763001339BB239
:1011A000A0F87630B0F87620B0F8743092B29BB2E6
:1011B0009A4255D2B0F8765090F84120ABB202F086
:1011C0002802282A05D1056FED1803D14FF40073CA
:1011D000436438BD48F20201FFF772FD90F84030D9
:1011E000012BF6D090F841300121292B80F84010D6
:1011F00013D1FFF765FD03681A6850040DD51A680E
:10120000A06B22F480421A6038B1174B0365FFF7D8
:1012100009FF10B1A06B036D98472A23002284F8C0
:101220004130202384F8423023686264596821F4F5
:1012300000415960012165626185618D21854FF012
:101240008071E162094961639969C90301D4082188
:10125000D96184F840201A6842F0FC021A60B8E7AD
:10126000002384F86E30B4E77754000879580008FA
:1012700008B5036800211A6880F84210510415D59A
:101280001A6822F480421A6090F84130292B13D159
:101290002823012180F8413021230363FFF710FD4B
:1012A000002380F8403080F86D3008BD1204EBD583
:1012B0001A6822F40042E6E790F841302A2BF4D174
:1012C0002823022180F8413022230363FFF7F8FC32
:1012D000002380F84030BDE80840FFF757BF0020EA
:1012E00070476FF0570070476FF057007047036802
:1012F00010B49C6C0023A4461A465DF8044B60476A
:101300006FF05700704743680A46196810B48C6D37
:101310008168184623465DF8044B18474368816886
:101320001A681846526D1047436881681A68184653
:10133000126D1047436881681A681846D26C1047CE
:1013400030B4446813462268956C0A46816820468A
:10135000AC4630BC6047436881681A681846526CD6
:101360001047436881681A681846126C104730B4F9
:10137000446813462268D56B0A4681682046AC460D
:1013800030BC604730B4446813462268956B0A4607
:1013900081682046AC4630BC604710B504464068C2
:1013A00030B10368A1685B6B98470023636010BD90
:1013B0006FF01500FBE738B50446FFF7EEFF054672
:1013C000236820465B689847284638BD70B50D46AF
:1013D0004168044641B929680E6B00F108012846AE
:1013E000B04700B9656070BD6FF01500FBE7000005
:1013F000044B10B50360044643680BB1FFF7CDFF03
:10140000204610BDA8990108034B10B5044603609F
:10141000FFF7EEFF204610BD409A0108436881683F
:101420001A681846526F1047436881681A68184650
:10143000126F1047436881681A681846D26E1047C9
:1014400043680A46196810B48C6E816818462346B2
:101450005DF8044B184710B50446406830B1036886
:10146000A1681B6E98470023636010BD6FF01500E4
:10147000FBE738B50446FFF7EEFF05462368204634
:101480005B689847284638BD38B5436804460D4622
:1014900043B90B6800F108012846DB6D984700B995
:1014A000656038BD6FF01500FBE70000044B10B518
:1014B0000360044643680BB1FFF7CDFF204610BD23
:1014C0007C990108034B10B504460360FFF7EEFF5B
:1014D000204610BD149A01080B4640F2011200216B
:1014E00070B50446184615F051FE03466068A168C1
:1014F0000268556E1A462B46BDE87040184700003A
:1015000008B50DF065F8064B01221B685A604FF4D0
:101510008052044BC3F89021BDE808400DF044B858
:10152000040E002400E100E008B50DF051F8084B6E
:1015300001221A700022074B1A704FF48052064B9A
:10154000C3F810211A61BDE808400DF02DB800BFA6
:10155000301000243810002400E100E070B504468B
:101560000DF036F8FFF738F9264B05461C60264A81
:101570004FF480511161254E18463178F1B9611F41
:101580004FF6F572914222490FD94FF6FA72954201
:101590000BD906340122A4B20A701C601D4B012233
:1015A0001A70BDE870400CF0FFBF00220A7003689B
:1015B000AB42194B28BF01221A70EFE7FFF7A0FFDB
:1015C00000235A19013392B2A24204BF0534A4B2D7
:1015D000052BF6D1114BAC421B6811D24FF6FA72B3
:1015E00095420DD84FF0FF325A6100230C4C3370F6
:1015F0002378002BD5D10CF0C3FF01232370D0E753
:101600005C61F2E73410002400E100E031100024B6
:10161000681200243810002418100024040E00243E
:1016200069120024F8B5037890F801C0012B057FFA
:101630000279077B866844792ED0022B2FD0002BAD
:1016400030D14FF480738B610023C1F800C04D612D
:101650004B63C1E90B333FB3CB61CB60037C012B00
:1016600045D0022B48D0002B4BD14FF480430B6266
:101670000123027E002A47D000230B620B61437FC7
:10168000012B6AD0022B6BD0002B6CD14FF08073F2
:1016900000204B628862F8BD4FF40073D3E74FF42B
:1016A0004073D0E70023CEE7012A4E600BD0022A18
:1016B0000CD072B94FF48063CB61032C09D8DFE8FA
:1016C00004F00B0D10134FF40063F5E74FF4406383
:1016D000F2E727480DF0ACFB0023BEE74FF4805340
:1016E000BBE74FF40053B8E74FF44053B5E74FF46E
:1016F00000430B620223BCE74FF440430B62042318
:10170000B7E700230B62B4E77BB3427CB2FBF3F490
:1017100003FB142414F0FF0F27D1561EF610741C7F
:10172000042C22DCC2EBC40212F0FF0210D0B2FB88
:10173000F3F39D4219D3EB1A4B61436903FA02F2AA
:101740008A60032E07D82404A4F580340C6196E740
:1017500043698B60F5E70748BCE74FF0007397E7F4
:101760004FF0407394E7002392E74FF0FF3092E789
:10177000C4940108ED94010800B5564B8DB00A28B9
:1017800000F2A480DFE800F006162432404E5C6AC6
:1017900078869400D3F8E0204F4842F00102C3F865
:1017A000E020D3F8E03003F001030193019B0DB07A
:1017B0005DF804FBD3F8E020484842F00202C3F889
:1017C000E020D3F8E03003F002030293029BEEE73F
:1017D000D3F8E020424842F00402C3F8E020D3F8F6
:1017E000E03003F004030393039BE0E7D3F8E02029
:1017F0003C4842F00802C3F8E020D3F8E03003F0A0
:1018000008030493049BD2E7D3F8E020364842F063
:101810001002C3F8E020D3F8E03003F01003059382
:10182000059BC4E7D3F8E020304842F02002C3F81B
:10183000E020D3F8E03003F020030693069BB6E7E0
:10184000D3F8E0202A4842F04002C3F8E020D3F861
:10185000E03003F040030793079BA8E7D3F8E020AC
:10186000244842F08002C3F8E020D3F8E03003F0CF
:1018700080030893089B9AE7D3F8E0201E4842F4BF
:101880008072C3F8E020D3F8E03003F4807309934A
:10189000099B8CE7D3F8E020184842F40072C3F8A3
:1018A000E020D3F8E03003F400730A930A9B7EE74C
:1018B000D3F8E020124842F48062C3F8E020D3F865
:1018C000E03003F480630B930B9B70E70D480DF041
:1018D000AFFA00BF0044025800000258000402584A
:1018E00000080258000C0258001002580014025858
:1018F00000180258001C0258002002580024025808
:10190000002802580495010870B50CF061FE2C4BBC
:101910002C4C1A7832B100221A70012223685A60C6
:101920000DF004FA23681A68D50706D59A68D0071F
:1019300003D501225A600DF0F9F923681A681107DE
:1019400024D59A68120721D508221F4C5A6001221B
:101950001E4B1A7023781BB10CF0E2FD002323709C
:101960001B4C237893B11B4D1B492B7803F0FF06CA
:10197000B3B1FEF731FF06300B6880B2984209D34D
:10198000FFF7D2FD00232B7000232370BDE87040C9
:101990000CF00ABE0868063880B2FFF7DFFDF1E7F9
:1019A0000E4D2B7843B1FEF717FF0B68984203D317
:1019B000FFF7BAFD2E70E7E70868FFF7CFFDE3E712
:1019C00030100024040E0024691200243110002479
:1019D0003810002468120024341000241810002449
:1019E00010B50446FFF710FD204615F069FB2046B0
:1019F00010BD10B50446FFF765FD204615F060FBED
:101A0000204610BD10B50446FFF7F2FC204615F045
:101A100057FB204610BD10B50446FFF747FD204692
:101A200015F04EFB204610BDF0B5142085B00CF02B
:101A3000A5FC4FF6FF71831E00F1120223F8021F6E
:101A40009A42FBD1974B0021974E10251A463060E1
:101A500002F8011B013D02F8011BFBD142F6021204
:101A6000924C2946924F5A8204F10800914B924AB7
:101A70001D61DA605C221D60C3E901558F4B236054
:101A80008F4B636015F082FB3B234FF0010C201D50
:101A9000A4F89A308B4BC4F8A850A4F86850C4F846
:101AA0008C5084F89850C4E927734FF400336627AC
:101AB0006366854BA4F8A470C4E9243C834BC4E955
:101AC0002B350CF0F7FF04F1BC00A4F8B87000F05F
:101AD000FFF97F4B7F48C4F8F431C4F8005284F812
:101AE00004520EF09BF80CF0B9FB7B480768092FF5
:101AF00000F3B8803368991E1A4603F1120631F9D3
:101B000002CFBCF1660F00F0B080B142F7D11433C0
:101B100011460232B1F90060013640F09F80662321
:101B20000B800137002607606A480EF077F80DF049
:101B3000F5FB00200021C4F8B460032600234FF019
:101B4000FF32C4F86031C4F8182184F8543184F8A5
:101B5000FD3184F8FE31C4F8E820C4F8FC20A4F874
:101B60000031C4E944014FF400300121C4F8F80108
:101B70000220C4F8281184F8F01084F80211C4E996
:101B800038603520C4E93D22C4F8EC00534C544A77
:101B900023612260CDE9003304F144030293102352
:101BA0000393EFF30583002B62D00020206400270D
:101BB0004C4800F08DF9442200214B4815F0E6FA1C
:101BC000012320223946A3876761484815F0DEFAD1
:101BD0004FF4805328224FF4D060C4E90B32444BB9
:101BE000A361444CA76515F063FA064670B3C21CA6
:101BF000394622F00302131AE260C3F5D06323F0E2
:101C000003031846C4E904776F1C00283CD101B1D6
:101C1000256100252262C4E9065325600CF0DCFE34
:101C20000EF0E2FE344B60600093344B258102934A
:101C30001023A57284F8245001950393C4E90A5532
:101C4000EFF3058323B30020206366612C480DF079
:101C500063FA2C480DF060FA05B0F0BD9A427FF4AB
:101C600057AF5EE76FF001065EE74FF0FF365BE7C8
:101C70000DF0E6FA0146002897D14FF6FF706A464C
:101C8000DFF884C000DF91E740083D460121BBE753
:101C90000DF0D6FA0028D6D16846DFF870C000DF14
:101CA000D2E700BF600F0024580F0024601000240A
:101CB0003C005700740F002409CA00082899010845
:101CC000FC9901083D005A0040420F00B5EA0008A7
:101CD000005A6202300F00245C0F0024A019002477
:101CE000A49A0108F4190024181A0024BC1900242D
:101CF000259501084419002440950108781900240D
:101D0000F00E0024B00E00246DD5000821D7000885
:101D10000B688360054BC26813404A6813438A68A6
:101D2000134343F48053C36000207047C0E0FEFFBC
:101D30000C4BDB68C3F3022310B4C3F107041A1D74
:101D4000042C28BF0424062A4FF0FF328CBF033B2B
:101D50000023A2405DF8044B21EA02019940FEF7FE
:101D600073BD00BF00ED00E0464BDA6C1868D1038C
:101D700030B585B07DD410F000704CD0996A9D6A62
:101D8000DA6A15F47C7FC5F305105C6B43D0C4F3AD
:101D9000CC0402F0010207EE900A01F00301624355
:101DA000B7EE006AF8EEE76A012907EE902AFAEE2C
:101DB000E97A32D0022940D000294CD11A68920623
:101DC00049D51968304AC1F3C1011B6BCA40C3F33E
:101DD000080307EE102AF8EEC75A85EEA67A06EE3B
:101DE000903AF8EEE66A76EEA77A77EE867A254A9A
:101DF00067EE877A136B136BC3F3064306EE903AD4
:101E0000136BF8EEE66A76EE866A87EEA67AFCEE4B
:101E1000C77A17EE900A05B030BD1B6BDFED1B5A79
:101E2000C3F3080307EE103AB8EEC77A77EE277AC5
:101E300077EE867A85EEA67AD9E71B6BDFED145A2A
:101E4000C3F3080307EE103AB8EEC77A77EE277AA5
:101E500077EE867AEEE71B6BDFED0E5AC3F30803CD
:101E600007EE103AB8EEC77A77EE277A77EE867AE1
:101E7000E0E710F00060CED001A8FEF761FE039805
:101E8000C9E700BF004402580090D0030024744A00
:101E900020BCBE4B0024744C044B0122D3E84F0FEE
:101EA000C3E8412FC0B20029F8D17047391000248F
:101EB00007B504460091CDF804E0FFF7EDFFDDE93A
:101EC000001210B920460CF0E1FB0CF091FF00006D
:101ED0001FB5002304460362064B0093031D6846AA
:101EE00002931C2303930B23019310F071FD2060D8
:101EF00004B010BD4795010810B50446802112F0CA
:101F0000C2FB00212046BDE8104012F0BCBB08B562
:101F1000026500220B4600F13C0142654FF48072DD
:101F2000836482870269012AD2B208BFC364006851
:101F3000FEF7DAFC002008BD08B5C0F81022002228
:101F40000B4600F5FE71C0F81422A0F8FC210269CE
:101F5000C0F80832012AD2B208BFC0F80C320068BB
:101F6000FEF7C2FC002008BD84B02DE9F041044614
:101F700007ADDDE90C7885E80E000CF029FB636BFA
:101F800023B994F838300BB10CF0FAFA04F12806B2
:101F900095E80F0086E80F0020460CF059FFA06975
:101FA000C4E908780CF0C6FCC219204641EB0803CE
:101FB0000CF094FFBDE8F04104B00CF0F5BA00005D
:101FC00010B586B004466846039180E80C0006A868
:101FD00000E90C0010E90700034B84E807002046E5
:101FE000E36006B010BD00BF89C500080D4B19881D
:101FF0004FF6FD734A1E92B29A4297BF0A4B4FF0BA
:10200000026303EA812303F10063834207D9B0F13D
:10201000006F34BF4FF0FF304FF4003070474FF087
:10202000FF30704780E8F11F00FC3F00064B4FF681
:10203000FD711A88531E9BB28B429ABF034800EA77
:1020400082204FF40010704780E8F11F00FC3F0031
:1020500038B50E4B0D46044603600023C0E901313C
:10206000012303730A480DF0D9FD0CF0F7F855B1C0
:10207000084B1A681C60626005480DF0CFFD0DF03A
:102080004DF9204638BD6560F6E700BF949A010817
:102090008C0F0024880F0024034653E8000F0138FA
:1020A00043E80002002AF8D170470000074B5A6845
:1020B00090235343064AD358DA69120701D5082200
:1020C0001A62D869C0F34010704700BF6C12002438
:1020D000101300242DE9F84FFF270646D0F80080A2
:1020E00004253C464FF6FF79B169002972D040467D
:1020F00007F0DBFB0546002855D1F0690378002B7B
:102100006BD0C27AE52B02F03F02B27150D02E2B79
:102110004ED022F0200108294AD00F2A4DD159066D
:1021200044D503F0BF043369477BF362437BBB4272
:102130003ED1C27E837E43EA02230FFA83FCBBBBFF
:1021400003780D22D8F81050012123F04003DFF866
:1021500090E0013B53431EF801AB00EB0A0292F8FA
:1021600001B010F80A2042EA0B2219B3FF2B1FD846
:1021700025F81320114601330CF1010CBCF10D0FB1
:10218000E9D10278520605D521B1FF2B10D80022E3
:1021900025F81320013CE4B20021304608F086FE09
:1021A00005460028A0D00023B3610CE0A342BDD0B7
:1021B000FF24F1E74A45DFD0FAE73CB907F066FBB8
:1021C000B84203D100252846BDE8F88F4FF0FF3311
:1021D000F362F8E7002DF5D0E5E70425E3E700BF5B
:1021E0001099010808B503480DF018FDBDE8084036
:1021F0000DF094B8B40F00242DE9F04F87B00646D7
:102200008B4617464FF001090DF1170ADDE910451D
:102210002544A3EB0408AC4201D1012011E008EBF6
:10222000040300225946304600933B46CDE901A9FC
:1022300005F011FC28B914F8013B9DF817209A42CB
:10224000E9D007B0BDE8F08F2DE9F04F89B0064620
:102250008846DDF84C9005924BB94FF0FF32C9F833
:102260000020149A0020136009B0BDE8F08F013BF4
:1022700007A900684FF0040A079305F0CFFB12A9E5
:10228000054630680DF1140B05F0C8FB0746AF4258
:10229000059B03D3C9F80030129BE2E7EC1B95FACB
:1022A000A5F241463046B4FA84F4B2FA82F2C4F19F
:1022B0001F04944228BF1446A200CDE901BA00923F
:1022C000002205F0C8FB0028CED1012303FA04F454
:1022D0002D1BDCE7034B596A5A6A521A8242FBD320
:1022E000704700BF000C0040C069C0F38010704709
:1022F00038B5431C0C4629D000F00F021D4BC0F32B
:10230000031053F82250FFF737FA1B491B4BD1F843
:1023100094209A42FBD105FB05F2016802EB4203CF
:102320000B40B3FBF2F3013B012B19D8E31E022B48
:1023300043680CD82B43032C436019D10122294652
:10234000FEF722FA0C4B4FF440725A6138BD23EA73
:102350000503012C4360F1D0022C07D00022EEE7E8
:1023600004F0FD03012BE9D0052CF5D10222E6E7AC
:10237000052CF2E7C49A01080064025800030080AB
:102380002DE9F843461C05460C4600F09C801FFAD8
:1023900080F9554A40F47061B2F90030581C4BD1B5
:1023A0000026524B09F00F02C5F3031053F82270B8
:1023B000FFF7E2F94E494F4BD1F894209A42FBD1F6
:1023C00007FB07FCC4F3831283680CEB4C0E0F2A47
:1023D0006FEA0E0114BF02FB0CF243EA0E034FF446
:1023E000407E1CBF0B40134304F007028360022AA7
:1023F0003F4BC3F814E036D10EF1004ED3F8948071
:10240000F045FBD119F0080FC4F383285DD03B0AD7
:10241000D0F824E05B435B43C3EB031903FB08F3F1
:102420002EEA090E4EEA03034362314B4FF4407E1D
:10243000C3F814E002231EE043F470638B4210D112
:1024400004F003035668032BABD109F47063B3F5B2
:10245000706FA6D1324621462846BDE8F843FEF704
:102460007FB9083298E7032A3CD002F1FF3EDEF143
:10247000000343EB0E03DFF87890DFF878E0D9F83B
:102480009480F045FBD1D0F800E003FB0CFC013A4E
:1024900001EA0E01012A41EA0C01016005D84368F6
:1024A00022074CBF3B43BB434360C4F30112394690
:1024B000FEF76AF9324621462846FEF751F90C4BE1
:1024C0004FF440725A61BDE8F8830CFB0CF9036AC3
:1024D000C9EB091E23EA0E0E09FB08F34EEA0303BB
:1024E0000362A2E71346C6E798970108C49A010859
:1024F000006402580003008000280DDB430901221C
:1025000000F01F00203302FA00F0044A42F82300D2
:10251000BFF34F8FBFF36F8F704700BF00E100E044
:1025200010B50CF055F8124B1A7842B9114A1268DE
:1025300011680907FCD50821516001221A700E4C60
:1025400023781BB10BF0ECFF0023237000230B4A10
:102550008C2013700A4A1370FFF7CEFF094B4FF41B
:102560008052BDE81040C3F890210CF01DB800BFA8
:1025700031100024040E00246912002438100024B5
:102580003010002400E100E0FFF7CABF10B50CF0E6
:102590001FF8134B1348144A596A146803881160D2
:1025A0001B1B0B440146B3F5803F16D34FF47A71E1
:1025B000B3FBF1F201FB1233038006E00132A3F515
:1025C0007A73B3F57A7FF9D20B80084C23681A44EA
:1025D00022600BF0E9FF206810BD0022F1E700BF88
:1025E000000C0040581000245C10002490120024BD
:1025F00038B5114CE36803F00703062B06D0E068FA
:1026000000F03F00163818BF012038BDE36823F002
:102610003F0343F01603E360FFF7B8FF0546636826
:102620009B0401D50020F0E7FFF7B0FF401BB0F599
:102630007A7FF4D90120E8E7004802582DE9F843F1
:102640000546294F3C69FFF7A1FF022D0646274B9F
:1026500026D1D7F81041264F1C4044F00044DFF843
:1026600088804CF25039042F1DD1D8F81000C0F3E7
:10267000800070B934F0004122D01E4A002C9369CA
:1026800043EA04039361184B17DB5C610120BDE84A
:10269000F883FFF77BFF801B4845E4D90320F6E76A
:1026A0001C400427DBE7D8F8103127EA030313F0B6
:1026B000040F0CBF01200020DBE7C3F81411E5E78D
:1026C000012D094B06D11A69D103E0D54FF48032B0
:1026D0005A61DCE7D3F81021D203D8D54FF4803209
:1026E000C3F81421D3E700BF002000520000EE170A
:1026F000040000803C10002470B504460D461646C8
:102700002368DB6935EA030301D1002017E0FFF7F6
:102710003DFF801B2368B0F1007F1A6810D322F4BC
:10272000D0721A609A6822F001029A602023C4F8DD
:102730008430C4F888300023032084F8803070BDD2
:102740005107DDD5DA691205DAD54FF400621A6255
:102750001A6822F4D0721A609A6822F001029A6014
:102760002023C4F88430C4F88830C4F88C30E2E701
:1027700038B50B4C2268D36823F0A003D360FFF771
:1027800005FF05462368DB689B0601D5002038BDA0
:10279000FFF7FCFE401BB0F57A7FF3D90320F6E784
:1027A000400E002408B5104BDA6822F04002DA60CF
:1027B0009A68920607D4FFF7DBFF18B103200B4B92
:1027C00083F8210008BD9A6822F020029A60FFF782
:1027D000CFFF18B10320054B83F82100024A93680C
:1027E00043F020039360EDE700400058400E0024C2
:1027F000F8B50F4D2B68DC6814F0400416D14FF08B
:10280000FF320327DA60FFF7C1FE06462B68DB685C
:102810005B0601D52046F8BDFFF7B8FE801BB0F57A
:102820007A7FF3D9032485F82170EFE70024F1E7DC
:10283000400E00242DE9F74F06463C250BF0C8FE5C
:102840004FF0180A4FF0070E6A4C6B4B4FF0460BD7
:10285000B6FBF5F7B7FBF5F5B5FBFAFC0CF1040296
:102860002360B2FBFEFECEEBCE0EA2EB0E091BF0F8
:10287000030F07D1BCF5B77F0BD3ACF5B77C0BF1D9
:10288000010BF4E7BCF5B67F1FD96FF4B6739C4417
:10289000F5E70123594830214FF0000800FB0CFAFE
:1028A000574801FB030151F8042B92450FD208F160
:1028B000FF38B9F1000F94F8201008BF4FF0070956
:1028C00001290CD14F480CF0B3FA0023E2E708F1DC
:1028D0000108B8F10C0FE6D14FF00B08E9E70C2125
:1028E00001FB0383012184F82010022150F82330DA
:1028F000CA2084F82110404901934862532048625D
:10290000FFF776FF019B00BBAAEB03003B4B22685D
:10291000B0FBF3F00130C0B2FEF75EF840EA493197
:10292000ABF14400C0B2FEF757F841EA004108F1AC
:102930000100C0B2FEF750F841EA002323F07F43C4
:1029400023F0C0035360FFF72DFF2368FF225A6274
:1029500000284BD1012284F8212084F82020022273
:1029600084F82120CA225A6253225A62FFF740FF9C
:1029700050BB226893681823B5FBF3F003FB10509B
:102980003C25C0B2FEF728F80146B7FBF5F005FB81
:102990001070C0B2FEF720F80302B6FBF5F005FB9D
:1029A000106043EA0141C0B2FEF716F8084300F098
:1029B0007F3020F0FE401060936823F48023936002
:1029C00093689360FFF7EEFE2368FF225A6210B906
:1029D000012384F82130002384F8203008B10A480C
:1029E00071E703B0BDE8F04F0BF0DEBD002384F8C3
:1029F000203067E7400E002400400058805101005D
:102A0000049B01086195010878950108F8B53A4CD6
:102A100006460D46A36A03F00303032B69D023681F
:102A200023F080532360FFF7B1FD074623689A0027
:102A30004BD4A36A326823F07C7343EA0253A36247
:102A4000B368F268013B013A5B0212049BB202F4E4
:102A5000FE0213437268013AC2F30802134332695B
:102A6000013A120602F0FE4213432364E36A7269DC
:102A700023F440631343E362E36AB26923F400730F
:102A80001343E362E36A23F48073E362636CF269E5
:102A900023F47F4323F0F80343EAC2036364E36A49
:102AA00043F48073E362E36AB5B943F48003E362FD
:102AB000114C236843F080532360FFF767FD054600
:102AC00023689B000FD5002005E0FFF75FFDC01BCA
:102AD0000228ABD90320F8BD012D0CBF43F400033D
:102AE00043F08073E3E7FFF751FD401B0228E7D96D
:102AF000F0E70120EFE700BF00440258F8B53A4C78
:102B000006460D46A36A03F00303032B69D023682E
:102B100023F080632360FFF739FD074623681A011D
:102B20004BD4A36A326823F47C3343EA0233A362B2
:102B3000B368F268013B013A5B0212049BB202F4F3
:102B4000FE0213437268013AC2F30802134332696A
:102B5000013A120602F0FE421343A363E36A72696C
:102B600023F0C0031343E362E36AB26923F0200356
:102B70001343E362E36A23F01003E362E36BF26959
:102B800023F47F4323F0F80343EAC203E363E36AD9
:102B900043F01003E362E36AB5B943F40023E36250
:102BA000114C236843F080632360FFF7EFFC054678
:102BB00023681B010FD5002005E0FFF7E7FCC01BD1
:102BC0000228ABD90320F8BD012D0CBF43F48013BC
:102BD00043F40013E3E7FFF7D9FC401B0228E7D9D1
:102BE000F0E70120EFE700BF004402582DE9F04173
:102BF000DDF8188004460E4615461F462268936885
:102C0000334214BF01230023AB4201D1002012E064
:102C1000B8F1FF3FF3D0FFF7B9FCC01B404502D825
:102C2000B8F1000FEAD10423012084F84130636C2D
:102C300043F001036364BDE8F0812DE9F04F0546E0
:102C400085B00C46FFF7A2FC95F8402007EE900AED
:102C5000012A00F0E1800122022085F8402095F849
:102C60004120012A40F0BE80002241F2883117EE57
:102C7000903ACDED037A6A640091202185F84100F5
:102C80002846FFF7B3FFDDED037A002840F0AA8065
:102C9000D4F824C0BCF1000F03D0A26A2968013A1D
:102CA0000A61D4F818A0D4E90727BAF1000F50D070
:102CB00063694CEA0A0AD5F800E026684FEA834BBC
:102CC000D4F83480D4E90B1967B3A36847EA0A0A39
:102CD0002769CEF81C30BAB132431143E26841EAA9
:102CE000090949EA080848EA0707174347EA0B07B2
:102CF00047EA0A07CEF814706268CEF81820BCF1D3
:102D0000000F40F0818062E0314341EA090949EA5D
:102D1000080848EA070747EA0B0747EA0A07CEF818
:102D20001470ECE752B142EA06070F4347EA09077D
:102D300047EA0808E76848EA0707D7E746EA0107CD
:102D400047EA090747EA080747EA0B0B4BEA0A0775
:102D5000E5E737B3A1684CEA0707D5F800E0266934
:102D6000CEF81C106169D4F834808904D4E90BA929
:102D70006AB13243E36842EA0A0A4AEA090949EABF
:102D8000080848EA030848EA01010F43B2E746EAA7
:102D90000A0646EA090949EA080848EA01010F4318
:102DA000BDE78AB1E16A4CEA02020A43216B0A4399
:102DB000616B0A43E1680A43616942EA814229681A
:102DC0004A6162688A619AE7BCF1000F10D141F252
:102DD000883217EE903A0221284600920122FFF72E
:102DE00005FFA8B1002385F8403005B0BDE8F08F9D
:102DF000E36A226B4CEA03031343626B1343626979
:102E000043EA82432A685361012385F84130E9E7A8
:102E10002B680222DA60F7E70220E6E7F0B593B00C
:102E200004460846164604A91D46FEF7FBFB48B9B2
:102E30002B6804A920460E93FFF7FFFE074618B142
:102E40004FF0FF3013B0F0BDFFF7A0FB256803463D
:102E5000A96994F84020012AF2D0012284F8402088
:102E600094F84120012AD0B246D16764002E3ED0AA
:102E7000222284F841202A690132A2632A6926634A
:102E800041F28836013262636A6922F0406242F0A0
:102E900080626A61A961A26BA2B901220221204667
:102EA0000096FFF7A3FE10B923680222DA6001231F
:102EB00084F841300023C01A84F8403018BF012044
:102EC0004042BFE701220621204600960393FFF708
:102ED0008DFE0028EBD195F82010226B039B11701A
:102EE000226B01322263A26B013AA263D3E7636CC7
:102EF00043F008036364DDE70220DBE7F7B50093E6
:102F0000054690F8943014460191DDE90867F3B165
:102F1000D6B13B68DBB10DF009F823462846DDE960
:102F200000210CF023F93B46324605F16801281DCB
:102F3000FFF774FF041E284618BF012464420CF0FA
:102F4000EBFF204603B0F0BD6FF00104F9E74FF04E
:102F5000FF34F6E7F0B593B004460846164604A9D8
:102F60001D46FEF75FFB48B92B6804A920460E9367
:102F7000FFF763FE074618B14FF0FF3013B0F0BD06
:102F8000FFF704FB94F8402003462568012AF3D09C
:102F9000012284F8402094F84120012AD0B243D184
:102FA0006764002E3BD0122284F841202A69013246
:102FB000E2622A69666241F288360132A2626A6977
:102FC00022F040626A61E26AA2B90122022120462F
:102FD0000096FFF70BFE10B923680222DA60012386
:102FE00084F841300023C01A84F8403018BF012013
:102FF0004042C3E701220421204600960393FFF7D5
:10300000F5FD0028EBD1626A039B127885F8202039
:10301000626A01326262E26A013AE262D3E7636C99
:1030200043F008036364DDE70220DBE72DE9F047A6
:103030001C4690B090F894300546DDF86890DDE9C4
:1030400018A8CDE9002163B30CF070FF4FF0FF33F7
:1030500028462E1D05F16807DDE900210CF086F8F1
:1030600014B1BAF1000F23D1B8F1000F02D0B9F1B9
:10307000000F19D102A93846FEF7D4FA044638B930
:10308000012302A9CDE90B033046FFF7D6FD08B1B5
:103090004FF0FF3428460CF03FFF204610B0BDE84B
:1030A000F0874FF0FF34F8E79CB1BAF1000F10D071
:1030B000224602AB39463046CDF808A0FFF74AFF5A
:1030C00004460028E4D1B8F1000FE3D0B9F1000FB5
:1030D000E0D002AB424639463046CDF80890FFF7C3
:1030E0009DFE041E18BF01246442D3E770B50E464E
:1030F00004460809FEF740FB4FF470710546304660
:10310000FFF73EF9238A0A4A06F00F0603F00F0381
:103110000121656152F8233001FA06F6A36105F139
:103120001003183526606360C4E9025570BD00BF06
:10313000C49A010810B50C4B0C4CD4F894209A4258
:10314000FBD1D0E90542524302EB4203DB4339B9DC
:103150002268134023604FF44072044B5A6110BD43
:1031600021680B401343F5E7000300800064025818
:10317000034BD9681A6822EA01021A605960704745
:1031800000650258444A1369114603F03803102BB6
:1031900030B57CD005D8002B55D0082B79D00A68E3
:1031A00052E0182BFBD1906A956AD16A15F47C7FA6
:1031B000C5F30513546B3BD007EE903AC4F3CC042F
:1031C00001F0010300F00300F8EEE76A6343012811
:1031D000F7EE005A07EE903AFAEEE97A39D0022873
:1031E00047D011682D4BC1F3C101126BCB40C2F324
:1031F000080207EE103AB8EEC76A86EE267A06EEA7
:10320000902AF8EEE66A76EEA77A77EEA57A224B58
:1032100067EE877A1B6BC3F34623013307EE103A40
:10322000F8EEC76A87EEA67AFCEEC77A17EE903AF8
:1032300019498A698969C2F3032219498A5CD34012
:10324000184A136030BD1268C2F3C102134BD34059
:10325000EEE7136B9FED146AC3F3080307EE103A11
:10326000B8EEC77A77EE277A77EEA57A86EE267AD9
:10327000CDE7136B9FED0D6AC3F3080307EE103A19
:10328000B8EEC77A77EE277A77EEA57AEEE7084BA5
:10329000CEE7084BCCE700BF004402580090D003B3
:1032A00004970108000000240024744A20BCBE4B8F
:1032B00040787D0100093D002B4BD3F8882042F473
:1032C0007002C3F888201A6942F010021A61274A76
:1032D000136803F00F03062B05D8136823F00F03C0
:1032E00043F007031360224B1A6842F001021A6090
:1032F00000221A611F4A19680A401C491A600A68AC
:10330000120705D50A6822F00F0242F007020A6090
:10331000002219499A61DA611A6299621749D962E1
:10332000174919635A639963DA6319645A6419680F
:1033300021F4802119601A66124A536A43F48043CB
:103340005362114B1B681B0C1B04B3F1005F02D2CC
:103350000E4B01221A600E4B43F2D2021A600D4A44
:10336000014B9A60704700BF00ED00E00020005262
:10337000004402587FEDF6EA000202020000FF015D
:1033800080020101C00000580010005C088100515B
:1033900000400052000000080A4B013B0FD00269B8
:1033A000002AFADA0369074A43F001030361013A8C
:1033B00005D0036913F00103F9D1184670470320C3
:1033C000704700BF410D030030B5056C00F5306358
:1033D0000F4CA54203D9D0F8004B002C16DB00247B
:1033E00001291C611C6944F400241C611C6944F01F
:1033F00018041C611C6944F0C0441C6106D15A6168
:10340000D0F8003B43F08023C0F8003B002030BDE3
:103410000A30544FD0F8003E23F00303C0F8003EBA
:10342000D0F8043843F00203C0F804380020704795
:1034300070B50023940800F5805502F00302A34202
:1034400014D301EB84017AB100F5805000230468A5
:10345000D80024FA00F0C854013398B28242F7D160
:10346000013A92B201321144084670BD2E6841F80B
:1034700023600133E3E770B50E78012500F50062A3
:1034800006F00F0374019D404B78012BD36917D1CF
:103490001D4300F51060D56103591A040ED48A68E3
:1034A0000559C2F30A03CA782B4343EA824343EA2D
:1034B000865343F0805343F400430351002070BD12
:1034C00043EA054500F53060D56103591B04F5D486
:1034D0008B680259C3F30A031343CA7843EA824351
:1034E000E7E70000114B4FF4FA5102461B68B3FBAB
:1034F000F1F141F288334B43013B13D3516B11F08F
:10350000450FF9D08904F7D4536B5B0702D504202B
:1035100090637047506B10F0010014BF0123044BFF
:10352000936370474FF00040704700BF00000024D5
:10353000C5002000454B10B51B6804464FF4FA50F7
:10354000B3FBF0F342485A43002A48D0636B03426E
:1035500007D09B0405D4636B580704D50420A063EF
:1035600010BD013AF0E7606B10F0010002D00123BA
:10357000A363F5E7374BA3632369DBB2994231D1EB
:103580006369354818400028EAD0002B2CDB5A002C
:103590002DD49C002DD4D9002DD41A012ED45C0139
:1035A0002FD4D90130D41A0231D45C0232D499021A
:1035B00033D4DA0234D45C0335D4990336D4DA0335
:1035C00037D41C0438D4590439D49A043AD413F0AB
:1035D000080F14BF4FF400004FF48030C0E74FF0E5
:1035E0000040BDE70120BBE74FF00070B8E7402086
:1035F000B6E78020B4E74FF48070B1E74FF4007075
:10360000AEE74FF48060ABE74FF40060A8E74FF4FB
:103610008050A5E74FF40050A2E74FF480409FE7A9
:103620004FF400409CE74FF4003099E74FF48020BE
:1036300096E74FF4002093E74FF4801090E74FF4A3
:1036400000108DE74FF480008AE700BF00000024DF
:1036500045002000C500200008E0FFFDF0B5124D38
:1036600087B00D2700246B6C01A92E681B0430461F
:1036700001934FF48073CDE902734FF48053CDE989
:103680000443FEF745FB41F2883239463046FFF7E6
:1036900051FF28B92B685C69C4F3432007B0F0BD23
:1036A0006B6B18436863F7E79412002430B54FF44E
:1036B000807387B0062500220446019101A9CDE957
:1036C00002534FF48053CDE90423FEF721FB41F26E
:1036D000883229462046FFF72DFF07B030BD30B5B0
:1036E0004FF4807387B0372500220446019101A969
:1036F000CDE902534FF48053CDE90423FEF708FBD4
:1037000041F2883229462046FFF714FF07B030BD4A
:1037100010B5002386B0044601A9CDE90133CDE9F7
:1037200003334FF480530593FEF7F2FA0A4B4FF43C
:10373000FA521B68B3FBF2F241F288335343013B68
:1037400007D3626B1206FAD5044B0020A36306B0C0
:1037500010BD4FF00040FAE700000024C500200033
:1037600030B5002387B00C254FF48072044601A9C0
:10377000CDE90323CDE901354FF480530593C368A8
:1037800043F08003C360C36823F04003C360FEF7C7
:10379000BFFA074A29462046FFF7CCFEE368B0F19E
:1037A000007F08BF002023F08003E36007B030BD36
:1037B00000E1F50530B54FF4807387B01025002285
:1037C0000446019101A9CDE902534FF48053CDE99C
:1037D0000423FEF79DFA41F2883229462046FFF77E
:1037E000A9FE07B030BD00002DE9F047364D86B088
:1037F0000746FEF7CBFE082180462868FFF7DAFF70
:103800000446002837D1696C28680904FFF767FF70
:10381000044680BB2E684FF0FF334FF0330901A9F7
:10382000736208230190B362F36A0490304623F078
:10383000FF0343F03303F3624FF48073CDE9029347
:103840004FF480530593FEF763FA41F288324946FC
:103850003046FFF76FFE044668B98146064640F2DF
:103860002A5A2B685A6B12EA0A0F5A6B07D01107B3
:1038700016D508249C63204606B0BDE8F0871003E7
:1038800005D424B9D3F880600124D3F88090FEF7E2
:103890007DFEA0EB08000130E3D14FF00044EAE7E1
:1038A0005A6B920701D50224E4E75C6B14F0200404
:1038B00001D02024DEE7054A36BA9A6399FA89F3E3
:1038C0007E603B60D7E700BF941200243A0F0018D7
:1038D0002DE9F8430668054616F0006609D0836EA8
:1038E000B3F5001F2ED013D8F3B1B3F5801F21D04C
:1038F00001262B68DB0540F10281AB6D042B00F241
:10390000FD80DFE813F024002B00F50029002900DA
:10391000B3F5401FECD1B84A0026A96E136D23F40D
:1039200040130B431365E4E7B34AD36A43F400330F
:10393000D362F0E702210430FFF7E0F806460028E2
:10394000D7D1E8E702212430FFF760F8F6E7AA4A6A
:10395000D36A43F40033D362344604E00021281DC7
:10396000FFF7CCF80446002C40F0CB80A24AA96DAA
:10397000136D23F007030B4313652B689F050DD5CB
:10398000EB6D802B00F0DA8000F2BD80002B00F0A0
:10399000C980402B00F0CC80012634462B685805A6
:1039A00010D5D5F8A830B3F5800F00F0EC8000F208
:1039B000CD80002B00F0DB80B3F5001F00F0DD8030
:1039C000012634462B68190510D5D5F8AC30B3F173
:1039D000007F00F0FD8000F2DE80002B00F0EC8024
:1039E000B3F1807F00F0EE80012634462B689A0107
:1039F0000DD5AB6C202B00F0078100F2F180002B7D
:103A000000F0F180102B00F0F980012634462B687D
:103A1000DB040FD52B6EB3F5005F00F0198100F2C7
:103A2000FB80002B00F00881B3F5805F00F00A8175
:103A3000012634462B689F040FD56B6EB3F5003F0B
:103A400000F0268100F20C81002B00F01281B3F50A
:103A5000803F00F01781012634462B68580410D5AA
:103A6000D5F8B030B3F1005F00F0338100F2188177
:103A7000002B00F01E81B3F1805F00F0248101264D
:103A800034462B68590114D5EB6C43B1B3F5807FF4
:103A900040F027810121281DFFF730F80446002C53
:103AA00040F02281544AE96CD36C23F480730B43B9
:103AB000D3642B681A040DD52B6FB3F1805F00F02F
:103AC0001581B3F1005F00F01F81002B00F013811E
:103AD000012634462B68DB0140F12C816B6C032BF3
:103AE00000F26C81DFE813F01D01180164011D0173
:103AF000002105F12400FEF789FF33E70126344653
:103B00003BE7264639E7C02B03D0B3F5807F7FF42F
:103B100043AFCCB9384AE96D136D23F4E0730B431E
:103B200013653BE7344AD36A43F40033D362F0E7CA
:103B30000021281DFEF7E2FF0446EAE7002105F117
:103B40002400FEF763FFF7E7264627E7B3F5C00F2B
:103B500003D0B3F5000F7FF433AFD4B9264AD5F8BC
:103B6000A810936D23F460030B4393652AE7224A60
:103B7000D36A43F40033D362EFE70021281DFEF738
:103B8000BDFF0446E9E7002105F12400FEF73EFFF2
:103B9000F7E7264616E7B3F1407F03D0B3F1806F15
:103BA0007FF422AFD4B9144AD5F8AC10936D23F04A
:103BB000E0630B43936519E70F4AD36A43F400337C
:103BC000D362EFE70021281DFEF798FF0446E9E7DE
:103BD000002105F12400FEF719FFF7E7264605E767
:103BE000302B7FF412AFACB9034AA96CD36C23F02D
:103BF00030030B43D3640AE7004402589B4AD36A5C
:103C000043F40033D362EEE70221281DFEF776FF6E
:103C10000446E8E72646FAE6B3F5405F03D0B3F57D
:103C2000804F7FF405AFCCB9904A296E136D23F411
:103C3000E0430B431365FDE68C4AD36A43F400333B
:103C4000D362F0E70021281DFEF758FF0446EAE79B
:103C5000002105F12400FEF7D9FEF7E72646E9E644
:103C600023F48032B2F5802F03D0B3F5403F7FF4C8
:103C7000F2AE9CB97D4A696E136D23F4E0230B43C9
:103C80001365EAE60121281DFEF738FF0446F0E738
:103C9000012105F12400FEF7B9FEF7E72646DCE630
:103CA00023F08052B2F1804F03D0B3F1405F7FF434
:103CB000E6AEA4B96D4AD5F8B010936D23F0E04399
:103CC0000B439365DDE60121281DFEF717FF04462F
:103CD000EFE7012105F12400FEF798FEF7E72646FD
:103CE000CFE601263446E4E62646E2E65F4AD36A9A
:103CF00043F40033D3626CB95C4A296F136D23F02F
:103D000040530B431365E5E60121281DFEF7F6FE3F
:103D10000446F0E72646DDE6544AD36A43F400330E
:103D2000D362002C4DD1514A696CD36C23F003034C
:103D30000B43D3642B685F024DD54D4F3B6843F472
:103D400080733B60FEF722FC80463B68D8053AD57D
:103D5000002C6CD1454BD5F8B4001A6F424012F4D8
:103D6000407F0BD01A6F196F22F4407241F48031FA
:103D70001967196F21F4803119671A67B0F5807FD0
:103D800040D0D5F8B430394903F44072B2F5407FE1
:103D900049D10869374A20F47C5002EA13120243E1
:103DA0000A61C3F30B03314A116F0B43136712E02F
:103DB0000221281DFEF7A2FE0446B2E70126344682
:103DC000B8E72646B6E7FEF7E1FBA0EB080064285B
:103DD000BBD9032634462B68DA0708D5EB6F102BC6
:103DE0003CD026D85BB3082B32D0012634462B6852
:103DF0009B074ED5AB6F052B61D8DFE803F0423D42
:103E00005A424242FEF7C2FBDFF86080074641F2A9
:103E10008839D8F870309907B3D4FEF7B7FBC01BC8
:103E20004845F6D9D5E70A6922F47C52B8E7264618
:103E3000D1E723F00802202A01D0182BD5D19CB954
:103E40000A4AE96F536D23F038030B435365CEE7FD
:103E50000121281DFEF752FE0446F0E7012105F17D
:103E60002400FEF7D3FDF7E72646C0E700440258DA
:103E700000480258CFFFFF000121281DFEF73EFE3B
:103E80000446FCB9B74AA96F536D23F007030B43EF
:103E900053652B685F0727D5D5F89430052B00F2C2
:103EA0003A81DFE813F01600110032011600160007
:103EB0001600012105F12400FEF7A8FDE0E7012628
:103EC0003446E6E72646E4E70121281DFEF716FE04
:103ED0000446002C40F02281A24AD5F89410936D3C
:103EE00023F007030B4393652B68980610D5D5F88C
:103EF0009030B3F1005F00F02C8100F21181002BB3
:103F000000F01781B3F1805F00F01D810126344677
:103F10002B68590610D5D5F89C30B3F5006F00F02A
:103F20003C8100F22181002B00F02781B3F5806FE6
:103F300000F02D81012634462B681A0610D5D5F8DD
:103F4000A030B3F5804F00F0498100F22E81002BA4
:103F500000F03481B3F5005F00F03A810126344669
:103F60002B681B0714D5D5F88430B3F5805F07D1D3
:103F7000022105F12400FEF749FD002818BF0126A3
:103F8000784AD5F88410536D23F440530B4353659E
:103F90002B68DF0614D5D5F89830B3F5807F07D1AC
:103FA000022105F12400FEF731FD002818BF01268B
:103FB0006C4AD5F89810936D23F440730B439365C6
:103FC0002B6818031AD5D5F8A410B1F5803F00F07E
:103FD0000D81B1F5003F06D0002940F00D81281D6C
:103FE000FEF78CFD0446002C40F009815D4AD5F8AF
:103FF000A410936D23F440330B4393652B6859034E
:104000001CD5D5F88830B3F5001F00F0FA80B3F561
:10401000401F08D0B3F5801F40F0FA80514AD36AA0
:1040200043F40033D362002C40F0F5804D4AD5F8BC
:104030008810536D23F440130B4353652B68DA0348
:1040400009D52B6D002B00F0E880B3F5803F00F020
:10405000F280012634462B689B0007D5022105F12A
:104060002400FEF7D3FC002818BF01262B689F030D
:104070000BD5D5F88010B1F5807F00F0F28000F20A
:10408000E280002900F0E5800126DC0206D53549F2
:10409000686F0A6D22F0004202430A65D80007D516
:1040A0003049D5F8B8000A6922F4804202430A6117
:1040B000990206D52B49E86E0A6D22F08072024300
:1040C0000A655A0009D5274A116921F40041116196
:1040D0001169D5F8BC0001431161002B06DA2149B2
:1040E000686DCA6C22F040520243CA641B0207D5B5
:1040F0001C4AD5F88C10536D23F440030B435365D1
:10410000301E18BF0120BDE8F883012105F124000D
:10411000FEF77CFCDCE601263446E5E62646E3E6CF
:1041200023F08052B2F1804F03D0B3F1405F7FF4AF
:10413000EDAEA4B90B4AD5F89010536D23F0E043CF
:104140000B435365E4E60021281DFEF7D7FC044627
:10415000EFE7022105F12400FEF758FCF7E72646B9
:10416000D6E600BF0044025823F48062B2F5805FB7
:1041700003D0B3F5406F7FF4DDAEA4B93D4AD5F866
:104180009C10936D23F4E0530B439365D4E6002118
:10419000281DFEF7B3FC0446EFE7022105F12400D9
:1041A000FEF734FCF7E72646C6E623F40052B2F5E4
:1041B000004F03D0B3F5C04F7FF4D0AEA4B92D4A61
:1041C000D5F8A010936D23F460430B439365C7E6C5
:1041D0000021281DFEF792FC0446EFE7022105F1BD
:1041E0002400FEF713FCF7E72646B9E6022105F1A5
:1041F0002400FEF70BFCF5E601263446FEE62646D3
:10420000FCE6012105F12400FEF700FC04460AE764
:104210000126344612E7264610E7164AD36A43F4CD
:104220000033D3626CB9134A296DD36C23F4803305
:104230000B43D3640FE70221281DFEF75FFC044601
:10424000F0E7264607E721F48072B2F5007F7FF49D
:104250001BAF64B90748426D22F440720A434265BD
:1042600013E70448C26A42F40032C262F1E726460C
:104270000BE700BF004402583F230360114B1A694B
:1042800002F0070242609A6902F4706282609A69E1
:1042900002F00F02C2609A6902F070020261DA69EC
:1042A00002F070024261DA6902F4E06282611B6A24
:1042B00003F07003C361044B1B6803F00F030B6032
:1042C000704700BF0044025800200052484B1A6952
:1042D00002F03802102A30B500F08680182A0CD07F
:1042E000002A40F083801A68424812F0200F03D061
:1042F0001B68C3F3C103D84030BD996A9D6ADA6A6E
:1043000015F47C7FC5F305105C6BF5D0C4F3CC04C9
:1043100002F0010207EE900A01F003016243B7EEDA
:10432000006AF8EEE76A012907EE902AFAEEE97AC8
:104330004CD002293CD0002948D11A68920627D5D2
:1043400019682C4AC1F3C1011B6BCA40C3F30803AF
:1043500007EE102AF8EEC75A85EEA67A06EE903AD6
:10436000F8EEE66A76EEA77A77EE867A204B67EE6D
:10437000877A1B6BC3F34623013307EE103AF8EE3E
:10438000C76A87EEA67AFCEEC77A17EE900AB3E703
:104390001B6BC3F3080307EE103AB8EEC77A77EE4B
:1043A000277A77EE867A9FED146A86EE267ADDE725
:1043B0001B6BC3F3080307EE103AB8EEC77A77EE2B
:1043C000277A77EE867A9FED0D6AEEE71B6BC3F3D3
:1043D000080307EE103AB8EEC77A77EE277A77EE41
:1043E000867A9FED076AE0E7064885E7064883E797
:1043F000004402580090D0030024744C20BCBE4BF3
:104400000024744A40787D0100093D0008B5FFF79B
:104410005DFF0949094A8B69C3F30323D35C03F0A9
:104420001F03D8408B6903F00F03D35C044A03F0E9
:104430001F031060D84008BD0044025804970108CB
:104440000000002473B50E460446FFF7DFFFB0FB03
:10445000F6F5FF2D47DCFFF7D9FFB0FBF6F101FBC6
:10446000160606B9013D6560FEF790F894F8412004
:10447000034612B941F28832A2642068A16802683A
:10448000013922F4706242EA0122202102602046B2
:10449000A26C00920022FEF7A9FB30BB2268E569FE
:1044A000E36811682B43256A21F07F412B4365683F
:1044B00021F0D00143EA05630B4313605568D4E94A
:1044C00005310B43216943EA0143094929400B4364
:1044D0005360136843F0010313600123606484F8A0
:1044E000413002B070BDFF25BDE74FF0FF30F8E767
:1044F000FEF8E0FF08B5FFF789FF054B054A1B6A88
:10450000C3F30213D35C03F01F03D84008BD00BF00
:10451000004402580497010808B5FFF777FF054BE0
:10452000054ADB69C3F30223D35C03F01F03D840C1
:1045300008BD00BF004402580497010808B5FFF702
:1045400065FF054B054ADB69C3F30213D35C03F037
:104550001F03D84008BD00BF00440258049701085B
:10456000894990202DE9F043D1E90035D1F8089030
:104570004FF0000E6843854CB9F5965FD1F810C036
:1045800004EB0002D1F814802CBF76460726A2F86F
:1045900056E089B0C2F81CE0A2F854E0A2F85EE050
:1045A000A2F85CE0C2F820E0C2F864E0CF692350D2
:1045B000C868C2F804909060C2F80CC0C2F81080BD
:1045C0009761C2E9096EB1F91AE0BEF1FF3F5FD110
:1045D000082151616E4A934210D19022B9F5165FBD
:1045E00002FB054292F8801059D8012906D01968BB
:1045F00041F002011960002182F88010902202FB34
:104600000541D1F884E0BEF1000F01D181F880E0CE
:1046100002FB0542242140EA0800C2F88410196810
:10462000526921F0010110435A4A196019680A4081
:10463000104318605A6822F4405242EA0C025A6051
:104640009A6822F06E4222F4306217439F60DA6A61
:1046500022F00F021643504A9342DE6225D14F4B9F
:104660005B6D03F03803282B00F284804C4AD35C46
:10467000082B00F2B281082B7CD8DFE813F0D701B9
:10468000DD017B007B00E0017B007B007B00E5011E
:10469000B1F9181001310CBF04210C2199E701294F
:1046A000ACD0196821F00201A4E73E4A934207D139
:1046B0003A4B5B6D03F00703052B5BD83A4AD6E70C
:1046C0003A4A934207D1354B5B6D03F00703052B44
:1046D00050D8374ACBE7374A934207D12F4B5B6D0F
:1046E00003F00703052B45D8334AC0E7334A93420A
:1046F00007D12A4B5B6D03F00703052B3AD8304AEC
:10470000B5E7304A934207D1244B5B6D03F0380381
:10471000282B2FD82C4AAAE72C4A934207D11F4BAB
:104720005B6D03F00703052B24D8294A9FE7294A2C
:10473000934207D1194B5B6D03F00703052B19D882
:10474000254A94E7124A934214D102F50E32936D32
:1047500003F00703052B0DD82049CB5C102B00F08C
:10476000FF8009D8042B00F0F180082B00F0F380C3
:10477000022B35D0012639E0202B00F02C81402B74
:10478000F8D14FF40040F4E06C1200241013002420
:10479000000C0058F369FFCF00100140004402589C
:1047A000CF96010800440040F896010800480040F8
:1047B000F8960108004C0040F896010800500040AF
:1047C000F896010800140140CF96010800780040D7
:1047D000F8960108007C0040F8960108FE96010852
:1047E000FFF788FE002840F0C480002690224FF09A
:1047F0000113012E02FB05F204EB02018B664FF060
:104800000003C1E91C3300F034818B6A002B66D0B1
:10481000D80706D5A058C96A426822F400320A4374
:1048200042609A0709D590226A43A158A0184A68A5
:10483000006B22F4803202434A605F0709D5902260
:104840006A43A158A0184A68406B22F480220243B0
:104850004A60180709D590226A43A158A0184A68EF
:10486000806B22F4004202434A60D90609D59022A7
:104870006A43A158A0188A68C06B22F48052024390
:104880008A609A0609D590226A43A158A0188A68BE
:10489000006C22F4005202438A605F0613D5902216
:1048A0006A43A158A0184A68476C22F48012B7F5F1
:1048B000801F42EA07024A6005D14A68806C22F4F0
:1048C000C00202434A60180609D590236B43E258A0
:1048D000E1185368C96C23F400230B4353609027FD
:1048E0006F43E35904EB07085A6822F490425A6078
:1048F0009A6822F02A029A601A6842F001021A604D
:104900000023C8F88C30FDF741FEE35902461B68CE
:10491000190700F1A38090236B43E3581B685B07E2
:1049200007D54FF480014046FDF7E6FE002840F031
:104930009F80902303FB05442023C4F88430C4F8EF
:1049400088300023E36684F8803092E002A8FCF708
:10495000F7F8039846E705A8FCF74AF8069841E7F8
:104960001368464813F0200F03D01368C3F3C10344
:10497000D8404FF09009424B09FB05F904EB0901BF
:104980004A6AD1F8048033F8122008EB4801B0FBE2
:10499000F2F38B42FFF4EEAEB3EB083F3FF6EAAE24
:1049A0000023002114F046FD42460F0200230602B8
:1049B00047EA10674FEA5800301847F1000114F039
:1049C00039FD304BA0F540729A423FF6D3AE54F811
:1049D0000930D86009E72C48CBE7202B39D0402B91
:1049E00039D0102B7FF4C6AE284B24481A6812F039
:1049F000200F03D01B68C3F3C103D84090236B433F
:104A0000E1184A684E6A1E4931F81610B0FBF1F001
:104A100000EB5200B0FBF2F080B24FF6EF72A0F163
:104A2000100191423FF6A6AEE358D2E7FFF786FDAC
:104A300000283FF4DAAEE1E7FFF76EFDF8E702A8E1
:104A4000FCF77EF80398F3E705A8FBF7D1FF06987B
:104A5000EEE70D48D2E74FF40040CFE701904FF466
:104A600000114046FDF748FE019A00283FF453AF7D
:104A70000326304609B0BDE8F08300BF0090D003A4
:104A8000F8980108FFFC0F0000093D00004402589F
:104A900010B58AB0694602A8FFF7EEFBFFF74EFD9E
:104AA0003E4B0090D3F8E8203D4942F00802C3F89D
:104AB000E820D3F8E82002F008020192019A394A6E
:104AC000D1F88C409442FBD1D3F89020364C42F080
:104AD0000802C3F89020D3F8902022F00802C3F80F
:104AE00090204FF44073CB60304B079A23604FF017
:104AF000FF33E3602E4B002A4DD1B0FBF3F00023CF
:104B000001382361A3606060C4E9053394F83D3047
:104B100003F0FF020BB984F83C20244A022384F8F6
:104B20003D30136823F47C7313604FF0FF33D3627E
:104B300001239062536184F8483084F83E3084F851
:104B40003F3084F8403084F8413084F8423084F8B3
:104B5000433084F8443084F8453084F8463084F893
:104B6000473084F83D30134B134A9B68C3F8082143
:104B7000BFF34F8F114B4FF480225A6094F83E30B0
:104B8000012B01D1FBF7A4FC2268D36823F00203B8
:104B9000D3600AB010BD4000AFE700BF0044025828
:104BA0000064025800030080640E0024000C0040E2
:104BB00040420F0000ED00E00906000800E100E0BF
:104BC00000232DE9F04F04469BB0C366836039B1E2
:104BD0008B88A0F858308B89A0F85A300B68036096
:104BE0002368B04A934212D1002384F85030AE4B70
:104BF000D3F8E82042F40012C3F8E820D3F8E830F4
:104C000003F400131393139BA84BE3650BE0A84A2E
:104C100093427FD002F58062934200F08D80A54AD6
:104C2000934200F09B80A449B4F958000AF060F860
:104C3000A249B4F95A000AF05BF80421B4F958000B
:104C4000FDF756FB0421B4F95A00FDF751FB636DE3
:104C50000BB99B4B63659B4A1421656D12682368F1
:104C6000B2FBF5F24A43636011469869000401D52E
:104C70000139FAD1944E9549D6F88C008842FBD17F
:104C800088498B427CD18849D1F8900040F40010CB
:104C9000C1F89000D1F8900020F40010C1F8900005
:104CA00089494FF44070C860211D05EE101A9969BA
:104CB000090401D5013AFAD1854A95421AD1794AB7
:104CC000934202D10120FBF7E3FF2268784B9A421E
:104CD00002D10220FBF7DCFF22687E4B9A4202D110
:104CE0000420FBF7D5FF2268724B9A4202D10820BC
:104CF000FBF7CEFF7449754BD1F88C209A42FBD15B
:104D0000684B22689A42684B6AD1596D21F4405130
:104D100059656FE0012384F85030634BD3F8E820E5
:104D200042F48002C3F8E820D3F8E83003F48003AB
:104D30001493149B684B68E7022384F850305A4B55
:104D4000D3F8E82042F40002C3F8E820D3F8E830B2
:104D500003F400031593159B604B56E7032384F877
:104D60005030514BD3F8F42042F08002C3F8F420C5
:104D7000D3F8F43003F080031693169B584B44E7A6
:104D80004B498B4214D001F580618B421CD04949BC
:104D90008B4285D14449D1F89C0040F08000C1F895
:104DA0009C00D1F89C0020F08000C1F89C0077E7BF
:104DB0003D49D1F8900040F48000C1F89000D1F84E
:104DC000900020F4800069E73749D1F8900040F462
:104DD0000000C1F89000D1F8900020F400005DE7D9
:104DE00033498A4291D001F580618A428DD03149A0
:104DF0008A4240D0344B4FF44071D96094F845302A
:104E0000202BD8B21AD194F84430012B16D0242389
:104E100084F845306368196821F001011960196848
:104E200021F48051196019681960196841F0010175
:104E30001960002384F8450084F84430194B22F4AB
:104E40000061A6689942E76E174B03D018498A4261
:104E500040F083805B6D03F44053B3F5005F00F0D6
:104E6000FB810DD8002B43D0B3F5805F00F08D801F
:104E70001C4809F0DDFF996D21F440719965B9E78F
:104E8000B3F5405FF4D1002E00F08880AF4244D0EB
:104E90001548164B00221A60002840F08280002638
:104EA0003BE000BF00540040004402581F002000B7
:104EB00000580040001C00585C980108C097010889
:104EC000A086010000000024006402580003008056
:104ED00040420F00005C00402100220048004900D1
:104EE0005F0060008F95010800093D00FC0D002463
:104EF000FFF724FB0EB1AF420FD0924B9842C8D1BE
:104F0000914B9D4200F0A481904B9D4200F0A28104
:104F10008F4B904E9D4218BF00260123A6600026AD
:104F200015EE100AE566E660C4E90436C4E90866D1
:104F3000C4E90666FCF72CF84FF0007384F8716042
:104F4000656584F87260E56684F8646084F8706072
:104F50002366A6661BB0BDE8F08F7F498A421BD14D
:104F60009B6D03F44073B3F5007F13D005D84BB1AC
:104F7000B3F5807F09D079487BE7B3F5407FFAD15C
:104F80007748B7E7FFF7B6FAB4E717A8FBF730FDA5
:104F90001998AFE77348ADE773486AE7734B7048F9
:104FA0001E60002D3FF47BAFA5F59C3349F64042CF
:104FB000803B934261D9A5F59C236D4AA3F500730C
:104FC00093425DD9A5F543235F4AA3F5A0639342BD
:104FD0003FF665AF4FF0020C664A2C264FF0100BDF
:104FE00002EB5003B3FBF0F30193634B06FB0C366B
:104FF000736AA3F132010493019B03EB4303C91AC3
:10500000336A029321EAE1713369029876691B1AC7
:1050100001980591A3F58273A3EB8003029823EA1C
:10502000E3733044019E0693002303909A46194689
:10503000B1464FF0000E0398CDF81CE00EF1010EC2
:10504000484529D80027B8460598B8421ED8069882
:10505000B8421BD35B4519D0142000FB01FB474825
:10506000013100EB0B0A40F80B307F290798CAE9A1
:10507000010808D93D4B19601AE04FF0000CABE76E
:105080004FF0010CA8E79B464FF0010A08F1010818
:105090003744B8F1100FD7D1BEF1100FB144CAD1C7
:1050A00001330198102B0644C2D1BAF1000FE1D1AF
:1050B0002C2331494FF0000A03FB0CFC01EB0C03DD
:1050C00051F80C1002EB51060993B6FBF1FB59683D
:1050D000CDF81CB0B2FBF1F10C919968049BB2FBC6
:1050E000F1F20D924FF0FF31204A039112680199BD
:1050F0000F92019A03EB8103029952000B44323262
:10510000119308921D4A0F9B9A4539D1039B7F2B1F
:105110003FF6C5AE039A142318495343CA18CB5817
:10512000167C46EA037653681B0503F470031E439E
:1051300093681B0403F470231E43D3681B029BB2C5
:105140001E43EAE6000E2707801A060040420F00C1
:10515000A08601007656E140001C0058AC9501087D
:1051600000093D000090D003C7950108FC0D002404
:105170000071020000CA9A3B14970108FC03002446
:1051800001994FF0000E1368049803FB011309996D
:10519000089F8969C71902980E9108990744591800
:1051A000A7EB0B070691F8181199069EABEB0101CE
:1051B0001090A1EB43010E98CDF82CE00EF1010EFA
:1051C000B0423BD2A6F132070198B0EB970F35D22F
:1051D000A1F16400DDF818904FF0000805901098D8
:1051E00000EB060C0BEB0C070D98CDF8288008F1AE
:1051F0000108B84219D80C98B84216D30998C76963
:105200004F4512D8019848450FD2059810EA2C0056
:1052100038BF604607460798874206D20B98079723
:1052200010610A98CDF80CA0D0600598B8F5807F81
:1052300099449C44A0EB03000590D3D1BEF5807F38
:105240001E44A1EB0301B6D10AF1010A14325AE758
:10525000044E62E6044E60E60448002E3FF419AEA8
:1052600049E600BF3414C1203615C3000090D003B6
:10527000F7B504460F460AF06EFFD4F8905004F1DB
:10528000300635F000751AD14FF00073304684F8BF
:105290009450C4F89030FBF7B7FA01463046FBF75C
:1052A000E5FA94F87530202B0CD06FF001052046FC
:1052B0000AF049FFA81E18BF012003B0F0BD434803
:1052C00009F0B6FD94F87430012BEED00123D4F828
:1052D0009020A76584F87430212384F8753010235A
:1052E00084F876300223A567A4F85E30384B226636
:1052F000A366B4F85E309BB2FF2B19D9FF23A4F844
:105300005C304FF08073616E112904D1AA2A02D05B
:10531000B2F52A4F19D1226EAA2A0FD10022226695
:10532000B4F85E2092B2FF2A00D8236E294A0DE01D
:10533000B4F85E30A4F85C30236EE4E7226EB2F578
:105340002A4FEDD14FF00072E9E7002200921021C0
:1053500094F85C2004F13400FBF70CFD00231E4A96
:1053600084F87430A36E934203D01C4A934218BF52
:10537000F225626B13681D43194B15601D68D4F844
:105380008430B5FBF3F35A255D4394F8943013F061
:105390001E0F01D1013D12D1B4F98E10B4F98C0069
:1053A000FDF7AAF80846FDF7A7F81DB194F8943068
:1053B000082B08D000213046FFF702FC75E70120DA
:1053C000FCF788FFE1E7022571E700BFDD950108E2
:1053D000775A000800200080995B0008ED5600080D
:1053E00000000024F8B590F841300446602B4FF0DF
:1053F000000317D1202280F84030B0F95A1080F80D
:105400004120026803631368B0F9580023F0FE03DB
:105410001360FDF771F80846FDF76EF8022384F873
:105420006030F8BD90F86C60071F036380F840306F
:1054300006B18668656C0021384615F0040518BF72
:105440001425FFF7BDFB86B102232046A66084F831
:105450006C30FBF79DFD3846FBF7D6F90146384620
:10546000FBF704FA2046FBF749FD45F00205EDB2D3
:1054700084F86050D5E7806B836B0BB100221A650E
:10548000C36B0BB100221A65FFF7ACBF70B5344A8D
:10549000002590F84130044680F84250283BC26213
:1054A0004585426C022B41EA0201416428D8032160
:1054B000FBF706FC282380F841302A4BA06B63637E
:1054C000236B78B3112B01D0212B2BD123681A68C1
:1054D000510403D51A6822F480421A6090F83530DE
:1054E000012B1AD0204B0365002384F84030FBF7D2
:1054F00099FD002833D0A06B036DBDE870401847BC
:1055000048F20301FBF7DCFB90F84130602B02D03E
:10551000202380F841300023D0E72046BDE87040CA
:10552000FFF760BFE06B0028F7D0122B01D0222BD1
:10553000F3D123681A68120403D51A6822F40042D2
:105540001A6090F83530012BE7D0074B0365002334
:1055500084F84030FBF766FD08B1E06BCCE770BD26
:105560000000FFFF7958000877540008F8B5036879
:10557000202204460E461F6890F84150DA6105F07B
:10558000F705212D73D148F20101FBF799FB256343
:10559000236820465A6842F400425A605A6822F052
:1055A000FF7222F48B3222F4FF7222F001025A6061
:1055B000FBF76AFC79045FD52268136823F4804303
:1055C0001360A36B2BB31B68464A93421ED018325C
:1055D00093421BD01832934218D01832934215D000
:1055E0001832934212D0183293420FD0183293429D
:1055F0000CD01832934209D002F55672934205D06E
:105600001832934202D018329342FFD05B689BB2AB
:105610006385730710D5236826F004065A6A636A07
:105620001A70636A01336362238D2BB1013B2385BA
:10563000638D013B9BB26385638D9BB21BB1636C31
:1056400043F004036364002384F84230656C6363B1
:10565000DDB1616C2046FFF719FF94F84130282B2B
:105660003FD131462046BDE8F840FBF75BBC222D18
:105670008ED148F2020188E73A04CAD5226813683D
:1056800023F400431360E36B9CE7E36A13F5803F68
:1056900015D02046FBF7ECFD134B84F84050E36235
:1056A000202384F8413094F86C302563022B01D11B
:1056B00084F86E502046BDE8F840FBF71FBC94F814
:1056C000413084F84050222B4FF0200384F84130C1
:1056D000256304D12046BDE8F840FBF757BD84F8A8
:1056E0006D50F8BD100002400000FFFFF8B590F8C3
:1056F000403004460E461546012BC76A00F0B780BD
:1057000001238A0680F8403003D5AB0601D5FFF7A8
:105710002DFFF20640F1A380EB0640F1A080E90BDB
:10572000A80B41EA9535ED0740F19580E26B52B345
:1057300011F0010326D013684E4A93421ED018324E
:1057400093421BD01832934218D01832934215D08E
:105750001832934212D0183293420FD0183293422B
:105760000CD01832934209D002F55672934205D0FC
:105770001832934202D018329342FFD05B68B3FADA
:1057800083F35B091A46A36B4BB3C10727D51B688C
:1057900038498B421ED018318B421BD018318B42B6
:1057A00018D018318B4215D018318B4212D01831D5
:1057B0008B420FD018318B420CD018318B4209D05C
:1057C00001F556718B4205D018318B4202D0183149
:1057D0008B42FFD05B68B3FA83F35B090BB9012AF4
:1057E0001FD194F84130282B0AD1B7F1007F07D19F
:1057F00031462046FBF796FB002084F84000F8BDB8
:1058000094F841202368292A4FF01002DA61F3D17D
:1058100017F5803FF0D02046FBF736FBFBF728FD5D
:10582000EAE723681022DA6137F08072636C43F094
:105830000403636494F84130DBB2DDD103F0F70375
:10584000212B01D1236301E0222BFBD0616C204688
:10585000FFF71CFED0E723681022DA61CCE732079D
:10586000CAD52B07C8D52046FBF74BFAC4E7022060
:10587000C5E700BF10000240F8B590F8403004467C
:105880000D461646012BC76A7DD001238A0680F893
:10589000403003D5B30601D5FFF768FEE80634D5DE
:1058A000F10632D5638D9BB203BB94F84130282BAF
:1058B0000AD1B7F1007F07D129462046FBF732FB1A
:1058C000002084F84000F8BD94F841202368292A7C
:1058D0004FF01002DA61F3D117F5803FF0D0204687
:1058E000FBF7D2FA2046FBF7C3FCE9E72368102256
:1058F000DA61636C43F00403636437F08073DFD1D3
:10590000616C2046FFF7C2FDDAE76A071AD5730714
:1059100018D5638D9BB26BB123685A6A636A1A709B
:10592000636A01336362238D013B2385638D013BF1
:105930009BB26385638D9BB2002BC1D117F5803F6D
:10594000BED0CFE7280705D5310703D52046FBF7A2
:10595000D8F9B5E7AA07B3D5B307B1D5638D9BB224
:105960006BB1636A226813F8011B91626362638DF5
:10597000013B9BB26385238D013B2385A0E737F074
:105980008073AFD09CE702209DE737B503682022E3
:1059900004460D46DA6190F84130212B37D10121C0
:1059A000FBF78EF9112323632368E9065A6822F076
:1059B000FF7222F48B3222F4FF7222F001025A604D
:1059C0004FF000026263A2F58032E26205D5102238
:1059D000DA61626C42F00402626494F84120602A49
:1059E00005D16A0703D55B6ADBB20193019B2046B0
:1059F000FBF74AFA636C94F84120602A00D07BB12F
:105A0000616C204603B0BDE83040FFF73FBD90F821
:105A10004130222BC8D10221FBF752F91223C2E7F1
:105A200094F84120212A12D1202284F8403084F8B1
:105A30004120236394F8422084F84230402A01D167
:105A400003B030BD03B0BDE83040FBF7A7B994F810
:105A50004120222AF4D1202284F8403084F84120C9
:105A6000236394F8422084F84230402AE8D0082387
:105A700084F86030E4E773B590F8403004460D4692
:105A80001646012B00F086800123CA0680F84030BC
:105A900017D5F30615D503681022DA61436C43F07D
:105AA00004034364FBF7F0F9AA0605D5B30603D552
:105AB00029462046FFF769FF002084F8400002B025
:105AC00070BD680712D5710710D5236825F004054D
:105AD0005A6A636A1A70636A01336362238D013BF9
:105AE0002385638D013B9BB26385DDE7AA0707D55C
:105AF000B30705D5636A226813F8011B9162ECE7CE
:105B0000280632D5710630D5638D22689BB203B367
:105B1000208DF0B95168638DC1F309019BB2FF2B51
:105B200008D9FF224FF08073009022852046FBF7B2
:105B300021F9B9E7628DE36A92B213F5803F2285BD
:105B4000D2B202D0E36A0090F0E74FF00073009009
:105B5000ECE753689A0103D42046FBF7A3F9A3E7C7
:105B600040212046FFF792FC9EE76B069CD570060D
:105B70009AD5638D9BB2002BF2D123685A689101AC
:105B800092D4E26A12F5803FE6D15A6842F480422C
:105B90005A6089E7022092E713B590F84030044636
:105BA000012B00F08780012380F84030CB061ED502
:105BB000D0061CD5102322683F49D361636C43F0A3
:105BC00004036364636B8B420FD03C498B420CBF70
:105BD00060232023116820460B431360FBF754F920
:105BE000002084F8400002B010BD6023F2E70B06ED
:105BF00043D5500641D523681A6822F040021A6046
:105C0000628D92B26AB35968638DC1F309019BB288
:105C1000FF2B1BD9FF2323854FF0807300222046E2
:105C2000009294F82820FBF7A5F8638D228D9B1A2B
:105C30009BB2638594F84130222B23681A680CBF0D
:105C400042F4004242F480421A60C9E7638D238522
:105C5000E36A13F5803F01D0E36ADFE74FF000739A
:105C6000DCE75B689A0103D42046FBF71BF9B7E732
:105C700040212046FFF70AFCB2E74B0612D550063A
:105C800010D5638D9BB2002BF2D123685A68920124
:105C9000A6D4E26A12F5803FE6D15A6842F4804207
:105CA0005A609DE788069BD5930699D52046FFF755
:105CB0006CFE95E7022096E7995B0008ED56000818
:105CC000036899691A6810B4CC0508D5140606D57E
:105CD000446C44F0010444644FF48074DC614C056E
:105CE00008D5140606D5446C44F0080444644FF407
:105CF0008064DC61890508D5120606D5426C42F045
:105D0000020242644FF40072DA61416C11F00B0F31
:105D100003D05DF8044BFFF7B9BB5DF8044B704747
:105D2000054B07B518680190FBF7E0F8019803B040
:105D30005DF804EBFFF7C4BF1C100024054B07B54A
:105D400058680190FBF7D2F8019803B05DF804EBB6
:105D5000FFF7B6BF1C100024054B07B598680190EB
:105D6000FBF7C4F8019803B05DF804EBFFF7A8BF98
:105D70001C100024054B07B5D8680190FBF7B6F856
:105D8000019803B05DF804EBFFF79ABF1C100024E4
:105D9000854A136803F00F038B422DE9F041044656
:105DA0000D46C0F0888023685F0700F192801E07CF
:105DB0000BD57E496669C86900F07000864204D937
:105DC000CA6922F070023243CA61D8060BD57749FE
:105DD000A669C86900F4E060864204D9CA6922F461
:105DE000E0623243CA6199060BD57049E669086AD8
:105DF00000F07000864204D90A6A22F07002324331
:105E00000A629A070BD56949E668886900F00F00B5
:105E1000864204D98A6922F00F0232438A61DF0781
:105E200065D423689E0700F197805F490A6802F0F5
:105E30000F029542C0F09E80580700F1A680190716
:105E40000BD55A496569C86900F07000854204D2D3
:105E5000CA6922F070022A43CA61DA060BD5534997
:105E6000A569C86900F4E060854204D2CA6922F4D9
:105E7000E0622A43CA619B060BD54C4AE069116A6D
:105E800001F07001884204D2136A23F070030343C7
:105E90001362FEF71BFA454A93699269C3F3032321
:105EA000434AD35C03F01F03D840424B1860FEF70F
:105EB000EFFD00200BE0136823F00F030B4313608A
:105EC000136803F00F038B423FF46DAF0120BDE870
:105ED000F08136492669886900F0700086427FF6B5
:105EE00066AF8A6922F0700232438A615FE72F4B06
:105EF000A1689A6922F470620A439A6162681B6819
:105F0000022A1CD113F4003FE0D0284E41F2883819
:105F1000336923F0070313433361FCF737FB07466C
:105F20003369626803F03803B3EBC20F3FF479AF13
:105F3000FCF72CFBC01B4045F2D90320C7E7032A1E
:105F400002D113F0007FDFE7012A02D113F4807F32
:105F5000DAE713F0040FD7E71449E668886900F020
:105F60000F008642BFF461AF8A6922F00F0232430C
:105F70008A615AE70A6822F00F022A430A600A6817
:105F800002F00F029542A1D156E7084925698869B8
:105F900000F070008542BFF452AF8A6922F07002AF
:105FA0002A438A614BE700BF002000520044025898
:105FB0000497010800000024F8B503680446D807D8
:105FC0005FD42368990700F1B1802368DA0628D5E9
:105FD000AC4B1A69996A02F03802082A07D0182ACD
:105FE00040F0118101F00302012A40F00C811B688E
:105FF000DB0502D5E369802B56D1A34B216A1A68D1
:1060000041F20303B3EB124F9E4BC0F0F5805A6888
:10601000202922F0F8420CBF42F0804242EA81621D
:106020005A602368190700F1338123689A0600F14A
:10603000548123685D071ED5944D2B6843F480730B
:106040002B60FCF7A3FA06462B68DA0540F16A815B
:10605000A3688C4D012B40F06C812B6F43F0010342
:106060002B6741F28837FCF791FA864E0546336F6D
:106070009B0740F18481606A002840F087810020FE
:106080002AE0804B1A69996A02F03802102A05D07A
:10609000182A0BD101F00302022A07D11B689A03C8
:1060A0008FD56368002B8CD1012015E06268B2F5B2
:1060B000803F12D11A6842F480321A60FCF766FA07
:1060C000704E054633689B033FF57BAFFCF75EFAE5
:1060D000401B6428F6D90320F8BD6A4D2B689AB995
:1060E00023F480332B602B6823F480232B60FCF790
:1060F0004DFA06462B689F037FF563AFFCF746FA1F
:10610000801B6428F6D9E6E7B2F5A02F07D143F447
:1061100080232B602B6843F480332B60CEE723F47D
:1061200080332B602B6823F48023F6E7554B1A69E4
:10613000996A12F0380203D0182A20D18E071ED196
:106140001B685D0702D5E368002BADD04E4B21697B
:106150001A6841F20303B3EB124F4A4B5A6809D352
:1061600022F47C3240290CBF42F4003242EA013270
:106170005A602AE722F0FE4242EA0162F8E7E1684B
:106180001A6841B322F019023E4D0A431A60FCF727
:10619000FDF906462B68580712D53B4B2269196852
:1061A00041F20303B3EB114F6B680FD323F47C333D
:1061B000402A0CBF43F4003343EA02336B6004E728
:1061C000FCF7E4F9801B0228E4D984E723F0FE43BE
:1061D00043EA0263F2E722F001022A4E1A60FCF75A
:1061E000D5F90546336859077FF5EFAEFCF7CEF9D0
:1061F000401B0228F6D96EE7DA6822F07C5242EAA8
:106200000162DA600DE7E26952B31A681D4D42F08F
:1062100080021A60FCF7BAF906462B68DF0512D532
:10622000194B226A196841F20303B3EB114F10D3E3
:106230006B68202A23F0F8430CBF43F0804343EA05
:1062400082636B60EDE6FCF7A1F9801B0228E4D9BC
:1062500041E7EB6823F07C5343EA0263EB60E0E63E
:106260001A68084E22F080021A60FCF78FF9054682
:106270003368D8057FF5D5AEFCF788F9401B0228B6
:10628000F6D928E7004402580010005C0048025884
:106290006369964D83B16B6F43F001036B67FCF745
:1062A00075F906466B6F9B073FF5BFAEFCF76EF9BD
:1062B000801B0228F6D90EE76B6F23F001036B6792
:1062C000FCF764F906466B6F9F077FF5AEAEFCF7EF
:1062D0005DF9801B0228F6D9FDE6A369834D83B1E1
:1062E0002B6843F480532B60FCF750F906462B686B
:1062F00098043FF59EAEFCF749F9801B0228F6D9B9
:10630000E9E62B6823F480532B60FCF73FF906463F
:106310002B6899047FF58DAEFCF738F9801B0228B5
:10632000F6D9D8E6FCF732F9801B64287FF68CAEEC
:10633000D1E6B3B92B6F41F2883723F001032B6705
:106340002B6F23F004032B67FCF720F906462B6F15
:1063500098077FF590AEFCF719F9801BB842F6D983
:10636000B9E6052B2B6F03D143F004032B6774E6CA
:1063700023F001032B672B6F23F0040370E6FCF777
:1063800005F9401BB8427FF672AEA4E6574D2B6963
:1063900003F03803182B7AD02B68022823F080737F
:1063A0002B6067D1FCF7F2F806462B6899015BD4A5
:1063B000AB6AA26A23F47C7323F003031343E26AFB
:1063C00043EA0213AB62636BA26B013B013A5B02CF
:1063D00012049BB202F4FE021343226B013AC2F391
:1063E00008021343E26B013A120602F0FE42134325
:1063F0002B63EB6A23F00103EB626B6BA26C23F45B
:106400007F4323F0F80343EAC2036B63EB6A226C19
:1064100023F00C031343EB62EB6A626C23F002037C
:106420001343EB62EB6A43F48033EB62EB6A43F4B1
:106430000033EB62EB6A43F48023EB62EB6A43F0D8
:106440000103EB622B6843F080732B60FCF79EF82E
:10645000264D04462B689A013FF511AEFCF796F8DD
:10646000001B0228F6D936E6FCF790F8801B0228BC
:106470009BD930E6FCF78AF804462B689B017FF530
:10648000FEADFCF783F8001B0228F6D923E60128AD
:10649000AA6A2B6B3FF420AE02F00301A06A81428E
:1064A0007FF402AEC2F30512E16A8A427FF4FCADCA
:1064B000226BC3F30801013A91427FF4F5AD626BA0
:1064C000C3F34621013A91427FF4EEADA26BC3F3D0
:1064D0000641013A91427FF4E7ADE06BC3F30663F6
:1064E0000138181A18BF0120F6E500BF0044025811
:1064F0002C4B4FF4165210B59A60C4B01A682A4B50
:106500009A424CD10021BC2215A8042410F03EFE72
:10651000264B1494196F11F0020113D1482202A8DE
:1065200010F034FE0123019403930A93204C214B75
:10653000D4F88C209A42FBD101A8FFF73DFD4FF41F
:106540004073E360194B1B6F9B0710D5184C194B18
:10655000D4F88C209A42FBD1052314A83993FDF777
:10656000B7F94FF44073E360FDF7FAFF38B1012348
:1065700014A83993FDF7ACF9FDF7F2FF08B944B060
:1065800010BD00230A4C39930A4BD4F88C209A4250
:10659000FBD114A8FDF79CF94FF44073E360FDF7BD
:1065A000DFFFECE76C120024000C00580044025896
:1065B000006402580003008030B5C5B048220021B5
:1065C00002A810F0E3FDC022002114A810F0DEFDA7
:1065D0004E4B1A68002A40F0968001224C4D1A60FA
:1065E0004C4A136843F4807313604B4BD5F88C20EE
:1065F0009A42FBD1082301A8019300230A930123A7
:106600000693FFF7D9FC10B1444808F011FC444C44
:1066100014A8236923F47C532361236F43F400738C
:1066200023674FF4800314934FF400734193FDF7F5
:106630004FF908B13B48E8E74FF440737F21F92256
:10664000EB60236F43F400432367374C374B84F8E8
:1066500021002360606020616061C4E9021294F847
:106660002120C4E9060002F0FF010AB984F82010D5
:10667000022284F82120CA225A6253225A62FCF76D
:10668000B7F808BB22682069936823F4E00323F07D
:1066900040039360636891680343A06903430B431D
:1066A0009360D4E9021343EA01431361FCF77AF8DB
:1066B00050B922686569D36C23F00303D364E3699E
:1066C000D16C2B430B43D3642368FF255D6240B933
:1066D000012194F820208A4284F8211003D1144823
:1066E00093E7144891E7022284F82120CA225A62D3
:1066F00053225A629A6842F020029A605D6284F8DE
:10670000200084F8211045B030BD00BF3C0E0024AD
:1067100000640258004802580003008003960108F4
:106720000044025823960108400E002400400058FF
:10673000679601084C960108764B70B51C68C4B08A
:106740001CB1FBF7EDFE44B070BD0125C02221460F
:1067500014A8714E1D6010F019FD4C22214601A8AD
:1067600010F014FD337833B304230A940193052306
:106770000393802314934FF4C0433C936749684BC1
:10678000D1F88C209A42FBD101A8FFF715FCD8B1B3
:106790000023082201A833700A938023019201226A
:1067A00014934FF4004306923C93FFF705FC58B155
:1067B0005C4808F03DFB08220A938023069501926D
:1067C00014934FF40043D8E714A8FDF781F808B1FB
:1067D0005548EEE7554B4FF6FF755549D3F8F42071
:1067E00042F40062C3F8F420D3F8F42002F400620B
:1067F0000092009AD3F89C2042F40062C3F89C20D7
:10680000D3F89C2022F40062C3F89C20D3F8A8207F
:1068100042F40062C3F8A820464A136843F4801388
:106820001360136C23F4801313644FF440723B4BDA
:10683000DA604FF48022404B83F8360093F83640FC
:106840001960D8611863C3E90552C3E901001A460B
:10685000C3E90300C3E90800C3E90A000B460CB909
:1068600082F835000224354982F83640DD68294037
:10687000D9600123324982F83630324B9B68C3F825
:106880007012BFF34F8F1368996841F0010199604E
:10689000996841F008019960516882F836400129F1
:1068A00007D0916AB1F5000F03D1D96821F4606176
:1068B000D960196944F6206441F001011961102181
:1068C00059604FF6FF7199611F490968B1FBF4F4F3
:1068D0004FF47A71614301391C6808BF0320E40654
:1068E00001D40029F7D1032806D0196941F0040129
:1068F0001961012182F8361008225A6000225A617B
:106900001A681207FCD508225A6001220F4B1A7030
:1069100019E700BF000E002440190024006402584B
:1069200000030080819601089A96010800440258ED
:10693000002C005890000058040E0024FEF119FFAE
:106940000919000800ED00E00000002431100024C7
:1069500090F8BC230368012A21D0012280F8BC23CF
:10696000826A012A06D18269012A03D09A6B42F415
:1069700080329A639A6842F001029A60D3F8002E3E
:1069800022F00302C3F8002ED3F8042822F00202FA
:10699000C3F80428002380F8BC331846704702204F
:1069A000704700002DE9F74F0023DFF8BC81DFF8C6
:1069B000BCC14FF0B0490A6832FA03F402D103B007
:1069C000BDE8F08F01279F403A4000F0B6804C6848
:1069D0004FEA430E032524F0100A05FA0EF50AF1DA
:1069E000FF36ED43012E10D8866806EA050BCE6807
:1069F00006FA0EF646EA0B068660466826EA0707A0
:106A0000C4F300169E4037434760C768BAF1020FCF
:106A10008E6807EA050706FA0EF646EA0706C6601C
:106A200014D14FEAD30A03F0070B0F2700EB8A0AB1
:106A30004FEA8B0BDAF8206007FA0BF726EA070714
:106A40000E6906FA0BF63E43CAF820600668354028
:106A500004F0030606FA0EFE4EEA05050560E500A1
:106A60006BD5D8F8F45023F0030603F003074FF07A
:106A70000F0E45F0020506F1B046BF00C8F8F4500D
:106A800006F58066D8F8F45005F002050195019DE1
:106A90000EFA07F5D6F808A02AEA050E314DA842ED
:106AA0004DD005F58065A8424BD005F58065A8421C
:106AB00049D005F58065A84247D005F58065A84214
:106AC00045D005F58065A84243D005F58065A8420C
:106AD00041D005F58065A8423FD005F58065A84204
:106AE0003DD005F58065A8420CBF09250A25BD40AB
:106AF000E70345EA0E05B5606FEA0206DCF80050D0
:106B000054BF35401543A703CCF80050DCF80450BF
:106B100054BF35401543E7024FF0B047CCF804505E
:106B2000D9F8005054BF35401543A4023D607D683C
:106B300054BF35401543C9F8045001333BE70025E5
:106B4000D5E70125D3E70225D1E70325CFE70425C3
:106B5000CDE70525CBE70625C9E70725C7E70825C3
:106B6000C5E700BF000002580044025880000058EA
:106B70000A4BDA6842F00102DA60DA68D2070BD514
:106B8000D3F80C2142F00102C3F80C21D3F80C0118
:106B9000C04300F001007047012070470020005200
:106BA000104BDA68D20706D40E4BD3F80C0110F064
:106BB00001000AD170470C4A5A6002F188325A60CB
:106BC000DB68DB07F0D501207047074AC3F80421D2
:106BD00002F18832C3F80421D3F80C0100F001005F
:106BE000704700BF002000522301674538B50446B6
:106BF000FBF7CCFC05460134FBF7C8FC431BA34262
:106C0000FAD338BDF0B5A5B020220021044609A86A
:106C100010F0BCFA4C22002111A810F0B7FA564B24
:106C20009B6A03F00303022B34D0534B0227534ECD
:106C30000025D3F8E02004A9304642F08002C3F8D2
:106C4000E020D3F8E030079503F080030393039B23
:106C50000123CDE904730693FFF7A4FE0A20FFF792
:106C6000C5FFB761FBF7C4FC454BF4B90194DA6A80
:106C700022F00102DA62DB6A03F001030193414B67
:106C80009A6942F440429A619B6903F4404301933C
:106C9000019B1FE0012109A8CDE90911FFF778F850
:106CA0000028C2D0002025B0F0BD0295DA6A22F09B
:106CB0000102DA62DB6A334A03F00103029393694B
:106CC00023F4404343F480439361936903F44043C6
:106CD0000293029B2B4A93699D04FCD521214FF41A
:106CE000A0230522002C4FF0080511A81C920CBF10
:106CF000A02228222195CDE9111301231D92002203
:106D00001793022323921E9320932292CDE91A33E4
:106D10000A231F93FFF750F901460028C2D13F22F2
:106D20000323CDE9092340234FF48062CDE90B050D
:106D3000CDE90E320D931093E4B109A8FFF728F8BE
:106D40000028AFD10C4B01201A6842F080021A6073
:106D5000D3F8F42042F00202C3F8F420D3F8F43060
:106D6000074A03F002030093009B136A43F00103F8
:106D7000136298E70421E0E700440258001C02581F
:106D8000000400580048025808B50120FFF73AFFF8
:106D900010B9024808F04CF808BD00BFBB960108C6
:106DA00073B505460C200E46019207F0E7FA002362
:106DB0002946019A0446C0E90133074B0360FAF7FC
:106DC00063FB054630B1236820465B689847284638
:106DD00002B070BD3460FAE7149A010873B5054635
:106DE0000C200E46CDE9003207F0C8FA0021044617
:106DF000C0E901110849DDE9003201602946FAF7CE
:106E0000E5FA054630B1236820465B689847284676
:106E100002B070BD3460FAE7409A010803682DE9BA
:106E2000F041DB6E04460D469847804640F2011063
:106E300007F0A4FA2368002706461B6F2946204660
:106E4000984723683246294620465B6E98470028BB
:106E500001DD0137F5E723684246294620469B6E4F
:106E60009847304610F02CF93846BDE8F081000014
:106E700010B50446EFF3058313B16FF0050010BDA4
:106E800008F0DEF90028F8D120464FF0FF31DFF896
:106E900008C000DFF3E700BFE9CE00080368013354
:106EA000036000207047F7B5089F0E460468194636
:106EB000C0690023256800970027E0FB06232046D1
:106EC00001976D69A84703B0F0BDF7B5089F0E465E
:106ED00004681946C0690023256800970027E0FB75
:106EE000062320460197AD69A84703B0F0BD37B52A
:106EF0000468C36900202268009301902046D56988
:106F0000A1FB0323A84703B030BD006803681B69D9
:106F10001847002807DC10F1160F04DA10F1340FBF
:106F200008BF6FF08900704770B50A440E4E0368C1
:106F300093FAA3F393FAA3F30360914212D011F8EA
:106F4000014B84EA030505F00F0556F8255085EA44
:106F5000131383EA141404F00F0456F8244084EA4F
:106F60001313EAE7036070BD789D010843798279C5
:106F70000433C0791344184470470B6810B5046893
:106F80009C4209D040684A68904205D0944203D0A0
:106F9000181A18BF012010BD0020FCE70368013358
:106FA00004D04068431C5842584170470120704744
:106FB00003681A6AC36AD31A1944B1FBF2F302FBDD
:106FC0001311036B8B4210B50BD94C09C26B012313
:106FD00001F01F0103FA01F152F824300B4342F88B
:106FE0002430002010BD036808461847036910B517
:106FF000044613B150F8041B9847204610BD38B51D
:10700000036804460D46DB6F984723682D692046C8
:10701000D3F880309847284638BD38B50368044611
:107020000D46DB6F98472368ED682046D3F8803023
:107030009847284638BD38B5036804460D46DB6FCF
:10704000984723686D692046D3F8803098472846D2
:1070500038BD03680122D3F88430184708B5064BC1
:1070600053F820000368DB6A984780B2B0F5007FD0
:1070700038BF4FF4007008BD981A002473B5104E45
:1070800005460C4656F82030BBB1FFF7E7FF2368F2
:107090006468024656F8250001340168E41AA4FB2E
:1070A0000245A2FB0323CDE90045096A8847002871
:1070B00014BF0420002002B070BD0320FBE700BF16
:1070C000981A00242DE9FF4716461C468046DFF833
:1070D00044900391FFF7C2FFA0FB0667A0FB0445A5
:1070E00059F8280032460368CDE90045D3F81CA0C2
:1070F0003B46D04750B959F82800324603990368F7
:10710000CDE900459C693B46A04700B1042004B08E
:10711000BDE8F087981A00247FB5164605461C4640
:107120000391FFF79BFF0A4A0346039952F8250093
:10713000A3FB04450268CDE900455469A3FB06237F
:10714000A047002814BF0420002004B070BD00BF79
:10715000981A00240A4B37B5044653F820000368F8
:107160009B6B9847054620460191FFF777FF002368
:1071700002460199284612F05DF903B030BD00BF08
:10718000981A002413289ABF014B185640427047A2
:10719000E29B0108036800229B6F184702461F4BC1
:1071A0001F4980B2B2F5805F28BF0B46F0B51C1DA9
:1071B00034F8043C2146ABB1984213D334F8025C56
:1071C0002E12EFB253FA85F5AA4221DA082E09D819
:1071D000DFE806F005090F11131517191B00D31A64
:1071E00034F81300F0BDC31A03F00103C01A80B2D3
:1071F000F8E71038FBE72038F9E73038F7E71A38B6
:10720000F5E70830F3E75038F1E7A0F5E350EEE793
:107210000434002ECCD101EB4703C8E7509F01088E
:1072200042A101080749002310B531F8024B9AB278
:10723000844203D00133802BF7D11A4602F180003B
:10724000C0B210BD769C010813128A76CB76037803
:10725000032B01BF120C0A7512124A7570470328DE
:10726000CA7E8B7E08BF487D43EA022302BF0A7DA7
:1072700042EA002243EA02431846704760B10368BD
:107280005BB11A785AB18088DA88904216BF09201B
:10729000002000230B60704703460920FAE709200D
:1072A0001346F7E7026810B504465AB1114611F8C3
:1072B000013B1F2B11D93A2BF9D11378303BD8B2AF
:1072C000092802D94FF0FF3006E002329142F9D18D
:1072D000032B1846F6DC216010BD0020FCE7036A92
:1072E0000239023B8B4283BF4389406B01FB0300A1
:1072F0000020704738B5C378044613B900252846E6
:1073000038BDD0E90E2101234078FFF7DBFE0546AA
:1073100080B9A16BE36A626ACB1AE0709342EDD246
:10732000A378022BEAD10A440123E16B6078FFF7CE
:10733000C9FEE4E70125E2E70B0A017043700B0C7C
:10734000090E8370C170704742884378007843EA21
:10735000022340EA032070472DE9F0470027D0F8C8
:10736000009006460C468F758369002B00F0A180C3
:10737000C36A013303D100232E251A4648E0B846DC
:107380003D4613E0B0F5803F2DD2FFF74BFFFF28BD
:10739000034626D9BAF1010F25D963190212D8750F
:1073A0009A7502231D44002002378046D9F8103018
:1073B000D85BC8B1B8F1000F05D100F5205292B2E8
:1073C000B2F5006FF0D340EA0840C5F1FF0A7F280C
:1073D000D8D883B2BAF1000F0FD062199375012388
:1073E000E0E70028F6D10025B8F1000F4FF00003C8
:1073F00018BF00252544AB75BDE75546F4E70B2BB8
:1074000003D81A46531C224451720B2814D002464A
:10741000F169501C895C2029F7D0052908BFE521B6
:107420000928ECD10B2BF2D804EB030703F101027E
:107430007D72E7D11346EAE7E21800215172A27D7E
:1074400012BBBBB16FF0080504F1090208202D1B27
:10745000AB1812F8011B81B12E298BB22BD0A3F1EE
:107460004101192904D8F169097B084200D0203371
:107470001373EDE73F23A3750123234400229A757C
:10748000F3691B7B03B96372F369DB7A03F03F0393
:107490002372F16901F11C00FFF756FF2060CA7DDD
:1074A0008B7D43EA0223E3804A7E0B7E43EA02237C
:1074B000A380BDE8F0871020DAE713B50C46A430AE
:1074C000019006F0CBFEA469019807F027FF204643
:1074D00002B0BDE81040FFF71CBD37B50D46A43023
:1074E000019006F0BBFEEB696C6913F4003F019854
:1074F00003D02B6A9C4238BF1C4607F00FFF204682
:1075000003B0BDE83040FFF704BD13B50C46A4300E
:10751000019006F0A3FE246A019807F0FFFE2046C2
:1075200002B0BDE81040FFF7F4BC10B50C4682690C
:10753000FF21A0680FF02AFE4FF0FF33236010BD3B
:1075400037B50546A4300C46019006F087FE05F1DC
:1075500024026B6A01981BB19C420DD12368136011
:1075600007F0DCFE14B120460FF0AAFD002003B0A6
:10757000BDE83040FFF7CDBC1A461B68EBE7036857
:107580009B6A10B5044613B9C0690FF099FD2368D2
:10759000DB6A13B9A06A0FF093FD23681B6B23B954
:1075A000E06BBDE810400FF08BBD10BD70B500F171
:1075B000A4060546304606F051FED5F8904064B169
:1075C00005F11400FFF7DBFFD5F890000368DB68D6
:1075D000984700230446C5F89030304607F09EFED9
:1075E000204670BD036873B50C46DB6F06469847AE
:1075F00001A92046FFF742FE054600B92060336826
:107600003046D3F88030984714B120460FF058FD2B
:10761000284602B0BDE87040FFF7B4BD08B10FF0D6
:107620004FBD704738B58B6A04460D460160CBB13B
:10763000C361EB6A13B3A36204F120012846FFF78C
:1076400074FF4FF0FF33636123681A6BEAB1E263A2
:1076500000204FF0FF33C4E90300C4E90133A4F86C
:10766000400038BD48690FF023FDE0610028E0D1FB
:107670002046FFF784FF6FF00B00F2E7A8690FF0D8
:1076800017FDA0620028D7D1F2E7586AC0080FF0B2
:107690000FFDE0630028DBD1EAE72DE9F341054661
:1076A0000191FFF727FE044680BB01992846FFF7AA
:1076B00016FE2146A8630746AA89E86B0FF066FD0F
:1076C0006C89AE897443B4F5004F28BF4FF4004471
:1076D000A6421DD220460FF0EBFC804638BB640862
:1076E000F6E72346BA1941466878FFF7EBFC18B96C
:1076F00026446B89B342F4D840460FF0E1FC688918
:10770000801B18BF012002B0BDE8F0810120FAE71C
:10771000EC6B00266B89B342F1D90123BA192146DB
:107720006878FFF7CFFC0028E9D10136F2E722465E
:1077300000210FF02BFDB4FBF6F40026D9E7000082
:107740000C4B03F10802883310B504460260436015
:10775000FFF72CFFD4F8A4000BF0DAF8064B204614
:1077600003F108023433226040F8043F08F082FB42
:10777000204610BDC09E0108589E0108A0F10400DB
:10778000FFF7DEBF10B50446FFF7DAFF20460FF023
:1077900097FC204610BDA0F10400FFF7F3BFF7B53A
:1077A0000C460968064617464B1C21D000688369C1
:1077B00000938568D4E90123A847054620B937B965
:1077C00021463068FFF7B1FE284603B0F0BD3368AC
:1077D000394630469B690193A3680093D4E900239E
:1077E000FAF70AFD002805DBEAD16FF03305EBE775
:1077F0000025E9E70546E7E72DE9F74F0C9C07462A
:107800000D4691469846DDF838A0BAF1000F03D135
:10781000504603B0BDE8F08F2B6838684345826955
:1078200028D16B68A34225D803EB020BA34521D9CD
:10783000ABEB040BE01AAB68D3450D99184428BF95
:10784000D3465A465C440FF093FC0D9B5B44AAEB75
:107850000B0B0D933B689A69B4FBF2F302FB1343E5
:1078600033B94A4629463846FFF799FF0028D0D158
:10787000DA46CAE7B4FBF2F302FB13434BBB924573
:1078800027D34146BAFBF2F302FB13AB2246AAEB25
:107890000B0ACDF800A083681E460D9BB047002858
:1078A000B7D1B9F1000F04D10D9B544453440D934B
:1078B000DEE70D9B42464946384600932346CDF805
:1078C00004A0FAF799FC0028A3DBEDD16FF0330098
:1078D0009FE7E31AD346C5F800806B60C8E7000055
:1078E00008B5034808F09AF9BDE8084007F016BD4E
:1078F000B40F002408B5034808F090F9BDE808402B
:1079000006F0ACBCB40F002470B50446FFF7F2FCDF
:10791000054600283FD12378032B35D12679012E47
:1079200032D10146A289E06B0FF030FCE36B5522A7
:107930004121722083F8FE21AA2283F8FF215223DD
:10794000E26B137053706123D1709370E26B82F815
:10795000E73182F8E40182F8E50182F8E611E06B94
:10796000A16900F5F470FFF7E7FCE06B616900F5D1
:10797000F670FFF7E1FCA26A3346E16B01326078F2
:10798000A263FFF79FFB25716278034B53F8220037
:10799000B0FA80F0400970BD981A002437B51E482F
:1079A00008F03CF906F05AFCF8F748FE78B91A4896
:1079B00008F034F906F052FCFEF7FEFD002000212D
:1079C000FAF738FF144808F029F907F0A7FCF8F790
:1079D0003DFE054610480C4608F020F907F09EFCD5
:1079E0006846CDE900540FF0E5F9D0E90232DB0238
:1079F00043EA0243426843EA4213026802EBD2724E
:107A000043EA620342690069503A013043EA426343
:107A100043EA405003B030BD701A0024F8B5C56980
:107A20000F460E68083DAE4213D3B6FBF5F00138A1
:107A300011F018FD841CA6EB8404B4FBF5F4204679
:107A400011F010FDA6EB800004FB150520463D60FB
:107A5000F8BD0020FCE72DE9F04F85B00F469146B8
:107A60009846109D0390DDE90E460DB9284659E071
:107A7000039B1868B9F1000F1ED0D9F800304345B8
:107A80001AD1D9F80410A14216D8826901EB020A72
:107A9000544511D2AAEB040A611AD9F80830AA4554
:107AA00028BFAA4630465246194456445444A5EBD2
:107AB0000A050FF05DFBD8E73A68436990450ED19F
:107AC00079688C420BD301EB030A544507D2AAEB29
:107AD000040A611ABB68AA4528BFAA46E2E7B4FBBC
:107AE000F3F203FB1242D0F804B08AB99D420FD3DF
:107AF00022464146B5FBF3FA03FB1A5A3346A5EB7F
:107B00000A050095D84768B92E442C445546ACE781
:107B1000A21A00934146BB68C7F800807A60D84734
:107B20000028A2D005B0BDE8F08F2DE9F04F8BB052
:107B3000914607468846149A07A900680DF1200B64
:107B4000013A0593DDF858A00792FFF767FF059B00
:107B50000546194605935046159B9847024618BBA3
:107B600015B305F001064A4600903846C6F10204F6
:107B7000059BA100CDE901B14146FFF76CFF02462C
:107B800090B9013C944207DC0AAB023E03EB84044B
:107B9000354454F8083CDCE708995046159B984753
:107BA00001220028EED0024610460BB0BDE8F08F4F
:107BB0002DE9F04786B005460F46144600F114093A
:107BC000D6184FF0010A0DF11708B44203D1002076
:107BD00006B0BDE8F08700943B460022494628469F
:107BE0000134CDE9018AFFF736FF0028F0D10122E8
:107BF00041460E98FFF798F9E7E71FB5069C0092FB
:107C00000022CDE901340B4600F11401FFF723FFF8
:107C100004B010BD2DE9F04F13688BB00026074665
:107C200004930C465368B0460DF1100B06AD4FF0AF
:107C3000100A05935BF826902B46002238464946E9
:107C4000CDF800A0FFF7D9FF70B110F1340F06D1C5
:107C500046B1B8F1000F14BF00206FF033000BB035
:107C6000BDE8F08F0126E5E7B8F1000F04D0E26926
:107C7000069B9B1A002BEBDB079B23F00043132B87
:107C8000E6D93A68D2699342E2D84FF0FF3303A8AD
:107C9000102229460393FFF747F9079B1022009013
:107CA000494623F000433846103BFFF781FF002888
:107CB000CBD1039B002BCBD10AAA86F0010304F1A0
:107CC0001C0CC4F8049002EB83034FF0010853F836
:107CD000183CC4E9023A95E80F008CE80F00B7E7BA
:107CE00070B500F1A4060C460546304606F0B6FA1B
:107CF00004F11002214605F11400FFF78BFF38B99B
:107D0000236963606369A3600E23A3611023E360AA
:107D10003046BDE8704007F001BB2DE9F041064652
:107D200000F1A4070C4615461436384606F096FABC
:107D300004F1100221463046FFF76CFFD0B92369E9
:107D400004F12408A56163606369A3601023E36004
:107D5000216A21F000439D4201D8E5600AE0002934
:107D6000A5EB030506DA424621463046FFF752FFEF
:107D70000028EDD03846BDE8F04107F0CFBA00004A
:107D80002DE9F04300F1A4070D46044699B03846AA
:107D900006F064FAC4F890502B6828469B68984710
:107DA000064648B10023C4F89030384607F0B6FACA
:107DB000304619B0BDE8F0832422014604F16C007E
:107DC00004F158090FF0E2F9404BA5652846E36538
:107DD00004F114083E4B23663E4B63663E4BA3669C
:107DE0002B685B6A9847D4F8943083422CBFE366D3
:107DF000E06628462B689B6A9847D4F898308342FF
:107E00002CBF2367206728462B68DB6A9847D4F885
:107E10009C3083422CBF6367606728462B689B6B4E
:107E20009847626F334611F005FBA0671F30D4F806
:107E3000A030494620F01F00834294BFE367E0670B
:107E40004046FFF7EFFB0546002833D1636902AADD
:107E50000DA940461B6AA664E364012302960393BE
:107E6000C4E91066FFF7D6FE054600BB20231022AA
:107E70000E994046009305ABFFF7BFFE0546B0B92B
:107E8000069B082215490BA8A361079BE36111F02B
:107E900085F8064648B90A9B1A0C012A02D19BB202
:107EA000012B82D96FF0150501E06FF033054046D4
:107EB000FFF765FB00233846C4F8903007F02EFA30
:107EC000284619B0BDE8F043FFF723B8A76E0008B5
:107ED000CB6E0008EF6E00080B6F0008909B010846
:107EE0002DE9F043012397B00F4606460021904646
:107EF000CDE9051305994046B847044610BB0699DD
:107F00004046B8470446E8B905AA0BA93046FFF732
:107F100081FE0446B0B90C25139B0E9A23F0004352
:107F200002F10C01043B994210D9149B05A805935A
:107F3000159B0693FFF732F80028DBD0F56806F1B1
:107F400014094DBB204617B0BDE8F0830C9908AB6F
:107F500030460095FFF751FE0146002842D107A8A0
:107F6000FFF704F80E9B18449DF8203003F07003CF
:107F70000E90102BD0D10A9B002BCCD00A46009338
:107F800006F11401099B3046CDE90178FFF7CDFDDC
:107F90000028C0D00446D5E7EB69DA0312D4EB69B8
:107FA0009B030DD52B6A5BB1009305F12C0249466A
:107FB0003046CDE901786B6AFFF7B7FD0028E9D1BB
:107FC0002D68BEE76B69002BE9D0009305F12C0208
:107FD00049463046CDE901782B69FFF7A6FD002818
:107FE000DDD0D7E70446ADE72DE9F04104460D4664
:107FF0000127304E4FF00008226BD4E90D13914257
:1080000024D1002B52D02068E16AD0F820C00A4465
:10801000B2FBFCF10CFB11220021E262426AE06B30
:10802000934294BF23632263D208C4F834800FF0D4
:10803000ADF8201DFEF7B2FF0028DDD12246314603
:108040002046FFF74DFF0028D4D025E0481C013B17
:10805000D4F83CC060634809A36301F01F035CF8D7
:10806000200007FA03F30342C7D1E36A19442368E7
:108070001A6AB1FBF2F302FB131129600121256B8F
:10808000636BAB4210D05A0903F01F005CF822204A
:1080900001FA00F0104001D1BDE8F08101336363C3
:1080A000A36B013BA363EBE70020F5E76FF01B0038
:1080B000F2E700BFB16F00082DE9F04F044687B02A
:1080C0000E4600F1140A05A92046FFF78DFF05466C
:1080D00048B920680599C3689847054600283BD0F1
:1080E00010F1340FEFD0284607B0BDE8F08F0DF146
:1080F0001307736A5A4651462046CDF80890CDE9D9
:108100000087FFF7A8FC70B9059B524604F12001D7
:108110002046CDF80080CDE90179FFF76DFB20B155
:1081200010F1340FCFD00546DDE708F10108B36A3E
:108130004345DCD82368A16A9A69706B0FF018F880
:10814000236A04F120012068F362636A3363FFF756
:10815000ECF9059B7362C6E7804606F12C0B4FF0E5
:108160000109E4E7CB695A0344BF23F480234FF0AD
:10817000FF322DE9F04148BFCB610546CB6990B095
:1081800048BFCA620C4613F400302CD00F6A2C2270
:10819000002102A80EF0FAFF236905F114060693E8
:1081A00063690793012396E80700CDE9093710AB0F
:1081B00003E907004FF0FF3398466B61226A636959
:1081C0009A4213D304F12C08324641462846FFF761
:1081D000E6FA28B310F1340F05D121462846FFF7FF
:1081E0006BFF0028F0D010B0BDE8F08101230DF145
:1081F000070202A9284600F00EFA0028F3DB01234B
:108200000DF107022146284600F041F80028EADB7C
:108210006B6901331CBFCDF83480C5F81480CDE7FD
:10822000636A2361236A6361E36923F4003343F4DF
:108230008033C4E90737D6E72DE9F04100F1A408FF
:1082400005460E46144640461F4606F007F805F15F
:1082500014003146FFF786FF054670B93FB1012F84
:10826000336A01D11C4402E0022F0ED01C46002CC0
:10827000AABF25466FF015053462404607F04EF858
:108280002846BDE8F041FEF744BE7369EAE72DE9F0
:10829000F04F9B468DB0CB69054604920C4603F027
:1082A0000302012A00F020815E0314D4E66932053E
:1082B0001AD4276A17EB0B0F00F1198116F4003658
:1082C00018D0D946E369B9F1000F25D123F4002372
:1082D0005A46E36104E0FFF745FF02460028E5D077
:1082E00010460DB0BDE8F08F6269216A8A4288BFEE
:1082F0002262DEE763699F42E3D923620BAA01236E
:10830000214628468DF82C60FFF7C1FF021EE7DBEF
:10831000236A9F42F2D8D4E79B0304F12C0620D5B0
:108320002B68A26ADB699A4242D12B6805F1140AD4
:108330001B6AAB63D4E90832CDE909230BA92846AF
:10834000FFF752FE0246F8B928680B99C3689847B0
:10835000024618B312F1340F16D14FF0FF332B62DF
:10836000ECE7236A002BE0D004F12802013B314600
:108370002846029204F1240200930192D4E90423D6
:10838000F9F762FF024620B1E36943F40023E36199
:10839000A6E731462868FFF7C8F8C6E70A9B2868B1
:1083A00043BB0B9A6262A362E36943F40033E36167
:1083B000A84658F8143BDF69A36AFF1A4F4528BF47
:1083C0004F46049B4246314628460193A36A0297D2
:1083D0000093636AFFF710FA0246002875D010F187
:1083E000340FD1D121462846FFF766FE0246002809
:1083F000E7D0C9E7013B0AA905920A93FFF70EFBF4
:108400000A9B29680133059AC9690A938B424AD1AC
:108410000130904609AF90FAA0F3B3FA83F30593C5
:10842000013306934FEA88035246314628460793A4
:108430000423CDE90173079B00930B9BFFF7DCF945
:108440000246002886D1059B434530D108F101083A
:10845000069B4345E6D80B9B6362069B9B00A2E705
:108460000123002251462846CDF80080CDE9017352
:10847000099BFFF7F0FA0246002885D101235246F6
:1084800031462846CDF80080CDE901730B9BFFF7FC
:10849000B3F9024600287FF45DAF08F101080A9B9A
:1084A0009845DDD37DE790460DF12307F7E70423D8
:1084B00051462846CDE90173079B0093099BFFF7BE
:1084C000CAFA02460028C1D05EE7236AA9EB070971
:1084D0003B442362A36A3B44A362049B3B44049352
:1084E0002B681B6AAB63EDE66FF00802F8E66FF0ED
:1084F0001A02F5E62DE9F04700F1A4060D46814683
:1085000086B03046904605F0A9FEEA6909F11409E3
:1085100002F00303012B5AD092036B6903D52A6A38
:10852000934238BF1346984524D229464846FFF760
:1085300019FE0446A8B905AB059005F12C01484683
:10854000029305F11003CDE90083D5E90423F9F77F
:108550007BFE044628B9EB69C5F8148043F48033E8
:10856000EB61304606F0DAFE204606B0BDE8F04783
:10857000FEF7CFBC2ED92F6ABB4209D02946484608
:10858000FFF7F0FD041E15D16B69002B24DB2B6275
:108590004FF0000A2B6A98450ED829464846FFF747
:1085A000E1FD20B9381EB4BF6FF01500286200EA63
:1085B000E074D6E7D5DBEBE7012305AA2946484658
:1085C0008DF814A0FFF763FE041EE3DAC9E76FF02D
:1085D0000804C6E70024C4E76FF01504C1E730B50E
:1085E00000F1A40585B0044628460193CDE9022197
:1085F00005F034FE039904F11400DDE90132FFF7C0
:1086000046FE0446284606F089FE204605B0BDE831
:108610003040FEF77EBC2DE9F04F1D46CB699046F9
:1086200087B003F0030207460C46022A54D09A038F
:1086300005D4266A6269964208D3002003E0FFF75A
:1086400091FD0028F5D007B0BDE8F08F961B04F12E
:108650002C0104F1280A04F1240BAE4228BF2E4657
:10866000B146B9F1000F01D13046ECE7E3695B0395
:1086700004D53B68A26ADB699A4210D1236A384666
:1086800005910093CDE901BAD4E90423F9F7DCFDA3
:108690000028D8D1E369059943F48023E3613A685F
:1086A0003846A36AD56900220093ED1A636A0591E2
:1086B0004D4528BF4D46CDE90185FFF7CCF900288F
:1086C000C1D1236AA844A9EB050905992B4423626B
:1086D000A36A2B44A362C4E76FF00800B3E730B588
:1086E00000F1A40585B0044628460193CDE9022196
:1086F00005F0B4FD039904F11400DDE90132FFF740
:108700008AFF0446284606F009FE204605B0BDE86B
:108710003040FEF7FEBB00002DE9F341064614464B
:108720000021282206F1A407204600250EF02EFD88
:10873000384606F11408019505F090FD06F1180081
:10874000FEF72CFC28B901AA0D494046FFF7C8FBEB
:108750000546384606F0E2FD6DB9736F019AC4E92B
:108760000033B36FC4E902359B1AC4E90435C4E988
:108770000635FF236362284602B0BDE8F08100BFE2
:108780009D6E0008F7B5044604300E461546FEF708
:1087900005FC10B1002003B0F0BD012300906A4633
:1087A000294620460193FFF735FA0028F3D105F159
:1087B00024073846FEF7F2FB0028EBD13146384655
:1087C000FEF7DBFB38B13A4629462046FFF722FA8E
:1087D0000028EED0DFE70120DDE72DE9F341064672
:1087E0000C46154601F124081027226AE16822F0A0
:1087F000004301F10C00043B984217D80C230A46B1
:108800003046616800932B1DFFF7F7F9014690B9D8
:10881000E66828462E60FEF7A9FB3044E060284653
:10882000FEF7A4FBA3691844A06104E0002A06DB5C
:1088300029606FF00101084602B0BDE8F0812146D1
:1088400042463046FFF7E6F901460028F3D1A36916
:10885000E7601433A361C8E72DE9F84314461D46C9
:108860000022012306460F4604F1240805F10809F9
:10887000C4E909234046FEF791FB08B100200DE052
:10888000424621463046FFF7C5F938B92A46214607
:108890003046FFF7A2FF18B1831CEBD0BDE8F88388
:1088A0002B7903F07003202BF0D139464846FEF7B0
:1088B00064FB0028EAD10120F0E770B5054692B0CC
:1088C00004300E46FEF76AFB68BB0123019001AA43
:1088D00007A928460293FFF79DF9044618B910A886
:1088E000FEF75CFB10B1204612B070BD10AA07A9BC
:1088F0002846FFF78FF938B903AA07A92846FFF7DA
:108900006CFF18B1831CEAD00446ECE79DF91030E7
:10891000002BF1DB0822314605A810F03FFB0028B0
:10892000EAD10124DFE70024DDE700002DE9F04172
:1089300000F1A408C8B00E4605464046174605F0AB
:108940008DFC4FF48472002106A80EF01FFCB36961
:1089500014350E2B22D12223364908A88DF8183061
:108960000FF01CFE0F230124B361404606F0D6FC35
:10897000012C0DD19DF81830112B59D0222B14BF8A
:108980000023032308A9384687F800310FF006FEBC
:10899000204648B0BDE8F041FEF7BBBA0F2B08D126
:1089A0002223254908A88DF818300FF0F7FD102371
:1089B000D9E702AA31462846FFF70FFF044618B14F
:1089C000821C08BF0024D0E79DF80C3003F07F0222
:1089D000112A01D0222AECD11B060CD504A9284665
:1089E000FFF76BFF041EC0DBE3D19DF80C3003F0F2
:1089F0007F038DF80C309DF80C302846029A112B1D
:108A00008DF8183002F104029DF80E1004BF059B8A
:108A100007939DF80D301A449DF80F300A440093D7
:108A2000716808ABFFF7E9F8041E08BF01249CE752
:108A30000523A7E79A9B0108999B0108F0B5012738
:108A4000061DA7B0044680F840703046FEF7A6FA2F
:108A50000546002840F0818001462C2205A80EF032
:108A600095FB4FF000432822294610A80D930EF0E5
:108A70008DFB1A9723681B6A9D4202D36FF0330067
:108A80001BE019A8FEF78AFA002866D119AA10A9D6
:108A90002046FFF7BFF880B90D9B002B38DB30462E
:108AA000FEF77CFA58B1199B0E931A9B0F93002383
:108AB00005A920461A4600F052F827B0F0BD01ABD8
:108AC0001BAA0EA92046FFF7C7FE0028F5DBEAD057
:108AD000039A0E99049B8A420F9801D1984217D0AD
:108AE000824201D1994213D00E92DFE79DF9703096
:108AF000002B0DDA1DA92046FFF7DFFE0028DCDB86
:108B00001ED01BAA10A9204600F075F90028D4D168
:108B10001BAA10A92046FFF760FE0028E6D0831CA0
:108B2000CBD10DF1400C05AF0135BCE80F000FC7EC
:108B3000BCE80F000FC79CE8070087E8070099E72B
:108B40009DF870301BAA10A903F07F038DF87030D8
:108B50000346204600F0C3F9D8E70020ADE72DE931
:108B6000F04F2DED028B9BB006460D460793CB6967
:108B700007980133059202EB0017CB610B1DD1E979
:108B8000011408EE103A1346C5E901419F420FD186
:108B90000023CDE90941069330686968C3689847A6
:108BA000044670B114F1340F00F0F4802046FFE069
:108BB000D86810332A6A024453F80C0C121A2A623D
:108BC000E4E705F11C080DF12C094FF0FF3306F125
:108BD000200A10271022414648460B93FEF7A4F9BD
:108BE000224600946B6851463046CDE90187FEF776
:108BF00003FE04460028D5D18346B84608EE909A75
:108C00002AE0079B9B4580F2A080059A4FEA0B1350
:108C1000D35802EB0B19434540F0978018EE900AA9
:108C2000D9E90212FEF780F9D9F80C30002251463A
:108C300002933046D9F80830CDE900736B68FEF72F
:108C4000DBFD04460028ADD1D9F804300BF1010B4F
:108C50009844D9F80C301F442B6A23F00043043B9E
:108C6000BB42CED804230DF12C08002251460293BA
:108C700030466B68CDE90078FEF7BEFD044600285B
:108C800090D14FF0FF330246514630467361FEF7F4
:108C900086FD0446002885D130680369984704465C
:108CA00000287FF47FAF4FF0FF330FAF02466968B3
:108CB0000F9330462B6A009723F00043043BFEF7E6
:108CC00077FF044600287FF471AF0F9A0B9B9A42FE
:108CD00060D1069B4BB306F104094846FEF75EF9E6
:108CE000002875D143463A4609A93046FFF7B4FD3E
:108CF00000285DDB6CD06B684246394630460D93E8
:108D0000AB680E93002300F0EAF8002850D14946E2
:108D100009A8FEF732F918B96B687360AB68B360E5
:108D20003046FFF78BFE002842D13469002C3FF417
:108D30003DAF18EE101A201DFEF71FF918B96B6829
:108D40006360AB68A3602468F0E7012342460A9998
:108D5000304600930FABFEF750FF044600287FF427
:108D600025AF01220FA918EE900AFEF7DDF80123C6
:108D70002246514602930FAB3046CDE900736B6833
:108D8000FEF73AFD044600287FF40CAF08F1010815
:108D9000013761E74FF0FF3300220FA909A83362C2
:108DA0000123CDE90F23FEF7E8F830B96FF0330067
:108DB0001BB0BDEC028BBDE8F08F18EE101A3046E8
:108DC000FFF712F90123069300283FF4E5AEEFE721
:108DD0003A4609A93046FFF7D5FC0028E8DBA4D0C5
:108DE0006B68394630461893AB68199300231A46CE
:108DF000FFF7B5FE97E72DE9F04780468CB01046A7
:108E00000C461646FEF7B2F80B6A143023F0004306
:108E100083421DD101AA04314046FFF7B3FC051E71
:108E200012DB099A002A13DA236A01A9404663F08B
:108E3000004313400993636A0A93A36A0B930023C8
:108E40001A46FFF78CFE054628460CB0BDE8F087B1
:108E5000336830460193FEF789F80023029001AA97
:108E600021464046CDE903330123FFF778FE05464E
:108E70000028E9D1D8F80C70211D4FF0FF3ACFB986
:108E8000D8F81070211D002FDED0381DFEF775F8C0
:108E900070B9FC6833689C420AD93046FEF766F820
:108EA000201AF8603046FEF761F8BB69181AB861FD
:108EB0003F68E8E7381DFEF760F830B9D7F80C9046
:108EC0003368994503D1C7E901AA3F68D7E7FCD9C0
:108ED0003046FEF74BF8A9EB0000F860F5E770B5F7
:108EE000154688B00C26D27955F8044B002B079212
:108EF0000094344403960494CDE9052314BF02235F
:108F000001236A46CDE90165FFF729FE08B070BD6F
:108F100070B592B006460D46FFF724F9044670BBC3
:108F2000EB6903F41023B3F5803F28D12A1D1046C6
:108F3000FEF734F818BB07A93046FEF76BFE04466F
:108F4000E8B90C23EA680690009304AB08990392F1
:108F5000CDE904003046FEF750FE044678B92B698F
:108F600003AA07A905936B69069303463046FFF7EA
:108F7000B6FF044618B9EB6923F48033EB61204651
:108F800012B070BD37B500F1A40504460191284622
:108F900005F064F9019904F11400FFF7B9FF0446E4
:108FA000284606F0BBF9204603B0BDE83040FDF787
:108FB000B0BFF8B500F1A40705460C46384605F0E9
:108FC0004DF9214605F11400FFF7A2FF05F120023B
:108FD00006462B6A1BB19C4216D123681360A36915
:108FE0000BB11B682BB96B695B6B13B9606B0EF02F
:108FF00067F8384606F092F920460EF061F83046E0
:10900000BDE8F840FDF785BF1A461B68E2E700009F
:109010002DE9F04F2DED028B85B01F68054608EE57
:10902000101A029340F622031446DFF84091536071
:10903000436893608368D3604946384610F035F83A
:1090400007EB000883464946404610F00AF801281D
:10905000064608EB000A05D117F80B302E2B0AD173
:109060005746E9E7022806D102463F4940460FF03D
:1090700095FF0028F4D057464FF0010B4946504663
:1090800010F013F88244494650460FF0EAFF0246BA
:1090900090B102280CD10390504633490FF07EFF67
:1090A000039A28B9BBF1010B04D10AF10207C3E707
:1090B0000BF1010B9244E1E798F80000002845D03D
:1090C000029BC3F800802379222B49D104F1080ABE
:1090D00018EE101A28465246FEF79CFDB0BB05F16B
:1090E000140B224618EE101A2846FFF776FB68BBD1
:1090F000237903F07F03112B01D0222BF1D1E379E7
:10910000B342EED1236859466279284604331344AA
:10911000A279134418EE102ACDE900865268F9F7B7
:109120006BF8002812DBDCD095F84130002B83D19E
:1091300094F90430002BBFF67FAF51462846FFF765
:10914000BCFB002807D001DB6FF0010005B0BDECCF
:10915000028BBDE8F08F237903F07F0323716BE767
:109160006FF01300F2E700BF999B01089C9B010878
:109170002DE9F041804600F1A406D4B00C4608F178
:1091800014073046154605F069F802AB03AA07A993
:1091900038460294FFF73CFF0446C0B901464FF43D
:1091A000847212A80DF0F2FF9DF8103008F118013A
:1091B00005A8112B8DF8483004BF069B1393FDF7CB
:1091C000DCFE0446C0B9174914A80FF0E7F9304691
:1091D00006F0A4F8139B2B619DF84830112B1DD08D
:1091E000222B44F2FF1318BF002320466B6054B0BB
:1091F000BDE8F041FDF78DBE039B38469DF8111088
:1092000004339DF8122019449DF813300A4400934A
:10921000089914ABFEF7F1FC0446D8E748F2FF13B7
:10922000E3E700BF9C9B0108F0B500F1A4050446EC
:109230009DB00F46284604F1140605F00FF894F887
:109240005430019783B101AB02AA06A93046FFF75B
:10925000DFFE044678B1284606F060F820461DB0CF
:10926000BDE8F040FDF755BE3046FFF7E7FB04468A
:109270000028E8D0EFE79DF80C30222B1ED002AA80
:1092800006A93046FFF7B7FD04460028E3D19DF854
:109290000C30222BDFD106AA12A93046FFF772FA52
:1092A000041ED8DB1A9B06A930460F931B9B109314
:1092B00000231A46FFF753FC0446CCE704AA11A981
:1092C0003046FEF7A7FC04460028C4D1199B142B96
:1092D000D5D06FF02604BEE773B50C4604310646C0
:1092E000FEF782FE0546F0B904F108013046FEF7AC
:1092F0007BFE0546B8B904230246616830460093F8
:1093000004F11C03FEF779FC10B110F1340F0DD1FC
:10931000E36914220133E3614FF0FF33C4E908230A
:10932000A3621023E360284602B070BD0546FAE749
:109330002DE9F04F00F1A4080646C3B00D464046A3
:1093400004F08CFFD6F8903063B1002D08BF1D46A5
:10935000336830469B6A9847044668B1404605F03A
:10936000DDFF05E045B96FF01204404605F0D6FF79
:10937000204643B0BDE8F08F2B6828469B68D6E9AD
:1093800025BAD6E92797984704460028E6D1242233
:10939000014628A80DF0FAFE6A4B2846239524932F
:1093A000694B2593694B2693694B27932B685B6A1E
:1093B00098472B6858452CBF2890CDF8A0B0284678
:1093C0009B6A98472B6850452CBF2990CDF8A4A0E4
:1093D0002846DB6A98472B6848452CBF2A90CDF871
:1093E000A89028469B6B984723462A9A10F022F8AB
:1093F0002B901F3023A920F01F00B84294BF2C905F
:109400002C9731A8FEF70EF90446002840F086801C
:10941000319B014640985A6AD2080DF0B7FE319A46
:109420000DA931A83C94D2E90832CDE93E439A42D5
:1094300094BF3D923D93FFF74FFF0446002869D14A
:1094400018A931A8FFF748FF0446002862D1034657
:10945000024618A931A8FFF782FB0446002859D11B
:1094600041F22E438DF816001A9F4FF01009ADF807
:1094700014300823DDF864C08DF81730319B339722
:10948000DA691B6A089209934FF00113314A0A9373
:109490000BAB106851686A46CDF8C8C0CDF8109083
:1094A000CDF8009003C334230DA931A815932023D0
:1094B000CDE906C7CDE916C705AF0193CDE9027323
:1094C0000123FFF74CFB4B4620B110F1340F02D0C3
:1094D00004461FE00124009320236A460DA903934C
:1094E00031A8CDE901370123FFF739FB20B110F195
:1094F000340FEDD1002CEBD0002201230DA931A8AF
:10950000CDE900236A46FEF785FB044610B9319B7E
:109510001B6A3F9331A8FEF732F86CB12046FDF785
:10952000F8FC044600287FF419AF3368294630461A
:109530005B6A9847044611E72B682846DB68984722
:10954000EFE700BFA76E0008CB6E0008EF6E0008C3
:109550000B6F0008909B01082DE9F043074695B07A
:109560000E469046994601F124044046316AFDF7C3
:10957000FDFC3B680844DB69984218D8043943462F
:10958000002243F8041B0991CDE90A230C23CDE9FD
:109590000C3198F807303146CDE90E29109309AA0D
:1095A00002233846FFF7DBFA15B0BDE8F083002947
:1095B00037DB354609AC0FCD0FC40FCD0FC495E88E
:1095C000070084E8070031463846FFF785FE00288B
:1095D000EAD1129B424631467362139BB362336AEF
:1095E000043B42F8043B03920C22CDE90130CDE963
:1095F000042398F8073001AACDE9060908933846F4
:109600000223FFF7ACFA0028CED1119B024609A92C
:1096100043F00043119373681293B36813930346A6
:10962000BFE7224631463846FEF7F4FA00289CD0C0
:10963000BAE7F0B500F1A40605469FB00C463046E7
:1096400005F1140704F00AFE95F854300394002B3A
:1096500043D003AB04AA08A93846FFF7D9FC831C02
:10966000044649D12F2103980FF0EEFC00283AD18F
:109670006B6913A938461B6AEB64FFF72DFE04469D
:10968000002830D1119B024613A91C93129B1D93F5
:1096900003463846FFF763FA044620BB40F6220330
:1096A0008DF81600ADF81430039B184601930EF0A8
:1096B0007DFF1499159A8DF8170038460691079288
:1096C000019BCDE9111204AA08A9FFF745FF044642
:1096D00048B96B691B6AEB6405E03846FFF7AEF9E1
:1096E00004460028B5D0304605F018FE20461FB0CD
:1096F000BDE8F040FDF70DBC002808BF6FF0100476
:10970000F1E72DE9F04300F1A4058046B3B00F4620
:109710002846144604F0A2FD98F8543008F11406C7
:10972000CDE90274002B4DD0029B05AA11A9304649
:10973000049304ABFFF76CFC0446002848D19DF865
:10974000183005AA11A963F07F038DF8183003467D
:109750003046FFF7C4FB0446002839D10DF1240937
:1097600003AB1CA930464A46FFF752FC07460028C7
:1097700037D0821C40F085802F2103980FF064FCC5
:1097800000287ED10DAC99E80F0084E80F0006AAEE
:109790000EAB07CA83E807009DF8383003F07F035B
:1097A0008DF83830039B184601930EF0FFFEBB1C6A
:1097B0008DF83B00019B2CD122461CA93046FFF7B7
:1097C000CBFE2BE03046FFF739F904460028ABD03A
:1097D000284605F0A3FD204633B0BDE8F043FDF771
:1097E00098BB9DF818309DF8282003F07F039A421B
:1097F00049D1222AC6D10BAA27A93046FEF70AFA78
:1098000004460028E4D12F9B142BBBD06FF0260414
:10981000DEE722461CA93046FFF761FB044600281C
:10982000D6D1012305AA11A9304688F8553002ABDC
:10983000FFF7EEFB04460028CAD188F855008146A0
:1098400005AA11A93046FFF7D6FA04460028BFD171
:109850000237BDD09DF82830222BB9D11CAA28A9E7
:109860003046FEF78FFF041EB2DB309B4A461CA930
:1098700030462593319B26934B46FFF770F90446FB
:10988000A6E73C46A4E76FF01404A1E7024600F106
:109890000B01002012F8013B03EBC0138A4203EBDB
:1098A000500303F0FF00F5D1704738B5836B0546D0
:1098B0000C468B420FD0FDF71DFD58B922460123FF
:1098C000E96B6878FDF728FC00281CBF4FF0FF34D7
:1098D0000120AC6338BD0020FCE70129F8B504463F
:1098E0000E4664D9036A994261D20378022B30D0C4
:1098F000032B45D0012B5AD101EB51058389C16A55
:10990000B5FBF3F31944FFF7D0FF10B14FF0FF3070
:10991000F8BDA1896F1C2046B5FBF1F301FB13557F
:10992000E36BB7FBF1F15D5DE36A1944FFF7BDFF3F
:109930000028EBD1A289B7FBF2F302FB1373E26BB1
:10994000D05CF30745EA00204CBF0009C0F30B00D0
:10995000DEE783895B08B1FBF3F3C16A1944FFF7C3
:10996000A4FF0028D2D1A2897600B6FBF2F302FB55
:109970001366E36B9A19985D527840EA0220C7E7B4
:1099800083899B08B1FBF3F3C16A1944FFF78DFF8C
:109990000028BBD1A189B600B6FBF1F001FB10662F
:1099A000E06B3044FDF7D0FC20F07040B0E70120C0
:1099B000AEE72DE9F04F1E46036885B00C46DB6F1D
:1099C00082469146984703A92046FDF757FC054675
:1099D0000746002840F0A480657C0DBB237C13F073
:1099E0000103009300F09E80E3682F4662699B1A92
:1099F0009E4228BF1E469EB1039862698389B2FBCE
:109A0000F3F103FB1123002B6AD14389013B0B4087
:109A100001931FD192B9A068012814D8022565745A
:109A2000DAF800305046D3F880309847002D7CD0CB
:109A3000284605B0BDE8F04FFDF7A4BBA16920683A
:109A4000FFF74BFFE8E7431C03D10123009D63743C
:109A5000E6E7A061DDF80CB0A1695846FDF73FFCD0
:109A60000028DBD0019B03EB0008BBF80C309E42C2
:109A700034D30199BBF80A209BF80100B6FBF3F33D
:109A800019449142494684BF019BD31A424601932F
:109A9000FDF742FB019B0028D7D1DDF80CB09BF805
:109AA00003207AB1DBF83800A0EB0800834209D923
:109AB000BBF80C20DBF83C1000FB029001930DF08A
:109AC00057FB019BBBF80C8003FB08F86369A6EB0E
:109AD00008064744C144434463618CE7C4F81C80D2
:109AE000039862698389E169B2FBF3F803FB1828E4
:109AF000A3EB0803B34228BF33469846FFF7D5FED1
:109B00000028A2D1039A60699189B0FBF1F301FBAF
:109B10001303D16B4846424619440DF029FBD5E7A3
:109B200000277DE72F4607257AE7384605B0BDE8D0
:109B3000F08FB1F5001FF8B504460D4601D30220A1
:109B4000F8BDCA06FBD1826806680161DAB93378CC
:109B5000022B01D9336BABB93389B3EB551FEED967
:109B6000336BA361A3696261002BE8D0B289002046
:109B7000B5FBF2F10B4402FB1151F56BA3612944D3
:109B8000E161DDE71A467389B7895F43BD4211463B
:109B90000CD32068FFF7A1FE431C02460BD001281E
:109BA000CDD9336A8342CAD9ED1BEFE73046FDF7C2
:109BB00096FBA061D6E70120C2E7F7B501A90546EB
:109BC000FDF75CFB044660BB2C7C14F0400428D0FD
:109BD000FDF7E4FE296A07460198FFF766FE044692
:109BE000F8B96E6AF37A314643F02003F372AA683B
:109BF0002868FDF729FBE96806F11C00FDF79CFBCE
:109C0000394606F11600FDF797FB01230198B4745D
:109C1000F474C370FDF778FE2B7C044623F04003F8
:109C20002B74204603B0F0BD38B503680D460446DA
:109C3000DB6F98472846FFF7C0FF2368054620469C
:109C4000D3F8803098472846BDE83840FDF79ABAE7
:109C5000036873B50D46DB6F064698472846FFF745
:109C6000ACFF044630B901A92846FDF707FB0446BE
:109C700000B9286033683046D3F88030984715B172
:109C800028460DF01DFA204602B0BDE87040FDF7F1
:109C900079BA000038B500230446C3704FF0FF3393
:109CA0008363FFF702FE002851D1E46B237894F818
:109CB000FF5194F8FE01EB2B40EA052503D0183341
:109CC000DBB2012B3CD84AF655239D4207D108222E
:109CD000214904F152000FF061F9002836D0227BAF
:109CE000E37A43EA0223A3F50072B2F5606F27D846
:109CF000607B28B3591E421E0B40024013431FD104
:109D0000E27BA37B53EA02231AD0237C013B012B85
:109D100016D8A27C637C53EA022311D0227DE37C17
:109D200043EA02237F2B06D804F12000FDF70CFB49
:109D3000B0F5803F04D3E27DA37D53EA022308D12E
:109D40004AF6552085420CBF0220032038BD04206E
:109D5000FCE70020FAE700BFB59B01082DE9F04FB2
:109D6000002687B00D4617460E60FDF79BFA0028C7
:109D7000C0F25481B24B53F82040002C00F05081C7
:109D80002C602378BBB96070C0B2AE4D55F820008E
:109D900003689B68984710F00106C3B240F0428107
:109DA00017F0FE0F02D05B0700F13E81607855F896
:109DB000203023B90126304607B0BDE8F08FFDF70B
:109DC0004DF9A0F50072A081B2F5606FF2D8421E85
:109DD0000242EFD1E36B002B00F0F580002120461A
:109DE000FFF758FF022840F00081E56B02AF05F550
:109DF000E371B84605F206250846FDF7A5FA1031CD
:109E000048F8040B8D42F7D1002557F8041B0029B0
:109E100000F0E1802046FFF73DFF012800F2DC80E2
:109E2000E56BB4F80C902A7BEB7A43EA0223994560
:109E300040F0D980E87DA97D51EA002104D105F1E7
:109E40002400FDF781FA0146616295F810A0D4F86C
:109E500038B00AF1FF3384F802A0012B00F2C3806E
:109E60006B7B6381002B00F0BE805A1E1A4240F0CB
:109E7000BA80AA7C95F8118048EA02280FFA88F285
:109E8000A4F8088000924FEA5912B8FBF2F702FBDF
:109E9000178292B2002A40F0A6802A7DE87C50EA20
:109EA000022005D105F120000193FDF74DFA019B39
:109EB00095F80FC0AA7B52EA0C2200F0948001FBB7
:109EC0000AFC174407EB0C0E7045C0F08C80A0EB29
:109ED0000E009842B0FBF3F7C0F085805A4B9F42CA
:109EE00000F281804FF6F5739F4240F29F804FF061
:109EF000030A02375A440BEB0E03BAF1030F276231
:109F0000C4F828B0E262636376D195F82B2095F807
:109F10002A3043EA0223009A1A4313B2002B62D17B
:109F2000BF0005F12C00FDF70FFA206309F1FF33A4
:109F30001F44B7FBF9F9894555D84FF0FF33BAF103
:109F4000030FC4E905334FF08003237130D195F836
:109F5000312095F8303043EA0223012B28D10BF150
:109F600001012046FFF7A1FC10BBE16B207191F8C5
:109F7000FF2191F8FE3143EA02234AF6552293422B
:109F800016D10846FDF7E0F9304B984210D101F5A3
:109F9000F270FDF7D9F92E4B984209D101F5F47012
:109FA000FDF7D2F9A06101F5F670FDF7CDF960611A
:109FB000284A84F800A0138801339BB21380E38001
:109FC0000023E361F7E60DF073F8E06300287FF407
:109FD00005AF1126EFE603200135042D7FF415AF00
:109FE00004283FF4E7AE0D26E5E604283FF4E2AE90
:109FF00001287FF615AFF6E7B8F1000FF3D0BAF1FC
:10A00000020F4FEA470362441ABFDB1907F001074A
:10A010001F46226318BF07EB530787E70B26CAE6E4
:10A020000C26C8E60326C6E60A26C4E640F6F57AFC
:10A0300057458CBF4FF0020A4FF0010A59E700BFA5
:10A04000601A0024981A0024F5FFFF0F5252614154
:10A05000727241615C1A00242DE9F74F1546804663
:10A060002822002128460DF091F8D8F8003040460B
:10A07000DB6F984708F15403002201A9684600935A
:10A08000FFF76CFE06460446002871D1DDF8049007
:10A09000D9F820A0D9F81870AAF102039F421CD960
:10A0A00099F80060012E36D14FF0020A074651465A
:10A0B0004846FFF712FC431C5AD0012857D000B97C
:10A0C0000137019B0AF1010A1B6A9A45EFD3019BF4
:10A0D0001A799F6142F001021A71B9F80C3000241C
:10A0E000D9F820204046C5E90033023AB9F80A30D1
:10A0F0005A435F43FF236B62D8F80030C5E902245E
:10A10000D3F88030C5E90474C5E906749847204641
:10A1100003B0BDE8F08FD9F82C1007463CB9019880
:10A1200001F1010BFFF7C1FB064608BB5946019E32
:10A130003278F36B022A03EB04000FD11B5D02346B
:10A14000427853EA022308BF0137B389BAF1010A02
:10A15000B4FBF3F203FB1244E0D1B8E7FDF7F4F8E7
:10A1600030F0704304F1040408BF0137EDE7022624
:10A17000D8F800304046D3F880309847304603B0D6
:10A18000BDE8F04FFCF7FEBF7FB5CDE9001003A896
:10A1900014460391FDF786F8051E19DB0D4E56F89F
:10A1A000252022B10023D06B13700CF089FF019B96
:10A1B00013B100221A70DA6346F825302CB1002260
:10A1C00001A96846FFF7CAFD0446204604B070BDE9
:10A1D0000B24FAE7601A0024F8B503680446DB6F25
:10A1E0009847A36D013308D123686FF01505204609
:10A1F000D3F8803098472846F8BD002204F1540176
:10A20000104F1046FFF7C0FFA36D064657F8230016
:10A210000368DB6898472368054620B1D3F880308F
:10A2200020469847E7E7A26DD3F8803047F8220030
:10A230004FF0FF322046A26598473046BDE8F8400F
:10A24000FCF7A0BF981A00240A4B03F108029833C8
:10A2500010B5026004464360FFF7BEFF064B204680
:10A2600003F108023433226040F8043F05F002FE97
:10A27000204610BDB89D0108589E0108A0F10400B9
:10A28000FFF7E2BF10B50446FFF7DEFF20460CF0F3
:10A2900017FF204610BDA0F10400FFF7F3BF000038
:10A2A000036873B50446DB6F01920D469847A36DB2
:10A2B000019A013308D023682046D3F880309847AC
:10A2C0006FF0150002B070BD16480023064650F826
:10A2D000041BE1B946F8235004F11400A3653033A0
:10A2E00084F8561004F1540184F854303A2384F869
:10A2F0005530FFF749FF236805462046D3F88030E4
:10A300009847284602B0BDE87040FCF73BBF0133D8
:10A31000042BDCD123682046D3F8803098476FF0B7
:10A320000B00CFE7981A00242DE9F04F03688B4605
:10A330001746DB6F2DED028BA7B003909847039B68
:10A340009B6D5C1C0FD0BBF1000F02D1A34A52F8E9
:10A3500023B0039B03981B689B6A9847824610B101
:10A36000039B1B686EE0BBF1000F0DD1039B6FF0E8
:10A37000120A03981B68D3F880309847504627B0DC
:10A38000BDEC028BBDE8F08F954B002110A80F9318
:10A39000F7F75EFE934B4022002114A80F939033F1
:10A3A00010930CF0F3FE4FF0FF330FA82593FDF749
:10A3B000A1FADBF8003058469B689847824610B1F6
:10A3C000F7F710FF35E0DBF800305846DB6A9847B6
:10A3D00003185846049341EB01030593DBF8003062
:10A3E000DDE90412CDE900120022D9690023884773
:10A3F000DBF80030824618B1DB6858469847DFE743
:10A400005B6B58469847002847DADBF8003058461F
:10A410009B6A9847064689460CF04AFE8046B0B9CA
:10A42000DBF800306FF00B0A5846DB689847F7F707
:10A43000D9FE0FA8FFF708FF039B1B68BAF1000FB6
:10A4400000F08E82D3F880300398984796E7002476
:10A4500000253246FF210CF099FEDDE904239D42E0
:10A4600008BF944216D2DBF80030224641465846D7
:10A47000CDE90069D3F818A02B46D047824628B111
:10A4800040460CF01DFEDBF80030B5E7A41945EBA3
:10A490000905E2E740460CF013FEDBF800305846B1
:10A4A0001C6A9B6B984700230022CDE900015846A7
:10A4B000A047DBF8003082465846DB68BAF1000F4F
:10A4C0009CD19847824600287FF47AAF02465946CD
:10A4D0000FA8FFF7E5FE824600287FF471AF24AB9A
:10A4E0000CA80C93FCF7DEFE0028C0F237823E4B2E
:10A4F00053F820300BB183F800A0C6B2374D55F8A1
:10A50000260003689B689847C3B2C00700F1248205
:10A51000590700F11F8255F826300BB9012432E0AB
:10A520003046FCF79BFDA0F5007380469BB2B3F567
:10A53000606FF3D8421E0240F0D1B7F1807F2CD873
:10A540007B1E3B4218BF00274FF48053B3FBF8F348
:10A55000099303FB08F3184608EE103A0CF0A8FD27
:10A560000446002800F0DF8155F82630002B00F06B
:10A570002D813046FCF7EEFD7F2881460FD820461E
:10A580000E240CF09DFD0FA8FFF726FEF7F72AFE1C
:10A590002046FCF7F7FD82464BE71746D4E7B7FBAA
:10A5A000F8F7802F28BF8027FDF7F8F94FEA193315
:10A5B00008F1FF3C4FEA594E4FF6F5710A900B93A4
:10A5C000002F48D1094B012533F8020B002843D056
:10A5D0000B9A824240D36D00F6E700BF981A002420
:10A5E0009C9E0108C09D0108601A0024FEA101087C
:10A5F0006D082F464FF0030AB9FBF5F3981CA3F53D
:10A600007F430CEB8000F63BB0FBF8F00790202076
:10A61000049000200690C5488342B0D8049B079A56
:10A620009818069A00EB051313444B45A7D8069BD0
:10A63000BAF1030FA9EB0303A3EB0003B3FBF5F39C
:10A64000089327D18B4250D8002F98D1012DCFD815
:10A6500095E73D46CEE73D4640F6F572B9FBF5F38A
:10A66000934293BF03EB430302334FF0020A4FF0D0
:10A67000010A97BF01335B005B0803336344B3FBFC
:10A68000F8F307934FF48043B3FBF8F306930123E9
:10A690000493C3E7BAF1020F1FD1089B8B420ED976
:10A6A000002FD6D16D00402D15D9A14B012533F8CF
:10A6B000020B00289ED086459CD36D00F7E7089BCF
:10A6C00040F6F572934210D8002F7FF458AF6D001A
:10A6D000802D3FF654AF2F4672E740F6F573089A87
:10A6E0009A423FF64CAF4FF0010A002709F1FF33C1
:10A6F0000DA930460E930D97FCF7C0FC4246394633
:10A7000020460CF043FD8B4A2346BAF1030F5168F3
:10A71000106803C31189927A19809A704FEA28232E
:10A7200084F80B802373049B6573A3734FF00103BC
:10A73000E773237414BF02233B46B9F5803F677467
:10A74000A37446D24FEA292384F8139023750A9BF9
:10A75000002104F11C004B449946F8236375764BA5
:10A76000A361FCF7E9FDBAF1030F494637D104F1C3
:10A770004300FCF7E1FD079904F12400FCF7DCFD40
:10A7800002216E4B04F14702C4E90B13802384F8C5
:10A790004030292384F84230694B03F1100153F80B
:10A7A000040B8B4242F8040BF9D119884AF655295B
:10A7B0009B78304611802146937001230022A4F833
:10A7C000FE91FCF77FFC074608B320460CF078FCAE
:10A7D000A4E6494604F12000FCF7AEFDB7E704F11A
:10A7E0002700FCF7A9FD079B04F12B02E3828023DD
:10A7F00084F82430292384F82630524B03F11001C9
:10A8000053F8040B8B4242F8040BF9D1CDE7BAF1AF
:10A81000030F2AD10123062221463046FCF752FCC1
:10A820004246394620460CF0B1FC474B04F5F47023
:10A83000236003F1FF5303F500532033C4F8E431E0
:10A84000089B591EFCF778FD022307222146C4F815
:10A85000EC3130460123A4F8FE91FCF733FC0123D0
:10A86000214630461A46FCF72DFC18EE102A00212E
:10A8700020460CF08BFCBAF1030F4AD14FF0FF33A6
:10A880006FF00702C4E900236FF07043A360099BD7
:10A890002146079A3046934228BF1346049A1F4622
:10A8A000FCF710FC014600288FD1424620460CF0F0
:10A8B0006DFC049B3B440493079BDB1B0793E6D191
:10A8C000069BBAF1030F08BF2B460693099B21464E
:10A8D000069A3046934228BF1346049A1D46FCF759
:10A8E000F1FB00287FF471AF049B2B440493069B7B
:10A8F0005B1B0693EAD1154B204653F82630002BFC
:10A900003FF464AF0CF0DCFB0FA8FFF765FC824658
:10A9100056E5BAF1010F0E49204618BF6FF0070146
:10A92000FCF70AFDB3E711242DE600BFFFFFFE0F81
:10A930000CA201089E9B01083F00FF0001000600D9
:10A94000AA9B0108BE9B010852526141981A00243B
:10A95000F8FFFF000A2416E6032414E60B2412E68F
:10A960005B6A5946039898478246F9E401292DE924
:10A97000F84304460E46174640F28380036A8B4232
:10A980007FD90378022B45D0032B5AD0012B78D1E5
:10A9900001EB51098389C16AB9FBF3F31944FEF74E
:10A9A00084FF054660BBA38916F00106E06B09F140
:10A9B0000108B9FBF3F203FB12920FBFFBB2835CF9
:10A9C00003F00F013B011CBF03F0F0030B43835462
:10A9D0000123E16A2046E370A389B8FBF3F319442D
:10A9E000FEF763FF054658B9A389E16BB8FBF3F0A6
:10A9F00003FB10803EB1C7F307170F540123E37028
:10AA00002846BDE8F8830B5CC7F3032723F00F0348
:10AA10001F43F2E783895B08B1FBF3F3C16A194472
:10AA2000FEF743FF05460028EAD1A2897600B6FB6F
:10AA3000F2F302FB1366E36B9F5598193F124770C0
:10AA4000DCE783899B08B1FBF3F3C16A1944FEF785
:10AA50002CFF05460028D3D1A389B60027F0704704
:10AA6000B6FBF3F103FB1161E66B0E443046FCF7D5
:10AA70006BFC00F0704047EA00013046FCF75CFCDC
:10AA8000BCE70225BCE72DE9F041804605680F468A
:10AA900049B96E69C6B12B6AB34298BF0126AB694A
:10AAA000A3B9002406E02846FEF717FF0128044654
:10AAB00003D801242046BDE8F081421C51D02B6A06
:10AAC0008342F7D83E46EAE70126E8E7BE4215D1C1
:10AAD0002B6A741CD8F80000A34298BF02242146B8
:10AAE000FEF7FBFE0128E4D0431C3AD0D8B16B69D5
:10AAF000012B03D92A6A934238BF1E4634460134DB
:10AB00002B6AA34202D8012ECBD902242146D8F8C1
:10AB10000000FEF7E2FE40B10128CAD0013020D08B
:10AB2000B442ECD1BDE7002CE8D04FF0FF32214613
:10AB30002846FFF71BFF90B957B92A6AAB69023A5A
:10AB40006C61934210D92B7943F001032B71B1E76B
:10AB5000224639462846FFF709FF0028EDD0012894
:10AB6000A7D14FF0FF34A5E7013BAB61EBE72DE93F
:10AB7000F04F1E46036885B00D46DB6F8246914656
:10AB8000984703A92846FCF779FB044607460028A6
:10AB900040F0D7806C7C5CBB2B7C9A0740F1D38063
:10ABA0006B690027DE42009728BFDE43002E00F0CD
:10ABB000BC8003986A698389B2FBF3F103FB11231C
:10ABC000002B40F08E80B0F80A8008F1FF3818EAB8
:10ABD000010826D1DAB9A86830B901462846FFF73E
:10ABE00052FF002800F0A180012812D102246C74C9
:10ABF000DAF800305046D3F880309847002C00F047
:10AC0000A580204605B0BDE8F04FFCF7BBBAA969A6
:10AC1000E4E7431C01D10124E9E7AB68A86103B96B
:10AC2000A8600398EB69826B9A4247D0DDF80CB0BC
:10AC3000A9695846FCF753FB0028D7D0BBF80C3065
:10AC400008EB00029E423ED3BBF80A10B6FBF3F3BA
:10AC500008EB030088429BF8010088BFA1EB0803C2
:10AC60004946CDE90023FCF72DFA8046DDE90023B3
:10AC70000028D0D10398816B891A8B420AD9828926
:10AC8000C06B02FB019100930CF072FA039A009BD7
:10AC900082F80380039AB2F80C8003FB08F80123C2
:10ACA00000936B69A6EB0806EA6847444344C14435
:10ACB0006B619A422CBFEA60EB6077E7FCF71AFB06
:10ACC0000028B3D0A7E76969EB68994208D35846D2
:10ACD0000192FCF70FFB019A00289CD1039B9A6319
:10ACE000EA6103986B69B0F80C80E969B3FBF8F28C
:10ACF00008FB1232A8EB0208B04528BFB046FEF7A9
:10AD0000D4FD002887D1039A69699089B1FBF0F3DB
:10AD100000FB1313D06B4946424618440CF028FA46
:10AD2000039B4FF00102DA70BBE72B7C43F040033A
:10AD30002B74009B002B3FF45BAF2846FEF73DFFD2
:10AD400056E7002754E72746072451E7384605B061
:10AD5000BDE8F08F2DE9F3410D4601A90446FCF74B
:10AD60008DFA0646002863D1667C002E60D1E36828
:10AD7000AB4204D2227C12F0020F08BF1D46002213
:10AD800063696261B5B90020E2686369934281BF7B
:10AD9000227CE36042F040022274019A9189B3FB65
:10ADA000F1F201FB1233002B42D0E369834218BF5A
:10ADB000E0613DE0019A518997894F4373B3013BAC
:10ADC0006A1EB3FBF7F1B2FBF7F28A4226D37A424E
:10ADD000A1691340ED1A63610029D4D0BD426369B3
:10ADE0000CD93B44A5EB07086361237C9A072AD55D
:10ADF0002046FFF748FE054648BB014663690198B7
:10AE00002B4463618389B5FBF3F203FB1255002DDC
:10AE1000B9D0FCF764FA48B11044B5E7A16881B92C
:10AE20002046FFF730FE0128014605D10226667450
:10AE3000304602B0BDE8F081481C01D10126F6E79A
:10AE4000A160A161C8E72068FEF747FD05466B1CBD
:10AE5000F4D0012DEAD9019B1B6AAB42E6D9294601
:10AE6000A5614546BAE7F8B51F46036806460D4694
:10AE7000DB6F14469847022F12D1EB681C44214621
:10AE80002846FFF767FF336804463046D3F8803022
:10AE90006D69984744B12046BDE8F840FCF772B9A7
:10AEA000012FECD16B69E9E72846F8BD2DE9F041A7
:10AEB00007690446884606682037B7F5001F24BF97
:10AEC00000238361836983B1B289B7FBF2F002FB8F
:10AED0001072002A38D101336169A36139B933890D
:10AEE000B3EB571F30D80023A36104200AE0738915
:10AEF000013B034228D13046FEF7EFFC012805460E
:10AF000002D80220BDE8F081421C01D10120F9E7FE
:10AF1000336A834212D8B8F1000FE4D06169204649
:10AF2000FFF7B1FD0546D0B10128EAD0431CEDD0B2
:10AF300001463046FCF7B1FB0028E7D129463046F0
:10AF40006561FCF7CCF9A061B28900202761B7FBED
:10AF5000F2F302FB1373F76B1F44E761D2E707209C
:10AF6000D0E72DE9F3410F4601A90546FCF786F924
:10AF7000044628B947B901462846FEF7DAFD0446DB
:10AF8000204602B0BDE8F0814FF400700CF090F85C
:10AF90000646C0B1019B18612846F7F79BF810F0F0
:10AFA000FB0804460BD139462846FCF7D5F9414643
:10AFB0002846FFF77BFF042814BF044600243046D0
:10AFC0000CF07EF8DCE71124DAE7036870B50D4673
:10AFD0000446DB6F984728460021FFF7C2FF23682D
:10AFE0002046D3F88030BDE8704018470368F0B5BC
:10AFF00016460F69C7B0DB6F05460C469847B74247
:10B000000ADD00212046FFF7ACFF2B682846D3F865
:10B010008030984747B0F0BDB742F6DA694620461F
:10B02000FFF79FFF27690028EFD19DF81630002B0E
:10B03000F2D1EAE7036870B50E46C6B00546DB6F8D
:10B040001446984730466946FFF78BFF2B68064643
:10B050002846D3F8803098472EB1304646B0BDE838
:10B060007040FCF78FB89DF8160088B19DF8083045
:10B0700013F0100F14BF0323052384F80031237845
:10B080002BB9FF220DF1160120460DF0FBFF012028
:10B0900046B070BDC16A4B1C2DE9F04104460568FD
:10B0A000066918D1E5274FF00108A1692846FEF787
:10B0B000FCFB60B9E3691F7085F803802369B34224
:10B0C0000DD201462046FFF7F1FE0028EDD00428FE
:10B0D00008BF022003E0FEF72CFD0028E2D0BDE807
:10B0E000F08100002DE9F04F002187B00446D0F830
:10B0F00000B0FEF71EFD0746002840F095804FF097
:10B10000FF094FF0FF33C846E3620293A169584636
:10B11000FEF7CBFB0746002840F08680E5692E78D5
:10B12000002E00F08580EA7AE52E02F03F03A3713D
:10B1300003D0120704D50F2B04D0029BE36256E024
:10B140000F2B5CD194F82B30580646D471064CD5A1
:10B15000236906F0BF0695F80D90E3626B7B4B45C3
:10B1600045D1EA7EAB7E53EA022340D12A78DBF850
:10B17000103002F03F07DFF8C0A001937B1E0D27BF
:10B180005F4301231AF8011B681815F80180407805
:10B1900048EA002873B3FF2F059228D84046FBF7F2
:10B1A000FDFF019B791C049033F817000391FBF716
:10B1B000F5FF049B98421AD103994346059A0F461E
:10B1C0001C495145DED1520604D51BB1019B33F811
:10B1D000173063B9013E5FFA86F800212046FFF779
:10B1E00065FE0746002891D01EE0B045B6D04FF06E
:10B1F000FF08F2E74FF6FF718845E1D0F7E7B8F1B5
:10B20000000F04D12846FEF741FB48450CD094F8C6
:10B210002B7017F0010790D10B2204F12001284672
:10B220000DF0BCFE002888D1384607B0BDE8F08F8D
:10B230000427F9E71D990108109901082DE9F04F3D
:10B240000B7885B0064689462F2BD0F800B001D088
:10B250005C2B09D14A461378914601322F2BFAD044
:10B260005C2BF8D0002301E0DBF81C30B36099F8C8
:10B2700000301F2B00F2308180230021304686F8F9
:10B280002B3005B0BDE8F04FFEF753BC49460B78B4
:10B29000894601312F2BFAD05C2BF8D01F2B8CBFA5
:10B2A00000240424012F2FD113882E2B31D1002309
:10B2B00022F8173006F120029F428CBF2E21202158
:10B2C00001330B2B02F8011BF6D144F02004304669
:10B2D00086F82B40FFF706FF96F82B30002800F089
:10B2E000E68004280BD1990603F0040240F1DB80CC
:10B2F000002A00F0F1808023002086F82B3005B072
:10B30000BDE8F08F0424CDE7022F02D153882E2B05
:10B31000CAD0911E3FB131F81730202B01D02E2B0F
:10B3200001D1013FF6E7002322F81730002F00F08B
:10B33000FD8032F81300194601332028F9D009B9ED
:10B340002E2801D144F00304931E33F817002E2851
:10B3500001D0013FF9D14FF020334FF0000A736262
:10B36000D0463362C6F827300823481C32F8115003
:10B370000090B5B1202D03D02E2D05D1B84208D0B4
:10B3800044F003040099F0E79A4505D20099B942C8
:10B390003BD10B2B30D101E00B2B27D144F0030420
:10B3A0000B2396F82020E52A04BF052286F82020EA
:10B3B000082B04BF4FEA88085FFA88F808F00C03EE
:10B3C0000C2B03D008F00303032B01D144F002043B
:10B3D000A0073FF57CAF18F0010F18BF44F0100430
:10B3E00018F0040F18BF44F0080470E70099B94240
:10B3F00002D044F00304D4D84FEA88080B234FF05E
:10B40000080A00975FFA88F8BCE77F2D14D944F04A
:10B4100002012846CDE902230191FBF703FF10F05A
:10B42000800F0546039BDDE9011216D000F07F0571
:10B430004048455D0C4645B329463F48CDE90123C8
:10B440000DF002FEDDE90123F8B9A5F1410189B251
:10B4500019291ED848F0020810E0FF28EAD9581E22
:10B46000824503D344F003049A468BE706EB0A00B7
:10B470002C120AF1010A80F820400C4606EB0A0162
:10B480000AF1010A81F820507CE744F003045F25AB
:10B49000F4E7A5F1610189B219299EBF203D48F06A
:10B4A0000108ADB2EAE7002A08BF052027E75A07DE
:10B4B0003FF525AFB379DB063AD5BBF80C103269FE
:10B4C0009BF80000B2FBF1F301FB1323DBF83C1007
:10B4D0001944FBF7C4FEB060336800271A6919F8F5
:10B4E000013B9CB2002B3FF40DAF7F2C06D903F13A
:10B4F00000431249803B31F81340BCB11F2C7FF64A
:10B5000001AF2F2C3FF4C2AE5C2C3FF4BFAE7F2CBA
:10B5100006D821460A4800920DF096FD009A28B9F7
:10B52000FF2F03D022F817400137D8E70620E6E6C0
:10B530000520E4E6F69B0108DB9B0108769C0108E8
:10B54000D29B01082DE9F04F90F82BB089B004464A
:10B550001BF0A00540F0928007683B6933F8152086
:10B560000AB10135FAE704F120060DF1140A1BF0C7
:10B57000010F96E807008AE8070000F08680402364
:10B580004FF0010884F82B30B4463B69B8F1050F41
:10B590009AE80700ACE803002CF8022B4FEA1242AD
:10B5A0008CF8002015D9991E424631F8020F88B157
:10B5B0004FF0100C00F0010E40080EEB4202D303D6
:10B5C00044BF82F4883282F02102BCF1010CF1D137
:10B5D000EBE742460DF1130C072102F00F0E9146E6
:10B5E00012090EF13000392888BF0EF137000139F9
:10B5F0000CF8010902D0B9F10F0FEED808AB7E208C
:10B600005A1802F8140C04F11F00002284469142DB
:10B6100006D01CF801EF02F10109BEF1200F20D184
:10B62000072902F1010297BF08AB4FF0200C03EB92
:10B63000010C013198BF1CF814CC072A00F802C095
:10B64000EED92046FFF74EFD8146D0B908F101083A
:10B65000B8F1640F98D14FF00709484609B0BDE82A
:10B66000F08F4A46D3E7804601212046FFF71EFCB3
:10B670008146F8B1B9F1040FEDD0EEE74FF00609BD
:10B68000EBE70428E9D184F82BB01BF0020F4FF050
:10B6900000012046D4F800A01BBF0C350D23012566
:10B6A000B5FBF3F518BF0135FEF743FA81460028D4
:10B6B000E0D18046A1695046FEF7F7F881460028A0
:10B6C000D8D1E3691B78E52B01D0002BCBD108F151
:10B6D00001084545C8D1013D55D021692046A1EB5F
:10B6E0004511FEF726FA81460028B6D14FF6FF78BD
:10B6F0003046FEF7CBF80190A1693846FEF7D5F841
:10B7000081460028A9D1E369E9B2019A4FF00D0CF6
:10B71000D7F810E05A734FF00F02DFF8A8A0DA72E2
:10B720004A1E18730CFB02F284469876D876404580
:10B730001AF8019B0CF1010C18BF3EF8120003EB44
:10B74000090B18BF013203F809004FEA202900282D
:10B7500008BF4046BCF10D0F8BF80190E7D1404582
:10B7600002D03EF812200AB941F0400119700123BD
:10B7700000212046FB70FFF799FB814600287FF4EB
:10B780006CAF013DB8D1A1693846FEF78EF881460D
:10B7900000287FF462AF20224946E0690BF0F6FCF6
:10B7A000E36903CE18605960B27831889A721981C2
:10B7B00094F82B30E26903F0180313730123FB7034
:10B7C0004BE700BF109901082DE9F3410C460646EE
:10B7D00011460568012C46D92B6AA34243D94AB9C0
:10B7E000A046214630682746FEF777F8044658B948
:10B7F000002006E04FF0FF322846FFF7B7F8002898
:10B80000EED002B0BDE8F08101282CD0431C2CD032
:10B81000002239462846FFF7A9F80028F1D12A6A04
:10B82000AB69023A934205D20133AB612B7943F005
:10B8300001032B717B1CA34211D041462846FBF724
:10B840004EFD394600902846FBF749FD6B89A0461E
:10B850006946013B184401906878FBF70FFC2B6A9E
:10B86000A342BED8C4E70220CBE70120C9E72DE9F7
:10B87000FF4103680C4601920646DB6F9847019929
:10B8800020466769FFF766FA054650B133683046CF
:10B89000D3F880309847284604B0BDE8F041FBF764
:10B8A00071BC03A92046FBF7E9FC05460028EDD151
:10B8B000657C002DEAD1237C9A0701D40725E5E7B2
:10B8C000D4F81480E368984508D320463946FFF73A
:10B8D00041FA044670BB04B0BDE8F081B8F1000F36
:10B8E00011D12A46A1682046FFF76EFF0546C4F82D
:10B8F00008806369E360237C43F040032374002DD8
:10B90000E3D06574C2E7A1692068FDF7E6FF431C38
:10B9100001460BD001280BD0039B1B6A9842E8D24A
:10B92000A2692046FFF750FF0546E2E70125E0E760
:10B930000225DEE733683046D3F88030984720464A
:10B94000AAE72DE9F043064687B02C20154606F1FC
:10B95000A4080F4602F012FD0446404606F1140901
:10B9600002F07CFCB36902AA214663604846F36991
:10B970000195A36001ABFDF74BFB0546A8B99DF807
:10B980000C30222B1CD104AA21464846FCF742F970
:10B99000054650B963682361A36863610E23A36100
:10B9A0001023E360736A74622360404603F0B6FCC0
:10B9B0004DB93C60284607B0BDE8F043FBF7A9BA93
:10B9C0006FF01305F1E720460BF07AFBF2E72DE963
:10B9D000F04F07469B4693B0382007F1A4098846EC
:10B9E000164602F0CBFC0446484602F037FC1BF03A
:10B9F000030C07F1140A00F0C580BCF1010F4FF0F1
:10BA0000000000F0C180BCF1020F844601D000218B
:10BA100000E003214FEA6B0202964FEAAB0502F405
:10BA2000807205F400752A430BF480652A434FEABF
:10BA30000B2505F40065154345EA0C0505430D4348
:10BA400005F00303012B11D102AB03AA07A950464D
:10BA5000FDF7DEFA064600BB9DF81030222B00F001
:10BA60008A80A9053FD56FF0100609E097F8543099
:10BA7000002BE9D15046FCF7E1FF06460028E3D051
:10BA8000484603F04BFC002E78D1C8F80040304601
:10BA900013B0BDE8F04FFBF73CBA821CF0D1029B1B
:10BAA0002F21184601930DF0CFFA83460028E7D1E5
:10BAB000EB05E5D5019B40F611028DF81200184602
:10BAC000ADF810200CF072FD4FF0FF328DF813002E
:10BAD00007A9019B5046CDE9052B03AAFDF73CFDC4
:10BAE00006460028CCD1089B002268056360099BAC
:10BAF000A261A360039BE360059B2361069BC4E9ED
:10BB0000075263610AD44FF0FF337D69E3626B6BC8
:10BB1000F3B13A6A62B16FF00B06B1E713B145F4C5
:10BB20008035E5614FF0FF320023C4E90423EAE7E2
:10BB30006363E36903F00303012B04D004F12C01D8
:10BB40002846FBF7F2FC3B6A00263C62236097E73D
:10BB5000E36903F00303012B06D168690BF0A8FA2F
:10BB600060630028EFD1D6E7A8690BF0A1FA606303
:10BB70000028E3D1CFE76FF0140681E720460BF0F1
:10BB80009FFA84E7012042E74FF0020C3FE70000F4
:10BB9000F0B50C468BB0064624B9326004613046DD
:10BBA0000BB0F0BD104601920CF000FD043002F025
:10BBB000E5FB3A233034054643702F2304700330ED
:10BBC00000F8013C3746019906AC0CF0E7FC084B45
:10BBD000002247F8045B0593064B029302ABCDE9C4
:10BBE00003220FCB84E80F0087E80F00D7E700BFE0
:10BBF000E76F00081D7600082DE9F04106468AB07F
:10BC000030208846019202F0B9FB019A0546B16DD9
:10BC100005A8FFF7BDFF33683046DB6F9847059BEB
:10BC20000393002D4BD0002204A903A8FEF796F839
:10BC3000044650BB049C4FF400702C600BF038FAA3
:10BC4000074600283DD0206128460399FFF7F6FA01
:10BC50000446A0B995F92B30002B08DBAB79DB0645
:10BC600029D5049BE9691878FBF7F9FAA860049BC9
:10BC700000212846DB88AB80FDF75BFF0446384691
:10BC80000BF01EFA042C18D00CB100232B60336883
:10BC90003046D3F880309847ACB128460BF010FA04
:10BCA0002046FBF76FFA044605A8FBF79FF92046EC
:10BCB0000AB0BDE8F0810524E1E70524E5E70924A1
:10BCC000E5E71124E3E7C8F80050EDE72DE9F04F70
:10BCD000804697B01C4628208A46019202F04EFB0F
:10BCE000019A0546D8F8581005A8FFF751FFA60796
:10BCF00056BF04F0010603260136A00505D56105EF
:10BD00004CBF46F0080646F01006D8F8003022076F
:10BD10004046DB6F48BF46F030069847059B0393CB
:10BD2000A5B90924D8F800304046D3F880309847A8
:10BD300028460BF0C5F92046FBF724FA044605A86F
:10BD4000FBF754F9204617B0BDE8F08F324604A93E
:10BD500003A8FEF703F8002840F0C780049C4FF4C6
:10BD600000700A940BF0A4F9814608B91124D9E7B0
:10BD700020610AA80399FFF761FA044620B99DF9EA
:10BD80005330002BB8BF062416F01C0F71D0002CC6
:10BD90004AD0042C3ED10AA8FFF7D4FB0446002861
:10BDA00038D146F00806FBF7F9FD014601901198DD
:10BDB0000E30FBF7C1FA119801991630FBF7BCFA67
:10BDC000049C11992078FBF74AFA202300220746A9
:10BDD000CB7220461199FBF737FA119B0022012103
:10BDE0001A775A779A77DA77049BD970002F4AD05E
:10BDF00039460AA8D3F838B0FFF7E6FC044648B93C
:10BE000059460498FDF751FD013F049B04465F61CC
:10BE1000002838D048460BF053F9D8F80030002CF1
:10BE200065D000232B607DE79DF82E3013F0110FB5
:10BE300057D13307B7D4049C119FA36B39466F6267
:10BE40002B622078FBF70BFA0146A86007F11C0073
:10BE5000FBF77AFAE388B2060746AB804FF000039F
:10BE6000E8602C602E746B74EB616B6110D400245D
:10BE7000D0E7002CCED19DF82E30DF062FD4B407AA
:10BE800001D5D8072DD4310748BF46F04006D2E788
:10BE90000028ECD06389A48968615C43BC421AD253
:10BEA00028683F1BFDF719FD0128014615D9431CE1
:10BEB000F4D10124A961002CACD104988389B7FB8B
:10BEC000F3F203FB1277002FD1D0FBF708FA50B141
:10BED0001044E8619EE70024ECE70224EAE704242A
:10BEE00098E7072496E7022494E7044699E7D3F8F5
:10BEF000803040469847CAF8005020E7F0B5D9B0E6
:10BF0000054617460A46816D01A8FFF741FE2B68DA
:10BF10002846DB6F98474FF48C72002112A80BF073
:10BF200035F9019B002206A968460093FDF716FF2C
:10BF3000044630B94FF400700BF0BAF8064678B9F1
:10BF400011242B682846D3F8803098472046FBF709
:10BF500019F9044601A8FBF749F8204659B0F0BD8D
:10BF6000069B0099186106A8FFF768F9044638B9DE
:10BF70009DF94330002B23DB12A906A8FBF7ECF94F
:10BF800030460BF09DF8002CDBD19DF8502040F29C
:10BF9000FF11129B284612F0100F3B6114BF4FF4A3
:10BFA00080434FF4004312F0010F40F26D1208BFBE
:10BFB0000A4613437B602B68D3F880309847C9E763
:10BFC0000624DDE72DE9F04198B005460A46816D6B
:10BFD00007A8FFF7DDFD2B682846DB6F9847079B16
:10BFE000022202A901A80193FDF7B8FE0446002829
:10BFF00040F08380029C4FF400700C940BF058F8D2
:10C000000646002800F0998020610CA80199FFF7EE
:10C0100015F90446002800F08C8004286AD19DF8A8
:10C020005B1011F0200140F08680029B03A803936F
:10C03000FEF729FD044600286FD0012870D0431C6C
:10C04000D3F1000848EB0308FBF7A8FC0746B8F15A
:10C05000000F68D121460298FBF71FFB002862D130
:10C06000029B4FF020321021DB6B1A605A60C3F83C
:10C0700007202E22029BDB6B1A70029BDA6BD172B7
:10C080003946D86B1630FBF757F902982246C16B38
:10C09000FBF7DAF80298C36B03F12002114653F85C
:10C0A00004CB934241F804CBF9D1C36B2E224FF05D
:10C0B000010883F82120C16B0E9A2031FBF7C4F8E8
:10C0C000029B0CA883F80380FFF73CFA58BB139837
:10C0D00039461630FBF730F9224602981399FBF7E0
:10C0E000B3F8139B10220298DA7280F80380FBF7F2
:10C0F0000BFC044630460AF0E3FF2B682846D3F8D1
:10C10000803098472046FBF73DF8044607A8FAF729
:10C110006DFF204618B0BDE8F0814FF0070893E7A7
:10C120004FF0020890E70022214603A8FFF74CFBDE
:10C13000DFE70824DEE70624DCE71124DDE7F0B5BD
:10C14000AFB0054614460A46816D09A8FFF720FDE9
:10C150002246A96D04A8FFF71BFD2B682846DB6F5C
:10C160009847099B02A80193049B0293FBF79AF856
:10C170000028C0F2AE80022203A901A8FDF7EEFD5F
:10C180000446002840F08F80039C4FF40070169402
:10C190000AF08EFF0646002800F09D80206116A858
:10C1A0000199FFF74BF80446002879D19DF88330B8
:10C1B00013F0A00F40F089801D9B0EAC03F1200707
:10C1C0001868083353F8041C2246BB4203C21446C5
:10C1D000F6D116AF22AC0FCF0FC40FCF0FC497E824
:10C1E0000F0084E80F00029922A8FFF727F8044601
:10C1F00048B9249A189B9A4203D1269A1A9B9A42CC
:10C2000003D008244CE004284AD122A8FFF79AF969
:10C210000446002844D129990DF145030DF155003C
:10C2200001F10D0253F8044B834242F8044BF9D15B
:10C230001888012710809B7893709DF84330039CE9
:10C24000DA0658BF43F02003CB72E770CB7ADB06E7
:10C250001DD5189A249B9A4219D02078FAF7FFFF2F
:10C2600001462046FBF73BF8014680B32046FDF728
:10C270001CFB0446A0B90398C16B91F821302E2B0A
:10C2800005D1249A2031FAF7DFFF039BDF7016A84F
:10C29000FEF700FF044618B90398FBF735FB044688
:10C2A00030460AF00DFF2B682846D3F880309847B7
:10C2B0002046FAF767FF044604A8FAF797FE09A894
:10C2C000FAF794FE20462FB0F0BD0624E8E70224DA
:10C2D000E6E70B24E7E71124E5E72DE9F043A1B0F9
:10C2E00005460A46816D03A8FFF752FC2B682846D5
:10C2F000DB6F9847039B022202A901A80193FDF777
:10C300002DFD0446E8B9029C4FF4007008940AF031
:10C31000CFFE804600285CD0206108A80199FEF776
:10C320008DFF044650B99DF84B3098064FD419063E
:10C330004DD49DF82670FA0715D5072440460AF01B
:10C34000BFFE2B682846D3F880309847072C42D090
:10C350002046FAF717FF044603A8FAF747FE2046DF
:10C3600021B0BDE8F083029E0F993078FAF777FF8D
:10C37000FB0681460DD408A8FEF78CFE0446002873
:10C38000DCD1B9F1000F19D10298FBF7BDFA0446D0
:10C39000D4E7F3699842D0D02146169014A8149699
:10C3A000FDF7C7FB04460028C8D114A8F5F792FE94
:10C3B00004460028C1D00428C0D1DCE70246494623
:10C3C00008A8FFF701FA04460028B7D1DCE70624E5
:10C3D000B4E71124B5E76FF05904BDE7406810B128
:10C3E00003689B6C18477047407E7047007E70471B
:10C3F000D0E9042110B5D0E90234981844EB0101CA
:10C4000010BDD0E902017047D0E90401704790F8EF
:10C4100020301BB1406803685B6B18476FF47A608B
:10C42000704790F8201030B459B1D0E90114C068B9
:10C430000D6812192D6B40EB03030846294630BCEA
:10C4400008470020002130BC704790F820301BB115
:10C4500040680368DB6A184700200021704790F8A5
:10C4600020301BB1406803689B6A184700200021F8
:10C47000704790F820301BB1406803685B6A18472A
:10C480000020002170472DE9F34190F82010044668
:10C4900015469846DDE9086799B10168CDE900675E
:10C4A000496C884768B1E368D4E901020168AA18B9
:10C4B000CDE9086748EB0303C96902B0BDE8F04164
:10C4C00008476FF47A6002B0BDE8F0812DE9F043CF
:10C4D00090F820C085B00446154698460391DDE9E2
:10C4E0000C67BCF1000F16D0CDE900670168D1F8E8
:10C4F0004090C84778B1E3680399D4E90102046821
:10C50000AA18CDE90C67A46948EB0303A44605B05B
:10C51000BDE8F04360476FF47A6005B0BDE8F08392
:10C520002DE9F04390F820C085B0044615469846A2
:10C530000391DDE90C67BCF1000F16D0CDE900676F
:10C540000168D1F83C90C84778B1E3680399D4E911
:10C5500001020468AA18CDE90C67646948EB03037B
:10C56000A44605B0BDE8F04360476FF47A6005B0BB
:10C57000BDE8F08390F820301BB1406803681B6968
:10C5800018476FF47A6070472DE9F047D0E901143D
:10C5900005684FEA640A9DF820C005EB6400E407D3
:10C5A0009DF824E048BF55F80A409DF82880DDF842
:10C5B0002C9048BF6158DDE90C67CDE90A89CDE9C7
:10C5C0000C67CDE908CEBDE8F0470847FF2070476B
:10C5D000D0E944017047F0B51F46D0F8183116462F
:10C5E00001332DD1D0F86021D0E94445AF4208BFD6
:10C5F000A6421CD2D0F82811C9B101290CD000F5EF
:10C60000B47C0023994212DDFCE80245BD4208BF1C
:10C61000B44202D20133F5E700230344012193F829
:10C62000544100230C4205D0723350F823201046A9
:10C63000D117F0BD01334900042B49B2F2D1F6E71E
:10C640004FF480500021F4E7004870471AA2010817
:10C65000D0F86001002170470120002170472DE9CA
:10C66000F74F164601680269054600930192896BEF
:10C670004769DDE90CAB16EB0A0843EB0B09884769
:10C68000494508BF4045DDE9003203D2002003B030
:10C69000BDE8F08F16F17844284643F1FF31A41825
:10C6A0002A6841EB0707116B3246884702460B4662
:10C6B000204639460CF0BEFE1343E7D114EB0A04C2
:10C6C0002B68284647EB0B0718F1FF32196B49F12D
:10C6D000FF33884702460B46204639460CF0AAFE37
:10C6E00013430CBF01200020D1E700000048704731
:10C6F00020A20108D0E90601704790F82030002BF5
:10C700000CBF4FF0FF30FF20704790F8203013B17E
:10C710002020002170470020FBE77047094B0A48A2
:10C720005B6870B590248D1804FB03038D4207D01D
:10C7300011F8014B1868C6693606FCD58462F5E726
:10C74000104670BD6C1200241013002400207047A6
:10C75000012070476FF0150070476FF01C007047A4
:10C7600008B5836823B9054B1B6893F83D0008BDE5
:10C77000C06898470028F6D0F9E700BFF01C0024F5
:10C7800003681B6818470000094B30B51A46094C6E
:10C79000D3F89450A542FBD1036829B181680B609E
:10C7A0004FF44073536130BDC1681B04F7E700BF0D
:10C7B0000064025800030080BFF35F8F0122084924
:10C7C0008A6001320B69042A23F0010343EA000363
:10C7D0000B61F5D1BFF34F8FBFF36F8F704700BF71
:10C7E00090ED00E0BFF35F8F064A0023936013696A
:10C7F00023F0010318431061BFF34F8FBFF36F8F16
:10C80000704700BF90ED00E070472DE9F0474668A3
:10C8100096F8327087BB03685B689847346A844235
:10C820002AD03369041B96F934201C40B368306267
:10C83000A4FB0345CAB1736A14EB030845F1000970
:10C84000002A1BDBC2F12001A2F1200328FA02F426
:10C8500029FA02F509FA01F129FA03F30C431C4302
:10C8600004FA02F2A8EB02027262D6E90A321B193C
:10C8700045EB0202C6E90A32BDE8F087D6F80CA003
:10C880003B464046494652460CF0D4FD04460D4610
:10C890000AFB1082E8E72DE9F14F46680546376B41
:10C8A00027F07F4727F0FF07002F57D1FFF7ADFF95
:10C8B0007368002B60D0D5F800A0D3E90001D6E959
:10C8C0000A238B4208BF824205D3DAF8143001B044
:10C8D000BDE8F04F18476C68D4E90A32D4F814B0B8
:10C8E000B0EB030861EB0209D4E906234B4508BF0E
:10C8F000424520D3E36894F933C0A3FB080103FB4E
:10C900000911BCF1000F13D0A268531EC01841F1E9
:10C910000001BCF1000F24DBCCF12002ACF12003BC
:10C9200020FA0CF001FA02F221FA03F31043184343
:10C93000834528BF8346236A9B4423690BEA030B84
:10C94000DAF81030584698472B685B689847336A86
:10C950005B450AD258450CD283420AD801B0BDE8E3
:10C96000F08F3B460CF066FDE2E78342F6D958456E
:10C97000F4D32B685B69AAE77369306A326918449B
:10C980002B6810401B6901B0BDE8F04F184700004C
:10C99000014BD868704700BF3C0100246FF01500C0
:10C9A0007047012070474168034630B471B1D0E947
:10C9B000032000F0010402B944B1451001EB60000E
:10C9C0000CB149598A58996830BC104730BC70473F
:10C9D0006FF015007047036800221B691146184765
:10C9E0000368012200211B691847704784B001A821
:10C9F00004B080E80E0070471120704700290CBF7A
:10CA00006FF018000020704703680BB10846184704
:10CA100070470000024B987A003818BF0120704719
:10CA20003C01002408B504F013F8FCE7014B5869F9
:10CA3000704700BF3C01002401230A4A90F92010EE
:10CA400043701C32936810B51BB193F920408C429F
:10CA500005DCC0E90232906003B1D86010BD1A460F
:10CA60009B68F1E73C01002490F82230826B13F0C0
:10CA7000100F0CBF602020201044704710B5C4690F
:10CA8000621CD0E904310CD103B1596142691AB179
:10CA900013610023436101E0074A13630023C3616C
:10CAA00010BD1BB1DA6959612244DA614269002A7A
:10CAB000EED1014AD362F1E73C010024C2682AB1F9
:10CAC0008368936003B1DA600023C3607047037822
:10CAD000F12B00D07047C068F9E783689A688260DC
:10CAE00002B1D06000221846DA60704738B51F4C9A
:10CAF000237A022B35D1636A002B34D063694A1C38
:10CB0000587016D1226B002172B94FF0FF30C3E983
:10CB10000421D86159B10B611548FFF7DEFF0223EC
:10CB20004370A061012038BD11461269ECE7236310
:10CB3000F2E7E26A002012B1D569A9420BD2D961AD
:10CB4000C3E9042058B10361002AE5D0D0695361DC
:10CB5000411AD161E0E71046491B1269EBE7E36235
:10CB6000F2E70020DFE71846DDE700BF3C010024C4
:10CB70005801002491F92020836810B51BB193F966
:10CB80002040944205DAC1E90230816003B1D960E6
:10CB900010BD18469B68F1E7012301464370014828
:10CBA000FFF7E8BF5801002470B5124D04462E7AF5
:10CBB000696990B9022E0FD16C6A6CB194F920208A
:10CBC00091F920309A4207DD2046FFF777FF0846AB
:10CBD000FFF732FF6670AC6170BD022E05D190F98F
:10CBE000202091F920309A42F1DC2046BDE87040C7
:10CBF000FFF7D2BF3C01002438B504461546FFF7C5
:10CC000033FF01602046FFF739FF1DB1BDE8384012
:10CC1000FFF7CABFBDE83840FFF7BEBF10B50446F6
:10CC2000806918B100221146FFF7E6FF6378232BD5
:10CC300002BFA36800229A6110BD10B501460446E8
:10CC400064B12378F12B07D00846FFF737FF204661
:10CC5000BDE81040FFF78EBFE468F1E710BD0000AB
:10CC600038B5254DEC6A002C45D0E369013BE36102
:10CC7000002B40D16378732B06D009D8532B0BD0EF
:10CC800003F0DF03432B29D12046FFF720FF25E0E7
:10CC900003F0EF03832BF6E72046FFF718FFC37876
:10CCA0009B071BD5C06890F92120C36AD9788907F2
:10CCB00009D599688C4208BFA16821B191F920106B
:10CCC0008A42B8BF0A465B69002BEFD190F9203049
:10CCD000934203D080F82020FFF7AFFF2046FFF7F4
:10CCE000EDFEFFF759FF246924B1E369002BC1D0A1
:10CCF00000236361EC6238BD3C01002410B503469B
:10CD000053E8000F084203D1BFF32F8F002005E046
:10CD100020EA010243E8002404B1F1E710BD10B598
:10CD2000034653E8000F00EA01028A4203D0BFF332
:10CD30002F8F002005E020EA010243E8002404B11F
:10CD4000EFE710BD10B543780446332B15D190F8AA
:10CD50002330416A03F001029B0708D428301AB13E
:10CD6000FFF7DDFF48B10BE0FFF7C8FFFAE7806A85
:10CD700001EA000312B19942F4D010BD002BFCD09F
:10CD8000014600222046BDE81040FFF735BFD0E83D
:10CD90005F3F13B9BFF32F8F04E05A1EC0E8512F35
:10CDA00001B1F4E798B2704710B5D0E85F3F5A1C64
:10CDB000914200D80022C0E8542F04B1F5E798B2A0
:10CDC00010BD10B5D0E85F3F994202D8BFF32F8F56
:10CDD00004E05A1CC0E8542F04B1F3E798B210BD28
:10CDE00010B50446B8B10378F62B14D183683BB173
:10CDF000FFF773FE01220021FFF7FEFE002010BDA9
:10CE0000C1890C30FFF7DDFFE38983428CBF00202E
:10CE10006FF00200F3E76FF00300F0E7836810B5EE
:10CE2000044663B10C30FFF7B2FF40B12046FFF774
:10CE300054FE0022BDE810401146FFF7DDBE10BDD4
:10CE4000284B5A6970B50446002A41D0002842D0C8
:10CE50000378F52B3FD1037E002B3FD0C168914270
:10CE60003CD1013BDBB2037613BB43690BB10169D3
:10CE700019612169F1B14B6192F92130D56ADDB9AF
:10CE800082F82030A36883B12046FFF726FE0646CD
:10CE90002A462946FFF7B0FEF36AC4E903656361D9
:10CEA00003B11C610123F46223760020FFF77CFEAE
:10CEB00000200FE0D362DFE7E978890706D5A9688B
:10CEC00021B191F920108B42B8BF0B466D69D6E7AE
:10CED0004FF0FF3070BD6FF00300FBE76FF0020012
:10CEE000F8E700BF3C010024224B70B55D690446A1
:10CEF0000E46002D35D0002836D00378F52B33D1DF
:10CF0000037E53B9C0E90353EB6A436103B118616F
:10CF10000123EC620020237670BDC278D10706D5CC
:10CF2000C168A94203D1FF2B21D00133F2E7F6B14A
:10CF300093070AD5E06895F9203090F920209A42AD
:10CF400003DA80F82030FFF778FE31465320FFF7F0
:10CF5000CDFD18B129462046FFF70CFE6FF0010009
:10CF6000DAE74FF0FF30D7E76FF00300D4E76FF058
:10CF70000200D1E73C0100242DE9F04104460026DF
:10CF800001270CB9BDE8F081E378D4F814801B07C1
:10CF900012D5A36826767BB12046FFF79EFD0022BE
:10CFA00005461146FFF728FEEB6AC4E903566361A4
:10CFB00003B11C61EC6227764446E2E7034653E87E
:10CFC000000F421C43E8002101B1F8E77047036BF2
:10CFD00030B4BBB1CD780024DA78AA420AD31A461D
:10CFE000C1E9012462B191607CB16160283030BC3C
:10CFF000FFF7E4BF5A681C46002AF1D01346EBE75E
:10D00000C162F1E7C1E90133C1620163EEE730B506
:10D01000F0B1C3688B421BD803698B4218D900F169
:10D0200014031A680A60BFF35F8F53E8002F0C687F
:10D030009442F6D143E8001505B1F2E7043050E818
:10D04000003F5A1E40E8002101B1F8E7002030BD42
:10D050006FF00300FBE710B590B100F1140353E843
:10D06000004F14B9BFF32F8F04E0226843E800217A
:10D0700001B1F4E714B10430FFF7A0FF204610BD62
:10D080000446FBE730B5C0B189B1C2B1CBB10024D1
:10D090000160C3604361C0E9014202FB01F41D1954
:10D0A00005611846013904D1A21A99500121084698
:10D0B00030BD851805602846F4E70146F7E71146BC
:10D0C000F5E71946F3E730B580B1C9B1A1F108051C
:10D0D00000F108040022A54209D16B6823F0030483
:10D0E00043681B1B43603AB96A60012030BD236866
:10D0F00022463BB11C46EEE751F8083C1360F4E7CA
:10D100000846F3E71846F1E710B5C378044613F074
:10D11000010322D1038083789A0708D513F0100FFA
:10D12000016B134B0FD0D3F88400FFF770FFA37887
:10D13000DB071CD50E4B2146D3F8880038B1BDE87B
:10D140001040FFF764BF586FFFF7BDFFEFE7D3F85C
:10D150008000BDE81040FFF7B6BF042343700023F2
:10D16000C360034B5A6B826002B1D0605C6310BD38
:10D170003C01002438B5044600283BD00378F12B4D
:10D1800038D1437803F00F03022B06D0032B28D0AD
:10D19000012B23D06FF002001FE0184B1A7A022AED
:10D1A000F8D15B6A002BF5D0E06AFFF7E5FE204678
:10D1B000FFF734FD6578022D18D1104901F11C00EC
:10D1C000FFF78BFC45708861EFF30983A3630023AD
:10D1D0004B612046FFF798FF002038BDFFF76EFC3B
:10D1E000E2E7FFF76BFCFFF749FCDDE70020FFF704
:10D1F000DBFCEEE76FF00300EFE700BF3C0100242B
:10D2000070B50F4C267A022E18D1636AB3B16569E6
:10D21000E86AFFF7B1FE2846FFF700FD04F11C00A5
:10D22000FFF75BFC4670A061EFF30983AB6300235B
:10D2300028466361BDE87040FFF766BF70BD00BF60
:10D240003C01002470B5054638B30378F62B24D191
:10D25000836863B12846FFF740FC00226FF00201AB
:10D26000FFF7CAFCA8680028F4D1FFF79DFCAB7853
:10D27000002613F001032E7012D00A4B2946D3F872
:10D28000984024B12046FFF7C2FE304670BDD3F867
:10D290008000FFF718FF2046F8E76FF00300F5E77E
:10D2A0001846F3E73C01002470B50446002849D035
:10D2B0000378F52B46D1037EBBB16369C0680BB11F
:10D2C00022691A61226902B3536190F92120C36A6D
:10D2D000EBB990F92030934203D080F82020FFF77B
:10D2E000ACFCA068F8B9FFF75FFCA078002610F04E
:10D2F0000100267008D0154B2146D3F89450DDB1BB
:10D300002846FFF784FE304670BDC362DDE7D9785A
:10D31000890706D5996821B191F920108A42B8BFD2
:10D320000A465B69D4E72046FFF7D7FB00226FF07F
:10D330000201FFF761FCD4E7D3F88000FFF7C3FEDA
:10D340002846E1E76FF00300DEE700BF3C01002460
:10D35000F0B568B381B10F3100F1080621F007077D
:10D36000334636685C68F11A24F00304091B8F42C7
:10D3700004D931680029F3D10846F0BD45683A4325
:10D3800004683D444560204450F8041C08388D4230
:10D3900088BF4560586818B903F108015A60EBE787
:10D3A00020F0030019181E504A6019600831E3E7A5
:10D3B0000146E1E72DE9F04F85B08146029120B9A1
:10D3C0000024204605B0BDE8F08F002A00F08680DA
:10D3D0009468B4B1A007F3D1D368432BF0D997690F
:10D3E000D2E904658EB17107EAD1002DE8D077B992
:10D3F00018276B07E4D1A5F14801574B99420BD987
:10D40000DEE7D368002BEAD0DAE7002F64D07B1E7A
:10D41000372BD5D8002DECD1D2E900A30193002CF5
:10D4200069D14E4BD3F8880000285DD0FFF713FE7A
:10D4300004460028C4D04FF00108A6B9DFF81CB19B
:10D44000002D71D1DBF88400002857D0FFF703FED0
:10D45000002870D048F0100806464FF4805548F078
:10D460000208002CACD040F2F113FD226563403D70
:10D4700023807FB2019B35446284E3700023384AE5
:10D4800084F80280C4F804A084F8207084F8217025
:10D49000C4E90E59C4E90233C4E90433C4E90633CC
:10D4A000C4E90933C4E90B363260A26B114602F1BC
:10D4B000340042F8043B8242FBD12A4B20462A4AE0
:10D4C000C1E90D394FF08073CB63029B0B62234B94
:10D4D0001A66FFF769FB74E718279BE79246164622
:10D4E0001827154601929CE701224421D3F88000B9
:10D4F000FFF72EFF9CE74FF000089EE72A464FF407
:10D5000080554FF48051DBF87400FFF721FFF8B924
:10D51000B8F1000F1ED0DBF888207AB12146104602
:10D520000024FFF774FD9AE732462946DBF87400C1
:10D53000FFF70EFFEBE74FF48055E9E72146DBF8F4
:10D5400080000392FFF7BFFD039A1446164686E754
:10D55000064684E7444682E7B7FFFF7F3C0100248C
:10D56000A52E5AE259F2000845CD000870B54FF6D5
:10D57000FE731446421E05460E469A4201D900200B
:10D5800070BD8842FBD3CCB1A068226890B110F086
:10D590000303F4D1E1680F29F1D91446F622837010
:10D5A00000234460027083600D4A0E4B8681C58162
:10D5B0009A66E5E7E368002BE1D11446094BD3F8FE
:10D5C000980028B1FFF747FD0028D8D00123E5E7F0
:10D5D00001221021D3F88000FFF7BAFEF4E700BF64
:10D5E0001DCE00083C01002438B5034660B3D0E9E5
:10D5F00000458068A0B110F0030201D0002038BDC2
:10D60000DB681B2BFAD91346F52283700023C57003
:10D61000027044600376C0E90233C0E90433EEE7E8
:10D62000DB68002BEAD10A4BD3F8940030B9012211
:10D630001C21D3F88000FFF78BFE01E0FFF70BFD04
:10D640000028DBD00123DFE704460546EBE700BFF7
:10D650003C01002410B598B140EA010313F0070320
:10D660000ED117290AD90160083910220C1842601E
:10D6700084600B5081684A60C3600123184610BD66
:10D680000023FBE738B51C4C257A012D28D07DBB43
:10D690001A4B29462846E3651023A4F85430052385
:10D6A0002364FFF7D7FF08B1C4F880500021084673
:10D6B000FFF7D0FFB0B9D4F8803000216367084687
:10D6C000FFF7C8FF80B9D4F880300021A36708466F
:10D6D000FFF7C0FF50B9D4F88030E367012323720D
:10D6E000002038BD0023E8E70023EEE70023F4E73D
:10D6F0004FF0FF30F5E700BF3C010024142E00245A
:10D70000064BDA6A3AB1D0695B6C1BB11B6998426F
:10D7100028BF184670474FF0FF30F5E73C01002462
:10D7200010B50446D0B10268806898B110F00303C8
:10D7300001D0002010BDE1680F29FAD91446F32268
:10D7400083700023446002700D4AC0E902330D4B20
:10D750005A66EFE7E368002BEBD11446094BD3F888
:10D76000900028B1FFF777FC0028E2D00123E6E71C
:10D7700001221021D3F88000FFF7EAFDF4E700BF93
:10D780007FD800083C01002410B402F00104920785
:10D7900009D40C301CB15DF8044BFFF7C0BA5DF83A
:10D7A000044BFFF7ABBAC06801EA00022CB191420A
:10D7B00018BF00205DF8044B7047002A08BF002006
:10D7C000F8E70000F8B50D4617461E460446C0B1FE
:10D7D0000378F32B15D1002913DBFFF7D5FF90B9A0
:10D7E00096B131464320FFF781F938B1084B204606
:10D7F0005969FFF7BFF94D6281F823706FF001009E
:10D8000001E06FF00300F8BD6FF00200FBE700BF1E
:10D810003C010024F8B5064670B30378F32B2BD1F6
:10D82000002929DB00F10C0353E8002F42EA010430
:10D8300043E8004000B1F7E7B56825B92846FFF78F
:10D84000B3F92046F8BD696A304695F82320AF68E1
:10D85000FFF79AFF014668B195F823309B0756BF42
:10D860006C6A044620EA04042846FFF727F90022E0
:10D87000FFF7C2F93D46E0E76FF00304E1E770B55A
:10D880000546846804B970BD616A284694F823206F
:10D89000A668FFF779FF014628B12046FFF70EF989
:10D8A0000022FFF7A9F93446ECE7014608B538B184
:10D8B0001320FFF71BF980F00100C0B2404208BD01
:10D8C0006FF00300FBE7C3681847D0E90030184742
:10D8D000D0E90132016810B401EB62005410D207A4
:10D8E00048BF0A595DF8044B48BFD3581847FFF7A3
:10D8F000EABF7047002050709070D070704730B50C
:10D90000A1F11004002500F00F02CD7302390009C7
:10D91000D3B2092ACCBF373330330B748C42F2D1E7
:10D9200030BD0000322310B50A4C0B800A4BA11CFD
:10D930001868FFF7E4FF094B04F112011868FFF7BC
:10D94000DEFF074B04F122011868FFF7D8FF2046DD
:10D9500010BD00BF0400002400E8F11F04E8F11F1F
:10D9600008E8F11F90F8203010B504465BB11C3078
:10D97000F4F792FB38B984F8200060680368BDE8CA
:10D980001040DB681847002010BD10B5044609F0B0
:10D9900097FB204610BD10B5044609F091FB2046C8
:10D9A00010BD10B5044609F08BFB204610BD08B52C
:10D9B00090F820302BB100691044F4F717FB0021D8
:10D9C00008BD1846FBE708B590F8203023B1006980
:10D9D000F4F70CFB002108BD1846FBE7F8B59C46A0
:10D9E0000D4617460446002872D00278FA2A6FD1F5
:10D9F00000296DD000F1280252E8001F11B9BFF3D1
:10DA00002F8F04E0481E42E8000606B1F4E711B18A
:10DA1000E66A01229EB9BCF1000F5CD0614683200A
:10DA2000FFF764F840B1304B20465969FFF7A2F880
:10DA3000EFF30983C3E902576FF0010023E0B11C43
:10DA4000D1E84F0FC1E8432F03B1F9E710F0FF0F02
:10DA500044D0B668DEE79A60B268AAB15360626AE1
:10DA600006F10C01284609F083FB0FB1F3783B70F7
:10DA7000002504F10C07314638463570FFF7C7FA28
:10DA8000A3681BB90020F8BD2363E8E73846FFF719
:10DA9000E2FA06460028F5D02046FFF71EF80746B2
:10DAA00029460122FFF7A8F83846FEF7DDFF626A33
:10DAB0000746816806F10C0009F05AFBF923B5709E
:10DAC000314633702046FB68F370FFF780FAD9E7E0
:10DAD0006FF00300D7E76FF00200D4E7D6E9013218
:10DAE000002BB8D1E262B7E73C010024F8B5817899
:10DAF00004468568002938D04368C6688BB39D60AA
:10DB0000A26882B35360002706F10C05214628461F
:10DB10002770FFF77CFAB368002B4CD02846FFF73C
:10DB20009AFA0446002846D03046FEF7D6FF05464E
:10DB30003A463946FFF760F82846FEF795FF726AC5
:10DB40008168054604F10C0009F012FBF923A77067
:10DB5000214623703046EB68E370BDE8F840FFF7DC
:10DB600036BAF562CCE73363CDE7AB6803B35B78D5
:10DB7000832B1DD12846FEF7B0FF06460A46FFF765
:10DB80003BF83046FEF770FF06466A6A04F10C0166
:10DB9000806809F0EDFAF3680BB1E2781A7000239F
:10DBA000214605F10C002370BDE8F840FFF72FBABD
:10DBB00021462846D1E7F8BD2DE9F0410C4617462D
:10DBC00098460546002848D00378FA2B45D100290D
:10DBD00043D08368C3B15B78832B15D1FEF77DFFFB
:10DBE000064601220021FFF707F83046FEF73CFF0A
:10DBF00006466A6A2146806809F0BAFAF06808B1F8
:10DC000007700020BDE8F08105F10C00FFF723FA52
:10DC1000064670B121466A6A0C30002409F0A8FA61
:10DC2000F923314628463370B470F770FFF7CFF907
:10DC3000E7E7B8F1000F13D041469320FEF756FFF7
:10DC400040B1094B28465969FEF794FFEFF3098369
:10DC5000C3E902476FF00100D4E76FF00300D1E79A
:10DC60006FF00200CEE700BF3C010024024B1868B1
:10DC700008B1F9F7FDB87047A835002470B514460F
:10DC80006FF00046126805460498B24207D238B1D8
:10DC9000014618460BF07AF9431C05D1206070BD8F
:10DCA00015B18A4238BFAB54236801332360F6E7CD
:10DCB0002DE9F04F2DED028B8DB00E46002105466B
:10DCC0009DF87030174607A814229DF868900493B9
:10DCD0000691DDE918AB09F059FA049B002B14BF3B
:10DCE00030232023B9F1010F08EE103A48D1BAF1E0
:10DCF000000F7BF1000343DADAF1000ACDF80C9053
:10DD00006BEB4B0BA9F102034FF00008DBB205935C
:10DD1000059B012B5ED8B9F1020F0AF00F030CBF6F
:10DD20003B4A3C4AD35C06AA02F808304FEA1A1371
:10DD30004FEA1B1243EA0B7393469A465AEA0B03C7
:10DD400008F1010444D1039B23B3049B3BB11D9B09
:10DD50003A463146284600932D23FFF78FFF08F1FE
:10DD600002041B9B9C421ADB049B3BB91D9B3A4659
:10DD70003146284600932D23FFF780FF013C1FE02A
:10DD80005AEA0B0302D000230393BBE7302301249C
:10DD90008DF818301B9B9C4212DA002303931D9BC5
:10DDA0003A4631462846009318EE103AFFF766FFD0
:10DDB0001B9B013BA3421B93F1DC039B002BD3D1A4
:10DDC0000DF11808CCB90DB0BDEC028BBDE8F08F99
:10DDD000A0469DE7504659460A2200230BF02AFB35
:10DDE00006AB30325046594603F808200A22002379
:10DDF0000BF020FB82468B46A0E71D9B013C3A4678
:10DE000031460093284618F80430FFF737FFD9E76A
:10DE1000EBA90108FBA901082DE9F04F1C468BB0C6
:10DE2000002306460D46DDF8508017460993AAB137
:10DE3000994213DB0CBF012301F1FF354FF0000BBA
:10DE4000079317F80B306BB946B1079B33B9099BA1
:10DE5000AB4295BF079A079BF254735509980BB0D4
:10DE6000BDE8F08F252B40F02B810BF1010A17F84C
:10DE70000A30203BDBB20D2B07D842F6090222FA0A
:10DE800003F3DB0748BF0BF1020A17F80A302A2B0D
:10DE900046D100210AF101020434084617F802C0F5
:10DEA000BB18BCF12E0F62D193F801C0BCF12A0F50
:10DEB00051D00022C7F10109069209EB030213F8C1
:10DEC00001CFACF1300C5FFA8CFEBEF1090F47D9DF
:10DED000BB5C682B4ED1BB185B78682B0CBF7223E0
:10DEE000112303F0030A924417F80A90B9F1640F62
:10DEF00002D0B9F1690F62D1822B55D1073424F0D9
:10DF00000704F4E8022303910121CDE904080291FA
:10DF100029463046CDE9002309AAFFF7C9FE87E06C
:10DF2000302B16D10AF1010A17F80A30302BF9D03C
:10DF30000120BA440021AAEB07021AF8013B303B4A
:10DF40005FFA83FCBCF1090FA8D80A2202FB013159
:10DF5000F1E70020EDE7023254F8043B0693B7E7FF
:10DF6000069A4FF00A0E0EFB02C20692A5E76FF06A
:10DF70000043F3E76C2B06D1BB185B786C2B0CBF0E
:10DF800082232123ADE76A2B08D07A2B08D0742B8B
:10DF900008D04C2B14BF00236123A2E73123A0E754
:10DFA00041239EE751239CE7112B54F8042B04D006
:10DFB000722B08BF52B2D317A5E712B2FBE7B9F133
:10DFC000750F03D009F0DF02582A24D1822B0CD11F
:10DFD000073424F00704F4E80223B9F1750F039124
:10DFE000CDE9040811D1002191E7512B54F8042BFD
:10DFF00009D0722B03D0112B03D00023EDE7D2B24E
:10E00000FBE792B2F9E7D317E7E7B9F1580F0CBF76
:10E01000032102217BE7B9F1630F0CD154F8043BD3
:10E0200009AA29463046DBB2CDF80080FFF726FE6C
:10E030000AF1010B05E7B9F1730F15D154F804BBD0
:10E040000BF1FF3919F8013F002BF1D0069AA2EB32
:10E0500009021BEB020FEBD009AA29463046CDF886
:10E060000080FFF70BFEEDE7B9F1700F1BD154F8FC
:10E07000049B302309AA29463046CDF80080FFF7DB
:10E08000FDFD782309AA29463046CDF80080FFF728
:10E09000F5FD00234A46CDF81480CDE90333032370
:10E0A0000293D31734E7252309AA29463046CDF831
:10E0B0000080B9F1250F18BFDA46FFF7DFFDB7E79B
:10E0C00009AA29463046CDF80080DA46FFF7D6FD8A
:10E0D000AEE7012008B501F083FB000011F001005C
:10E0E00010B58CB204D0F3F7E1FF003818BF01205F
:10E0F000E2060AD5054B5A6890235343044AD35885
:10E10000DB691B0648BF40F0100010BD6C120024F4
:10E1100010130024F8B50D4682B3194B194C5F68F3
:10E12000902303FB07439A68B2F5805F16D11A6902
:10E13000BAB940F2FF12A3F86020902202FB074216
:10E14000B2F86060F3F7B2FF0028FBD09023012003
:10E150007B43E3585B6A1E402E70F8BD1AB91A69FA
:10E1600032B9FF22E7E7B2F1805F05D11A690AB937
:10E170007F22E0E73F22DEE70022DCE71046ECE703
:10E180006C1200241013002438B50F4C0546B4F867
:10E19000541004F15600FEF714FE814203D8022108
:10E1A0000A48F3F785FE04F15800FEF7FDFDE36D24
:10E1B00043F82050637A23B9054B4FF080525A60E0
:10E1C00038BD0123A372FBE73C0100242601028035
:10E1D00000ED00E038B50D4CFA2300251422237021
:10E1E0000823042104F10C00A570C4E90935084B8B
:10E1F000C4E90155C4E90B55FEF744FF054B064A37
:10E200002846DC641A67054A1A6538BD542E002476
:10E21000882E00243C010024EDDA0008F1080108F2
:10E2200010B5044C0A460448214606F0B5FA2046CB
:10E2300010BD00BFA81A002429A2010810B5044C83
:10E240000A460448214606F0A7FA204610BD00BF42
:10E25000A81A002437A201087047000010B5044630
:10E260000068F8F705FE014618B9236A01332362F6
:10E2700010BD044B1B78DBB2002BF9D10248F3F739
:10E2800017FE00BF391000241501028007B51346A0
:10E290000A466FF0004100900020FFF7BDFD03B07B
:10E2A0005DF804FB0EB40FB505AB6FF0004153F8F9
:10E2B000042B009000200393FFF7AEFD04B05DF83F
:10E2C00004EB03B0704713B500240094FFF7A4FDDE
:10E2D00002B010BD07B51346002200920A466FF047
:10E2E0000041FFF799FD03B05DF804FB07B50B464D
:10E2F0000649024600200968896800916FF00041D4
:10E30000FFF78AFD03B05DF804FB00BFF4020024B0
:10E310000CB41FB506AB002453F8042B00940393F0
:10E32000FFF77AFD04B0BDE8104002B070470EB4AC
:10E330000FB5002105AB53F8042B00916FF000419D
:10E340000393FFF769FD04B05DF804EB03B0704779
:10E350000FB41FB5084906AB0020096853F8042B19
:10E360008968039300916FF00041FFF755FD05B0F8
:10E370005DF804EB04B07047F402002407B5019087
:10E3800008F096FE019910B90248F3F791FD03B029
:10E390005DF804FB1F0101802DE9F34D00F11C0322
:10E3A000074653E8002F013243E80026002EF8D13B
:10E3B000012A40F08680786803689B689847064683
:10E3C00068BB786803685B6A9847422838BF422078
:10E3D0000446FFF7D3FF80467868C4F500720368EF
:10E3E0004146CDE900465D693346A847064698B9DF
:10E3F000A4F1420308EB030595F84030552B64D196
:10E4000095F84130AA2B60D17B7E05EB031313F8FE
:10E41000102C520608D02E4E404608F051FE002324
:10E4200087F82030FB614CE013F80C2C0F2A04D83D
:10E4300048F22103D340DB07EDD478684FF0000A9F
:10E440000368DB6A98477B7EB0F5007F03F1FF33FA
:10E4500038BF4FF4007005EB03131A793A7653F87E
:10E46000081F0A0A61F3070A62F30F2A0A0C090E51
:10E4700062F3174A002261F31F6AA0FB0AABC7E9E7
:10E4800002AB5B68190A63F3070261F30F22190CF0
:10E490001B0E61F3174263F31F62A0FB024578680D
:10E4A00052460368C7E90445CDE90045596C5B460F
:10E4B00088470028AFD00123404687F8203008F075
:10E4C000FFFD304602B0BDE8F08D024EA4E700BF6C
:10E4D000E2F3FFFFE3F3FFFF014B1868F8F7C8BC56
:10E4E000402D0024014B1868F8F7C2BCF02D002421
:10E4F00001207047074A084913681844884283BFBF
:10E50000064B0C224FF0FF3010608CBF1A6018468B
:10E51000704700BF3801002400FC0724AC3E0024F3
:10E5200008B5094BD3E85F2F013AC3E8512F002902
:10E53000F8D14FF6FF7192B28A4203D1198803488D
:10E54000F3F7B6FC08BD00BF2C2D00242401048085
:10E55000436B30B5044685B07BB100F128036D46AE
:10E560000FCB85E80F000023636394F838300BB1BC
:10E57000FFF7D6FF2846FFF7A6F905B030BD00002B
:10E5800008B5074BD3E85F2F0132C3E8512F0029AC
:10E59000F8D192B21AB919880248F3F789FC08BD7C
:10E5A0002C2D002423010480064A136843B1013B4B
:10E5B00013602BB9044A1370044B1B7803B162B685
:10E5C000704700BF282D0024C8350024242D0024C6
:10E5D000EFF3108372B6074A117831B9DB4306496D
:10E5E00003F001030B7001231370044A1368013315
:10E5F00013607047C8350024242D0024282D0024E2
:10E6000008B5FFF7E5FF064A1388013B9BB213806C
:10E6100013B90120FEF7E6F8BDE80840FFF7C4BFD4
:10E62000102E002410B5074CFFF7D2FF218811B936
:10E630000846FEF7D7F801312180BDE81040FFF70A
:10E64000B3BF00BF102E002408B5FFF7C1FF064A74
:10E650001388013B9BB2138013B90120FEF7ACF87D
:10E66000BDE80840FFF7A0BF122E002410B5064CED
:10E67000FFF7AEFF208808B9FEF79EF80130208032
:10E68000BDE81040FFF790BF122E0024F0B51E4DDC
:10E690008FB00E461746002818BF054630220021CD
:10E6A00002A808F073FD194B01AC01952B440396A9
:10E6B000012B05D9164B9D4202D0033B9D4220D130
:10E6C000F36B0293736B0893124B134D5B69DA6B18
:10E6D000049305925A6B1B6B06920793FFF778FF22
:10E6E0000E4A1368013313600FCC0FC50FCC0FC552
:10E6F0000FCC0FC523682B60FFF756FF00200FB02B
:10E70000F0BD02970894DFE70101FF80C2FE007FA1
:10E710004001FF803C010024AC2D0024602D00242A
:10E72000F8B50546FFF754FFD0E90034DB68984799
:10E7300094F832301BB1BDE8F840FFF735BF012334
:10E7400084F831306368ABB12846FEF75EF8616843
:10E75000D4E90A67D1E900239F4208BF964209D352
:10E760006B685A68CB6863602368002BEAD09068B6
:10E770009847E7E70023284684F83130FEF78BF806
:10E78000D9E7F8B54B6915460C469B1A002BACBF70
:10E79000D318131C4B6103898B80FFF719FF0246C6
:10E7A00003686BB35E696169771A002F24DB8E42C0
:10E7B00026D19B68A36013B104F1080119611368A5
:10E7C0002146002641F80C3F9E6019611460836A5F
:10E7D00022616BB190F8242052B10268A24207D1A5
:10E7E000E2682AB96169C06A491B21EAE171984768
:10E7F000BDE8F840FFF7D8BE03F108029B68D0E7F8
:10E80000A36013B104F1080119610023E360DDE79F
:10E8100008F0C4BC08F06CBD08F010BD406828B119
:10E82000037B012B01D104387047002070470000A2
:10E83000436893F830202DE9F0470646002A74D14A
:10E8400093F83230002B70D103681B689847336807
:10E85000DB699847364B0268002A08BF1A46114602
:10E860001C46B1FBF3F304FB13132146002BF7D135
:10E870002F4B01257768B3FBF4F11F23B960013BEF
:10E8800003D305FA03FC6145F9D1B2FBF4F287F832
:10E89000333001241F23FA6004FA03F5AA4201D0A1
:10E8A000013BF9D287F834304468231F1B2B93BFF8
:10E8B00001234FF0FF332024A340A4F1040498BFA8
:10E8C00003F1FF3312F1FF303B614FF0070303FA0E
:10E8D00004F44FF000034FEAE4797C61A4FB0145A6
:10E8E0009A4601FB095543F1FF31201845EB010120
:10E8F0000AF0A0FD3368C7E906015B68C7E900AA12
:10E90000984773683862002100200122C3F824A0D0
:10E9100083F832A01A86C3E90A013046FDF775FF75
:10E920003046BDE8F047FDF7B6BFBDE8F08700BF51
:10E9300040420F0010B50446FFF77AFFFFF748FE8C
:10E940002046FDF762FF6368D3E90A01FFF72CFE5A
:10E9500010BD2DE9F8430C4680468869FFF7EAFFB1
:10E96000D4E90A59461B61EB0907002F08BFB6F529
:10E970007A7F2AD3002F08BFB6F5FA6F28D3002E6E
:10E980004FF47A72304677F101034FF00003B4BFC1
:10E99000002139460AF04EFD4FF47A760023A36336
:10E9A000A0FB0623551906FB013343EB0903C4E919
:10E9B0000A53D4E90C32C318404642EB0101C4E9C2
:10E9C0000C31C8E90031BDE8F88300200146E3E7D7
:10E9D00001200021E0E700002DE97043154E356865
:10E9E0002DBB154C4FF0000814484FF00009144B94
:10E9F000A0612360C4E90289C4E90455FFF718FF48
:10EA0000FFF7E6FD0F4B104A1A60FFF7CDFD0F4BE5
:10EA1000A0692360FFF78EFF84F840503460C4E99A
:10EA20000801C4E90A01C4E90C89C4E90E5530683B
:10EA3000BDE87083F01C0024A81C00240CAA010867
:10EA4000A0A90108682D002481C70008D0A90108E9
:10EA5000B1F900305A1C01D118467047834201D1E8
:10EA6000886870470C31F3E708B5431C03D10346AF
:10EA7000184608BD0C31B1F900305A1C04D0984238
:10EA8000F8D14B68591CF3D101460148F3F710FA4D
:10EA900030010180884208B507D0431C05D0013100
:10EAA000014602D00248F3F703FA084608BD00BF4A
:10EAB00030010180D0F890302DE9F04F012B044651
:10EAC0002DED088B87B0029307D9002084F89400BD
:10EAD00007B0BDEC088BBDE8F08F031DB0F9967050
:10EAE000B0F9986008EE103AD0F88C30B0F99A502E
:10EAF000B0F99CA008EE903AB0F99EB0B0F9A080B1
:10EB000038467249FFF7B0FF714903903046FFF76E
:10EB1000ABFF704901902846FFF7A6FF6E4909EE4A
:10EB2000100A5046FFF7A0FF6C4909EE900A5846BC
:10EB3000FFF79AFF6A490AEE100A4046FFF794FF72
:10EB4000019A039B814611461846FFF7A3FF19EE71
:10EB5000901A019019EE100AFFF79CFF49460390A6
:10EB60001AEE100AFFF796FF019B1A46039B9A4282
:10EB7000ABD1019B8342A8D154493846FFF768FFC7
:10EB8000534903903046FFF763FF524909EE100ADC
:10EB90002846FFF75DFF504909EE900A5046FFF7FF
:10EBA00057FF4E490AEE100A5846FFF751FF4C49ED
:10EBB0000AEE900A4046FFF74BFF4A4A0BEE100A56
:10EBC000039BD2F8D410484841F48041C2F8D410D5
:10EBD000D2F8D41001F48041059105994349D0F849
:10EBE0008CC08C45FBD1D16F4FF0000941F48041BE
:10EBF000D167D16F21F48041D1674FF44072012178
:10EC0000C26000223846A4F8547084F8452022617E
:10EC100084F844204FF0004292FAA2F2B2FA82F253
:10EC2000013A62614FF48062A261029AE261019A44
:10EC3000C4E9021162601946C4E90899F3F7A0FB20
:10EC400049463846F3F754FB19EE101A3046A4F83B
:10EC50005660F3F795FB49463046F3F749FB19EE4A
:10EC6000901A2846A4F85850F3F78AFB49462846DC
:10EC7000F3F73EFB1AEE101A5046A4F85AA0F3F729
:10EC80007FFB49465046F3F733FB1AEE901A58467D
:10EC9000A4F85CB0F3F774FB49465846F3F728FB39
:10ECA0001BEE101A4046A4F85E80F3F769FB494654
:10ECB0004046F3F71DFB18EE901A18EE100AF5F710
:10ECC000C1FBB0FA80F0400900E700BF40A5010891
:10ECD00070A50108A0A50108C4A50108F4A50108B4
:10ECE00018A601080044025800640258000300807E
:10ECF000431C07B510D103B05DF804FB83420AD171
:10ED000089680190F3F73CFB0021019803B05DF89E
:10ED100004EBF3F7EDBA0C31B1F900305A1CEDD128
:10ED200001460148F3F7C4F8300101800148FFF7BC
:10ED3000F7BC00BF0CAA010870B504461646018254
:10ED40001D46F4F7D3F920460021F4F7F3F93146D4
:10ED5000B4F91000F3F7CCFA29462046BDE870401C
:10ED6000FDF712BD38B5154604460182F4F7BEF929
:10ED700020462946FDF708FD0121F4F7DBF9B4F937
:10ED800010000021BDE83840F3F7B2BA00B589B0F1
:10ED9000154DFFF71DFC0022A52101A8FFF7E2FF9A
:10EDA0000424012101A8FDF7EFFC2846F3F792FAAD
:10EDB000002101A8FDF7E8FC2846F3F78BFA013C97
:10EDC000EFD10424094E012101A8FDF7DDFC3046F6
:10EDD000F3F780FA002101A8FDF7D6FC3046F3F7DF
:10EDE00079FA013CEFD1DBE7F0490200801A060016
:10EDF00008B50E4B0121D3E84F2FC3E8401FD2B214
:10EE00000028F8D12AB1FFF7E3FBBFF34F8F20BFF3
:10EE1000FDE7EFF305831BB9EFF31083DB0701D5A3
:10EE2000FFF7B4FF012000F0DBFC00BFA82D002499
:10EE30000FB407B5CDF804E0F3F72EF8019A0146B8
:10EE400010B90248FFF722FCFFF7D2FF0001FF8054
:10EE500038B5856900F10804FFF7BAFB6A685368A2
:10EE60009C4209D1436928465360FDF714FDBDE873
:10EE70003840FFF799BB1346002BF8D0DA6894426C
:10EE8000F9D14269DA60F2E738B5114C237A022BE6
:10EE90001CD1104B1D682846FFF7DAFF00234FF006
:10EEA000007285F83F300C4B5A6001226272BFF34A
:10EEB0004F8F5968C90003D54FF000615960A272A5
:10EEC00004232372BDE83840FEF71ABC002038BD89
:10EED0003C010024F01C002400ED00E02DE9F74384
:10EEE000044600F108058069904699460190FFF7B5
:10EEF0006FFB0198FDF789FC0198002142682461AD
:10EF00005368C4E902892BB9636161B95560FDF7A3
:10EF1000C2FC0FE0D3E90067B94508BFB045F3D3A1
:10EF20001946DB68EFE7D2E90A23CD604B4508BFFD
:10EF30004245ECD203B0BDE8F043FFF735BB00001B
:10EF400090F83C3030B453B1002380F83C3090F856
:10EF50003E3013B9012380F83D3030BC704790F843
:10EF60003F30002BF9D0836B4FF080620133836315
:10EF70000B4B5A60D0E90C32013342F10002C0E978
:10EF80000C32D0E90A2312F57A7543F1000412F528
:10EF9000FA62C0E90A5443F1000330BCFFF79EBF98
:10EFA00000ED00E010B5FFF717FD012380F83F30BA
:10EFB000836B1BB1064B4FF080625A60D0E90A2385
:10EFC000BDE8104012F57A7243F10003FFF786BFE7
:10EFD00000ED00E038B5274C237A012B03D04FF029
:10EFE000FF35284638BD244A00212448FEF7E2F9BF
:10EFF000A062FFF7EFF805460028F0D1204AE16C47
:10F000002048FEF7D7F9A0640028E8D01E4AFF2365
:10F0100082F8223092F82230D26863F0FF03C2F304
:10F020000222DB4314BFB3FA83F32023C3F120038E
:10F03000934298BF531CFE2202FA03F3124ADBB23A
:10F04000D377F02382F823309368104ADA63BFF352
:10F050004F8F4FF0FF332361FFF7A4FF0C48FDF7FC
:10F060003CFD02234370A06183F31488BFF36F8FCC
:10F070002372B6E73C01002438AA010825CA00081B
:10F0800074AA0108BD08010800ED00E0FF030008B4
:10F090005801002438B51E4C0546237A042B35D17F
:10F0A000FEF72EFBE26AA842034694BF00F1FF334D
:10F0B0002B4612B1D069C01AD061626C12B11069CE
:10F0C000C01A1061E06803440544E360E368AB42A2
:10F0D00013D1022300202372FDF766FD0023637223
:10F0E000BFF34F8FA27A22B1A3724FF08052094B27
:10F0F0005A60BDE83840FFF755BF0133E360FDF7C4
:10F10000AFFD236D002BE1D09847DFE738BD00BF8E
:10F110003C01002400ED00E0F8B50F4B002600276D
:10F12000002504460360C0E90267C0E904550B48A6
:10F13000A061FFF77DFBFFF74BFA094B094A1A6004
:10F14000FFF732FA01232046656384F83830064B16
:10F15000C4E908672360F8BDA0A90108649B010801
:10F16000E00F002481C70008C4A90108F8B50446CF
:10F170000E4615460021202268301F4608F006F88A
:10F1800094F86030721C84F8683016BF00230123A5
:10F1900084F8696084F86A3094F8613084F86C30DF
:10F1A00094F8623084F86D306B1C16BF0023012385
:10F1B0002567013784F8743094F8633084F8783028
:10F1C00094F8643084F8793016BF00230123E36794
:10F1D00084F88030D4F8883084F8843094F865302E
:10F1E00084F88530F8BD43681A6803681A4214BF72
:10F1F0000120002070470000094B30B51A46094C29
:10F20000D3F89450A542FBD1036829B181680B6003
:10F210004FF44073536130BDC1681B04F7E700BF72
:10F22000006402580003008008B5FFF7D1F90121FE
:10F23000F3F780FFBDE80840FFF7B6B905F0C6BB9D
:10F24000EFF310832BB9EFF31180003818BF0120C2
:10F25000704701207047000008B5EFF305832BB914
:10F26000FFF7EEFF10B9DFF80CC000DFDFF808C0D1
:10F2700000DFFEE72DCA000801D2000810B50446E1
:10F28000EFF305831BB15CB96FF0030017E0FFF7E4
:10F29000D7FF0028F7D12046DFF82CC000DF0EE0B2
:10F2A0002378F62BF0D1E18904F10C00FDF789FDFC
:10F2B000E389834204D92046FEF766FF002010BD93
:10F2C0006FF00200FBE700BFE1CD000810B5044677
:10F2D0000430FEF7F8FA04F15400FEF7BFFF0023F4
:10F2E000206C6361012384F83D30BDE81040FFF7D6
:10F2F000C5BF0000024608B5EFF3058313B16FF0F8
:10F30000050008BDFFF79CFF0028F8D11046DFF884
:10F3100008C000DFF5E700BF41CE000808B5036A6A
:10F32000013B03620068FFF7E5FF014630B1044B83
:10F330001B78DBB213B90348F2F7BAFD08BD00BF72
:10F34000391000241701028010B52C4C2C48FEF710
:10F3500085FF636913B994F83D3023B12848FFF75E
:10F36000DDFF002010BDA36A53B1A26A0023254926
:10F37000E06AB3EB900F11D242F823100133F7E7A4
:10F38000E06A214B984294BF20F003004FF0FF3019
:10F3900007F08EFEA0620028E7D1DFE744231B4A76
:10F3A00063621B4B226263601A4BA3600023E3601D
:10F3B000194B2361EFF305838BB10023636194F84C
:10F3C0003C302BB1A06A08B107F07AFE0023A3629B
:10F3D0000B48FFF7A3FF206CFFF750FFC1E7FFF7D3
:10F3E0002FFF0028E9D1A2F178010C48603ADFF83C
:10F3F00030C000DF60610028B0D1E0E7A019002430
:10F40000F4190024A52E5AE2FBFFFF7F181A0024EE
:10F4100044190024F5110108D1D80008CDF20008E4
:10F42000B5D30008014B1868FFF764BF402D0024D6
:10F43000014B1868FFF75EBFF02D0024024B1868DF
:10F4400008B1FFF757BF7047A8350024037823F0B1
:10F45000030343F001030370FFF7F0BF10B5044648
:10F46000037803F00303012B08D0FEF7FFFB23789A
:10F4700003F00302012A03D1FFF7E0FF002003E0BD
:10F4800043F002032370012010BD00003F282DE946
:10F49000F04F06468BB000F32C81974F57F82000B1
:10F4A000411C40F00A81022E00F307819348DFF8E7
:10F4B00090920378BFF35B8F13F0010F40F0FA8056
:10F4C000FFF7CCFF002800F0F5808D4BC9F8003025
:10F4D0008C4B1A689846002A40F0E9808A49092036
:10F4E000FFF7C2FA044689490A20FFF7BDFA014630
:10F4F0002046874DFFF7CEFA834904460920FFF7DF
:10F50000A7FA824983460A20FFF7A2FA814B824676
:10F510002C609C4221D1804AD2F8F01041F01001B9
:10F52000C2F8F010D2F8F02002F010020992099A05
:10F530007A4A94424AD1784BD3F8F02042F0200224
:10F54000C3F8F020D3F8F03003F020030493049BB9
:10F55000734B9C424AD1012487E0714A94421AD0ED
:10F5600002F58062944224D06E4A94425CD06E4A86
:10F570009442DDD1684AD2F8E81041F48011C2F813
:10F58000E810D2F8E82002F480120592059A9C4215
:10F59000DED1002469E0604AD2F8E81041F400317D
:10F5A000C2F8E810D2F8E82002F400320892089A73
:10F5B000BEE7594AD2F8E81041F48021C2F8E810B9
:10F5C000D2F8E82002F480220792079A574A944220
:10F5D00037D1514BD3F8E82042F08042C3F8E820FD
:10F5E000D3F8E83003F080430393039B504B9C42D5
:10F5F00075D003F580639C4273D003F580639C4211
:10F6000071D003F544439C426FD0A3F51C439C4248
:10F610006DD003F580639C425FD04648844214BF9E
:10F620004FF0FF34082420E03B4AD2F8E81041F4C0
:10F630000021C2F8E810D2F8E82002F40022069275
:10F64000069A3D4A94423BD03A4A94429FD1324B6B
:10F650000824D3F8F42042F00802C3F8F420D3F8C9
:10F66000F43003F008030193019B594609206C60B4
:10F67000F2F786FE01210920F2F73AFE51460A20F0
:10F68000F2F77EFE01210A20F2F732FE00234FF44A
:10F690001652C5E90223294AC5E90433C5E9062300
:10F6A000F4F75EFF0123C8F80030F6F721FF134896
:10F6B000FFF7CCFE224847F826900BB0BDE8F08F4C
:10F6C000154BD3F8E82042F00042C3F8E820D3F805
:10F6D000E83003F000430293029B0724C5E70224AD
:10F6E000C3E70324C1E70424BFE70524BDE70624DC
:10F6F000BBE70020E1E700BF38000024A81B00247E
:10F70000FCA80108CC350024A4A7010848A60108DC
:10F710006C12002400100140004402580014014003
:10F7200000440040004C0040005000400078004081
:10F7300000480040000C0058007C004009000A000E
:10F74000F41C002438B50D46FFF7A0FE044630B97E
:10F7500006F028FF092303604FF0FF3038BD03682F
:10F76000DB6998470028204614BF4FF400534FF43C
:10F7700000436B6023689B6A984728610020EDE78F
:10F7800010B5FFF783FE30B906F00CFF09230360C4
:10F790004FF0FF3010BD03689B699847041E04DAE0
:10F7A000644206F0FFFE0460F2E70020F2E700008A
:10F7B0000A4D044608B52B68986806F0BBFF2B6815
:10F7C000D86806F0B7FF0120FFF7DAFF0220FFF745
:10F7D000D7FF0CB1FFF7DAFAFEE700BFF40200240E
:10F7E00008B5FFF7E5FF13B5CDE90021FFF74EFEA1
:10F7F000DDE9002140B906F0D5FE092303604FF092
:10F80000FF34204602B010BD03681B699847041EF0
:10F81000F7DA644206F0C6FE0460F0E710B5FFF7C1
:10F8200035FE044628B906F0BDFE092303602046D4
:10F8300010BD0368DB699847041EF8DA644206F0DD
:10F84000B1FE04600024F2E7FFF7E8BF13B5CDE98D
:10F850000021FFF71BFEDDE9002140B906F0A2FE02
:10F86000092303604FF0FF34204602B010BD036847
:10F870009B689847041EF7DA644206F093FE046022
:10F88000F0E700007FB5002A04460D4606DA06F0D0
:10F8900089FE162303604FF0FF3019E00192FFF755
:10F8A000BDFF019AE8B1114E01220DF10F01204672
:10F8B000FFF7CCFF0028EEDB0AD09DF80F300D2BB0
:10F8C00008D1325D0A2A3355EED00A2301202B706D
:10F8D00004B070BD0A2B02D1325D0D2AF3E7335517
:10F8E000F4E729462046FFF7B1FFF1E7AC1B0024FF
:10F8F00013B5CDE90021FFF7C9FDDDE9002140B9CD
:10F9000006F050FE092303604FF0FF34204602B09A
:10F9100010BD0368DB689847041EF7DA644206F0FE
:10F9200041FE0460F0E700002DE9F74FB2F1000856
:10F9300005460E4609DA06F035FE162303604FF041
:10F94000FF34204603B0BDE8F08FFFF767FF0446A1
:10F9500060B31F4A0027DFF87CA04FF00D0B535D0A
:10F960003C469146B84521DDF25D0A2A1BD10D2B9C
:10F97000019318D0BC420CDA3A1B31192846FFF724
:10F98000B7FF0028019BDADB0444A742D9DC09F861
:10F990000530012251462846FFF7AAFF0028CEDB9A
:10F9A000CFD009F805B0F35D0137DBE7A045C8DD2E
:10F9B000A8EB040231192846FFF79AFF0028BEDBA6
:10F9C00024181FBF3619024B16F8012C5A55B8E7F8
:10F9D000EC1B002442A201080FB470B5A4B084212E
:10F9E00028AB03A853F8042B0293FEF76CFC832882
:10F9F00006D9194B1A681B79CDF88B208DF88F30FA
:10FA000000280FDD002203A9022003ACFFF770FFDE
:10FA10000D26FEF7DDFD0022254614F8013B33B923
:10FA2000FEF7C2FD24B0BDE8704004B070470A2B59
:10FA300009D10D2A07D001220DF1070102208DF80E
:10FA40000760FFF755FF012229460220FFF750FF0C
:10FA500014F8012CE0E700BF44A20108F0B52C4ED9
:10FA600085B000242B4F35462146013456F8042B2F
:10FA70003846FFF7B1FF0D2CF6D1AB6C264C029344
:10FA80006B6C264801932B6C0093696BD5E90E23B0
:10FA9000FFF7A2FF21682248FFF79EFFE16AA26AF2
:10FAA000A36AA06AD2B2266BC3F30723E76B000CEC
:10FAB000CDE9016700901B48FFF78EFFA36A1E0681
:10FAC00003D5616B1848FFF787FFA36A180403D5B5
:10FAD000A16B1648FFF780FFEB6C190712D514488D
:10FAE000FFF77AFF2B6DDA070FD51248FFF774FF87
:10FAF000EB6C5B074CBF1048104805B0BDE8F04008
:10FB0000FFF76ABF0E48FFF767FF0E48EEE700BF3A
:10FB10004C3E002449A2010800ED00E057A2010874
:10FB2000A6A20108B4A2010803A3010811A30108B9
:10FB30001FA301082EA301085EA301086AA3010800
:10FB40004EA301083BA3010808B504460D46F2F791
:10FB5000A3F950BB1648FFF73FFF302C16D0402CBE
:10FB600019D0202C1CD1134C1348FFF735FF134834
:10FB7000FFF732FFFFF772FF1148FFF72DFF114B20
:10FB800000221A7029462046F2F792F90E480F4CCF
:10FB9000FFF722FFEBE70E480E4CFFF71DFFE6E7ED
:10FBA0000D480E4CFFF718FFE1E70024EAE700BF1D
:10FBB00076A301083E01FF809FA30108CCA30108A2
:10FBC000D7A3010839100024AEA301083F01FF802C
:10FBD000B7A301084001FF80C2A301083D01FF80D7
:10FBE00038B505460024FFF751FC0B4B43F8254080
:10FBF00030B906F0D7FC092303604FF0FF3038BD61
:10FC000003685B699847051E04DA6D4206F0CAFC7A
:10FC10000560F2E72046F2E73800002438B50546D3
:10FC2000046854B9FEF722F82C6824B92C1D20462C
:10FC3000F2F74EF92C60FFF701FC204638BD0000BA
:10FC4000F0B50E4685B090F8201005461446DDE963
:10FC50000A7C19B96FF47A6005B0F0BD0168CDE98E
:10FC6000007CC96B88470028F4D029690D486118C9
:10FC70000391FFF7D3FFFEF7F1FAFEF7F7FCFEF76B
:10FC8000D1FC3A460399304607F072FAFEF7B8FC09
:10FC9000FEF7DAFC0348FFF7C1FFFFF73FFB002048
:10FCA000DAE700BF801C00242DE9F04188460025DA
:10FCB00004462349C0E90055404609F0F6F980445E
:10FCC000C4F8008023681A782F2A1CD101332360DE
:10FCD0001C48FFF7A3FFFEF7C1FA1B4B1E68D6B105
:10FCE000B768B7B1384608F061FC854211D12A46A1
:10FCF0004146384609F052F958B91248FFF78EFFCD
:10FD0000FFF70CFB17E0002AE2D001330135236036
:10FD1000D8E77668E3E7072DEFD12A4641460B483E
:10FD200009F03CF90028E8D10648FFF777FFFFF714
:10FD3000F5FA074B1E6820466660BDE8F08100BFFB
:10FD40009C9B01088C0F0024880F0024F6A3010857
:10FD50007C1C00242DE9FF478A463F49054608F0F0
:10FD600013FC044628B9FFF791FB204604B0BDE818
:10FD7000F0873A49284608F007FC20B90120012401
:10FD8000FFF784FBF1E73649284608F0FDFB20B970
:10FD900002200224FFF77AFBE7E72B78402B02D101
:10FDA000D5F80140E1E72F4E03242F48B046FFF776
:10FDB00035FFFEF753FA56F82490B9F1000F2AD018
:10FDC0000134402CF7D106F0EDFB182303602648E0
:10FDD000FFF724FFFFF7A2FA0AE002A8FEF71EFDD4
:10FDE000054640B906F0DEFB1323036046F82450B5
:10FDF0004FF0FF34B9E7036801A9029A9D682AF41D
:10FE00008033A8470546E8B16D4206F0CBFB05609C
:10FE100046F82490ECE74FF0FF37134846F824707B
:10FE2000FFF7FCFEFFF77AFA294602A8CDF8049006
:10FE3000FFF73AFF039D002DD4D02B7B002BCCD1B4
:10FE4000043D0195019B094A48F8243000231355CD
:10FE5000074A135589E700BFDCA90108E3A9010897
:10FE6000D4A90108380000242C1C0024AC1B002459
:10FE7000EC1B00241D4B70B5036004461C48FFF7C3
:10FE8000CDFEFEF7EBF9A3682BB11A4962680B6847
:10FE9000A34224D10A60184B15481A68A24204BF35
:10FEA00000221A60FFF7BAFEFFF738FA257BA5B9E2
:10FEB0001248261FFFF7B2FEFEF7D0F9104A402382
:10FEC00052F8041B8E4208BF42F8045C013BF7D194
:10FED0000A48FFF7A3FEFFF721FA204670BD194636
:10FEE0005B68A342FBD14A60D5E700BF949A010842
:10FEF0008C0F0024880F00247C1C00242C1C002460
:10FF00003800002410B50446FFF7B4FF204607F080
:10FF1000D7F8204610BD000008B50348FFF77EFE65
:10FF2000BDE80840FFF7FAB9541C002408B503489F
:10FF3000FFF774FEBDE80840FEF790B9541C00249A
:10FF40002DE9F0479DF82070054689469246022F1C
:10FF500098469DF8246022D8124BDB5DFBB1B6FBBE
:10FF6000F3F403FB146414F0FF0418D1FFF7DEFF71
:10FF70009DF82830284685F8609085F865300B9B01
:10FF800085F861A085F8628085F8637085F8646003
:10FF9000C5F88830FFF7C0FF2046BDE8F0874FF076
:10FFA000FF30FAE73CA501082DE9F04F89B09046F3
:10FFB000994605469DF84820C3469DF8503090F874
:10FFC000FA71DDE915610591032A57D8DFE802F0DF
:10FFD0001B02190302270F2B4FF0000205F1040A40
:10FFE00008BF95F8FD3111465046009203933B46F9
:10FFF000CDE90122FFF7A4FF044638B109B0BDE8FE
:020000040801F1
:10000000F08F0327E7E74FF0FF3BE4E7059B4FF056
:10001000FF329DF84C105046079307ABCDE90063C3
:100020005B46F2F76BFF3B4683462246214650462D
:10003000CDE90244CDE90044FFF782FF0028DDD17D
:10004000BBF1000F01D05846D8E795F80101002810
:10005000D4D0B9F1000F08BFB8F1040F04D1337840
:1000600043F00A033370EEE7B9F1000F08BFB8F1AF
:10007000020FE8D1337823F00403F3E74FF0FF30A9
:10008000BCE70000274B10B504460360FFF74EFFA6
:1000900025496268136823F0010313600023A364F9
:1000A00084F84530214BD1F88C209A42FBD1204B6B
:1000B000B4F95400DA6F42F48042DA67DA6F22F45E
:1000C0008042DA674FF44072CA6040F2C331D3F81D
:1000D000D42022F48042C3F8D420F2F751F9B4F9C5
:1000E000560040F2C331F2F74BF9B4F9580040F230
:1000F000C331F2F745F9B4F95A0040F2C331F2F7CF
:100100003FF9B4F95C0040F2C331F2F739F940F23B
:10011000C331B4F95E00F2F733F92046FFF7FCFE75
:10012000204610BDFC9901080064025800030080BD
:100130000044025810B50446FFF7A4FF204606F01D
:10014000BFFF204610BD08B5D830FFF767FDBDE8FA
:100150000840FFF7E3B808B5D830FFF75FFDBDE80A
:100160000840FEF77BB800002DE9F04F0D4616461B
:1001700085B0F1F75BFFAC1900F10060A042C0F060
:100180001E8109D92046F1F731FFB4FBF0F303FBE0
:100190001040002840F0138190484FF00009DFF82C
:1001A00058B2FFF73BFDFEF759F8002E00F0FE8035
:1001B000B9F1000F40F0F88005F17843B5F1016F17
:1001C0004FF0100A4FEA5343019334BF0123022337
:1001D000012B03F0010803F002070CBF4FF000638E
:1001E0004FF001630293FEF741FAFEF71BFABBF8EA
:1001F00000304FF6FD715A1E92B28A4297BF784A7C
:100200004FF0026302EA832303F100639D420ED2A2
:10021000B5F1006F0BD3734C734BD4F888209A421E
:10022000FBD1F6F7BDFC60B14FF44073A360FEF75D
:10023000E7F9FEF709FABAF1010AD4D14FF0FF3914
:100240006BE0FEF7C5F9BBF800204FF6FD71DFF853
:10025000AC91531E9BB28B4299F8143097BF634CFC
:100260004FF0016404EA422404F10064A5422ABF6D
:100270002C1B019C640C012B00F0938001200023B7
:1002800089F81400C9F81830B8F1000F00F09D800B
:10029000F2F7D4F9031E18BF0123002F00F0998054
:1002A00002200393F2F7CAF9039B00283BD00120F8
:1002B0000023C01A89F8143018BF0120C0F10009CA
:1002C000029B03EB4444BFF34F8F494B04F50032CC
:1002D000C3F8704220349442FAD1BFF34F8FBFF37A
:1002E0006F8FBFF34F8FBFF36F8F0022C3F8502281
:1002F000BFF34F8FBFF36F8FFEF756F9F6F738FC59
:10030000002894D1374B4FF440729A60B9F1000F36
:100310008DD1FEF775F9FEF797F92846F1F766FEDD
:10032000361A054441E7002BC1D1B8F1000F0AD0BD
:10033000304AD36823F4E663D360D36843EA0423E6
:1003400043F0A403D36077B12A4AD2F80C3123F4E6
:10035000E663C2F80C31D2F80C3143EA042343F0CF
:10036000A403C2F80C31B8F1000F2BD00120F2F732
:1003700065F9204AD36823F4E06323F00403D360D3
:100380005FB10220F2F75AF91A4AD2F80C3123F47D
:10039000E06323F00403C2F80C31002888D1002068
:1003A00086E74FF0FF398BE74FF0FF390B48FFF737
:1003B00035FCFEF7B3FF484605B0BDE8F08F4FF0BF
:1003C000FF39F8E7002FEAD0DBE7002FE7D04346FC
:1003D00066E700287FF46BAFAAE700BF801C00240B
:1003E00000FC3F00006402580003008000FE1F0074
:1003F00000ED00E00020005280E8F11F3C100024D6
:10040000F7B590F8201004461546DDE9086771B18C
:100410000168CDE90067496C884740B121693246DF
:10042000201D294403B0BDE8F040FFF79DBE6FF4E6
:100430007A6003B0F0BD00002DE9F04F12F01F0408
:1004400087B082460F461646994640F0268100291D
:1004500000F02381F1F7EAFD09EB060300F10060EB
:10046000834200F21A818E48DFF850B2FFF7D6FBC4
:10047000FDF7F4FEB9F1000F00F00681002C40F00A
:1004800001813046F1F7B2FDB6FBF0F500FB1565D2
:10049000451B4D4528BF4D46BB0701D11F2D4BD8ED
:1004A000202DA8463946DAF8040028BF4FF020086E
:1004B000424606F05DFE1F2D07D8DAF80400C8F1A9
:1004C0002002FF21404406F061FEDAF804302025C6
:1004D000039310230293FEF7C9F8FEF7A3F8714BBC
:1004E00019884FF6FD734A1E92B29A4297BF6E4B1F
:1004F0004FF0026303EA812303F100639E4210D2AE
:10050000B6F1006F0DD3694C694BD4F888209A423C
:10051000FBD1F6F745FB002800F0AC804FF44073A8
:10052000A360FEF76DF8FEF78FF8029B013B029384
:10053000D1D14FF0FF3487E025F01F050397A8467F
:10054000C7E7012B00F09B8002F178400123B0F552
:10055000801F8BF8143006D3A2F10163B3F5801F1E
:1005600080F085800223002005920493CBF81800C8
:100570001846F2F763F8059A20BB049B4D48012BFF
:1005800067D1C16841F00201C160BFF36F8FBFF353
:100590004F8F002001990958115004302028F9D1BB
:1005A0000592BFF36F8FBFF34F8F18460493F2F796
:1005B00045F8049B059A012B3E4B51D1D96821F097
:1005C0000201D96000238BF8143000284FD1019B21
:1005D0002032203301939BF814307019824203D2E9
:1005E000002CAED04FF0FF34002D11DD06F01F03BC
:1005F0002B44BFF34F8F304832463344C0F870224B
:100600002032991A0029F9DCBFF34F8FBFF36F8FA7
:10061000BFF34F8FBFF36F8F274B0022C3F85022D9
:10062000BFF34F8FBFF36F8FF6F7A2FA00287FF466
:1006300078AF1E4B4FF440729A60002C7FF471AF7C
:10064000FDF7DEFFFEF700F8A9EB08094644474432
:1006500010E7D0F80C1141F00201C0F80C1194E73A
:10066000D3F80C1121F00201C3F80C11AAE74FF0E6
:10067000FF34B0E7039B044632460193ABE74FF0EB
:10068000FF34ABE74FF0FF340548FFF7C7FAFEF73A
:1006900045FE204607B0BDE8F08F4FF0FF34F8E785
:1006A000801C002480E8F11F00FC3F000064025819
:1006B000000300800020005200ED00E03C10002408
:1006C000F0B590F8207085B0044615460391DDE939
:1006D0000A6C7FB10768CDE9006C3F6CB84748B140
:1006E000226933460399201D2A4405B0BDE8F04035
:1006F000FFF7A2BE6FF47A6005B0F0BD10B50446F6
:100700000168D0E901230548FFF796FE206806F04E
:10071000D7FC2046BDE8104006F0D2BCA02D002436
:1007200010B504460B48FFF779FAFDF797FDFDF782
:100730009DFFFDF777FFFDF763FFFDF785FF60681D
:1007400008B106F0BDFC0348FFF768FAFEF7E6FDC6
:10075000002010BD801C002490F8203010B5044605
:1007600013B94362002010BD2430F1F795FC002836
:10077000F8D184F82000201DBDE81040FFF7D0BF5D
:10078000034B10B504460360FFF7E6FF204610BD9B
:100790004CA9010810B50446FFF7F2FF204606F009
:1007A0008FFC204610BD000010B504461248FFF72C
:1007B00035FAFDF753FDFDF759FFFDF733FF0F4BFA
:1007C0000F4AD3F888109142FBD14FF48E010D4AA5
:1007D00051614FF440729A60FDF712FFFDF734FF4C
:1007E0002020FDF7CBFD60600348FFF717FAFEF706
:1007F00095FD002010BD00BF801C0024006402583D
:10080000000300800020005290F820302DE9F04FC6
:10081000814685B003B9436209F1240656E8000F0A
:10082000013046E80003002BF8D1012843D109F13B
:100830000400FFF7B9FF804630B13046F1F72CFCD9
:10084000404605B0BDE8F08FD9E906ABD9E90445CB
:100850001AEB040300934BEB05030193F1F7E6FB5E
:10086000002300F1006C8646DDE900018B4208BFE1
:10087000844505D230466FF47A68F1F70DFCDFE766
:10088000002D08BFB4F1006FF4D35AEA0B030ED168
:100890004FF000610B1B029365EB45030393DDE909
:1008A000026716EB0E0647F10007C9E9066701214A
:1008B00089F82010C4E79846C2E7000004460B4DB3
:1008C00007B5EFF30583002BFBD1FEF7B9FC024619
:1008D0000028F6D1204669464FF0FF33AC4600DFD2
:1008E0000028EED1DDE900309847EAE7DDD90008BD
:1008F0002DE9F74F394D6C6C002C63D023694FF014
:100900000008DFF8E0904FF0F90A013B6F692361BE
:100910002369002B55D1E3680BB1A2689A60D5F822
:100920004CB004F118016B64EFF3058343B1BBF1E4
:10093000000F13D1AB69032129486B61F1F7B8FAB5
:100940000191FEF77DFC019902460028EFD158463F
:100950001346CC4600DF0028ECD11BE09BF80030AA
:100960000191FA2BE6D10BF10C00FCF774FB064663
:100970000028DFD001990C30DBF8242006F0F8FBCA
:100980000199304686F800A0A6F80280C6E9011B4E
:10099000FDF7FAFBE378012B1DD16B6C0021626936
:1009A00013B11869824210D22261C4E902131BB14B
:1009B00018699C60821A1A6159B1CC606C6C002C69
:1009C000A6D16F6103B0BDE8F08F1946121ADB683B
:1009D000E6E76C64F2E701236370EFE73C01002473
:1009E00027010280B9DB000808B5EFF3058353B196
:1009F000124B1B689869FDF79DFF4FF47A72002334
:100A000008F064FB08BDFDF7E3FDEFF305836BB170
:100A10000B4BD8680B4B1A681860824281BF0A4999
:100A20000A6801320A60FDF7BFFDEBE7FEF708FC3C
:100A30000028EDD1DFF814C000DFEBE7F01C002444
:100A40003C010024FC1C0024F81C002491C900086F
:100A50002DE9F04FA1B0EFF30583002B63D0002008
:100A60008A4D2C68FDF7B4FDD4E90C67FDF79CFDB9
:100A7000A36BF11ADFF84882DFF8489267EBE37264
:100A80001346CDE900120A1843F10003CDE908230B
:100A90007F4B0A9300230B93FDF79EFF08A8FBF7FB
:100AA0005FFE002840F02E826FF000434FF0FF32CF
:100AB000DDE908679F4208BF964210D02C6894F881
:100AC0003C3063B9214604A8FDF743FFDDE9042368
:100AD000BB4208BFB2422ED3012384F83D30FDF75C
:100AE00077FD08A8FBF73CFE002840F009826FF074
:100AF00000414FF0FF30DDE908238B4208BF8242FE
:100B000062D1FDF765FD634B1B889BB2002B65D05E
:100B1000FDF75EFD604B1B68604B1A6922F0040212
:100B20001A6130BFE9E1FEF78BFB002897D1DFF8AF
:100B300098C100DF94E7FDF74BFDD4E90C01FDF708
:100B400033FD4FF47A73B6EB000A67EB010BA6FB9B
:100B5000030103FB0711D4E9082386184FF00102B3
:100B600041EB030794F84030A28783B9A3691B685F
:100B700093F82030002B40F0E58184F84020FDF709
:100B8000FFFCBBF1000F08BFBAF1050F0DD2002327
:100B900084F83E3094F8403023B9012384F8403083
:100BA000FDF7EEFC32463B460AE094F84030002B5D
:100BB000EDD10123B6F57A6284F83E3047F1FF3378
:100BC0002046FEF78BF98AE72B6893F83C30002B20
:100BD00097D1FDF7E9FCBFF36F8F5FE7D8F80040CE
:100BE00014F0010405D04046F1F77EFBB0FA80F422
:100BF00064092B480368DB0704D5F1F775FB00286F
:100C000008BF012427480368DF0704D5F1F76CFB10
:100C1000002808BF012424480368DE0704D5F1F743
:100C200063FB002808BF012420480368D90704D5C6
:100C3000F1F75AFB002808BF01241D480368DA07B2
:100C400004D5F1F751FB002808BF012419480368B7
:100C5000DB0704D5F1F748FB002808BF012416483C
:100C60000368DF0704D5F1F73FFB002808BF012424
:100C700012480368DE0703D444B3FDF795FCA8E7E8
:100C8000F1F732FB0028F7D1F7E700BFF01C002492
:100C900015CA00082C2D00240048025800ED00E081
:100CA0000044004000480040004C0040005000401C
:100CB0000014014000780040007C0040000C005807
:100CC00000100140640E002489EE0008FDF780FC4E
:100CD000D9F800309F4E5A6A5B6B9F4F33609F4B31
:100CE0003A609F4CDB6823609E4B19681A6801F0DC
:100CF000010142F001021A609B4A1268C2F303121A
:100D0000072A00F0AF805A6922F004025A611A687B
:100D100042F001021A60944A1068C0F303100728D9
:100D200010D1186920F001001861136943F0040321
:100D30001361BFF34F8FBFF36F8F30BF136923F081
:100D40000403136121B1874A136843F00103136060
:100D50008649874BD1F890209A42FBD1814B1A6982
:100D6000910640F1B4805B699A0640F1B0807F49FA
:100D70007F4BD1F88C209A42FBD1482200210EA84B
:100D800006F004FA3F237B4A0D9313685B036ED58C
:100D90004FF4A0230E93136803F080031493764B53
:100DA0001A6841F20303B3EB124F724A66D35368D9
:100DB000C3F384631593136803F0010310936E4B20
:100DC000196841F20303B3EB114F53682CBFC3F30F
:100DD0000533C3F306631193664B1A6F500751D561
:100DE00005220F9201215A6F0DA802F00102129202
:100DF0001A68C2F3003213921A689A6A02F0030268
:100E000017929A6AC2F3051218921A6BC2F308027B
:100E1000013219921A6BC2F3066201321C921A6BEC
:100E2000C2F3462201321A921A6BC2F30642013211
:100E30001B92DA6A02F00C021D92DA6AC2F34002D7
:100E40001E925B6BC3F3CC031F9302230D931023FD
:100E5000CDE9101300231693F5F7AEF8C0B147485B
:100E6000FDF7E6FF1A6922F004021A614FE71368E2
:100E700013F4803318BF4FF480338BE7D368C3F388
:100E8000056397E71A6F12F0010218BF0122A8E765
:100E900020220146079003900DA806F077F907A9D4
:100EA0000DA8F3F7E9F9039B1B2207990DA81393EB
:100EB0000D920E9310931293F4F76AFF08B1304825
:100EC000CEE7F5F761FF294B4FF44072DA60254A0F
:100ED0004FF4FA70136943F4007313614FF44072D6
:100EE000224B1A61F1F7F6F9D9F800303A685A62E4
:100EF00032685A632268194BDA60FDF755FBBCE68D
:100F0000FDF752FB2C682046FDF7A2FF002394F862
:100F10004020A3871AB184F84030FDF701FB29680F
:100F200004A8FDF716FD049AEFF305833BB9FEF71D
:100F300087F920B9009BDFF84CC0D01A00DF21B040
:100F4000BDE8F08FBBF1000F08BFBAF1050FFFF449
:100F50001EAE2EE6D0350024D4350024000C00400F
:100F6000D83500240048025800ED00E00064025823
:100F700000030080004402580010005CFEA301083A
:100F800023A4010895F0000800B595B0BFF35F8F6A
:100F9000804B0022196810465A60C1F30721914224
:100FA00040F0BE801022DA607B4A1A611322DA60B8
:100FB0007A4A1A611122DA60794A1A61794ADA604A
:100FC000794A1A6107225A60BFF34F8FBFF36F8FC0
:100FD000764B774998684FF000531A1802F1604237
:100FE000126843F8042B8B42F7D1704B4FF000523C
:100FF0009A605A69920315D45A6912F4003211D1D9
:10100000BFF34F8FBFF36F8FC3F85022BFF34F8FE3
:10101000BFF36F8F5A6942F400325A61BFF34F8FAA
:10102000BFF36F8F614B5A69D60327D45A6912F404
:10103000803223D1C3F88420BFF34F8FD3F88020B0
:1010400043F6E074C2F3C900C2F34E32520102EA21
:101050000406014646EA81750139C3F86052F9D2A7
:10106000203A12F1200FF2D1BFF34F8F5A6942F4A8
:1010700080325A61BFF34F8FBFF36F8F4D4CD4F85E
:10108000E03043F00073C4F8E030D4F8E03003F00F
:1010900000730093009BF2F775F84449464BCA6809
:1010A00022F4E0621204120C1343CB60F3F70EF942
:1010B000A369A269C3F30323404AD35C03F01F036F
:1010C000D8403F4B1860F3F7E3FC236F9D070AD429
:1010D0003C4A136843F4807313603B4B1B68236FD7
:1010E00023F018032367F1F783FAF5F74DFEF2F7C3
:1010F00049F84C22002101A806F048F82D4B1B6F3F
:1011000013F4407F10D0082301A8019300230A9311
:1011100001230693F4F750FF30B12C48FDF788FE09
:101120009A60013218613AE7EFF75EFAEFF3058350
:101130002BB9FEF785F810B9DFF8ACC000DF244A00
:10114000244B13614FF4805353614423D360224BEB
:10115000936018239361214B1360EFF305831BB158
:101160001B491F48F0F7A4FEFEF76AF80146002865
:10117000F6D11C48DFF874C000DF0028F0D0EFF390
:1011800005832BB9FEF75CF810B9DFF864C000DF07
:101190000021E6E790ED00E039F00206390702137E
:1011A0003FF50B13120000803900021300ED00E040
:1011B00098020020004402580003FA050497010831
:1011C00000000024004802580010005C4BA40108F5
:1011D000002D0024001D0024D82E002469A401083D
:1011E0001D0101802D2A010885D60008B5D300080D
:1011F000D5EF00082DE9F34705460026674FFFF7B6
:10120000F3FB85F82460FDF7E3F96B6801A91B1A6D
:10121000002B2B68D8BF686001931BB15A69121A62
:10122000002A3BDD2B6003B11D610E60019911B1F5
:101230002B8901332B81FDF7B7F901A8002931D1A2
:10124000019C05F118094FF0010A002C37D1FFF776
:10125000CBFBFDF7BDF92B68002B7ED05C69241A0F
:1012600024EAE474FDF7A0F9D5F83080EFF30583A4
:10127000002B75D0B8F1000F7DD1AB7A002B00F0B8
:101280008A80FDF7A5F9AB7A002B00F0828000235D
:10129000AB7202B0BDE8F047FDF786B903F1080173
:1012A0009B68BAE78C680B4600229A601A46DB6896
:1012B000002BFAD1026001F108002146BEE7236A43
:1012C000D4F8088013B104F124009847A269002AD9
:1012D0000BDB636913446361FFF786FB214602461B
:1012E0002846FDF74EFA4446AFE7EB6873B1A342D8
:1012F0000CD82B6AA34209D3A3792A690133DBB244
:1013000013FA02F214BFA37184F806A0E36913B1C3
:1013100004F124009847EB6823B1A34202D82B6A5A
:10132000A34201D2A671DEE7FDF752F94846AB6948
:1013300083B119682268914208D30BD1E360036836
:101340009B68A3600460FDF72FF9CCE703F1080068
:101350009B68EDE7E6600368F3E74FF0FF3481E751
:10136000FDF76EFF0246002884D140460121234646
:10137000BC4600DF81E798F80030F32B7FF47DAFA7
:10138000002C7FF47AAF224601214046FCF7FCF99D
:1013900073E7FDF709F9FFF727FB34E7C5D7000826
:1013A0002DE9F04700238AB0814642F21078DFF839
:1013B0005CA001240025002600278DF82730EFF3DC
:1013C00005832BB9FDF73CFF10B90120D44600DF9F
:1013D0000DF127034FF0FF32052148460493002307
:1013E000CDE9064500934FF0FF33CDE9026700F0E9
:1013F0007FF89DF8273013F0010002D0B8F1010802
:10140000DDD180F001000AB0BDE8F087ABD800085C
:10141000F0B500238BB0002600278DF827304FF061
:10142000FF320493062100934FF0FF330446CDE9C9
:101430000667CDE9026700F05BF8054618B14FF08A
:10144000FF300BB0F0BD2046FFF7AAFF0028F6D012
:1014500001220023052120460095CDE906230DF148
:1014600027034FF0FF3204934FF0FF33CDE90267BB
:1014700000F03EF80028E2D19DF8270080F002003D
:1014800040F34000DDE770B51D46D0F8F43086B07B
:101490000646013317D0140E8DF81740FFF7B8FF3A
:1014A00070B901234FF0FF32D6F8F41000930DF11C
:1014B0001703CDE90100301DF1F7B8FD06B070BD8E
:1014C0004FF0FF30FAE790F8FA31032B0ED06B1C87
:1014D00008BFB2F1FF3F09D0002D08BFB2F1807FF5
:1014E0002CBF4FF0FF30002040B2E7E70020E5E7D7
:1014F0002DE9F7430A9E044615460C9FDDF8388017
:10150000DDF840900191FFF7BEFF58B933462A46F7
:101510000199201D0A97CDE90B8903B0BDE8F0437E
:10152000F1F784BD03B0BDE8F083D0F8E8300133B3
:101530002DE9F047054688B08A461DD1FFF768FFC0
:1015400028B14FF0FF34204608B0BDE8F0870022F4
:10155000002301210490CDF800A0CDE90623D5F8A1
:10156000E4304FF0FF32CDE902304FF0FF33284630
:10157000FFF7BEFF0446E6E7FFF74AFF0028E0D189
:101580004FF000084FF000090126002704904FF0AB
:10159000FF324FF0FF3301212846CDF800A0CDE9FE
:1015A0000689CDE90267FFF7A3FF04460028CAD1E8
:1015B0002846FFF72DFF0028C3D14FF0FF324FF030
:1015C000FF33D5F8E8100494CDF800A0CDE90689E2
:1015D000CDE90267CBE7F0B5012289B000230026F0
:1015E00000270C46049105210546CDE9062300237A
:1015F0004FF0FF3200934FF0FF33CDE90267FFF762
:1016000077FF98B9D5F8E430013B0FD00134009052
:101610004FF0FF32D5F8EC100494CDE90630CDE957
:1016200002674FF0FF332846FFF762FF09B0F0BDB5
:10163000F0B500F1BC07044689B03846FCF70EFE51
:1016400094F804522DB93846C4F80052FDF766FEEE
:1016500009E0D4F80062013EC4F8006236B100250A
:101660003846FDF75BFE284609B0F0BD0022002396
:101670000421204604960096CDE90623CDE90223F5
:101680004FF0FF334FF0FF32FFF732FF002884F8AE
:10169000046238460CBF00256FF47A65FDF73EFE04
:1016A000D4F8B430002BDED11048B4F9B840FEF7BE
:1016B000B5FAFCF7D3FD0E4B1B6803F114011A4673
:1016C0000233B2F90000A0420CD14FF6FF73138031
:1016D000084A1368002B01DD013B13600348FEF745
:1016E0009DFAB3E78B42EAD1F8E700BF300F002440
:1016F000580F00245C0F002408B50448FFF710F8C9
:101700000348FFF795FF002008BD00BFA02D00246F
:10171000601000242DE9F04700F1BC0788B00446B2
:101720001546109E384605938946FCF797FD2A46D4
:10173000059B2046D4F8E0A00796FFF7A4FEA0BBC7
:1017400094F8FD3104F1040894F8F921039340461C
:1017500094F8FE31029394F8FB31CDE9002394F81C
:10176000FA3194F8F811FEF7EBFB0646E8B994F865
:10177000FB0107AB5146B0FA80F04009CDE9009378
:1017800042422B464046F1F7B9FB05463246314608
:101790004046CDE90266CDE9006694F8FA31FEF7DD
:1017A000CFFB45EA000464B20CB16FF47A643846AA
:1017B000FDF7B4FD204608B0BDE8F087B0F1104F4A
:1017C00013B50C4608D24B1E024490420CD010F8C0
:1017D000011B03F8011FF8E70023CDE9002300F106
:1017E000E0420348FFF796FF204602B010BD00BF5D
:1017F000601000242DE9F04F92469B468DB00446C0
:10180000D0E944239B4508BF924528D2D0F828C18F
:10181000BCF1000F23D0BCF1010F0CD000F5B47E59
:101820000025AC451BDDFEE80201594508BF5045C7
:1018300002D20135F5E70025611991F8541105919F
:1018400016991AEB010617994BEB0107BB4208BF2B
:10185000B24207D2614C20460DB0BDE8F08F4FF088
:10186000FF35E9E7236852462046196B5B468847F7
:1018700002460B465046594607F0DCFD1343E9D1BA
:1018800016F1FF3223682046196B47F1FF33884772
:1018900002460B463046394607F0CCFD1343D9D1FA
:1018A00004F5E4730993DDE91623134300F09480F3
:1018B000D4F81891B9F1FF3F59D11AF1FF334FF025
:1018C00008074FF003060A934BF1FF330B9305F122
:1018D000090304EBC3030893059B3B4224D0099BF7
:1018E0004FF000095046594653F826301A4698469C
:1018F0004B4607F09FFD134316D1DDE916234B45F8
:1019000008BF424510D30A9B13EB080306930B9BB9
:1019100043EB09030793089BDDE90601D3E948235C
:101920008B4208BF824203D2013E4FEA5707D3D20F
:1019300004EB8606D6F8B891D6F8C86104F1BC0766
:101940004FF000083846FCF789FC2046FFF760FDA1
:1019500000283DD15B4652462046FFF794FD0346E2
:1019600040B16FF47A643846FDF7D8FC73E74FF462
:101970008056E3E7CDE90100009052464946201D1C
:10198000F1F754FB0028ECD11AEB060A169B4BEB3F
:10199000080B9B1B1693179B63EB08031793DDE95A
:1019A000162313430CD004EBC503D3E95A235B453C
:1019B00008BF52453FBF0135631993F85431059371
:1019C0002046FFF7EDFC28B13846FDF7A7FC6AE793
:1019D000034CC8E7034CC6E700243CE75BF0FFFF7D
:1019E0005CF0FFFF5DF0FFFFB0F1104F1FB5044644
:1019F00010D300F1E04200230A480392FAF7EBFD0E
:101A0000039A0023CDE900010648FFF7F3FE80B2F8
:101A100004B010BDF0F7EAFA214602460248FEF78C
:101A2000A3FBF4E760100024A02D00242DE9F04F63
:101A30001F4600F1080304460E46154600F1BC0897
:101A400000F104092DED028B08EE103A87B0DDE9B4
:101A5000122313437CD0D4F8F0314FF0000B28460A
:101A600039469A461A4602935B4607F0E3FC129900
:101A70005118009113994B410193DDE9000159453B
:101A80004FF0000B08BF504540462ABF029B129BF7
:101A90009B1A0293029B9A46CDE904ABFCF7DEFB4E
:101AA0002046FFF7B5FC00284ED12A463B4620468B
:101AB000FFF7E9FC50B16FF47A644046FDF72EFC65
:101AC000204607B0BDEC028BBDE8F08F94F898304B
:101AD000002BF0D0002EEED0049B002BEBD048461C
:101AE000FEF724FA4FF0FF332A4602214846FDF75D
:101AF0003DFB04AB324604F16C0118EE100AF1F71D
:101B000029FA03904846FEF707FA039B002BD2D12F
:101B1000DDE904239B4508BF9245CCD1029B15EB20
:101B20000A0520461E44129B47EB0B07B3EB0A0342
:101B30001293139B63EB0B031393FFF731FC28B154
:101B40004046FDF7EBFB82E7024CB6E7024CB4E7F8
:101B50000024B5E75CF0FFFF5DF0FFFFB1F1104F2F
:101B6000F0B506468BB00D4614461AD3002200236A
:101B70004B4801F1E045FAF72EFD0B4600210246E5
:101B8000474899424FF00003314608BF944238BF9E
:101B900014462A46CDE90043FFF748FF80B20BB058
:101BA000F0BD104605F084FA22463146074605F09E
:101BB000DFFA0C2005F07CFA3A4B00228460059392
:101BC00006AE394B0492CDE9023002ABC0E9007594
:101BD0000FCB364D86E80F00FCF7FAFC2B4653F886
:101BE000184F6CB9EB69332B4FD92C6A343B04F195
:101BF0003402EB6134232A6223600123A37108E0DD
:101C00002268332A3DD9E268002A37D01A60A368D7
:101C10009360FCF7C9FC00224FF0FF3304F1240766
:101C2000C4E9052396E80F0087E80F00204BE36125
:101C3000FEF7DAFE1F4B0246214623626369034426
:101C40001A486361FCF79DFD2A6BEFF3058313B916
:101C5000FDF7F6FAE8B1D2B11378F32B17D102F100
:101C60000C03012153E8004F44EA010043E800055A
:101C700005B1F7E71046FCF787FA08E0A2681A609A
:101C8000C7E704F10803A468ABE7FCF78DFC00206C
:101C900085E710460121DFF820C000DFF7E700BF2D
:101CA00060100024CBD80008FD0601084419002468
:101CB000F3D80008EFD8000815D800082DE9F04F38
:101CC000D0F8B4A005462DED028BB5B0BAF1000FE7
:101CD0000CD0AE4AAE4BBAF1FF3F0CBF92469A46CB
:101CE000504635B0BDEC028BBDE8F08F00F1BC036F
:101CF000184608EE903AFCF7B1FA2B1D52465146B1
:101D000008EE103A95F8FA3118EE100ACDE902AA59
:101D1000CDE900AAFEF714F930B16FF47A6A18EE33
:101D2000900AFDF7FBFADBE795F804320BB9C5F82A
:101D300000A2D5F800620136012EC5F80062EED18E
:101D40000023D5F8F44185F8FB3185F8FD3195F88D
:101D50009830002BE1D018EE100AFEF7E7F818EEE5
:101D6000103A2146C5F89040181DF2F76BFB8046EB
:101D700018EE100AFEF7D0F8B8F1000FCDD12846C2
:101D8000FFF70EFB002800F0D584824F032220AC21
:101D90009F213B7828460494BB468DF88030002371
:101DA000CDF80080ADF88180CDE906230022002324
:101DB000CDE902234FF0FF324FF0FF33FFF798FBDE
:101DC0000028AAD19DF88030BF2B00F0B58000F22A
:101DD000A580012B00F0B6809D2B00F0B080002381
:101DE00010AEDFF8B8812946304600270DF17009A2
:101DF000C5E94233C5E94833CDE9208394E80C00B6
:101E0000F0F7DEF84FF05A0C96E80F00082684E849
:101E10000F000123002220462399CDF80C90B246F2
:101E20000296CDE9003CCDE9046700238847B8421B
:101E3000CDF828806FDB04225749484607F0AEF8FA
:101E40008046002867D19DF87530012B63D19DF83D
:101E5000763032460B933B4637461E4601215A20C8
:101E6000CDE90476CDE90010CDE902A920462399F9
:101E7000CDE90C32884700284DDB9DF87230012BEC
:101E8000099348D11D99080EFF28DDE90C3212D1C3
:101E90009DF87000812865D084286DD058B921F054
:101EA0007F41C5F808119DF8731089005029A8BF1B
:101EB0005021C5F80C1108320B9808F1010143F1CB
:101EC000000340454CDC0A9B002714AE29462093B2
:101ED0003046219794E80C00F0F772F80DF1700C81
:101EE00096E80F008CE80F00D5F80C310822012687
:101EF00060461F9903940096CDE904375A23CDE933
:101F00000132D5F808213B468847824618B99DF929
:101F10008730BB4246DADFF888A000E7C22B7FF4A7
:101F20005EAF032385F8006185F8F000C5F8E43062
:101F30001523C5F8EC3052E785F802014FE7C5F8E4
:101F4000E4604CE79DF88130022B7FF448AF9DF8A8
:101F50008230202B7FF443AF012385F801313EE727
:101F600088467BE721F07F41C5F820119DF873106A
:101F70008900C5F824119EE721F07F41C5F8D811EA
:101F80009DF873108900C5F8DC1194E75AF0FFFF43
:101F900059F0FFFFB8A401086EA40108A9FF0008CA
:101FA0005EF0FFFF219B0133DB08C5E94430D5F823
:101FB0000C31282B89BF9DF8A8304FF480761B1177
:101FC0009E409DF8BD3013F00802C5F8F0615AD06C
:101FD0000021002300204FF0FF32049300934FF0C4
:101FE000FF33CDE90601CDE90201F0212846FFF7D4
:101FF0007FFA00288FD12846FFF7D2F9064600283D
:1020000089D0D5F80C011C285FD9012305F5DC71B6
:1020100005F5E47C4FF0FF3E9846227F41F804EB43
:1020200008FA02F2012ACA600ED9677F41F8047CDF
:10203000D5F86071BA4200D30FB9C5F8602195F8A0
:1020400054211A4385F854215B008C4504F10204A5
:10205000DBB2E2D19DF882309F063DD59DF88930F4
:10206000C5F8E0309DF8883003F01F025B119B003B
:1020700085F8FD2185F8FB31022385F8F93100262A
:1020800085F8FE3141E0DB067FF545AF00260027ED
:1020900004924FF0FF33009266214FF0FF32284642
:1020A000CDE90667CDE90267FFF722FA00287FF441
:1020B00032AF4FF0FF324FF0FF3399210490009080
:1020C000CDE90667CDE9026790E79DF88130FF2BE7
:1020D000C5F81831BED11EE7102866DD9DF89020A6
:1020E000D40662D59DF89B30C5F8E0309DF89A3053
:1020F00003F01F025B119B0085F8FD2185F8FB3181
:10210000022385F8F93185F8FE3195F8003193B353
:1021100000229BF8003018EE100A8DF8603011464E
:102120000223ADF86120CDE90222CDE90022FDF7BE
:1021300007FF00BB18A92846FFF74DFAD8B99DF84C
:102140006230284643F002038DF86230FFF760F9F1
:1021500088B918A92846FFF7E8F9044658B928466F
:10216000FFF71EF938B118A92846ADF860408DF880
:102170006240FFF730FA9BF8002000238DF83C20E6
:102180008DF860209DF8BA20ADF83D30C2F3021200
:10219000ADF86130013A042A00F2FE80DFE812F067
:1021A000B60022012601B600B60058060ED59DF8ED
:1021B0008B30C5F8E0309DF88A3003F01F025B11C8
:1021C00085F8FD2185F8FB31022358E79DF8902022
:1021D000D1077DD59DF89730C5F8E0309DF8963051
:1021E00003F01F025B115B0085F8FD2185F8FB31D0
:1021F000012385F8F93185F8FE3195F8F030BBB14F
:10220000D5F80C313F2B13DD9DF8BF3013F04002A1
:1022100000F05E8103234FF0000B85F8FA3195F84A
:10222000FA31032B00F0E281BBF1000F7FF473AEB3
:102230002846FFF7B5F800283FF46DAE0A9B18AEAC
:102240004FF000090DF1800829462093CDF88490C5
:1022500030461CAC98E80C00EFF7B2FED5F820B180
:1022600096E80F0084E80F00BBF1000F04D0D5F80A
:102270002461002E40F0C8810123C5F82831D5E93A
:102280004432C5F82C3113F1FF3342F1FF32C5E976
:102290005A32D24B28461B788DF880300023ADF897
:1022A0008130FFF77DF800283FF435AE95F8024104
:1022B000002C00F00982012C00F020822846FFF754
:1022C0006FF800283FF427AE012385F8043226E595
:1022D000DA0606D59DF88F30C5F8E0309DF88E30CF
:1022E0007EE7DB070ED59DF88D30C5F8E0309DF810
:1022F0008C3003F01F025B1185F8FD2185F8FB315E
:10230000012378E70323C5F8E03076E70123C5F819
:10231000F830C5F8FC30D5F8F8305F1C09D0D5F896
:10232000FC104C1C05D034AA134401228A4003F847
:10233000942C18A92846FFF74EF99DF862309DF8B5
:102340003E202846BDF83C101343BDF860209DF8A0
:102350003C700A4318A99DF83D40ADF860208DF807
:102360006230FFF7E2F82846FFF71AF800283FF43A
:10237000D2AD002318A92846ADF860308DF8623040
:10238000FFF729F99DF860301F409DF861301C402F
:1023900057EA04033FF4BFAD002E3FF42EAF9DF883
:1023A000B9309DF8B8201B0103F0100343EA121363
:1023B000082B66D037DC022B23DC002B3FF41DAF4B
:1023C0000021002300204FF0FF32049300934FF0D0
:1023D000FF33CDE90601CDE9020138212846FFF798
:1023E00087F80AE7C5F8F830062392E7C5F8F83011
:1023F00007234FF03E0EC5F8FC303F23C5E93AE312
:1024000089E7042B7FF4F9AE0021002300204FF070
:10241000FF32049300934FF0FF33CDE90601CDE97D
:1024200002013521DAE7102B7FF4E7AE0126002701
:1024300018AC4FF000084FF000094FF0000B4FF0C0
:10244000FF324FF0FF33652128460494CDF800B0E9
:10245000CDE90667CDE90289FFF74AF89DF86030BB
:102460004FF0FF32612103F07F030494CDF800B0F8
:102470008DF860304FF0FF33CDE90667CDE9028972
:10248000ACE70126002718AC4FF000084FF0000918
:102490004FF0000B524A0023652128460494CDF8E2
:1024A00000B0CDE90667CDE90289FFF721F89DF874
:1024B00060304B4A712143F040030494CDF800B0E2
:1024C0008DF860300023CDE90667CDE9028985E704
:1024D000D80711D50020002104920092CDE9060111
:1024E000CDE902014FF0FF324FF0FF33B72128460C
:1024F000FEF7FEFF60BB8DE613F002020DD028460A
:10250000FEF786FF002865D100220023049000908A
:10251000CDE90623CDE90223E4E713F0100139D019
:102520000126002718AC4FF000084FF000098DF885
:10253000602000924FF0FF334FF0FF32B521284664
:102540000494CDE90667CDE90289FEF7D1FF10B109
:10255000DFF890B063E69DF86030284643F0010351
:102560008DF86030FEF754FF834698BB04904FF01F
:10257000FF324FF0FF33B12128460094CDE90689A0
:10258000CDE90267FEF7B4FF0028E1D1032385F807
:10259000FA3144E613F0080013D08023002204919E
:1025A00017218DF860300023CDE906230122002396
:1025B000CDE9022318AB4FF0FF3200934FF0FF3309
:1025C00095E713F0040B4FF00203E0D0C522C5F8E5
:1025D000F42020E6DFF810B021E600BFB8A401081F
:1025E000030080005EF0FFFF5CF0FFFF002218EEAA
:1025F000100A1146CDE90222CDE90022FDF7A0FC28
:1026000000283FF411AE86E4304604F051FD074641
:1026100000283FF480AC5A23082103905A462046F4
:10262000CDE9013101231F9900934B46CDE904699F
:10263000884700283DDB3E78D5F824C116F0020615
:1026400094E80F0088E80F0040F0B98007EB0C0910
:102650003C460834A1452CD30120002114F8063C47
:1026600014F805BC54F8042CCDE904010FA9404628
:10267000039103F00F019B09029114F8071C0093CA
:102680000023019123998847002812DB9DF83C30F4
:10269000760014F8082C1BEA030FF6B2237818BF53
:1026A00046F00106D20703F0020300F18A80002BF6
:1026B000CFD04FF0FF347BE0099901334900042B60
:1026C000C9B2099169D173E02846FEF7A1FE00283E
:1026D0007FF421AC0022002304909821009028462A
:1026E000CDE90623CDE902234FF0FF324FF0FF334F
:1026F000FEF7FEFE00283FF4E1AD0CE420A92846D9
:10270000FEF769FF00287FF406ACD5F8F8307BB9F6
:10271000D5F8FC309C4044F00304E4B29DF88030CE
:1027200020A928461C408DF88040FEF7FEFEE1E718
:102730000324F3E7DFF8C4A0FFF7F1BA0CF10103BB
:102740000A2BC5F82831B4DC6FF4AA79043405F5F6
:10275000967805F5AA7605F5B47E00210F22A9EB3F
:102760000509236814F8040B23F0FF0300F00F00A1
:1027700003F58073024048F8043B013B06F8010B67
:102780000B44D9171846EEE80201591C09EB060361
:102790009C45E6DC0023C5F86031099911EA020482
:1027A0008AD005EB83030024D3F8C831C5F8603123
:1027B000384604F085FC01343FF4ADAB69E53C4696
:1027C0004E46D5F824213A44217888077FF571AF29
:1027D00004F108039A42FFF46CAF94F802C00CF1C4
:1027E000020304EB83039A42FFF463AF6078B042C4
:1027F000A4D0C9073FF55DAF1C46E5E75DF0FFFFDC
:1028000073B51F4C04F1560504F15A06B4F8541080
:1028100028460191FAF7BBFA58B301993046FAF706
:10282000C3FAE36D53F8200018B30378F13B082B8B
:10283000ECD801A252F823F05D2801080D28010808
:10284000632801080D2801080D28010867280108E0
:102850006B2801080D2801086F280108236E98478E
:10286000D4E7636EFBE7A36EF9E7E36EF7E7236F48
:10287000F5E7002002B0BDE87040FAF795B900BF57
:102880003C0100241F4B186870B53830EFF704FC8A
:1028900018B11D4B4FF080625A601C4CE368013345
:1028A000E360FAF7DDF90020FAF77EF9236D03B152
:1028B0009847226C2AB3A369E16B994203D0D96986
:1028C000E36301B9DA61DA69BAB9267A022E18D15E
:1028D000656AB5B1E36B95F9202093F920309A42EF
:1028E0000FD12846FAF7EAF8E06BFAF755F96E705F
:1028F000236CE563A561EB6103E0013ADA61002A2C
:10290000E3D070BDF01C002400ED00E03C01002489
:10291000024608B5EFF3058313B16FF0050008BD5B
:10292000FCF78EFC0028F8D11046DFF808C000DF65
:10293000F5E700BFA9D2000870B51D4B0546044657
:1029400045F8543B2846FBF789FC206C6669FCF788
:1029500095FC0023636194F83D306BB9012384F842
:102960003D304EB1EFF3058333B9FCF769FC18B97C
:102970003046DFF840C000DF2846FCF7CFFC94F873
:102980003C302BB1A06A08B104F09AFB0023A3628B
:10299000606DFFF7BDFF226CEFF3058333B9FCF7E1
:1029A0004FFC18B91046DFF810C000DF204670BD9C
:1029B000A49A010875D1000845D2000810B5044654
:1029C000FFF7BAFF204604F07BFB204610BD000055
:1029D000024608B5EFF305830BB1002008BDFCF7F4
:1029E0002FFC0028F9D11046DFF804C000DFF5E71E
:1029F000E9D50008074B10B504460360FEF718FE42
:102A0000D4F8BC00FFF784FF201DFDF73BFB2046F8
:102A100010BD00BF2899010810B50446FFF7EAFF72
:102A2000204604F04DFB204610BD00001FB5134B9F
:102A30006C460B250FCB84E80F0020461C24FFF7C3
:102A4000C7FF0F4B18600F480F4B456003600F4BDB
:102A5000C4608360FFF7BCFF0D4B18600D480E4B40
:102A6000C460C0E900350D4B8360FFF7B1FF0C4B2C
:102A7000186004F07BF9FCF7E1FB00BFBCA401087F
:102A8000A8350024E02D002483A40108F42D00249F
:102A9000F02D0024302D002490A40108442D0024A2
:102AA000402D0024042301480B807047700200244D
:102AB000122301480B8070475C020024036818470A
:102AC00000F07B43B3F1005F0ED000F07743B3F129
:102AD000405F09D000F07F40B0F1805F14BF4FF03D
:102AE000FF304FF001607047004870470000040855
:102AF000BFF34F8F0549064BCA6802F4E0621343E7
:102B0000CB60BFF34F8F00BFFDE700BF00ED00E0DB
:102B10000400FA0508B5D0F8B4325B689847002085
:102B200008BD08B5D0F8B4320BB9022008BD1B6847
:102B300098470028FAD0F8E7D0E90030184700009D
:102B40000A23038000487047E802002400207047F1
:102B50000020704700207047002070470020704719
:102B6000002070476F2303800048704778020024DC
:102B70000048704798AA0108D0E90931C26A006A82
:102B8000424301FB0323A0FB010119447047D0E934
:102B900006017047D0E904017047D0E9020170478F
:102BA00001682DE9F04717469846096B0646DDE9AE
:102BB000089A884702460B463846414606F03AFCDA
:102BC000134302D00020BDE8F08717EB09043368F7
:102BD000304648EB0A0514F1FF32196B45F1FF331B
:102BE000884702460B462046294606F023FC13433D
:102BF000E8D1336830469B6B9847A94208BFA04292
:102C00002CBF01200020DEE72DE9F0471E460368B7
:102C1000154604469B6ADDE9087A984702460B464A
:102C20002846314606F006FC134302D00020BDE8DA
:102C3000F087236820469B6A984702460B46384631
:102C4000514606F0F7FB1343F0D115EB0708236854
:102C5000204646EB0A099B6B9847494508BF40450B
:102C60002CBF01200020E2E72DE9F0471E46036853
:102C7000154604465B6ADDE9087A984702460B462A
:102C80002846314606F0D6FB134302D00020BDE8AB
:102C9000F087236820465B6A984702460B46384611
:102CA000514606F0C7FB1343F0D115EB0708236824
:102CB000204646EB0A099B6B9847494508BF4045AB
:102CC0002CBF01200020E2E74FF0FF30704703687F
:102CD000DB6A18470020704710B50224C0E90722BC
:102CE000C0F89442D0F8C002EFF711F9002010BDEF
:102CF00008B5002204231146C0F89432D0F8C0026F
:102D0000EFF705F9002008BD37B54B7804460D46AE
:102D1000092B45D8DFE813F0040120014400190114
:102D2000440088000A004400EC00B90000234988F0
:102D3000ADF806300B0A013B062B31D8DFE803F073
:102D40000416233030515B00D0F8B0321B680DF10F
:102D50000601207C9847BDF80620002A5FD0EB884A
:102D6000002B53D12046FFF7C3FF5BE0027CD0F875
:102D7000B43232B99B6A0DF10600984702234370C2
:102D8000E9E7DB6AF7E7C9B2052921D8DFE801F0F6
:102D9000030C1014181CD0F8B0325B68002BD6D18D
:102DA0002046EFF7A9F83DE0D0F8B0329B68F5E790
:102DB000D0F8B032DB68F1E7D0F8B0321B69EDE74C
:102DC000D0F8B0325B69E9E7D0F8B0329B69E5E74B
:102DD000D0F8B4329B6B002BE2D00DF1060298477D
:102DE000B9E7037C002BDBD1D0F8B4320DF106003B
:102DF0005B6B9847AFE7037C002BD1D1D0F8B4329E
:102E00000DF106001B6B98470723B8E79A4201466D
:102E1000204628BF1A46ADF80620FFF75DFFEB8875
:102E2000002B9FD003B030BD8B88002BB8D1C88851
:102E30000028B5D14D887F2DB2D894F89C32032B51
:102E4000AED0EAB2D4F8C03284F89E2293F8BC1314
:102E5000012910D083F838201A68D2F8001821F41C
:102E6000FE61C2F80018D2F8001841EA0511C2F854
:102E7000001883F8BC032046FFF73AFF1DB1022378
:102E800084F89C32CEE70123FAE78978384D01298E
:102E9000297085D890F89C32022B08D0032B15D0CE
:102EA000EFF72AF829782046FFF734FEBAE7002921
:102EB0003FF458AF01210323416080F89C32204643
:102EC000FFF72FFE02287FF44DAF69E731B90223E7
:102ED000416080F89C32FFF71DFE43E741680129FD
:102EE0003FF440AFC9B2FFF715FE29786160E6E70D
:102EF000CA88012A7FF454AF90F89C32022B0AD87A
:102F0000002B3FF44DAF0146002341F8083F204617
:102F1000FFF7E2FE86E7032B7FF442AF011DF6E7E1
:102F200090F89C32013B022B3FF63AAFCB88022B44
:102F30007FF436AF0123C360D0F8A4320BB1032372
:102F4000C360022204F10C01E1E74B88012B7FF4FE
:102F500069AFC4F8A43205E790F89C32013B022B1C
:102F60003FF61EAF4B88012B7FF45CAF0023F0E7E8
:102F7000043A002438B5036804460025DB6C984702
:102F8000104B03227C2083F830200F4A116821F077
:102F9000030111605D631A6083F83050EFF7ACFAFB
:102FA0000A4A2046D2F8DC3023F40073C2F8DC3041
:102FB000236884F8545084F880501B6D9847284645
:102FC00038BD00BF94120024002402480044025877
:102FD00038B5D0F8B432044601795B689847D4F824
:102FE000C04294F8BC33012B21D02568012384F81A
:102FF000BC332846AB6823F00103AB60F0F70AFA54
:103000004FF48463226813610A4B013B02D01169BB
:103010008906FAD4A36A012B06D1A369012B03D038
:10302000AB6B23F48033AB63002384F8BC33002004
:1030300038BD00BF410D030008B5FFF7C9FFFFF71A
:1030400057FD00002DE9F7430D7800230646D0F820
:10305000B84215F06005ADF8063000F07C81202DF7
:1030600040F08F8191F80180B8F1060F00F289815C
:10307000DFE818F0440107004300B4000B0122010F
:10308000270141F21803CA88E05C02B3022801D08C
:10309000052818D1498804F58053196041F20403CA
:1030A00041F21801E2500323635441F214016354C6
:1030B0002146D6F8C002C6F89432C6E95722EEF788
:1030C0003BFF002515E03046EEF716FFF9E705282F
:1030D00001D00228F7D14FF483720025E25241F269
:1030E00011030622E55441F21203E55241F21403A2
:1030F000E254284603B0BDE8F083CA8841F21800C4
:10310000002A5FD0205C04F58053022801D00928F2
:1031100052D14F8841F204091F6041F2180344F86C
:103120000920DFB9032A21464FF0030298BF4FF070
:10313000090804F8038041F21103E75441F2120335
:10314000E75241F2140304F803804FF40453238040
:103150004123A3703046FFF7BFFDB2E7012F41F2D4
:1031600011011BD009200025023FE05441F2120357
:1031700065542146E55241F21403E05441F208033C
:10318000E058D6F8BC3200EB0730DB69984734F8DA
:10319000092001463046FFF79FFDAAE70F220025D0
:1031A000E25441F212036554E55241F21403E25431
:1031B0003046EEF7A1FE9CE7002541F20402A5503F
:1031C0001D60F5E7022341F211012354625441F2DC
:1031D0001201625241F21401635472E741F2180283
:1031E00004F58055A35C1035032B04D0062B2DD09D
:1031F00006222946AEE741F2040341F21100E358EA
:10320000EBB1042341F21201A35400222254625272
:1032100041F21402A35441F20803E05804F580532C
:103220001968D6F8BC3231B92278412A03D11B6A19
:103230002A469847DCE71B6A2A460121F9E705215F
:10324000A154235441F21202A3520DE041F219039A
:10325000E35C012B0CD10721A15441F21102A354CC
:1032600041F212030022E25241F21403E154BFE79B
:10327000002BBDD1564991F826104907B8D5022137
:10328000A15441F21102A354DCE741F2180341F2C8
:103290001001E25C0A2A07D102220025E25441F221
:1032A00014036550E25224E70A22E2540E236350CD
:1032B00041F21403E25204E704F58051012218316F
:1032C00048E741F21802A35C092B3FF6FAAE4FF42F
:1032D0001B75DD40ED4315F001057FF4F2AE0223CE
:1032E000A35441F21002A55041F21402A35204F576
:1032F00080531D6041F20403E550FAE641F21800E4
:10330000225C092A14D84FF41B73D340DB4313F01B
:1033100001030DD10222225441F21000235041F248
:103320001400225204F58052136041F20402A350AB
:10333000274B93F8275015F0100508D03046454626
:10334000FFF746FED6F8C002F3F702FBD1E6488845
:10335000F3F74CFCCDE64F780B2F12D8DFE807F0DF
:1033600006111111111116111111232C90F89C3214
:10337000032B06D102220DF106013D46FFF7ACFCFE
:10338000B7E630460225EEF7B7FDB2E64B881B12D2
:10339000212B05D1CA880F49092A28BF0922F9E63D
:1033A00000221146F6E690F89C32032BE9D104F591
:1033B000805101220C31EDE68B78022BE1D890F898
:1033C0009C22032ADDD141F20C02A35091E600BFFA
:1033D000780200249C020024F0B541F21802D0F8D3
:1033E000B84289B00746A35C042B65D104F580562A
:1033F00041F20403316800294FD12278AAB9E35879
:10340000012B41D1002541F2040341F21802E5509D
:1034100003233560A35441F21102A55441F2120274
:10342000A55241F21402A3542BE0212A10D1E358F3
:10343000052B29D1E378A2781B0403EB02236278E1
:103440001344227903EB026341F20802A350D9E747
:10345000412A19D1E358052B16D1E378A0781B0433
:1034600003EB002360780344207903EB006041F212
:103470000803E050D7F8BC325B6998470028C1D0F8
:103480000225284609B0F0BD002341F20402384667
:10349000A3503360EEF730FDB4E70129B2D941F211
:1034A00008020239A058D7F8BC2200EB01312046AF
:1034B0009569E258A847E1E7072B4FF0000313D1C5
:1034C00041F219016354184991F8265041F2110153
:1034D00015F004050AD00620A05441F212026354EC
:1034E000A35241F21402A0541D46CAE70823A35474
:1034F00041F212026554A55241F21402A354D0F8CD
:10350000BC321B699847094B094A002109480792B8
:1035100006950092CDE9043704ABCDE902010648D7
:103520000ECBEEF721FDACE778020024393001081C
:10353000392B0108400D0300B00E002438B50446B5
:1035400041F21C0003F0B4FDC4F8B802E0B102225D
:1035500041F2180300F580510C4DC25200230B605C
:1035600041F20401435041F20801455041F20C017F
:10357000435041F21001435041F21403C252D4F8B7
:10358000BC32DB68984700B1022038BD0000040857
:1035900070B504460D46164600211C2203F0F6FDC8
:1035A000204632462946FBF7DDFB204670BD38B584
:1035B000D0F8B832002541F21801044603F58052D4
:1035C000156041F204029D5002225A5441F210014A
:1035D0005D5441F214015A54D0F8B80218B103F006
:1035E0006FFDC4F8B852002038BD00002DE9F04F3F
:1035F0008BB0016806469346149F159C0097019472
:10360000496C8847002800F0BF8033683046DB6C87
:10361000984796F8803043B9336830465B4C1B6D51
:10362000984720460BB0BDE8F08F594C94F83030E5
:103630002546012B5FFA83FA1AD14FF0000958464C
:10364000D6E908234946CDE9023205F0F3FE039A94
:103650008046029BB81A4946584405F0EBFE804567
:103660000746C4F8349005D9636B43F00063636385
:10367000484C80E0236D984203D9636B43F000739C
:10368000F5E70323D4F8009084F83030236C9A06D1
:1036900009D4414BC9F83830636B43F080636363EE
:1036A00084F830A0E4E7D9F814309B0106D53A4BF2
:1036B000C9F83830636B43F40063F0E7A36B012B68
:1036C00004D0032B36D04FEA482847022024002399
:1036D000CDF814804FF4807A4FF4805805A94846FD
:1036E000CDE9064ACDE90838EEF712FB41F28832FF
:1036F00021464846EFF71EFF48B12B68264A9A63D9
:103700006B6B18430123686385F83030B0E72C6891
:1037100005A905972127CDE908082046CDE9067AB5
:10372000EEF7F6FA41F2883239462046EFF702FF0B
:103730000028E2D100234FF4807226272C6805A9C7
:103740002046CDE90723CDE905374FF4805309938F
:10375000EEF7DEFA4FF2186239462046EFF7EAFE3E
:1037600028B12B680C4A9A636C6B2043CAE701238B
:10377000044685F83030EFF771FF0428FBD1336839
:1037800030461B6D98474CE7044C4AE774ECFFFF4A
:10379000941200246EECFFFFFF0FE01F75ECFFFF9B
:1037A0002DE9F04F8BB00E460168054693469A46C8
:1037B000DDE91478CDE90078096C8847002800F02D
:1037C000FE802B682846DB6C984795F8803043B91B
:1037D0002B6828467B4C1B6D984720460BB0BDE8F4
:1037E000F08FAB6D784C0393D5E90889EEF7CEFEE8
:1037F000074626B9636B43F00063636368E094F89F
:103800003030012B40F0D78042464B465146584657
:1038100005F010FE824642464B46DDE9140105F0F4
:1038200009FE226D0AEB000100238046914263638A
:1038300003D9636B43F00073DFE7D4F800B00322D1
:103840004FEA482984F83020CBF82C30A36B012BA9
:103850004FF0FF33CBF8243018BF4FEA4A2ACBF899
:103860002890B8F1010FDBF82C3023F0FF0343F070
:103870009003CBF82C30DBF80C3043F04003CBF84E
:103880000C3027D92023CDF814A04FF0190AE36299
:103890004FF4807100235846CDF818A0CDE90713E6
:1038A0004FF4805305A90993EEF732FA41F28832BA
:1038B00051465846EFF73EFE78B32368434A9A6371
:1038C000636B18436063012384F830300023E362A4
:1038D0003F4C67E01023CDF814A04FF0180AE362C4
:1038E000D6E7436B5A040CD5B9F11F0F09D906F17D
:1038F000200356F8042BB342C0F88020F9D1A9F177
:103900002009EEF743FE039BC01B834205D82368C2
:103910002E4A9A63636B6363D5E72068436B13F4A5
:103920008D7FDED0C36823F04003C360436BDB05AB
:1039300009D5B8F1010F06D9A36B032B03D0EFF71C
:103940000FFF0028B9D12268506B10F0080005D095
:103950001E4B9363636B43F00803DCE7516B11F07C
:1039600002010AD0194B9363636B43F00203636354
:10397000012384F83030E062AAE7536B13F01003A0
:103980000AD0124B9363636B43F01003636301230C
:1039900084F83030E1629BE70E499163012284F89C
:1039A00030201C46EFF75AFE0428FBD12B6828462E
:1039B0001B6D984711E7636B43F000531DE7064CFE
:1039C0000BE700BF74ECFFFF94120024FF0FE01F11
:1039D0006CECFFFF3A0F001875ECFFFF2DE9F04F7C
:1039E0008BB00E460168054693469A46DDE9147889
:1039F000CDE90078C96B8847002800F00E812B685C
:103A00002846DB6C984795F8803043B92B682846E8
:103A1000834C1B6D984720460BB0BDE8F08FAB6D13
:103A2000804C0393D5E90889EEF7B0FD074626B927
:103A3000636B43F00063636369E094F83030012BFB
:103A400040F0E78042464B465146584605F0F2FCAE
:103A5000824642464B46DDE9140105F0EBFC226D3F
:103A60000AEB0001002380469142636303D9636B34
:103A700043F00073DFE7D4F800B003224FEA48298F
:103A800084F83020CBF82C30A36B012B4FF0FF33A0
:103A9000CBF8243018BF4FEA4A2ACBF82890B8F167
:103AA000010FDBF82C3023F0FF0343F09203CBF837
:103AB0002C30DBF80C3043F04003CBF80C3028D925
:103AC0000223CDF814A04FF0120AE3624FF4807184
:103AD00000235846CDF818A0CDE907134FF48053C2
:103AE00005A90993EEF714F941F288325146584678
:103AF000EFF720FD00283ED023684B4A9A63636BA2
:103B000018436063012384F830300023E362474C9C
:103B100076E00123CDF814A04FF0110AE362D5E757
:103B2000436B1A0419D5B9F11F0F16D9331D06F1CD
:103B3000240122680433D2F88020100A03F8082CEC
:103B400003F8070C100C120E03F8060C03F8052CF2
:103B50008B42EED12036A9F12009EEF717FD039B29
:103B6000C01B834207D823682F4A9A63636B43F0D4
:103B700000436363C6E72068436B13F4957FCFD09F
:103B8000C36823F04003C360436BDB0509D5B8F17C
:103B9000010F06D9A36B032B03D0EFF7E1FD00283B
:103BA000AAD12268506B10F0080005D01E4B936319
:103BB000636B43F00803DCE7516B11F002010AD09C
:103BC000194B9363636B43F002036363012384F82F
:103BD0003030E0629BE7536B13F020030AD0124BA6
:103BE0009363636B43F020036363012384F83030F5
:103BF000E1628CE70E499163012284F830201C4673
:103C0000EFF72CFD0428FBD12B6828461B6D984745
:103C100001E7636B43F000530DE7064CFBE600BF82
:103C200074ECFFFF94120024FF0FE01F6DECFFFF08
:103C30003A0F001875ECFFFF03682DE9F04FDB6CBD
:103C40009FB0B84C05469847B74BB84E4FF48042EA
:103C500023600423E2604FF0010863610023B44F46
:103C60004FF0030923610EA93846C4E90133D6F8A1
:103C7000E02042F04002C6F8E020D6F8E0201093A1
:103C800002F04002CDF844900792079A0822CDE94D
:103C90000E28F2F787FE4FF400230EA9A548BB615A
:103CA0000227D6F8DC3043F40073C6F8DC30D6F8CF
:103CB000DC3003F400730693069BD6F8E03043F043
:103CC0000203C6F8E030D6F8E03003F002030593B3
:103CD000059BD6F8E03043F00803C6F8E030D6F88C
:103CE000E030CDF8449003F008030493049B0923CB
:103CF00012934CF21803CDE90F780E93F2F752FEAF
:103D0000C0230EA98C480E930B231293F2F74AFEA0
:103D100005217C20EEF70CF8884B4FF08052DA60DA
:103D20008DF80F809DF80F30012B5FFA83F812D0C9
:103D30007C20EEF7E1FBD6F8DC30284623F4007354
:103D4000C6F8DC302B6885F854701B6D98477C48AA
:103D50001FB0BDE8F08F94F8303003F0FF0203B9D4
:103D60002276032384F83030EDF7FEFF70B901238B
:103D700084F830304FF0006363630123284685F8F0
:103D800054302B681B6D98476E48E1E721686E4BF5
:103D90004A686E4FB0FBF3F33A401A435B00B0FB46
:103DA000F3F06B4B4A600A68B3FBF0F042F0030299
:103DB00001300A60F2F71AFF002320680893EFF73A
:103DC000A7FC834688BB4FF4D5700822D4F8009036
:103DD0000EA9604ECDE90E024FF480724846CDE93F
:103DE000102B4FF480521292EDF792FF32684FF48D
:103DF000FA51B2FBF1F141F288324A43013A0DD354
:103E0000D9F8341011F0450FF8D08904F6D4D9F858
:103E10003420520710D50422C9F838200022206827
:103E2000E263EFF775FCF0B18346012284F830209D
:103E3000636B43EA0B039FE7D9F83420D30701D51E
:103E40000122E9E7D9F83420500602D54022C9F80A
:103E500038200122E26300212068EFF740FC28B1FE
:103E60004FF0805BE1E7E26B012AF4D04FF6FE7978
:103E70000021CA4637E02068EFF731FC834600286E
:103E8000D3D1354B29212268CDE90E314FF4807111
:103E90004FF4805301921293CDE910100EA91046F1
:103EA000EDF736FF33684FF4FA51019AB3FBF1F1A5
:103EB00041F288334B43013BD2D3516B11F0450F94
:103EC000F9D08904F7D4536B5B0702D504239363BD
:103ED000C6E7224B93632368D3F814B0089A4FEADD
:103EE000DB7101320892089A4A4501D80029C2D0F4
:103EF000089A524513D81BF0804F01D00123A363C9
:103F0000D4F80090D9F80030980729D14FF080609C
:103F1000012384F83030636B184360632DE74FF062
:103F2000807B82E794120024002402480044025857
:103F30000018025800040258000C025800E100E08A
:103F400073ECFFFF74ECFFFF00350C00002CC0FF8A
:103F50001021010000000024000010C1C500200055
:103F6000A36B032B69D0002302224FF4805A0EA9C1
:103F70004846CDF848A0CDE90E324FF44072CDE965
:103F80001023EDF7C5FE4846EFF7ACFA0028BFD185
:103F9000D4F80090D9F81430E366D9F818302367C4
:103FA000D9F81C306367D9F82030A367A36B032BC3
:103FB00043D04FF4807303210E90CDE90F13CDE968
:103FC000110A0EA94846EDF7A3FE33684FF4FA52E2
:103FD000B3FBF2F241F288335343013BC0F01C8142
:103FE000D9F8342012F0450FF7D09204F5D4D9F85F
:103FF00034305B0703D50420C9F8380088E7D9F8C6
:10400000340010F0010003D00123C9F838307FE7F5
:10401000D9F81030DBB2032B40F0FC80C94BC9F853
:104020003830D9F8143013F4604240F0E680A16BC8
:104030001B0C2668032940F0F280D4F800B0DBF8AE
:1040400018301B0D2364E36D9A0F8DF83820C3F3ED
:1040500083628DF83920C3F301628DF83A20C3F3EF
:1040600007428DF83B20C3F30722DBB28DF83C20DA
:104070008DF83D30236E1A0DADF83E20C3F3034298
:104080008DF84020C3F3C0328DF84120C3F3803255
:104090008DF84220C3F340328DF84320C3F3003241
:1040A0008DF8442000228DF84520A26B002A40F0B4
:1040B000D68040F6FC71626E01EA830343EA927394
:1040C0001293C2F3C2638DF84C30C2F302638DF8D1
:1040D0004D30C2F342538DF84E30C2F38243C2F3E7
:1040E000C2328DF84F308DF85020129B9DF8502031
:1040F000013302F00702023293409DF8402002F0A3
:104100000F010122A3648A40E264520A53432365EB
:104110004FF4007363654FF0010A636E4FF48079CA
:104120004FF480565846C3F380320D968DF85120D7
:10413000C3F3C61203F07F038DF852208DF853307D
:10414000A36EDA0FC3F300418DF85420C3F341721C
:104150008DF85520C3F382628DF85620C3F3835245
:104160008DF85720C3F340528DF8582000228DF867
:1041700059208DF85A10C3F3C0310C928DF85B10A2
:10418000C3F380318DF85C10C3F340318DF85D10BE
:10419000C3F300318DF85E10C3F381218DF85F10F9
:1041A000C3F30121C3F346038DF8601009A98DF80C
:1041B0006130636C8DF862A01B0409930723CDE97D
:1041C0000A39EDF7A5FD072341F288325846194612
:1041D000EFF7B0F900287FF49BAE4FF40071206830
:1041E000EFF7E8FA002859D02368574A9A63636BBF
:1041F0001843606384F830A0BFE55E0407D413F46D
:10420000004F0CBF4FF480304FF4805080E64FF4E5
:1042100000507DE601207BE64FF0004078E66364C5
:104220001B04092130460E934FF440731192CDE9DF
:104230000F134FF480530EA91293EDF769FD30462A
:10424000EFF750F900287FF463AE23685A69E265FE
:104250009A692266DA6962661B6AA366EDE6012A3C
:104260000FD11B04B4F8662003F47C13134312939C
:10427000129B01339B02A36423654FF40073E36434
:1042800048E7314B4FF08050CBF83830636B43F048
:1042900080536363012384F8303039E6EEF776F912
:1042A0008246206843699B0100F1C3804021EFF7FB
:1042B00081FA58B1636B63632368234A9A63636B23
:1042C00018430123606384F830309FE0616C2068FC
:1042D0000904EFF704FA0028ECD1D4F800B04FF04D
:1042E000FF330EA9CBF824304023CBF82830DBF87D
:1042F0002C3023F0FF0343F06303CBF82C300D2365
:104300000E90CDE911065846CDE90F39EDF700FDC5
:104310000D2341F2883258461946EFF70BF9002871
:10432000C8D10EAE23685A6B12F4957F5A6B0DD02C
:1043300011077CD45A6B920777D45B6B9B0622D50E
:104340002020B9E7C5002000FF0FE01F100407D5AB
:1043500006F12002D3F8801046F8041B9642F9D1EA
:10436000EEF714F9A0EB0A000130DBD14FF000406A
:10437000A2E7D2F8803046F8043BEEF707F9A0EB4D
:104380000A000130F2D02268536B13F48053F0D14D
:10439000A84991630E99C1F381128DF82420C1F3CD
:1043A00040128DF825200A0A22F0FF0242EA11622B
:1043B00092B2ADF826200F9A12BA0A92109AD1B290
:1043C0008DF82C10C2F307218DF82D10C2F3035184
:1043D000120C8DF82E10119922F0FF02C8B2024380
:1043E000ADF83020C1F385228DF83220C1F30122CF
:1043F0008DF83320C1F3031201F00F018DF8342042
:104400009DF84B208DF835108DF836204FF4007153
:1044100020681E46EFF7CEF970B12368864A9A638A
:104420006063012384F83030A7E4022044E70820C9
:1044300042E74FF400603FE7002E7FF49EACA16B93
:104440009DF8342001299DF83530D2B2DBB213D16A
:10445000134314BF4FF400734FF48073A365032319
:10446000E668994284F8303002D0B6F5004F05D1A5
:10447000636B43F080535CE0A665F0E7B6F5804FD0
:1044800033D10023CDE90E3323685B69980126D42C
:104490000EA8EFF7A9F960B90F9B590322D5616CFB
:1044A00020680904EFF71BF918B902212068EFF71B
:1044B000FDF8636B18436063636B002B3BD023688C
:1044C0005D4A9A634FF400712068EFF773F9002892
:1044D0006DD02368584A9A63636B1843A0E74FF482
:1044E0000060E6E74FF08060E3E7FEB92368CDE9BE
:1044F0000E665B699A0113D40EA8EFF775F960B9DF
:104500000F9BDB030FD5616C20680904EFF7E7F818
:1045100018B901462068EFF7C9F8616B0843CAE78C
:104520004FF40060F9E74FF08060F6E7636B43F00B
:1045300000636363C0E7EDF717FC98B33F4AB0FB35
:10454000F2F9D4E904C3D4E9018E4B450CD2A16D34
:10455000B1F5007F08D0B1F5807F19D19BB99042A9
:1045600002D9374BB0FBF3F3216846EA08064FF057
:1045700000084A6846EA0E06174046EA0C0637432A
:104580001F434F609EE75900B0FBF1F19142E7E70E
:104590002C4A1BB9904288BF4B46E5E75900B0FB57
:1045A000F1F0F7E7636B43F0006363638AE701238D
:1045B00084F83030B8F1000F7FF4DFABEDF7E6FFA1
:1045C0000646EFF74BF804282BD1E36B0026A06BCF
:1045D000012266636B63236CA16CAB63636C276D14
:1045E000E66285F8546084F83020EB63E36C646D18
:1045F000286329642871284685F880206B64AF649D
:10460000EC64C5E90A16C5E90236C5E90436C5E910
:104610000636C5E908362B681B6D98473046FFF70C
:1046200097BBEDF7B3FF801B0130CAD14FF00043B9
:104630006363F6E63A0F0018FF0FE01F80F0FA02FE
:1046400000E1F50540787D01064B10B50360044696
:1046500090F880300BB1FEF78DFCE06DFEF758F955
:10466000204610BD58AB010810B50446FFF7ECFF1B
:10467000204602F025FD204610BD5C30FAF74EBE04
:104680005C30F9F7EBBD38B5D0F8C04201F00F054A
:1046900063689D4237D811F0800F4FF01C0234D070
:1046A00002FB054302FB054101223C3381F83D201A
:1046B00001221D709A7094F8BC13914223D084F8A3
:1046C000BC231A785B782068012B4FF020030CBFC5
:1046D00000F5106100F5306113FB02131968002921
:1046E00004DB1AB11A6822F080421A601A6842F498
:1046F00000121A6025B904F57172217CEEF764FE90
:10470000002384F8BC33002038BD02FB014302FBC8
:104710000141002203F5FE7381F8FD21C8E770B561
:10472000044616460D4651BBD0F89432032B1FD1D8
:10473000D0E9581291420ED9891A8A42C0F8601104
:10474000D0F8C00288BF8AB2314698BF92B2EDF766
:10475000F3FB284670BDD0F8B4321B6923B190F842
:104760009C22032A00D198472046FEF7C1FAF0E7C1
:10477000052BEED1C4F89412FFF785FFE9E7D0F8D6
:10478000B4329B6933B190F89C22032A02D10025F0
:104790009847DEE70225DCE730B5013800252B46D7
:1047A0000135445D002CFAD1DBB201335B0013808C
:1047B0000B7003234B70022310F8015F05B930BD65
:1047C0005A1CCD540233D2B2DBB28C54F4E7000051
:1047D000082908B50AD8D0F8BC32063953F82100A8
:1047E00010B10349FFF7D8FF014800E0002008BDE1
:1047F000FC3800240A460349034808B5FFF7CCFFFC
:10480000084608BDA81A00249FAA01080A460349C1
:10481000034808B5FFF7C0FF084608BDA81A0024E2
:10482000AAAA010838B5674C2068E56A436B1904E9
:104830001FD52A071DD5A36A1F2B19D9616A0B1D25
:1048400001F1240022680433D2F88020150A03F80D
:10485000082C03F8075C150C120E03F8065C03F82D
:10486000052C8342EED1A36A2031203B6162A36212
:1048700038BD436BDB0535D54FF480738363C36B61
:1048800023F4414323F03A03C363C36B23F0805303
:10489000C363C36823F04003C36015F0080311D05D
:1048A00015F0220F05D0EEF75BFF10B1636B1843D4
:1048B00060632368444A9A63012384F830300023FC
:1048C000E362D5E72906D3D515F0220F8362C362D0
:1048D0000365F1D0EEF744FF0028EDD0636B184379
:1048E0006063E9E7436B5A0411D52B070FD5226AA1
:1048F0001F2ABDD9E36903F1200153F8045B8B4201
:10490000C0F88050F9D1203AE3612262B0E7436BEE
:1049100013F03A0F436B4DD0990703D5636B43F007
:1049200002036363436B1A0703D5636B43F0080309
:104930006363436B9B0603D5636B43F020036363A0
:10494000436BD90603D5636B43F0100363631E4BBF
:104950008363C36B23F49D73C363C36823F0400375
:10496000C360C36A43F40053C362C36843F0800367
:10497000C360EEF7F5FE636B15F0080140EA030033
:1049800023686063DA6822F08002DA604FF4006224
:104990009A6391D12A067FF56BAF626B002A3FF4D0
:1049A00067AFDA6B22F08052DA631965012384F86D
:1049B00030305DE7DB007FF55BAF4FF08053836302
:1049C000036D55E7941200243A0F00182DE9804832
:1049D000ADF5217D1C220021D84D04AF07F1D80090
:1049E00002F0D4FB882107F1D800A7F8E810EEF711
:1049F0007DFB002107F1D800EEF79CFB0221B7F9FF
:104A0000E800EDF775FCCE48CE4A0368CE4943F482
:104A1000807311600360CD48D1F850800478BFF3F3
:104A20005B8FBA6014F0010430D1FAF717FD68B358
:104A3000C74BD3F8D020560000F15D82D3F8D020C8
:104A4000002AC0F25882D3F8D020D00000F155825D
:104A5000D3F8D020510100F15082D3F8D020D201F8
:104A600000F14D82D3F8D02016020BD4D3F8D02019
:104A7000900200F14682D3F8D03013F4800F0CBFBF
:104A80000B240124B1482C70FAF7E0FCB14C2378D8
:104A9000BFF35B8FD9070BD42046FAF7DFFC38B1A0
:104AA000AB4B2046D3F8D020AB4B1A60FAF7CEFCC4
:104AB000A74AD2F8D03043F48033C2F8D0302B78F4
:104AC000012B08D1BB684DF659724FF4FA701B6880
:104AD0001A65F2F78BF80022942107F1BC00FEF76B
:104AE00057FD1C22002107F1A00002F04FFB07F147
:104AF000A000002301229621FAF71EF907F1A00079
:104B0000FAF771FB40B107F1A000FAF78DFB012124
:104B100007F1A000FAF770FB0022922107F1840050
:104B200007F5B675FEF734FD0022932107F1680002
:104B3000FEF72EFD1C22002107F14C0002F026FB9F
:104B4000A621002207F14C00FAF70CF98348F9F787
:104B50006FFE0024F9F73CFD814B824A4FF0240B95
:104B60001A60F9F721FD01229F2107F13000FEF7BD
:104B70000FFDF2F715F87C4BA42221462B6007F5B8
:104B8000CE707A4B2C616B61AD61AC85C5E9074491
:104B9000C5E9094402F0FAFA754BC5E9353407F561
:104BA0001273BBF1010B03F8014BFAD12846FBF756
:104BB000D2FA704B1C225946C5F8003107F1F400B7
:104BC00002F0E4FA01235A46172107F1F400FAF73C
:104BD000B3F81C22594607F5887002F0D7FA07F59A
:104BE000887001235A461621FAF7A6F807F588704F
:104BF000FAF7F9FA00286ED007F1F400FAF7F3FAA1
:104C0000012868D0F9F7E4FC0A245946B7F92001D5
:104C1000EDF76EFBF9F7C8FC07F58870FAF704FBAF
:104C2000F9F7D6FC0021B7F92001EDF761FBF9F7A0
:104C3000BBFC002107F58870FAF7DEFA0520EDF7D6
:104C400049FBF9F7C5FC0121B7F92001EDF750FB4D
:104C5000F9F7AAFC012107F58870FAF7CDFA0520CB
:104C6000EDF738FB013CDBD107F1F400FAF7DCFA91
:104C7000214607F1F400FAF7BFFA0520EDF72AFB09
:104C8000012107F58870FAF7B7FA0520EDF722FB46
:104C9000012107F1F400FAF7AFFA0520EDF71AFB4E
:104CA000F9F796FC214607F1F400EEF743FAF9F71D
:104CB0007BFCF9F78DFC07F588702146EEF73AFA90
:104CC000F9F772FC07F58870FAF78DFA18B107F159
:104CD000F400FAF788FAB5F90091B5F902612649AE
:104CE0004846F9F7C1FE044624493046F9F7BCFEB0
:104CF0000146204607F58874F9F7CCFE1E49F86096
:104D00004846F9F7A5FE1D4982463046F9F7A0FE50
:104D1000FB68A4220021206107F5CE702360A4F86F
:104D20000490C4F808A0A68102F030FA214607F5E5
:104D3000CE70EFF745FF284622E000BFFB39002484
:104D4000004802580C36002400400058F438002473
:104D500000440258F8380024FC390024649B010800
:104D6000E00F002481C70008ACA90108A7C900080A
:104D7000A0860100170016005C980108C097010882
:104D8000FBF7E1F94F2307F1100128463B82F0F7CA
:104D90006FFA4FF4756307F1100128463B82F0F774
:104DA00067FA40F24C5307F1100128463B82F0F7B6
:104DB0005FFA40F24D3307F1100128463B82F0F7CD
:104DC00057FA40F6521307F1100128463B82F0F7DC
:104DD0004FFA40F6537307F1100128463B82F0F773
:104DE00047FA0A20F1F702FF48F29C0307F110018D
:104DF00028463B82F0F73CFA42F29E0307F110018D
:104E000028463B82F0F734FA0A20F1F7EFFE40F231
:104E1000422307F1100128463B82F0F729FA0A20C5
:104E2000F1F7E4FE4AF2940307F1100128463B82B1
:104E3000F0F71EFA40F63B7307F1100128463B825B
:104E4000F0F716FA40F6357307F1100128463B8259
:104E5000F0F70EFA0A20F1F7C9FE012107F1BC00B4
:104E6000FAF7CAF90A20F1F7C1FE002107F1BC00E8
:104E7000FAF7C2F90A20F1F7B9FE012107F1BC00E7
:104E8000FAF7BAF90A20F1F7B1FE40F2AA73984591
:104E900040F07F81BB68AE481B68AE4DD3F854909C
:104EA0009A6D5FFA89F6DB6DFA607B60FBF77CFC3C
:104EB00016F0020F3ED016F06003DFF8C4A222D035
:104EC0002820F9F75BFAFB68C0F800A003F1006244
:104ED000C3F500110023C0E90423013280F820301B
:104EE0004362C0E90133C0E9061300D009BB0021C9
:104EF0009948ECF7DDFF0624C4E50424C2E5032449
:104F0000C0E50224BEE528203B60F9F737FA4FF0F0
:104F1000006100223B68C0F800A080F820304362A6
:104F2000C0E904124FF400110022C0E90133C0E9C6
:104F300006122860720744BF884B2B6033071DD5CB
:104F40008820F9F71BFA864B4FF400728246036003
:104F500000235C3040E9152340E9132340E9112385
:104F600040E90F230023002240E90D23ECF7B0FFB6
:104F70004FF47A73C5F800A0CAF8583019F0800FC2
:104F800015D02820D5F80090F9F7F8F9754B0022D4
:104F90002860C0E900390023C0E90223C0E90423E6
:104FA0000023FA6803764276C36180F8203016F059
:104FB000400FDFF8D0A12BD0C820F9F7DFF96A4BFA
:104FC00081466A4940F8043BEDF742F8684B4422B9
:104FD0000021C9F80030803309F11400C9F8043009
:104FE00002F0D4F83822002109F1580002F0CEF87E
:104FF00040230020C9F89830C9E924034FF4007316
:1050000009F1A400C9E92733ECF762FFCAF8009060
:10501000B10618D55C20F9F7B1F9534B0646534950
:1050200040F8043BEDF714F8524B40220021336066
:10503000903306F11400736002F0A8F84FF0FF33CC
:10504000CAF80060B365DAF800002968002800F0AB
:10505000248503685B6A98470646002840F0198556
:105060004549464801F0A2FC8146002800F08C80AA
:1050700003460422012107F1F40001F013FD32463A
:105080003146484601F01EFDD7F8F400FDF718FD43
:10509000421C05467AD0394907F12800FAF704FE88
:1050A00007F12800F9F7BAFB804600283DD101F04E
:1050B00079FA1323C7F80C8003602846244EECF7D6
:1050C00095FFB0F5804F28BF4FF48040804601F037
:1050D000EFFF8246FB689B4580F047854B46424682
:1050E0000121504601F0DEFC05EB0B0128467960FA
:1050F000ECF77CFF79680246B1FBF0F300FB131379
:105100003BB93046FBF730F842F21070EDF7E2F8A9
:1051100079680A46434651463046FBF78DF94FF40D
:105120007A70C344EDF7D6F8D4E703682246B96A2B
:105130009B699847B0F1000806DA01F033FAC8F12C
:105140000003FE600360B8E72369FB60B5E700BFBA
:10515000A02D0024003A00240101FF8060100024EB
:1051600058AB0108B4AB01089C9E0108969B01084E
:10517000C89E0108C09D0108BEAA0108C1AA010875
:105180004CA901080C3A00246FF00205BB681B68AB
:105190001D65CA4B1A6802F07F42B2F1005F11D060
:1051A0001A6802F07F42B2F1105F0BD01A6802F069
:1051B0007F42B2F1405F05D01B6803F07F43B3F13B
:1051C000605F66D14DF65973984562D040F2AA737C
:1051D00098455ED0BB6800251B681D65F1F7C8FCCB
:1051E00072B6B74B2946DFF824E31D604FF0E02389
:1051F0005B6803F00F035E1C2B464FF0FF359C46A7
:105200008A0002F1604202F56142C2F88050C2F8A1
:1052100080510022D01801327044082A80F800C35F
:10522000F8D1013108338E42EADCA64B4FF0206200
:105230005A60A2F1FE729A6040F2FA52DA600022DD
:10524000C3F810C01146981801320C2A0176FAD121
:105250004FF0FF3259629A629B4ADA621F221A6348
:10526000BFF35F8F994B5960BFF34F8FBFF36F8FC1
:105270009249974B08681D68002282F3148885467E
:1052800082F3108828470A6882F3088801201B6887
:1052900098470020F1F7B6FCEDF774FF8D48FBF757
:1052A00083FA8D48FCF70AFD18238C4A30218C487C
:1052B000F9F72EF88B4AD2F8B432FA6013B1002312
:1052C000C2F8B432884BFA68884DC2F8B032012275
:1052D000FB68F96883F89C22002385480B7006213F
:1052E0002B632B61EB60EB62C5E90833C5E906234C
:1052F000FB68C5F80434C3F8C05295F8BD33C5E95E
:10530000000103F0FF08002B40F0AA80794E4FF017
:10531000020A85F8BC834FF00A09D6F8E03021462E
:1053200075481343C6F8E030D6F8E0301340C7F8AC
:10533000F430D7F8F430D6F8E03043F00203C6F882
:10534000E030D6F8E03003F00203BB62BB6AD6F867
:10535000E03043F00403C6F8E030D6F8E03003F064
:1053600004037B627B6AD6F8E03043F08003C6F822
:10537000E030D6F8E03003F080033B623B6AD6F8B9
:10538000E03043F48073C6F8E030D6F8E030C4F87B
:10539000088003F48073FB61FB692023C4E9003AB1
:1053A0000323C4E90339F1F7FDFA08210323524826
:1053B000C4F80880C4E9001A2146C4E90339F1F7AA
:1053C000F1FA43F6234321464C48C4F80880C4F858
:1053D0001090C4E9003AF1F7E5FA01222146484865
:1053E000C4F80880C4F81090C4E9002AF1F7DAFA8A
:1053F000102321464348C4F80880C4F81090C4E93B
:10540000003AF1F7CFFA4FF4006321463E48C4F862
:105410000880C4F81090C4E9003AF1F7C3FAD6F84E
:10542000D83001224D2043F080631146C6F8D830B1
:10543000D6F8D83003F08063BB61BB69D6F8D830AA
:1054400043F00073C6F8D830D6F8D83003F00073B4
:105450007B617B69ECF76CFC2C4B4FF4005199603D
:1054600003232E6885F8BD33214BDB6B13F4807367
:1054700008BF2B61B368D5F8108023F00103B36037
:10548000AB69012B40F09383B36B696B23F48033DA
:105490000129B363F36823F4840323F04003F3602A
:1054A000F36823F44013F36003D1F36843F48013EB
:1054B000F3603046EDF770FF044629E00000040871
:1054C00010E000E000ED00E0020000C090ED00E020
:1054D00004000408A02D002460100024D0AA0108B4
:1054E000DC35002430360024E0010024103A00248A
:1054F0000000044000440258000002580004025812
:1055000000080258001C02580020025800E100E088
:10551000B8F1010F10D1F36D9BB2F365F36D43F059
:105520007B7343F40033F365B36843F00603B36061
:10553000B36843F02003B360002C00F065830223BE
:1055400085F8BD332B684FF40071FA685962596AC7
:10555000D2F8C00241F000719962B54BC2F8B43282
:10556000B44BC2F8BC32F1F7F3F94D20ECF7C4FFAD
:105570006520ECF7C1FFB04B5A699B691A4200F0F5
:105580002F82AE4E3468B246636913F001033B606C
:1055900040F026826269A3691A4200F021826369A1
:1055A000A26913409A0703D5636903F0020363619C
:1055B0006369A2691340DB062BD5A36923F01003AE
:1055C000A361D4F82080C8F3434308F00F05022BF1
:1055D00040F03E8447F6F07318EA030F14D01C2302
:1055E000C8F30A19204603FB05A54A46D5F8081258
:1055F000EDF71EFFD5F808324B44C5F80832D5F850
:1056000014324B44C5F814323268936943F01003E6
:10561000936133685A6999690A40150300F12A8435
:10562000864E3368B2465A6999690A4012F4802F4F
:1056300011D0D3F8182803F50063B046DB69134096
:105640009BB27B6004F51063BB600023FB607B684A
:10565000002B40F029863068426983691A4210D5D0
:10566000D4F8043823F00103C4F8043896F8F4336E
:10567000012B04BF002386F8F433436903F0004391
:105680004361436982691340190510D5D4F808387D
:10569000DA0708D5D6F8043493F89C2283F89D22C3
:1056A000042283F89C22436903F400634361436945
:1056B000826913401B0111D5436903F00063436104
:1056C0005E4B93F8F423002A40F01687012283F8FA
:1056D000F423426DC2F38302C3F8F823436982695D
:1056E0001340DD043ED5D4F8042804F5006322F00D
:1056F00001025A604FF484620261514A013A02D0B9
:1057000001698906FAD404F51062DFF830E14FF63A
:105710007F3CDEF804100D463968A942C0F0F786D8
:10572000DA6942F00112DA61DEF83020002A00F076
:105730001087D3F8842042F00B02C3F884205A6CFF
:1057400042F00B025A64D4F800383E4A23F4FE6358
:10575000317CC4F80038EDF737FE3268536903F442
:105760008053536134686369A26913409B0440F11C
:10577000EF80D4F8003923F4FF6323F00703C4F863
:105780000039D4F8042842F48072C4F80428D4F80C
:10579000082812F0060304D012F0020F14BF0223EF
:1057A0000F23F360EEF732FEF268D3B2022B40F023
:1057B000EE86254B254903448B4240F2D686244B86
:1057C000244903448B4240F2D386A0F57403224956
:1057D000A3F510538B4240F2CE86A0F183731F498C
:1057E000A3F5E7438B42C0F0C9861D4B1D49034416
:1057F0008B4240F2C6861C4B1C4903448B42C0F0CE
:10580000C3861B4B1B4903448B42C0F0C086A0F1EA
:10581000B7731949A3F558538B42C0F0BB86174B99
:10582000174903448B4234BF072306232AE000BFF5
:10583000FC0100243802002400000440103A002437
:10584000410D0300D43D0024405327FFFF340C00DA
:10585000401E1BFF3F420F007F4F120020D6130057
:1058600060B6E5FE5FE3160000D3CEFE40771B0076
:10587000C05BB3FEC091210020753800E05459FE92
:10588000E09C4100E168B2F100084FF0000921F40A
:10589000705118BF4FF00108E160E16841EA8323CD
:1058A000E3604023D6F80444D4F8C052C5F804326B
:1058B00005F5FE7195F8BC33A5F8FC91012B85F830
:1058C000FF9107D00123286885F8BC33EDF7D3FD9D
:1058D00085F8BC93D4F8C092402201230025C4F877
:1058E00064214FF48070C4F8583109F13C01C9F8C3
:1058F000442099F8BC23A9F83C009A4289F83F500B
:10590000A9F8425007D0D9F8000089F8BC33EDF768
:10591000B2FD89F8BC53012300214022A36184F821
:105920009C32D4F8B8326262C4F894126160C4F850
:10593000A41223B1D4F8B43220465B689847D6F855
:105940000434326883F81080536903F400535361C0
:1059500032685369926913401D070FD5D6F80404C5
:1059600090F89C32032B04D1D0F8B432DB6903B138
:1059700098473268536903F00803536133685A69E2
:1059800099690A40D40203D55A6902F480125A6117
:105990005A6999690A40900203D55A6902F40012C3
:1059A0005A615A6999690A40510003D55A6902F04F
:1059B00080425A615A6999690A40520710D55C6859
:1059C000630709D5D6F80404012380F89C32D0F887
:1059D000B43201795B68984733685A6814435C6055
:1059E0007D4A1368591C1160282293FBF2F402FBD4
:1059F0001434002C7FF4BFADECF7C8FDB0F5FA7F8E
:105A00000BD9764B1A7842B1754A4DF65971126826
:105A1000106D884201D114651C70724D724C2B7848
:105A20008BB9724B07F14C001B78227842FA83F352
:105A3000DBB22370F9F7D7FBB0FA80F107F14C0025
:105A40004909F9F7D9FB2B780133DBB22B702378A6
:105A5000FA2B02D82378092B0AD8644A13785B42C0
:105A60005BB213701378227842FA83F3DBB22370AF
:105A70002A7823789A427FF47EAD07F14C00F9F73B
:105A8000B2FBB0FA80F107F14C004909F9F7B4FB19
:105A900071E56FF00105FFF779BB002965D00B6850
:105AA0000846E9469B689847064600287BD1286847
:105AB00003689B6A9847102802462868B8BF1022DE
:105AC00001689300073323F00703ADEB030DD317F1
:105AD0000DF1100ACDE90023FA6833464D695146AD
:105AE000A847DAF80000FCF7EBFF431C054657D047
:105AF000ECF77CFAB0F5804F28BF4FF48040804629
:105B000001F0D6FA82463E607B689B452CD2384B2A
:105B1000514618680368CDF800803A6801925E69C2
:105B2000FB680BEB03020023B04705EB0B0628468E
:105B3000ECF75CFA0246B6FBF0F300FB13633BB9EB
:105B400031462C48FAF710FB42F21070ECF7C2FB1A
:105B50004346324651462748FAF76EFC4FF47A70B6
:105B6000C344ECF7B7FBCFE7CD4622480025FAF750
:105B7000D7FD214B214AE360214B224823600023BB
:105B8000C7E94555CDE90223E368009394E80E0088
:105B9000ECF7EAF9BB681B681D65F0F7E9FFFEE763
:105BA000CD46FFF7F3BA6FF00305FFF7EFBAF368DE
:105BB0003046D5F8289043F04003F360EDF7ECFB56
:105BC000B36B0446B9F1000F03D143F48033B363E0
:105BD0009EE423F48033FAE7083A00247402002498
:105BE0000C360024183E0024F3020024F2020024A4
:105BF000003A0024A02D0024BD2A0108400D030016
:105C0000F12A0108F00E00242B6832204FF0010821
:105C10002646D96821F0C041D960D96841F0804159
:105C2000D960F0F7E3FFD5F804C023464FF01C0E0F
:105C3000D8B2591C6045C0F0B28000234FF01C0E52
:105C40001846DEB201336645C0F0B88000212B68EB
:105C5000D5E903E20E467A60D5E906823A60EA6A3F
:105C6000BA6001F14000013103EB80000F2946606A
:105C7000F7D1BA6803F50066002A40F0AC8071687D
:105C800041F002017160996B21F400119963196868
:105C900041F040011960196841F08001196000214C
:105CA000B8F1010FC3F8001ED3F80018C3F80018AC
:105CB000D3F8001840F09780BEF1000F40F09080BC
:105CC000C3F800184FF4846119618949013900F063
:105CD0008D8018698206F9D410211961844901392F
:105CE00000F086801869C006F9D4002103F5106021
:105CF0004FF000684FF67F398E4631617161F16176
:105D00008C4577D103F530604FF0000C4FF0904E8A
:105D10004FF000684FF67F39594540F08180316976
:105D20007A6821F480713161002199616FF08041BE
:105D300059611AB9996941F01001996198696D49E1
:105D40003A68014399611AB1996941F00801996172
:105D5000BA68012A05D1996941F0804141F00401F6
:105D60009961002C7FF4EBAB012185F8384085F870
:105D7000BD13696A01290DD185F8F443C5F8FC13F8
:105D8000996941F000619961596D41F0805141F08C
:105D9000030159651846EDF73DFBFFF7D3BB0EFB3A
:105DA000005383F83D8083F83C00A3F8420083F859
:105DB0003F601E65C3E911660B4639E70EFB0651CD
:105DC00081F8FD0181F8FC6181F8FF01C1F8100242
:105DD000C1E9810035E7996B41F4001199635EE7F1
:105DE00041F001016CE741F0030169E7012473E729
:105DF00001247AE7D0F800A0BAF1000F0DDA41B91A
:105E0000C0F80080C0F810E00131C0F808902030E0
:105E100076E74FF090420260F4E7C0F800E0F1E767
:105E2000D0F800A0BAF1000F0FDABBF1000F09D1D2
:105E3000C0F80080C0F810C00BF1010BC0F808904A
:105E4000203069E7C0F800E0F4E7C0F800C0F1E7EF
:105E5000062B7FF4D9AB082227492046EDF7E8FA54
:105E60001C2303FB05A5C8F30A13D5F81422134419
:105E7000FFF7C8BBD3F8182803F5006304F53068B2
:105E8000DFF878A0DB69002613401B0CFB60FB6881
:105E9000002B3FF4C5ABFB68D80740F1BA80174D23
:105EA0005FFA86FB286800F5306C0CEB4B139A68A0
:105EB000D0F8143802EA03092B4619F0010F27D055
:105EC000296901220CEB461C0129C8F80820D0F8EA
:105ED00040E0DCF8082040F0C780110712D5084BDD
:105EE0009E4515D9100413D54FF400430EE000BFB2
:105EF000410D030000383C80D43D0024103A0024BA
:105F00000A30544F910640F18D802023CCF80830A0
:105F100019F0080F6AD02B680822C8F808201A6CFC
:105F200003F53063BA6003EB4613B9689A68084614
:105F3000C849884204D9150402D54FF400429A603A
:105F4000C548D0F8045490F8C43305F52A7185F893
:105F5000A83290F8C5E385F8A9E290F8C72390F835
:105F6000C6C30CEB022C1FFA8CFCA5F8AAC290F851
:105F7000C9B390F8C82302EB0B2292B2A5F8AC2269
:105F800090F8CBB390F8CA0300EB0B204FF0010B55
:105F900080B2C5E9A5B003F01F0BA5F8AE02BBF1B6
:105FA000010F7ED0BBF1020F00F09A80BBF1000F11
:105FB00040F0778103F06003202B00F0C180402B7C
:105FC00000F0BE80002B40F0C7802846FCF79CFE06
:105FD000BB681A469F4B9A4208D99F4B1969012901
:105FE00004D103F571721868EDF7EEF919F0100F8E
:105FF00002D01023C8F8083019F0200F02D0202357
:10600000C8F8083019F4005F03D04FF40053C8F803
:106010000830FB68013608F120080AF11C0A5B0809
:10602000FB6034E712F0280F7FF472AF89498E4588
:1060300002D912043FF558AFDCF81020DAF8041248
:10604000C2F312028A1ACAF81422DAF8082211449A
:10605000D5F810223243CAF8081210D17F4A012124
:10606000EDF7B2F97C4B0AE07D498E4512D111045F
:106070003FF53AAF920602D52022CCF808201C2228
:106080005946D5F8040402FB0B33D3F80822FEF777
:1060900046FB3DE7D5F810123143F0D105F571729A
:1060A000DEE703F06000402801D0580654D495F88C
:1060B0009C32013B022B4FD8D2B2022A4CD8D5F8E1
:1060C000B43228469B689847B5F8AE32002B7FF46F
:1060D0007FAF00287FF47CAF2846FCF709FE77E706
:1060E00003F06003202B2BD0402B29D0A3BBBEF1A3
:1060F000010FD1B23DD0BEF1030F27D0BEF1000F8A
:106100002AD195F89C32022B00F09380032B23D1E7
:1061100052B201F00F031420002A00FB035380F257
:10612000A1809B69C3B101F07F0303FB00002844F9
:1061300011F07F0340F0A28002220146036085E057
:10614000D5F8B43228469B68984741E795F89C32C9
:10615000022B5AD0032B03D02846EBF7CDFE37E7AE
:106160004A06B9D05CEA0003B6D12846FEF78BFA9E
:10617000B2E795F89C32022B47D0032BECD1BCF14F
:10618000000F7FF425AF4806A6D0D5F8C00201F075
:106190000F01436899429FD8C1EBC10312F0800FF1
:1061A0004FF01C024FEA830339D03C3302FB01025B
:1061B0004FF0010C034482F83DC0002219709A7020
:1061C00090F8BC23012A87D00122016880F8BC2303
:1061D0005A7893F800C0012A4FF020020CBF01F555
:1061E000106101F5306112FB0C12116821F40011ED
:1061F0001160DB78023B012B03D8136843F0805316
:106200001360002380F8BC3366E74B062846A4D011
:10621000FEF739FA80212846FEF735FAD8E603F56D
:10622000FE7302FB01024FF0000C034482F8FDC133
:10623000C3E7490690D113064FF000034FF0020266
:106240004CBF05F1140105F5AA710B602846FCF757
:1062500043FDBDE60A30544F103A0024D43D0024DB
:106260000A31544FD3F85831002B3FF475AF01F089
:106270007F0300FB035000F5AA7059E7002AD5F808
:10628000C0C24FF01C02B5BF02FB03C102FB01C339
:1062900091F83E3093F8FE31002B3FF44DAF0123CF
:1062A0004AE703F08001B6E77B68D80740F1178121
:1062B000DAF8000097F80CB0D0F8101800F510626A
:1062C000D0F834580BF00F0902EB4B1225FA09F9FC
:1062D00092684FEAC9195FFA89F949EA010909EA9E
:1062E000020919F0010F46D0FB68D4F8342803F0F6
:1062F0000F01012303FA01F1BB6822EA0102DAF877
:106300001010C4F834281A460123994293600CD126
:10631000FB68D8E911522A44C8F84820DAF850201E
:10632000134302D19D4AEDF74FF89D4BD3F8045427
:10633000BBF1000F40F09E80D5F89422022A40F075
:106340009080D5E908239A4262D9D21A9449D5F8A7
:10635000C002896C2A6292B2EBF7D9FD5A465946BF
:10636000D5F8C002EBF7E8FD95F8A022012A02D18A
:10637000002285F8A02219F0080F02D00822BB687D
:106380009A6019F0100F02D01022BB689A6019F0C1
:10639000400F02D04022BB689A6019F0020F02D071
:1063A0000222BB689A6019F0800F00F09880D8E94B
:1063B0001421914200F29380521AD8F84410DAF86E
:1063C00000508A42FB6805F5106C28BF0A4605F5A7
:1063D00080510CEB431C033201EB0B339208DCF8C9
:1063E00018E01FFA8EFE9645D8E9140175D388424D
:1063F00001D900284DD1FA680121D5F8343802F0CE
:106400000F0201FA02F223EA0203C5F8343866E00B
:10641000E969B1FBF3F003FB101070B98B420CD8A3
:10642000D5F89822914208D25A465946D5F8C0026A
:10643000EBF76DFDC5F898B290E7D5F8B422D268B5
:106440002AB195F89C12032901D128469047802152
:106450002846FEF718F90522C5F8942200221146B5
:106460007EE732F004037FF47FAF80212846FEF7F9
:106470000AF979E7D5F8B4225269002A3FF47BAFD4
:1064800095F89C1203297FF476AF59462846904729
:1064900071E7411AD8F844209AF81000914228BFB9
:1064A0001146CA1C920850B1D8F848000844C8F8F0
:1064B0004800D8F854000144C8F854108FE788B257
:1064C000D8F848E0033080080EEB80007045EBD030
:1064D0005EF8049BC3F80090F8E788428BD9FB680C
:1064E00008F11C080133FB607B685B087B60BB68BC
:1064F0002033BB60FFF7ABB8D3F8043493F89C2289
:1065000083F89D22042283F89C22FFF7E7B8C2F8A3
:1065100008C0203252F8201C21F4001142F8201C3F
:1065200052F8201C41F0006142F8201CC2F8E8C17A
:10653000D2F8E01121F40011C2F8E011D2F8E01114
:1065400041F00061C2F8E011396801313960FFF7AC
:10655000E0B85A6942F4005242F02B025A611A69BB
:1065600042F00B021A61FFF7EEB80F23FFF78AB96A
:106570000E23FFF787B90D23FFF784B90C23FFF72C
:1065800081B90B23FFF77EB90A23FFF77BB90923F3
:10659000FFF778B90823FFF775B900BFD43D002491
:1065A000103A0024014B1868704700BFF402002421
:1065B0008A892DE9F041054610070C4658D44B68EE
:1065C000002B05DC0B6C002B02DC0020BDE8F08109
:1065D000E66A002EF9D0002312F480522F682B6057
:1065E00032D0606DA3895A0705D56368C01A636B02
:1065F0000BB1236CC01A00230246E66A216A2846C2
:10660000B047431CA38906D129681D292CD82A4AE2
:10661000CA40D60728D500226260D90422692260C8
:1066200004D5421C01D12B6803B96065616B2F60F2
:106630000029CAD004F14403994202D02846F8F751
:10664000E7F800206063C1E7216A01232846B047CC
:10665000411CC7D12B68002BC4D01D2B01D0162B99
:1066600001D12F60B1E7A38943F04003A381ADE7D7
:106670000F69002FA9D093070E6808BF4B690F6000
:1066800018BF0023A6EB07088B60B8F1000F9CDD54
:10669000216AA66A43463A462846B047002806DCE7
:1066A000A38943F04003A3814FF0FF308EE70744F6
:1066B000A8EB0008E9E700BF0100402038B50B69EE
:1066C00005460C4613B90025284638BD18B1836924
:1066D0000BB900F099F8144B9C421BD16C68B4F9CB
:1066E0000C30002BEFD0626ED00704D4990502D491
:1066F000A06D00F076FC28462146FFF759FF636E37
:10670000DA070546E0D4A3899B05DDD4A06D00F02F
:106710006AFCD9E7054B9C4201D1AC68DFE7044B2A
:106720009C4208BFEC68DAE72CF101084CF1010843
:106730000CF10108014620B9044B0549186800F026
:10674000F6BA044B1868FFF7B9BF00BF6CF1010837
:10675000BD660108F4020024002310B50446C0E918
:106760000033C0E90433836081814366C281836161
:10677000194608225C3000F009FD054B6362054BA9
:10678000A362054BE362054B2462236310BD00BF87
:10679000A9740108CF740108077501082B75010859
:1067A000014900F0C4BA00BFBD66010870B54A1EB9
:1067B000682555430E4605F17401F8F72DF8044697
:1067C00040B10021C0E900160C30A06005F168025C
:1067D00000F0DCFC204670BD014800F002BC00BFA8
:1067E000A73E0024014800F0FEBB00BFA73E0024E6
:1067F000014800F0F6BB00BFA43E0024014800F0B1
:10680000F2BB00BFA43E002410B50446FFF7F0FF22
:10681000A3691BB1BDE81040FFF7F0BFC4E9123314
:106820002365134B134A1B68A262A34204BF0123D2
:10683000A361204600F020F86060204600F01CF8BC
:10684000A060204600F018F80022E0600421606893
:10685000FFF782FFA06801220921FFF77DFFE068B2
:1068600002221221FFF778FF0123A361D2E700BFC4
:106870006CF10108A1670108F8B50746FFF7ACFF06
:106880001E4B1E68B36913B93046FFF7BDFF48368B
:10689000D6E90134013B03D533680BB33668F7E71B
:1068A000B4F90C50D5B9164BE36004F15800656695
:1068B00000F094FBFFF796FFC4E90155C4E90455C5
:1068C0002560A5610822294604F15C0000F05EFC09
:1068D000C4E90D55C4E912552046F8BD6834D9E71E
:1068E00004213846FFF762FF044630600028D5D106
:1068F000FFF778FF0C233B60EEE700BF6CF1010867
:106900000100FFFFF7B50F46114601AA054601F049
:1069100095F9064618B90024204603B0F0BD284674
:10692000FFF7AAFF04460028F5D03946019A4FF434
:10693000DB73284600F002FD071E09DA0025FFF789
:106940004BFFA06DA58100F04AFBFFF74BFFE2E78C
:10695000636EDB0705D4A389980502D4A06D00F00F
:1069600040FB0E4B63620E4BA3620E4BE362F105DC
:106970000D4BE781A6812462236305D50223002203
:106980002146284600F09CF8636EDA07C4D4A38938
:106990009B05C1D4A06D00F026FBBDE7A9740108DA
:1069A000CF740108077501082B750108024B0A46D0
:1069B00001461868FFF7A6BFF40200242DE9F74F3F
:1069C0001F4613467B430C9C06468A4691469B46CF
:1069D0005FD018B183690BB9FFF716FF2E4B9C42AD
:1069E00028D17468636EDB0705D4A3899D0502D4A2
:1069F000A06D00F0F6FA6368002B01DA00236360F3
:106A0000D846D4E9001545451ED34246504600F00D
:106A1000AFFB60682168636EA0EB08004144DA07B1
:106A2000606021602FD4A3899B052CD4A06D00F059
:106A3000DAFA28E0194B9C4201D1B468D2E7184B2E
:106A40009C4208BFF468CDE72A46504600F090FB10
:106A500023682B4423602146A8EB050330460193AD
:106A600000F088FCAA44019B88B1636ED80705D466
:106A7000A389990502D4A06D00F0B5FA5D44A5EB99
:106A80000803B3FBF9F7384603B0BDE8F08F98462A
:106A9000B7E71F46F7E700BF2CF101084CF10108EA
:106AA0000CF1010807B5009313460A460146034856
:106AB0000068FFF783FF03B05DF804FBF4020024D5
:106AC00000F00AB813460A4601460248006800F082
:106AD00003B800BFF40200242DE9F0410C4617462C
:106AE0001E46054618B183690BB9FFF78DFE444B6E
:106AF0009C4222D16C68636ED90705D4A3899A059C
:106B000002D4A06D00F06DFAA38903F48473B3F589
:106B1000847F03D121462846FFF7D0FDD4F82C808E
:106B2000B8F1000F13D11D232B60636ED9075DD51B
:106B30004FF0FF363046BDE8F081324B9C4201D128
:106B4000AC68D8E7304B9C4208BFEC68D3E7012E15
:106B500036D036F0020347D123691BB921462846B7
:106B600000F066FA21462846FFF7A8FD0028DCD190
:106B7000216A33463A462846C0470130D5D0616B7A
:106B800041B104F14403994202D02846F7F740FE90
:106B90000023636323692360A389002523F4026330
:106BA0006560A3810822294604F15C0000F0EEFA3A
:106BB000666E16F0010620D1A3899B05BAD40CE0BD
:106BC0002146284600F022F8431C064609D1636E90
:106BD000DD07ADD4A3899805AAD4A06D00F003FA0F
:106BE000A8E707440026B7E716239DE7A3899A057F
:106BF0009ED4A06D00F0F7F99AE72E469AE700BF01
:106C00002CF101084CF101080CF1010870B50C469B
:106C1000054618B183690BB9FFF7F6FD324B9C426C
:106C200014D16C68636EDA0705D4A3899B0502D47E
:106C3000A06D00F0D6F9E66ACEB91D232B60636E15
:106C4000DE070DD54FF0FF35284670BD274B9C421F
:106C500001D1AC68E6E7264B9C4208BFEC68E1E74F
:106C6000A3899D05EED4A06D00F0BDF9EAE7A289E5
:106C700002F00C03082B19D12368BBB121695B1A00
:106C8000002B13DDD00511D502230022216A2846EE
:106C9000B047411C05460DD1636EDA07D2D4A389F3
:106CA0009B05CFD4A06D00F09EF9CDE712F4805281
:106CB0000FD0656DA28956070DD56368ED1A636B19
:106CC0000BB1236CED1A636ED907BDD49305BBD409
:106CD000E8E70123DAE71007F5D52368002BF2D0A7
:106CE00021695B1A1D44EEE72CF101084CF1010803
:106CF0000CF101082DE9F0410F4600F1480400268F
:106D0000D4E90185B8F1010805D52468002CF7D134
:106D10003046BDE8F081AB89012B06D9B5F90E30BC
:106D2000013302D02846B84706436835EAE72DE923
:106D3000F8430646884600F148040027D4E9019547
:106D4000B9F1010905D52468002CF7D13846BDE812
:106D5000F883AB89012B07D9B5F90E30013303D085
:106D600029463046C04707436835E9E770B50D4D01
:106D70000D4C641BA4100026A64209D10B4D0C4CEF
:106D800002F094FB641BA4100026A64205D170BD3E
:106D900055F8043B98470136EEE755F8043B984711
:106DA0000136F2E7C0030024C0030024C00300241E
:106DB000C803002438B50B4B1D68EB6B044653B970
:106DC000242000F075F90246E86320B9064B074815
:106DD000322100F005FFE96B2046BDE8384000F0A5
:106DE00007B800BFF402002470F1010887F1010820
:106DF0002DE9F3410746019100F0BCFF019980465F
:106E0000384600F0BBFF43699A07044603F26C76EC
:106E100005D1642296FBF2F302FB13637BBB4FF4B4
:106E2000C87396FBF3F503FB1565B5FA85F56D0997
:106E3000684B302202FB053500F032FD00F03CFDCE
:106E4000654B1B6853B3D8F80430B34219D1D8F856
:106E50000010D7E90067D8E90823D1B9964277EB4B
:106E6000030323DAD8E91223964277EB0303B4BF76
:106E70000123002323621BDBD8F828101AE0012528
:106E8000D6E7304600F064FC0028E0D14FF0FF3335
:106E900004E0964277EB030302DA00232362EBE778
:106EA000D8E91223964277EB0303F6DA0123236233
:106EB000D8F850104FF461633C2091FBF3F603FBCC
:106EC0001613616893FBF0F200FB12302368891AF5
:106ED000A26861601B1A921B3B2B2360A26035DD08
:106EE000013161603C3B236063683B2B34DD013240
:106EF000A2603C3B6360A368172B33DDE26901327B
:106F0000E261A2690132062AC8BF0022A261E268DA
:106F1000183B0132A3602369E26055F823108A42CE
:106F20000EDD0B2BA2EB0102E26003F1010209BFAF
:106F3000636922610022013302BF22616361E26161
:106F400000F0B4FC204602B0BDE8F081002BCBDAA3
:106F5000013961603C33C6E7002BCCDA013AA2600C
:106F60003C33C7E7002BEBDAE269013AE261A26940
:106F7000013A48BF0622A261E2681833013AE26092
:106F8000A360002ADCD12369013B05D42361236976
:106F900055F82330E360D3E70B23236163695A1E5E
:106FA000626103F26B72930705D1642192FBF1F3E6
:106FB00001FB132363B94FF4C87192FBF1F301FB9A
:106FC0001323B3FA83F35B0903F5B673E361DEE7DA
:106FD0000123F9E704F20108403E0024704770479E
:106FE000704770477047704770B50E46B1F90E1084
:106FF000002996B014461D4607DA00232B60B3899A
:107000001A0610D44FF480630EE06A4600F05EFE6C
:107010000028F2DB019A02F47042A2F500535A42B2
:107020005A412A60EEE740230020236016B070BD6D
:107030008B8973B59D0706460C4607D504F14703B7
:10704000236023610123636102B070BD01AB6A4616
:10705000FFF7CAFF009905463046F7F7DDFB48B950
:10706000B4F90C309A05EFD423F0030343F0020384
:10707000A381E3E70D4BB362A389206043F0800353
:10708000A381009B6361019B20615BB1B4F90E1089
:10709000304600F023FF28B1A38923F0030343F017
:1070A0000103A381A0890543A581CDE7A16701085C
:1070B000024B01461868F7F7AFBB00BFF40200248B
:1070C000024B01461868F7F7A3BB00BFF402002487
:1070D00001F0FF01102A2BDB10F0070F08D010F889
:1070E000013B013A8B422DD010F0070F42B3F6D18D
:1070F000F0B441EA012141EA014122F007047FF0A6
:1071000000070023F0E80256083C85EA010586EAFC
:10711000010685FA47F5A3FA87F586FA47F6A5FA38
:1071200087F68EB9EED1F0BC01F0FF0102F0070244
:1071300032B110F8013B013A83EA010313B1F8D1EF
:107140000020704701387047002D06BF35460338D0
:10715000073815F0010F07D1013015F4807F02BF09
:10716000013015F4C03F0130F0BC0138704700BF5A
:107170000A44914200F1FF3300D1704710B511F875
:10718000014B03F8014F9142F9D110BD024403466F
:10719000934200D1704703F8011BF9E737B5002986
:1071A00048D051F8043C0190002BA1F10404B8BF71
:1071B000E418F7F797F9204A01981368154633B990
:1071C0006360146003B0BDE83040F8F731B9A34202
:1071D0000BD921686218934204BF1A685B68636028
:1071E00004BF521822602C60ECE71A465B680BB1B2
:1071F000A342FAD911685518A5420BD1246821443D
:107200005418A3421160DDD11C685B6853602144AF
:107210001160D7E702D90C230360D3E72568611911
:107220008B4204BF19685B68636004BF4919216021
:107230005460C7E703B030BD1C3E0024F8B5CD1C38
:1072400025F0030508350C2D38BF0C25002D06460A
:1072500001DBA94203D90C2333600020F8BDF7F706
:1072600041F921490A6814469CB9204F3B6823B96B
:107270002146304600F008F938602946304600F0D3
:1072800003F9431C23D10C2333603046F8F7D0F8C0
:10729000E3E723685B1B17D40B2B03D923601C4443
:1072A000256004E06368A2420CBF0B605360304667
:1072B000F8F7BEF804F10B00231D20F00700C21AF6
:1072C000CCD01B1AA350C9E722466468CCE7C41C83
:1072D00024F00304A042E3D0211A304600F0D4F891
:1072E0000130DDD1CFE700BF1C3E0024203E00244A
:1072F000F8B5074614460E4621B9BDE8F8401146D8
:10730000F7F78ABA22B9F7F783FA25462846F8BD77
:1073100000F006FEA0420FD221463846F7F77CFA6D
:1073200005460028F2D031462246FFF721FF3146BC
:107330003846F7F76DFAE9E73546E7E738B5074D20
:1073400004460846114600222A601A46F8F702FD54
:10735000431C02D12B6803B1236038BDAC3E00242E
:10736000838903F00903092B01D1FFF7E3B900205A
:1073700070470000F8B50C46054618B183690BB993
:10738000FFF742FA3B4B9C420AD16C68B4F90C20DF
:1073900000236360A3899E060CD54FF0FF3066E0A2
:1073A000354B9C4201D1AC68F0E7344B9C4208BF9E
:1073B000EC68EBE7580748D4D90605D409232B60BD
:1073C00042F04003A381E8E71A070BD5214628467F
:1073D000FFF774F90028E0D1A389A06023F0080327
:1073E000A381A061A38943F00403A38123691BB98E
:1073F00021462846FFF71CFEA689B4F90C70B30796
:107400000FD00123A3811E4B1E49186806F0090600
:10741000FFF770FC092EA78103D121462846FFF70C
:10742000C7F82269666A6369216A22602846B04704
:10743000002860601CDCB4F90C3017BF002243F058
:107440002003626043F04003BCE7616B0029CDD0AC
:1074500004F14403994202D02846F7F7D9F9236C86
:10746000636000206063002BC0D0E36B2360F8BD35
:107470000020FCE72CF101084CF101080CF1010897
:107480006CF101086173010838B5064D002304460C
:1074900008462B60F7F72EF8431C02D12B6803B186
:1074A000236038BDAC3E002410B50C46B1F90E1077
:1074B00001F02CF80028ABBF636DA3891B1823F4DF
:1074C0008053ACBF6365A38110BD002070472DE9D8
:1074D000F0411F468B89DB0505460C46164605D54F
:1074E000B1F90E100223002200F008FDA389B4F9BF
:1074F0000E1023F48053A38132463B462846BDE854
:10750000F04100F05BBB10B50C46B1F90E1000F075
:10751000F5FC431CA38915BF606523F4805343F435
:107520008053A38118BFA38110BDB1F90E1000F0E4
:1075300075BB0000012B2DE9F04701D0242B06D9A3
:10754000FFF730F8162303600020BDE8F0873A4FBC
:107550008E4676461EF8014BE55D15F00805F8D11C
:107560002D2C34D19EF800404FF0010806F1020E98
:10757000002B5CD0102B0CD1302C0AD19EF800408F
:1075800004F0DF04582C4DD19EF8014010230EF179
:10759000020E08F1004C0CF1FF3C0026BCFBF3F995
:1075A000354603FB19CAA4F13007092F18D83C4609
:1075B000A34224DD002E1FDBA9451DD301D1A24526
:1075C0001ADB05FB034501261EF8014BEBE72B2CCC
:1075D00008BF9EF80040A84608BF06F1020EC7E7A4
:1075E000A4F14107192F01D8373CE1E7A4F1610765
:1075F000192F04D8573CDBE74FF0FF36E4E7002EA5
:1076000005DA22230360654642B928469DE7B8F1B2
:10761000000F00D06D42002AF7D00EB10EF1FF31FD
:107620001160F2E73024002BB3D10823B1E7302CEE
:10763000A4D00A23ADE700BF0CF00108FFF77ABF22
:107640002DE9F0433B4E86468C4660461CF8014BC4
:10765000A55D15F00805F8D12D2C34D19CF800401B
:107660004FF0010800F1020C002B5ED0102B0CD162
:10767000302C0AD19CF8000000F0DF0058284FD1D0
:107680009CF8014010230CF1020C4FF0FF3700254D
:10769000B7FBF3F703FB07F96FEA09092846A4F1E2
:1076A0003006092E18D83446A34224DD002D1FDBF6
:1076B00087421DD301D1A1451ADB00FB0340012500
:1076C0001CF8014BEBE72B2C08BF9CF80040A846A8
:1076D00008BF00F1020CC7E7A4F14106192E01D83A
:1076E000373CE1E7A4F16106192E04D8573CDBE7EB
:1076F0004FF0FF35E4E7002D07DA2223CEF8003003
:107700004FF0FF3042B9BDE8F083B8F1000F00D070
:107710004042002AF7D00DB10CF1FF311160F2E7C1
:107720003024002BB1D10823AFE7302CA2D00A239C
:10773000ABE700BF0CF00108FFF782BF13460A4613
:10774000014602480068FFF77BBF00BFF402002437
:107750002DE9F74F804600F00DFB40F2B1739845DC
:1077600040F398806FF4F66343449B1040F26D122F
:10777000A8F2B27502FB05356FF06302A8F26D73D3
:1077800093FBF2F31D444FF4C8736FF4C86298FB87
:10779000F3F703FB17874244B7FA87FCB2FBF3F217
:1077A00008F0030315446422C0F8048098FBF2F645
:1077B0004FEA5C1C02FB1686044600F1500B009356
:1077C0004FF0070E227A63694A2A28D10099EA18F5
:1077D00001B906B90FBB3B2BD4BF002301231344CF
:1077E0005A1EA3692C4901FB0232A36A13441A46AC
:1077F000DB17C4E908232834A345E3D1D0E90845C1
:10780000D0E91223944275EB0303B4BF0123002394
:107810000360012003B0BDE8F08F0023DFE7442AB6
:1078200001D1EA18DDE7009A72BB002E0CBFE046DA
:107830004FF001081949E26801924FF0300A0AFB43
:1078400008182A464FF00009A8F10408019909F127
:107850000109494558F829A018DC02F1040898FBF1
:10786000FEF9C9EBC909A8EB0909B3EB09092369BA
:1078700003F1FF3348BF09F10709C3EBC3034B44CE
:10788000534505DA1A44ACE7E046D3E75244DDE756
:10789000073BF5E70020BDE78051010004F2010835
:1078A0000148FFF79DBB00BFA63E00240148FFF73B
:1078B00099BB00BFA63E0024014B186800F002B837
:1078C000F40200242DE9F04F8DB0074600F052FA83
:1078D000AE49AF4E0546384600F044FA044670B94A
:1078E000AC4BAD4A1860AD4B1860AD4B3068C3E986
:1078F0000022FFF7E5FB34600DB0BDE8F08F316882
:1079000000295FD13068FFF7DBFB204600F04EFE18
:10791000411C3846F6F780FF3060002857D12378A5
:10792000A04AA1493A2B08BF01340AAE334620468B
:1079300000F0FEFD0028DFDD0A9BE718E35C2D2B3D
:1079400049D101374FF0FF340DF1200A0DF11E0B24
:107950004FF00008CDE9016A94490396CDF800B0D4
:10796000334607AA3846ADF81E80ADF8208000F0F7
:10797000DFFD4045C0DDBDF81E30BDF82020DFF83A
:1079800038923C2101FB0322BDF81C304FF46161A9
:1079900001FB03235C43AC62814C824B23600A9B56
:1079A00081491F444A463346384600F0C1FD4045F0
:1079B00016DC23686360774BAA6A1A60774BC3F8BA
:1079C000008099E700F0E0FD00289BD194E7214674
:1079D00000F0E4FDA3E72B2B08BF01370124B3E738
:1079E0000A9BC4F80490FC18FB5C2D2B40F08B80A4
:1079F00001344FF0FF370023ADF81C30ADF81E30D6
:107A0000ADF820300A93CDE902A6CDE900B667496A
:107A1000334607AA204600F08BFD002878DCAF6AC9
:107A2000A7F561670A9B2F651C442F464FF000099C
:107A300023782C2B08BF013494F80080B8F14D0F47
:107A400078D10DF12603CDE9016309AB00935849C4
:107A5000039633460DF12202204600F069FD03280B
:107A60007FF44AAFBDF822104B1E0B2B3FF644AFFC
:107A7000BDF82420531E042B3FF63EAFBDF8263040
:107A8000062B3FF639AFC7E9031287F808807B6100
:107A90000A9B04EB03080223ADF81C300023ADF869
:107AA0001E30ADF820300A9398F800302F2B09D102
:107AB000CDE902A6CDE900B63E49334607AA4046C5
:107AC00000F036FDBDF81E30BDF820203C2101FB42
:107AD0000322BDF81C304FF4616101FB0323BB613D
:107AE0000A9C28374444B9F1000F20D06868FFF79A
:107AF0002FFE284BAA6A1A602B6D9B1A274A18BFC3
:107B000001231360F8E62B2B08BF0134012772E72D
:107B1000BDF81E30BDF820203C2101FB0322BDF83A
:107B20001C304FF4616101FB03235F437AE74FF0A0
:107B300001097DE7B8F14A0F06BF013443464423EB
:107B40000A220BA920460593FFF7F8FDDDF82C80EB
:107B5000059BADF82600A04514D14D23B9F1000FC7
:107B600007D12B7203210223C5E90313C5F8149032
:107B700091E785F830300B220123C5E90D2300235E
:107B8000EB6388E780B23B72786184E764F20108B6
:107B90003C3E0024443E002467F20108403E00249D
:107BA000580300242F3E00246BF201088EF20108D6
:107BB0007AF201088DF20108243E002438B5074D01
:107BC00004460846114600222A601A46F7F7ACFE22
:107BD000431C02D12B6803B1236038BDAC3E0024A6
:107BE0001FB514461A46094B1B680546D8684CB1A8
:107BF000074B0091CDE9013406492B4600F054F8BB
:107C000000F0AEFD044B1C46F3E700BFF402002475
:107C1000A0F20108ADF20108F5A3010838B5064D40
:107C20000023044608462B60F7F7DAFF431C02D115
:107C30002B6803B1236038BDAC3E00240B78722B57
:107C400030B522D0772B24D0612B27D016230360A8
:107C5000002030BD622D12D0782D13D02B2D07D1EE
:107C600020F01C0023F0030340F0100043F0020357
:107C700011F8015F002DEDD123431360E9E743F4D0
:107C80008033F5E743F40063F2E700242346042041
:107C9000EEE74FF4C06401230820E9E74FF40274D3
:107CA00001234FF48470E3E70EB403B5014603AB40
:107CB000054853F8042B0068019300F063F902B003
:107CC0005DF804EB03B07047F402002438B5074DAB
:107CD00000230446084611462B60F7F733FD431C8A
:107CE00002D12B6803B1236038BD00BFAC3E002435
:107CF0002DE9F84F074689461646F6F7EDFB184B77
:107D00001C689A4634B14B46984613F8011B39B1AA
:107D10003D29F9D13846F7F785FB0020BDE8F88FFB
:107D2000A8EB0908A34654F8040B0028F2D04246F9
:107D3000494600F043FC0028F4D154F8043C03EB1E
:107D4000080513F808303D2BECD1DAF80030ABEB26
:107D500003039B1038463360F7F764FB681CDDE7CC
:107D6000B803002407B501AAFFF7C2FF03B05DF80E
:107D700004FB000000487047600300242DE9F04137
:107D8000D0E900670C46514A00233046394601F0DD
:107D90009DF9394605464D4A3046002301F096F9D3
:107DA000002ABCBF02F5A83202F5C0724FF461612F
:107DB00005F52F20B2FBF1F301FB13224FF03C013C
:107DC000ACBF00F66C2000F66B20A360B2FBF1F3B1
:107DD00001FB132263602260C31C072293FBF2F2B3
:107DE000C2EBC2029B1A48BF07330028A361B8BF89
:107DF000A0F50E333649AEBF90FBF1F1A3F52C731D
:107E000093FBF1F1334B03FB010048F6AC62B0FB8E
:107E1000F2F2024440F2B45CB0FBFCF3D21A40F23E
:107E20006D172D4BB0FBF3F36426D31AB3FBF7F5B4
:107E3000B3FBFCF3B5FBF6F2D31A034407FB15338F
:107E4000992003EB830C0CF1020C03F1010EBCFB37
:107E5000F0F7784302304FF00508B0FBF8F0AEEBD6
:107E6000000040F2F95EF44594BF4FF0020C6FF051
:107E7000090C67444FF4C87C0CFB0151012F98BFDB
:107E80000131B3F5997F0CD3A3F59973E361A1F2A6
:107E90006C710023E060C4E9047123622046BDE8F0
:107EA000F08115F0030F02D106FB12525AB94FF4BC
:107EB000C876B5FBF6F206FB1252B2FA82F252090C
:107EC0003B331344E2E70122FAE700BF805101008F
:107ED000B13A02004FC5FDFFB03A020038B5064D79
:107EE0000023044608462B60F7F7AEFC431C02D182
:107EF0002B6803B1236038BDAC3E002438B5074D74
:107F000004460846114600222A601A46F7F76BFC21
:107F1000431C02D12B6803B1236038BDAC3E002462
:107F200051F8043C181F002BBCBF0B58C0187047F9
:107F30009368013B002B10B4936008DA9469A34264
:107F400001DB0A2903D15DF8044B00F049BB13683B
:107F5000581C1060197008465DF8044B7047F8B55E
:107F600006460F461446D518AC4201D1002007E062
:107F700014F8011B3A463046FFF7DAFF431CF3D1F1
:107F8000F8BD00002DE9F04F0D469DB0144698460F
:107F9000064618B183690BB9FEF736FC894B9D4242
:107FA0001BD175686B6ED90705D4AB899A0502D4CD
:107FB000A86DFFF716F8AB891B0701D52B69EBB944
:107FC0002946304600F05EFBC0B16B6EDC070ED573
:107FD0004FF0FF301DB0BDE8F08F7B4B9D4201D1CB
:107FE000B568DFE7794B9D4208BFF568DAE7AB89F2
:107FF0009805EDD4A86DFEF7F6FFE9E70023099395
:1080000020238DF82930CDF80C803023DFF8C08193
:108010008DF82A304FF0010923469A4613F8012BB8
:108020000AB1252AF9D1BAEB040B0BD05B462246E4
:1080300029463046FFF793FF013000F0AA80099AE5
:108040005A4409929AF80030002B00F0A2800023D5
:108050004FF0FF32CDE905230AF1010A049307939B
:108060008DF853301A935446052214F8011B5848D2
:10807000FFF72EF8049AD8B9D10644BF20238DF813
:108080005330130744BF2B238DF853309AF8003038
:108090002A2B15D0079A544600204FF00A0C21468F
:1080A00011F8013B303B092B4ED9B0B1079214E0D7
:1080B000A0EB080309FA03F313430493A246D2E7A3
:1080C000039B191D1B680391002BBBBF5B4242F051
:1080D000020207930793B8BF049223782E2B0CD18A
:1080E00063782A2B35D1039B1A1D1B680392002B42
:1080F000B8BF4FF0FF3302340593DFF8E4A02178D6
:1081000003225046FEF7E4FF40B14023A0EB0A00F3
:1081100003FA00F0049B03430134049314F8011B99
:108120002C488DF828100622FEF7D2FF00283FD0F9
:10813000294B1BBB039B073323F00703083303932F
:10814000099B3B44099367E70CFB02320C46012074
:10815000A5E700230134059319464FF00A0C204689
:1081600010F8012B303A092A03D9002BC5D005910C
:10817000C3E70CFB012104460123F0E703AB0093A6
:108180002A46164B04A93046AFF300800746781CF8
:10819000D6D16B6ED90705D4AB899A0502D4A86DE8
:1081A000FEF721FFAB895B063FF512AF099811E797
:1081B00003AB00932A46094B04A9304600F080F82F
:1081C000E4E700BF2CF101084CF101080CF10108B3
:1081D000DCF20108E6F20108000000005F7F010800
:1081E000E2F201082DE9F047164699468A680B69C4
:1081F000DDF820809342B8BF1346336091F84320E6
:1082000007460C460AB1013333602368990642BF22
:10821000336802333360256815F0060506D104F192
:10822000190AE36832689B1AAB4226DC94F84320B3
:10823000131E226818BF012392062BD404F14302B7
:1082400049463846C04701301ED02368E568326889
:1082500003F00603042B08BFAD1AA36822690CBF04
:1082600025EAE57500259342C4BF9B1AED18002648
:108270001A34B5421AD1002008E00123524649467B
:108280003846C047013003D14FF0FF30BDE8F087DA
:108290000135C6E7E1185A1C302081F8430022441A
:1082A00094F8451082F843100233C7E701232246B1
:1082B00049463846C0470130E6D00136D9E70000CC
:1082C0002DE9FF470C469146277E0C99782F804672
:1082D0009A4604F1430207D8622F0AD8002F00F013
:1082E000D880582F00F0A38004F1420684F8427031
:1082F0003AE0A7F16303152BF6D801A050F823F05C
:10830000598301086D830108E9820108E9820108A7
:10831000E9820108E98201086D830108E982010808
:10832000E9820108E9820108E982010879840108EB
:108330009D8301085B840108E9820108E982010844
:108340009B840108E98201089D830108E9820108F4
:10835000E9820108638401080B681A1D1B680A6022
:1083600004F1420684F842300123A3E0256808683E
:108370002E0600F104030AD505680B60002D03DA10
:108380002D236D4284F843305E480A2319E015F02E
:10839000400F05680B6018BF2DB2EFE70B6825682A
:1083A000181D0860280601D51D6802E06906FBD586
:1083B0001D8854486F2F0CBF08230A23002184F81E
:1083C00043106668A660002EA2BF216821F0040158
:1083D00021600DB9002E4DD01646B5FBF3F103FB1D
:1083E0001157C75D06F8017D2F46BB420D46F4D9F3
:1083F000082B0BD12368DF0708D5236961689942F0
:10840000DEBF302306F8013C06F1FF36921B2261E5
:10841000CDF800A04B4603AA21464046FFF7E2FEF6
:1084200001304CD14FF0FF3004B0BDE8F087354843
:1084300084F8457023680E681F0656F8045B0E60CA
:1084400014D5D90744BF43F0200323601DB9236826
:1084500023F0200323601023B0E7236843F02003B8
:1084600023607823284884F84530E3E75E0648BF58
:10847000ADB2E6E71646BBE70B68266860691D1DCE
:108480000D6035061B6801D5186002E07106FBD54A
:108490001880002323611646BAE70B681A1D0A608C
:1084A0001E68626800213046FEF712FE08B1801B8C
:1084B000606063682361002384F84330A8E7236980
:1084C000324649464046D0470130ABD023689B072F
:1084D00013D4E068039B9842B8BF1846A4E7012371
:1084E000324649464046D04701309BD00135E368CB
:1084F00003995B1AAB42F2DCEBE7002504F11906A5
:10850000F5E700BFEDF20108FEF2010838B5074DAE
:1085100004460846114600222A601A46F7F7B2F9C7
:10852000431C02D12B6803B1236038BDAC3E00244C
:108530000EB410B59FB021AC4FF4017154F8042B68
:108540000192ADF81C100490089000F02FF80C4B2D
:10855000059009900D930B48019A0068039400233D
:10856000119316934FF6FF73ADF81E3004A92346FE
:1085700000F058F91FB0BDE8104003B0704700BFCD
:10858000CB740108F402002410F8012B11F8013B10
:10859000012A28BF9A42F7D0D01A7047034611F833
:1085A000012B03F8012B002AF9D17047034613F879
:1085B000012B002AFBD1181A0138704710B56AB197
:1085C0000139841810F8013B11F8012F934203D1AF
:1085D000A04201D0002BF5D1981A10BD1046FCE73F
:1085E000F8B50E461446054618B183690BB9FEF777
:1085F0000BF9214B9C422BD16C68A369A360A38922
:108600001A072FD523696BB323692068C01A6369E1
:10861000F6B28342374604DC21462846FEF74EF880
:1086200030BBA368013BA36023685A1C22601E7004
:1086300063690130834204D0A389DB0706D50A2E83
:1086400004D121462846FEF739F888B93846F8BDE6
:108650000A4B9C4201D1AC68CFE7094B9C4208BF52
:10866000EC68CAE72146284600F00CF80028CBD079
:108670004FF0FF37EAE700BF2CF101084CF1010889
:108680000CF10108324B70B51D6806460C4625B149
:10869000AB6913B92846FEF7B7F82E4B9C420FD1B1
:1086A0006C68A389B4F90C2019072CD4DD0611D409
:1086B0000923336042F04003A3814FF0FF303EE0D6
:1086C000254B9C4201D1AC68EBE7244B9C4208BF90
:1086D000EC68E6E7580712D5616B41B104F1440339
:1086E000994202D03046F6F793F800236363A389DA
:1086F00023F02403A3810023636023692360A389FB
:1087000043F00803A38123694BB9A38903F42073C1
:10871000B3F5007F03D021463046FEF789FCA089DF
:10872000B4F90C2010F001030AD00023A3606369A0
:108730005B42A361236943B910F08000BAD170BDD8
:10874000810758BF6369A360F4E70020F7E700BF23
:10875000F40200242CF101084CF101080CF101088D
:1087600008B5062000F084FB0120F7F721F838B5A2
:108770004B1C144603D14FF0FF35284638BD938972
:1087800023F020039381636B5268CDB28BB1A36B4E
:10879000934208DD23685A1E226003F8015C636877
:1087A00001336360E9E7214600F07EFB0028F1D049
:1087B000E1E72169236851B1994208D213F8011CFD
:1087C000A94204D1013B013223606260D5E7C4E9CC
:1087D0000F3204F1440363630323A363234603F8C6
:1087E000465F23600123DCE710B50C46496B69B195
:1087F00004F14403994201D0F6F70AF8236C636050
:108800000020606313B1E36B236010BD2369236014
:1088100000236360A38943F02003A3814FF0FF305E
:10882000F3E700002DE9F04F0C46ADF5237D002164
:10883000CDE94411B249A0910DF10408B149B24FFC
:10884000DFF8C892CDF818810646A191009392F8FE
:1088500000A0BAF1000F00F051811AF8073013F0B0
:10886000080302F1010519D06368002B0FDD2368AE
:108870001A78BA5C120701D42A46E8E7459A013211
:10888000459262680133013A62602360ECE7A19B84
:108890002146304698470028E9D0EDE7BAF1250F88
:1088A00040F083804193439353782A2B02BF1023D7
:1088B000951C41930A22AB461BF8011BA1F1300322
:1088C000092B1DD991480322FEF702FC40B1012378
:1088D000A0EB090003FA00F0419B184341905D466C
:1088E00015F8013B782B06D8572B10D8252B5CD0D8
:1088F00056D8002B74D0032347930A23429381E078
:10890000439B02FB0313303B43935D46D3E7A3F144
:108910005802202AEFD801A151F822F0EF8901086E
:10892000F7880108F78801084D8A0108F7880108CF
:10893000F7880108F7880108F7880108F788010817
:10894000F7880108F7880108638A0108398A010855
:10895000A7890108A7890108A7890108F7880108E4
:108960003D8A0108F7880108F7880108F78801089F
:10897000F7880108738A0108458A0108E789010818
:10898000F7880108F78801086F8A0108F78801084D
:10899000398A0108F7880108F7880108EF8901087A
:1089A000453B022BA7D805232BE06368002B0DDD88
:1089B00023681A78524540F0A18001336268236031
:1089C000459B013A01336260459355E7A19B2146DF
:1089D000304698470028EBD04498002840F0848027
:1089E0004FF0FF3086E0419A42F020024192419AD6
:1089F00042F40072419210226F2B429234BF032343
:108A0000042347936368002B41DD419B590604D43E
:108A100023681A78BA5C120740D4479B022B4FDCBC
:108A20006B46224641A9304600F074F8012865D013
:108A300002287FF421AFCFE70A22DDE7002342932B
:108A40000323DEE7082342930423DAE7294640465E
:108A500000F0ACF9419B43F04003419305460123EC
:108A6000CFE7419B43F0400341930023C9E7022332
:108A7000C7E74198C3063FF5FFAE009B459A191D15
:108A800000911B68C0074CBF1A801A60F4E6A19BD6
:108A90002146304698470028B7D09DE7459A0132D5
:108AA00045926268013A002A626002DD0133236068
:108AB000AEE7A19B2146304698470028A8D08BE717
:108AC000042B06DC6B46224641A9304600F07AF8BA
:108AD000ACE70F4B002B3FF4CFAE6B46224641A9CB
:108AE0003046AFF30080A1E7A38913F0400F18BF11
:108AF0004FF0FF300DF5237DBDE8F08F4498F9E786
:108B00006F870108E98701080CF00108E2F201080B
:108B1000000000002DE9F84315468A6880460C469F
:108B200032B98A69002A0CBF01224FF0FF328A60F5
:108B30002268DFF88C90D1065FBF1A68111D19609A
:108B400016680027A06988B1012807D12B681A7818
:108B500063699B5C53B927BBBDE8F883022820D129
:108B60002B681B7813F809301B071AD42368DA0620
:108B70005EBF2B681B7806F8013B2A686B680132E0
:108B80002A60A268013B013A6B600137A26042B1E2
:108B9000002BD7DCD4F8803129464046984700287E
:108BA000D0D0236813F0100305D1E2680132E260EF
:108BB000A26902B1337023691F4427610020CBE70B
:108BC0000CF001082DE9F04F9846744B0C46824694
:108BD000164693E8070087B003AB83E80700704BA5
:108BE000A169704A032918BF1A46A36801925A1E48
:108BF000B2F5AE7F88BF6FF4AE75274682BF03EB38
:108C0000050940F25D13A36057F81C3B43F4506321
:108C100098BF4FF0000923603D464FF0000B3168CC
:108C200003AB097853F82B000222FEF751FA28B360
:108C3000BBF1010F59D162682AB92268082342F4B6
:108C4000007263602260226822F4A0622260A2683F
:108C5000511EA16092B13268511C3160127805F842
:108C6000012B7268013A002A726007DCD4F8802177
:108C7000314650469047002840F085800BF1010BAB
:108C8000BBF1030FCBD163680BB90A236360636840
:108C900045496069C91A00F089F84FF0000BA368D4
:108CA0002268002B3DD03168606991F800C010F84F
:108CB0000C00002835D0BCF1300F24D1100522D58E
:108CC0000BF1010BB9F1000F03D0013309F1FF39AA
:108CD000A3607368013B002B73601BDD33680133B5
:108CE0003360A368013BA360D9E7BBF1020FAED1AB
:108CF000226802F4C061B1F5007FBFD11023636028
:108D000042F48072A2E722F4106222600B7805F828
:108D1000013BDEE7D4F880313146504698470028C1
:108D2000DFD02368D9050DD5BD4209D915F8011C3E
:108D3000D4F87C3132465046984705F1FF394D460C
:108D4000BD4228D0226812F0100213D12A70636845
:108D5000019E39465046B047D8F8003021681A1DA8
:108D6000C8F8002011F0200F1B680FD01860E368CE
:108D70000133E360ED1BAB4425695D4425610020B0
:108D800007B0BDE8F08F4FF0000BCAE7CA074CBF31
:108D900018801860EBE70120F2E700BF2CF3010810
:108DA000397701083D76010828F3010870B50B7882
:108DB00004465E2B0BBF4B78481C881C002208BF62
:108DC0000122611E04F1FF0501F8012FA942FBD128
:108DD0000BB9013870BD82F00101E154421C12F858
:108DE000015C2D2D02F1FF36104606D05D2DF1D02D
:108DF0000DB93046EEE72B46EFE716785D2EFAD038
:108E0000B342F8DC1846013086422154FBDCD843DB
:108E100030445D1CB342A8BF00202B180232DEE7AD
:108E20001F2938B504460D4604D9162303604FF0B8
:108E3000FF3038BD426C12B152F821304BB9204698
:108E400000F030F82A4601462046BDE8384000F0E0
:108E500017B8012B0AD0591C03D116230360012037
:108E6000E7E7002442F82540284698470020E0E73D
:108E7000024B01461868FFF7D3BF00BFF40200247D
:108E800038B5074D00230446084611462B6000F014
:108E900005FB431C02D12B6803B1236038BD00BF22
:108EA000AC3E002400F0F2BA2DE9F0410C46496BCB
:108EB00004F1440399421DD14FF48061F5F7ACFCF5
:108EC00018B94FF0FF30BDE8F0814FF48063A36321
:108ED00094F84630606380F8FF3394F8453080F8AA
:108EE000FE3394F8443080F8FD3300F2FD3020600A
:108EF0000020E8E7A66B77003A46F5F78BFC0546BD
:108F00000028DED000EB0608014632464046FEF758
:108F10002FF9C4E90D57C4F80080E9E770B50E4693
:108F20001446054618B183690BB9FDF76DFC144B67
:108F30009C421AD16C68636ED80705D4A389990541
:108F400002D4A06DFEF74DF822462846314600F0C7
:108F500033F8636EDA07054605D4A3899B0502D46E
:108F6000A06DFEF740F8284670BD064B9C4201D12B
:108F7000AC68E0E7044B9C4208BFEC68DBE700BF4D
:108F80002CF101084CF101080CF10108024B0A46D2
:108F900001461868FFF7C2BFF402002430B501395A
:108FA0000024A24201D1002005E0035D01340D5DE3
:108FB000AB42F6D0581B30BD70B50D461446064680
:108FC00018B183690BB9FDF71FFC1C4B9C4224D1DF
:108FD0007468636ED80705D4A389990502D4A06D7F
:108FE000FDF7FFFFA368013B002BA36005DAA26930
:108FF00093421CDBEBB20A2B19D023685A1C226067
:109000001D70EDB2636EDA0705D4A3899B0502D407
:10901000A06DFDF7E8FF284670BD094B9C4201D1C9
:10902000B468D6E7074B9C4208BFF468D1E72946ED
:1090300022463046FFF7D4FA0546E3E72CF1010853
:109040004CF101080CF10108C9B2034610F8012BDC
:109050001AB18A42F9D118467047002918BF002377
:10906000F9E770B503461E4613F8014B44B14A1E9A
:1090700001E0A54204D012F8015F002DF9D1F2E71A
:10908000301A70BD10B50139034632B111F8014FE5
:1090900003F8014B013A002CF7D11A440021934206
:1090A00000D110BD03F8011BF9E770B503461E4659
:1090B00013F8014B3CB14A1E01E0A542F7D012F86B
:1090C000015F002DF9D1301A70BD00007BB972B973
:1090D0000029BEBF00204FF0004106E008BF002875
:1090E0001CBF6FF000414FF0FF3000F0A1B9ADF1AF
:1090F000080C6DE904CE002909DB002B1ADB00F017
:1091000035F8DDF804E0DDE9022304B070474042A1
:1091100061EB4101002B1BDB00F028F8DDF804E0D7
:10912000DDE9022304B0404261EB4101524263EBAE
:1091300043037047524263EB430300F017F8DDF836
:1091400004E0DDE9022304B0404261EB41017047D5
:10915000524263EB430300F009F8DDF804E0DDE977
:10916000022304B0524263EB430370472DE9F047FA
:10917000089D04468C46002B40F083808A421746A7
:1091800047D9B2FA82F242B1C2F1200024FA00F0CB
:109190009140974040EA010C94404FEA1748230C55
:1091A000BCFBF8F61FFA87FE08FB16C143EA014331
:1091B00006FB0EF1994209D9FB1806F1FF3080F049
:1091C0001981994240F21681023E3B445B1AA4B2D7
:1091D000B3FBF8F008FB103344EA034400FB0EFE37
:1091E000A64509D93C1900F1FF3380F00581A64559
:1091F00040F2028102383C4440EA0640A4EB0E04EF
:1092000000261DB1D4400023C5E900433146BDE826
:10921000F08702B9FFDEB2FA82F2002A50D1CB1BEE
:109220004FEA174E1FFA87F80126B3FBFEFC210C0C
:109230000EFB1C3341EA034108FB0CF38B4207D9B8
:1092400079180CF1FF3002D28B4200F2E98084469B
:10925000C91AA3B2B1FBFEF00EFB101143EA0144A0
:1092600008FB00F8A04507D93C1900F1FF3302D2F2
:10927000A04500F2D9801846A4EB080440EA0C404F
:10928000BFE78B4209D9002D00F0B1800026C5E967
:10929000000130463146BDE8F087B3FA83F6002E70
:1092A0004AD18B4202D3824200F2B880841A61EB29
:1092B000030101208C46002DA8D0C5E9004CA5E78C
:1092C000C2F1200320FA03F6974001FA02F04FEAB8
:1092D000174ED9403043030CB1FBFEF61FFA87F856
:1092E0000EFB161143EA014306FB08F1994204FA0A
:1092F00002F409D9FB1806F1FF3C80F08D809942F9
:1093000040F28A80023E3B445B1A81B2B3FBFEF01E
:109310000EFB103341EA034100FB08F38B4207D9EF
:10932000791800F1FF3C73D28B4271D9023839446D
:10933000CB1A40EA064678E7C6F1200C03FA06F499
:1093400022FA0CF31C4320FA0CF701FA06F34FEA59
:10935000144E21FA0CF11F433B0CB1FBFEF91FFA2E
:1093600084F80EFB191143EA014109FB08FA8A450A
:1093700002FA06F200FA06F308D9611809F1FF3083
:1093800048D28A4546D9A9F102092144A1EB0A0134
:10939000BFB2B1FBFEF00EFB101147EA014700FB24
:1093A00008F8B84507D9E71900F1FF312ED2B845C2
:1093B0002CD90238274440EA0940A7EB0807A0FB54
:1093C00002894F45C64649461AD317D05DB1B3EB63
:1093D0000E0267EB010707FA0CFCF2404CEA0202AE
:1093E000F740C5E9002700263146BDE8F0872E4644
:1093F00028460BE70646E9E61846FDE64345E5D272
:10940000B8EB020E69EB04010138DFE70846D2E74A
:1094100060468DE78146B9E7664675E730464AE71C
:10942000ACF1020C394413E702383C4424E700BF96
:10943000704700BF53B94AB9002908BF00281CBFB4
:109440004FF0FF314FF0FF30FFF7F2BFADF1080CE6
:109450006DE904CEFFF78AFEDDF804E0DDE90223C2
:1094600004B07047430803F05533C01A830803F073
:10947000333300F03330184400EB101000F00F309D
:1094800000EB002000EB0040000E7047024B58221A
:109490001A604FF0FF307047AC3E0024024B582258
:1094A0001A604FF0FF307047AC3E0024F8B500BFA3
:1094B000F8BC08BC9E467047F8B500BFF8BC08BCB5
:1094C0009E467047436F6D6D616E6420706172617E
:1094D0006D206572726F723A2077726F6E672061CD
:1094E0006464726573732073697A650A00496E76E5
:1094F000616C696420616C74206279746573207397
:10950000697A650050696E6D6170206572726F7264
:109510003A2077726F6E6720706F7274206E756D6F
:109520006265722E006170706C69636174696F6E40
:109530005F756E6E616D65645F746872656164000D
:10954000657175657565006170706C6963617469DA
:109550006F6E5F756E6E616D65645F6D7574657855
:109560000048414C5F5254435F53657444617465D5
:10957000206572726F720A0048414C5F5254435F1B
:1095800053657454696D65206572726F720A004983
:1095900032433132333A20496E76616C696420631C
:1095A0006C6F636B20736F7572636500493243346F
:1095B0003A20496E76616C696420636C6F636B203E
:1095C000736F75726365004932433A20756E6B6E36
:1095D0006F776E20696E7374616E63650049324304
:1095E0003A2061626E6F726D616C206361736520F9
:1095F00073686F756C64206E6F742068617070653D
:109600006E640043616E6E6F7420696E6974696187
:109610006C697A65205254432077697468204C53F2
:10962000490A00506572697068436C6B496E6974D1
:1096300053747275637420525443206661696C657B
:10964000642077697468204C53490A0052544320BF
:10965000696E697469616C697A6174696F6E20669C
:1096600061696C65640A00456E61626C654279707F
:10967000617373536861646F77206572726F720AE9
:109680000048414C5F5243435F4F7363436F6E66C4
:109690006967204552524F520A0048414C5F52437D
:1096A0004345785F506572697068434C4B436F6EF9
:1096B000666967204552524F520A005365745379C8
:1096C00073436C6F636B206661696C65640A0001AB
:1096D000808080808080800480808080808080087E
:1096E000808080808080801080808080808080204A
:1096F0008080808080808040000408102040020428
:1097000008102040000000000102030401020304CD
:1097100006070809A086010080380100C0D40100B6
:10972000000000007A0D0000FA0000005C1200004A
:10973000A00F0000800200001400000000000000E4
:10974000801A060000E20400005307000000000039
:1097500084030000640000001405000058020000AB
:10976000FA000000640000000000000040420F000A
:1097700000350C00804F120000000000C201000004
:1097800032000000F4010000040100003C00000071
:109790006400000000000000000000000000000164
:1097A0000100000000000002220000000000000490
:1097B0002300000000000008FFFF00000000000080
:1097C00008000000005C0040CA1300001600000002
:1097D00000540040CA13000016010000001C00588D
:1097E000CA1B00001800000000540040CA1300000B
:1097F00018010000001C0058CA1B00001A000000DD
:1098000000580040CA1300003C000000001C005833
:10981000CA1300005100000000580040CA130000A5
:109820005E000000001C0058CA1300007400000015
:1098300000580040CA13000077000000005C0040A0
:10984000CA1300007B000000001C0058CA1300006F
:10985000FFFF0000FFFFFFFF0000000017000000F7
:1098600000540040CA13000017010000001C0058FB
:10987000CA1B00001900000000540040CA13000079
:1098800019010000001C0058CA1B00001B0000004A
:1098900000580040CA13000029000000005C00408E
:1098A000CA1300003D000000001C0058CA1300004D
:1098B0005000000000580040CA1300005F00000084
:1098C000001C0058CA13000075000000005800403A
:1098D000CA13000078000000005C0040CA130000BA
:1098E0007C000000001C0058CA130000FFFF0000AD
:1098F000FFFFFFFF0000000001000200040006005F
:1099000008000A000C001000200040008000000148
:1099100001030507090E10121416181C1E00000082
:109920000000000000000000F5290108192A0108C4
:10993000BD1C0108311601084DC7000815170108A4
:109940002D1A0108F5170108D52C010859C6000881
:1099500059C6000851C60008D7C50008CDC5000883
:10996000D1C50008692C0108092C0108A12B0108A8
:1099700049C600080000000000000000AD14000807
:10998000171A0008D91400085714000841140008D9
:1099900035140008291400081D1400088914000853
:1099A0000000000000000000F1130008051A000884
:1099B000851300086F130008411300089B1300086B
:1099C0006313000857130008351300082913000813
:1099D0001D13000807130008FDC90008A3C90008EB
:1099E0009DC900089DC90008F9C90008EDC9000813
:1099F000CD130008000000000000000085000108F1
:109A0000350101082DFF000819FF000800000000C3
:109A100000000000C5140008F3190008D91400085C
:109A200073140008411400083514000829140008B4
:109A30001D14000889140008000000000000000048
:109A400009140008E1190008851300086F130008C5
:109A500041130008B71300086313000857130008E8
:109A600035130008291300081D1300080713000808
:109A7000FDC90008A3C900089DC900089DC90008C8
:109A8000F9C90008EDC90008CD1300080000000066
:109A90000000000075FE000805FF0008000000003F
:109AA0000000000039290108BD29010840420F00CB
:109AB000200000000080000010000000007D000079
:109AC000100000000100000002000000040000007F
:109AD000080000001000000020000000400000000E
:109AE00080000000000100000002000000040000EF
:109AF00000080000001000000020000000400000EE
:109B0000008000000000000080DE280080C84D00BA
:109B100000A7760000349E008012C700809FEE00F0
:109B2000007E1701805C400180E9670100C8900158
:109B30000055B8010000000080DE2800001A4F0028
:109B400080F8770080859F000064C80000F1EF0076
:109B500080CF180100AE4101003B690180199201DC
:109B600080A6B9016C9B0108E00F0024E9050008FC
:109B7000DD0500088D0500087D050008C105000809
:109B8000A105000809C8000835060008000000000B
:109B90006C6974746C656673002E2E002F00EBFEEA
:109BA000904D53444F53352E30004E4F204E414D73
:109BB00045202020204641543332202020004E4FA3
:109BC000204E414D45202020204641542020202079
:109BD00020002A3A3C3E7C223F7F002B2C3B3D5B01
:109BE0005D0000FBFFFBFEECEAF3EFF7F3EDEDEABF
:109BF000FB8CF0F4E9EA809A45418E418F8045451F
:109C0000454949498E8F9092924F994F5555599990
:109C10009A9B9C9D9E9F41494F55A5A5A6A7A8A983
:109C2000AAABACADAEAFB0B1B2B3B4B5B6B7B8B91C
:109C3000BABBBCBDBEBFC0C1C2C3C4C5C6C7C8C90C
:109C4000CACBCCCDCECFD0D1D2D3D4D5D6D7D8D9FC
:109C5000DADBDCDDDEDFE0E1E2E3E4E5E6E7E8E9EC
:109C6000EAEBECEDEEEFF0F1F2F3F4F5F6F7F8F9DC
:109C7000FAFBFCFDFEFFC700FC00E900E200E40087
:109C8000E000E500E700EA00EB00E800EF00EE008E
:109C9000EC00C400C500C900E600C600F400F600F0
:109CA000F200FB00F900FF00D600DC00A200A300D8
:109CB000A500A7209201E100ED00F300FA00F100F9
:109CC000D100AA00BA00BF001023AC00BD00BC0048
:109CD000A100AB00BB0091259225932502252425E8
:109CE00061256225562555256325512557255D2576
:109CF0005C255B251025142534252C251C250025E5
:109D00003C255E255F255A25542569256625602555
:109D100050256C2567256825642565255925582516
:109D2000522553256B256A2518250C258825842561
:109D30008C2590258025B103DF009303C003A30386
:109D4000C303B500C403A6039803A903B4031E22EA
:109D5000C603B50329226122B100652264222023B3
:109D60002123F7004822B0001922B7001A227F20D1
:109D7000B200A025A0000000000000006410B71D84
:109D8000C8206E3BAC30D9269041DC76F4516B6B29
:109D90005861B24D3C7105502083B8ED44930FF0EB
:109DA000E8A3D6D68CB361CBB0C2649BD4D2D386A1
:109DB00078E20AA01CF2BDBD000000000000000017
:109DC00049A2000885A20008DD6D0008A16D000809
:109DD000DBC200083FC10008FDBE0008C5BF000887
:109DE00059A0000853700008D9A100089571000817
:109DF000CDBC0008519C0008B39900086FAB000867
:109E0000299C0008DF12000867AE000837700008C0
:109E1000EF1200081B7000086FB80008F9BB0008BB
:109E2000E575000835B00008EDAF0008FF6F0008C9
:109E3000CBAF00081D6E000829A30008F5780008C4
:109E4000E1780008A1A20008FCFFFFFF000000006D
:109E50007DA2000897A2000800000000000000009A
:109E60000000000000000000D3E00008E31200083A
:109E7000E9120008E3120008E312000801130008C9
:109E8000E3120008FCFFFFFF0000000000000000DC
:109E900000000000000000000000000000000000C2
:109EA00000000000D3E00008E3120008E9120008F7
:109EB000E3120008E312000801130008E31200088F
:109EC00000000000000000004177000885770008CE
:109ED000DD6D0008A16D00082992000803970008B5
:109EE000719100083396000819870008817D0008E9
:109EF000AD75000831930008CFB90008B38F000892
:109F0000DF860008DF850008858F0008DF12000863
:109F1000398200080B750008EF120008DB74000896
:109F2000F584000843B90008417500082D89000830
:109F30001B7D0008BB740008E17C00081D6E000852
:109F4000FCFFFFFF000000007D7700089777000806
:109F500061001A03E0001703F8000703FF00010087
:109F600078010001300132010601390110014A0176
:109F70002E017901060180014D0043028101820119
:109F800082018401840186018701870189018A0198
:109F90008B018B018D018E018F0190019101910147
:109FA00093019401F60196019701980198013D02F1
:109FB0009B019C019D0120029F01A001A001A20123
:109FC000A201A401A401A601A701A701A901AA0158
:109FD000AB01AC01AC01AE01AF01AF01B101B20107
:109FE000B301B301B501B501B701B801B801BA01B8
:109FF000BB01BC01BC01BE01F701C001C101C2012E
:10A00000C301C401C501C401C701C801C701CA0118
:10A01000CB01CA01CD011001DD0101008E01DE017D
:10A020001201F3010300F101F401F401F801280128
:10A03000220212013A020900652C3B023B023D025A
:10A04000662C3F0240024102410246020A015302CD
:10A05000400081018601550289018A0158028F0161
:10A060005A0290015C025D025E025F02930161028E
:10A07000620294016402650266026702970196011A
:10A080006A02622C6C026D026E029C017002710207
:10A090009D01730274029F017602770278027902B1
:10A0A0007A027B027C02642C7E027F02A60181027E
:10A0B0008202A9018402850286028702AE0144025F
:10A0C000B101B20145028D028E028F02900291020F
:10A0D000B7017B030300FD03FE03FF03AC03040091
:10A0E0008603880389038A03B1031103C2030200B4
:10A0F000A303A303C4030803CC0303008C038E0350
:10A100008F03D8031801F2030A00F903F303F403E1
:10A11000F503F603F703F703F903FA03FA03300430
:10A12000200350041007600422018A043601C10490
:10A130000E01CF040100C004D004440161052604CF
:10A1400000007D1D0100632C001E9601A01E5A0117
:10A15000001F0806101F0606201F0806301F0806ED
:10A16000401F0606511F0700591F521F5B1F541F37
:10A170005D1F561F5F1F601F0806701F0E00BA1F6D
:10A18000BB1FC81FC91FCA1FCB1FDA1FDB1FF81F49
:10A19000F91FEA1FEB1FFA1FFB1F801F0806901F05
:10A1A0000806A01F0806B01F0400B81FB91FB21F81
:10A1B000BC1FCC1F0100C31FD01F0206E01F0206F8
:10A1C000E51F0100EC1FF31F0100FC1F4E210100E1
:10A1D000322170211002842101008321D0241A052C
:10A1E000302C2F04602C0201672C0601752C020113
:10A1F000802C6401002D260841FF1A030000010095
:10A2000004001000400000010002000001000200F4
:10A21000040008001000200000005153504946007F
:10A22000464C4153484941500044465520496E74BC
:10A230006572666163650044465520436F6E6669CA
:10A2400067000D002E2E2E0A000A52252D34643A86
:10A25000202530386C58000A53502020203A202501
:10A2600030386C580A4C522020203A202530386C67
:10A27000580A50432020203A202530386C580A785C
:10A28000505352203A202530386C580A50535020F1
:10A29000203A202530386C580A4D535020203A205F
:10A2A0002530386C58000A43505549443A2025302F
:10A2B000386C58000A48465352203A202530386CF2
:10A2C000580A4D4D4653523A202530386C580A42B0
:10A2D000465352203A202530386C580A554653527E
:10A2E000203A202530386C580A44465352203A20F0
:10A2F0002530386C580A41465352203A20253038D0
:10A300006C58000A4D4D4641523A202530386C5861
:10A31000000A42464152203A202530386C58000A43
:10A320004D6F6465203A20546872656164000A507C
:10A33000726976203A2055736572000A5072697608
:10A34000203A2050726976696C65676564000A4D31
:10A350006F6465203A2048616E646C6572000A5330
:10A360007461636B3A20505350000A537461636BFD
:10A370003A204D5350000A2B2B204D6265644F53F9
:10A38000204661756C742048616E646C6572202B88
:10A390002B0A0A4661756C74547970653A20004D39
:10A3A000656D4D616E6167654661756C74004275DF
:10A3B000734661756C740055736167654661756CB1
:10A3C0007400486172644661756C74000A0A436FD8
:10A3D0006E746578743A000A0A2D2D204D6265640A
:10A3E0004F53204661756C742048616E646C6572D1
:10A3F000202D2D0A0A0064656661756C7400466F35
:10A400007263654F73634F75746F6644656570530F
:10A410006C65657020636C6F636B20697373756521
:10A420000D0A00466F7263655065726970684F75FA
:10A43000746F6644656570536C65657020636C6FFE
:10A44000636B2069737375650D0A00496E6974202A
:10A450003A2063616E6E6F7420696E697469616C15
:10A46000697A65204C53490A006D61696E00534654
:10A4700044500073696E676C65746F6E5F6D7574C0
:10A480006578006D616C6C6F635F6D7574657800E5
:10A49000656E765F6D75746578007274785F746947
:10A4A0006D6572007274785F69646C65005254580F
:10A4B0002056352E352E33000000000073A401080D
:10A4C0000B000000AC3500241C000000010000005F
:10A4D000E803000005000000142E00241000000016
:10A4E000000000000000000000000000000000006C
:10A4F000000000000000000000000000000000005C
:10A50000000000000000000000000000000000004B
:10A51000000000000000000000000000000000003B
:10A520000010000038AA010874AA0108BD0801083B
:10A53000D5E100085CAA0108040000000102040043
:10A540002900000000500052D22700003B0000000C
:10A5500000500052D2270000580000000050005266
:10A56000D22B0000FFFF0000FFFFFFFF00000000F4
:10A570002A00000000500052D22700003C000000DA
:10A5800000500052D2270000590000000050005235
:10A59000D22B0000FFFF0000FFFFFFFF00000000C4
:10A5A0004200000000500052D22700005700000077
:10A5B00000500052D2270000FFFF0000FFFFFFFF06
:10A5C000000000000100000000500052D2270000EF
:10A5D0003D00000000500052D2270000560000004D
:10A5E00000500052D2270000FFFF0000FFFFFFFFD6
:10A5F000000000001200000000500052D2270000AE
:10A600005A00000000500052D2270000FFFF000057
:10A61000FFFFFFFF00000000160000000050005286
:10A62000D22B00001A00000000500052D227000078
:10A630006600000000500052D22B0000FFFF000017
:10A64000FFFFFFFF0000000001000000004C004081
:10A65000D22300000300000000440040D21F00008D
:10A660000800000000780040D22F00000A0000001F
:10A6700000100140D21F00000A010000000C005829
:10A68000D20F00000B000000004C0040D21B000065
:10A690001300000000780040D22F000015000000D9
:10A6A00000500040D23B00001700000000100140A5
:10A6B000D21F000017010000000C0058D223000038
:10A6C00018000000004C0040D22300001B000000D6
:10A6D00000480040D21F00001C0000000050004055
:10A6E000D23B00001F00000000100140D213000008
:10A6F0002700000000140140D21F00002B000000C2
:10A7000000480040D21F00002B010000004C004018
:10A71000D223000030000000004C0040D223000093
:10A720003200000000500040D2230000360000003C
:10A7300000440040D21F00003900000000480040E3
:10A74000D21F000040000000007C0040D223000027
:10A750004700000000780040D21F000056000000B3
:10A7600000780040D21F0000690000000014014082
:10A77000D21F00007E000000004C0040D2230000E9
:10A7800089000000004C0040D22300009900000026
:10A79000007C0040D2230000FFFF0000FFFFFFFF0E
:10A7A0000000000000000000004C0040D223000028
:10A7B0000200000000440040D21F00000900000019
:10A7C00000100140D21F000009010000000C0058D9
:10A7D000D20F00000C000000004C0040D21B000013
:10A7E0000F00000000780040D22F0000140000008D
:10A7F00000780040D22F0000160000000010014039
:10A80000D21F00001601000000500040D23B0000A3
:10A8100016020000000C0058D223000019000000AE
:10A82000004C0040D22300001A0000000048004005
:10A83000D21F00001D00000000500040D23B00006D
:10A840001E00000000100140D2130000260000008E
:10A8500000140140D21F00002A0000000048004000
:10A86000D21F00002A010000004C0040D22300004B
:10A870002C00000000500040D223000031000000F6
:10A88000004C0040D223000035000000004400408E
:10A89000D21F00003800000000480040D21F000016
:10A8A00041000000007C0040D2230000480000006E
:10A8B00000780040D21F00005700000000780040E0
:10A8C000D21F00006E00000000140140D21F0000E3
:10A8D0007D000000004C0040D223000098000000E2
:10A8E000007C0040D2230000FFFF0000FFFFFFFFBD
:10A8F0000000000000000000000000001BC700086E
:10A9000097D9000815E100081DC700085BC70008BB
:10A910004DC700084DC7000851C70008E1C900082D
:10A92000D7C9000855C70008D1C90008FDC90008EB
:10A93000A3C900089DC900089DC90008DDE0000802
:10A94000EDC90008000000000000000081070108B8
:10A950009507010809080108590701084DC70008B3
:10A9600041FC0008C106010801040108D52C0108BA
:10A9700059C600080BC70008C7D90008AFD900089E
:10A98000FBC60008F5C60008692C0108092C01085F
:10A990005FC60008EDC600080000000000000000CF
:10A9A000D3E000080000000000000000570101088B
:10A9B00047010108EBC90008A3D900080000000006
:10A9C0000000000051E50008000000000000000049
:10A9D00041EF00082F737464657272002F73746402
:10A9E000696E002F7374646F7574003031323334C4
:10A9F00035363738396162636465663031323334F5
:10AA000035363738394142434445460014AA0108D7
:10AA1000682D002439670008D9070008212500089F
:10AA2000011500085D150008291500088925000892
:10AA3000E907000801000000A4A4010800000000CC
:10AA4000602F002444000000A82F00240003000011
:10AA500001000000010000000000000000000000F4
:10AA600000000000542E002434000000882E002432
:10AA7000500000009AA40108000000001C2F0024D0
:10AA800044000000A8320024000300002800000059
:10AA900001000000000000005344434152440041C3
:10AAA000726475696E6F20534100456E766965204A
:10AAB000483720426F6F746C6F6164657200726218
:10AAC000002F66732F5550444154452E42494E0085
:10AAD00040426F6F746C6F6164657220766572734B
:10AAE000696F6E202564202F307830303030303060
:10AAF00030302F302A344B670040496E7465726ED7
:10AB0000616C20466C6173682020202F30783038CB
:10AB10003030303030302F30312A3132384B612CE8
:10AB200031352A3132384B67004045787465726E92
:10AB3000616C20466C6173682020202F307839309A
:10AB40003030303030302F343039362A344B6700D3
:10AB500000000000000000004946010869460108A5
:10AB6000393C0108752F01084DC70008DD3901087F
:10AB7000A1370108ED350108D52C01089B2B0108F0
:10AB8000952B01088F2B0108CF2C0108C92C010837
:10AB9000792B0108692C0108092C0108A12B010857
:10ABA000712B0108814601087B4601080000000066
:10ABB0000000000059E200088BD9000899E3000862
:10ABC00065D9000875C5000821C50008CDC4000876
:10ABD00087C40008D52C010873C400085FC40008AE
:10ABE0004BC4000823C400080FC4000809C40008AF
:10ABF000692C0108092C0108A12B0108DDC30008FC
:10AC000003C40008F1C30008EDC30008E9C300084D
:10AC10000000000000000000000000000000000034
:10AC20000000000000000000000000000000000024
:10AC30000000000000000000000000000000000014
:10AC40000000000000000000000000000000000004
:10AC500000000000000000000000000000000000F4
:10AC600000000000000000000000000000000000E4
:10AC700000000000000000000000000000000000D4
:10AC800000000000000000000000000000000000C4
:10AC900000000000000000000000000000000000B4
:10ACA00000000000000000000000000000000000A4
:10ACB0000000000000000000000000000000000094
:10ACC0000000000000000000000000000000000084
:10ACD0000000000000000000000000000000000074
:10ACE0000000000000000000000000000000000064
:10ACF0000000000000000000000000000000000054
:10AD00000000000000000000000000000000000043
:10AD10000000000000000000000000000000000033
:10AD20000000000000000000000000000000000023
:10AD30000000000000000000000000000000000013
:10AD40000000000000000000000000000000000003
:10AD500000000000000000000000000000000000F3
:10AD600000000000000000000000000000000000E3
:10AD700000000000000000000000000000000000D3
:10AD800000000000000000000000000000000000C3
:10AD900000000000000000000000000000000000B3
:10ADA00000000000000000000000000000000000A3
:10ADB0000000000000000000000000000000000093
:10ADC0000000000000000000000000000000000083
:10ADD0000000000000000000000000000000000073
:10ADE0000000000000000000000000000000000063
:10ADF0000000000000000000000000000000000053
:10AE00000000000000000000000000000000000042
:10AE10000000000000000000000000000000000032
:10AE20000000000000000000000000000000000022
:10AE30000000000000000000000000000000000012
:10AE40000000000000000000000000000000000002
:10AE500000000000000000000000000000000000F2
:10AE600000000000000000000000000000000000E2
:10AE700000000000000000000000000000000000D2
:10AE800000000000000000000000000000000000C2
:10AE900000000000000000000000000000000000B2
:10AEA00000000000000000000000000000000000A2
:10AEB0000000000000000000000000000000000092
:10AEC0000000000000000000000000000000000082
:10AED0000000000000000000000000000000000072
:10AEE0000000000000000000000000000000000062
:10AEF0000000000000000000000000000000000052
:10AF00000000000000000000000000000000000041
:10AF10000000000000000000000000000000000031
:10AF20000000000000000000000000000000000021
:10AF30000000000000000000000000000000000011
:10AF40000000000000000000000000000000000001
:10AF500000000000000000000000000000000000F1
:10AF600000000000000000000000000000000000E1
:10AF700000000000000000000000000000000000D1
:10AF800000000000000000000000000000000000C1
:10AF900000000000000000000000000000000000B1
:10AFA00000000000000000000000000000000000A1
:10AFB0000000000000000000000000000000000091
:10AFC0000000000000000000000000000000000081
:10AFD0000000000000000000000000000000000071
:10AFE0000000000000000000000000000000000061
:10AFF0000000000000000000000000000000000051
:10B000000000000000000000000000000000000040
:10B010000000000000000000000000000000000030
:10B020000000000000000000000000000000000020
:10B030000000000000000000000000000000000010
:10B040000000000000000000000000000000000000
:10B0500000000000000000000000000000000000F0
:10B0600000000000000000000000000000000000E0
:10B0700000000000000000000000000000000000D0
:10B0800000000000000000000000000000000000C0
:10B0900000000000000000000000000000000000B0
:10B0A00000000000000000000000000000000000A0
:10B0B0000000000000000000000000000000000090
:10B0C0000000000000000000000000000000000080
:10B0D0000000000000000000000000000000000070
:10B0E0000000000000000000000000000000000060
:10B0F0000000000000000000000000000000000050
:10B10000000000000000000000000000000000003F
:10B11000000000000000000000000000000000002F
:10B12000000000000000000000000000000000001F
:10B13000000000000000000000000000000000000F
:10B1400000000000000000000000000000000000FF
:10B1500000000000000000000000000000000000EF
:10B1600000000000000000000000000000000000DF
:10B1700000000000000000000000000000000000CF
:10B1800000000000000000000000000000000000BF
:10B1900000000000000000000000000000000000AF
:10B1A000000000000000000000000000000000009F
:10B1B000000000000000000000000000000000008F
:10B1C000000000000000000000000000000000007F
:10B1D000000000000000000000000000000000006F
:10B1E000000000000000000000000000000000005F
:10B1F000000000000000000000000000000000004F
:10B20000000000000000000000000000000000003E
:10B21000000000000000000000000000000000002E
:10B22000000000000000000000000000000000001E
:10B23000000000000000000000000000000000000E
:10B2400000000000000000000000000000000000FE
:10B2500000000000000000000000000000000000EE
:10B2600000000000000000000000000000000000DE
:10B2700000000000000000000000000000000000CE
:10B2800000000000000000000000000000000000BE
:10B2900000000000000000000000000000000000AE
:10B2A000000000000000000000000000000000009E
:10B2B000000000000000000000000000000000008E
:10B2C000000000000000000000000000000000007E
:10B2D000000000000000000000000000000000006E
:10B2E000000000000000000000000000000000005E
:10B2F000000000000000000000000000000000004E
:10B30000000000000000000000000000000000003D
:10B31000000000000000000000000000000000002D
:10B32000000000000000000000000000000000001D
:10B33000000000000000000000000000000000000D
:10B3400000000000000000000000000000000000FD
:10B3500000000000000000000000000000000000ED
:10B3600000000000000000000000000000000000DD
:10B3700000000000000000000000000000000000CD
:10B3800000000000000000000000000000000000BD
:10B3900000000000000000000000000000000000AD
:10B3A000000000000000000000000000000000009D
:10B3B000000000000000000000000000000000008D
:10B3C000000000000000000000000000000000007D
:10B3D000000000000000000000000000000000006D
:10B3E000000000000000000000000000000000005D
:10B3F000000000000000000000000000000000004D
:10B40000000000000000000000000000000000003C
:10B41000000000000000000000000000000000002C
:10B42000000000000000000000000000000000001C
:10B43000000000000000000000000000000000000C
:10B4400000000000000000000000000000000000FC
:10B4500000000000000000000000000000000000EC
:10B4600000000000000000000000000000000000DC
:10B4700000000000000000000000000000000000CC
:10B4800000000000000000000000000000000000BC
:10B4900000000000000000000000000000000000AC
:10B4A000000000000000000000000000000000009C
:10B4B000000000000000000000000000000000008C
:10B4C000000000000000000000000000000000007C
:10B4D000000000000000000000000000000000006C
:10B4E000000000000000000000000000000000005C
:10B4F000000000000000000000000000000000004C
:10B50000000000000000000000000000000000003B
:10B51000000000000000000000000000000000002B
:10B52000000000000000000000000000000000001B
:10B53000000000000000000000000000000000000B
:10B5400000000000000000000000000000000000FB
:10B5500000000000000000000000000000000000EB
:10B5600000000000000000000000000000000000DB
:10B5700000000000000000000000000000000000CB
:10B5800000000000000000000000000000000000BB
:10B5900000000000000000000000000000000000AB
:10B5A000000000000000000000000000000000009B
:10B5B000000000000000000000000000000000008B
:10B5C000000000000000000000000000000000007B
:10B5D000000000000000000000000000000000006B
:10B5E000000000000000000000000000000000005B
:10B5F000000000000000000000000000000000004B
:10B60000000000000000000000000000000000003A
:10B61000000000000000000000000000000000002A
:10B62000000000000000000000000000000000001A
:10B63000000000000000000000000000000000000A
:10B6400000000000000000000000000000000000FA
:10B6500000000000000000000000000000000000EA
:10B6600000000000000000000000000000000000DA
:10B6700000000000000000000000000000000000CA
:10B6800000000000000000000000000000000000BA
:10B6900000000000000000000000000000000000AA
:10B6A000000000000000000000000000000000009A
:10B6B000000000000000000000000000000000008A
:10B6C000000000000000000000000000000000007A
:10B6D000000000000000000000000000000000006A
:10B6E000000000000000000000000000000000005A
:10B6F000000000000000000000000000000000004A
:10B700000000000000000000000000000000000039
:10B710000000000000000000000000000000000029
:10B720000000000000000000000000000000000019
:10B730000000000000000000000000000000000009
:10B7400000000000000000000000000000000000F9
:10B7500000000000000000000000000000000000E9
:10B7600000000000000000000000000000000000D9
:10B7700000000000000000000000000000000000C9
:10B7800000000000000000000000000000000000B9
:10B7900000000000000000000000000000000000A9
:10B7A0000000000000000000000000000000000099
:10B7B0000000000000000000000000000000000089
:10B7C0000000000000000000000000000000000079
:10B7D0000000000000000000000000000000000069
:10B7E0000000000000000000000000000000000059
:10B7F0000000000000000000000000000000000049
:10B800000000000000000000000000000000000038
:10B810000000000000000000000000000000000028
:10B820000000000000000000000000000000000018
:10B830000000000000000000000000000000000008
:10B8400000000000000000000000000000000000F8
:10B8500000000000000000000000000000000000E8
:10B8600000000000000000000000000000000000D8
:10B8700000000000000000000000000000000000C8
:10B8800000000000000000000000000000000000B8
:10B8900000000000000000000000000000000000A8
:10B8A0000000000000000000000000000000000098
:10B8B0000000000000000000000000000000000088
:10B8C0000000000000000000000000000000000078
:10B8D0000000000000000000000000000000000068
:10B8E0000000000000000000000000000000000058
:10B8F0000000000000000000000000000000000048
:10B900000000000000000000000000000000000037
:10B910000000000000000000000000000000000027
:10B920000000000000000000000000000000000017
:10B930000000000000000000000000000000000007
:10B9400000000000000000000000000000000000F7
:10B9500000000000000000000000000000000000E7
:10B9600000000000000000000000000000000000D7
:10B9700000000000000000000000000000000000C7
:10B9800000000000000000000000000000000000B7
:10B9900000000000000000000000000000000000A7
:10B9A0000000000000000000000000000000000097
:10B9B0000000000000000000000000000000000087
:10B9C0000000000000000000000000000000000077
:10B9D0000000000000000000000000000000000067
:10B9E0000000000000000000000000000000000057
:10B9F0000000000000000000000000000000000047
:10BA00000000000000000000000000000000000036
:10BA10000000000000000000000000000000000026
:10BA20000000000000000000000000000000000016
:10BA30000000000000000000000000000000000006
:10BA400000000000000000000000000000000000F6
:10BA500000000000000000000000000000000000E6
:10BA600000000000000000000000000000000000D6
:10BA700000000000000000000000000000000000C6
:10BA800000000000000000000000000000000000B6
:10BA900000000000000000000000000000000000A6
:10BAA0000000000000000000000000000000000096
:10BAB0000000000000000000000000000000000086
:10BAC0000000000000000000000000000000000076
:10BAD0000000000000000000000000000000000066
:10BAE0000000000000000000000000000000000056
:10BAF0000000000000000000000000000000000046
:10BB00000000000000000000000000000000000035
:10BB10000000000000000000000000000000000025
:10BB20000000000000000000000000000000000015
:10BB30000000000000000000000000000000000005
:10BB400000000000000000000000000000000000F5
:10BB500000000000000000000000000000000000E5
:10BB600000000000000000000000000000000000D5
:10BB700000000000000000000000000000000000C5
:10BB800000000000000000000000000000000000B5
:10BB900000000000000000000000000000000000A5
:10BBA0000000000000000000000000000000000095
:10BBB0000000000000000000000000000000000085
:10BBC0000000000000000000000000000000000075
:10BBD0000000000000000000000000000000000065
:10BBE0000000000000000000000000000000000055
:10BBF0000000000000000000000000000000000045
:10BC00000000000000000000000000000000000034
:10BC10000000000000000000000000000000000024
:10BC20000000000000000000000000000000000014
:10BC30000000000000000000000000000000000004
:10BC400000000000000000000000000000000000F4
:10BC500000000000000000000000000000000000E4
:10BC600000000000000000000000000000000000D4
:10BC700000000000000000000000000000000000C4
:10BC800000000000000000000000000000000000B4
:10BC900000000000000000000000000000000000A4
:10BCA0000000000000000000000000000000000094
:10BCB0000000000000000000000000000000000084
:10BCC0000000000000000000000000000000000074
:10BCD0000000000000000000000000000000000064
:10BCE0000000000000000000000000000000000054
:10BCF0000000000000000000000000000000000044
:10BD00000000000000000000000000000000000033
:10BD10000000000000000000000000000000000023
:10BD20000000000000000000000000000000000013
:10BD30000000000000000000000000000000000003
:10BD400000000000000000000000000000000000F3
:10BD500000000000000000000000000000000000E3
:10BD600000000000000000000000000000000000D3
:10BD700000000000000000000000000000000000C3
:10BD800000000000000000000000000000000000B3
:10BD900000000000000000000000000000000000A3
:10BDA0000000000000000000000000000000000093
:10BDB0000000000000000000000000000000000083
:10BDC0000000000000000000000000000000000073
:10BDD0000000000000000000000000000000000063
:10BDE0000000000000000000000000000000000053
:10BDF0000000000000000000000000000000000043
:10BE00000000000000000000000000000000000032
:10BE10000000000000000000000000000000000022
:10BE20000000000000000000000000000000000012
:10BE30000000000000000000000000000000000002
:10BE400000000000000000000000000000000000F2
:10BE500000000000000000000000000000000000E2
:10BE600000000000000000000000000000000000D2
:10BE700000000000000000000000000000000000C2
:10BE800000000000000000000000000000000000B2
:10BE900000000000000000000000000000000000A2
:10BEA0000000000000000000000000000000000092
:10BEB0000000000000000000000000000000000082
:10BEC0000000000000000000000000000000000072
:10BED0000000000000000000000000000000000062
:10BEE0000000000000000000000000000000000052
:10BEF0000000000000000000000000000000000042
:10BF00000000000000000000000000000000000031
:10BF10000000000000000000000000000000000021
:10BF20000000000000000000000000000000000011
:10BF30000000000000000000000000000000000001
:10BF400000000000000000000000000000000000F1
:10BF500000000000000000000000000000000000E1
:10BF600000000000000000000000000000000000D1
:10BF700000000000000000000000000000000000C1
:10BF800000000000000000000000000000000000B1
:10BF900000000000000000000000000000000000A1
:10BFA0000000000000000000000000000000000091
:10BFB0000000000000000000000000000000000081
:10BFC0000000000000000000000000000000000071
:10BFD0000000000000000000000000000000000061
:10BFE0000000000000000000000000000000000051
:10BFF0000000000000000000000000000000000041
:10C000000000000000000000000000000000000030
:10C010000000000000000000000000000000000020
:10C020000000000000000000000000000000000010
:10C030000000000000000000000000000000000000
:10C0400000000000000000000000000000000000F0
:10C0500000000000000000000000000000000000E0
:10C0600000000000000000000000000000000000D0
:10C0700000000000000000000000000000000000C0
:10C0800000000000000000000000000000000000B0
:10C0900000000000000000000000000000000000A0
:10C0A0000000000000000000000000000000000090
:10C0B0000000000000000000000000000000000080
:10C0C0000000000000000000000000000000000070
:10C0D0000000000000000000000000000000000060
:10C0E0000000000000000000000000000000000050
:10C0F0000000000000000000000000000000000040
:10C10000000000000000000000000000000000002F
:10C11000000000000000000000000000000000001F
:10C12000000000000000000000000000000000000F
:10C1300000000000000000000000000000000000FF
:10C1400000000000000000000000000000000000EF
:10C1500000000000000000000000000000000000DF
:10C1600000000000000000000000000000000000CF
:10C1700000000000000000000000000000000000BF
:10C1800000000000000000000000000000000000AF
:10C19000000000000000000000000000000000009F
:10C1A000000000000000000000000000000000008F
:10C1B000000000000000000000000000000000007F
:10C1C000000000000000000000000000000000006F
:10C1D000000000000000000000000000000000005F
:10C1E000000000000000000000000000000000004F
:10C1F000000000000000000000000000000000003F
:10C20000000000000000000000000000000000002E
:10C21000000000000000000000000000000000001E
:10C22000000000000000000000000000000000000E
:10C2300000000000000000000000000000000000FE
:10C2400000000000000000000000000000000000EE
:10C2500000000000000000000000000000000000DE
:10C2600000000000000000000000000000000000CE
:10C2700000000000000000000000000000000000BE
:10C2800000000000000000000000000000000000AE
:10C29000000000000000000000000000000000009E
:10C2A000000000000000000000000000000000008E
:10C2B000000000000000000000000000000000007E
:10C2C000000000000000000000000000000000006E
:10C2D000000000000000000000000000000000005E
:10C2E000000000000000000000000000000000004E
:10C2F000000000000000000000000000000000003E
:10C30000000000000000000000000000000000002D
:10C31000000000000000000000000000000000001D
:10C32000000000000000000000000000000000000D
:10C3300000000000000000000000000000000000FD
:10C3400000000000000000000000000000000000ED
:10C3500000000000000000000000000000000000DD
:10C3600000000000000000000000000000000000CD
:10C3700000000000000000000000000000000000BD
:10C3800000000000000000000000000000000000AD
:10C39000000000000000000000000000000000009D
:10C3A000000000000000000000000000000000008D
:10C3B000000000000000000000000000000000007D
:10C3C000000000000000000000000000000000006D
:10C3D000000000000000000000000000000000005D
:10C3E000000000000000000000000000000000004D
:10C3F000000000000000000000000000000000003D
:10C40000000000000000000000000000000000002C
:10C41000000000000000000000000000000000001C
:10C42000000000000000000000000000000000000C
:10C4300000000000000000000000000000000000FC
:10C4400000000000000000000000000000000000EC
:10C4500000000000000000000000000000000000DC
:10C4600000000000000000000000000000000000CC
:10C4700000000000000000000000000000000000BC
:10C4800000000000000000000000000000000000AC
:10C49000000000000000000000000000000000009C
:10C4A000000000000000000000000000000000008C
:10C4B000000000000000000000000000000000007C
:10C4C000000000000000000000000000000000006C
:10C4D000000000000000000000000000000000005C
:10C4E000000000000000000000000000000000004C
:10C4F000000000000000000000000000000000003C
:10C50000000000000000000000000000000000002B
:10C51000000000000000000000000000000000001B
:10C52000000000000000000000000000000000000B
:10C5300000000000000000000000000000000000FB
:10C5400000000000000000000000000000000000EB
:10C5500000000000000000000000000000000000DB
:10C5600000000000000000000000000000000000CB
:10C5700000000000000000000000000000000000BB
:10C5800000000000000000000000000000000000AB
:10C59000000000000000000000000000000000009B
:10C5A000000000000000000000000000000000008B
:10C5B000000000000000000000000000000000007B
:10C5C000000000000000000000000000000000006B
:10C5D000000000000000000000000000000000005B
:10C5E000000000000000000000000000000000004B
:10C5F000000000000000000000000000000000003B
:10C60000000000000000000000000000000000002A
:10C61000000000000000000000000000000000001A
:10C62000000000000000000000000000000000000A
:10C6300000000000000000000000000000000000FA
:10C6400000000000000000000000000000000000EA
:10C6500000000000000000000000000000000000DA
:10C6600000000000000000000000000000000000CA
:10C6700000000000000000000000000000000000BA
:10C6800000000000000000000000000000000000AA
:10C69000000000000000000000000000000000009A
:10C6A000000000000000000000000000000000008A
:10C6B000000000000000000000000000000000007A
:10C6C000000000000000000000000000000000006A
:10C6D000000000000000000000000000000000005A
:10C6E000000000000000000000000000000000004A
:10C6F000000000000000000000000000000000003A
:10C700000000000000000000000000000000000029
:10C710000000000000000000000000000000000019
:10C720000000000000000000000000000000000009
:10C7300000000000000000000000000000000000F9
:10C7400000000000000000000000000000000000E9
:10C7500000000000000000000000000000000000D9
:10C7600000000000000000000000000000000000C9
:10C7700000000000000000000000000000000000B9
:10C7800000000000000000000000000000000000A9
:10C790000000000000000000000000000000000099
:10C7A0000000000000000000000000000000000089
:10C7B0000000000000000000000000000000000079
:10C7C0000000000000000000000000000000000069
:10C7D0000000000000000000000000000000000059
:10C7E0000000000000000000000000000000000049
:10C7F0000000000000000000000000000000000039
:10C800000000000000000000000000000000000028
:10C810000000000000000000000000000000000018
:10C820000000000000000000000000000000000008
:10C8300000000000000000000000000000000000F8
:10C8400000000000000000000000000000000000E8
:10C8500000000000000000000000000000000000D8
:10C8600000000000000000000000000000000000C8
:10C8700000000000000000000000000000000000B8
:10C8800000000000000000000000000000000000A8
:10C890000000000000000000000000000000000098
:10C8A0000000000000000000000000000000000088
:10C8B0000000000000000000000000000000000078
:10C8C0000000000000000000000000000000000068
:10C8D0000000000000000000000000000000000058
:10C8E0000000000000000000000000000000000048
:10C8F0000000000000000000000000000000000038
:10C900000000000000000000000000000000000027
:10C910000000000000000000000000000000000017
:10C920000000000000000000000000000000000007
:10C9300000000000000000000000000000000000F7
:10C9400000000000000000000000000000000000E7
:10C9500000000000000000000000000000000000D7
:10C9600000000000000000000000000000000000C7
:10C9700000000000000000000000000000000000B7
:10C9800000000000000000000000000000000000A7
:10C990000000000000000000000000000000000097
:10C9A0000000000000000000000000000000000087
:10C9B0000000000000000000000000000000000077
:10C9C0000000000000000000000000000000000067
:10C9D0000000000000000000000000000000000057
:10C9E0000000000000000000000000000000000047
:10C9F0000000000000000000000000000000000037
:10CA00000000000000000000000000000000000026
:10CA10000000000000000000000000000000000016
:10CA20000000000000000000000000000000000006
:10CA300000000000000000000000000000000000F6
:10CA400000000000000000000000000000000000E6
:10CA500000000000000000000000000000000000D6
:10CA600000000000000000000000000000000000C6
:10CA700000000000000000000000000000000000B6
:10CA800000000000000000000000000000000000A6
:10CA90000000000000000000000000000000000096
:10CAA0000000000000000000000000000000000086
:10CAB0000000000000000000000000000000000076
:10CAC0000000000000000000000000000000000066
:10CAD0000000000000000000000000000000000056
:10CAE0000000000000000000000000000000000046
:10CAF0000000000000000000000000000000000036
:10CB00000000000000000000000000000000000025
:10CB10000000000000000000000000000000000015
:10CB20000000000000000000000000000000000005
:10CB300000000000000000000000000000000000F5
:10CB400000000000000000000000000000000000E5
:10CB500000000000000000000000000000000000D5
:10CB600000000000000000000000000000000000C5
:10CB700000000000000000000000000000000000B5
:10CB800000000000000000000000000000000000A5
:10CB90000000000000000000000000000000000095
:10CBA0000000000000000000000000000000000085
:10CBB0000000000000000000000000000000000075
:10CBC0000000000000000000000000000000000065
:10CBD0000000000000000000000000000000000055
:10CBE0000000000000000000000000000000000045
:10CBF0000000000000000000000000000000000035
:10CC00000000000000000000000000000000000024
:10CC10000000000000000000000000000000000014
:10CC20000000000000000000000000000000000004
:10CC300000000000000000000000000000000000F4
:10CC400000000000000000000000000000000000E4
:10CC500000000000000000000000000000000000D4
:10CC600000000000000000000000000000000000C4
:10CC700000000000000000000000000000000000B4
:10CC800000000000000000000000000000000000A4
:10CC90000000000000000000000000000000000094
:10CCA0000000000000000000000000000000000084
:10CCB0000000000000000000000000000000000074
:10CCC0000000000000000000000000000000000064
:10CCD0000000000000000000000000000000000054
:10CCE0000000000000000000000000000000000044
:10CCF0000000000000000000000000000000000034
:10CD00000000000000000000000000000000000023
:10CD10000000000000000000000000000000000013
:10CD20000000000000000000000000000000000003
:10CD300000000000000000000000000000000000F3
:10CD400000000000000000000000000000000000E3
:10CD500000000000000000000000000000000000D3
:10CD600000000000000000000000000000000000C3
:10CD700000000000000000000000000000000000B3
:10CD800000000000000000000000000000000000A3
:10CD90000000000000000000000000000000000093
:10CDA0000000000000000000000000000000000083
:10CDB0000000000000000000000000000000000073
:10CDC0000000000000000000000000000000000063
:10CDD0000000000000000000000000000000000053
:10CDE0000000000000000000000000000000000043
:10CDF0000000000000000000000000000000000033
:10CE00000000000000000000000000000000000022
:10CE10000000000000000000000000000000000012
:10CE20000000000000000000000000000000000002
:10CE300000000000000000000000000000000000F2
:10CE400000000000000000000000000000000000E2
:10CE500000000000000000000000000000000000D2
:10CE600000000000000000000000000000000000C2
:10CE700000000000000000000000000000000000B2
:10CE800000000000000000000000000000000000A2
:10CE90000000000000000000000000000000000092
:10CEA0000000000000000000000000000000000082
:10CEB0000000000000000000000000000000000072
:10CEC0000000000000000000000000000000000062
:10CED0000000000000000000000000000000000052
:10CEE0000000000000000000000000000000000042
:10CEF0000000000000000000000000000000000032
:10CF00000000000000000000000000000000000021
:10CF10000000000000000000000000000000000011
:10CF20000000000000000000000000000000000001
:10CF300000000000000000000000000000000000F1
:10CF400000000000000000000000000000000000E1
:10CF500000000000000000000000000000000000D1
:10CF600000000000000000000000000000000000C1
:10CF700000000000000000000000000000000000B1
:10CF800000000000000000000000000000000000A1
:10CF90000000000000000000000000000000000091
:10CFA0000000000000000000000000000000000081
:10CFB0000000000000000000000000000000000071
:10CFC0000000000000000000000000000000000061
:10CFD0000000000000000000000000000000000051
:10CFE0000000000000000000000000000000000041
:10CFF0000000000000000000000000000000000031
:10D000000000000000000000000000000000000020
:10D010000000000000000000000000000000000010
:10D020000000000000000000000000000000000000
:10D0300000000000000000000000000000000000F0
:10D0400000000000000000000000000000000000E0
:10D0500000000000000000000000000000000000D0
:10D0600000000000000000000000000000000000C0
:10D0700000000000000000000000000000000000B0
:10D0800000000000000000000000000000000000A0
:10D090000000000000000000000000000000000090
:10D0A0000000000000000000000000000000000080
:10D0B0000000000000000000000000000000000070
:10D0C0000000000000000000000000000000000060
:10D0D0000000000000000000000000000000000050
:10D0E0000000000000000000000000000000000040
:10D0F0000000000000000000000000000000000030
:10D10000000000000000000000000000000000001F
:10D11000000000000000000000000000000000000F
:10D1200000000000000000000000000000000000FF
:10D1300000000000000000000000000000000000EF
:10D1400000000000000000000000000000000000DF
:10D1500000000000000000000000000000000000CF
:10D1600000000000000000000000000000000000BF
:10D1700000000000000000000000000000000000AF
:10D18000000000000000000000000000000000009F
:10D19000000000000000000000000000000000008F
:10D1A000000000000000000000000000000000007F
:10D1B000000000000000000000000000000000006F
:10D1C000000000000000000000000000000000005F
:10D1D000000000000000000000000000000000004F
:10D1E000000000000000000000000000000000003F
:10D1F000000000000000000000000000000000002F
:10D20000000000000000000000000000000000001E
:10D21000000000000000000000000000000000000E
:10D2200000000000000000000000000000000000FE
:10D2300000000000000000000000000000000000EE
:10D2400000000000000000000000000000000000DE
:10D2500000000000000000000000000000000000CE
:10D2600000000000000000000000000000000000BE
:10D2700000000000000000000000000000000000AE
:10D28000000000000000000000000000000000009E
:10D29000000000000000000000000000000000008E
:10D2A000000000000000000000000000000000007E
:10D2B000000000000000000000000000000000006E
:10D2C000000000000000000000000000000000005E
:10D2D000000000000000000000000000000000004E
:10D2E000000000000000000000000000000000003E
:10D2F000000000000000000000000000000000002E
:10D30000000000000000000000000000000000001D
:10D31000000000000000000000000000000000000D
:10D3200000000000000000000000000000000000FD
:10D3300000000000000000000000000000000000ED
:10D3400000000000000000000000000000000000DD
:10D3500000000000000000000000000000000000CD
:10D3600000000000000000000000000000000000BD
:10D3700000000000000000000000000000000000AD
:10D38000000000000000000000000000000000009D
:10D39000000000000000000000000000000000008D
:10D3A000000000000000000000000000000000007D
:10D3B000000000000000000000000000000000006D
:10D3C000000000000000000000000000000000005D
:10D3D000000000000000000000000000000000004D
:10D3E000000000000000000000000000000000003D
:10D3F000000000000000000000000000000000002D
:10D40000000000000000000000000000000000001C
:10D41000000000000000000000000000000000000C
:10D4200000000000000000000000000000000000FC
:10D4300000000000000000000000000000000000EC
:10D4400000000000000000000000000000000000DC
:10D4500000000000000000000000000000000000CC
:10D4600000000000000000000000000000000000BC
:10D4700000000000000000000000000000000000AC
:10D48000000000000000000000000000000000009C
:10D49000000000000000000000000000000000008C
:10D4A000000000000000000000000000000000007C
:10D4B000000000000000000000000000000000006C
:10D4C000000000000000000000000000000000005C
:10D4D000000000000000000000000000000000004C
:10D4E000000000000000000000000000000000003C
:10D4F000000000000000000000000000000000002C
:10D50000000000000000000000000000000000001B
:10D51000000000000000000000000000000000000B
:10D5200000000000000000000000000000000000FB
:10D5300000000000000000000000000000000000EB
:10D5400000000000000000000000000000000000DB
:10D5500000000000000000000000000000000000CB
:10D5600000000000000000000000000000000000BB
:10D5700000000000000000000000000000000000AB
:10D58000000000000000000000000000000000009B
:10D59000000000000000000000000000000000008B
:10D5A000000000000000000000000000000000007B
:10D5B000000000000000000000000000000000006B
:10D5C000000000000000000000000000000000005B
:10D5D000000000000000000000000000000000004B
:10D5E000000000000000000000000000000000003B
:10D5F000000000000000000000000000000000002B
:10D60000000000000000000000000000000000001A
:10D61000000000000000000000000000000000000A
:10D6200000000000000000000000000000000000FA
:10D6300000000000000000000000000000000000EA
:10D6400000000000000000000000000000000000DA
:10D6500000000000000000000000000000000000CA
:10D6600000000000000000000000000000000000BA
:10D6700000000000000000000000000000000000AA
:10D68000000000000000000000000000000000009A
:10D69000000000000000000000000000000000008A
:10D6A000000000000000000000000000000000007A
:10D6B000000000000000000000000000000000006A
:10D6C000000000000000000000000000000000005A
:10D6D000000000000000000000000000000000004A
:10D6E000000000000000000000000000000000003A
:10D6F000000000000000000000000000000000002A
:10D700000000000000000000000000000000000019
:10D710000000000000000000000000000000000009
:10D7200000000000000000000000000000000000F9
:10D7300000000000000000000000000000000000E9
:10D7400000000000000000000000000000000000D9
:10D7500000000000000000000000000000000000C9
:10D7600000000000000000000000000000000000B9
:10D7700000000000000000000000000000000000A9
:10D780000000000000000000000000000000000099
:10D790000000000000000000000000000000000089
:10D7A0000000000000000000000000000000000079
:10D7B0000000000000000000000000000000000069
:10D7C0000000000000000000000000000000000059
:10D7D0000000000000000000000000000000000049
:10D7E0000000000000000000000000000000000039
:10D7F0000000000000000000000000000000000029
:10D800000000000000000000000000000000000018
:10D810000000000000000000000000000000000008
:10D8200000000000000000000000000000000000F8
:10D8300000000000000000000000000000000000E8
:10D8400000000000000000000000000000000000D8
:10D8500000000000000000000000000000000000C8
:10D8600000000000000000000000000000000000B8
:10D8700000000000000000000000000000000000A8
:10D880000000000000000000000000000000000098
:10D890000000000000000000000000000000000088
:10D8A0000000000000000000000000000000000078
:10D8B0000000000000000000000000000000000068
:10D8C0000000000000000000000000000000000058
:10D8D0000000000000000000000000000000000048
:10D8E0000000000000000000000000000000000038
:10D8F0000000000000000000000000000000000028
:10D900000000000000000000000000000000000017
:10D910000000000000000000000000000000000007
:10D9200000000000000000000000000000000000F7
:10D9300000000000000000000000000000000000E7
:10D9400000000000000000000000000000000000D7
:10D9500000000000000000000000000000000000C7
:10D9600000000000000000000000000000000000B7
:10D9700000000000000000000000000000000000A7
:10D980000000000000000000000000000000000097
:10D990000000000000000000000000000000000087
:10D9A0000000000000000000000000000000000077
:10D9B0000000000000000000000000000000000067
:10D9C0000000000000000000000000000000000057
:10D9D0000000000000000000000000000000000047
:10D9E0000000000000000000000000000000000037
:10D9F0000000000000000000000000000000000027
:10DA00000000000000000000000000000000000016
:10DA10000000000000000000000000000000000006
:10DA200000000000000000000000000000000000F6
:10DA300000000000000000000000000000000000E6
:10DA400000000000000000000000000000000000D6
:10DA500000000000000000000000000000000000C6
:10DA600000000000000000000000000000000000B6
:10DA700000000000000000000000000000000000A6
:10DA80000000000000000000000000000000000096
:10DA90000000000000000000000000000000000086
:10DAA0000000000000000000000000000000000076
:10DAB0000000000000000000000000000000000066
:10DAC0000000000000000000000000000000000056
:10DAD0000000000000000000000000000000000046
:10DAE0000000000000000000000000000000000036
:10DAF0000000000000000000000000000000000026
:10DB00000000000000000000000000000000000015
:10DB10000000000000000000000000000000000005
:10DB200000000000000000000000000000000000F5
:10DB300000000000000000000000000000000000E5
:10DB400000000000000000000000000000000000D5
:10DB500000000000000000000000000000000000C5
:10DB600000000000000000000000000000000000B5
:10DB700000000000000000000000000000000000A5
:10DB80000000000000000000000000000000000095
:10DB90000000000000000000000000000000000085
:10DBA0000000000000000000000000000000000075
:10DBB0000000000000000000000000000000000065
:10DBC0000000000000000000000000000000000055
:10DBD0000000000000000000000000000000000045
:10DBE0000000000000000000000000000000000035
:10DBF0000000000000000000000000000000000025
:10DC00000000000000000000000000000000000014
:10DC10000000000000000000000000000000000004
:10DC200000000000000000000000000000000000F4
:10DC300000000000000000000000000000000000E4
:10DC400000000000000000000000000000000000D4
:10DC500000000000000000000000000000000000C4
:10DC600000000000000000000000000000000000B4
:10DC700000000000000000000000000000000000A4
:10DC80000000000000000000000000000000000094
:10DC90000000000000000000000000000000000084
:10DCA0000000000000000000000000000000000074
:10DCB0000000000000000000000000000000000064
:10DCC0000000000000000000000000000000000054
:10DCD0000000000000000000000000000000000044
:10DCE0000000000000000000000000000000000034
:10DCF0000000000000000000000000000000000024
:10DD00000000000000000000000000000000000013
:10DD10000000000000000000000000000000000003
:10DD200000000000000000000000000000000000F3
:10DD300000000000000000000000000000000000E3
:10DD400000000000000000000000000000000000D3
:10DD500000000000000000000000000000000000C3
:10DD600000000000000000000000000000000000B3
:10DD700000000000000000000000000000000000A3
:10DD80000000000000000000000000000000000093
:10DD90000000000000000000000000000000000083
:10DDA0000000000000000000000000000000000073
:10DDB0000000000000000000000000000000000063
:10DDC0000000000000000000000000000000000053
:10DDD0000000000000000000000000000000000043
:10DDE0000000000000000000000000000000000033
:10DDF0000000000000000000000000000000000023
:10DE00000000000000000000000000000000000012
:10DE10000000000000000000000000000000000002
:10DE200000000000000000000000000000000000F2
:10DE300000000000000000000000000000000000E2
:10DE400000000000000000000000000000000000D2
:10DE500000000000000000000000000000000000C2
:10DE600000000000000000000000000000000000B2
:10DE700000000000000000000000000000000000A2
:10DE80000000000000000000000000000000000092
:10DE90000000000000000000000000000000000082
:10DEA0000000000000000000000000000000000072
:10DEB0000000000000000000000000000000000062
:10DEC0000000000000000000000000000000000052
:10DED0000000000000000000000000000000000042
:10DEE0000000000000000000000000000000000032
:10DEF0000000000000000000000000000000000022
:10DF00000000000000000000000000000000000011
:10DF10000000000000000000000000000000000001
:10DF200000000000000000000000000000000000F1
:10DF300000000000000000000000000000000000E1
:10DF400000000000000000000000000000000000D1
:10DF500000000000000000000000000000000000C1
:10DF600000000000000000000000000000000000B1
:10DF700000000000000000000000000000000000A1
:10DF80000000000000000000000000000000000091
:10DF90000000000000000000000000000000000081
:10DFA0000000000000000000000000000000000071
:10DFB0000000000000000000000000000000000061
:10DFC0000000000000000000000000000000000051
:10DFD0000000000000000000000000000000000041
:10DFE0000000000000000000000000000000000031
:10DFF0000000000000000000000000000000000021
:10E000000000000000000000000000000000000010
:10E010000000000000000000000000000000000000
:10E0200000000000000000000000000000000000F0
:10E0300000000000000000000000000000000000E0
:10E0400000000000000000000000000000000000D0
:10E0500000000000000000000000000000000000C0
:10E0600000000000000000000000000000000000B0
:10E0700000000000000000000000000000000000A0
:10E080000000000000000000000000000000000090
:10E090000000000000000000000000000000000080
:10E0A0000000000000000000000000000000000070
:10E0B0000000000000000000000000000000000060
:10E0C0000000000000000000000000000000000050
:10E0D0000000000000000000000000000000000040
:10E0E0000000000000000000000000000000000030
:10E0F0000000000000000000000000000000000020
:10E10000000000000000000000000000000000000F
:10E1100000000000000000000000000000000000FF
:10E1200000000000000000000000000000000000EF
:10E1300000000000000000000000000000000000DF
:10E1400000000000000000000000000000000000CF
:10E1500000000000000000000000000000000000BF
:10E1600000000000000000000000000000000000AF
:10E17000000000000000000000000000000000009F
:10E18000000000000000000000000000000000008F
:10E19000000000000000000000000000000000007F
:10E1A000000000000000000000000000000000006F
:10E1B000000000000000000000000000000000005F
:10E1C000000000000000000000000000000000004F
:10E1D000000000000000000000000000000000003F
:10E1E000000000000000000000000000000000002F
:10E1F000000000000000000000000000000000001F
:10E20000000000000000000000000000000000000E
:10E2100000000000000000000000000000000000FE
:10E2200000000000000000000000000000000000EE
:10E2300000000000000000000000000000000000DE
:10E2400000000000000000000000000000000000CE
:10E2500000000000000000000000000000000000BE
:10E2600000000000000000000000000000000000AE
:10E27000000000000000000000000000000000009E
:10E28000000000000000000000000000000000008E
:10E29000000000000000000000000000000000007E
:10E2A000000000000000000000000000000000006E
:10E2B000000000000000000000000000000000005E
:10E2C000000000000000000000000000000000004E
:10E2D000000000000000000000000000000000003E
:10E2E000000000000000000000000000000000002E
:10E2F000000000000000000000000000000000001E
:10E30000000000000000000000000000000000000D
:10E3100000000000000000000000000000000000FD
:10E3200000000000000000000000000000000000ED
:10E3300000000000000000000000000000000000DD
:10E3400000000000000000000000000000000000CD
:10E3500000000000000000000000000000000000BD
:10E3600000000000000000000000000000000000AD
:10E37000000000000000000000000000000000009D
:10E38000000000000000000000000000000000008D
:10E39000000000000000000000000000000000007D
:10E3A000000000000000000000000000000000006D
:10E3B000000000000000000000000000000000005D
:10E3C000000000000000000000000000000000004D
:10E3D000000000000000000000000000000000003D
:10E3E000000000000000000000000000000000002D
:10E3F000000000000000000000000000000000001D
:10E40000000000000000000000000000000000000C
:10E4100000000000000000000000000000000000FC
:10E4200000000000000000000000000000000000EC
:10E4300000000000000000000000000000000000DC
:10E4400000000000000000000000000000000000CC
:10E4500000000000000000000000000000000000BC
:10E4600000000000000000000000000000000000AC
:10E47000000000000000000000000000000000009C
:10E48000000000000000000000000000000000008C
:10E49000000000000000000000000000000000007C
:10E4A000000000000000000000000000000000006C
:10E4B000000000000000000000000000000000005C
:10E4C000000000000000000000000000000000004C
:10E4D000000000000000000000000000000000003C
:10E4E000000000000000000000000000000000002C
:10E4F000000000000000000000000000000000001C
:10E50000000000000000000000000000000000000B
:10E5100000000000000000000000000000000000FB
:10E5200000000000000000000000000000000000EB
:10E5300000000000000000000000000000000000DB
:10E5400000000000000000000000000000000000CB
:10E5500000000000000000000000000000000000BB
:10E5600000000000000000000000000000000000AB
:10E57000000000000000000000000000000000009B
:10E58000000000000000000000000000000000008B
:10E59000000000000000000000000000000000007B
:10E5A000000000000000000000000000000000006B
:10E5B000000000000000000000000000000000005B
:10E5C000000000000000000000000000000000004B
:10E5D000000000000000000000000000000000003B
:10E5E000000000000000000000000000000000002B
:10E5F000000000000000000000000000000000001B
:10E60000000000000000000000000000000000000A
:10E6100000000000000000000000000000000000FA
:10E6200000000000000000000000000000000000EA
:10E6300000000000000000000000000000000000DA
:10E6400000000000000000000000000000000000CA
:10E6500000000000000000000000000000000000BA
:10E6600000000000000000000000000000000000AA
:10E67000000000000000000000000000000000009A
:10E68000000000000000000000000000000000008A
:10E69000000000000000000000000000000000007A
:10E6A000000000000000000000000000000000006A
:10E6B000000000000000000000000000000000005A
:10E6C000000000000000000000000000000000004A
:10E6D000000000000000000000000000000000003A
:10E6E000000000000000000000000000000000002A
:10E6F000000000000000000000000000000000001A
:10E700000000000000000000000000000000000009
:10E7100000000000000000000000000000000000F9
:10E7200000000000000000000000000000000000E9
:10E7300000000000000000000000000000000000D9
:10E7400000000000000000000000000000000000C9
:10E7500000000000000000000000000000000000B9
:10E7600000000000000000000000000000000000A9
:10E770000000000000000000000000000000000099
:10E780000000000000000000000000000000000089
:10E790000000000000000000000000000000000079
:10E7A0000000000000000000000000000000000069
:10E7B0000000000000000000000000000000000059
:10E7C0000000000000000000000000000000000049
:10E7D0000000000000000000000000000000000039
:10E7E0000000000000000000000000000000000029
:10E7F0000000000000000000000000000000000019
:10E800000000000000000000000000000000000008
:10E8100000000000000000000000000000000000F8
:10E8200000000000000000000000000000000000E8
:10E8300000000000000000000000000000000000D8
:10E8400000000000000000000000000000000000C8
:10E8500000000000000000000000000000000000B8
:10E8600000000000000000000000000000000000A8
:10E870000000000000000000000000000000000098
:10E880000000000000000000000000000000000088
:10E890000000000000000000000000000000000078
:10E8A0000000000000000000000000000000000068
:10E8B0000000000000000000000000000000000058
:10E8C0000000000000000000000000000000000048
:10E8D0000000000000000000000000000000000038
:10E8E0000000000000000000000000000000000028
:10E8F0000000000000000000000000000000000018
:10E900000000000000000000000000000000000007
:10E9100000000000000000000000000000000000F7
:10E9200000000000000000000000000000000000E7
:10E9300000000000000000000000000000000000D7
:10E9400000000000000000000000000000000000C7
:10E9500000000000000000000000000000000000B7
:10E9600000000000000000000000000000000000A7
:10E970000000000000000000000000000000000097
:10E980000000000000000000000000000000000087
:10E990000000000000000000000000000000000077
:10E9A0000000000000000000000000000000000067
:10E9B0000000000000000000000000000000000057
:10E9C0000000000000000000000000000000000047
:10E9D0000000000000000000000000000000000037
:10E9E0000000000000000000000000000000000027
:10E9F0000000000000000000000000000000000017
:10EA00000000000000000000000000000000000006
:10EA100000000000000000000000000000000000F6
:10EA200000000000000000000000000000000000E6
:10EA300000000000000000000000000000000000D6
:10EA400000000000000000000000000000000000C6
:10EA500000000000000000000000000000000000B6
:10EA600000000000000000000000000000000000A6
:10EA70000000000000000000000000000000000096
:10EA80000000000000000000000000000000000086
:10EA90000000000000000000000000000000000076
:10EAA0000000000000000000000000000000000066
:10EAB0000000000000000000000000000000000056
:10EAC0000000000000000000000000000000000046
:10EAD0000000000000000000000000000000000036
:10EAE0000000000000000000000000000000000026
:10EAF0000000000000000000000000000000000016
:10EB00000000000000000000000000000000000005
:10EB100000000000000000000000000000000000F5
:10EB200000000000000000000000000000000000E5
:10EB300000000000000000000000000000000000D5
:10EB400000000000000000000000000000000000C5
:10EB500000000000000000000000000000000000B5
:10EB600000000000000000000000000000000000A5
:10EB70000000000000000000000000000000000095
:10EB80000000000000000000000000000000000085
:10EB90000000000000000000000000000000000075
:10EBA0000000000000000000000000000000000065
:10EBB0000000000000000000000000000000000055
:10EBC0000000000000000000000000000000000045
:10EBD0000000000000000000000000000000000035
:10EBE0000000000000000000000000000000000025
:10EBF0000000000000000000000000000000000015
:10EC00000000000000000000000000000000000004
:10EC100000000000000000000000000000000000F4
:10EC200000000000000000000000000000000000E4
:10EC300000000000000000000000000000000000D4
:10EC400000000000000000000000000000000000C4
:10EC500000000000000000000000000000000000B4
:10EC600000000000000000000000000000000000A4
:10EC70000000000000000000000000000000000094
:10EC80000000000000000000000000000000000084
:10EC90000000000000000000000000000000000074
:10ECA0000000000000000000000000000000000064
:10ECB0000000000000000000000000000000000054
:10ECC0000000000000000000000000000000000044
:10ECD0000000000000000000000000000000000034
:10ECE0000000000000000000000000000000000024
:10ECF0000000000000000000000000000000000014
:10ED00000000000000000000000000000000000003
:10ED100000000000000000000000000000000000F3
:10ED200000000000000000000000000000000000E3
:10ED300000000000000000000000000000000000D3
:10ED400000000000000000000000000000000000C3
:10ED500000000000000000000000000000000000B3
:10ED600000000000000000000000000000000000A3
:10ED70000000000000000000000000000000000093
:10ED80000000000000000000000000000000000083
:10ED90000000000000000000000000000000000073
:10EDA0000000000000000000000000000000000063
:10EDB0000000000000000000000000000000000053
:10EDC0000000000000000000000000000000000043
:10EDD0000000000000000000000000000000000033
:10EDE0000000000000000000000000000000000023
:10EDF0000000000000000000000000000000000013
:10EE00000000000000000000000000000000000002
:10EE100000000000000000000000000000000000F2
:10EE200000000000000000000000000000000000E2
:10EE300000000000000000000000000000000000D2
:10EE400000000000000000000000000000000000C2
:10EE500000000000000000000000000000000000B2
:10EE600000000000000000000000000000000000A2
:10EE70000000000000000000000000000000000092
:10EE80000000000000000000000000000000000082
:10EE90000000000000000000000000000000000072
:10EEA0000000000000000000000000000000000062
:10EEB0000000000000000000000000000000000052
:10EEC0000000000000000000000000000000000042
:10EED0000000000000000000000000000000000032
:10EEE0000000000000000000000000000000000022
:10EEF0000000000000000000000000000000000012
:10EF00000000000000000000000000000000000001
:10EF100000000000000000000000000000000000F1
:10EF200000000000000000000000000000000000E1
:10EF300000000000000000000000000000000000D1
:10EF400000000000000000000000000000000000C1
:10EF500000000000000000000000000000000000B1
:10EF600000000000000000000000000000000000A1
:10EF70000000000000000000000000000000000091
:10EF80000000000000000000000000000000000081
:10EF90000000000000000000000000000000000071
:10EFA0000000000000000000000000000000000061
:10EFB0000000000000000000000000000000000051
:10EFC0000000000000000000000000000000000041
:10EFD0000000000000000000000000000000000031
:10EFE0000000000000000000000000000000000021
:10EFF0000000000000000000000000000000000011
:10F00000A01808010101081001011900202020208A
:10F0100020202020202828282828202020202020C8
:10F0200020202020202020202020202088101010A8
:10F030001010101010101010101010100404040400
:10F040000404040404041010101010101041414175
:10F0500041414101010101010101010101010101E0
:10F060000101010101010110101010101042424273
:10F0700042424202020202020202020202020202B0
:10F080000202020202020210101010200000000012
:10F090000000000000000000000000000000000070
:10F0A0000000000000000000000000000000000060
:10F0B0000000000000000000000000000000000050
:10F0C0000000000000000000000000000000000040
:10F0D0000000000000000000000000000000000030
:10F0E0000000000000000000000000000000000020
:10F0F0000000000000000000000000000000000010
:10F1000000000000000000000000000000000000FF
:10F1100000000000000000000000000000000000EF
:10F1200000000000000000000000000000000000DF
:10F1300000000000000000000000000000000000CF
:10F1400000000000000000000000000000000000BF
:10F1500000000000000000000000000000000000AF
:10F16000000000000000000000000000F802002481
:10F170005245454E54206D616C6C6F63207375630E
:10F18000636565646564002F6D6E742F776F726BB5
:10F1900073706163652F776F726B73706163652F36
:10F1A0004743432D392D706970656C696E652F6A10
:10F1B000656E6B696E732D4743432D392D706970F1
:10F1C000656C696E652D3230305F323032303035EB
:10F1D00032315F313539303035333337342F737254
:10F1E000632F6E65776C69622F6E65776C69622F2D
:10F1F0006C6962632F74696D652F6C636C74696DE3
:10F20000652E63001F0000001C0000001F000000AE
:10F210001E0000001F0000001E0000001F00000074
:10F220001F0000001E0000001F0000001E00000064
:10F230001F0000001F0000001D0000001F00000054
:10F240001E0000001F0000001E0000001F00000044
:10F250001F0000001E0000001F0000001E00000034
:10F260001F000000545A00474D54002531305B5EAA
:10F27000302D392C2B2D5D256E004D256875256EA2
:10F280002E256875256E2E256875256E002F25683C
:10F2900075256E3A256875256E3A256875256E00C8
:10F2A0002C2066756E6374696F6E3A20006173730B
:10F2B000657274696F6E2022257322206661696C05
:10F2C00065643A2066696C6520222573222C206CC7
:10F2D000696E65202564257325730A00232D302B64
:10F2E0002000686C4C006566674546470030313247
:10F2F000333435363738394142434445460030319E
:10F300003233343536373839616263646566002BD1
:10F310002D00303000785800412D46612D66383977
:10F3200030313233343536375D0000000FF30108D9
:10F3300012F3010815F30108000000009C0FFE7F86
:10F34000010000000090D003320300000000000024
:10F3500000000000000000000000000000000000AD
:10F36000000000000000000000000000000000009D
:10F37000000000000000000000000000FFFFFFFF91
:10F38000FFFFFFFFFFFFFFFF000000000000000085
:10F39000000000000000000000000000000000006D
:10F3A000000000000000000000000000000000005D
:10F3B000000000000000000000000000000000004D
:10F3C000000000000000000000000000000000003D
:10F3D000000000000000000000000000000000002D
:10F3E000000000000000000000000000000000001D
:10F3F000000000000000000000000000000000000D
:10F4000000000000000000000000000000000000FC
:10F4100000000000000000000000000000000000EC
:10F4200000000000000000000000000000000000DC
:10F4300000000000000000000000000000000000CC
:10F4400000000000000000000000000000000000BC
:10F4500000000000000000000000000000000000AC
:10F46000000000000000000000000000000000009C
:10F47000000000000000000000000000B03E00247A
:10F48000ADA40108D3B3FB0200000000000000009F
:10F49000000000000000000000000000000000006C
:10F4A000000000000000000000000000000000005C
:10F4B000000000000000000000000000000000004C
:10F4C000000000000000000000000000000000003C
:10F4D000000000000000000000000000000000002C
:10F4E000000000000000000000000000000000001C
:10F4F000000000000000000000000000000000000C
:10F5000000000000000000000000000000000000FB
:10F5100000000000000000000000000000000000EB
:10F5200000000000B12A0108A52A0108F5470108DA
:10F530000D48010825D900083DE2000821E2000835
:10F540003D350108AF35010845300108D9330108C0
:10F550005D2B01084D2B0108512B0108612B01087F
:10F56000592B0108552B0108652B0108652B010853
:10F57000652B0108412B0108D1470108F9AA0108B0
:10F5800029AB0108DC35002449F30008F91601080D
:10F59000E91901085D1B0108BD170108F5D800082D
:10F5A000120100020000004041235B03000201023F
:10F5B00003010000040309040100000009026F00B8
:10F5C000030102C0FA0904000000FE01020609045A
:10F5D000000100FE0102070904000200FE0102080A
:10F5E00009210BFF0000101A01080B0102020201A1
:10F5F00000090401000102020100052400100105B8
:10F6000024010002042402020524060102070583E6
:10F610000308000909040200020A000000070502AD
:10F620000200020007058202000200000A06000232
:10F630000000004001000114F80200240000000056
:10F640002CF101084CF101080CF101080000000048
:10F6500000000000000000000000000000000000AA
:10F66000000000000000000000000000000000009A
:10F67000000000000000000000000000000000008A
:10F68000000000000000000000000000000000007A
:10F6900000000000000000000000000067F2010808
:10F6A00067F2010801000000000000004A000000AD
:10F6B000000000000000000000000000000000004A
:10F6C000000000000000000000000000000000003A
:10F6D000000000004A0000000000000000000000E0
:10F6E000000000000000000000000000000000001A
:10F6F000000000000000000000000000483E002460
:10F7000000000000BD020008291A00089902000844
:04F7100000000000F5
:020000040804EE
:100000000000082475800508C1800508B5BC0408F7
:10001000BBBC0408C1BC0408C7BC04080000000045
:10002000000000000000000000000000BD3C0408CB
:10003000C180050800000000573D0408673D040822
:10004000C1800508C1800508C1800508C180050878
:10005000C1800508C1800508C1800508C180050868
:10006000C1800508C1800508C1800508C180050858
:10007000C1800508C1800508C1800508C180050848
:10008000C1800508C1800508C1800508798F050871
:10009000898F0508858F0508958F0508C18005089B
:1000A000C1800508C1800508C1800508C180050818
:1000B000C1800508C1800508C1800508C180050808
:1000C000C1800508C1800508C1800508C1800508F8
:1000D000C1800508C1800508C1800508C1800508E8
:1000E000C1800508C180050800000000C180050826
:1000F000C1800508C1800508C1800508C1800508C8
:10010000C1800508017E0508C1800508C180050879
:10011000C1800508C1800508C1800508C1800508A7
:10012000C1800508C1800508C1800508C180050897
:10013000C1800508F76B0408C1800508C180050867
:10014000C1800508C1800508000000000000000013
:10015000C1800508C1800508C1800508C180050867
:10016000C1800508C1800508C1800508C180050857
:10017000C1800508C1800508C18005080000000095
:10018000C1800508C1800508C1800508C180050837
:10019000C1800508C1800508C1800508C180050827
:1001A000C1800508C1800508C1800508C180050817
:1001B000C1800508C1800508C1800508C180050807
:1001C000C1800508C1800508C1800508C1800508F7
:1001D000C1800508C1800508C1800508C1800508E7
:1001E000C1800508C1800508C1800508C1800508D7
:1001F000C1800508C1800508C1800508C1800508C7
:10020000C1800508C1800508C1800508C1800508B6
:10021000C1800508C1800508C1800508C1800508A6
:10022000C1800508C1800508C1800508C180050896
:10023000C180050871800508C1800508C1800508D6
:10024000C1800508C1800508C1800508C180050876
:10025000C1800508C1800508C1800508C180050866
:10026000C1800508C1800508C1800508C180050856
:10027000C1800508C1800508C1800508C180050846
:10028000C1800508C1800508C18005080000000084
:10029000C1800508C180050810B5054C237833B925
:1002A000044B13B10448AFF300800123237010BD49
:1002B000601800240000000034B7060808B5034B9E
:1002C0001BB103490348AFF3008008BD00000000E4
:1002D0006418002434B70608154B002B08BF134BD5
:1002E0009D46A3F5803A00218B460F461348144AD9
:1002F000121A20F06DFC0F4B002B00D098470E4BCC
:10030000002B00D098470020002104000D000D486C
:10031000002802D00C480CF087FB1FF05BFF200088
:10032000290005F0DFFE0CF093FD00BF000008007F
:100330000000082400000000416004086018002448
:10034000D014012429CA04080000000030B501447B
:100350004FF6FF7341F22105884212D010F8014B8D
:10036000082283EA042414F4004F4FEA440302F104
:10037000FF3218BF6B4012F0FF029BB21C46F2D155
:10038000EAE7184630BD013900230144184611F848
:10039000012F9A400833202B40EA0200F7D1704722
:1003A00001390023084422FA03F10833202B00F816
:1003B000011FF8D170470000F0B51D4689B01E4BF3
:1003C000174604460A46009301230E468DF80500A1
:1003D000062168468DF80430FFF7E2FF3A460A210D
:1003E0006846FFF7DDFF2A460E216846FFF7D8FF73
:1003F00005F1320212213A4422443244D2B20DF8BD
:100400000120013111321E29D2B2F8D16846FFF71E
:100410009DFF8DF81E0000128DF81F004FF4FA604A
:1004200003F012FB20226946044801F03FFD034817
:1004300001F075FC09B0F0BD5554544CF819002476
:1004400070B54FF4E1313A4801F08CFE384D03F0BD
:10045000DBFA40F6C3160446284601F0BDFC40B95D
:1004600003F0D2FA001BB04203D80A2003F0EAFAE4
:10047000F2E7692003F09AFA0021C0B203F0AAFB68
:10048000692003F093FA0121C0B203F01FFB692039
:1004900003F08CFA0021C0B203F09CFB0A2003F0A9
:1004A00085FA0121C0B203F095FB0A2003F07EFA21
:1004B0000121C0B203F00AFB0A2003F077FA012100
:1004C000C0B203F087FB8A2003F070FA0121C0B2AA
:1004D00003F080FB8A2003F069FA0121C0B203F027
:1004E000F5FA8D2003F062FA0021C0B203F072FB2E
:1004F0008D2003F05BFA0121C0B203F0E7FA05207A
:1005000003F0A2FA40F213424FF41651094801F0E9
:10051000E0FB03F079FA084B08491860044803F03F
:10052000E9F907490248BDE8704003F0E3B900BFAC
:100530001C300024F8190024D0180024F45F0608A9
:10054000516006082DE9F04F804C89B0804E30464E
:1005500001F022FD002800F01F81304601F08EFDE1
:100560006368C5B201336360E36A202B06D1794921
:100570001F22481E20F0C8FA1F23E362E36A5A1CB8
:100580002344202AE2621D73E1D104227249734898
:1005900020F0EEF90028DAD1237C012B40F0968080
:1005A000657C6B1E042B00F291801E216B48FFF7C7
:1005B000CDFE94F82B2094F82A3043EA022383429C
:1005C00040F0848006216548FFF7DDFE07460A21DA
:1005D0006248FFF7D8FE07440E216048FFB2FFF7DC
:1005E000D2FE5F4A3D442844C0B200F132030238D3
:1005F000DBB2C0B212F8011F994267D11133DBB2EE
:100600008342F7D1554E6D460FCE0FC596E80F00C9
:1006100085E80F00002306216846524DE362A36877
:100620000133A360FFF7AFFE0A2107466846FFF7D4
:10063000AAFE0E2106466846FFF7A5FE2A788246E6
:10064000012A47D19DF805B0BBF1020F42D1DFF876
:100650003091D9F80020BA423CD143490968B142EF
:1006600038D1524536D1DFF81C8103F0CDF9D8F8E6
:100670000020801AB0F5FA7F2CD23C4A3C4913681E
:100680003C480133136003F028F90A22D9F800101E
:10069000384803F056F93849364803F01EF903F09C
:1006A000B3F9D8F800100A22411A324803F058F979
:1006B000D9F80030002203201946FFF77DFE03F031
:1006C000A3F985F800B0C8F800003FE723680133BC
:1006D00023603CE72A78022A04D0284A13680133B1
:1006E000136033E79DF80520042AF6D1244A1268E6
:1006F0005245F2D103F088F9224A1268801AB0F507
:10070000FA7FEAD22049534605200A6801320A607E
:1007100032463946FFF750FE00231C4915482B701E
:1007200003F0DBF80A223946124803F00AF91849A7
:10073000104803F0D2F831460A220E4803F001F9BE
:1007400014490C4803F0D6F800E700BF94180024C1
:10075000F8190024A11800244C5E0608A0180024F3
:10076000B118002484180024D81800247C18002410
:10077000515E06081C300024835E06088818002499
:10078000901800248C180024C4180024935E0608D6
:10079000BD5E0608C75E06085B4C03F035F90546EA
:1007A0002278C2B1594B1B68C31AB3F5FA7F12D332
:1007B000012A40F0A380564A56491368013313605A
:1007C000554803F08AF8554B0A225348196803F03C
:1007D000C7F8002323702378002B32D1DFF88C81F7
:1007E000D8F80030EB1AB3F57A7F2AD34B4E03F0DA
:1007F0000BF94B4F0246336838600120013319462C
:100800003360FFF7D9FD03F0FFF8404B454A18600D
:100810000123C8F8000023701368434901333E48A0
:10082000136003F05AF80A2231683B4803F089F854
:100830003E49394803F051F80A223968364803F036
:100840008FF83B4A42F20F711368EB1A8B424FD973
:1008500038493148156003F040F8324B0A222E48DF
:10086000196803F06EF834492B4803F036F8334B1F
:100870000A222948196803F064F83149264803F030
:100880002CF8304B0A222448196803F05AF82E49F4
:10089000214803F022F81E4B0A221F48196803F072
:1008A00050F82A491C4803F018F8294B0A22294C11
:1008B0001968194803F045F82749174803F00DF85F
:1008C0000A226168144803F03CF82449124803F0F6
:1008D00004F80A222168104803F033F820490E4832
:1008E00002F0FBFF1F4B0A220B48196803F038F88F
:1008F000012003F0A7F809B0BDE8F08F144A1A49A7
:100900001368013313605BE7841800248C180024FB
:10091000C8180024D45E06081C3000249018002457
:10092000D818002480180024385F06085F5F060886
:10093000D41800246D5F0608875F06087C18002421
:100940009D5F0608C4180024A75F0608BA5F060862
:10095000CC18002494180024CF5F0608DA5F06083C
:10096000E65F060888180024045F0608D0180024F3
:10097000704710B504461C300AF092F9204610BDAD
:1009800010B504460AF08CF9204610BD10B5044697
:100990006C3007F0EBFA04F1480007F0E7FA04F1D5
:1009A000240007F0E3FA204607F0E0FA204610BDE5
:1009B00038B504460D461C22002120F009F92046D6
:1009C00029460AF0E9F9204638BD000038B504464A
:1009D0003421FFF7EDFF352104F11C00254DFFF711
:1009E000E7FF432104F13800FFF7E2FF632104F140
:1009F0005400FFF7DDFF372104F17000FFF7D8FF47
:100A0000762104F18C00FFF7D3FF972104F1A800B1
:100A1000FFF7CEFF7F2104F1C400FFF7C9FF7A2161
:100A200004F1E000FFF7C4FF042104F1FC00FFF72C
:100A3000BFFF082104F58C70FFF7BAFF262104F5EB
:100A40009A70FFF7B5FF2A4640F6230104F5A87017
:100A500006F01EFF2A4640F6220104F5E07006F07B
:100A600017FF2A4640F6010104F50C7006F010FF4E
:100A7000204638BD0000C07F10B504461221FFF7A4
:100A800097FF862104F11C00FFF792FF792104F102
:100A90003800FFF78DFF992104F15400FFF788FF1C
:100AA000422104F17000FFF783FF832104F18C00E1
:100AB000FFF77EFF822104F1A800FFF779FF3321C1
:100AC00004F1C400FFF774FF0E2104F1E000FFF70A
:100AD0006FFF204610BD10B50446A43007F096F90C
:100AE00004F1540007F092F9201D07F08FF9204619
:100AF00010BD10B5044600F58470FFF7ECFF2046EA
:100B0000FFF7E9FF204610BD10B5044600F59C70C4
:100B100006F04CFF204610BD2DE9F3414FF47A73E7
:100B2000002504464FF48072C561294604F59C7681
:100B3000058404F52677C0E90153224B0360202386
:100B4000C0E905358923283020F8063C4FF6FF73AD
:100B500020F8043C20F8023C20F03AF8C4F8285170
:100B600084F834517D22C4F82C511821C4F8305136
:100B7000304606F0BDFE284602F018FF05468D20DF
:100B800002F014FF80468A2002F010FF00904346D6
:100B90002A462146384600F0DDFB04F533731C225B
:100BA0000021184620F014F800220D210AF0DEF88A
:100BB00004E0304606F0FAFE1CF0C6FE204602B005
:100BC000BDE8F081F461060837B506214F4800F012
:100BD000D7F84F4A07214F4800F034FA36214E48E3
:100BE000FFF7E6FE84214D48FFF7E2FE6A214C48FC
:100BF000FFF7DEFE2F214B48FFF7DAFE4A48FFF7EA
:100C00008BFF4A4A4A4948480BF00CFF4948FFF716
:100C1000DDFE464A484947480BF004FF9B21474800
:100C200007F086F9A121464807F082F96721454877
:100C300007F07EF92721444807F07AF900240125BE
:100C40003A4A42493D480BF0EDFE7B237C22982135
:100C50003F48CDE9004500F04DF99A2387222D2128
:100C60003C48CDE9004500F045F90CE0354807F077
:100C70007DF9334807F07AF9304807F077F91CF02E
:100C800063FEF6E7F8E7294A334931480BF0CAFE1C
:100C90003248FFF7F1FE324800F004FA314800F024
:100CA00001FA7E213048FFF783FE304800F0C8F992
:100CB0001C2200212D481FF08BFF012219212B48F7
:100CC0000AF052F8194A2A4928480BF0ABFE1C22B8
:100CD000002128481FF07CFF00221E2125480AF031
:100CE00045F81C22002124481FF072FF1F212248D2
:100CF0000AF037F80D4A21491E4803B0BDE83040DC
:100D00000BF090BE1248FFF7E6FEB8E76C1900241E
:100D1000242300247419002488190024A419002411
:100D2000C0190024DC190024F81900240000002454
:100D3000090B04086420002471090408DC1800244D
:100D40000019002424190024481900248D090408DE
:100D5000541E00245C1F0024F30A0408381D0024DC
:100D6000E01C0024341E0024381E0024E41C00244F
:100D700081090408001D00241C1D002473090408B7
:100D8000014A01804260704724230024044B054A35
:100D90001A6001221A715A7100229A71704700BFBD
:100DA0000423002440420F007047D0F8043101337F
:100DB000C0F80431704738B50446043006F0F8FF37
:100DC000054604F1540006F0F3FF237840EA45009D
:100DD000C4F8FC003BB903281ED1D4F8003101331C
:100DE000C4F8003107E0012B18D1D4F8F830032BF8
:100DF00004D10028F1D0C4F8F80038BD13B9032895
:100E0000F9D1EAE7022B05D10128F4D1D4F8003159
:100E1000013BE5E7012BEED10228F6E7022BEAD1F0
:100E2000D4F8F83080EA0302032AE4D09842E2D0F2
:100E300083EA6003D4F8002113F0010308BF4FF0E8
:100E4000FF33D31ACCE70B6803604B6843608B68B1
:100E500083607047C3680BB19B681847704710B533
:100E60000446FFF7F7FF204610BD10B4D0E9003468
:100E700009686210E4075DF8044B01EB020044BF0F
:100E80008A58D35818470146043008B5FFF7EDFFDC
:100E900008BD0000034A0346C26007C983E8070093
:100EA000704700BF9460060810B586B004460391F1
:100EB000684606A980E80C0001E90C00204603A959
:100EC000FFF7E8FF204606B010BD37B56C46054673
:100ED00084E80C0094E80C00FFF7E6FF284603B016
:100EE00030BD08B5FFF7CFFF08BD08B5FFF7F9FF24
:100EF00008BD00002DE9F0470446061D8EB01546DA
:100F000004F1540730469A469DF85C9006F058FF6D
:100F10002946384606F054FF04F1A40851464046DD
:100F200006F04EFF002384F800903046C4F80031EC
:100F3000C4F80431169BC4F8F43006F039FF0546B6
:100F4000384606F035FF002340EA45003A4D214679
:100F500001936B460095C4E93E000CCB0AA8FFF74D
:100F6000B4FF0AA9304606F06FFF0AA8FFF777FF23
:100F7000B9F1000F32D00023029521460AA803934D
:100F800002AB0CCBFFF7A1FF0AA9304606F079FFB0
:100F90000AA8FFF764FFB9F1020F1FD100230495DF
:100FA00021460AA8059304AB0CCBFFF78EFF0AA9D4
:100FB000384606F049FF0AA8FFF751FF00230695BF
:100FC0002146079306AB0AA80CCBFFF77EFF0AA9C0
:100FD000384606F056FF0AA8FFF741FFBAF1FF3F77
:100FE00010D0164B21460AA808930023099308AB9A
:100FF0000CCBFFF76AFF0AA9404606F025FF0AA8B6
:10100000FFF72DFF20460EB0BDE8F0870AA8FFF7D6
:1010100026FF404606F0FAFE384606F0F7FE304658
:1010200006F0F4FE1CF090FCF0E7EFE7EEE7EDE7EA
:10103000EFE7F1E7F3E700BFB70D0408AB0D0408D5
:1010400070470000C0E90112054A012110B5C260D5
:101050000022044C027404604174827410BD00BF0D
:1010600000093D0066660640074B0121074A597496
:101070001A6007225A60064A9A60064ADA6000221D
:101080001A749A74704700BF0C23002466660640E9
:101090002423002400093D00014800F003B800BFEC
:1010A0002023002422230370704710B5C36886B044
:1010B00001228DF80F100DF10F01186803680092DE
:1010C000DC680DF11703A0479DF8170006B010BDAE
:1010D000F8B5427A044603680E46CFB29B680D0A03
:1010E00062B939469847236860F3070629469B682A
:1010F0002046984760F30F26B0B2F8BD29469847BE
:10110000236860F30F2639469B682046984760F3B2
:101110000706F1E7C36813B5186803680092DC6836
:101120000B46A04702B010BD704770477047C368B8
:1011300010B5044653B1186840B103685B6898471E
:101140000421E0680BF0F4FE0023E36010BD10B54D
:10115000044618210BF0ECFE204610BD436873B521
:1011600099426D4604460E4685E8060005D1826820
:10117000019B534033F07F4311D0E36808219DF871
:101180000420186807F033F9E3683146186807F05F
:101190004CF90098A988AA7960602181A27202B0F6
:1011A00070BD73B5C568044625B904200BF08CFEEC
:1011B000E0600560E3681B6883B94FF0FF36742078
:1011C0000BF082FEB4F91430B4F910200546B4F9DE
:1011D0001210009607F010FAE3681D6002B070BDAF
:1011E000742128460BF0A4FE1CF0AEFB38B50A2093
:1011F00002F0F0FB0546082002F0ECFB0446092053
:1012000002F0E8FB094B0A4A0121988218461A604D
:10121000002259725A601A729A72DA601D825C82D8
:10122000044A0549BDE838400BF0FCBB24230024E8
:10123000A8600608000000242D1104080020704753
:101240000268322313B50093946A40F21342A04718
:1012500002B010BD13B5046800931346A46A40F2AF
:101260001342A04702B010BD13B5322304680093A7
:10127000A46AA04702B010BD006903681B69184743
:10128000006903689B691847006903685B69184730
:1012900000690368DB6818470120704770B5044691
:1012A0000D4616460499C5622286026A002A08BFC6
:1012B0001A46436A002B18BF1946026241628069D0
:1012C000002807DB0121C0B202F000FC0021207ED3
:1012D00002F080FCE069002807DB0121C0B202F0C7
:1012E000F5FB0121207F02F075FC002320693246C6
:1012F000294684F828300368BDE870401B6A184707
:1013000010B50446006903685B6A9847A069002825
:1013100007DB0021C0B202F05DFC0021207E02F05C
:10132000D5FBE069002809DB0021C0B202F052FCC5
:10133000207F0021BDE8104002F0C8BB10BD03466D
:1013400090F8280018B1186903681B681847012233
:101350005A60704770B500254FF47A768361049B1C
:10136000456280F82850C0E90156034EC0E90412D6
:101370000660C0E9073570BDE46006080A4B00222C
:101380004FF47A7101205A6283F82820C3E90121C1
:1013900006491960064919611521C3E9050114219F
:1013A000C3E90712704700BF3C230024E46006082D
:1013B000742C00240368C9B21B6818474900002335
:1013C000C161C0F82C327047036801211B6B1847BC
:1013D00010B403689C6B0123A4465DF8044B60477E
:1013E000D0F82C32B3F5807F1FBF5A1CC0F82C22D6
:1013F000C01880F82C1114BF0120002070477047DE
:10140000C0F830127047C0F834127047D0F8283155
:101410002BB1D0F82431184490F8200070474FF0D9
:10142000FF30704738B5036804465B6A9847FC2074
:101430000BF04AFDB4F91A20B4F91810054606F06D
:1014400039FC656138BDFC2128460BF071FD1CF0AC
:101450007BFA38B5D0F82C321446054600F5967064
:101460001A441844B2F5807F88BFC3F580742246C1
:101470001FF0B0FAD5F82C3220462344C5F82C32A0
:1014800038BD38B5044640690D4608B106F02BFB5F
:10149000206920B12946BDE8384006F063BC38BD5C
:1014A00007B581F0010100F596720091D0F82C3259
:1014B000C169406906F02AFB002814BF0220002001
:1014C00003B05DF804FB10B504460AF0CBFED4F877
:1014D00028410AF0DDFE204610BD10B504460AF092
:1014E000C1FED4F82831BBB1D4F82831A3B1D4F867
:1014F0002431234493F82000D4F824310133DBB2A3
:10150000C4F82431D4F82831013BC4F8283104460A
:101510000AF0BEFE204610BD4FF0FF34F8E710B5CC
:101520000446406920B10368DB6898470023636183
:1015300023699BB1D4F838020BF0C1FFD4F838020C
:101540000CF021F8D4F8380210B103685B689847B2
:101550009C2120690BF0ECFC0023236110BD70B5C9
:10156000B2F5807FC2B083F00103044628BF4FF478
:10157000807202AE00934900154613464069324618
:1015800006F0E3FAC8B9A84218D0D4F82831B3F568
:10159000807F10D0D4F82031325C234483F820209F
:1015A000D4F820310133DBB2C4F82031D4F828312B
:1015B0000133C4F828310130E5E70025284642B060
:1015C00070BD70B50446C0B00025206906F0D3FB9D
:1015D0000328FAD8DFE800F05F021E1ED4F8343288
:1015E00003B19847D4F82C32002BEED00AF03AFE23
:1015F00094F82C6204F59671684632461FF0EAF9B9
:10160000C4F82C520AF044FE32466946206906F0BE
:10161000B6FBDAE7F0226946206906F0AEFB064623
:101620000AF020FE0022C4F82051C4F82451C4F866
:101630002851B2421DDAD4F82831B3F5807F18D092
:10164000D4F82831B3F5807F11D0D4F820311DF8BB
:101650000210234483F82010D4F820310133DBB288
:10166000C4F82031D4F828310133C4F828310132CC
:10167000DFE70AF00DFE236820461B699847002823
:10168000A3DDD4F83062002E9FD0236820461B696A
:101690009847B04799E702F0E7F996E70022C26061
:1016A0007047000038B500254FF47A730446018373
:1016B000428329464FF48072C0E901530A4BC0E9C6
:1016C0000455036020301FF083FAC4F82051C4F899
:1016D0002C522046C4F82451C4F83052C4F8285182
:1016E000C4F8345238BD00BF3861060810B504464E
:1016F0000021FFF7D3FF204610BD10B4D0E900341D
:1017000009686210E4075DF8044B01EB020044BF76
:101710008A58D35818470146043008B5FFF7EDFF43
:1017200008BD0000034A0346C26007C983E80700FA
:10173000704700BF1861060810B586B004460391D3
:10174000684606A980E80C0001E90C00204603A9C0
:10175000FFF7E8FF204606B010BD37B56C460546DA
:1017600084E80C0094E80C00FFF7E6FF284603B07D
:1017700030BD00002DE9F0410368054688B00E46F3
:101780005B6A98479C200BF09FFBB5F91A20B5F9CE
:101790001810044606F0CCFA710020462C6106F0C1
:1017A000E3FABC200BF090FB04460646234B04F101
:1017B000400746F8043B3046FFF798FF00213846C3
:1017C0000BF0F8FD04F1540840460BF091FD1C4B62
:1017D0004FF4006218212046009300230BF064FEB2
:1017E000184B294604A8C5F83842029300230393F6
:1017F00002AB0CCBFFF7B1FF04A920460BF0FEFEB5
:1018000010E040460BF0B4FD38460BF0FCFD3046CE
:10181000FFF725FBBC2120460BF08AFB1CF094F857
:10182000F2E7F4E704A8FFF71AFB08B0BDE8F0817F
:101830009C21F0E704A8FFF712FBEFE748800608B9
:1018400024610608C315040808B5FFF764FF08BD46
:1018500008B5FFF7F9FF08BD10B50B2002F0BAF884
:1018600004460C2002F0B6F8214602460748FFF76E
:1018700019FF162217210648FFF714FF7B227C214F
:101880000448BDE81040FFF70DBF00BF70230024DF
:10189000AC250024E8270024002070470020704772
:1018A00030B5A1F11004002500F00F02CD7302390C
:1018B0000009D3B2092ACCBF373330330B748C42C2
:1018C000F2D130BD2DE9FF470024061D05468A46AA
:1018D00090469946009423464FF0FF32B12130469E
:1018E000CDE9014406F0A6FC29682846DDE90C2371
:1018F000CDE9002342464F694B465146B847009414
:1019000023464FF0FF32C1213046CDE9014406F0B5
:1019100091FC204604B0BDE8F0872DE9D04F9B46EE
:101920000368924604469B6ADDE9088998470246A7
:101930000B46504659461CF0A9FB134302D0002029
:10194000BDE8D08F236820469B6A984702460B4625
:10195000404649461CF09AFB1343F0D11AEB0806A7
:10196000236820464BEB09079B6B9847B94208BF99
:10197000B0422CBF01200020E2E701682DE9F041D0
:1019800014461D46096B0646884702460B4620460C
:1019900029461CF07BFB134302D00020BDE8F081F8
:1019A000DDE906233046A71845EB030817F1FF329F
:1019B0003368196B48F1FF33884702460B463846B7
:1019C00041461CF063FB1343E7D1336830469B6B01
:1019D0009847414508BFB8422CBF01200020DDE7F1
:1019E0002DE9D04F9B460368924604465B6ADDE9C9
:1019F0000889984702460B46504659461CF046FB5C
:101A0000134302D00020BDE8D08F236820465B6AD4
:101A1000984702460B46404649461CF037FB1343A5
:101A2000F0D11AEB0806236820464BEB09079B6BA5
:101A30009847B94208BFB0422CBF01200020E2E71E
:101A4000C2207047244830B5037887B0BFF35B8F5E
:101A500013F001041CD10AF0F5FFC8B11F4B662238
:101A60003B211F48CDE903435A23CDE901323D23F1
:101A70003C22009357230CF08FFF194C194B16484A
:101A800023600BF001F8184A204618490AF0CAFFF3
:101A900013480DF0BBF9164D1A22002329461048B1
:101AA000CDE9002300230022FFF70CFF2B7804462A
:101AB000B52B04D10F4B01221D600F4B1A70084843
:101AC0000DF000F8B4FA84F0400907B030BD0248C8
:101AD0000BF0E2F91BF038FF482A0024005A62029A
:101AE000502A00249061060800000024A91C040864
:101AF000582C0024040000244C2A002410B504466D
:101B00000DF020FE2146FFF7CBFE0DF021FE04F183
:101B10001001FFF7C5FE0DF021FE04F12001FFF7D3
:101B2000BFFE302010BD000008B54DF659720021EF
:101B3000074814F059F8BFF34F8F0649064BCA689F
:101B400002F4E0621343CB60BFF34F8F00BFFDE7A9
:101B5000242A002400ED00E00400FA0510B5044634
:101B6000FFF778F9204610BD064B10B50446036018
:101B7000806A08B109F07AFD201DFFF7EFFF2046CB
:101B800010BD00BF246E060800B5C3B01622172191
:101B900003A806F08FF84FF4A17302AA1021ADF844
:101BA0000830002303A80093022305F0AFFF03A829
:101BB000FFF7DAFF43B05DF804FB03A8FFF7D4FF9B
:101BC0001BF0C2FE1D4B01211D4AA62070B51A60F4
:101BD00001F0C6FF0121A62002F042F8FFF7D4FF72
:101BE000184B43F2D2021A60FFF72CFF164B1B78FA
:101BF00033B1164B1B689A8840F209439A421BD8AE
:101C0000134B9B6D03F46043B3F5004F14D001F008
:101C1000FBFE104D044601F009FF064601F006FFE9
:101C2000801BA842FAD901F0EFFE001B642803D004
:101C3000BDE8704018F0ACBE70BD00BF242A00247F
:101C400000400058004000524C2A002404000024A8
:101C5000004402589F86010010B50446FFF784FF38
:101C6000FC2120460BF064F9204610BD38B5074B27
:101C70000546044645F8BC3B0CF024FF28460BF013
:101C800077FB201D06F016FB204638BD788C060831
:101C900010B50446FFF7EAFF4FF4027120460BF03F
:101CA00047F9204610BD0000034B10B50446036001
:101CB000FFF7DCFF204610BD9061060810B5044612
:101CC000FFF7F2FF4FF4027120460BF031F9204686
:101CD00010BD70B590F8343105461446F3B9036869
:101CE000DB69984704F4706304F00F02B3F5407F9A
:101CF00004F0F0030CBF07210821302B0CBF022396
:101D00000123012A08D0901E42424241A869BDE841
:101D10007040006806F098BD0222F7E770BD10B56C
:101D200090F8343104462BB9A369186806F0D0FD49
:101D30000028F9D010BD38B590F834510446A5B943
:101D400083695BB1186848B10368DB689847A36989
:101D500004211D60A0690BF0EBF8A5610023C4F815
:101D60002831C4F82C31C4F8303138BD13B590F89F
:101D7000343104466BBBA369186806F07DFD40B39F
:101D80000AF070FAA36901220DF1070118680368CF
:101D90005B699847D4F83031B3F5807F16D0D4F81A
:101DA0003031B3F5807F11D0D4F828319DF8072069
:101DB000234483F82820D4F828310133DBB2C4F857
:101DC0002831D4F830310133C4F830310AF060FAE8
:101DD000D1E702B010BD000008B590F834313BB136
:101DE000012001F02FFE0648BDE8084001F059BA75
:101DF00082691AB11368003318BF0123184608BD61
:101E0000E836002470B504460D4601F04AFA30B1B8
:101E10002368294620461B6CBDE87040184770BDFA
:101E2000A0F59860EEE7000013B590F83431044651
:101E30008DF807102BB1C9B20B48FFF7E3FF02B0D2
:101E400010BDA369186806F043FD0028F9D0A36906
:101E500001220DF10701186803681B6998470130DA
:101E600018BF0120EBE700BFE83600242DE9F04160
:101E700007468846164601F014FA80B10024A642AF
:101E80000ED9351B08EB04013846B5F5007F28BF95
:101E90004FF400752A462C4400F044FFEFE7044657
:101EA0002046BDE8F081A0F59860DFE770B590F8B6
:101EB000343105460E4614462BB10F48FFF7D6FFC6
:101EC0000446204670BDAB69186806F001FD002885
:101ED000F9D0AB6901211868D0F8883088301B6BC5
:101EE0009847AB6922463146186803681B699847D2
:101EF000013008BF0024E4E7E836002430B504468A
:101F0000C3B001F0B9F90546D4F8D835C3F58073EC
:101F1000984203DDD4F8D855C5F580752A4601AB43
:101F200002A9204600F0F5FF019902AB00226D1ACC
:101F30001D44D4F8D835B3F5807F19D08A4217D024
:101F4000D4F8D835B3F5807F10D0D4F8D035A85C5C
:101F5000234483F8D004D4F8D0350133DBB2C4F87D
:101F6000D035D4F8D8350133C4F8D8350132E0E79C
:101F700043B030BD38B5044600F0BCFB2046FFF747
:101F8000BDFFD4F8D855204600F0BCFB284638BD2C
:101F9000A0F59860EEE7000010B590F834310446E3
:101FA0002BB10648FFF7E6FF0446204610BD0AF0B5
:101FB00059F9D4F830410AF06BF9F6E7E836002415
:101FC00038B5044600F096FB2046FFF797FFD4F89B
:101FD000D8354BB1D4F8D435234493F8D0542046A7
:101FE00000F090FB284638BD4FF0FF35F7E7A0F52D
:101FF0009860E5E710B590F8343104462BB10B48F2
:10200000FFF7DEFF0446204610BD0AF02BF9D4F896
:1020100030313BB1D4F82C01044494F828400AF044
:1020200037F9F0E74FF0FF34F9E700BFE836002456
:1020300038B5044600F05EFB2046FFF75FFFD4F89A
:10204000D835A3B1D4F8D435234493F8D054D4F878
:10205000D4350133DBB2C4F8D435D4F8D835013BDC
:10206000C4F8D835204600F04DFB284638BD4FF067
:10207000FF35F7E7A0F59860DAE7000010B590F8B3
:10208000343104462BB11148FFF7D2FF04462046F5
:1020900010BD0AF0E7F8D4F830319BB1D4F82C31F8
:1020A000234493F82800D4F82C310133DBB2C4F870
:1020B0002C31D4F83031013BC4F8303104460AF0F9
:1020C000E7F8E4E74FF0FF34F9E700BFE836002413
:1020D00008B54FF4807200211EF07AFD0022C0F88E
:1020E0000021C0F80421C0F8082108BD10B4D0E9CF
:1020F000003409686210E4075DF8044B01EB02004C
:1021000044BF8A58D35818470146043008B5FFF732
:10211000EDFF08BD034A0346C26007C983E8070014
:10212000704700BFE061060810B586B00446039111
:10213000684606A980E80C0001E90C00204603A9C6
:10214000FFF7E8FF204606B010BD37B56C460546E0
:1021500084E80C0094E80C00FFF7E6FF284603B083
:1021600030BD000070B590F8343186B004460E469C
:10217000002B3BD1856925B904200AF0A5FEA0619A
:102180000560A369186850BB8C200AF09DFE334699
:10219000B4F922200546B4F9201006F081FEA369A7
:1021A0001D60B4F92420531C06D0A0690321B4F9A2
:1021B0002630006806F084FEA3691D68B5B1114B96
:1021C0000026214602A800936B4601960CCBFFF730
:1021D000BCFF324602A9284606F0E8FB03E0314680
:1021E00006F01FFBDDE702A8FEF739FE06B070BD62
:1021F0008C2128460AF09CFE1BF0A6FB02A8FEF7E5
:102200002EFEF9E76D1D040808B5FFF77DFF08BD38
:1022100008B5FFF7F9FF08BD2DE9F84300242D4D5F
:102220004FF47A782C4F202605F128002F60EC61BE
:10223000C5E90148C5E90564FFF74AFF01230E20FF
:1022400085F8343101F0C6FB244D81460D2001F0A4
:10225000C1FBA5F820904FF6FF79688405F12800AE
:102260002F60EC61A5F82490A5F82690C5E90148F7
:10227000C5E90564FFF72CFF85F834410F23184D9D
:102280002B84562305F128002F606B845823EC61C2
:10229000AB845923C5E90148EB84C5E90564FFF720
:1022A00017FF85F8344198230E4D2B84992305F1AF
:1022B00028002F60EC616B84A5F82490A5F8269087
:1022C000C5E90148C5E90564FFF702FF85F8344117
:1022D000BDE8F8831C300024F4610608742C002447
:1022E000AC2D0024E42E0024002070477047704776
:1022F00010B5D0F88C452CB123682046DB6A98478E
:10230000A468F8E710BD38B50D46D0F88C4534B157
:10231000236820462946DB689847A468F7E738BD5C
:1023200000487047B4620608054B10B504460360C8
:1023300008F03BF8204608F049F9204610BD00BFE0
:102340003462060810B50446FFF7EEFF4FF4B261A1
:1023500020460AF0EDFD204610BDF7B500230546E6
:102360000E46D0F88C45A4B1236831460DF1030226
:1023700020461F6901ABB8479DF8031003460429A6
:1023800005D0019A284607F01FFB03B0F0BDA468F2
:10239000E9E7019A9DF80310F4E770B505460E468B
:1023A00022B10021BDE8704007F01AB9D0F88C4581
:1023B0005CB123680022314620465B69984710B122
:1023C00001212846EEE7A468F2E72146F9E770B557
:1023D0000E460546D0F88C4500213CB123683146B5
:1023E00020469B699847A4680146F6E72846BDE861
:1023F000704007F0E9B9F8B505460E461746D0F823
:102400008C453CB1236820463A463146DB69984703
:10241000A468F6E728460121BDE8F84007F032BA83
:1024200070B5002186B0044607F019FC00234FF474
:102430008975A188EF26ADF806302389ADF80450E0
:1024400002258DF810301B0AE2888DF8113040F219
:1024500001238DF80750ADF8123040F203138DF8C8
:1024600009500125ADF8143004F10A038DF8086015
:1024700005AE8DF80A501C468DF80C1001AD090A06
:102480008DF80E20120A8DF80B008DF80D108DF8C6
:102490000F202A46083303CAB24243F8080C43F817
:1024A000041C1546F5D1128820461A8006B070BD6E
:1024B000F8B5002406460D46274630461FF080F842
:1024C000A04207D9335D05F8143005EB440301340D
:1024D0005F70F2E7400000F0FE00F8BD38B504463A
:1024E000D0F88C5535B12B6828465B6A984710B9EF
:1024F000AD68F7E7284640F2023304F24A51A4F8E7
:102500004835FFF7D5FF94F84835184484F8480556
:1025100004F5A96038BD000040F2023300F20A5110
:1025200010B50446A0F808350548FFF7C1FF94F838
:102530000835184484F8080504F5A16010BD00BFF3
:102540002062060840F2023310B50446A0F8C834F1
:1025500000F2CA40FFF7D2FA94F8C834184484F85D
:10256000C80404F5996010BD2DE9FF4100231D4A00
:10257000044600F54E788DF80A30092590F8883524
:102580000192FA228DF8083001238DF80C208DF885
:102590000930C0238DF80B3001AB03CBC4F83803EE
:1025A000C8F8041088F80820D4F88C658EB1336818
:1025B000002130469B689847478805F54E7300F127
:1025C0000901093FE0183A463D441EF003FAB66897
:1025D000ECE784F83A5340462D1284F83B5304B09C
:1025E000BDE8F0810902FFFF73B504460D461646AB
:1025F00016F032FC4FF4807301462A4620460093C1
:10260000334607F09FFF024B2046236002B070BDA7
:102610003462060810B5D0F88C350446A3B9C0F86A
:102620008C1594F8883508464A790B7194F88835EA
:10263000134484F888350B689B6A984723891844AB
:102640002081012010BD13469A68002AFBD19960B1
:10265000E7E71FB5044607F0FDFA0146684606F0B5
:10266000F7FC4021684606F065FDD4F88C4534B18E
:102670002368694620461B6A9847A468F7E76846BE
:1026800006F0EDFC04B010BD684606F0E8FC1BF057
:102690005BF910B50446FFF7DCFF2046BDE81040AB
:1026A00007F0BFBA0F4808B50378BFF35B8FDB07AD
:1026B00011D40AF0C7F970B140F25B2242F2413105
:1026C0000948FFF791FF07480AF0DEF9074A084971
:1026D00005480AF0A7F9044808BD02480AF0DCFBE7
:1026E0001BF032F95431002458310024000000243A
:1026F0002923040810B5FFF7D5FF0368BDE8104093
:102700005B6F184710B5FFF7CDFF0368BDE81040B9
:102710009B6F184710B5FFF7C5FF0368BDE8104071
:10272000DB6F184706F03CBE06F050BE06F028BE30
:10273000704770477047436A93F878007047D0F845
:10274000A4047047012070470048704720640608C1
:102750002DE9F04794B004460F464B22002101A812
:102760001EF036FA2679D4F8A434751C94F80E902D
:10277000002B94F80C80EDB294F80DE014BF052006
:102780000020002F40F0938040F2092309218DF8AA
:102790001D0042F20540ADF804304FF481738DF80E
:1027A00015100121ADF808308023ADF81E0010206F
:1027B0008DF80B3032234FF0040A24278DF80C30AB
:1027C00008234FF0030C4B228DF80D300B238DF8AE
:1027D00019101D348DF80E3040F202238DF81C10B4
:1027E000ADF8103002238DF8210005208DF822105D
:1027F0008DF825108DF8271006218DF806208DF80C
:102800000F608DF812308DF817608DF81A308DF842
:102810001B308DF823008DF826C08DF82A308DF8F6
:102820002B108DF82C008DF816A08DF824708DF8E3
:1028300028A08DF829708DF82D708DF82E100721A5
:102840008DF82F6041F202068DF831108DF841109D
:1028500040F207518DF83050ADF8366040F209462D
:102860008DF83A5040F602258DF832008DF842007E
:102870002046ADF848100DEB0A018DF833908DF825
:1028800034C0ADF83860ADF83C508DF843808DF819
:1028900044308DF846308DF84AE08DF84B308DF895
:1028A0004D301EF097F8204614B0BDE8F0870020A8
:1028B000FAE700000A4B10B504460360FFF7F2FE8A
:1028C00007F073FD04F5247006F0CEFC04F17C00E3
:1028D00006F0CAFC04F1700006F0C6FC204610BDEC
:1028E000E063060810B50446FFF7E4FF4FF4956176
:1028F00020460AF01DFB204610BDFFF70BBF00006D
:10290000034B10B50446036006F06AFB204610BD79
:10291000FC62060810B50446FFF7F2FF28212046A6
:102920000AF006FB204610BD034B10B504460360B9
:1029300006F056FB204610BDCC62060810B50446D2
:10294000FFF7F2FF342120460AF0F2FA204610BDCC
:10295000034B10B50446036006F042FB204610BD51
:10296000E462060810B50446FFF7F2FF382120465E
:102970000AF0DEFA204610BD38B51E4B0D4604465F
:102980004FF400721968C0F80F1099889B79A0F86D
:10299000131002214375284606F0C2FB4FF4007263
:1029A00020730221284606F0C0FB4FF400726073CA
:1029B0000321284606F0B4FBA073284606F050FB1E
:1029C00020B9AF220C490D4809F054FB04F18502EF
:1029D0000023C4F8882204F2992284F8783084F81D
:1029E0008430C4F88C3284F89832C4F89C24C4F83B
:1029F000A03438BD18630608BB630608C663060822
:102A00002DE9F34104460E461546FFF783FEF28892
:102A100023799A4237D1002D35D17778012F2ED1E5
:102A2000F378202B27D13289072A24D104F10F080B
:102A300004F11605404629461DF09AFFD0B1D4F89E
:102A40001630C4F80F30638B207CE17BA4F8133080
:102A500001EB0021E57C607C237F01EB00410095C8
:102A6000A07C2568637501EB0061237D2046627DB3
:102A70006D6BA8473D46F378212B08BF01252846FA
:102A800002B0BDE8F0810025F9E710B50446FFF774
:102A900041FEFFF707FE217B07F024FB04F18503CD
:102AA00004F17C00C4F888320023C4F88C3284F826
:102AB000843006F08EFB94F884302BB923682046CE
:102AC000DB6BBDE81040184710BD000070B5044630
:102AD000FFF720FED4F8A0542DB140F2DD120F49CB
:102AE0000F4809F0C7FA04F29923C4F89C34FFF7A1
:102AF000D9FD617B07F054FA84F89852C4F8A00419
:102B000004F5247006F065FB94F898322BB923681D
:102B100020469B6BBDE87040184770BDBB6306083C
:102B20002463060802232DE9F04143710023044683
:102B3000054683609046144B04F17C0645F8703BD3
:102B4000284606F039FB304606F036FB04F52477BC
:102B5000384606F031FBC4F8A484FFF7A3FD2146F4
:102B6000FFF758FD0CE0384606F07EFB304606F0D5
:102B70007BFB284606F078FB1AF0E6FEF6E7F8E75E
:102B80002046BDE8F08100BFE063060870B504464A
:102B90000D46FFF7BFFD84F87850002D3ED194F824
:102BA000843033B1FFF77EFD217B07F073F884F8A2
:102BB000845004F1850304F17C0600253046C4F8F6
:102BC0008832C4F88C5206F004FB304606F0FAFA5C
:102BD00028B94FF4A2721449144809F04BFA94F83A
:102BE000983233B1FFF75EFD217B07F053F884F88C
:102BF000985204F2992304F52475C4F89C340023F8
:102C00002846C4F8A03406F0E4FA284606F0DAFABA
:102C100020B94FF4A77204490548DEE704F17000BB
:102C2000BDE8704006F0D5BABB63060832630608FB
:102C30004363060810B50446FFF76CFD00212046EB
:102C4000BDE81040FFF7A2BF38B50D460446FFF7B8
:102C500061FD042D05D020460021BDE83840FFF776
:102C600095BF38BDF8B5164604460D461F46FFF71A
:102C700051FD0423EA88337023799A4225D169787B
:102C8000012922D1EA78212A08D0222A0BD0202A31
:102C90004FF000001BD13070163401E00F3431705A
:102CA00007203C60F8BDAB88204613F0010308BF45
:102CB0001946FFF76BFFAB8803F00103E366AB88AF
:102CC00003F00203A366022333700020EAE7032324
:102CD0003370E7E710B58AB00446FFF70BFD68468E
:102CE00006F06EF90D4B694604F1700000930994EB
:102CF00006F087FA2046FFF705FD094B00216846DC
:102D00001A6806F023F96846FFF7FAFD0AB010BD0D
:102D10006846FFF7F5FD1AF017FE00BFFC620608D3
:102D20002063060870B58EB004460E461546FFF7C0
:102D3000E1FC01A806F044F9114B01A904F17C0063
:102D4000019300230C958DF83430CDE90A4606F046
:102D500058FA2046FFF7D6FC0A4B002101A81A6852
:102D600006F0F4F804E001A8FFF7DEFD1AF0ECFD30
:102D70009DF8344001A8FFF7D7FD20460EB070BD86
:102D8000CC6206082063060810B50446FFF7C2FCB3
:102D900094F884307BB9D4F88C3263B1FFF782FCAD
:102DA000D4F88C3204F18502217B07F039F910B197
:102DB000012384F8843010BD2DE9F8431E460446F3
:102DC000894690469DF82070FFF794FC00233360FD
:102DD00094F87830E3B194F88430CBB9D4F88C52BD
:102DE000C5F50075454528BF4546B8F1000F05D02B
:102DF0002A464946D4F888021DF0ECFDD4F88C32FE
:102E00002B44C4F88C32356017B12046FFF7BCFF65
:102E10002046BDE8F843FFF775BCF0B50446406AAC
:102E200085B0012690F878502DB984F83050354699
:102E3000284605B0F0BD04AB0027D4E90A1243F8D8
:102E4000047D0096FFF7B8FF0399E36AA26A5B1A54
:102E50000A44E362A26213B984F83060E8E7606A6A
:102E60003D46FFF791FFE3E72DE9F0431C4691B0A3
:102E7000054689469046FFF73DFC002C4FF00006C2
:102E800002A806BF01AC01270027266006F098F8CB
:102E9000134B02A905F5247002938DF83C708DF850
:102EA0003D60CDE90B59CDE90D8406F0AAF928461D
:102EB000FFF728FC0B4B314602A81A6806F046F8CB
:102EC00004E002A8FFF744FD1AF03EFD9DF83D40E6
:102ED00002A8FFF73DFD204611B0BDE8F08300BF1A
:102EE000E46206082063060810B5D0F8A034044652
:102EF00073B990F898325BB9FFF7D4FB4FF40073C5
:102F000004F29922617B06F0EDFF012384F89832E8
:102F100010BD70B504461E4600230846336094F881
:102F20007830EBB194F89832D3B9D4F8A054D4F8EF
:102F30009C14954228BF15462A461DF04BFD35606E
:102F4000D4F89C34D4F8A0242B44551BC4F89C34EA
:102F5000C4F8A05425B92046BDE87040FFF7C4BFAF
:102F600070BD37B50446406A90F878502DB984F8A2
:102F700035500125284603B030BD02AB002243F88E
:102F8000042DD4E90A12FFF7C4FF0199A26A0A448A
:102F9000A262226B13680B4413600199E36A5B1A07
:102FA00094F83410E36209B9126802B91BB901231D
:102FB00084F83530DEE7606A0025FFF795FFD9E732
:102FC00010B50446FEF792FB204610BD10B4D0E9C0
:102FD000003409686210E4075DF8044B01EB02005D
:102FE00044BF8A58D35818470146043008B5FFF744
:102FF000EDFF08BD034A0346C26007C983E8070026
:10300000704700BF0C63060810B586B004460391F4
:10301000684606A980E80C0001E90C00204603A9D7
:10302000FFF7E8FF204606B010BD37B56C460546F1
:1030300084E80C0094E80C00FFF7E6FF284603B094
:1030400030BD0000F0B58BB00546FFF763FB06AC62
:10305000FFF728FBAF7B064600212046FFF7B0FFB5
:10306000009403234FF400723946304607F000FA0B
:103070002046FDF7F4FEFFF715FB234B06462F7B9A
:103080000293002329462046039302AB0CCBFFF7A3
:10309000CCFF009402234FF400723946304607F00B
:1030A000E7F92046FDF7DBFEFFF7FCFA174B064673
:1030B0006F7B0493002329462046059304AB0CCB79
:1030C000FFF7B3FF009402234FF4007239463046F5
:1030D00007F0CEF906E02046FDF7C1FE1AF034FCF9
:1030E000F9E7F8E72046FDF7BAFEFFF7DBFA4FF401
:1030F0000073D5F89C24697B06F0F4FE012085F866
:1031000098020BB0F0BD00BF8B2A0408CD2A04083A
:1031100008B5FFF769FF08BD08B5FFF7F9FF08BD5F
:103120006FF01500704700290CBF6FF018000020E9
:103130007047012070476FF0150070476FF0150061
:1031400070471120704770477047704703689B6C49
:103150001847A0F59860F9E77047704770477047C7
:1031600010B50446012000F06DFC94F8780010BD05
:10317000A0F59860F4E7000038B54FF0FF32012366
:10318000FF210B480AF072F80A4D00F03DFC04469E
:1031900095F878301BB1012000F054FCF8E700F0FE
:1031A00033FC001BC728F6D9BDE83840FEF7BCBC8D
:1031B000203D0024E836002407B502AB012243F885
:1031C000041D1946FFF7AEFD18B1019803B05DF874
:1031D00004FB4FF0FF30F9E7A0F59560FFF7ECBF77
:1031E00007B5002302A9012201F8013DFFF73CFECB
:1031F00020B19DF8070003B05DF804FB4FF0FF30ED
:10320000F9E7A0F59560FFF7EBBF2DE9F843044619
:10321000884617461E46089DFFF77CFAD4F8F095BD
:10322000B9F1000F04D02B46324639464046C84714
:10323000C4F8E085C4F8E475C4F8E865C4F8EC5552
:10324000BDE8F883B0F5966F03D10121014809F07C
:10325000EFBF7047203D0024006870470C30704776
:1032600008B5FFF7FBFF0023036008BDCB68C36010
:103270000BB15B681847704738B50546FFF73AFA57
:1032800095F898325BB9D5F8A044B4F5007F28BF13
:103290004FF400742846FFF735FA204638BD002465
:1032A000F8E790F878007047114B03F1780270B599
:1032B00003600446C0F8A82400F2F45603F1D802D3
:1032C00000F23465E833C0F8AC24C0F8C034AE4234
:1032D00004D0103D2846FDF7C2FDF8E704F59560DF
:1032E00008F04AFB2046FFF7E5FA204670BD00BF14
:1032F000F8640608A0F59560FFF7D6BFA0F2AC40D1
:10330000FFF7D2BF10B50446FFF7CEFF4FF4C761F9
:10331000204609F00DFE204610BDA0F2AC40FFF79C
:10332000F1BFA0F59560FFF7EDBF00002DE9F74371
:1033300004461E468846154615F08EFDBDF82C3015
:1033400004F59567014601932A46BDF828302046CA
:1033500000933346FFF7E6FB0021384608F0E2FA17
:103360004FF47A73002504F2F45904F59A60C4F816
:10337000C8342946204B4E46C4F8C45403F17802A1
:103380002360C4F8A82403F1D802E833C4F8AC24BD
:103390004FF48072C4F8C0341DF01AFCC4F8D05544
:1033A000C4F8D455C4F8D85504F234653046103604
:1033B000FEF79CF9B542F9D10023C4F83436C4F8BD
:1033C000F035B8F1000F13D02046FFF783FC0FE073
:1033D0004D4504D0103D2846FDF741FDF8E738463D
:1033E00008F0CAFA2046FFF765FA1AF0ADFAF9E7D5
:1033F000204603B0BDE8F083F8640608884238B57B
:10340000044606D00D46FDF725FD20462946FFF768
:103410002DFF204638BD08B5FFF720FF00680030BB
:1034200018BF012008BD000010B50446FFF7F3FFE8
:1034300028B940F202220649064808F01BFEE0685F
:10344000FFF70AFF03462046BDE81040184700BFBB
:10345000D9640608E4640608F8B506460025FFF7B7
:1034600059F906F2F454D6F83436AB420AD920465C
:103470002746FFF7D0FF103420B138460135FFF75B
:10348000D3FFF0E7F8BD0000044BC36003460A68B1
:1034900043F8042B002242605A60704744640608D7
:1034A00013B50446019121B9FFF7DAFE204602B0B8
:1034B00010BD01A9FFF7E8FFF8E710B4D0E9003428
:1034C00009686210E4075DF8044B01EB020044BF99
:1034D0008A58D35818470146043008B5FFF7EDFF66
:1034E00008BD0000034A0346C26007C983E807001D
:1034F000704700BF3864060810B586B004460391D3
:10350000684606A980E80C0001E90C00204603A9E2
:10351000FFF7E8FF204606B010BD37B56C460546FC
:1035200084E80C0094E80C00FFF7E6FF284603B09F
:1035300030BD00002DE9F04188B00446FFF7DAF80D
:10354000384B2046C4F8F035FFF7DCF8364B04A8BA
:10355000214602930023039302AB0CCBFFF7DDFF60
:103560002046FFF7C7F8D4F83406032803D92046CD
:10357000FFF7C8F80AE0431C04EB001004A9C4F8E4
:10358000343600F2F450FFF739FFF0E704A8FDF7F6
:1035900066FCBC2009F098FC05460646234B05F165
:1035A000400746F8043B3046FEF7A0F800213846B5
:1035B00009F000FF05F15408404609F099FE1C4B44
:1035C0004FF48072182128460093002309F06CFF05
:1035D000184904A8C4F8DC55FFF762FF04A928467F
:1035E0000AF00CF810E0404609F0C2FE384609F037
:1035F0000AFF3046FDF733FCBC21284609F098FC51
:103600001AF0A2F9F2E7F4E704A8FDF728FC204637
:10361000FEF774FC08B0BDE8F08104A8FDF71FFCBC
:10362000EEE7FAE745320408FD1E04084880060864
:103630005064060879310408A0F59860FFF77ABF56
:103640000368184708B5FFF7FBFF08BD08B5FFF78B
:1036500042FF08BD08B5FFF7F9FF08BD37B50F4CAD
:103660000F4D204609F0D4FD2A460E49204609F0A8
:10367000D9F942F2120301220B4CCDE900320022AB
:103680004FF4F85320461146FFF750FE2A460749EB
:10369000204603B0BDE8304009F0C4B9203D002405
:1036A0000000002437D20408E8360024A9320408B8
:1036B00008B51BF0F1FD2DE9F04F027D85B0054600
:1036C0000E46012A40F08E8000214FF0FF3B044659
:1036D0000B465F4694F804C048B2BCF1000F73D1AA
:1036E00094F805C0BCF1000F6ED1B7F1FF3F17BFD2
:1036F0000133012338465BB2934201DD1A4683460B
:103700000131023408295DD1002402EB0B03A146EC
:103710000293CB4502DC029B4B4558DC95F80580B3
:1037200095F804A04FEA281708F00F080AF00F03D5
:103730005FEA2A1AFAB201926FD05FFA8AF1BAF1FF
:10374000090F30460393D4BF3031573100F0C9F828
:10375000039B0444092B3046039394BF03F13001CB
:1037600003F1570100F0BDF80444BAF1000F02D193
:10377000039B03B94FB1092F019F3046D4BF3037A7
:103780005737F9B200F0ADF80444B8F1090F3046EC
:1037900094BF08F1300108F1570100F0A2F8B9F127
:1037A000070F044404D03A21304600F09AF804444C
:1037B00009F101090235B9F1080FAAD1204605B077
:1037C000BDE8F08F074685E74FF0FF3098E7CB451F
:1037D000EED1BBF1000FE6D13A21304600F081F87E
:1037E0000444E0E700F1100700F11309002417F882
:1037F000011B0A22304600F0B1F880462E213046E7
:1038000000F06FF8B94540440444F0D10A22E97C45
:10381000304600F0A3F80444D0E7002B9AD1A9E782
:10382000054B102210B504460360017500210430D9
:103830001DF0CEF9204610BD1466060870B5074D80
:103840008374056000259DF810300575456085601E
:10385000C56001744274C37470BD00BF146606086D
:1038600007B501210648FFF7DBFF002305481A468C
:1038700019460093FFF7E2FF03B05DF804FB00BFB9
:10388000343D00244C3D00242DE9F04106460D4610
:1038900001EB02080C464445A4EB050707D033684A
:1038A000304614F8011B1B6898470028F3D13846AE
:1038B000BDE8F08170B5044608460D461DF080FE57
:1038C00023680246294620465B68BDE870401847D9
:1038D00009B1FFF7EFBF0846704708B5FFF7F8FFDB
:1038E00008BD03681B6818470149FFF7E3BF00BF25
:1038F00006B2060838B50546FFF7EAFF0446284633
:10390000FFF7F2FF204438BD70B58AB00D460023A2
:10391000012A98BF0A220AA901F8043DB5FBF2F476
:1039200002FB14562546F3B2092E94BF30333733C9
:10393000DBB201F8013D002CF0D1FFF7C9FF0AB05E
:1039400070BD10B42AB90368C9B25DF8044B1B6896
:103950001847D2B25DF8044BFFF7D6BFFFF7F1BFAF
:1039600038B50546FFF7EDFF04462846FFF7BCFFD4
:10397000204438BD10B500F069F80A4CFEF722F972
:10398000FEF790FEFEF785FE4FF4E1310648FFF7A3
:10399000D1FDFCF755FDFCF7D5FD002CFBD0AFF3B6
:1039A0000080F8E700000000E836002470B5054606
:1039B0000024074EFEF744F8E3B2984206D91846B1
:1039C0001B010134F35EAB42F4D170BDFF20FCE774
:1039D0000800002410B50446FEF732F884423BBFCD
:1039E0002401024B4FF0FF30185F10BD0800002487
:1039F00010B5044605F000F9204610BD10B5044688
:103A000005F0FAF8204610BD07B50749684605F0ED
:103A100030F94FF47A720023DDE900011AF0E6FA7A
:103A200003B05DF804FB00BF683D002407B50449FE
:103A3000684605F01EF9009803B05DF804FB00BF6E
:103A4000803D002409F0E6BC09F0BEBB08B504487F
:103A500005F0DCF80348BDE8084005F0D7B800BF22
:103A6000803D0024683D002409F0E4BC38B50A4CD0
:103A70000A4D204605F03AF92046094C2A460949E4
:103A800008F0D0FF204605F03CF92A4620460649BA
:103A9000BDE8384008F0C6BF803D00240000002487
:103AA000683D0024FD390408F139040870B5044666
:103AB0000D46164600211C221DF08AF8204632468B
:103AC000294607F051F9204670BD00002DE9F0416C
:103AD00004460E46FDF7B4FF84423CD21F4D270139
:103AE000EA19D06810B11C2109F022FA2046FFF72C
:103AF00071FF80461C2009F0E7F9044600211C22D2
:103B00001DF066F84146204607F02BF9EB19012E0F
:103B1000DC6010D006D3022E12D0204603F09BFFAB
:103B2000022103E0204603F096FF00212046BDE875
:103B3000F04103F09DBF2046BDE8F04103F07EBF99
:103B4000204603F088FF0121F0E71C21204609F000
:103B5000EFF919F0F9FEBDE8F08100BF080000247C
:103B600030B589B004460D46FFF720FFC0B2FF28EC
:103B700004D02946FFF7AAFF09B030BD012D14D0AB
:103B80000AD3022D1CD00222214601A8FFF78EFF86
:103B900001A807F085F8EFE70022214601A8FFF70A
:103BA00085FF01A807F07CF8E6E71C22002101A8A8
:103BB0001DF00EF80022214601A807F0D7F8DBE738
:103BC0000122214601A8FFF771FF01A807F068F85C
:103BD000D2E700002DE9F34106460F46FDF730FF1E
:103BE00086422AD21B4D4FEA061805EB0802D4681C
:103BF000ACB93046FFF7EEFE06461C2009F064F92A
:103C000004461C2200211CF0E3FF00970023012240
:103C10003146204607F0C3F805EB0803DC600E4B85
:103C20000E491A46D3F894008842FBD123683FB16D
:103C3000A1680B604FF44073536102B0BDE8F0819E
:103C4000E1681B04F5E71C21204609F071F919F021
:103C50007BFE00BF080000240064025800030080BF
:103C600030B589B005460C46FFF7A0FEC0B2FF286C
:103C700004D02146FFF7AEFF09B030BD1C22002161
:103C800001A81CF0A5FF294601A807F085F8094BFB
:103C900009491A46D3F894008842FBD1019B2CB104
:103CA00003990B604FF440735361E5E71B040499DB
:103CB000F7E700BF00640258000300801EF0040F05
:103CC0000CBFEFF30880EFF30980816911F8021C43
:103CD000002932D101B590E80F10E047BDE800504F
:103CE0008CE80300244B93E80600914208BF70471C
:103CF0001A6041B91EF0100F10D1204B186820F047
:103D0000010018600AE02CE9F00F1EF0100F08BF48
:103D10002CED108A81F822E0C1F838C0906B92F83F
:103D2000221061F0FF0E1EF0100F08BFB0EC108AD9
:103D3000B0E8F00F80F309887047114A1368994280
:103D4000FAD801B552F821C00FC8E047BDE80050CD
:103D5000CCF80000704701B501F0D4FBBDE801408C
:103D6000EFF3098CBEE701B501F090FBBDE801401F
:103D7000EFF3098CB6E700003C0C002434EF00E0C0
:103D8000E0660608014608B530B96FF0030000F0A0
:103D90001DFA6FF0030008BD132001F0ABFF30B92E
:103DA0004FF0FF3000F012FA4FF0FF30F3E7002041
:103DB000F1E7000008B5EFF305832BB9EFF31083AB
:103DC00013B9EFF3118333B16FF0050000F0FEF982
:103DD0006FF0050008BDDFF808C000DFFAE700BF9C
:103DE000853D0408EFF310832BB9EFF31180003801
:103DF00018BF012070470120704710B520B103782B
:103E0000F32B01D1002906DA6FF0030102F05CFA0E
:103E10006FF0030010BD00F10C0353E8000F20EA1F
:103E2000010243E8002404B1F7E7F3E738B505469B
:103E3000A0B1846802686CB114F0030302D1C168B8
:103E40000F2926D800246FF00801002002F03CFA68
:103E5000204638BDC368002BF4D11546104BD3F86B
:103E6000900078B100F087FC0446A0B10123F32252
:103E7000A3700023656022700A4AC4E90233084B2C
:103E80005A66E5E701221021D3F8800000F0FAFB22
:103E9000EAE71546EBE76FF0040102F015FAD7E701
:103EA000280C0024113F0408930710B502F0010408
:103EB00022D400F10C0384B153E8000F00EA0102A0
:103EC0008A4203D0BFF32F8F002005E020EA0102D1
:103ED00043E8002404B1EFE710BD53E8000F0842A7
:103EE00003D1BFF32F8F002005E020EA010243E851
:103EF000002404B1F1E7EFE7C06801EA00031CB158
:103F0000994218BF0020E7E7002B08BF0020E3E735
:103F1000F8B50546846804B9F8BD94F8232028460E
:103F2000616AA768FFF7C0FF064638B1204601F076
:103F300062FC00223146204601F0F6FD3C46EAE7ED
:103F4000F8B50D4617461E46044620B10378F32BFC
:103F500001D1002907DA20466FF0030102F0B4F91D
:103F60006FF00300F8BDFFF79FFF0028FAD186B17C
:103F70003146432001F0BEFE40B1074B20465E694A
:103F8000314601F01DFC756286F823706FF0010068
:103F9000E8E76FF00200E5E7280C002470B505465D
:103FA00010B10378F32B07D028466FF0030102F01D
:103FB0008BF96FF0030070BD836863B1284601F090
:103FC00011FC00226FF0020101F0AEFDA86800288C
:103FD000F4D101F08FFCAB78002613F001032E70B2
:103FE0000FD0094B2946D3F8904024B1204600F069
:103FF000DCFB3046DFE7D3F8800000F078FB20469A
:10400000D9E71846D7E700BF280C00242DE9F04176
:10401000064620B10378F32B01D1002909DA6FF0AD
:1040200003056FF00301304602F04EF92846BDE863
:10403000F08100F10C0353E8002F42EA010543E848
:10404000005000B1F7E7B4681CB9204601F052FCFB
:10405000ECE794F823203046616AD4F80880FFF733
:1040600023FF074678B194F823309B0756BF656A53
:10407000054620EA0505204601F0BDFB0022394631
:10408000204601F051FD4446DEE70000024608B537
:10409000EFF3058333B100206FF0050102F014F94E
:1040A000002008BDFFF79EFE0028F4D11046DFF87F
:1040B00008C000DFF5E700BF2D3E0408024638B512
:1040C000EFF305834BB192B96FF003046FF0030176
:1040D000104602F0F9F8204638BDFFF783FE0028AD
:1040E000F1D11046DFF82CC000DF0446F3E7137867
:1040F000F32BE9D10029E7DB02F10C0353E8000FB1
:1041000040EA010443E8004505B1F7E7104601F035
:1041100041FAE0E70D400408024608B5EFF30583D5
:1041200023B11046BDE80840FFF767BEFFF75AFE0F
:104130000028F6D11046DFF808C000DF08BD00BF38
:10414000FB3D040838B504461D46EFF3058343B133
:104150008CB920466FF0030102F0B6F86FF003004F
:1041600038BDFFF73FFE0028F2D120462B46DFF88E
:1041700024C000DFF4E72378F32BEAD1002DE8D147
:104180000029E6DB2046FFF78FFE002808BF6FF00E
:104190000200E5E7413F0408024608B5EFF3058356
:1041A0003BB110466FF0050102F08EF86FF005008C
:1041B00008BDFFF717FE0028F3D11046DFF804C052
:1041C00000DFF5E79D3F0408704770477047EFF345
:1041D00010832BB9EFF31180003818BF012070470E
:1041E00001207047064BDA6A3AB1D0695B6C1BB1AB
:1041F0001B69984228BF184670474FF0FF30F5E71B
:10420000280C0024014BD868704700BF280C0024FC
:1042100008B5094B1A7A022A08D0032A0AD04FF0AF
:10422000FF3002F045F84FF0FF3002E0032200209B
:104230001A7208BD0120FCE7280C002470B5464C1A
:10424000237A012B00F0858033B14FF0FF3002F06C
:104250002FF84FF0FF3070BD404DEB68E3652B8ABF
:10426000D5E90B61A4F85430AB683046236400F004
:10427000F1F908B1C4F88060D5E90561304600F075
:10428000E9F908B9D4F880606667D5E90761304676
:1042900000F0E0F908B9D4F88060A667D5E90961B3
:1042A000304600F0D7F908B9D4F88060E6676E6B45
:1042B0003EB131683046D6E9022300F03BFAC4F83B
:1042C0008460AE6B3EB131683046D6E9022300F01F
:1042D00031FAC4F88860EE6B3EB131683046D6E9F9
:1042E000022300F027FAC4F88C602E6C3EB13168CE
:1042F0003046D6E9022300F01DFAC4F890606E6CD7
:104300003EB131683046D6E9022300F013FAC4F812
:104310009460AE6C3EB131683046D6E9022300F0BD
:1043200009FAC4F89860EE6C3EB131683046D6E9BF
:10433000022300F0FFF9C4F89C602D6D3DB129689F
:104340002846D5E9022300F0F5F9C4F8A05001236E
:10435000237200207FE700BF280C00247066060847
:1043600070B5254D2B7A012B07D06FF006004FF06A
:10437000FF3401F09DFF204670BD01F01FFD10B914
:104380004FF0FF30F3E71D4AFF231D4E82F8223025
:1043900092F82230D26863F0FF031A49C2F3022276
:1043A0007068DB4314BFB3FA83F32023C3F1200307
:1043B000934298BF531CFE2202FA03F30F4ADBB26A
:1043C000D37701F0D1FF04460028D9D102F024F8B8
:1043D000286102F00DF80C4801F004FA01F082FAAD
:1043E0003368DB074CBF0223032383F31488BFF336
:1043F0006F8F02232B72BEE7280C002400ED00E033
:1044000070660608673D0408440C002408B50A4B92
:104410001A7A023A012A02D840B1012809D04FF095
:10442000FF3001F045FF4FF0FF3001E002221A7229
:1044300008BD0322FBE700BF280C002410B50F4C79
:10444000237A022B13D101F0DBFF01236372BFF348
:104450004F8F0B4A5168C90003D54FF0006151607E
:10446000A37204232372BDE81040FFF7BBBE6FF0B8
:10447000070001F01DFF002010BD00BF280C002424
:1044800000ED00E038B51E4C0546237A042B35D1EB
:10449000FFF7A8FEE26AA842034694BF00F1FF338B
:1044A0002B4612B1D069C01AD061626C12B110698A
:1044B000C01A1061E06803440544E360E368AB425E
:1044C00013D102230020237201F014FA0023637237
:1044D000BFF34F8FA27A22B1A3724FF08052094BE3
:1044E0005A60BDE8384001F083BF0133E36001F05A
:1044F000BFF9236D002BE1D09847DFE738BD00BF3F
:10450000280C002400ED00E0704738B504460D4645
:10451000FFF75AFE29462046BDE8384001F08ABE22
:1045200008B5FFF7F1FFEFF3058333B16FF0050036
:1045300001F0BEFE6FF0050008BDFFF748FE002841
:10454000F4D1DFF808C000DFF6E700BF3D42040801
:1045500008B5EFF3058333B16FF0050001F0A8FE55
:104560006FF0050008BDFFF732FE0028F4D1DFF838
:1045700008C000DFF6E700BF6143040808B5EFF3A9
:10458000058333B16FF0050001F092FE6FF0050076
:1045900008BDFFF71CFE0028F4D1DFF808C000DFDB
:1045A000F6E700BF11420408024608B5EFF30583A1
:1045B00033B16FF0050001F07BFE6FF0050008BD20
:1045C000FFF705FE0028F4D11046DFF808C000DF31
:1045D000F5E700BF0D44040808B5EFF305832BB1E0
:1045E0006FF0050001F064FE002008BDFFF7EFFD4D
:1045F0000028F5D1DFF804C000DFF6E73D440408E9
:10460000024608B5EFF305832BB16FF00500BDE856
:10461000084001F04DBEFFF7DAFD0028F5D1104645
:10462000DFF804C000DF08BD8544040808B5EFF3D7
:10463000058313B1054BD86808BDFFF7C8FD0028F6
:10464000F8D1DFF80CC000DFF6E700BF280C00242B
:104650000542040810B598B140EA010313F00703BE
:104660000ED117290AD90160083910220C184260AE
:1046700084600B5081684A60C3600123184610BDF6
:104680000023FBE7F0B580B399B132F003032CD1DE
:104690000F3100F1080521F007072B462D685C68F3
:1046A000E91A24F00304091B8F4204D92968002960
:1046B000F3D10846F0BD46683A4304683E4446607C
:1046C000204450F8041C08388E4288BF4660586861
:1046D00018B903F108015A60EBE720F0030019183C
:1046E0001D504A6019600831E3E70021E1E730B569
:1046F00090B1D9B1A1F1080500F108040022AC4243
:104700000BD151F8043C23F0030443681B1B4360A6
:1047100042B941F8042C012030BD236822463BB148
:104720001C46ECE751F8083C1360F4E70846F3E751
:104730001846F1E730B5C0B189B1C2B1CBB10024A0
:104740000160C3604361C0E9014202FB01F41D192D
:1047500005611846013904D1A21A99500121084671
:1047600030BD851805602846F4E70146F7E7114695
:10477000F5E71946F3E7034610B5A8B100F11402B6
:1047800052E8000F10B9BFF32F8F04E0016842E830
:10479000001404B1F4E738B1043353E8002F511C7E
:1047A00043E8001404B1F8E710BD30B5F0B1C368B8
:1047B0008B421BD803698B4218D900F114031A6885
:1047C0000A60BFF35F8F53E8002F0C689442F6D164
:1047D00043E8001505B1F2E7043050E8003F5A1EE7
:1047E00040E8002101B1F8E7002030BD6FF0030080
:1047F000FBE7EFF310832BB9EFF31180003818BFFC
:104800000120704701207047036B30B5E3B1CD78CC
:104810000024DA78AA420FD31A46C1E901248AB1EA
:104820009160A4B16160283050E8003F5A1C40E814
:10483000002101B1F8E730BD5A681C46002AECD0CF
:104840001346E6E7C162ECE7C1E90133C1620163E7
:10485000E9E7D1E9013223B19A608A681AB153605D
:104860007047C262F9E703637047F8B5877804467A
:104870008FB3C5680027014605F10C062846FFF7EF
:10488000E8FF27703046FFF790FFAB68002B48D059
:104890003046FFF770FF0446002842D0284600F05B
:1048A000A1FF06463A46394601F03EF9304601F08E
:1048B0000FF86A6A0646816804F10C001CF08AF859
:1048C000F923A7702370F368E37021462846BDE8FA
:1048D000F840FFF799BF8568AB68002BF5D05B788F
:1048E000832BF2D1284600F07DFF06463A46394632
:1048F00001F01AF9304600F0EBFF06466A6A04F14F
:104900000C0180681CF066F8F3680BB1E2781A704D
:104910000023214605F10C002370BDE8F840FFF7A5
:1049200044BFF8BD2DE9F0410C46174698460546B0
:1049300018B10378FA2B00D141B928466FF0030172
:1049400001F0D8FC6FF00300BDE8F0818368C3B1CB
:104950005B78832B15D100F045FF0646012200212C
:1049600001F0E2F8304600F0B3FF06466A6A2146DD
:1049700080681CF02FF8F0680028E5D00770002050
:10498000E2E705F10C00FFF7F6FE064670B121469E
:104990006A6A0C3000241CF01DF8F92331462846C1
:1049A0003370B470F770FFF72FFFE8E7B8F1000F2E
:1049B00010D04146932001F09DF940B1074B2846A5
:1049C000596900F0FDFEEFF30983C3E902476FF078
:1049D0000100B9E76FF00200B6E700BF280C002421
:1049E0002DE9F84F8846074638B131B1B0FA80F367
:1049F000B1FA81F10B441F2B06DC6FF0030100209C
:104A0000002401F077FC70E008F1030626F00306AD
:104A10000C3606FB00F9F2B194683CB1A30702D151
:104A2000D368332B05D86FF00801E8E7D368002B73
:104A3000F9D1D2F800A0D2E904533DB115F0030B2F
:104A400001D1994554D96FF00901D8E7002BFAD16B
:104A50001CB19B460CE092461546274BD3F8A000AC
:104A6000D8B1FFF788FE0446A0B14FF0010B35BB6B
:104A7000214B00224946D86FFFF704FE0546C0B916
:104A8000BBF1000F06D01C4B2146D3F8A00058B153
:104A9000FFF78BFE6FF00401B1E701223421D3F858
:104AA0008000FFF7EFFDDEE7D3F88000FFF71FFE81
:104AB000F0E74BF0020B4A4600211CF089F8FA237C
:104AC0003246394604F10C002370002384F802B00A
:104AD000A360C4F804A0C4E90983C4E90B332B46DE
:104AE000FFF728FE044B054A1A672046BDE8F88FF9
:104AF000002CE4D1B1E700BF280C00246B48040867
:104B000000F1280310B553E8002F12B9BFF32F8F1F
:104B100004E0511E43E8001404B1F4E70AB9002090
:104B200010BDC06A01230028F9D0821CD2E84F1FB3
:104B3000C2E8443F04B1F9E711F0FF0FF0D08068FC
:104B4000F1E700002DE9F0410F461546984604466E
:104B500018B10378FA2B00D141B920466FF0030158
:104B600001F0C8FB6FF00300BDE8F081FFF7C8FF5C
:104B7000064600283AD001462046FFF76AFE626AE0
:104B800006F10C0138461BF025FF0DB1F3782B70B0
:104B9000002504F10C07314638463570FFF705FE55
:104BA000A3680BB90020DFE73846FFF7E4FD0646AF
:104BB0000028F7D0204600F015FE074629460122BE
:104BC00000F0B2FF384600F083FE626A0746816853
:104BD00006F10C001BF0FEFEF923B5703146337070
:104BE0002046FB68F370FFF70FFEDBE7B8F1000F1C
:104BF00010D04146832001F07DF840B1074B20469C
:104C0000596900F0DDFDEFF30983C3E902756FF028
:104C10000100A9E76FF00200A6E700BF280C0024FE
:104C200008B5064B08219A6ED86EFFF7D9FE044BE3
:104C3000D864B0FA80F04009404208BD70660608AA
:104C4000280C00242DE9F04106460F4690461C46EC
:104C5000EFF305834BB196B930466FF0030101F0D5
:104C600049FB6FF00300BDE8F081FFF7C2FD0028AB
:104C7000F1D130462346DFF848C000DFF3E7337850
:104C8000FA2BE9D1002FE7D0002CE5D106F10C007A
:104C9000FFF771FD054680B1726A39460C301BF092
:104CA00099FEF9232846AC702B7085F80380C5E97E
:104CB000017600F06FFC2046D5E76FF00200D2E7E6
:104CC00025490408F8B504460F4616461D46EFF37D
:104CD000058343B18CB920466FF0030101F00AFB54
:104CE0006FF00300F8BDFFF784FD0028F2D12046E5
:104CF0002B46DFF844C000DFF4E72378FA2BEAD133
:104D0000002FE8D0002DE6D12046FFF7F9FE05463A
:104D100070B100F10C01626A38461BF05BFE0EB107
:104D2000EB7833702846EC6000F034FC0020D9E7C3
:104D30006FF00200D6E700BF454B0408EFF3108385
:104D40002BB9EFF31180003818BF01207047012004
:104D50007047000070B5A8B38468D0E900566CB104
:104D600014F0030302D1C2681B2A1AD800246FF082
:104D70000801002001F0AEFA204670BDC368002B88
:104D8000F4D1124BD3F8940030B901221C21D3F88E
:104D90008000FFF777FC01E0FFF7EDFC044660B10F
:104DA0000123F522A3700023E6702270656023764C
:104DB000C4E90233C4E90433DEE76FF0040101F013
:104DC00089FAD9E705460646DBE700BF280C002430
:104DD000284B70B55D6904460E4635B96FF0070182
:104DE00001F078FA4FF0FF3070BD10B10378F52B69
:104DF00007D020466FF0030101F06CFA6FF003005A
:104E0000F2E7037E53B9C0E90353EB6A436103B190
:104E100018610123EC6200202376E5E7C278D10710
:104E20000DD5C168A9420AD1FF2B06D16FF00F0141
:104E300001F050FA6FF00200D6E70133EBE7002EE5
:104E4000F8D093070AD5E06895F9203090F9202032
:104E50009A4203DA80F8203000F0D6FC3146532025
:104E600000F048FF18B12946204600F0A9FC6FF079
:104E70000100B9E7280C00242E4B5A6970B504468E
:104E800032B96FF0070101F025FA4FF0FF3070BD25
:104E900010B10378F52B07D020466FF0030101F025
:104EA00019FA6FF00300F2E7037E33B96FF00E01D9
:104EB00001F010FA6FF00200E9E7C168914202D0F8
:104EC0006FF00D01F4E7013BDBB2037613BB4369DE
:104ED0000BB1016919612169F1B14B6192F921307E
:104EE000D56ADDB982F82030A36883B1204600F08E
:104EF00079FC06462A46294600F016FEF36AC4E904
:104F00000365636103B11C610123F4622376002011
:104F100000F0F0FC0020BAE7D362DFE7E978890708
:104F200006D5A96821B191F920108B42B8BF0B4674
:104F30006D69D6E7280C002470B5044610B10378DB
:104F4000F52B07D020466FF0030101F0C3F96FF095
:104F5000030070BD037EBBB16369C0680BB12269F9
:104F60001A61226902B3536190F92120C36AEBB937
:104F700090F92030934203D080F8202000F044FCC8
:104F8000A068F8B900F0B6FCA078002610F0010087
:104F90002670DED0134B2146D3F89450DDB128465D
:104FA000FFF703FC3046D4E7C362DDE7D978890711
:104FB00006D5996821B191F920108A42B8BF0A46F6
:104FC0005B69D4E7204600F00DFC00226FF002017F
:104FD00000F0AAFDD4E7D3F88000FFF788FB28464D
:104FE000B7E700BF280C00242DE9F0410446002655
:104FF00001270CB9BDE8F081E378D4F814801B07D1
:1050000012D5A36826767BB1204600F0EBFB002288
:105010000546114600F088FDEB6AC4E9035663615A
:1050200003B11C61EC6227764446E2E710B4C37812
:105030009B071DD5C06890F92120C36ADC78A407BE
:1050400009D59C688C4208BF8C6824B194F9204033
:10505000A242B8BF22465B69002BEFD190F9203005
:10506000934205D080F820205DF8044B00F0CCBBC3
:105070005DF8044B70470000024608B5EFF3058366
:1050800033B100206FF0050101F024F9002008BDC4
:10509000FFF754FE0028F4D11046DFF808C000DF07
:1050A000F5E700BF554D0408024608B5EFF3058348
:1050B0003BB110466FF0050101F00CF96FF00500EF
:1050C00008BDFFF73BFE0028F3D11046DFF804C00F
:1050D00000DFF5E7D14D0408024608B5EFF305837C
:1050E0003BB110466FF0050101F0F4F86FF00500D8
:1050F00008BDFFF723FE0028F3D11046DFF804C0F7
:1051000000DFF5E7794E0408024608B5EFF30583A2
:105110003BB110466FF0050101F0DCF86FF00500BF
:1051200008BDFFF70BFE0028F3D11046DFF804C0DE
:1051300000DFF5E7394F0408EFF310832BB9EFF3E5
:105140001180003818BF01207047012070470C30D3
:10515000D0E85F3F13B9BFF32F8F04E05A1EC0E8B9
:10516000512F01B1F4E798B2003818BF0120704701
:1051700030B500F10C02C189D2E85F3F994202D8F4
:10518000BFF32F8F04E05C1CC2E8554F05B1F3E775
:10519000C0899BB2984294BF0020012030BD00001E
:1051A000F8B515464FF6FE73421E06460F469A4264
:1051B00001D8884207D26FF003010024002001F0DB
:1051C0008FF82046F8BD7DB1AC682A6844B114F070
:1051D000030302D1E9680F2922D86FF00801ECE738
:1051E000EB68002BF9D11546114BD3F8980080B12C
:1051F000FFF7C1FA0446A8B10123F622A3700023E9
:1052000065602270A3600B4A094BA781E6819A660C
:10521000D7E701221021D3F88000FFF733FAE9E73E
:105220001546EAE76FF0040101F05AF8C9E700BF3C
:10523000280C002439520408836810B504465BB179
:10524000FFF785FF40B1204600F0CCFA0022BDE810
:105250001040114600F068BC10BD38B5054610B1CD
:105260000378F62B07D028466FF0030101F038F8D9
:105270006FF0030038BD84683CB100F0B3FA01223E
:10528000002100F051FC0020F4E7FFF771FF38B96E
:1052900028466FF0100101F023F86FF00200E9E7F3
:1052A0002046E7E738B50D46044610B10378F62BE3
:1052B00007D020466FF0030101F012F86FF00300F1
:1052C00038BDFFF744FF68B975B12946632000F087
:1052D00011FD20B1064B2046596900F071FA6FF0BC
:1052E0000100EDE70020EBE76FF00200E8E700BF08
:1052F000280C002470B5054610B10378F62B07D0B2
:1053000028466FF0030100F0EBFF6FF0030070BD63
:10531000836863B1284600F065FA00226FF002014D
:1053200000F002FCA8680028F4D100F0E3FAAB78A2
:10533000002613F001032E700FD0094B2946D3F835
:10534000984024B12046FFF730FA3046DFE7D3F823
:105350008000FFF7CCF92046D9E71846D7E700BF11
:10536000280C002410B50446EFF3058333B1002068
:105370006FF0050100F0B4FF002010BDFFF7DCFE68
:105380000028F4D12046DFF808C000DFF5E700BFB1
:10539000A1510408024608B5EFF3058343B182B971
:1053A00010466FF0030100F09BFF6FF0030008BD93
:1053B000FFF7C2FE0028F2D11046DFF824C000DF5C
:1053C000F5E71378F62BEBD10029E9D11046FFF76A
:1053D000BEFE002814BF00206FF00200E7E700BF08
:1053E000A552040810B50446EFF3058343B184B910
:1053F00020466FF0030100F073FF6FF0030010BD53
:10540000FFF79AFE0028F2D12046DFF830C000DF17
:10541000F5E72378F62BEBD12046FFF7A9FE20B164
:10542000204600F0B7F80020E9E720466FF01001B1
:1054300000F056FF6FF00200E1E700BF5B52040886
:10544000024608B5EFF305833BB110466FF0050146
:1054500000F046FF6FF0050008BDFFF76DFE002865
:10546000F3D11046DFF804C000DFF5E7F552040879
:1054700010B5D0E85F3F5A1C914200D80022C0E826
:10548000542F04B1F5E798B210BD000038B51C4C9C
:1054900000F0BCFFE3680133E36000F0E9F90020AD
:1054A00000F028FA236D03B19847226C32B3A36948
:1054B000E16B994203D0D969E36301B9DA61DA6932
:1054C000C2B9237A022B19D1656ABDB1E36B95F994
:1054D000202093F920309A4210D1284600F08BF911
:1054E000E06B00F0A3F9284600F0FCF9236CE563BB
:1054F000EB6103E0013ADA61002AE2D038BD00BF77
:10550000280C002470B5224C04F1560504F15A060B
:10551000B4F85410D5E85F3F13B9BFF32F8F04E000
:105520005A1EC5E8502F00B1F4E79BB25BB330467A
:10553000FFF79EFFE36D53F8200020B30378F13BA3
:10554000082BE5D801A252F823F000BF71550408DA
:10555000115504087755040811550408115504081D
:105560007B5504087F550408115504088355040829
:10557000236E9847CCE7636EFBE7A36EF9E7E36E13
:10558000F7E7236FF5E70020BDE8704000F0B2B9FF
:10559000280C002470B5164C0546B4F8541004F1DC
:1055A0005602D2E85F3F994202D8BFF32F8F04E042
:1055B000581CC2E8560F06B1F3E79BB2994205D8D2
:1055C00029460220BDE87040FEF79FBF04F1580055
:1055D000FFF74EFFE36D43F82050637A23B9054B84
:1055E0004FF080525A6070BD0123A372FBE700BFE9
:1055F000280C002400ED00E0EFF310832BB9EFF34B
:105600001180003818BF01207047012070470378CF
:10561000F12B00D07047C068F9E7000010B5C469ED
:10562000621CD0E904310CD103B1596142691AB14D
:1056300013610023436101E0074A13630023C36140
:1056400010BD1BB1DA6959612244DA614269002A4E
:10565000EED1014AD362F1E7280C002401230A4A63
:1056600090F9201043701C32936810B51BB193F968
:1056700020408C4205DCC0E90232906003B1D86062
:1056800010BD1A469B68F1E7280C0024014B5869AD
:10569000704700BF280C002408B500F031FEDFF889
:1056A00010C000DF4FF0FF31002000F007FEFEE7E2
:1056B000915B0408930710B502F0010422D400F1B5
:1056C000280384B153E8000F00EA01028A4203D0A4
:1056D000BFF32F8F002005E020EA010243E80024F9
:1056E00004B1EFE710BD53E8000F084203D1BFF348
:1056F0002F8F002005E020EA010243E8002404B1D6
:10570000F1E7EFE7806A01EA00031CB1994218BF94
:105710000020E7E7002B08BF0020E3E7084A00214C
:10572000136B10B53BB94FF0FF34C0E90431C461CD
:1057300021B1086110BD19461B69F3E71063F9E751
:10574000280C0024002310B50380044683789A07B0
:1057500008D513F0100F016B0E4B0FD0D3F8840057
:10576000FFF723F8A378DB0712D50A4B2146D3F8BD
:10577000880038B1BDE81040FFF717B8586FFEF742
:10578000B6FFEFE7D3F88000BDE81040FEF7AFBFEB
:1057900010BD00BF280C0024C2780346D20701D4F4
:1057A000FFF7D0BF042242700022C260034A516B4F
:1057B000816001B1C8605363704700BF280C0024AA
:1057C00091F92020836810B51BB193F920409442D1
:1057D00005DAC1E90230816003B1D96010BD184615
:1057E0009B68F1E783689A68826002B1D06000220A
:1057F0001846DA607047C2682AB18368936003B1C3
:10580000DA600023C360704710B50146044664B1F6
:105810002378F12B07D00846FFF7EDFF2046BDE8BF
:105820001040FFF7CDBFE468F1E710BD012301464A
:1058300043700148FFF7C4BF440C002470B50B4D02
:105840002E7A022E10D16C6A74B1696994F9202005
:1058500091F920309A4207D12046FFF7CCFF084645
:10586000FFF7E4FF6670AC61002070BD280C0024D7
:1058700038B5164DEC6A44B3E369013BE36123BBE1
:105880006378732B06D009D8532B0BD003F0DF03BA
:10589000432B0DD12046FFF7BAFE09E003F0EF03DA
:1058A000832BF6E72046FFF7B2FE2146FFF7BEFB4B
:1058B0002046FFF7A0FFFFF7B9FF246924B1E36991
:1058C000002BDDD000236361EC6238BD280C00247E
:1058D00090F82230826B13F0100F0CBF6020202054
:1058E0001044704702234370014B9861704700BF1A
:1058F000280C002470B5124D04462E7A696990B9BF
:10590000022E0FD16C6A6CB194F9202091F92030ED
:105910009A4207DD2046FFF76EFF0846FFF79EFE1E
:105920006670AC6170BD022E05D190F9202091F90E
:1059300020309A42F1DC2046BDE87040FFF776BF88
:10594000280C00242DE9F04F85B08146029128B93A
:105950006FF00301002400F0B1FCBCE0002A45D048
:10596000966846B1B40702D1D368432B06D86FF0CE
:1059700008010020EEE7D368002BF8D19769D2E93F
:1059800004453CB1600702D1002D40F0B2806FF0B9
:105990000A01EEE72FB17B1E372B03D96FF00B0105
:1059A000E7E71827002D40F0A880D2E900A3019373
:1059B0004EBB574BD3F88800F0B1FEF7DCFE06462D
:1059C00000283AD04FF00108002C44D1DFF840B154
:1059D000E5B9504ADBF88400556DB8B1FEF7CBFE4F
:1059E0000246E0B148F01008344623E092461446DF
:1059F000182715460192DCE701224421D3F88000E4
:105A0000FEF740FEDBE74FF00008DDE722462946BF
:105A1000DBF87400FEF736FE02460028E4D1B8F148
:105A2000000F16D0DBF8882052B110463146FEF741
:105A3000BCFE002248F002087CB96FF0040198E730
:105A40003146DBF880000392FEF751FE039A1446BC
:105A5000F0E74246EEE72246344640F2F1137FB2C9
:105A6000FD2184F802802380019BC4F804A0E37028
:105A7000002384F8207084F8217061846563C4E990
:105A80000233C4E90433C4E90633C4E90933C4E981
:105A90000B32A5F140031344C4E90E391E4B1360C9
:105AA0001C4B1B685B071AD4A36B00201A4603F13A
:105AB000340143F8040B9942FBD1184B2046C2E94C
:105AC0000D394FF08073D363029B1362104B144A5D
:105AD0001A66FFF70FFF204605B0BDE8F08FAD084E
:105AE0004FF0CC33113D002DDED0013D42F8043F94
:105AF000F9E7002F7FF44FAF182769077FF447AF0E
:105B0000A5F14801074B99427FF64FAF3FE700BF31
:105B1000280C002470660608A52E5AE2995604083F
:105B20004D5B0408B7FFFF7F38B504461546FFF705
:105B3000CFFE01602046FFF771FD1DB1BDE8384082
:105B4000FFF7D8BEBDE83840FFF770BE10B5437808
:105B50000446332B0CD1416A90F82320FFF7AAFDAD
:105B6000014628B120460022BDE81040FFF7DCBF07
:105B700010BD10B50446806918B100221146FFF728
:105B8000D3FF6378232B02BFA36800229A6110BD64
:105B900070B50F4C267A022E18D1636AB3B16569CD
:105BA000E86AFFF721FA2846FFF7E3FF04F11C003B
:105BB000FFF718FE4670A061EFF30983AB63002383
:105BC00028466361BDE87040FFF7E6BD70BD00BFC9
:105BD000280C002410B5044610B10378F12B07D02F
:105BE00020466FF0030100F069FB6FF0030010BD69
:105BF000437803F00F03022B1ED0032B2BD0012B75
:105C00002ED1FFF7F8FDE06AFFF7EEF92046FFF727
:105C1000B0FF6178022926D11548FFF7E3FD154B47
:105C200041709861EFF30982A26300225A61204615
:105C3000FFF7B2FD0020DAE70E4B1A7A022A02D1F2
:105C40005B6A002BDFD16FF00201204600F036FBCB
:105C50006FF00200CBE7FFF7CEFDFFF7DFFCD2E7E6
:105C60006FF00201F2E70020FFF744FEDFE700BF1C
:105C7000440C0024280C002470B5044620B103789D
:105C8000F12B01D1002908DA6FF003056FF0030151
:105C90002046FEF79AFA284670BD4378042B06D1B9
:105CA0006FF002016FF00205FEF78FFAF3E700F1E3
:105CB000280353E8002F42EA010543E8005606B1E5
:105CC000F7E74378332BE6D1416A90F82320FFF7BA
:105CD000F1FC01460028DED094F8233001229B0716
:105CE00056BF656A054620EA05052046FFF71CFFFA
:105CF000D1E7000038B5174C0246237A022B27D192
:105D0000606A60B160694B1C427009D1FFF706FD03
:105D10001148FFF767FD02234370A061012038BDE1
:105D2000E36A002213B1DD69A9420BD2C161C0E967
:105D300004325AB11061002BEAD0DA695861511A65
:105D4000D961E5E71A46491B1B69EBE7E062F2E718
:105D50000020E4E7280C0024440C0024F8B5164B7E
:105D600005460F4616465C693CB920466FF00701B0
:105D7000FEF72BFA4FF0FF30F8BD002807DA204677
:105D80006FF00301FEF721FA6FF00300F4E70A4613
:105D900001462046FFF78EFC0028EDD14EB131467A
:105DA0003320656284F82370FFF7A4FF6FF00100D1
:105DB000E2E76FF00200DFE7280C002438B50D4C55
:105DC00000210D48A26DFFF7BDFD0C4D636EA8626A
:105DD0005BB1984758B9E26DE96C206EFFF7B2FDF0
:105DE000A864003818BF012038BD0120FCE700205E
:105DF000FAE700BF706606082D620408280C00242C
:105E000010B50446EFF3058333B100206FF00501B0
:105E100000F054FA002010BDFFF7EEFB0028F4D18B
:105E20002046DFF808C000DFF5E700BF4559040849
:105E300008B5EFF3058313B1054B586908BDFFF7AB
:105E4000DBFB0028F8D1DFF80CC000DFF6E700BF6D
:105E5000280C00248D56040808B5EFF305833BB1E8
:105E600000206FF0050100F029FA6FF0050008BD71
:105E7000FFF7C2FB0028F3D1DFF804C000DFF6E72C
:105E80003D58040810B5044600F046FAEFF30583C8
:105E90003BB120466FF0050100F010FA6FF00500ED
:105EA00010BDFFF7A9FB0028F3D12046DFF804C09E
:105EB00000DFF5E7D55B0408024638B5EFF305834C
:105EC0004BB192B96FF003046FF003011046FEF777
:105ED0007CF9204638BDFFF78FFB0028F1D1104632
:105EE000DFF844C000DF0446F3E71378F12BE9D173
:105EF0000029E7DB5378042B07D16FF0020110462D
:105F00006FF00204FEF761F9E3E702F1280353E8BA
:105F1000000F40EA010443E8004505B1F7E71046E9
:105F2000FFF738FBD5E700BF795C040810B50446DD
:105F3000EFF305833BB100206FF00501FEF745F953
:105F40006FF0050010BDFFF757FB0028F3D1204686
:105F5000DFF804C000DFF5E75D5D04080C4A30B5EA
:105F6000536C002413B11D698D420AD90161C0E947
:105F700002431BB11D699860691A19612CB1E06078
:105F800030BD1C46491BDB68ECE75064F8E700BFF6
:105F9000280C00242DE9F041184D6C6C54B3236992
:105FA00001276E69013B2361236913BBE3680BB1D1
:105FB000A2689A606B64002304F11801E86C1A4629
:105FC000FEF740FE58B121460320D5E905836B61F9
:105FD000FEF79BFA6B6913B9B04508BF0026E3785A
:105FE000012B09D161692046FFF7B8FF6C6C002CCA
:105FF000DAD16E61BDE8F0816770F7E7280C002404
:1060000008B5FEF70DFE18B9034B044A1A6508BD22
:106010004FF0FF30FBE700BF280C0024955F040819
:10602000044607B54FF0FF33002269462046FEF7CD
:1060300049FE0028F6D1DDE900309847F2E700007C
:1060400008B5094A094B1A60094B9B1A094A1360A3
:10605000094A0A4B1A600A4B9B1A0A4A136000F05D
:1060600051F800F083F800BF00FC0724CC45002461
:1060700000000824C8450024D01401244C600024EA
:1060800000FC07244860002438B50E480B250E4B51
:106090001C24456003600D4BC4608360FEF7ECFF79
:1060A0000B4B18600B480C4BC460C0E900350B4B20
:1060B0008360FEF7E1FF0A4B1860BDE838401AF034
:1060C00089B800BF9845002444670608AC45002401
:1060D000A845002468450024516706087C45002433
:1060E00078450024FDF746BC024B4FF0FF3118689D
:1060F000FEF7DABFA8450024014B1868FEF7ECBF95
:10610000A845002408B505F025F90C4B0C49986802
:106110004FF00053C21802F16042126843F8042B9A
:106120008B42F7D1054B4FF000529A6014F028FDD6
:1061300016F0FCFEBDE8084000F015B800ED00E0E8
:10614000980200207047704708B500F043F8FFF749
:10615000F9FFFFF799FFFFF7F6FF06F013FABDE826
:106160000840FFF7BFBFFEF7DBB90000114C124B30
:1061700023614FF4004363614423E3600F4BA3604A
:106180001823A3610E4B07B5224600210D4823605A
:10619000FFF736FE034628B922460B4900900B480C
:1061A00006F000FAFEF7D4F9002309491A460093D5
:1061B000F5E700BF08F3002408730024D04500244D
:1061C0006B67060849610408706706081D010180B5
:1061D0008C6706081FB5064B6C460FCB84E80F0092
:1061E0002046FEF749FF034B186004B010BD00BF06
:1061F000A46706080073002473B506460C461546CE
:1062000006F0C2F958B90634324628462ABF054B73
:10621000054953F824100023009306F0C3F902B097
:1062200070BD00BF68690608BC68060808B500F0C4
:10623000F7F80000002307B5421E00930023042A4C
:1062400019D8DFE802F003080C10140001220C49F1
:106250000C4806F0A7F902220B490C48F9E7032283
:106260000B490C48F5E704220B490C48F1E70522DD
:106270000B490C48EDE702460B490C48E9E700BF23
:10628000B467060825010280D5670608260102804A
:10629000FA670608270102802F6806082801028095
:1062A0006A6806082A010280AA68060800010280BE
:1062B0000146014AFFF7A0BF31010180014AFFF703
:1062C0009BBF00BF32010180014AFFF795BF00BFAD
:1062D00037010180014AFFF78FBF00BF3301018002
:1062E00011F1110F02D0024AFFF786BF704700BFBD
:1062F00034010180014AFFF77FBF00BF38010180F0
:1063000010B5FFF795FD034B1B6813B1BDE81040B6
:10631000184710BD14460024024B1B6803B11847F0
:10632000704700BF14460024024B987A003818BF0B
:1063300001207047280C002408B5FEF74DF9002213
:10634000064906F03DFAC31C04D98B2204490548CE
:1063500005F090FEBDE80840FEF752B92963040835
:10636000A3690608B5690608B0F57A7F10B50C4632
:1063700004D0322219491A4805F07CFE05F030FBA2
:106380000028184A16DB00F16043F02103F5614351
:1063900083F80013916800F1100341F82340BFF324
:1063A0004F8F926852F823309C420AD03F220B490B
:1063B0000D48E1E700F00F03F021043B1344197688
:1063C000E8E7002808DB0123420900F01F0003FA78
:1063D00000F0064B43F82200002010BDA369060818
:1063E000E269060800ED00E0EF69060800E100E060
:1063F00008B506F06DF9BDE8084005F01CBC0000CA
:10640000014B186805F04CBC785F0024014B1868FC
:1064100005F008BC785F002408B505F0E1FA08BD76
:10642000024C08B523689847FCE700BFCC0C002459
:106430000C30704703680BB108461847704710B519
:106440000446FCF713FF204610BD08B5FCF7ECFF2F
:1064500008BD0000044B0022C3E901221A611A6042
:10646000024ADA60704700BF184600243564040809
:1064700010B50022034600F1110403F8012B03F8C4
:10648000012B9C42FBD1418210BD000042F602115B
:10649000024808B5FFF7ECFF08BD00BF2C460024FA
:1064A00008B5FAF7DCFC08BD10B50446FCF7DEFEC3
:1064B000204610BD08B5FFF7C8FF08BDD0E900327F
:1064C000096812F0010F01EB620005D010B45410FE
:1064D0000A595DF8044BD35818470146043008B5F3
:1064E000FFF7ECFF08BD0000034A0346C26007C97E
:1064F00083E80700704700BF1C6A060810B588B023
:10650000059108A902AC019001E90C0005A984E8F5
:106510000C00FFF7E9FF019808B010BD37B56C46D5
:10652000054684E80C0094E80C00FFF7E7FF2846D6
:1065300003B030BD08B5FFF7D0FF08BD08B5FFF7C1
:10654000F9FF08BD0068704710B50446FAF782FCF1
:10655000204610BD10B50446FAF77CFC204610BD5D
:1065600010B504460021FBF799F8204610BD08B588
:10657000FFF75EFF0068003818BF012008BD8842A1
:1065800038B5044606D00D46FAF764FC2046294685
:10659000FCF76CFE204638BD884238B5044606D06C
:1065A0000D46FAF757FC20462946FCF75FFE2046C9
:1065B00038BD08B5FFF73CFF0068003818BF012060
:1065C00008BD10B504460021FBF768F8204610BD51
:1065D00070B504460D46FFF7CAFF28B940F2022203
:1065E0000649074805F046FDE068FFF7ABFF29467E
:1065F00003462046BDE87040184700BF4C6A0608B5
:10660000E464060808B5FFF7E3FF08BD70B504466B
:106610000D46FFF7CEFF28B940F20222064907488F
:1066200005F028FDE068FFF78DFF29460346204668
:10663000BDE87040184700BF4C6A0608E4640608CD
:1066400008B5FFF7E3FF08BD10B5044606F090FE5D
:10665000204610BD10B5084C204606F049FE002328
:106660002046064A84F8243023630549C4E90A33E6
:10667000BDE8104006F0D6B94046002400000024D2
:10668000496604080268904B9A422DE9F04393B0A2
:1066900040F0178105F0E6FD8C4B0022C3F8842002
:1066A000BFF34F8FD3F8802043F6E074C2F3C900E4
:1066B000C2F34E32520102EA0406014646EA8175EF
:1066C0000139C3F87452F9D2203A12F1200FF2D1F5
:1066D000BFF34F8FBFF36F8F0022C3F88420BFF347
:1066E0004F8F5A6922F480325A61BFF34F8FD3F82B
:1066F000803043F6E070754CC3F3C901C3F34E33E9
:106700005B0103EA00060A4646EA8275013AC4F8CC
:106710007452F9D2203B13F1200FF2D1BFF34F8F07
:10672000BFF36F8F05F0B4FD694B01260025D3F848
:10673000E0204FF400470DA9664842F001024FF0F7
:10674000300902244FF00308C3F8E020D3F8E0201A
:1067500002F001020192019AD3F8E02042F0040213
:10676000C3F8E020D3F8E02002F004020292029A7B
:10677000D3F8E02042F04002C3F8E020D3F8E02054
:1067800002F040020392039AD3F8D82042F4004268
:10679000C3F8D820D3F8D82002F400420492049A17
:1067A000D3F8D82042F48032C3F8D820D3F8D820C8
:1067B00002F480320592059AD3F8D82042F40032D0
:1067C000C3F8D820D3F8D82002F400320692069AF3
:1067D000D3F8E02042F40072C3F8E020D3F8E030B0
:1067E00003F400730793079BCDE90D76CDE90F55B0
:1067F0000AF02EFF0DA93848CDF834900AF028FF92
:106800003246102134480BF009F832462021324834
:106810000BF004F80DA931480E960D940F950AF06F
:1068200017FF324621462D480AF0F8FF192008F0DC
:1068300071FF39462A4627480AF0F0FF642008F025
:1068400069FF3246394623480AF0E8FF0B274FF428
:10685000605308A922480A95CDE90834CDE90B8791
:106860000AF0F6FE08A91C480C97CDE90844CDE9CA
:106870000A580AF0EDFE08A917480C97CDE90894CC
:10688000CDE90A480AF0E4FE802308A913480C97D2
:10689000CDE90834CDE90A680AF0DAFE042308A934
:1068A0000E480C97CDE90834CDE90A480AF0D0FE2D
:1068B00008A90A480C97CDE90844CDE90A580AF01E
:1068C000C7FE13B0BDE8F0830080024000ED00E099
:1068D00000440258002402580008025800000258E0
:1068E0000018025830B570B1CC6864B18A6852B1F2
:1068F0000B6943B10D6849688560C1608361C0E977
:106900000424002030BD4FF0FF30FBE773B50023B7
:1069100046680446019366B1A36998470546A36992
:106920009847431BB3F5FA6FF9D90123002563603B
:1069300027E0836803B1984720230025236063691B
:1069400001AA12213046984700281DDB019B03F065
:106950001F03B3421AD10025266020681F2833D8B0
:106960007DB923694FF400422946984700282EDB61
:10697000636901AA29462068984700280ADA6FF05F
:106980000405284602B070BD6FF004050136202EC4
:10699000D5D1E2E7A36998470646019B1B0402D4C0
:1069A000002DB9D0EDE7A3699847801BB0F5FA7FB9
:1069B00007D8636901AA0021206898470028ECDA0B
:1069C000DDE76FF00105E8E76FF00205D9E76FF04A
:1069D0000305D6E737B500254369044601AA01211E
:1069E000006801959847A84203DA6FF0040003B0ED
:1069F00030BD636901AA0121206898470028F4DBB3
:106A0000019B5B072CD5636901AA2946206898473A
:106A10000028EADB019BDD040ED403F40452B2F536
:106A2000045F01D10220E2E7980401D50320DEE7EC
:106A3000D90513D50420DAE7636901AA1F2120686C
:106A400098470028D1DB019BDA040BD503F01C0327
:106A5000182BE7D0082BE9D0142BEBD00520C6E784
:106A60000120C4E70620C2E740F2DC507047002056
:106A700070470620704770477047C0F86C11704728
:106A80000020704712F0B6BF04300AF007BB08B50B
:106A900004300AF003FBA0F110035842584108BD2E
:106AA00010B5041D20460AF0F9FAE02807D1204667
:106AB00009F020FE2046BDE8104009F09FBD10BD42
:106AC000F0B500F582779FB006460D46384606F0D1
:106AD00017FC7822002168461AF07AF800226B46EB
:106AE0002C4611460CB30A2911D10024184A194921
:106AF000022004F0ADFDAB7B012B02D9284600F04B
:106B000087FD384606F01AFC20461FB0F0BD6068CD
:106B1000186060890244586009B143F8043C246855
:106B200004B99C6001310C33DCE70B49301D4A602D
:106B30003222C1F808D009F007FE034628B1074AFF
:106B40000220044904F084FDD5E70124D3E700BF07
:106B5000576A06087E6A06089C460024836A06086F
:106B6000032A0846024928BF032219F033BF00BF99
:106B7000AF71060808B5044A0820044904F068FD0E
:106B8000BDE8084005F062BEAB6A06087E6A0608EA
:106B900010B5064C06492046FFF7A4FE2046FFF735
:106BA000B5FEB0FA80F0400910BD00BF7C4600245D
:106BB000D00C00240148FFF70DBF00BF7C46002425
:106BC0000238032815D8DFE800F0020A0C114FF450
:106BD00000530B604FF48043012013607047002383
:106BE000F7E74FF400530B600023F5E700230B6039
:106BF000F2E70020704708B500F0F2FA08BD000087
:106C000030B5051D85B000230C46284601A9009328
:106C100009F072FE48B96946284609F0B8FE38B155
:106C2000184A0220184904F013FD4FF0FF3026E007
:106C3000284609F0C9FE0099002911DD019B03F0E7
:106C40001F020A44BFF34F8F10481A44C0F85C3249
:106C50002033D11A0029F9DCBFF34F8FBFF36F8FB8
:106C60004FF4C172BDF80010002000F003FD206059
:106C700028B1BDF80020019900F082FD002005B088
:106C800030BD00BFB66A06087E6A060800ED00E067
:106C90003D200022072108B509F090F83D20BDE80D
:106CA000084009F0BDB80020704700000022064BE4
:106CB0001B680270802243714270E12282701A0CBC
:106CC000C2701A0A0271704700E8F11F10B504463D
:106CD000FFF7E9FF20B92046BDE81040FFF7E6BF07
:106CE00010BD000070B586B0044609F0BBF82F490E
:106CF0002F4B02AD012604342846ADF80860CDE9DB
:106D000003134FF08073059309F0CEF840F201139E
:106D10002848ADF80830284BCDE903034FF4803301
:106D20002846059309F0C0F8042009F0ABF8234B7E
:106D300028462360FFF7CAFF214B656008202361C6
:106D4000204B2672E36040F2F4531F4A63610A232A
:106D50001E490093042304F07BFC20460AF08CF8C3
:106D6000054600BB1A4E01463022301D19F030FF97
:106D7000212333604FF44033C6E90453154E2946AE
:106D8000013532460023204606F5BF6609F018FC9F
:106D9000042DF4D1104A08200C4904F059FCFFF7E7
:106DA000F7FE06B070BD0020FBE700BF0000043016
:106DB00009000003004004300D0000030080024081
:106DC0000000043000010430E16A06087E6A06080B
:106DD0009C46002400040430FB6A0608084608B5F7
:106DE000FFF774FF012008BD002307B51A460249CA
:106DF0000248009305F0D6FB156B060805001180CC
:106E0000002307B51A4602490248009305F0CAFB61
:106E1000496B06080500118038B50D4B0025044666
:106E2000036000F5827040F8485C06F061FA04F5F2
:106E3000947006F05DFA04F5A670FFF7C2FB04F546
:106E4000AE70FFF78DFB2046C4F8705138BD00BF0F
:106E5000E46B060810B50B4C2378BFF35B8FDB07A0
:106E60000ED4204605F0EEFD50B10748FFF7D4FFE1
:106E7000204605F009FE054A0549034805F0D2FD04
:106E8000014810BD74460024D046002400000024B0
:106E9000ED6E040837B50D4604460192FFF7DAFFA0
:106EA000019B2A462146043009F078FE003818BFBD
:106EB0000120404203B030BD37B50D460446019273
:106EC000FFF7C8FF019B2A462146043009F094FED3
:106ED000003818BF0120404203B030BD08B5FFF7AD
:106EE000B9FF043009F08CFF002008BD0A4B10B533
:106EF0000446036000F5AE70FFF72CFB04F5A670A6
:106F0000FFF722FB04F5947006F032FA04F5827064
:106F100006F02EFA204610BDE46B060808B500F511
:106F2000A670FFF72CFB08BD08B500F5AE70FFF7A3
:106F300033FB08BDF0B59DB00446FFF73BFE0128CA
:106F40000546D4F8707139DD012F18DC01AA02A9B9
:106F5000FFF736FE18B94FF40053CDE90130261D76
:106F600003A9304609F07AFE019B03A93046099334
:106F7000029B089309F038FF304609F071FB04F5D5
:106F8000AE763046FFF7F3FA60B1012D0EDD012F2A
:106F900008DC01213046FFF735FB114A1149082072
:106FA00004F056FBC4F870511DB0F0BD012FF9DD9F
:106FB00000213046FFF726FB0B4AEFE7012FDEDD0D
:106FC0000A4B4FF00052C3F88420BFF34F8FBFF33A
:106FD0006F8F201D09F08EFB2046FFF759FECEE78C
:106FE0007D6B06087E6A06089C6B060800E100E0DF
:106FF00073B50446002600F594752846019606F000
:107000007FF901A92046FFF7FBFD002804DA284696
:1070100006F094F902B070BD019919B104F5A6709B
:10702000FFF70EFB284606F089F9E6E738B50E4C67
:1070300005462378BFF35B8FDA0708D4204605F0B6
:1070400001FD20B1094B20461D6005F01DFD074CD8
:107050004FF0FF3200210120FEF768FFC307F7D58C
:107060002068FFF7C5FFF3E778460024484800246E
:10707000D0E90032096812F0010F01EB620005D07F
:1070800010B454100A595DF8044BD3581847014600
:10709000043008B5FFF7ECFF08BD0000034A0346C3
:1070A000C26007C983E80700704700BFD06B0608BD
:1070B00010B588B0059108A902AC019001E90C0057
:1070C00005A984E80C00FFF7E9FF019808B010BD9E
:1070D00037B56C46054684E80C0094E80C00FFF7D1
:1070E000E7FF284603B030BDF0B505468DB005F08A
:1070F00097FB2846FFF7F6FD064600284ED02022D3
:10710000002104A819F064FD264B4FF4006003939E
:1071100019F012F905F1C00303AA29460790059357
:107120004FF40063204808934423069328230993CF
:10713000FEF766FEC5F8BC0003F0AAFD1B4B074630
:107140001A4A01930023294603A80293FFF7C0FFC0
:107150001021384603F048FB0446A0B103A9FFF70D
:10716000A3F92046C82103F0E2FC2046C82103F021
:10717000E1FC20460E4903F0E0FC22460D4938466A
:1071800003F0F2FB044603A8C5F87441F9F767FE63
:107190000A20FCF70FFE2846FFF77AFD30460DB0B7
:1071A000F0BD00BFBC6B06082D700408356F0408E5
:1071B000A1640408B564040808B5FFF768FF08BDBA
:1071C00008B5FFF7F9FF08BD08B5FFF743FED0F893
:1071D000BC0020B10121BDE80840FEF76DBE08BD2E
:1071E00008B5FFF737FE0430BDE8084009F032BCAF
:1071F000130911D051F804CB40F804CB51F804CB5B
:1072000040F804CB51F804CB40F804CB51F804CB40
:1072100040F804CB013BEDD112F00F0305D011F87B
:1072200001CB00F801CB013BF9D1704702220023CA
:1072300073B504460E4600681146FCF783FF021E34
:1072400001DB930709D4002316491748009305F082
:10725000A1F94FF0FF3002B070BDFDF78FF994F83F
:1072600024300546012103F10A02013303F007032C
:1072700044F82260206884F82430FCF71FFF94F85B
:10728000243094F82520013303F00703934203D1FF
:1072900002212068FCF740FF2846FDF785F9002011
:1072A000D9E700BF2C6C06080F01038013B5044614
:1072B0004FF0FF310068FDF7F7FE30B100232246A2
:1072C00003490448009305F06DF902B010BD00BFFA
:1072D000446C06081501038013B504460068FDF7E9
:1072E000FBFE30B10023224603490448009305F019
:1072F00059F902B010BD00BF5A6C0608170103808F
:10730000094B07B54FF0FF311868FDF7CDFE30B1DE
:107310000023064906481A46009305F043F9012068
:1073200003B05DF804FB00BF48F30024726C06084C
:1073300015010380074B07B51868FDF7CDFE30B186
:107340000023054905481A46009305F02BF903B0C0
:107350005DF804FB48F300248A6C060817010380DB
:1073600070B5064609200D4600F006F9044660B1E6
:10737000012301460370C0E901650548FFF756FF88
:1073800028B12146092000F003F94FF0FF3070BD0D
:107390004C480024F8B5044600286ED0830705D079
:1073A000FFF7AEFFBDE8F840FFF7C4BF334EA0F1D2
:1073B00008053368AB42F3D8314F00F10C0339684C
:1073C0009942EDD32F48FFF771FF14F8043C1BB925
:1073D0002C48FFF781FFE3E734F8080CB0F57A5F3B
:1073E000F6D834F8062CB2F57A5FF1D83368A5EBFD
:1073F000030C1FFA8CFC944502D09A5A6245E7D1DF
:1074000019183E68B14202D04A886245E0D1002294
:1074100004F8042C1C4A1768AF4288BF15608D42DF
:1074200011D00F797FB9B1420DD01668B142195A07
:1074300024F8081C195A08BF1560B1F57A5F1CBF03
:10744000C918A1F802C034F8061C581885420FD09C
:1074500006796EB91668B54208BF106034F8082C7A
:107460005A5234F8082CB2F57A5F1CBF9B18598029
:107470000448BDE8F840FFF72FBFF8BDC848002416
:10748000CC48002498480024944800242DE9F04179
:10749000002850D0C41C24F00304A4B20B2C04D93F
:1074A000B4F57A5F02D9002045E00C24A042FAD856
:1074B00026486FF00708FFF7F9FE254B2548C4F56D
:1074C0007A5E19680268531A9BB2734503D31F484A
:1074D000FFF702FFE7E7CD18CF5A95F804C0BCF1DB
:1074E000000F30D1A8EB03063E44A6422BD304F193
:1074F000140E764521D308341C44A6B211FA84F444
:1075000084F804C08F53638001232E802B718B5B22
:10751000B3F57A5F01D00B445E80AA4206D10E4BD0
:107520001B6814790CB193420AD102600748FFF737
:10753000D3FE05F10800BDE8F08101232B71ECE7D3
:1075400012880A44EDE73B46BFE700BF9848002495
:10755000C848002494480024CC48002410B50446B0
:10756000FFF7CEFE23681C680CB122681A60FFF793
:10757000E1FE204610BD00000E2805D8034B53F84D
:1075800020000830FFF7EABF00207047586D06085A
:107590000E2838B50C460DD861B1074B53F8205072
:1075A000FFF7AEFEAB681A6822601C60BDE8384089
:1075B000FFF7C0BE38BD00BF586D060808B5FFF71D
:1075C0009FFE084B00221A70FFF7B4FE064B1868A6
:1075D00000B908BD436F1BB1BDE8084000F00AB90F
:1075E000C068F5E74D0D0124540D012470B5064621
:1075F0000D200C461546FFF7BFFF40B10023048164
:10760000448143730573C0E900360123C38170BD13
:1076100070B5044660B30025FFF772FEA67B013EFD
:10762000F6B2A673FFF786FE4EB9637B26689B070A
:1076300009D52369204698470135EDB20EB9284691
:1076400070BD3446E8E7237B03F00F03022B04D11F
:1076500021460E20FFF79CFFEEE7012B02D12146C9
:107660000D20F7E7002BE7D12046FFF793FEE3E775
:107670000546E4E7B2F5C17F2DE9F04706460F461F
:1076800085B230D007D822F04003012B26D0002449
:107690002046BDE8F087B2F5207FF8D10335CB1C3A
:1076A00025F0030523F003031D44ADB205F11000DE
:1076B0009D4280B2EBD38342E9D8FFF7E7FE044650
:1076C0000028E5D006440023078113360360284BC9
:1076D00026F003064781C3604660D9E70020BDE875
:1076E000F047FFF783BF0026DFF890903446B0469E
:1076F0000E20B246FFF740FF0646C8B91D4DFFF702
:10770000FFFD01232F782B70FFB2FFF713FE4FB957
:1077100031461948FFF724FE20B1FFF7F1FD2E7026
:10772000FFF708FE002CB2D02046FFF771FFAEE74E
:10773000EB1C0544C0F8008023F0030313350781D8
:10774000C3F5147325F00305C0F80C909BB2456097
:10775000BB4228BF3B4643813CB1CAF80000FB1A3C
:1077600000259FB2002FC3D192E70446F7E700BF80
:10777000800001004D0D0124BD7504088200010048
:107780002DE9F0410F4614460546B8B1B1B1038961
:10779000934216D34FF0000814B92046BDE8F0819B
:1077A0006E8907EB08016868A64228BF2646324664
:1077B000A41BFFF71DFDB0442D68EDE76FF00F002F
:1077C000ECE74FF0FF30E9E710B5044648B14068F8
:1077D00008B1FFF71DFF21460420BDE81040FFF768
:1077E000D7BE10BD10B500B910BD0468FFF7ECFF9F
:1077F0002046F8E710B50446406F18B1FFF7F2FFD6
:107800000023636710BD0000F8B50546064655F82D
:10781000044B8CB90D4F386818B14FF0FF31FDF7AC
:1078200043FC346824B928462C4605F061FD3560D8
:10783000386808B1FDF750FCAC4204D08B220449F3
:10784000044804F017FC2046F8BD00BF0073002474
:10785000B86D0608C76D0608704710B5044670215C
:1078600005F066FB204610BD08B50348FFF7CCFFC6
:10787000BDE8084005F044BD0C49002408B50348A4
:10788000FFF7C2FFBDE8084005F058BD0C490024D1
:10789000084B13B504460360C2660191FFF7E4FF8D
:1078A0000199201D10F038FC2046FFF7E7FF204625
:1078B00002B010BDF46D06080368012200211B69A7
:1078C0001847036800221B691146184700F59E708F
:1078D00005F016BD00F59E7005F030BD10B50446EC
:1078E000F9F7B8FA2046FBF7BBFC204610BD0000B4
:1078F0002DE9F84304460546114B0F4604F1AC064A
:1079000004F59E7945F8043B90460021A8222846BC
:1079100019F05EF930461036F9F7E8FEB145F9D1B5
:10792000484605F0E5FC42463946284611F0D6FCAB
:1079300028462246034911F02FFB2046BDE8F88374
:107940000C6E0608237A04082DE9F041036804460A
:1079500016460F469B6804F1040804EB0615984789
:107960003846AC35FBF757FDA0B12846FBF753FD71
:1079700008B904F055FF39462846FBF73FFD0122C0
:107980004046314611F0B0FC23682046DB68BDE874
:10799000F04118472846FBF73EFD08B104F056FFBA
:1079A0002846FFF79BFF0022EAE7000070B5164B60
:1079B00086B0044600250360002102A8FBF700FB07
:1079C00002A9EAB220460135FFF7BEFF02A8F9F787
:1079D00046FA092DF0D1201D04F59E7504F1AC0680
:1079E000019011F0E5FA019811F006FB284605F028
:1079F000BFFCB54204D0103D2846F9F730FAF8E74D
:107A0000204606B070BD00BF0C6E060810B50446D7
:107A1000FFF7CCFF4FF4B071204605F089FA2046FD
:107A200010BD00EB011110B501F1AC042046FBF7CD
:107A3000F2FC10B12046FBF7F7FC10BD07B5019032
:107A400004F010FC0121019811F09EFD03B05DF8D7
:107A500004EB04F01DBC07B5019004F003FC002109
:107A6000019811F091FD03B05DF804EB04F010BC37
:107A700007B5CDE9001004F0F5FBDDE9001011F0C9
:107A80007FFD03B05DF804EB04F002BC094B30B598
:107A90001A46094CD3F89450A542FBD1036829B18A
:107AA00081680B604FF44073536130BDC1681B04A3
:107AB000F7E700BF006402580003008041680346F6
:107AC00030B471B1D0E9032000F0010402B944B12F
:107AD000451001EB60000CB149598A58996830BCD7
:107AE000104730BC7047036870B504460D461B68EC
:107AF000984704F130002946C4F8CC5012F086FBB8
:107B0000236820465B68BDE8704018477FB506468D
:107B10001D46044656F8303BCDE902211B689847C4
:107B20009DF82030304683F00103DDE90221009307
:107B30002B4612F061FD2368064620465B68984795
:107B4000A81B18BF012004B070BD7FB506461D46B6
:107B5000044656F8303BCDE902211B6898479DF852
:107B60002030304683F00103DDE9022100932B46EB
:107B700012F0DCFC2368064620465B689847A81B89
:107B800018BF012004B070BD70B590B00D4614460A
:107B900000211C2202A819F01BF801260023294607
:107BA00002A800961A4603F0FAF81C22002109A840
:107BB00019F00EF80023214609A81A46009603F092
:107BC000EEF80A9B1A68099B1A4203D16FF0010074
:107BD00010B070BD039B1968029B194046D109A8DB
:107BE0000A24FFF745FF09A8FFF728FF002109A88D
:107BF000FFF73EFF002109A8FFF748FF052005F029
:107C0000E3FA012109A8FFF733FF012109A8FFF7D3
:107C10003DFF052005F0D8FA013CE7D102A8FFF7A7
:107C20000DFF214602A8FFF731FF052005F0CCFA31
:107C3000012109A8FFF72AFF052005F0C5FA012157
:107C400002A8FFF723FF052005F0BEFA02A8FFF700
:107C500002FF09A8FFF7FFFE0A9B1A68099B1A4258
:107C6000B4D0039B1A68029B1A42AFD00020AFE742
:107C700010B504460021F9F711FD204610BD002281
:107C8000034600F1280143F8042B03F8012B994225
:107C9000FBD1704708B5D030FFF7B6FDBDE808400E
:107CA00005F02EBB08B5D030FFF7AEFDBDE80840AB
:107CB00005F044BBF8B51B4B04460D46164640F88C
:107CC000043B04F13007FFF7D3FF0021164B9C2241
:107CD000A18538466361A461C4E90711C4E90911AB
:107CE00018F076FF114B04F1D000C4F8CC30FFF748
:107CF000C6FF2046FFF7CEFF324629462046A4F8AD
:107D0000F850A4F8FA60FFF73FFFB4F9FA20B4F98D
:107D1000F810384612F0D0FB2046FFF7C3FF20468C
:107D2000F8BD00BF246E0608BD7A0408A0860100D5
:107D300070B504460D46164600219C2218F048FFF7
:107D400032462946204612F0B7FB2046044912F07D
:107D50005DFA2046012112F014F8204670BD00BFE4
:107D6000A086010012F052BACAB2002342F001020A
:107D7000194611F0F3BF12F04DB812F059B810B512
:107D8000144612F08DF8001B18BF012010BD10B56D
:107D90000446F9F75FF82046FBF762FA204610BD6B
:107DA0000346024A203011F0E9BC00BFBD7E040842
:107DB00083681A6843681A4214BF01200020704784
:107DC00070B5114B054604460E4645F8043B1C228F
:107DD0000021284618F0FCFE1022002104F12000AA
:107DE00018F0F6FE04F13000F9F780FC04F14000D1
:107DF000F9F77CFC31462046FFF7D2FF2846314692
:107E000002F0AFFF204670BD3C6E0608084B10B56F
:107E1000044640F8203B11F0ABFD04F14000F9F7B7
:107E20001EF804F13000F9F71AF8204610BD00BF23
:107E30003C6E060810B50446FFF7E8FF50212046C7
:107E400005F076F8204610BD70B50E46044604F0E5
:107E500009FA3046FBF7DFFA054604F1300020341A
:107E60005DB13146FBF7CAFA01222046012111F02B
:107E700013FCBDE8704004F00BBAFFF788FF2A46F8
:107E8000F3E770B50E46044604F0ECF93046FBF714
:107E9000C2FA054604F1400020345DB13146FBF7DB
:107EA000ADFA01222046022111F0F6FBBDE8704038
:107EB00004F0EEB9FFF76BFF2A46F3E7012910B58E
:107EC00002D002290BD010BD00F130042046FBF790
:107ED000A2FA0028F7D02046FEF7B7FAF3E700F140
:107EE0004004F3E7837E10B504461BB904F098FC08
:107EF0000123A37610BD837E10B504461BB104F0A8
:107F0000A5FC0023A37610BD10B5044604F0AAF921
:107F1000E37E4BB9B4F91810204613F0AFF92046B0
:107F2000FFF7E0FF0123E376BDE8104004F0B0B9AD
:107F30000023002210B5044601834383C26103621B
:107F4000FFF7E2FF204610BD10B5044604F08AF9A1
:107F5000E37E3BB1204612F0F5FF2046FFF7CBFF52
:107F60000023E376BDE8104004F092B910B5044652
:107F7000FFF7EAFF204610BDD0F89030012B10B576
:107F8000044686B004D9002084F8940006B010BDE1
:107F9000DBB204300493D0F888300393B0F99C30FE
:107FA0000293B0F99A300193B0F998300093B0F988
:107FB0009630B0F99420B0F9921013F0B7FCB0FAF3
:107FC00080F04009E0E70000F8B51D461D4B04466F
:107FD0000F46164640F8043B5C22002118F0F8FDDD
:107FE000BDF918304FF400322046A4F89C302266C8
:107FF000BDF91C30099AA4F89E30C4F89020BDF950
:108000002030114AA4F8A0300023C4F88C200F4A75
:10801000A4F89670A4F89860A4F89A50C4F8A43014
:10802000A4F86430C4F8883084F89430C4E92A2372
:10803000FFF7A2FF20B942220549064804F01AF8CA
:108040002046F8BD7C6E060840420F00797F040888
:108050005D6E0608666E06082DE9F0479DF82070F3
:10806000044689469246022F98469DF8246024D8FB
:10807000134BDB5D0BB3B6FBF3F503FB156515F096
:10808000FF051AD103689B6898479DF82830204661
:1080900084F8646084F865300B9B84F86090C4F8C1
:1080A0008830236884F861A0DB6884F8628084F8F3
:1080B000637098472846BDE8F0874FF0FF30FAE735
:1080C0006E6E060838B590F8943004460D4693B1AC
:1080D00003689B6898472946C4F88C50201D13F00C
:1080E00009FC0038236818BF0120DB6845422046A0
:1080F0009847284638BD4FF0FF35FAE7F8B50446F3
:108100000F4616460021202268301D4618F060FDFB
:1081100094F86030791C84F8683016BF002301237E
:1081200084F86970721C84F86A3094F8613018BF62
:10813000266784F86C3094F8623084F86D3014BF90
:108140000023012384F8743094F8633084F8783085
:1081500094F8643084F879306B1C16BF0023012337
:10816000E56784F88030D4F8883084F8843094F857
:10817000653084F88530F8BDF7B50093054690F872
:10818000943016460191DDE908740BB3ECB1E7B108
:108190002368EBB103689B68984733462846DDE9BE
:1081A0000021FFF7ABFF23463A4605F16801281D81
:1081B00013F0F6FC041E2B68284618BF0124DB6868
:1081C00064429847204603B0F0BD6FF00104F9E720
:1081D0004FF0FF34F6E7F7B50093054690F894307A
:1081E00016460191DDE908740BB3ECB1E7B12368E1
:1081F000EBB103689B68984733462846DDE90021C8
:10820000FFF77CFF23463A4605F16801281D13F06D
:10821000A5FC041E2B68284618BF0124DB686442B5
:108220009847204603B0F0BD6FF00104F9E74FF026
:10823000FF34F6E730B51D4685B090F8943004461B
:10824000CDE90221FBB103689B6898474FF0FF33EB
:108250002046DDE90221FFF751FF0A9B2A4604F17F
:1082600068010193201D099B0093089B13F0BAFC41
:108270000038236818BF0120DB6845422046984734
:10828000284605B030BD4FF0FF35F9E708B5034883
:10829000FFF7BAFABDE8084005F032B834490024C7
:1082A00008B50348FFF7B0FABDE8084005F046B846
:1082B0003449002438B5074B0546044645F8043BCD
:1082C000FFF7E4FF284613F0C7FA2046FFF7E8FF60
:1082D000204638BD7C6E060810B50446FFF7EAFF5D
:1082E000B021204604F024FE204610BD416803461C
:1082F00030B471B1D0E9032000F0010402B944B1F7
:10830000451001EB60000CB149598A58996830BC9E
:10831000104730BC704713B5B0F93830446800934B
:10832000B0F93630B0F93420B0F93210201D14F015
:1083300063FA02B010BD0000034B186818B14FF08B
:10834000FF31FCF7B1BE70470073002470B50546DD
:1083500003F088FF0A4B4FF4AC710A4C1A680023F3
:108360009A420BDD01FB03F00659AE4204D10444EE
:1083700003F08EFF204670BD0133F1E70024F7E7DC
:108380006C5100245C490024084A08B51368052B89
:1083900004DDAF220649074803F06CFE591C4FF478
:1083A000AC701160044A00FB032008BD6C5100242E
:1083B000A56E0608AD6E06085C4900244368D3F834
:1083C000EC30834210B5044610D0036F98476068C4
:1083D00000230430D4E9161214F0EEFB6068216E1D
:1083E000043014F037FC6368C3F8EC4010BD036838
:1083F00070B504461B690D46164698476068D0F86C
:10840000EC30A342C4E916560BD10023324629466C
:10841000043014F0D1FB236820465B69BDE870404E
:1084200018472046FFF7CAFFF5E7036870B5044612
:108430001B690D46984760682566D0F8EC30A3426A
:1084400009D12946043014F005FC236820465B69F5
:10845000BDE8704018472046FFF7B0FFF5E7000081
:10846000B0F94C30013330B50DD0094B094C1A46E8
:10847000D3F89450A542FBD1C36B29B1416C0B607A
:108480004FF44073536130BD816C1B04F7E700BFAC
:10849000006402580003008038B5036804461B6975
:1084A000984794F965506B1C84F8653045B92046AF
:1084B000FFF784FF29462046BDE83840FFF7D0BFCC
:1084C00038BD10B590F865300446013B5BB280F8CA
:1084D000653013B90121FFF7C3FF236820465B69AC
:1084E000BDE81040184737B504460191FFF7D4FFA7
:1084F00001996068043014F0CDFB05462046FFF773
:10850000E0FF284603B030BD30B5044687B0CDE962
:1085100004210393FFF7C0FF94F86450606801954D
:108520000A9D043005990095DDE9033214F002FC40
:1085300005462046FFF7C5FF284607B030BD00219D
:10854000282210B5044640F8041B18F041FB04F142
:108550001800FFF78DFB204610BD000070B50646E1
:10856000054656F8044BACB9FFF7E6FE2C6864B933
:108570003046FFF7E4FF05F13000FFF7E0FF85F834
:108580006440C5E917442E603446074B186808B1AB
:10859000FCF7A2FDB44204D08B220449044803F046
:1085A00069FD204670BD00BF00730024B86D060849
:1085B000C76D06080023082210B5C0E916230386FC
:1085C00004460C4B0366FF23A0F8643003F04AFE18
:1085D000E06EFFF7BBFE606020B9FFF7D5FEE36EEB
:1085E0006060036003F054FE6068F030FFF7B6FF90
:1085F00010BD00BF40420F002DE9F0411E461A4B4E
:108600000025044603608846184B17468561836041
:10861000C561C060C0E904552030FFF729FBBDF9F2
:1086200018301C222946238704F13C03A4F8328029
:108630001846A786E68618F0CBFA4FF0FF3102F015
:10864000ABFB0B4BB4F93620B4F934102367B4F903
:108650003200A56614F0A2F8E0662046FFF7AAFFF4
:108660002046BDE8F08100BFE06E0608ED820408F8
:1086700017830408406808B5C430FFF7C5F8BDE8A3
:10868000084004F03DBE406808B5C430FFF7BCF8B0
:10869000BDE8084004F052BE0D4B10B5044603601F
:1086A000FFF7E8FF63682046D3F8EC20A24204BF3E
:1086B0000022C3F8EC20FFF7E6FF04F12000F9F7F1
:1086C0004DFAE06908B102F0D1FF204610BD00BFAD
:1086D000E06E060810B50446FFF7DEFF7421204661
:1086E00004F026FC204610BD7047000070B500F174
:1086F0000C060446B0F95820B0F95610304613F075
:108700002DFDD4E918530DB9DA070ED55A1094F897
:10871000681004EB6300DB0748BFA358B4F96A2074
:1087200048BF5D59B4F96C30A847216D304613F04D
:108730002FFC224630460249BDE870400FF076BE5D
:10874000358A040873B51E46C36D04460D462BB129
:1087500040F235122B492C4803F08CFC2B49019236
:10876000C0E9181303681B689847019A84F8685099
:10877000A4F86A20A4F86C60042D0BD8DFE805F09B
:108780001603111619004FF0FF33012104F10C00FC
:108790000FF042FF236820465B6802B0BDE87040DE
:1087A0001847134602214FF0FF32EFE733462946C0
:1087B000ECE70123013284F884300ED01C2004F051
:1087C00083FBB4F96A6005461C22002118F000FA08
:1087D0003146284602F0C5FA2567B4F96C300133FA
:1087E000D8D01C2004F070FBB4F96C6005461C2244
:1087F000002118F0EDF900223146284602F0B6FAC1
:108800006567C7E7116F0608206F060845870408EB
:1088100010B50446F8F71EFB2046FAF721FD204666
:1088200010BD70B506460D46044656F80C3B1B6855
:1088300098473046294613F0ABFB23682046256550
:108840005B68BDE8704018477FB505460446019354
:1088500055F80C6BCDE902213668B04728460399DC
:10886000DDE9013213F006FC236820465B6804B0A2
:10887000BDE870401847000070B50546044655F83D
:108880000C3B1B689847284613F01CFB94F8843077
:1088900005467BB1626F6AB10B4B0C481946D3F8A1
:1088A00094608642FBD1136855B9926813604FF407
:1088B00040734B61236820465B689847284670BD2B
:1088C000D2681B04F2E700BF006402580003008076
:1088D00038B50546044655F80C3B1B6898472846B2
:1088E00013F000FB94F88430054643B1236F00F089
:1088F00001055A681B6812681A4218BF00252368D0
:1089000020465B689847284638BD0C300FF03CBEC7
:1089100010B50C460C300FF06BFE204610BD000069
:108920002DE9F04198461F4B0025044603600F4691
:108930001D4B294616468560436024220C3018F0F2
:1089400047F904F13000F8F7D1FE04F14000F8F7E0
:10895000CDFE40F201136566A4F854304FF6FF7364
:10896000C4F88050A4F86A30A4F86C30A368C4F846
:1089700050805A1013F0010F04EB63006368A4F8F1
:108980005670A4F8586084F8685084F88450C4E99C
:108990001755C4E91E551CBFA258D3589847204606
:1089A000BDE8F081406F0608ED86040803682DE9F4
:1089B000F04104461B6815460F46984794F854301A
:1089C000EE1C03B17DB194F855300BB1012D0AD0E6
:1089D000394604EB0610FAF711FD236820465B6860
:1089E000BDE8F041184703F03DFC384604EB06169D
:1089F00004F10C08FAF70FFD88B13046FAF70BFDC9
:108A000008B903F00DFF39463046FAF7F7FC0122AA
:108A1000294640460FF016FD03F03AFCDDE73046EC
:108A2000FAF7F9FC08B103F011FF3046FFF7F0FE4A
:108A30000022EDE7033110B500EB01142046FAF7F0
:108A4000EAFC10B12046FDF700FD10BD036870B5CB
:108A500004461B680D46984794F85430AB422DD01D
:108A600065B194F855304BB9A2686368511004EBB6
:108A70006200D20744BF6258D358984704F13006C9
:108A800003F0F0FB05B33046FAF7C5FC50B13046B1
:108A9000FAF7CAFC03F0C4FE0122002104F10C0025
:108AA0000FF0D0FC03F0F4FB84F8545035B994F87F
:108AB00055301BB904F10C0013F0EAF82368204686
:108AC0005B68BDE87040184704F10C002A4629464F
:108AD0000FF0B8FC3046FAF79EFC0028E2D003F015
:108AE000B5FEDFE7036870B504461B680D4698477E
:108AF00094F85530AB422DD065B194F854304BB951
:108B0000A2686368511004EB6200D20744BF625848
:108B1000D358984704F1400603F0A4FB05B3304650
:108B2000FAF779FC50B13046FAF77EFC03F078FE94
:108B3000012204F10C0011460FF084FC03F0A8FBA5
:108B400084F8555035B994F854301BB904F10C0031
:108B500013F09EF8236820465B68BDE87040184714
:108B600004F10C002A4601210FF06CFC3046FAF7A4
:108B700052FC0028E2D003F069FEDFE71FB5184B76
:108B80000446002103606846FAF71AFA0022694693
:108B90002046FFF70BFF6846F8F761F900216846A9
:108BA000FAF70EFA012269462046FFF7FFFE6846F3
:108BB000F8F755F994F8543013B994F855301BB1BF
:108BC00004F10C0013F064F804F14000F8F747F9E1
:108BD00004F13000F8F743F9204604B010BD00BF9F
:108BE000406F060810B50446FFF7C8FF88212046ED
:108BF00004F09EF9204610BD437D10B504461BB11C
:108C0000037D0BB103F022FE204610BD13B50446D0
:108C100001A802F033FD637D53B9237D0BB103F04E
:108C2000FFFD206902F075FB0123C4E900016375B3
:108C300001A802F02BFD02B010BD37B5044601A813
:108C40000D4602F01BFD00230022C4E900236B7DCA
:108C50004BB1286902F05DFBD5E90032C01A61EB27
:108C60000201C4E9000101A802F010FD204603B092
:108C700030BD30B585B00D46044603A802F0FEFCB9
:108C800029466846FFF7D9FF009B019AD5E90210F3
:108C90005B1840EB020203A8C4E9003202F0F6FCC4
:108CA000204605B030BD13B5044601A802F0E6FC2D
:108CB000206902F02EFB00220023C4E90001C4E970
:108CC000022301A802F0E2FC02B010BDD0B50023DF
:108CD000002600270446016102754375C0E900675C
:108CE000C0E90267FFF7DFFF2046D0BD10B504469C
:108CF00002F022FB012201462046FFF7E7FF204653
:108D000010BD10B5044602F06DF800220146204661
:108D1000FFF7DCFF204610BD03681B681847000002
:108D200010B5084B04460022084623600023A161C9
:108D30000549C4E902230023C4E9043302F078FAA8
:108D4000204610BD586F0608198D040807B500F1BC
:108D500008010090806902F0A9FA03B05DF804FBF5
:108D600000F10801806902F0B9BA002070476FF085
:108D70001C0070476FF01C0070476FF015007047C3
:108D80006FF01500704701207047012070470020E8
:108D900070470020704770B511F0010405468EB28F
:108DA00004D0FFF769FD041E18BF0124F30605D5A2
:108DB0002846FFF78DFD08B144F01004204670BD31
:108DC000A0F18800FFF7E7BF08B5FFF73FFE0020DE
:108DD00008BDA0F18800FFF7F7BF08B5FFF782FED6
:108DE000002008BDA0F18800FFF7F7BF034B10B5C6
:108DF00004460360FFF7C2FE204610BD646F0608FC
:108E0000A0F18800F2E700BF10B50446FFF7EEFFBF
:108E10008C21204604F08CF8204610BDA0F188007B
:108E2000F2E72DE9F04106460D461746CAB103F0B8
:108E300016FA80F0010313F0FF0403D033683046C4
:108E40001B68984705EB0708454505D015F8011B39
:108E50003046FFF75DFDF7E71CB1336830465B68CD
:108E600098473846BDE8F081A0F18800FFF7D9BFE8
:108E700038B504460D4662B103681B689847204622
:108E8000FFF743FD2870236820465B689847012060
:108E900038BD1046FCE7A0F18800FFF7E9BF0000ED
:108EA00010B50446FFF73CFD044B204603F10802D1
:108EB00044332260C4F8883010BD00BF5C6F0608E0
:108EC00030B5056885B0044601932D68CDE90221CF
:108ED000A84720460399DDE90132FFF733FC2368F8
:108EE00020465B6805B0BDE83040184710B5044621
:108EF000F7F7B0FF2046FAF7B3F9204610BD70B57A
:108F000004460E4603F0AEF9A5695DB104F1080010
:108F1000FFF7ECFF012384F8216084F82030002360
:108F2000E361A36103F0B4F92DB121462846BDE801
:108F3000704000F078B970BD08B104F0E1B903F0F9
:108F400091B908B104F0FAB903F0A2B92DE9F041E2
:108F5000044686B00E46174603F084F9A56903F06F
:108F600097F935B301AD0021284604F023FA03F048
:108F700079F9D4E9068323B139220F490F4803F068
:108F800079F8E56103F084F9B8F1000F0ED03946A5
:108F9000284604F017FA48B93046FFF7CDFF2046BF
:108FA0000121FFF7ACFF3046FFF7CBFF284604F066
:108FB0002AFA06B0BDE8F0810570060811700608AF
:108FC00038B50025054B0446456040F8083BF8F7E6
:108FD0008DFB20462584C4E9065538BD3870060847
:108FE000074B10B503600446836923B12622054967
:108FF000054803F03FF80830F7F731FF204610BD71
:1090000038700608057006081F70060830B504465B
:1090100085B003F027F904F1080568462946FDF7F5
:109020000EFA2846FFF762FF0023E069A36108B14A
:1090300004F0E6F903F02CF96846FAF7ECF910B100
:109040006846FDF702FA6846F7F709FF05B030BD3C
:1090500000220160C0E901220122027370477047BB
:109060000346007B30B1D3E90020136898428CBFDF
:109070000020012070470123D0F800C02DE9F04303
:1090800003FA01F11F4682EA030E1CF823500D4239
:1090900004D005F030053AB1102D07D10133112B62
:1090A000F3D14FF0FF300FE0002DF7D05C00D0F887
:1090B0000880023C42EA040607FA06F919EA080F9A
:1090C000ECD1202D02D03046BDE8F0834EEA0404F6
:1090D00007FA04F414EA080FF5D0DFE770B50D467F
:1090E000114604461E462A46FFF7C5FF002802DA4D
:1090F0000020207370BD42082168636801EB820183
:10910000CD8849791D44012306FB0151616003FAB2
:1091100000F1A36842EAC0100B43C0B2A360E9E7C4
:1091200013460A460121FFF7D9BF13460A4600211C
:10913000FFF7D4BF13B504460A4601910021FFF79B
:10914000EFFF019A0021204602B0BDE81040FFF772
:10915000ECBF0022C0E900227047704700687047EA
:1091600000230B60436813B90160416070471960C8
:10917000FBE703682BB11A6802B942600260002263
:109180001A601846704710B50468002223468B42C7
:1091900003D083B11A461B68F9E70AB10B68136064
:1091A0008C4204BF0B68036043688B424FF000039E
:1091B00008BF42600B6010BD10B50446FFF7C9FF41
:1091C000204610BD08B5FFF7C9FFB0FA80F040098E
:1091D00008BD70B505462846FFF7C0FF044678B1C4
:1091E00050F8043C061F9B683046984740B128461B
:1091F000FFF7BFFF54F8043C3046DB689847EAE7C6
:1092000070BD70B504460D46FFF7A8FF0646291D40
:109210002046AC61FFF7A4FF26B92046BDE87040A8
:10922000FFF7D7BF70BD70B50C460546FFF796FF38
:10923000064604B1043421462846FFF7A4FFA6429F
:1092400004D12846BDE87040FFF7C3BF70BD10B51C
:1092500004462046FFF782FF28B150F8043C04384A
:10926000DB689847F5E710BD10B50446FFF7EFFF40
:109270002046FFF772FF204610BD704730B50D46FF
:109280000E4985B0044640F8041BCDE90232F8F7D8
:109290002DFA002104F1400004F08CF804F1540090
:1092A00004F026F80899204600912946DDE90232AB
:1092B00004F0FAF8204605B030BD00BF488006082B
:1092C000704703689B6D184770B5002386B04FF454
:1092D000897490F82013CDF8063005AE8DF80A3069
:1092E0000389ADF804400224ADF8103040F20123A8
:1092F0004268ADF8123040F203138DF8074001AC1C
:10930000ADF8143000F10A038DF80B101D460392DE
:109310002246083303CAB24243F8080C43F8041C3F
:109320001446F5D1128828461A8006B070BD000098
:1093300000487047207306080048704758730608B5
:109340000048704724730608004870476A7306088F
:109350000048704750730608004870473A73060883
:10936000036810B504465B6F9847D4F8EC020368B5
:109370001B6F9847236820469B6FBDE81040184735
:1093800008B5D0F834332BB940F2CD620249034816
:1093900002F070FE08BD00BF657006087370060815
:1093A00010B5044602F05EFFD4F834330133C4F83C
:1093B00034332BB94FF4D7620249034802F05AFE06
:1093C00010BD00BF657006087370060838B5D0F888
:1093D00034330446012B10D10025D4E9C93000F004
:1093E000010203B94AB1411004EB6000C4E9C95558
:1093F0000AB16258D3589847EFE7D4F834332BB901
:1094000040F2C6620549064802F034FE013BC4F84A
:109410003433BDE8384002F03BBF00BF657006083A
:1094200073700608002307B51A46024902480093E4
:1094300003F0B8F87F7006080E011580002307B509
:109440001A4602490248009303F0ACF8A7700608D8
:1094500004011580036873B50446DB6F9847B4F8C0
:10946000F8120B12022B25D0032B56D0012B04D15E
:10947000236820461B6B984708B9002018E0236832
:1094800020461B6B98470678122EF6D1236820469B
:109490001B6B98474578012DEFD123682046C4F80F
:1094A00004631B6B9847C4F80003284684F80853EC
:1094B00002B070BDC9B2236820465B6B019198472A
:1094C0000028DAD02368204601995B6B984703781F
:1094D0000199092BD1D1236820465B6B98474378CB
:1094E0000199022BC9D1236820465B6B98472368FA
:1094F000857820465B6B01999847C378019920468F
:1095000045EA03252368C4F804535B6B9847C4F805
:109510000003012084F80803CAE7C9B20529ACD8C2
:10952000DFE801F0030F19232D37236820469B6BDA
:1095300098470378C4F8043323689B6B2046984708
:10954000E5E723682046DB6B98470378C4F80433CB
:109550002368DB6BF2E7236820461B6C984703788F
:10956000C4F8043323681B6CE8E7236820465B6C6F
:1095700098470378C4F8043323685B6CDEE72368FC
:1095800020469B6C98470378C4F8043323689B6C8F
:10959000D4E723682046DB6C98470378C4F804338B
:1095A0002368DB6CCAE70B78DB0913700B78C3F315
:1095B000411353700B7803F01F0393704B78D370F3
:1095C000C8788B7843EA0023938048790B7943EA83
:1095D0000023D380C8798B7943EA00231381704735
:1095E000036870B504465B6F0D46984794F80C33DA
:1095F000022B05D040F23D120849094802F03AFD1D
:10960000084B204684F81053C4F824330023C4F8D0
:1096100028332368BDE870409B6F184765700608C3
:10962000C6700608E79A040838B503680446DB6F7D
:10963000984794F8083313B10025284638BDD4F86C
:10964000EC0203685B6C9847D4F804239042F3D88B
:10965000D4F80013121A0144C4F80423C4F8001308
:10966000A2B9022394F80A5384F80C3345B1236855
:1096700004F53D71204684F80A239B6E9847DCE789
:1096800001212046FFF7ACFF0125D6E7D4F8EC0214
:10969000D4F820430368A2421B6C28BF2246984797
:1096A000F2E70000036813B50446DB6F984794F8AF
:1096B0001C33012B06D800230F491A4600930F488C
:1096C00002F070FF94F80C3323B100230C491A46C2
:1096D0000093F4E794F80B33032B0BD02046FFF7ED
:1096E000A3FF38B9D4F8EC020368DB6C02B0BDE824
:1096F0001040184702B010BD7F7006080E0115809B
:10970000F170060838B503680446DB6F984794F893
:109710000833012B3BD1D4F8045335B994F80933FD
:109720000BB901252CE084F80953D4F82023D4F890
:10973000EC029542D4F80013036828BF15469B6CD1
:109740002A469847D4F80033D4F804232B44551BF9
:10975000C4F80033C4F80453002DE2D194F809236F
:10976000002ADED1022394F80A5384F80C334DB159
:10977000236804F53D71204684F80A239B6E9847C0
:10978000284638BD01212046FFF72AFFC9E70025FA
:10979000F6E7036810B50446DB6F984794F81C336E
:1097A000012B01D8FFF73EFE94F80B33032B0AD0B0
:1097B0002046FFF7A7FF30B9D4F8EC020368BDE8F4
:1097C0001040DB6C184710BD036870B504465B6F32
:1097D0000D46984794F80C33032B05D04FF4C37211
:1097E0000849094802F046FC084B204684F810530B
:1097F000C4F824330023C4F828332368BDE870403C
:109800009B6F1847657006083B710608FFA30408A4
:10981000036810B50446DB6F9847012004F21D333E
:10982000C4F80403C4F8003384F8080310BD0368C7
:1098300010B50446DB6F984794F81C33042B05BF22
:10984000B4F82E3301200020A4F8FA3201BF04F549
:109850004C73C4F80403C4F8003384F8080310BD43
:10986000036810B5DB6F044698470423204694F83C
:10987000F82284F80C332368B4F8FA121B6F984767
:10988000012010BD036870B504465B6F0D46984714
:1098900094F80C33042B05D04FF4EB7208490948B7
:1098A00002F0E8FB084B204684F81053C4F8243338
:1098B0000023C4F828332368BDE870409B6F184725
:1098C0006570060867710608779B0408036810B581
:1098D0000446DB6F984794F81C33042B02D0B4F88D
:1098E000FA328BBB94F8F632012B0FD0022B10D03A
:1098F00053BB164B01221A80144B0120C4F80033CD
:10990000022384F80803C4F8043310BD0F4B00226F
:10991000F1E7B4F8FA2222F08F03ABB912F00F0F7F
:109920000A4902D100230B80E6E7530003F01E032F
:1099300043EAD2131822023B02FB034393F8303070
:109940009B07EFD50123EEE70020DEE770510024EE
:10995000036810B5044690B0DB6F9847D4F8EC026A
:10996000D4F8202369460368DB6B984704F53D7201
:1099700069462046FFF717FE002311462046C4F82B
:109980000833C4E9C033012384F80C3323685B6EC9
:10999000984710B010BD036810B50446DB6F9847B8
:1099A00094F81C33012B01D8FFF73CFD012394F8F8
:1099B0000C2384F82C3322B92046BDE81040FFF771
:1099C000C7BF84F82D3310BD2DE9F0411D46036853
:1099D00004460F465B6F1646984794F80C33012BEC
:1099E00005D040F2BA220A490A4802F043FB0A4B6A
:1099F000204684F81073C4F824330023C4F82833B5
:109A00002368C4E9C5659B6FBDE8F041184700BFF6
:109A1000657006088F710608B7A20408036810B5C0
:109A20000446DB6F9847B4F8FC3293B394F8F40221
:109A300094F80823012825D1012A06D0D4F8EC0295
:109A40000368DB6CBDE810401847D4F804239A4241
:109A500001D9C4F804330128D4F8041326D18B4269
:109A600008D9D4F82033B1FBF3F203FB12120AB980
:109A700084F809030223204684F80B33BDE8104024
:109A8000FFF740BE002AD9D1D4F804239A42E2D08D
:109A9000D4E7D4F8EC02D4F804230368002AD0D128
:109AA00003219B6C84F80B1311460DE00123D4F8BD
:109AB0002023D4F8EC028A4284F80B33036828BFD1
:109AC0000A46D4F800131B6CBDE810401847036821
:109AD00010B5DB6F04469847002384F82D33032329
:109AE00084F80B3310BD036810B5DB6F044698474C
:109AF000002294F8103384F80C2394F82D2322B11B
:109B00002046BDE81040FFF7E2BF33B9D4F8EC02BD
:109B10000368BDE81040DB6C184794F80B33012B49
:109B20000AD10323D4F8EC0284F80B3303689B6C4E
:109B30001146BDE810401847022B07D10323D4F883
:109B4000EC0284F80B3303681B6CF1E710BD03686B
:109B500010B5DB6F04469847002384F82C3394F843
:109B60000C3323B92046BDE81040FFF7B0BF0123F6
:109B700084F82D3310BD036810B5DB6F0446984799
:109B8000002294F8103384F80C2394F82D2322B18A
:109B90002046BDE81040FFF79ABF63B1B4F8FA322F
:109BA0002046A4F82E33B4F8F83284F83033BDE8F8
:109BB0001040FFF733BFD4F8EC020368BDE8104053
:109BC000DB6C1847036810B504465B6F984794F840
:109BD000F03283B9D4F8EC02214603689B689847B9
:109BE000D4F8EC02402103689B6B98470123C4F82A
:109BF000200384F8F032236820469B6FBDE81040B4
:109C0000184738B5036804465B6F984794F81C53AF
:109C100023682046EDB29B6F98472B1F584258414E
:109C200038BD036810B504465B6F98472046FFF7C0
:109C3000C9FF94F8F1323BB9D4F8EC0203685B69D0
:109C40009847012384F8F132236820469B6FBDE8D2
:109C500010401847D0F8EC0203685B6B184738B522
:109C600003680D4604465B6F98472B07204617BFD5
:109C70006A00D4F8205302F01E0242EAD5131FBF37
:109C80001822023B02FB03439D8D23689B6F98477C
:109C9000284638BD0368F7B50E465B6F0546984702
:109CA00036F08F0701D1320706D100231749184833
:109CB0001A46009302F076FC7400182304F01E0488
:109CC00044EAD614023C03FB045494F83030DB071A
:109CD00009D42846FFF795FF80B140F28C520D4918
:109CE0000D4802F0C7F994F831303BB1D5F8EC02D9
:109CF00031460368DB6E984784F831702B6828463C
:109D00009B6F03B0BDE8F040184700BFA77006087E
:109D10000401158065700608B2710608036873B502
:109D20000E465B6F0446984716F0700F01D131075D
:109D300006D100231A491B481A46009302F032FC50
:109D40007500182305F01E0545EAD615023D03FBF4
:109D5000054595F83030DA0709D42046FFF751FF62
:109D6000B0B140F2CC421049104802F083F943F000
:109D70000203314685F83030D4F8EC0203689B6D5D
:109D8000984795F831301BB131462046FFF782FFE6
:109D9000236820469B6F02B0BDE87040184700BFA3
:109DA000A77006080401158065700608B2710608E0
:109DB000036810B50446DB6F984794F81C33042BF6
:109DC00002D0B4F8FA32A3B994F8F632022B10D1CB
:109DD000B4F8FA1231F08F000BD111F00F030AD052
:109DE000B4F8F83223B92046C9B2FFF797FF012033
:109DF00010BD0020FCE71846FAE70000036873B5C1
:109E00000E465B6F0446984716F0700F01D131077C
:109E100006D100231C491D481A46009302F0C2FBDC
:109E20007500182305F01E0545EAD615023D03FB13
:109E3000054393F83020D20709D42046FFF7E1FE0E
:109E4000D8B140F2F1421249124802F013F993F8E6
:109E500031301BB131462046FFF71CFF1823314635
:109E600003FB054595F8303023F0020385F83030C8
:109E7000D4F8EC020368DB6D9847236820469B6F9B
:109E800002B0BDE870401847A770060804011580AD
:109E900065700608B2710608036810B50446DB6FEA
:109EA000984794F81C33042B02D0B4F8FA32A3B9C3
:109EB00094F8F632022B10D1B4F8FA1231F08F0078
:109EC0000BD111F00F030AD0B4F8F83223B92046B1
:109ED000C9B2FFF793FF012010BD0020FCE7184630
:109EE000FAE700002DE9FF41984603680E46039209
:109EF0005B6F0746984736F08F0403D116F00F0FBB
:109F0000039A06D10023204920481A46009302F004
:109F100049FB7500182305F01E0545EAD615023DDC
:109F200003FB057595F83030DB070AD43846FFF798
:109F300068FE044688B140F2AF521549154802F058
:109F400099F8AB8D434505D923462246124913485B
:109F50000094DCE795F8311039B13B6838469B6FC7
:109F60009847204604B0BDE8F081D7F8EC020168BC
:109F70000C6E3146A04704460028EED095F83130EB
:109F8000013385F83130E8E7A77006080401158031
:109F900065700608B2710608C071060805011580D3
:109FA000036837B50D465B6F0446984715F0700F90
:109FB00001D12A0706D10023154916481A460093F5
:109FC00002F0F0FA6B00182203F01E0343EAD513E7
:109FD000023B02FB034393F83030DB070AD42046F0
:109FE000FFF70FFE054660B140F2E9520A490B48FF
:109FF00002F040F8D4F8EC02294603685B6E9847FB
:10A000000546236820469B6F9847284603B030BD1D
:10A01000A77006080401158065700608B27106086D
:10A020002DE9FF41984603680E4603925B6F074691
:10A03000984736F08F0503D116F00F0F039A06D11B
:10A040000023224922481A46009302F0ABFA74001A
:10A05000182304F01E0444EAD614023C03FB0474E3
:10A0600094F83030DB070AD43846FFF7CAFD0546BE
:10A0700088B140F20A621749174801F0FBFFA38D2F
:10A08000434505D22B462A46144915480095DCE77E
:10A0900094F831303BB13B6838469B6F984728466F
:10A0A00004B0BDE8F081D7F8EC02314603689D6E3C
:10A0B0004346A847054638B194F83130A4F82E80BD
:10A0C000013384F83130E6E7E085E4E711720608F1
:10A0D0000401158065700608B27106082F72060823
:10A0E00005011580036837B50D465B6F0446984738
:10A0F00015F0700F01D1290706D10023124913482A
:10A100001A46009302F04EFA6A0002F01E0242EA7A
:10A11000D5131822023B02FB034393F83020D207E9
:10A120000AD42046FFF76DFD054630B140F2496282
:10A130000749084801F09EFFDD8D236820469B6F8C
:10A140009847284603B030BDA77006080401158063
:10A1500065700608B2710608036870B50446DB6FC7
:10A160000D46984794F81C2384F81C53AA42D3B296
:10A1700026D0032B09D9032D8CBF00260126012BE5
:10A1800005D9012D03D88EB103E00026F7E786B18B
:10A1900000264FF43472002104F11C0016F018FD63
:10A1A000002384F81D3384F8F23216B12046FFF7FD
:10A1B000CEFC2368294620461B6EBDE87040184738
:10A1C00070BD036810B50446DB6F9847D4F8EC0205
:10A1D00094F8F8120368DB6A9847B4F8F8322BB9A0
:10A1E00002212046FFF7B8FF012010BD0321F8E748
:10A1F000036810B50446DB6F984794F8F81284F8AA
:10A200001D1351B9D4F8EC0203681B6A9847032167
:10A210002046FFF7A1FF012010BD0123204684F84E
:10A22000F232032384F80C332368DB6E9847F2E79D
:10A23000036810B50446DB6F984794F8F532C3BB4A
:10A2400094F8F7320B2B34D8DFE803F0060B331009
:10A2500033151A331F24292E2046BDE81040FFF77E
:10A2600035BB2046BDE81040FFF716BE2046BDE8CE
:10A270001040FFF79DBD2046BDE81040FFF7A1BF8D
:10A280002046BDE81040FFF7E5B82046BDE8104085
:10A29000FFF7BEBA2046BDE81040FFF7A9BF204631
:10A2A000BDE81040FFF7C3BA2046BDE81040FFF7F5
:10A2B000D7BA002010BD036810B5DB6F044698477D
:10A2C000002094F8103384F80C0394F82D03D4E99B
:10A2D000C52190B1012B0BD8022304F53D71204616
:10A2E000012284F80C332368BDE810409B6E1847A8
:10A2F0002046BDE81040FFF7EABB042B12D12046F0
:10A30000FFF796FF30B9D4F8EC020368BDE81040BF
:10A31000DB6C184794F80C3373B92046BDE8104045
:10A32000FFF77CBB032BEED0012084F8083384F8C0
:10A330000A03C4E9C021F0E710BD036810B5044664
:10A34000DB6F984702212046FFF706FF00232046D7
:10A3500084F81E33FFF7FBFB23682046DB6DBDE866
:10A3600010401847036810B504465B6F984794F88F
:10A37000F1323BB1D4F8EC0203689B6998470023A3
:10A3800084F8F13294F81C33012B03D901212046C3
:10A39000FFF7E2FE0023204684F81D3384F81E33C5
:10A3A0002368BDE810409B6F1847036810B504464A
:10A3B0005B6F984794F8F03253B12046FFF7D2FF15
:10A3C000D4F8EC020368DB689847002384F8F03285
:10A3D000236820469B6FBDE81040184738B50368D6
:10A3E0000D460446DB6F984745B994F81C332BB1F2
:10A3F00029462046BDE83840FFF7AEBE38BD0368A9
:10A4000070B50446DB6F984794F82D3394F81063C9
:10A4100003B97EB92046FFF7F4FB054650B9014663
:10A420004FF4347204F11C0016F0D2FB84F81D5373
:10A4300084F8F252002384F80C3394F82D3323B1BE
:10A440002046BDE87040FFF742BBD4F8EC02036839
:10A4500056B1DB69984720460421FFF77DFE204670
:10A46000BDE87040FFF7DABADB6CBDE87040184712
:10A470002DE9F04F914685B002680E4603930446DD
:10A48000526F904716F0700F03D116F00F0F039B19
:10A4900006D10023264927481A46009302F082F885
:10A4A00094F8F282B8F1000F07D1236820469B6F21
:10A4B0009847404605B0BDE8F08F75004FF0180B87
:10A4C00005F01E0545EAD615AF1E0BFB074797F8AA
:10A4D00030A01AF0010A05D04FF48E6216491748D1
:10A4E00001F0C8FDB9F5806F04D940F271421249FC
:10A4F0001348F5E7D4F8EC0231460268D2F85080F0
:10A500004A46C04780460028CFD0013D0E990BFB3C
:10A510000545281DF8F772FF97F8303087F831A00D
:10A5200043F00103A7F82C9087F83030BDE700BF57
:10A53000A7700608040115806570060850720608A9
:10A54000727206082DE9F047054698461E4B0446F0
:10A550000F46914645F81C3B00F53B7A2E463046A7
:10A560001836F7F7C3F8B245F9D1BDF820304FF4EB
:10A570003472002128462381A4F80490A4F80680B0
:10A5800016F026FB2822002104F53D7016F020FB72
:10A5900000230122204684F80C33C4F8EC72A4F89E
:10A5A000F03284F8F232C4F8343384F8303384F86B
:10A5B0001C2384F81D3384F81E33C4E9C833C4E96E
:10A5C000CA33BDE8F08700BFA07206080D4B70B516
:10A5D0000360044690F8F0322BB140F262520A490F
:10A5E0000A4801F047FD04F53B7504F11C06FFF72E
:10A5F000DCFEB54204D0183D2846F6F730FCF8E7FB
:10A60000204670BDA0720608657006088A720608AA
:10A6100038B503680D460446DB6F984715F0700F98
:10A6200001D12B0701D1FEF709FF6B00182003F0C1
:10A630001E0343EAD5118B1E00FB034393F8312020
:10A640006AB10139013A00FB014483F83120043436
:10A650002046F8F7E0FE10B12046FBF7F6FE38BDC5
:10A6600038B503680D460446DB6F984715F0700F48
:10A6700001D12B0701D1FEF7E1FE6B00182003F09A
:10A680001E0343EAD5118B1E00FB034393F83120D0
:10A690006AB10139013A00FB014483F831200434E6
:10A6A0002046F8F7B8FE10B12046FBF7CEFE38BDC5
:10A6B0004FF0FF3100F079B937B504464C300191C5
:10A6C0001546FDF7D5FA019921B90A46204600F052
:10A6D00014F803E02DB9204600F048F8204603B0F6
:10A6E00030BD2A46F2E710B5044600F052F804F1F6
:10A6F0004C00F7F733FA204610BD032938B504465D
:10A7000007D9D31C23F003039A1A8A1A22F00301F3
:10A710001A4600230D46E260C4E904330DBB2262F1
:10A720002560C4E9065100F00BFA00F00BFA258110
:10A73000606004F13000A57284F82450C4E90A5521
:10A7400000F020FA00280BDB04F1440000F012FABC
:10A75000002805DB04F1480000F00CFA00EAE07084
:10A7600038BD23696D0801332361D7E737B5054646
:10A770000846019115F0E0FD044638B10246019902
:10A780002846FFF7BAFF6C6103B030BD4FF0FF30D1
:10A79000FAE770B504460568B5B9A36A1BB14FF076
:10A7A000FF31E06A984704F1480000F0E5F904F150
:10A7B000440000F0E1F904F1300000F0EBF96069C9
:10A7C000BDE8704015F0C0BDEE6836B9EB6913B155
:10A7D00005F124009847AD68DEE7F36913B106F18F
:10A7E00024009847F668F0E773B5064627314830ED
:10A7F00021F00305019000F0C0F906F11803B469D7
:10A8000001985CB9F3699D4223D8346A5B1B6219D5
:10A81000F361012332622560A37107E0226895424B
:10A8200013D8E26872B11A60A368936000F0A7F9C8
:10A8300000234FF0FF32E361C4E90532243420469F
:10A8400002B070BDA2681A60F0E704F10803A468C2
:10A85000D7E700F094F9F2E751F8083C73B50546E4
:10A860000C460BB108469847EB6833B1A4F12406B7
:10A87000B34202D82B6AB34204D2002304F81E3C30
:10A8800002B070BD05F14800019000F076F905F1C5
:10A890001802AB690198ABB11D6854F8241C8D42B5
:10A8A0000CD30FD144F8183C13689B6844F81C3C47
:10A8B000166002B0BDE8704000F061B903F1080213
:10A8C0009B68E8E7002344F8183C1368EEE7F8B506
:10A8D0004B6900F1440705460C469B1A1646002BAF
:10A8E000ACBFD318131C4B61038938468B8000F032
:10A8F00044F9284603687BB359696269A1EB020CED
:10A90000BCF1000F25DB914226D19B68A36013B1F7
:10A9100004F108021A6103682246002142F80C3F44
:10A9200099601A61AB6A046020616BB195F82420CC
:10A9300052B12A68A24207D1E2682AB96169E86A7D
:10A94000891B21EAE17198473846BDE8F84000F0DC
:10A9500016B903F10800CDE7A36013B104F10802B2
:10A960001A610023E360DDE7F8B5144605460F469B
:10A97000A2F1240600F0E6F854F8103C02463146F5
:10A98000034444F8047C284644F8103CFFF79FFF3A
:10A99000296914F81E4C05F130008C40E968761ADC
:10A9A00000F0FAF834432046F8BD2DE9F74F04468D
:10A9B0000F464FF0000800F0C5F804F144060546C4
:10A9C00007EB000984F82480304600F0D6F863686D
:10A9D00001A95B1B002B2368D8BF656001931BB1E5
:10A9E0005A69521B002A37DD236003B11C61C1F88C
:10A9F0000080019D15B1238901332381304600F089
:10AA0000BEF801A965BB019D4FF0010A002D34D1AC
:10AA100000F098F8002F82465CDBA9EB0005002DC2
:10AA20005ADCA36A9BB1304600F0A7F8A36A43B191
:10AA3000226832B15169E06AA1EB0A0121EAE171B1
:10AA400098470123304684F8243000F098F800231A
:10AA5000A37203B0BDE8F08F03F108019B68BEE765
:10AA6000A8682B4600229A601A46DB68002BFAD1B0
:10AA70000A6005F108010546C4E72B6AD5F808B05D
:10AA800013B105F124009847AA69002A0BDB6B6912
:10AA900013446B6100F056F8294602462046FFF742
:10AAA00016FF5D46B2E7E36873B1AB420CD8236A88
:10AAB000AB4209D3AB7922690133DBB213FA02F25C
:10AAC00014BFAB7185F806A005F124012046FFF7FD
:10AAD000C3FEE6E74FF0FF35304600F04EF823683E
:10AAE0003BB15969A1EB0A0121EAE1718D4228BF0E
:10AAF0000D46304600F043F8294604F1300000F0DE
:10AB00004EF8A37A7BB1304600F037F8A37A3BB118
:10AB100000233046A37203B0BDE8F04F00F02FB819
:10AB2000304600F02CF800F00DF805464CE740F8F0
:10AB3000101C704740F80C1C704740F8081C704708
:10AB400001F0C6BD07B501F084FB70B1084B684643
:10AB5000196800F06FFF4FF47A720023DDE90001FD
:10AB600013F044FA03B05DF804FB02F081FBF9E74F
:10AB7000785F002400207047704701F073BB01F03C
:10AB800087BB0000024908B502F04CFB002008BD5D
:10AB90007073060802F04FBB012102F049BB08B5F3
:10ABA000012341EAE172194602F060FB431E58425C
:10ABB000584108BD30B52A4C89B005462378BFF30B
:10ABC0005B8FDA0711D4204601F03CFF68B1254ABB
:10ABD0004FF440712448FFF76FFD204601F054FF09
:10ABE000224A2349204801F01DFF224C2378BFF35D
:10ABF0005B8FDB0713D4204601F024FF78B14FF4BC
:10AC0000006218211C4B1D480095FEF737FB2046BB
:10AC100001F03AFF154A1A49184801F003FF174896
:10AC200002F06EFC10F0EF0016D1164B154A0E49DB
:10AC3000CDE90230034604A8FBF770FC04A90F48D5
:10AC400002F0DCFC044604A8F6F709F924B12F222F
:10AC50000D490E4801F00EFA034809B030BD00BF9F
:10AC6000385A0024985A00243C5A0024000000243A
:10AC7000E7A60408745100243852002478510024B7
:10AC8000ADD50408B1A604088F730608A67306089C
:10AC900008B50248FFF78EFF08BD00BFB573060870
:10ACA00070470000EFF3108372B6054A117831B98E
:10ACB000DB43044903F001030B7001231370704759
:10ACC000995D0024985D002408B5EFF31083DB4301
:10ACD00013F0010304D036220549064801F0CAF9F1
:10ACE000054A1370054B1B7803B162B608BD00BF5F
:10ACF000DD730608F9730608995D0024985D002449
:10AD0000014B1878704700BF995D0024094B30B59E
:10AD10001A46094CD3F89450A542FBD1036829B1D7
:10AD200081680B604FF44073536130BDC1681B04F0
:10AD3000F7E700BF006402580003008070B50E46BC
:10AD4000044615460EF0FCFB013609D020460021D2
:10AD50000EF01AFC29462046BDE870400EF010BCEB
:10AD600070BD0022FFF7EABFFFF7E8BF70B50E46DF
:10AD7000044615460EF0E4FB01360CD02046294669
:10AD8000FFF7C4FF01210EF0FFFB20460021BDE8C4
:10AD900070400EF0F5BB70BD0022FFF7E7BFF8B5BD
:10ADA000069F04460E461D4652B91A46FFF7C6FFD7
:10ADB000013616D039462046BDE8F840FFF7A6BF59
:10ADC0000EF0BEFB01360CD020463946FFF79EFF41
:10ADD00001210EF0D9FB29462046BDE8F8400EF0CF
:10ADE000CFBBF8BD0048704714740608024B1B68BF
:10ADF0000BB1024818477047E40C0024147406088D
:10AE00001FB5431C10D105B05DF804FB83420AD185
:10AE1000896803900FF066FF0021039805B05DF884
:10AE200004EB10F017B80C31B1F900305A1CEDD119
:10AE30000023024602490348009301F0B3FB00BF20
:10AE40004074060830010180884207B502460AD0E6
:10AE5000431C08D0013105D0002305490548009363
:10AE600001F0A0FB0146084603B05DF804FB00BFFB
:10AE70005174060830010180B1F900305A1C01D12B
:10AE800018467047834201D1486870470C31F3E798
:10AE9000421C13B504460AD0FFF7EEFF431C06D14F
:10AEA0000023224603490448009301F07BFB02B0D3
:10AEB00010BD00BF6274060830010180B1F9003096
:10AEC0005A1C01D118467047834201D188687047E7
:10AED0000C31F3E7421C13B504460AD0FFF7EEFF2E
:10AEE000431C06D10023224603490448009301F085
:10AEF00059FB02B010BD00BF82740608300101800A
:10AF00002DE9F047466896F8327087BB03685B68A6
:10AF10009847346A84422AD03369041B96F9342056
:10AF20001C40B3683062A4FB0345CAB1736A14EBDA
:10AF3000030845F10009002A1BDBC2F12001A2F140
:10AF4000200328FA02F429FA02F509FA01F129FA94
:10AF500003F30C431C4304FA02F2A8EB02027262F0
:10AF6000D6E90A321B1945EB0202C6E90A32BDE8EE
:10AF7000F087D6F80CA03B4640464946524613F0AF
:10AF800085F804460D460AFB1082E8E7824206D99E
:10AF90008A420BD9884294BF002001207047884222
:10AFA00006D98A428CBF00200120704701207047DB
:10AFB000002070472DE9F34746680446376B27F0B9
:10AFC0007F4727F0FF07002F63D1FFF799FF7368D2
:10AFD000002B61D0D3E90001D6E90A238B4208BFD8
:10AFE000824205D323685B6902B0BDE8F047184789
:10AFF0006568D5E90A32D5F814A0B0EB030861EB17
:10B000000209D5E906234B4508BF424520D3EB682A
:10B0100095F933C0A3FB080103FB0911BCF1000F34
:10B0200013D0AA68531EC01841F10001BCF1000FF3
:10B030001CDBCCF12002ACF1200320FA0CF001FA69
:10B0400002F221FA03F310431843824528BF8246D7
:10B050002A6A336A92442A690AEA0202934209D1AF
:10B0600040F2C9121249134801F004F83B4613F0AC
:10B070000DF8EAE72368104601921B699847236898
:10B080005B689847019A0146306AFFF77FFF002806
:10B09000A8D102B0BDE8F0877369306A32691844FC
:10B0A000236810401B6902B0BDE8F047184700BF95
:10B0B000B5740608C7740608436893F830202DE974
:10B0C000F3470646002A7FD193F83230002B7BD11C
:10B0D00003681B6898473368DB69984703682BB996
:10B0E0001A463B493B48009301F05CFA19463A4C3A
:10B0F0002246B1FBF4F402FB14141146002CF7D1E4
:10B10000354C01257768B4FBF2F11F24B960013C8E
:10B1100003D305FA04FC6145F9D1B3FBF2F287F8D9
:10B12000334001231F24FA6003FA04F5AA4201D038
:10B13000013CF9D287F8344043681D1F1C2D05D906
:10B140000023264926481A460093CDE7202B4FF0CE
:10B15000070418BF012004FA05F40CBF4FF0FF30BC
:10B1600098404FEAE4794FF000037C6118BF00F18A
:10B17000FF30A4FB01459A46386112F1FF3001FB14
:10B18000095543F1FF31201845EB010112F07EFF14
:10B190003368C7E906015B68C7E900AA9847736886
:10B1A0003862002101220020C3F824A01A8683F807
:10B1B00032A0C3E90A013046FFF7A2FE304602B0D2
:10B1C000BDE8F047FFF7F6BE02B0BDE8F08700BF6C
:10B1D000EB7406080E01048040420F000475060857
:10B1E000050104802DE9D00316461F46426800245D
:10B1F000059B8B605368C1E9006733B9CB606CB9BC
:10B200005160BDE8D003FFF7D5BED3E900894F45B3
:10B2100008BF4645F2D31C46DB68EEE7D2E90A23B5
:10B22000E160BB4208BFB242EBD2BDE8D003704739
:10B2300038B505460C46FFF73FFF01F013F86B6881
:10B240001C60BDE8384001F023B8F8B5054601F0B0
:10B2500009F8D5E90034DB68984794F832301BB11F
:10B26000BDE8F84001F014B8012384F83130636878
:10B27000ABB12846FFF744FE6168D4E90A67D1E91B
:10B2800000239F4208BF964209D36B685A68CB6877
:10B2900063602368002BEAD090689847E7E70023B3
:10B2A000284684F83130FFF785FED9E710B586B01F
:10B2B000CDE904210393089C029000F0D3FF02988B
:10B2C000FFF71EFE059902980094DDE90332FFF7AF
:10B2D00089FF06B0BDE8104000F0DABF38B505467A
:10B2E0000C4600F0BFFF6A685368A34209D1DB68CF
:10B2F00028465360FFF75EFEBDE8384000F0C8BF47
:10B300001346002BF8D0DA68A242F9D1E268DA607D
:10B31000F2E738B50446FFF7CFFE00F0A3FF204662
:10B32000FFF7EEFD6368D3E90A4500F0B1FF204660
:10B33000294638BD70470000004870474075060830
:10B34000024B1B680BB1024818477047E80C0024F9
:10B350004075060808B5BFF35F8F164B1968080AD9
:10B36000C1F3072110F0FC0F04D13B22124913480E
:10B3700000F080FE002210465A608A4216D1102248
:10B38000DA600F4A1A611322DA600E4A1A6111223A
:10B39000DA600D4A1A610D4ADA600D4A1A61072215
:10B3A0005A60BFF34F8FBFF36F8F08BD9A600132B1
:10B3B0001861E2E790ED00E08575060894750608CF
:10B3C00039F00206390702133FF50B131200008013
:10B3D00039000213B1F90C20B1F9041010F0BEBE0F
:10B3E00015F0A4BC2DE9F04F8B4D8046894692465E
:10B3F0002DED028B08EE103A6B6B83B01BB19847B2
:10B40000EB6B0133EB632B69DBB1002218F0800F8B
:10B410001A7025D1B9F1000F11D0686803781BB1FB
:10B42000494616F0ABFA50B9A8680378002B00F033
:10B43000ED80494616F0A2FA002840F0E780AB699B
:10B440002B62AB6B3BB10023EC6BEB63013CAB6B52
:10B450009847002CFADC03B0BDEC028BBDE8F08FFE
:10B46000BAF1000FEBD0B9F1000FE8D0EB6A002B76
:10B47000E5D02B7803EA0802D106E2D01A06D5E916
:10B48000047402D4B8F1010F12D118EE103A5246EA
:10B490002146384619F022F8B8F1010F54D12B6B30
:10B4A000002B51D0286998472B6B5C489847C6E71A
:10B4B00013F0400064D09B0644D5594A21463846D3
:10B4C00015F0F6FD84423DDD00283BDD0744241ADB
:10B4D000B8F1080F52D03AD8B8F1020F3CD0B8F109
:10B4E000040F49D00026B3466B6ADBB100215246F7
:10B4F00018EE103A8DED018A084618F0EFFF002E85
:10B5000030446B6A18BF042630449847454A0346C6
:10B510002146384615F0CCFDA04203DA0028C4BF0E
:10B520003F18241AB8F1080F6DD02ED8B8F1020FC9
:10B5300031D0B8F1040F63D03B4A2146384615F0AC
:10B54000B7FD2EE0002CC3DCEB6A2869AEE7B8F14A
:10B55000100FC7D1354B00E0354B324A21463846F3
:10B5600015F0A6FDA04206460DDA002801DD0744CD
:10B57000241A4FF0010BB7E72E4BEEE72E4BECE70A
:10B58000002CAFDCE0E70026F3E7B8F1100FD3D1D1
:10B590004B462A4A01E04B46294A2146384615F0D7
:10B5A00087FDA042D0DA0028CEDD261A074418EE27
:10B5B000103A52463146384618F090FF8642C3DDB5
:10B5C0000028C1DD361A0744002EBDDDAB6A73B119
:10B5D0009847144A03463146384615F069FD8642BD
:10B5E000B2DD0028B0DD361A0744002EACDDBBF119
:10B5F000000FA9D0134A3146384615F059FDA3E78C
:10B600004B46114AC9E74B46104AC6E7BAF1000F4C
:10B610007FF42CAF13E700BFEC0C00249B790608E5
:10B62000A1750608AD750608FE750608BC75060806
:10B63000A7750608B0750608B6750608EF75060802
:10B64000C27506080D760608D1750608E07506086D
:10B650000CB407B504AB53F8042B0193FFF7C2FEFB
:10B6600003B05DF804EB02B070470000024B1B68AA
:10B6700003B11847704700BF105E002407B5019062
:10B6800000F0F0FD019803B05DF804FB07B50190F0
:10B6900000F0FEFD019803B05DF804FB007B7047ED
:10B6A00038B50D4B0D460273044603600023C0E914
:10B6B00001310A48FCF7A8F801F022FE55B1084B09
:10B6C0001A681C6062600548FCF79EF801F036FEBF
:10B6D000204638BD6560F6E724760608185E00242B
:10B6E000145E0024144B10B5036004461348FCF7A5
:10B6F0008BF801F005FEA3682BB1114962680B6855
:10B70000A34212D10A600F4B0C481A68A24204BF30
:10B7100000221A60FCF778F801F010FE237B13B9C1
:10B72000201F01F01BFC204610BD19465B68A34298
:10B73000FBD14A60E7E700BF24760608185E0024C4
:10B74000145E0024405E002410B50446FFF7CAFFD3
:10B750001021204601F0ECFB204610BDF8B506464E
:10B7600017480D46FCF750F801F0CAFD154B1C6850
:10B77000A4B1A76887B1384615F022FFA8420BD1C3
:10B780002A463146384615F0F3F828B90C48FCF73C
:10B790003BF801F0D3FD11E06468E9E7072DF5D12E
:10B7A0002A463146084815F0E3F80028EED104484F
:10B7B000FCF72AF801F0C2FD044B1C682046F8BDD6
:10B7C000185E0024145E002412760608405E0024F1
:10B7D000002070470368012200211B6970B50446F0
:10B7E0009847051E0DDB23680222002120461B69B5
:10B7F0009847064623682946354600221B6920469D
:10B800009847284670BD000070B50E4600250446D6
:10B810000F49C0E90055304615F040FF2946304435
:10B82000206023681A782F2A07D10133236051B989
:10B830002A220849084800F01DFC002AF7D00133ED
:10B8400001312360EDE7FFF789FF6060204670BD9E
:10B850007C76060898760608A57606080068704784
:10B86000406808B520B1FFF719FF431E5842584100
:10B8700008BD10B50446FFF7F3FF10B1606800B1D2
:10B88000043810BD406808B520B1FFF707FFB0FAD3
:10B8900080F0400908BD10B50446FFF7F3FF10B172
:10B8A000606800B1043810BD4068003818BF01203E
:10B8B000704700207047F8B50D46036804468F189E
:10B8C0002E461B6D9847BE42236806D09B6C2046CF
:10B8D00016F8011B98470130F5D1236820465B6DAF
:10B8E0009847701BF8BDF8B50D46036804468F18DD
:10B8F0002E461B6D9847BE42236807D0DB6C20465E
:10B900009847431C02D006F8010BF4E72368204651
:10B910005B6D9847701BF8BD002070470020704792
:10B92000704700000F4B002213B5044640F8043B5B
:10B93000FFF7B6FE0C4B0D49204623606033636071
:10B940000023636101F068FB0346606128B9024689
:10B9500000900749074800F025FE01F067F82046EF
:10B9600002B010BD347606082C770608AE760608BD
:10B97000B1760608190101800A4B03F10802683309
:10B9800010B5044602604360406913F0FBFC064BAF
:10B9900020462360503340F8043FFFF7A3FE2046C3
:10B9A00010BD00BF24770608CC76060810B5044603
:10B9B000FDF7B6F9094BA0692360FFF7AAFC002246
:10B9C0000023C4E90C230023C4E90801C4E90A01E7
:10B9D000C4E90E33204684F8403010BDEC770608E9
:10B9E0004FF0FF307047000038B590F83F500446E4
:10B9F00025B18E220849094800F03CFBFDF7B0F95B
:10BA000094F84030A5872BB184F84050BDE8384009
:10BA100000F01CBF38BD00BFAE770608BB77060834
:10BA200010B5044601F1300000F05CFBC4E90001F0
:10BA3000204610BD10B504468869FFF76AFCC4E9CA
:10BA40000001204610BDD0E90C32013342F1000262
:10BA5000C0E90C32D0E90A3213F57A7342F10002E0
:10BA6000C0E90A327047D0E90A2312F57A7243F12D
:10BA70000003FDF76BB9F8B50D4604468869FFF77A
:10BA800048FCD5E90A32C61A61EB0207002F08BF4D
:10BA9000B6F57A7F05D200220023C4E900232046B0
:10BAA000F8BD002F08BFB6F5FA6F01D20122F3E707
:10BAB000002E4FF47A72304677F101034FF0000305
:10BAC000B4BF0021394612F0E1FAC4E90001E6E70B
:10BAD00091F83F30F7B505460C4613B991F83C6034
:10BAE00026B1E5221149124800F0C4FA6846FFF772
:10BAF000C2FF4FF47A71A663DDE90032A3FB016750
:10BB000001FB0277D4E90A10891947EB0000C4E968
:10BB10000A10D4E90C105B1840EB02022846C4E975
:10BB20000C32C5E9003203B0F0BD00BFAE770608A5
:10BB3000C57706082DE9F743994690F83F3004464B
:10BB4000904623B158223149314800F093FA90F8D9
:10BB50003C3063B901466846FFF7BAFFDDE90023D0
:10BB60004B4508BF424505D3012384F83D3003B05F
:10BB7000BDE8F08321466846FFF752FF009B4FF473
:10BB80007A71B8EB0306019B69EB0307A8FB01235D
:10BB900001FB0933D4E90851551994F8402043EBCF
:10BBA00001080123A38762B9A269126892F82020D4
:10BBB00032BB84F8403000F033FE002F08BF052E62
:10BBC0000DD2002384F83E3094F8403023B901238D
:10BBD00084F8403000F024FE2A4643460AE094F8F8
:10BBE0004030002BEDD10123B5F57A6284F83E3068
:10BBF00048F1FF33204603B0BDE8F043FDF7A6B897
:10BC0000002F08BF052EDCD3EDE700BFAE77060896
:10BC1000BB770608024B4FF080625A60704700BF46
:10BC200000ED00E008B50121383000F049FA08B114
:10BC3000FFF7F0FF08BD012310B580F83F30044640
:10BC4000836B0BB1FFF7E6FF2046FFF70CFF10BD3B
:10BC500090F83C3010B504464BB1002380F83C30DE
:10BC600090F83E3013B9012380F83D3010BD90F8B4
:10BC70003F30002BFAD0836B01338363FFF7CAFF99
:10BC80002046FFF7E0FE2046FFF7EDFEEEE700005E
:10BC9000024B4FF000725A60704700BF00ED00E0A9
:10BCA00010B50446FDF75CF8002384F83F30FFF739
:10BCB000EFFF10BD102300F007B8202300F004B8F8
:10BCC000302300F001B840239C46F0B404AE754622
:10BCD000E80801D3EFF309860E4F0FCE0FC70FBC54
:10BCE0000FC74046494652465B460FC71DCE31003E
:10BCF000A60A00D304316E0900D248311FC7EFF302
:10BD000009806946EFF3148663C76046014900F075
:10BD100079F800BF680D0124F0B52C4E85B00024E1
:10BD20002B4F35462146013456F8042B384600F097
:10BD30007DFA0D2CF6D1AB6C264C02936B6C264829
:10BD400001932B6C0093696BD5E90E2300F06EFA1A
:10BD50002168224800F06AFAE16AA26AA36AA06A2E
:10BD6000D2B2266BC3F30723E76B000CCDE9016762
:10BD700000901B4800F05AFAA36A1E0603D5616BB7
:10BD8000184800F053FAA36A180403D5A16B1648AB
:10BD900000F04CFAEB6C190712D5144800F046FA83
:10BDA0002B6DDA070FD5124800F040FAEB6C5B07F9
:10BDB0004CBF1048104805B0BDE8F04000F036BA5E
:10BDC0000E4800F033FA0E48EEE700BF680D01247C
:10BDD000F077060800ED00E0FE7706084D780608CB
:10BDE0005B780608AA780608B8780608C6780608B8
:10BDF000D57806080579060811790608F578060849
:10BE0000E278060807B504460D461A48012100F0FD
:10BE100060F968BB184800F009FA302C19D0402CA2
:10BE20001CD0202C1FD1154C154800F0FFF91548E7
:10BE300000F0FCF9FFF770FF134800F0F7F90D4B25
:10BE400000221A7000232A4610492046009300F071
:10BE5000A9FB0F480F4C00F0E9F9E8E70E480F4C3A
:10BE600000F0E4F9E3E70E480E4C00F0DFF9DEE7FE
:10BE70000024E7E7BC0D01241D7906083E01FF8080
:10BE800046790608737906087E7906089D790608C2
:10BE9000557906083F01FF805E7906084001FF8062
:10BEA000697906083D01FF802DE9F0410C4677468F
:10BEB000154600F0EDFBE4B154F8088CDDB12846DE
:10BEC00014F03AFA064648B1A8454246214628BF32
:10BED0002A4614F07FFD204614F036FA3B462A46E7
:10BEE0002146304600F08CFB00F0E2FB3046BDE816
:10BEF000F081A046E2E72E46F0E7F7B50D4616467C
:10BF0000774600F0C5FB06FB05F21046019214F0DF
:10BF100013FA044618B1019A002114F059FE3B4669
:10BF200032462946204600F083FB00F0C1FB204644
:10BF300003B0F0BDF8B50D461646074600F0A8FB65
:10BF40002048FBF761FC204C01F0DAF915F1090FEC
:10BF500032D805F10801384614F0FEF960B3A26842
:10BF600000F10807194B2A4405604360A26022696A
:10BF7000236801322B44226162682360934250F8A7
:10BF8000042C88BF6360031F002AB8BF9B18A269F6
:10BF90001B68521B23F001031344A3610948FBF7FC
:10BFA00033FC01F0CBF932462946384600F014FB49
:10BFB00000F07EFB3846F8BD6369002701336361FA
:10BFC000ECE700BF605E0024445E0024EFBEADDEFF
:10BFD00000B572465DF804EBFFF7ACBF70B50C46D8
:10BFE0000546164600F054FB1C48FBF70DFC01F01B
:10BFF00087F91CB354F8042C194B9A422BD154F8EE
:10C000000C2CA4F10C0354F8081C002AB8BF9B1890
:10C010001A68002344F8043C22F00102114B18680E
:10C02000401A186018690138186198690144891A22
:10C030009961A4F10801284613F068FC0748FBF752
:10C04000E3FB01F07BF93146204600F009FBBDE837
:10C05000704000F02DBB2146EDE700BF605E00247C
:10C06000EFBEADDE445E002400B572465DF804EB21
:10C07000FFF7B4BF07B50B46009201460022014806
:10C0800000F090FA4401FF8003460122D3E84F0FED
:10C09000C3E8412FC0B20029F8D17047D0E85F3F14
:10C0A0005B18C0E8523F002AF8D198B27047D0E838
:10C0B0005F3F5B1AC0E8523F002AF8D198B2704740
:10C0C000034653E8000F401A43E80002002AF8D163
:10C0D00070470346D3E84F0FC3E8421FC0B2002A9F
:10C0E000F8D1704738B5044600F0BCF8D4E90045F3
:10C0F00000F0CEF82046294638BD0000254C264DDC
:10C10000264680B588B000F0ADF8A52101A8FEF75D
:10C1100043FE0427DFF88480D4F89430AB42FBD18F
:10C12000039B4046019A1A604FF44073636101F02B
:10C130004BF8D6F89430AB42FBD1019B4046049AB1
:10C140001B0413604FF44073736101F03DF8013F2D
:10C15000E2D10427DFF84880D4F89430AB42FBD119
:10C16000039B4046019A1A604FF44073636101F0EB
:10C170002BF8D6F89430AB42FBD1019B4046049A91
:10C180001B0413604FF44073736101F01DF8013F0D
:10C19000E2D1BEE70064025800030080F0490200CB
:10C1A000801A060073B5002201460446022000F002
:10C1B000E7FC0D2600F056F80022254614F8013B56
:10C1C0001BB900F065F802B070BD0A2B09D10D2A29
:10C1D00007D001220DF1070102208DF8076000F061
:10C1E000CFFC01222946022000F0CAFC14F8012CE1
:10C1F000E3E7000000B5A3B002460B46842101A886
:10C2000018F06CF9832806D9074B1A681B79CDF80A
:10C2100083208DF88730002802DD01A8FFF7C2FFD8
:10C2200023B05DF804FB00BFAD7906080FB407B575
:10C2300004A951F8040B0191FFF7DCFF03B05DF88E
:10C2400004EB04B07047EFF31080C04300F001002E
:10C250007047EFF30580003818BF01207047FEF7E4
:10C260004FBD000008B5FEF71DFD064A1368591CB6
:10C2700004D13F2204490548FFF7FCFE0133136057
:10C2800008BD00BF885E0024CC790608DC7906086A
:10C29000044A136823B1013B13600BB9FEF714BDC8
:10C2A000704700BF885E002408B50B48FFF7ECFE1E
:10C2B00028B1FFF7D7FFBFF34F8F20BFFDE7FFF790
:10C2C000C8FF08B1FFF71AFFFFF7BDFF0028F9D03C
:10C2D000012000F0BDFD00BFC85E00242DE9F04143
:10C2E0004B4C0E4698B08046216817464948C1F32A
:10C2F0004173032BC1F307430CBF4D428DB22A4655
:10C30000FFF794FF6FF498731D44132D0FD8DFE8E7
:10C3100005F00A6265686B716E740E0E0E0E0E0EDD
:10C320000E0E0E0E0E77A1683B48FFF77FFF4046CA
:10C33000FFF738FF61683948FFF778FF4EB138489A
:10C34000FFF730FF3046FFF72DFF39463548FFF73E
:10C350006DFFA1683448FFF769FF2368334A1A4428
:10C36000012A05D9324A934202D0033A93424BD173
:10C37000A06820B1C06C80F00800C0F3C000E36882
:10C38000002B43D059682B4A002908BF1146E269A7
:10C39000294D0392A2690292626901922269009278
:10C3A000264A002818BF2A462548FFF73FFF04A861
:10C3B00000F0DCFE079B216801939DF818302148AE
:10C3C0000093DDE90423FFF731FF1F48FFF72EFF3D
:10C3D00018B0BDE8F081A1681C48A6E7A1681C4818
:10C3E000A3E7A1681B48A0E7A1681B489DE7A168D7
:10C3F0001A489AE7A1681A4897E7A168194894E78C
:10C400001948FFF713FF92E70020B8E70949BEE794
:10C41000CC5E0024227A0608737A06081B7B060885
:10C420002C7B0608347B0608387B0608C2FE007F9A
:10C430004001FF800D7A0608177A06089C790608E5
:10C440004C7B0608A57B06081C7C0608897A060832
:10C45000997A0608A87A0608BB7A0608CF7A0608F1
:10C46000E37A0608F27A0608087B0608704700009F
:10C47000F0B5294D8FB00E46174635EA200528BF86
:10C4800005463022002102A814F0A2FB234B01AC88
:10C4900001952B440396012B05D9214B9D4202D0D7
:10C4A000033B9D4232D1F36B0293736B08931D4B98
:10C4B0005B69DA6B049305925A6B1B6B06920793C8
:10C4C000FFF7D0FE184A13680133012B136009D11E
:10C4D0002646164D0FCE0FC50FCE0FC50FCE0FC57A
:10C4E00033682B60124D0FCC0FC50FCC0FC50FCC8E
:10C4F0000FC52368A5F130002B600E4B1B6843B1BC
:10C500009847FFF7C5FE00200FB0F0BD02970894D2
:10C51000CDE7FFF7ABFFF4E70101FF80C2FE007F2C
:10C520004001FF80280C00248C5E0024945E0024CF
:10C53000CC5E0024905E00240FB41FB501210D488D
:10C54000CDF804E0FFF7C5FD019A044680B9014625
:10C550000948FFF78DFF224621460848FFF7BEFE37
:10C5600007A906980391FFF745FE0548FFF71AFE55
:10C57000FFF79AFEBC0D01240001FF80367C0608FF
:10C580009B79060800207047014B1878C0B27047AD
:10C59000BC0D012400B5114672465DF804EBFFF7AF
:10C5A00067BF000080B506460C460A480121F046E8
:10C5B00017461D46FFF78DFD48B9424639463046BD
:10C5C000FFF756FF029A29462046FFF787FEFFF73E
:10C5D0006BFE00BFBC0D012438B50B46064904466E
:10C5E0000D6835B105490978012902D801460020B6
:10C5F000A847204638BD00BF005F00242C5F002400
:10C6000037B5044610461A46074B1D6845B1074B1F
:10C610001B78012B04D80B46009021460120A84727
:10C62000204603B030BD00BF005F00242C5F002413
:10C6300037B5044610461A46074B1D6845B1074BEF
:10C640001B78012B04D80B46009021460220A847F6
:10C65000204603B030BD00BF005F00242C5F0024E3
:10C660000A460949034610B40C684CB107490978D9
:10C67000012905D8A446002103205DF8044B60473A
:10C680005DF8044B704700BF005F00242C5F00245E
:10C6900008B50548FBF7B8F800F032FE034A1378F6
:10C6A0000133137008BD00BF045F00242C5F002419
:10C6B000054A064808B51378013B1370FBF7A4F848
:10C6C000BDE8084000F03ABE2C5F0024045F00245F
:10C6D00038B5064C23683BB9054DFEF783FB014690
:10C6E0002846FFF763F92560206838BD785F00248D
:10C6F000305F002408B5836823B9054B1B6893F8A5
:10C700003D0008BDC06898470028F6D0F9E700BF93
:10C71000785F0024F7B504464FF0FF366FF000470E
:10C72000164D2046FFF7E6FF30BBD4E90023BB429D
:10C7300008BFB24202D02868FFF7FCF901A8FEF753
:10C740009DFF2046FFF7D6FF98B9D4E90023BB42EE
:10C7500008BFB24207D100F09DF801A8FEF796FF8E
:10C76000BFF36F8FDDE72B6893F83C30002BF2D1DD
:10C77000F3E701A8FEF78AFF03B0F0BD785F00245D
:10C7800030B587B00D4D0446CDE902230A9B0493D2
:10C790000B9B0593FFF79CFF02A8FFF7BBFF2868E0
:10C7A000FFF722F968462968FFF792F92046DDE98C
:10C7B0000023C4E9002307B030BD00BF785F002428
:10C7C0002DE9F0410E4D86B006460F4604A82968B3
:10C7D0009046FFF725F92B68DDE904019B6BC41A2D
:10C7E00002A861EBE375A219CDE9007845F10003D9
:10C7F000FFF7C6FF0298001B06B0BDE8F08100BF3E
:10C80000785F002410B5054C236813B9FEF7EAFAE7
:10C8100020602068BDE81040FEF77BBD885F0024E3
:10C8200013B5074C01212046FFF738FC034628B911
:10C830000090228803490448FFF7B4FE02B010BDFF
:10C840007C5F00244B7C06082301048013B5094C4F
:10C8500001212046FFF72BFC4FF6FF73984206D1CB
:10C8600000232288044905480093FFF79BFE02B08D
:10C8700010BD00BF7C5F00246D7C0608240104808D
:10C88000034B188880B2B0FA80F04009704700BFAF
:10C890007C5F0024F8B5FFF7E5FCFFF7B3FF064621
:10C8A0000F46FFF7EDFF0446A0B10FF0FFFDFFF7C5
:10C8B000A9FF05468CB10F48D0E90043A21B63EBEA
:10C8C0000707521947EB0101C0E90021BDE8F84014
:10C8D000FFF7DEBC0FF0D8FDE9E7074CD4E90020F4
:10C8E000931B60EB07005B1940EB0101C4E90031C9
:10C8F000ECE700BF805F0024905F00246FF01C0015
:10C9000070476FF015007047012070470020704796
:10C9100070470000034B186818B14FF0FF31F8F76B
:10C92000C3BB704700730024024B186808B1F8F7C6
:10C93000D3BB704700730024F8B515460C468F181A
:10C94000054EBC4205D014F8011B30460BF050FEDA
:10C95000F7E72846F8BD00BF2814012438B511F0C8
:10C9600001048DB205D008480FF0ACFA041E18BFC0
:10C970000124EB0605D504480FF0B4FA08B144F0E1
:10C980001004204638BD00BF2814012410B50C4601
:10C990002AB104480BF0F8FD2070012010BD1046AC
:10C9A000FCE700BF2814012438B5084B044615469F
:10C9B0000360074B1B6833B90648FEF70BFD294699
:10C9C00004480FF0E5FA204638BD00BFB47D0608E4
:10C9D000AC72002428140124002070470020704706
:10C9E000002307B51A46024902480093FFF7DAFD13
:10C9F0008B7C060829010180074A084913681844FE
:10CA0000884283BF064B0C224FF0FF3010608CBF72
:10CA10001A601846704700BF2C0E002400FC072443
:10CA2000A41401240120704701207047002114F054
:10CA30002DBA08B5F9F758FB08BD08B5F9F75CFB46
:10CA400008BD000010B50446037803F00303012B72
:10CA500008D0FFF75FFF237803F00302012A03D118
:10CA6000FFF762FF00200AE02AB14FF4D4620449C4
:10CA70000448FFF7FFFA43F002032370012010BDC2
:10CA8000AF7C0608C17C060808B5037803F00302F2
:10CA9000022A05D040F2A96206490748FFF7EAFAE0
:10CAA00023F0030343F001030370BDE80840FFF7E0
:10CAB0003BBF00BFAF7C0608DF7C06083F2870B58F
:10CAC00004462EDC184D55F820305A1C13D102288C
:10CAD00011DCFFF783FF034658B92046FFF77CFFC0
:10CAE000034630B9114E3378BFF35B8FDB0704D5B3
:10CAF0000F4B45F82430184670BD3046FFF7A2FFB3
:10CB00000028F5D04FF4E1320A490948FFF74CFFFD
:10CB10003046FFF7B9FF084A08490548FFF782FF8A
:10CB2000E6E70023E7E700BF2C0D0024985F002410
:10CB300044600024FC7D06080000002411C904089C
:10CB400038B505460024FFF7B9FF0B4B43F82540E5
:10CB500030B912F0A9FB092303604FF0FF3038BD54
:10CB600003685B699847051E04DA6D4212F09CFB6E
:10CB70000560F2E72046F2E72C0D0024FFF7E0BF46
:10CB800013B5CDE90021FFF799FFDDE9002140B998
:10CB900012F08AFB092303604FF0FF34204602B0F5
:10CBA00010BD0368DB689847041EF7DA644212F090
:10CBB0007BFB0460F0E713B5CDE90021FFF77EFFB2
:10CBC000DDE9002140B912F06FFB092303604FF04B
:10CBD000FF34204602B010BD03689B689847041ECE
:10CBE000F7DA644212F060FB0460F0E710B5FFF77B
:10CBF00065FF044628B912F057FB0923036020465D
:10CC000010BD0368DB699847041EF8DA644212F02D
:10CC10004BFB04600024F2E7402337B50546CDF80E
:10CC2000010068468DF8003012F0CEFD044630B1A8
:10CC30002846FFF7DBFF10B12046FFF7F7FE20463E
:10CC400003B030BD2DE9F04F85B006460F46904643
:10CC5000FFF7FFFA054630B1002332462C492D4834
:10CC60000093FFF79FFCFFF7EEFA0028F4D0B8F12D
:10CC7000000F09DA12F018FB162303604FF0FF349F
:10CC8000204605B0BDE8F08F3046FFF7AFFF044601
:10CC900058B3214A2C46DFF884A04FF00D0B935D6A
:10CCA0009146A84521DD7A5D0A2A1BD10D2B0393FD
:10CCB00018D0AC420CDA2A1B39193046FFF760FF56
:10CCC0000028039BDADB0444A542D9DC09F80630CE
:10CCD000012251463046FFF753FF0028CEDBCFD06C
:10CCE00009F806B07B5D0135DBE7A045C8DDA8EBA0
:10CCF000040239193046FFF743FF0028BEDB241831
:10CD00001FBF3F19044B17F8012C9A55B8E700BF15
:10CD1000167D06082F010180DC5F0024507D060887
:10CD2000FFF764BF7FB504460D461646FFF791FA3C
:10CD300030B1002322461D491D480093FFF732FC05
:10CD4000FFF781FA0028F4D0002E06DA12F0ACFAD0
:10CD5000162303604FF0FF3018E02046FFF746FF30
:10CD6000E8B1144E01220DF10F012046FFF723FF19
:10CD70000028EFDB0AD09DF80F300D2B08D1325D73
:10CD80000A2A3355EED00A2301202B7004B070BD5F
:10CD90000A2B02D1325D0D2AF3E73355F4E7324610
:10CDA00029462046FFF707FFF0E700BF527D06083F
:10CDB0002F0101809C5F002413B5CDE90021FFF70E
:10CDC0007DFEDDE9002140B912F06EFA092303600F
:10CDD0004FF0FF34204602B010BD03681B6998472E
:10CDE000041EF7DA644212F05FFA0460F0E7FFF71E
:10CDF000E3BF10B5FFF762FE30B912F055FA092310
:10CE000003604FF0FF3010BD03689B699847041E14
:10CE100004DA644212F048FA0460F2E70020F2E714
:10CE20000A4D044608B52B68986812F08BFB2B68F6
:10CE3000D86812F087FB0120FFF7DBFF0220FFF725
:10CE4000D8FF0CB1FFF75AF9FEE700BF4C0E0024E3
:10CE500008B5FFF7E5FF38B50D46FFF72FFE04468E
:10CE600030B912F021FA092303604FF0FF3038BDCA
:10CE70000368DB6998470028204614BF4FF400532D
:10CE80004FF400436B6023689B6A98472861002039
:10CE9000EDE7FFF7E0BF000008B5037803F00302F9
:10CEA000022A05D040F2B26205490648FFF7E2F8CF
:10CEB00023F002030370BDE80840FFF735BD00BF53
:10CEC000AF7C0608DF7C0608084B724613B50146A6
:10CED00004461868FFF72EF8034628B9009022464A
:10CEE00003490448FFF75EFB02B010BD4C0E00245E
:10CEF0008E7D06081F010180FFF7E6BF044B7246D6
:10CF00000146186800B55DF804EBFFF713B800BFE1
:10CF10004C0E0024FFF7F2BF044B7246014618681E
:10CF200000B55DF804EBFFF759B800BF4C0E0024C4
:10CF3000044B72460146186800B55DF804EBFFF734
:10CF40004DB800BF4C0E002410B504460421FFF775
:10CF5000EFFF204610BDFFF7DFBF000010B504460D
:10CF60000B48FAF751FC00F0CBF90A4A40230021A4
:10CF700052F8040BA04208BF42F8041C013BF7D151
:10CF80000348FAF741FCBDE8104000F0D7B900BFF4
:10CF90001C6000242C0D002410B512480324FAF75D
:10CFA00033FC00F0ADF9104B53F824207AB1013472
:10CFB000402CF9D112F078F918234FF0FF340360B8
:10CFC0000848FAF721FC00F0B9F9204610BD4FF0EF
:10CFD000FF32044843F82420FAF716FC00F0AEF9BB
:10CFE000F3E700BF1C6000242C0D002410B504469C
:10CFF000FFF7D2FF002807DB044B054A43F8204027
:10D0000000231354034A135410BD00BF2C0D0024F9
:10D010009C5F0024DC5F002473B506460191FFF796
:10D02000E5FF051E13DB0199FFF7F6FD044630B955
:10D03000084B53F82520964204D143F8250020469A
:10D0400002B070BD12F030F909230360F7E7002445
:10D05000F5E700BF2C0D00240EB42DE9F04187B098
:10D060000190FFF799FF041E13DB0023019904A828
:10D07000214E0393FEF7C8FB04A8FEF715FC0546F6
:10D0800068B912F011F91323036046F824504FF0E9
:10D09000FF34204607B0BDE8F04103B0704704A854
:10D0A000FEF7F0FB074604A85FB1FEF7F4FB039020
:10D0B000039B124A46F8243000231355104A135597
:10D0C000E7E7FEF7D6FB05460028DAD0036804A898
:10D0D000D3F80880FEF7C2FB0D9B024603A9284641
:10D0E000C04705460028E3D06D4212F0DDF8056028
:10D0F00046F82470CBE700BF2C0D00249C5F002471
:10D10000DC5F002470B50E461549054614F0DCF8C6
:10D11000044618B9FFF7D2FC204670BD11492846D5
:10D1200014F0D2F820B901200124FFF7C7FCF3E77F
:10D130000D49284614F0C8F820B902200224FFF750
:10D14000BDFCE9E72B78402B02D1D5F80140E3E79D
:10D1500026F480312846BDE87040FFF77DBF00BF50
:10D160001C7E0608237E0608147E060810B50446B9
:10D1700020B9902210491148FEF77CFF4C22002173
:10D18000043013F025FD4FF204134FF000614FF00F
:10D19000105223604FF4002321634FF400112362E7
:10D1A0006362074B2261216462611B686360022332
:10D1B0002372044BE36010BD457E0608527E0608CC
:10D1C00000ED00E058600100034B596A5A6A521A98
:10D1D0008242FBD3704700BF000C00401FB5002304
:10D1E0000446CDE90013031D684602931023039300
:10D1F000F6F74CFF206020B9352203490348FEF7BB
:10D2000039FF04B010BD00BF767E0608857E060893
:10D2100010B504460249FFF7E1FF204610BD00BFEC
:10D22000897E060810B50446FFF7D8FF204610BDDA
:10D230000068F6F743BF10B504460068F6F7ACFF88
:10D24000204610BD10B49DF804400CB942F0020213
:10D2500000685DF8044BF6F775BF07B500931346F9
:10D260000022FFF7EFFF03B05DF804FBFFF7F5BF07
:10D2700013B5FEF7F7FFF7F7D9F9094B04461A681B
:10D2800018608242074A82BF11680131116011683B
:10D290000191FEF7FDFF2046019902B010BD00BFCD
:10D2A00054600024506000241FB50023044603622C
:10D2B0000C4B002908BF1946031D684602931C2326
:10D2C000009103930B230193F7F7D6FE206038B942
:10D2D000FFF75AF920B93D2203490448FEF7CAFE78
:10D2E00004B010BDA97E0608D97E0608E37E0608B4
:10D2F00010B504460021FFF7D7FF204610BD0000FF
:10D3000037B504464FF0FF310068F7F7CDFE05460C
:10D3100020B9236A0133236203B030BDFFF734F92B
:10D3200003460028F8D12A46024903480093FFF734
:10D3300039F900BF077F060815010280036A013B27
:10D3400013B503620068F7F7C7FE044648B1FFF75C
:10D350001BF9034628B90090224603490348FFF70A
:10D3600021F902B010BD00BF197F06081701028025
:10D3700010B504460068F7F7C7FE204610BD000050
:10D380001FB50446002310466A46CDE90033231D2D
:10D39000029310230393F7F7E5FF206020B93722AB
:10D3A00002490348FEF766FE04B010BD437F06083D
:10D3B000517F060810B504464FF6FF72FFF7E0FFF5
:10D3C000204610BD13B500680C46F7F7E3FF024690
:10D3D00070B1C11C4FF0000006D15CB10090002379
:10D3E00005490648FFF7DEF8931CF7D102B010BDDF
:10D3F0000120FBE72046F9E7607F06081401028060
:10D400000068F7F7EFBF10B504460068F8F718F8A2
:10D41000204610BD08B538B1F6F7CCFC20B1E322A8
:10D4200002490348FEF726FE08BD00BF8F7F0608AD
:10D43000A6730608F8F710BD2DE9F047DDE9085797
:10D44000994604466B07884692464FF0000118BF84
:10D4500025F007064FF0440200F178000CBF2E467D
:10D46000083613F0B5FBB5FA85F300214D442022B0
:10D470005B0904F11C006161AD1B84F83C3084F849
:10D480003D1025F0070513F0A3FB064BC4F830A0B0
:10D49000002F08BF1F46E562A662A761C4F834806A
:10D4A000BDE8F0872380060813B5049CCDE900345D
:10D4B00013460A460021FFF7BFFF02B010BD70B54A
:10D4C00000F1540504462846FFF71AFF04F1400016
:10D4D0006669FFF795FF0023636194F83D302BB137
:10D4E00000242846FFF72AFF204670BD012384F858
:10D4F0003D30002EF4D03046F8F7C4FC0446F0E787
:10D5000013B5044654300190FFF7FAFE63690198A1
:10D510009BB194F87940FFF711FF432C27D015D821
:10D52000132C26D00BD8012C04D0022C02D0002CB6
:10D5300018BF1024204602B010BD0424EBE7232CB2
:10D5400019D0332C14BF10240524F3E7732C14D006
:10D5500006D8532C13D0632C14BF10240824E9E7F9
:10D56000832C0ED0932C14BF10240B24E2E7062446
:10D57000E0E70324DEE70424DCE70924DAE70724F4
:10D58000D8E70A24D6E713B5044654300190FFF7D4
:10D59000B7FE636901983BB19C6B1B6BE41AFFF704
:10D5A000CDFE204602B010BD1C46F8E70D4B10B56D
:10D5B00004460360FFF783FF94F83C302BB1A06A68
:10D5C00008B1FFF7C8FC0023A36204F15400FFF781
:10D5D000CFFE04F14000FFF716FF201DF3F73FFCDC
:10D5E000204610BD4880060810B50446FFF7DEFF50
:10D5F000BC212046FFF79CFC204610BD70B500F111
:10D60000540504460E462846FFF77AFE636913B9AF
:10D6100094F83D302BB12846FFF790FE6FF00300E1
:10D6200070BDA36A53B100232349E26AB3EB920FA2
:10D6300018D2A26A42F823100133F6E7E06A1F4BC2
:10D640001F49984294BF20F003004FF0FF30FFF7CE
:10D6500061FCA0620028E6D12846FFF76FFE6FF05C
:10D660000400DDE744233146201D636204F17803A2
:10D670002362F5F7C3FE04F1180221461148F8F7BA
:10D68000BFFB606190B994F83C302BB1A06A08B13F
:10D69000FFF761FC0023A3622846FFF74FFE04F169
:10D6A0004000FFF7ADFE6FF00200B9E72846FFF734
:10D6B00045FE0020B4E700BFA52E5AE2FBFFFF7F26
:10D6C000F8B20608C9D6040810B504460430F8F7C5
:10D6D000BCFE04F15400FFF713FE002304F14000E8
:10D6E0006361012384F83D30BDE81040FFF788BE38
:10D6F000012000217047D0F8600100217047000030
:10D700000048704750800608D0E944017047FF2068
:10D71000704700002DE9F04F89B0904699460546C4
:10D720009DF84830C3469DF8502090F8FA71DDE925
:10D7300015610591032B20D8DFE803F01C022A03B2
:10D7400002270F2A05F1040A3B4608BF95F8FD2180
:10D7500050460392002211460092CDE90122FAF7C9
:10D760007BFC0446B0B12A4A02202A49A346FDF7B1
:10D770006FFF09E04FF0FF3BE3E74FF0FF3B264A26
:10D7800024490220FDF764FF584609B0BDE8F08F38
:10D790000327D6E7059B4FF0FF329DF84C1050460B
:10D7A000079307ABCDE900635B46FAF7E5FC224639
:10D7B000214683463B465046CDE90244CDE900442C
:10D7C000FAF74AFC04460028CDD1BBF1000F05D082
:10D7D000124A02200F49FDF73BFFD5E795F80101FA
:10D7E000A0B1B9F1000F08BFB8F1040F04D133782C
:10D7F00043F00A033370C7E7B9F1000F08BFB8F16F
:10D80000020FC1D1337823F00403F3E78346BBE76B
:10D810008080060850800608568006089E8006080C
:10D8200038B5044619461046D4F8183101331FD1D3
:10D8300004F5847201F034FD431CD4F8605109D022
:10D8400020440122002390F85411114205D0723374
:10D8500054F823502846E91738BD01335200042BF1
:10D8600052B2F2D1044A02200449FDF7F1FEF1E779
:10D870004FF480500021EFE7BC8006085080060876
:10D880000068704730B5039D00241C702C708C78A4
:10D8900014F0200F15D04A7AC0F8E02001221A7047
:10D8A0000B7A03F01F0380F8FD310B7A5B119B00AC
:10D8B00080F8FB31022380F8F93180F8FE31002036
:10D8C00030BD102A0FDD0A7CD2060CD5CA7EC0F806
:10D8D000E02001221A702A708B7E03F01F0380F86B
:10D8E000FD318B7EE2E762060FD5CA7AC0F8E020F0
:10D8F00001221A708B7A03F01F0380F8FD318B7AB6
:10D900005B1180F8FB310223D7E70B7CDD070ED5D6
:10D91000CB7DC0F8E0308B7D03F01F0380F8FD3134
:10D920008B7D5B115B0080F8FB310123C3E7E206CE
:10D9300009D5CB7BC0F8E0308B7B03F01F0380F868
:10D94000FD318B7BEDE7E3070DD54B7BC0F8E03075
:10D950000B7B03F01F0380F8FD310B7B5B1180F81C
:10D96000FB310123A9E70323C0F8E030A7E700005B
:10D970002DE9F04385B006460D461746DDF83880A0
:10D98000DDF8489000F0C4F8044640B10E4A022089
:10D990000E49FDF75DFE204605B0BDE8F083109B03
:10D9A0003A462946301DCDF80890CDE900830C9BFE
:10D9B000FAF740FC04460028EDD02B46044A034900
:10D9C0000220FDF745FEE6E7E480060850800608E1
:10D9D000378106082DE9F04700238AB0054642F258
:10D9E0001074012600274FF000084FF00009DFF8FF
:10D9F00064A08DF827300120FFF70CFD0DF12703FF
:10DA00004FF0FF32052104930023284600934FF086
:10DA1000FF33CDE90667CDE90289FFF7A9FF20B101
:10DA200052460A490220FDF713FE9DF82730DA0717
:10DA300008D5013CDFD10220054A0449FDF708FE64
:10DA4000204600E001200AB0BDE8F08750800608BB
:10DA50007281060853810608F0B500238BB0044696
:10DA60008DF8273090F802315BB1FFF7B3FF40B972
:10DA7000214A22490220FDF7EBFD4FF0FF300BB0A9
:10DA8000F0BD0023002600274FF0FF32049306214B
:10DA9000009320464FF0FF33CDE90667CDE90267DA
:10DAA000FFF766FF054608B1154AE2E72046FFF793
:10DAB00091FF08B9134ADCE7012200230521204623
:10DAC0000095CDE906230DF127034FF0FF320493B3
:10DAD0004FF0FF33CDE90267FFF74AFF08B10A4A6A
:10DAE000C7E79DF827309A07C9D4084A022003499E
:10DAF000FDF7AEFDC1E700BF9C8106085080060817
:10DB0000C6810608E281060801820608228206080C
:10DB1000F0B5D0F8F44087B0054601341CD0120EA1
:10DB20008DF81720FFF798FF70B901234FF0FF32EF
:10DB3000D5F8F41000930DF11703CDE90100281D6D
:10DB4000FAF778FB07B0F0BD0D4A02200D49FDF74A
:10DB50007FFD4FF0FF30F5E790F8FA1103290DD063
:10DB600012F17F466FF0807243F1FF374FF0FF33C1
:10DB70009F4208BF964201D2034AE6E70020E1E750
:10DB800059820608508006086D8206082DE9F04784
:10DB900086B0914605468846109BDDF838A005936F
:10DBA00052460F9BFFF7B4FF044628B1244A25498B
:10DBB0000220FDF74DFD3AE095F8FD312F1D95F857
:10DBC000F9210393384695F8FE31029395F8FB311D
:10DBD000CDE9002395F8FA3195F8F811FAF73CFAF7
:10DBE0000446064608B1184AE1E795F8FB0105AB83
:10DBF0004146B0FA80F04009CDE9009342425346D5
:10DC00003846FAF7B9FA3246044631463846CDE985
:10DC10000266CDE9006695F8FA31FAF71DFA054675
:10DC200048B12C46084A07490220FDF711FD20465D
:10DC300006B0BDE8F087002CF9D0044AB7E700BF72
:10DC4000B48206085080060880800608FC82060818
:10DC50002DE9FF4100F1BC0804460D461746404639
:10DC60001E46FFF74DFB2046DDE90A23CDE900768D
:10DC7000CDE902232A46D4F8E010FFF787FF68B108
:10DC80006FF47A64064A07490220FDF7E1FC40463A
:10DC9000FFF754FB204604B0BDE8F0810446F6E7E8
:10DCA0000D83060850800608F0B585B01646054677
:10DCB0000A9F0B9B3A460391FFF72AFF03990446FC
:10DCC00038B10B4A0B490220FDF7C2FC204605B0D3
:10DCD000F0BD0C9B4FF0FF32281DCDE900633B46A1
:10DCE000FAF779FA04460028F0D0034AEAE700BFC1
:10DCF00021830608508006086A83060870B586B03E
:10DD0000054616460591FFF703FF0599044638B10D
:10DD10000A4A0B490220FDF79BFC204606B070BD65
:10DD2000034600903246CDE90100281DFAF782FA39
:10DD300004460028F1D0034AEBE700BF7C830608C5
:10DD400050800608C58306082DE9F04F054689B0C6
:10DD5000884614461E4600F1BC09DDE91223134330
:10DD600062D0D5F8F0714FF0000B204631463A46AC
:10DD70005B4610F08BF912995118049113994B419D
:10DD80000593DDE9040159454FF0000B08BFB84287
:10DD900048462CBFBF1A129FBA46CDE906ABFFF723
:10DDA000AFFA2846FFF758FE60B1204C0220204A07
:10DDB0002049FDF74DFC4846FFF7C0FA204609B060
:10DDC000BDE8F08F06AB4246022128460293CDE91A
:10DDD0000046FFF769FF38B1174A022015496FF472
:10DDE0007A64FDF735FCE6E7DDE906239B4508BFCD
:10DDF0009742F1D1E419129B2846B84446EB0B0632
:10DE0000DB1B1293139B63EB0B031393FFF7E2FDF2
:10DE100030B90A4A02200749094CFDF719FCCAE744
:10DE20004846FFF78BFA98E70024C7E75CF0FFFF4E
:10DE3000D7830608508006086F830608EA83060821
:10DE40005DF0FFFF2DE9F04F1446064689B000F55E
:10DE50008472194620461D4601F022FA33180746FF
:10DE600093F854310593129B14EB0308139B45EB75
:10DE70000309D6E944234B4508BF424509D2604A0D
:10DE8000604C02206049FDF7E3FB204609B0BDE885
:10DE9000F08F336822463046196B2B46884702467E
:10DEA0000B462046294610F0F1F813430FD118F124
:10DEB000FF3233683046196B49F1FF338847024619
:10DEC0000B464046494610F0E1F8134301D04F4A53
:10DED000D6E700230493DDE91223134300F08E807C
:10DEE000D6F818B1BBF1FF3F46D106F590730598FF
:10DEF000CDE90273CDE90045DDE9122301F0EEF929
:10DF0000049006EB8003D3F8B8B1D3F8C8A14FF062
:10DF100000095246204629464B46D04610F0B6F836
:10DF200013430CD1129BE3180693139B45EB030399
:10DF30000793DDE906234B4508BF524509D2049BF0
:10DF40000220334A3049CDE902A3CDE90045FDF76F
:10DF50007FFB06F1BC0A5046FFF7D2F93046FFF7C7
:10DF60007BFD60B12B4C02202B4A2749FDF770FB4B
:10DF70005046FFF7E3F988E74FF4805AC7E7DDE939
:10DF8000122359463046CDE9002322462B46FFF79F
:10DF9000B5FE38B1214A02201B496FF47A64FDF7BF
:10DFA00057FBE5E714EB0804129B45EB0905B3EBBF
:10DFB00008031293139B63EB09031393DDE9122308
:10DFC00013430CD006EBC703D3E95A23AB4208BF77
:10DFD000A2423FBF0137F31993F8543105933046FD
:10DFE000FFF7F8FC30B90E4A022007490D4CFDF747
:10DFF0002FFBBDE75046FFF7A1F96CE7002444E78B
:10E000000F8406085BF0FFFF508006082F84060887
:10E010005A8406085CF0FFFF9E840608C384060845
:10E02000DE8406085DF0FFFF30B591F839308BB023
:10E0300091F8382004461B0103F0100343EA121341
:10E04000082B6ED021DC022B19DCD3B10023002475
:10E0500000254FF0FF320493382100934FF0FF3337
:10E06000CDE90645CDE90245FFF782FC20B1464ADD
:10E0700046490220FDF7ECFA00200BB030BD042B1E
:10E080003BD0434A04204149F4E7102BF9D1012247
:10E09000002309AD6521CDE9062300220023049564
:10E0A000CDE9022300234FF0FF3200934FF0FF33FE
:10E0B000FFF75EFC20B1374A02203449FDF7C8FA69
:10E0C0009DF8243001226121204603F07F0304954E
:10E0D0008DF824300023CDE9062300220023CDE96A
:10E0E000022300234FF0FF3200934FF0FF33FFF77E
:10E0F0003FFC0028C0D0284ABAE7002300240025AE
:10E100004FF0FF320493352100934FF0FF33CDE9F8
:10E110000645CDE90245FFF72BFC0028ACD01F4A8D
:10E12000A6E70122002309AD6521CDE906230022DF
:10E1300000230495CDE902230023194A009300230C
:10E14000FFF716FC20B1174A02201049FDF780FAAC
:10E150009DF8243001227121204643F040030495AC
:10E160008DF824300023CDE9062300220023CDE9D9
:10E17000022300230A4A00930023FFF7F9FB00283B
:10E180003FF47AAF084A73E709850608508006080D
:10E1900034860608D58506080586060839850608EA
:10E1A0000300800069850608A5850608304B9F217D
:10E1B000D0B51B788AB00326002709AA8DF8243031
:10E1C0000023044604924FF0FF32ADF8253000934F
:10E1D0004FF0FF33CDE9066700260027CDE902673F
:10E1E000FFF7C6FB40B10220224A2349FDF730FA6F
:10E1F0004FF0FF300AB0D0BD9DF824309D2B27D0C2
:10E200000ED8012B28D01F2BF4D19DF82530892B57
:10E2100001BF3123C4F8E830012384F80231E9E773
:10E22000BF2B12D0C22BE5D19DF825300020202B2A
:10E2300084F8F0001FBF012384F800310323C4F8E1
:10E24000E4301523C4F8EC30D4E784F80301D1E7B7
:10E250000123C4F8E430CDE79DF82520022AC9D176
:10E260009DF82620202AC5D184F80131C2E700BFDD
:10E270006C8C060871860608508006083F2A2DE936
:10E28000F04782468AB040F3B08091F83F3013F0F7
:10E2900040021DD0032300258AF8FA319AF8FA319A
:10E2A000032B11D100220AF104001146CDE902220C
:10E2B000CDE90022F9F7D0FE30B16FF47A654C4A0F
:10E2C0004C490220FDF7C4F928460AB0BDE8F087A2
:10E2D000D90710D50024002504924FF0FF33009297
:10E2E000B7214FF0FF32CDE90645CDE90245FFF7F2
:10E2F0003FFB88BBCEE713F0020212D0FFF7ACFB66
:10E3000000284AD1002200230490B72100905046F3
:10E31000CDE90623CDE902234FF0FF324FF0FF3362
:10E32000E5E713F010013FD0012600270DF1270487
:10E330004FF000084FF000098DF8272000924FF0B1
:10E34000FF334FF0FF32B5210494CDE90667CDE9E4
:10E350000289FFF70DFB08B1274D9FE79DF8273095
:10E36000504643F001038DF82730FFF775FB054653
:10E3700098B904904FF0FF324FF0FF33B12150466F
:10E380000094CDE90689CDE90267FFF7F1FA00288C
:10E39000E2D103238AF8FA3180E7184A02201549AE
:10E3A000174DFDF755F979E713F0080214D08023D3
:10E3B0000022049117218DF827300023CDE9062390
:10E3C00001220023CDE902230DF127034FF0FF3294
:10E3D00000934FF0FF338AE713F004054FF0020378
:10E3E000D8D0C521C0F8F41055E700256CE700BF70
:10E3F00080800608508006085EF0FFFF59820608FC
:10E400005CF0FFFFD0B5044690F8020188B0F0B18F
:10E4100091F8343013F008021CD0002100284FF08E
:10E4200000034FF000004FF0FF32049300934FF0D1
:10E43000FF33CDE90601CDE902010CBFF02199219E
:10E440002046FFF795FA58B31C4808B0D0BD91F8A4
:10E450003D30DFE7DB061DD50026002704924FF094
:10E46000FF33009266214FF0FF322046CDE9066768
:10E47000CDE90267FFF77CFA0028E5D14FF0FF32C3
:10E480004FF0FF33992104900090CDE90667CDE964
:10E490000267D5E70A4A02200A49FDF7D9F8D3E70F
:10E4A0002046FFF797FA30B90220074A0549FDF7E1
:10E4B000CFF80648C9E70020C7E700BF5EF0FFFFBE
:10E4C00087860608508006080E8706085DF0FFFF65
:10E4D0002DE9F041012288B0002300260027049195
:10E4E0000D4605218046CDE9062300234FF0FF327B
:10E4F00000934FF0FF33CDE90267FFF739FA044686
:10E5000040B1114A11490220FDF7A2F8204608B097
:10E51000BDE8F081D8F8E430013BF7D00135009038
:10E520004FF0FF32D8F8EC100495CDE90630CDE974
:10E5300002674FF0FF334046FFF71AFA04460028FF
:10E54000E4D0034ADEE700BF0182060850800608D7
:10E550002D870608D0F8E83001332DE9F04F054645
:10E5600089B08B4629D1FFF777FA50B14FF0FF34CD
:10E57000344A35490220FDF76BF8204609B0BDE862
:10E58000F08F0022002304900121CDF800B0CDE9E6
:10E590000623D5F8E4304FF0FF32CDE902304FF0DA
:10E5A000FF332846FFF7E4F904460028E5D0274A60
:10E5B00002202549FDF74CF8DFE7D0F8E4A0BAF1D6
:10E5C000020F05D04FF4CC6221492248FDF752FDDD
:10E5D000FFF742FA0028C9D14FF000084FF00009B8
:10E5E0000126002704904FF0FF324FF0FF33012146
:10E5F0002846CDF800B0CDE90689CDE90267FFF7DE
:10E60000B7F9044618B1144A0F495046D2E72846D4
:10E61000FFF722FA0028A9D10BF1010104944FF071
:10E62000FF324FF0FF3300912846D5F8E810CDE9CE
:10E630000689CDE90267FFF79BF9044600289CD0C4
:10E64000064AE1E74E8706085080060862870608FA
:10E65000B7870608CC870608E787060808880608F3
:10E660003F4BF7B51A7800230446ADF80130ADF8FA
:10E67000053090F802318DF800208DF8042053B950
:10E6800091F83A30C3F30213052B4CD8DFE803F0BE
:10E6900050033D4203030123C4F8F830C4F8FC30B2
:10E6A000D4F8F830591C09D0D4F8FC104A1C05D015
:10E6B00002AA134401228A4003F8082C01A920462B
:10E6C000FFF706FF9DF806309DF802202046BDF8B2
:10E6D00000101343BDF804209DF800700A4301A9FF
:10E6E0009DF80160ADF804208DF80630FFF732FF89
:10E6F0002046FFF76FF9E8B91A4A02201A49FCF7D9
:10E70000A7FF4FF0FF3003B0F0BD0023C0F8F83092
:10E710000623C3E7072300203E25C4E93E033F2329
:10E72000C4E93A53BCE7114A04200F49FCF790FFB3
:10E730000020E8E7002501A92046ADF804508DF837
:10E740000650FFF7C5FE9DF804301F409DF80530C8
:10E750001E4057EA060301D1054ACEE72846D2E714
:10E760006C8C0608EA83060850800608298806088B
:10E77000478806082D4B30B51B788BB005468DF8C1
:10E7800024300023ADF82530FFF724F940B9284A9A
:10E7900002202849FCF75CFF4FF0FF300BB030BD82
:10E7A00095F8034144B1012C20D02846FFF712F917
:10E7B0000028ECD00020F1E72846FFF74DF908B11A
:10E7C0001D4AE5E700220023049098210090284686
:10E7D000CDE90623CDE902234FF0FF324FF0FF339E
:10E7E000FFF7C6F80028E0D0144AD1E709A9284667
:10E7F000FFF76EFE08B1124ACAE7D5F8F83093B9B0
:10E80000D5F8FC309C4044F00304E4B29DF8243079
:10E8100009A928461C408DF82440FFF79BFE0028DC
:10E82000C3D0084AB4E70324F0E700BF6C8C0608A5
:10E830006988060850800608598206089C880608E0
:10E84000C2880608F8880608D0F8E430032B30B5F3
:10E85000054687B005D040F2045226492648FDF708
:10E8600009FC264B002204301B781146ADF8152018
:10E870008DF814300223CDE90222CDE90022F9F708
:10E88000EBFB48B11E4A4FF0FF341E490220FCF753
:10E89000DFFE204607B030BD05A92846FFF718FE69
:10E8A00008B1194AEFE79DF81630284643F00203F5
:10E8B0008DF81630FFF7D0F8044608B1134AE2E7A6
:10E8C00005A92846FFF746FE08B1114ADBE72846AE
:10E8D000FFF780F808B90F4AD5E705A92846ADF833
:10E8E00014408DF81640FFF7F3FD0028D1D00A4AF6
:10E8F000C9E700BFB7870608308906086C8C060890
:10E9000080800608508006084B8906084E87060856
:10E910006A890608EA8306089C89060810B5044639
:10E92000F2F798FA204610BDF8B518480D46F8F7EA
:10E930006BFFFEF7E5FC164A1068092820DC154B32
:10E940001B68991E1C4603F1120631F9027FAF4283
:10E9500019D0B142F9D1143321460234B1F9006023
:10E9600001360AD10D800130002410600748F8F705
:10E970004BFFFEF7E3FC2046F8BD9C42ECD1F2E7EA
:10E980006FF00104F2E74FF0FF34EFE75860002426
:10E9900084600024806000247FB52F4E0446BDF9BA
:10E9A000285040F8046B0B9ECDE90256BDF9246057
:10E9B0000196BDF920600096F9F706FB04F1BC0052
:10E9C000A4F8B850FEF794FC0C9B29462046C4F8E6
:10E9D000F4310023C4F8003284F80432FFF7A4FFB6
:10E9E000C4F8B40050B101301C494FF0020007BF19
:10E9F0002B461B4A0A231B4AFCF72AFE0020002153
:10EA000000224FF0FF33C4E944014FF40030C4F852
:10EA1000602184F854210121C4F8F801032084F80E
:10EA2000FD2184F8FE210222C4F81831C4F8E83030
:10EA3000C4F8FC30C4F8281184F8F010C4E9380296
:10EA4000C4E93D3335224FF080732046C4F8EC20F2
:10EA5000C4F8003104B070BD788C060850800608F8
:10EA6000BD890608F489060810B513480C46F8F766
:10EA7000CBFEFEF745FC114B1B6803F114011A464F
:10EA80000233B2F90000A0420AD14FF6FF7313809F
:10EA90000B4A1368002B01DD013B1360002403E0E7
:10EAA0008B42ECD14FF0FF340348F8F7ADFEFEF790
:10EAB00045FC204610BD00BF586000248060002443
:10EAC0008460002470B500F1BC06054688B030466D
:10EAD000FEF716FC95F804423CB93046C5F80042F2
:10EAE000FEF72CFC204608B070BDD5F80032013B83
:10EAF000C5F8003223B130460024FEF71FFCF1E7D1
:10EB00000020002104934FF0FF3200934FF0FF33B9
:10EB1000CDE90601CDE9020104212846FEF728FFD0
:10EB2000044630B16FF47A640A4A0B490220FCF7BC
:10EB30008FFD0023304685F80432FEF7FFFBD5F841
:10EB4000B430002BCED1B5F9B8102846FFF78CFFB2
:10EB5000C8E700BF328A060850800608F0B5D0E941
:10EB60000045096887B0EE0701EB650042BF6E10F3
:10EB700089590C590F99D1E900670E99CDE90467BD
:10EB8000096803910D99097802910C99097801910E
:10EB90001B780093D2E90023A04707B0F0BD7FB5F2
:10EBA000CDE904230CAB014604AA043003930BAB5C
:10EBB00002930AAB019309AB009308ABFFF7CEFFBA
:10EBC00007B05DF804FB0000034A0346C26007C9B2
:10EBD00083E80700704700BF608C060810B588B056
:10EBE000059108A902AC019001E90C0005A984E88F
:10EBF0000C00FFF7E9FF019808B010BD37B56C466F
:10EC0000054684E80C0094E80C00FFF7E7FF28466F
:10EC100003B030BD08B5F7F70BFC0068003818BF2B
:10EC2000012008BD2DE9F047044616461D469DF813
:10EC300020709DF824809DF82890FFF7EBFF28B9FD
:10EC400040F2022208490948FDF714FAE068FEF78D
:10EC500017FE324601462B4620460897CDE9098922
:10EC6000BDE8F047084700BF4C6A0608E4640608A0
:10EC700030B587B00D9903919DF8301002919DF841
:10EC80002C10DDE90E4501919DF82810CDE90445D1
:10EC90000091FFF7C7FF07B030BD000090F80231C8
:10ECA0002DE9F04317469DB004460D461268002B2F
:10ECB00038D0242008AB00214FF05A084FF0080943
:10ECC0000126039300230096CDE90401CDE90189D3
:10ECD0002846FFF7CDFF50B1434A4FF0FF35434977
:10ECE0000220FCF7B5FC28461DB0BDE8F0830C22DD
:10ECF0000023CDE9042314AB6022CDE90293002365
:10ED0000CDE900682846FFF7B3FF06460028E3D1A7
:10ED100004F5847808A8414600F042FB00280DDA8B
:10ED2000334ADAE779680820CDE9041308A903918A
:10ED30005A21CDE9011001210091E3E7414608A8DD
:10ED400000F018FB002801DA2A4AC6E7796808A80B
:10ED500000F060FA08A9C4F8F0012046FFF752FB62
:10ED6000054608B1244AB8E7414608A88DF81E6058
:10ED70008DF81F6000F05AFA002801DA1F4AACE74C
:10ED80000DF11F037A6808A9204600930DF11E03B8
:10ED9000FEF778FD9DF81E309BB194F8003113B159
:10EDA0002046FFF751FD08A92046FFF759FC08B19E
:10EDB000134A92E79DF81F301BB108A92046FFF7C0
:10EDC00033F994F8F0303BB17A6808A92046FFF790
:10EDD00055FA08B10B4A80E72046FEF7FBFD0028F4
:10EDE00081D1094A79E700BF478A060850800608A2
:10EDF0006B8A06088A8A0608AA8A0608DB8A060839
:10EE0000128B0608438B0608768B06082DE9F0471F
:10EE1000D0F8B4508EB00446B5B16B1C0CD1A5F639
:10EE2000A575B0F9B830584A02205849FCF710FCD3
:10EE300028460EB0BDE8F0870A23554A5349022000
:10EE4000544DFCF705FCF3E700F1BC0704F104089E
:10EE50003846FEF755FA94F8FA312A4629464046D4
:10EE6000CDE90255CDE90055F9F7F6F850B14A4A17
:10EE70006FF47A6545490220FCF7EAFB3846FEF755
:10EE80005DFAD5E794F804320BB9C4F80052D4F80F
:10EE900000620136012EC4F80062EFD10023D4F8DD
:10EEA000F411404684F8FB3184F8FD31F9F70AF992
:10EEB000054608B1394ADBE72046FEF78BFD30B93D
:10EEC000374A02203149374DFCF7C2FBD6E72046CE
:10EED000FFF76CF9002801DA334AC9E7DFF8E09060
:10EEE00004F584782B4621464A460AA8C4E94255CF
:10EEF000C4E94855CDE90495FFF780FE41460AA8CC
:10EF000000F058FA82460AA8FFF708FDBAF1000F90
:10EF100006DA264A1D490220254DFCF799FBADE78C
:10EF20002B464A4621460AA8CDE90695FFF766FE1C
:10EF300042460AA92046FFF7B1FE82460AA8FFF71B
:10EF4000EDFCBAF1000F01DA1A4AE3E72B464A4614
:10EF500021460AA8CDE90895FFF750FE41460AA8C8
:10EF600000F086FA05460AA8FFF7D8FC002D01DA62
:10EF7000114ACFE72046FFF7FDFB054608B10F4ACF
:10EF8000C8E784F8046279E7BD890608508006085E
:10EF9000F489060859F0FFFF80800608928B060866
:10EFA000768B06085DF0FFFFAC8B0608CC8B06085D
:10EFB0005EF0FFFFED8B0608138C0608388C060800
:10EFC00015D7040830B587B00C9CD4E90045CDE9CD
:10EFD00004450B9C246803940A9C247802941B78B3
:10EFE000019313780093D1E90023FFF7D8FD07B010
:10EFF00030BD7FB5CDE904230CAB08AA04A9029368
:10F000000BAB01930AAB009309ABFFF7DBFF07B033
:10F010005DF804FB08B51420FDF76EFF4FF6FF7195
:10F02000831E00F1120223F8021F9342FBD1014B11
:10F03000186008BD806000244FF4847202490348C0
:10F0400008B5FDF717F800BFE98C0608F28C060832
:10F0500010B504220949044611F08AFC10B96379FD
:10F06000012B07D00220064A0449FCF7F1FA4FF0C1
:10F07000FF3010BDA0790130FBE700BF088D060806
:10F080000D8D060837B5837804460D46012B08D050
:10F090000220514A5149FCF7DBFA4FF0FF3003B030
:10F0A00030BD4268130EFF2B40F08A8003780C2B92
:10F0B00028D91F2B76D003F17F02D2B20C2A01D9B6
:10F0C0000020ECE7813B0C2BFAD801A252F823F088
:10F0D00059F10408C1F00408C1F0040873F10408F0
:10F0E000C1F00408C1F00408A9F10408ADF1040856
:10F0F000C1F00408C1F00408C1F00408C1F004081C
:10F10000BDF104080C2BDBD801A151F823F000BF9E
:10F1100045F10408C1F00408C1F0040891F10408A5
:10F12000C1F004089DF10408A1F10408C1F004082D
:10F13000C1F00408B1F10408B5F10408C1F00408F5
:10F14000B9F1040822F07F422A60C3789B00502B5B
:10F15000A8BF50236B60B3E7214A08201F49FCF782
:10F1600077FA636823F07F43AB61E3789B00EB6140
:10F17000A6E71C4A08201949FCF76AFA636823F0DD
:10F180007F43C5F8D030E3789B00C5F8D43097E7CB
:10F19000154A12490820FCF75BFA91E7134AF8E791
:10F1A000134AF6E7134AF4E7134AF2E7134AF0E783
:10F1B000134AEEE7134AECE7134AEAE7134AE8E793
:10F1C0007F2B3FF67DAF0093114A03780820034957
:10F1D000FCF73EFA74E700BF368D0608088D060876
:10F1E000618D06087E8D0608AB8D0608ED8D06083C
:10F1F000438E0608998E0608A78E0608E58E060837
:10F20000368F0608818F0608D88F060809900608F1
:10F210005F900608282981BF90F82800031101207B
:10F22000984098BF4FF4807070470000F8B54B6865
:10F230001C2B24D9012301F1B00401F1C0064FF0C9
:10F24000FF379C4644F8047B027F0CFA02F2012A45
:10F25000E2600CD9457F44F8045C8D6DAA4200D36E
:10F2600005B98A6591F84C201A4381F84C205B005F
:10F27000B44200F10200DBB2E4D10020F8BD4378D3
:10F28000FF2B0B61F9D10220034A0449FCF7E0F996
:10F290004FF0FF30F2E700BFAF900608088D060878
:10F2A000F0B504460D46D2E902018D4208BF844202
:10F2B00011D2136A7BB1012B0BD060320020834244
:10F2C00009DDF2E80267AF4208BFA64202D2013070
:10F2D000F5E70020F0BD4FF0FF30FBE72DE9F04FE0
:10F2E00089B003264FF00809159F059007F1A80B78
:10F2F000DDE9128ACDE9002318F1FF3306934AF1C4
:10F30000FF330793149B093307EBC307059B13EAED
:10F31000090F1ED05BF82640002540465146224684
:10F320002B460EF0B3FE134313D1DDE90023AB42AD
:10F3300008BFA2420DD3069B1B190293079B6B418A
:10F340000393DDE90201D7E900238B4208BF824223
:10F3500008D2013E4FEA5909D8D2044A0220044992
:10F36000FCF776F9304609B0BDE8F08FD990060871
:10F37000088D060813B54368002408205A1CD208DB
:10F38000C1E90224CDE900240349044AFCF760F9ED
:10F39000204602B010BD00BF088D0608099106087E
:10F3A00090F90700C017704710B50446F3F75EFFE9
:10F3B000204610BD2DE9F04F8BB04FF0080B4FF0F9
:10F3C000000A5A2708AB0022CDF808B08046039304
:10F3D000012389465E46CDE90037CDE904BA002312
:10F3E000FFF746FC50450ADA4FF0FF341D4A1E492C
:10F3F0000220FCF72DF920460BB0BDE8F08F08A8DD
:10F40000FFF726FE041EF6DB0025CDE906BAA5426D
:10F4100026D0069B01215A4640460493079B01973C
:10F42000059308AB0091CDE902635346FFF720FC3A
:10F43000002808DA02206B1C0C4A0B49FCF708F97B
:10F440004FF0FF30D8E7494608A8FFF71BFE002819
:10F45000D2DB1BF1080B05F101054AF1000AD6E7E2
:10F460000020C9E735910608088D06085391060863
:10F470008B692DE9F04F05468DB00C460BB1C8697C
:10F4800078B9012300252362D4E90232636213F1C3
:10F49000FF3342F1FF32C4E9183228460DB0BDE80F
:10F4A000F08F7849FDF736FD804638B9764A02205C
:10F4B00076494FF0FF35FCF7CBF8EEE70027E3691C
:10F4C000082203902846CDE904375A23CDE90132BA
:10F4D0000123A26900933B46FFF7CAFBB8420ADA50
:10F4E0006B4A6A490220FCF7B3F84FF0FF354046FB
:10F4F000FDF731FDD1E7294608A8FFF755FF98F839
:10F50000006016F002064FD1E36947460DF11F0A6D
:10F5100008EB03093D460837B94533D317F8063CD5
:10F520000120002117F805BC6A68CDF80CA0CDE9D0
:10F53000040103F00F019B0908A8029117F8071CAA
:10F54000009300230191FFF793FB002809DA2F466F
:10F550004FF0FF394F4A02204C49FCF779F83D46FD
:10F5600017E09DF81F3076001BEA030FF6B217F87C
:10F57000083C18BF46F00106DB0712D43B789D0714
:10F58000C8D53D464FF0FF39434A40490220FCF7B9
:10F590005FF808A8FFF7C2F9B9F1000F08D03F4A99
:10F5A0009FE74FF00009DAE745463E46B946F0E7E7
:10F5B000E26942442978880710D505F108039A4288
:10F5C0000CD3A878831C05EB83039A420DD2344AEE
:10F5D00005E00BB9FFF730FD1D46EBE7314A2B493B
:10F5E0000220FCF735F8304A7BE76F78B74203D04A
:10F5F000C907EED52D4AF2E7431C0A2B236207DD2B
:10F60000009302200A232A4A2049FCF721F86CE7DC
:10F610006FF04C0A043504F1240904F14C0C04F198
:10F62000600E00230F21AAEB040A2A6815F8046B68
:10F6300022F0FF0206F00F0602F58072314049F811
:10F64000042B013A0CF8016B13440AEB0C021E4622
:10F65000DF17904203F10103EEE80267E5DC0023C7
:10F660000122A36512EA010505D03033002554F8C4
:10F670002330A3653BE701335200042BD2B2F1D112
:10F6800035E700BFF8B206087B910608088D06082A
:10F6900095910608FB910608B89106082E92060877
:10F6A00086920608589206081A930608CB92060816
:10F6B000419306087047000010B5032000F06CFB72
:10F6C00004F0C8FE0F49104A8B69C3F30323D35CCF
:10F6D00003F01F03D8408B6903F00F03D35C0B4A80
:10F6E00003F01F0320FA03F31360094B18600F2087
:10F6F0000AF07AF9044618B9FFF7DCFF204610BD7E
:10F700000124FBE7004402583A9406083C0E00240A
:10F71000380E002438B504460AF06CF90546631C1F
:10F720001EBF044B1B78E4180AF064F9431BA34284
:10F73000FAD338BD300E0024014B1868000C704716
:10F740000010005C014B1868704700BF00E8F11F13
:10F75000014B1868704700BF04E8F11F014B18689F
:10F76000704700BF08E8F11F034A536823F46003A1
:10F7700018435060704700BF00040058024A136AE3
:10F7800043F00103136270470004005830B5CC0306
:10F790000DD5430900F01F05012403F1B063AC400F
:10F7A00008331B011D68A2B925EA04041C608B0301
:10F7B0000ED500F01F014009012300018B4000F12C
:10F7C000B04042B9D0F8842022EA0303C0F8843064
:10F7D00030BD2C43EAE7D0F884201343F6E730B578
:10F7E000CC030DD5430900F01F05012403F1B063DC
:10F7F000AC400C331B011D68A2B925EA04041C604F
:10F800008B030ED500F01F014009012300018B403E
:10F8100000F1B04042B9D0F8C42022EA0303C0F896
:10F82000C43030BD2C43EAE7D0F8C4201343F6E7D8
:10F830008068C0F3800070477047026838B59368ED
:10F8400004469168C80701D4002038BD9907FBD44D
:10F85000936803F00D03012B19D1936823F0004343
:10F8600023F03F0343F002039360032313600AF085
:10F87000C1F8054623689B68DB07E5D50AF0BAF8AE
:10F88000401B0228F6D923689B68DA07F2D5636D1E
:10F89000012043F010036365A36D43F00103A365EA
:10F8A000D3E7000038B5434A05460368934203D0C6
:10F8B00002F58072934218D13F4B9B6813F4403F8E
:10F8C00014BF012300230BB304F08AFF6B680446C6
:10F8D000B3F5003F05D0B3F5403F08D0B3F5803F06
:10F8E00006D11B0CB4FBF3F402E0344BE5E78408CB
:10F8F000FFF722FF41F2030398422B6840D8304AB9
:10F9000094429A6838D942F4807237E04FF400206C
:10F9100006F01EF86B680446B3F5101F28D01DD8FA
:10F92000B3F5E01F22D014D8B3F5801F08D00AD851
:10F93000B3F5002F04D023F40022B2F5802FD7D1E5
:10F940009B0C5B00CEE7B3F5A01FF9D0B3F5C01F49
:10F95000F5E7B3F5001FCBD14409C9E7B3F5201F84
:10F9600008D0B3F5301FC3D1040AC1E70409BFE7CB
:10F970008409BDE7C409BBE722F480729A6038BDF0
:10F98000104A944203D89A6822F44072F6E70E4A6D
:10F99000944203D89A6822F44072B4E70B4A944226
:10F9A0009A6896BF22F4407242F4407242F40072A8
:10F9B000E4E700BF00200240002302400063025839
:10F9C000002D310121BCBE0041787D0181F0FA0299
:10F9D000002373B504460193002800F0ED80456DC7
:10F9E00025B9FFF729FFA56584F850502068836882
:10F9F0009D0005D5836823F0204323F03F038360F7
:10FA00008368D90040F198808368DA0000F1AA8009
:10FA1000636D012543F010036365A36D43F001039B
:10FA2000A365FFF705FF636D03F010030343636DE8
:10FA300040F0BF8023F48173226843F002036365C2
:10FA40009368DB070CD45D495D488A4202D082424C
:10FA500040F08A808E6883683343DE0740F18B80F4
:10FA6000FFF76AFE41F20303226B9842217F607D1B
:10FA7000A36840F29080102B40F08D800B0443EA85
:10FA80004033134343F01C03012902BF226A02F1F1
:10FA9000FF3243EA4243626A22B102F47872A16AF9
:10FAA0000A4313432068474AC1680A401343C360AE
:10FAB000FFF7BEFE2268936803F00803034327D1D3
:10FAC000D368217D23F4804323F0030343EA813389
:10FAD000E16A0B43D36094F83830012B61D1E36BBA
:10FAE0001069591ED4E91036334343EA0143A16C2F
:10FAF0000B43354901400B4343F00103136120469A
:10FB00001369616B23F070430B431361FFF7CAFE67
:10FB1000E3682268012B48D1116BA36921F00F0122
:10FB2000013B0B431363636D23F0030343F00103B5
:10FB30006365284602B070BD8368244A23F01043F1
:10FB400023F03F0343F080538360214B1B68B3FBDA
:10FB5000F2F301330193019B002B3FF455AF019B5E
:10FB6000013BF7E700255CE71A4B9B68DB073FF595
:10FB700077AF194B06E08A420BD0174B17498242E8
:10FB800008BF0B469A68616822F47C120A439A60A7
:10FB900066E7124BF6E7134343EA403343EA014377
:10FBA00072E7136923F00103A8E7136B23F00F0337
:10FBB000B8E743F0100363650125BAE7002002406F
:10FBC0000021024003C0F0FF1EF800FC400D0300BE
:10FBD000380E0024006002580063025800230240DF
:10FBE0008068C0F3800070470023F7B50193044696
:10FBF00090F850300E461746012B3FD0012380F875
:10FC00005030FFF71AFE002834D1656D07F08047A9
:10FC1000226806F4803625F48855194B25F0020534
:10FC200045F00205656591680B4016493B43334337
:10FC300043F0004393609368002B11DA019B01337A
:10FC40000193019B8B42F6D3636D012023F01203D5
:10FC500043F010036365002384F8503003B0F0BD17
:10FC6000636D23F0030343F001036365002384F80D
:10FC70005030F3E7636D43F01003F6E70220EDE741
:10FC8000C0FFFE3F00F8C325F0B590F850209BB0B0
:10FC90000346012A73D001223A4C80F850200020FC
:10FCA0001D681690A542179008D0596D83F8500032
:10FCB000104641F0200159651BB0F0BD324E304670
:10FCC000FFF78EFF04461868FFF78AFF204330468F
:10FCD0004FD11A68AA4222D02C4D2D4CB24218BFE7
:10FCE0002C46D1F800C0274FBCF1000F27D0A668E2
:10FCF000BA424D6826F4404646EA0506A66001D0A1
:10FD000082420ED11F4A966882683243D24302F083
:10FD100001024AB90020002283F85020CCE71C4C95
:10FD2000DFE71C4A9268F1E7A268896822F47162F1
:10FD30004CEA010522F00F021543A560EAE7A1682D
:10FD4000BA4221F44041A16001D082420ED1B9688B
:10FD500082680A43D24302F00102002ADAD0A26884
:10FD600022F4716222F00F02A260D3E7094A92687E
:10FD7000F0E7596D104641F020015965CBE70220AC
:10FD80009AE700BF002002400021024000630258B1
:10FD9000002302400060025807490302CA6803F4C6
:10FDA000E06322F4E0621204120C134343F0BF63D9
:10FDB00043F40033CB60704700ED00E0164B30B5E4
:10FDC000DC68C4F30224C4F10705231D042D28BFF9
:10FDD0000425062B4FF0FF338CBF033C002403FAAD
:10FDE00005F5002803FA04F321EA050122EA0302DB
:10FDF00001FA04F141EA02034FEA0313DBB206DB26
:10FE000000F1604000F5614080F8003330BD00F043
:10FE10000F00024A1354F9E700ED00E014ED00E092
:10FE2000002808DB0123420900F01F0003FA00F05C
:10FE3000014B43F82200704700E100E000280DDB91
:10FE40004309012200F01F00203302FA00F0044AA7
:10FE500042F82300BFF34F8FBFF36F8F704700BF8F
:10FE600000E100E0BFF35F8F044A536A23F480335C
:10FE700053620022024B5A60704700BF00ED00E061
:10FE800090ED00E0064A40F00100064B5860536ACE
:10FE900043F480335362BFF34F8FBFF36F8F7047CC
:10FEA00000ED00E090ED00E04378124A10B5936059
:10FEB0000178D9B14368D360C37A047B1B0643EA57
:10FEC00004730B43817A43EAC143417B43EA814394
:10FED000817B43EA4143C17B43EA0143417A43EAE0
:10FEE0000123017A43EA4103136110BDD16011611E
:10FEF000FBE700BF90ED00E0044B1B68C3F3031366
:10FF0000072B0CBF03200120704700BF00ED00E06D
:10FF100010B528B190F83530022B03D0802343650B
:10FF200001207FE00368504A934252D04F498B42F0
:10FF30004FD018318B424CD018318B4249D01831F8
:10FF40008B4246D018318B4243D018318B4240D07F
:10FF500018318B423DD001F556718B4239D01831A2
:10FF60008B4236D018318B4233D018318B4230D08F
:10FF700018318B422DD018318B422AD018318B4248
:10FF800027D018318B4224D01A6822F00E021A6052
:10FF90001A6822F001021A60354A934243D1026E78
:10FFA000136823F480731360D0E9161303F01F0263
:10FFB000012393404B60D0E919325A60C36E002B85
:10FFC00046D01A6822F480721A60D0E91C325A6056
:10FFD0003EE00421934280F835101ED0234A93421C
:10FFE0001BD01832934218D01832934215D01832D1
:10FFF000934212D0183293420FD0183293420CD051
:020000040805ED
:100000001832934209D002F55672934205D0183245
:10001000934202D018329342FFD01A6822F00102B4
:100020001A60002010BD134A9342B8D01432934294
:10003000B5D014329342B2D014329342AFD01432BE
:100040009342ACD014329342A9D014329342A6D03A
:100050000123002480F83530036D80F834400BB163
:100060009847DEE71846DDE710000240280002400E
:10007000085402581C54025890F8350070478B6899
:100080000A682DE9F04F1A430B7C85B091F804A063
:10009000002B91F80C9091F80D800CBF4FF40023C9
:1000A000002391F80EE001934B7C91F80FC0002BD8
:1000B0008E7C0D7F0CBF4FF40033002391F81DB0F0
:1000C00002934B691A438B6913438A7F002ACA7FC4
:1000D000039208BF4FF4806791F8202018BF0027D3
:1000E000002A026810680CBF4FF48074002400904E
:1000F000486A0343C86A0343009820F07F4020F415
:100100007B0020F4FE4020F07C000343039843EA88
:10011000CA6343EAC95343EA885343EA4E5343EA66
:100120000C5343EA064343EA053343EACB2391F8F1
:1001300028B043EA4023019843EA0B130343029893
:1001400003433B431C431460CE6B91F8323091F86B
:100150003870002B536891F8305023F07C5391F89D
:1001600031400CBF4FF48030002023F4EF2323F400
:10017000FF6323F0070343EA46634E6B33438E6C01
:1001800043EA076343EA85430D6D43EA444303436F
:10019000486C5360D36823F4877323F0010303434F
:1001A00091F8400043EA0023D36091F84C3091F875
:1001B0005440002B136F23F0F2030CBF802000206B
:1001C0001B041B0C43EA06432B43CD6D43EA440357
:1001D00003431367D2F8900091F8563020F00300E3
:1001E000034391F8550043EA4003886DC2F890300C
:1001F000D2F8003D23F072030343C2F8003D91F8AA
:10020000603091F86140002BD2F8303D91F86210D7
:1002100023F07B030CBF402000202B4343EA041350
:1002200043EAC1030343C2F8303D05B0BDE8F08F97
:10023000026802F58050036823F4F04330B523F0E0
:1002400002030C68234341F2040403600B7B105942
:100250000D79DB0320F4504043EA05338D6820F02C
:1002600001002B430343135102F58854487B0B6A6A
:10027000256843EA0043104828400343236041F2C5
:1002800004144B7F087D1B03155943EA00130869CA
:1002900003430A4828400343135141F208140D7FD9
:1002A00010598B6920F0004143EAC57321F47C1199
:1002B0000B43135130BD00BF00C0FEFFEFEFC0FF86
:1002C0002DE9F04FD0F840E085B000EB8E030292AC
:1002D0009A69D468002C03DA022005B0BDE8F08FDB
:1002E0005B6C002BF8D10D688F6815F0040C28D0DA
:1002F000D4684B6A240C240423430468D360D36875
:1003000043F48033D360236E43F4801323662B07BA
:1003100017D59668CB6AB6B246EA03439360D368B2
:1003200043F40033D360D6680B6B26F44026334386
:10033000D360636E43F480136366236D43F0806380
:10034000236515F010090BD094688B6924F47F5451
:1003500024F03F0423439360D36843F08063D36069
:1003600015F0140418D0D3680EF1010643F0804351
:10037000092ED36088BFAEF10906D36843F000436D
:10038000D36000EB86039B69DC68002C7EDAD368BF
:1003900023F00043D3609FE713467646013401946F
:1003A0003C681C609C6824F47F587C6828F03F08F7
:1003B00048EA0404DFF800829C60BC68002C67D027
:1003C00027685F609F6807EA0808676848EA074788
:1003D0009F60DF68B9F1000F61D027F4F0080F6A61
:1003E00048EAC747DF60DF684FEA9748CF694FEABE
:1003F000884848EA0707DF60DF6847F48027DF6046
:10040000BCF1000F06D09F6827F4404C8F6A4CEA7D
:1004100007079F60DF6847F00057DF60DF6827F05D
:100420008047DF60DF6847F00047DF60AF0706D531
:10043000DF6827F0607CCF684CEA0707DF6005F0D3
:1004400001050027DFF87081DFF870A10395019D99
:1004500007EB050BA568002D3BD1029A002A00F09E
:10046000A7809A6842F000429A60DA6842F08052AF
:10047000DA6000EB8603C26E5A64066472B6036FDC
:1004800001331F44076762B6002026E7012485E791
:100490005C609C6804EA08049C603C4699E727F489
:1004A000FF484F6828F07F0848EA0707DF60EF073A
:1004B00006D5DF6827F440384F6948EA0707DF6050
:1004C000AF069DD5DF6827F040680F6948EA070747
:1004D00095E706F1010CDC68BCF1090F24F08054AB
:1004E00088BFA6F1090CDC6000EB8C06B369DC6800
:1004F00024F00054DC60DC68002C01DB746C9CB1DF
:1005000000230EE0D168013321F00041D1600EF1EB
:100510000101092988BFAEF1090100EB81028E4675
:1005200092699B45EED1D7E62C681C609E686C688A
:1005300026F47F5626F03F0634439C60AC6804B333
:1005400025685D609E68656806EA080646EA054516
:100550009D60DE68B9F1000F1AD0CD6906EA0A067F
:100560003543DD60DD6845F48025DD60DD680137F9
:10057000664645F00045DD60DD6825F08045DD60BC
:1005800065E75C609C6804EA08049C602C46E0E730
:1005900026F4FF464D6826F07F063543DD60039D57
:1005A000002DE3D0DE684D6926F440363543DCE7A4
:1005B0009A6822F0004257E7FFFF00C00000FCFFEE
:1005C0000AB1032904D90123C0F8A43018467047A2
:1005D00000EB8101496F0A600A61CA6842F08072CB
:1005E000CA602BB18B604B61CB6843F00073CB606A
:1005F000CB68002043F00043CB607047D0F89C10DC
:10060000102910B52AD1232341F20414C0F89C30DC
:1006100003681A6842F002021A601A6842F0010286
:100620001A60D3F8002D42F00102C3F8002D1A59C8
:1006300042F001021A5141F208141A5942F0010223
:100640001A5103F58B531A6842F481721A602223FF
:10065000C0F89C10C0F8A030002010BD0120FCE7BD
:10066000D0F89C30102B10B542D1232300F1840424
:10067000C0F89C3000F1740353F8041BCA68A3420D
:1006800042F08042CA60F7D1012341F20411C0F860
:10069000943003681A6842F002021A601A6842F045
:1006A00001021A60D3F8002D42F00102C3F8002DB8
:1006B0005A5842F001025A5041F208115A5842F079
:1006C00001025A5003F58B510A6842F481720A60A4
:1006D00041F234115A5842F4504242F041025A5009
:1006E0001023C0F89C302223C0F8A030002010BD99
:1006F0000120FCE7D0F89C3023B3232341F20411FE
:10070000C0F89C3003685A5822F001025A5041F256
:1007100008115A5822F001025A501A6822F00102B8
:100720001A60D3F8002D42F00102C3F8002D1A68B8
:1007300022F002021A601023C0F89C30C0F8A030EA
:100740000020704701207047F8B50446154639B9B6
:10075000D0F8A43043F00103C4F8A430012025E010
:10076000D0F89C30102BF9D10022FFF7A9FD20B161
:10077000D4F8A43043F00203EEE7236C9A1D54F83A
:1007800022705A1C092A8ABF093B22642364226C06
:100790002368063203F5895354F822201A6009F0C1
:1007A00029F90646FB68002B01DB0020F8BD236811
:1007B00003F58B531A68D2040CD5D4F8A42042F068
:1007C0000802C4F8A4201B68C4F8A830E023C4F8C9
:1007D0009C30C3E76B1CE5D009F00CF9801BA842E4
:1007E00001D8002DDED1D4F8A43043F00403C4F8BE
:1007F000A430EBE7F0B5D0F88C50002D3ED1D0F806
:1008000084102A462C46052700EB81035E6FF368AF
:10081000002B01DB013F33D16CB300EB82034FF0BF
:100820008076671E5B6FC0E92112196919605969EA
:10083000DE6021B19960D96841F00071D960D96852
:1008400041F00041D960D0F8941019B1D96841F055
:100850008041D960AF4207D9511C032988BFD11EFE
:1008600000EB81030A465B6F0135AC42DDD10168C4
:1008700041F228128B500023C0F88C30002023E076
:10088000D6F80CC04B1C1CF0805F1ED0002C08BF9B
:100890000A46032B04F1010588BFCB1E00EB830140
:1008A000496FCC68002C0ADBC9684F0007D50121CD
:1008B000C0F89010591803298CBF033B0B46C0F8B1
:1008C0008C50C0E921320120F0BDF668B6000AD58F
:1008D000032B4FF0010488BFCB1E00EB8302566F41
:1008E0000A46194693E7032B04F1010488BFCB1E87
:1008F00000EB83014E6FF4E7F8B505460C4619B9D5
:100900000120C5F8A400F8BDD0F88C30C3B1D5F8EB
:1009100088100026D5F88C2005EB8103686902F168
:10092000FF3C37465B6FBC4510D8DA681969C2F3E3
:100930000E022160921B90421FD362600020E2E70A
:10094000FFF758FF0028E2D10120DCE71A69C4E96B
:1009500000205A691AB1A4685A69C4E900204A1CE7
:10096000DE68A4680137032AC6F30E0688BFCA1ED4
:1009700005EB820311465B6FD5E759690029E3D087
:10098000A168121A5B6960600B604A60D6E770B5B7
:10099000D0E9225304460E4673B1D4F88C302B4470
:1009A000581E03280ED804EB80040020636FDB6818
:1009B000C3F30E03336070BDFFF71CFF0028ECD1BA
:1009C0000120F8E7581FEEE7D0F88C20F0B5002A98
:1009D00039D0D0F8903003B10132D0F888400021EE
:1009E0004FF08076571E00EB84035B6F8A4208D17C
:1009F000016841F228128B500023C0E923331846C6
:100A0000F0BD1D691D60DE605D692DB15D699D6091
:100A1000DD6845F00075DD60DD6845F00045DD60AE
:100A2000D0F894501DB1DD6845F08045DD608F42FF
:100A300007D9651C032D88BFE51E00EB85032C46F6
:100A40005B6F0131D2E70120DAE7704770477047EA
:100A500070470000036803F58B521268520610B508
:100A600004460CD541F234129B58590607D5F6F7C7
:100A7000ABFB236848F2400203F58B531A602368EE
:100A800003F58B521268D2070DD541F234129B58F0
:100A9000D80708D52046FFF7D8FF236848F201029F
:100AA00003F58B531A60226802F58B5319684904C9
:100AB00020D541F23411505840041BD5D4F8A4007D
:100AC00040F00800C4F8A4001868C00459D51B6899
:100AD00023F46F6323F00D03DB04DB0CC4F8A830B0
:100AE000535823F440435350E023C4F89C3020462D
:100AF000F6F77AF92268D2F8B03003F4C043B3F5C0
:100B0000C04F0CD1D2F8B8302046C4F8AC30E02346
:100B1000C4F89C30F6F774F90023C4F8AC302368AD
:100B2000D3F8B020D0060BD5D3F8C030204603F060
:100B30006003C4F8B030FFF789FF0023C4F8B03079
:100B40002368D3F8B02091060BD5D3F8C0302046E7
:100B500003F00F03C4F8B430FFF779FF0023C4F8A3
:100B6000B430FFF7C9F903280CBF0A4B0A4B9A6A45
:100B7000520205D54FF4800220469A62FFF768FFC3
:100B800010BD1A6802F4CD42C4F8A8204FF4CD423B
:100B90001A60ACE780000058C000005870B51E46CF
:100BA00003680546D3F80002C00701D5012070BDD7
:100BB000D3F8004224F0787444EA415121F4F8114A
:100BC00041EA024242F00D02C3F8002208F012FF8F
:100BD00004462A68D2F8003213F0010305D1D2F896
:100BE0000422184692B23260E1E708F003FF001BCE
:100BF000B0F57A7FEDD9D9E738B505460068D0F869
:100C00000042E40701D5012038BDD0F800429BB274
:100C100024F0787444EA415121F4F81141EA024287
:100C20000D4922F00C02C1F8043242F00502C1F86D
:100C3000002208F0DFFE04462B68D3F8003213F0E0
:100C4000010301D11846DFE708F0D4FE001BB0F520
:100C50007A7FF1D9D7E700BF00800240002900F079
:100C6000C180036800201A6802F00C02CA621A6888
:100C7000C2F3001281F828201A6802F060024A626A
:100C80001A6882F48072C2F3002281F820201A6868
:100C9000C2F34022CA771A6882F48062C2F38022CB
:100CA0008A771A68C2F3C0224A771A68C2F3003200
:100CB0000A771A6802F400528A611A6802F48042C4
:100CC0004A611A68C2F300428A741A6882F40032D8
:100CD000C2F340424A741A6882F40022C2F3C0424E
:100CE0000A741A68C2F30052CA731A68C2F34052F7
:100CF0008A731A68C2F380524A731A68C2F3C052E8
:100D00000A731A6802F0E0628A601A68C2F3C0626D
:100D10000A711A6802F0E0420A605A68C2F30D02D2
:100D20004A635A6882F48032C2F3004281F832206A
:100D30005A68C2F3404281F831205A68C2F38042B7
:100D400081F830205A68C2F3006281F838205A686E
:100D5000C2F34462CA63DA68C2F3002281F8402019
:100D6000DA6802F00F024A641A6FC2F3400281F897
:100D700054201A6F82F08002C2F3C01281F84C2016
:100D80001A6F02F070020A651A6F120C8A64D3F8A7
:100D9000902002F0010281F85620D3F89020C2F38F
:100DA000400281F85520D3F8002D02F072028A65C6
:100DB000D3F8302D02F02302CA65D3F8302DC2F3E8
:100DC000C00281F86220D3F8302DC2F3001281F8FE
:100DD0006120D3F8303D83F04003C3F3801381F8E2
:100DE000603070470120704708B539B1D0F8A030A5
:100DF000102B03D1FFF743F9002008BD0120FCE7C9
:100E000038B503680546D3F8004203F0E9FC124BFD
:100E1000124A24F470640344934205D244F40074EB
:100E20002B68C3F8004238BD0D4B0E4A0344934271
:100E300002D844F44074F3E70B4B0C4A034493424A
:100E4000EED30B4B0B4A0344934294BF44F480749B
:100E500044F48064E4E700BF00D3CEFEC0E1E400C8
:100E600040F1E9FD3F787D0100796CFC005A620297
:100E7000001F0AFA7FF0FA0270B50446A4B00028F9
:100E800000F0AC80D0F89C300BB9F5F7FBFB2323C6
:100E9000C4F89C307E4BD3F8F42042F00202C3F831
:100EA000F420D3F8F430207A03F002030193019B7D
:100EB000002840F08380FEF757FC236803F5805339
:100EC0001A6842F001021A6008F094FD0646236891
:100ED00003F580531D6815F0010572D120460126E7
:100EE000FFF78EFF03F07CFC6A4A23684FF48041D1
:100EF00014958DF830608DF854508DF864501A9523
:100F00001D958DF86C508DF84C60ADF88C608DF8A7
:100F10008E501F95ADF880508DF882501695ADF823
:100F20005C508DF85E600D958DF83E501C958DF8E7
:100F30007860B0FBF2F00138C3F8DC004FF4C36313
:100F4000022018934FF040530B934FF40053CDE918
:100F500010134FF480330BA912932023CDE9210302
:100F60004D4B20460E9340F20113ADF83C30FFF795
:100F700086F84FF4001302A920468DF80C60069302
:100F800008934FF4067302950A930496ADF8145033
:100F90008DF81C50ADF82450FFF74AF923686069BA
:100FA00003F588510A6822F4E01242F400220A6034
:100FB00010F0030114D0C4F8A4600CE04FF400005A
:100FC00079E708F017FD801BB0F5FA7F7FF67FAF59
:100FD0000423C4F8A430E023C4F89C30012055E079
:100FE00041F208155A5922F4FF4222F07E0242EAE9
:100FF0004002E0685A5100F1F00604F1180502467B
:10100000116051609160D16045F8042B1832B242F2
:10101000F6D1216441F22C1209210025995041F2A8
:1010200014122169985003F5895201F1600610608D
:1010300004F174000A46156055609560D560C2E9F8
:10104000045540F8042B1832B242F4D141F2301268
:101050000320C4F88C50C4E92155C4E924559850A4
:1010600041F21C1200209950483141F22812995047
:1010700062689188C3F800131268C3F80423102330
:10108000C4F8A450C4F89C30C4F8A03024B070BD9B
:101090000044025840420F0000000101D0F89C00BB
:1010A000704770472DE9F04F99B004464C22CC4967
:1010B00005A80FF08FFC002C00F0BC81C94B226802
:1010C0009A4204BF03F58073636094F8983003F08C
:1010D000FF0223B9204684F89920FFF7E2FF226837
:1010E000936923F01003936108F084FC054623689C
:1010F0009A69110700F18F819A6942F001029A61A1
:1011000008F078FC054623689A69D20740F194817B
:101110009A6942F002029A61227C012A9A690CBF04
:1011200022F0400242F040029A61627C012A9A69F0
:101130000CBF42F4804222F480429A61A27C012AD0
:101140009A690CBF22F4805242F480529A619A69E3
:10115000A06822F4407202439A619A6922F0A402C4
:101160009A611A6922F010021A61E268012A40F0BD
:101170006A819A6942F004029A61A269B0F5407FDF
:1011800002F1FF31E26902F1FF324FEA022242EA44
:101190004162216A01F1FF3142EA0102616901F114
:1011A000FF3142EA0142DA610ED1E26A511E226B3E
:1011B000013A120142EA0122A16A01390A43616A35
:1011C000013942EA0142DA60D4F860E0BEF1000F72
:1011D00005D0D3F8C020616E0A43C3F8C020D4F80C
:1011E0005CB0D4F868A01EEB0B0F0BD018A9D3F895
:1011F000C82001EB8A0122F0070251F84C1C0A4377
:10120000C3F8C820D4E9106215465EB118A8D3F817
:10121000BC2000EB850122F0070251F84C1C0A4368
:10122000C3F8BC20A26C0092E26C0392009A6AB1EF
:1012300018A80399D3F8BC2000EB810122F07002BA
:1012400051F84C1C42EA0112C3F8BC20D4E91479CD
:1012500067B118A9D3F8BC2001EB890122F4E06240
:1012600051F84C1C42EA0122C3F8BC205D4A93426B
:1012700004D161688A6822F003028A6000225A4819
:10128000D4F83C807543C4F89C20C4F894204FF0F7
:10129000010209FB07F984F89820626B0192D3F8E8
:1012A00084200199024042EA8102C3F88420D3F8E5
:1012B0008410A26B21F47F0141EA0241C3F884103B
:1012C000019901EB020CD3F88810014041EA8C012E
:1012D000C3F88810D3F8881021F4FE0141EA0841D0
:1012E000C3F888100CEB4801D3F8A0C00CEA000C3E
:1012F0004CEA810C2944C3F8A0C0D3F8A0C00291E5
:101300002CF4FE0C4CEA064C2E46039DC3F8A0C0FC
:10131000D3F8B0C00CEA000C4CEA810C0099C3F879
:10132000B0C0D3F8B0C04D432CF4FE0C4CEA014CD5
:101330000299C3F8B0C02944D3F8ACC00CEA000C41
:101340004CEA810C4944C3F8ACC0D3F8F0700740B4
:1013500047EA8107C3F8F070D3F8F070D4F858C0AA
:1013600027F47C1701EB4C0147EA0C47C3F8F070F7
:10137000D3F8C070384040EA8101C3F8C010D3F8F8
:10138000C01021F47C1141EA0B41C3F8C010D3F81E
:10139000C01021F07C5141EA0E610AFB0EFEC3F839
:1013A000C010019B03F1805101F52C51890001EB24
:1013B00082030E4AE166236703EBC803636703EB0E
:1013C0008603A36703EB8503E36703EB8903C4F894
:1013D000803003EBCC030AFB0BFCC4F8843007E03D
:1013E0009093060800A000400300FFFFFCD30040DC
:1013F00003EB8C03C4F8883003EB8E039342C4F8EC
:10140000903034D80023D4F89020914234D3002077
:1014100019B0BDE8F08F08F0EDFA401B0A287FF6FE
:1014200066AED4F89C3043F00103C4F89C3003232B
:1014300084F898300120EBE708F0DCFA401B0A281A
:101440007FF661AEEDE7002A3FF497AE022A0AD09C
:101450009969032A41F080019961196941F01001ED
:1014600019617FF48AAE9A6942F0200284E6D4F8CA
:101470009C3043F02003D8E741F8043BC3E700BFAA
:1014800030B590F89830013B012B2DD8D1E90054AC
:10149000D1E90323BDB9072A4FEA03430BD1CA6937
:1014A00043EA02238A69134343F06053C26E42F851
:1014B0002430002030BD8D68496943EA85730B43B1
:1014C00043EAC263F2E7072A43EA42731ABF8D6810
:1014D0004A698A69016F18BF42EA857201EBC4004C
:1014E00041F834304260E4E7D0F89C3043F0020326
:1014F000C0F89C300120DDE770B5154690F89820C3
:10150000012A0BD10668049840EA4303002043EA0D
:10151000850242EA0112C6F8802070BDD0F89C30E6
:1015200043F00403C0F89C300120F6E790F89830AF
:10153000012B0CD10268022380F89830936923F0C4
:10154000010393610023C0F89C3018467047D0F81F
:101550009C3043F00403C0F89C3001207047000029
:1015600090F89830013B012B2DD80368986D084204
:101570001FD1D86D40F00100D865880504D5D3F897
:10158000E0001043C3F8E000480504D5D3F8E400B8
:101590000243C3F8E42021F04042586D22F4401287
:1015A000024300205A650C4A536943EA9171516124
:1015B0007047986D31EA000003D1D86D40F0020009
:1015C000DAE70320D8E7D0F89C3043F00203C0F8F4
:1015D0009C300120704700BF00A8004090F8983070
:1015E000013B012B27D8036821F040405A6D20F4BD
:1015F000401022EA000215485A65426922EA9172B7
:101600004261880502D50022C3F8E0204A0502D5D0
:101610000022C3F8E4209A6D596D914303D1D96D2E
:1016200021F00101D965586D10400CD1DA6D22F01E
:101630000202DA657047D0F89C3043F00203C0F82C
:101640009C30012070470020704700BF00A8004078
:101650002DE9F74F0023DFF8BC81DFF8BCC14FF064
:10166000B0490A6832FA03F402D103B0BDE8F08F42
:1016700001279F403A4000F0B6804C684FEA430E85
:10168000032524F0100A05FA0EF50AF1FF36ED43A2
:10169000012E10D8866806EA050BCE6806FA0EF60B
:1016A00046EA0B068660466826EA0707C4F300167A
:1016B0009E4037434760C768BAF1020F8E6807EA59
:1016C000050706FA0EF646EA0706C66014D14FEA89
:1016D000D30A03F0070B0F2700EB8A0A4FEA8B0BA4
:1016E000DAF8206007FA0BF726EA07070E6906FA10
:1016F0000BF63E43CAF820600668354004F0030646
:1017000006FA0EFE4EEA05050560E5006BD5D8F831
:10171000F45023F0030603F003074FF00F0E45F0DB
:10172000020506F1B046BF00C8F8F45006F5806621
:10173000D8F8F45005F002050195019D0EFA07F561
:10174000D6F808A02AEA050E314DA8424DD005F57D
:101750008065A8424BD005F58065A84249D005F5C3
:101760008065A84247D005F58065A84245D005F5BB
:101770008065A84243D005F58065A84241D005F5B3
:101780008065A8423FD005F58065A8423DD005F5AB
:101790008065A8420CBF09250A25BD40E70345EA3C
:1017A0000E05B5606FEA0206DCF8005054BF354004
:1017B0001543A703CCF80050DCF8045054BF354063
:1017C0001543E7024FF0B047CCF80450D9F8005069
:1017D00054BF35401543A4023D607D6854BF354079
:1017E0001543C9F8045001333BE70025D5E701252F
:1017F000D3E70225D1E70325CFE70425CDE705256B
:10180000CBE70625C9E70725C7E70825C5E700BFD9
:101810000000025800440258800000580AB181615B
:1018200070470904FBE7F0B50468CD01202A04EBFA
:10183000C111D1F8E400D1F8B87018D00FD8082A37
:1018400009D8E2B1013A072A07D8DFE802F03C10D4
:10185000063C06060610102A35D000220FE0B2F52D
:10186000807F30D02CD8402A2DD0802AF5D15968DD
:101870006219C2F8C4109968C2F8C8101022FE217B
:10188000914020EA010C1968D3E90306084359691D
:10189000082E40EA060041EA0001986941EA000189
:1018A00001FA02F141EA0C0106D117F0022F02BF42
:1018B000DB6903FA02F211432C44C4F8E410F0BDD2
:1018C000B2F5007FD2E759686219C2F8BC10996876
:1018D000C2F8C010C1E7704713B5044600284CD0C9
:1018E000022380F8C1300023C0E93133C0E933332B
:1018F000C0E935338368DA071CD50168204B99426B
:101900000CD1204BD3F8F02042F00052C3F8F02065
:10191000D3F8F03003F000530193019B0B68226968
:1019200023F4704302F440421A43636903F44053C2
:1019300013430B602046FFF7CEFFA3689B0708D533
:101940002168E3680A6803F4407322F44072134389
:101950000B60012304F1A80284F8C130002384F84D
:10196000C030A3622363C4E90633C4E908331C34DE
:101970009442F6D1002002B010BD0120FBE700BF69
:101980000074014000440258F0B590F8C140022CA8
:10199000E3B217D00223052980F8C1300368D2E9E9
:1019A0000276D2E900540FD11A6822F007023A43B6
:1019B00022F0180232431A605D619C61012380F8B5
:1019C000C13000231846F0BD03EBC111D1F88030BF
:1019D00023F007033B4323F018033343C1F880305F
:1019E000C1F89450C1F89840E8E72DE9F74F90F816
:1019F000C1300646022BD8B200F0EF8096F8C03016
:101A00000220012B00F0E980012386F8C10005299E
:101A1000356886F8C030136BD2E905BAD2E9079E63
:101A2000D2E9097000933AD12B68D5F8A04323F08E
:101A3000200324F4803443EA0B0B009B2BF4006B4F
:101A40004BEA0A0A2AF4806A4AEA090929F0C069BD
:101A500049EA0E0E2EF0006E4EEA070727F04047C7
:101A600047EA800020F000501843D36A1C432860E6
:101A70001C23C5F8A043106803FB0163186250687B
:101A8000586290689862D0681269D8621A63052912
:101A900000F29D80DFE801F0A4A9AEB3B89505EB94
:101AA000C11CCB010193DCF8803023F07043CCF8EB
:101AB0008030DCF88030DCF8E84023F02003DCF8EC
:101AC000E480019443EA0B03D5F8A04323F40063B8
:101AD00043EA0A0323F4806343EA090323F0C06363
:101AE00043EA0E0E009B2EF0006EB3F1005F136D03
:101AF0004EEA0707D2F834E027F0704740EA0700C3
:101B0000019F20F4003027F0004708BF40F4003068
:101B100027F01F0720F0400040EA0E0020F480204C
:101B2000034323F0FC70936C43EA000A906B00F0CF
:101B30001F003843D76B3843BEF1000F04D128F49F
:101B40008078176C48EA0708576C27F48059B9F574
:101B5000606F02D1BEF1400F03D128F4F05847EA7C
:101B60000808D76C042909D8DFE801F00313191F0E
:101B7000250024F40034D36A44EA4304CB01CCF8B2
:101B800080A02B44C3F8E800C3F8E480C3F8D47005
:101B90006EE724F48024D36A44EA8304EEE724F455
:101BA0000024D36A44EAC304E8E724F48014D36A27
:101BB00044EA0314E2E724F40014D36A44EA431429
:101BC000DCE7D5F8843343F00103C5F884330123FF
:101BD000002086F8C13086F8C00003B0BDE8F08F61
:101BE000D5F8843343F00203EFE7D5F8843343F0AC
:101BF0000403EAE7D5F8843343F00803E5E7D5F8B2
:101C0000843343F01003E0E7D5F8843343F0200336
:101C1000DBE7000030B590F8C1500446022DE8B271
:101C200023D094F8C00001284FF002001DD00125F8
:101C3000052902F1FF3284F8C10084F8C0502AD18E
:101C4000072A1FD8DFE802F004121E161E1E1E1AF5
:101C500022681B68D36194F8C130072B19D0012387
:101C6000002084F8C13084F8C00030BD22681B68B1
:101C70005362F0E722681B689362ECE722681B68F6
:101C8000D362E8E7072384F8C130002384F8C0302A
:101C9000E1E70120E9E7072AF4D801A050F822F093
:101CA000C11C0508CF1C0508851C05080D1D05086D
:101CB000851C0508851C0508851C05081B1D0508D5
:101CC00022681B6802EBC111C1F89C30C3E722688F
:101CD000186802EBC1115A68C1F8A4007AB1D1F8B2
:101CE000800020F44050C1F88000D1F880001043FB
:101CF000B2F5005FC1F8800022D19B68E4E7D1F81B
:101D0000803023F44053C1F88030A4E722681B6878
:101D100002EBC111C1F8A8309DE72268186802EBF8
:101D2000C1115A68C1F8AC007AB1D1F8800020F432
:101D30004040C1F88000D1F8800040EA8200D7E737
:101D4000B2F5405F87D19B68E4E7D1F8803023F497
:101D50004043D8E770B590F8C1600546022EF4B252
:101D600011D090F8C040012C4FF002040BD0012696
:101D700080F8C140002480F8C060FFF754FD85F86A
:101D8000C16085F8C040204670BD90F8C030012B7E
:101D90004FF002030DD0026880F8C130D2F89433BE
:101DA00019430123C2F8941380F8C130002380F84E
:101DB000C0301846704790F8C030012B4FF0020336
:101DC0000BD0026880F8C1301368194301231160F9
:101DD00080F8C130002380F8C03018467047704743
:101DE00008B5054BD8681A6822EA00021A605860E4
:101DF000FFF7F5FF08BD00BF0065025803689A6948
:101E0000910701D500229A629A69D20703D49A6990
:101E100042F001029A61704730B5039DC1F3090198
:101E2000046845EA024260681A43044B43EA55538A
:101E30000A4320EA03000243626030BDFF63FF03F0
:101E4000426B0BB210B5164CA24202D0154CA24206
:101E500011D1002B0DDB10291ED020291ED000230C
:101E6000402901D143F0400301680A6813430B6025
:101E700010BDB823F4E7002BACBF0023B823CC0778
:101E800048BF43F0F2038A0748BF43F0F403202918
:101E9000EAD143F02003E7E79023E5E76023E3E797
:101EA000B52B0508292A050811F0010307D090F881
:101EB000413003F02803282B0CBF4223F2238A076A
:101EC00009D590F8412002F02802282A0CBF43F0DF
:101ED000440343F0F4030A04016848BF43F0B80325
:101EE0000A6822EA03030B607047C36AAA2B02D177
:101EF0000023C3627047C36AB3F52A4FFAD14FF08B
:101F00000073F6E7704710B5044600284AD090F8F1
:101F1000413003F0FF021BB980F84020FFF7F2FFC9
:101F2000242384F8413023681A6822F001021A60E1
:101F3000626822F070621A619A6822F400429A6024
:101F4000D4E90221012924D142F400429A605A685E
:101F5000002042F0007242F400425A60DA6822F433
:101F60000042DA60D4E904210A43A16942EA01226D
:101F7000DA60D4E907210A431A601A6842F00102C4
:101F80001A602023606484F84130206384F84200A2
:101F900010BD42F4044202299A60D8D14FF4006285
:101FA0005A60D4E70120F3E737B50446069894F861
:101FB0004150202D43D194F84050012D3FD00125B0
:101FC000626284F84050212584F84150102584F83D
:101FD00042500025656463851A4BE0626363638D3C
:101FE0009BB2FF2B15D9FF234FF080722385236B03
:101FF000112B04D1AA2802D0B0F52A4F0DD12046CA
:10200000FFF773FF638D9BB2FF2B00D8E26A0E4B84
:1020100004E0638DE26A2385E9E70023002520467A
:102020000093134694F82820FFF7F6FE204601217E
:1020300084F84050FFF704FF284603B030BD02206B
:10204000FBE700BF072905080020008037B50446DC
:10205000069894F84150202D43D194F84050012D1A
:102060003FD00125626284F84050222584F8415017
:10207000102584F842500025656463851A4BE062A0
:102080006363638D9BB2FF2B15D9FF234FF08072E2
:102090002385236B122B04D1AA2802D0B0F52A4F36
:1020A0000DD12046FFF721FF638D9BB2FF2B00D897
:1020B000E26A0E4B04E0638DE26A2385E9E70023C0
:1020C000002520460093134694F82820FFF7A4FE2D
:1020D0002046022184F84050FFF7B2FE284603B0A4
:1020E00030BD0220FBE700BF07290508002400805F
:1020F0002DE9F041984690F8413004460F4603F030
:1021000028031646282B04D101B122B94FF40073DD
:102110006364012045E048F20101FFF7C5FE90F835
:102120004030012B3FD0012380F8403090F84130FF
:102130002A2B14D10221FFF7B7FE03681A68120494
:102140000DD51A68C06B22F400421A6038B1174BE3
:102150000365FDF7DDFE10B1E06B036D98472923A1
:102160002568002084F84130202384F842306064E0
:102170006B6823F400436B606685638DC4F82C8024
:1021800023850B4B67626363AB69DB0301D50823CF
:10219000EB6184F8400048F201012046FFF750FE51
:1021A0000020BDE8F0810220FBE700BF1B2D0508E1
:1021B000052705082DE9F041984690F8413004467E
:1021C0000F4603F028031646282B04D101B122B98B
:1021D0004FF400736364012044E048F20201FFF70A
:1021E00063FE90F84030012B3ED090F84130012141
:1021F000292B80F8401013D1FFF756FE03681A68A8
:1022000052040DD51A68806B22F480421A6038B1EE
:10221000164B0365FDF77CFE10B1A06B036D98476C
:102220002A232568002084F84130202384F8423096
:1022300060646B6823F400436B606685638DC4F84B
:102240002C8023850A4B67626363AB69DB0301D48F
:102250000823EB6184F8400048F202012046FFF7B2
:10226000EFFD0020BDE8F0810220FBE71B2D0508F3
:102270000527050808B590F84120202A0AD1282210
:102280004FF4004180F84120034A4263FFF7D8FD34
:10229000002008BD0220FCE70527050810B590F8CE
:1022A0004120282A14D190F84110002490F84220AF
:1022B00001F0030144630A434FF40041026320220A
:1022C00080F8412080F84240FFF7EEFD204610BD27
:1022D0000220FCE70268436B9169126803B118475A
:1022E000704738B5002580F8425090F84130212BD6
:1022F0004FF0200380F841300AD1112301214563BA
:102300000363FFF7D1FD80F8405007F0DDFC38BDD6
:102310001223022145630363FFF7C6FD80F8405096
:1023200007F005FDF3E708B5036800211A6880F897
:102330004210510415D51A6822F480421A6090F8B0
:102340004130292B13D12823012180F8413021234A
:102350000363FFF7A9FD002380F8403007F027FD55
:1023600008BD1204EBD51A6822F40042E6E790F8A3
:1023700041302A2BF4D12823022180F84130222336
:102380000363FFF791FD002380F8403007F013FD51
:10239000E6E7F8B590F841200446036802F0280209
:1023A000282A37D19E69C2689D69C6F30046022A71
:1023B00099684FEA1545DF6805F0FE0521D185EAE9
:1023C000D115C1F3090215F006050ED1816C01315A
:1023D0008164816C022907D108218564D961314665
:1023E00080F8405007F0D9FCF8BD4FF40041FFF7EA
:1023F0005BFD002307F0FE0280F8403031462046A6
:10240000F0E74FF40041FFF74FFD00232A4680F824
:102410004030F3E70822DA61002380F84030E3E738
:1024200008B5164B2022C36200230363436380F880
:10243000412080F842304B0712D503685A6A436A3C
:102440001A70436A01334362038D4BB1013B03852C
:10245000438D013B9BB24385436C43F004034364CB
:1024600048F20301FFF720FD10220368DA61002320
:1024700080F8403007F0C5FC08BD00BF0000FFFF3A
:102480007047704790F84120602A4FF0000208B56D
:1024900008D1202180F8402080F84110026307F025
:1024A00023FD08BD026380F8402008F00BF9F8E72F
:1024B00070B5354A002590F84130044680F8425006
:1024C000283BC2624585426C022B41EA020141640D
:1024D00029D80321FFF7E8FC282380F841302B4B53
:1024E000A06B6363236B80B3112B01D0212B2CD104
:1024F00023681A68510403D51A6822F480421A60CE
:10250000FDF7BAFD01281BD0214BA06B036500230A
:1025100084F84030FDF7FCFC002834D0A06B036D3C
:10252000BDE87040184748F20301FFF7BDFC90F882
:102530004130602B02D0202380F841300023CFE7C8
:102540002046BDE87040FFF79DBFE06B0028F7D044
:10255000122B01D0222BF3D123681A68120403D561
:102560001A6822F400421A60FDF786FD0128E7D0C0
:10257000074BE06B0365002384F84030FDF7C8FC8F
:1025800008B1E06BCBE770BD0000FFFF0527050831
:102590001B2D0508F8B50368202204460E461F6867
:1025A00090F84150DA6105F0F705212D73D148F21A
:1025B0000101FFF779FC2563236820465A6842F43D
:1025C00000425A605A6822F0FF7222F48B3222F4E1
:1025D000FF7222F001025A60FFF710FC79045FD508
:1025E0002268136823F480431360A36B2BB31B682A
:1025F000424A93421ED0183293421BD01832934263
:1026000018D01832934215D01832934212D0183293
:1026100093420FD0183293420CD01832934209D013
:1026200002F55672934205D01832934202D0183206
:102630009342FFD05B689BB26385730710D5236814
:1026400026F004065A6A636A1A70636A0133636289
:10265000238D2BB1013B2385638D013B9BB26385A9
:10266000638D9BB21BB1636C43F00403636400236E
:1026700084F84230656C6363DDB1616C2046FFF71E
:1026800017FF94F84130282B25D131462046BDE86C
:10269000F840FFF7C5BE222D8ED148F2020188E72F
:1026A0003A04CAD52268136823F400431360E36B2D
:1026B0009CE7E36A13F5803F0ED02046FFF733FE18
:1026C0000F4B204684F84050E362202384F84130C9
:1026D000256307F096FBF8BD94F84130204684F856
:1026E0004050222B4FF0200384F84130256302D163
:1026F00007F061FBEFE707F05AFBECE71000024040
:102700000000FFFFF8B590F8403004460D4616462D
:10271000012BC76A7DD001238A0680F8403003D59B
:10272000B30601D5FFF736FFE80634D5F10632D5FA
:10273000638D9BB203BB94F84130282B0AD1B7F1CB
:10274000007F07D129462046FFF76AFE002084F863
:102750004000F8BD94F841202368292A4FF0100268
:10276000DA61F3D117F5803FF0D02046FFF746FB42
:102770002046FFF7D8FDE9E723681022DA61636C91
:1027800043F00403636437F08073DFD1616C20464B
:10279000FFF78EFEDAE76A071AD5730718D5638D3F
:1027A0009BB26BB123685A6A636A1A70636A013319
:1027B0006362238D013B2385638D013B9BB263855F
:1027C000638D9BB2002BC1D117F5803FBED0CFE700
:1027D000280705D5310703D52046FFF7DAFDB5E711
:1027E000AA07B3D5B307B1D5638D9BB26BB1636A4A
:1027F000226813F8011B91626362638D013B9BB2F7
:102800006385238D013B2385A0E737F08073AFD02C
:102810009CE702209DE737B50368202204460D4659
:10282000DA6190F84130212B37D10121FFF73CFBD1
:10283000112323632368E9065A6822F0FF7222F409
:102840008B3222F4FF7222F001025A604FF0000234
:102850006263A2F58032E26205D51022DA61626C11
:1028600042F00402626494F84120602A05D16A07AC
:1028700003D55B6ADBB20193019B2046FFF7BEFAEA
:10288000636C94F84120602A00D07BB1616C2046D3
:1028900003B0BDE83040FFF70BBE90F84130222B6B
:1028A000C8D10221FFF700FB1223C2E794F84120B0
:1028B000212A12D1202284F8403084F84120236359
:1028C00094F8422084F84230402A03D1FFF7D8FD23
:1028D00003B030BD07F0F8F9FAE794F84120222A56
:1028E000F6D1202284F8403084F84120236394F804
:1028F000422084F84230402A02D1FFF7C2FDE7E7C8
:1029000007F015FAE4E773B590F8403004460D4639
:102910001646012B00F086800123CA0680F840305D
:1029200017D5F30615D503681022DA61436C43F01E
:1029300004034364FFF762FAAA0605D5B30603D57C
:1029400029462046FFF767FF002084F8400002B0C8
:1029500070BD680712D5710710D5236825F00405EE
:102960005A6A636A1A70636A01336362238D013B9A
:102970002385638D013B9BB26385DDE7AA0707D5FD
:10298000B30705D5636A226813F8011B9162ECE76F
:10299000280632D5710630D5638D22689BB203B309
:1029A000208DF0B95168638DC1F309019BB2FF2BF3
:1029B00008D9FF224FF08073009022852046FFF750
:1029C0002BFAB9E7628DE36A92B213F5803F228554
:1029D000D2B202D0E36A0090F0E74FF000730090AB
:1029E000ECE753689A0103D42046FFF77AFCA3E78B
:1029F00040212046FFF75CFD9EE76B069CD57006E4
:102A00009AD5638D9BB2002BF2D123685A6891014D
:102A100092D4E26A12F5803FE6D15A6842F48042CD
:102A20005A6089E7022092E7F8B590F840300446F2
:102A30000E461546012BC76A00F0B78001238A06AF
:102A400080F8403003D5AB0601D5FFF7A3FDF206B1
:102A500040F1A380EB0640F1A080E90BA80B41EA0E
:102A60009535ED0740F19580E26B52B311F001030B
:102A700026D013684E4A93421ED0183293421BD080
:102A80001832934218D01832934215D0183293421C
:102A900012D0183293420FD0183293420CD0183211
:102AA000934209D002F55672934205D018329342F0
:102AB00002D018329342FFD05B68B3FA83F35B090C
:102AC0001A46A36B4BB3C10727D51B6838498B4205
:102AD0001ED018318B421BD018318B4218D01831C0
:102AE0008B4215D018318B4212D018318B420FD047
:102AF00018318B420CD018318B4209D001F5567138
:102B00008B4205D018318B4202D018318B42FFD056
:102B10005B68B3FA83F35B090BB9012A1FD194F800
:102B20004130282B0AD1B7F1007F07D1314620462A
:102B3000FFF776FC002084F84000F8BD94F84120AF
:102B40002368292A4FF01002DA61F3D117F5803F8C
:102B5000F0D02046FFF752F9FFF7E5FBEAE72368DC
:102B60001022DA6137F08072636C43F0040363640F
:102B700094F84130DBB2DDD103F0F703212B01D112
:102B8000236301E0222BFBD0616C2046FFF790FC11
:102B9000D0E723681022DA61CCE73207CAD52B07C9
:102BA000C8D52046FFF7F5FBC4E70220C5E700BF04
:102BB0001000024013B590F840300446012B7AD043
:102BC000012380F84030CB0612D5D30610D5036818
:102BD00010222021DA61436C43F004034364FFF7C1
:102BE0002FF9FFF70BF9002084F8400002B010BD68
:102BF0000B0643D5500641D523681A6822F04002DF
:102C00001A60628D92B26AB35968638DC1F309018B
:102C10009BB2FF2B1BD9FF2323854FF0807300222B
:102C20002046009294F82820FFF7F6F8638D228D55
:102C30009B1A9BB2638594F84130222B23681A6853
:102C40000CBF42F4004242F480421A60CBE7638D2D
:102C50002385E36A13F5803F01D0E36ADFE74FF095
:102C60000073DCE75B689A0103D42046FFF739FB69
:102C7000B9E740212046FFF71BFCB4E74B0612D50D
:102C8000500610D5638D9BB2002BF2D123685A6891
:102C90009201A8D4E26A12F5803FE6D15A6842F464
:102CA00080425A609FE788069DD593069BD52046B3
:102CB000FFF7B1FD97E7022098E7036899691A6862
:102CC00010B4CC0508D5140606D5446C44F00104B4
:102CD00044644FF48074DC614C0508D5140606D5B5
:102CE000446C44F0080444644FF48064DC6189055A
:102CF00008D5120606D5426C42F0020242644FF437
:102D00000072DA61416C11F00B0F03D05DF8044BD7
:102D1000FFF7CEBB5DF8044B7047806B836B0BB144
:102D200000221A65C36B0BB100221A65FFF7AABB1C
:102D300010B590F84130202BDCB21DD190F8403016
:102D4000012B19D0242380F8413003681A6822F03F
:102D500001021A601A6822F480521A601A6811433C
:102D600019601A6842F001021A60002380F841409D
:102D700080F84030184610BD0220FCE7094A82B0B6
:102D8000D2F8F41041F00201C2F8F410D2F8F420A5
:102D900002F002020192044A019B536818435060FA
:102DA00002B0704700440258000400580A4B44F631
:102DB00020621B68B3FBF2F24FF47A73534302684C
:102DC000002010B5013B146808BF032031EA040459
:102DD00001D0002BF6D110BD380E00247047000042
:102DE000F8B50446002858D090F8363003F0FF02BA
:102DF0001BB980F83520FFF7F1FF656802232268D0
:102E0000012D84F83630A66AD06802D0B6F5000FDE
:102E100001D120F01E004FF6FF736169204F9942E7
:102E200045EA06031CBF20F4604020F0C0000740C4
:102E3000A0680343206A0343606A03433B4305BB26
:102E4000E069256928430343B6F5000F1BD04FF610
:102E5000FF70814204D0A0690143E06901430B4344
:102E6000D360104B9A4203D003F1C0539A420FD162
:102E7000D4E90B310B4353620123002084F8363030
:102E8000F8BD012DE0D1D4E9030528430343DEE773
:102E9000054B9A42F0D1E36AEDE70120F0E700BF6D
:102EA000FEF119FF0024004000280058022310B54D
:102EB00080F836300446D0E90032012A07D0826A11
:102EC000B2F5000F03D1DA6822F46062DA601A69A1
:102ED000204642F001021A6110225A60996111469F
:102EE000FFF764FF032808D022680020136943F02D
:102EF00004031361012384F8363010BD7047F0B528
:102F000004468BB060B390F8BD33056803F0FF0250
:102F10001BB980F8BC23FFF7F1FF03236E46271D82
:102F200084F8BD33EB6B254613F4807355F8100B12
:102F300008BF236104F0EAF90FCD0FC60FCD0FC60D
:102F400095E80300254686E8030097E80E0055F84B
:102F5000100B04F01BF9064620B1022384F8BD33A0
:102F6000012552E00146206804F0D6F93046D4F835
:102F700004C01C264FF0010E0146C2B20130944538
:102F80001BD800231C261946D8B20133844522D809
:102F90006E460FCD0FC60FCD0FC695E8030086E82D
:102FA000030097E80E00206804F0F8F901230546B5
:102FB000F0B1022284F8BD23D2E706FB024383F876
:102FC0003DE083F83C20A3F8422083F83F101965C8
:102FD000C3E91111D1E706FB004282F8FD1182F826
:102FE000FC0182F8FF11C2F81012C2E98111CBE78F
:102FF00084F8380084F8BD33636A012B02D120467F
:1030000000F0A4FC206804F04EFD28460BB0F0BD93
:10301000704738B5044610B90125284638BD03234A
:1030200080F8BD33006804F000FD05460028F3D1A8
:103030002046FFF7EDFF84F8BD53EEE710B50446D8
:10304000006894F8BC33012B15D0012384F8BC33FD
:10305000A36A012B06D1A369012B03D0836B43F430
:103060008033836304F04CF9206804F00EFD0020E7
:1030700084F8BC0310BD0220FCE738B590F8BC33DF
:103080000446012B1BD00123056880F8BC33284679
:1030900004F03CF9206804F006FD1021206804F0DB
:1030A00053F9A36A012B06D1A369012B03D0AB6BA3
:1030B00023F48033AB63002084F8BC0338BD0220C6
:1030C000FCE77047704700002DE9F04F066887B0B5
:1030D0000446304604F024FD0290002840F03C8174
:1030E000206804F0EEFC002800F03681206804F02F
:1030F000E8FC820704D52268536903F00203536198
:10310000206804F0DEFCC3062AD52268936923F008
:1031100010039361376AC7F3434307F00F05022B8F
:1031200040F01D8147F6F0731F4214D01C23C7F3F3
:103130000A18304603FB05454246D5F8081204F04C
:10314000FDFBD5F80822D5F8143242444344C5F8B3
:103150000822C5F814322268936943F01003936182
:10316000206804F0AEFC070300F10D81206804F034
:10317000A8FC45030CD5254606F510694FF000085C
:10318000206804F0AAFC0390039B002B40F0A4816C
:10319000206804F096FC002815DAD6F8043823F0ED
:1031A0000103C6F8043894F8F433012B40F025826B
:1031B0000021204684F8F41300F0DBFB22685369F9
:1031C00003F000435361206804F07BFC00050BD53D
:1031D000D6F80838D90702D5204605F0F1FD226857
:1031E000536903F400635361206804F06AFC020130
:1031F00014D523685A6902F000625A6194F8F423E6
:10320000002A40F0FE810121204684F8F4135B6D12
:10321000C3F38303C4F8F83300F0ABFB206804F079
:1032200050FCC30436D5D6F804381021206806F5C2
:10323000006523F001036B6004F086F806F5106367
:103240004FF67F3162680298824200F2DE81EB69BC
:1032500043F00113EB61236B002B00F0F681D5F8EE
:10326000843043F00B03C5F884306B6C43F00B03E0
:103270006B64D6F8003804F57172217C23F4FE6388
:103280002068C6F8003804F05FFC2268536903F434
:1032900080535361206804F014FC870416D520681D
:1032A00004F042FC206804F02FF92568E06001F08A
:1032B00097FA227B0146284603F0B2FF204605F02C
:1032C0008EFD2268536903F400535361206804F0B3
:1032D000F8FB060707D5204605F02EFD2268536946
:1032E00003F008035361206804F0EBFBC50208D526
:1032F00000212046FFF7E6FE2268536903F480139D
:103300005361206804F0DDFB800208D500212046CF
:10331000FFF7D7FE2268536903F400135361206856
:1033200004F0CFFB410007D5204605F01DFA2268C6
:10333000536903F080435361206804F0C2FB4207E5
:103340000AD523685D686B0702D5204605F046FD67
:10335000226853682B43536007B0BDE8F08F062BFB
:103360007FF4F9AE082204F571713046C7F30A17ED
:1033700004F0E4FA1C2303FB0545D5F814321F447E
:10338000C5F81472E7E606F5306704F5017A002502
:10339000DFF8D0B2206804F098FB0390039B002B69
:1033A0003FF4E4AE039BD80756D55FFA85F9206851
:1033B000494604F09AFB10F0010F80461AD02068AD
:1033C0000122216900F5306CBA600129036C0CEB15
:1033D000451CDCF8082066D1110706D55B4509D9E4
:1033E000100407D54FF4004302E091063CD520239A
:1033F000CCF8083018F0080F1ED023680822BA60F5
:103400001A6C03F530635A4503EB4513996804D9E8
:10341000090402D54FF4004199602046049205F05A
:10342000C9FC049A5A4507D92169012904D104F538
:103430007172206804F088FB18F0100F01D010237F
:10344000BB6018F0200F01D02023BB6018F4005F90
:1034500002D04FF40053BB60039B013520370AF1C3
:103460001C0A5B08039399E712F0280FC2D15B4551
:1034700001D91204B6D4DCF81020DAF80010C2F337
:1034800012028A1ACAF81020DAF804201144CAF885
:10349000041095B9D4F810227AB904F5717201219B
:1034A00004F052FB09E06E498B420BD1130499D40E
:1034B000900602D52022CCF808204946204605F087
:1034C0004AFC97E7002DF8D1D4F81022002AF4D155
:1034D00004F571722946E3E7039BDA0740F1848023
:1034E0005FFA88FB2068594604F008FBC3070746CB
:1034F00021D5012008F00F02D6F8343800FA02F284
:10350000216923EA02038142C6F83438C9F8080069
:103510000DD1D5E911231344AB64B8F1000F06D1E6
:10352000236D23B904F57172206804F00DFB594630
:10353000204605F026FC380702D50823C9F80830D4
:10354000F90602D51023C9F808307A0602D54023BF
:10355000C9F80830BB0702D50223C9F808303F0676
:1035600042D5D5E914329A423ED89B1A6A6CD4F8F7
:1035700000A0934228BF134603339B0804930AF527
:10358000106303EB48130593059B04999A6992B263
:103590008A42D5E9147325D39F4200D95FB908F058
:1035A0000F020121DAF8343801FA02F223EA0203A9
:1035B000CAF8343818E0FF1A6B6C5A4650469F42DE
:1035C00028BF1F46FB1C9B080493237C0093BBB2BF
:1035D000A96C04F0B3F8AB6C3B44AB646B6D1F4457
:1035E0006F65D1E79F42DAD9039B08F101081C35CA
:1035F00009F120095B080393C6E5204605F0E7FBC7
:10360000DCE5204605F0DCFB08E69960203353F842
:10361000202C22F4001243F8202C53F8202C42F0E6
:10362000006243F8202CC3F8E811D3F8E02122F41B
:103630000012C3F8E021D3F8E02142F00062C3F8A1
:10364000E021029A01320292FCE56B6943F40053D7
:1036500043F02B036B612B6943F00B032B6108E6EE
:103660000A31544F0A30544F10B590F8BC23044629
:10367000012A0BD0012280F8381080F8BC230068A2
:1036800004F0F3F9002084F8BC0310BD0220FCE72D
:1036900070B501F00F0611F0800F05464FF01C00C9
:1036A000C6EBC6044FEA84041FD004F13C0100FBC2
:1036B00006500124294480F83D408A604A780E7003
:1036C000CB7002B1CE80022B04BF00230B7195F8A2
:1036D000BC33012B12D00123286885F8BC3303F0DA
:1036E0001EFF002085F8BC0370BD04F5FE7100FBD1
:1036F00006500024294480F8FD41DEE70220F3E76C
:1037000010B5044601F00F0011F0800F4FF01C02BD
:10371000C0EBC0034FEA830316D003F13C0102FB68
:1037200000420123214482F83D30087094F8BC33F4
:10373000012B12D00123206884F8BC3303F02EFF44
:10374000002084F8BC0310BD03F5FE7102FB0042AB
:103750000023214482F8FD31E7E70220F3E738B582
:1037600001F00F051C2404FB050104FB050401F511
:10377000FE71C4F810320023C4F80822C4F81432D1
:1037800084F8FD3184F8FC5103690068012B08BFFF
:10379000C4F80C22DAB21DB903F056FF002038BD80
:1037A00003F0E0FFFAE701F00F011C2303FB010027
:1037B000D0F81402704738B501F00F051C2404FB43
:1037C000050104FB05043C3123650023A264636505
:1037D000012384F83C5084F83D3003690068012BD4
:1037E00008BFE264DAB21DB903F02EFF002038BD35
:1037F00003F0B8FFFAE738B501F00F054368044657
:103800009D422CD811F0800F4FF01C001ED000FB01
:103810000541012300FB05423C3182F83D30012384
:103820000D708B7094F8BC239A421AD0206884F8EB
:10383000BC3304F0A6F82DB904F57172217C206820
:1038400004F082F9002084F8BC0338BD00FB01437A
:103850001A4603F5FE71002382F8FD31DFE70120EF
:10386000F3E70220F1E738B501F00F0243680446A0
:103870009A422AD8C2EBC20311F0800F4FF01C000D
:103880004FEA830318D003F13C0100FB02400123FF
:10389000214480F83D3000250A708D7094F8BC33C7
:1038A000012B14D00123206884F8BC3304F094F871
:1038B000284684F8BC5338BD03F5FE7100FB024076
:1038C0000023214480F8FD31E5E70120F3E70220E1
:1038D000F1E710B590F8BC330446012B10D001235A
:1038E00080F8BC330B06006807D501F00F0103F028
:1038F0002BFD002084F8BC0310BD03F037FDF8E772
:103900000220F9E70068120470B5446A19B922432D
:103910008262002070BD836A4D1E04EB13440023B5
:103920005E1CDBB29D4205D83F31224300EB810093
:103930004260EEE7403300EB83035B6804EB134423
:103940003346EDE7036800205962704702680021A2
:10395000012380F8F413C0F8FC330846936943F060
:1039600000639361536D43F0805343F00303536549
:1039700070477047024A136843F4807313607047BE
:1039800000480258054A0129136923F00403136112
:1039900001D130BF704720BF704700BF00ED00E08D
:1039A00070B51C4D0446EB6803F00703062B06D0E8
:1039B000E86800F03F00001B18BF012070BDEB68F5
:1039C00023F03F030343EB6006F014F806466B68F0
:1039D0009A0408D5A4F11D03012B0CD92D3C012C10
:1039E00009D90020EAE706F005F8801BB0F57A7FD8
:1039F000EDD90120E2E705F0FDFF064D0446EB6836
:103A0000DB03EED405F0F6FF001BB0F57A7FF6D9A4
:103A1000EFE700BF0048025838B51E4C0D4623683A
:103A200023F0010318432060C2B9FCF765FA0328AC
:103A300013D1236923F001032361174B1A6942F064
:103A400004021A61BFF34F8FBFF36F8F012D10D1A6
:103A500030BF1A6922F004021A6138BD012A0AD166
:103A6000FCF74AFA0128F8D1636923F00203636185
:103A7000E3E720BFEDE7FCF73FFA032804D1236911
:103A800023F004032361E8E7636923F0040363611F
:103A9000E3E700BF0048025800ED00E0024AD368A7
:103AA00043F08073D3607047004802582DE9F04717
:103AB0004E6A36B1B2F1406F03D08B6A0468013BA5
:103AC0002361D1F818A0D1E9077CBAF1000F4ED0DC
:103AD0004B6946EA0A0A0568D1F800804FEA834E2E
:103AE000486B4AEA020AD1E90B49BCF1000F26D023
:103AF0008B684CEA0A0C0E69EB61A7B148EA070330
:103B0000234343EA09030343C8683343034343EAB7
:103B10000E0343EA0C03B2F1406F6B6101D04B68B6
:103B2000AB61BDE8F08748EA040343EA09030343B5
:103B3000334343EA0E0343EA0C036B61F1E767B1D9
:103B400048EA0703234343EA09030343C8680343DE
:103B500043EA0E0343EA0A03DDE748EA040343EAC3
:103B60000903034343EA0E0343EA0A03E5E7BCF112
:103B7000000F2CD004688B680869E36146EA0C03E7
:103B80004E6943EA0205D1F834C0B604D1E90B838B
:103B9000A7B13843B2F1406F40EA080043EA00039E
:103BA000C86843EA0C0343EA000343EA060343EA16
:103BB00005036361B5D04B68A361B2E740EA080032
:103BC000034343EA0C0333432B436361A9E7D7B1B3
:103BD00046EA0703CC6A0068B2F1406F43EA020389
:103BE00043EA04030C6B43EA04034C6B43EA04030B
:103BF000CC6843EA04034C6943EA8443436190D0B0
:103C00004B6883618DE7002E8BD0CB6A006833430D
:103C10000E6B1A434B6932434E6B324342EA834286
:103C200042617EE72DE9F041DDF8188004460E463A
:103C300015461F4622689368334214BF01230023B0
:103C4000AB4201D1002012E0B8F1FF3FF3D005F004
:103C5000D1FEC01B404502D8B8F1000FEAD10423C1
:103C6000012084F84130636C43F001036364BDE8D4
:103C7000F081704730B5044685B005F0BBFE0346C1
:103C8000002C40D094F841203AB903902046FFF729
:103C9000F0FF41F28832039BA2642068A1680268A9
:103CA000013922F4706242EA01222021026020469A
:103CB000A26C00920022FFF7B5FF10BB2268E569F5
:103CC000E36811682B43256A21F07F412B43656827
:103CD00021F0D00143EA05630B4313605568D4E932
:103CE00005310B43216943EA0143084929400B434D
:103CF0005360136843F0010313600123606484F888
:103D0000413005B030BD0120FBE700BFFEF8E0FF09
:103D1000704710B5044658B10268136823F00103D8
:103D20001360FFF7F5FF0020606484F8410010BDC8
:103D30000120FCE72DE9F043044685B0174689468B
:103D400005F058FE94F840200346012A33D00122A2
:103D5000022684F8402094F84120012A5FFA82F874
:103D600027D100220390202120466264009784F826
:103D70004160FFF757FF0546A0B902464946204675
:103D8000FFF794FED9F82420039B4AB942463146F6
:103D900020460097FFF746FF054618B92368DE6006
:103DA00084F84180002384F84030284605B0BDE8FF
:103DB000F0833546F6E70225F7E7F0B5044685B00F
:103DC00016460F4605F016FE94F840200346256877
:103DD000012A49D0012284F8402094F84120012A88
:103DE000D0B23FD100226264002F36D0122284F874
:103DF00041202A690132E2622A6967620132A262C5
:103E00006A6922F040626A61E26A8AB9012202218B
:103E100020460096FFF706FF10B923680222DA60F9
:103E2000012384F84130002384F8403005B0F0BD10
:103E300001220421204600960393FFF7F3FE002899
:103E4000EED1626A039B127885F82020626A013203
:103E50006262E26A013AE262D6E7636C43F0080309
:103E60006364E0E70220DEE70220DFE7F0B5044606
:103E700085B016460F4605F0BDFD25680346D5F80A
:103E800018C094F84020012A4DD0012284F8402027
:103E900094F84120012AD0B243D100226264002F5D
:103EA0003AD0222284F841202A690132A2632A6989
:103EB000276301326263696921F0406141F08061EA
:103EC0006961C5F818C0A26B8AB901220221204697
:103ED0000096FFF7A7FE10B923680222DA600123DB
:103EE00084F84130002384F8403005B0F0BD012251
:103EF0000621204600960393FFF794FE0028EED19A
:103F000095F82010226B039B1170226B0132226303
:103F1000A26B013AA263D6E7636C43F008036364C3
:103F2000E0E70220DEE70220DFE7000070B504468C
:103F3000002872D00368DD075CD42368980700F17D
:103F4000AE802368D80627D5A94B1A69996A02F072
:103F50003802082A07D0182A40F00C8101F0030229
:103F6000012A40F007811B68D90502D5E369802B3F
:103F700053D1FBF7E1FB41F20303216A98429C4BCA
:103F800000F2F1805A68202922F0F8420CBF42F07A
:103F9000804242EA81625A602368180700F12C814E
:103FA0002368990600F14D8123685D071CD5914D6A
:103FB0002B6843F480732B6005F01CFD06462B68CC
:103FC000DA0540F16381A368894D012B40F06581DA
:103FD0002B6F43F001032B6705F00CFD844E054663
:103FE000336F9B0740F17D81616A002940F0808139
:103FF00000202AE07E4B1A69996A02F03802102AE2
:1040000005D0182A0BD101F00302022A07D11B6840
:10401000990392D56368002B8FD1012015E0626867
:10402000B2F5803F12D11A6842F480321A6005F06E
:10403000E1FC6F4E054633689A033FF57EAF05F00D
:10404000D9FC401B6428F6D9032070BD684D2B684D
:104050009AB923F480332B602B6823F480232B60E0
:1040600005F0C8FC06462B689B037FF566AF05F09C
:10407000C1FC801B6428F6D9E6E7B2F5A02F07D172
:1040800043F480232B602B6843F480332B60CEE70E
:1040900023F480332B602B6823F48023F6E7544B02
:1040A0001A69996A12F0380203D0182A1FD18807BA
:1040B0001DD11B68590702D5E368002BADD0FBF773
:1040C0003BFB41F2030321699842494B5A6809D8E6
:1040D00022F47C3240290CBF42F4003242EA013221
:1040E0005A602EE722F0FE4242EA0162F8E7E168F8
:1040F0001A6839B322F019023D4D0A431A6005F0DF
:1041000079FC06462B685A0711D5FBF715FB41F2DF
:104110000303226998426B680FD823F47C33402A4A
:104120000CBF43F4003343EA02336B6009E705F048
:1041300061FC801B0228E5D986E723F0FE4343EAB1
:104140000263F2E722F00102294E1A6005F052FCE8
:10415000054633685B077FF5F4AE05F04BFC401B6A
:104160000228F6D970E7DA6822F07C5242EA01624E
:10417000DA6011E7E2694AB31A681D4D42F0800225
:104180001A6005F037FC06462B68DA0511D5FBF7F7
:10419000D3FA41F20303226A984210D86B68202AAE
:1041A00023F0F8430CBF43F0804343EA82636B6023
:1041B000F2E605F01FFC801B0228E5D944E7EB6816
:1041C00023F07C5343EA0263EB60E5E61A68084E8D
:1041D00022F080021A6005F00DFC05463368DB050D
:1041E0007FF5DAAE05F006FC401B0228F6D92BE776
:1041F00000440258004802586369954D83B16B6FC3
:1042000043F001036B6705F0F5FB06466B6F9A07F9
:104210003FF5C6AE05F0EEFB801B0228F6D913E78A
:104220006B6F23F001036B6705F0E4FB06466B6FD1
:104230009B077FF5B5AE05F0DDFB801B0228F6D9A4
:1042400002E7A369824D83B12B6843F480532B604E
:1042500005F0D0FB06462B6898043FF5A5AE05F0A7
:10426000C9FB801B0228F6D9EEE62B6823F48053A5
:104270002B6005F0BFFB06462B6899047FF594AED2
:1042800005F0B8FB801B0228F6D9DDE605F0B2FB8D
:10429000801B64287FF693AED6E6A3B92B6F23F07C
:1042A00001032B672B6F23F004032B6705F0A2FBA0
:1042B00006462B6F98077FF597AE05F09BFB801B9A
:1042C000C828F6D9C0E6052B2B6F03D143F00403B1
:1042D0002B677DE623F001032B672B6F23F004038C
:1042E00079E605F087FB401BC8287FF679AEABE680
:1042F000574D2B6903F03803182B7AD02B6802290D
:1043000023F080732B6067D105F074FB06462B68A1
:1043100099015BD4AB6AA26A23F47C7323F0030394
:104320001343E26A43EA0213AB62636BA26B013B85
:10433000013A5B0212049BB202F4FE021343226BA9
:10434000013AC2F308021343E26B013A120602F08B
:10435000FE4213432B63EB6A23F00103EB626B6BAA
:10436000A26C23F47F4323F0F80343EAC2036B6398
:10437000EB6A226C23F00C031343EB62EB6A626C72
:1043800023F002031343EB62EB6A43F48033EB62E6
:10439000EB6A43F40033EB62EB6A43F48023EB6295
:1043A000EB6A43F00103EB622B6843F080732B60F0
:1043B00005F020FB264D04462B689A013FF518AE08
:1043C00005F018FB001B0228F6D93DE605F012FBAC
:1043D000801B02289BD937E605F00CFB04462B68AE
:1043E0009B017FF505AE05F005FB001B0228F6D901
:1043F0002AE60129AA6A2B6B3FF40FAE02F00301F3
:10440000A06A81427FF409AEC2F30512E16A8A42D2
:104410007FF403AE226BC3F30801013A91427FF4AB
:10442000FCAD626BC3F34621013A91427FF4F5ADD6
:10443000A26BC3F30641013A91427FF4EEADE26B09
:10444000C3F30663013A93423FF4D2ADE5E500BF02
:1044500000440258484B1A6902F03802102A30B55D
:1044600000F08680182A0CD0002A40F083801A6859
:10447000424812F0200F03D01B68C3F3C103D84099
:1044800030BD996A9D6ADA6A15F47C7FC5F3051020
:104490005C6BF5D0C4F3CC0402F0010207EE900A85
:1044A00001F003016243B7EE006AF8EEE76A012902
:1044B00007EE902AFAEEE97A4CD002293CD0002986
:1044C00048D11A68920627D519682C4AC1F3C10150
:1044D0001B6BCA40C3F3080307EE102AF8EEC75A55
:1044E00085EEA67A06EE903AF8EEE66A76EEA77AC0
:1044F00077EE867A204B67EE877A1B6BC3F34623F1
:10450000013307EE103AF8EEC76A87EEA67AFCEEA2
:10451000C77A17EE900AB3E71B6BC3F3080307EEE5
:10452000103AB8EEC77A77EE277A77EE867A9FED63
:10453000146A86EE267ADDE71B6BC3F3080307EEE9
:10454000103AB8EEC77A77EE277A77EE867A9FED43
:104550000D6AEEE71B6BC3F3080307EE103AB8EEE3
:10456000C77A77EE277A77EE867A9FED076AE0E7DB
:10457000064885E7064883E7004402580090D003C8
:104580000024744C20BCBE4B0024744A40787D014A
:1045900000093D002DE9F0410D46044610B9012007
:1045A000BDE8F081884A136803F00F038B42C0F026
:1045B000938023685F0700F19B801E070BD583491A
:1045C0006669C86900F07000864204D9CA6922F0A1
:1045D00070023243CA61D8060BD57C49A669C86906
:1045E00000F4E060864204D9CA6922F4E0623243F2
:1045F000CA6199060BD57549E669086A00F0700032
:10460000864204D90A6A22F0700232430A629A078B
:104610000BD56E49E668886900F00F00864204D920
:104620008A6922F00F0232438A61DF076ED4236861
:104630009E0700F1A18064490A6802F00F02AA42B5
:1046400000F2A880580700F1B18019070BD55F4927
:104650006569C86900F07000854204D2CA6922F019
:1046600070022A43CA61DA060BD55849A569C869A0
:1046700000F4E060854204D2CA6922F4E0622A4371
:10468000CA619B060BD5514AE069116A01F07001BD
:10469000884204D2136A23F0700303431362FFF7C6
:1046A000D9FE4A494A4A8B69C3F30323D35C03F01A
:1046B0001F03D8408B6903F00F03D35C454A03F016
:1046C0001F0320FA03F31360434B1860434BBDE80C
:1046D000F041186805F088B9136823F00F030B4305
:1046E0001360136803F00F038B427FF458AF60E749
:1046F00036492669886900F0700086427FF65DAF12
:104700008A6922F0700232438A6156E72F4BA16812
:104710009A6922F470620A439A6162681B68022AED
:104720001DD113F4003F3FF43AAF284E41F28838D0
:10473000336923F007031343336105F05BF9074640
:104740003369626803F03803B3EBC20F3FF46FAF15
:1047500005F050F9C01B4045F2D9032020E7032A99
:1047600002D113F0007FDEE7012A02D113F4807F2B
:10477000D9E713F0040FD6E71449E668886900F01A
:104780000F008642BFF457AF8A6922F00F0232430E
:104790008A6150E70A6822F00F022A430A600A6819
:1047A00002F00F02AA427FF4FAAE4BE707492569EF
:1047B000886900F070008542BFF447AF8A6922F033
:1047C00070022A438A6140E70020005200440258E8
:1047D0003A9406083C0E0024380E0024340E0024BF
:1047E00010B50C4CFFF736FE0B49A369C3F3032346
:1047F000CA5CA36902F01F0203F00F0320FA02F261
:10480000CB5C03F01F0322FA03F0044B1860044B47
:104810001A6010BD004402583A9406083C0E002469
:10482000380E002408B5FFF7DBFF054B054ADB69AE
:10483000C3F30213D35C03F01F03D84008BD00BFCD
:10484000004402583A94060808B5FFF7C9FF054B23
:10485000054ADB69C3F30223D35C03F01F03D8408E
:1048600008BD00BF004402583A94060838B53F23FB
:10487000044603603A4B1A68510360D54FF4A022F6
:1048800062601B68364D03F08003E361FAF754FF62
:1048900041F20303984259D86B68C3F384632362DF
:1048A0002B6803F00103E360FAF746FF41F20303CC
:1048B00098426B6894BFC3F30533C3F30663236167
:1048C000274B1A6F520745D50522A2605A6F02F096
:1048D000010262611A68C2F30032A2611B6813F020
:1048E000807F14BF0223012363621D4B9A6A02F08A
:1048F0000302A2629A6AC2F30512E2621A6BC2F361
:104900000802013222631A6BC2F306620132E263CB
:104910001A6BC2F34622013262631A6BC2F306427B
:104920000132A263DA6A02F00C022264DA6AC2F38C
:10493000400262645B6BC3F3CC03A36438BD1A68A6
:1049400012F4803218BF4FF4803299E7EB68C3F35A
:104950000563A4E71A6F12F0010218BF0122B4E741
:10496000004402583F230360114B1A6902F007020A
:1049700042609A6902F4706282609A6902F00F02E2
:10498000C2609A6902F070020261DA6902F0700294
:104990004261DA6902F4E06282611B6A03F070032B
:1049A000C361044B1B6803F00F030B60704700BF2B
:1049B0000044025800200052F8B53A4C06460D4615
:1049C000A36A03F00303032B69D0236823F08063F9
:1049D000236005F00FF8074623681A014BD4A36A39
:1049E000326823F47C3343EA0233A362B368F2688B
:1049F000013B013A5B0212049BB202F4FE02134334
:104A00007268013AC2F3080213433269013A12068E
:104A100002F0FE421343A363E36A726923F0C0030A
:104A20001343E362E36AB26923F020031343E362B2
:104A3000E36A23F01003E362E36BF26923F47F433C
:104A400023F0F80343EAC203E363E36A43F010038D
:104A5000E362E36AB5B943F40023E362114C2368CF
:104A600043F08063236004F0C5FF054623681B0103
:104A70000FD5002005E004F0BDFFC01B0228ABD914
:104A80000320F8BD012D0CBF43F4801343F4001341
:104A9000E3E704F0AFFF401B0228E7D9F0E701206D
:104AA000EFE700BF00440258F8B53A4C06460D4601
:104AB000A36A03F00303032B69D0236823F0805318
:104AC000236004F097FF074623689A004BD4A36A3B
:104AD000326823F07C7343EA0253A362B368F2683E
:104AE000013B013A5B0212049BB202F4FE02134343
:104AF0007268013AC2F3080213433269013A12069E
:104B000002F0FE4213432364E36A726923F44063B4
:104B10001343E362E36AB26923F400731343E3626D
:104B2000E36A23F48073E362636CF26923F47F43E6
:104B300023F0F80343EAC2036364E36A43F4807337
:104B4000E362E36AB5B943F48003E362114C23687E
:104B500043F08053236004F04DFF054623689B001B
:104B60000FD5002005E004F045FFC01B0228ABD99B
:104B70000320F8BD012D0CBF43F4000343F0807304
:104B8000E3E704F037FF401B0228E7D9F0E70120F4
:104B9000EFE700BF004402582DE9F04106680546E2
:104BA00016F0006609D0836EB3F5001F2ED013D81F
:104BB000F3B1B3F5801F21D001262B68DB0540F14E
:104BC0000281AB6D042B00F2FD80DFE813F02400BE
:104BD0002B00F50029002900B3F5401FECD1B84A9D
:104BE0000026A96E136D23F440130B431365E4E70D
:104BF000B34AD36A43F40033D362F0E702210430AE
:104C0000FFF7DAFE06460028D7D1E8E70221243074
:104C1000FFF74AFFF6E7AA4AD36A43F40033D362A8
:104C2000344604E00021281DFFF7C6FE0446002C90
:104C300040F0CB80A24AA96D136D23F007030B430C
:104C400013652B689F050DD5EB6D802B00F0DA8086
:104C500000F2BD80002B00F0C980402B00F0CC801A
:104C6000012634462B68580510D5D5F8A830B3F581
:104C7000800F00F0EC8000F2CD80002B00F0DB8094
:104C8000B3F5001F00F0DD80012634462B681905BE
:104C900010D5D5F8AC30B3F1007F00F0FD8000F204
:104CA000DE80002B00F0EC80B3F1807F00F0EE801E
:104CB000012634462B689A010DD5AB6C202B00F0F1
:104CC000078100F2F180002B00F0F180102B00F042
:104CD000F980012634462B68DB040FD52B6EB3F523
:104CE000005F00F0198100F2FB80002B00F00881CA
:104CF000B3F5805F00F00A81012634462B689F04DB
:104D00000FD56B6EB3F5003F00F0268100F20C81E9
:104D1000002B00F01281B3F5803F00F017810126CF
:104D200034462B68580410D5D5F8B030B3F1005F85
:104D300000F0338100F21881002B00F01E81B3F1E6
:104D4000805F00F02481012634462B68590114D578
:104D5000EB6C43B1B3F5807F40F027810121281D22
:104D6000FFF72AFE0446002C40F02281544AE96CE9
:104D7000D36C23F480730B43D3642B681A040DD5D2
:104D80002B6FB3F1805F00F01581B3F1005F00F08D
:104D90001F81002B00F01381012634462B68DB01B4
:104DA00040F12C816B6C032B00F26C81DFE813F077
:104DB0001D01180164011D01002105F12400FFF708
:104DC00073FE33E7012634463BE7264639E7C02B1E
:104DD00003D0B3F5807F7FF443AFCCB9384AE96D97
:104DE000136D23F4E0730B4313653BE7344AD36A36
:104DF00043F40033D362F0E70021281DFFF7DCFD08
:104E00000446EAE7002105F12400FFF74DFEF7E72D
:104E1000264627E7B3F5C00F03D0B3F5000F7FF4A4
:104E200033AFD4B9264AD5F8A810936D23F46003A4
:104E30000B4393652AE7224AD36A43F40033D362D3
:104E4000EFE70021281DFFF7B7FD0446E9E7002141
:104E500005F12400FFF728FEF7E7264616E7B3F131
:104E6000407F03D0B3F1806F7FF422AFD4B9144AEE
:104E7000D5F8AC10936D23F0E0630B43936519E70D
:104E80000F4AD36A43F40033D362EFE70021281DB1
:104E9000FFF792FD0446E9E7002105F12400FFF742
:104EA00003FEF7E7264605E7302B7FF412AFACB9D7
:104EB000034AA96CD36C23F030030B43D3640AE795
:104EC000004402589A4AD36A43F40033D362EEE7AF
:104ED0000221281DFFF770FD0446E8E72646FAE6A2
:104EE000B3F5405F03D0B3F5804F7FF405AFCCB985
:104EF0008F4A296E136D23F4E0430B431365FDE6DF
:104F00008B4AD36A43F40033D362F0E70021281DB3
:104F1000FFF752FD0446EAE7002105F12400FFF700
:104F2000C3FDF7E72646E9E623F48032B2F5802F89
:104F300003D0B3F5403F7FF4F2AE9CB97C4A696E72
:104F4000136D23F4E0230B431365EAE60121281DCA
:104F5000FFF732FD0446F0E7012105F12400FFF7D9
:104F6000A3FDF7E72646DCE623F08052B2F1804F3E
:104F700003D0B3F1405F7FF4E6AEA4B96C4AD5F834
:104F8000B010936D23F0E0430B439365DDE6012100
:104F9000281DFFF711FD0446EFE7012105F124006C
:104FA000FFF782FDF7E72646CFE601263446E4E622
:104FB0002646E2E65E4AD36A43F40033D3626CB914
:104FC0005B4A296F136D23F040530B431365E5E6ED
:104FD0000121281DFFF7F0FC0446F0E72646DDE638
:104FE000534AD36A43F40033D362002C4DD1504A64
:104FF000696CD36C23F003030B43D3642B685F020B
:105000004DD54C4F3B6843F480733B6004F0F2FC99
:1050100080463B68D8053AD5002C6AD1444BD5F878
:10502000B4001A6F424012F4407F0BD01A6F196F10
:1050300022F4407241F480311967196F21F48031F4
:1050400019671A67B0F5807F40D0D5F8B430384979
:1050500003F44072B2F5407F47D10869364A20F424
:105060007C5002EA131202430A61C3F30B03304A75
:10507000116F0B43136712E00221281DFFF79CFC00
:105080000446B2E701263446B8E72646B6E704F000
:10509000B1FCA0EB08006428BBD9032634462B687A
:1050A000DA0708D5EB6F102B3AD024D84BB3082B76
:1050B00030D0012634462B689B074CD5AB6F052BAF
:1050C0005FD8DFE803F0403B5840404004F092FCDA
:1050D000DFF85C800746D8F870309907B5D404F043
:1050E00089FCC01BC828F6D9D7E70A6922F47C528C
:1050F000BAE72646D3E723F00802202A01D0182B6E
:10510000D7D19CB90A4AE96F536D23F038030B439A
:105110005365D0E70121281DFFF74EFC0446F0E758
:10512000012105F12400FFF7BFFCF7E72646C2E79F
:105130000044025800480258CFFFFF000121281DFB
:10514000FFF73AFC0446FCB9B74AA96F536D23F048
:1051500007030B4353652B685F0727D5D5F89430B9
:10516000052B00F23A81DFE813F01600110032013E
:10517000160016001600012105F12400FFF794FC2B
:10518000E0E701263446E6E72646E4E70121281D4C
:10519000FFF712FC0446002C40F02281A24AD5F809
:1051A0009410936D23F007030B4393652B689806C7
:1051B00010D5D5F89030B3F1005F00F02C8100F2EB
:1051C0001181002B00F01781B3F1805F00F01D8189
:1051D000012634462B68590610D5D5F89C30B3F516
:1051E000006F00F03C8100F22181002B00F027814C
:1051F000B3F5806F00F02D81012634462B681A0626
:1052000010D5D5F8A030B3F5804F00F0498100F2F9
:105210002E81002B00F03481B3F5005F00F03A815D
:10522000012634462B681B0714D5D5F88430B3F516
:10523000805F07D1022105F12400FFF735FC00282B
:1052400018BF0126784AD5F88410536D23F44053D3
:105250000B4353652B68DF0614D5D5F89830B3F5AA
:10526000807F07D1022105F12400FFF71DFC0028F3
:1052700018BF01266C4AD5F89810936D23F440733B
:105280000B4393652B6818031AD5D5F8A410B1F514
:10529000803F00F00D81B1F5003F06D0002940F0BD
:1052A0000D81281DFFF788FB0446002C40F0098182
:1052B0005D4AD5F8A410936D23F440330B439365F6
:1052C0002B6859031CD5D5F88830B3F5001F00F0C2
:1052D000FA80B3F5401F08D0B3F5801F40F0FA8084
:1052E000514AD36A43F40033D362002C40F0F58076
:1052F0004D4AD5F88810536D23F440130B43536582
:105300002B68DA0309D52B6D002B00F0E880B3F58C
:10531000803F00F0F280012634462B689B0007D5C1
:10532000022105F12400FFF7BFFB002818BF01266A
:105330002B689F030BD5D5F88010B1F5807F00F066
:10534000F28000F2E280002900F0E5800126DC0214
:1053500006D53549686F0A6D22F0004202430A659E
:10536000D80007D53049D5F8B8000A6922F4804240
:1053700002430A61990206D52B49E86E0A6D22F0B4
:10538000807202430A655A0009D5274A116921F43F
:10539000004111611169D5F8BC0001431161002B76
:1053A00006DA2149686DCA6C22F040520243CA6491
:1053B0001B0207D51C4AD5F88C10536D23F440030B
:1053C0000B435365301E18BF0120BDE8F081012159
:1053D00005F12400FFF768FBDCE601263446E5E62C
:1053E0002646E3E623F08052B2F1804F03D0B3F1BA
:1053F000405F7FF4EDAEA4B90B4AD5F89010536D21
:1054000023F0E0430B435365E4E60021281DFFF73A
:10541000D3FA0446EFE7022105F12400FFF744FB2D
:10542000F7E72646D6E600BF0044025823F4806220
:10543000B2F5805F03D0B3F5406F7FF4DDAEA4B961
:105440003D4AD5F89C10936D23F4E0530B439365CC
:10545000D4E60021281DFFF7AFFA0446EFE702214A
:1054600005F12400FFF720FBF7E72646C6E623F404
:105470000052B2F5004F03D0B3F5C04F7FF4D0AE69
:10548000A4B92D4AD5F8A010936D23F460430B43C3
:105490009365C7E60021281DFFF78EFA0446EFE763
:1054A000022105F12400FFF7FFFAF7E72646B9E6E7
:1054B000022105F12400FFF7F7FAF5E6012634464C
:1054C000FEE62646FCE6012105F12400FFF7ECFA92
:1054D00004460AE70126344612E7264610E7164A34
:1054E000D36A43F40033D3626CB9134A296DD36C89
:1054F00023F480330B43D3640FE70221281DFFF709
:105500005BFA0446F0E7264607E721F48072B2F51D
:10551000007F7FF41BAF64B90748426D22F44072EC
:105520000A43426513E70448C26A42F40032C26289
:10553000F1E726460BE700BF0044025808B5FFF725
:105540004FF9054B054A1B6AC3F30213D35C03F002
:105550001F03D84008BD00BF004402583A94060813
:105560004E4A70B5946A966AD36A16F47C3FC6F3C5
:105570000531D56B00F08D8007EE901AC3F3001350
:10558000C5F3CC0104F00304F8EEE76A4B43012CA9
:10559000B7EE006A07EE903AFAEEE97A6BD0022C89
:1055A0005BD0002C67D113689B0646D51168936BBE
:1055B000C1F3C1013A4AC3F30803CA4007EE102AF7
:1055C000F8EEC75A85EEA67A06EE903AF8EEE66A4D
:1055D00076EEA77A77EE867A304A67EE877A936B13
:1055E000C3F3462307EE103AB8EEC77A37EE067AD1
:1055F000C7EE876AFCEEE66AC0ED006A936BC3F300
:10560000064307EE103AB8EEC77A37EE067AC7EED1
:10561000876AFCEEE66AC0ED016A936BC3F306632A
:1056200007EE103AB8EEC77A37EE066A87EE867A4A
:10563000BCEEC77A80ED027A70BD936BDFED195A2C
:10564000C3F3080307EE103AB8EEC77A77EE277A6D
:1056500077EE867A85EEA67ABEE7936BDFED125A77
:10566000C3F3080307EE103AB8EEC77A77EE277A4D
:1056700077EE867AEEE7936BDFED0C5AC3F30803FF
:1056800007EE103AB8EEC77A77EE277A77EE867A89
:10569000E0E7C0E900118160CEE700BF0044025896
:1056A0000090D0030024744C20BCBE4B0024744AEC
:1056B0004E4A70B5946A966AD36A16F07C7FC6F338
:1056C0000551556C00F08D8007EE901AC3F300234E
:1056D000C5F3CC0104F00304F8EEE76A4B43012C58
:1056E000B7EE006A07EE903AFAEEE97A6BD0022C38
:1056F0005BD0002C67D113689B0646D51168136CEC
:10570000C1F3C1013A4AC3F30803CA4007EE102AA5
:10571000F8EEC75A85EEA67A06EE903AF8EEE66AFB
:1057200076EEA77A77EE867A304A67EE877A136C40
:10573000C3F3462307EE103AB8EEC77A37EE067A7F
:10574000C7EE876AFCEEE66AC0ED006A136CC3F32D
:10575000064307EE103AB8EEC77A37EE067AC7EE80
:10576000876AFCEEE66AC0ED016A136CC3F3066358
:1057700007EE103AB8EEC77A37EE066A87EE867AF9
:10578000BCEEC77A80ED027A70BD136CDFED195A5A
:10579000C3F3080307EE103AB8EEC77A77EE277A1C
:1057A00077EE867A85EEA67ABEE7136CDFED125AA5
:1057B000C3F3080307EE103AB8EEC77A77EE277AFC
:1057C00077EE867AEEE7136CDFED0C5AC3F308032D
:1057D00007EE103AB8EEC77A77EE277A77EE867A38
:1057E000E0E7C0E900118160CEE700BF0044025845
:1057F0000090D0030024744C20BCBE4B0024744A9B
:105800004E4A70B5946A966AD36A16F47C7FC6F3E2
:105810000511556B00F08D8007EE901A03F001031F
:10582000C5F3CC0104F00304F8EEE76A4B43012C06
:10583000B7EE006A07EE903AFAEEE97A4DD0022C04
:105840005BD0002C67D113689B0664D51168136B7D
:10585000C1F3C1013A4AC3F30803CA4007EE102A54
:10586000F8EEC75A85EEA67A06EE903AF8EEE66AAA
:1058700076EEA77A77EE867A304A67EE877A136BF0
:10588000C3F3462307EE103AB8EEC77A37EE067A2E
:10589000C7EE876AFCEEE66AC0ED006A136BC3F3DD
:1058A000064307EE103AB8EEC77A37EE067AC7EE2F
:1058B000876AFCEEE66AC0ED016A136BC3F3066308
:1058C00007EE103AB8EEC77A37EE066A87EE867AA8
:1058D000BCEEC77A80ED027A70BD136BDFED195A0A
:1058E000C3F3080307EE103AB8EEC77A77EE277ACB
:1058F00077EE867A85EEA67ABEE7136BDFED125A55
:10590000C3F3080307EE103AB8EEC77A77EE277AAA
:1059100077EE867AEEE7136BDFED0C5AC3F30803DC
:1059200007EE103AB8EEC77A77EE277A77EE867AE6
:10593000E0E7C0E900118160CEE700BF00440258F3
:105940000090D0030024744A20BCBE4B0024744C49
:10595000B0F5807F1FB531D19E4B1A6D02F0070262
:10596000042A4BD8DFE812F0CC00390005003301DF
:105970000D00186810F0005037D001A8FFF798FE0E
:1059800032E0DA6C196802F040521B68490705D50D
:1059900022B9C3F3C1039048D84026E0D80502D508
:1059A000B2F1805F53D08B4B186810F400301CD0DC
:1059B000B2F1005F894818BF002016E0B0F5007F03
:1059C00027D1844B1A6D02F4E072802AD1D00FD80F
:1059D000002A00F09580402A10D1186810F000606D
:1059E00003D001A8FFF7BCFD019805B05DF804FBEA
:1059F000C02A00F0EC80B2F5807F01D00020F4E7EF
:105A0000DA6C196802F04052490719D5C2B91B680F
:105A1000BFE7B0F5806F1CD16E4B9A6D02F4600247
:105A2000B2F5800FA5D004D8002A69D0B2F5001FC6
:105A3000D2E7B2F5C00F00F0CA80B2F5000FDCE784
:105A4000644B1968C905AFD5B2F1805FACD1644829
:105A5000CBE7B0F5006F1CD15E4B9A6D02F0E062AF
:105A6000B2F1007F85D004D8002A49D0B2F1807FFE
:105A7000B2E7B2F1407F00F0AA80B2F1806FBDD1F1
:105A8000DA6C196802F040524807DAD5002AD8D1FA
:105A9000BDE7B0F5805F13D14E4B1A6D02F4E042C2
:105AA000B2F5005F3FF465AF03D84AB3B2F5805F4B
:105AB00092E7B2F5405F00F08A80B2F5804FDEE7F2
:105AC000B0F5002F15D1434B9A6D02F44032B2F578
:105AD000803F05D0B2F5003FD2D0002A8ED17CE7BE
:105AE000186810F0005080D001A8FFF7E1FD03987E
:105AF0007BE7B0F5803F16D1364BDA6CD20309D480
:105B0000186810F000703FF470AF01A8FFF778FE3E
:105B100002986AE7186810F000603FF466AF01A8C9
:105B2000FFF71EFDE3E7B0F5804F3ED1294B9A6D9C
:105B300002F0E042B2F1405F2AD00BD8B2F1805FB0
:105B400014D0B2F1005F1AD0002A7FF457AFFFF7EC
:105B5000F5FC4AE7B2F1804F20D0B2F1A04F7FF4BC
:105B60004DAF18681D4B10F400301BE0186810F0A2
:105B700000603FF43AAF01A8FFF7F2FCC8E71868ED
:105B800010F000503FF431AF01A8FFF791FDBFE7DF
:105B9000186810F004003FF428AF38E71868104B7D
:105BA00010F4807018BF18461FE7B0F5004F7FF45F
:105BB00025AF084B1A6D02F04052B2F1805F9FD0C2
:105BC000B2F1005FD2D0002A7FF418AFC9E70548D0
:105BD0000BE700BF004402580090D00340787D01DD
:105BE00000093D000080BB000368503343F82120CA
:105BF00070477047F8B5044618B30368754A856A5C
:105C00009342C16809D0A2F57842934205D002F5CB
:105C10008062934201D00F2913D8E26B500901F141
:105C20000802D20800FB02226A4883420BD06A4E67
:105C3000B34208D006F58066B34204D0082A40F289
:105C4000C2800120A1E0102AFBD8B5F5800F40F0FA
:105C5000BE8083420AD0604A934207D002F5806238
:105C6000934203D0236BB3F5702FEAD8256B05B9A7
:105C70000D04B1EB154FE4D894F8813003F0FF0226
:105C800023B9204684F88020FFF7B3FF0223D4F81D
:105C900018C0616884F88130BCF1806F2368A76BFD
:105CA0001A6822F001021A6004D1B1F5800F6DD19B
:105CB000002F70D0A06AE669E26BB0F5800F46EA6B
:105CC000000646EA0206E26846EA02064CEA0102DB
:105CD00046EA050642EA07029E60666B42EA060251
:105CE000666A42EA0602266942EA0602666942EAF2
:105CF0000602266A42EA0602E66C42EA0602A66844
:105D000042EA0602A66C42EA0602A66D42EA0602D2
:105D1000DA6048D1226C012A1A680CBF42F40042B2
:105D200022F400421A60626C012A1A680CBF42F425
:105D3000804222F480421A60264A934230D0A2F573
:105D4000784293422CD002F58062934228D0B5F578
:105D5000702F1A680CBF42F4005222F400521A60ED
:105D6000E26A1A6441B31A6D22F001021A654A020E
:105D700005D5DA68616D22F000420A43DA6000203E
:105D80000123C4F8840084F88130F8BD002991D142
:105D9000B7F1805F8ED1186840F48050186089E7B1
:105DA000B5F5F81FD5E70029DDD128B99A6822F4A6
:105DB000C05242F400629A609A6822F4C06242F4CF
:105DC00080629A60CFE7B5F5800F3FF44BAF0D04CA
:105DD00052E700BF00300140003800400368002255
:105DE00073B559690E4C01F400410E4D0E4E5869C1
:105DF00000F4C040084301D102B070BD186B0432FA
:105E0000A3420190D2B2019803D0AB4201D0B34279
:105E100003D1102AEBD90320EEE7082AFAE700BFE6
:105E20000030014000380040003C0040036A23F08D
:105E3000010370B50362036A4468826923F00203B8
:105E40000D6822F4803222F073022A438D682B43BE
:105E50001B4DA8420FD005F58065A8420BD005F573
:105E60007055A84207D005F58065A84203D005F516
:105E70008065A8421ED1CD6823F008032B43104D46
:105E8000A84223F004030FD005F58065A8420BD08B
:105E900005F57055A84207D005F58065A84203D0E6
:105EA00005F58065A84205D124F44075D1E9054681
:105EB00034432C43446082614A684263036270BD8C
:105EC00000000140036A23F4807370B50362036A23
:105ED0004268C46923F400730D6824F073042C43F2
:105EE0008D6843EA0523164DA84203D005F5806569
:105EF000A8420DD1CD6823F4006343EA0523104D79
:105F0000A84223F480630ED005F58065A8420AD02C
:105F10000C4DA84207D005F58065A84203D005F5D1
:105F20008065A84206D122F44055D1E905263243C6
:105F300045EA021242604A68C461C263036270BDEE
:105F40000000014000400140036A23F4805330B553
:105F50000362036A4468C26923F400530D6822F4A3
:105F6000E64242EA05228D6843EA05330E4DA84217
:105F70000FD005F58065A8420BD005F57055A842F5
:105F800007D005F58065A84203D005F58065A842D5
:105F900004D124F480444D6944EA85144460C2610C
:105FA0004A680264036230BD00000140036A23F4C2
:105FB000803330B50362036A4468426D23F40033D2
:105FC0000D6822F070022A438D6843EA05430F4DA5
:105FD000A8420FD005F58065A8420BD005F5705595
:105FE000A84207D005F58065A84203D005F5806575
:105FF000A84204D124F480344D6944EA0524446065
:1060000042654A688265036230BD00BF00000140FE
:10601000036A23F4801330B50362036A4468426D57
:1060200023F400130D6822F4E04242EA05228D6851
:1060300043EA05530E4DA8420FD005F58065A842EE
:106040000BD005F57055A84207D005F58065A8422C
:1060500003D005F58065A84204D124F400344D69CD
:1060600044EA8524446042654A68C265036230BDE3
:106070000000014070477047304A0368904212D0D8
:10608000B0F1804F0FD0A2F57C4290420BD002F5C8
:106090008062904207D002F58062904203D002F500
:1060A0007842904219D14A6823F070031343234A7F
:1060B00090421DD0B0F1804F1AD0A2F57C429042A0
:1060C00016D002F58062904212D002F580629042B2
:1060D0000ED002F5784290420AD0194A904207D079
:1060E00002F58062904203D002F58062904203D1B3
:1060F00023F44073CA6813434A6923F080031343AF
:1061000003608B68C3620B6883620C4B98420FD0AC
:1061100003F5806398420BD003F57053984207D083
:1061200003F58063984203D003F58063984201D160
:106130000B69036301234361704700BF0000014006
:106140000040014010B5044650B390F83D3003F0D4
:10615000FF021BB980F83C20FFF78CFF0223206868
:10616000211D84F83D30FFF787FF0123002084F8CC
:10617000483084F83E3084F83F3084F8403084F86A
:10618000413084F8423084F8433084F8443084F855
:10619000453084F8463084F8473084F83D3010BDEF
:1061A0000120FCE710B5044650B390F83D3003F0F1
:1061B000FF021BB980F83C20FFF75DFF0223206837
:1061C000211D84F83D30FFF757FF0123002084F89C
:1061D000483084F83E3084F83F3084F8403084F80A
:1061E000413084F8423084F8433084F8443084F8F5
:1061F000453084F8463084F8473084F83D3010BD8F
:106200000120FCE7036A23F0100370B50362036A00
:106210004468826923F020030D6822F0807222F422
:10622000E64242EA05228D6843EA0513164DA8426C
:1062300003D005F58065A8420DD1CD6823F0800319
:1062400043EA0513104DA84223F040030ED005F594
:106250008065A8420AD00D4DA84207D005F580659B
:10626000A84203D005F58065A84206D124F4406514
:10627000D1E90546344345EA8404446082614A68B2
:106280008263036270BD00BF000001400040014016
:1062900038B590F83C300446012B78D001230C2A05
:1062A00080F83C3051D008D8042A2CD0082A3BD0A2
:1062B000C2B1002084F83C0038BD102A56D0142A00
:1062C000F7D10068FFF7A4FE236809695A6D42F40C
:1062D00000625A655A6D22F480625A655A6D42EA2C
:1062E000012252E00068FFF7A1FD236809699A695D
:1062F00042F008029A619A6922F004029A619A694E
:106300000A439A61D5E70068FFF77CFF23680969B3
:106310009A6942F400629A619A6922F480629A61F1
:106320009A6942EA0122ECE70068FFF7CBFD236897
:106330000969DA6942F00802DA61DA6922F00402D6
:10634000DA61DA690A43DA61B3E70068FFF7FCFD56
:1063500023680969DA6942F40062DA61DA6922F4D1
:106360008062DA61DA6942EA0122ECE70068FFF74D
:106370001DFE236809695A6D42F008025A655A6D7C
:1063800022F004025A655A6D0A435A6591E70220C9
:1063900092E701F01F01036A10B501248A408C4086
:1063A00023EA04030362036A1A43026210BD000079
:1063B00010B5044629B990F83E30012B31D00120A8
:1063C00010BD042907D190F83F30012BF7D10223EB
:1063D00080F83F3028E0082907D190F84030012BA1
:1063E000EDD1022380F840301EE00C2907D190F84F
:1063F0004130012BE3D1022380F8413014E0102911
:1064000007D190F84230012BD9D1022380F84230D5
:106410000AE090F84330012BD1D1022380F84330B9
:1064200002E0022380F83E3001222068FFF7B1FF2E
:106430002368204A934219D002F58062934215D016
:1064400002F57052934211D002F5806293420DD052
:1064500002F58062934209D0B3F1804F0ED1996862
:10646000154A0A40062A21D10020A9E75A6C42F4B5
:1064700000425A640F4A9342EED1F0E70F4A93422A
:10648000EDD002F580629342E9D002F5806293423A
:10649000E5D002F578429342E1D0A2F56C429342F6
:1064A000DDD01A6842F001021A60DDE7B2F5803FE4
:1064B000F7D1D9E7000001400700010000040040C7
:1064C000FFF776BF01F01F01036A10B504248A406C
:1064D0008C4023EA04030362036A1A43026210BD7C
:1064E00010B5044629B990F84430012B1DD0012085
:1064F00010BD042907D190F84530012BF7D10223B4
:1065000080F8453014E0082907D190F84630012B77
:10651000EDD1022380F846300AE090F84730012B95
:10652000E5D1022380F8473002E0022380F84430AE
:1065300004222068FFF7C6FF23685A6C42F4004229
:106540005A64144A934216D0B3F1804F13D0A2F587
:106550007C4293420FD002F5806293420BD002F549
:106560008062934207D002F57842934203D0A2F5AD
:106570006C42934207D19968074A0A40062A06D01E
:10658000B2F5803F03D01A6842F001021A60002081
:10659000AEE700BF0000014007000100FFF7A0BF09
:1065A00070470000F0B504460368C06987B02169F0
:1065B000A2681D680A4361690A43A449024329404D
:1065C0000A43E1681A605A6822F440520A43A169FA
:1065D0005A609F4A93421CBF226A11439A6822F074
:1065E0006E4222F430620A43616A9A60DA6A22F0EB
:1065F0000F020A43DA62974A93421BD1964B5B6DB6
:1066000003F03803282B6CD8944AB0F5004FD35CC4
:1066100040F00281082B00F2BF80082B61D8DFE830
:1066200013F0E700EC0060006000EF006000600025
:106630006000F4008A4A934207D1874B5B6D03F0F8
:106640000703052B4DD8874ADFE7874A934207D1D6
:10665000814B5B6D03F00703052B42D8834AD4E7D7
:10666000834A934207D17C4B5B6D03F00703052BF4
:1066700037D8804AC9E7804A934207D1764B5B6D91
:1066800003F00703052B2CD87C4ABEE77C4A9342D3
:1066900007D1714B5B6D03F03803282B21D8794A61
:1066A000B3E7794A934207D16B4B5B6D03F0070365
:1066B000052B16D8754AA8E7754A934207D1664B51
:1066C0005B6D03F00703052B0BD8724A9DE7604A08
:1066D000934206D102F50E32936D03F00703052BAA
:1066E00001D901200EE06C49CB5C102B23D011D8CE
:1066F000042B16D0082B19D0022BF2D1FEF71EFF67
:1067000010BB00204FF00113A3660023C4E91C3323
:1067100007B0F0BD202B3DD0402BE2D14FF400401C
:1067200012E06846FEF71CFF0198E9E703A8FEF7B0
:10673000BFFF0498E4E71368584813F0200F03D014
:106740001368C3F3C103D840554B626A656833F8D8
:10675000122005EB4501B0FBF2F39942C1D8B3EB2F
:10676000053FBED80023002107F090FC2A460F0207
:106770000023060247EA10676808301847F1000155
:1067800007F084FC474BA0F540729A42A9D82368D1
:10679000D860B6E74448D7E7202B3BD0402B0BD03E
:1067A000102B9ED12C4B3D481A6812F0200F03D0BD
:1067B0001B68C3F3C103D840616A394B626833F880
:1067C0001130B0FBF3F3500800EB4300B0FBF2F0E4
:1067D00083B24FF6EF72A3F11001914281D820F0FD
:1067E0000F00C3F34203226880B21843D06088E7E9
:1067F000FEF718F8002884D0DEE7FEF725F8F9E761
:106800006846FEF7ADFE0198F4E703A8FEF750FFD7
:106810000498EFE72448CFE7082B47D8082B3FF62A
:1068200060AF01A252F823F0FD6805080969050868
:10683000E3660508E36605080F690508E3660508D1
:10684000E3660508E366050819690508F369FFCFE3
:10685000000C00580010014000440258DC93060868
:1068600000440040059406080048004005940608CE
:10687000004C0040059406080050004005940608AE
:1068800000140140DC9306080078004005940608D7
:10689000007C0040059406080B9406080090D00385
:1068A00012940608FFFC0F0000093D00202B38D091
:1068B000402B38D0102B7FF414AF1D4A136813F00F
:1068C000200F1C4B32D01068C0F3C10023FA00F037
:1068D000616A194B626833F81130B0FBF3F303EBD4
:1068E0005203B3FBF2F39BB24FF6EF72A3F1100128
:1068F00091423FF6F6AE2268D36002E7FDF792FFC1
:1069000000283FF4FEAEE3E7FDF79EFFF8E7684698
:10691000FEF726FE0198F3E703A8FEF7C9FE0498E8
:10692000EEE70648D4E74FF40040D1E71846CFE73A
:10693000004402580090D0031294060800093D005C
:10694000836ADA0710B506D50168C46A4A6822F47A
:10695000003222434A609C0706D50168046B4A68EE
:1069600022F4803222434A60590706D50168446BFD
:106970004A6822F4802222434A601A0706D5016839
:10698000846B4A6822F4004222434A60DC0606D542
:106990000168C46B8A6822F4805222438A60990697
:1069A00006D50168046C8A6822F4005222438A608A
:1069B0005A0610D50168446C4A68B4F5801F22F469
:1069C000801242EA04024A6005D14A68846C22F4CB
:1069D000C00222434A601B0606D50268C16C536898
:1069E00023F400230B43536010BD2DE9F041DDF883
:1069F000188004460E4615461F462268D36936EABB
:106A000003030CBF01230023AB4201D000201CE094
:106A1000B8F1FF3FF2D002F0EDFFC01B4045206807
:106A2000036802D8B8F1000F11D123F4D0730360CA
:106A3000836823F0010383602023C4F88430C4F802
:106A400088300023032084F88030BDE8F0815A07A5
:106A5000D3D5C3691B05D0D54FF400630362036827
:106A600023F4D0730360836823F001038360202341
:106A7000C4F88430C4F88830C4F88C30E1E730B50D
:106A80000025044685B0C0F88C5002F0B3FF2268A0
:106A900003461268110717D422681268520709D5F5
:106AA0006FF07E424FF48001204600920022FFF7F3
:106AB0009CFFB0B920230020C4F8843084F8800003
:106AC000C4F88830E0660DE06FF07E4203904FF42A
:106AD0000011204600922A46FFF787FF039B0028FB
:106AE000DAD0032005B030BD10B5044650B3D0F85D
:106AF00084301BB980F88030FFF752FD22682423D0
:106B00002046C4F88430136823F001031360FFF7B4
:106B100049FD012816D0A36A13B12046FFF710FFE4
:106B2000236820465A6822F490425A609A6822F0FC
:106B30002A029A601A6842F00102BDE810401A6009
:106B4000FFF79DBF012010BD90F88030012B09D0C8
:106B50000268136843F002031360002380F880305A
:106B6000184670470220704790F88030012B09D0FA
:106B70000268136823F002031360002380F880305A
:106B80001846704702207047024B1868C0F3404017
:106B9000704700BF00440258024B1868C0F38000E1
:106BA000704700BF00440258024B1868C0F3002031
:106BB000704700BF00440258C0F30422030E054989
:106BC000934010B5C4B261580B40D34040EA034033
:106BD00010BD00BF4C440258024B1868C0F340601F
:106BE000704700BF00440258024B1868C0F3C060F1
:106BF000704700BF00440258024B1868C0F3407051
:106C0000704700BF00440258044B054A9B6903F0DB
:106C10000F03D35C03F01F03D840704700440258B1
:106C20002A940608044B054ADB69C3F30223D35CAC
:106C300003F01F03D8407047004402582A94060806
:106C4000044B054A1B6AC3F30213D35C03F01F0312
:106C5000D8407047004402582A94060807EE900A6C
:106C60009FED106AF8EE676A07EE901AF8EE677A01
:106C700086EEA77A07EE903AF8EE676A07EE902A5A
:106C8000F8EE677AE6EE867A67EE277A9DED007A6F
:106C9000B8EE477AC7EE876AFCEEE67A17EE900AFE
:106CA000704700BF000000392E4A936A03F00303C7
:106CB000012B73B5054649D0022B4DD013B9FFF710
:106CC0006BFF08B9002404E01368274CC3F3C10329
:106CD000DC4000232348C5E90033AB60816A026BC6
:106CE000C36AC1F3051113F0010302D0436BC3F370
:106CF000CC0349B3C66AC2F30802F60302F10102EB
:106D000008D5006BC0F34620013000902046FFF705
:106D1000A5FF28601348C66AB60308D5006BC0F308
:106D20000640013000902046FFF798FF68600D484C
:106D3000C66A760308D5006BC0F306600130009088
:106D40002046FFF78BFFA86002B070BDFFF72CFF55
:106D50000028B7D0054CBCE7FFF716FF0028B1D0DC
:106D6000034CB6E7004402580090D00300093D00F0
:106D700040787D011FB5104A136903F03803102BCA
:106D800017D007D853B1082B0C4818BF002005B006
:106D90005DF804FB182B07D00020F8E713680848BB
:106DA000C3F3C103D840F2E701A8FFF77DFF0198C4
:106DB000EDE70448EBE700BF0044025800093D003E
:106DC0000090D00340787D012E4A936A03F00303BC
:106DD000012B73B5054649D0022B4DD013B9FFF7EF
:106DE000DBFE08B9002404E01368274CC3F3C10399
:106DF000DC4000232348C5E90033AB60816A826B25
:106E0000C36AC1F3053113F0100302D0C36BC3F39F
:106E1000CC0349B3C66AC2F30802360302F1010289
:106E200008D5806BC0F34620013000902046FFF764
:106E300015FF28601348C66AF60208D5806BC0F3B8
:106E40000640013000902046FFF708FF68600D48BB
:106E5000C66AB60208D5806BC0F3066001300090A8
:106E60002046FFF7FBFEA86002B070BDFFF79CFE56
:106E70000028B7D0054CBCE7FFF786FE0028B1D04C
:106E8000034CB6E7004402580090D00300093D00CF
:106E900040787D012F4A936A03F00303012B73B5F9
:106EA00005464AD0022B4ED013B9FFF775FE08B93C
:106EB000002404E01368284CC3F3C103DC40002322
:106EC0002448C5E90033AB60816A026CC36AC1F330
:106ED000055113F4807302D0436CC3F3CC0351B358
:106EE0004CB31C48C2F30802C66A0132760208D5C8
:106EF000006CC0F34620013000902046FFF7AEFE44
:106F000028601448C66A360208D5006CC0F30640F3
:106F1000013000902046FFF7A1FE68600D48C66A68
:106F2000F60108D5006CC0F30660013000902046E1
:106F3000FFF794FEA86002B070BDFFF735FE002891
:106F4000B6D0064CBBE7FFF71FFE0028B0D0044CBC
:106F5000B5E700BF004402580090D00300093D008F
:106F600040787D01114A08B5D36C03F04053B3F16A
:106F7000805F0ED0B3F1005F11D013B9FFF70CFEA4
:106F800008B9002004E013680948C3F3C103D840DE
:106F900008BDFFF709FE0028F3D00648F8E7FFF721
:106FA000F3FD0028EDD00448F2E700BF004402588A
:106FB0000090D00300093D0040787D011FB5FFF728
:106FC000FBFD594B984238D029D8A3F5823398421B
:106FD00071D010D8A3F57C43984200F0828003F66C
:106FE0000843984200F08D80504B98425AD00020C0
:106FF00005B05DF804FB4E4B984208D003F56F4393
:10700000F833984260D0A3F57C439842EFD1FFF764
:10701000EBFD0028EBD001A8FFF7D6FE49E0454B79
:10702000984259D023D8A3F58033984279D00CD810
:10703000A3F56F43F83B9842D9D1FFF7DDFD002857
:10704000D5D001A8FFF726FF33E03B4B984203D091
:1070500003F608439842CAD1FFF79EFD0028C6D028
:10706000364B37481B68C3F3C103D840C0E7354BE4
:10707000984211D00DD8A3F58033984203D003F67F
:1070800008439842B3D1FFF78FFD0028AFD02E48B8
:10709000AEE72E4B9842AAD1FFF776FD0028A6D086
:1070A0002B48A5E7FFF798FD0028A0D001A8FFF71F
:1070B000FBFD02989CE7FFF797FD002897D001A8F9
:1070C000FFF782FE019893E7FFF796FD00288ED028
:1070D00001A8FFF7DFFEF5E74FF04050FFF742FF52
:1070E00086E7FFF747FE154B1A4A9B69C3F3032354
:1070F000D35C03F01F03D840FFF786FDFFF792FD36
:1071000076E7FFF737FE0D4B124A9B69C3F3032363
:10711000D35C03F01F03D840FFF776FDFFF790FD27
:1071200066E70D4864E700BF04100207040C00077F
:107130000C1C0107040C0407041003070044025848
:107140000090D0030410050700093D000C1C050742
:1071500040787D012A9406080080BB000A4B013B61
:107160000FD00269002AFADA0369074A43F00103E3
:107170000361013A05D0036913F00103F9D1184600
:1071800070470320704700BF410D030084B038B53D
:1071900005AD044685E80E000A9B012B2FD1836BB9
:1071A00023F480338363C36823F4840323F0400310
:1071B000C360C36823F44013C360119B012B03D148
:1071C000C36843F48013C3602046FFF7C7FF089BE2
:1071D000012B10D1E36D9BB2E365E36D43F07B734C
:1071E00043F40033E365A36843F00603A360A36898
:1071F00043F02003A360BDE8384004B07047C36883
:1072000043F04003C360FFF7A9FF0E9B23B9A36BB4
:1072100043F48033A363DAE7A36B23F48033F9E705
:10722000022A4AD1274B284A0B44934239D9274B8B
:10723000274A0B44934236D9A1F57403254AA3F596
:107240001053934231D9A1F18373234AA3F5E74345
:1072500093422CD3214B224A0B44934229D9214BF0
:10726000214A0B44934226D3204B214A0B4493429C
:1072700023D3A1F1B7731F4AA3F5585393421ED3EA
:107280001D4B1E4A0B44934234BF07230623C2689A
:1072900022F47052C260C26842EA8323C3600020B5
:1072A00070470F23F3E70E23F1E70D23EFE70C23DD
:1072B000EDE70B23EBE70A23E9E70923E7E70823D8
:1072C000E5E700BF405327FFFF340C00401E1BFFC3
:1072D0003F420F007F4F120020D6130060B6E5FE3C
:1072E0005FE3160000D3CEFE40771B00C05BB3FE09
:1072F000C091210020753800E05459FEE09C410007
:10730000836843F00103836000207047836823F0A3
:10731000010383600020704708B5C368012923F08A
:10732000C043C36008D1C36843F00053C360322038
:10733000F8F7F0F9002008BD19B9C36843F080439D
:10734000F4E70120F7E700008901074A41F0200136
:107350000161013A05D0036913F02003F9D1184601
:1073600070470320704700BF410D03001023064AF9
:107370000361013A05D0036913F01003F9D11846EF
:1073800070470320704700BF410D0300D0F800385C
:107390001943C0F8001800207047000084B02DE9A0
:1073A000F843044609A80E4680E80E000023139D0A
:1073B000194603F14002013304EB82020F2B5160A6
:1073C000F7D104F50067002D6CD17B6843F0020310
:1073D0007B60A36B23F40013A363236843F0400393
:1073E0002360236843F0800323600023C4F8003E39
:1073F000D4F80038C4F800380E9B012B59D10B99F2
:10740000002954D120464FF67F38FFF7BFFF1021E7
:107410002046FFF799FF01462046FFF7A7FF0843E4
:10742000002304F51062C0B24FF0904C19464FF0A3
:10743000006E00383B617B6118BF0120FB61B342E5
:1074400039D1002204F530634FF0904C4FF0006EBC
:1074500011464FF67F38B24240D13B6923F4807326
:107460003B610023A3616FF0804363610C9B1BB9F8
:10747000A36943F01003A361A269224B1343A361E4
:107480000F9B1BB1A36943F00803A361012D05D134
:10749000A36943F0804343F00403A361BDE8F843CC
:1074A00004B07047A36B43F40013A3639DE7194630
:1074B000A8E70321A6E7D2F80090B9F1000F0BDA94
:1074C0003BB9C2F800E011610133C2F808802032F4
:1074D000B5E7C2F800C0F6E71160F4E7D3F8009012
:1074E000B9F1000F0BDA3AB9C3F800E019610132C3
:1074F000C3F808802033AEE7C3F800C0F6E7196090
:10750000F4E700BF00383C80D0F8083813F00600DC
:1075100004D013F0020F14BF02200F20704730B5C3
:107520000D78012400F5006205F00F0300EB451013
:107530009C404B78012BD36918D11C43D461D0F8FF
:1075400000391A0410D48A68D0F80049C2F30A033B
:10755000CA78234343EA824343EA855343F0805386
:1075600043F40043C0F80039002030BD43EA04442E
:10757000D461D0F8003B1B04F6D48B68D0F8002B04
:10758000C3F30A031343CA7843EA824343F08053A8
:1075900043F40043C0F8003BE6E7000010B50A786A
:1075A000497800EB421300F50060012902F00F0258
:1075B00022D1D3F8001900290BDAD3F8001941F0D1
:1075C0000061C3F80019D3F8001941F08041C3F8F5
:1075D00000190121C46B01FA02F224EA0204C46317
:1075E000C16921EA0202C261154AD3F800190A40B2
:1075F000C3F80029002010BDD3F8001B00290BDAC6
:10760000D3F8001B41F00061C3F8001BD3F8001B46
:1076100041F08041C3F8001B4FF48031C46B01FA84
:1076200002F224EA0204C463C16921EA0202C261CF
:10763000044AD3F8001B0A40C3F8002BDAE700BF66
:10764000007833EC0078F3EF4B78DFF8ECC0012BD7
:10765000F0B50E784D6900EB4614364F46D104F56F
:107660001063BDB91D692F401F611D6945F40025D8
:107670001D611D6905EA0C05012A1D6123D10A69F6
:1076800002B15A61D4F8003943F00443C4F8003918
:107690000020F0BDD3F810E00EEA0C0CC3F810C0C7
:1076A000D3F810C00CEA07071F618F68AF421D694D
:1076B00045F4002538BF4F611D614D691F69C5F351
:1076C00012053D43D8E7D4F8003943F00443C4F829
:1076D00000394B69002BDBD006F00F060123D0F8F0
:1076E0003428B3401343C0F83438D1E7D4F8100B32
:1076F00004F5306300EA0C0018611869384018611D
:10770000886805B148611D69C0F31200012A45F47B
:1077100000251D611D6940EA0500186102D1CA6893
:1077200002B15A61D4F8003B43F00443C4F8003B73
:10773000AEE700BFFFFF07E00000F8FF10B59DF8BF
:10774000084044B9033301329B0800EB023001EBDF
:1077500083038B4201D1002010BD51F8042B02603D
:10776000F7E700002DE9F3414D780F78012D4B69C3
:1077700000EB4714CE78DFF8B8C1DFF8B8E140F08D
:107780008E8004F51065D5F810806BBB08EA0C0CF0
:10779000C5F810C0D5F810C04CF4002CC5F810C0C6
:1077A000D5F810C00CEA0E0EC5F810E0012A4ED133
:1077B0000B6903B16B61012E0CD1D0F8083813F4BA
:1077C000807FD4F800390CBF43F0005343F080535E
:1077D000C4F80039D4F8003943F00443C4F8003940
:1077E000002002B0BDE8F08108EA0E0E012EC5F8B7
:1077F00010E0D5F810E00EEA0C0CD1F808E0C5F85E
:1078000010C00EEB030CD5F810800CF1FF3CBCFB54
:10781000FEFEDFF824C10CEACE4C4CEA080CC5F899
:1078200010C0C3F3120CD5F810E04CEA0E0CC5F8EA
:1078300010C0BBD1D5F810C02CF0C04CC5F810C09A
:10784000D5F810C04CF0005CC5F810C0AEE7D4F815
:107850000059012E45F00445C4F800590BD0002B07
:10786000BED007F00F020127D0F8343897401F43ED
:10787000C0F83478B4E7D0F808589BB215F4807F8C
:10788000D4F800590CBF45F0005545F08055C4F8B8
:10789000005900923A46C968FFF750FFA0E7D4F8B4
:1078A000105B04F5306705EA0E053D613D6905EAA8
:1078B0000C053D618D681BBB3B69C5F312051D437B
:1078C0003D613B6943F40023012A3B6102D1CB684F
:1078D00003B17B61012E0CD1D0F8083813F4807FFE
:1078E000D4F8003B0CBF43F0005343F08053C4F87E
:1078F000003BD4F8003B43F00443C4F8003B6FE77F
:107900002B44DFF834C0D7F810E0013BB3FBF5F3AC
:107910000CEAC34C9BB24CEA0E0C6B43C7F810C088
:10792000D7F810C0C3F3120343EA0C03CCE700BF3F
:10793000FFFF07E00000F8FF0000F81F70B500230C
:10794000940800F5805502F00302A34214D301EB22
:1079500084017AB100F5805000230468D80024FA2D
:1079600000F0C854013398B28242F7D1013A92B282
:1079700001321144084670BD2E6841F8236001337E
:10798000E3E74A780B78012A00EB431012D1D0F8D4
:107990000029002A06DB2BB1D0F8003923F0804300
:1079A000C0F80039D0F8003943F40013C0F80039AA
:1079B00000207047D0F8002B002A06DB2BB1D0F84E
:1079C000003B23F08043C0F8003BD0F8003B43F479
:1079D0000013C0F8003BEBE70B784A7800EB43104C
:1079E000CB78012AA3F10203DBB20FD1D0F8002932
:1079F000012B22F40012C0F8002905D8D0F8003974
:107A000043F08053C0F8003900207047D0F8002BB5
:107A1000012B22F40012C0F8002BF5D8D0F8003B5F
:107A200043F08053C0F8003BEEE710B500F510635B
:107A3000044600F52E614FF67F329A602033C3F87A
:107A4000E8218B42F9D100222046C4F81028C4F85E
:107A50001428C4F81C28FFF789FC28B920461021F7
:107A6000BDE81040FFF770BC10BDD0F80038090128
:107A700023F4FE6301F4FE61C0F80038D0F800384A
:107A80001943C0F8001800207047D0F8003E23F0DA
:107A90000303C0F8003ED0F8043823F00203C0F816
:107AA000043800207047D0F8003E23F00303C0F8EC
:107AB000003ED0F8043843F00203C0F80438002038
:107AC00070474269806910407047D0F8183800F557
:107AD0000060C0691840000C7047D0F8183800F5F5
:107AE0000060C069184080B2704700EB411100F59A
:107AF0000060D1F8082B40691040704710B5D0F8ED
:107B00001048D0F8343800EB411001F00F0100F5B7
:107B10001060CB408068DB01DBB22343184010BD0E
:107B2000406900F001007047D0F8003923F4FF638A
:107B300023F00703C0F80039D0F8043843F4807309
:107B4000C0F804380020704730B5056C00F530638C
:107B50000F4CA54203D9D0F8004B002C16DB0024B3
:107B600001291C611C6944F400241C611C6944F057
:107B700018041C611C6944F0C0441C6106D15A61A0
:107B8000D0F8003B43F08023C0F8003B002030BD1C
:107B90000A30544F2B4BD3F8882042F47002C3F8BC
:107BA00088201A6942F010021A61274A136803F00C
:107BB0000F03062B05D8136823F00F0343F00703C8
:107BC0001360224B1A6842F001021A6000221A6107
:107BD0001F4A19680A401C491A600A68120705D52D
:107BE0000A6822F00F0242F007020A6000221949D7
:107BF0009A61DA611A6299621749D9621749196361
:107C00005A639963DA6319645A64196821F480210C
:107C100019601A66124A536A43F480435362114B47
:107C20001B681B0C1B04B3F1005F02D20E4B012238
:107C30001A600E4B43F2D2021A600D4A014B9A6051
:107C4000704700BF00ED00E00020005200440258E1
:107C50007FEDF6EA000202020000FF01800201014E
:107C6000C00000580010005C088100510040005224
:107C700000000408494A1369114603F03803102B29
:107C800030B500F0878006D8002B5FD0082B00F0BD
:107C900083800A685BE0182BFBD1906A956AD16AF1
:107CA00015F47C7FC5F30513546B3BD007EE903A77
:107CB000C4F3CC0401F0010300F00300F8EEE76A1E
:107CC00063430128F7EE005A07EE903AFAEEE97A9C
:107CD00042D0022850D01168314BC1F3C101126B60
:107CE000CB40C2F3080207EE103AB8EEC76A86EE40
:107CF000267A06EE902AF8EEE66A76EEA77A77EE16
:107D0000A57A264B67EE877A1B6BC3F346230133B4
:107D100007EE103AF8EEC76A87EEA67AFCEEC77A4D
:107D200017EE903A1D481F498269C2F303228A5C0C
:107D3000D340826902F00F028A5C1B4902F01F02E5
:107D400023FA02F20A60194A136030BD1268C2F3C6
:107D5000C102134BD340E5E7136B9FED156AC3F3E4
:107D6000080307EE103AB8EEC77A77EE277A77EE77
:107D7000A57A86EE267AC4E7136B9FED0E6AC3F3ED
:107D8000080307EE103AB8EEC77A77EE277A77EE57
:107D9000A57AEEE7084BC5E7084BC3E70044025855
:107DA0000090D0033A9406083C0E0024380E0024BC
:107DB0000024744A20BCBE4B40787D0100093D0080
:107DC000431D052B96BF044A044B52F82330044A46
:107DD00010601846704700BF4C94060802000E065B
:107DE0008860002408B530B10068EDF7FBFABDE803
:107DF0000840FFF7E5BF014808BD00BF05000E06BB
:107E00001F4B204A10B55C6B14F0330F14600AD07E
:107E10001D4A14604FF0FF329A6301211B48BDE8F0
:107E20001040FFF7DFBF14F0C00F0CD05B691905DD
:107E300006D512680121144B14481A60FFF7D2FFCF
:107E40000F4BC0229A6362020AD50D4B4FF4800299
:107E50004FF480719A630E4B0E4A1B681068984766
:107E6000E3050BD5064B4FF480724FF400619A6323
:107E700000229A62D9621A65DA60CEE710BD00BFAF
:107E8000007000528C6000249460002498600024EC
:107E9000906000249C6000242DE9F041D4B02022A1
:107EA00005460C4609A8002108F092FE4C2200214C
:107EB00011A808F08DFEC022002124A808F088FE39
:107EC000614B9B6A03F00303022B39D05E4B012602
:107ED0004FF002080027D3F8E02004A95B4842F0E5
:107EE0008002C3F8E020D3F8E030069603F0800368
:107EF00007970093009BCDE90486F9F7A9FB0A20B8
:107F0000F7F708FC324641465048F9F787FC16203F
:107F1000FBF746FD4E4BFCB90294DA6A22F00102EF
:107F2000DA62DB6A03F0010302934A4B9A6942F476
:107F300040429A619B6903F440430293029B20E014
:107F4000012109A8CDE90911FCF724FB0028BDD0C7
:107F5000002054B0BDE8F0810197DA6A22F00102F6
:107F6000DA62DB6A3B4A03F001030193936923F46D
:107F7000404343F480439361936903F44043019386
:107F8000019B344A93699E04FCD52123002D4FF0B8
:107F900005024FF00805119314BF4FF4A0234FF4CE
:107FA0008033002C1C9211A812934FF001030CBFD8
:107FB000A0222822179302231D9200221E932093B1
:107FC000239222922195CDE91A330A231F93FBF7BE
:107FD000ADFF01460028BBD103233F204FF4806250
:107FE000CDE909034023CDE90B15CDE90E320D9300
:107FF000109334B309A8FCF7CDFA0028A8D14FF4A8
:10800000802324A824934FF440134693FCF7C4FD27
:1080100000289DD1FBF742FD0B4B1A6842F080020D
:108020001A60D3F8F42042F00202C3F8F420D3F827
:10803000F43003F002030393039BF7F79FFB012047
:1080400087E70421D6E700BF00440258001C02580D
:10805000000400580048025808B500210120FFF72D
:108060001BFF10B90148F4F767FA08BD0CA7060812
:10807000F9F7B6BEDFF830D0FFF78CFD002103E042
:108080000A4B5B584350043109480A4B42189A4244
:10809000F6D3094A02E0002342F8043B074B9A4218
:1080A000F9D3E8F719F970470000082480C30608DF
:1080B000000000244818002460180024D014012473
:1080C000FEE7000010B5114BB0B0114CD4F88C2075
:1080D0009A42FBD1F4F7C6F8BC22002101A808F0AF
:1080E00077FD4FF40023684600934FF40033299343
:1080F000FCF752FD10B10748F4F71EFAF4F7C8F880
:108100004FF44073E36030B010BD00BF0003008047
:108110000064025820A70608A1F1F0039BB20F2BC0
:1081200070B5044686B00E4615D94F493046F2F771
:10813000AFFE4D4920603046F2F7CCFE4A49054675
:108140003046F2F75DFE236801330FD149224749DB
:108150004748F3F78FFF47493046F2F799FE454904
:1081600020603046F2F7B6FE0546ECE76B1C03D103
:108170004A223E494048ECE7C5F384334FF440328D
:10818000C5F3C045A4F8646084F86630002384F821
:1081900067506365E360A382237784F83830C4E9CD
:1081A0000123042222610122A2614FF48052C4E91A
:1081B0000833C4E90C23C4E90A33FFF783FF2368BB
:1081C0002E4A934213D12E4BD3F8D82042F02002EE
:1081D000C3F8D820D3F8D83003F020030093009BD5
:1081E0002046F7F7F5FB20B32648F4F7A5F9264A11
:1081F000934210D0254A9342F2D1214BD3F8E0208C
:1082000042F08072C3F8E020D3F8E03003F08073CE
:108210000293029BE4E71A4BD3F8D82042F02002E5
:10822000C3F8D820D3F8D83003F020030193019B82
:10823000D6E72268114B9A4209D1039003A9CDE9F0
:1082400004002046F7F720FD08B11148CDE794F867
:10825000671031B10F4A00212046F7F7C5FC06B080
:1082600070BD40F2FF72F7E76494060874A7060831
:1082700086A7060804970608B0A706080020024053
:1082800000440258C9A706080021024000600258B5
:10829000E4A706080000FF471FB5204B20F400624A
:1082A0009A421F4B02D01F4A90421CD15B6D03F4CF
:1082B0004053B3F5005F2FD006D853B1B3F5805FBC
:1082C0000CD01948F4F738F9B3F5405FF9D11748E5
:1082D00001E0FCF7A7FA05B05DF804FB01A8FDF783
:1082E000E7F90398F7E7124A904213D19B6D03F424
:1082F0004073B3F5007F0FD005D843B1B3F5807F4D
:10830000ECD00C48DEE7B3F5407FE0D0F9E7FDF7AD
:1083100015F9E0E70848D5E70848DCE700540040D5
:108320000044025800580040D4A8060800093D0047
:10833000001C0058F1A806080CA906080090D003FC
:1083400070B503F0D1FE041E32DB1A4E56F824003D
:1083500000282DD09023184D6343EB58DA6911069D
:1083600009D5DA69120606D51B681B0603D5134B1F
:1083700001211B68984790236343EB58DA69910603
:108380000BD5DA69920608D51B68980605D50B4B04
:10839000002156F824001B689847902044432B592D
:1083A000DA69110704D5DA69120701D508221A62C1
:1083B00070BD00BFA4600024C00D0124A060002493
:1083C0000148FFF7BDBF00BF000C00580148FFF790
:1083D000B7BF00BF007C00400148FFF7B1BF00BF3E
:1083E000007800400148FFF7ABBF00BF0014014018
:1083F0000148FFF7A5BF00BF005000400148FFF74C
:108400009FBF00BF004C00400148FFF799BF00BF6D
:10841000004800400148FFF793BF00BF0044004000
:108420000148FFF78DBF00BF00100140034B1960EA
:108430004168034B43F82120704700BFA06000242F
:10844000A460002430B5D0E900353F48834253D0C2
:1084500031D8A0F53050834248D026D8A0F500602E
:1084600083423DD000F5806083423CD0002003462B
:1084700090246C43354D2C59002A46D0226800299F
:1084800040D142F02002226003F11001304A92688C
:1084900042F82100BFF34F8F590903F01F02012357
:1084A00093402C4A42F8213030BD2B488342DDD125
:1084B0002A483523DCE72A4883421AD00AD8A0F597
:1084C000184083421BD000F514408342CED125488A
:1084D0002523CDE724488342C8D124488E23C7E70B
:1084E00023482623C4E723482723C1E7224834230F
:1084F000BEE722484723BBE721485223B8E721487B
:108500005323B5E742F08002BDE72268A1B922F00B
:1085100020022260226812F0800FC5D103F01F01F3
:108520005A09012320328B400A4941F82230BFF317
:108530004F8FBFF36F8FB7E722F08002226022686F
:1085400012F0200FE9E700BF00780040C00D0124C1
:1085500000ED00E000E100E000500040F18305087C
:108560000014014021840508000C0058C18305084F
:108570001584050809840508FD830508E5830508B9
:10858000D9830508CD830508F8B546689023174CB4
:10859000054603FB06439A68B2F5805F15D11A6958
:1085A000B2B940F2FF12A3F86020902202FB06420B
:1085B000B2F86070284603F085FC0028FAD09023BA
:1085C0007343E358586A3840F8BD1AB91A6932B98A
:1085D000FF22E8E7B2F1805F05D11A690AB97F226C
:1085E000E1E73F22DFE70022DDE700BFC00D012405
:1085F00070B505460C464668284603F073FC002813
:10860000FAD09023034AC4F308047343D3589C62FE
:1086100070BD00BFC00D01242DE9F8431E4604467D
:108620000F4610462F491546F2F732FC81462E4977
:108630003046F2F72DFC216880464846F2F704FCEC
:10864000013005D140F2ED2228492948F3F712FD07
:1086500021684046F2F7F8FB0130F3D02FB9E7610B
:108660002046BDE8F84303F049BC012F09D0022F92
:1086700016D0032FF4D1B9F1FF3F22D140F20732D7
:1086800004E0B9F1FF3F04D140F2F722174919483D
:10869000DCE74FF480732584E361124928460DE03E
:1086A000B8F1FF3F04D140F2FF2210491248CDE754
:1086B0004FF400730C4930466684E361F2F7A0FB87
:1086C000CEE7B8F1FF3F02D14FF44272EDE74FF42D
:1086D0004073054930462584E3616684F2F790FBD8
:1086E000DBE700BFECA2060838A20608B8A9060816
:1086F000E1AD0608C8A90608E1A90608124A08B5AE
:10870000D0F88C3093421CD016D8A2F50052934278
:1087100006D00BD823F48063A2F57842934208D1A7
:108720000A48FEF74BFC70B9094803E0094A934236
:1087300007D00948F3F700FF084A9342F9D10848E7
:10874000EFE70848EDE708BD00500140040C0007C2
:1087500014AA060800340140FAA9060800140058BB
:108760000C1C000704100007704770470120704779
:10877000012303727047002303727047004870475B
:1087800038AB0608402070470368802110B50446C6
:108790009B6D98470021236820469B6DBDE81040E3
:1087A000184710B5044640F22441F4F7C1FB2046B7
:1087B00010BD10B50446302A084604F5787428BF69
:1087C0003022214608F006F9204630220021BDE87B
:1087D000104008F0FDB900211C3000F8131CFAF716
:1087E000E2BF4A0002F01E0242EAD11303445A7A61
:1087F000012A04D100221C305A72FAF7D4BF00209B
:10880000704700004309012200F01F00203302FAE4
:1088100000F0044A42F82300BFF34F8FBFF36F8F7D
:10882000704700BF00E100E010B5046E944205D22D
:108830004FF4157206490748F3F71CFC03689C6E59
:1088400013460A468021A446BDE81040604700BF99
:1088500043AA060854AA060808B51C30FAF750FFC8
:1088600028B140F2752202490248F3F703FC08BD23
:1088700043AA060874AA060808B51C30FAF740FF98
:1088800028B14FF42B7202490248F3F7F3FB08BDFD
:1088900043AA060874AA060808B51C30FAF7E4FED5
:1088A00028B14FF4057202490248F3F7E3FB08BD13
:1088B00043AA060874AA0608402A00F11C0008B55D
:1088C0004FF0020300F8133C134628BF40230A462A
:1088D0000021FAF744FF022805D14FF41272024931
:1088E0000248F3F7C7FB08BD43AA060882AA060898
:1088F0001C3008B5FAF733FF022805D140F28A226E
:1089000002490348F3F7B6FB012008BD43AA060855
:1089100082AA06081C3008B5FAF76DFF022805D1B7
:108920004FF41F7202490348F3F7A4FB08BD00BFD0
:1089300043AA060882AA06081C3008B5FAF793FF76
:10894000022805D140F2832202490348F3F792FB43
:1089500008BD00BF43AA060882AA060838B54D0024
:1089600005F01E0545EAD114022504441C30657249
:10897000FAF721FFA84205D14FF4287203490448B1
:10898000F3F778FBB0FA80F0400938BD43AA060837
:1089900082AA060808B51C30FAF750FB28B14FF43C
:1089A000F77205490548F3F765FB42F21070BDE820
:1089B0000840F4F709BC00BF43AA060874AA0608D9
:1089C00010B5044654F81C0FFFF76DF842F2107012
:1089D000F4F7FAFB2046FAF750FB28B14FF4FD728A
:1089E00002490348F3F746FB10BD00BF43AA06083F
:1089F00074AA06080C4B10B5DB78012B0B4B1868DA
:108A000014BF65244D241C30FAF75EFB04F00D03FF
:108A100001229A4063099B0003F1604303F561431F
:108A2000C3F880211A6010BD00F00108D460002452
:108A3000084B10B5DB78012B14BF65204D20FFF7E4
:108A4000E1FE054B1B6858680368BDE81040DB6A0F
:108A5000184700BF00F00108D460002410B5044698
:108A60001C30FAF7D6FA28B14FF4E57209490A48E2
:108A7000F3F700FB094BDB78012B14BF65204D2079
:108A8000FFF7C0FE63680BB1F3F7E0FE00236360FD
:108A900010BD00BF43AA060874AA060800F001082A
:108AA0007C4BF0B5DB78044687B00D46012B14BF34
:108AB00065264D263046FFF7A5FE63680BB9F3F730
:108AC000AFFE65600025102204F1090029462572D9
:108AD00008F07EF83022294604F1240008F078F8E6
:108AE00008232362402323636A4BDB78012B2DD1BB
:108AF000A364694AE5622565A562E261674DC4E940
:108B00000D33674BD3F8D82042F00072C3F8D82059
:108B1000D3F8D82002F000720192019AD3F8D8203D
:108B200042F08062C3F8D820D3F8D82002F08062E7
:108B30000292029AD3F8002142F00072C3F8002199
:108B4000D3F8002142F08062C3F80021514BDB785A
:108B5000032B24D1504B0122504DE3610223C4E981
:108B60000D32A3620023E362A36423654C4BD3F868
:108B7000D82042F00072C3F8D820D3F8D82002F0F1
:108B800000720392039AD3F8002122F08062C3F8A6
:108B90000021D3F8002122F08052C3F800213D4B80
:108BA000DB78022B19D13F4A6363A362E2610122A1
:108BB0003B4BA263D3F8D8203B4D42F00062C3F890
:108BC000D820D3F8D82002F000620492049AD3F897
:108BD000002122F08052C3F80021344B0C351C6078
:108BE00035F90C0C0C35431C04D055F8101C02F060
:108BF00079F8F5E72A4B04F11C07D3F8F42038463E
:108C000042F00202C3F8F420D3F8F430C4F8204450
:108C100003F002030593059B002384F8D933FAF788
:108C20006EF9054628B14FF4C27221492148F3F785
:108C300021FAE069FEF764FB1F4C3846FAF7FEF9AB
:108C400040F20D213846FAF77DFE54F8042BE9B2C4
:108C5000013538460432C2F38F02FAF753FE062D6F
:108C6000F3D1164B06F1100215499B6843F8221008
:108C7000BFF34F8F134A1021931983F80013012378
:108C8000710906F00D0603FA06F642F8216007B0F6
:108C9000F0BD00BF00F001080000044070A6060807
:108CA00000440258000008404CA60608D460002486
:108CB00043AA060874AA0608A4AA060800ED00E064
:108CC000318A050800E100E0036819B9986A000CD0
:108CD000800070473F3103EB81014868F7E70000EF
:108CE00037B50C4600F11C0521060ED504F07F01B6
:108CF00028460193FFF7E8FF9042019B05D240F21E
:108D000069220A490A48F3F7B5F992B22146284682
:108D1000FAF7BEFC022804D140F26E22034905484E
:108D2000F1E7B0FA80F0400903B030BD43AA06086D
:108D300092AA060882AA0608D0F804341A7A4AB120
:108D40005A6803681046D3F808181368C1F30D2158
:108D50001B6A184770474B00D0F8040403F01E0349
:108D600043EAD11310B4034401245C7240680368E1
:108D700019B15B6A5DF8044B18471B695DF8044B39
:108D8000184741F08002D0F80404530003F01E039A
:108D900043F0010310B4034401245C72406803688B
:108DA00021B19B6A11465DF8044B18475B695DF879
:108DB000044B1847D0F8043458680368DB68184738
:108DC000D0F80434012158680368DB691847D0F8EB
:108DD0000434002158680368DB69184770472DE99F
:108DE000F341D0F80454002604462F46B046C6F39B
:108DF000470187F80980204602370191FAF780FC85
:108E000001992046FAF765FD711C87F80880204615
:108E1000C1F34701023641F080010191FAF770FC7D
:108E200001992046FAF755FD102EE0D12B6840221B
:108E3000802128461C6D0023A0472B68402228462D
:108E40001C6D00231946A047686803689B6802B040
:108E5000BDE8F0411847000070B50D4E3478BFF3FF
:108E60005B8F14F0010410D13046F3F7EBFD60B1D5
:108E7000084D3046084B2C72C5E90034F3F704FE68
:108E8000064A07492846F3F7CDFD024870BD00BFEA
:108E9000D0600024D8600024C4AA06080000002482
:108EA0006B870508436D70B59E0504460D460FD5CA
:108EB000036D98050CD54FF4007300220121236542
:108EC0002A4B1A612A4B2B4A1B6852F825009847F7
:108ED000636DD9070DD5236DDA070AD5012300216B
:108EE000244A2365214B52F825001961204B1B6849
:108EF0009847636DDB010FD5236DDE010CD54FF074
:108F00008073002202212365184B1A61184B194AFD
:108F10001B6852F825009847636D18020FD5236D22
:108F200019020CD54FF400030022052123650F4BD5
:108F30001A610F4B0F4A1B6852F825009847636D62
:108F40009A0111D5236D9B010ED54FF000730022BD
:108F500007212365054B1A61054B064A1B6852F829
:108F60002500BDE87040184770BD00BF00A8004054
:108F700004650024FC64002400210148FFF792BF2F
:108F800000A00040FFF7F8BF01210148FFF78ABFAA
:108F900000A40040FFF7F8BF034B1960D0F8A01001
:108FA000024B43F82120704704650024FC64002430
:108FB00003680E4A934210B504460FD11320F6F70A
:108FC0003DFF1520F6F73AFF3F20F6F737FFD4F8BC
:108FD000A020074B002143F8221010BD054A934200
:108FE000FBD11420F6F72AFF1620EBE700A0004083
:108FF000FC64002400A400400E490F4BD1F88C20E3
:109000009A42FBD10D4BD3F8942042F48072C3F8FE
:109010009420D3F8942022F48072C3F894204FF463
:109020004072CA60D3F8EC2022F48072C3F8EC20BE
:10903000704700BF006402580003008000440258DB
:109040002DE9F04188B01C4607460E461546002122
:1090500020226846DDF8388007F0BAFD8CB902227C
:109060000123CDE90048CDE9022369463846CDE920
:109070000465F8F705FAB0FA80F0400908B0BDE8D9
:10908000F081012C07D14FF08043CDE90038022355
:10909000CDE90234E9E70020F0E7000037B50546E6
:1090A000F8F700F8044610B11448F3F745FA034600
:1090B0000246014600902846FFF7C2FF08B9104853
:1090C000F3E701232246214628460094FFF7B8FF24
:1090D0000028F4D002222346284600941146F8F7CF
:1090E0000BFA08B10748E0E72846F8F71FFA08B17D
:1090F0000548DAE7012003B030BD00BF7CAB0608AD
:1091000092AB0608A4AB0608C8AB06080B68F0B51E
:1091100016465A1CB5B004460D4604D145224A49AC
:109120004A48F2F7A7FF4A4AD2F8EC1041F480719E
:10913000C2F8EC10D2F8EC2002F480720092009A8F
:10914000444A934214D10023C4F8A0304FF40043A2
:10915000414F04934FF080532093404BD7F88C201D
:109160009A42FBD104A8FBF717FD48B13C4805E043
:109170003C4A934201D10123E6E73B48F3F7DCF98F
:109180004FF44073A968B5F90400FB6001F0AAFD33
:109190002969B5F90C0001F0A5FDB5F9040001211C
:1091A00001F058FE0121B5F90C0001F053FE2B68C7
:1091B00001A801252360FCF723FB029B40F201215B
:1091C000B3FBF6F2954239D8B2FBF5F3B3F5807FE5
:1091D00034D807EE903AB6EE086B65615A1EB8EEC9
:1091E000E77B012040230021208227EE067BA0742C
:1091F0006163C4E90900C4E90B00FCEEC77B0820E9
:10920000C4E9021117EE905AC4ED077A521B22628C
:10921000A2618022C4E90E2304230322C4E91003BF
:10922000C4E912132046A366C4E91413C4E9162145
:10923000C4E91821FFF732FF35B0F0BD01358D428A
:10924000C0D10A489AE700BFFCAB060806AC060886
:109250000044025800A0004000640258000300804F
:109260003DAC060800A4004024AC06085EAC06082D
:109270002DE9F0470D46DFF85CA088B0144606469D
:109280005146DFF8549028460193F1F701FE074656
:1092900049462046F1F7FCFD01463846F1F7D4FD7A
:1092A000514680462846F1F709FE494607462046C2
:1092B000F1F704FE019A079003A93046CDF80C801F
:1092C000ADF810500597ADF81840FFF71FFF08B034
:1092D000BDE8F0873497060894970608014BFFF71E
:1092E000C7BF00BFA086010008B5052931D8DFE857
:1092F00001F00337313030340121002A33D04FF6EA
:10930000FF72F8F72DF9194A19499368C3F88C10C0
:10931000BFF34F8F174B4FF4002119601648916827
:10932000C1F89400BFF34F8F4FF400111960134838
:109330009168C1F89000BFF34F8F4FF4801119600E
:109340000F499268C2F89810BFF34F8F4FF4800214
:109350001A6008BD4FF08071CFE74FF40001CCE7F1
:109360004FF40071C9E7F8F739F9CCE700ED00E0F8
:10937000798F050800E100E0858F0508898F0508D1
:10938000958F050800B5564B8DB00A2800F2A480D1
:10939000DFE800F006162432404E5C6A78869400BE
:1093A000D3F8E0204F4842F00102C3F8E020D3F8A0
:1093B000E03003F001030193019B0DB05DF804FB65
:1093C000D3F8E020484842F00202C3F8E020D3F886
:1093D000E03003F002030293029BEEE7D3F8E020B3
:1093E000424842F00402C3F8E020D3F8E03003F032
:1093F00004030393039BE0E7D3F8E0203C4842F0EA
:109400000802C3F8E020D3F8E03003F00803049327
:10941000049BD2E7D3F8E020364842F01002C3F8AC
:10942000E020D3F8E03003F010030593059BC4E778
:10943000D3F8E020304842F02002C3F8E020D3F80F
:10944000E03003F020030693069BB6E7D3F8E02054
:109450002A4842F04002C3F8E020D3F8E03003F09D
:1094600040030793079BA8E7D3F8E020244842F085
:109470008002C3F8E020D3F8E03003F080030893C3
:10948000089B9AE7D3F8E0201E4842F48072C3F8A4
:10949000E020D3F8E03003F480730993099B8CE754
:1094A000D3F8E020184842F40072C3F8E020D3F863
:1094B000E03003F400730A930A9B7EE7D3F8E020C0
:1094C000124842F48062C3F8E020D3F8E03003F49D
:1094D00080630B930B9B70E70D48F3F72DF800BFEB
:1094E00000440258000002580004025800080258C4
:1094F000000C0258001002580014025800180258BC
:10950000001C02580020025800240258002802586B
:109510009AAC0608431C10B5044604D177220649CC
:109520000648F2F7A7FD4FF4707104F00F0401F044
:10953000D9FB0120A04010BDD8AC0608E3AC06085A
:109540004B1C70B504460E46018216D0C1F30310C1
:10955000FFF718FF05463046FFF7DCFF238A074A6E
:1095600003F00F036561206052F82330A36105F119
:10957000100318356360C4E9025570BD34AF0608A6
:10958000B0F9100001F066BC10B50C4B0C4CD4F8CF
:1095900094209A42FBD1D0E90542524302EB4203A8
:1095A000DB4339B92268134023604FF44072044B07
:1095B0005A6110BD21680B401343F5E7000300809A
:1095C00000640258234B4C2202FB00322DE9F0418B
:1095D0009446002401274FF0B04507FA04F3DCF865
:1095E000006033422ED0536BD5F8886007FA03F33E
:1095F0001E4227D0D2F81CE0C5F8883056680EB35A
:109600006A6833EA020203D12A6833EA020215D1FA
:109610004FF0B042116833EA010103D1526833EAD6
:1096200002020DD1DEF810201A4214BF01210221DE
:10963000094B30461B68BDE8F04118470221F7E7A7
:109640000121F5E701340432A142C6D101460348A5
:10965000F2F772FF0865002420670024F6AC0608C4
:1096600006210846FFF7AEBF05210846FFF7AABF4F
:1096700001210420FFF7A6BF01210320FFF7A2BFAD
:1096800001210220FFF79EBF01210846FFF79ABF84
:1096900001210020FFF796BF012910B515D183895C
:1096A0004FF0B04403F00F039940836832B1226851
:1096B00043F0010311432160836010BD226823F051
:1096C000010322EA01012160F6E70229F5D181892F
:1096D0004FF0B04401F00F030121994083682AB193
:1096E000626843F0020311436160E5E7626823F0BA
:1096F000020322EA01016160DEE700008389B0F91C
:109700000C2003F00C01C2F3031201F1B04170B55B
:1097100003F00F0503F003030F26D1F808449B0064
:109720009E4002FA03F34FF0B04224EA06042343BA
:10973000C1F808340123D2F88010AB401943C2F8B5
:1097400080108468E10702D5116819431160A207EF
:1097500004D54FF0B04251680B435360B0F900306C
:10976000002B08DB0122590903F01F0302FA03F35F
:10977000014A42F8213070BD00E100E02DE9F74FC9
:1097800099464B1C06460D46904676D0F2F76AFD88
:109790003B4B3C4905F00F0BD3F8F420C5F3031005
:1097A0000F8842F0020247FA0BFAC3F8F4200C22A9
:1097B000D3F8F4301AF0010A03F002030193019B7D
:1097C000314B02FB0B32546802D03048F2F7B4FE42
:1097D000012202FA0BF23A430A80062C4BD8DFE84A
:1097E00004F0043E404244464800294FFFF7CAFDBA
:1097F0000C21B5814FF0000C01FB0BF1224B4C25E5
:10980000C6F808C05A1853F801C06543214901231E
:10981000B2F90820746003FA0CFE4B593280103202
:1098200043EA0E034B51132303FB04C401EB8403EF
:10983000C3F80490D861C3F834B0174BC3F8008064
:10984000164B9B6843F82270BFF34F8F3046FFF7EB
:1098500055FFF2F71DFD504603B0BDE8F08F104FE5
:10986000C4E7104FC2E7104FC0E7104FBEE7104FDC
:10987000BCE7104FBAE71048A8E78A46EBE700BFFD
:10988000004402581C67002414A806081FAD0608EF
:1098900091960508086500242067002400ED00E08B
:1098A0008996050881960508799605087196050838
:1098B000699605086196050848AD060882890C235B
:1098C000284902F00F025343F0B5CC18CF584FF09F
:1098D000B0430121666801FA02F21C6801FA07F53B
:1098E00024EA02041C605C6824EA02045C60D3F889
:1098F000804024EA02021C4CC3F88020132202FBA1
:10990000067204EB8202526B9140D3F888200A421F
:1099100001D0C3F888104C237343E358AB431FD1E5
:10992000B0F90030002B0DDB5A09012103F01F03B1
:10993000203201FA03F30D4941F82230BFF34F8F73
:10994000BFF36F8FB0F90030002B09DB5A090121FA
:1099500003F01F03603201FA03F3044941F8223097
:10996000F0BD00BF14A806080865002400E100E06F
:10997000F8B50546F2F776FCAB8928466C6803F02B
:109980000F020C235343154AD758FFF797FF4C207B
:10999000134A0121604301FA07F3165826EA030629
:1099A000132303FB04731650002002EB8304606052
:1099B0009C1D0C3302EB840402EB8303094A6060B4
:1099C0005860AB8903F00F039940138823EA010123
:1099D000BDE8F8401180F2F75BBC00BF14A8060890
:1099E000086500241C67002408B503F035FA002040
:1099F00008BD000010B5F2F735FC134B1348144AAC
:109A0000596A1468038811601B1B0B440146B3F5A7
:109A1000803F16D34FF47A71B3FBF1F201FB12339E
:109A2000038006E00132A3F57A73B3F57A7FF9D2A9
:109A30000B80084C23681A442260F2F729FC206846
:109A400010BD0022F1E700BF000C00402467002495
:109A5000286700242C670024054B07B5D8680190BF
:109A6000F8F738FC019803B05DF804EBF9F725B975
:109A700034710024054B07B598680190F8F72AFC6B
:109A8000019803B05DF804EBF9F717B934710024BD
:109A9000054B07B558680190F8F71CFC019803B016
:109AA0005DF804EBF9F709B934710024054B07B5EB
:109AB00018680190F8F70EFC019803B05DF804EB0C
:109AC000F9F7FBB83471002490F86030022B03D012
:109AD00090F86030032B0DD14268536823F0FF7378
:109AE00023F48033536041F201139169490601D494
:109AF000013BFAD17047000070B5B0F95C30254CDD
:109B000003F11006B0F95E20A56845F82610BFF3F2
:109B10004F8FA56802F1100645F82610BFF34F8F4E
:109B200090F86810002914BF10212021002B19DBA8
:109B300003F1604000F5614080F80013002A17DB54
:109B400002F16040002B00F5614080F8001315DA47
:109B50000123510902F01F0203FA02F20E4B43F8EF
:109B6000212070BD03F00F00043804442176E5E79E
:109B700002F00F040948002B0155F2DB580903F0ED
:109B80001F0101238B40044941F82030002ADFDA0D
:109B9000E7E700BF00ED00E000E100E014ED00E0C9
:109BA00010B5B0F95E40B0F95C00F6F747F9204611
:109BB000BDE81040F6F742B990F85030011D032B74
:109BC0000ED8DFE803F00207090B0648064A42F800
:109BD000231070470548F9E70548F7E70548F5E71A
:109BE0000020F3E7AD9A050834710024919A050826
:109BF000759A0508599A05082C4A416D1268036840
:109C0000B2FBF1F1142243604A439969090401D57A
:109C1000013AFAD12648274AD0F88C109142FBD15C
:109C2000254A934211D1254BD3F8902042F40012DB
:109C3000C3F89020D3F8902022F40012C3F89020AB
:109C40001B4B4FF44072DA6070471D4A934214D0A8
:109C500002F5806293421CD01A4A9342F0D1174B0E
:109C6000D3F89C2042F08002C3F89C20D3F89C20BB
:109C700022F08002C3F89C20E2E7104BD3F890203A
:109C800042F48002C3F89020D3F8902022F480029E
:109C9000D4E70A4BD3F8902042F40002C3F8902096
:109CA000D3F8902022F40002C8E700BF380E002449
:109CB0000064025800030080005400400044025831
:109CC00000580040001C005813B590F85C30044662
:109CD000072B25D1D0F88C3090F874208BB1002A56
:109CE0009BB214BF4FF0007200220092D0F888207F
:109CF000B0F87010F8F7AAF9062384F85C3002B0C7
:109D000010BD90F85D3043F0080380F85D302AB94B
:109D100090F85D305B0701D40123EEE70023ECE708
:109D200090F85D3043F0080380F85D30E7E790F885
:109D30005C30062B09D190F874306BB990F85D3027
:109D40005B0709D4012380F85C3090F85D3043F064
:109D5000080380F85D3070470023F4E738B5051D2F
:109D60000446C2602846F8F7CEF82046FFF724FFE5
:109D700001462046FFF7C0FE2846BDE83840F8F708
:109D800079BA0346043021B1022283F86820F8F73B
:109D900071BA83F86810F8F781BA012902D180F806
:109DA0006510704711B9012380F8663070470023B1
:109DB00080F86530704710B490F864200346022A9A
:109DC00019D1B0F86E20013292B2A0F86E20B0F82E
:109DD0006E10B0F86C2089B292B291420BD2B0F8FA
:109DE0006E404FF08073816E012211FA84F15DF8AC
:109DF000044BF8F7DFB9002283F866205DF8044BC6
:109E0000704790F86430022B02D1002380F866304E
:109E1000F8F730BA90F86A3090F86920002B0CBF40
:109E200000230323002A0CBF1846012070470000BE
:109E300070B505461446043095F86830022B07D1FA
:109E400094B20023E966A5F870400124A5F87230A9
:109E50004FF08073A2B2F8F7ADF910B1002420469C
:109E600070BD0E4B1E686B6DB6FBF3F604FB06630C
:109E70001E265E4395F86A302BB1013EEED00120DC
:109E8000F3F7A2F9F6E7002EE8D095F86830022B38
:109E9000E5D1B5F87240A4B2E1E700BF380E002466
:109EA00070B54FF0807306461446043092B2F8F74E
:109EB0001FF910B10024204670BD0A4B1D68736D58
:109EC000B5FBF3F504FB05531E255D4396F8693099
:109ED0002BB1013DEED00120F3F776F9F6E7002D26
:109EE000E9D1E7E7380E002410B5044650F80429FC
:109EF000136823F0FE031360FFF752FE022384F879
:109F00005D3010BD2DE9F04F444C8DB0444A4FF008
:109F1000000C04EB5003434D4FF0FF3BB3FBF0F05C
:109F20002C2359435318525804EB5201B1FBF2FA57
:109F300059689A6ACDF804A04243B4FBF1F1079145
:109F40009968B4FBF1F1089137490968059102EB72
:109F50004001C2F1FF22323102F57F020291CE327E
:109F60000B92059A624503D158460DB0BDE8F08FBB
:109F700099694FF0000E2A68049102FB00020299D1
:109F800011440E4603910299AAEB0101891A0A9124
:109F90000499CDF824E00EF1010EB14235D20B99AF
:109FA0003144B0EB910F30D20A9F4FF00008D3E953
:109FB00008410C44A1190091009C0399A7EB0409E6
:109FC0002144089FCDF8188008F101088F4216D867
:109FD000079F8F4213D3009C0F1BDC69BC420ED835
:109FE000B8420CD2B1EB0A07019C48BF4F46A742CA
:109FF00005D2099CE34601972C61069CEC60B8F5FC
:10A00000807F1144A9EB0209DBD1BEF5807F1644A5
:10A01000BED10CF1010C1435A3E700BF00CA9A3B76
:10A0200000AE06083067002430710024304B2C222B
:10A0300003EB5003B3FBF0F02E4B02FB01312DE993
:10A04000F04F4A6A85B08B6A4FF01008CC684FF029
:10A05000140A0E6A033314440A694343DFF89C90E0
:10A06000323C921BE41AA2F582720344D31A4A6965
:10A070000146B21823EAE37B1F4B029224EAE47202
:10A0800001921A6800239E468C460025029C039587
:10A09000013564451ED800242746019EA64215D8E6
:10A0A000A34513D3984511D00AFB02F80132039E51
:10A0B00009EB080E7F2A49F80830CEE9016702D97A
:10A0C0000D4B1A6010E098464FF0010E01370C441A
:10A0D000102FE2D1102D8C44D8D101330144102B24
:10A0E000D2D1BEF1000FEBD105B0BDE8F08F00BFBB
:10A0F00000CA9A3B00AE0608307100243067002485
:10A1000013B5214B00241C6010B9002002B010BD13
:10A110000029FAD0A1F59C3349F64042803B934296
:10A120000ED9A1F59C23194AA3F50073934228D9AF
:10A13000A1F54321164BA1F5A0619942E5D802246F
:10A1400021460190FFF772FF21460198FFF7DAFEE2
:10A150007F28DAD814230F4958430A180B58107C6B
:10A1600040EA037053681B0503F4700318439368B7
:10A170001B0403F470231843D3681B029BB21843DB
:10A18000C4E70124DCE700BF307100240071020045
:10A19000801A06003067002470B50C4616461D462E
:10A1A000FEF77AF80CB1AE4217D00F4B98420ED1A1
:10A1B0000E4B9D4210D00E4B9D4210D00D4B9D4238
:10A1C0000FD040F69C020C490C48F1F753FF29468A
:10A1D000BDE87040FFF794BF094C204670BD094CA4
:10A1E000FBE7094CF9E700BF000E2707801A0600BD
:10A1F00040420F00A08601008CAD060896AD06080F
:10A200003414C1203615C3007656E140414B426DEF
:10A210001B68B3FBF2F2142370B5534304460D469A
:10A22000061D42689169090401D5013BFAD13A4BF8
:10A230009D421BD12268394B9A4202D10120F8F786
:10A240009DFD2268364B9A4202D10220F8F796FD16
:10A250002268344B9A4202D10420F8F78FFD22681D
:10A26000314B9A4202D10820F8F788FD2F49304B34
:10A27000D1F88C209A42FBD12368284A934205D119
:10A280002C4A536D23F44053536509E0244A93420A
:10A29000F6D002F580629342F2D0234A934216D060
:10A2A000224B4FF4407200213046DA60F8F740FD4F
:10A2B000214B9D4211D0214B9D420ED0164B9D4209
:10A2C0000BD040F2D5221E491E48F1F7D3FE194AA1
:10A2D000936D23F440739365E2E72B46626EA168A9
:10A2E0002068FFF759FFA06020B940F2DE22144930
:10A2F0001548EAE70023012230466566E360C4E9B9
:10A300000423C4E90833C4E90633F7F7FCFD6565A7
:10A3100070BD00BF380E002440420F0000540040C2
:10A3200000580040005C0040001C005800640258C7
:10A330000003008000440258A0860100801A060035
:10A340008CAD060896AD0608CAAD06081FB50023F9
:10A3500004464366836079B18B88A0F858308B89B6
:10A36000A0F85A300B680360013305D14FF4DA725C
:10A3700044494548F1F77EFE2368444A934212D18E
:10A38000002384F85030424BD3F8E82042F4001206
:10A39000C3F8E820D3F8E83003F400130093009BDF
:10A3A0003C4BE36509E03C4A934234D002F58062BD
:10A3B000934242D0394A934251D03949B4F95800B6
:10A3C000F0F71EFD3749B4F95A00F0F719FD0421E2
:10A3D000B4F9580000F03EFD0421B4F95A0000F031
:10A3E00039FD636D0BB9304B63652046FFF704FC04
:10A3F000616D2046FFF70AFF636D6366002384F8F2
:10A40000693084F8683084F86A3084F8613084F800
:10A41000603004B010BD012384F850301C4BD3F8D9
:10A42000E82042F48002C3F8E820D3F8E83003F4CF
:10A4300080030193019B1D4BB3E7022384F8503046
:10A44000134BD3F8E82042F40002C3F8E820D3F815
:10A45000E83003F400030293029B154BA1E70323AA
:10A4600084F850300A4BD3F8F42042F08002C3F84D
:10A47000F420D3F8F43003F080030393039B0D4BD7
:10A480008FE700BF8CAD0608E3AD0608005400401E
:10A49000004402581F00200000580040001C0058D3
:10A4A00084980608E8970608A0860100210022008B
:10A4B000480049005F0060002DE9F0470D46DFF8D5
:10A4C00064A086B0144606465146DFF85C902846E4
:10A4D000F0F7DEFC074649462046F0F7D9FC014676
:10A4E0003846F0F7B1FC514680462846F0F7E6FCC6
:10A4F000494607462046F0F7E1FC9C2205900021E2
:10A500003046CDF80480ADF808500397ADF8104000
:10A5100006F05EFB01A93046FFF718FF06B0BDE864
:10A52000F08700BF84980608E89706082DE9FF47E2
:10A530001D4690F8603004460F46032B0C9E00F138
:10A540000409039253D8FFF7BFFA4FF00008002E1A
:10A5500080F8618014BF4FF42A4A4FF0AA0AFFF72F
:10A560002BFB01462046FFF7C7FA039AABB24846D9
:10A57000B9B2CDF800A0F7F769FD98BB052384F8C0
:10A5800060301C4B1F68636DB7FBF3F705FB077367
:10A590001E275F4394F8613013F01E0F01D1013F75
:10A5A00016D12046FFF7FCFA1FB194F86130082B52
:10A5B00012D00021204694F861304FF0FF35FFF7AC
:10A5C000C5FE002384F86030284604B0BDE8F0875B
:10A5D0000120F2F7F9FDDDE7B6FA86F35B0984F8AE
:10A5E0006030F1E76FF0010584F86080ECE76FF010
:10A5F0000205E9E7380E00242DE9FF471D4690F8D3
:10A60000603004460F46032B0C9E00F104090392B0
:10A6100053D8FFF759FA4FF00008002E80F86180F8
:10A6200014BF4FF42A4A4FF0AA0AFFF7C5FA0146B1
:10A630002046FFF761FA039AABB24846B9B2CDF8AB
:10A6400000A0F7F7B1FC98BB052384F860301C4BE1
:10A650001F68636DB7FBF3F705FB07731E275F43A6
:10A6600094F8613013F01E0F01D1013F16D120463E
:10A67000FFF796FA1FB194F86130082B12D0002131
:10A68000204694F861304FF0FF35FFF75FFE00235E
:10A6900084F86030284604B0BDE8F0870120F2F766
:10A6A00093FDDDE7B6FA86F35B0984F86030F1E7E5
:10A6B0006FF0010584F86080ECE76FF00205E9E7D0
:10A6C000380E002473B590F86460044606B18668BD
:10A6D000636C626C13F0040318BF1423042ADDB208
:10A6E00006D1002384F85C3084F85D5002B070BD60
:10A6F000201F00210190FFF729FE01983EB102239F
:10A70000324684F8643000231946FFF727FB45F0F2
:10A71000020384F85D30E9E7044B054A1878054BDD
:10A72000002814BF10461846704700BF400E002492
:10A73000D4AE0608DCAE0608024BD869DA6982425C
:10A74000FBD17047002C005808B5F1F78BFD084B82
:10A7500001221A700022074B1A704FF48052064BE8
:10A76000C3F810211A61BDE80840F1F791BD00BFA0
:10A770004D7100245471002400E100E010B5F1F7A0
:10A7800071FD134B1A7842B9124A12681168090711
:10A79000FCD50821516001221A700F4C23781BB19F
:10A7A000F2F754F80023237000230C4A13700C4A6C
:10A7B00013704FF480520B4BC3F89020BFF34F8FB0
:10A7C000BFF36F8FBDE81040C3F89021F1F760BD73
:10A7D0004E710024F013012456710024547100249A
:10A7E0004D71002400E100E05D4B70B51C68C4B001
:10A7F0001CB1FFF7C3FF44B070BD0125C022214644
:10A8000014A8584E1D6006F0E3F94C22214601A819
:10A8100006F0DEF9337833B304230A940193052359
:10A820000393802314934FF4C0433C934E494F4B02
:10A83000D1F88C209A42FBD101A8F9F777FBD8B167
:10A840000023082201A833700A9380230192012279
:10A8500014934FF4004306923C93F9F767FB58B109
:10A860004348F1F769FE08220A9380230695019276
:10A8700014934FF40043D8E714A8FAF78DF905466E
:10A8800008B13C48EDE73C4B4FF4803134203B4C61
:10A89000D3F8F4204FF6FF7642F40062C3F8F420B8
:10A8A000D3F8F42002F400620092009AD3F89C20BE
:10A8B00042F40062C3F89C20D3F89C2022F400628A
:10A8C000C3F89C20D3F8A82042F40062C3F8A82063
:10A8D0000122F4F75BFF2A464FF480313420F4F76D
:10A8E0007EFF214B4FF440722046DA60A3F50E3311
:10A8F00084F8365023604FF48023E5612563C4E972
:10A900000155C4E90355C4E90855C4E90A55C4E929
:10A910000563F8F765FA054608B11948A1E7194B30
:10A92000194A9B68C3F87022BFF34F8F23683146E2
:10A9300020469A6842F001029A609A6842F0080242
:10A940009A60F8F7B3FA236808225A605D611A68C2
:10A950001207FCD508225A6001220C4B1A704AE7F4
:10A9600048710024400E0024006402580003008057
:10A9700084AE06089DAE060800440258F013012478
:10A98000BEAE060800ED00E0A1AA05084E71002445
:10A9900008B5FFF7F3FE0023034A1360034A137060
:10A9A000BDE80840FFF720BF48710024400E002496
:10A9B00008B5F1F757FC064B01221B685A604FF4AB
:10A9C0008052044BC3F89021BDE80840F1F760BC09
:10A9D000F013012400E100E070B50446F1F742FCF9
:10A9E000FFF7AAFE264B05461C60264A4FF480510D
:10A9F0001161254E18463178F1B9611F4FF6F57295
:10AA0000914222490FD94FF6FA7295420BD906347A
:10AA10000122A4B20A701C601D4B01221A70BDE80D
:10AA20007040F1F735BC00220A700368AB42194B45
:10AA300028BF01221A70EFE7FFF7BAFF00235A1967
:10AA4000013392B2A24204BF0534A4B2052BF6D161
:10AA5000114BAC421B6811D24FF6FA7295420DD8D9
:10AA60004FF0FF325A6100230C4C33702378002BD7
:10AA7000D5D1F1F7D5FE01232370D0E75C61F2E771
:10AA80005071002400E100E04E7100245571002453
:10AA9000547100244C710024F013012456710024D9
:10AAA00070B5F1F7DFFB2C4B2C4C1A7832B1002239
:10AAB0001A70012223685A60F0F798F923681A681F
:10AAC000D50706D59A68D00703D501225A60F0F75A
:10AAD0008DF923681A68110724D59A68120721D5C1
:10AAE00008221F4C5A6001221E4B1A7023781BB19A
:10AAF000F1F7ACFE002323701B4C237893B11B4D60
:10AB00001B492B7803F0FF06B3B1FFF715FE0630A3
:10AB10000B6880B2984209D3FFF716FE00232B7012
:10AB200000232370BDE87040F1F7B2BB0868063817
:10AB300080B2FFF751FFF1E70E4D2B7843B1FFF7DD
:10AB4000FBFD0B68984203D3FFF7FEFD2E70E7E78D
:10AB50000868FFF741FFE3E74D710024F01301247B
:10AB6000567100244E710024547100245571002444
:10AB7000507100244C710024FFF700BE70470000A4
:10AB8000384B5A6973B5910315D45A6912F40032DF
:10AB900011D1BFF34F8FBFF36F8FC3F85022BFF3B4
:10ABA0004F8FBFF36F8F5A6942F400325A61BFF37F
:10ABB0004F8FBFF36F8F2B4B5A69D20327D45A693B
:10ABC00012F4803223D1C3F88420BFF34F8FD3F81F
:10ABD000802043F6E074C2F3C900C2F34E32520142
:10ABE00002EA0406014646EA81750139C3F860525B
:10ABF000F9D2203A12F1200FF2D1BFF34F8F5A69E8
:10AC000042F480325A61BFF34F8FBFF36F8F164CFF
:10AC1000D4F8E03043F00073C4F8E030D4F8E0300A
:10AC200003F000730193019BFDF724F8F4F744FD52
:10AC3000236F9B0707D4F8F79DFEF4F77DFD236F84
:10AC400023F0180323671620F8F7AAFEFDF704FA8D
:10AC5000FDF710F8FFF792FF044B01221A6002B0D3
:10AC600070BD00BF00ED00E00044025858710024A0
:10AC700052B101F00301064B0329596805D00005C4
:10AC800003D521EA02025A6070470A43FBE700BF7E
:10AC90000004005830B5114B114DD5F894409C423A
:10ACA000FBD14943012A01EB41034FEA41046FEA1A
:10ACB000030304D0022A0BD0C1680B400BE0C2682A
:10ACC00013401943C160064B4FF440725A6130BDC6
:10ACD000C1680B402343C360F5E700BF0003008059
:10ACE000006402582DE9F843461C05460C4600F066
:10ACF00090801FFA80F9514A40F40061B2F90030A7
:10AD0000581C29D100264E4B09F00F02C5F3031041
:10AD100053F82270FEF736FB4A494B4BD1F894208A
:10AD20009A42FBD1C4F3831107FB07F20F2902EB10
:10AD300042036FEA030C24D181680B434FF4407E39
:10AD400004F0070183603F4BC3F814E003296FD878
:10AD5000DFE801F03A3A1C3A43F400638B420ED12B
:10AD600004F003035668032BCDD119F4006FCAD049
:10AD7000324621462846BDE8F843FFF779BF08323E
:10AD8000BCE7836851430CEA0303D6E7DFF8B8E079
:10AD9000D3F89480F045FBD119F0080FC4F3832851
:10ADA00039D03B0AD0F824E05B435B43C3EB031983
:10ADB00003FB08F32EEA090E4EEA03034362214B1C
:10ADC0004FF4407EC3F814E0DFF878801E4BD8F8CB
:10ADD00094E09E45FBD103684A4301390CEA030C19
:10ADE00001294CEA0202026005D8436822074CBFE1
:10ADF0003B43BB434360C4F301123946FFF74AFFAC
:10AE0000324621462846FFF733FF0E4B4FF440727F
:10AE10005A61BDE8F88302FB02F9036AC9EB091E17
:10AE200023EA0E0E09FB08F34EEA03030362C6E7AA
:10AE3000D52206490648F1F71DF900BF0CAF0608F8
:10AE400034AF0608006402580003008001AF060812
:10AE5000E1AD060838B5431C0C4629D000F00F02BE
:10AE60001D4BC0F3031053F82250FEF78BFA1B4919
:10AE70001B4BD1F894209A42FBD105FB05F20168E7
:10AE800002EB42030B40B3FBF2F3013B012B19D859
:10AE9000E31E022B43680CD82B43032C436019D1CB
:10AEA00001222946FFF7F6FE0C4B4FF440725A611F
:10AEB00038BD23EA0503012C4360F1D0022C07D0F2
:10AEC0000022EEE704F0FD03012BE9D0052CF5D1BB
:10AED0000222E6E7052CF2E734AF060800640258C8
:10AEE0000003008038B50C4B05460C461B695B041B
:10AEF0000FD4F9F775FC094B0722B0FBF3F363435A
:10AF0000AA604FF6DF729B089A4294BFEA60EB603A
:10AF100038BDF9F79FFAEEE70044025840420F00AF
:10AF20004B7D2BB1082807D8044B33F8100070472D
:10AF30000C2801D8024BF8E700207047CAAF06087A
:10AF4000DCAF060840F2C331B0F90400FFF7CABE17
:10AF5000F0B54A4BB6EE005B076889B0064606EED0
:10AF6000901A9F42D0ED037A28D1F5EEC06AB7EE71
:10AF7000007AF1EE10FA1ED9F4EE476A9FED407A9E
:10AF8000F1EE10FA67FE266AB8EE677A3D493E4B4D
:10AF90000222097827EE267A3C48B7EEC77A37EEC8
:10AFA000057BFCEEC77BC6ED047AC3ED007AF6F7AD
:10AFB00031FE09B0F0BDF0EE476AE5E7F5EEC06A94
:10AFC000334B1F60F1EE10FA36D4B7EE007AF4EE90
:10AFD000476AF1EE10FA77FE266AB8EE677A6023C8
:10AFE000327D019327EE267AB368B7EEC77A37EE43
:10AFF000057BFCEEC77B17EE904AC6ED047AB4FBE6
:10B00000F3F400230294039304930793CDE90533EB
:10B01000531E032BCDD86FF00305314605EB820597
:10B020002846FFF77DFF3B6A30EA030307D17DB175
:10B03000042D0FD1BC63BCE7DFED116ACDE72A46D2
:10B0400001A91348FBF724F970B11248F1F774FA1B
:10B050007C63AEE7082D01D1FC63AAE70C2D01D17A
:10B060003C64A6E7FC65A4E7737D2946084813B154
:10B07000FBF794FA9DE7FBF723FA9AE70074014087
:10B080000000000084720024907200245C7100248F
:10B090003872002474AF0608C36823B3D0ED047A75
:10B0A000F8EE676A07EE903AB8EE677AC6EE877AEE
:10B0B0000268114B9A42B7EE007A09D1F5EEC07AD8
:10B0C000F1EE10FA12D9F4EEC77AF1EE10FA10DAB6
:10B0D000F4EE477AB7EE007AF1EE10FA77FE277AAF
:10B0E00017EE900A7047DFED057AE1E7F0EE477A58
:10B0F000F6E7DFED027AF3E700740140000000009C
:10B100002DE9F047544B0E4601688AB00446994237
:10B110001BD1FFF7C1FF314605462046FFF7E2FE8F
:10B120004E4A08234E48D360E3681360A3689360D7
:10B13000002353604B4B1978F6F726FC294620462E
:10B14000FFF706FF0AB0BDE8F0870023464D0193E4
:10B150002960FFF7A1FF41F211130A6A82461A42E1
:10B1600008D10A6A40F244431A4203D10B6823F023
:10B1700001030B6002A801A9F9F7F4FB2068002283
:10B180003A4BD1B2013253F831708742F9D110B93C
:10B190003748F1F7D1F903EBC1031B79002B39D103
:10B1A000F9F740FBDDF81CE0019001230199A36051
:10B1B00001FA03F02F4BB0FBF3F0B1FBF3F1BEF15A
:10B1C000000F2DD14A1E06F1FF3C4FF000094FF64B
:10B1D000FE786A606346C5F80CC0B3F5803F21D2A3
:10B1E000B2F5803F1ED2B9F1000F01D06A60EB606A
:10B1F00000231D482B61AB60FAF7D4FF20BB5146FA
:10B200002046E660FFF7A4FE2A68136843F00103B6
:10B21000136097E7F9F718FBDDF820E00190C4E729
:10B22000421ED0E7A3685B00A360BEF1000F0DD102
:10B2300001FB03F2013ABCFBF3F3434509D8B2F535
:10B24000803F06D36A60EB600B48A2E700FB03F285
:10B25000F0E74FF00109C0E7007401409C72002440
:10B260005C710024847200243872002424A906082A
:10B270008BAF060840420F0074AF06082DE9F0437B
:10B280000E46B1B00546C6493046EFF717FE421CE0
:10B29000074611D1C3493046EFF7FAFDC1490446CC
:10B2A0003046EFF70BFE07467B1C2C600AD16E225E
:10B2B000BD49BE48F0F7DEFEB9493046EFF7E8FD7C
:10B2C0000446F1E7BA4BC7F38431C7F3C0429C424E
:10B2D00029756A7540F01681B64B16F0F00FD3F859
:10B2E000F00040F00050C3F8F000D3F8F00000F098
:10B2F000005000900098C6F3031040F09E80D3F8F1
:10B30000E00040F00100C3F8E000D3F8E03003F0C3
:10B3100001030193019B4FF00209DFF8B88201237A
:10B32000304619FB012288F800101131002402F088
:10B330000F0203FA01F103FA02F2C8F808103946C5
:10B34000C8F80420FFF7CEFC30460021FFF782FD4D
:10B3500044F250612846984EFFF7C4FDD5ED037ABC
:10B36000B6EE006B924BB8EE677A3046B4601027A9
:10B37000B7EEC77AC6E9003437EE067BBCEEC77B72
:10B3800085ED047AF6F7A8FA8C4A082398F800109D
:10B390003046D3604FF6DF7313600723C2E90143E1
:10B3A000F6F7F2FA4FF000631BAA98F80010304647
:10B3B0001C9426942F941B94CDE924344FF0005311
:10B3C000CDE920442793CDE92244CDE92844CDE9B5
:10B3D0002A44CDE92D44F6F708FB794B4A4698F804
:10B3E000001030461C60C3E90144F6F713FC042347
:10B3F00098F800103046D8F80420CDF84C901A94F4
:10B40000CDE9147313ABCDE91644CDE91844F6F732
:10B41000A1FCD8F804103046F6F7B7FC50B9D8F8BC
:10B4200008103046F6F7C7FC20B944F250612846B0
:10B43000FFF766FE31B0BDE8F08301280CD1D3F8E8
:10B44000E00040F00200C3F8E000D3F8E03003F081
:10B4500002030293029B5EE702280CD1D3F8E000BE
:10B4600040F00400C3F8E000D3F8E03003F0040338
:10B470000393039B4FE703280CD1D3F8E00040F07F
:10B480000800C3F8E000D3F8E03003F008030493A9
:10B49000049B40E704280CD1D3F8E00040F01000F2
:10B4A000C3F8E000D3F8E03003F010030593059BE8
:10B4B00031E705280CD1D3F8E00040F02000C3F8B4
:10B4C000E000D3F8E03003F020030693069B22E768
:10B4D0000628D3F8E0000AD140F04000C3F8E000AD
:10B4E000D3F8E03003F040030793079B13E740F0E5
:10B4F0008000C3F8E000D3F8E03003F08003089345
:10B50000089B08E72F4B9C4266D12A4BD3F8F020CA
:10B5100042F00102C3F8F020D3F8F03003F0010349
:10B520000993099B284B9C4266D1224BD3F8E82013
:10B5300042F00402C3F8E820D3F8E83003F0040333
:10B540000C930C9B214B9C4266D11A4BD3F8E820FC
:10B5500042F04002C3F8E820D3F8E83003F040039B
:10B560000F930F9B1A4B9C4266D1124BD3F8F020DD
:10B5700042F48032C3F8F020D3F8F03003F4803383
:10B580001293129B39463046FFF7ACFB002344F67A
:10B590002061AE80C5E903330123AB6047E700BFFC
:10B5A00020990608289D0608BDAF0608B0A7060822
:10B5B00000740140004402585C7100249C72002415
:10B5C0009072002400000140000800400018004074
:10B5D0000040014084720024B4F1804F3DD1414BC2
:10B5E000D3F8E82042F00102C3F8E820D3F8E830AD
:10B5F00003F001030A930A9B3B4B9C423ED1394B1B
:10B60000D3F8E82042F00802C3F8E820D3F8E83085
:10B6100003F008030D930D9B344B9C423FD1314BFB
:10B62000D3F8E82042F08002C3F8E820D3F8E830ED
:10B6300003F080031093109B2D4B9C4240D1294B6B
:10B64000D3F8F02042F40032C3F8F020D3F8F03001
:10B6500003F400331393139B94E7264B9C427FF42F
:10B6600061AF204BD3F8E82042F00202C3F8E82093
:10B67000D3F8E83003F002030B930B9B1E4B9C4264
:10B680007FF460AF174BD3F8F02042F00202C3F80A
:10B69000F020D3F8F03003F002030E930E9B174B0B
:10B6A0009C427FF45FAF0F4BD3F8E82042F48072E6
:10B6B000C3F8E820D3F8E83003F480731193119BAA
:10B6C0000F4B9C427FF45EAF064BD3F8F02042F460
:10B6D0008022C3F8F020D3F8F03003F480231B93CA
:10B6E0001B9B4FE700440258000C0040001C004028
:10B6F00000440140000400400004014000200040DC
:10B7000000480140F8B5037890F801C0012B057F8F
:10B710000279077B866844792ED0022B2FD0002B2C
:10B7200030D14FF480738B610023C1F800C04D61AC
:10B730004B63C1E90B333FB3CB61CB60037C012B7F
:10B7400045D0022B48D0002B4BD14FF480430B62E5
:10B750000123027E002A47D000230B620B61437F46
:10B76000012B6AD0022B6BD0002B6CD14FF0807371
:10B7700000204B628862F8BD4FF40073D3E74FF4AA
:10B780004073D0E70023CEE7012A4E600BD0022A97
:10B790000CD072B94FF48063CB61032C09D8DFE879
:10B7A00004F00B0D10134FF40063F5E74FF4406302
:10B7B000F2E72748F0F7C0FE0023BEE74FF48053BE
:10B7C000BBE74FF40053B8E74FF44053B5E74FF4ED
:10B7D00000430B620223BCE74FF440430B62042397
:10B7E000B7E700230B62B4E77BB3427CB2FBF3F410
:10B7F00003FB142414F0FF0F27D1561EF610741CFF
:10B80000042C22DCC2EBC40212F0FF0210D0B2FB07
:10B81000F3F39D4219D3EB1A4B61436903FA02F229
:10B820008A60032E07D82404A4F580340C6196E7BF
:10B8300043698B60F5E70748BCE74FF0007397E773
:10B840004FF0407394E7002392E74FF0FF3092E708
:10B85000F6AF06081FB0060810B50446F8F759FA07
:10B8600000283DD12049214BD1F88C209A42FBD1B0
:10B870001F4BB4F95000DA6F42F48042DA67DA6F96
:10B8800022F48042DA674FF44072CA6040F2C3315A
:10B89000D3F8D42022F48042C3F8D420FFF722FA50
:10B8A00040F2C331B4F95200FFF71CFA40F2C33141
:10B8B000B4F95400FFF716FA40F2C331B4F9560058
:10B8C000FFF710FA40F2C331B4F95800FFF70AFA53
:10B8D000B4F95A0040F2C331FFF704FA002010BD5A
:10B8E0004FF0FF30FBE700BF006402580003008008
:10B8F0000044025870B50D460646F8F771FFB0FBDC
:10B90000F5F4FF2C10DCF8F76BFFB0FBF5F101FB51
:10B91000150505B9013C30467460F8F7ABF90038FD
:10B9200018BF0120404270BDFF24F4E72DE9F04F1D
:10B930002DED068B87B01D460F461646199B044613
:10B940007D4938460AEE903A9DF86830BDF958A016
:10B950000293BDF95CB0BDF96080EFF799FA7749C1
:10B9600003903046EFF794FA754901902846EFF7B7
:10B970008FFA744908EE100A5046EFF789FA7249B7
:10B9800008EE900A5846EFF783FA704909EE100A5C
:10B990004046EFF77DFA019A039B8146114618460F
:10B9A000EFF752FA18EE901A019018EE100AEFF71E
:10B9B0004BFA4946039019EE100AEFF745FA019B3E
:10B9C0001A46039B9A4240F0B080824240F0AD801C
:10B9D00059493846EFF772FA584903903046EFF765
:10B9E0006DFA574908EE100A2846EFF767FA5549ED
:10B9F00008EE900A5046EFF761FA534909EE100A33
:10BA00005846EFF75BFA514909EE900A4046EFF7C6
:10BA100055FA4F4A0AEE100A039BD2F8D4104D484B
:10BA200041F48041C2F8D410D2F8D41001F480411E
:10BA3000059105994849D0F88CC08C45FBD1D16F50
:10BA40004FF0000941F48041D167D16F21F480416A
:10BA5000D1674FF440720121C26000223846A4F839
:10BA6000507084F84120E26084F840204FF000429A
:10BA700092FAA2F2B2FA82F2013A22614FF48062A3
:10BA80006261029AB2EB090218BF0122A261019A17
:10BA9000C4E9011122601946C4E90799FFF722F9A8
:10BAA00049463846FFF7D6F918EE101A3046A4F882
:10BAB0005260FFF717F949463046FFF7CBF918EE09
:10BAC000901A2846A4F85450FFF70CF94946284626
:10BAD000FFF7C0F919EE101A5046A4F856A0FFF768
:10BAE00001F949465046FFF7B5F919EE901A584644
:10BAF000A4F858B0FFF7F6F849465846FFF7AAF9F8
:10BB00001AEE101A4046A4F85A80FFF7EBF849469F
:10BB10004046FFF79FF91AEE901A204607B0BDEC99
:10BB2000068BBDE8F04FFFF7E5BE6FF0010007B0F0
:10BB3000BDEC068BBDE8F08FAC9D0608DC9D0608C9
:10BB40000C9E0608309E0608609E0608849E060825
:10BB500000440258006402580003008070B58EB0A3
:10BB600004460846154669461E46FFF7CBFD90B9C8
:10BB7000336841F28832694620460A93F8F7DAF8CA
:10BB800058B941F2883229462046F8F716F90038AC
:10BB900018BF012040420EB070BD4FF0FF30FAE7F1
:10BBA00070B58EB004460846154669461E46FFF736
:10BBB000A9FD90B9336841F28832694620460A935C
:10BBC000F8F7B8F858B941F2883229462046F8F714
:10BBD0004DF9003818BF012040420EB070BD4FF043
:10BBE000FF30FAE72DE9F0418EB005460E46DDE95B
:10BBF000147802B1E3B917B1B8F1000F16D1694654
:10BC00003046FFF77FFD044660B9012341F28832D8
:10BC10006946CDE909032846F8F78CF8002818BFD3
:10BC20004FF0FF3420460EB0BDE8F08172B16BB129
:10BC3000009331466B462846FFF790FF04460028E4
:10BC4000F0D1002FEED0B8F1000FEBD06B463A46A2
:10BC500031462846CDF80080FFF7A2FF0446E1E711
:10BC6000C069C0F3801070470FB4074B1B6807B55D
:10BC7000064905AAD868019208F0AAFB03B05DF84E
:10BC800004EB04B0704700BF4C0E002436B0060829
:10BC900010B580490446804BD1F88C209A42FBD1E4
:10BCA00023687E4A934257D17D4AD2F8981041F0DA
:10BCB0001001C2F89810D2F8981021F01001C2F8C3
:10BCC0009810D2F8F01021F01001C2F8F010754A67
:10BCD000934240F08980724BD3F8982042F02002C2
:10BCE000C3F89820D3F8982022F02002C3F89820B7
:10BCF000D3F8F02022F02002C3F8F020654B4FF477
:10BD0000407240F2C331B4F91800DA60FEF7EAFF7E
:10BD100040F2C331B4F91A00FEF7E4FFE36923F4FB
:10BD20000073B3F5807F05D140F2C331B4F9200030
:10BD3000FEF7D8FFE36923F48073B3F5007F05D1E4
:10BD400040F2C331B4F92200FEF7CCFF6268002153
:10BD5000554B43F8221010BD544A93421DD002F5B2
:10BD6000806293422DD0524A934252D0514A93421C
:10BD7000ADD14B4BD3F8902042F48012C3F8902001
:10BD8000D3F8902022F48012C3F89020D3F8E82052
:10BD900022F48012C3F8E820B0E7414AD2F89010AC
:10BDA00041F40031C2F89010D2F8901021F4003123
:10BDB000C2F89010D2F8E81021F40031C2F8E8106F
:10BDC00085E7374AD2F8901041F48021C2F89010EC
:10BDD000D2F8901021F48021C2F89010D2F8E81027
:10BDE00021F48021C2F8E810334A934224D12C4B2D
:10BDF000D3F8902042F08042C3F89020D3F89020EE
:10BE000022F08042C3F89020D3F8E82022F080424C
:10BE1000C0E7234AD2F8901041F40021C2F89010F4
:10BE2000D2F8901021F40021C2F89010D2F8E81056
:10BE300021F40021C2F8E810204A934217D0204A8A
:10BE400093427FF45BAF164BD3F89C2042F008027C
:10BE5000C3F89C20D3F89C2022F00802C3F89C2051
:10BE6000D3F8F42022F00802C3F8F42046E70C4B84
:10BE7000D3F8902042F00042C3F89020D3F89020ED
:10BE800022F00042C3F89020D3F8E82022F00042CC
:10BE900080E700BF006402580003008000100140EA
:10BEA0000044025800140140A460002400440040F3
:10BEB000004C00400050004000780040007C0040F2
:10BEC000000C0058426890235343054AD358DA695E
:10BED000120701D508221A62D869C0F340107047D2
:10BEE000C00D0124426890235343034AD358D869B4
:10BEF000C0F3C010704700BFC00D012438B54268C0
:10BF0000902301685343204A99509C1882686260CC
:10BF1000B2F5965FC36838BF0725A3600369E36085
:10BF200043692361C369A3614FF0000328BF1D4625
:10BF3000A4F85630E361A4F85430A4F85E30A4F8B5
:10BF40005C3023626366C4E90953B0F91A300133E7
:10BF50000FD1082363610D4B994205D1B2F5165FED
:10BF600020460DD8FAF7F0FD2046BDE83840FAF734
:10BF7000BBBDB0F9183001330CBF04230C23E9E733
:10BF8000FAF7F2FDF0E700BFC00D0124000C0058E5
:10BF90000268334B9A4270B50446C4B00D468160C6
:10BFA00054D1BC22002115A8042604F011FEB5F5D9
:10BFB000165F14960BDD012314A83993F8F7ECFDF6
:10BFC0002046FFF79BFF002832D144B070BD254BBF
:10BFD000196F11F0020113D1482202A804F0F8FDF4
:10BFE0000123019603930A931F4E204BD6F88C2011
:10BFF0009A42FBD101A8F7F799FF4FF44073F36021
:10C00000184B1B6F9B07D6D5174E184BD6F88C20B4
:10C010009A42FBD1052314A83993F8F7BDFD4FF4DC
:10C0200040732046F360FFF769FF0028C3D1CCE7D7
:10C0300000230D4E39930D4BD6F88C209A42FBD13C
:10C0400014A8F8F7A9FD4FF44073F3602046FFF7FA
:10C0500055FF0028B9D029460548FFF705FEB4E78B
:10C06000000C00580044025800640258000300808D
:10C0700036B00608012A10B50ED0022A24D00024BA
:10C080000929446126D010DC072910D008290CD1D9
:10C090007AB14FF480520CE04FF4C062082942613B
:10C0A000F7D0092918D0072902D00D4815E072B140
:10C0B0000022022BC2600CBF4FF400530023BDE8E6
:10C0C00010400361FFF71ABF4FF48062E6E74FF0BC
:10C0D0008052EEE7002ADCD00248F0F72DFA00BFCC
:10C0E0008FB0060860B006081A4B984222D0A3F51C
:10C0F0004C43984220D003F5806398421ED003F54C
:10C10000806398421CD003F5806398421AD003F5EF
:10C110004443984218D0A3F51C43984216D003F527
:10C120008063984214D00C4B984214BF4FF0FF30FC
:10C130000820704700207047012070470220704798
:10C140000320704704207047052070470620704781
:10C150000720704700100140000C00582DE9F047FF
:10C160000F4616468AB0824904463846EEF790FEDE
:10C17000824680493046EEF78BFE01465046EEF788
:10C1800063FE7B4905463846EEF798FE79498146BD
:10C190003046EEF793FE092F80460AD00A2E08D0CB
:10C1A00073490920EEF774FE50450CD17248F0F740
:10C1B000C3F94FF0010A691C256007D13E226F497F
:10C1C0006F48EFF757FF4FF0000AF4E76D4B9D42C1
:10C1D00036D16D4BD3F8F02042F01002C3F8F020B6
:10C1E000D3F8F03003F010030193019B674B9D429D
:10C1F00036D1654BD3F8E82042F40022C3F8E8209A
:10C20000D3F8E83003F400230493049B604B9D4271
:10C2100036D15D4BD3F8E82042F08042C3F8E820E5
:10C22000D3F8E83003F080430793079B2846FFF7D5
:10C230005BFF0028606066DA9D2250495548C0E7E0
:10C24000554B9D422DD1504BD3F8E82042F400329B
:10C25000C3F8E820D3F8E83003F400330293029BDC
:10C260004E4B9D422DD1484BD3F8E82042F480122A
:10C27000C3F8E820D3F8E83003F480130593059B56
:10C28000474B9D422DD1404BD3F8E82042F000426D
:10C29000C3F8E820D3F8E83003F000430893089B84
:10C2A000C4E7404B9D42A1D1374BD3F8E82042F47C
:10C2B0008022C3F8E820D3F8E83003F48023039306
:10C2C000039B394B9D42A1D12F4BD3F8F02042F074
:10C2D0002002C3F8F020D3F8F03003F020030693D7
:10C2E000069B324B9D42A1D103F50E33D3F8F420C7
:10C2F00042F00802C3F8F420D3F8F43003F0080346
:10C300000993099B92E749463846FEF7EBFC012169
:10C310003846FEF79FFD41463046FEF7E3FC3046C7
:10C320000121FEF797FD00234FF4E1322046E3613F
:10C3300027836683C4E90223C4E90433FFF7DEFDE3
:10C34000BAF1000F10D01A4B012204F120051A6037
:10C35000184B2068083454F8041C1A46AC4203C237
:10C360001346F6D1206810600AB0BDE8F08700BF20
:10C37000FCA40608A0A30608BDB006080FB1060875
:10C380001CB106080010014000440258004C004057
:10C390000078004038B106080044004000500040DA
:10C3A000007C00400048004000140140000C005890
:10C3B000AC720024281401242A4808B5036813F03D
:10C3C000010304D0FFF74CFCB0FA80F35B09264868
:10C3D0000268D10704D5FFF743FC002808BF0123FA
:10C3E00022480268D20704D5FFF73AFC002808BFAC
:10C3F00001231F480268D10704D5FFF731FC00284C
:10C4000008BF01231B480268D20704D5FFF728FCA8
:10C41000002808BF012318480268D10704D5FFF798
:10C420001FFC002808BF012314480268D20704D566
:10C43000FFF716FC002808BF012311480268D10746
:10C4400004D5FFF70DFC002808BF01230D48026842
:10C45000D20704D5FFF704FC002808BF01231846C3
:10C4600008BD00BF001001400044004000480040EB
:10C47000004C004000500040001401400078004093
:10C48000007C0040000C005808B5EFF7EBFE064BAF
:10C490000121186810F0010018BF0846F7F772FA7A
:10C4A000BDE80840EFF7F4BE0048025870B594B0FC
:10C4B000FFF782FF0446002875D1EFF7D3FE3B4D0E
:10C4C00000F076FD012102222E680846F7F7A4FA53
:10C4D000012122460846F7F79FFAF60703D52B6895
:10C4E00043F001032B600023314D32492B60324B66
:10C4F000D1F890209A42FBD12C4B1A6994063CD576
:10C500005B69980639D52B4E2B4BD6F88C209A4276
:10C51000FBD14C22002101A804F05AFB01A8F8F736
:10C52000A5F90223012101A801931023CDE90413E9
:10C5300000230A93F7F7FAFC044610B11F48EFF7FF
:10C54000FBFF01462022009001A804F041FB694650
:10C5500001A8F8F707FA1B23009901A80193079493
:10C56000029404940694F8F715F808B11448E6E725
:10C57000FBF772FD4FF44073F3600C4A136943F408
:10C58000007313614FF440720A4B1A610D4B596AE4
:10C590005A6A521AB2F5FA7FFAD300F021FD01234C
:10C5A0002B60EFF775FE14B070BD00BF0048025855
:10C5B0005871002400640258000300804AB1060844
:10C5C0006FB10608000C0040F8B5C468069F033C34
:10C5D0001C2C03D8544D2D57002D05DA40F23E4255
:10C5E00052495348EFF746FDD0F88C404FF0010C0C
:10C5F00026680CFA05FC26F001062660002A32D0D7
:10C60000266846F400662660E66846F4C026E660C2
:10C6100042FA05F6D4F804E04FEA1E4E4FEA0E4EF9
:10C6200046EA0E066660266846F001062660266821
:10C6300046F40076266000269642D0F88C4043DB14
:10C640006169C904FCD5216821F001012160A1695B
:10C6500041F00801A161A16941F01001A161616887
:10C66000090C090461606FB3D0F88C1047FA05F625
:10C670000C6824F400640C60CC6844F4C024CC60E2
:10C680004C68240C240434434C600C6844F00104CE
:10C690000C600C6844F400740C600024BC42D0F8B8
:10C6A0008C102CDB0B6823F001030B608B6943F0CB
:10C6B00008038B618B6943F010038B614B681B0C83
:10C6C0001B044B60D019F8BDD4F814E01EF0020F23
:10C6D000FAD0012D01EB060E05D131F806E0A4F8E1
:10C6E00020E06644A8E7022D04D1DEF800E0C4F89B
:10C6F00020E0F6E711F806E084F820E0F1E74E6963
:10C70000F607FCD5012D03EB040603D1096B195381
:10C710006444C3E7022D02D1096B3160F8E791F858
:10C7200030101955F4E700BFB3B20608B4B10608DB
:10C73000C2B106080FB407B505AB06480193064B16
:10C740001B68D96803F08AF803B05DF804EB04B005
:10C75000704700BFD0B106084C0E00240268136871
:10C7600023F0010310B513600446F9F743FA10B142
:10C770000948EFF7E1FE2046F9F730FBD4F88C20AA
:10C78000936943F040039361A36823B92268136857
:10C7900043F00103136010BD09B206082DE9F04112
:10C7A0000F46144611498046EEF772FB10490546C4
:10C7B0003846EEF76DFB0F4906462046EEF768FB5C
:10C7C0000137044605D101462846BDE8F041EEF7A1
:10C7D0003BBBB8F1FF3F02D101463046F5E7314699
:10C7E0002846EEF731FB2146EFE700BF809F0608A1
:10C7F000B49E060870A006082DE9F04F0F461546B6
:10C800001E4604462D4938462DED028BB9B0BDF9C0
:10C810001081EEF73DFB2A4981462846EEF738FBAA
:10C82000284901903046EEF733FB274982464046BF
:10C83000EEF72EFB019B834648461946EEF704FBB4
:10C84000814659465046EEF7FFFA01464846EEF754
:10C85000FBFA1A4981463846EEF730FB1849834601
:10C860002846EEF72BFB174982463046EEF726FBAB
:10C87000154908EE900A4046EEF720FBB9F1FF3F5C
:10C8800008EE100AC4F88C9004D1C6220F49104853
:10C89000EFF7F0FBC022002108A804F099F90D4A37
:10C8A000914537D14FF4805308A808930023209373
:10C8B000F8F772F990B10848EFF73EFE809F06083E
:10C8C000B49E060870A0060854A10608B4B1060874
:10C8D0001FB20608003001403AB20608B04BD3F848
:10C8E000982042F48052C3F89820D3F8982022F47C
:10C8F0008052C3F89820D3F8F02042F48052C3F855
:10C90000F020D3F8F03003F480530293029B2323EA
:10C91000A4F88830D4F88C20A24B9A4225D14FF449
:10C92000805308A8089300232093F8F735F90028CE
:10C93000C1D19B4BD3F8902042F48042C3F89020A1
:10C94000D3F8902022F48042C3F89020D3F8E82056
:10C9500042F48042C3F8E820D3F8E83003F480437F
:10C960000393039B2423A4F88830D4F88C208E4BA7
:10C970009A4225D14FF4805308A8089300232093AE
:10C98000F8F70AF9002896D1854BD3F8902042F4A5
:10C990000042C3F89020D3F8902022F40042C3F85C
:10C9A0009020D3F8E82042F40042C3F8E820D3F8FE
:10C9B000E83003F400430493049B3323A4F8883045
:10C9C000D4F88C20794B9A4226D14FF4005308A812
:10C9D000089300232193F8F7DFF800287FF46BAF6A
:10C9E0006F4BD3F8982042F40052C3F89820D3F844
:10C9F000982022F40052C3F89820D3F8F02042F493
:10CA00000052C3F8F020D3F8F03003F4005305933C
:10CA1000059B5423A4F88830D4F88C20644B9A42A8
:10CA200026D14FF4005308A8089300232193F8F768
:10CA3000B3F800287FF43FAF594BD3F8982042F465
:10CA40008012C3F89820D3F8982022F48012C3F8FB
:10CA50009820D3F8F02042F48012C3F8F020D3F8E5
:10CA6000F03003F480130693069B5523A4F8883016
:10CA7000D4F88C204F4B9A4226D14FF4804308A81B
:10CA8000089300233493F8F787F800287FF413AF56
:10CA9000434BD3F89C2042F02002C3F89C20D3F8EB
:10CAA0009C2022F02002C3F89C20D3F8F42042F00E
:10CAB0002002C3F8F420D3F8F43003F020030793E6
:10CAC000079B5623A4F8883059463846FEF70AF9E2
:10CAD00002213846FEF7BEF951462846FEF702F914
:10CAE00000212846FEF7B6F918EE901A3046FEF7F8
:10CAF000F9F800213046FEF7ADF9B8F1FF3FA4F890
:10CB00009050A4F89270A4F89460A4F8968042D053
:10CB100018EE101A4046FEF7E5F800214046FEF7F1
:10CB200099F94FF00053A3614FF0804363630135DF
:10CB3000D4F88C304FF0020108BF4FF4C022B4F992
:10CB4000940023604FF4800363604FF0E043E3619F
:10CB50004FF0000318BF1A46A362A363A260072226
:10CB6000A365E260C4E90B234FF00042C4E904333B
:10CB7000C4E908336265C4E90F33C4E91133C4E979
:10CB80001333FEF767F92046FFF7E8FD39B0BDEC37
:10CB9000028BBDE8F08F4FF08063A3610023C5E7EF
:10CBA0000044025800380040003C0040003401407E
:10CBB000005001400014005838B50446081F1C28D6
:10CBC00094BF01F1FF310721012AE16032D0022A2E
:10CBD00035D0002A38D122616261A269B2F1806F3A
:10CBE00005D0002B14BF00224FF00052A2619BB170
:10CBF000A3680025B3F5C02F656003D11448FFF783
:10CC000099FDA5600021B4F99200FEF723F90221F5
:10CC1000B4F99000FEF71EF92369B4F99400002BD3
:10CC20000CBF02210121FEF715F92046BDE838406E
:10CC3000FFF794BD002222614FF08072CCE74FF0E5
:10CC4000007222610022C7E74FF00072F3E700BFD5
:10CC5000D0B1060838B504460D46FBF74FFD00225B
:10CC600000EBD0735B10AB42D1B203DD0132082A76
:10CC700009D10721064B204653F82130E361BDE876
:10CC80003840FFF76BBD03EBD3735B10EBE700BFDE
:10CC9000D0B206081FB5836802460391B3F5C02FD2
:10CCA0000BD10023012203A90093FFF78DFC01386B
:10CCB00018BF012005B05DF804FBC368033B1C2BC3
:10CCC00003D81949C856002805DA40F2A942174985
:10CCD0001748EFF7CFF9D2F88C100B6843F40073C4
:10CCE0000B604B699B07FCD50128039B0BD19BB2C2
:10CCF0000B84D2F88C305A69D207FCD501280AD1AE
:10CD0000186B80B2D6E7022801D10B62F1E7DBB2E3
:10CD100081F82030EDE7022801D1186BCAE793F8BB
:10CD20003000C0B2C6E700BFB3B20608B4B106080F
:10CD3000C2B106082DE9F04F9B46C368164685B080
:10CD4000033B804689460E9F1C2B96BF324A4FF00C
:10CD5000FF34D45646FA04F3A340B34205D040F260
:10CD6000CF422E492E48EFF785F947FA04F3A34046
:10CD7000BB4204D04FF49A6228492A48F3E7BE42E6
:10CD80008368B246B8BFBA46002B3AD1002C9DF852
:10CD90003C3006DD43EA0322022C0CBF43EA0223A7
:10CDA000134601220025A240554503DB504605B03D
:10CDB000BDE8F08FB5421CDA012C09EB050112D158
:10CDC00039F805104046CDE90232FFF763FFBD4256
:10CDD000DDE9023205DA012C0BEB05010BD12BF852
:10CDE00005001544E0E7022C0CBF096819F805108E
:10CDF000E8E71946E6E7022C0CBF08600BF80500CF
:10CE0000EFE732463E445B460097FFF7DDFB864284
:10CE100018BF4FF0000AC9E7B3B20608B4B106085C
:10CE200055B2060884B20608074B084A13601A690F
:10CE3000910707D5DA68920704D56FF002021A61EC
:10CE4000EEF77EBA704700BF000C0040501401247A
:10CE500000487047F0B2060830B58BB0694602A8AA
:10CE6000F7F780FDF7F7DEFC274B0090D3F8E820BA
:10CE7000264942F00802C3F8E820D3F8E82002F07F
:10CE800008020192019A224AD1F88C409442FBD1C7
:10CE9000D3F890201F4C42F00802C3F89020D3F83A
:10CEA000902022F00802C3F890204FF44073CB602A
:10CEB000194B079A23604FF0FF33E360174B0ABB0F
:10CEC0000025B0FBF3F001382561A56060601148D2
:10CED000C4E90555F9F736F9114B124A9B68C3F8B6
:10CEE0000821BFF34F8F104B4FF480225A6009483E
:10CEF0002946F9F75DFA2268D36823F00203D3606C
:10CF00000BB030BD4000DBE700440258006402581B
:10CF10000003008050140124000C004040420F0028
:10CF200000ED00E029CE050800E100E00448002102
:10CF30000268D36823F00203D360F9F739BA00BF5F
:10CF400050140124014B586A704700BF000C004088
:10CF5000054B6FF002021B6858631A61DA6842F0F1
:10CF60000202DA60704700BF50140124064B6FF0D4
:10CF700002021B681A615A6942F002025A61DA68B9
:10CF800042F00202DA60704750140124034B1A6821
:10CF9000D36823F00203D360704700BF501401240C
:10CFA000024B6FF002021B681A6170475014012493
:10CFB000064B074A1B68596A11605A6B054B1A6089
:10CFC000054BDA68054B1A60704700BF5014012406
:10CFD000A01401244C140124000C00409C140124D2
:10CFE000064B074A1B6812685A62064A12685A635F
:10CFF000054B1A68054BDA60704700BF50140124D6
:10D00000A01401244C1401249C140124000C0040A1
:10D010005028F8B51CD000F00F040C2C56D8DFE8CF
:10D0200004F0074151071F555555552723071F0089
:10D03000144654F8045B45B100F07006102E08BF8A
:10D0400011460D44020648BF2D681D602046F8BDFC
:10D05000033222F0030454F8045B1D602046F8BD3F
:10D06000144654F8085BE6E7144634F9025BE2E73D
:10D0700000252F46144614F801CB0CF07F06BE4065
:10D080001CF0800F45EA060507F10707F3D11F2FB3
:10D09000D1D81CF0400FCED04FF0FF3606FA07F77C
:10D0A0003D43C9E700252F46144614F801CB0CF088
:10D0B0007F06BE401CF0800F45EA060507F1070712
:10D0C000F3D1B8E7144634F8025BB4E702F0E4F8B1
:10D0D00000F07000202811D00BD9402806D050282D
:10D0E0000AD030280DD1084602F0CCB8084602F02C
:10D0F000B9B808B1102804D100207047084602F0E2
:10D10000C5B808B502F0C8F8F8B50C46154607468C
:10D1100008B102F0A7F828602678FF2E04F1010478
:10D1200029D1686023782B75FF2B04F1010032D0E0
:10D13000102300242B75224610F8011B01F07F03F9
:10D140009340090644EA030402F10702F4D40444BC
:10D15000EC6003786B7500240130224610F8011B47
:10D1600001F07F0393401C430B0602F10702F5D444
:10D1700004442C61F8BD39463046FFF7A9FF22462A
:10D1800001462B1D3046FFF743FF0446601C237801
:10D190002B75FF2BCCD10023EB60DAE72DE9F04FA4
:10D1A00000F0030499B00023012C884617460C9325
:10D1B00000F096800DD3022C40F05F823946404645
:10D1C00002F03CF8002800F09B80092019B0BDE86F
:10D1D000F08F0207F2D40123049318AA002342F827
:10D1E0002C8D1946009238460C2201F0B7FA3846C9
:10D1F00002F03EF805900028E0D012AB1A460599DF
:10D2000006933846FFF780FF05469DF85C00FF282F
:10D2100000F0E5803946FFF75BFF044600230DF17F
:10D22000440B1946CDF800B00F223846149401F093
:10D2300073FA119E169B26F001069D4206F1FF36F9
:10D2400080F0D4800DF13C0A0DF140099DF85D405D
:10D25000FF2C4FF0000103D02046FFF739FF0146B5
:10D260002A4620465346FFF7D3FE9DF85D40FF2C2B
:10D2700005464FF0000103D02046FFF729FF014685
:10D280002A4620464B46FFF7C3FE9DF85D40FF2C23
:10D2900005464FF0000103D02046FFF719FF014675
:10D2A0002A4620465B46FFF7B3FE0024054621468A
:10D2B00015F8012B02F07F038B401C43130601F18C
:10D2C0000701F5D4129B0F9A1344B3421FD9049B54
:10D2D000DB0700F19180049B1C0715D500F00CFBC7
:10D2E00010F008041CD018AA44F0020442F82C1DC7
:10D2F0003846009219460C22049401F02FFA76E782
:10D30000082019B0BDE8F08F404600F0D7F9109A18
:10D310001344B34200F28880169BAB4296D8D6E7FE
:10D3200012AB009306930D22234621463846D8F8C7
:10D33000205001F0F1F9129B9D4202D00223049388
:10D340004BE718AA234642F82C8D21460092384616
:10D350000C2201F003FAD8F830300393002BD3D01D
:10D36000D8F828301A46D8F82C3005930DF13C0A2D
:10D370000DF140091346002B1C46C0F227810325FE
:10D3800018A9002341F8288D1A46009138461946FD
:10D3900001F0E4F9002319460122CDF800A0384637
:10D3A0000F9401F0DBF9002319460F22CDF800900D
:10D3B000384601F0B1F9109B039ACDF8009003F0C4
:10D3C000010400231443384619460F22109401F03B
:10D3D000C5F9022D05D0072019B0BDE8F08F002453
:10D3E0001CE7404600F00EFB0720EFE6049BD90740
:10D3F0007FF571AF0DF14009002403940023194615
:10D400000D22CDF8009038460C9D01F085F9059A63
:10D41000109BC8F82C20039AC8F83020C8E909549A
:10D42000C8F820300620D1E6119B002B3FF4C6AE91
:10D43000139A9A180392002C00F0F080169B013C7E
:10D440002344002A3FF4BAAE002B00F0F880049A7F
:10D4500012F00802099200F0038147214E2288F859
:10D46000001088F801205521432288F8021088F81E
:10D47000032046214F2288F8041088F80520522105
:10D48000002288F8061088F80720CDE90A7A0022E1
:10D490000792CDF820900024214600E02B461D463F
:10D4A00015F8010B00F07F028A40060644EA0204E8
:10D4B00001F10701F2D41F2905D8400603D5012246
:10D4C0008A405242144300263146A14613F8010F08
:10D4D00000F07F028A401643020601F10701F5D4ED
:10D4E0001F2905D8470603D501238B405B421E4305
:10D4F000002C4CD04EDC04F1010ACAEB8A72159B59
:10D5000003EB820753F82210B8F1000F01D0099BFA
:10D510002BB151B3002E00F08B80AB19BBE70C9BF5
:10D52000119329B991E057F8041F002900F08D806C
:10D5300039445B460022404600F00CFA0028F2D045
:10D54000E8E7E2005242DDE914131A44089BFFF7B2
:10D550005FFD109949B1B8F1000FDBD00CAB002290
:10D56000404600F0F7F90028D4D0049BD8074A467B
:10D57000DDE90A7ADDF820903FF540AF099B002BEA
:10D580003FF4F8AE002CBFF6FAAE00F0C3F9012369
:10D590000793BFE79DF85C00FF283BD000F007032E
:10D5A000042B6AD801A252F823F000BFC7D50508A2
:10D5B0007BD60508C1D50508C7D5050843D505089C
:10D5C00062005242BFE7A2005242BCE701331D464F
:10D5D000DDE905123846FFF797FD9DF85C00FF284E
:10D5E0001AD03946FFF774FDC5EB85729200159D80
:10D5F0001490AB58154433B12A46002352F8041F47
:10D6000001330029FAD10422C8E90C25C8E90A30FF
:10D610000325B5E6002296E70020E5E7039B002BF3
:10D620003FF4CCAD049BDA073FF5C8AD0225A7E671
:10D63000DDE90739DDE90A7A002B3FF4BFAD049B31
:10D64000DD073FF5BBAD0024F0E7049B0A9FDDF842
:10D650002090DE075546DDF82CA03FF5CFAEB7E7AA
:10D6600098F80720012A0CBF58F8202C08F158021E
:10D670000C920AE700F0A0F830E601F00DFE00BFC2
:10D680000378472B01D00020704743784E2BFAD106
:10D690008378552BF7D1C378432BF4D10379432BEF
:10D6A000F1D143792B2BEED183792B2BEBD1C079A0
:10D6B00001288CBF00200120704700BF10B530B199
:10D6C000044600F079F82046FFF7DAFF08B900F0C9
:10D6D00013F954F8140C00F0FBF800BF2DE9F04FDB
:10D6E00085B00246FFF7CCFF50B152E906851046DF
:10D6F000966AD2E90C7400F05FF8404600F006F933
:10D70000104600F059F800F005F900F055F800F067
:10D71000F3F800F051F800F0D3F8036893F82720ED
:10D720000DF1100A012A0CBF1A6803F178024FF0BC
:10D73000000820334AF8082D27F0030B0193C14657
:10D74000B1451BDA276807B1274453460022394602
:10D75000019800F0FFF8E8B93B6814491B69009391
:10D7600004AA012342F8040D3846009FB847002858
:10D7700018BF804609F101095C44E1E7B8F1000FE8
:10D7800010D0042000F0D2FA094B0360094A07497F
:10D7900000F0F0F900F00AFA00F04EF800F04CF852
:10D7A00000F0D2F8284600F093F800BF20B3060836
:10D7B000A4B306081DDC050838B5044600F084F85B
:10D7C00022780368472AA4F1200104D08BBB1C46B1
:10D7D0000160204638BD62784E2AF7D1A278552ADA
:10D7E000F4D1E278432AF1D12279432AEED1627949
:10D7F0002B2AEBD1A2792B2AE8D1E279012AE5D8AC
:10D8000054F80C2C002A11DB0132456844F80C2C2A
:10D810008B4205F1FF3545601CBF44F8103C0160A8
:10D820002046646A00F070FF204638BDC2F1010254
:10D83000EBE700F061F800BF08B500F041F80246E0
:10D84000006870B390F82030472B06D00023136097
:10D850002030BDE8084000F059BF90F821304E2B31
:10D86000F4D190F82230552BF0D190F82330432B8F
:10D87000ECD190F82430432BE8D190F825302B2BB5
:10D88000E4D190F826302B2BE0D190F82730012BF3
:10D89000DCD84369002B05DB013B002B07D00DDBF7
:10D8A000436108BD0133FBD101691160F8E70369E9
:10D8B00013602030BDE8084000F028BF00F01CF8DD
:10D8C00000487047B072002400487047B0720024CE
:10D8D00008B5804701F0E0FCFFF76EFF01F0DCFCCB
:10D8E0000D460446FFF7A8FF013501D000F02CF8E3
:10D8F0002046FFF7F3FE00BF08B5034B1868BFF3DF
:10D900005B8FFFF7E5FF00BF440E002408B580479A
:10D91000FFF7F2FF08B5034B1868BFF35B8FFFF703
:10D92000F5FF00BF480E0024024B1868BFF35B8F61
:10D93000704700BF440E0024024B1868BFF35B8F92
:10D94000704700BF480E00241EB400F08DF81EBCC6
:10D9500001F09EFAF0B50278472A83B00D461F46C3
:10D960001ED00023254C0193236820469B689847CE
:10D9700080B1019B1B68019302262B682146284633
:10D980001C6901AA0123A04730B1019B3B603046CE
:10D9900003B0F0BD0126F0E70646304603B0F0BD07
:10D9A00043784E2BDDD18378552BDAD1C378432BC6
:10D9B000D7D10379462B15D00379432BD1D14379A5
:10D9C0002B2BCED183792B2BCBD1C379012BC8D86C
:10D9D00050F8204C02D058300190C5E7204654F84A
:10D9E000784CF9E743794F2BE6D18379522BE3D179
:10D9F000C379002BE0D10193014CB5E718B30608B9
:10DA000010B3060810B50446FFF75EFF2378472BD6
:10DA1000A4F1200204D0836823BB8260012010BDE2
:10DA200063784E2BF7D1A378552BF4D1E378432BB1
:10DA3000F1D12379432BEED163792B2BEBD1A37951
:10DA40002B2BE8D1E379012BE5D854F8043C0133C2
:10DA5000012B44F8043CE1D1836844F8083C82601F
:10DA6000012010BDFFF748FF08B5FFF72DFF8368C1
:10DA700083B393F82020472A04D00022826003F168
:10DA8000200008BD93F821204E2AF6D193F82220D9
:10DA9000552AF2D193F82320432AEED193F824207B
:10DAA000432AEAD193F825202B2AE6D193F82620A1
:10DAB0002B2AE2D193F82720012ADED8DA69013A2D
:10DAC000DA61002ADBD19A69826000229A6103F14F
:10DAD000200008BDFFF710FF012810B51AD8BFF3CA
:10DAE0005B8FA1F1280353E8002F013A43E800209F
:10DAF0000028F8D1BFF35B8F5AB951F81C3C01F1F3
:10DB000058040BB1204698472046BDE8104000F06D
:10DB100025B910BD51F8140CFFF7DAFEF8B5002551
:10DB200040E91E1240F8805C0446FFF705FF44F808
:10DB3000700CFFF7F9FE472343224E2755260C4968
:10DB400004F8583C2B2304F8515C04F8577C04F883
:10DB5000566C44F8501C04F8552C04F8542C04F866
:10DB6000533C04F8523C44F86C0CA4F18000F8BD1E
:10DB7000D9DA0508F8B505460E461746FFF7A4FEA4
:10DB80004368044601333A46314663602846FFF74E
:10DB9000C5FF0446012344F8283B204601F066F9FE
:10DBA0002046FFF709FEFFF7A7FE00BF10B5FFF7FD
:10DBB0008BFED0E900420132426064B194F820202B
:10DBC000472A0AD0002202602034204601F072F970
:10DBD0002046FFF7F1FDFFF78FFE94F821204E2A33
:10DBE000F0D194F82220552AECD194F82320432A2E
:10DBF000E8D194F82420432AE4D194F825202B2A54
:10DC0000E0D194F826202B2ADCD194F82720012A91
:10DC1000D8D8626952426261D6E700BF704700BF40
:10DC200000487047FCB2060810B504210446EFF71F
:10DC30007FF9204610BD00BFF0B4224C6368A0F10C
:10DC400008061BB350F8087CF519AB421ED822D049
:10DC50005968002931D08D4203D32EE0954205D278
:10DC600011464A681C1D0B46002AF7D195421CD06C
:10DC700023681A6899188E421CD05B6840F8043CEF
:10DC8000236840F8087C5E60F0BC704740F8043CB4
:10DC90006660F0BC7047D3E90023174440F8087C65
:10DCA00040F8043C6660F0BC7047D5E900324A6039
:10DCB0001F44DDE717441F60EBE70A4604341946AA
:10DCC000D4E700BFBC72002430B4174C00F1080246
:10DCD0006368082A38BF082203B30732196822F0A4
:10DCE00007028A4204D81BE001688A4205D903462C
:10DCF00058680028F8D130BC704704338C1A072CC0
:10DD0000456808D981184D60845018680260196010
:10DD1000083030BC704701601D60F9E71846EAE73B
:10DD20001846231DEAE700BFBC72002410B500F1BD
:10DD30008004204602F000FB38B103468022002117
:10DD4000184602F045FF803010BD2046FFF7BCFFAB
:10DD500003460028F2D1FFF7CFFD00BF064A9368C3
:10DD60008038984203D9D2681344984201D302F014
:10DD7000EBBAFFF761BF00BFBC72002438B5084C96
:10DD80004FF41E652846E56002F0D6FAA06020B187
:10DD900000236060C0E9005338BDE060606038BDBA
:10DDA000BC72002410B5034B0360044600F0C2F8B7
:10DDB000204610BDECB3060810B5054B03600446C1
:10DDC00000F0B8F820460C21EFF7B2F8204610BD5D
:10DDD000ECB3060870B582B00E46069C9442054628
:10DDE00009D0A868056806942C6A3146A44602B09A
:10DDF000BDE87040604719460192009300F062F858
:10DE0000DDE900320028ECD0062002B070BD00BF72
:10DE10002DE9F04F0E4681B019461F4691468346C4
:10DE2000DDE90A4ADDE90C8500F04CF870B1002EFE
:10DE30002C6085F804901DDB3444A0450CBF0624FB
:10DE40000124AC71002001B0BDE8F08F444516D02C
:10DE5000DBF80800D0F800C0CDE90C85CDE90A4A0E
:10DE6000DCF81C403B464A463146A44601B0BDE8BA
:10DE7000F04F60470236E5D10123AB71E2E751462E
:10DE8000584600F01FF80028E2D085F80590D9E741
:10DE90002DE9F04107460C4615461E4600F084F871
:10DEA00008B1BDE8F081B86807682146BC6933460F
:10DEB0002A46A446BDE8F041604700BF704700BF56
:10DEC0000020704781420FD008B5406803782A2BA4
:10DED0000CD049680B782A2B08BF013103F0F4F904
:10DEE000B0FA80F0400908BD01207047002008BD4D
:10DEF00070B5036884B000249E6900941023154611
:10DF0000CDE9023412688DF804406B46B0479DF8A5
:10DF1000043003F00603062B03BF009B2B60012097
:10DF2000204604B070BD00BF009890420CBF062090
:10DF30000120704710B5034B03600446FFF7BEFF96
:10DF4000204610BD60B4060810B5054B03600446BA
:10DF5000FFF7B4FF20460821EEF7EAFF204610BD88
:10DF600060B406082DE9F041DDE90814069D8D42F4
:10DF700090461F4606460CD039463046FFF7A2FFB2
:10DF800020B10123256084F80480A3710020BDE83E
:10DF9000F0810799FFF796FF0028EDD084F80580FF
:10DFA0000020BDE8F08100BF38B515461C46FFF7DC
:10DFB00089FF20B1082206232560E260237138BD65
:10DFC0002DE9F04117461C4606460D46FFF77AFF3D
:10DFD00008B9032C01D9BDE8F0812B683A463146D7
:10DFE00028465B69BDE8F041184700BF7BB972B9AC
:10DFF0000029BEBF00204FF0004106E008BF002806
:10E000001CBF6FF000414FF0FF3001F043B9ADF19C
:10E01000080C6DE904CE002909DB002B1ADB00F0A7
:10E020004DF8DDF804E0DDE9022304B0704740421A
:10E0300061EB4101002B1BDB00F040F8DDF804E050
:10E04000DDE9022304B0404261EB4101524263EB3F
:10E0500043037047524263EB430300F02FF8DDF8AF
:10E0600004E0DDE9022304B0404261EB4101704766
:10E07000524263EB430300F021F8DDF804E0DDE9F0
:10E08000022304B0524263EB4303704753B94AB9C9
:10E09000002908BF00281CBF4FF0FF314FF0FF30B0
:10E0A00001F0F8B8ADF1080C6DE904CE00F006F807
:10E0B000DDF804E0DDE9022304B070472DE9F04704
:10E0C000089E04468846002B4BD18A42154667D9E4
:10E0D000B2FA82F24AB1C2F1200701FA02F320FA41
:10E0E00007F7954047EA030894404FEA154E230C82
:10E0F000B8FBFEF71FFA85FC0EFB178843EA0843BE
:10E1000007FB0CF1994209D9EB1807F1FF3080F0B9
:10E110001B81994240F21881023F2B445B1AA4B242
:10E12000B3FBFEF00EFB103344EA034400FB0CFC8F
:10E13000A44509D92C1900F1FF3380F00781A445CB
:10E1400040F2048102382C4440EA0740A4EB0C045E
:10E1500000271EB1D4400023C6E900433946BDE87C
:10E16000F0878B4209D9002E00F0EB800027C6E92A
:10E17000000138463946BDE8F087B3FA83F7002F2F
:10E1800047D18B4202D3824200F2FA80841A61EBBB
:10E19000030301209846002EE0D0C6E90048DDE7E1
:10E1A00002B9FFDEB2FA82F2002A40F08F80491BEA
:10E1B0004FEA154E1FFA85F80127B1FBFEFC230C30
:10E1C0000EFB1C1143EA014308FB0CF1994207D9ED
:10E1D000EB180CF1FF3002D2994200F2CD80844658
:10E1E000591AA3B2B1FBFEF00EFB101443EA04442B
:10E1F00008FB00F8A04507D92C1900F1FF3302D223
:10E20000A04500F2B6801846A4EB080440EA0C4092
:10E210009FE7C7F1200CBB4022FA0CFE4EEA030E2A
:10E2200001FA07F420FA0CF521FA0CF34FEA1E4824
:10E230002543B3FBF8F92C0C08FB19331FFA8EFAAF
:10E2400044EA034309FB0AF49C4202FA07F200FA8B
:10E2500007F10BD91EEB030309F1FF3080F0878033
:10E260009C4240F28480A9F1020973441B1BADB2A9
:10E27000B3FBF8F008FB103345EA034400FB0AFA4D
:10E28000A24508D91EEB040400F1FF336BD2A2456E
:10E2900069D90238744440EA0940A0FB0289A4EB22
:10E2A0000A044C45C2464B4654D351D0002E69D087
:10E2B000B1EB0A0564EB030404FA0CFCFD40FC40DE
:10E2C0004CEA0505C6E90054002747E7C2F12003E0
:10E2D00020FA03F7954001FA02F021FA03F34FEA1E
:10E2E000154E3843010CB3FBFEF71FFA85F80EFB01
:10E2F000173341EA034107FB08F38B4204FA02F4A7
:10E3000007D9691807F1FF3C2FD28B422DD9023F64
:10E310002944CB1A81B2B3FBFEF00EFB103341EA65
:10E32000034100FB08F38B4207D9691800F1FF3C59
:10E3300017D28B4215D902382944C91A40EA074737
:10E340003BE73746304609E70746E7E61846FBE66F
:10E350004145ABD2B8EB020A69EB0E020138134615
:10E36000A4E76046E9E7184695E76746D1E78146A6
:10E370007CE702382C4447E7ACF1020C2B442FE732
:10E38000384608E73746E9E603685A004CBF43F0D1
:10E39000004323F000431844704700BF61B32DE9E8
:10E3A000F84F01F1FF3A90460646D146002707EBA9
:10E3B000090404EBD4746410E50071190846FFF7F2
:10E3C000E3FFA245834605F10800304409D0FFF77A
:10E3D000DBFFC34500F1FF3005D8404509D2671C7B
:10E3E000E5E7C34505D9A74202D004F1FF39DEE7CE
:10E3F00000210846BDE8F88F08467047012807D07D
:10E40000022807D0044B00280CBF18460020704794
:10E410000248704702487047E9EA0508EDEA050836
:10E42000F1EA050830B5254B83B004468D1E4BB389
:10E4300001A92846AFF30080F0B101992A46FFF701
:10E44000ADFF0146C0B1FFF79FFF4B68A064012BF1
:10E450002ED0002B01F1040026DBFFF795FF0023EF
:10E46000C4E913030368002B12DBFFF78DFF0023C1
:10E470002061184603B030BD0023236109231846EC
:10E4800003B030BD0E490F48091AC9100191D5E7F4
:10E49000C3F30360FFF7B2FF002814BF0023092372
:10E4A0002061184603B030BD0123C4E91303D9E746
:10E4B000002323610523184603B030BD000000008F
:10E4C00080C3060808BC06080368DA0710B50446CE
:10E4D00006D49B0700F1480009D500F05FFC2368D3
:10E4E000590709D51A070ED5DB0613D510BD00F064
:10E4F0004DFC23685907F5D404F1D00000F056FC18
:10E5000023681A07F0D404F5A87000F057FC2368BC
:10E51000DB06EBD404F5E870BDE8104000F092BCD7
:10E52000036803B103441846704700BF09207047D1
:10E53000704700BF70B504460D4608E02B6C636160
:10E540002A462369214601209847082808D1296CCA
:10E550002046FFF767FF06460028EFD000F09CFE3C
:10E560000728FBD13046296CFFF7E2FF281D00F099
:10E5700001FC00BF2DE9F0470C1D054617460FCCE6
:10E58000ADF5727D03AE0FC60FCC0FC60FCC0FC614
:10E5900094E80F0002ACD5F80C80D5F8189086E806
:10E5A0000F000023236021E0236C6B614FF4F072B5
:10E5B00021467AA802F00EFA2B697AAA294630463B
:10E5C0009847889BCDE900498246636431462B46D3
:10E5D0002A460120C0470746F8B94FF4F0727AA9DD
:10E5E000204602F0F7F9BAF1080F1CD1216C284639
:10E5F000FFF718FF002F08BF0926074618BF0A2695
:10E600000028D1D0A36B46F01001CDE900492A467D
:10E61000636401202B46C04700B1092738460DF539
:10E62000727DBDE8F087BAF1070FF6D13846216C4C
:10E63000FFF77EFF03A800F09DFB00BF406C704712
:10E64000F0B5CB6B0B640D1D0F4606460FCDF9B030
:10E6500001AC0FC40FCD0FC40FCD0FC495E80F0050
:10E660004FF0FF3584E80F00009506E033696A46F5
:10E67000314698470828044608D110993046FFF7DC
:10E68000D1FE0028F2D0092079B0F0BD6846FFF72E
:10E690001BFF062CF7D139463046FFF74BFF00BF72
:10E6A00030B4DD6BC160826119461D64002230BC4C
:10E6B00060E700BF70B5C66843690B64BEB9036903
:10E6C0000A4604460D46014602209847072807D00F
:10E6D000082803D129462046FFF72CFF00F0DCFD77
:10E6E0003046296CFFF724FF281D00F043FB012270
:10E6F000FFF740FF00F0D0FDC2681AB1CA6B0A6490
:10E70000002237E79CE700BF704700BF836813B162
:10E710000146012018477047042907D8DFE801F0B7
:10E720000308060808000BB90F2A03D90220704716
:10E730000120704700EB820218465368009A13606C
:10E74000704700BF10B584B0002303AC0A460094A4
:10E750001946FFF7E1FF039804B010BD042907D85C
:10E76000DFE801F00308060808000BB90F2A03D9F7
:10E77000022070470120704700EB8200009A126867
:10E7800042601846704700BF10B584B004AC002347
:10E7900044F8042D0A4600941946FFF7DFFF04B041
:10E7A00010BD00BFF0B5D36B1364151D07460E46B0
:10E7B0000FCDADF50F7D17AC0FC40FCD0FC40FCD2E
:10E7C0000FC495E80F004FF0FF3584E80F00169551
:10E7D00010E016A8FFF7D8FF314616A8B84716AACA
:10E7E000694678B9049B08209847052804460AD052
:10E7F000092807D026996846FFF714FE6A460C21BF
:10E800000028E6D0092416A8FFF75EFE20460DF585
:10E810000F7DF0BD2DE9F04F0D46C96C89B00C1D80
:10E82000164600F0030B0A6806941F46002B68D0BA
:10E83000130CD9B212048DF81D30022304EB8104AD
:10E8400005928DF81C302B6DBBF1020F08BFAC6B2D
:10E8500013F0010346D1019300F008030093D4F8AC
:10E860000090B9F1000F00F0F380022F45D0B4F80A
:10E870000090B4F802800434AB6C28F0010A0F2138
:10E8800030469A44FFF75EFF824534D829F00103F1
:10E890005344834294BF002001204FEA480808F007
:10E8A000020809F0010948EA0908B8F1010F3AD055
:10E8B00031D3B8F1020F1AD1236823F0004ABBF11B
:10E8C000000F66D130B1009A002A6CD0BAF1000F67
:10E8D00000F09080002B00DA04340AF1010304EB0D
:10E8E0008304BCE7304605A900F046FB78B1092057
:10E8F00009B0BDE8F08F0020CFE7D4F804800834D9
:10E90000BAE7120203230592ADF81C309BE70820FA
:10E9100009B0BDE8F08FBBF1000F02D0002840F035
:10E92000B48004349BE7BBF1000F18D1A8B1D4E93F
:10E930000023991C4FEAD272D9D005F15801013356
:10E94000049100F0B580201DFFF7EAFD04AB0146FD
:10E950002846FEF7FFFF002867D108347FE70D2126
:10E960003046D5F82080FFF7EDFE8045F5D1AB6A43
:10E970009C42F2D12046FFF707FD0F2102463046A8
:10E98000FFF702FF30462A460021FFF7FDFE072071
:10E99000AEE70D213046D5F82080FFF7D3FE804545
:10E9A00032D0236896E7BAF1000F23D005F158035F
:10E9B00004F10408CDF808B0DDF800900397A346F1
:10E9C0001C4602E05745B94640D040460494FFF744
:10E9D000A7FD04AB014600222846FEF7BBFF09F164
:10E9E000010708F104080028ECD0D1455C46DDE9B8
:10E9F00002B7D6D130460D21FFF7A4FE049B286252
:10EA0000C5E90934062073E7AB6A9C42C9D10422E8
:10EA10004FF00008A318C5E90AA8C5E90C2323682C
:10EA200043454DDB0123019357E780460D213046D6
:10EA3000FFF788FEB8F1020F28623ED12B46049AF8
:10EA400043F82C2F6B62AC62062051E75C46D1E79D
:10EA500005A9304600F090FA00287FF448AF019BEA
:10EA6000002B3FF454AF0F213046FFF76BFE0E2111
:10EA700002463046FFF788FE30461A4A0F21FFF75C
:10EA800083FE072009B0BDE8F08F2046FFF77CFC2D
:10EA900004340746AC632846FEF7B4FF00283FF471
:10EAA00026AF30463A460F21FFF76EFE07201FE7DC
:10EAB00030460D21FFF746FE2862049B6B62C2E7D9
:10EAC0000AF1010004EB8000FFF75EFC0F21024613
:10EAD0003046FFF759FE30462A464146FFF754FEBE
:10EAE000072005E7DDD60508002393E6012391E61C
:10EAF00002238FE62DE9F0410546C4B0042906D86B
:10EB0000DFE801F04D2B05030900032B5FD0022045
:10EB100044B0BDE8F081002BF9D1102AF7D82B685A
:10EB2000DC0600F1F48022AC2046019200F094F95A
:10EB3000A86B019A0023012606FA03F1114203D0C3
:10EB4000016844F8231004300133042BF4D1A86386
:10EB5000204600F077F90020DAE7012B4FEA124651
:10EB600097B252D0052BD2D106EB0708B8F1200F8F
:10EB7000CDD80F2E40F29980B846002F40F0DB80B0
:10EB8000AA6BAA630F2E40F2BE80B8F1000F02D02C
:10EB900002A800F00BF9002044B0BDE8F081002B82
:10EBA000B5D1AC6B97B2281D012606FA03F13942A4
:10EBB00003F1010302D0216801600434102B00F13D
:10EBC0000400F2D112F40050E5D1AC63A0E7160CBA
:10EBD00097B2F319102B9AD82B681A075DD422AC80
:10EBE000204600F00DF904EBC601AB6B3FB103EB1F
:10EBF000C702186841F8040B04339342F9D1204648
:10EC0000AB6300F0DBF8002082E7F219102A3FF630
:10EC10007EAF0F2E3FF67BAF2A68D10708D5284676
:10EC200022F0030240F8482B019300F0B3F8019B57
:10EC3000019322AC204600F0ADF8A96B019B002F98
:10EC400000F095807F0004EBC6044FF00008043C00
:10EC500001EB870251F8040B44F8040F9142F9D1FB
:10EC6000B8F1000F0FD002AC102E314638BF102182
:10EC700004EBC101843902EBC80452F8040B41F8DB
:10EC8000040F9442F9D1012B7FF47BAF22AC043204
:10EC9000AA63204600F07AF87DE723F008032B6092
:10ECA00005F5A87000F0ACF899E7B8F1100F2A68E4
:10ECB00043D9D007A8F110080BD5284622F001024D
:10ECC00042F0020240F8482B019300F06BF82A68EA
:10ECD000019B510725D40F2E04D822A8019300F0E0
:10ECE00061F8019B019302AC204600F063F8C6F185
:10ECF00010010029AA6B019BB6DD22AC4F0004EB8A
:10ED0000C6041146A3E722A800F048F83DE723F027
:10ED100010032B6005F5E870019200F09DF8019A50
:10ED200001E7284622F0040240F8D02B019300F0BE
:10ED300041F8019BCFE72A68CBE7D0070AD52846E0
:10ED400022F0010242F0020240F8482B019300F049
:10ED500029F8019B019322AC204600F023F8B84625
:10ED6000A96B019B002F7FF46DAF0A4609E70A46A5
:10ED70008DE700BF00F1340191E838009C46A646BB
:10ED80004CF8045D90E8FF0FE54600BD90EC210BC8
:10ED9000704700BF80EC210B704700BF90EC200B48
:10EDA000704700BF80EC200B704700BFD0EC200BF9
:10EDB000704700BFC0EC200B704700BFF0EC0201B1
:10EDC000F0EC0211F0EC0221F0EC0231F0EC024127
:10EDD000F0EC0251F0EC0261F0EC0271F0EC028117
:10EDE000F0EC0291F0EC02A1F0EC02B1F0EC02C107
:10EDF000F0EC02D1F0EC02E1F0EC02F1704700BF60
:10EE0000E0EC0201E0EC0211E0EC0221E0EC023166
:10EE1000E0EC0241E0EC0251E0EC0261E0EC027156
:10EE2000E0EC0281E0EC0291E0EC02A1E0EC02B146
:10EE3000E0EC02C1E0EC02D1E0EC02E1E0EC02F136
:10EE4000704700BFB0FC0181B0FC0191B0FC01A192
:10EE5000B0FC01B1704700BFA0FC0181A0FC019192
:10EE6000A0FC01A1A0FC01B1704700BFEC4600B5B9
:10EE70002DE900502DE9FF1F4FF000032DE90C0094
:10EE800001A9FFF7DDFBDDF840E012B0704700BFDD
:10EE9000EC4600B52DE900502DE9FF1F4FF00003AF
:10EEA0002DE90C0001A9FFF705FCDDF840E012B0E8
:10EEB000704700BFEC4600B52DE900502DE9FF1F5B
:10EEC0004FF000032DE90C0001A9FFF715FCDDF858
:10EED00040E012B0704700BFEC4600B52DE900508D
:10EEE0002DE9FF1F4FF000032DE90C0001ABFFF7E8
:10EEF000D7FBDDF840E012B0704700BFEC4600B52C
:10EF00002DE900502DE9FF1F4FF000032DE90C0003
:10EF100001AAFFF747FCDDF840E012B0704700BFE0
:10EF2000027A82B9437AABB14268013B10B44372B2
:10EF300013680321141D01721A02446002605DF817
:10EF4000044B180E70470368013A02721A020260FD
:10EF5000180E7047B020704700B585B003AA002393
:10EF6000009219460C22FFF7D7FB039805B05DF815
:10EF700004FB00BFF0E700BF2DE9F043054685B074
:10EF80000E464FF000083046FFF7CAFFB02804468F
:10EF900000F0B180070620D500F0F003802B65D08B
:10EFA000902B36D0A02B78D0B02B47D0C02B00F0C0
:10EFB0008A8000F0F803D02B0BD100F00702013259
:10EFC00042F40022052301212846FFF793FD002883
:10EFD000D9D0092005B0BDE8F0830DF10C0900235C
:10EFE00019468700CDF800900D222846FFF794FBC4
:10EFF000FFB2039BCDF80090043760064CBFDF1BC7
:10F00000FF18002319460D2228460397FFF7A6FB99
:10F01000B9E700F00D030D2BDBD003AF002300F0A8
:10F020000F02194600972846FFF776FB002300974A
:10F0300019460D222846FFF791FBA4E7B1285FD0BF
:10F04000B22800F0CC80B3287ED000F0FC03B42BB3
:10F05000BFD000F007020132012342F4002219461A
:10F060002846FFF747FD00288DD0B2E73046FFF76E
:10F0700057FF24020443B4F5004FAAD02401002313
:10F08000A2B219462846FFF735FD0028A1D114F495
:10F09000004F18BF4FF0010875E7C24302F00703A5
:10F0A0004FF47F621A41010702F47F624FF00003C0
:10F0B00048BF42F4804219462846FFF71BFD00284E
:10F0C0003FF461AF85E7C62851D0C7285AD000F079
:10F0D000F803C02B69D0C82875D0C9287FF479AF50
:10F0E0003046FFF71DFF020300F00F0002F470220C
:10F0F0000130024366E7B8F1000F14D0002069E741
:10F100003046FFF70DFF00283FF463AF10F0F00327
:10F110007FF45FAF024619462846FFF7EBFC002854
:10F120003FF431AF55E703AC43460E22414600940D
:10F130002846FFF7F1FA0094284643460F2241463D
:10F14000FFF70CFB404645E73046FFF7E9FE0103B9
:10F1500000F00F0001F47021421C01230A432846ED
:10F160001946FFF7C7FC00283FF40DAF31E73046E2
:10F17000FFF7D6FE010300F00F0001F47021421CDE
:10F180000323EBE73046FFF7CBFE024600283FF4AF
:10F1900020AF10F0F0037FF41CAF04212846FFF7E6
:10F1A000A9FC00283FF4EFAE13E700F00F02013294
:10F1B000032342F4202219462846FFF79BFC00282F
:10F1C0003FF4E1AE05E73046FFF7AAFE00F0F0029B
:10F1D00000F00F031032013343EA0232F2E600235B
:10F1E0000DF10C090D221946CDF800902846FFF7C5
:10F1F00093FA3046FFF794FE02064FF002070CD553
:10F20000039B00F07F00B840034430460393FFF7B0
:10F2100087FE030607F10707F2D4039BCDF80090A1
:10F2200000F07F0403F50172BC400023144419462A
:10F230000D2228460394FFF791FAA4E610B5C36C9B
:10F2400084B05A6803208DF80C00DC798DF80D40ED
:10F2500012020833084601A901920293FFF78CFEBF
:10F2600004B010BD08B5FFF785FE806C08BD00BF77
:10F2700008B5FFF77FFEC06CC37900EB8300083050
:10F2800008BD00BF08B500F007F800BF08B5FFF7DC
:10F29000F9FF00BF704700BF08B5062001F0EAFE85
:10F2A0000120EDF7BDFD00BF014B1868704700BF9E
:10F2B0004C0E002470B5002948D005460C4610B10C
:10F2C000836B002B48D0626EB4F90C30D00740D469
:10F2D000990530D52146284600F05CF8E36A0646D9
:10F2E00033B1E169284698470028B8BF4FF0FF3690
:10F2F000A3891A063CD4216B41B104F14003994221
:10F3000002D02846ECF7B0FE00232363616C21B1E4
:10F310002846ECF7A9FE0023636400F0E9F9636E68
:10F320000022DB07A2811FD5A06D00F087FF00F04F
:10F33000E5F9304670BDA06D00F082FFB4F90C30E5
:10F34000002BC7D1666E16F0010616D00026304697
:10F3500070BD002BFAD0BDE700F04CF9626EB4F935
:10F360000C30D007F5D4B3E7A06D00F06BFFDBE7FE
:10F3700021692846ECF778FEBDE7A06D00F062FF3A
:10F38000304670BD024B01461868FFF793BF00BFBF
:10F390004C0E0024B1F90C309AB22DE9F0410C4624
:10F3A0001107804644D4626843F40063002AA381B5
:10F3B00059DDA56A002D53D000229BB2D8F8006019
:10F3C000E169C8F8002013F4805240F083800123E3
:10F3D0004046A847421C4AD0A389A56AE1695B0759
:10F3E00005D56268236B801A0BB1E36BC01A024625
:10F3F00000234046A847471C45D0B4F90C30226989
:10F40000226023F400630022A381DB04626000D544
:10F410002065216BC8F8006011B304F140039942E4
:10F4200002D04046ECF720FE00202063BDE8F081CA
:10F430002669AEB12568266092070CBF6369002378
:10F44000AD1BA3600AE02B463246676AE16940467D
:10F45000B8470028A5EB000506442BDD002DF2DCA3
:10F460000020BDE8F081E26B002AA2DCF8E7D8F8C2
:10F470000030002BB0D01D2B01D0162B2CD1C8F89A
:10F4800000600020EDE7D8F800101D291AD8154BB0
:10F49000B4F90C20CB40DB4313F0010314D12569F0
:10F4A00022F40062C4E90053D504A281B1D5002939
:10F4B000AFD1ADE7A38943F04003A3814FF0FF3004
:10F4C000BDE8F081B4F90C2042F04002A2814FF077
:10F4D000FF30C6E7206D82E7A38943F04003A38194
:10F4E000BFE700BF0100402038B50D46044608B113
:10F4F000836BA3B1B5F90C00B8B16B6EDB0701D417
:10F5000081051AD520462946FFF744FF6B6EDA07BE
:10F51000044602D4AB899B050AD5204638BD00F0CD
:10F5200069F8B5F90C000028E7D10446204638BD3B
:10F53000A86D00F087FE204638BDA86D00F080FE63
:10F54000E0E700BF20B1054B01461868FFF7CCBFCC
:10F55000034B0449186800F013BE00BF4C0E002492
:10F5600088B50608E9F4050810B500230446818132
:10F57000C281C0E9003383604366C0E9043383611C
:10F58000194608225C3001F023FB07480749084A66
:10F59000084BE362C4E90740C4E9091204F15800CA
:10F5A000BDE8104000F048BE41110608651106088C
:10F5B000A1110608C1110608014900F0E1BD00BF14
:10F5C000B5F2050870B54A1E682505FB02F50E4622
:10F5D00005F17401ECF7FCFC044640B100210C304D
:10F5E000666005F168022160A06001F0F1FA204632
:10F5F00070BD00BF10B50446124800F021FEA26B9A
:10F60000D2B904F53B731048C4F8E8320321C4F8BA
:10F61000E022E063C4F8E41260680421FFF7A4FF6D
:10F6200001220921A068FFF79FFF02221221E06852
:10F63000FFF79AFF0123A3630248BDE8104000F0E2
:10F6400001BE00BFB8140124B9F5050870B506461F
:10F65000244800F0F5FD244B1D68AB6B83B305F522
:10F660003875D5E90134013B05D525E0013B5A1C2D
:10F6700004F1680420D0B4F90C20002AF6D100254A
:10F680001A4BE36004F15800656600F0D5FD15489B
:10F6900000F0D8FD2560C4E90155C4E90455A56111
:10F6A0002946082204F15C0001F092FAC4E90C55E5
:10F6B000C4E91155204670BD2C682CB12546D0E711
:10F6C0002846FFF797FFCAE704213046FFF77AFF85
:10F6D000044628600028F1D1024800F0B3FD0C2355
:10F6E0003360E7E7C414012488B506080100FFFF72
:10F6F000014800F0A5BD00BFC4140124014800F07A
:10F70000A1BD00BFC4140124F0B5134683B00F4659
:10F7100001AA1946064605F087FE002836D00546A0
:10F720003046FFF793FF044600282FD039464FF4A8
:10F73000DB73019A304601F095FA071E30DB636EE9
:10F74000DB0715D51C4B1D491D4AE781C4E907435A
:10F75000C4E909121B4BA581E905E3620FD4636E6E
:10F76000DA0702D4A3899B0514D5204603B0F0BD67
:10F77000A3899805E6D4A06D00F062FDE2E730466B
:10F7800002230022214600F0B5F9E8E700242046D4
:10F7900003B0F0BDA06D00F055FD204603B0F0BDF4
:10F7A0000025FFF7A5FFA581A06D00F047FD2C46C1
:10F7B000FFF7A4FFD9E700BF41110608651106084D
:10F7C000A1110608C1110608024B0A460146186835
:10F7D000FFF79ABF4C0E002430B587B005460846A7
:10F7E0001446019101F0ECFE01AA01230590CDE938
:10F7F000020204930DB1AB6BFBB1616EB4F90C3036
:10F80000C9079AB201D4900521D5910406D4626E3D
:10F8100043F4005322F40052A3816266284603AAEF
:10F82000214600F009FB636EDA07054602D4A3897E
:10F830009B0506D5284607B030BD2846FFF7DAFEFF
:10F84000DBE7A06D00F0FEFC284607B030BDA06DE0
:10F8500000F0F6FCB4F90C309AB2D6E7024B0A4637
:10F8600001461868FFF7B8BF4C0E0024F8B5244FC6
:10F870000C460646EDF7DDF8BB685D68C4F57E61B1
:10F880000F3125F00305294421F47F6121F00F0198
:10F89000A1F58054B4F5805F07DB0021304601F00C
:10F8A000E3FABB682B44984204D03046EDF7C5F824
:10F8B0000020F8BD6142304601F0D6FA01300DD08B
:10F8C000104BBA6819682D1B45F001053046091B1D
:10F8D00055601960EDF7B1F80120F8BD0021304600
:10F8E00001F0C2FABA68831A0F2BDEDD064C054917
:10F8F000246843F00103001B53600860D5E700BF94
:10F90000E4130024CC720024EC170024002953D007
:10F91000F8B50C460646EDF78CF854F804CC714F58
:10F920002CF00101A4F108056B18B8685A689842D8
:10F9300022F0030253D01CF0010F5A6003EB0200C7
:10F940003BD154F808CC4068A5EB0C0507F1080E34
:10F95000AC687445614400F0010075D0D5F80CC066
:10F96000C4F80CC0CCF8084060B341F001036B60F0
:10F970006950B1F5007F50D34B0A042B70D88B0926
:10F9800003F13904E40003F1380238193B5908380F
:10F99000984278D05A6822F003028A4271D99B6853
:10F9A0009842F7D1C368C5E902039D60C56030463F
:10F9B000BDE8F840EDF741B87047406800F001003D
:10F9C0000028D2D19868484C1144A04241F001026D
:10F9D00062D0DB68C36098606A606950C9E71CF058
:10F9E000010F0A4407D154F8083CED1A1A44D5E92E
:10F9F0000213CB6099603D4B1B6842F001019342BA
:10FA00006960BD6004D83A4B30461968FFF72EFF95
:10FA10003046BDE8F840EDF710B8C90878684A1CD0
:10FA2000012389108B40034307EBC20157F83200D2
:10FA30007B600839C5E9020147F83250C56030469D
:10FA4000BDE8F840ECF7F9BF002845D10A44D3E9F6
:10FA5000021342F00100CB6099606860AA50D7E7BA
:10FA6000142B08D9542B1ED80B0B03F16F04E400A0
:10FA700003F16E0289E703F15C04E40003F15B0229
:10FA800083E718468EE793107968012202FA03F3A0
:10FA90000B437B60034686E7C7E90455C5E90200CE
:10FAA0006A606950B4E7B3F5AA7F06D8CB0B03F1BF
:10FAB0007804E40003F1770267E740F2545293427E
:10FAC00006D88B0C03F17D04E40003F17C025CE7B3
:10FAD0004FF47E747E2258E741F001026A6019609B
:10FAE00096E700BFE4130024EC130024F017002471
:10FAF000FC72002400F000B82DE9F04F0C4697B0DE
:10FB000091461F46064618B1836B002B00F08F808C
:10FB1000626EA389D20702D49D0540F1A18003F44F
:10FB20008473B3F5847F00F09680D4F82880B8F110
:10FB3000000F7FD0012F13D0022F00F08780002FFD
:10FB400000F08480636E1622D907326002D4A38944
:10FB50009A0577D54FF0FF35284617B0BDE8F08FEE
:10FB600021463046FFF7C0FCA38913F4805240F0D1
:10FB70003181E1693B463046C047411C054600F0F3
:10FB8000DC80A38922695F0740F1E8806368216B0C
:10FB9000ED1A09B1E06B2D1AA9444FF0010A0027B4
:10FBA000002A00F0E580B4F90C3040F61A019AB250
:10FBB0000A4208D1520566D4944A904500F0FB8071
:10FBC00043F40063A38121463046FFF78DFC0028F3
:10FBD00040F0BF803B464A46E1693046C0470130AD
:10FBE00000F0B780216B41B104F14003994202D08B
:10FBF0003046ECF739FA00232363A3892269226097
:10FC000023F402630021A3816160082204F15C00F7
:10FC100000F0DEFF656E15F0010503D1A3899B0599
:10FC200040F193800025284617B0BDE8F08FFFF71C
:10FC3000E1FC6DE7636E1D22D80732608AD4A38988
:10FC40009A0587D4A06D00F0FDFA83E74FF0000A13
:10FC500022695546A4E721463046FFF745FC64E794
:10FC6000A06D00F0EDFAA38959E7019AB4F90C30C0
:10FC700002F47042B2F5004FA2D143F480634FF416
:10FC80008062A381E264002F40F08880CB46BAF105
:10FC9000000F72D1A389DB047ED452460123E169AF
:10FCA0003046C047451C8ED06368216BC51A1A4682
:10FCB000002968D0E06B2D1AA26BD4F810C01D4447
:10FCC000A2EB0C02AD1A0244AB4580F28580E56CD4
:10FCD000E1696D4205EA0B052A4600233046C0471C
:10FCE00001303FF470AF2369216B23600023636010
:10FCF00041B104F14003994202D03046ECF7B4F927
:10FD000000232363A389BBEB050B23F02003A3810E
:10FD100010D02146304601F01BF800287FF453AF85
:10FD200063685B45FFF44FAF2268A3EB0B035A44B3
:10FD3000C4E900230822002168E7636EDA073FF573
:10FD400009AFA3899B053FF505AFA06D00F07AFAD6
:10FD500002E7636ED9077FF5FAAEFBE618077FF579
:10FD60001BAF2368002B3FF417AF9B1A1D4413E70A
:10FD70002146304600F096FA15E7216B11B1636811
:10FD8000E06B99E762682068D4F810C0A0EB0C0023
:10FD90002D1A0244002197E7206D85E76A46B4F9E1
:10FDA0000E10304600F034F800287FF40CAF049BAE
:10FDB00009EB030B6BE7B4F90E100029FFF600AF57
:10FDC0006A46304600F024F800283FF44EAFB4F9FC
:10FDD0000C30F5E6256DD5E6AB185B457FF677AFC1
:10FDE000ABEB05050CEB0503521BC4E9003241B136
:10FDF00004F14003994202D03046ECF735F9002374
:10FE00002363A38923F02003A38193E7A1110608AC
:10FE100038B50B46074C05461146184600232360AB
:10FE2000EDF737F8431C00D038BD2368002BFBD01A
:10FE30002B6038BDA41401249368002B00F0E480EB
:10FE40002DE9F04FB1F90C309BB20C46190783B085
:10FE50008246904635D522699AB313F00202D8F84B
:10FE600000603DD00027D4F824B0D4F81CC0DFF8DF
:10FE7000C0923D464D452B463A4628BF4B4661460B
:10FE80005046D5B1D847002840F3C680D8F808308E
:10FE90001B1A07442D1AC8F80830002B00F0B08058
:10FEA000D4F81CC0D4F824B04D452B463A4628BFA0
:10FEB0004B4661465046002DE4D1D6E90075083620
:10FEC000D8E72146504604F095FB002840F02A81EF
:10FED000B4F90C30D8F800609BB213F00202C1D123
:10FEE00013F001095DD1A76820684D46002D54D05C
:10FEF0009A0540F19B80AF42BB4600F2D88013F4D4
:10FF0000906F2FD0D4E9041707EB4707A0EB010B44
:10FF100007EBD777681C7F105844B8423A4684BF35
:10FF200007463A465B0540F1D38011465046ECF750
:10FF30004FF8002800F0F0805A462169019000F047
:10FF400049FDA289019B22F4906242F08002A281C5
:10FF5000A7EB0B0203EB0B00676123612060A2603B
:10FF60002F46AB465A46494600F0CEFDA2682368AC
:10FF7000D21B5B442F46A26023600025D8F80830CE
:10FF8000DB1BB944C8F80830002B39D0B4F90C3069
:10FF9000A76820689BB2002DAAD1D6E90095083643
:10FFA000A4E733469146104617464E469B46002F1F
:10FFB0006BD0002871D0D4E904122068B9454B46B3
:10FFC00028BF3B46884203D9A5681544AB4271DC83
:10FFD0009A4200F393801346656AE16932465046BF
:10FFE000A847051E18DDB9EB05090FD00120D8F888
:10FFF00008305B1B2E447F1BC8F80830002BD6D17D
:020000040806EC
:10000000002003B0BDE8F08F002070472146504625
:10001000FFF76AFA0028EAD0B4F90C3043F0400345
:100020004FF0FF30A38103B0BDE8F08F2369834216
:1000300015D36169A94212D83C4B676A9D4294BFAF
:100040002B466FF000434A4693FBF1F3504601FB09
:1000500003F3E169B847071EDEDDED1B8EE7AF4213
:1000600028BF2F463A46494600F04EFDA368226855
:10007000DB1B3A44A3602260002BEED121465046A0
:10008000FFF732FA0028E8D0C6E70BF1080353E97E
:1000900002679B460833002FF9D03A460A213046C2
:1000A00000F016FC38B30130A0EB060983E72F46B9
:1000B000AB4657E731462A4600F026FD23682B441D
:1000C000236021465046FFF70FFA00288BD0A3E7A4
:1000D0005046EBF7E9FE034600287FF439AF21696B
:1000E0005046EBF7C1FFB4F90C300C2223F080032B
:1000F000CAF8002092E707F101095CE71A46314689
:10010000019300F001FD019BA1682268C91A1A44FD
:10011000A16022601D4666E70C23CAF80030B4F9DE
:100120000C307BE74FF0FF306BE700BFFEFFFF7F37
:1001300000FCFF7F2DE9F04110F538771BD0884691
:100140000026D7E90154013D0FD4A389012B05F105
:10015000FF35204605D9B4F90E30013301D0C04730
:1001600006436B1C04F16804EFD13F68002FE8D10F
:100170003046BDE8F0813E463046BDE8F08100BF24
:100180002DE9F84310F538771FD0884606464FF022
:100190000009D7E90154013D11D4A389012B05F1D0
:1001A000FF352146304606D9B4F90E30013302D06E
:1001B000C04749EA00096B1C04F16804EDD13F68AF
:1001C000002FE6D14846BDE8F883B9464846BDE869
:1001D000F88300BF70B50D4E0D4D761BB61006D0DE
:1001E0000024013455F8043B9847A642F9D1094E42
:1001F000094D761B05F01EFEB61006D00024013412
:1002000055F8043B9847A642F9D170BDF817002471
:10021000F81700243C180024F8170024044B054A62
:100220001B685B6B002B08BF134693F828017047CF
:100230004C0E002478120024704700BF704700BFA6
:10024000704700BF704700BF70B50C46B1F90E1083
:10025000002996B015461E460FDAA289002312F037
:100260008000336004D14FF480632B6016B070BD02
:10027000402218462A6016B070BD6A46FFF7C8FDD6
:100280000028EADB019B03F47043A3F50053B3FAA3
:1002900083F35B094FF480624FF4006033602A609F
:1002A00016B070BD8A8992070B4606D501F143024C
:1002B00001211A60C3E90421704770B582B001AB17
:1002C0006A460C460546FFF7BFFF009906462846DA
:1002D000EBF77EFEB4F90C30D8B11649E963019A08
:1002E0000099206043F08003A381C4E904011AB996
:1002F0003343A38102B070BD2846B4F90E1005F057
:10030000CDF8A0B1A38923F0030343F001031BB28E
:10031000EEE79A05EED423F0030304F1430243F021
:1003200002030121A3812260C4E90421E2E7B4F9B8
:100330000C30DDE7B9F50508024B01461868EBF70C
:1003400047BE00BF4C0E0024024B01461868EBF775
:100350008BBE00BF4C0E00242DE9F04F01F10B05C0
:10036000162D83B0064623D8102900F2B980ECF789
:1003700060FB102518230220C54F3B44A3F108025F
:100380005C68944200F06681636823F003032344B1
:10039000D4E902515A68E96042F001028D603046AA
:1003A0005A60ECF74AFB0834204603B0BDE8F08FF2
:1003B00035F0070500F19480A94200F29180ECF736
:1003C00038FBB5F5FC7FC0F083816B0A00F08F80AD
:1003D000042B00F24681AB0903F1390003F1380C1C
:1003E000C300AB4F3B44A3F108015C68A14206D1B6
:1003F0000CE0002A80F21D81E468A14206D0636807
:1004000023F003035A1B0F2AF3DD60463C69DFF833
:1004100094C2644571D0636823F003035A1B0F2A0A
:1004200000F34481002AC7E904CC80F22681B3F5A9
:10043000007F80F06981DB08591C7A6857F83180A9
:10044000C4F808804FF0010E9B100EFA03F307EB7F
:10045000C10E1343AEF10802E2607B6047F8314001
:10046000C8F80C408210012494409C424BD81C4296
:1004700006D120F0030064001C4200F10400FAD011
:1004800007EBC009CE468046DEF80C309E4507D10A
:1004900022E1002A80F22981DB689E4500F01C8160
:1004A000596821F003014A1B0F2AF2DDD3E9028EBD
:1004B0005C1945F001055D6042F00105C8F80CE0EB
:1004C0003046CEF80880C7E90444C4E902CC656030
:1004D0005A500193ECF7B1FA019B03F1080463E76A
:1004E00000240C232046336003B0BDE8F08F4FF4A6
:1004F000007340204FF03F0C73E77B6882100124AB
:1005000094409C42B3D9BC68636823F00309A945B1
:1005100003D3A9EB05030F2B7BDC5E4BDFF888A12F
:100520001A68DAF80030013305EB020800F0488160
:1005300008F5805808F10F0828F47F6828F00F08A4
:100540004146304600F090FCB0F1FF3F834600F09A
:10055000048104EB0900584500F2FD804E4A1368FF
:100560004344136000F04D81DAF8001001311BBFE5
:10057000ABEB00001B18CAF800B013601BF00703B8
:1005800000F03481C3F10801C3F580538B44083374
:10059000D844C8F30B08A3EB080841463046019243
:1005A00000F062FC431C019A00F04681A0EB0B01B5
:1005B000414441F001011368C7F808B04344BC420C
:1005C000CBF80410136015D0B9F10F0F40F2308151
:1005D0006068A9F10C0121F0070100F0010004EBB3
:1005E000010C08434FF0050E0F296060CCE901EEC5
:1005F00000F23A81294A2A481168BC688B42016896
:1006000088BF136062688B4222F0030288BF0360D8
:10061000A7E0621943F0010345F00105656030462B
:10062000BA605360ECF709FA0834204603B0BDE81D
:10063000F08F2344E1685A68A56842F00102E9603E
:1006400030468D605A60ECF7F8F90834204603B064
:10065000BDE8F08FDC68A34208BF02303FF4D6AE9D
:1006600092E6142B71D9542B00F2AD802B0B03F1C1
:100670006F0003F16E0CC300B3E6234430465A68A2
:1006800042F001025A600834ECF7D7F98CE600BF5B
:10069000E4130024FC720024CC720024F4720024C1
:1006A000F8720024EC130024EC170024611945F0C3
:1006B000010E42F00105C4F804E03046C7E9041118
:1006C000C1E902CC4D60E250ECF7B7F908346BE6B3
:1006D000E80805F108034FE608F1010818F0030FD8
:1006E0000EF1080E7FF4D0AE52E019441C464A6861
:1006F000DB6854F8085F42F001024A603046EB6064
:100700009D60ECF79AF94FE65A0A042A35D9142A63
:100710006FD802F15C01C9005B3207EB010E79581A
:10072000AEF1080E8E4558D04A6822F003029A4274
:1007300002D989688E45F7D1D1F80CE07B68C4E90D
:10074000021ECEF80840CC608CE603F15C0003F199
:100750005B0CC30045E6BC4272D0BC68626822F004
:1007600003029542A2EB050302D80F2B3FF751AFCE
:100770003046ECF762F9002416E69A0902F13901D5
:10078000C9003832C9E7D9F80090994540F0838014
:1007900010F0030FA9F1080300F1FF30F3D17B68DB
:1007A00023EA04037B6064009C423FF6ACAE1CB9B4
:1007B000A9E6640008F104081C42FAD040465FE64E
:1007C00008F11008BCE6B3F5AA7F26D8EB0B03F1BD
:1007D000780003F1770CC30003E67B6892104FF0BA
:1007E000010808FA02F213437B60A8E74FF4805334
:1007F000CEE6542A29D81A0B02F16F01C9006E32D5
:100800008BE7C0F30B0100297FF4AEAE09EB0802C1
:10081000B96842F001024A60ECE640F25452934259
:100820001CD8AB0C03F17D0003F17C0CC300D8E5B0
:100830000123CBF804309BE701214FF00008BAE612
:10084000164A1368434413608EE6B2F5AA7F14D8A3
:10085000DA0B02F17801C90077325EE74FF47E735C
:100860007F204FF07E0CBCE504F108013046019278
:10087000EBF7FAFB019A1368BCE640F254518A4246
:1008800005D89A0C02F17D01C9007C3245E74FF48E
:100890007E717E2241E77B6885E700BFCC72002431
:1008A00082B049B15AB16BB113780B601278101C49
:1008B00018BF012002B0704701A9002AF3D11046E9
:1008C00002B070476FF00100F4E700BF00000000C5
:1008D00001F0FF01102A2BDB10F0070F08D010F8F1
:1008E000013B013A8B422DD010F0070F42B3F6D1F5
:1008F000F0B441EA012141EA014122F007047FF00E
:1009000000070023F0E80256083C85EA010586EA64
:10091000010685FA47F5A3FA87F586FA47F6A5FAA0
:1009200087F68EB9EED1F0BC01F0FF0102F00702AC
:1009300032B110F8013B013A83EA010313B1F8D157
:100940000020704701387047002D06BF3546033838
:10095000073815F0010F07D1013015F4807F02BF71
:10096000013015F4C03F0130F0BC0138704700BFC2
:10097000032A70B414D940EA0105AD0704460B46BA
:1009800022D11D682668AE421946204603F10403B1
:1009900004F1040418D1043A032A20461946F0D879
:1009A000541E72B102780B789A4208BF641806D0C0
:1009B0000CE010F8012F11F8013F9A4206D1A14234
:1009C000F7D1002070BC7047541EEBE7D01A70BC02
:1009D000704700BF844641EA000313F003036DD162
:1009E000403A41D351F8043B40F8043B51F8043BF2
:1009F00040F8043B51F8043B40F8043B51F8043BF9
:100A000040F8043B51F8043B40F8043B51F8043BE8
:100A100040F8043B51F8043B40F8043B51F8043BD8
:100A200040F8043B51F8043B40F8043B51F8043BC8
:100A300040F8043B51F8043B40F8043B51F8043BB8
:100A400040F8043B51F8043B40F8043B51F8043BA8
:100A500040F8043B51F8043B40F8043B51F8043B98
:100A600040F8043B403ABDD2303211D351F8043B38
:100A700040F8043B51F8043B40F8043B51F8043B78
:100A800040F8043B51F8043B40F8043B103AEDD2E7
:100A90000C3205D351F8043B40F8043B043AF9D238
:100AA000043208D0D2071CBF11F8013B00F8013B0B
:100AB00001D30B8803806046704700BF082A13D318
:100AC0008B078DD010F003038AD0C3F10403D21A30
:100AD000DB071CBF11F8013B00F8013B80D331F864
:100AE000023B20F8023B7BE7043AD9D3013A11F8E4
:100AF000013B00F8013BF9D20B7803704B7843704F
:100B00008B788370604670478842F0B40DD98B189B
:100B100083420AD9841832B1224613F8014D02F8F3
:100B2000014D9942F9D1F0BC70470F2A49D940EAEA
:100B300001039B0747D1A2F110031B0901F1200714
:100B400007EB031701F1100400F1100554F8106CC5
:100B500045F8106C54F80C6C45F80C6C54F8086CA3
:100B600045F8086C54F8046C45F8046C1034BC4229
:100B700005F11005EAD1013302F00F051B01032D29
:100B80001944034421D91F1F0E462C46043C56F835
:100B900004CB47F804CF032CF8D82C1F24F003040F
:100BA00004342344214402F00302002ABBD0013B59
:100BB0000A4411F8014B03F8014F9142F9D1F0BCFE
:100BC00070470346F1E70346F1E72A46EDE700BF29
:100BD000F0B4860743D0541E002A3ED0CAB2034662
:100BE00002E014F1FF3438D303F8012B9D07F8D14C
:100BF000032C2BD9CDB245EA05250F2C45EA054536
:100C000016D9A4F110073F0903F1200606EB0716D9
:100C100003F1100242E9045542E902551032B24292
:100C2000F8D104F00F040137032C03EB07130DD99F
:100C30001E462246043A032A46F8045BFAD8221FCD
:100C400022F003020432134404F003042CB1C9B2AD
:100C50001C4403F8011B9C42FBD1F0BC70471446B6
:100C60000346C5E770B50D46084C114606461A46C0
:100C7000284600232360ECF745FA431C00D070BDE2
:100C80002368002BFBD0336070BD00BFA414012487
:100C900070B5054688B008460C4600F091FC224A23
:100CA000AB6B04940126441C04A90692022203940F
:100CB0000590AC680796CDE901121BB3616EB4F9DB
:100CC0000C30CE079AB201D4900525D5910406D4F4
:100CD000626E43F4005322F40052A38162662846F8
:100CE00001AA2146FFF7A8F8636E00280CBF0A2569
:100CF0004FF0FF35DA0702D4A3899B0506D52846B5
:100D000008B070BD2846FEF775FCD7E7A06DFFF769
:100D100099FA284608B070BDA06DFFF791FAB4F9B2
:100D20000C309AB2D2E700BF9CB50608024B0146D0
:100D30001868FFF7ADBF00BF4C0E0024838903F095
:100D40000903092B01D000207047FEF7FBBB00BF51
:100D5000F8B50C46054610B1836B002B40D0B4F9B2
:100D60000C309AB2970407D4626E43F4005322F415
:100D700000526266A3819AB200219606616038D45F
:100D800050071AD4D10662D512074ED443F004039B
:100D9000A3812369002B55D0B4F90C70BEB2B30700
:100DA0002AD12269226028466369256AE169A84739
:100DB0000028606017DD0020F8BD216B0029E8D015
:100DC00004F14003994202D02846EBF74DF9E36B5A
:100DD000636000202063002BDBD0A36B2360F8BD91
:100DE000FEF708FCBBE7B4F90C3016D143F0200342
:100DF000A3814FF0FF30F8BD194B1A491868012341
:100E0000A38106F00906FFF795F9092EA781C8D13D
:100E100021462846FEF7BEFAC3E743F0400300220E
:100E2000A38162604FF0FF30F8BD21462846FEF7EF
:100E30005BFB0028DDD1B4F90C30A060A06123F089
:100E40000803A3E721462846FFF72CFAA4E743F05E
:100E5000400309222A604FF0FF30A381F8BD00BF94
:100E600088B506083D0D060838B5074C0023054631
:100E700008462360EBF7C0FD431C00D038BD236853
:100E8000002BFBD02B6038BDA414012400290CBF1B
:100E9000022200224FF4806300F000B82DE9F043F5
:100EA0005D4C256883B00446884616461F4615B13A
:100EB000AB6B002B7ED0022E05D0012E00F2A98054
:100EC000002FC0F2A680636EDA0735D5214628468A
:100ED000FEF70AFB216B41B104F14003994202D0B5
:100EE0002846EBF7C1F800232363B4F90C30002245
:100EF0001806A261626061D423F44A6323F00303FD
:100F0000022EA3811FD10025616E002004F143024F
:100F100043F00203A060C9074FF00100A3812260E3
:100F2000C4E9042004D49B0502D4A06DFFF78AF91C
:100F3000284603B0BDE8F083A3899B05C6D4A06D05
:100F4000FFF77EF9C2E701AB6A4621462846FFF764
:100F50007BF9A3891843A081002F36D1009F384622
:100F6000FFF7EAF98046002842D0A38943F08003C6
:100F7000A381AB6B7BB3009AB4F90C30C4F800804A
:100F8000BA421CBF43F40063A381012E04BF43F0A7
:100F90000103A3819BB213F00802C4E904871ED1A8
:100FA000A260656E15F00105BDD00025284603B08E
:100FB000BDE8F0832846FEF71DFB7CE72169284643
:100FC000EBF752F8B4F90C3096E7B8F1000FC6D041
:100FD000AB6B002BCFD12846FEF70CFBCBE7DA0733
:100FE00004D57F420022A761A260DAE7A760D8E7B4
:100FF000DDF80090B94504D1B4F90C304FF0FF355D
:1010000082E74846FFF798F980460028F4D04F461B
:10101000ABE74FF0FF358BE74C0E00241F2938B5A6
:1010200022D8D0F8DC3205460C466BB153F82120AB
:1010300052B1012A12D0511C12D00025204643F88B
:1010400024509047284638BD284600F02FF8224605
:1010500001462846BDE8384000F014B8002038BDED
:1010600016230360012038BD162303604FF0FF30C4
:1010700038BD00BF024B01461868FFF7CFBF00BF65
:101080004C0E002438B50B46074C05461146184651
:101090000023236004F0C6FE431C00D038BD236843
:1010A000002BFBD02B6038BDA414012404F0B2BE89
:1010B0000CB430B5214B00299DB01C6838DB4FF4CF
:1010C000027302900690ADF8143021A819D00139AE
:1010D0000346209A0491079101904FF6FF7502A9EB
:1010E0002046ADF8165000F047FD421C01DA8B2374
:1010F0002360029B00221A701DB0BDE8304002B090
:10110000704703460491079101904FF6FF75209AAE
:10111000ADF8165002A9204600F02EFD431C04DB5A
:101120001DB0BDE8304002B070478B232360F7E765
:101130008B2323604FF0FF30F2E700BF4C0E0024FA
:1011400010B50C46B1F90E1004F0E4FC002803DBE6
:10115000236D0344236510BDA38923F48053A38129
:1011600010BD00BF2DE9F0411646B1F90C201F4615
:10117000D3050C460546B1F90E1007D5002202230F
:1011800004F0ACF9B4F90C20B4F90E1022F480523A
:10119000A2813B4632462846BDE8F04103F014BA2E
:1011A00010B50C46B1F90E1004F098F9A389421C51
:1011B0000EBF23F4805343F480532065A38110BDF8
:1011C000B1F90E1003F07CBAC9B200F00303002994
:1011D00043D07BB10378002B67D099423CD0431CAD
:1011E00005E013F8012B002A5DD08A4234D09A071B
:1011F0001846F6D170B4046841EA012646EA06466C
:1012000086EA0405A5F10133A4F1013223EA0503BE
:1012100022EA0402134313F0803F0FD150F8044F29
:1012200084EA0605A5F10132A4F1013322EA0502A0
:1012300023EA0403134313F0803FEFD0037843B154
:10124000994202D106E08B4204D010F8013F002BF6
:10125000F9D1184670BC704770475BB10378002B1A
:10126000FAD0431C03E002780133002AF4D0990736
:101270001846F8D10268A2F1013323EA020313F001
:10128000803F08D150F8042FA2F1013323EA020372
:1012900013F0803FF6D00378002BDDD010F8013F2B
:1012A000002BFBD17047104670471846704700BFAF
:1012B000000000000000000000000000000000002E
:1012C000A2EB0300704700BF02780B78012A28BF09
:1012D0009A42F5D16DE9044540EA0104CDE902677F
:1012E0006FF0000C4FEA447212B380EA010414F06C
:1012F000070F6AD100F0070420F0070004F003058F
:1013000021F007014FEAC505F0E8042314F0040FAB
:10131000F1E804670CFA05F462EA040266EA0406DE
:101320000AD063EA0403624667EA0407664603E0FC
:10133000F0E80423F1E8046782FA4CF582EA060437
:10134000A4FA8CF46CBB83FA4CF583EA0705A5FA82
:101350008CF595B950E9022351E9026782FA4CF500
:1013600082EA0604A4FA8CF483FA4CF583EA0705B2
:10137000A5FA8CF52543DBD09CB92DBAB5FA85F4D6
:1013800024F0070427FA04F1DDE9026723FA04F3E5
:1013900003F0FF0001F0FF01FDE80445A0EB0100B0
:1013A000704724BAB4FA84F424F0070426FA04F14E
:1013B000DDE9026722FA04F202F0FF0001F0FF010A
:1013C000FDE80445A0EB0100704714F0030F3CD189
:1013D00010F0030428D150F8082B51F8083B82FA8A
:1013E0004CF582EA0305A5FA8CF55DB950F8042C9A
:1013F00051F8043C82FA4CF582EA0305A5FA8CF513
:10140000002DE8D02DBAB5FA85F424F0070423FAAC
:1014100004F122FA04F202F0FF0001F0FF01FDE8FE
:101420000445A0EB010070474FEAC40420F003001C
:1014300050F8082B21F0030151F8083B0CFA04F492
:1014400062EA040263EA0403C9E710F003041AD055
:10145000A1EB040120F00300E40750F8042B06D0B0
:101460000FD28B785FFAA2F4E41A06D12BB1CB78B5
:101470005FFAB2F4E41A00D11BB920465DF8104BB4
:10148000704701F1040150F8042BCC0721F003014F
:1014900051F8043B48D824D222F07F4482FA4CF51C
:1014A00094EA1325A5FA8CF50AD165B951F8043BE5
:1014B00084EA0204B4EB036F0ED150F8042BEBE77F
:1014C0004FEA132355E035F07F454DD10878FDE80C
:1014D0000445C0F1000070474FEA126203F0FF03B9
:1014E00047E002EA1C4482FA4CF594EA1345A5FA57
:1014F0008CF50AD165B951F8043B84EA0204B4EBD7
:10150000034F0CD150F8042BEBE74FEA134330E0C4
:1015100015EA1C4528D10B884FEA124229E04FEA10
:10152000124203EA1C4324E002F0FF0482FA4CF565
:1015300094EA1365A5FA8CF50AD165B951F8043B14
:1015400084EA0204B4EB032F09D150F8042BEBE733
:101550004FEA13630DE015F0FF0F05D10B684FEA5A
:10156000122223F07F4304E04FF00000FDE8044521
:10157000704712BA1BBA82FA4CF482EA0304A4FA46
:101580008CF5B5FA85F402FA04F203FA04F34FEA93
:101590001260FDE80445A0EB1360704700000000F6
:1015A000000000000000000000000000000000003B
:1015B000000000000000000000000000000000002B
:1015C00090F800F06DE9024520F007016FF0000C83
:1015D00010F0070491F820F040F049804FF000042B
:1015E0006FF00700D1E9002391F840F000F1080006
:1015F00082FA4CF2A4FA8CF283FA4CF3A2FA8CF33E
:101600004BBBD1E9022382FA4CF200F10800A4FAA4
:101610008CF283FA4CF3A2FA8CF3E3B9D1E90423F8
:1016200082FA4CF200F10800A4FA8CF283FA4CF32F
:10163000A2FA8CF37BB9D1E9062301F1200182FAE9
:101640004CF200F10800A4FA8CF283FA4CF3A2FAEF
:101650008CF3002BC6D0002A04BF04301A4612BAFD
:10166000B2FA82F2FDE8024500EBD2007047D1E900
:10167000002304F00305C4F100004FEAC50514F08F
:10168000040F91F840F00CFA05F562EA05021CBF60
:1016900063EA050362464FF00004A9E770B40478DA
:1016A000A4B10D7806464DB1A5420AD00A4601E024
:1016B000A34206D012F8013F002BF9D1801B70BC69
:1016C000704710F8014F002CEDD1F7E72046F6E700
:1016D0004FF0010C2DE9F041644600264FF0FF3534
:1016E00033198B4200EB05070DD23F5D10F803E084
:1016F000BE452DD21E460124A3EB050C33198B42A7
:1017000000EB0507F1D34FF00108C2F800C04446D2
:1017100000264FF0FF3733198B4200EB070C0ED237
:101720001CF804C010F803E0E64518D91E46012451
:10173000A3EB070833198B4200EB070CF0D30137FA
:10174000681C874224BFC2F800803846BDE8F0819B
:101750000CD04FF0010C354664466644C0E70BD010
:101760004FF00108374644464644D4E7644512BF6B
:1017700001341E460124B3E7444512BF01341E461E
:101780000124C8E72DE9F04FADF2144D914605460E
:101790008B461046194603AA1C46FFF799FF03AB78
:1017A00080460DF20C4243F8044F9342FBD154B1F2
:1017B000631E09F1FF3204A812F8011F40F821301E
:1017C00013F1FF33F8D20399424649444846FFF7E4
:1017D000CFF800286ED108F1FF3301934B448246C5
:1017E000009323460746544658469A4607EB0A0696
:1017F000321A00212844FFF76BF8002855D1002E3B
:1018000053D0AB1904AA13F8013C52F823304BB162
:1018100024B1039A9A4201D9AAEB02031F4400247F
:101820003046E3E7444523460AF1FF3C38BF4346D0
:10183000634513D2FA1819F8030015F802E086453B
:101840002A4409EB030106D02BE011F801EF12F84E
:10185000010F864525D101336345F6D3019B4445ED
:10186000194680F08780FB18009AE85C1278824263
:101870002B447FD1009804F1FF3B06E010F801ED06
:1018800013F801CDE64503D111464A1E9345F5D123
:1018900001348C4270D8039C30462744AAEB0404E0
:1018A000A4E7C8F101021744B8E700200DF2144D77
:1018B000BDE8F08FA4EB0803434538BF434601332E
:1018C00008F1FF37039309EB070358464FF0000A6E
:1018D000C34698460AEB0406321A00212844FEF754
:1018E000F7FF0028E1D1002EDFD0AB1904AA13F8CE
:1018F000013C52F82330A3BB611E8B4515D20AEB85
:101900000B0219F80B3015F802C09C452A4409EB6C
:101910000B005B4606D027E010F801EF12F801CF6C
:10192000E64521D101338B42F6D37B1C12D00AEB62
:10193000070398F80000E95C884205EB03020FD129
:10194000434605E013F8010D12F8011D884207D146
:101950004B45F7D105EB0A000DF2144DBDE8F08FB1
:10196000039B9A443046B5E7CBF1010292449A4476
:101970003046AFE741468BE7E81997E72DE9F04F8E
:1019800002780E4685B0054609788AB3A1B184462F
:10199000741C0846012701E068B11C46904214BF40
:1019A000002707F0010723461CF8012F13F8010B4D
:1019B000002AF1D1F0B91FB1284605B0BDE8F08F7B
:1019C000681CFFF701FC0746A0B1A41B012C16D030
:1019D000254485422CBFA5EB00094FF001091F2CBF
:1019E0000FD9234632464946FFF7CCFE0546E3E7CA
:1019F0000029E1D00025284605B0BDE8F08F054656
:101A0000DAE703AA21463046FFF762FE03998046D3
:101A1000024631443046FEF7ABFF00284ED108F1B4
:101A2000FF330193F3188246054600934846B346B8
:101A30006619321A00213844FEF74AFF0028D9D12E
:101A4000002ED7D0D045434638BF53469C4212D9CA
:101A50005A191BF80310B85C81423A440BEB030C93
:101A600006D072E01CF8010F12F8011F88426CD1F9
:101A700001339C42F6D1019BD045194677D9EB182A
:101A8000009AF85C127882423B4470D100980AF1C7
:101A9000FF3906E010F801ED13F801CDE64503D15A
:101AA00011464A1E4A45F5D10AF1010A8A454AD82B
:101AB000039B30461D44A4EB030AB9E7A4EB0803DB
:101AC000434538BF4346013308F1FF3A039306EB21
:101AD0000A0348460025B34699466619321A002182
:101AE0003844FEF7F5FE002884D1002E82D044450C
:101AF00014D908EB05021BF80830B85C98423A4448
:101B00000BEB0801434606D027E011F801CF12F88D
:101B1000010F844521D101339C42F6D1BAF1FF3F38
:101B200011D005EB0A0399F80020F95C91423B447F
:101B300019D14A4605E012F8010D13F8011D88423B
:101B400011D15A45F7D13D4436E7C8F10102154499
:101B50001D444FF0000A30466AE7C8F101021544FF
:101B60001D443046B9E7039B30461D44B5E7414666
:101B70009AE700BF000000002DE9F04F2DED068B25
:101B8000BFB00C460B9190460F930C9003F098FC5D
:101B9000036815931846FFF713FDA38914901D06DB
:101BA00003D52369002B00F0E28600239FED968B7E
:101BB0009FED979BCDE922330DF1B8091293139352
:101BC00016930A93CDF88490CA4698F80030002BFB
:101BD00000F09A80252B444602D11CE0252B03D02F
:101BE00014F8013F002BF9D1A4EB080585B1DDE91C
:101BF000223201332A44072BCAF80080CAF8045065
:101C0000CDE9223278DC0AF1080A0A9B2B440A93B8
:101C10002378002B78D04FF0000300228DF8673036
:101C20004FF0FF3063780D921146164604F101081B
:101C3000099008F101089B46ABF12003582B00F2F4
:101C40005E83DFE813F0C6025C035C03C1025C0341
:101C50005C035C035C035C035C03B502B0025C03E1
:101C6000500335035C035503BB00BB00BB00BB0046
:101C7000BB00BB00BB00BB00BB005C035C035C03A0
:101C80005C035C035C035C035C035C035C031303A5
:101C9000E7025C03E7025C035C035C035C03E202B3
:101CA0005C035C03AA005C035C035C035C035C03F1
:101CB00077005C035C0390025C035C035C035C03E1
:101CC0005C035C035C035C035C035C0388013B0115
:101CD000E702E702E70236013B015C035C032901EE
:101CE0005C031501AC00CF00CA005C03EB005C0391
:101CF00079005C035C03CE0221AADDE90B1003F03E
:101D00001FFF40B9CA4680E7239B23B10C980B996B
:101D100021AA03F015FF0B9B9B8913F0400F0A9B30
:101D200018BF4FF0FF330A930A983FB0BDEC068B03
:101D3000BDE8F08F46F01006B7060F9B40F1FA841D
:101D4000073323F0070303F10802D3E900450F929C
:101D500001234FF000028DF86720099A013200F04C
:101D6000FF8326F08002079254EA05024FF0000735
:101D700040F0C780099A002A40F07B86002B40F093
:101D8000AE8416F001030E9300F018853EAB1A46A0
:101D9000302302F8413D1092D4E046F0100616F0D0
:101DA000200300F0D0840F9B073323F0070303F1D7
:101DB0000802D3E900450F920023CAE7ABF13003D4
:101DC000002018F801BB00EB800003EB4000ABF1F2
:101DD0003003092BF5D90D902EE746F0200698F830
:101DE000003026E70F9A0C4B14681393043247F621
:101DF0003003ADF8683046F002060F92002502234A
:101E00004FF0780BA5E700BF0000000000000000C5
:101E1000FFFFFFFFFFFFEF7FC4B506080F9A1368AF
:101E200010934FF000018DF86710141D002B00F087
:101E3000CE85099A531C00F06D8600211098FEF79C
:101E400047FD002800F05387109B9DF867700F94A2
:101E5000C31A00220E9323EAE373099207960893AC
:101E60001192002F00F08A80089B0133089385E0CF
:101E7000002A41F04D800F9AB00652F8043B0F92B1
:101E800000F1D484F10600F1C885720640F1C585E1
:101E9000BDF828201A8098E698F800306C2B03BF14
:101EA00098F8013046F0200608F1010846F01006C7
:101EB000BFE646F0400698F80030BAE6002A41F046
:101EC0003B80B4060F9B40F1DA81073323F0070310
:101ED000D3E9004503F108020F92002C75F10003CD
:101EE000C0F27884099B9DF86770013300F07D840F
:101EF00026F08002079254EA05024FF001033FF4F6
:101F000039AF012B00F03283022B00F05483494695
:101F100000E01146E20842EA4572E80804F00703CF
:101F200005461446303354EA050001F8013C01F13E
:101F3000FF32EED107981092C00700F12284A9EB7E
:101F400002030E93099B0E9A9342B8BF134608935F
:101F50000023119385E70F9A079613688DF8903048
:101F60004FF00001131D8DF8671001210027CDE906
:101F70000E1324AB0891099711971093079B13F048
:101F8000020302D0089A023208920799239A11F0AC
:101F900084063AD10D9908980C1A002C35DD102CC6
:101FA0002299BD4D24DD50461027C246B0461E463C
:101FB00004E0103C102C00F1080015DD0131103256
:101FC0000729CDE92212C0E90057F2DD21AADDE997
:101FD0000B1003F0B5FD00287FF49DAE103C102CD3
:101FE000DDE922124846E9DC33464646D0468246C1
:101FF000013122440729CDE92212CAE9005400F335
:1020000010859DF867700AF1080A77B122990131AD
:1020100001320DF1670401200729CDE92212CAE936
:10202000004000F3B0820AF1080A6BB1229B013331
:1020300002321AA80221072BCDE92232CAE9000197
:1020400000F3AE820AF1080A802E00F0C781099BD6
:102050000E995D1A002D2FDD102D229B8F4C20DD57
:1020600051461026DDE90BA704E0103D102D01F1CB
:10207000080115DD01331032072BCDE92232C1E909
:102080000046F2DD21AA5146384603F059FD0028EA
:102090007FF441AE103D102DDDE922324946E9DCE6
:1020A0008A4601332A44072BCDE92232CAE900458A
:1020B00000F396820AF1080A079BDB0500F13681DE
:1020C000229B1099CAF800100E99CAF80410013327
:1020D0000A44072B2392229300F3EE810AF1080AA7
:1020E000079B590730D50D9B08995C1A002C2BDDF6
:1020F000102C229B684D1EDD1026DDE90BB704E095
:10210000103C102C0AF1080A15DD01331032072BA0
:10211000CDE92232CAE90056F2DD21AA59463846F5
:1021200003F00EFD00287FF4F6AD103C102CDDE925
:102130002232CA46E9DC01332244072BCDE92232A0
:10214000CAE9005400F330830A9B0D990898814234
:10215000ACBF5B181B180A93002A40F0768100235D
:102160002293CA4631E5002A40F0DA864C4B13939D
:10217000B1060F9B3DD5073323F00703D3E9004594
:1021800003F108020F92F70740F1B78054EA050304
:1021900000F0B38030238DF868308DF869B046F0D8
:1021A00002060223D5E598F8003001222B2140E5F4
:1021B0000F9898F8003004680D94002C00F104008A
:1021C000C0F2E4830F9034E546F0010698F8003041
:1021D0002FE598F8003000297FF42BAD0122202153
:1021E00027E5002A40F0A0862E4B1393B1060F9BE3
:1021F000C1D453F8044B0F93F20600F1E382730647
:1022000040F1E082A4B20025BDE746F0080698F848
:1022100000300EE5002A40F07F860F9B073323F045
:10222000070393ED008B0833B0EEC87BB4EE497B17
:10223000F1EE10FA0F9340F30783B5EEC08BF1EE89
:1022400010FA00F113859DF86770174A174B0321A8
:10225000002026F08004BBF1470FD8BF1A46CDE915
:102260000810079410920E911190FAE5002A40F0A0
:102270005F8646F01006B4060F9B3FF526AE53F876
:10228000044B0F93F00600F19F82710640F19C828F
:1022900024B2E51721E600BFE4B50608F4B5060848
:1022A000B0B50608C4B50608A4B50608A0B506086A
:1022B00098F800B0BBF12A0F08F1010000F00F867A
:1022C000ABF13003092B804600F2E584002018F8BA
:1022D00001BB00EB800003EB4000ABF13003092BA6
:1022E000F5D90990A8E498F8003046F00406A0E477
:1022F00046F0800698F800309BE4022329E5002A86
:1023000040F01E86BBF1000F3FF4FEAC0123002716
:1023100008934FF000020E9324AB8DF890B08DF827
:102320006720079609971197109327E6BBF1650F71
:1023300040F3CD80B5EE408BF1EE10FA40F06081B5
:10234000229BAD49CAF80010013301320121072B4D
:10235000CDE92232CAF8041000F3B6830AF1080A64
:10236000129A1B9B9342239A80F21982229B159901
:10237000CAF800101499CAF8041001330A44072B54
:10238000CDE9223200F318830AF1080A129B5D1E80
:10239000002D7FF7A5AE102D229B984C40F36D8346
:1023A0001026DDE90BB705E00AF1080A103D102DF3
:1023B00040F3638301331032072BCDE92232CAE99F
:1023C0000046F1DD21AA5946384603F0B9FB002842
:1023D0007FF4A1ACDDE92232CA46E7E70D9B0899FC
:1023E0005D1A002D7FF733AE102D229B834C20DD2C
:1023F00051461026DDE90BA704E0103D102D01F138
:10240000080115DD01331032072BCDE92232C1E975
:102410000046F2DD21AA5146384603F091FB002820
:102420007FF479AC103D102DDDE922324946E9DC1C
:102430008A4601332A44072BCDE92232CAE90045F6
:1024400000F325830AF1080A01E621AADDE90B1051
:1024500003F076FB00283FF482AE5CE421AADDE9BC
:102460000B1003F06DFB00287FF455AC1B99239AE9
:10247000CA4619B9129B002B00F05C83229B159869
:10248000CAF800001498CAF8040001330244072B6C
:102490002392229300F336840AF1080A0029C0F23D
:1024A0006F841299109801330A44072BCDE9223228
:1024B000CAE900017FF712AE21AADDE90B1003F093
:1024C0003FFB00287FF427AC239ACA4608E6129CFB
:1024D0002298012C02F1010200F101030AF1080126
:1024E00040F33C810120109CCAF80040072BCDE945
:1024F0002232CAF8040000F3A4821498159C013318
:102500000244072BCDE92232C1E9004000F3A58245
:102510000831129CB5EE408B581CF1EE10FA0746BC
:1025200004F1FF3501F1080A00F0DE80109C4D60D7
:1025300001342A4407280C602392229000F32A8257
:1025400001F11004981C5146A246169C4C6022448E
:102550001DAB0728239222900B607FF7C1ADABE73C
:10256000012B07964FF000077FF4CEAC002D08BF7B
:102570000A2C80F040813EAB303403F8414D10937B
:1025800001230E93DEE421AADDE90B10179303F07B
:10259000D7FA00287FF4BFAB239A179BCA4644E5BD
:1025A00021AADDE90B1003F0CBFA00287FF4B3ABCE
:1025B000239ACA4648E5139E4A46230904F00F00B1
:1025C00043EA057329091C460D46335C02F8013DB8
:1025D00054EA0503F1D1A9EB020310920E93B1E482
:1025E00021AADDE90B1003F0ABFA00287FF493ABCE
:1025F000239ACA4660E500BFE0B50608F4B50608B0
:102600001B99002940F34F82DDE911318B42A8BFAD
:102610000B46002B1D460EDD229B1099CAF80010B8
:1026200001332A44072B2392CAF80450229300F363
:1026300012830AF1080A119B002DA8BF5B1B002B17
:102640001D4600F371811B9B12998B42C0F2D4810D
:102650000799CD0700F1D0811299119CCB1A0D1B5F
:102660009D42A8BF1D46002D0FDD22991098CAF883
:102670000450013120442A440729CAF80000CDE95A
:10268000221200F326830AF1080A002DACBF5D1B5D
:102690001D46002D7FF724AD102D229BC54C40F325
:1026A000EC811026DDE90BB705E00AF1080A103DC0
:1026B000102D40F3E28101331032072BCDE9223295
:1026C000CAE90046F1DD21AA5946384603F038FA36
:1026D00000287FF420ABDDE92232CA46E7E7099BF8
:1026E0000E93CDF840902DE4002D7FF72EAF102DE6
:1026F000B04C40F3D8831026DDF82CA00C9F034685
:1027000005E00831103D102D40F3E881013310320F
:10271000072BCDE92232C1E90046F2DD21AA51465C
:10272000384603F00DFA00287FF4F5AADDE92232DD
:102730004946E7E753F8044B0F93F5067DD500258E
:102740000123FFF706BB0F9A52F8044B0F9216F0C5
:10275000100200F0E1800025FFF7FBBA079CE407B8
:102760003FF5C0AE0124109DCAF80050072BCDE9FB
:102770002232CAF8044000F30D8102300AF1100A37
:10278000E3E6302B00F03281109A0239302302F850
:10279000013CA9EB01030E931091FFF7D3BB079BFC
:1027A000DF073FF5E3AD9BE421AADDE90B1003F061
:1027B000C7F900287FF4AFAA239AC5E4CDF840906A
:1027C000FFF7C0BB0025DEE4E517002C75F1000320
:1027D000BFF688AB099B64424FF02D0765EB4505BA
:1027E00001338DF867707FF483AB002D08BF0A2C8E
:1027F0000796FFF4C0AE4E46204629460A22002323
:10280000FBF744FC303206F8012D20462946002310
:102810000A22FBF73BFC04460D4654EA0503EBD1C4
:10282000A9EB060310960E93FFF78CBB0A9A10468D
:10283000D117C3E90001FFF7C8B9700648BFA4B2B9
:1028400000250123FFF785BAB4EE488BF1EE10FAAC
:1028500080F10183099B5A1C2BF0200500F0368281
:10286000472D00F06C8146F48073079318EE903A80
:10287000002BC0F20C82B0EE48AB0027BBF1660F14
:1028800000F00D82BBF1460F00F05E82452D00F096
:102890005B811FA81CA91BAA0223099C0292CDE9F7
:1028A00003100093019453EC1A2B0C9801F0ACFF29
:1028B000BBF1670F109040F02183F30740F16B816B
:1028C000109B099A9918B5EE40ABF1EE10FA40F062
:1028D000D2810B46109A9B1A1293472D1B9B119382
:1028E00000F06281BBF1660F40F06681119B002B06
:1028F000099B40F3D182002B40F0C482F60700F11F
:10290000C182119B08930E93002F40F0808109979C
:102910009DF86770FFF7A5BA16F040031CBF134679
:10292000A4B20025FFF715BA102D229B214C40F3CD
:10293000E5801026DDE90BB705E00AF1080A103D35
:10294000102D40F3DB8001331032072BCDE922320A
:10295000CAE90046F1DD21AA5946384603F0F0F8ED
:1029600000287FF4D8A9DDE92232CA46E7E74021F2
:102970000C98E9F72DFB0B9B18601861002800F0FC
:10298000BF820B9A40235361FFF70FB964420D9445
:102990000F90AAE421AADDE90B1003F0D1F800287A
:1029A0007FF4B9A9DDE922020DF1C00A01304946E0
:1029B000CBE500BFF4B5060821AADDE90B1003F052
:1029C000BFF800287FF4A7A9239ACA46DEE4099B32
:1029D000109F0997062B28BF062308930E93B94B27
:1029E0000F94079611971093FFF73BBA109BA9EB32
:1029F00003030E93FFF7A6BA22991598CAF80000B0
:102A00001498CAF804000131024407292392229144
:102A100000F315810AF1080A1EE60A9A1A60FFF708
:102A2000D4B821AADDE90B10179303F089F8002828
:102A30007FF471A99DF86770239A179BCA46FFF728
:102A4000E4BA21AADDE90B1003F07AF800287FF43C
:102A500062A9DDE9223249464FE521AADDE90B10E2
:102A600003F06EF800287FF456A9DDE922324946CA
:102A70004FE5012B7FF448AA7DE501332A44072B5B
:102A8000CDE92232CAE900457FF728AB14E521AA37
:102A9000DDE90B1003F054F800287FF43CA9239AD9
:102AA000CA46FFF7D4BA229B8748CAF80000013310
:102AB00001320120072BCDE92232CAF804003FF78A
:102AC000CDAC0AF1080AD4E421AADDE90B1003F029
:102AD00037F800287FF41FA9CA4641E4581C01F1C9
:102AE00008032A4407282392C1E9004522903FF7B2
:102AF00051AF013003F1080A194626E501332A4493
:102B0000072BCDE92232CAE9004500F32E810AF1F4
:102B1000080A98E51098FEF753FD002320EAE072BA
:102B20000E9009930F940796089211939DF8677081
:102B3000FFF797B9079BDE077FF5D2AA9EE4002B2B
:102B400008BF012309938EE6099B1FA85C1C1CA9E2
:102B50001BAA0223CDE9031002920093019453ECC7
:102B60001A2B0C9801F050FE1090BBF1470F40F06B
:102B7000AC81F30740F1AC81109BBBF1460F03EB36
:102B800004017FF4A0AE109B1B78302B00F058811D
:102B90001B9C214497E61B9A1F9B1192109A472D6C
:102BA000A3EB0203129307D1119BDA1C02DB099AF3
:102BB0009A4233DAABF1020B119B8DF874B0013BF2
:102BC000002B1B93BDBF119BC3F101032D222B22B0
:102BD000092B8DF8752000F30081303330228DF8F9
:102BE00077308DF876201EAB1DAA9B1A129A169389
:102BF000012A13440E9340F33B810E9B149A134415
:102C00000E9323EAE3730893002311937CE62D27A8
:102C100000238DF867700993FFF726B9DDE91131BC
:102C20008B427DDBF40740F10481119B149A13441D
:102C30000E9323EAE37308934FF0670B64E621AA2F
:102C4000DDE90B1002F07CFF00287FF464A81B9BD9
:102C5000239ACA4600E521AADDE90B1002F070FFB5
:102C600000287FF458A8239ACA46E4E42D278DF85B
:102C70006770FFF7EABA1F9B8B42BFF42BAE302080
:102C80005A1C1F9218701F9B9942F9D822E6B1EE88
:102C900048AB2D27F2E500230993FEF7CDBF1CA911
:102CA000099C01941FA81BAA0323CDE903100292DB
:102CB00000930C9853EC1A2B01F0A6FD109001190B
:102CC00061E700BFD8B50608E0B5060806230993FA
:102CD000C9E521AADDE90B1002F032FF00287FF4DC
:102CE0001AA81B9B1299239ACB1ACA46CDE4099BBA
:102CF00008930E9309900F94079611909DF86770B2
:102D0000FFF7AFB821AADDE90B1002F019FF002888
:102D10007FF401A81B99DDE92232CA46FFF7BEBB4A
:102D2000149A129B1344119A0E93002A06DC119BED
:102D30000E9AC3F101031A4413460E9223EAE37379
:102D400008934FF0670BDFE51FA81CA91BAA0323FC
:102D5000099C0292CDE903100093019453EC1A2BC5
:102D60000C9801F051FD109006E721AADDE90B1047
:102D700002F0E6FE00287EF4CEAF239ACA4662E453
:102D80004D421031704C1CDA1026DDE90BB704E01F
:102D90000AF1080A103D102D13DD01331032072B04
:102DA000CDE92232CAE90046F2DD21AA5946384669
:102DB00002F0C6FE00287EF4AEAFDDE92232CA463C
:102DC000E8E701332A44072BCDE92232CAE900455E
:102DD0006EDC0AF1080AFFF764BB0DF18305284693
:102DE0005A4C00E01046A4FB0321C90801EB810204
:102DF000A3EB42023032092900F8012C0B4600F106
:102E0000FF32EFDC30330238DBB2854202F8013C9E
:102E100071D90DF17600114601E011F8013B00F87F
:102E2000013B8D42F9D121AB9B1A0DF1760213447F
:102E3000DAE623EAE37208920E934FF0670B63E53C
:102E4000B5EE40ABF1EE10FA3FF4A2AEC4F10104CE
:102E50001B94214437E518EE903A002BB6BF2D277E
:102E60009DF867708DF86770394A3A4BFFF7EFB9F4
:102E700016F0010311937FF4C0AE0E9B23EAE373B7
:102E8000089341E5119B149A1344099A1A4422EAC3
:102E9000E2730E92089337E53BB9F50705D4012399
:102EA00008930E9330E553461BE6149B0133ECE781
:102EB00021AADDE90B1002F043FE00287EF42BAFBF
:102EC000DDE92232CA46FFF7ECBA109B1919FAE481
:102ED0001B9A1F9B1192109A9B1A129364E60F9DE6
:102EE00098F801302C68804644EAE474281D09945F
:102EF0000F90FEF79EBE0DF1760375E6099C34E651
:102F00000C9A0C2313604FF0FF330A93FEF70CBFAB
:102F10008DF86710FEF7AFBF8DF86710FFF77DB92A
:102F20008DF86710FFF722B98DF86710FFF75CB9CD
:102F30008DF86710FFF79DB98DF86710FEF7C1BFD8
:102F40008DF86710FFF7DEB9F4B50608CDCCCCCC10
:102F5000ACB50608A8B506082DE9F04F2DED068B97
:102F6000BDB01C468846924605460A9002F0A8FA73
:102F7000036813931846FEF723FB0E9412901DB1BD
:102F8000AB6B002B00F00581D8F86410B8F90C2069
:102F9000C80793B202D4990540F147819F040AD42F
:102FA000D8F8641042F4005321F40051A8F80C3012
:102FB000C8F864109BB21E0740F1B180D8F8102009
:102FC000002A00F0AC8003F01A020A2A00F0C58043
:102FD00000239FEDA18B9FEDA29B1193CDE92033A0
:102FE000CDE9143309932CAB1F939946C3469AF845
:102FF0000030002B00F08082252B544602D11EE0C9
:10300000252B03D014F8013F002BF9D1A4EB0A05BE
:103010008DB1DDE9203201332A44072BC9F800A025
:10302000C9F80450CDE9203200F3DC8009F1080929
:10303000099B2B4409932378002B00F05D824FF00D
:10304000000300228DF85F3066780B924FF0FF335B
:103050001146174604F1010A08930AF1010AA6F184
:103060002003582B00F2E383DFE813F0DA02E103D8
:10307000E103E202E103E103E103E103E103E10330
:1030800032033E03E103AE037F03E1036002E70086
:10309000E700E700E700E700E700E700E700E700F8
:1030A000E103E103E103E103E103E103E103E10300
:1030B000E103E10399034303E1034303E103E10374
:1030C000E103E103B803E103E1039700E103E10356
:1030D000E103E103E103AB00E103E1036502E10386
:1030E000E103E103E103E103E103E103E103E103C0
:1030F000E103BF02FE004303430343034E02FE000D
:10310000E103E1035302E103220399006F03B303D8
:10311000E103FC02E103AD00E103E103E702414604
:103120000A9801F067FA88B1D8F86430DD0704D452
:10313000B8F80C309C0540F172834FF0FF330993CF
:1031400009983DB0BDEC068BBDE8F08FB8F80C30A7
:1031500003F01A020A2A7FF43BAFB8F90E20002AC6
:10316000FFF636AFD8F86420D00705D4990503D40C
:10317000D8F85800FDF766F82346524641460A98AB
:1031800001F032F9099009983DB0BDEC068BBDE81D
:10319000F08F0A98FCF72EFAF6E647F0100717F0C2
:1031A000200340F020830E9A52F8044B0E9217F041
:1031B000100204D117F040031CBF1346A4B200252F
:1031C000D9E147F01007BA060E9B00F1178353F8B8
:1031D000044B0E93FB0602D47D0648BFA4B2002523
:1031E0000123C8E11FAA59460A9802F05FFD50B9B1
:1031F0000DF1B0091CE71FAA59460A9802F056FDC6
:10320000002800F07081D846D8F86420B8F80C3057
:10321000D00702D4990540F1FB825A068DD4099853
:103220003DB0BDEC068BBDE8F08FD8F85800FDF737
:1032300007F8B8F90C2093B2B0E6A6F130030020ED
:103240001AF8016B00EB800003EB4000A6F130039D
:10325000092BF5D90B9002E70000000000000000E8
:10326000FFFFFFFFFFFFEF7F002A41F08A80BA06D1
:103270000E9B40F19D82073323F00703D3E90045FD
:1032800003F108020E92002C75F10003C0F29B843A
:103290009DF85F300C93089B013300F0A18427F068
:1032A0008002069254EA05024FF0010340F0748157
:1032B000089A002A40F04085002B40F0528417F015
:1032C00001030D9300F05D850DF1F008302308F83F
:1032D000413D089B0D9A9342B8BF134607930023C4
:1032E00010930C9B13B1079B01330793069B13F0BC
:1032F00002030F9302D0079B02330793069B219A88
:1033000013F084073CD10B9B07995C1A002C37DD26
:10331000102C2099BF4D25DD48461023C146B046EC
:103320000A9E04E0103C102C00F1080017DD01316A
:1033300010320729CDE92012C0E90053F2DD1FAA9F
:10334000594630460C9302F0B1FC00287FF45BAF85
:10335000103C102CDDE920122CA80C9BE7DC464623
:10336000C8468146013122440729CDE92012C9E926
:10337000005400F357849DF85F300C9309F108095D
:103380000C9B73B12099013101320DF15F040120D2
:103390000729CDE92012C9E9004000F3778309F13C
:1033A00008090F9B6BB1209B0133023218A8022140
:1033B000072BCDE92032C9E9000100F3738309F13D
:1033C0000809802F00F0A482089B0D995D1A002D3A
:1033D0002FDD102D209B904C20DD49461027DDF875
:1033E000289004E0103D102D01F1080115DD013396
:1033F0001032072BCDE92032C1E90047F2DD1FAAC8
:103400005946484602F052FC00287FF4FCAE103DBD
:10341000102DDDE920322CA9E9DC894601332A444C
:10342000072BCDE92032C9E9004500F3498309F1B2
:103430000809069BD90500F11182209B0D99C9F856
:10344000008001330A44072B2192C9F8041020930D
:1034500000F3FD8209F10809069B5C0738D50B9B38
:1034600007995C1A002C33DD102C209B694D1EDD62
:1034700010260A9F04E0103C102C09F1080916DD03
:1034800001331032072BCDE92032C9E90056F2DDB5
:103490001FAA5946384602F009FC00287FF4B3AE53
:1034A000103C102CDDE920320DF1B009E8DC0133CD
:1034B0002244072BCDE92032C9E9005408DD1FAAB8
:1034C00059460A9802F0F2FB00287FF49CAE219A3C
:1034D000099B0B9907988142ACBF5B181B18099395
:1034E000002A7FF488AE002320939AF800300DF173
:1034F000B009002B7FF480AD219BD846002B40F013
:103500007586002320937FE647F040079AF8006015
:10351000A3E59AF800606C2E03BF9AF8016047F0AB
:1035200020070AF1010A47F0100796E547F08007E7
:103530009AF8006091E5002A40F03D87374B1493DC
:10354000B8060E9B40F18280073323F00703D3E9CE
:10355000004503F108020E92FB0740F1AF8254EAE6
:10356000050300F0AB8230238DF860308DF8616088
:1035700047F0020702234FF000028DF85F20089AFF
:10358000013200F0708200220C9227F08002069235
:1035900054EA05023FF48CAE012B00F06A82022B44
:1035A00000F0F8812CA900E04146E20842EA4572A9
:1035B000E80804F0070305461446303354EA0502D0
:1035C00001F8013C01F1FF38EED1069AD00740F135
:1035D000F281302B00F0EF813023023908F8013CF2
:1035E0002CAB5B1A0D93884673E60E9906970B6811
:1035F0008DF888304FF0000201208DF85F200B1D00
:10360000002207900C92CDE90D03089210920DF163
:1036100088086BE604B6060814B60608B0B50608B6
:103620009AF8006000297FF418AD0122202114E5EA
:1036300047F001079AF800600FE5002A40F0B786CE
:10364000BB4B1493B8060E9B3FF57EAF53F8044B6B
:103650000E93F90600F1AF827A0640F1AC82A4B273
:10366000002579E70E9BD3F800804FF000028DF81B
:103670005F201C1DB8F1000F00F0A084089A531CB5
:1036800000F0F28400214046FDF722F9002800F006
:103690006D84A0EB08030D9323EAE37300220793E4
:1036A0009DF85F3008920E94069710920C9318E6DE
:1036B000002A40F078860E9ABC0652F8043B0E921F
:1036C00040F17083099A1046D117C3E900018EE4D6
:1036D0000E9B9AF8006018680B90002803F1040311
:1036E000C0F219840E93B8E49AF8006001222B21ED
:1036F000B3E4002A40F053860E9B073323F0070300
:1037000093ED008B0833B0EEC87BB4EE497BF1EE4D
:1037100010FA0E9340F35683B5EEC08BF1EE10FA1B
:1037200000F1FD839DF85F300C93824A824B0321A8
:10373000002027F08004CDE907100694472ECCBF67
:10374000904698460D911090CBE50E9A784B1468F0
:103750001493043247F63003ADF8603047F00207A7
:103760000E9200250223782605E79AF800602A2E9B
:103770000AF1010000F0F685A6F13003092B82461C
:1037800000F2C58400201AF8016B00EB800003EB07
:103790004000A6F13003092BF5D908905FE4002A18
:1037A00040F0F98547F01007BA060E9B3FF563AD70
:1037B00053F8044B0E93FD0600F1FF81780640F1AB
:1037C000FC8124B2E5175EE59AF8006047F0040733
:1037D00043E447F020079AF800603EE447F008070A
:1037E0009AF8006039E40E9B073323F0070303F1D6
:1037F0000802D3E900450E920023BCE6073323F00C
:10380000070303F10802D3E900450E920123B2E653
:10381000D8F85800FCF716FDB8F80C30FDE4D8F8DD
:103820005800FCF70FFD4FF0FF330993F7E4002A2F
:1038300040F0AD85002E3FF45FAE002301224FF033
:10384000000107920C938DF888608DF85F10069741
:103850000D92089310930DF1880847E5652E40F30B
:10386000AF80B5EE408BF1EE10FA40F03581209B31
:103870003249C9F80010013301320121072BCDE98B
:103880002032C9F8041000F33B8309F10809119AAA
:10389000199B9342219A03DB069BDB077FF5DCAD86
:1038A000209B1399C9F800101299C9F8041001332C
:1038B0000A44072BCDE9203200F3748309F108098B
:1038C000119B5D1E002D7FF7C7AD102D209B1C4C5A
:1038D00040F3368210260A9F05E009F10809103DE1
:1038E000102D40F32D8201331032072BCDE9203209
:1038F000C9E90046F1DD1FAA5946384602F0D6F95B
:1039000000287FF480ACDDE920320DF1B009E6E754
:103910000B9B07995D1A002D7FF756AD102D209B4C
:10392000074C2BDD49461027DDF828900FE000BF3B
:10393000C4B50608A4B50608A0B50608E0B5060893
:1039400014B60608103D102D01F1080115DD0133F4
:103950001032072BCDE92032C1E90047F2DD1FAA62
:103960005946484602F0A2F900287FF44CAC103DBD
:10397000102DDDE920322CA9E9DC894601332A44E7
:10398000072BCDE92032C9E9004500F3FE8109F19A
:10399000080919E514980DF1B008230904F00F0186
:1039A00043EA05732A091C461546435C08F8013DA5
:1039B00054EA0503F1D12CABA3EB08030D9388E483
:1039C000119C2098012C02F1010200F1010309F180
:1039D000080140F307810120072BC9F80080CDE9D9
:1039E0002032C9F8040000F38F811298139C013330
:1039F0000244072BCDE92032C1E9004000F3908159
:103A00000831119CB5EE408BF1EE10FA03F1010084
:103A100004F1FF3501F1080900F0A98008F1010463
:103A20002A4407280C6021924D60209000F3EB801F
:103A300001F11004981C4946A146159C4C60224493
:103A40001BAB0728219220900B607FF705AD1FAAC2
:103A500059460A9802F02AF900287FF4D4AB219A3B
:103A60000DF1B009F8E40022012B06970C927FF4C7
:103A700096AD002D08BF0A2C80F06C810DF1F00886
:103A80003034012308F8414D0D9322E41FAA594612
:103A90000A9802F00BF900287FF4B5AB219A0DF1DA
:103AA000B0097EE41FAA59460A9802F0FFF80028E0
:103AB0007FF4A9AB219A0DF1B00982E402235AE503
:103AC0001FAA59460A9802F0F1F800287FF49BAB30
:103AD000219A0DF1B009ACE41999002940F3DC8179
:103AE000DDE910318B42A8BF0B46002B1D460DDDD2
:103AF000209BC9F8008001332A44072B2192C9F882
:103B00000450209300F3D98209F10809109B002D7D
:103B1000A8BF5B1B002B1D4640F39F80102D209BF0
:103B2000A74C40F35C8210260A9F05E009F10809C2
:103B3000103D102D40F3538201331032072BCDE995
:103B40002032C9E90046F1DD1FAA5946384602F085
:103B5000ADF800287FF457ABDDE920320DF1B00954
:103B6000E6E7089B0D930DF1B008FFF7B2BB002DFF
:103B70007FF763AF102D924C40F3CA8310260346A3
:103B80000A9F05E00831103D102D40F3FB81013301
:103B90001032072BCDE92032C1E90046F2DD1FAA21
:103BA0005946384602F082F800287FF42CABDDE954
:103BB00020322CA9E7E70025CEE4E517002C75F1AB
:103BC0000003BFF665AB089B64424FF02D0865EB20
:103BD000450501338DF85F80CDF830807FF45FAB11
:103BE000069746E7069CE5073FF5F5AE0124072B4F
:103BF000C9F80080CDE92032C9F8044003DC023066
:103C000009F1100919E71FAA59460A9802F04EF85F
:103C100000287FF4F8AADDE920020DF1B80901308F
:103C20002CA90AE71FAA59460A9802F03FF8002873
:103C30007FF4E9AA9DF85F300C93219A0DF1B00949
:103C4000FFF79EBB1FAA59460A9802F02FF80028DA
:103C50007FF4D9AA219A0DF1B009199B11998B42D1
:103C600002DB0699CE070FD520991398C9F80000FA
:103C70001298C9F8040001310244072921922091C9
:103C800000F3278209F1080911991098CB1A0D1A2F
:103C90009D42A8BF1D46002D0EDD2099C9F8045095
:103CA000013140442A440729C9F80000CDE9201217
:103CB00000F34A8109F10809002DACBF5D1B1D46C8
:103CC000002D7FF7C9AB102D209B3D4C38DD102611
:103CD0000A9F04E009F10809103D102D30DD013381
:103CE0001032072BCDE92032C9E90046F2DD1FAAC8
:103CF0005946384601F0DAFF00287FF484AADDE94E
:103D000020320DF1B009E7E71FAA59460A9801F0E1
:103D1000CDFF00287FF477AADDE920322CA964E6E4
:103D20001FAA59460A9801F0C1FF00287FF46BAA28
:103D3000DDE920322CA964E6012B7FF430AC9DE64E
:103D400001332A44072BCDE92032C9E900457FF72A
:103D500081AB7CE60DF1B008204629460A220023FB
:103D6000FAF794F9303208F8012D2046294600234D
:103D70000A22FAF78BF904460D4654EA0503EBD103
:103D800019E60DF1B008FFF7A4BA1FAA59460A9820
:103D900001F08CFF00287FF436AA219A0DF1B009BA
:103DA000FFF712BBF80606D4790604D5BDF8242027
:103DB0001A80FFF71CB9099A1A60FFF718B900BFFB
:103DC00014B60608B4EE488BF1EE10FA80F18B823F
:103DD000089B591C26F0200500F0C580472D03D113
:103DE000002B08BF0123089347F48073069318EE55
:103DF000903A002BC0F28681B0EE48AB00230C93C2
:103E0000662E00F08881462E00F0DF81452D00F0FF
:103E1000C0811DA81AA919AA0223089C0292CDE903
:103E200003100093019453EC1A2B0A9800F0ECFC59
:103E3000672E804640F0A982FB0740F1DC80089B9A
:103E400008EB0301B5EE40ABF1EE10FA40F04E8105
:103E50000B46A3EB08031193472D199B109300F019
:103E6000D180662E40F0D580109B002B089B40F33C
:103E70005182002B40F02D82FB0700F12A82109B1B
:103E800007930D930C9B002B40F0FF8008939DF847
:103E90005F300C93FFF725BA209BB248C9F80000A9
:103EA000013301320120072BCDE92032C9F804008B
:103EB0003DDC09F1080929B9119B1BB9069BDF07F5
:103EC0007FF5CAAA209B1398C9F800001298C9F878
:103ED000040001330244072B2192209300F3348124
:103EE00009F108090029C0F28B81119901330A44B4
:103EF000072BCDE92032C9E900817FF7ABAAA6E5FF
:103F00001FAA59460A9801F0D1FE00287FF47BA928
:103F10000DF1B009BBE440420B900E9356E44FF014
:103F20002D088DF85F80CDF83080FFF7FEBB1FAA0B
:103F300059460A9801F0BAFE00287FF464A919993D
:103F4000219A0DF1B009B6E71FAA59460A9801F067
:103F5000ADFE00287FF457A9199B1199219ACB1A1D
:103F60000DF1B009A8E6062308933DE7089B0793E7
:103F70000D939DF85F3008900E94069710900C9367
:103F8000FFF7AFB9581C01F108032A440728219212
:103F9000C1E9004520903FF736AE013003F1080932
:103FA00019464AE51FAA59460A9801F07FFE0028E3
:103FB0007FF429A9219A0DF1B00981E4089BCDF87D
:103FC0004080062B28BF0623CDF82080CDE90C8346
:103FD00007930E940697DFF89081FFF782B90133BB
:103FE0002A44072BCDE92032C9E900453FF72AAE24
:103FF00009F1080931E61D9B199A10921B1A472DE9
:10400000119306D1109BDA1C02DB089A9A4244DA1B
:10401000023E109B8DF86C60013B002B1993BDBFD5
:10402000109BC3F101032D222B22092B8DF86D204B
:1040300000F31281303330228DF86F308DF86E200E
:104040001CAB1BAA9B1A119A1593012A13440D93BA
:1040500040F354810D9B129A13440D9323EAE373AA
:104060000793002310930DE74046FDF7A9FA0023BC
:10407000089320EAE07210939DF85F300D900E9443
:10408000069707920C93FFF72CB92D238DF85F301C
:104090000C9300230893FFF726B9DDE910318B421A
:1040A00064DBFD0740F10F81109B129A13440D93BE
:1040B00023EAE37307936726E4E61FAA59460A98A2
:1040C00001F0F4FD00287FF49EA8219A0DF1B009BB
:1040D0001CE51FAA59460A9801F0E8FD00287FF464
:1040E00092A8199B219A0DF1B009CDE51D9B8B4239
:1040F000BFF4AFAE30205A1C1D9218701D9B994220
:10410000F9D8A6E62D23B1EE48AB0C9378E6002350
:104110000893FEF7A4BF1AA9089C01941DA819AA28
:104120000323CDE90310029200930A9853EC1A2B53
:1041300000F06AFB8046011998F80030302B00F03F
:10414000B780199C21447DE61FAA59460A9801F0C0
:10415000ADFD00287FF457A81999DDE920320DF153
:10416000B009BFE6E0B50608D8B50608DDE91132AA
:104170001344109A0D93002A06DC109B0D9AC3F18C
:1041800001031A4413460D9223EAE373079367264B
:1041900078E6089B1DA85C1C1AA919AA0223CDE980
:1041A000031002920093019453EC1A2B0A9800F02A
:1041B0002BFB8046472E40F0D280FA0740F1C880A2
:1041C000462E08EB0401B7D03CE61DA81AA919AA8F
:1041D0000323089C0292CDE903100093019453EC51
:1041E0001A2B0A9800F010FB8046E9E70A981FAAEC
:1041F000594601F05BFD00283FF483A9FFF704B89E
:104200004D4210316E4C1CDA10260A9F04E009F171
:104210000809103D102D14DD01331032072BCDE9B4
:104220002032C9E90046F2DD1FAA5946384601F09E
:104230003DFD00287EF4E7AFDDE920320DF1B00945
:10424000E7E701332A44072BCDE92032C9E90045CD
:1042500071DC09F1080948E60DF17B052846594C47
:1042600000E01046A4FB0321C90801EB8102A3EB87
:1042700042023032092900F8012C0B4600F1FF32CE
:10428000EFDC30330238DBB2854202F8013C75D9ED
:104290000DF16E00114601E011F8013B00F8013B01
:1042A0008D42F9D11FAB9B1A0DF16E021344C8E683
:1042B000B5EE40ABF1EE10FA3FF443AFC4F10104A8
:1042C00019942144BEE523EAE37207920D93672611
:1042D000D8E5109B129A1344089A1A4422EAE27312
:1042E0000D920793CEE518EE903A002B19DB9DF85E
:1042F0005F300C93344A354BFFF719BA17F00103BE
:1043000010937FF4A7AE0D9B23EAE3730793B9E5FF
:104310004B463AE663B9FF070AD4012307930D938E
:10432000B0E54FF02D088DF85F80CDF83080E1E7E3
:10433000129B0133D0E71FAA59460A9801F0B6FC38
:1043400000287EF460AFDDE920320DF1B009CCE544
:104350001D9B199A1092A3EB0803119352E608EBE8
:1043600004016FE50E9C9AF80160236843EAE37349
:104370000893231D82460E93FEF76FBE0DF16E0368
:104380005FE68DF85F10FEF772BF089C12E78DF8AC
:104390005F10FFF74FBA8DF85F10FFF703BA8DF883
:1043A0005F10FFF7A9B98DF85F10FFF784B98DF89A
:1043B0005F10FFF745B98DF85F10FFF7BFB800BF7A
:1043C00014B60608CDCCCCCCACB50608A8B506080A
:1043D00010B4044C13460A46014620685DF8044BAD
:1043E000FEF7BABD4C0E00242DE9F0410C46ADF5A8
:1043F0008D6D8989666EE589199621F00201064660
:10440000E069ADF80C1017464FF48061626AADF8B0
:104410000E5098461AAD0023079016A809920693ED
:104420000095049502910591FBF706FF43463A4635
:1044300069463046FEF790FD051E07DB30466946AB
:10444000FBF752F8002818BF4FF0FF35BDF80C30CD
:104450005B0603D5A38943F04003A3811698FBF7BD
:10446000EDFE28460DF58D6DBDE8F08170B5141E8A
:104470009AB005462CDB1A464FF402730091049162
:10448000ADF80C3013D0013C4FF6FF761E9B029422
:1044900069460594ADF80E60FDF76EFB421C01DA2B
:1044A0008B232B60009B00221A701AB070BD1E9BDC
:1044B00002944FF6FF7669460594ADF80E60FDF75D
:1044C0005BFB431C01DB1AB070BD8B232B60FAE74A
:1044D0008B2303604FF0FF30F5E700BF10B582B0CB
:1044E000054C0093246813460A4601462046FFF710
:1044F000BDFF02B010BD00BF4C0E0024F8B50D4644
:104500001446064610B1836B002B43D0B4F90C203F
:10451000A369A36091B208071BD52369CBB1EDB2A3
:1045200089042F4622D522686169D31A994229DD70
:104530000133A168501C0139A160206015706269C7
:104540009A422AD0A389DB0701D50A2D25D0384607
:10455000F8BD2146304600F04DF820BBB4F90C20E0
:10456000236991B2EDB289042F46DCD4616E42F426
:10457000005221F40051A281226861666169D31A58
:104580009942D5DC21463046FAF7AEFF58B9226889
:104590000123CEE7FBF72EF8B8E721463046FAF7BD
:1045A000A3FF0028D3D04FF0FF37D0E721B1FF2A77
:1045B00004D80A7001207047084670478A230360B8
:1045C0004FF0FF30704700BF70B50D46084C1146E4
:1045D00006461A46284600232360E8F733FB431CAF
:1045E00000D070BD2368002BFBD0336070BD00BFCE
:1045F000A414012438B5314B1B6805460C4613B191
:104600009A6B002A3AD0B4F90C2093B218070CD553
:104610002069A8B113F0010220D0636900225B4237
:10462000A361A26000B3002038BDD9063ED558076B
:1046300028D4206942F00803A3819BB20028E9D165
:1046400003F42072B2F5007FE4D028462146FBF740
:1046500029FEA389206913F00102DED1990758BF12
:104660006269A2600028DED1B4F90C301A06DBD5ED
:1046700043F04003A3814FF0FF3038BD1846FAF7EE
:10468000B9FFC0E7216B51B104F14003994204D056
:104690002846E7F7E9FCB4F90C2000232363002344
:1046A0002069636022F024022060C3E742F04002E8
:1046B00009232B604FF0FF30A28138BD4C0E00243F
:1046C00038B5074C0023054608462360E8F756FA3C
:1046D000431C00D038BD2368002BFBD02B6038BDB5
:1046E000A41401242DE9F04F03690F69BB4283B084
:1046F000C0F28680013F01F1140900F1140A59F853
:1047000027205AF82730BC000132B3FBF2F80AEB3D
:104710000403009409EB040B0193B8F1000F38D0A7
:1047200000252E46CE46D4465EF8044BDCF8003019
:10473000A2B208FB0255220C2C0C08FB0242ADB2BF
:10474000751B96B2C6EB134615FA83F306EB2346A8
:104750009BB243EA0643F3454FEA12454CF8043B4B
:104760004FEA2646E0D2009B5AF803308BB9019AF3
:10477000131F9A450CD252F8043C4BB9A2F108031E
:1047800002E01A68043B1AB99A4507F1FF37F8D3DB
:104790000761044601F0CEF800282DDB08F101087E
:1047A0005546002359F8041B28688AB29A1A0B0C44
:1047B00012FA80F2C3EB104303EB224392B242EAB7
:1047C0000342CB4545F8042B4FEA2343EAD25AF87B
:1047D00027200AEB87037AB91A1F92450BD253F8A8
:1047E000042C42B9083B02E01A68043B1AB99A4506
:1047F00007F1FF37F8D32761404603B0BDE8F08FDB
:10480000002003B0BDE8F08F2DE9F04F016C93B0AC
:1048100004461F4692469B4641B1426C4A600123C2
:1048200093408B6000F096FE002323643D1E1F9A88
:10483000B4BF012300231360BF4BBCBF25F000456C
:10484000AB46AB4300F0A5804BEC17ABB5EE407B1D
:10485000F1EE10FACDE902AB0DD11E9A01231360DF
:10486000209B002B00F0C280B44E1E60013E3046FB
:1048700013B0BDE8F08F10AA11ABCDE9003220468D
:10488000DDE9022301F0E8F85FEA1559804640F0BF
:104890009E80DDE9101301EB030909F23243202B5E
:1048A00040F38683C3F1400309F212429D402AFA85
:1048B00002F32B4307EE903AB8EE677B09F1FF391C
:1048C0008DED027B0398DDE90223A0F1F87301204E
:1048D0000D9043EC172BB7EE086B9FED914B37EE25
:1048E000466B9FED917B9FED925BA6EE047B06EEFF
:1048F000909AB8EEE66BA6EE057BFDEEC76BB5EEC3
:10490000C07BF1EE10FACDED026A00F1D381029A7C
:10491000162A00F2C4818A4B03EBC20393ED007B9D
:104920004BEC16ABB4EEC67BF1EE10FA40F33A83D3
:10493000531E029300230B93A1EB0909B9F1010364
:10494000089344BF00230893029B4CBFC9F101099F
:104950004FF00009002BC0F2A581089A0A93114676
:1049600019440023089105931C9B092B43D8052B60
:1049700040F31B83043B1C93002306931C9B023BC8
:10498000032B00F2EF83DFE813F039031A0343032C
:1049900044041E9A42F20F731360BAF1000F0FD154
:1049A000C5F3130565B9209B664E002B3FF45FAF3E
:1049B00006F10803209A3046136013B0BDE8F08F6B
:1049C000209B614E002B3FF452AFF31CF2E703999A
:1049D000C1F31301DDE90223002041F07F53A9F266
:1049E000FF3943F4401310990D9072E7574E30464B
:1049F00013B0BDE8F08F012300224FF0FF3506937E
:104A00001C922F4609931D92002161640C97204649
:104A100000F07AFD0E2D0646206400F2BE80069B53
:104A2000002B00F0BA8002990029CDE90EAB40F3CB
:104A30005883434A01F00F0302EBC3020B11DD065A
:104A400092ED006B40F10784414A92ED087B4BECFC
:104A500015AB03F00F03032185EE074B5BB13C4A16
:104A6000D80704D592ED007B013126EE076B5B1071
:104A700002F10802F4D184EE065B0B9B3BB1B7EE6A
:104A8000007BB4EEC75BF1EE10FA00F14F8407EE45
:104A9000901AB8EEE76BB1EE0C7BA6EE057B8DEDC0
:104AA000067B079BDDE906ABA3F1507B002F00F0EE
:104AB000998302983A46BDEEC57B214917EE103A1C
:104AC00001EBC20111ED024B09993033B8EEC77BFF
:104AD000DBB235EE477B4BEC16AB751C002900F0C2
:104AE000DE83B6EE003B83EE045B35EE465BB4EE50
:104AF000C75BF1EE10FA33704BDCB7EE003B33EEE0
:104B0000476BB4EEC65BF1EE10FA00F35984012A4C
:104B100041D0B2EE044B324426E000BFAFF3008038
:104B200061436F63A787D23FB3C8608B288AC63FB3
:104B3000FB799F501344D33F0000F07FE1B5060896
:104B400060B6060824B6060830B60608E0B50608C2
:104B500038B6060833EE476BB4EEC56BF1EE10FACB
:104B600000F12E84954216D027EE047B25EE045BDF
:104B7000BDEEC76B16EE103A3033DBB2B8EEC66B43
:104B800037EE467BB4EEC57BF1EE10FA05F8013B3B
:104B9000E0D50290D7E1DDE90EAB119B002B62DB83
:104BA000029A0E2A5FDCBE4B03EBC20393ED003B7F
:104BB0001D9B002BC0F274824BEC17AB87EE036B8E
:104BC000BDEEC66B012F16EE103A03F13003B8EEBE
:104BD000C65B06F101053370A3EE457B21D0B2EE32
:104BE000044B27EE047BB5EE407BF1EE10FA08D1C2
:104BF000A9E127EE047BB5EE407BF1EE10FA00F060
:104C0000A28187EE036BBDEEC66B16EE103A303311
:104C100005F8013BAB1B9F42B8EEC65BA5EE437B9C
:104C2000E7D137EE077BB4EEC37BF1EE10FA0ADC76
:104C3000B4EE437BF1EE10FA40F0858116EE103AA7
:104C4000D90740F1808115F8013C05E0964200F05B
:104C50004A8312F8013C1546392B05F1FF32F5D095
:104C6000013313706FE1099A82B31C9A012A40F351
:104C70000A82059B7A1E9342C0F2D5829A1A002FAF
:104C8000C0F2FE82089B3B444D460893B944012183
:104C900020460D9200F0F8FC0D9A06901AE00123D0
:104CA0000B9349E6029BA9EB03095B4205930023A2
:104CB0000A9359E6B8EEE66BB4EE476BF1EE10FAE4
:104CC0003FF425AE029B013B029320E6099B059A27
:104CD00006934D46002D0BDD0899002908DDA942F9
:104CE0000B46A8BF2B46A9EB0309ED1ACB1A089374
:104CF000059B6BB10999002900F08E829B1A002A4E
:104D000040F0A38141461A46204600F06DFD8046E2
:104D10000121204600F0B8FC0A9A0590002A40F0D4
:104D20002C811C9B012B40F376810120089A1044B2
:104D300010F01F0000F01A81C0F12003042B40F393
:104D40006E83C0F11C000244814405440892B9F10D
:104D5000000F05DD41464A46204600F095FD80469D
:104D6000089B002B05DD1A460599204600F08CFDB6
:104D700005900B9B002B73D1002F40F30E82099BF3
:104D8000002B00F08980002D00F376810A9B002B18
:104D900040F0D381DDF818900B96731E3B440AF067
:104DA00001023746069E0A920993059D4046294610
:104DB000FFF798FC31468246404600F0BBFD29468D
:104DC00083464A46204600F0D1FDC3680AF130050B
:104DD0000146002B40F0DC810690404600F0AAFD21
:104DE000069A08901146204600F0B4FB089B33B9A0
:104DF0001C9A22B90A9B002B00F0E4821C9BBBF199
:104E0000000FC0F2188205D11C9A1AB90A9A002A1A
:104E100000F01182002B07F1010A00F32182099BA7
:104E20003D70BB4200F02F82414600230A222046FB
:104E300000F09AFB4E45804631464FF000034FF09C
:104E40000A02204600F09E8100F08EFB494606468D
:104E500000230A22204600F087FB57468146A4E73C
:104E60000599404600F066FD002885DA029F41461C
:104E700000230A222046013F029700F075FB099BA0
:104E80008046002B40F0B6820C9F002F04DC1C9B58
:104E9000022B00F3C2820C9FDDF81490354604E02B
:104EA00060B6060800F060FB804649464046FFF7C2
:104EB00019FC00F1300C05F801CBAB1B9F424FF001
:104EC0000A024FF0000341462046EBDCCDF820C03B
:104ED0004FF0000A41460122204600F0D5FC05991A
:104EE000804600F027FD002815F8012C12DC06D1C1
:104EF000089BDB070ED402E015F8022C1D46302A71
:104F000005F1FF33F8D00BE09E4200F0528113F818
:104F1000012C1D46392A05F1FF33F5D001321A70F4
:104F20000599204600F016FB069B63B1BAF1000F0D
:104F300005D09A4503D05146204600F00BFB069958
:104F4000204600F007FB4146204600F003FB00220C
:104F5000029B2A701E9A01331360209B002B3FF4A2
:104F600086AC30461D6013B0BDE8F08F1C20089B56
:104F70000344814405440893E9E60146204600F0D5
:104F800033FC1C9B0590012B40F3D28000230A9335
:104F9000059A136902EB8303186900F025FBC0F141
:104FA0002000C3E600230B93C6E401230693E5E447
:104FB000C3F120030AFA03F307EE903A7CE40023DE
:104FC0000993029B1D9A13445F1C012FBC460C934E
:104FD000B8BF4FF0010C0021BCF1170F61643D46D2
:104FE0007FF715AD012204235B0003F11400604537
:104FF000114602F10102F7D9616408E50023099323
:105000001D9B002B40F3DB800C931F469C46E2E780
:1050100001230993F4E7BAF1000F7FF486AECBF3D6
:105020001303002B40F068812BF000431B0D1B0580
:105030002BB1089B0133089309F1010901230A9A56
:105040000A93002A3FF471AEA2E706990D93204619
:1050500000F0CAFB424601460690204600F01EFBC7
:1050600041460590204600F075FA059A0D9B904642
:10507000002B3FF44DAE45E62A460699204600F047
:1050800003FC069082E60D9A002A00F0378103F2B5
:105090003343089A1A4408924D46059A9944F6E516
:1050A000002F3FF789AD40F0B080B1EE047B23EED6
:1050B000073B4BEC17ABB4EEC73BF1EE10FACDE972
:1050C000057771DA029A3123013202923370751C2E
:1050D0000599204600F03EFA069B002B7FF42FAF87
:1050E00031E700F01E81029BC04A5B4203F00F01D2
:1050F00002EBC10292ED005B9DED0E7B1B1127EED2
:10510000055B00F08781B0EE457BB94A00200221A3
:10511000DD0705D592ED006B0131012027EE067BFE
:105120005B1002F10802F3D1002805FE075BA4E43E
:10513000BAF1000F3FF473AF28E7069B2046596889
:1051400000F0E2F906990B6902339A0005460C312A
:105150000C30FBF73FFC29460122204600F094FB6F
:10516000814619E6002565642946204600F0CCF901
:105170004FF0FF330C931F46012306461D95206414
:1051800009930AE500F0F0F95746064681460CE619
:10519000204600F0DFF9012331E61C9B022B7FF74C
:1051A000EEAD002F00F0AE801D9BDB430293354631
:1051B0008EE7029A3123013202923370B0E6012564
:1051C0001D952F4620E407EE901AB8EEE76BB1EE7E
:1051D0000C7BA6EE057B8DED067B079BDDE906AB20
:1051E000A3F1507B4BEC16ABB1EE047B35EE477B65
:1051F000B4EEC67BF1EE10FA4DDCB1EE466BB4EEC8
:10520000C67BF1EE10FA7FF5C6AC0023CDE905337D
:10521000CAE701230993D4E64146059A204600F0E7
:10522000E3FA804674E5059B0A990592D31A19445E
:105230000A91002223E5002B0895069607F1010547
:105240000B9E00F392809DF82030DDF818A03B7093
:10525000CDF8189064E69DED0E4B0221FFF7FEBBE2
:105260002B46392B0895069655460B9E00F08F80ED
:10527000089BDDF818A0CDF8189001333B704FE67D
:10528000A9EB070503E5334608950B9ECDF818906A
:1052900055469A461EE60023CDE9053312E7012A5A
:1052A00026EE045B337011D0B2EE044B324427EE8D
:1052B000047BBDEEC76B16EE103A303305F8013BA8
:1052C0009542B8EEC66B37EE467BF0D1B6EE006B7A
:1052D00035EE064BB4EEC74BF1EE10FA5ED50290F8
:1052E00015F8013CB8E430233370029B013302937C
:1052F000324615F8013CB3E40023A0E6109BC3F14D
:105300003603C6E63B4605990522204600F02CF9F7
:1053100001460590404600F00DFB00283FF7D2AE55
:1053200042E79DED0E5B0221FFF7A7BB002F3FF484
:105330004AAF0C9A002A7FF72EACB2EE044BB1EEC6
:105340000C6B013107EE901A25EE045BB8EEE77B9B
:10535000A5EE076B8DED066B079BDDE906ABA3F1B0
:10536000507B029B581EFFF7A6BB414601222046F8
:1053700000F08AFA0599804600F0DCFA00282DDD5D
:10538000089B392B03D00AF1310308935BE73922DC
:10539000DDF818A03A70CDF81890BBE536EE456BF5
:1053A000B4EEC76BF1EE10FA02DCFFF7F4BB154662
:1053B00015F8013C302B05F1FF32F8D0FFF7E9BBBF
:1053C000029049E42B46392B0895069607F1010512
:1053D0000B9EDCD0BBF1000FD5DC34E77FF433AF9C
:1053E000089BDA077FF52FAFCAE700BF60B6060853
:1053F00038B60608069900230A22204600F0B4F8C1
:105400000C9F0690002F3FF7BEAC1C9B022B04DCC8
:105410000C9FB8E40221FFF730BB0C9FC1E63FF4BC
:1054200096ACC0F13C00A2E50B78722B30B431D0C1
:10543000772B2AD0612B04D01623036030BC0020C8
:1054400070474FF4027501244FF4847011F8013F46
:105450008BB1622B16D0782B11D02B2BF6D111F8F3
:10546000013F20F01C0024F0030440F0100044F041
:105470000204002BEDD12C43146030BC704744F47F
:105480000064E3E744F48034E0E74FF4C0650124AE
:105490000820DBE700252C460420D7E738B5074C69
:1054A0000023054608462360E7F73AFC431C00D07A
:1054B00038BD2368002BFBD02B6038BDA414012419
:1054C000044A054B1268506B002808BF1846F0309C
:1054D000704700BF4C0E00247812002470B50D46B2
:1054E000084C114606461A46284600232360E7F773
:1054F0007EFC431C00D070BD2368002BFBD03360C2
:1055000070BD00BFA4140124C36C70B505460C46E1
:105510004BB153F8240080B1026843F824200023E3
:10552000C0E9033370BD21220421E6F7E6FC0346FF
:10553000E8640028EDD1002070BD012101FA04F6D5
:10554000721D28469200E6F7D8FC0028F3D0C0E987
:105550000146E4E731B1C36C4A6853F822000860A1
:1055600043F82210704700BFF0B50C6983B00D46B8
:10557000064601F1140C0027DCF8000081B202FBA2
:105580000133010C180C02FB01019BB2013703EB44
:105590000143BC424CF8043B4FEA1143ECDC3BB105
:1055A000AA68A24207DD05EB8402013453612C6135
:1055B000284603B0F0BD6968019301313046FFF71A
:1055C000A3FF2A69023205F10C01074692000C3054
:1055D000FBF700FAF26C6968019B52F82100286021
:1055E00042F821503D46DEE7020C12040346C2B9E0
:1055F0000304102013F07F4F04BF1B02083013F088
:10560000704F04BF1B01043013F0404F04BF9B00D8
:105610000230002B04DB5B0001D5013070472020F5
:1056200070470020E6E700BF036813F00702014659
:1056300007D0DA071FD498071FD55B080B6001203D
:10564000704798B2A0B1104613F0FF0F04BF1B0AB9
:1056500008301A0704BF1B0904309A0704BF9B08CF
:105660000230DA0702D45B080BD001300B607047C0
:105670001B0C1020E8E7002070479B080B600220FD
:1056800070472020704700BF10B50C460121FFF77E
:105690003BFF0122C0E9042410BD00BF2DE9F04FFB
:1056A0000E691469A64283B00F46154604DA3246E5
:1056B0002F4626460D461446D7E9011306EB04088B
:1056C0004345B8BF0131FFF71FFF00F1140909EB93
:1056D000880EF145009005D24B46002243F8042B7A
:1056E0009E45FBD805F1140A0AEB840407F1140364
:1056F000A24503EB860C61D2641B153C24F0030425
:10570000CDF804E0A24405F110029E4605E02D0C00
:105710002BD1924509F104094ED052F8045F1FFACB
:1057200085FBBBF1000FF2D077464E46002000E02B
:10573000264657F8041B34688BB2A5B2090C240C1A
:105740000BFB035303440BFB014000EB13403446B7
:105750009BB243EA0043BC454FEA104044F8043B87
:10576000E6D8706015682D0CD3D0D9F80030764695
:105770001846CB46002100E0A3463488000C05FB08
:10578000040001449BB25C4643EA014344F8043BF5
:1057900056F8043BDBF804001B0C87B205FB0373CF
:1057A00003EB1143B4454FEA1341E5D89245CBF8DA
:1057B000043009F10409B0D1DDF804E0B8F1000FBC
:1057C0000BDD5EF8043CAEF1040E1BB105E05EF8A3
:1057D000043D13B9B8F10108F9D10098C0F8108060
:1057E00003B0BDE8F08F00BF12F003032DE9F041D4
:1057F000144607462ED10D46A4101CD0BE6C96B39D
:10580000E3074FF0000806D4641014D03068A8B144
:105810000646E307F8D5324629463846FFF73EFFED
:10582000B5B16A68FB6C641053F82210296043F824
:1058300022500546EAD12846BDE8F081324631467D
:105840003846FFF72BFF3060C0F800800646E0E7DF
:105850000546D9E7013B0B4A52F823200023FFF706
:1058600083FE0546C8E701213846FFF74DFE40F2AA
:10587000712343610122002302610646B86403607C
:10588000BEE700BF28B706082DE9F04791460A6930
:105890000E464FEA6914D1E9011304EB020808F13E
:1058A00001059D42074604DD5B009D4201F10101B7
:1058B000FADC3846FFF728FE002C00F1140337DD30
:1058C00003EB8401002243F8042B8B42FBD13469A3
:1058D00006F1140319F01F0903EB840C20D0C9F161
:1058E000200E002200E051461C688A4604FA09F4A2
:1058F00014434AF8044B53F8042B634522FA0EF282
:10590000F1D34A600AB108F10205FB6C7268013DEF
:1059100053F822100561316043F82260BDE8F0873A
:10592000043953F8042B41F8042F9C45F9D8ECE7CF
:105930001946CCE730B40B6905460069C01A0FD18F
:105940009B001435143119442B4401E09D4207D2C9
:1059500053F8044D51F8042D9442F7D002D301209E
:1059600030BC70474FF0FF30FAE700BF2DE9F0413F
:1059700013690D69ED1A002D0E46904601F11404CD
:1059800002F1140714D19B00E2183B4401E0A2424B
:1059900059D952F804CD53F8041D8C45F7D009D2DB
:1059A000224633463C46464617469846012501E0C6
:1059B000F6DB00257168FFF7A7FDD8F810303669CF
:1059C000C56007EB830EBC4600F1140504EB8607A7
:1059D00000235CF8041B54F8048B8AB213FA88F392
:1059E000090C9A1AC1EB184303EB224392B242EA24
:1059F0000342E64545F8042B4FEA2343E9D8A74282
:105A000017D9AE46A4465CF8042B13FA82F3191496
:105A100001EB12419BB243EA014267454EF8042B69
:105A20004FEA2143EFD8E443274427F00307043724
:105A30003D44043D22B955F8043D013E002BFAD007
:105A40000661BDE8F0810021FFF75EFD0122002321
:105A5000C0E90423BDE8F0812DE9F04383B00121C2
:105A60001F4616460A9DFFF74FFDC7F30A548146AD
:105A7000C7F313030CB143F48013002E019323D01A
:105A800002A840F8086DFFF7CFFD002835D1DDE909
:105A90000023C9F81420002B0CBF01210221C9F8F2
:105AA0001830C9F81010DCB909EB8103A0F23240BC
:105AB00028601869FFF798FD0B9BC0EB4110186038
:105AC000484603B0BDE8F08301A8FFF7ADFD019B98
:105AD000C9F8143001212030C9F81010002CE3D08F
:105AE000A4F2334808EB00032B600B9BC0F1350098
:105AF0001860484603B0BDE8F083DDE90013C0F14B
:105B0000200203FA02F20A43C3400193C9F81420A9
:105B1000C1E700BF70B50D46084C114606461A464F
:105B2000284600232360E7F7FDF8431C00D070BD32
:105B30002368002BFBD0336070BD00BFA414012488
:105B40002DE9F04F936883B09046002B6CD0176816
:105B50008D6882460C460868083742E0A38913F432
:105B6000906F2DD0D4E9041505EB4505A0EB010B92
:105B700005EBD575701C6D105844A8422A4684BFA9
:105B800005462A465B0536D511465046E6F720FA0B
:105B900000283AD05A4621690190FAF71BFFA289E2
:105BA000019B22F4906242F08002A281A5EB0B02DD
:105BB00003EB0B00656123612060A2603546B346AC
:105BC0005A464946FAF7A0FFD8F80830A26820687C
:105BD000551B58449E1BA5602060C8F808601EB382
:105BE000083757E90296AB46002EF9D0AE42B5D23F
:105BF0003546B346E4E75046E6F756F90346002833
:105C0000D4D121695046E6F72FFA0C23CAF80030A8
:105C1000A389002243F040034FF0FF30A381C8E97D
:105C2000012203B0BDE8F08F0020C8F8040003B0E3
:105C3000BDE8F08F2DE9F84F4B6E9C0492462DD5B0
:105C40009368126843B30E46074602F1080959E902
:105C5000025B5FEA9B0815D0043D002401E0A045EB
:105C60000ED0324655F8041F384600F079F8431C30
:105C700004F10104F3D10023CAE90133BDE8F88F30
:105C8000DAF808302BF0030BA3EB0B03CAF808304B
:105C900009F10809002BDAD10020ECE7FAF7CCF87B
:105CA0000023CAE90133BDE8F88F00BF93680BB148
:105CB000FFF7C0BF10B4184653605DF8044B70473F
:105CC0002DE9F04782B0814688461446FAF7A6FAD5
:105CD000012803D108F1FF33FE2B33D9424604F1EA
:105CE0005C0301A9484600F06DF8421C06462FD01F
:105CF00020B39DF804C000250DF1040A09E02368D3
:105D00005A1C226083F800C00135B54216D215F83E
:105D10000AC0A368013B002BA360F0DAA769BB426D
:105D200061462246484602DBBCF10A0FE7D1FEF786
:105D3000E5FB431CE8D102B0BDE8F087404602B065
:105D4000BDE8F0875FFA88FC06468DF804C0D2E70C
:105D5000A38943F04003A38102B0BDE8F08700BFF0
:105D600030B50546506EB2F90C30C007144683B00A
:105D70009AB201D490051CD5900406D4626E43F407
:105D8000005342F40052A381626628462246FFF780
:105D900097FF636EDA07054602D4A3899B0502D5F7
:105DA000284603B030BDA06DFAF74CFA284603B080
:105DB00030BDA06D0191FAF743FAB4F90C300199A6
:105DC0009AB2D9E7F0B5114C246885B00646646BE9
:105DD0001F4651B10E4D002C08BF2C46D4F8E040B0
:105DE000A047431C0CD005B0F0BD094A002C08BFE9
:105DF00014460A46D4F8E04001A9A047431CF2D15A
:105E000000228A233A60336005B0F0BD4C0E0024B6
:105E100078120024024B58221A604FF0FF3070476E
:105E2000A4140124024B58221A604FF0FF3070472F
:105E3000A4140124F8B500BFF8BC08BC9E46704706
:105E4000F8B500BFF8BC08BC9E4670475554544C8A
:105E5000005B5541525420504F5254454E54415DC1
:105E600020545820504F5254454E54412D3E4E41DF
:105E70004E4F20434F4E4649524D41444F2073658B
:105E8000713D00206964615F7675656C74615F6D5A
:105E9000733D005B5541525420504F5254454E546F
:105EA000415D205258204E414E4F2D3E504F52548E
:105EB000454E5441204F4B207365713D00206E616B
:105EC0006E6F5F6D733D002041434B20656E7669B8
:105ED00061646F005B5541525420504F5254454EFF
:105EE00054415D2054494D454F55542041434B206A
:105EF000504F5254454E54412D3E4E414E4F20730B
:105F000065713D005B5541525420504F5254454EEF
:105F100054415D2054494D454F5554204441544F00
:105F200053204E414E4F2D3E504F5254454E5441FA
:105F3000207475726E6F3D005B5541525420504F76
:105F40005254454E54415D20545820504F525445B0
:105F50004E54412D3E4E414E4F207365713D002001
:105F6000706F7274656E74615F6D733D005B554157
:105F7000525420504F5254454E54415D20656E7628
:105F80006961646F733D0020636F6E6669726D6155
:105F9000646F5F706F7274656E74613D002072781B
:105FA0005F6E616E6F3D002074696D656F75745F23
:105FB000706F7274656E74613D002074696D656FF9
:105FC00075745F7475726E6F5F6E616E6F3D0020E9
:105FD00072785F62797465733D0020696E76616CDA
:105FE00069646F733D0020696E65737065726164EA
:105FF0006F733D005B5541525420504F5254454EF3
:1060000054415D2050727565626120424944495295
:10601000454343494F4E414C2076313B2054583D37
:10602000545037382052583D545038333B20627515
:10603000733D393630303B206D6F6E69746F723D41
:106040003131353230303B20333220627974657320
:10605000005B5541525420504F5254454E54415DBF
:10606000205475726E6F7320504F5254454E5441F8
:106070002D3E4E414E4F2079204E414E4F2D3E50E9
:106080004F5254454E54413B206369636C6F3D3120
:1060900020730000EB0E0408470E0408A90D040845
:1060A00000000000000000002D1104084F1104083A
:1060B000AB100408D11004081511040829110408B4
:1060C000291104085D1104082B1104082B11040880
:1060D0002B110408A31104082F110408000000006C
:1060E000000000003F130408893804083D1204082A
:1060F0009112040879120408891204088112040814
:106100004112040869120408551204089D1204087B
:10611000011304089912040851180408470E0408D2
:10612000A90D0408493243536C61766500000000F4
:106130000000000000000000E11304088938040892
:106140003D120408FF130408C7140408DB140408F4
:106150000D14040825140408751704081F150408F5
:1061600083140408BD130408A1140408C913040807
:106170005F150408D1130408011404080714040867
:10618000B5130408531404080000000000000000C8
:10619000A91C0408BD1C04080DEE0408C5EA040887
:1061A0009918040851DC040849DD040845DE040898
:1061B0009D180408F1D60408F1D60408F7D604089F
:1061C00021D804080FD7040809D70408E1190408E6
:1061D0001B1904087B19040801D70408C518040812
:1061E00011220408470E0408A90D0408000000004D
:1061F00000000000291E0408AD1E04083D1204081A
:106200001F1D0408991F04087D200408F51F0408B9
:1062100065210408D31C0408371D0408D91D04088F
:10622000456E766965204D370000000000000000D3
:106230000000000029230408452304083BA30408A8
:1062400097990408A596040893970408DDA3040809
:10625000C1920408C392040811A6040861A60408A8
:106260006193040821240408692504083193040873
:106270002123040819250408452504084993040826
:10628000DD240408E9220408ED220408EF220408B2
:10629000F1220408072304085B2304089B23040855
:1062A000CF230408F7230408252704082927040816
:1062B0002D27040810034100720064007500690076
:1062C0006E006F0000000000000000002929040893
:1062D0003D2904081B2E04080D900408000000004E
:1062E000000000005129040865290408632F0408F0
:1062F0000D900408000000000000000001290408BF
:1063000015290408372704080D90040819310408DA
:10631000470E0408A90D04088025000000000800AD
:10632000FFFFFFFF5F72785F73697A65203D3D2054
:1063300030005F74785F6C6973742E656D7074796A
:106340002829005F72785F6C6973742E656D7074B4
:1063500079282900433A5C55736572735C73616DEB
:1063600075655C417070446174615C4C6F63616C15
:106370005C41726475696E6F31355C7061636B612D
:106380006765735C61726475696E6F5C6861726485
:10639000776172655C6D6265645F706F7274656E63
:1063A00074615C342E362E305C636F7265735C6191
:1063B000726475696E6F5C5553425C555342434439
:1063C000432E637070007265736F6C7665722E7603
:1063D000616C6964282900000000000000000000D2
:1063E000B5280408E528040851270408492C0408A6
:1063F000652C0408012A040845300408FB28040819
:10640000792904083F27040845270408352C040887
:1064100049270408312704083327040835270408CE
:10642000160343004400430020004400450056008A
:10643000490043004500000055360408470E040893
:10644000A90D040845360408470E0408A90D0408E0
:1064500055534265767400433A5C55736572735CBC
:1064600073616D75655C417070446174615C4C6F03
:1064700063616C5C41726475696E6F31355C70612B
:10648000636B616765735C61726475696E6F5C688C
:10649000617264776172655C6D6265645F706F7272
:1064A00074656E74615C342E362E305C636F726579
:1064B000735C61726475696E6F2F6D6265642F70B5
:1064C0006C6174666F726D2F696E636C7564652F95
:1064D000706C6174666F726D2F43616C6C62616386
:1064E0006B2E6800626F6F6C282A746869732900CC
:1064F0000000000000000000A93204080533040871
:1065000051270408492C0408652C0408012A0408B2
:1065100045300408FB280408792904083F270408AB
:1065200045270408352C0408492704080B320408C1
:106530005934040835270408B9310408E131040846
:10654000353504084D31040859310408751F040815
:10655000C11F0408312004085D310408051E040829
:106560006D1E04086131040858FBFFFF00000000A5
:10657000F532040823330408E7B80408B7B8040860
:1065800019B90408B3B80408B3B80408B3B80408C8
:106590001DB9040821B904081DB9040821310408F3
:1065A0002731040833310408373104083D31040829
:1065B0004331040847310408D93104080332040880
:1065C000493104084B31040854FBFFFF0000000070
:1065D000FD3204081B33040840FBFFFF00000000ED
:1065E000211E0408A71E04083D1204085F31040898
:1065F000911F040875200408EF1F040839360408A9
:10660000533104085B3104087131040800000000B4
:1066100000000000B73604085254582056352E3575
:106620002E33007274785F74696D657200727478CD
:106630005F69646C6500000000000000000000005D
:10664000000000000000000000000000000000004A
:10665000000000000000000000000000000000003A
:10666000000000000000000000000000000000002A
:1066700005000000E803000005000000983D00242C
:1066800010000000000000000000000000000000FA
:1066900000000000000000000000000000000000FA
:1066A00000000000000000000000000000000000EA
:1066B00000000000000000000000000000000000DA
:1066C0000000000000100000E466060820670608CD
:1066D000216004080160040808670608040000003F
:1066E000000000002D66060800000000A03E002407
:1066F00044000000E83E0024800300000100000088
:106700000100000000000000000000000000000088
:10671000D83D0024340000000C3E0024500000004E
:1067200023660608000000005C3E002444000000D0
:10673000684200240003000028000000010000005F
:10674000000000006D616C6C6F635F6D757465783F
:1067500000656E765F6D757465780073696E676C41
:1067600065746F6E5F6D75746578006D61696E003C
:10677000507265206D61696E207468726561642075
:106780006E6F742063726561746564004661696C44
:10679000656420746F2073746172742052544F5377
:1067A000000000005B6706080B0000002CF30024CB
:1067B0001C000000434D5349532D52544F53206544
:1067C00072726F723A20537461636B206F766572D8
:1067D000666C6F7700434D5349532D52544F5320ED
:1067E0006572726F723A2049535220517565756512
:1067F000206F766572666C6F7700434D5349532D59
:1068000052544F53206572726F723A2055736572FD
:106810002054696D65722043616C6C6261636B200A
:106820005175657565206F766572666C6F7700438C
:106830004D5349532D52544F53206572726F723A23
:106840002053544420432F432B2B206C69627261E8
:106850007279206C69627370616365206E6F742059
:10686000617661696C61626C6500434D5349532DDB
:1068700052544F53206572726F723A205354442021
:10688000432F432B2B206C696272617279206D75E6
:1068900074657820696E697469616C697A6174697C
:1068A0006F6E206661696C656400434D5349532DDA
:1068B00052544F53206572726F723A20556E6B6E50
:1068C0006F776E004E6F7420616C6C6F776564201B
:1068D000696E2049535220636F6E7465787400535B
:1068E000797374656D206973206F7574206F6620ED
:1068F0006D656D6F727900506172616D657465725E
:10690000206572726F72005265736F7572636520D5
:106910006E6F7420617661696C61626C65004F70A6
:1069200065726174696F6E206E6F7420636F6D7035
:106930006C657465642077697468696E2074686535
:106940002074696D656F757420706572696F64007D
:10695000556E7370656369666965642052544F5360
:10696000206572726F720000C4680608DF6806084E
:10697000F7680608076906081E69060850690608D0
:106980002E2F6D6265642D6F732F636D7369732F86
:106990006465766963652F72746F732F736F757298
:1069A00063652F6D6265645F7274785F69646C659E
:1069B0002E637070007469636B735F736C657074C1
:1069C000203C2072746F733A3A4B65726E656C3A74
:1069D0003A776169745F666F725F7533325F6D61BC
:1069E000780066726571203D3D203130303000689E
:1069F000616E646C6572203D3D20284952514861AA
:106A00006E646C65725F74294E5649435F476574C6
:106A1000566563746F722869727129003D650408B8
:106A2000470E0408A90D04082E2F6D6265642D6FB2
:106A3000732F706C6174666F726D2F696E636C7505
:106A400064652F706C6174666F726D2F43616C6C3E
:106A50006261636B2E68004572726F72203A204546
:106A600054485F54585F444553435F434E54206E2F
:106A70006F742073756666696369656E740053543C
:106A80004532004572726F722072657475726E6560
:106A9000642062792048414C5F4554485F547261DC
:106AA0006E736D6974202825642900706F77657294
:106AB0005F646F776E004572726F723A2072657410
:106AC00075726E65642062792048414C5F45544878
:106AD0005F4765745278446174614C656E67746891
:106AE000004554482062756666657273203A202519
:106AF00075205278202575205478006C6F775F6C74
:106B00006576656C5F696E69745F737563636573E1
:106B10007366756C004572726F722066726F6D20BD
:106B200065746865726E65742048414C2028484140
:106B30004C5F4554485F444D414572726F724361EA
:106B40006C6C6261636B290A004572726F72206619
:106B5000726F6D2065746865726E65742048414C73
:106B6000202848414C5F4554485F4D41434572726F
:106B70006F7243616C6C6261636B290A00656D61C1
:106B8000635F6C696E6B5F73746174655F636220D1
:106B900073657420746F207472756500656D616330
:106BA0005F6C696E6B5F73746174655F63622073A1
:106BB000657420746F2066616C73650073746D3347
:106BC000325F656D61635F746872656164000000C7
:106BD000C1710408470E0408A90D04080000000054
:106BE00000000000696A04086F6A0408616B040809
:106BF000736A0408DD6D0408776A0408C16A040832
:106C0000E9700408756B04081D6F0408296F0408F7
:106C1000776A0408776A0408796A04087B6A0408BA
:106C20008F6A0408A16A0408896A04087379735F8B
:106C30006D626F785F747279706F737420657272B1
:106C40006F720A007379735F6D757465785F6C6F2E
:106C5000636B206572726F720A007379735F6D7572
:106C60007465785F756E6C6F636B206572726F729E
:106C70000A007379735F617263685F70726F746525
:106C80006374206572726F720A007379735F617248
:106C900063685F756E70726F74656374206572727D
:106CA0006F720A0018000F00E9090124D04800247F
:106CB00010000800AEF60024D4480024100008009C
:106CC000570C0124D8480024CC000400B606012447
:106CD000DC4800241000080050FA0024E04800249A
:106CE00060020500D3FA0024E44800241C000400DC
:106CF000B4F70024E848002420000500AAF8002486
:106D0000EC48002410001000540B0124F04800242B
:106D10001000080027F80024F448002410000800A0
:106D200031F70024F8480024A40004001BF40024D8
:106D3000FC4800241C000400DA0C01240049002453
:106D4000100010004DF9002404490024280004001C
:106D500078F3002408490024EC6C06084C6D060802
:106D6000286D0608346D0608406D0608F86C0608A4
:106D7000A46C0608BC6C0608C86C0608106D0608F2
:106D80001C6D0608B06C0608046D0608D46C060875
:106D9000E06C06082E2F6D6265642D6F732F706C8A
:106DA0006174666F726D2F696E636C7564652F70A8
:106DB0006C6174666F726D2F53696E676C65746F6A
:106DC0006E5074722E680070203D3D207265696EB1
:106DD000746572707265745F636173743C54202AC9
:106DE0003E28265F646174612900000000000000F5
:106DF00000000000597804085B78040869780408EA
:106E00007D7804080000000000000000AD7904084F
:106E10000D7A0408CD780408D57804080000000035
:106E200000000000957C0408A57C0408691B040888
:106E3000591C040800000000000000000D7E04083A
:106E4000357E04082E2F6D6265642D6F732F64727A
:106E500069766572732F736F757263652F51535026
:106E6000492E63707000737563636573730001026C
:106E7000040000000000000000000000B5820408CB
:106E8000D98204088D820408A18204082E2F6D6225
:106E900065642D6F732F647269766572732F736FDB
:106EA000757263652F5350492E637070005F706573
:106EB000726970686572616C735F75736564203C9C
:106EC000205350495F5045524950484552414C5318
:106ED0005F55534544000000000000000000000022
:106EE00099860408D5860408E784040809850408FF
:106EF00075860408878604082E2F6D6265642D6FE1
:106F0000732F647269766572732F736F7572636520
:106F10002F53657269616C426173652E63707000F6
:106F20005F7374617469635F70696E6D6170203D39
:106F30003D204E554C4C00000000000000000000B9
:106F4000E9860408E98604087D8B0408E58B0408BB
:106F50000000000000000000B1360408000000003E
:106F600000000000E9860408E9860408ED8D0408A5
:106F7000098E0408238E0408718E04086F8D04089E
:106F80007B8D0408878D04088F8D0408C98D040843
:106F9000DB8D0408978D040878FFFFFF00000000D8
:106FA000018E04081D8E0408978E0408698E04085B
:106FB000758D0408938D04086B8D04088B8D04086F
:106FC000B9780408C3780408818D040821310408C5
:106FD0002731040833310408D38D0408E58D0408F3
:106FE000C18D0408473104082E2F6D6265642D6F32
:106FF000732F647269766572732F7573622F736F66
:10700000757263652F4173796E634F702E63707074
:10701000005F77616974203D3D204E554C4C005F08
:107020006C697374203D3D204E554C4C00000000AF
:107030000000000000000000000000000000000050
:10704000B13604080D9004082E2F6D6265642D6F13
:10705000732F647269766572732F7573622F736F05
:10706000757263652F5553424465766963652E6377
:107070007070005F6C6F636B6564203E203000446D
:107080006576696365207374617465206973202275
:10709000506F776572656422206F72202244657498
:1070A0006163686564220054686520656E64706F72
:1070B000696E74206973206E6F7420696E646578E0
:1070C00061626C652E005F7472616E736665722E0C
:1070D000757365725F63616C6C6261636B203D3DCB
:1070E000205265717565737458666572446F6E657C
:1070F0000054686520737461636B20697320776145
:107100006974696E67206F6E2061207573657220E7
:1071100063616C6C6261636B20666F72207468657A
:107120002062756666657220746F2066696C6C20DB
:107130006F72207374617475732E005F7472616E68
:10714000736665722E757365725F63616C6C6261E4
:10715000636B203D3D20536574436F6E66696775B0
:10716000726174696F6E005F7472616E73666572CE
:107170002E757365725F63616C6C6261636B203D39
:107180003D20536574496E74657266616365005F86
:107190007472616E736665722E757365725F63617A
:1071A0006C6C6261636B203D3D2052657175657347
:1071B000740021636F6E66696775726564282900C3
:1071C0005468652073697A65206F6620746865204D
:1071D0006461746120746F2072656164206973203A
:1071E0006C657373207468616E20746865206D61CE
:1071F00078207061636B65742073697A6520666FAF
:1072000072207468697320656E64706F696E742E85
:107210000054686520656E64706F696E74206973D0
:10722000206E6F7420696E64657861626C650053CE
:10723000697A65206265696E672077726974746522
:107240006E20697320746F6F206C617267652E0009
:107250002128696E666F2D3E666C6167732026205B
:10726000454E44504F494E545F454E41424C454473
:1072700029006D61785F7061636B65745F73697A13
:1072800065203C3D203130323400215F696E6974E5
:1072900069616C697A65640000000000000000000C
:1072A00000000000000000003BA3040897990408B8
:1072B000A596040893970408DDA30408C192040866
:1072C000C392040811A6040861A604086193040887
:1072D000C9920408B13604083193040839930408AC
:1072E00059930408419304084993040851930408EE
:1072F000E9220408ED220408EF2204087B92040826
:10730000B1360408B1360408B1360408B1360408B1
:10731000B1360408A1930408CD93040881930408AE
:107320000403090416033000310032003300340036
:107330003500360037003800390016035500530079
:10734000420020004400450056004900430045002B
:10735000080355005300420012036D0062006500EF
:1073600064002E006F0072006700060330003100D9
:10737000657175657565002E2F6D6265642D6F737F
:107380002F6576656E74732F736F757263652F6DDD
:107390006265645F7368617265645F717565756568
:1073A000732E63707000737461747573203D3D209B
:1073B0006F734F4B007368617265645F6576656ECD
:1073C000745F7175657565002E2F6D6265642D6F34
:1073D000732F68616C2F736F757263652F6D6265B3
:1073E000645F637269746963616C5F736563746918
:1073F0006F6E5F6170692E6300216172655F696EF7
:1074000074657272757074735F656E61626C6564C9
:10741000282900001C740608A05D0024E9A70508BF
:1074200039A705087DA70508B1A90508D9A9050848
:1074300049A7050879AB050819A705080100000050
:10744000636F756C64206E6F742070696E6F7574F5
:107450000070696E6D6170206D69732D6D6174636C
:10746000680070696E6D6170206E6F7420666F7554
:107470006E6420666F7220706572697068657261F3
:107480006C0070696E6D6170206E6F7420666F7530
:107490006E6420666F722066756E6374696F6E002D
:1074A0002E2F6D6265642D6F732F68616C2F736F63
:1074B000757263652F6D6265645F7469636B657275
:1074C0005F6170692E63006D617463685F746963E6
:1074D0006B20213D2071756575652D3E7469636B68
:1074E0005F6C6173745F72656164005469636B659E
:1074F00072206672657175656E6379206973207A92
:1075000065726F005469636B6572206E756D62659C
:1075100072206F66206269742069732067726561EA
:10752000746572207468616E203332206F72206C33
:10753000657373207468616E20342062697473000F
:1075400048750608D85D00242DCF050845CF0508ED
:107550008DCF0508A1CF050851CF05086DCF0508CF
:1075600035B3040851CE0508000000002E2F6D62CF
:1075700065642D6F732F68616C2F736F757263650F
:107580002F6D70752F6D6265645F6D70755F7637F6
:107590006D2E6300726567696F6E73203E3D203407
:1075A000000D1B5B324B001B5B33316D00257300FC
:1075B0001B5B33336D001B5B33396D001B5B393450
:1075C0006D005B455252205D5B252D34735D3A2082
:1075D000005B5741524E5D5B252D34735D3A2000B0
:1075E0005B494E464F5D5B252D34735D3A20005B51
:1075F000444247205D5B252D34735D3A20002020F6
:10760000202020202020202020202020001B5B3054
:107610006D0064656661756C740000000000000018
:1076200000000000E5B6040849B7040800000000A7
:10763000000000000000000000000000B136040857
:10764000B1360408B1360408B13604086B8D04085D
:10765000D1B70408B9780408C3780408D5B704087A
:107660002131040827310408333104083731040874
:107670003D31040843310408473104082F002E2F00
:107680006D6265642D6F732F706C6174666F726DBF
:107690002F736F757263652F46696C6550617468EE
:1076A0002E637070006C656E20213D203000772BBA
:1076B0000053747265616D206F626A206661696C47
:1076C000757265000000000000000000000000006E
:1076D00000000000B1360408B1360408B1360408D1
:1076E000B13604086B8D0408D1B70408B9780408D2
:1076F000C3780408D5B704082131040827310408E9
:1077000033310408373104083D310408433104089B
:1077100047310408FCFFFFFF0000000000000000EC
:107720000000000000000000000000000000000059
:1077300000000000E7B80408B7B8040819B9040845
:10774000B3B80408B3B80408B3B804081DB90408F2
:1077500021B904081DB9040821310408273104089F
:1077600033310408373104083D310408433104083B
:1077700047310408B1360408B13604084931040819
:107780004B310408FCFFFFFF000000000000000078
:10779000000000002E2F6D6265642D6F732F706CDA
:1077A0006174666F726D2F736F757263652F537995
:1077B0007354696D65722E63707000215F74696324
:1077C0006B696E6700215F7469636B696E67202661
:1077D0002620215F77616B655F74696D655F7365F6
:1077E00074000000000000000000000051BC04080C
:1077F0000A52252D34643A202530386C58000A533B
:10780000502020203A202530386C580A4C52202035
:10781000203A202530386C580A50432020203A2046
:107820002530386C580A78505352203A2025303889
:107830006C580A50535020203A202530386C580A92
:107840004D535020203A202530386C58000A4350C0
:107850005549443A202530386C58000A484653525E
:10786000203A202530386C580A4D4D4653523A2064
:107870002530386C580A42465352203A2025303879
:107880006C580A55465352203A202530386C580A15
:1078900044465352203A202530386C580A4146530A
:1078A00052203A202530386C58000A4D4D4641523E
:1078B0003A202530386C58000A42464152203A207E
:1078C0002530386C58000A4D6F6465203A205468A2
:1078D00072656164000A50726976203A20557365BA
:1078E00072000A50726976203A2050726976696C8B
:1078F00065676564000A4D6F6465203A2048616ED3
:10790000646C6572000A537461636B3A2050535083
:10791000000A537461636B3A204D5350000A2B2BBD
:10792000204D6265644F53204661756C7420486138
:107930006E646C6572202B2B0A0A4661756C745458
:107940007970653A20004D656D4D616E61676546E1
:1079500061756C74004275734661756C7400557383
:107960006167654661756C74004861726446617553
:107970006C74000A0A436F6E746578743A000A0AE0
:107980002D2D204D6265644F53204661756C742027
:1079900048616E646C6572202D2D0A0A004661757F
:1079A0006C7420657863657074696F6E002E2E2E7E
:1079B0000A002E2F6D6265642D6F732F706C6174D9
:1079C000666F726D2F736F757263652F6D6265647C
:1079D0005F637269746963616C2E630063726974BA
:1079E0006963616C5F73656374696F6E5F7265650F
:1079F0006E7472616E63795F636F756E7465722009
:107A00003C2055494E5433325F4D4158003C756E11
:107A10006E616D65643E00203C68616E646C6572E9
:107A20003E000A0A2B2B204D6265644F532045729D
:107A3000726F7220496E666F202B2B0A4572726F2F
:107A400072205374617475733A203078255820433E
:107A50006F64653A202564204D6F64756C653A202B
:107A600025640A4572726F72204D65737361676594
:107A70003A20004B65726E656C204572726F723AE7
:107A8000203078256C582C20005468726561643A67
:107A9000203078256C582C20004D757465783A207C
:107AA0003078256C582C200053656D6170686F72BA
:107AB000653A203078256C582C20004D656D6F722A
:107AC00079506F6F6C3A203078256C582C20004527
:107AD00076656E74466C6167733A203078256C5811
:107AE0002C200054696D65723A203078256C582C32
:107AF00020004D65737361676551756575653A2042
:107B00003078256C582C2000417373657274696F4E
:107B10006E206661696C65643A20000A4C6F63618F
:107B200074696F6E3A203078256C58000A46696C8B
:107B3000653A20002B2564000A4572726F72205648
:107B4000616C75653A203078256C58000A4375726F
:107B500072656E74205468726561643A20257325DD
:107B6000732049643A203078256C5820456E747231
:107B7000793A203078256C5820537461636B5369CF
:107B80007A653A203078256C5820537461636B4DC8
:107B9000656D3A203078256C582053503A20307863
:107BA000256C5820000A466F72206D6F726520693F
:107BB0006E666F2C2076697369743A2068747470ED
:107BC000733A2F2F6D6265642E636F6D2F732F656F
:107BD00072726F723F6572726F723D307825303805
:107BE00058266F737665723D256C6426636F7265E7
:107BF0003D30782530386C5826636F6D703D2564B4
:107C0000267665723D256C75267467743D504F521B
:107C100054454E54415F48375F4D37000A2D2D20A3
:107C20004D6265644F53204572726F7220496E66D3
:107C30006F202D2D0A00466174616C2052756E2DE7
:107C400074696D65206572726F720044656570536A
:107C50006C6565704C6F636B206F766572666C6FD8
:107C60007720283E20307846464646290044656500
:107C700070536C6565704C6F636B20756E646572D4
:107C8000666C6F7720283C2030290045786365704A
:107C900074696F6E002E2F6D6265642D6F732F7087
:107CA0006C6174666F726D2F736F757263652F6D83
:107CB0006265645F72657461726765742E6370706B
:107CC000002867756172642026204358415F47553C
:107CD0004152445F4D41534B29203D3D2030002807
:107CE00067756172642026204358415F47554152B1
:107CF000445F4D41534B29203D3D204358415F4750
:107D0000554152445F494E49545F494E5F50524F6E
:107D10004752455353004572726F72202D2077727F
:107D20006974696E6720746F20612066696C6520D4
:107D3000696E20616E20495352206F722063726910
:107D4000746963616C2073656374696F6E0D0A00FA
:107D50000D004572726F72202D2072656164696E2C
:107D6000672066726F6D20612066696C6520696EA0
:107D700020616E20495352206F72206372697469CA
:107D800063616C2073656374696F6E0D0A004F70D8
:107D9000657261746F72206E6577206F7574206FE5
:107DA00066206D656D6F72790D0A0000000000009D
:107DB0000000000011C9040849CF04088DC9040857
:107DC00039C90408FDC804080DC904086B8D0408EE
:107DD00009C90408B9780408C378040803C9040869
:107DE00021310408273104083331040837310408ED
:107DF0003D3104085DC9040847310408FFFFFFFF57
:107E000009000000FFFFFFFF0A000000FFFFFFFF67
:107E1000000000002F737464657272002F73746425
:107E2000696E002F7374646F7574002E2F6D626518
:107E3000642D6F732F706C6174666F726D2F736F2A
:107E4000757263652F6D6265645F73746174732E00
:107E50006300737461747320213D204E554C4C00B7
:107E60002E2F6D6265642D6F732F72746F732F7375
:107E70006F757263652F4576656E74466C616773C6
:107E80002E637070005F6964006170706C6963617B
:107E900074696F6E5F756E6E616D65645F65766542
:107EA0006E745F666C616773006170706C696361AA
:107EB00074696F6E5F756E6E616D65645F6D75740C
:107EC0006578002E2F6D6265642D6F732F72746F4D
:107ED000732F736F757263652F4D757465782E639C
:107EE0007070005F6964207C7C206D6265645F67F0
:107EF00065745F6572726F725F696E5F70726F67D3
:107F0000726573732829004D75746578206C6F63F2
:107F10006B206661696C6564004D757465782075C9
:107F20006E6C6F636B206661696C6564002E2F6DEB
:107F30006265642D6F732F72746F732F736F757218
:107F400063652F53656D6170686F72652E63707025
:107F5000005F696420213D206E756C6C7074720046
:107F600053656D6170686F726520616371756972C8
:107F700065206661696C6564002E2F6D6265642DF5
:107F80006F732F72746F732F736F757263652F54D5
:107F90006869735468726561642E63707000286646
:107FA0006C616773203D3D206F73466C616773455C
:107FB00072726F7254696D656F7574202626207217
:107FC000656C5F74696D6520213D20776169745F20
:107FD000666F725F7533325F666F726576657229A0
:107FE000207C7C2028666C616773203D3D206F7388
:107FF000466C6167734572726F725265736F75720A
:1080000063652026262072656C5F74696D65203D6E
:108010003D2072656C5F74696D652E7A65726F289C
:108020002929006170706C69636174696F6E5F7596
:108030006E6E616D65645F746872656164000000F6
:108040000000000000000000ADD50408E9D50408D8
:10805000515350494600496E76616C69642053461D
:10806000445020636F6D6D616E642061646472655D
:1080700073732073697A653A20307825303258005E
:108080005F717370695F636F6E6669677572655F54
:10809000666F726D6174206661696C65640053651A
:1080A0006E64696E67205346445020726561642097
:1080B000696E737472756374696F6E004E6F2065BC
:1080C0007261736520747970652077617320666FC3
:1080D000756E6420666F7220726567696F6E2061CD
:1080E00064647200515350492047656E657269633C
:1080F00020636F6D6D616E64202D20557064617416
:10810000696E6720342D62797465206164647265DC
:108110007373696E6720657874656E646564206149
:108120006464726573732072656769737465722025
:108130006661696C65640053656E64696E672047AB
:10814000656E6572696320636F6D6D616E643A2060
:1081500025780052656164696E6720537461747597
:1081600073205265676973746572206661696C6516
:1081700064005F69735F6D656D5F7265616479202E
:1081800046414C53453A207374617475732076618F
:108190006C7565203D20307825782000446576692F
:1081A0006365206E6F742072656164792C2073653D
:1081B000745F77726974655F656E61626C65206675
:1081C00061696C65640053656E64696E672057521F
:1081D000454E20636F6D6D616E64204641494C458C
:1081E0004400446576696365206E6F742072656132
:1081F00064792C207772697465206661696C6564A6
:108200000052656164696E672053746174757320F0
:1082100052656769737465722031206661696C65A7
:1082200064005F7365745F77726974655F656E6122
:10823000626C65206661696C6564202D20737461D1
:108240007475732072656769737465722031207666
:10825000616C75653A2025750057726974652065F3
:108260006E61626C65206661696C6564004174745E
:10827000656D7074656420746F2075736520342D8E
:1082800062797465206164647265737320627574C9
:1082900020342D627974652061646472657373693A
:1082A0006E67206973206E6F7420737570706F72C3
:1082B00074656400515350492052656164202D203B
:1082C0005570646174696E6720342D62797465201D
:1082D00061646472657373696E6720657874656E36
:1082E0006465642061646472657373207265676994
:1082F00073746572206661696C65640051535049FE
:108300002052656164206661696C65640052656134
:108310006420436F6D6D616E64206661696C656495
:108320000051535049205772697465202D205570B3
:10833000646174696E6720342D62797465206164AC
:108340006472657373696E6720657874656E6465C1
:108350006420616464726573732072656769737405
:108360006572206661696C656400515350492057FD
:1083700072697465206661696C6564005153504987
:10838000204572617365202D205570646174696E9B
:108390006720342D6279746520616464726573733B
:1083A000696E6720657874656E64656420616464D5
:1083B0007265737320726567697374657220666194
:1083C000696C6564005153504920457261736520A2
:1083D0006661696C656400577269746520456E61F9
:1083E0006265206661696C656400446576696365F1
:1083F000206E6F74207265616479206166746572A5
:108400002077726974652C206661696C656400452B
:1084100072617365206578636565647320666C615D
:108420007368206465766963652073697A650049BD
:108430006E76616C6964206572617365202D2075AC
:108440006E616C69676E65642061646472657373E4
:1084500020616E642073697A6500696E7465726E5E
:10846000616C206572726F723A2061646472657328
:108470007320256C6C75206E6F7420616C69676E5B
:10848000656420746F2065726173652073697A6515
:1084900020257520287479706520256429005153A2
:1084A0005049204572617365204465766963652093
:1084B0006E6F74207265616479202D206661696C2D
:1084C0006564005153504920457261736520636FA4
:1084D0006D6D616E64206661696C65642100515345
:1084E000504920416674657220457261736520446D
:1084F0006576696365206E6F7420726561647920AA
:108500002D206661696C6564005F736664705F73DB
:1085100065745F7170695F656E61626C6564202D62
:108520002073656E6420636F6D6D616E64203338F7
:1085300068204661696C6564005F736664705F7390
:1085400065745F7170695F656E61626C6564202D32
:108550002073656E6420636F6D6D616E64203335CA
:1085600068204661696C6564005F736664705F7360
:1085700065745F7170695F656E61626C6564202D02
:108580002073657420636F6E66696720626974206A
:108590003620636F6D6D616E6420363568204661EC
:1085A000696C6564005F736664705F7365745F71A6
:1085B00070695F656E61626C6564202D2073656E05
:1085C0006420636F6D6D616E642037316820466191
:1085D000696C6564005F736664705F7365745F7176
:1085E00070695F656E61626C6564202D2073656ED5
:1085F0006420636F6D6D616E64203635682046615E
:10860000696C6564005F736664705F7365745F7145
:1086100070695F656E61626C6564202D2073656EA4
:108620006420636F6D6D616E642036312046616930
:108630006C6564005F736664705F7365745F71700E
:10864000695F656E61626C6564202D20556E73757F
:1086500070706F7274656420456E205365712034AC
:10866000343420636F6E66696775726174696F6E0A
:1086700000526561642056656E646F722049442023
:108680004661696C6564004661696C656420746F5D
:108690002064657465726D696E6520736F66742001
:1086A00072657365742073657175656E63652E20E0
:1086B000496620796F757220646576696365206804
:1086C00061732061206C6567616379205346445073
:1086D000207461626C652C20706C65617365206D1F
:1086E000616E75616C6C792073657420656E616272
:1086F0006C652D616E642D7265736574206F7220D8
:108700006469726563742D72657365742E004465C7
:1087100076696365206E6F742072656164792C20C0
:108720007265736574206661696C65640052656189
:1087300064696E672053746174757320526567694C
:10874000737465722032206661696C6564005772CB
:1087500069746520456E61626C65206661696C654F
:10876000640057726974696E67205374617475731D
:1087700020526567697374657273206661696C6500
:1087800064002E2F6D6265642D6F732F73746F728A
:108790006167652F626C6F636B6465766963652FD3
:1087A000434F4D504F4E454E545F51535049462F05
:1087B000736F757263652F5153504946426C6F63F6
:1087C0006B4465766963652E637070005F6E756DCE
:1087D0005F7374617475735F7265676973746572D2
:1087E00073203D3D20320057726974696E672053D3
:1087F0007461747573205265676973746572203192
:10880000206661696C65640057726974696E6720DF
:10881000537461747573205265676973746572204F
:1088200032206661696C656400556E737570706F97
:10883000727465642051455220636F6E6669677576
:10884000726174696F6E0053746174757320726520
:10885000676973746572206E6F742073657420632A
:108860006F72726563746C79004465766963652024
:108870006E6F742072656164792C20636C6561721F
:10888000696E6720626C6F636B2070726F746563D2
:1088900074696F6E206661696C656400476C6F6215
:1088A000616C20626C6F636B2070726F74656374AF
:1088B000696F6E20756E6C6F636B206661696C65A5
:1088C00064005F636C6561725F626C6F636B5F70A5
:1088D000726F74656374696F6E202D2053746174B8
:1088E000757320726567697374657220726561645F
:1088F000206661696C6564005F5F636C6561725FCF
:10890000626C6F636B5F70726F74656374696F6EB6
:10891000202D2053746174757320726567697374B8
:108920006572207772697465206661696C656400A0
:108930005F6E756D5F7374617475735F726567697F
:108940007374657273203D3D203300526561646924
:108950006E6720436F6E666967205265676973743E
:108960006572206661696C65640066617374206D70
:108970006F646520656E61626C65202D2057726999
:1089800074696E6720436F6E666967205265676918
:1089900073746572206661696C65640056657269FE
:1089A0006679696E6720436F6E66696720526567F6
:1089B0006973746572206661696C65640051535017
:1089C0004946426C6F636B446576696365207769DD
:1089D0007468207468652073616D65206373656CCD
:1089E0002825642920616C72656164792065786945
:1089F00073747300546F6F206D616E7920646966C3
:108A0000666572656E74205153504946426C6F63BF
:108A10006B44657669636520646576696365732078
:108A20002D206D617820616C6C6F7765643A20252C
:108A3000640057726974652044697361626C6520D3
:108A40006661696C656400496E6974202D20526509
:108A50006164205346445020466972737420546107
:108A6000626C65204661696C656400566572696672
:108A70007920346279746520616464726573736906
:108A80006E67206661696C65640044657465637433
:108A9000696E67206465766963652064656E7369D5
:108AA0007479206661696C656400496E6974202D73
:108AB00020446574656374696E67207265736574BC
:108AC0002070726F746F636F6C2F7265736574744E
:108AD000696E67206661696C656400496E6974201F
:108AE0002D20446574656374696E672065726173D7
:108AF0006520747970657320696E73747275637420
:108B0000696F6E732F73697A6573206661696C652E
:108B1000640044657669636520737570706F727464
:108B2000732051756164206275732C206275742006
:108B30005175616420456E61626C65204661696CA7
:108B4000656400496E6974202D2044657465637402
:108B5000696E672F656E61626C696E6720342D6285
:108B60007974652061646472657373696E672066E9
:108B700061696C656400496E6974202D205F6973BA
:108B80005F6D656D5F7265616479204661696C65D2
:108B900064005153504920536574204672657175C5
:108BA000656E6379204661696C656400496E69741D
:108BB000202D20436F756C64206E6F742072656188
:108BC000642076656E646F7220696400496E697412
:108BD000202D205061727365205346445020486513
:108BE0006164657273204661696C656400496E69F1
:108BF00074202D2050617273652042617369632077
:108C0000506172616D205461626C65204661696CCF
:108C1000656400496E6974202D205061727365206F
:108C2000536563746F72204D6170205461626C658E
:108C3000204661696C656400496E6974202D20636B
:108C40006C656172696E6720626C6F636B20707215
:108C50006F74656374696F6E206661696C6564002A
:108C6000F3EF0408470E0408A90D040800000000F3
:108C700000000000000000006D1C0408911C0408A6
:108C80000DEE0408C5EA04089918040851DC04082C
:108C900049DD040845DE04089D180408F1D60408DF
:108CA000F1D60408F7D6040821D804080FD7040821
:108CB00009D70408E11904081B1904087B190408E2
:108CC00001D704082E2F6D6265642D6F732F7374A6
:108CD0006F726167652F626C6F636B646576696341
:108CE000652F736F757263652F534644502E637002
:108CF00070006E756C6C70747220213D2064657319
:108D000063726970746F7200534644500056657206
:108D10006966792053464450207369676E617475A3
:108D2000726520616E642076657273696F6E20468D
:108D300061696C656400506172616D657465722073
:108D40006865616465723A204D616A6F722056658C
:108D50007273696F6E206D757374206265203121A6
:108D600000506172616D657465722068656164654B
:108D7000723A20536563746F72204D6170005061C8
:108D800072616D65746572206865616465723A2010
:108D9000342D62797465204164647265737320496F
:108DA0006E737472756374696F6E00554E535550CF
:108DB000504F525445443A506172616D657465720A
:108DC000206865616465723A205265706C61792033
:108DD00050726F746563746564204D6F6E6F746F4D
:108DE0006E696320436F756E7465727300554E53E0
:108DF0005550504F525445443A506172616D6574FC
:108E00006572206865616465723A20655874656EA4
:108E10006465642053657269616C20506572697085
:108E2000686572616C20496E746572666163652065
:108E30002878535049292050726F66696C6520313B
:108E40002E3000554E535550504F525445443A50D1
:108E50006172616D65746572206865616465723AFE
:108E600020655874656E6465642053657269616C31
:108E7000205065726970686572616C20496E746516
:108E80007266616365202878535049292050726FBB
:108E900066696C6520322E300041646573746F2002
:108EA00068656164657200554E535550504F525479
:108EB00045443A506172616D657465722068656100
:108EC0006465723A2053434352204D617020666FAF
:108ED0007220535049204D656D6F7279204465763C
:108EE0006963657300554E535550504F5254454475
:108EF0003A506172616D6574657220686561646580
:108F0000723A2053434352204D6170204F6666737E
:108F100065747320666F72204D756C74692D43689B
:108F2000697020535049204D656D6F7279204465FA
:108F3000766963657300554E535550504F525445F2
:108F4000443A506172616D65746572206865616450
:108F500065723A2053434352204D617020666F7210
:108F600020785350492050726F66696C6520322E0C
:108F700030204D656D6F7279204465766963657345
:108F800000554E535550504F525445443A5061721B
:108F9000616D65746572206865616465723A20432D
:108FA0006F6D6D616E642053657175656E63657379
:108FB00020746F204368616E676520746F204F6373
:108FC00074616C20444452202838442D38442D3894
:108FD0004429206D6F646500554E535550504F52D3
:108FE0005445443A506172616D65746572206865DC
:108FF000616465723A207834205175616420494F6C
:10900000207769746820445300554E535550504F93
:10901000525445443A506172616D657465722068BE
:1090200065616465723A20436F6D6D616E642053B3
:10903000657175656E63657320746F204368616E3A
:10904000676520746F205175616420444452202864
:1090500034532D34442D344429206D6F6465005001
:109060006172616D65746572206865616465723AEC
:109070002076656E646F72207370656369666963DC
:10908000206865616465722E20506172616D65743F
:109090006572204944204C53423A20307825686854
:1090A000583B204D53423A20307825686858004C90
:1090B000656761637920346B20657261736520692F
:1090C0006E737472756374696F6E206E6F74207343
:1090D0007570706F72746564004E6F206572617395
:1090E0006520747970652077617320666F756E6492
:1090F00020666F722063757272656E742072656788
:10910000696F6E20616464720044656E736974797E
:1091100020626974733A20256C75202C2064657672
:109120006963652073697A653A20256C6C752062E5
:10913000797465730052657472696576696E67202B
:109140005346445020486561646572206661696CCD
:1091500065640052657472696576696E6720612086
:10916000706172616D6574657220686561646572B5
:10917000202564206661696C6564004661696C65E0
:109180006420746F20616C6C6F63617465206D6521
:109190006D6F727900536563746F72204D61703A20
:1091A000205461626C652072657472696576616CC9
:1091B000206661696C656400536563746F72204D4D
:1091C00061703A20496E636F6D706C6574652063E1
:1091D0006F6E66696775726174696F6E206465741D
:1091E000656374696F6E20636F6D6D616E6420647A
:1091F000657363726970746F727300536563746F23
:1092000072204D61703A20436F6E666967757261B6
:1092100074696F6E20646574656374696F6E206332
:109220006F6D6D616E64206661696C656400466196
:10923000696C656420746F20646574656374207361
:109240006563746F72206D617020636F6E6669670D
:1092500075726174696F6E00536563746F72204D2F
:1092600061703A20496E636F6D706C657465207330
:109270006563746F72206D617020646573637269D9
:1092800070746F727300536563746F72204D6170F8
:109290003A20496E636F6D706C6574652073656309
:1092A000746F72206D61702064657363726970748D
:1092B0006F722061742074686520656E64206F662B
:1092C00020746865207461626C6500536563746F17
:1092D00072204D61703A204661696C656420746F3C
:1092E0002066696E64206120736563746F72206DFF
:1092F00061702074686174206D61746368657320A7
:109300007468652063757272656E7420636F6E6633
:10931000696775726174696F6E004661696C656436
:1093200020746F206C6F636174652061206D6174BF
:109330006368696E6720736563746F72206D617016
:1093400000536563746F72204D61703A20537570DD
:10935000706F7274696E6720757020746F20256459
:1093600020726567696F6E732C2063757272656E0B
:109370007420736574757020746F20256420726585
:1093800067696F6E73202D206661696C00000000B4
:1093900000000000000000000000000000000000CD
:1093A00000000000010000000200000003000000B7
:1093B00004000000000000000500000000000000A4
:1093C0000000000000000000060000000000000097
:1093D0000000000000000000070000000180808005
:1093E0008080808004808080808080800880808071
:1093F000808080801080808080808080208080803D
:109400008080808040000408102040020408102062
:109410004000010002000400060008000A000C00E1
:109420001000200040008000000100000000010248
:1094300003040102030406070809000000000102FA
:1094400003040102030406070809000001000E06D8
:1094500005000E0602000E0600000E0602000E06B3
:10946000000000000000000000200240C3030400D0
:109470000008000000200240C303000000090000B3
:1094800000210240C3030000010000000020024050
:10949000C34304000108000000200240C343000051
:1094A0000109000000210240C34300000200000047
:1094B00000200240C383030002010000002102409B
:1094C000C38303000300000000200240C3C3030065
:1094D0000301000000210240C3C303000400000098
:1094E00000200240C3830400040100000021024068
:1094F000C38304000500000000200240C3C3040031
:109500000501000000210240C3C304000600000062
:1095100000200240C3C300000601000000210240F9
:10952000C3C300000700000000200240C3C30100C5
:109530000701000000210240C3C301001000000029
:1095400000200240C343020010010000002102403D
:10955000C34302001100000000200240C343010089
:109560001101000000210240C3430100200000005F
:1095700000200240C38302002001000000210240BD
:10958000C38302002002000000600258C38302006F
:109590002100000000200240C3C30200210100009E
:1095A00000210240C3C302002102000000600258F3
:1095B000C3C302002200000000200240C3030300D6
:1095C0002201000000210240C30303002202000028
:1095D00000600258C3030300220800000060025824
:1095E000C30300002300000000200240C343030027
:1095F0002301000000210240C343030023080000B0
:1096000000600258C3430000240000000020024014
:10961000C30301002401000000210240C303010034
:109620002500000000200240C303020025010000C5
:1096300000210240C30302005300000000600258F2
:10964000C34301005400000000600258C3430200FD
:109650005500000000600258C303010056000000DE
:1096600000600258C3030200570000000060025867
:10967000C3C300005800000000600258C3C30100CB
:109680005900000000600258C38300005A00000027
:1096900000600258C38301005B000000002002400C
:1096A000C38300005C00000000200240C38301006F
:1096B0005D00000000210240C38300005E00000046
:1096C00000210240C38301007200000000600258C4
:1096D000C34303007300000000600258C38303000B
:1096E0007400000000600258C3C30300750000004E
:1096F00000600258C3030400FFFF0000FFFFFFFFEC
:1097000000000000F000000000600258C383040065
:10971000F100000000600258C3C30400F200000022
:1097200000600258C3430400FFFF0000FFFFFFFF7B
:10973000000000000B00000000A00040C227000055
:109740001500000000A40040C2270000180000001F
:1097500000A00040C22700001C00000000A4004040
:10976000C22700003000000000A00040C227000017
:109770007E00000000A00040C22700008900000019
:1097800000A00040C2270000FFFF0000FFFFFFFF16
:10979000000000000C00000000A00040C2270000F4
:1097A0001600000000A40040C227000019000000BD
:1097B00000A00040C22700001D00000000A40040DF
:1097C000C22700003100000000A00040C2270000B6
:1097D0007D00000000A00040C2270000FFFF000045
:1097E000FFFFFFFF0000000008000000005C0040D9
:1097F000CA1300001600000000540040CA13000005
:1098000016010000001C0058CA1B000018000000D0
:1098100000540040CA13000018010000001C00584A
:10982000CA1B00001A00000000580040CA130000C4
:109830003C000000001C0058CA130000510000004A
:1098400000580040CA1300005E000000001C0058D1
:10985000CA1300007400000000580040CA13000042
:1098600077000000005C0040CA1300007B0000008D
:10987000001C0058CA130000FFFF0000FFFFFFFF9D
:10988000000000001700000000540040CA13000050
:1098900017010000001C0058CA1B0000190000003E
:1098A00000540040CA13000019010000001C0058B9
:1098B000CA1B00001B00000000580040CA13000033
:1098C00029000000005C0040CA1300003D000000B9
:1098D000001C0058CA13000050000000005800404F
:1098E000CA1300005F000000001C0058CA130000EB
:1098F0007500000000580040CA1300007800000006
:10990000005C0040CA1300007C000000001C0058EE
:10991000CA130000FFFF0000FFFFFFFF0000000070
:109920000100000000400140C25308000200000096
:1099300000400140C253000003000000004001400D
:10994000C29300000500000000040140C24F08005F
:109950000600000000040040C24B000006010000A9
:10996000001C0040C267000007000000000001402A
:10997000C24708000701000000040040C28B00003D
:109980000702000000040140C24F08000703000066
:1099900000200040C26700000B00000000000140F2
:1099A000C20701001000000000000140C28708004B
:1099B0001001000000040040C2CB000010020000B3
:1099C00000040140C28F08001100000000000140A7
:1099D000C2C708001101000000040040C20B0100D2
:1099E0001102000000040140C2CF08001400000072
:1099F00000040040C24B00001500000000040040BD
:109A0000C28B00001600000000080040C24B00009E
:109A10001601000000440140C24708001700000082
:109A200000080040C28B0000170100000048014000
:109A3000C24708001800000000080040C2CB000028
:109A40001801000000440140C24700001900000056
:109A500000080040C20B010019010000004801404D
:109A6000C24700001D00000000000140C24708007E
:109A70001E00000000000140C28708001E01000017
:109A800000040140C28F08001E02000000180040C0
:109A9000C24B00001F00000000000140C2C70800C8
:109AA0001F01000000040140C2CF08001F02000097
:109AB00000180040C28B0000260000000004004097
:109AC000C24B00002601000000040140C24F00000C
:109AD0002700000000040040C28B000027010000A6
:109AE00000040140C28F0000280000000004004074
:109AF000C2CB00002801000000040140C2CF0000DA
:109B00002900000000040040C20B010029010000F0
:109B100000040140C20F01003C00000000080040AA
:109B2000C24B00003D00000000080040C28B000056
:109B30003E00000000080040C2CB00003F000000D3
:109B400000080040C20B010044000000004001403A
:109B5000C25308004500000000400140C25300000D
:109B60004600000000400140C29300004800000091
:109B700000000140C2470800490000000000014009
:109B8000C24700004A00000000000140C2870800F0
:109B90004B00000000000140C28700004C000000A4
:109BA00000000140C2C708004D0000000000014055
:109BB000C2C700004E00000000000140C2070100C3
:109BC0005600000000440140C2470000570000005A
:109BD00000480140C247000058000000001C00403F
:109BE000C26700005801000000440140C24708005D
:109BF0005900000000200040C26700005901000029
:109C000000480140C24708007600000000180040EC
:109C1000C24B00007900000000180040C28B000019
:109C20007D00000000040140C24F08007E000000DB
:109C300000040140C28F08007F00000000040140C2
:109C4000C2CF08008200000000040140C20F0100E2
:109C50008500000000040140C24F000086000000A3
:109C600000040140C28F0000870000000004014092
:109C7000C2CF00009600000000040140C28F000027
:109C80009700000000040140C28F08009800000007
:109C900000000140C2C70800980100000004014014
:109CA000C24F00009900000000000140C2C7000040
:109CB0009901000000040140C24F08009A00000012
:109CC00000000140C28708009A0100000004014022
:109CD000C28F00009B00000000000140C28700000E
:109CE0009B01000000040140C28F0800A00000009A
:109CF00000000140C2470800A0010000000401402C
:109D0000C2CF0000A100000000000140C2470000D7
:109D1000A101000000040140C2CF0800FFFF0000C5
:109D2000FFFFFFFF0000000008000000007401407A
:109D3000D24B08000900000000740140D28B0000E3
:109D40000A00000000740140D28B08000B000000E4
:109D500000740140D2CB00000C00000000740140F0
:109D6000D2CB08002600000000740140D20700009A
:109D70002700000000740140D207080028000000FE
:109D800000740140D24700006600000000740140EA
:109D9000D20B01006700000000740140D20B0900E3
:109DA000FFFF0000FFFFFFFF000000002900000090
:109DB00000500052D22700003B000000005000522B
:109DC000D22700005800000000500052D22B0000A3
:109DD000FFFF0000FFFFFFFF000000002A0000005F
:109DE00000500052D22700003C00000000500052FA
:109DF000D22700005900000000500052D22B000072
:109E0000FFFF0000FFFFFFFF000000004200000016
:109E100000500052D22700005700000000500052AE
:109E2000D2270000FFFF0000FFFFFFFF000000003F
:109E30000100000000500052D22700003D00000049
:109E400000500052D227000056000000005000527F
:109E5000D2270000FFFF0000FFFFFFFF000000000F
:109E60001200000000500052D22700005A000000EB
:109E700000500052D2270000FFFF0000FFFFFFFF4D
:109E8000000000001600000000500052D22B00001D
:109E90001A00000000500052D227000066000000A7
:109EA00000500052D22B0000FFFF0000FFFFFFFF19
:109EB000000000000600000000300140C217000052
:109EC0000601000000140058C22300001400000026
:109ED00000300140C217000014010000003C0040A7
:109EE000C21B00001402000000140058C22300002E
:109EF0001E00000000380040C217000022000000D1
:109F000000380040C21700002B000000003C004059
:109F1000C21B00004500000000340140C2170000D1
:109F20004D00000000340140C2170000580000003E
:109F300000500140C21700006900000000300140DD
:109F4000C21700006C00000000140058C217000087
:109F50007700000000500140C2170000820000009E
:109F600000380040C21700009B0000000050014074
:109F7000C2170000FFFF0000FFFFFFFF000000000E
:109F80000700000000300140C21700000701000078
:109F900000140058C223000012000000003C0040E2
:109FA000C21F00001500000000300140C217000071
:109FB00015010000003C0040C21F00001502000017
:109FC00000140058C22300001F00000000380040A9
:109FD000C21700002100000000380040C217000036
:109FE0002300000000380040C21700002C000000D1
:109FF000003C0040C21B000036000000003C004056
:10A00000C21700003700000000300140C2170000F6
:10A010004600000000340140C21700004E0000005E
:10A0200000340140C21700005900000000500140F8
:10A03000C21700005B00000000500140C217000082
:10A040006E00000000140058C217000083000000DA
:10A0500000380040C21700009A0000000050014084
:10A06000C2170000FFFF0000FFFFFFFF000000001D
:10A070000500000000300140C2170000050100008B
:10A0800000140058C22300000C00000000380040FB
:10A09000C21700001300000000300140C21700008A
:10A0A00013010000003C0040C21B0000130200002E
:10A0B00000140058C22300001A00000000380040BD
:10A0C000C21700001D00000000380040C217000049
:10A0D0002A000000003C0040C21B000033000000CA
:10A0E00000380040C2170000420000000034014068
:10A0F000C21700004C00000000340140C2170000ED
:10A100005700000000500140C21700006B00000023
:10A1100000300140C21700006D000000001400581C
:10A12000C21700007600000000500140C217000076
:10A130008100000000380040C2170000A0000000AD
:10A1400000500140C2170000FFFF0000FFFFFFFFAB
:10A15000000000000400000000300140C2170000B1
:10A1600004010000003C0040C21B0000040200008B
:10A1700000140058C22300000B000000003800400B
:10A18000C21700000F00000000300140C21700009D
:10A190000F010000003C0040C21B00000F02000045
:10A1A00000140058C21F00001400000000380040D6
:10A1B000C21F00001900000000380040C217000054
:10A1C0001C00000000380040C217000044000000DE
:10A1D00000340140C21700004B0000000034014071
:10A1E000C21700005600000000500140C2170000D6
:10A1F0006800000000140058C21700006A00000048
:10A2000000300140C21700007500000000500140FE
:10A21000C21700008000000000380040C217000094
:10A22000A100000000500140C2170000FFFF000025
:10A23000FFFFFFFF0000000000000000004400409E
:10A24000D21F00000B00000000100140D21F0000D0
:10A250000B010000000C0058D20F0000100000009D
:10A26000004C0040D22300001D00000000480040C8
:10A27000D21F00001F000000004C0040D22300004D
:10A280002900000000500040D223000033000000ED
:10A2900000440040D21F00003B0000000048004086
:10A2A000D21F00003E000000007C0040D2230000CE
:10A2B0004A00000000780040D21F00005900000052
:10A2C00000780040D21F00006D0000000014014023
:10A2D000D21F00006F00000000140140D21F0000D8
:10A2E000FFFF0000FFFFFFFF000000000100000073
:10A2F00000440040D21F00000C000000001001408C
:10A30000D21F00000C010000000C0058D20F00000A
:10A310000F000000004C0040D22300001E0000008F
:10A3200000480040D21F00001E010000004C004009
:10A33000D22300002800000000500040D22300007B
:10A340003400000000440040D21F00003C00000028
:10A3500000480040D21F00003F000000007C004089
:10A36000D22300004900000000780040D21F000006
:10A370005800000000780040D21F00006800000074
:10A3800000140140D21F00006C00000000140140C6
:10A39000D21F0000FFFF0000FFFFFFFF00000000D2
:10A3A00001000000004C0040D22300000300000028
:10A3B00000440040D21F0000080000000078004068
:10A3C000D22F00000A00000000100140D21F000040
:10A3D0000A010000000C0058D20F00000B00000022
:10A3E000004C0040D21B0000130000000078004029
:10A3F000D22F00001500000000500040D23B0000AA
:10A400001700000000100140D21F000017010000DB
:10A41000000C0058D223000018000000004C00403F
:10A42000D22300001B00000000480040D21F0000A3
:10A430001C00000000500040D23B00001F00000044
:10A4400000100140D213000027000000001401405A
:10A45000D21F00002B00000000480040D21F000067
:10A460002B010000004C0040D2230000300000000F
:10A47000004C0040D2230000320000000050004099
:10A48000D22300003600000000440040D21F00002C
:10A490003900000000480040D21F000040000000CA
:10A4A000007C0040D22300004700000000780040FC
:10A4B000D21F00005600000000780040D21F0000AC
:10A4C0006900000000140140D21F00007E0000005F
:10A4D000004C0040D223000089000000004C0040E6
:10A4E000D223000099000000007C0040D22300002D
:10A4F000FFFF0000FFFFFFFF000000000000000062
:10A50000004C0040D2230000020000000044004044
:10A51000D21F00000900000000100140D21F0000FF
:10A5200009010000000C0058D20F00000C000000D0
:10A53000004C0040D21B00000F00000000780040DB
:10A54000D22F00001400000000780040D22F00003D
:10A550001600000000100140D21F0000160100008C
:10A5600000500040D23B000016020000000C0058D2
:10A57000D223000019000000004C0040D22300004C
:10A580001A00000000480040D21F00001D0000001B
:10A5900000500040D23B00001E00000000100140AF
:10A5A000D21300002600000000140140D21F00005A
:10A5B0002A00000000480040D21F00002A010000CD
:10A5C000004C0040D22300002C000000005000404E
:10A5D000D223000031000000004C0040D2230000D4
:10A5E0003500000000440040D21F00003800000089
:10A5F00000480040D21F000041000000007C0040E5
:10A60000D22300004800000000780040D21F000064
:10A610005700000000780040D21F00006E000000CC
:10A6200000140140D21F00007D000000004C0040DB
:10A63000D223000098000000007C0040D2230000DC
:10A64000FFFF0000FFFFFFFF000000000B00000005
:10A6500000000840D22B00000C0000000000084061
:10A66000D22B0000FFFF0000FFFFFFFF00000000F3
:10A670000300000000000440D22B00000500000091
:10A6800000000440D22B0000100000000000044035
:10A69000D22B00001100000000000440D22B00006B
:10A6A0001500000000000440D22B00001A0000003A
:10A6B00000000440D22B00001B00000000000440FA
:10A6C000D22B00001C00000000000440D22B000030
:10A6D0001D00000000000440D22B000020000000FC
:10A6E00000000440D22B0000740000000000044071
:10A6F000D22B00008B00000000000440D22B000091
:10A70000FFFF0000FFFFFFFF0000000053657453D0
:10A710007973436C6F636B206661696C65640A00D2
:10A72000616E616C6F67696E5F696E697420484124
:10A730004C5F52434345785F506572697068434C83
:10A740004B436F6E666967002E2F6D6265642D6FD7
:10A75000732F746172676574732F54415247455467
:10A760005F53544D2F5441524745545F53544D331A
:10A770003248372F616E616C6F67696E5F64657612
:10A780006963652E63006F626A2D3E68616E646C5A
:10A79000652E496E7374616E636520213D202841EA
:10A7A00044435F54797065446566202A294E43000E
:10A7B00066756E6374696F6E20213D202875696E21
:10A7C0007433325F74294E4300616E616C6F676948
:10A7D0006E5F696E69742048414C5F4144435F4934
:10A7E0006E69740048414C5F41444345785F4D7544
:10A7F0006C74694D6F6465436F6E66696743686129
:10A800006E6E656C2048414C5F4144435F496E6900
:10A8100074000000000000000000000006000000BE
:10A820000000000001000000070000000000000020
:10A83000020000000800000000000000030000000B
:10A840000900000000000000040000000A000000F1
:10A8500000000000050000001700000001000000DB
:10A8600005000000170000000200000005000000C5
:10A8700017000000030000000500000017000000A2
:10A8800004000000050000001700000000000000A8
:10A890000600000028000000010000000600000083
:10A8A0002800000002000000060000002800000050
:10A8B0000300000006000000280000000400000063
:10A8C000060000002800000005000000060000004F
:10A8D000280000004932433132333A20496E766114
:10A8E0006C696420636C6F636B20736F7572636552
:10A8F00000493243343A20496E76616C69642063C2
:10A900006C6F636B20736F75726365004932433AF5
:10A9100020756E6B6E6F776E20696E7374616E63F7
:10A920006500000000000140010000000000004040
:10A93000000000000004004000000000000800408B
:10A9400000000000000C0040000000000004014076
:10A95000010000000018004000000000001C004042
:10A960000000000000200040000000000040014006
:10A9700001000000004401400100000000480140C7
:10A980000100000000000000020000002E2F6D6298
:10A9900065642D6F732F746172676574732F5441F2
:10A9A000524745545F53544D2F5441524745545FCD
:10A9B00053544D333248372F73657269616C5F644D
:10A9C00065766963652E6300756172745F72747376
:10A9D00020213D2028554152544E616D65294E433A
:10A9E00000756172745F63747320213D20285541A6
:10A9F00052544E616D65294E4300434C4B3A2053EF
:10AA0000504920696E7374616E6365206E6F7420A7
:10AA1000736574007370695F687A206E6F74206666
:10AA20006F756E640A002E2F6D6265642D6F732F33
:10AA3000746172676574732F5441524745545F5374
:10AA4000544D2F5553425068795F53544D33322E35
:10AA500063707000687063642E494E5F65705B3090
:10AA60005D2E6D61787061636B6574203E3D20736F
:10AA7000697A6500726574203D3D2048414C5F4F06
:10AA80004B0072657420213D2048414C5F42555374
:10AA900059006C656E203E3D206D61785F7061638A
:10AAA0006B6574000002000000020000000200005C
:10AAB0000002000000020000FF0300000000000090
:10AAC000000000006B870508A3870508A18A050818
:10AAD0005D8A05086D87050895890508C1890508FF
:10AAE000698705086987050871870508778705085C
:10AAF00099880508698705087D8705088587050801
:10AB0000B3870508B9880508D78705082988050887
:10AB100089870508E18C0508598805081589050805
:10AB200039890508F1880508E38705085D89050866
:10AB300079880508F589050800100000310000003B
:10AB40003C0000003C0000003F0000003F0000000F
:10AB50003F0000003F000000000000000000000077
:10AB600000000000000000000000000000000000E5
:10AB700000000000000000000000000048414C5FA1
:10AB8000464443414E5F496E6974206572726F722C
:10AB90000A0063616E5F66696C746572206572722B
:10ABA0006F720A0048414C5F464443414E5F436F19
:10ABB0006E666967476C6F62616C46696C7465723A
:10ABC000206572726F720A0048414C5F46444341EF
:10ABD0004E5F5374617274206572726F720A002E38
:10ABE0002F6D6265642D6F732F7461726765747366
:10ABF0002F5441524745545F53544D2F63616E5F4C
:10AC00006170692E630028696E742970696E6D61C8
:10AC1000702D3E7065726970686572616C20213DAF
:10AC2000204E430063616E5F696E69742077726FB6
:10AC30006E6720696E7374616E63650A0048414CEB
:10AC40005F52434345785F506572697068434C4B6F
:10AC5000436F6E666967206572726F720A00436F98
:10AC6000756C64206E6F742064657465726D696EB6
:10AC70006520676F6F64206E6F6D696E616C5072D6
:10AC8000657363616C65722E2042616420636C6F32
:10AC9000636B2076616C75650A0050696E6D61703A
:10ACA000206572726F723A2077726F6E6720706FD4
:10ACB0007274206E756D6265722E002E2F6D626546
:10ACC000642D6F732F746172676574732F544152D2
:10ACD0004745545F53544D2F6770696F5F617069CA
:10ACE0002E630070696E20213D202850696E4E61F0
:10ACF0006D65294E4300556E6578706563746564B3
:10AD00002053707572696F757320696E7465727205
:10AD100075707420696E64657820256C750A004929
:10AD20006E74657272757074496E206572726F729E
:10AD30003A20697271206368616E6E656C20636F82
:10AD40006E666C6963740A00496E74657272757020
:10AD500074496E206572726F723A2070696E206E4F
:10AD60006F7420737570706F727465642E0A002E94
:10AD70002F6D6265642D6F732F74617267657473D4
:10AD80002F5441524745545F53544D2F6932635FEE
:10AD90006170692E630028687A203D3D2031303093
:10ADA00030303029207C7C2028687A203D3D2034BA
:10ADB000303030303029207C7C2028687A203D3D9E
:10ADC0002031303030303030290068616E646C657D
:10ADD0002D3E496E69742E54696D696E6720213D60
:10ADE0002030006F626A5F732D3E69326320213D1F
:10ADF00020284932434E616D65294E430000000012
:10AE0000A086010080380100C0D4010000000000CD
:10AE10007A0D0000FA0000005C120000A00F000094
:10AE2000800200001400000000000000801A0600EC
:10AE300000E204000053070000000000840300004B
:10AE4000640000001405000058020000FA00000031
:10AE5000640000000000000040420F0000350C00BC
:10AE6000804F120000000000C2010000320000000C
:10AE7000F4010000040100003C0000006400000038
:10AE80000000000048414C5F5243435F4F736343EF
:10AE90006F6E666967204552524F520A0048414C16
:10AEA0005F52434345785F506572697068434C4B0D
:10AEB000436F6E666967204552524F520A004841FF
:10AEC0004C5F4C5054494D5F496E69742045525255
:10AED0004F520A000080000010000000007D0000BA
:10AEE000100000002E2F6D6265642D6F732F74614A
:10AEF00072676574732F5441524745545F53544DE4
:10AF00002F70696E6D61702E6300000000000000FC
:10AF1000000000010100000000000002220000000B
:10AF2000000000042300000000000008FFFF0000F4
:10AF3000000000000100000002000000040000000A
:10AF40000800000010000000200000004000000089
:10AF5000800000000001000000020000000400006A
:10AF60000008000000100000002000000040000069
:10AF70000080000043616E6E6F7420696E697469B1
:10AF8000616C697A652050574D0A00556E6B6E6F83
:10AF9000776E2050574D20696E7374616E63650043
:10AFA0002E2F6D6265642D6F732F746172676574E7
:10AFB000732F5441524745545F53544D2F70776D52
:10AFC0006F75745F6170692E6300040000000000FB
:10AFD000000040000000000000000004010000002C
:10AFE0000000000010000000000000000001000050
:10AFF000000000000010436F6D6D616E6420706191
:10B0000072616D206572726F723A2077726F6E672F
:10B0100020616464726573732073697A650A0049FC
:10B020006E76616C696420616C74206279746573FA
:10B030002073697A650043616E6E6F7420696E6972
:10B040007469616C697A652055415254207769743E
:10B0500068206261756420726174652025750A003C
:10B06000506172697479206973206E6F74207375F2
:10B0700070706F72746564207769746820392D620E
:10B080006974206461746120666F726D6174004F31
:10B090006E6C7920372C2038206F7220392D626930
:10B0A00074206461746120666F726D6174732061D5
:10B0B000726520737570706F72746564004572728A
:10B0C0006F723A206E65772073657269616C206FCC
:10B0D000626A656374206973207573696E67207393
:10B0E000616D652055415254206173205354444989
:10B0F0004F002E2F6D6265642D6F732F7461726720
:10B100006574732F5441524745545F53544D2F7308
:10B11000657269616C5F6170692E63006F626A5F5E
:10B12000732D3E7561727420213D20285541525483
:10B130004E616D65294E43006F626A5F732D3E69F3
:10B140006E646578203E3D203000466F7263654F27
:10B1500073634F75746F6644656570536C65657095
:10B1600020636C6F636B2069737375650D0A00460D
:10B170006F7263655065726970684F75746F66446D
:10B18000656570536C65657020636C6F636B2069D7
:10B19000737375650D0A002E2F6D6265642D6F73D4
:10B1A0002F746172676574732F5441524745545F21
:10B1B00053544D2F73746D5F7370695F6170692EA6
:10B1C00063006269747368696674203E3D203000D4
:10B1D000332077697265732053504920736C617610
:10B1E00065206E6F7420737570706F727465642063
:10B1F0002D20736C6176652077696C6C206F6E6CA6
:10B200007920726561640D0A0043616E6E6F74206F
:10B21000696E697469616C697A652053504900737D
:10B2200070696F626A2D3E73706920213D2028533A
:10B2300050494E616D65294E430048414C5F524371
:10B240004345785F506572697068434C4B436F6E3D
:10B250006669670A0074785F6C656E677468203E83
:10B260003E206269747368696674203C3C206269A0
:10B27000747368696674203D3D2074785F6C656EF8
:10B280006774680072785F6C656E677468203E3E14
:10B29000206269747368696674203C3C206269743A
:10B2A0007368696674203D3D2072785F6C656E67D7
:10B2B00074680000000000000101010101010101AA
:10B2C000020202020202020202020202020202025E
:10B2D000000000000000001000000020000000300E
:10B2E00000000040000000500000006000000070FE
:10B2F00040420F0020000000000000007374643A18
:10B300003A6261645F657863657074696F6E0000AE
:10B3100060B4060834B3060860B4060854B30608DF
:10B32000ECB3060878B306082CB3060860B4060828
:10B330008CB306084E31305F5F637878616269765E
:10B340003131355F5F666F726365645F756E776913
:10B350006E6445004E31305F5F6378786162697674
:10B360003131395F5F666F726569676E5F657863FB
:10B37000657074696F6E4500537431336261645F48
:10B38000657863657074696F6E0000005374396589
:10B390007863657074696F6E000000000000000043
:10B3A00020B306081DDC050829DC050821DC05089A
:10B3B000ECB30608BCB3060828B406084E31305F6B
:10B3C0005F637878616269763132305F5F73695F9D
:10B3D000636C6173735F747970655F696E666F45E6
:10B3E0000000000000000000B0B30608A5DD05085D
:10B3F000B9DD0508C1DE0508C1DE0508C1DF0508A5
:10B40000F1DE050891DE050811DE0508D5DD050829
:10B4100060B4060818B40608537439747970655F0F
:10B42000696E666F00000000ECB3060834B40608CD
:10B4300010B406084E31305F5F63787861626976D8
:10B440003131375F5F636C6173735F747970655F0F
:10B45000696E666F450000000000000028B4060811
:10B4600035DF050849DF0508C1DE0508C1DE05082E
:10B47000C1DF0508F1DE0508A9DF050865DF05085D
:10B4800029DF050800202020202020202020282837
:10B490002828282020202020202020202020202094
:10B4A00020202020208810101010101010101010D4
:10B4B0001010101010040404040404040404041004
:10B4C0001010101010104141414141410101010192
:10B4D000010101010101010101010101010101015C
:10B4E0001010101010104242424242420202020268
:10B4F000020202020202020202020202020202022C
:10B5000010101010200000000000000000000000DB
:10B51000000000000000000000000000000000002B
:10B52000000000000000000000000000000000001B
:10B53000000000000000000000000000000000000B
:10B5400000000000000000000000000000000000FB
:10B5500000000000000000000000000000000000EB
:10B5600000000000000000000000000000000000DB
:10B5700000000000000000000000000000000000CB
:10B580000000000000000000500E002443000000F6
:10B59000504F5349580000002E0000000A000000E0
:10B5A000494E4600696E66004E414E006E616E0067
:10B5B00030313233343536373839414243444546E9
:10B5C00000000000303132333435363738396162AB
:10B5D0006364656600000000286E756C6C290000CD
:10B5E00030000000202020202020202020202020AB
:10B5F000202020203030303030303030303030308B
:10B6000030303030202020202020202020202020FA
:10B61000202020203030303030303030303030306A
:10B6200030303030496E66696E6974790000000010
:10B630004E614E00000000000080E03779C34143B6
:10B64000176E05B5B5B89346F5F93FE9034F384D88
:10B65000321D30F94877825A3CBF737FDD4F157534
:10B66000000000000000F03F000000000000244047
:10B6700000000000000059400000000000408F4022
:10B68000000000000088C34000000000006AF8408D
:10B690000000000080842E4100000000D0126341B1
:10B6A0000000000084D797410000000065CDCD4127
:10B6B000000000205FA00242000000E87648374208
:10B6C000000000A2941A6D42000040E59C30A242A6
:10B6D0000000901EC4BCD64200003426F56B0C431B
:10B6E0000080E03779C3414300A0D88557347643C2
:10B6F00000C84E676DC1AB43003D9160E458E14323
:10B70000408CB5781DAF154450EFE2D6E41A4B4497
:10B7100092D54D06CFF08044F64AE1C7022DB544DC
:10B72000B49DD9794378EA4405000000190000006F
:10B730007D00000000000000651AFF7FB0B0A80087
:10B74000FFFF0100591AFF7FB0B0A800FFFF010002
:10B750004D1AFF7FB0AC0100FFFF010E5A0400003C
:10B7600060389A0100A0010400000000311AFF7F38
:10B77000B0A90200FFFF0123065600006004BC01CF
:10B78000006804BA01007004A401008E01040000E6
:10B790009E0104BC0200B60176000000011AFF7F82
:10B7A000B0B0A800FFFF010008B10181B0B0008473
:10B7B0000000000008B10181B0B00084000000006A
:10B7C00008B10181B0B0008400000000D119FF7FF2
:10B7D000B0AE0D00FFFF0135180400002004C002C8
:10B7E000002C04BE0200460CBC0200720498020049
:10B7F000980104B40200BE0104B60200DE0104B8E0
:10B800000200860204BA0200B00204000000000038
:10B810008D19FF7FB0AA0100FFFF010C0A1800007C
:10B8200032043E00460400007519FF7FA908B100EC
:10B83000FFFF010C080800001A0422002A0400007F
:10B8400008B10181B0B00084000000005119FF7FF1
:10B85000B0AC0700FFFF01270E0800002004BC0168
:10B86000002A0A00004C04AE01005604AC01006836
:10B87000048E0100880104C00100A801040000003A
:10B8800008B10181B0B000840000000008B101815E
:10B89000B0B00084000000000519FF7FB0A90600C9
:10B8A000FFFF010932048A01004E4600000000003B
:10B8B00008B10181B0B0008400000000E118FF7FF2
:10B8C000B0B0A800FFFF0100D518FF7FB0B0A800FE
:10B8D000FFFF0100C918FF7F843F0201B0B0B00034
:10B8E000FFFF010C0A0400002204320038040000AB
:10B8F000AD18FF7FA908B100FFFF010008B1018169
:10B90000B0B000840000000008B10181B0B0008434
:10B91000000000008918FF7FB0AA0500FFFF011694
:10B920001614000036048C010050040000740498C2
:10B9300001007C1C0000000008B10181B0B000844F
:10B940000000000008B10181B0B0008400000000D8
:10B950004D18FF7FB0B0A800FFFF01004118FF7F26
:10B96000B0A80300FFFF010C040C00001414360003
:10B970003C0400002918FF7F8408B101B0B0B0007A
:10B98000FFFF01081E0436003C0400001118FF7F71
:10B99000B0B0A800FFFF01000518FF7FB0B0AC00F9
:10B9A000FFFF01141E04000024045A002E04580056
:10B9B000360A420054040000E517FF7FB0A80900D2
:10B9C000FFFF010C060A00001C163C0042040000A8
:10B9D000CD17FF7FB0AA0D00FFFF010C0A0A00007F
:10B9E0002A16420048040000B517FF7FB0AD1000D2
:10B9F000FFFF010C0E1A000042165A0060040000FE
:10BA000008B10181B0B00084000000009117FF7FF1
:10BA1000B0AB0A00FFFF0121060A000028049201D2
:10BA200000320400005A049C0100640400008C01F0
:10BA3000049E0100980120000000000008B101816F
:10BA4000B0B000840000000008B10181B0B00084F3
:10BA5000000000004917FF7FB0AD0200FFFF011496
:10BA60000C2000003004C201009E0104A40100BEAD
:10BA70000104000008B10181B0B0008400000000A2
:10BA80001D17FF7FB0AC0700FFFF01290810000061
:10BA90002E28E60100600400007C04D2010086012B
:10BAA00004D00100980104B20100AC0104EE0100D1
:10BAB000CC0114000000000008B10181B0B0008486
:10BAC0000000000008B10181B0B000840000000057
:10BAD00008B10181B0B000840000000008B101810C
:10BAE000B0B000840000000008B10181B0B0008453
:10BAF0000000000008B10181B0B000840000000027
:10BB00009D16FF7FB0B0AC00FFFF010C08260000BF
:10BB10003C047E00503A00008516FF7FB0A9080063
:10BB2000FFFF010C082800003E0400005A1000002E
:10BB30006D16FF7FB0AC0100FFFF010C0824000070
:10BB4000400472007A04000008B10181B0B00084A2
:10BB5000000000004916FF7FB0AF1800FF10190168
:10BB60001124A6070000EE0704D80901BA08A801AD
:10BB700000000100000000002516FF7FB0AF0400A8
:10BB8000FF101D0112200436012A042E017646BC46
:10BB90000100C401040000010000000000000000DA
:10BBA000FD15FF7FA908B100FFFF0100F115FF7F20
:10BBB0008408B101B0B0B000FF1019010C020608F2
:10BBC000010C0410051C0A000001007F00007D002C
:10BBD000000000000000000008B10181B0B0008446
:10BBE0000000000008B10181B0B000840000000036
:10BBF00008B10181B0B000840000000008B10181EB
:10BC0000B0B0008400000000D046FD7F01000000BD
:10BC1000A847FD7FB0AB08802848FD7FB0B0AA8060
:10BC20002449FD7FB0AF0880484DFD7F0100000032
:10BC3000424DFD7F04FBFF7F484DFD7F08FBFF7FEA
:10BC40004C4DFD7F01000000684DFD7FA908B180CB
:10BC50007C4DFD7F01000000C04EFD7FF4FAFF7FA8
:10BC6000684FFD7F08FBFF7F1851FD7F010000003A
:10BC70004651FD7FA908B180CE51FD7F0100000033
:10BC8000DE51FD7F18FBFF7FE251FD7F01000000C8
:10BC9000F651FD7F14FBFF7FFC51FD7F010000008A
:10BCA0004252FD7F10FBFF7F4252FD7F14FBFF7F5E
:10BCB0004452FD7F18FBFF7F8853FD7F0100000089
:10BCC000EA53FD7FB0A805800854FD7FAB08B18022
:10BCD0004454FD7FB0A801805054FD7F0100000056
:10BCE0007C54FD7FB0AA0180BA54FD7F24FBFF7F06
:10BCF000FC54FD7F010000004855FD7FB0A8018085
:10BD00007855FD7F010000009455FD7FB0B0AA80FA
:10BD1000F055FD7FB0B0A8802656FD7F01000000E1
:10BD20000457FD7F04FBFF7F2A57FD7F01000000C1
:10BD30005257FD7FA908B1806857FD7F00840280BB
:10BD40008657FD7FB0B0A8801658FD7FAA3F0180BE
:10BD50007258FD7FB0AA3F804459FD7F010000006A
:10BD6000B659FD7FDCFAFF7FBC59FD7F0100000062
:10BD7000045AFD7FD8FAFF7FD05AFD7F04FBFF7F76
:10BD8000D05AFD7F08FBFF7FD05AFD7F01000000E5
:10BD9000345BFD7FB0AE0380825BFD7FB0FD8480AD
:10BDA000DA5BFD7FB0B0AC80385CFD7FB0FD848095
:10BDB000905CFD7F010000008C5CFD7FDCFAFF7F62
:10BDC0003C5DFD7FB0B0A880605DFD7FE4FAFF7F41
:10BDD0008C5DFD7FE8FAFF7F905DFD7FECFAFF7FD1
:10BDE000A85DFD7FF0FAFF7FDC5DFD7FB0B0AA802B
:10BDF000685EFD7F01000000745EFD7FF4FAFF7F46
:10BE0000905EFD7F01000000CA5EFD7FB0B0AA8099
:10BE10000E5FFD7FB0B0A8801E5FFD7F01000000B7
:10BE20004C5FFD7FB0A80180B05FFD7FD0FAFF7F3F
:10BE3000D45FFD7FB0B0AA80E85FFD7FB0B0B08076
:10BE4000E85FFD7FB0A801802460FD7FB0B0AC80CA
:10BE50005660FD7FB0B0B0805460FD7FB0B0AA8066
:10BE60009C60FD7FA93F02800C61FD7FA908B18025
:10BE70002061FD7FB0B0B0802061FD7FB0B0A880B0
:10BE80004061FD7FA908B1806661FD7FB0B0B080E0
:10BE90006461FD7FB0B0A8809861FD7FA908B18082
:10BEA000D461FD7FB0B0B080D461FD7FB0B0A88018
:10BEB0002062FD7F010000005062FD7F4CFAFF7F91
:10BEC0005462FD7F010000009C62FD7F48FAFF7F05
:10BED0003863FD7F64FAFF7F3863FD7F68FAFF7F78
:10BEE0003863FD7F010000000864FD7FB0B0A880CA
:10BEF0001664FD7FA908B1802864FD7F0100000061
:10BF00002864FD7F4CFAFF7F3C64FD7F0100000048
:10BF10004A64FD7FB0AB02808264FD7FB0B0AA802E
:10BF2000D664FD7FAB08B180F864FD7FB0AA0580C0
:10BF30008065FD7F01000000A465FD7FA908B18038
:10BF4000D865FD7F01000000FC65FD7FB0B0A880D2
:10BF50001866FD7FB0AC03809066FD7FB0AA0180BB
:10BF6000B466FD7FB0B0A880EA66FD7FF0F9FF7F80
:10BF70002267FD7FB0B0A8802C67FD7FF8F9FF7FB6
:10BF80007467FD7FB0B0A8809C67FD7F0100000052
:10BF90002469FD7FF8F9FF7F4C69FD7F01000000F7
:10BFA000D869FD7FA908B180586AFD7FB0AC0180D7
:10BFB000DA6AFD7FB0B0A880146BFD7FB0B0AA80B4
:10BFC000646BFD7FD4F9FF7FC46BFD7FB0B0AA80A6
:10BFD000646CFD7FB0B0A880706CFD7FA908B18053
:10BFE000846CFD7FAB08B180EC6CFD7FCCF9FF7FEA
:10BFF000346DFD7FDCF9FF7F906DFD7FB0B0A880D0
:10C00000B86DFD7FAD08B180126EFD7FB0AB0480CE
:10C01000586EFD7FD4F9FF7FD06EFD7FB0B0A88051
:10C02000F26EFD7F010000003A6FFD7FB0A9028033
:10C03000906FFD7F01000000B06FFD7FC4F9FF7FAE
:10C04000B46FFD7F01000000FC6FFD7FC0F9FF7F32
:10C05000C070FD7FE8F9FF7FC070FD7FECF9FF7FC6
:10C06000C070FD7F01000000EA70FD7FB0B0B080BD
:10C07000E870FD7F01000000E870FD7FB0B0A8808F
:10C08000F070FD7FB0B0B080F070FD7FA908B18086
:10C090002871FD7F008402804071FD7FB0B0B080C8
:10C0A0004071FD7F008402805A71FD7FB0B0B08086
:10C0B0005A71FD7FAD08B1808C71FD7F01000000D9
:10C0C000B871FD7FA908B180DA71FD7F0100000021
:10C0D0005C72FD7F80F9FF7F2473FD7FA908B1802A
:10C0E0003673FD7F010000004073FD7FB0B0A88073
:10C0F0006873FD7FAB08B1809073FD7F0100000085
:10C10000D673FD7F70F9FF7FDC73FD7F01000000B7
:10C110002474FD7F6CF9FF7F2075FD7FB0B0B08087
:10C120002075FD7F010000001C75FD7F8CF9FF7FED
:10C130001C75FD7F90F9FF7F1C75FD7F94F9FF7FD3
:10C140001C75FD7F010000006875FD7F90F9FF7F81
:10C150006675FD7FB0AF0480C876FD7F01000000EA
:10C160002877FD7FB0B0AC804C77FD7F01000000E8
:10C170006A77FD7F74F9FF7F6A77FD7F0100000019
:10C180007477FD7FA908B1808077FD7FB0AA098010
:10C19000B277FD7F01000000C877FD7FA908B1805C
:10C1A000D477FD7FB0B0A8800478FD7FB0B0AA80BE
:10C1B0002478FD7FB0B0A8803878FD7F01000000B2
:10C1C0004878FD7F008402807C78FD7F01000000BC
:10C1D0007C78FD7F20F9FF7F9078FD7F01000000D3
:10C1E000CC78FD7FB0B0AA80E478FD7F14F9FF7FA2
:10C1F0007079FD7F24F9FF7FDC79FD7F34F9FF7FC3
:10C20000607AFD7FB0A90880B47AFD7F010000004C
:10C21000000EFF7FAB08B180B80EFF7F2CF9FF7FC7
:10C22000E80EFF7FAB08B180740FFF7F28F9FF7F16
:10C230005014FF7F01000000A414FF7F3CF9FF7F32
:10C240007815FF7F5CF9FF7FF015FF7F010000008C
:10C250008016FF7F58F9FF7FA016FF7F01000000C6
:10C26000AC16FF7F74F9FF7FAC16FF7F78F9FF7F74
:10C27000B816FF7F01000000DC16FF7FB0AB028024
:10C280008417FF7F010000005018FF7FB0B0A88026
:10C290008C18FF7F01000000DC18FF7FAB08B18025
:10C2A0000C19FF7FB0B0A8807419FF7F0100000057
:10C2B000E01BFF7FB0B0AC80041CFF7F01000000DA
:10C2C000301CFF7FB0AA0380601CFF7F01000000CC
:10C2D0005421FF7FB0A90280F021FF7FB0B0A88079
:10C2E0004022FF7F010000004C22FF7FB0B0AA80F7
:10C2F0008422FF7FAE71B2804423FF7F01000000E3
:10C300004023FF7FAB3F38809823FF7F0100000070
:10C31000A423FF7FB0B0AA80E023FF7F01000000CC
:10C320008424FF7FAB0EB280EC24FF7FB0AF088087
:10C33000B827FF7F01000000BC27FF7FAC3F0380D0
:10C34000342AFF7F01000000102CFF7F008404804E
:10C35000242CFF7F01000000202CFF7FB0AD048063
:10C36000DC2EFF7FB0A80380FC2EFF7F84F8FF7FC8
:10C37000002FFF7F88F8FF7F0C2FFF7F0100000058
:10C380000000000000F001087F0000000000000035
:10C390000000000000000000A100000000000000FC
:10C3A00000000000000000009B00000000000000F2
:10C3B0000000000000000000670000000000000016
:10C3C0000000000000000000270000000000000046
:10C3D0000000000000000000260000000000000037
:10C3E0000000000000000000080000000000000045
:10C3F00000000000000000008000000000000000BD
:10C400000000000000000000230000000000000009
:10C41000000000000000000081000000000000009B
:10C4200000000000000000002200000000000000EA
:10C430000000000000000000780000000000000084
:10C440000000000000000000770000000000000075
:10C4500000000000000000000A00000000000000D2
:10C4600000000000000000000900000000000000C3
:10C4700000000000000000000008000000000000B4
:10C4800000000000000000000108000000000000A3
:10C490000000000000000000220800000000000072
:10C4A0000000000000000000230800000000000061
:10C4B0000000000000000000220100000000000059
:10C4C0000000000000000000230100000000000048
:10C4D0000000000000000000040000000000000058
:10C4E0000000000000000000060000000000000046
:10C4F0000000000000000000A50000000000000097
:10C500000000000000000000A60000000000000085
:10C510000000000000000000A70000000000000074
:10C52000000000000000000000000000000000000B
:10C5300000000000000000000100000000000000FA
:10C5400000000000000000000200000000000000E9
:10C5500000000000000000000300000000000000D8
:10C5600000000000000000000400000000000000C7
:10C5700000000000000000000500000000000000B6
:10C5800000000000000000000600000000000000A5
:10C590000000000000000000070000000000000094
:10C5A0000000000000000000080000000000000083
:10C5B0000000000000000000090000000000000072
:10C5C00000000000000000000A0000000000000061
:10C5D00000000000000000000B0000000000000050
:10C5E00000000000000000000C000000000000003F
:10C5F00000000000000000000D000000000000002E
:10C6000000000000000000000E000000000000001C
:10C6100000000000000000000F000000000000000B
:10C6200000000000000000001000000000000000FA
:10C6300000000000000000001100000000000000E9
:10C6400000000000000000001200000000000000D8
:10C6500000000000000000001300000000000000C7
:10C6600000000000000000001400000000000000B6
:10C6700000000000000000001500000000000000A5
:10C680000000000000000000160000000000000094
:10C690000000000000000000170000000000000083
:10C6A0000000000000000000180000000000000072
:10C6B0000000000000000000190000000000000061
:10C6C00000000000000000001A0000000000000050
:10C6D00000000000000000001B000000000000003F
:10C6E00000000000000000001C000000000000002E
:10C6F00000000000000000001D000000000000001D
:10C7000000000000000000001E000000000000000B
:10C7100000000000000000001F00000000000000FA
:10C7200000000000000000002000000000000000E9
:10C7300000000000000000002100000000000000D8
:10C7400000000000000000002200000000000000C7
:10C7500000000000000000002300000000000000B6
:10C7600000000000000000002400000000000000A5
:10C770000000000000000000250000000000000094
:10C780000000000000000000260000000000000083
:10C790000000000000000000270000000000000072
:10C7A0000000000000000000280000000000000061
:10C7B0000000000000000000290000000000000050
:10C7C00000000000000000002A000000000000003F
:10C7D00000000000000000002B000000000000002E
:10C7E00000000000000000002C000000000000001D
:10C7F00000000000000000002D000000000000000C
:10C8000000000000000000002E00000000000000FA
:10C8100000000000000000002F00000000000000E9
:10C8200000000000000000003000000000000000D8
:10C8300000000000000000003100000000000000C7
:10C8400000000000000000003200000000000000B6
:10C8500000000000000000003300000000000000A5
:10C860000000000000000000340000000000000094
:10C870000000000000000000350000000000000083
:10C880000000000000000000360000000000000072
:10C890000000000000000000370000000000000061
:10C8A0000000000000000000380000000000000050
:10C8B000000000000000000039000000000000003F
:10C8C00000000000000000003A000000000000002E
:10C8D00000000000000000003B000000000000001D
:10C8E00000000000000000003C000000000000000C
:10C8F00000000000000000003D00000000000000FB
:10C9000000000000000000003E00000000000000E9
:10C9100000000000000000003F00000000000000D8
:10C9200000000000000000004000000000000000C7
:10C9300000000000000000004100000000000000B6
:10C9400000000000000000004200000000000000A5
:10C950000000000000000000430000000000000094
:10C960000000000000000000440000000000000083
:10C970000000000000000000450000000000000072
:10C980000000000000000000460000000000000061
:10C990000000000000000000470000000000000050
:10C9A000000000000000000048000000000000003F
:10C9B000000000000000000049000000000000002E
:10C9C00000000000000000004A000000000000001D
:10C9D00000000000000000004B000000000000000C
:10C9E00000000000000000004C00000000000000FB
:10C9F00000000000000000004D00000000000000EA
:10CA000000000000000000004E00000000000000D8
:10CA100000000000000000004F00000000000000C7
:10CA200000000000000000005000000000000000B6
:10CA300000000000000000005100000000000000A5
:10CA40000000000000000000520000000000000094
:10CA50000000000000000000530000000000000083
:10CA60000000000000000000540000000000000072
:10CA70000000000000000000550000000000000061
:10CA80000000000000000000560000000000000050
:10CA9000000000000000000057000000000000003F
:10CAA000000000000000000058000000000000002E
:10CAB000000000000000000059000000000000001D
:10CAC00000000000000000005A000000000000000C
:10CAD00000000000000000005B00000000000000FB
:10CAE00000000000000000005C00000000000000EA
:10CAF00000000000000000005D00000000000000D9
:10CB000000000000000000005E00000000000000C7
:10CB100000000000000000005F00000000000000B6
:10CB200000000000000000006000000000000000A5
:10CB30000000000000000000610000000000000094
:10CB40000000000000000000620000000000000083
:10CB50000000000000000000630000000000000072
:10CB60000000000000000000640000000000000061
:10CB70000000000000000000650000000000000050
:10CB8000000000000000000066000000000000003F
:10CB9000000000000000000067000000000000002E
:10CBA000000000000000000068000000000000001D
:10CBB000000000000000000069000000000000000C
:10CBC00000000000000000006A00000000000000FB
:10CBD00000000000000000006B00000000000000EA
:10CBE00000000000000000006C00000000000000D9
:10CBF00000000000000000006D00000000000000C8
:10CC000000000000000000006E00000000000000B6
:10CC100000000000000000006F00000000000000A5
:10CC20000000000000000000700000000000000094
:10CC30000000000000000000710000000000000083
:10CC40000000000000000000720000000000000072
:10CC50000000000000000000730000000000000061
:10CC60000000000000000000740000000000000050
:10CC7000000000000000000075000000000000003F
:10CC8000000000000000000076000000000000002E
:10CC9000000000000000000077000000000000001D
:10CCA000000000000000000078000000000000000C
:10CCB00000000000000000007900000000000000FB
:10CCC00000000000000000007A00000000000000EA
:10CCD00000000000000000007B00000000000000D9
:10CCE00000000000000000007C00000000000000C8
:10CCF00000000000000000007D00000000000000B7
:10CD000000000000000000007E00000000000000A5
:10CD100000000000000000007F0000000000000094
:10CD20000000000000000000800000000000000083
:10CD30000000000000000000810000000000000072
:10CD40000000000000000000820000000000000061
:10CD50000000000000000000830000000000000050
:10CD6000000000000000000084000000000000003F
:10CD7000000000000000000085000000000000002E
:10CD8000000000000000000086000000000000001D
:10CD9000000000000000000087000000000000000C
:10CDA00000000000000000008800000000000000FB
:10CDB00000000000000000008900000000000000EA
:10CDC00000000000000000008A00000000000000D9
:10CDD00000000000000000008B00000000000000C8
:10CDE00000000000000000008C00000000000000B7
:10CDF00000000000000000008D00000000000000A6
:10CE000000000000000000008E0000000000000094
:10CE100000000000000000008F0000000000000083
:10CE20000000000000000000900000000000000072
:10CE30000000000000000000910000000000000061
:10CE40000000000000000000920000000000000050
:10CE5000000000000000000093000000000000003F
:10CE6000000000000000000094000000000000002E
:10CE7000000000000000000095000000000000001D
:10CE8000000000000000000096000000000000000C
:10CE900000000000000000009700000000000000FB
:10CEA00000000000000000009800000000000000EA
:10CEB00000000000000000009900000000000000D9
:10CEC00000000000000000009A00000000000000C8
:10CED00000000000000000009B00000000000000B7
:10CEE00000000000000000009C00000000000000A6
:10CEF00000000000000000009D0000000000000095
:10CF000000000000000000009E0000000000000083
:10CF100000000000000000009F0000000000000072
:10CF20000000000000000000A00000000000000061
:10CF30000000000000000000A10000000000000050
:10CF40000000000000000000A2000000000000003F
:10CF50000000000000000000A3000000000000002E
:10CF60000000000000000000A4000000000000001D
:10CF70000000000000000000A5000000000000000C
:10CF80000000000000000000A600000000000000FB
:10CF90000000000000000000A700000000000000EA
:10CFA000000000000000000018660608D3B3FB0272
:10CFB0000000000000000000000000000000000071
:10CFC0000000000000000000000000000000000061
:10CFD0000000000000000000000000000000000051
:10CFE0000000000000000000000000000000000041
:10CFF0000000000000000000000000000000000031
:10D000000000000000000000000000000000000020
:10D010000000000000000000000000000000000010
:10D020000000000000000000000000000000000000
:10D0300000000000000000000000000000000000F0
:10D040000000000000000000000000003963040838
:10D05000DD6E0408816A0408B96E0408956E040840
:10D06000856A04084BB204084BB204087F00000034
:10D070000000000000000000180000000000000098
:10D08000000400000000000080000000000000001C
:10D090000000000000000000E1B3040800000000F0
:10D0A000000000000000000000000000FFFFFFFF84
:10D0B000FFFFFFFFFFFFFFFF000000000000000078
:10D0C0000000000000000000000000000000000060
:10D0D0000000000000000000000000000000000050
:10D0E0000000000000000000000000000000000040
:10D0F0000000000000000000000000000000000030
:10D10000000000000000000000000000000000001F
:10D11000000000000000000000000000000000000F
:10D1200000000000000000000000000000000000FF
:10D1300000000000000000000000000000000000EF
:10D1400000000000000000000000000000000000DF
:10D1500000000000000000000000000000000000CF
:10D1600000000000000000000000000000000000BF
:10D1700000000000000000000000000000000000AF
:10D18000000000000000000000000000000000009F
:10D19000000000000000000000000000000000008F
:10D1A000000000000000000000000000D014012476
:10D1B00001000000100000000090D0030090D00398
:10D1C00001000000E1C90408F9D80508500E002448
:10D1D000000000003C110024A41100240C120024C3
:10D1E000000000000000000000000000000000003F
:10D1F000000000000000000000000000000000002F
:10D20000000000000000000000000000000000001E
:10D21000000000000000000000000000000000000E
:10D2200000000000000000000000000000000000FE
:10D2300000000000000000000000000000000000EE
:10D2400000000000000000000000000000000000DE
:10D2500000000000000000000000000000000000CE
:10D2600000000000000000000000000000000000BE
:10D2700000000000000000000100000000000000AD
:10D280000E33CDAB34126DE6ECDE05000B00000072
:10D29000000000000000000000000000000000008E
:10D2A000000000000000000000000000000000007E
:10D2B000000000000000000000000000000000006E
:10D2C000000000000000000000000000000000005E
:10D2D000000000000000000000000000000000004E
:10D2E000000000000000000000000000000000003E
:10D2F000000000000000000000000000000000002E
:10D30000000000000000000000000000000000001D
:10D31000000000000000000000000000000000000D
:10D3200000000000000000000000000000000000FD
:10D3300000000000000000000000000000000000ED
:10D3400000000000000000000000000000000000DD
:10D3500000000000000000000000000000000000CD
:10D3600000000000000000000000000000000000BD
:10D3700000000000000000000000000000000000AD
:10D38000000000000000000000000000000000009D
:10D39000000000000000000000000000000000008D
:10D3A000000000000000000000000000000000007D
:10D3B000000000000000000000000000000000006D
:10D3C000000000000000000000000000000000005D
:10D3D000000000000000000000000000000000004D
:10D3E000000000000000000000000000000000003D
:10D3F000000000000000000000000000000000002D
:10D40000000000000000000000000000000000001C
:10D41000000000000000000000000000000000000C
:10D4200000000000000000000000000000000000FC
:10D4300000000000000000000000000000000000EC
:10D4400000000000000000000000000000000000DC
:10D4500000000000000000000000000000000000CC
:10D4600000000000000000000000000000000000BC
:10D4700000000000000000000000000000000000AC
:10D48000000000000000000000000000000000009C
:10D49000000000000000000000000000000000008C
:10D4A000000000000000000000000000000000007C
:10D4B000000000000000000000000000000000006C
:10D4C000000000000000000000000000000000005C
:10D4D000000000000000000000000000000000004C
:10D4E000000000000000000000000000000000003C
:10D4F000000000000000000000000000000000002C
:10D50000000000000000000000000000000000001B
:10D51000000000000000000000000000000000000B
:10D5200000000000000000000000000000000000FB
:10D5300000000000000000000000000000000000EB
:10D5400000000000000000000000000000000000DB
:10D5500000000000000000000000000000000000CB
:10D5600000000000000000000000000000000000BB
:10D5700000000000000000000000000000000000AB
:10D58000000000000000000000000000000000009B
:10D59000000000000000000000000000000000008B
:10D5A000000000000000000000000000000000007B
:10D5B000000000000000000000000000000000006B
:10D5C000000000000000000000000000000000005B
:10D5D000000000000000000000000000000000004B
:10D5E000000000000000000000000000000000003B
:10D5F00000000000000000004300000000000000E8
:10D60000000000000000000000000000000000001A
:10D6100000000000000000004300000000000000C7
:10D6200000000000000000000000000000000000FA
:10D6300000000000000000004300000000000000A7
:10D6400000000000000000000000000000000000DA
:10D650000000000000000000430000000000000087
:10D6600000000000000000000000000000000000BA
:10D670000000000000000000430000000000000067
:10D68000000000000000000000000000000000009A
:10D690000000000000000000430000000000000047
:10D6A000000000000000000000000000000000007A
:10D6B0000000000000000000430000000000000027
:10D6C000000000000000000000000000000000005A
:10D6D0000000000000000000AD450608A108060893
:10D6E0000000000084B4060898B50608C0B5060816
:10D6F000C0B50608C0B50608C0B50608C0B506081E
:10D70000C0B50608C0B50608C0B50608C0B506080D
:10D71000FFFFFFFFFFFFFFFFFFFFFFFFFFFF000017
:10D72000010041534349490000000000000000008F
:10D7300000000000000000000000000000000000E9
:10D740000000415343494900000000000000000070
:10D7500000000000000000000000000000000000C9
:10D76000000000000000000000000000E41300249E
:10D77000E4130024EC130024EC130024F41300241D
:10D78000F4130024FC130024FC13002404140024CC
:10D79000041400240C1400240C1400241414002479
:10D7A000141400241C1400241C1400242414002429
:10D7B000241400242C1400242C14002434140024D9
:10D7C000341400243C1400243C1400244414002489
:10D7D000441400244C1400244C1400245414002439
:10D7E000541400245C1400245C14002464140024E9
:10D7F000641400246C1400246C1400247414002499
:10D80000741400247C1400247C1400248414002448
:10D81000841400248C1400248C14002494140024F8
:10D82000941400249C1400249C140024A4140024A8
:10D83000A4140024AC140024AC140024B414002458
:10D84000B4140024BC140024BC140024C414002408
:10D85000C4140024CC140024CC140024D4140024B8
:10D86000D4140024DC140024DC140024E414002468
:10D87000E4140024EC140024EC140024F414002418
:10D88000F4140024FC140024FC14002404150024C7
:10D89000041500240C1500240C1500241415002474
:10D8A000141500241C1500241C1500242415002424
:10D8B000241500242C1500242C15002434150024D4
:10D8C000341500243C1500243C1500244415002484
:10D8D000441500244C1500244C1500245415002434
:10D8E000541500245C1500245C15002464150024E4
:10D8F000641500246C1500246C1500247415002494
:10D90000741500247C1500247C1500248415002443
:10D91000841500248C1500248C15002494150024F3
:10D92000941500249C1500249C150024A4150024A3
:10D93000A4150024AC150024AC150024B415002453
:10D94000B4150024BC150024BC150024C415002403
:10D95000C4150024CC150024CC150024D4150024B3
:10D96000D4150024DC150024DC150024E415002463
:10D97000E4150024EC150024EC150024F415002413
:10D98000F4150024FC150024FC15002404160024C2
:10D99000041600240C1600240C160024141600246F
:10D9A000141600241C1600241C160024241600241F
:10D9B000241600242C1600242C16002434160024CF
:10D9C000341600243C1600243C160024441600247F
:10D9D000441600244C1600244C160024541600242F
:10D9E000541600245C1600245C16002464160024DF
:10D9F000641600246C1600246C160024741600248F
:10DA0000741600247C1600247C160024841600243E
:10DA1000841600248C1600248C16002494160024EE
:10DA2000941600249C1600249C160024A41600249E
:10DA3000A4160024AC160024AC160024B41600244E
:10DA4000B4160024BC160024BC160024C4160024FE
:10DA5000C4160024CC160024CC160024D4160024AE
:10DA6000D4160024DC160024DC160024E41600245E
:10DA7000E4160024EC160024EC160024F41600240E
:10DA8000F4160024FC160024FC16002404170024BD
:10DA9000041700240C1700240C170024141700246A
:10DAA000141700241C1700241C170024241700241A
:10DAB000241700242C1700242C17002434170024CA
:10DAC000341700243C1700243C170024441700247A
:10DAD000441700244C1700244C170024541700242A
:10DAE000541700245C1700245C17002464170024DA
:10DAF000641700246C1700246C170024741700248A
:10DB0000741700247C1700247C1700248417002439
:10DB1000841700248C1700248C17002494170024E9
:10DB2000941700249C1700249C170024A417002499
:10DB3000A4170024AC170024AC170024B417002449
:10DB4000B4170024BC170024BC170024C4170024F9
:10DB5000C4170024CC170024CC170024D4170024A9
:10DB6000D4170024DC170024DC170024FFFFFFFF7C
:10DB70000000020000000000BD020408C90B0408F8
:10DB80008D0D04086910040899100408ED110408AB
:10DB90007D13040859180408192204085D36040886
:10DBA000613804086D3A0408556404088D6404085B
:10DBB0005566040815F004087DDD05080000000026
:08DBC0009902040800000000B6
:00000001FF
