:020000040804EE
:100000000000082451D605089DD605089112050860
:10001000971205089D120508A312050800000000AC
:1000200000000000000000000000000059910408DA
:100030009DD6050800000000F3910408039204080F
:100040009DD605089DD605089DD605089DD60508B0
:100050009DD605089DD605089DD605089DD60508A0
:100060009DD605089DD605089DD605089DD6050890
:100070009DD605089DD605089DD605089DD6050880
:100080009DD605089DD605089DD6050855E50508A9
:1000900065E5050861E5050871E505089DD60508D3
:1000A0009DD605089DD605089DD605089DD6050850
:1000B0009DD605089DD605089DD605089DD6050840
:1000C0009DD605089DD605089DD605089DD6050830
:1000D0009DD605089DD605089DD605089DD6050820
:1000E0009DD605089DD60508000000009DD6050890
:1000F0009DD605089DD605089DD605089DD6050800
:100100009DD60508DDD305089DD605089DD60508B2
:100110009DD605089DD605089DD605089DD60508DF
:100120009DD605089DD605089DD605089DD60508CF
:100130009DD6050893C004089DD605089DD60508E0
:100140009DD605089DD605080000000000000000AF
:100150009DD605089DD605089DD605089DD605089F
:100160009DD605089DD605089DD605089DD605088F
:100170009DD605089DD605089DD6050800000000FF
:100180009DD605089DD605089DD605089DD605086F
:100190009DD605089DD605089DD605089DD605085F
:1001A0009DD605089DD605089DD605089DD605084F
:1001B0009DD605089DD605089DD605089DD605083F
:1001C0009DD605089DD605089DD605089DD605082F
:1001D0009DD605089DD605089DD605089DD605081F
:1001E0009DD605089DD605089DD605089DD605080F
:1001F0009DD605089DD605089DD605089DD60508FF
:100200009DD605089DD605089DD605089DD60508EE
:100210009DD605089DD605089DD605089DD60508DE
:100220009DD605089DD605089DD605089DD60508CE
:100230009DD605084DD605089DD605089DD605080E
:100240009DD605089DD605089DD605089DD60508AE
:100250009DD605089DD605089DD605089DD605089E
:100260009DD605089DD605089DD605089DD605088E
:100270009DD605089DD605089DD605089DD605087E
:100280009DD605089DD605089DD6050800000000EE
:100290009DD605089DD6050810B5054C237833B9C1
:1002A000044B13B10448AFF300800123237010BD49
:1002B00080180024000000003460070808B5034BD4
:1002C0001BB103490348AFF3008008BD00000000E4
:1002D0008418002434600708154B002B08BF134B0B
:1002E0009D46A3F5803A00218B460F461348144AD9
:1002F000121A26F0B5F80F4B002B00D098470E4B82
:10030000002B00D098470020002104000D000D486C
:10031000002802D00C4811F075FE25F089FB200062
:1003200029000BF02DF912F081F800BF0000080041
:100330000000082400000000DDB404088018002438
:10034000F016012405200508000000007047000099
:10035000094B30B51A46094CD3F89450A542FBD14D
:10036000036829B181680B604FF44073536130BD5D
:10037000C1681B04F7E700BF006402580003008057
:1003800038B5674D674B297849B2002900F0BA802B
:100390001A886549013292B21A801A8809889142F6
:1003A0002FD8624C002262481A80237883F0010320
:1003B00023702178FFF7CCFF237813B35D4B2A78A5
:1003C00019685D4841FA82F21A600178C9B12A7849
:1003D00052B2002A04DD594A19681268914207DABC
:1003E0002A7814060DD5554A19681268914208DC1E
:1003F000524A002112681A60297001704C48FFF7B8
:10040000A7FF4F4D4F4B297849B200297ED01A885B
:100410004D49013292B21A801A88098891422FD828
:100420004A4C00224A481A80237883F00103237043
:100430002178FFF78DFF237813B3464B2A7819688C
:10044000454841FA82F21A600178C9B12A7852B25D
:10045000002A04DD414A19681268914207DA2A78B5
:1004600011060DD53D4A19681268914208DC3B4AD5
:10047000002112681A60297001703548FFF768FF83
:10048000374C384B217849B2002943D01A88364975
:10049000013292B21A801A88098891423ED8334DAF
:1004A000002233481A802B7883F001032B702978BF
:1004B000FFF74EFF2B78002B30D02E4B2278196897
:1004C0002D4841FA82F21A60017839B3227852B28B
:1004D000002A04DD294A19681268914207DA227855
:1004E00012061BD5254A19681268914216DC234A68
:1004F000002112681A60217001701D48BDE8384063
:10050000FFF726BF1980094B197077E719800F4B49
:100510001970B2E71980154B1970EEE738BD00BFAE
:10052000001A00243819002404000024721A002440
:10053000E01F0024641A0024181A0024141A00244E
:10054000011A00243A19002406000024731A00241A
:10055000A81F0024681A0024241A0024201A00244A
:10056000021A00243C19002408000024741A0024F4
:10057000701F00246C1A0024301A00242C1A002446
:100580000B6803604B6843608B68836070470C3076
:10059000704708B5FFF7FBFF0023036008BDC36881
:1005A0000BB19B68184770470144002310B588427F
:1005B0000FD010F8014B08225C406300013A24067A
:1005C000DBB248BF83F0070312F0FF021C46F4D1F0
:1005D000EDE7184610BD000072B6024B186862B60F
:1005E000704700BF641A002472B6024B186862B6E6
:1005F000704700BF681A002472B6024B186862B6D2
:10060000704700BF6C1A002472B6024B186062B6C5
:10061000704700BF641A002472B6024B186062B6BD
:10062000704700BF681A002472B6024B186062B6A9
:10063000704700BF6C1A002472B6024B1878C0B223
:1006400062B67047181A002472B6024B1878C0B20E
:1006500062B67047241A002472B6024B1878C0B2F2
:1006600062B67047301A002472B60D4B1B78A3B9DE
:100670000C4B1B788BB90C4B1B7873B90B4B1B784D
:1006800003F0FF003BB90A4B1B7803F0FF0013B9DE
:10069000084B1878C0B262B670470120FBE700BF74
:1006A000001A0024011A0024021A0024181A002437
:1006B000241A0024301A002410B51C4C05212046B1
:1006C00005F0AEFAB0FA80F0194B08214009187015
:1006D000204605F0A5FAB0FA80F0164B0421400937
:1006E0001870204605F09CFAB0FA80F0124B0221F7
:1006F00040091870204605F093FAB0FA80F00F4BCD
:10070000012140091870204605F08AFAB0FA80F0FD
:100710000B4B002140091870204605F081FAB0FA11
:1007200080F0084B4009187010BD00BFFC1E00246B
:10073000A4190024A5190024A7190024A61900242F
:10074000A8190024A91900240B4B1B7813B10B4BDB
:100750001B786BB90A4B1B7813B10A4B1B783BB95A
:10076000094B1B7833B1094B187880F001007047B2
:100770000020704701207047A4190024A519002407
:10078000A6190024A7190024A9190024A8190024D7
:10079000084B187868B9084B187850B9074B187887
:1007A00038B9074B187820B9064B187808B9064BAA
:1007B00018787047A4190024A5190024A61900244C
:1007C000A7190024A9190024A819002472B6002131
:1007D000054B1970054B1970054B1980054B1970A5
:1007E00062B60548FFF7B4BD001A0024181A0024A9
:1007F00038190024721A0024E01F002472B6002168
:10080000054B1970054B1970054B1980054B197074
:1008100062B60548FFF79CBD011A0024241A002483
:100820003A190024731A0024A81F002472B600216C
:10083000054B1970054B1970054B1980054B197044
:1008400062B60548FFF784BD021A0024301A00245E
:100850003C190024741A0024701F002408B5FFF707
:10086000B5FFFFF7CBFFBDE80840FFF7DFBF000093
:100870002DE9F0418846054618B9BDE8F041FFF77B
:10088000A5BF72B6144C154E2278154F52B2824253
:1008900007D133782BB93B88994202D162B6BDE8C3
:1008A000F08162B6FFF792FF962008F01BFB002D47
:1008B0000C48D4BF00210121FFF74AFD0A2008F0AF
:1008C00011FB72B60023084AA7F800801380074A7C
:1008D000137033702570E1E7001A0024181A002401
:1008E00004000024FC1F002438190024721A00247C
:1008F0002DE9F0418846054618B9BDE8F041FFF7FB
:100900007DBF72B6144C154E2278154F52B28242FA
:1009100007D133782BB93B88994202D162B6BDE842
:10092000F08162B6FFF76AFF962008F0DBFA002D2F
:100930000C48D4BF00210121FFF70AFD0A2008F06E
:10094000D1FA72B60023084AA7F800801380074A3C
:10095000137033702570E1E7011A0024241A002473
:1009600006000024C41F00243A190024731A00242E
:100970002DE9F0418846054618B9BDE8F041FFF77A
:1009800055BF72B6144C154E2278154F52B28242A2
:1009900007D133782BB93B88994202D162B6BDE8C2
:1009A000F08162B6FFF742FF962008F09BFA002D17
:1009B0000C48CCBF00210121FFF7CAFC0A2008F037
:1009C00091FA72B60023084AA7F800801380074AFC
:1009D000137033702570E1E7021A0024301A0024E6
:1009E000080000248C1F00243C190024741A0024E1
:1009F00070B505460E46FFF7EFFDA84203D1BDE8EE
:100A00007040FFF7E3BEACBF4FF0FF340124FFF7A7
:100A1000DDFE962008F066FA631E0C4859425941E3
:100A2000FFF796FC0A2008F05DFA72B6084B012227
:100A30001D60084B1A70084B084A1E800023138063
:100A4000074A1370074B1C7062B670BDFC1F002470
:100A5000141A0024181A0024040000243819002451
:100A6000721A0024001A002470B505460E46FFF7DE
:100A7000BBFDA84203D1BDE87040FFF7BFBEACBFCD
:100A80004FF0FF340124FFF7B9FE962008F02AFA50
:100A9000631E0C4859425941FFF75AFC0A2008F0DE
:100AA00021FA72B6084B01221D60084B1A70084BE0
:100AB000084A1E8000231380074A1370074B1C70DE
:100AC00062B670BDC41F0024201A0024241A00241A
:100AD000060000243A190024731A0024011A002485
:100AE00070B505460E46FFF787FDA84203D1BDE865
:100AF0007040FFF79BBEACBF4FF0FF340124FFF7FF
:100B000095FE962008F0EEF914F1FF310C4818BF5D
:100B10000121FFF71DFC0A2008F0E4F972B6094B29
:100B200001221D60084B1A70084B094A1E800023E1
:100B30001380084A1370084B1C7062B670BD00BF6A
:100B40008C1F00242C1A0024301A002408000024D2
:100B50003C190024741A0024021A002410B51C4CFD
:100B6000227852B2002A04DD1A4B1B780BB1FFF732
:100B70002DFE2378190604D5174B1B780BB1FFF710
:100B800025FE164C227852B2002A04DD144B1B7845
:100B90000BB1FFF733FE23781A0604D5114B1B78EF
:100BA0000BB1FFF72BFE104C227852B2002A04DD65
:100BB0000E4B1B780BB1FFF739FE23781B0606D5C9
:100BC0000B4B1B781BB1BDE81040FFF72FBE10BDCB
:100BD000001A0024A4190024A5190024011A0024D5
:100BE000A6190024A7190024021A0024A919002418
:100BF000A81900240A4BD3ED007AF5EEC07AF1EE85
:100C000010FA0ADD074BD3ED007AF5EEC07AF1EE6B
:100C100010FACCBF0120002070470020704700BFB1
:100C20005C1A0024601A00240C4AD2ED007AF5EE1A
:100C3000C07A08B5F1EE10FA0CDDFFF7CDFC07EE37
:100C4000900A92ED007AF8EEE76AC6EE877A17EE20
:100C5000900A08BDDFED027AF9E700BF5C1A0024B4
:100C6000000000000C4AD2ED007AF5EEC07A08B51B
:100C7000F1EE10FA0CDDFFF7B7FC07EE900A92EDEB
:100C8000007AF8EEE76AC6EE877A17EE900A08BD9A
:100C9000DFED027AF9E700BF601A002400000000CF
:100CA0000A4BD3ED006AF5EEC06AF1EE10FAC9BF47
:100CB000074B9FED087AD3ED007AF8EEE77AC8BFCC
:100CC00087EEA67A17EE100A704700BF5C1A002460
:100CD000781A0024000000000A4BD3ED006AF5EEFC
:100CE000C06AF1EE10FAC9BF074B9FED087AD3ED49
:100CF000007AF8EEE77AC8BF87EEA67A17EE100AF8
:100D0000704700BF601A00247C1A00240000000015
:100D1000034B1868022390FBF3F3C01A704700BF1F
:100D2000781A0024034B1868022390FBF3F3C01ACF
:100D3000704700BF7C1A0024034B1868022390FB05
:100D4000F3F3C01A704700BF801A002408B50B4B9C
:100D50000246187878B10A4B1B68002B0CDD022183
:100D600093FBF1F35B42934206DCFFF7E5FF82421F
:100D7000CCBF0020012008BD0020FCE71E19002484
:100D8000801A0024254B37B51A68254D002A254CBA
:100D900003DD254B1B68002B09DC00232349244875
:100DA0002B60236007F098FD002003B030BD07EEF4
:100DB000902ADFED206A2049F8EEE77A1C4887EE9A
:100DC000A67A07EE903ADFED1D6AF8EEE77A85ED38
:100DD000007A87EEA67A84ED007A07F066FDD5EDFD
:100DE000007A06251248B7EEE77A009553EC172BE8
:100DF00007F09AFE12490E4807F057FDD4ED007A2D
:100E00000095B7EEE77A0A4853EC172B07F08CFEF3
:100E10000C49074807F060FD0120C6E7781A002456
:100E20005C1A0024601A00247C1A00246DF5060860
:100E30003C3200240000DF43A0F506080000A84370
:100E4000B0F50608BEF506082DE9F0432DED028B3E
:100E500008EE900ADFED497A83B008EE101AF0EE42
:100E6000E86A07EE102A1F460C9DF4EE676AF1EE61
:100E700010FA0DD8F0EEC86AF4EE676AF1EE10FAD7
:100E800006D8B0EEC77AB4EE677AF1EE10FA04D95C
:100E90003B493C4807F020FD66E03B4B1B78002BAC
:100EA00069D0FFF7A7FE0446002864D0374EDFF86C
:100EB000F480D6ED007A68EEA77A17EE900A23F058
:100EC000E7FDD8ED007A386068EE277A17EE900AD1
:100ED00023F0DEFDD6ED007A286077EEA77A17EED4
:100EE000900A23F0D5FDD8ED007A06464FF00208AF
:100EF00077EEA77A17EE900A23F0CAFD244B01463D
:100F00001A6892FBF8F2B21AFFF702FF8146FFF768
:100F100009FF3B689A420EDCA9EB06069E420ADBFB
:100F20001C4B2A681B6893FBF8F3CB1A934202DC34
:100F3000401A904219DA18490224124807F0B5FC09
:100F4000B7EEE87A00940F4853EC172B07F0ECFD4E
:100F500012490C4807F0A9FCB7EEC87A009409487A
:100F600053EC172B07F0E2FD0024204603B0BDEC44
:100F7000028BBDE8F0830A498BE700BFFFFF7F7F4C
:100F8000B9FE06083C3200241D1900245C1A002416
:100F9000781A00247C1A0024E0FE060841EA0608BC
:100FA00009FF0608601A002406EE900A9FED187AE1
:100FB00006EE101AF0EEE67AF4EE477AF1EE10FA49
:100FC00001D900207047F0EEC67AF4EE477AF1EED0
:100FD00010FAF6D8DFED0F7A77EEE66A77EEC67A8A
:100FE000C2ED006AC3ED007AD2ED006AF0EEE66A67
:100FF000F4EE476AF1EE10FAE3D8F0EEE77AF4EE99
:10100000477AF1EE10FA94BF01200020704700BF2C
:10101000FFFF7F7F0000000008B50F4B1B780BB966
:10102000002008BD0D4B1B78002BF9D0FFF7D4FA38
:101030000028F5D1FFF7D8FA0028F1D1FFF7DCFA44
:101040000028EDD1FFF710FB0028E9D1044B1878F8
:1010500080F00100E5E700BF1D1900241E190024DF
:10106000031A00242DE9F0412DED048B84B01F46B6
:10107000002509EE100A03AB08EE901A08EE102ABC
:10108000009302ABCDE90255FFF7DEFE06460028CD
:1010900063D0FFF7E3FB364A029982ED009A354AA6
:1010A000354BC2ED008A354A98461D7082ED008AA4
:1010B000334A344B1160344A0399344C116034493B
:1010C0003448022F18BF1946257007F0EEFBB7EE23
:1010D000C97A02252F4853EC172B009507F024FD01
:1010E0002D492C4807F0E1FBB7EEE87A0095294836
:1010F00053EC172B07F018FD2849264807F0D5FBBD
:10110000B7EEC87A0095234853EC172B07F00CFD77
:101110002349204807F0E0FB01210298FFF768FC13
:1011200001210398FFF7A0FCFFF786FA10B9FFF73B
:101130008BFAC0B101233846237088F8000007F00D
:10114000B1FE184B186023787BB91749174B11482B
:10115000022F18BF194607F0BFFB304604B0BDECA4
:10116000048BBDE8F0812070E7E71E46F5E700BF7D
:101170001C1A0024281A0024701A0024341A00248F
:101180000C1A0024E0E90608101A0024031A0024AF
:10119000CDE906083C3200243DEA060845EA060887
:1011A0004DEA06088C190024F2E9060818EA060838
:1011B000F8B5104C05460F462678FFF74FFB002385
:1011C0000D4A237013700FB10C4A1370022E07D111
:1011D0000B4B1B8823B10B4A138003220A4B1A7056
:1011E0000A490B4807F061FB29460948BDE8F84069
:1011F00007F086BB701A0024031A00241D1900246E
:10120000941A00249C180024221900243B0007088B
:101210003C320024044B1B781B2B9ABF034A52F824
:1012200023000348704700BF7119002490E80608A6
:101230006FEE0608094B10B5094C187007F032FE26
:10124000084B09491860204607F02FFBFFF7E2FF23
:1012500001462046BDE8104007F052BB711900243A
:101260003C3200248819002443F0060808B5FFF733
:10127000F5FA0023104A11491370114A11481370EE
:10128000114A1370114A137000220A6010490A6053
:10129000104A11491360114A1360114A1360114A30
:1012A0001370114B114A1A6007F016FB0120BDE8BC
:1012B0000840FFF7BFBF00BF031A00245C1A0024D8
:1012C000701A00243C3200241D1900241E19002429
:1012D000601A0024781A0024AAF206087C1A002456
:1012E000801A002478190024100000241021070817
:1012F000034B1B780E2B9ABF024AD05C0A20704722
:101300006619002400E90608034B1B780C2B9ABFD2
:10131000024AD05C08207047551900240FE90608DE
:1013200008B50D4B1B780BB9002008BD0B4B1B7883
:10133000002BF9D007F0B6FD094B1B68C01A9628A0
:10134000F2D807F0AFFD074B1B68C01A96288CBF78
:1013500000200120E9E700BF6A190024981A002440
:10136000D41A0024BC1A0024024B987900F0010022
:10137000704700BF391A0024024B1878C0F3C00030
:10138000704700BF72190024024B1878C0F3001098
:10139000704700BF72190024024B1878C0F3401048
:1013A000704700BF72190024024B1878C0F38010F8
:1013B000704700BF7219002408B5FFF7DDFF98B130
:1013C000FFF7E2FF80B1FFF7E7FF68B1084B1B783A
:1013D000072B0AD1074B93F90030002B05DB064B96
:1013E0001878B0FA80F0400908BD0020FCE700BF83
:1013F0006419002472190024541900242DE9F04FB7
:101400002DED028B87B007F04DFDAC4A0546136801
:101410009046C41A092C40F21981002BC8F800002C
:10142000A74808BF0A2404F0DEFA0746A44804F0DF
:10143000DDFA0646A24804F0D3FAA24BA24A18608D
:101440000120A2491070A2480B68D0ED006AFB1A77
:10145000F5EEC06AF1EE10FA0ADDF0EEE67A9FEDE5
:101460009D7AF4EE477AF1EE10FA9CBF03201070DB
:101470009948DFF8B0C2D0F800E08146BEF1000F15
:1014800000F0E980107840F0040A82F800A0002BF8
:1014900040F0EA80A5EB0E05B5F5FA7F00F2DE809C
:1014A000DCED007A40F00C03F5EEC07A1370F1EE3B
:1014B00010FA46DD40F01C00107042E0F0EE467A73
:1014C00030E007EE903A9FED855A07EE104A844BC4
:1014D000F8EEE77AB8EE477A93F9003027EE856A9E
:1014E00066EEA77AC6EE075A06EE103AB8EEC66A5E
:1014F00066EE277A67EE857A87EE876A794BC3EDC9
:10150000005AD8F80030AB4202D1BEF1000FD5D05E
:10151000DFED757ADCED006A66EE277A9FED737A6F
:10152000E6EE877AB5EEC06A1378CCED007AC9F89A
:101530000050F1EE10FAD4BF43F00C0343F01C034B
:1015400013706B4B6B4A1F606B4B0F601E601388F0
:1015500001331380694B1A689846B24276D0684BC3
:10156000684A19789946DFF8C0B1DFF8C0A10029B0
:1015700035D01368F31A32D0DBF80040002BA7EB0C
:101580000404B8BF5B422046E11708EE103A002879
:1015900071F10003CDE9020104DA434261EB410439
:1015A000CDE90234DDE90201059222F0D5F8B8EE6A
:1015B000487A07EE900A544918EE102AC7EE877A47
:1015C0000B681344059A0B60504BDDE90245D3E9E3
:1015D000000124184D41C3E90045CAED007A0123FA
:1015E0004B494C4889F800301660CBF8007007F082
:1015F0005CF90A223146474807F0CBF9464945488D
:1016000007F053F90A223946424807F0A0F9DAED0B
:10161000007AF5EEC07AF1EE10FA12DD3F493D484E
:1016200007F043F9DAED007A02233A48B7EEE77A99
:10163000009353EC172B07F077FA3949354807F038
:1016400034F9344807F042F9C8F8006007B0BDEC3F
:10165000028BBDE8F08F002B7FF433AF0023214ACB
:10166000CCF8003013606CE707EE903A1C4BDFEDCE
:101670001B5A07EE104A93F90030F8EEE77AB8EEFD
:10168000477A06EE103A174B66EEA76AB8EEC66ABE
:1016900067EEA57A66EE266A66EEA56AC7EE875AF9
:1016A000DFED117A86EE876A93ED007A65EEA75A30
:1016B000DFED0E7AE7EE275A20E700BFB41A0024C8
:1016C00070200024C81A002465190024C41A0024BC
:1016D0000C000024FFFF7F7FD81A002400007A440A
:1016E0001A00002474190024CDCC4C3ECDCC4C3FC4
:1016F0002C190024921A00248C1A0024CC1A0024DD
:10170000841A00247C190024941900244019002410
:1017100024F006083C320024FFF206083AF00608DE
:1017200096ED0608E81A002430190024B01A0024A7
:101730000E4B1878C0B10E4BD3ED007AF5EEC07A9F
:10174000F1EE10FA0FDD0B4BD3ED007AF5EEC07A17
:10175000F1EE10FA07DD084B187800F02300C31EE5
:101760005842584170470020704700BF1C190024A0
:10177000F01A00240C0000246519002438B50C4C24
:101780000546207007F08EFB606007F08BFB094B6D
:10179000A0601B680849C4E90333084C204607F0E1
:1017A00084F8294620460A22BDE8384007F016B9D9
:1017B000F41800242C190024270007083C320024C8
:1017C00038B500220D4B0E4C05461A7000230D4A09
:1017D00013600D4A13600D4B58620520FFF7CEFFD2
:1017E0000B49204607F061F82946204607F088F8A3
:1017F00020460849BDE8384007F06EB81C1900249F
:101800003C320024F01A0024EC1A0024F4180024BE
:10181000C8F50608DBF5060837B5254C2822002157
:101820000125204624F01CFE07F03CFB606007F019
:1018300039FB204B0022A0601B681F49C4E9033319
:101840004FF0FF43A3611D4B63621D4B1D4C1A708B
:1018500000231D4A204613601C4A13601C4B1D7058
:1018600007F03AF81B49204607F036F81A49204697
:1018700007F01BF80022194B2046009507F054F999
:101880001749204607F011F8164B2046D3ED007A91
:101890000923B7EEE77A009353EC172B07F044F9CE
:1018A0001149204603B0BDE8304007F015B800BF2D
:1018B000F41800242C19002455F9060810210708F3
:1018C0001C1900243C320024F01A0024EC1A0024D5
:1018D0001A00002490F90608D4F9060800002E40EA
:1018E000F1F906080C00002403FA0608044B1878E6
:1018F00000F01800A0F1180358425841704700BF8B
:101900006519002410B5C3790133DBB2022B22D84C
:10191000037A0133DBB2022B1DD8427A0132D2B2F4
:10192000022A8CBF00220122C37A817AB42B14D8F8
:10193000037BB42B8CBF00230123447BC07C72B19A
:1019400011F0F8010BD123B1082C0AD8B0FA80F3BA
:101950005B09184610BD0022E6E70023EDE70023EF
:10196000F7E70B46F5E70000764AF8B5137804462A
:101970008188754D88B2754E754F002B40F0B3804D
:101980002980012173481170734A74491380744A85
:1019900033701370734A138006F087FF0A22298878
:1019A0006C4806F0F8FF3278E37812B13A789A4240
:1019B00006D03B700123337007F074FA6A4B18604D
:1019C00023466A4A04F1200153F8040B8B4242F883
:1019D000040BF9D1E279664BA1791A70227A654B32
:1019E00065481A70627A654B654D1A70C1F3400202
:1019F000644B654F1A70E27A644B1A70227B644B19
:101A00001A70A37A03F00102C3F3800603F0020CFC
:101A10002E70027003F004005E4DC3F340032B7080
:101A200032B13D7825B95C4D4FF0010E85F800E0EC
:101A30005A4D30B1287820B959484FF0010E80F83E
:101A400000E05848BCF1000F0AD090F800C0BCF18B
:101A5000000F05D1DFF898C14FF0010E8CF800E0BF
:101A60003A700370627B504B2E701A70A27B4F4B02
:101A70001A704F4B228A1970A37C1B0403F4702345
:101A800013434C4A03F01F011170C3F3441151700A
:101A9000C3F38421DB0B9170D370227D464B1A7007
:101AA000A27D637D43EA0223444A1380227EE37DC4
:101AB00043EA0223424A1380A27E637E43EA022362
:101AC000404A1380404BD4F81B201A6001233F4A40
:101AD00013703F4A137007F0E5F93E4B002218607F
:101AE0003D4B1A70F8BD2B8883423FF45CAF3B49F5
:101AF000184806F0DAFE0A222988164806F049FF3F
:101B00003749144806F0D1FE0A22A188114806F090
:101B100042FF62792379012143EA0223314A2B8073
:101B2000002311700C4A337013800D4A13700D4A54
:101B300013802D4B1B781BB12C48FFF739FB32E784
:101B4000E37836E79C1A00249A1A0024981A002495
:101B5000B81A00243C3200249C18002436F20608EF
:101B600022190024941A0024BC1A0024391A0024D3
:101B70009819002499190024F01800249A190024B7
:101B8000EC180024F2180024F11800241900002495
:101B900018000024EE18002469190024ED18002410
:101BA00067190024EF180024641900245419002434
:101BB00072190024041A002421190024081A002490
:101BC0000A1A0024961A0024341900246A190024E1
:101BD000711A0024D41A00247019002452F2060845
:101BE0009FF206081F190024031A002470F2060849
:101BF0006819002438B5264B1C78264B1B780BB18E
:101C000044F00204FFF708FA08B144F00404224D3E
:101C10002B7803F0FB03092B08BF44F00804FEF700
:101C200023FD78B91D4B1B7863B91D4B1B78013B15
:101C3000182B07D92B780D2B06D11A4B1B781BB10B
:101C4000072B01D044F010042B78174A0C2B127884
:101C500008BF44F020041AB10C2B18BF44F0400414
:101C6000FFF75EFB88B12B780C2B0ED0043BDBB268
:101C7000092B05D840F2712222FA03F3DB0702D4C4
:101C8000064B1B780BB144F08004204638BD00BFE2
:101C90001D1900241E19002466190024031A0024AB
:101CA00071190024A01800242019002408B5114B34
:101CB0001A78114B1B780BB142F002020F4B1B78C4
:101CC0000BB142F004020E4B1B780BB142F008023C
:101CD0000C4B1B780BB142F010020B4B1B780BB175
:101CE00042F02002FEF730FD08B142F040021046FB
:101CF00008BD00BFA4190024A5190024A6190024BA
:101D0000A7190024A9190024A81900240000000024
:101D100010B520220021044624F0A2FBFFF7E8FAC8
:101D2000554BE0701B782371544B1B780D2B7CD1E5
:101D3000534B1B786371FFF75DFFA071FFF7B6FF90
:101D4000E07172B64F4B504A1B7850495BB2127823
:101D50000878002B52B240B26CDC6DD1002A59B227
:101D60006CDC6DD11346002841EA83026ADC6BD13A
:101D7000034642EA0313237262B6FFF7C5FA444BE7
:101D800060721B78A372434B1B78E372424B1B8833
:101D9000A381424B1B78A373414B1B68C4F80F30DF
:101DA000404B93ED007A9FED2E6BB7EEC77A27EE8E
:101DB000067B9FED2D6BB4EEC67BF1EE10FA45D499
:101DC0009FED2B6BB4EEC67BF1EE10FA41DCFDEE1D
:101DD000C77B17EE903AC4F81330334BD3ED007A3B
:101DE000F5EEC07AF1EE10FA36DD9FED307A67EE4F
:101DF000877A17EE900A22F04BFE2D4B1F21C4F874
:101E0000170020461B88A4F81B302A4B1B786377E9
:101E1000294B1B78A377A723237005236370202306
:101E2000A370FEF7C1FBE07710BD0E2B0CBF234B58
:101E3000234B7EE7012391E702238FE7012392E7FB
:101E4000022390E7012394E7022392E74FF0004337
:101E5000C1E76FF00043BEE70020CEE7AFF300809C
:101E60000000000080842E41000000000000E0C15E
:101E70000000C0FFFFFFDF41381A0024661900246C
:101E8000A0180024001A0024011A0024021A0024B9
:101E900023190024901A00249C18002422190024DD
:101EA0002C190024E81A00240C0000240024744992
:101EB000921A0024651900241A000024F418002442
:101EC0007119002473B504460E469448944906F0EF
:101ED000ECFC06F0E7FF0A220146904806F06FFD91
:101EE00090498E4806F0E1FC8F4B197809B18F4B71
:101EF00019880A22894806F04CFD8D49874806F06A
:101F0000D4FC214685488B4C06F0D8FC8A4983488E
:101F100006F0CBFCE18909B9884B19880A227F4871
:101F200006F037FD86497D4806F0BFFC854B0A2246
:101F30007A48198806F02DFD8349784806F0B5FCEB
:101F4000824B0A227548196806F001FD80497348E2
:101F500006F0ABFCE389002B00F0DD80E1690A228A
:101F60006E4806F0F4FC7B496C4806F09EFC0A22A1
:101F700021786A4806F030FD7749684806F095FCFC
:101F8000217C09B9754B19780A22644806F024FDB2
:101F900073496248032506F088FCFEF745FE07EE0C
:101FA000900A0095B7EEE77A5C4853EC172B06F0E1
:101FB000BBFD6C49594806F078FCFEF753FE07EE6E
:101FC000900A0095B7EEE77A544853EC172B06F0C9
:101FD000ABFD6549514806F068FCFEF70DFB0A228F
:101FE00001464E4806F0B3FC60494C4806F05DFCE3
:101FF000D4ED087A4948B7EEE77A009553EC172BF1
:1020000006F092FD5A49454806F04FFCD4ED097A96
:102010004248B7EEE77A009553EC172B06F084FDA3
:1020200054493E4806F041FCD4ED127A3B48B7EEE5
:10203000E77A009553EC172B06F076FD4E493748AA
:1020400006F033FCD4ED117A3448B7EEE77A009508
:1020500053EC172B06F068FD4849304806F025FC84
:10206000474B2E48D3ED007A0095B7EEE77A53EC54
:10207000172B06F059FD4349284806F016FC424B41
:102080000A222648197849B206F083FC3F492348C2
:1020900006F00BFC3E4B0A222048197849B206F0A4
:1020A00078FC3C491D4806F000FC3B4B0A221B48CB
:1020B000197849B206F06DFC3849184806F0F5FB6E
:1020C000374B0A221548198806F063FC3549134836
:1020D00006F0EBFB344B0A221048197806F07CFC22
:1020E00032490E4806F0E1FB314B0A220B481978C1
:1020F00006F072FC4EB133783BB12E49074806F02A
:10210000D4FB3146054806F0D9FB044802B0BDE8CF
:10211000704006F0DBBB284B196820E73C320024F6
:102120000EFA06081AFA06089C1A00249A1A0024C5
:1021300024FA0608A01800242CFA0608961A00248F
:1021400032FA0608921A00243BFA06082C190024D9
:1021500041FA06084BFA060853FA0608211900242A
:102160005BFA060863FA06086BFA060875FA0608B1
:1021700080FA06088BFA060895FA06089FFA060800
:10218000E81A0024A5FA0608001A0024ADFA060889
:10219000011A0024B5FA0608021A0024BDFA06083E
:1021A0009C180024C3FA060822190024CEFA060857
:1021B00055190024D6FA06083419002401460148AE
:1021C000FFF780BE32F2060808B5094B1B780D2BCD
:1021D0000DD106F067FE074A1368C31A312B06D9E2
:1021E000106005490548BDE80840FFF76BBE08BD13
:1021F00066190024D01A0024102107085700070888
:1022000038B5104C0022104D2378287001330F4947
:102210000F4813F0FF0308BF012323700D4B1A7002
:1022200006F043FB0A222978094806F0D5FB0A4943
:10223000074806F03AFB21780A220548BDE83840F5
:1022400006F0CCBB901A00242319002482F2060861
:102250003C3200248019002459FF060808B5FFF716
:102260005FF8002852D0364B1B78002B50D0FFF778
:102270007BF800284CD0FFF77FF800284AD0314B7C
:102280001B78072B46D1304B1B78002B42D1FFF730
:102290007BF8002840D0FFF77FF800283ED02B4B7A
:1022A0001B78002B3CD0FEF7A5FC002838D0284B2B
:1022B0001B78002B36D0FEF7AFFE002834D0FEF797
:1022C000D3F9002832D1234B1B787BBB224B1B78E0
:1022D00073B3224B1B786BB3214BD3ED007AF5EE31
:1022E000C07AF1EE10FA25D91E4B1B781B2B23D098
:1022F0001D4B1B681B78FBB9FEF726FAF0B1FEF701
:1023000047FA002814BF0D20002008BD0120FCE77B
:102310000220FAE70320F8E70420F6E70520F4E7B7
:102320000620F2E70720F0E70820EEE70920ECE7B7
:102330000A20EAE70B20E8E70C20E6E70D20E4E7B7
:10234000711A002464190024541900241D19002452
:102350001E190024031A0024F21800241C1900245A
:10236000F01A0024711900241000002438B5144B11
:10237000022205460C461880124B13491A7000229F
:10238000124B13481A8006F090FA0A222946104888
:1023900006F0FFFA0F490E4806F087FA21460C486E
:1023A00006F0AEFA0C4B1B780D2B08D121460B48DA
:1023B000FFF788FD0A48BDE83840FFF7FFBE38BD8B
:1023C0009C1800242219002429FF0608941A0024CE
:1023D0003C32002465FF0608661900246EFF0608DB
:1023E00075FF060838B50E4D0446287006F05AFDF4
:1023F000002368600B490C48AB6006F056FA082CC5
:10240000094896BF094B0A4C53F82440214606F070
:1024100077FA21460748BDE83840FFF753BD00BFB3
:10242000A018002491F206083C32002454E9060862
:102430006FEE0608A4F2060810B5094C4C220021E4
:10244000204624F00DF806F02DFD6060FEF70AFC32
:10245000044BA0621B68E36206F024FD206310BDFC
:10246000A01800242C19002470B5334E044635788A
:10247000854239D00D2D05D10D2803D02F49304884
:10248000FFF720FD347006F00DFD2E4B2E4918602D
:102490002E4B2F481A782F4B1A7006F006FAFEF7CB
:1024A00027FF0A2201462A4806F098FA0E2C17D870
:1024B000DFE804F026262608122626262626120BFA
:1024C000262E1B00244B00221A70FEF7C7F90220AB
:1024D000BDE87040FFF794BEFEF7C0F9FEF7C6FEF8
:1024E0000D2D01D00D2C1ED070BDFEF7B7F90023C5
:1024F0001A4A13701A4ABDE870401370FFF78CB97E
:10250000FEF7ACF90023154A1370154A1370E7E77C
:10251000FEF7A4F90023114A1370114A1370FFF754
:102520008BFF0D2DE0D00F4B00220F490F481A6092
:10253000BDE87040FFF7C6BC661900246CEA0608C7
:1025400084EA06088419002490EA060899190024F0
:102550003C32002448190024F41A0024031A0024F1
:10256000701A0024D01A0024AAEA0608C2EA060853
:10257000F0B52DED028B83B0FEF770F9C04B1B78E0
:102580005BB9C049C04806F0A7F9052003B0BDEC0F
:10259000028BBDE8F040FFF767BFBC4C06F082FC41
:1025A0002378052B00F2C281DFE813F0060021003A
:1025B0004A005901C001B401B54B1A78002A00F055
:1025C000B58100221A70B34B1B781A0708D4B249A0
:1025D000AD4803B0BDEC028BBDE8F04006F07CB91D
:1025E000AE4B01206362FFF7C9F8AD49F0E76368BD
:1025F000C01AB0F5FA6FC0F09981AA4BE2681B6867
:102600009B1A03F11302262A07D8A74803B0BDEC92
:10261000028BBDE8F040FFF7D3B800224FF0FF4136
:1026200002209342E2612284CCBF01234FF0FF33AA
:10263000C4E9052184F82230FFF7A0F89B49C7E7D9
:10264000A268821AC72A15D9964B19682369CB1A32
:10265000002B28DC05D04FF0FF3594F92260AE4204
:1026600023D094F82130FF2B02D0013384F821309D
:10267000A06021616368C01A41F28733984240F23A
:102680005581884B1A68E368D31A03F16301C629A0
:1026900007D994F82010132903D994F8211001299F
:1026A00033D98348B2E70125D7E707EE903A9FED8B
:1026B000817A94F82030F8EEE77AF0EEE77A67EE68
:1026C000877A07EE102AB8EE477AC7EE876AD4ED0C
:1026D000057A77EEA67AC4ED057AD4ED067AF4EEA3
:1026E000E76AD4ED077AF1EE10FAF4EEE76A48BF34
:1026F000C4ED066AF1EE10FAC8BFC4ED076AFF2BFD
:102700001CBF013384F82030B2E707EE903AB8EEF0
:10271000E77ADFED687AB0EEC77A27EE277A07EE20
:10272000900AF8EE677A87EE278ADFED637AB4EED7
:10273000678AF1EE10FA00F29080B5EEC08AF1EEF1
:1027400010FA40F28A80DFED5D7A94ED067A68EE49
:10275000277AF4EEC77AF1EE10FA7EDCDFED587AD4
:1027600094ED077A68EE277AF4EEC77AF1EE10FA64
:1027700073D4002B534D5449CCBF01234FF0FF338A
:10278000524E2B70524B534FD3ED007A00233E48EC
:1027900068EE277A0B605049C6ED007A77EEA77A8B
:1027A0000B604E4B4E49C7ED007A1A6006F07DF87B
:1027B000D6ED007A02263448B7EEE77A009653EC5D
:1027C000172B06F0B1F947492F4806F06EF8D7ED00
:1027D000007A2D48B7EEE77A009653EC172B06F0F7
:1027E000A3F94149284806F060F80A2295F900103B
:1027F0000125254806F0CFF83C49234806F055F856
:10280000D4ED067A0095B7EEE77A1F4853EC172B04
:1028100006F08AF92F211C4806F054F8B7EEC87A62
:102820000095194853EC172B06F07EF92F21164816
:1028300006F048F8D4ED077A0095B7EEE77A12482B
:1028400053EC172B06F070F929490F4806F044F8AD
:102850000320FEF793FF2749BAE62748D6E60D4B3B
:102860001B781B074ED4254B012204201A70FEF75B
:1028700085FF2349044806F02FF8062086E600BFAE
:10288000F2180024E0FA06083C320024F418002470
:10289000691900246519002418FB0608102107088F
:1028A00054FB06082C1900247CFB0608A6FB06082E
:1028B000D3FB060800007A44FFFF7F7F6666663F11
:1028C000CDCC8C3F1A000024E81A0024F01A002412
:1028D0000C000024EC1A002474190024C41A0024EB
:1028E0003BFC06084CFC060864FC060872FC060863
:1028F00095FC0608A0FC06080EFC06081C1900241E
:10290000C2FC06086368C01A47F2305398420DD9DA
:1029100008487BE6084B1A7842B100221A7003B0CF
:10292000BDEC028BBDE8F040FEF776BF03B0BDEC16
:10293000028BF0BDEDFC06086919002438B5234B65
:102940001B7833B9FDF78AFF0520BDE83840FFF753
:102950008BBD1F4B1A782AB100221A70FDF77EFF3B
:102960000720F2E71B4B93F900001B4B002893F95B
:1029700000501A4B93F900401FDD194B1B78002BB8
:1029800018BF0020002D1BDD164B1B78002B18BF35
:102990000025002C17DD144B1B78002B18BF0024DA
:1029A0000121FDF765FF28460121FDF7A1FF204623
:1029B0000121BDE83840FDF7DBBFE3D00B4BDDE77D
:1029C000E7D00B4BE1E7EBD00A4BE5E7F218002428
:1029D0006819002498190024991900249A190024D0
:1029E000A4190024A6190024A9190024A51900245B
:1029F000A7190024A819002438B50C460546FDF790
:102A00002DFF274B27491A78023A012A1A4602D984
:102A10000B780D2B07D1244B1B8823B1234803804F
:102A20000320234B18700023224813700A78037088
:102A3000042A01D00A2A0BD11F490B701F490B70C1
:102A40001F4B19781B291FBF1E490C601B211970D1
:102A50001D4B0D2A1D701D4B1C6003D121461C48C7
:102A6000FFF730FA00231B4A0C2013701A4A137028
:102A70001A4A1370FFF7F8FC19491A4805F015FFB8
:102A800029460A22174805F0A7FF1749154805F0FF
:102A90000CFF21461348BDE8384005F031BF00BFA8
:102AA000701A002466190024941A00249C1800242B
:102AB00022190024031A00241D1900241E190024C1
:102AC000711900241000002455190024140000245A
:102AD000B7E9060869190024671900246819002459
:102AE000BDE906083C3200247F1D070870B52B4D58
:102AF0002B78002B51D02A4E33785BB2002B03DDAC
:102B0000284B1B78002B41D133781A0603D5264B6E
:102B10001B78002B3AD1254C23785BB2002B03DDC8
:102B2000234B1B78002B31D123781B0602D5214B78
:102B30001B785BBB06F0B6F91F4B1B68C01A1F4B16
:102B4000984209D901211E48FEF732FB1D49072092
:102B5000BDE87040FFF750BFFDF76EFDE8B9FDF727
:102B600073FDD0B93378C3B923785BB2ABB9164AD9
:102B70002B7011781370154A154B164802290CBF9B
:102B800011461946BDE8704005F0A6BE0121124865
:102B9000FEF70EFB11490820DAE770BD031A002486
:102BA000001A0024A4190024A5190024011A0024E5
:102BB000A6190024A71900248C19002420BF0200A4
:102BC000C5000708CD000708701A00249200070806
:102BD000AC0007083C320024E600070802010708A1
:102BE00038B50446FDF73AFE00230C4A0C4D1B2075
:102BF00013700C4A13700C4B1C60FEF71BFB0B4947
:102C0000284605F052FE2146284605F079FE214669
:102C10000520BDE83840FFF7EFBE00BF1D190024B6
:102C20003C3200241E19002410000024CDF50608B3
:102C3000F8B5A34C2378002B00F0F1811A3B012B4F
:102C400040F2ED8106F02EF99E4B1B68C01A9E4B98
:102C5000984204D99D48BDE8F840FFF7C1BF2378EA
:102C6000013B182B00F2DB81DFE813F0190027008D
:102C70003B0042004E00560065006C008600940048
:102C8000A500AC00B800C000CF00D600F000FE00E8
:102C90000F01160122014C015B0161017E018C4B89
:102CA0001B7833B1FDF792FD0220BDE8F840FEF736
:102CB000C1BA02214FF0FF300FE0854B1B7853B9AA
:102CC000FDF784FDFDF788FC022100F59670FDF705
:102CD0008FFE0320E9E702210120BDE8F840FDF75F
:102CE000C7BDFDF7A9FC002840F099810420DCE76E
:102CF000774B1B7833B1FDF769FD0020FDF784FCAD
:102D00000520D2E70821D5E7724B1B78002BE2D0D3
:102D1000FDF75CFD0620C8E76E4B1B78002BC8D181
:102D2000FDF754FDFDF758FC0221A0F59670FDF764
:102D30005FFE0720B9E7FDF77FFC002840F06F81B8
:102D40000820B2E7634B1B78A3B1FDF73FFD624C4F
:102D5000FDF742FC6328206001DC60487BE76049A6
:102D6000604805F0A2FD0A2221685E4805F01DFEBC
:102D700009209AE70821AFE75B4B1B781BB1FDF7F1
:102D80003DFD0A2091E702214FF0FF30BDE8F840F9
:102D9000FDF7AEBD544B1B7853B9FDF72FFDFDF782
:102DA00023FC022100F59670FDF75EFE0B207CE708
:102DB00002210120EAE7FDF747FC002840F02F81BF
:102DC0000C2072E7484B1B7833B1FDF717FD00204C
:102DD000FDF722FC0D2068E70821D5E7434B1B785F
:102DE000002BE5D0FDF70AFD0E205EE73F4B1B7878
:102DF000002BC8D1FDF702FDFDF7F6FB0221A0F57F
:102E00009670FDF731FE0F204FE7FDF71DFC0028FF
:102E100040F00581102048E7344B1B78A3B1FDF743
:102E2000EDFC334CFDF7E0FB6328206001DC31480A
:102E300011E731492B4805F038FD0A22216829485D
:102E400005F0B3FD112030E70821B2E72B4B1B78CA
:102E50001BB1FDF7EBFC122027E702214FF0FF30FA
:102E6000BDE8F840FDF784BD244B1B7853B9FDF74E
:102E7000DDFCFDF7C1FB022100F59670FDF730FE89
:102E8000132012E702210120EAE7FDF7E5FB002805
:102E900040F0C580142008E7184B1B7833B1FDF7CC
:102EA000C5FC0020FDF7C0FB1520FEE60821D5E794
:102EB000134B1B78002BE5D0FDF7B8FC1620F4E689
:102EC000711900248819002420BF02004AF0060866
:102ED000A5190024A4190024781A002461F006081A
:102EE00014F606083C320024A7190024A619002471
:102EF0007C1A002472F0060824F60608A81900249B
:102F0000A9190024464B1B78002BA6D1FDF78EFC97
:102F1000FDF772FB0221A0F59670FDF7E1FD172089
:102F2000C3E6FDF799FB002879D11820BDE63C4B9C
:102F30001B78BBB1FDF77AFC3A4CFDF75DFB6328CB
:102F4000206001DC384886E63849394805F0ADFC98
:102F50000A222168364805F028FD364B0022192048
:102F60001A70A2E608218EE7334B02241F68334B08
:102F70001E682C4B1D682F4B1A7897FBF4F796FBB5
:102F8000F4F695FBF4F56AB90122214638461A7029
:102F9000FDF72EFD21463046FDF766FD2146284609
:102FA000FDF79EFDFDF748FB002838D1FDF74CFBEF
:102FB000002834D1FDF750FB88BB214B1B7873BB35
:102FC000204B1B785BBB204B1A7852B23ABBFDF703
:102FD00003FB874213D1FDF707FB86420FD1FDF7B4
:102FE0000BFB85420BD11046FDF70EFBFDF714FBE2
:102FF000FDF71AFBFDF7C6FE18B914482BE6144876
:1030000029E60123134A1A201370134A1370FEF79E
:1030100011F912490648BDE8F84005F05DBCF8BD5D
:10302000A9190024801A002483F0060834F6060843
:103030003C32002478190024781A00247C1A0024D9
:10304000001A0024011A0024021A002494F0060831
:10305000B2F006081D1900241E19002444F60608C3
:103060002DE9F0412DED028B86B0FDF7DFFB644BBF
:103070001978644B61B91B7813B16348FEF798F86F
:103080000520FFF7F1F906B0BDEC028BBDE8F08139
:103090001A785E4B197839B10021197012B15C4869
:1030A000FEF786F80720ECE7FEF786F9014640B9FF
:1030B00012B15848FEF77CF857490420FFF79CFCF2
:1030C000E1E7002ADFD1FDF7CFFA07460028DAD181
:1030D000FEF76AF90028D6D0DFF87481B8F800301E
:1030E0004546002BCFD04D4C22889A42CBD04C4B3A
:1030F000B2EE047A002602AAB3F90030029607EE77
:10310000903A484BF8EEE77AB3F90030C7EE878A79
:1031100007EE903A06AB43F80C6DF8EEE77A87EECF
:10312000878A18EE900A18EE101AFDF73DFF28B9AD
:103130003D49B8F80000FFF719F9A4E705AB32469E
:103140000399009304AB0298CDE90477FDF77CFE68
:1031500010B935492888EEE7B8F80030334A2380A3
:1031600001241380324B334933481C7005F09DFB1A
:10317000324B0A223048197805F02EFC30492E488F
:1031800005F093FBB7EEE87A00942B4853EC172B2D
:1031900005F0CAFC2B49284805F087FBB7EEC87A32
:1031A0000094254853EC172B05F0BEFC2649224815
:1031B00005F07BFBDDED027A0094B7EEE77A1E485E
:1031C00053EC172B05F0B0FC1E491B4805F06DFBB6
:1031D000DDED037A0094B7EEE77A174853EC172B2E
:1031E00005F0A2FC1949144805F076FB02230022E1
:1031F00003990298FDF736FF00287FF444AFA8E753
:10320000F2180024031A00247DF10608681900242E
:103210009CF10608B2F10608CDF106089C180024BE
:10322000081A00240A1A0024F0F10608941A00244F
:103230002219002408F206083C3200242119002437
:103240001CF2060826F2060828F20608851B070865
:10325000961A0024504B1B7873B52BB9052002B089
:10326000BDE87040FFF700B94C4B1B78002B40F0D5
:103270009180FDF7F9F9002840F08C80484D494EC7
:1032800095F9001099B196F9003083B9464C23782E
:103290005B1A1DD4052BA8BF002344494448237062
:1032A00005F003FB0A222178414805F097FB2B78B3
:1032B000404A33701378002B6CD0002313703A4AC5
:1032C0001178042965D8DFE801F00507191B1F00F4
:1032D0000423E2E70820C2E7374B1B783BB1374BAA
:1032E0001B7823B1FEF768F808B10920B7E7344925
:1032F0002F4802B0BDE8704005F0EEBA0A20AEE7F4
:10330000304A0B201370AAE72B4B1B7823B32B4BAF
:103310001B780BB3FEF750F8F0B1FEF709FAE8B9E5
:103320002949234805F0C1FA284B2148D3ED007AFA
:103330000923B7EEE77A009353EC172B05F0F4FB63
:1033400023491B4805F0B1FA224B1022184819787E
:1033500005F044FB2049CBE72049C9E7FDF74CF9CC
:1033600008B11F49C4E7FDF7F1FC80B11D4B186897
:10337000022390FBF3F04042FDF7E8FC38B10D204A
:10338000FFF772F8FEF7B2FA20B91749B0E717490C
:10339000AEE7137002B070BDF2180024031A0024C7
:1033A0009919002448190024381A00247BEE0608D5
:1033B0003C320024691900241D1900241E19002420
:1033C0008AEE0608F41A0024F1EE06080C00002428
:1033D00024EF0608651900242EEF0608BCEE060847
:1033E0006EEF0608801A0024E1EF0608A4EF060835
:1033F00038B5FDF733FA0023104A1370104A1370E2
:10340000104A1380104B1D7B5C7BFFF715F815B934
:103410000E4B1B7823B90520BDE83840FFF724B8D0
:103420000CB10720F8E70A490A4805F055FA0A499D
:103430000A48BDE83840FEF745BD00BF031A002426
:10344000701A0024941A0024A0180024F2180024F2
:10345000290107083C3200245B0107086F010708B7
:10346000F8B505460F46194816461949194C05F096
:103470001CFA2946154805F043FAE3893BB1164A80
:10348000164813800322164B1A70FEF797FE294642
:103490001448FEF717FD0025FDF798F9FDF7AEF982
:1034A000114B082027731D70104B66731D70FEF7BB
:1034B00099FFFDF7A1F818B9BDE8F840FFF798BFEC
:1034C00028460121BDE8F840FDF70ABB3C32002444
:1034D00061000708A01800249C1800247800070841
:1034E000221900248B000708031A0024701A0024F4
:1034F00038B5294CDFED296A2DED028B9FED288A26
:10350000D4ED058A78EE688AF0EEE87AF4EE667A11
:10351000F1EE10FA3DD8234DE2692B689B1A07EEB5
:10352000903A214B93F90030B8EEE77A07EE903AE3
:103530001E4BF8EEE77A67EE277A94ED067A38EEBE
:10354000478A9FED1B7A38EE478A93ED007AA7EE03
:10355000878AF0EEC87AF4EE667AF1EE10FA18D89F
:1035600005F0A0FC2B68E26A9A4207D0226B2AB1D0
:1035700082423CBF84ED0A8AC4E90B300D4B012026
:10358000C4ED088A1B6884ED098A6363BDEC028B75
:1035900038BD0020FAE700BFA0180024FFFF7F7F9E
:1035A000000000002C1900241A0000240C00002444
:1035B00000003444E81A0024094B02229FED097AE6
:1035C0001B6893FBF2F35B4207EE903AF8EEE77A62
:1035D000F0EEE77AC7EE877A17EE900A704700BFE1
:1035E000801A002400409C4508B50A4BDFED0A6AAA
:1035F00093ED006A86FE866AFFF7DEFFF0EE667ADC
:1036000007EE100AE6EE077A76EEE77A17EE900AF2
:1036100008BD00BFE81A0024000000004A4BB3F9BF
:10362000003007EE903A494BF0B5F8EEE77AB3F97F
:1036300000700026464D2DED048BB2EE049A9FEDEE
:10364000458A85B018EE102A18EE101AC7EE899A2E
:1036500003AB009302ABCDE9026678EE698A18EEFF
:10366000900AFDF7F1FB38B93B492888FEF77EFE4A
:1036700005B0BDEC048BF0BD07EE907A374C2B887B
:10368000F8EEE77AC4ED059AE381354B87EE897A47
:10369000C4ED088A1B7884ED098A2374314B84EDCC
:1036A0000A8A1B68E361304B1B68E36284ED067A8B
:1036B00005F0F8FB2D4B2E4A1B6884F83C60012670
:1036C000A3632B88206313802A4A2B4913802B4B3A
:1036D0002B481E7084ED108A05F0E7F80A22E18974
:1036E000274805F056F92749254805F0DEF80A2253
:1036F000E169234805F02BF92349214805F0D5F865
:10370000022300221E480093002305F00FFA032332
:1037100018EE102A18EE101A18EE900AFDF7A2FC07
:1037200030B91A492888FEF721FEFEF785FE9FE78B
:1037300017491848FEF7C6FB1548FEF73FFD30460F
:10374000FEF750FE94E700BF081A00240A1A00246E
:10375000961A00240000000017FE0608A018002496
:1037600021190024341900242C190024E81A0024FB
:10377000941A00249C18002447FE060822190024ED
:103780003C32002468FE060872FE06087BFE06082E
:10379000A0FE0608B2FE060810B50B4C0B492046E9
:1037A00005F083F80A4B0A222046196805F007F94C
:1037B0000849204605F079F8074B20460A22196887
:1037C000BDE8104005F014B93C3200244DEB06086A
:1037D0009019002461EB06086C19002438B50446E2
:1037E000FDF73CF8104B114DDA89114B2846114971
:1037F0001A800422104B1A700022104B1A8005F018
:1038000054F82146284605F07BF821460C48FEF77F
:1038100059FB0C48FEF7D2FCFFF7BEFF0720BDE8BE
:103820003840FEF7DFBD00BFA01800243C32002462
:103830009C180024D0EA060822190024941A0024B7
:10384000DBEA0608E2EA06082DE9F341904C21780C
:1038500008292FD18F4A13785BB2002B02DD8E4BE3
:103860001B78D3B913781F0602D58C4B1B78A3B9EC
:10387000FCF7F2FEB0B105F015FB6368C01A47F221
:103880003053984240F26C82FCF7E8FF84490720ED
:1038900002B0BDE8F041FFF7AFB8FCF7DFFF8149A8
:1038A0000820F5E71378002BE5D102B0BDE8F04120
:1038B000FFF79EBD7C4B1A7832B901217B4802B0DC
:1038C000BDE8F041FFF7CCBD794B1A7822B1002159
:1038D000012278481970F2E7042905D16D4B1B7855
:1038E0001E0644BF6D4B1A78734F3B785BB2002BBA
:1038F00003DD724B1B78002B2FD13B781D0602D5C0
:103900006F4B1B784BBB6F4E33785BB2002B02DDE5
:103910006D4B1B780BBB3378180602D56B4B1B78AD
:10392000DBB95C4D2B785BB2002B02DD5A4B1B7868
:103930009BB92B781B0603D5584B1B7803B162B19A
:1039400001F1FF385FFA88F8FDF736FD48B941B953
:1039500002B0BDE8F041FCF781BFFCF77FFF5C4996
:103960009EE7FDF7E5FE024638B90029F0D0B8F130
:10397000020F1BD801465748A1E7B8F1020F06D83D
:10398000FDF7B4FF024698B90146534897E769B975
:103990002378072B00F2E481DFE813F016002C00F7
:1039A0005D00F9001201C301CA01D4010729EFD05B
:1039B00005F078FA6368C01A47F230539842E7D9A5
:1039C0000022464811467AE7FCF748FFFDF7ECFC79
:1039D000002800F0C581424B1B88002B00F0C081FD
:1039E000404A12889A4200F0BB8102B0BDE8F04123
:1039F000FFF714BEFFF77CFD024610B901463A48B6
:103A00005DE7F1EE047A94ED097AB4EEE77AF1EE2F
:103A100010FA03DD00223548114650E7344B1B787D
:103A2000002B40F09D81FCF707FE002840F09881B4
:103A3000FCF70AFE002840F093813B78002B40F011
:103A40008F813378002B40F08B81022002B0BDE8DB
:103A5000F041FEF7C7BCFCF7D1FEFFF749FD024677
:103A600010B9014623482AE7D4ED095AC4ED115A8A
:103A7000FFF7BAFDB1EE047A07EE900A2064F4EE87
:103A8000C75AF1EE10FA39DD00221B48114616E73D
:103A9000A0180024021A0024A9190024A81900243F
:103AA00090F6060871F60608F21800247DF1060863
:103AB000681900249CF10608001A0024A4190024A7
:103AC000A5190024011A0024A6190024A71900240E
:103AD000B5F60608DCF60608EEF6060801F7060855
:103AE000961A00249C18002411F706082FF70608E0
:103AF000031A002466F7060896F70608F4EEE75A5C
:103B0000F1EE10FAC0F22C8197490225974804F093
:103B1000CCFED4ED097A9548B7EEE77A009553ECE0
:103B2000172B05F001F89249904804F0BEFED4ED41
:103B3000107A8E480324B7EEE77A009553EC172BE2
:103B400004F0F2FF8B49894804F0AFFE8A4B8748A6
:103B5000D3ED007A0095B7EEE77A53EC172B04F01B
:103B6000E3FF8649814804F0A0FEFFF725FD07EE3C
:103B7000900A0094B7EEE77A7C4853EC172B04F0D8
:103B8000D5FF7F487F49FEF79DF920465EE7FCF7A9
:103B900035FE7D4B1D68022395FBF3F56D422846EB
:103BA000FDF7D4F8024610B90146784887E60023AD
:103BB0002846012184F83C30FCF792FF042045E7B9
:103BC000734FFCF71BFE3A7862B1FCF72FFE6E4B89
:103BD0001868022390FBF3F04042FCF725FD002318
:103BE00084F83C30FCF738FD002840F0B9802E788E
:103BF00076B2002E40F0B4803A78F2B994F83C30B6
:103C0000C3B901236349594884F83C3004F064FE89
:103C100061496248FEF756F95B4B08211868022398
:103C200090FBF3F04042A0F5167002B0BDE8F04101
:103C3000FCF756BF11465A4841E65A4A022594ED10
:103C4000086A136801331360FCF7EEFF07EE900A71
:103C50005549464876EE677AC4ED127A04F025FE9F
:103C6000FCF7E2FF07EE900A0095B7EEE77A3F48CF
:103C700053EC172B04F058FF4C493C4804F015FE58
:103C8000FCF7F0FF07EE900A0095B7EEE77A3748A9
:103C900053EC172B04F048FF4549344804F005FE67
:103CA000D4ED127A3148B7EEE77A009553EC172B32
:103CB00004F03AFF3F492D4804F0F7FDD4ED117AA6
:103CC0002A48B7EEE77A009553EC172B04F02CFF47
:103CD0003949264804F0E9FD274B2448D3ED007A02
:103CE0000095B7EEE77A53EC172B04F01DFF33492C
:103CF0001E4804F0DAFD324B0A221C48196804F011
:103D000026FE3049194804F0E7FD2F492F48FEF7F9
:103D1000D9F8FCF773FD30460121FCF7E1FE0520E0
:103D200094E6FCF76BFDFCF797FCC8B92B78BBB9A0
:103D3000274A284813680133136002B0BDE8F041F8
:103D4000FFF74CBDFCF78AFD05F0ACF86368C01ABC
:103D5000B0F5FA7F04D302B0BDE8F041FEF76CBBCA
:103D600002B0BDE8F08100BFB8F706083C3200247D
:103D7000D4F70608DDF70608E81A0024E3F706087A
:103D80000CF80608E8F70608801A002414F806085C
:103D9000A819002437F806086CF8060894F80608F5
:103DA0009DF8060890190024CFF8060841EA060895
:103DB000ECF80608F5F80608FEF8060868FE06089E
:103DC0002C1900240AF906081BF906083CF9060814
:103DD0006C19002444F90608314B70B5DE7B0446AB
:103DE000304B1D78AE421CD12F4B1A78072A0AD1CE
:103DF0002E4B93F90030002B05DBFDF7C5FA10B10F
:103E0000FDF7CAFA20B92A4B0121082A197002D0FD
:103E1000284B1B782BB128490420BDE87040FEF7E1
:103E2000EBBD05F03FF8254B1B68C01A244B9842A8
:103E300002D924490320F0E7AE4205D11C4B1B7880
:103E400013B1FDF7B9FA08B9D4B170BD1E491F48C6
:103E500004F042FD24B10420BDE87040FEF704BB2D
:103E60001B4A1C4B11781B7829B1002B14700CBF16
:103E700005200620F0E7002B0CBF05200720EBE70C
:103E8000154B1A78002AE0D0124A1278002ADCD0AA
:103E90001C7001200E4B1C70FEF7B2F90720DBE707
:103EA000391A0024901A002464190024721900247D
:103EB0008019002454190024A6010708841900243D
:103EC00080A90300C1010708DB0107083C32002478
:103ED000F41A0024F21800246819002438B50446A6
:103EE000FEF7A6FE144B1B780C2B24D0134D2B7819
:103EF0001A2B0CD124B10520BDE83840FEF7B4BA26
:103F00000F4B1B78002B14BF07200520F4E794B952
:103F10000C4B1A787AB10A4A127862B11C70FCF71D
:103F20009DFC094B0720094A1C70094B2C701C7022
:103F3000084B1A60E0E738BD6619002471190024A7
:103F4000F2180024681900241D1900241021070804
:103F50001E190024100000241B4A10B511781B4CB8
:103F6000237881B10021022B117004D80120BDE813
:103F70001040FEF779BA0C2B24D015490B20BDE870
:103F80001040FEF739BD134A1278092A06D9012BD1
:103F900018D90C2B16D010490220F0E7012B11D9AB
:103FA0000C2B0FD0FDF7BCF960B9FCF757FC237858
:103FB000022B04D109490A4804F08EFCD6E70949CE
:103FC0000120DCE710BD00BF1F1900246619002482
:103FD00088FF060870190024BCFF0608E0FF0608E9
:103FE0003C3200240B000708034B187803380228E2
:103FF0008CBF002001207047E41A0024064B1B7878
:10400000DA1E012A03D9092B03D1FFF7EDBF0120E6
:1040100070470020704700BF5519002410B5FCF709
:104020001DFC00241B4B1C4A1C701C4B1C491C70A3
:1040300000231C4813601C4A13601C4A14701C4A5D
:104040000A601C490C701C490A6021461B4A147006
:104050001B4A14701B4A14701B4A13601B4A1360DE
:1040600001221B4B1A70282222F0FAF9194B1C80EE
:10407000194B1C70194B1C80194B1C70FDF750F923
:1040800010B10420FEF7BCF80020BDE81040FEF798
:10409000EBB900BF1D1900245C1A00241E1900246E
:1040A00010000024F4180024601A00247119002460
:1040B000102107085519002414000024E41A0024D4
:1040C000201900241C190024F01A0024EC1A0024E2
:1040D0001A0000249C18002422190024941A002499
:1040E000F41A0024F8B5FFF789FF38B925492648A6
:1040F00004F0F2FBBDE8F840FFF790BFFDF710F9C0
:1041000008B92249F3E7224B224E1C78224F002C9B
:104110002FD0224B1C7864B3FCF76CFD054630B3FE
:10412000347834BB3C78A4F109035C425C41FCF771
:1041300095FB00231A4A1B4913701B4A3B701370EE
:104140001A4A347013801A4A11601A4A13701A4AB4
:1041500013701A4A13701A4A137065B119490A4844
:1041600004F0BAFB0B20BDE8F840FEF77DB9044629
:10417000DDE72546DBE71449034804F0ADFB0320E7
:10418000F1E700BF1FFD06083C3200245EFD060873
:104190001D190024F41A0024551900241E190024A6
:1041A000031A002410210708701A0024941A00240E
:1041B00014000024E41A002469190024671900245B
:1041C000681900249EFD0608DAFD0608564B1B7888
:1041D00010B50E2B00F2A680DFE803F008192E3B85
:1041E00040455B7E82868E90928A5700FCF736FBB4
:1041F00004F058FE4D4B1B68C01A40F6B733984286
:1042000040F290800120BDE81040FEF72DB9FCF788
:1042100025FBFDF785F8002800F08480444B1B78CF
:10422000002B7FD0FDF7A0F800287BD04149424801
:1042300004F052FB0220E6E7FCF710FB04F032FE2C
:104240003A4B1B68C01A41F2873398426AD903205F
:10425000D9E70120BDE81040FFF7BEBD0120BDE851
:104260001040FFF73BBEFCF7F9FA344B1B78002BEC
:1042700058D0334B1B780BB10720C4E7314B1B7868
:104280000BB90E20BFE70620BDE7BDE81040FEF7E2
:104290006FB9FCF7E3FAFDF7E1FF2B4B187038B963
:1042A000274B0122294924481A7004F015FBE3E743
:1042B0000D28274996BF274B274C53F820401E480E
:1042C00004F0F3FA21461C4804F01AFB21460920A9
:1042D000BDE81040FEF790BBBDE81040FEF7BABF46
:1042E000BDE81040FEF72ABBBDE81040FEF7B8BE9F
:1042F000BDE81040FFF7A8BA0020B0E70020A9E70A
:10430000FCF7ACFA0D4B1B7863B1144B1A784AB129
:104310000022134908481A7004F0DEFABDE8104084
:10432000FFF7E0BE10BD00BF661900248419002409
:10433000711A0024FEF006083C320024F218002412
:10434000201900241C190024E41A002425F1060871
:104350003FF106081CE9060898E9060869190024D7
:1043600059F1060807B53149314804F0B5FA314929
:104370002F4804F09AFAFCF73DFC80B1FCF754FC9E
:1043800007EE900A02232A48B7EEE77A009353EC2F
:10439000172B04F0C9FB2849254804F086FAFCF7DE
:1043A0001BF90A220146224804F0D1FA2349204889
:1043B00004F092FA22491E4804F077FAFCF71AFC3E
:1043C00080B1FCF74FFC07EE900A02231848B7EEC5
:1043D000E77A009353EC172B04F0A6FB1649144818
:1043E00004F063FAFCF700F90A220146104804F0D1
:1043F000AEFA12490E4804F06FFA12490C4804F064
:1044000054FAFCF7F9F80A220146094804F09FFA29
:104410000D49074804F049FA0C4B0A220448196870
:1044200003B05DF804EB04F0C0BA00BFC4F00608A6
:104430003C320024E9F80608E0F00608E7F0060838
:1044400042EA06084AEA0608EEF00608801A002446
:1044500037B54D494D484E4D04F03EFA4D494B4855
:1044600004F023FA0A222968484804F070FA4A49FD
:10447000464804F01AFAFCF7BDFBA0B1474943488F
:1044800004F013FAFCF70CFC07EE900A02233F48F5
:10449000B7EEE77A009353EC172B04F045FB404945
:1044A0003A4804F002FA39483E4C04F00FFA3E490B
:1044B000364804F0FAF90A222168344804F047FA31
:1044C0003549324804F0F1F9FCF794FBA0B13349C7
:1044D0002E4804F0EAF9FCF7FFFB07EE900A0223EE
:1044E0002A48B7EEE77A009353EC172B04F01CFB35
:1044F0002B49264804F0D9F9244804F0E7F92B4960
:10450000224804F0D2F92A4B0A222048196804F004
:104510001EFA21491D4804F0DFF926491B4804F022
:10452000C4F9296802250A22184891FBF5F149428D
:1045300004F00DFA2049154804F0B7F9FCF7E8FB40
:104540000A220146114804F030FA1C490F4804F0D1
:10455000ACF921680A220D4891FBF5F1494204F0BB
:10456000F6F91549094804F0A0F9FCF7DBFB0A222B
:104570000146064804F019FA1149044803B0BDE8A1
:10458000304004F0A9B900BF75EB06083C320024A6
:10459000781A002494EB0608E7F006089DEB06085D
:1045A0006BEE06087C1A0024A1EB0608AAEB0608AD
:1045B000801A0024B3EB0608C8EB0608CCEB06080B
:1045C000E1EB060810B51D4C1D49204604F084F9A6
:1045D0001C49204604F080F91B49204604F07CF970
:1045E0001A49204604F078F91949204604F074F974
:1045F0001849204604F070F91749204604F06CF978
:104600001649204604F068F91549204604F064F97B
:104610001449204604F060F91349204604F05CF97F
:104620001249204604F058F91149204604F054F983
:1046300020461049BDE8104004F04EB93C32002439
:1046400005EC060826EC06085EEC060885EC060874
:10465000ACEC0608CBEC0608EDEC060821ED0608EC
:104660006BED0608A6ED0608DAED0608FAED060879
:104670002FEE060849EE060808B50C4B1B78072BF1
:1046800001D0002008BDFCF74BFE0028F9D0084BF4
:104690001B78002BF5D0FCF7ADFA0028F1D0054BC4
:1046A000187801288CBF00200120EBE76619002450
:1046B0001D190024701A002438B51D4D2C78042CC7
:1046C00020D0A4F10A035C425C411A4B1B78DBB199
:1046D00000211948FCF76CFDCCB10023174A18499A
:1046E0000C201370174A1370174B184A1A601B22BC
:1046F000174B1A70FEF780F916491748BDE8384085
:1047000004F0EAB80124E0E7FCF7A8F8E4E72B7826
:10471000A3F10802012A01D90D2BEDD10F4B1B7813
:10472000002B14BF07200520FDF79EFEE4E700BF25
:1047300066190024031A0024F6EA06081D1900244D
:1047400013EB06081E1900241000002401EB0608D4
:104750007119002432EB06083C320024F2180024C0
:1047600070B505462DED028B8EB004F026FBAB68CC
:10477000002B00F09982294605A804F070FA05A8DC
:1047800004F00FFBAC4905A804F0AFFA10B1FFF735
:1047900019FF86E2A94905A804F0A7FA10B1FFF7AE
:1047A000E1FD7EE2A64905A804F09FFA10B1FFF7EB
:1047B0004FFE76E2A34905A804F097FA20B1A2497A
:1047C000A24804F072F811E0A14905A804F08DFA9E
:1047D0000028F4D19F4905A804F087FA002800F0CA
:1047E00087819D49994804F060F8BAE09B4D0A2200
:1047F0009648296804F0ABF89949944804F055F8B4
:10480000984C0A2228682168411A904804F09FF8C1
:1048100095498E4804F049F8944B02228B48196858
:1048200004F0B7F89249894804F03FF8914B0A2206
:104830008648196804F0ADF88F49844804F035F8CB
:104840008E4B10228148197804F0C6F88C497F48B5
:1048500004F02BF88B4B7D48D3ED007A0123B7EEA3
:10486000E77A009353EC172B04F05EF986497748FA
:1048700004F01BF8854B7548D3ED007A0323B7EE9F
:10488000E77A009353EC172B04F04EF980496F48F8
:1048900004F00BF8226803212B687E4C9B1A7E4D96
:1048A0006A4807EE903A95ED007A94F90030F8EEF8
:1048B000E77A009127EE877A07EE903AF8EEE77AEA
:1048C00067EE277AB7EEE77A53EC172B04F02CF952
:1048D00072495E4803F0E9FFD5ED007A09235B4891
:1048E000B7EEE77A009353EC172B04F01DF96C49EF
:1048F000564803F0DAFF0A2294F90010534804F0F6
:1049000048F86849514803F0D0FF674B4F48D3ED52
:10491000007A0223B7EEE77A009353EC172B04F0EA
:1049200003F96249494803F0C0FF614B4748D3EDA2
:10493000007A0223B7EEE77A009353EC172B04F0CA
:10494000F3F85C49414803F0B0FF5B4B5B4A1978D0
:104950005B4B002914BF114619463C4803F0BCFFCD
:104960009FE1444B0A223948196804F012F855496E
:10497000364803F09AFF544C0A223448216804F068
:104980001EF824681CB9314803F0A0FF89E14F4BA1
:10499000D3E900011EF0E0FE07EE904A07EE100A90
:1049A0004B49F8EE677A294887EE278A03F07DFFA6
:1049B000484B2648D3ED007A0223B7EEE77A0093FE
:1049C00053EC172B04F0B0F84349204803F06DFF77
:1049D000B7EEC87A02231D48009353EC172B04F05E
:1049E000A3F83E49194803F060FF0A224FF4006122
:1049F000164803F0CEFF3A49144803F056FFDFEDA6
:104A0000397A0223114838EE678ADFED377A00934E
:104A1000B0EEC88A28EE278ADFED347A28EE278A9E
:104A2000B7EEC87A53EC172B04F07EF8252107481F
:104A300003F048FFA7E700BFDFF20608E5F206082B
:104A4000E9F20608EFF20608FAF206083C32002402
:104A500008F3060810F3060892F306082C19002440
:104A60001BF306082819002426F30608C81A002498
:104A70002DF306088C1A002424EF0608651900247B
:104A800036F3060874190024FEF80608E81A002414
:104A900042F306081A0000240C00002453F3060811
:104AA0005FF3060871F30608F01A002477F306088E
:104AB000EC1A002487F306081C190024EC070708E9
:104AC000D5F20608A9F30608941900244019002419
:104AD0003AF00608B01A0024C0F30608D1F306081D
:104AE000DFF30608000000450000C8420000003A5D
:104AF000764905A804F0F9F8002833D0744B1B78E8
:104B00000D3B012B09D9FBF7AFFD30B9714B1B7879
:104B10001BB9714800F05EFF01E070491DE70023FA
:104B20006F4A0021002013606E4A13606E4A1360C2
:104B30006E4A13606E4A13606E4A13706E4A1360B9
:104B40006E4A13606E4A13606E4AC2E90001002289
:104B50006D490A606D490B606D4B6E491A606E4B72
:104B60001A60FAE66D4905A804F0BFF810B1FFF726
:104B7000A3FD96E06A4905A804F0B7F860B1544B6C
:104B80001B780C2B01D06749E7E66749674803F0BB
:104B9000A3FEFFF7A7FA84E0654905A804F0A5F88D
:104BA00058B1FFF769FD08B96249D6E60022012332
:104BB00011461046FCF756FA73E0FFF75DFD08B9A1
:104BC0005D49CAE6294608A804F049F80BAC5B49E0
:104BD000204604F003F8214605A804F0AEF8064686
:104BE000204603F0B0FF66B1AB6805222946204697
:104BF00004F0ACF8214608A804F03BF8204603F086
:104C0000A2FF20222C210DEB020004F0BFF80023AC
:104C100003AA4B49039304930B93002308988DF840
:104C20000B300DF10B03CDE9004304AB21F0FAFE8C
:104C300003281CD19DED037ADFED427AF0EEC76ABE
:104C4000F4EE676AF1EE10FA11D8DDED046AB0EE09
:104C5000E66AB4EE676AF1EE10FA08D89DED0B6AC9
:104C6000F0EEC65AF4EE675AF1EE10FA04D936495E
:104C70002E4803F01AFE09E0012316EE102A16EE64
:104C8000901A17EE100AFCF7EDF907E029462748BD
:104C900003F02CFE2D49254803F01EFE08A803F062
:104CA00052FF05A803F04FFF0EB0BDEC028B70BDA4
:104CB000204603F048FF08A803F045FF05A803F0CD
:104CC00042FF1EF02FF9F3E7F5E7F7E7E7F30608F1
:104CD00066190024031A002470200024F0F306084B
:104CE0002C190024C41A0024281900248C1A00242A
:104CF000CC1A0024841A00247C19002430190024C2
:104D00009419002440190024B01A0024D81A002451
:104D1000E81A00241FF4060874190024FCEA0608A7
:104D200055F4060860F4060892F406083C320024A4
:104D3000DB070708C3F40608F7F406082BF5060896
:104D400031F50608FFFF7F7F3DF506085DF5060893
:104D500010B50446FBF723FC204610BD38B5074BC1
:104D60000546044645F8283B09F0D6F92846FFF7E2
:104D7000EFFF204609F0DCFA204638BDC0160708D0
:104D8000044BC36003460A6843F8042B00224260C8
:104D90005A60704784E8060813B50446019121B9AA
:104DA000FBF7F7FB204602B010BD01A9FFF7E8FFB3
:104DB000F8E70368184708B5FFF7FBFF08BD0000D8
:104DC00038B50B4C0B4D204609F096F920460A4C9D
:104DD0002A460A490DF014F90949204603F0FEFE5F
:104DE0002A4620460749BDE838400DF009B900BF02
:104DF000C019002400000024AC1900245D4D0408F3
:104E000010210708478B040830B5202289B04021C3
:104E10003E4801F0EDFA2028044609D03B4C2046DC
:104E200001F061FB002860D0204601F066FBF6E748
:104E3000364801F058FB1F28F0DD2246334D002490
:104E40000021684621F00CFB284601F056FB0DF8C6
:104E500004000134202CF7D12C4C204601F043FBF8
:104E600018B1204601F049FBF7E79DF80030E32B2D
:104E70001CD19DF80130052B18D19DF80230202B54
:104E800014D19DF81F401F216846FBF78DFB84421B
:104E90000CD16846FCF736FD0446B8B16846FCF70D
:104EA00063FD1B4A1368013313600CE0194A136851
:104EB00001331360184A136801331360174A1378DB
:104EC000FF2B1ED10024204609B030BD114A1368C3
:104ED00001331360124A1368013313600F4A1378C9
:104EE000FF2BEFD001331370EDE70A4A136801334B
:104EF00013600C4A136801331360084A1378FF2BC0
:104F000002D001331370DDE70446DCE78C25002472
:104F1000A01900249C190024581900247019002499
:104F2000601900245C19002410B588B020220021EB
:104F3000684621F095FA6846FCF7EAFE40211048E1
:104F400001F04CFA202269460D4803F085FC044626
:104F500001210B4801F0B4FA202C0A4A08D138B9D3
:104F60000949107001200B6801330B6008B010BDB7
:104F70000649107000200B6801330B60F6E700BF94
:104F80008C250024C01A0024501900244C19002438
:104F90001C4B1B7810B5002B33D0FCF7C1F900284F
:104FA0002FD1194B1B78022B01D90C2B29D1FBF7E0
:104FB0005BFB30BB154B1C781CBB03F073FF144A22
:104FC0001368C31AB3F57A7F1BD31060114801F040
:104FD000B6FA104801F036FA0F490E4801F061FAAE
:104FE0000E4B0F491C700F4C0F4823680133236090
:104FF00003F05BFC21680A220B48BDE8104003F077
:10500000F7BC10BD2419002466190024031A0024DB
:10501000DC1A00248C250024A086010070190024CD
:1050200075010708881A00243C3200247FB51B4D07
:105030001B4C1C4E284601F0BFFF68B3284602F007
:105040002DF8A368C1B20A2901D00D2910D1002B77
:10505000F0D0214601A803F002FE01A8FFF780FB73
:1050600001A803F070FD3146204603F008FEE1E799
:105070004F2B03D8204603F02DFEDBE731462046B8
:1050800003F0FDFD0849284603F026FCD2E701A8FD
:1050900003F059FD1DF046FF04B070BD3C32002402
:1050A000AC1900241021070878E9060837B503F089
:1050B000F9FE7C4A13682BB17B49C31A0C689C42E9
:1050C00038BF0B60794D1060FCF798F9FFF7AEFF21
:1050D000FBF7F2FA03F0E6FE2B78044683B9744B33
:1050E00040F6B7321B68C31A934209D901237149AC
:1050F0002B70714B1860714B1860714803F0ECFB1A
:105100002B7843B16D4A1368E31A132B40F2BE802B
:105110001460FFF709FFFBF717FB38B9694B1B78E1
:105120000C2B03D068490620FDF766FCFDF7DEFC7A
:105130000025FEF711FFFFF749F8FDF745F8FBF7EB
:105140000DFDFFF725FF614B614A1D70614B1D701E
:10515000614B1D701368E31AB3F57A7FC0F0A0802D
:105160005E495748146003F0A0FB5D4B0A22544887
:10517000196803F024FC5B49514803F096FB5A4B35
:105180000A224F48196803F01AFC58494C4803F0AA
:105190008CFB574B0A224A48196803F010FC55490A
:1051A000474803F082FB544B0A224548196803F034
:1051B00006FC5249424803F078FB514B0A22404812
:1051C000196803F0FCFB29213D4803F07BFB4D49A6
:1051D0003B4803F06AFB4C4B0A223948196803F03C
:1051E000EEFB4A49364803F060FB494B0A2234483B
:1051F000196803F0E4FB4749314803F056FB464B7E
:105200000A222F48197803F0E7FB44492C4803F0A1
:105210004CFB434B0A222A48196803F0D0FB414952
:10522000274803F042FB204B0A222548196803F067
:10523000C6FB3D49224803F038FB3C4B2048D3EDE8
:10524000007A0123B7EEE77A009353EC172B03F0B3
:105250006BFC37491A4803F028FB364B1848D3ED4E
:10526000007A0095B7EEE77A53EC172B03F05CFC5D
:105270003149134803F019FBFCF73AF80A220146BA
:105280000F4803B0BDE8304003F0A8BB0A4A1368DA
:10529000E31A092B7FF63FAF1460FFF7B5FD3AE73D
:1052A00003B030BDAC1A0024B8190024241900241E
:1052B000A81A002402020708A41A0024A01A002435
:1052C0003C320024661900242C02070869190024C6
:1052D000E01A002467190024681900245202070804
:1052E000A01900245E0207089C1900246802070820
:1052F0005C1900246E02070858190024740207087C
:10530000601900247A020708501900248102070856
:105310004C1900248B020708C01A002496020708C3
:10532000881A0024A2020708B1020708E81A00241C
:10533000BC02070874190024C502070810B54FF411
:10534000E13186B04C4801F01DFF4C4801F07AF87D
:105350004B494A4801F0A5F823214A4800F06DFD69
:10536000494800F037FB00214848FAF7F1FF0021D7
:105370004748FAF7EDFF00214648FAF7E9FF002118
:105380004548FAF7E5FF00214448FAF7E1FF00211C
:105390004348FAF7DDFFFBF761FAFBF78DF9414966
:1053A00002A8FFF7F9FC6422002302A93E4808F096
:1053B000CEFE02A80124FFF7CBFC03F073FD3B4BAC
:1053C0003B4A18603B4B3C4918603C4B18603C4BD7
:1053D00018600023284813703A4A13703A4A137031
:1053E00003F07AFA3949244803F076FA384922481A
:1053F00003F072FA3749204803F06EFA36491E4826
:1054000003F06AFA35491C4803F04FFA344B1A4846
:10541000D3ED007A0923B7EEE77A009353EC172B0C
:1054200003F082FB2F49144803F056FA2E49124824
:1054300003F03BFA00222D4B00940F4803F074FB5D
:105440002B490D4803F031FA00222A4B00940A48F8
:1054500003F06AFB2849084803F03EFA274906484A
:1054600003F03AFAFFF7AEF806B010BD02A8FFF756
:105470006FFC1DF057FD00BF3C3200248C2500243A
:10548000A0860100FC1E002470200024E01F0024E0
:10549000A81F0024701F0024FC1F0024C41F002428
:1054A0008C1F002481030408C0190024A81A0024BA
:1054B0002419002484190024CE020708A41A002409
:1054C000A01A002423190024901A002405030708B9
:1054D0004203070885030708B1030708EE0307081E
:1054E0000C00002403FA06080F0407080080864019
:1054F0003A04070800406A40470407084C040708BC
:10550000704710B504461C300AF0B8FE204610BDA6
:1055100010B504460AF0B2FE204610BD10B5044690
:105520006C3007F071FF04F1480007F06DFF04F1E3
:10553000240007F069FF204607F066FF204610BDF3
:1055400038B504460D461C22002120F089FF204674
:1055500029460AF00FFF204638BD000038B5044642
:105560003421FFF7EDFF352104F11C00254DFFF735
:10557000E7FF432104F13800FFF7E2FF632104F164
:105580005400FFF7DDFF372104F17000FFF7D8FF6B
:10559000762104F18C00FFF7D3FF972104F1A800D6
:1055A000FFF7CEFF7F2104F1C400FFF7C9FF7A2186
:1055B00004F1E000FFF7C4FF042104F1FC00FFF751
:1055C000BFFF082104F58C70FFF7BAFF262104F510
:1055D0009A70FFF7B5FF2A4640F6230104F5A8703C
:1055E00007F0A4FB2A4640F6220104F5E07007F01C
:1055F0009DFB2A4640F6010104F50C7007F096FB6E
:10560000204638BD0000C07F10B504461221FFF7C8
:1056100097FF862104F11C00FFF792FF792104F126
:105620003800FFF78DFF992104F15400FFF788FF40
:10563000422104F17000FFF783FF832104F18C0005
:10564000FFF77EFF822104F1A800FFF779FF3321E5
:1056500004F1C400FFF774FF0E2104F1E000FFF72E
:105660006FFF204610BD10B50446A43007F01CFEA5
:1056700004F1540007F018FE201D07F015FE204627
:1056800010BD10B5044600F58470FFF7ECFF20460E
:10569000FFF7E9FF204610BD10B5044600F59C70E9
:1056A00007F0D2FB204610BD2DE9F3414FF47A7389
:1056B000002504464FF48072C561294604F59C76A6
:1056C000058404F52677C0E90153224B03602023AB
:1056D000C0E905358923283020F8063C4FF6FF73D2
:1056E00020F8043C20F8023C20F0BAFEC4F828510F
:1056F00084F834517D22C4F82C511821C4F830515B
:10570000304607F043FB284603F09EFB05468D20FC
:1057100003F09AFB80468A2003F096FB00904346F4
:105720002A462146384600F025FE04F533731C2234
:105730000021184620F094FE00220D210AF004FEFC
:1057400004E0304607F080FB1DF0ECFB204602B081
:10575000BDE8F0815009070837B506214F4800F031
:10576000D7F84F4A07214F4800F030FA36214E480B
:10577000FFF7E6FE84214D48FFF7E2FE6A214C4820
:10578000FFF7DEFE2F214B48FFF7DAFE4A48FFF70E
:105790008BFF4A4A4A4948480CF032FC4948FFF717
:1057A000DDFE464A484947480CF02AFC9B21474801
:1057B00007F00CFEA121464807F008FE6721454886
:1057C00007F004FE2721444807F000FE00240125CD
:1057D0003A4A42493D480CF013FC7B237C22982135
:1057E0003F48CDE9004500F049F99A2387222D2151
:1057F0003C48CDE9004500F041F90CE0354807F0A0
:1058000003FE334807F000FE304807F0FDFD1DF0B1
:1058100089FBF6E7F8E7294A334931480CF0F0FBF9
:105820003248FFF7F1FE324800F0F0FB314800F05B
:10583000EDFB7E213048FFF783FE304800F0C4F9CD
:105840001C2200212D4820F00BFE012219212B489B
:105850000AF078FD194A2A4928480CF0D1FB1C228D
:105860000021284820F0FCFD00221E2125480AF0D6
:105870006BFD1C220021244820F0F2FD1F2122484C
:105880000AF05DFD0D4A21491E4803B0BDE83040D5
:105890000CF0B6BB1248FFF7E6FEB8E7881B002401
:1058A00040250024901B0024A41B0024C01B0024BE
:1058B000DC1B0024F81B0024141C0024000000241E
:1058C000995604088022002401550408F81A00247F
:1058D0001C1B0024401B0024641B00241D550408CD
:1058E000702000247821002483560408541F0024CB
:1058F000FC1E00245020002454200024001F0024FB
:10590000115504081C1F0024381F002403550408E7
:10591000014A01804260704740250024044B054A3B
:105920001A6001221A715A7100229A71704700BFE1
:105930002025002440420F00D0F804310133C0F884
:105940000431704738B50446043007F07FFC054643
:1059500004F1540007F07AFC237840EA4500C4F8CB
:10596000FC003BB903281ED1D4F800310133C4F840
:10597000003107E0012B18D1D4F8F830032B04D103
:105980000028F1D0C4F8F80038BD13B90328F9D1C4
:10599000EAE7022B05D10128F4D1D4F80031013B0C
:1059A000E5E7012BEED10228F6E7022BEAD1D4F885
:1059B000F83080EA0302032AE4D09842E2D083EA76
:1059C0006003D4F8002113F0010308BF4FF0FF3348
:1059D000D31ACCE70023C0F80031C0F80431704777
:1059E000D0F8FC007047D0F800017047D0F80401EF
:1059F000704710B4D0E9003409686210E4075DF81C
:105A0000044B01EB020044BF8A58D35818470146A3
:105A1000043008B5FFF7EDFF08BD0000034A034658
:105A2000C26007C983E80700704700BFF007070896
:105A300010B586B004460391684606A980E80C00BC
:105A400001E90C00204603A9FFF7E8FF204606B055
:105A500010BD37B56C46054684E80C0094E80C0090
:105A6000FFF7E6FF284603B030BD08B5FFF7CFFFCC
:105A700008BD08B5FFF7F9FF08BD00002DE9F047A4
:105A80000446061D8EB0154604F1540730469A466A
:105A90009DF85C9007F0E2FB2946384607F0DEFBF4
:105AA00004F1A4085146404607F0D8FB002384F8CF
:105AB00000903046C4F80031C4F80431169BC4F895
:105AC000F43007F0C3FB0546384607F0BFFB002360
:105AD00040EA45003A4D214601936B460095C4E9E2
:105AE0003E000CCB0AA8FFF7B4FF0AA9304607F026
:105AF000F9FB0AA8FFF72CF9B9F1000F32D0002307
:105B0000029521460AA8039302AB0CCBFFF7A1FF35
:105B10000AA9304607F003FC0AA8FFF719F9B9F102
:105B2000020F1FD10023049521460AA8059304AB58
:105B30000CCBFFF78EFF0AA9384607F0D3FB0AA863
:105B4000FFF706F9002306952146079306AB0AA83E
:105B50000CCBFFF77EFF0AA9384607F0E0FB0AA846
:105B6000FFF7F6F8BAF1FF3F10D0164B21460AA80E
:105B700008930023099308AB0CCBFFF76AFF0AA92F
:105B8000404607F0AFFB0AA8FFF7E2F820460EB048
:105B9000BDE8F0870AA8FFF7DBF8404607F084FB72
:105BA000384607F081FB304607F07EFB1DF0BAF95E
:105BB000F0E7EFE7EEE7EDE7EFE7F1E7F3E700BF48
:105BC000455904083959040870470000C0E901121A
:105BD000054A012110B5C2600022044C0274046021
:105BE0004174827410BD00BF00093D006666064026
:105BF000074B0121074A59741A6007225A60064A66
:105C00009A60064ADA6000221A749A74704700BFDC
:105C100028250024666606404025002400093D0032
:105C200038B505460C4600F04EFA222806D1A4F1FC
:105C30000C030B2B0BD94FF0FF3038BD284600F07A
:105C400042FA2328F7D1082CF5D8032CF3D0A1B2BF
:105C5000284600F0F3F9F0E7C1F307220023C9B2A8
:105C600000F012BA10B5044600F02DFA222840F0D8
:105C7000BA8000222046114600F0F8F920460022A2
:105C8000012100F0F3F920460022022100F0EEF994
:105C900020460022032100F0E9F9204600220721D6
:105CA00000F0E4F920460022062100F0DFF920464A
:105CB0000022052100F0DAF920460022042100F03C
:105CC000D5F920460022082100F0D0F92046002214
:105CD000092100F0CBF9204600220A2100F0C6F984
:105CE000204600220B2100F0C1F900222046114677
:105CF00000F0D9F920460022012100F0D4F9204615
:105D00000022022100F0CFF920460022032100F0FA
:105D1000CAF920460022072100F0C5F920460022DA
:105D2000062100F0C0F920460022052100F0BBF951
:105D300020460022042100F0B6F920460022082166
:105D400000F0B1F920460022092100F0ACF920460C
:105D500000220A2100F0A7F9204600220B2100F0C2
:105D6000A2F920460122172100F09DF920460122C8
:105D7000162100F098F920460122152100F093F930
:105D800020460122142100F08EF920460122132121
:105D900000F089F920460122122100F084F9204602
:105DA0000122112100F07FF920460122102100F08C
:105DB0007AF9204601220F2100F075F920460122D0
:105DC0000E2100F070F9204601220D2100F06BF940
:105DD00020460C21012200F066F920460021BDE892
:105DE0001040FFF739BF20460122082100F05BF97F
:105DF00020460122052100F056F920460122042107
:105E000000F051F920460122022100F04CF9012254
:105E10002046114600F047F920460122002100F0FB
:105E200042F920460122072100F03DF920460122D7
:105E30000621BDE8104000F036B938B5054600F03F
:105E400040F9284600F0E6F8044610B12846FFF76E
:105E500009FF204638BD0000014800F0D7B800BF58
:105E60003C2500242DE9F74F0D9C174600938246F0
:105E70008B46BDF8308003F015F8274B002681468D
:105E8000002C08BF1C46402F3B463546A8BF402388
:105E90000193B74230DD236851462046DB6A9847BC
:105EA0002368594620461B689847236820465B6B49
:105EB0009847BA1B23685146402A2046DB6BA8BF8F
:105EC00040229847236820461B69984788B1B8F15B
:105ED000000F08D1236820465B699847009B5855FE
:105EE0000135EDB2EEE702F0DDFFA0EB0900404521
:105EF000F0D3019B1E44CCE7B8F1000F08D002F0AC
:105F0000D1FFA0EB0900404502D3BD4238BFFF25B9
:105F100068B203B0BDE8F08F8C25002413B5049C53
:105F2000CDE9003413460122FFF79CFF02B010BDFB
:105F300030B585B01C461546099B0DF10F02009344
:105F4000BDF82030FFF7EAFF01229DF80F30AA408C
:105F50001A40227005B030BDF8B5069C1D46114BA5
:105F600016460F46013D002C08BF1C4601462E4434
:105F700023682046DB6A98472368394620461B6819
:105F80009847B542236805D01B68204615F8011FC5
:105F90009847F6E75B6B20469847B0FA80F04009D7
:105FA000F8BD00BF8C2500241FB504AC04F8012DFA
:105FB000012200932346FFF7CFFF04B010BD00007D
:105FC0002DE9FF410A9C1F460F4B90460DF10F0231
:105FD00005461B880E460094FFF7A0FF01229DF89E
:105FE0000F3002FA08F252B25FB11A43D2B223461E
:105FF000314628468DF80F20FFF7D6FF04B0BDE8E4
:10600000F08123EA0202F2E71C000024222303703D
:106010007047000007B50021074A03460078019148
:106020001288013300920322FFF71CFFC31E58425F
:10603000584103B05DF804FB1C000024002301F06C
:10604000070213B5044600780193C1F3C701064B5C
:106050001B880093631CFFF76BFF6078003018BF4C
:10606000012002B010BD00BF1C00002413B5CC08F5
:106070000023007804340093134601F00702E1B2D4
:10608000FFF79EFF02B010BD13B5C3700023047864
:1060900041708421827003220093431C2046FFF745
:1060A0005BFF02B010BD13B5CC08002300780C34A0
:1060B0000093134601F00702E1B2FFF781FF02B03F
:1060C00010BD017070470078704710B5C36886B086
:1060D00001228DF80F100DF10F011868036800926E
:1060E000DC680DF11703A0479DF8170006B010BD3E
:1060F000F8B5427A044603680E46CFB29B680D0A93
:1061000062B939469847236860F3070629469B68B9
:106110002046984760F30F26B0B2F8BD294698474D
:10612000236860F30F2639469B682046984760F342
:106130000706F1E7C36813B5186803680092DC68C6
:106140000B46A04702B010BD704770477047C36848
:1061500010B5044653B1186840B103685B689847AE
:106160000421E0680CF0D2F90023E36010BD10B503
:10617000044618210CF0CAF9204610BD436873B5D7
:1061800099426D4604460E4685E8060005D18268B0
:10619000019B534033F07F4311D0E36808219DF801
:1061A0000420186807F071FBE3683146186807F0AF
:1061B0008AFB0098A988AA7960602181A27202B046
:1061C00070BD73B5C568044625B904200CF06AF9A2
:1061D000E0600560E3681B6883B94FF0FF36742008
:1061E0000CF060F9B4F91430B4F910200546B4F994
:1061F0001210009607F04EFCE3681D6002B070BDFF
:10620000742128460CF082F91CF08CFE38B50A2067
:1062100002F02EFE0546082002F02AFE0446092060
:1062200002F026FE094B0A4A0121988218461A609C
:10623000002259725A601A729A72DA601D825C8268
:10624000044A0549BDE838400BF0DABE4025002479
:1062500004080708000000244D610408002070476E
:106260000268322313B50093946A40F21342A047A8
:1062700002B010BD13B5046800931346A46A40F23F
:106280001342A04702B010BD13B532230468009337
:10629000A46AA04702B010BD006903681B691847D3
:1062A000006903689B691847006903685B691847C0
:1062B00000690368DB6818470120704770B5044621
:1062C0000D4616460499C5622286026A002A08BF56
:1062D0001A46436A002B18BF194602624162806960
:1062E000002807DB0121C0B202F03EFE0021207E23
:1062F00002F0BEFEE069002807DB0121C0B202F017
:1063000033FE0121207F02F0B3FE002320693246D4
:10631000294684F828300368BDE870401B6A184796
:1063200010B50446006903685B6A9847A0690028B5
:1063300007DB0021C0B202F09BFE0021207E02F0AC
:1063400013FEE069002809DB0021C0B202F090FED4
:10635000207F0021BDE8104002F006BE10BD0346BC
:1063600090F8280018B1186903681B6818470122C3
:106370005A60704770B500254FF47A768361049BAC
:10638000456280F82850C0E90156034EC0E9041266
:106390000660C0E9073570BD400807080A4B0022B7
:1063A0004FF47A7101205A6283F82820C3E9012151
:1063B00006491960064919611521C3E9050114212F
:1063C000C3E90712704700BF58250024400807089A
:1063D000942E00240368C9B21B68184749000023A3
:1063E000C161C0F82C327047036801211B6B18474C
:1063F00010B403689C6B0123A4465DF8044B60470E
:10640000D0F82C32B3F5807F1FBF5A1CC0F82C2265
:10641000C01880F82C1114BF01200020704770476D
:10642000C0F830127047C0F834127047D0F82831E5
:106430002BB1D0F82431184490F8200070474FF069
:10644000FF30704738B5036804465B6A9847FC2004
:106450000CF028F8B4F91A20B4F91810054606F023
:1064600077FE656138BDFC2128460CF04FF81CF022
:1064700059FD38B5D0F82C321446054600F5967013
:106480001A441844B2F5807F88BFC3F58074224651
:106490001FF0E8FED5F82C3220462344C5F82C32F4
:1064A00038BD38B5044640690D4608B106F069FDAF
:1064B000206920B12946BDE8384006F0A1BE38BDAC
:1064C00007B581F0010100F596720091D0F82C32E9
:1064D000C169406906F068FD002814BF0220002051
:1064E00003B05DF804FB10B504460BF0A9F9D4F82D
:1064F00028410BF0BBF9204610BD10B504460BF047
:106500009FF9D4F82831BBB1D4F82831A3B1D4F81D
:106510002431234493F82000D4F824310133DBB232
:10652000C4F82431D4F82831013BC4F8283104469A
:106530000BF09CF9204610BD4FF0FF34F8E710B582
:106540000446406920B10368DB6898470023636113
:1065500023699BB1D4F838020CF09FFAD4F83802C2
:106560000CF0FFFAD4F8380210B103685B68984762
:106570009C2120690BF0CAFF0023236110BD70B578
:10658000B2F5807FC2B083F00103044628BF4FF408
:10659000807202AE009349001546134640693246A8
:1065A00006F021FDC8B9A84218D0D4F82831B3F5B7
:1065B000807F10D0D4F82031325C234483F820202F
:1065C000D4F820310133DBB2C4F82031D4F82831BB
:1065D0000133C4F828310130E5E70025284642B0F0
:1065E00070BD70B50446C0B00025206906F011FEEC
:1065F0000328FAD8DFE800F05F021E1ED4F8343218
:1066000003B19847D4F82C32002BEED00BF018F9D8
:1066100094F82C6204F59671684632461FF022FE0B
:10662000C4F82C520BF022F932466946206906F074
:10663000F4FDDAE7F0226946206906F0ECFD064633
:106640000BF0FEF80022C4F82051C4F82451C4F81D
:106650002851B2421DDAD4F82831B3F5807F18D022
:10666000D4F82831B3F5807F11D0D4F820311DF84B
:106670000210234483F82010D4F820310133DBB218
:10668000C4F82031D4F828310133C4F8283101325C
:10669000DFE70BF0EBF8236820461B6998470028DA
:1066A000A3DDD4F83062002E9FD0236820461B69FA
:1066B0009847B04799E702F025FC96E70022C260B0
:1066C0007047000038B500254FF47A730446018303
:1066D000428329464FF48072C0E901530A4BC0E956
:1066E0000455036020301FF0BBFEC4F82051C4F8ED
:1066F0002C522046C4F82451C4F83052C4F8285112
:10670000C4F8345238BD00BF9408070810B50446D9
:106710000021FFF7D3FF204610BD10B4D0E90034AC
:1067200009686210E4075DF8044B01EB020044BF06
:106730008A58D35818470146043008B5FFF7EDFFD3
:1067400008BD0000034A0346C26007C983E807008A
:10675000704700BF7408070810B586B0044603915F
:10676000684606A980E80C0001E90C00204603A950
:10677000FFF7E8FF204606B010BD37B56C4605466A
:1067800084E80C0094E80C00FFF7E6FF284603B00D
:1067900030BD00002DE9F0410368054688B00E4683
:1067A0005B6A98479C200BF07DFEB5F91A20B5F97D
:1067B0001810044606F00AFD710020462C6106F010
:1067C00021FDBC200BF06EFE04460646234B04F16F
:1067D000400746F8043B3046FFF798FF0021384653
:1067E0000CF0D6F804F1540840460CF06FF81C4B3E
:1067F0004FF4006218212046009300230CF042F968
:10680000184B294604A8C5F8384202930023039385
:1068100002AB0CCBFFF7B1FF04A920460CF0DCF96A
:1068200010E040460CF092F838460CF0DAF83046AA
:10683000FEF78EFABC2120460BF068FE1CF072FBBE
:10684000F2E7F4E704A8FEF783FA08B0BDE8F081A8
:106850009C21F0E704A8FEF77BFAEFE7BC270708C6
:1068600080080708E365040808B5FFF764FF08BD62
:1068700008B5FFF7F9FF08BD10B50B2002F0F8FAD4
:1068800004460C2002F0F4FA214602460748FFF7BE
:1068900019FF162217210648FFF714FF7B227C21DF
:1068A0000448BDE81040FFF70DBF00BF8C25002451
:1068B000C8270024042A00240020704700207047C5
:1068C00030B5A1F11004002500F00F02CD7302399C
:1068D0000009D3B2092ACCBF373330330B748C4252
:1068E000F2D130BD2DE9FF470024061D05468A463A
:1068F00090469946009423464FF0FF32B12130462E
:10690000CDE9014406F0E4FE29682846DDE90C23C0
:10691000CDE9002342464F694B465146B8470094A3
:1069200023464FF0FF32C1213046CDE9014406F045
:10693000CFFE204604B0BDE8F0872DE9D04F9B463E
:106940000368924604469B6ADDE908899847024637
:106950000B46504659461CF095FF134302D00020C9
:10696000BDE8D08F236820469B6A984702460B46B5
:10697000404649461CF086FF1343F0D11AEB080647
:10698000236820464BEB09079B6B9847B94208BF29
:10699000B0422CBF01200020E2E701682DE9F04160
:1069A00014461D46096B0646884702460B4620469C
:1069B00029461CF067FF134302D00020BDE8F08198
:1069C000DDE906233046A71845EB030817F1FF322F
:1069D0003368196B48F1FF33884702460B46384647
:1069E00041461CF04FFF1343E7D1336830469B6BA1
:1069F0009847414508BFB8422CBF01200020DDE781
:106A00002DE9D04F9B460368924604465B6ADDE958
:106A10000889984702460B46504659461CF032FFFB
:106A2000134302D00020BDE8D08F236820465B6A64
:106A3000984702460B46404649461CF023FF134345
:106A4000F0D11AEB0806236820464BEB09079B6B35
:106A50009847B94208BFB0422CBF01200020E2E7AE
:106A6000C2207047244830B5037887B0BFF35B8FEE
:106A700013F001041CD10BF0D3FAC8B11F4B6622EE
:106A80003B211F48CDE903435A23CDE901323D2381
:106A90003C22009357230DF06DFA194C194B164800
:106AA00023600BF0DFFA184A204618490BF0A8FAC9
:106AB00013480DF099FC164D1A2200232946104860
:106AC000CDE9002300230022FFF70CFF2B780446BA
:106AD000B52B04D10F4B01221D600F4B1A700848D3
:106AE0000DF0DEFAB4FA84F0400907B030BD024878
:106AF0000BF0C0FC1CF016FA642C0024005A620251
:106B0000702C0024EC08070800000024C96C04085D
:106B1000782E002420000024682C002410B50446A0
:106B20000EF0FEF82146FFF7CBFE0EF0FFF804F161
:106B30001001FFF7C5FE0EF0FFF804F12001FFF78A
:106B4000BFFE302010BD000008B54DF6597200217F
:106B5000074814F037FBBFF34F8F0649064BCA684E
:106B600002F4E0621343CB60BFF34F8F00BFFDE739
:106B7000402C002400ED00E00400FA0510B50446A6
:106B8000F9F70DFD204610BD064B10B50446036015
:106B9000806A08B10AF058F8201DFFF7EFFF204681
:106BA00010BD00BF8C15070800B5C3B01622172111
:106BB00003A806F0CDFA4FF4A17302AA1021ADF894
:106BC0000830002303A80093022306F0EDF903A880
:106BD000FFF7DAFF43B05DF804FB03A8FFF7D4FF2B
:106BE0001CF0A0F91D4B01211D4AA62070B51A60AA
:106BF00002F004FA0121A62002F080FAFFF7D4FF88
:106C0000184B43F2D2021A60FFF72CFF164B1B7889
:106C100033B1164B1B689A8840F209439A421BD83D
:106C2000134B9B6D03F46043B3F5004F14D002F097
:106C300039F9104D044602F047F9064602F044F9CE
:106C4000801BA842FAD902F02DF9001B642803D05A
:106C5000BDE8704019F08AB970BD00BF402C002417
:106C60000040005800400052682C002420000024FE
:106C7000004402589F86010010B50446FFF784FFC8
:106C8000FC2120460BF042FC204610BD38B5074BD6
:106C90000546044645F8BC3B0DF002FA28460BF0C9
:106CA00055FE201D06F054FD204638BDEC33070884
:106CB00010B50446FFF7EAFF4FF4027120460BF0CF
:106CC00025FC204610BD0000034B10B504460360B0
:106CD000FFF7DCFF204610BDEC08070810B504469E
:106CE000FFF7F2FF4FF4027120460BF00FFC204635
:106CF00010BD70B590F8343105461446F3B90368F9
:106D0000DB69984704F4706304F00F02B3F5407F29
:106D100004F0F0030CBF07210821302B0CBF022325
:106D20000123012A08D0901E42424241A869BDE8D1
:106D30007040006806F0D6BF0222F7E770BD10B5BC
:106D400090F8343104462BB9A369186807F00EF89F
:106D50000028F9D010BD38B590F834510446A5B9D3
:106D600083695BB1186848B10368DB689847A36919
:106D700004211D60A0690BF0C9FBA5610023C4F8C4
:106D80002831C4F82C31C4F8303138BD13B590F82F
:106D9000343104466BBBA369186806F0BBFF40B3EF
:106DA0000AF04EFDA36901220DF10701186803687E
:106DB0005B699847D4F83031B3F5807F16D0D4F8AA
:106DC0003031B3F5807F11D0D4F828319DF80720F9
:106DD000234483F82820D4F828310133DBB2C4F8E7
:106DE0002831D4F830310133C4F830310AF03EFD97
:106DF000D1E702B010BD000008B590F834313BB1C6
:106E0000012002F06DF80648BDE8084001F051BAD3
:106E100082691AB11368003318BF0123184608BDF0
:106E20000839002470B504460D4601F042FA30B12D
:106E30002368294620461B6CBDE87040184770BD8A
:106E4000A0F59860EEE7000013B590F834310446E1
:106E50008DF807102BB1C9B20B48FFF7E3FF02B062
:106E600010BDA369186806F081FF0028F9D0A36956
:106E700001220DF10701186803681B69984701306A
:106E800018BF0120EBE700BF083900242DE9F041CD
:106E900007468846164601F00CFA80B10024A64247
:106EA0000ED9351B08EB04013846B5F5007F28BF25
:106EB0004FF400752A462C4400F044FFEFE70446E7
:106EC0002046BDE8F081A0F59860DFE770B590F846
:106ED000343105460E4614462BB10F48FFF7D6FF56
:106EE0000446204670BDAB69186806F03FFF0028D5
:106EF000F9D0AB6901211868D0F8883088301B6B55
:106F00009847AB6922463146186803681B69984761
:106F1000013008BF0024E4E70839002430B50446F6
:106F2000C3B001F0B1F90546D4F8D835C3F5807384
:106F3000984203DDD4F8D855C5F580752A4601ABD3
:106F400002A9204600F0F5FF019902AB00226D1A5C
:106F50001D44D4F8D835B3F5807F19D08A4217D0B4
:106F6000D4F8D835B3F5807F10D0D4F8D035A85CEC
:106F7000234483F8D004D4F8D0350133DBB2C4F80D
:106F8000D035D4F8D8350133C4F8D8350132E0E72C
:106F900043B030BD38B5044600F0BCFB2046FFF7D7
:106FA000BDFFD4F8D855204600F0BCFB284638BDBC
:106FB000A0F59860EEE7000010B590F83431044673
:106FC0002BB10648FFF7E6FF0446204610BD0AF045
:106FD00037FCD4F830410AF049FCF6E708390024C0
:106FE00038B5044600F096FB2046FFF797FFD4F82B
:106FF000D8354BB1D4F8D435234493F8D054204637
:1070000000F090FB284638BD4FF0FF35F7E7A0F5BC
:107010009860E5E710B590F8343104462BB10B4881
:10702000FFF7DEFF0446204610BD0AF009FCD4F845
:1070300030313BB1D4F82C01044494F828400AF0D4
:1070400015FCF0E74FF0FF34F9E700BF08390024E2
:1070500038B5044600F05EFB2046FFF75FFFD4F82A
:10706000D835A3B1D4F8D435234493F8D054D4F808
:10707000D4350133DBB2C4F8D435D4F8D835013B6C
:10708000C4F8D835204600F04DFB284638BD4FF0F7
:10709000FF35F7E7A0F59860DAE7000010B590F843
:1070A000343104462BB11148FFF7D2FF0446204685
:1070B00010BD0AF0C5FBD4F830319BB1D4F82C31A7
:1070C000234493F82800D4F82C310133DBB2C4F800
:1070D0002C31D4F83031013BC4F8303104460AF089
:1070E000C5FBE4E74FF0FF34F9E700BF083900249F
:1070F00008B54FF4807200211FF0B2F90022C0F8E9
:107100000021C0F80421C0F8082108BD10B4D0E95E
:10711000003409686210E4075DF8044B01EB0200DB
:1071200044BF8A58D35818470146043008B5FFF7C2
:10713000EDFF08BD034A0346C26007C983E80700A4
:10714000704700BF3C09070810B586B0044603919C
:10715000684606A980E80C0001E90C00204603A956
:10716000FFF7E8FF204606B010BD37B56C46054670
:1071700084E80C0094E80C00FFF7E6FF284603B013
:1071800030BD000070B590F8343186B004460E462C
:10719000002B3BD1856925B904200BF083F9A06150
:1071A0000560A369186850BB8C200BF07BF933464F
:1071B000B4F922200546B4F9201007F05FF9A3695D
:1071C0001D60B4F92420531C06D0A0690321B4F932
:1071D0002630006807F062F9A3691D68B5B1114B4C
:1071E0000026214602A800936B4601960CCBFFF7C0
:1071F000BCFF324602A9284606F026FE03E03146CF
:1072000006F05DFDDDE702A8FDF7A2FD06B070BD4A
:107210008C2128460BF07AF91BF084FE02A8FDF7BA
:1072200097FDF9E78D6D040808B5FFF77DFF08BDF0
:1072300008B5FFF7F9FF08BD2DE9F84300242D4DEF
:107240004FF47A782C4F202605F128002F60EC614E
:10725000C5E90148C5E90564FFF74AFF01230E208F
:1072600085F8343101F004FE244D81460D2001F0F3
:10727000FFFDA5F820904FF6FF79688405F12800FE
:107280002F60EC61A5F82490A5F82690C5E9014887
:10729000C5E90564FFF72CFF85F834410F23184D2D
:1072A0002B84562305F128002F606B845823EC6152
:1072B000AB845923C5E90148EB84C5E90564FFF7B0
:1072C00017FF85F8344198230E4D2B84992305F13F
:1072D00028002F60EC616B84A5F82490A5F8269017
:1072E000C5E90148C5E90564FFF702FF85F83441A7
:1072F000BDE8F8833C32002450090708942E00248E
:10730000CC2F0024043100240020704770477047C0
:1073100010B5D0F88C452CB123682046DB6A98471D
:10732000A468F8E710BD38B50D46D0F88C4534B1E7
:10733000236820462946DB689847A468F7E738BDEC
:10734000004870471C0A0708054B10B50446036047
:1073500008F019FB204608F027FC204610BD00BFAE
:107360009C09070810B50446FFF7EEFF4FF4B26121
:1073700020460BF0CBF8204610BDF7B5002305469C
:107380000E46D0F88C45A4B1236831460DF10302B6
:1073900020461F6901ABB8479DF803100346042936
:1073A00005D0019A284607F0FDFD03B0F0BDA468A2
:1073B000E9E7019A9DF80310F4E770B505460E461B
:1073C00022B10021BDE8704007F0F8BBD0F88C4531
:1073D0005CB123680022314620465B69984710B1B2
:1073E00001212846EEE7A468F2E72146F9E770B5E7
:1073F0000E460546D0F88C4500213CB12368314645
:1074000020469B699847A4680146F6E72846BDE8F0
:10741000704007F0C7BCF8B505460E461746D0F8D1
:107420008C453CB1236820463A463146DB69984793
:10743000A468F6E728460121BDE8F84007F010BD32
:1074400070B5002186B0044607F0F7FE00234FF424
:107450008975A188EF26ADF806302389ADF8045070
:1074600002258DF810301B0AE2888DF8113040F2A9
:1074700001238DF80750ADF8123040F203138DF858
:1074800009500125ADF8143004F10A038DF80860A5
:1074900005AE8DF80A501C468DF80C1001AD090A96
:1074A0008DF80E20120A8DF80B008DF80D108DF856
:1074B0000F202A46083303CAB24243F8080C43F8A7
:1074C000041C1546F5D1128820461A8006B070BDFE
:1074D000F8B5002406460D46274630461FF010FD3D
:1074E000A04207D9335D05F8143005EB440301349D
:1074F0005F70F2E7400000F0FE00F8BD38B50446CA
:10750000D0F88C5535B12B6828465B6A984710B97E
:10751000AD68F7E7284640F2023304F24A51A4F876
:107520004835FFF7D5FF94F84835184484F84805E6
:1075300004F5A96038BD000040F2023300F20A51A0
:1075400010B50446A0F808350548FFF7C1FF94F8C8
:107550000835184484F8080504F5A16010BD00BF83
:107560008809070840F2023310B50446A0F8C83471
:1075700000F2CA40FFF7D2FA94F8C834184484F8ED
:10758000C80404F5996010BD2DE9FF4100231D4A90
:10759000044600F54E788DF80A30092590F88835B4
:1075A0000192FA228DF8083001238DF80C208DF815
:1075B0000930C0238DF80B3001AB03CBC4F838037E
:1075C000C8F8041088F80820D4F88C658EB13368A8
:1075D000002130469B689847478805F54E7300F1B7
:1075E0000901093FE0183A463D441EF03BFEB668EB
:1075F000ECE784F83A5340462D1284F83B5304B02C
:10760000BDE8F0810902FFFF73B504460D4616463A
:1076100016F010FF4FF4807301462A46204600936F
:10762000334608F07DFA024B2046236002B070BD5D
:107630009C09070810B5D0F88C350446A3B9C0F8EA
:107640008C1594F8883508464A790B7194F888357A
:10765000134484F888350B689B6A9847238918443B
:107660002081012010BD13469A68002AFBD1996041
:10767000E7E71FB5044607F0DBFD0146684606F064
:10768000D5FF4021684607F043F8D4F88C4534B163
:107690002368694620461B6A9847A468F7E768464E
:1076A00006F0CBFF04B010BD684606F0C6FF1BF025
:1076B00039FC10B50446FFF7DCFF2046BDE810405A
:1076C00007F09DBD0F4808B50378BFF35B8FDB075C
:1076D00011D40AF0A5FC70B140F25B2242F24131B4
:1076E0000948FFF791FF07480AF0BCFC074A084920
:1076F00005480AF085FC044808BD02480AF0BAFEB5
:107700001BF010FC743300247833002400000024A4
:107710004973040810B5FFF7D5FF0368BDE81040B2
:107720005B6F184710B5FFF7CDFF0368BDE8104049
:107730009B6F184710B5FFF7C5FF0368BDE8104001
:10774000DB6F184707F01AB907F02EB907F006B932
:10775000704770477047436A93F878007047D0F8D5
:10776000A40470470120704700487047880B070841
:107770002DE9F04794B004460F464B22002101A8A2
:107780001EF06EFE2679D4F8A434751C94F80E9081
:10779000002B94F80C80EDB294F80DE014BF052096
:1077A0000020002F40F0938040F2092309218DF83A
:1077B0001D0042F20540ADF804304FF481738DF89E
:1077C00015100121ADF808308023ADF81E001020FF
:1077D0008DF80B3032234FF0040A24278DF80C303B
:1077E00008234FF0030C4B228DF80D300B238DF83E
:1077F00019101D348DF80E3040F202238DF81C1044
:10780000ADF8103002238DF8210005208DF82210EC
:107810008DF825108DF8271006218DF806208DF89B
:107820000F608DF812308DF817608DF81A308DF8D2
:107830001B308DF823008DF826C08DF82A308DF886
:107840002B108DF82C008DF816A08DF824708DF873
:1078500028A08DF829708DF82D708DF82E10072135
:107860008DF82F6041F202068DF831108DF841102D
:1078700040F207518DF83050ADF8366040F20946BD
:107880008DF83A5040F602258DF832008DF842000E
:107890002046ADF848100DEB0A018DF833908DF8B5
:1078A00034C0ADF83860ADF83C508DF843808DF8A9
:1078B00044308DF846308DF84AE08DF84B308DF825
:1078C0004D301EF0CFFC204614B0BDE8F0870020FC
:1078D000FAE700000A4B10B504460360FFF7F2FE1A
:1078E00008F051F804F5247006F0ACFF04F17C00B8
:1078F00006F0A8FF04F1700006F0A4FF204610BDBA
:10790000480B070810B50446FFF7E4FF4FF49561F4
:1079100020460AF0FBFD204610BDFFF70BBF00001C
:10792000034B10B50446036006F048FE204610BD28
:10793000640A070810B50446FFF7F2FF2821204625
:107940000AF0E4FD204610BD034B10B50446036069
:1079500006F034FE204610BD340A070810B5044670
:10796000FFF7F2FF342120460AF0D0FD204610BD7B
:10797000034B10B50446036006F020FE204610BD00
:107980004C0A070810B50446FFF7F2FF38212046DD
:107990000AF0BCFD204610BD38B51E4B0D4604460E
:1079A0004FF400721968C0F80F1099889B79A0F8FD
:1079B000131002214375284606F0A0FE4FF4007212
:1079C00020730221284606F09EFE4FF40072607379
:1079D0000321284606F092FEA073284606F02EFEEC
:1079E00020B9AF220C490D4809F032FE04F185029E
:1079F0000023C4F8882204F2992284F8783084F8AD
:107A00008430C4F88C3284F89832C4F89C24C4F8CA
:107A1000A03438BD800A0708230B07082E0B07087F
:107A20002DE9F34104460E461546FFF783FEF28822
:107A300023799A4237D1002D35D17778012F2ED175
:107A4000F378202B27D13289072A24D104F10F089B
:107A500004F11605404629461EF0D2FBD0B1D4F8F9
:107A60001630C4F80F30638B207CE17BA4F8133010
:107A700001EB0021E57C607C237F01EB0041009558
:107A8000A07C2568637501EB0061237D2046627D43
:107A90006D6BA8473D46F378212B08BF012528468A
:107AA00002B0BDE8F0810025F9E710B50446FFF704
:107AB00041FEFFF707FE217B07F002FE04F185037C
:107AC00004F17C00C4F888320023C4F88C3284F8B6
:107AD000843006F06CFE94F884302BB9236820467D
:107AE000DB6BBDE81040184710BD000070B50446C0
:107AF000FFF720FED4F8A0542DB140F2DD120F495B
:107B00000F4809F0A5FD04F29923C4F89C34FFF74F
:107B1000D9FD617B07F032FD84F89852C4F8A004C7
:107B200004F5247006F043FE94F898322BB92368CC
:107B300020469B6BBDE87040184770BD230B0708BB
:107B40008C0A070802232DE9F04143710023044603
:107B5000054683609046144B04F17C0645F8703B63
:107B6000284606F017FE304606F014FE04F524778A
:107B7000384606F00FFEC4F8A484FFF7A3FD2146A3
:107B8000FFF758FD0CE0384606F05CFE304606F084
:107B900059FE284606F056FE1BF0C4F9F6E7F8E752
:107BA0002046BDE8F08100BF480B070870B50446C9
:107BB0000D46FFF7BFFD84F87850002D3ED194F8B4
:107BC000843033B1FFF77EFD217B07F051FB84F851
:107BD000845004F1850304F17C0600253046C4F886
:107BE0008832C4F88C5206F0E2FD304606F0D8FD2B
:107BF00028B94FF4A2721449144809F029FD94F8E9
:107C0000983233B1FFF75EFD217B07F031FB84F83A
:107C1000985204F2992304F52475C4F89C34002387
:107C20002846C4F8A03406F0C2FD284606F0B8FD88
:107C300020B94FF4A77204490548DEE704F170004B
:107C4000BDE8704006F0B3BD230B07089A0A070889
:107C5000AB0A070810B50446FFF76CFD002120466B
:107C6000BDE81040FFF7A2BF38B50D460446FFF748
:107C700061FD042D05D020460021BDE83840FFF706
:107C800095BF38BDF8B5164604460D461F46FFF7AA
:107C900051FD0423EA88337023799A4225D169780B
:107CA000012922D1EA78212A08D0222A0BD0202AC1
:107CB0004FF000001BD13070163401E00F343170EA
:107CC00007203C60F8BDAB88204613F0010308BFD5
:107CD0001946FFF76BFFAB8803F00103E366AB883F
:107CE00003F00203A366022333700020EAE70323B4
:107CF0003370E7E710B58AB00446FFF70BFD68461E
:107D000006F04CFC0D4B694604F170000093099499
:107D100006F065FD2046FFF705FD094B002168468A
:107D20001A6806F001FC6846FFF7FAFD0AB010BDBC
:107D30006846FFF7F5FD1BF0F5F800BF640A070879
:107D4000880A070870B58EB004460E461546FFF740
:107D5000E1FC01A806F022FC114B01A904F17C0012
:107D6000019300230C958DF83430CDE90A4606F0D6
:107D700036FD2046FFF7D6FC0A4B002101A81A6801
:107D800006F0D2FB04E001A8FFF7DEFD1BF0CAF805
:107D90009DF8344001A8FFF7D7FD20460EB070BD16
:107DA000340A0708880A070810B50446FFF7C2FC22
:107DB00094F884307BB9D4F88C3263B1FFF782FC3D
:107DC000D4F88C3204F18502217B07F017FC10B146
:107DD000012384F8843010BD2DE9F8431E46044683
:107DE000894690469DF82070FFF794FC002333608D
:107DF00094F87830E3B194F88430CBB9D4F88C524D
:107E0000C5F50075454528BF4546B8F1000F05D0BA
:107E10002A464946D4F888021EF024FAD4F88C3257
:107E20002B44C4F88C32356017B12046FFF7BCFFF5
:107E30002046BDE8F843FFF775BCF0B50446406A3C
:107E400085B0012690F878502DB984F83050354629
:107E5000284605B0F0BD04AB0027D4E90A1243F868
:107E6000047D0096FFF7B8FF0399E36AA26A5B1AE4
:107E70000A44E362A26213B984F83060E8E7606AFA
:107E80003D46FFF791FFE3E72DE9F0431C4691B033
:107E9000054689469046FFF73DFC002C4FF0000652
:107EA00002A806BF01AC01270027266006F076FB7A
:107EB000134B02A905F5247002938DF83C708DF8E0
:107EC0003D60CDE90B59CDE90D8406F088FC2846CC
:107ED000FFF728FC0B4B314602A81A6806F024FB7A
:107EE00004E002A8FFF744FD1BF01CF89DF83D409C
:107EF00002A8FFF73DFD204611B0BDE8F08300BFAA
:107F00004C0A0708880A070810B5D0F8A0340446C0
:107F100073B990F898325BB9FFF7D4FB4FF4007354
:107F200004F29922617B07F0CBFA012384F898329E
:107F300010BD70B504461E4600230846336094F811
:107F40007830EBB194F89832D3B9D4F8A054D4F87F
:107F50009C14954228BF15462A461EF083F93560C9
:107F6000D4F89C34D4F8A0242B44551BC4F89C347A
:107F7000C4F8A05425B92046BDE87040FFF7C4BF3F
:107F800070BD37B50446406A90F878502DB984F832
:107F900035500125284603B030BD02AB002243F81E
:107FA000042DD4E90A12FFF7C4FF0199A26A0A441A
:107FB000A262226B13680B4413600199E36A5B1A97
:107FC00094F83410E36209B9126802B91BB90123AD
:107FD00084F83530DEE7606A0025FFF795FFD9E7C2
:107FE00010B50446FEF792FB204610BD10B4D0E950
:107FF000003409686210E4075DF8044B01EB0200ED
:1080000044BF8A58D35818470146043008B5FFF7D3
:10801000EDFF08BD034A0346C26007C983E80700B5
:10802000704700BF740A070810B586B00446039174
:10803000684606A980E80C0001E90C00204603A967
:10804000FFF7E8FF204606B010BD37B56C46054681
:1080500084E80C0094E80C00FFF7E6FF284603B024
:1080600030BD0000F0B58BB00546FFF763FB06ACF2
:10807000FFF728FBAF7B064600212046FFF7B0FF45
:10808000009403234FF400723946304607F0DEFCBB
:108090002046FCF75DFEFFF715FB234B06462F7BC2
:1080A0000293002329462046039302AB0CCBFFF733
:1080B000CCFF009402234FF400723946304607F09B
:1080C000C5FC2046FCF744FEFFF7FCFA174B0646BA
:1080D0006F7B0493002329462046059304AB0CCB09
:1080E000FFF7B3FF009402234FF400723946304685
:1080F00007F0ACFC06E02046FCF72AFE1AF012FF5F
:10810000F9E7F8E72046FCF723FEFFF7DBFA4FF428
:108110000073D5F89C24697B07F0D2F9012085F81B
:1081200098020BB0F0BD00BFAB7A0408ED7A0408EA
:1081300008B5FFF769FF08BD08B5FFF7F9FF08BDEF
:108140006FF01500704700290CBF6FF01800002079
:108150007047012070476FF0150070476FF01500F1
:1081600070471120704770477047704703689B6CD9
:108170001847A0F59860F9E7704770477047704757
:1081800010B50446012000F0ABFE94F8780010BD55
:10819000A0F59860F4E7000038B54FF0FF320123F6
:1081A000FF210B480AF050FB0A4D00F07BFE04460D
:1081B00095F878301BB1012000F092FEF8E700F04E
:1081C00071FE001BC728F6D9BDE83840FEF7BCBCDD
:1081D000403F00240839002407B502AB012243F8D0
:1081E000041D1946FFF7AEFD18B1019803B05DF804
:1081F00004FB4FF0FF30F9E7A0F59560FFF7ECBF07
:1082000007B5002302A9012201F8013DFFF73CFE5A
:1082100020B19DF8070003B05DF804FB4FF0FF307C
:10822000F9E7A0F59560FFF7EBBF2DE9F8430446A9
:10823000884617461E46089DFFF77CFAD4F8F0954D
:10824000B9F1000F04D02B46324639464046C847A4
:10825000C4F8E085C4F8E475C4F8E865C4F8EC55E2
:10826000BDE8F883B0F5966F03D1012101480AF00B
:10827000CDBA7047403F002400687047CB68C360A8
:108280000BB15B681847704738B50546FFF742FAEF
:1082900095F898325BB9D5F8A044B4F5007F28BFB3
:1082A0004FF400742846FFF73DFA204638BD0024FD
:1082B000F8E790F878007047114B03F1780270B539
:1082C00003600446C0F8A82400F2F45603F1D80273
:1082D00000F23465E833C0F8AC24C0F8C034AE42D4
:1082E00004D0103D2846FCF733FDF8E704F595600F
:1082F00008F030FE2046FFF7EDFA204670BD00BFC3
:10830000540C0708A0F59560FFF7D6BFA0F2AC406B
:10831000FFF7D2BF10B50446FFF7CEFF4FF4C76199
:1083200020460AF0F3F8204610BDA0F2AC40FFF75B
:10833000F1BFA0F59560FFF7EDBF00002DE9F74311
:1083400004461E468846154616F074F8BDF82C30D3
:1083500004F59567014601932A46BDF8283020466A
:1083600000933346FFF7EEFB0021384608F0C8FDC6
:108370004FF47A73002504F2F45904F59A60C4F8B6
:10838000C8342946204B4E46C4F8C45403F1780241
:108390002360C4F8A82403F1D802E833C4F8AC245D
:1083A0004FF48072C4F8C0341EF05AF8C4F8D055A7
:1083B000C4F8D455C4F8D85504F2346530461036A4
:1083C000FEF7A4F9B542F9D10023C4F83436C4F855
:1083D000F035B8F1000F13D02046FFF78BFC0FE00B
:1083E0004D4504D0103D2846FCF7B2FCF8E738466E
:1083F00008F0B0FD2046FFF76DFA1AF093FDF9E79B
:10840000204603B0BDE8F083540C0708884238B515
:10841000044606D00D46F8F7C2F820462946FFF775
:108420002DFF204638BD08B5F8F7B1F800680030D8
:1084300018BF012008BD000010B50446FFF7F3FF88
:1084400028B940F202220649064809F001F9E0681D
:10845000FFF712FF03462046BDE81040184700BF53
:10846000350C0708400C0708F8B506460025FFF74D
:1084700061F906F2F454D6F83436AB420AD92046F4
:108480002746FFF7D0FF103420B138460135FFF7FB
:10849000D3FFF0E7F8BD10B4D0E9003409686210EA
:1084A000E4075DF8044B01EB020044BF8A58D3583F
:1084B00018470146043008B5FFF7EDFF08BD00007E
:1084C000034A0346C26007C983E80700704700BF3C
:1084D000A00B070810B586B004460391684606A9AC
:1084E00080E80C0001E90C00204603A9FFF7E8FF33
:1084F000204606B010BD37B56C46054684E80C0032
:1085000094E80C00FFF7E6FF284603B030BD0000FA
:108510002DE9F04188B00446FFF7FCF8384B2046BF
:10852000C4F8F035FFF7FEF8364B04A82146029355
:108530000023039302AB0CCBFFF7DDFF2046FFF7D0
:10854000E9F8D4F83406032803D92046FFF7EAF8FF
:108550000AE0431C04EB001004A9C4F8343600F20E
:10856000F450FFF753FFF0E704A8FCF7F1FBBC2041
:1085700009F098FF05460646234B05F1400746F8EB
:10858000043B3046FEF7C2F8002138460AF000FAF4
:1085900005F1540840460AF099F91C4B4FF48072DB
:1085A00018212846009300230AF06CFA184904A801
:1085B000C4F8DC55FCF7F0FB04A928460AF00CFBD4
:1085C00010E040460AF0C2F938460AF00AFA30468E
:1085D000FCF7BEFBBC21284609F098FF1AF0A2FC6C
:1085E000F2E7F4E704A8FCF7B3FB2046FEF796FC9D
:1085F00008B0BDE8F08104A8FCF7AAFBEEE7FAE7B3
:10860000658204081D6F0408BC270708AC0B070827
:1086100099810408A0F59860FFF77ABF08B5FFF7C5
:1086200048FF08BD08B5FFF7F9FF08BD37B50F4C87
:108630000F4D20460AF0DAF82A460E49204609F086
:10864000DFFC42F2120301220B4CCDE90032002282
:108650004FF4F85320461146FFF770FE2A460749AB
:10866000204603B0BDE8304009F0CABC403F0024BA
:10867000000000241328050808390024B9820408E2
:1086800008B51CF037FA2DE9F04F027D85B005469C
:108690000E46012A40F08E8000214FF0FF3B044639
:1086A0000B465F4694F804C048B2BCF1000F73D18A
:1086B00094F805C0BCF1000F6ED1B7F1FF3F17BFB2
:1086C0000133012338465BB2934201DD1A468346EB
:1086D0000131023408295DD1002402EB0B03A146CD
:1086E0000293CB4502DC029B4B4558DC95F8058094
:1086F00095F804A04FEA281708F00F080AF00F03B6
:108700005FEA2A1AFAB201926FD05FFA8AF1BAF1DF
:10871000090F30460393D4BF3031573100F0D2F8FF
:10872000039B0444092B3046039394BF03F13001AB
:1087300003F1570100F0C6F80444BAF1000F02D16A
:10874000039B03B94FB1092F019F3046D4BF303787
:108750005737F9B200F0B6F80444B8F1090F3046C3
:1087600094BF08F1300108F1570100F0ABF8B9F1FE
:10877000070F044404D03A21304600F0A3F8044423
:1087800009F101090235B9F1080FAAD1204605B057
:10879000BDE8F08F074685E74FF0FF3098E7CB45FF
:1087A000EED1BBF1000FE6D13A21304600F08AF855
:1087B0000444E0E700F1100700F11309002417F862
:1087C000011B0A22304600F007F980462E21304670
:1087D00000F078F8B94540440444F0D10A22E97C1D
:1087E000304600F0F9F80444D0E7002B9AD1A9E70D
:1087F000054B102210B504460360017500210430BA
:108800001DF02EFE204610BD700D070870B5074DF7
:108810008374056000259DF81030057545608560FE
:10882000C56001744274C37470BD00BF700D070849
:1088300007B501210648FFF7DBFF002305481A466C
:1088400019460093FFF7E2FF03B05DF804FB00BF99
:10885000543F00246C3F00242DE9F04106460D46AC
:1088600001EB02080C464445A4EB050707D033682A
:10887000304614F8011B1B6898470028F3D138468E
:10888000BDE8F08170B5044608460D461EF038FB81
:1088900023680246294620465B68BDE870401847B9
:1088A00009B1FFF7EFBF0846704708B5FFF7F8FFBB
:1088B00008BD03688A685B680968184708B5FFF750
:1088C000EFFF08BD03681B68184700000149FFF768
:1088D000D9BF00BF7A59070838B50546FFF7E0FF52
:1088E00004462846FFF7F2FF204438BD38B5054658
:1088F000FFF7DFFF04462846FFF7E8FF204438BDB6
:1089000038B50546FFF7CCFF04462846FFF7DEFFE3
:10891000204438BD70B58AB00D460023012A98BFA7
:108920000A220AA901F8043DB5FBF2F402FB145631
:108930002546F3B2092E94BF30333733DBB201F84A
:10894000013D002CF0D1FFF7ABFF0AB070BD2DE95F
:10895000F04107460E4615462AB90368C9B21B689E
:10896000BDE8F04118470A2A05D1002905DBBDE81A
:10897000F041FFF7CFBFD2B2F9E72D21FFF7A2FFF9
:1089800004462A4671423846FFF7C4FF2044BDE83A
:10899000F081FFF7DCBF38B50546FFF7D8FF044686
:1089A0002846FFF793FF204438BD38B50546FFF74A
:1089B000CEFF04462846FFF789FF204438BD10B497
:1089C0002AB90368C9B25DF8044B1B681847D2B2D4
:1089D0005DF8044BFFF79EBFFFF7F1BF38B50546C2
:1089E000FFF7EDFF04462846FFF770FF204438BD2F
:1089F00038B50546FFF7E3FF04462846FFF766FF54
:108A0000204438BD0000000070B52DED068B0A9D96
:108A1000064643EC182BB4EE488B002DB8BF022558
:108A2000F1EE10FA06D73C49BDEC068BBDE870406C
:108A3000FFF728BFB0EEC87B9FED316BB4EE467BED
:108A4000F1EE10FA01DD3549EEE79FED2F7BB4EE34
:108A5000C78BF1EE10FA02DD31493046E4E79FEDB5
:108A60002C7BB4EEC78BF1EE10FAF5D4B5EEC08BCB
:108A7000F1EE10FA11D52D21B1EE488BFFF722FF50
:108A80000446B6EE007B0023B2EE046BDAB201338B
:108A9000AA4204DA87EE067BF8E70024F1E738EE15
:108AA000078B0A223046BCEEC89B19EE101AFFF75E
:108AB00031FF0444EDB1B8EE499B1A493046B2EE9D
:108AC00004ABFFF7DFFE044438EE498B15F1FF35A8
:108AD0000FD328EE0A8B0A223046BCEEC89B19EE53
:108AE000101AFFF717FFB8EE499B044438EE498B84
:108AF000ECE7BDEC068B204670BD00BFAFF30080F5
:108B0000FFFFFFFFFFFFEF7F000000E0FFFFEF41EF
:108B1000000000E0FFFFEFC1740D0708780D0708A3
:108B20007C0D07087AFB0608FFF76EBF37B506997C
:108B300005460091FFF768FF04462846FFF7C6FE8A
:108B4000204403B030BD10B50446006808B11DF0E4
:108B500045F8204610BD10B50446006808B11DF068
:108B60003DF800232360C4E9013310BD38B5044645
:108B70000D46006801311DF029FD10B1C4E9000562
:108B8000012038BD036810B5044623B143688B4209
:108B900001D3012010BD2046FFF7E8FF0028F9D0DF
:108BA000A368002BF5D122681370F3E770B50E4669
:108BB000114604461546FFF7E5FF20B92046FFF7AA
:108BC000CAFF204670BD2A463146A56020681DF0C8
:108BD00049FB2268A3680021D154F2E738B500238D
:108BE00004460D468360C0E9003339B108461EF0E3
:108BF00087F9294602462046FFF7D8FF204638BDB0
:108C000038B505460C4608461EF07AF9214602465C
:108C10002846BDE83840FFF7C9BF884238B5054649
:108C20000C460CD000681CF0D9FF23682B60A368A9
:108C3000AB6063686B6000232360C4E9013338BD17
:108C400088420B4610B5044604D0096821B19A68E1
:108C5000FFF7ACFF204610BDFFF77DFFFAE70023CA
:108C600010B504468360C0E90033FFF7E9FF2046F2
:108C700010BD10B50446FFF7D0FF204610BD10B55B
:108C8000044619B1FFF7BCFF204610BDFFF763FF94
:108C9000FAE72DE9F04105461746884619B900263E
:108CA0003046BDE8F0819AB1846814442146FFF74C
:108CB00069FF06460028F2D0AB683A46286841466C
:108CC00018441DF0CFFA2B680022AC601A55E7E774
:108CD0000126E5E707B502AB012203F8011D19469D
:108CE000FFF7D7FF03B05DF804FB826808B52AB927
:108CF00059B10878B0FA80F0400908BD006809B998
:108D00000078F7E71DF080FFF4E70120F5E710B5E4
:108D1000836814468A689B1AA3420AD3006838B154
:108D2000096841B120441EF059F9B0FA80F04009B9
:108D300010BD0020FCE70846FAE782688B689A427B
:108D400002D30022FFF7E3BF002070479A42F8B534
:108D50001D460F4688BF13460B491446064684BF7E
:108D60002C461D46FFF73AFFBA68A2420AD9396875
:108D7000AA4294BFC4EB0202C4EB05023046214470
:108D8000FFF714FF3046F8BD1021070803683BB118
:108D9000013B13F8010F18B18842FAD11A70F8E7B5
:108DA000704710B504683CB1013C14F8010F18B1CC
:108DB00021F098FD2070F8E710BD2DE9F04107681B
:108DC000064617B3846804B33D46287805F10108C8
:108DD0001CF052FE48B9013C3C4420781CF04CFE8B
:108DE00028B1A54203D8013CF7E74546EDE7621CF0
:108DF000AF42A2EB0502B26003D2294638461DF00D
:108E0000CBFA32680021B368D154BDE8F08100008C
:108E100010B500F069F80A4CFDF7E4FEFEF752FCCD
:108E2000FEF747FC4FF4E1310648FFF771FBFCF712
:108E300085FAFCF73BF9002CFBD0AFF30080F8E794
:108E4000000000000839002470B505460024074ED4
:108E5000FDF706FEE3B2984206D918461B0101341D
:108E6000F35EAB42F4D170BDFF20FCE72400002488
:108E700010B50446FDF7F4FD84423BBF2401024BCC
:108E80004FF0FF30185F10BD2400002410B50446D9
:108E900005F095F9204610BD10B5044605F08FF990
:108EA000204610BD07B50749684605F0C5F94FF4DF
:108EB0007A720023DDE900011AF094FC03B05DF83A
:108EC00004FB00BF883F002407B50449684605F04D
:108ED000B3F9009803B05DF804FB00BFA03F002485
:108EE00009F086BD09F05EBC08B5044805F071F9CB
:108EF0000348BDE8084005F06CB900BFA03F00245E
:108F0000883F002409F084BD38B50A4C0A4D20463C
:108F100005F0CFF92046094C2A46094909F070F8B6
:108F2000204605F0D1F92A4620460649BDE83840DA
:108F300009F066B8A03F002400000024883F002408
:108F4000998E04088D8E040870B504460D461646A9
:108F500000211C221DF084FA20463246294607F0E3
:108F6000F1F9204670BD00002DE9F04104460E469F
:108F7000FDF776FD84423CD21F4D2701EA19D068E7
:108F800010B11C2109F0C2FA2046FFF771FF80469C
:108F90001C2009F087FA044600211C221DF060FA0B
:108FA0004146204607F0CBF9EB19012EDC6010D0CA
:108FB00006D3022E12D0204603F09BFF022103E0CD
:108FC000204603F096FF00212046BDE8F04103F063
:108FD0009DBF2046BDE8F04103F07EBF204603F070
:108FE00088FF0121F0E71C21204609F08FFA19F0D3
:108FF00099FFBDE8F08100BF2400002430B589B09E
:1090000004460D46FFF720FFC0B2FF2804D02946D2
:10901000FFF7AAFF09B030BD012D14D00AD3022DED
:109020001CD00222214601A8FFF78EFF01A807F0FD
:1090300025F9EFE70022214601A8FFF785FF01A8E7
:1090400007F01CF9E6E71C22002101A81DF008FA30
:109050000022214601A807F077F9DBE7012221462B
:1090600001A8FFF771FF01A807F008F9D2E7000097
:109070002DE9F34106460F46FDF7F2FC86422AD25F
:109080001B4D4FEA061805EB0802D468ACB9304610
:10909000FFF7EEFE06461C2009F004FA04461C22E7
:1090A00000211DF0DDF90097002301223146204602
:1090B00007F063F905EB0803DC600E4B0E491A4616
:1090C000D3F894008842FBD123683FB1A1680B60BC
:1090D0004FF44073536102B0BDE8F081E1681B04B6
:1090E000F5E71C21204609F011FA19F01BFF00BF1B
:1090F00024000024006402580003008030B589B0C9
:1091000005460C46FFF7A0FEC0B2FF2804D021465A
:10911000FFF7AEFF09B030BD1C22002101A81DF0F1
:109120009FF9294601A807F025F9094B09491A4674
:10913000D3F894008842FBD1019B2CB103990B60BA
:109140004FF440735361E5E71B040499F7E700BF50
:1091500000640258000300801EF0040F0CBFEFF300
:109160000880EFF30980816911F8021C002932D1CF
:1091700001B590E80F10E047BDE800508CE803000F
:10918000244B93E80600914208BF70471A6041B92A
:109190001EF0100F10D1204B186820F0010018604D
:1091A0000AE02CE9F00F1EF0100F08BF2CED108A1A
:1091B00081F822E0C1F838C0906B92F8221061F07B
:1091C000FF0E1EF0100F08BFB0EC108AB0E8F00FD1
:1091D00080F309887047114A13689942FAD801B59B
:1091E00052F821C00FC8E047BDE80050CCF800009D
:1091F000704701B501F0D4FBBDE80140EFF3098CE5
:10920000BEE701B501F090FBBDE80140EFF3098C2A
:10921000B6E70000580C002434EF00E0480E0708C1
:10922000014608B530B96FF0030000F01DFA6FF089
:10923000030008BD132001F0ABFF30B94FF0FF3041
:1092400000F012FA4FF0FF30F3E70020F1E70000E2
:1092500008B5EFF305832BB9EFF3108313B9EFF3E0
:10926000118333B16FF0050000F0FEF96FF00500D7
:1092700008BDDFF808C000DFFAE700BF219204084C
:10928000EFF310832BB9EFF31180003818BF0120E2
:1092900070470120704710B520B10378F32B01D13E
:1092A000002906DA6FF0030102F05CFA6FF00300A8
:1092B00010BD00F10C0353E8000F20EA010243E85F
:1092C000002404B1F7E7F3E738B50546A0B1846898
:1092D00002686CB114F0030302D1C1680F2926D8CB
:1092E00000246FF00801002002F03CFA204638BD4F
:1092F000C368002BF4D11546104BD3F8900078B119
:1093000000F087FC0446A0B10123F322A3700023E0
:10931000656022700A4AC4E90233084B5A66E5E7E1
:1093200001221021D3F8800000F0FAFBEAE715468D
:10933000EBE76FF0040102F015FAD7E7440C0024C4
:10934000AD930408930710B502F0010422D400F194
:109350000C0384B153E8000F00EA01028A4203D0F3
:10936000BFF32F8F002005E020EA010243E800242C
:1093700004B1EFE710BD53E8000F084203D1BFF37B
:109380002F8F002005E020EA010243E8002404B109
:10939000F1E7EFE7C06801EA00031CB1994218BF8A
:1093A0000020E7E7002B08BF0020E3E7F8B50546FB
:1093B000846804B9F8BD94F823202846616AA76838
:1093C000FFF7C0FF064638B1204601F062FC0022DC
:1093D0003146204601F0F6FD3C46EAE7F8B50D4679
:1093E00017461E46044620B10378F32B01D100290D
:1093F00007DA20466FF0030102F0B4F96FF00300C2
:10940000F8BDFFF79FFF0028FAD186B1314643200F
:1094100001F0BEFE40B1074B20465E69314601F0C7
:109420001DFC756286F823706FF00100E8E76FF0AD
:109430000200E5E7440C002470B5054610B103783E
:10944000F32B07D028466FF0030102F08BF96FF081
:10945000030070BD836863B1284601F011FC00224F
:109460006FF0020101F0AEFDA8680028F4D101F010
:109470008FFCAB78002613F001032E700FD0094B40
:109480002946D3F8904024B1204600F0DCFB30465A
:10949000DFE7D3F8800000F078FB2046D9E71846D4
:1094A000D7E700BF440C00242DE9F041064620B167
:1094B0000378F32B01D1002909DA6FF003056FF06F
:1094C0000301304602F04EF92846BDE8F08100F174
:1094D0000C0353E8002F42EA010543E8005000B1B5
:1094E000F7E7B4681CB9204601F052FCECE794F8A9
:1094F00023203046616AD4F80880FFF723FF07462F
:1095000078B194F823309B0756BF656A054620EA78
:109510000505204601F0BDFB00223946204601F03A
:1095200051FD4446DEE70000024608B5EFF305832F
:1095300033B100206FF0050102F014F9002008BDDE
:10954000FFF79EFE0028F4D11046DFF808C000DFC8
:10955000F5E700BFC9920408024638B5EFF305836A
:109560004BB192B96FF003046FF00301104602F0A3
:10957000F9F8204638BDFFF783FE0028F1D11046E8
:10958000DFF82CC000DF0446F3E71378F32BE9D1B2
:109590000029E7DB02F10C0353E8000F40EA010465
:1095A00043E8004505B1F7E7104601F041FAE0E76E
:1095B000A9940408024608B5EFF3058323B11046C9
:1095C000BDE80840FFF767BEFFF75AFE0028F6D156
:1095D0001046DFF808C000DF08BD00BF97920408FE
:1095E00038B504461D46EFF3058343B18CB92046D8
:1095F0006FF0030102F0B6F86FF0030038BDFFF71B
:109600003FFE0028F2D120462B46DFF824C000DFC1
:10961000F4E72378F32BEAD1002DE8D10029E6DB2B
:109620002046FFF78FFE002808BF6FF00200E5E735
:10963000DD930408024608B5EFF305833BB11046FD
:109640006FF0050102F08EF86FF0050008BDFFF71E
:1096500017FE0028F3D11046DFF804C000DFF5E75D
:1096600039940408704770477047EFF310832BB9A3
:10967000EFF31180003818BF0120704701207047B8
:10968000064BDA6A3AB1D0695B6C1BB11B69984230
:1096900028BF184670474FF0FF30F5E7440C002410
:1096A000014BD868704700BF440C002408B5094B33
:1096B0001A7A022A08D0032A0AD04FF0FF3002F0AB
:1096C00045F84FF0FF3002E0032200201A7208BD77
:1096D0000120FCE7440C002470B5464C237A012B92
:1096E00000F0858033B14FF0FF3002F02FF84FF0DB
:1096F000FF3070BD404DEB68E3652B8AD5E90B6107
:10970000A4F85430AB683046236400F0F1F908B196
:10971000C4F88060D5E90561304600F0E9F908B980
:10972000D4F880606667D5E90761304600F0E0F95B
:1097300008B9D4F88060A667D5E90961304600F021
:10974000D7F908B9D4F88060E6676E6B3EB131682E
:109750003046D6E9022300F03BFAC4F88460AE6BD1
:109760003EB131683046D6E9022300F031FAC4F840
:109770008860EE6B3EB131683046D6E9022300F0D6
:1097800027FAC4F88C602E6C3EB131683046D6E9B9
:10979000022300F01DFAC4F890606E6C3EB131688F
:1097A0003046D6E9022300F013FAC4F89460AE6C98
:1097B0003EB131683046D6E9022300F009FAC4F818
:1097C0009860EE6C3EB131683046D6E9022300F075
:1097D000FFF9C4F89C602D6D3DB129682846D5E994
:1097E000022300F0F5F9C4F8A050012323720020F1
:1097F0007FE700BF440C0024D80D070870B5254D45
:109800002B7A012B07D06FF006004FF0FF3401F0E8
:109810009DFF204670BD01F01FFD10B94FF0FF30D5
:10982000F3E71D4AFF231D4E82F8223092F82230C2
:10983000D26863F0FF031A49C2F302227068DB4367
:1098400014BFB3FA83F32023C3F12003934298BFDC
:10985000531CFE2202FA03F30F4ADBB2D37701F066
:10986000D1FF04460028D9D102F024F8286102F083
:109870000DF80C4801F004FA01F082FA3368DB07B6
:109880004CBF0223032383F31488BFF36F8F02239B
:109890002B72BEE7440C002400ED00E0D80D070851
:1098A00003920408600C002408B50A4B1A7A023AA5
:1098B000012A02D840B1012809D04FF0FF3001F051
:1098C00045FF4FF0FF3001E002221A7208BD03226B
:1098D000FBE700BF440C002410B50F4C237A022B89
:1098E00013D101F0DBFF01236372BFF34F8F0B4AEB
:1098F0005168C90003D54FF000615160A372042381
:109900002372BDE81040FFF7BBBE6FF0070001F007
:109910001DFF002010BD00BF440C002400ED00E03E
:1099200038B51E4C0546237A042B35D1FFF7A8FE27
:10993000E26AA842034694BF00F1FF332B4612B1FE
:10994000D069C01AD061626C12B11069C01A10617E
:10995000E06803440544E360E368AB4213D10223AB
:109960000020237201F014FA00236372BFF34F8FBB
:10997000A27A22B1A3724FF08052094B5A60BDE81F
:10998000384001F083BF0133E36001F0BFF9236D7C
:10999000002BE1D09847DFE738BD00BF440C00241E
:1099A00000ED00E0704738B504460D46FFF75AFE5B
:1099B00029462046BDE8384001F08ABE08B5FFF7C9
:1099C000F1FFEFF3058333B16FF0050001F0BEFE48
:1099D0006FF0050008BDFFF748FE0028F4D1DFF85E
:1099E00008C000DFF6E700BFD996040808B5EFF31A
:1099F000058333B16FF0050001F0A8FE6FF005009C
:109A000008BDFFF732FE0028F4D1DFF808C000DF00
:109A1000F6E700BFFD97040808B5EFF3058333B1FF
:109A20006FF0050001F092FE6FF0050008BDFFF732
:109A30001CFE0028F4D1DFF808C000DFF6E700BF05
:109A4000AD960408024608B5EFF3058333B16FF015
:109A5000050001F07BFE6FF0050008BDFFF705FE75
:109A60000028F4D11046DFF808C000DFF5E700BF9A
:109A7000A998040808B5EFF305832BB16FF0050032
:109A800001F064FE002008BDFFF7EFFD0028F5D1CE
:109A9000DFF804C000DFF6E7D9980408024608B5ED
:109AA000EFF305832BB16FF00500BDE8084001F02E
:109AB0004DBEFFF7DAFD0028F5D11046DFF804C0EF
:109AC00000DF08BD2199040808B5EFF3058313B141
:109AD000054BD86808BDFFF7C8FD0028F8D1DFF8AE
:109AE0000CC000DFF6E700BF440C0024A196040878
:109AF00010B598B140EA010313F007030ED11729FE
:109B00000AD90160083910220C18426084600B5099
:109B100081684A60C3600123184610BD0023FBE73B
:109B2000F0B580B399B132F003032CD10F3100F1BD
:109B3000080521F007072B462D685C68E91A24F018
:109B40000304091B8F4204D929680029F3D1084670
:109B5000F0BD46683A4304683E444660204450F8ED
:109B6000041C08388E4288BF4660586818B903F153
:109B700008015A60EBE720F0030019181D504A60F5
:109B800019600831E3E70021E1E730B590B1D9B1C0
:109B9000A1F1080500F108040022AC420BD151F8F4
:109BA000043C23F0030443681B1B436042B941F8A3
:109BB000042C012030BD236822463BB11C46ECE753
:109BC00051F8083C1360F4E70846F3E71846F1E75C
:109BD00030B5C0B189B1C2B1CBB100240160C3605E
:109BE0004361C0E9014202FB01F41D1905611846F9
:109BF000013904D1A21A99500121084630BD8518B7
:109C000005602846F4E70146F7E71146F5E71946EF
:109C1000F3E7034610B5A8B100F1140252E8000FB3
:109C200010B9BFF32F8F04E0016842E8001404B1BB
:109C3000F4E738B1043353E8002F511C43E8001413
:109C400004B1F8E710BD30B5F0B1C3688B421BD842
:109C500003698B4218D900F114031A680A60BFF334
:109C60005F8F53E8002F0C689442F6D143E800154B
:109C700005B1F2E7043050E8003F5A1E40E80021E9
:109C800001B1F8E7002030BD6FF00300FBE7EFF310
:109C900010832BB9EFF31180003818BF01207047F3
:109CA00001207047036B30B5E3B1CD780024DA783A
:109CB000AA420FD31A46C1E901248AB19160A4B126
:109CC0006160283050E8003F5A1C40E8002101B193
:109CD000F8E730BD5A681C46002AECD01346E6E788
:109CE000C162ECE7C1E90133C1620163E9E7D1E98F
:109CF000013223B19A608A681AB153607047C26218
:109D0000F9E703637047F8B5877804468FB3C568F1
:109D10000027014605F10C062846FFF7E8FF2770EB
:109D20003046FFF790FFAB68002B48D03046FFF776
:109D300070FF0446002842D0284600F0A1FF0646E6
:109D40003A46394601F03EF9304601F00FF86A6AAA
:109D50000646816804F10C001CF084FAF923A77010
:109D60002370F368E37021462846BDE8F840FFF70A
:109D700099BF8568AB68002BF5D05B78832BF2D157
:109D8000284600F07DFF06463A46394601F01AF9AA
:109D9000304600F0EBFF06466A6A04F10C01806869
:109DA0001CF060FAF3680BB1E2781A7000232146C8
:109DB00005F10C002370BDE8F840FFF744BFF8BD83
:109DC0002DE9F0410C4617469846054618B1037830
:109DD000FA2B00D141B928466FF0030101F0D8FCFD
:109DE0006FF00300BDE8F0818368C3B15B78832B1B
:109DF00015D100F045FF06460122002101F0E2F8EE
:109E0000304600F0B3FF06466A6A214680681CF0BF
:109E100029FAF0680028E5D007700020E2E705F194
:109E20000C00FFF7F6FE064670B121466A6A0C3058
:109E300000241CF017FAF923314628463370B47019
:109E4000F770FFF72FFFE8E7B8F1000F10D0414699
:109E5000932001F09DF940B1074B2846596900F065
:109E6000FDFEEFF30983C3E902476FF00100B9E794
:109E70006FF00200B6E700BF440C00242DE9F84F54
:109E80008846074638B131B1B0FA80F3B1FA81F1B2
:109E90000B441F2B06DC6FF003010020002401F0AF
:109EA00077FC70E008F1030626F003060C3606FB8B
:109EB00000F9F2B194683CB1A30702D1D368332B07
:109EC00005D86FF00801E8E7D368002BF9D1D2F884
:109ED00000A0D2E904533DB115F0030B01D199451F
:109EE00054D96FF00901D8E7002BFAD11CB19B4679
:109EF0000CE092461546274BD3F8A000D8B1FFF7E7
:109F000088FE0446A0B14FF0010B35BB214B002267
:109F10004946D86FFFF704FE0546C0B9BBF1000FF4
:109F200006D01C4B2146D3F8A00058B1FFF78BFE9A
:109F30006FF00401B1E701223421D3F88000FFF76C
:109F4000EFFDDEE7D3F88000FFF71FFEF0E74BF0F0
:109F5000020B4A4600211CF083FAFA2332463946A6
:109F600004F10C002370002384F802B0A360C4F84D
:109F700004A0C4E90983C4E90B332B46FFF728FE8C
:109F8000044B054A1A672046BDE8F88F002CE4D13F
:109F9000B1E700BF440C0024079D040800F128032A
:109FA00010B553E8002F12B9BFF32F8F04E0511EF4
:109FB00043E8001404B1F4E70AB9002010BDC06AF8
:109FC00001230028F9D0821CD2E84F1FC2E8443F89
:109FD00004B1F9E711F0FF0FF0D08068F1E700005D
:109FE0002DE9F0410F4615469846044618B103780E
:109FF000FA2B00D141B920466FF0030101F0C8FBF4
:10A000006FF00300BDE8F081FFF7C8FF06460028A7
:10A010003AD001462046FFF76AFE626A06F10C015B
:10A0200038461CF01FF90DB1F3782B70002504F1B0
:10A030000C07314638463570FFF705FEA3680BB9AB
:10A040000020DFE73846FFF7E4FD06460028F7D09A
:10A05000204600F015FE07462946012200F0B2FF17
:10A06000384600F083FE626A0746816806F10C00FC
:10A070001CF0F8F8F923B570314633702046FB68C0
:10A08000F370FFF70FFEDBE7B8F1000F10D0414689
:10A09000832001F07DF840B1074B2046596900F05C
:10A0A000DDFDEFF30983C3E902756FF00100A9E755
:10A0B0006FF00200A6E700BF440C002408B5064B71
:10A0C00008219A6ED86EFFF7D9FE044BD864B0FA17
:10A0D00080F04009404208BDD80D0708440C002418
:10A0E0002DE9F04106460F4690461C46EFF30583E6
:10A0F0004BB196B930466FF0030101F049FB6FF0A8
:10A100000300BDE8F081FFF7C2FD0028F1D1304621
:10A110002346DFF848C000DFF3E73378FA2BE9D1B4
:10A12000002FE7D0002CE5D106F10C00FFF771FD00
:10A13000054680B1726A39460C301CF093F8F92359
:10A140002846AC702B7085F80380C5E9017600F0D5
:10A150006FFC2046D5E76FF00200D2E7C19D0408EE
:10A16000F8B504460F4616461D46EFF3058343B186
:10A170008CB920466FF0030101F00AFB6FF0030079
:10A18000F8BDFFF784FD0028F2D120462B46DFF80A
:10A1900044C000DFF4E72378FA2BEAD1002FE8D09F
:10A1A000002DE6D12046FFF7F9FE054670B100F11B
:10A1B0000C01626A38461CF055F80EB1EB7833702A
:10A1C0002846EC6000F034FC0020D9E76FF0020074
:10A1D000D6E700BFE19F0408EFF310832BB9EFF33C
:10A1E0001180003818BF012070470120704700001F
:10A1F00070B5A8B38468D0E900566CB114F00303BD
:10A2000002D1C2681B2A1AD800246FF0080100206E
:10A2100001F0AEFA204670BDC368002BF4D1124B9A
:10A22000D3F8940030B901221C21D3F88000FFF745
:10A2300077FC01E0FFF7EDFC044660B10123F52255
:10A24000A3700023E670227065602376C4E90233B0
:10A25000C4E90433DEE76FF0040101F089FAD9E7BD
:10A2600005460646DBE700BF440C0024284B70B5CA
:10A270005D6904460E4635B96FF0070101F078FAC2
:10A280004FF0FF3070BD10B10378F52B07D020469A
:10A290006FF0030101F06CFA6FF00300F2E7037E48
:10A2A00053B9C0E90353EB6A436103B11861012359
:10A2B000EC6200202376E5E7C278D1070DD5C168AE
:10A2C000A9420AD1FF2B06D16FF00F0101F050FA1D
:10A2D0006FF00200D6E70133EBE7002EF8D09307CA
:10A2E0000AD5E06895F9203090F920209A4203DAE7
:10A2F00080F8203000F0D6FC3146532000F048FFB3
:10A3000018B12946204600F0A9FC6FF00100B9E71A
:10A31000440C00242E4B5A6970B5044632B96FF0D4
:10A32000070101F025FA4FF0FF3070BD10B103783E
:10A33000F52B07D020466FF0030101F019FA6FF0FA
:10A340000300F2E7037E33B96FF00E0101F010FA5B
:10A350006FF00200E9E7C168914202D06FF00D0191
:10A36000F4E7013BDBB2037613BB43690BB1016930
:10A3700019612169F1B14B6192F92130D56ADDB9DA
:10A3800082F82030A36883B1204600F079FC0646AD
:10A390002A46294600F016FEF36AC4E903656361A4
:10A3A00003B11C610123F4622376002000F0F0FC6D
:10A3B0000020BAE7D362DFE7E978890706D5A96804
:10A3C00021B191F920108B42B8BF0B466D69D6E7D9
:10A3D000440C002470B5044610B10378F52B07D067
:10A3E00020466FF0030101F0C3F96FF0030070BD68
:10A3F000037EBBB16369C0680BB122691A6122692F
:10A4000002B3536190F92120C36AEBB990F920306F
:10A41000934203D080F8202000F044FCA068F8B9F3
:10A4200000F0B6FCA078002610F001002670DED007
:10A43000134B2146D3F89450DDB12846FFF703FCB7
:10A440003046D4E7C362DDE7D978890706D5996835
:10A4500021B191F920108A42B8BF0A465B69D4E75E
:10A46000204600F00DFC00226FF0020100F0AAFD72
:10A47000D4E7D3F88000FFF788FB2846B7E700BF92
:10A48000440C00242DE9F0410446002601270CB9B4
:10A49000BDE8F081E378D4F814801B0712D5A368D7
:10A4A00026767BB1204600F0EBFB002205461146E4
:10A4B00000F088FDEB6AC4E90356636103B11C61D7
:10A4C000EC6227764446E2E710B4C3789B071DD5BB
:10A4D000C06890F92120C36ADC78A40709D59C687C
:10A4E0008C4208BF8C6824B194F92040A242B8BFC6
:10A4F00022465B69002BEFD190F92030934205D0C2
:10A5000080F820205DF8044B00F0CCBB5DF8044BD4
:10A5100070470000024608B5EFF3058333B1002011
:10A520006FF0050101F024F9002008BDFFF754FE8B
:10A530000028F4D11046DFF808C000DFF5E700BFBF
:10A54000F1A10408024608B5EFF305833BB11046BC
:10A550006FF0050101F00CF96FF0050008BDFFF781
:10A560003BFE0028F3D11046DFF804C000DFF5E71A
:10A570006DA20408024608B5EFF305833BB110460F
:10A580006FF0050101F0F4F86FF0050008BDFFF76A
:10A5900023FE0028F3D11046DFF804C000DFF5E702
:10A5A00015A30408024608B5EFF305833BB1104636
:10A5B0006FF0050101F0DCF86FF0050008BDFFF752
:10A5C0000BFE0028F3D11046DFF804C000DFF5E7EA
:10A5D000D5A30408EFF310832BB9EFF311800038F3
:10A5E00018BF01207047012070470C30D0E85F3F52
:10A5F00013B9BFF32F8F04E05A1EC0E8512F01B1E9
:10A60000F4E798B2003818BF0120704730B500F168
:10A610000C02C189D2E85F3F994202D8BFF32F8F65
:10A6200004E05C1CC2E8554F05B1F3E7C0899BB25A
:10A63000984294BF0020012030BD0000F8B51546B7
:10A640004FF6FE73421E06460F469A4201D88842D4
:10A6500007D26FF003010024002001F08FF820469C
:10A66000F8BD7DB1AC682A6844B114F0030302D18F
:10A67000E9680F2922D86FF00801ECE7EB68002B9E
:10A68000F9D11546114BD3F8980080B1FFF7C1FA04
:10A690000446A8B10123F622A3700023656022704E
:10A6A000A3600B4A094BA781E6819A66D7E701228E
:10A6B0001021D3F88000FFF733FAE9E71546EAE7FF
:10A6C0006FF0040101F05AF8C9E700BF440C002400
:10A6D000D5A60408836810B504465BB1FFF785FF73
:10A6E00040B1204600F0CCFA0022BDE810401146EF
:10A6F00000F068BC10BD38B5054610B10378F62BE4
:10A7000007D028466FF0030101F038F86FF003001E
:10A7100038BD84683CB100F0B3FA0122002100F09A
:10A7200051FC0020F4E7FFF771FF38B928466FF0BD
:10A73000100101F023F86FF00200E9E72046E7E797
:10A7400038B50D46044610B10378F62B07D02046E5
:10A750006FF0030101F012F86FF0030038BDFFF74E
:10A7600044FF68B975B12946632000F011FD20B19E
:10A77000064B2046596900F071FA6FF00100EDE7D1
:10A780000020EBE76FF00200E8E700BF440C002474
:10A7900070B5054610B10378F62B07D028466FF048
:10A7A000030100F0EBFF6FF0030070BD836863B13D
:10A7B000284600F065FA00226FF0020100F002FC6A
:10A7C000A8680028F4D100F0E3FAAB78002613F073
:10A7D00001032E700FD0094B2946D3F8984024B1BD
:10A7E0002046FFF730FA3046DFE7D3F88000FFF766
:10A7F000CCF92046D9E71846D7E700BF440C00241F
:10A8000010B50446EFF3058333B100206FF0050166
:10A8100000F0B4FF002010BDFFF7DCFE0028F4D1EB
:10A820002046DFF808C000DFF5E700BF3DA60408BA
:10A83000024608B5EFF3058343B182B910466FF0C5
:10A84000030100F09BFF6FF0030008BDFFF7C2FE9D
:10A850000028F2D11046DFF824C000DFF5E71378B6
:10A86000F62BEBD10029E9D11046FFF7BEFE0028F8
:10A8700014BF00206FF00200E7E700BF41A7040803
:10A8800010B50446EFF3058343B184B920466FF059
:10A89000030100F073FF6FF0030010BDFFF79AFE95
:10A8A0000028F2D12046DFF830C000DFF5E723783A
:10A8B000F62BEBD12046FFF7A9FE20B1204600F091
:10A8C000B7F80020E9E720466FF0100100F056FFCE
:10A8D0006FF00200E1E700BFF7A60408024608B5E2
:10A8E000EFF305833BB110466FF0050100F046FF22
:10A8F0006FF0050008BDFFF76DFE0028F3D110468C
:10A90000DFF804C000DFF5E791A7040810B5D0E830
:10A910005F3F5A1C914200D80022C0E8542F04B176
:10A92000F5E798B210BD000038B51C4C00F0BCFF34
:10A93000E3680133E36000F0E9F9002000F028FA51
:10A94000236D03B19847226C32B3A369E16B99423E
:10A9500003D0D969E36301B9DA61DA69C2B9237A4C
:10A96000022B19D1656ABDB1E36B95F9202093F9EB
:10A9700020309A4210D1284600F08BF9E06B00F0AD
:10A98000A3F9284600F0FCF9236CE563EB6103E0D2
:10A99000013ADA61002AE2D038BD00BF440C00243D
:10A9A00070B5224C04F1560504F15A06B4F854105F
:10A9B000D5E85F3F13B9BFF32F8F04E05A1EC5E8F7
:10A9C000502F00B1F4E79BB25BB33046FFF79EFF18
:10A9D000E36D53F8200020B30378F13B082BE5D852
:10A9E00001A252F823F000BF0DAA0408ADA9040883
:10A9F00013AA0408ADA90408ADA9040817AA0408FD
:10AA00001BAA0408ADA904081FAA0408236E9847CE
:10AA1000CCE7636EFBE7A36EF9E7E36EF7E7236F1E
:10AA2000F5E70020BDE8704000F0B2B9440C002406
:10AA300070B5164C0546B4F8541004F15602D2E82D
:10AA40005F3F994202D8BFF32F8F04E0581CC2E841
:10AA5000560F06B1F3E79BB2994205D8294602206A
:10AA6000BDE87040FEF79FBF04F15800FFF74EFFAE
:10AA7000E36D43F82050637A23B9054B4FF08052C1
:10AA80005A6070BD0123A372FBE700BF440C002491
:10AA900000ED00E0EFF310832BB9EFF311800038E5
:10AAA00018BF01207047012070470378F12B00D0B8
:10AAB0007047C068F9E7000010B5C469621CD0E9AE
:10AAC00004310CD103B1596142691AB113610023F9
:10AAD000436101E0074A13630023C36110BD1BB14A
:10AAE000DA6959612244DA614269002AEED1014AE9
:10AAF000D362F1E7440C002401230A4A90F92010A4
:10AB000043701C32936810B51BB193F920408C42FE
:10AB100005DCC0E90232906003B1D86010BD1A466E
:10AB20009B68F1E7440C0024014B5869704700BF53
:10AB3000440C002408B500F031FEDFF810C000DF3F
:10AB40004FF0FF31002000F007FEFEE72DB00408B3
:10AB5000930710B502F0010422D400F1280384B158
:10AB600053E8000F00EA01028A4203D0BFF32F8F9F
:10AB7000002005E020EA010243E8002404B1EFE7E9
:10AB800010BD53E8000F084203D1BFF32F8F002000
:10AB900005E020EA010243E8002404B1F1E7EFE711
:10ABA000806A01EA00031CB1994218BF0020E7E760
:10ABB000002B08BF0020E3E7084A0021136B10B503
:10ABC0003BB94FF0FF34C0E90431C46121B10861E1
:10ABD00010BD19461B69F3E71063F9E7440C002424
:10ABE000002310B50380044683789A0708D513F034
:10ABF000100F016B0E4B0FD0D3F88400FFF723F832
:10AC0000A378DB0712D50A4B2146D3F8880038B168
:10AC1000BDE81040FFF717B8586FFEF7B6FFEFE733
:10AC2000D3F88000BDE81040FEF7AFBF10BD00BFF5
:10AC3000440C0024C2780346D20701D4FFF7D0BFEA
:10AC4000042242700022C260034A516B816001B14C
:10AC5000C8605363704700BF440C002491F9202062
:10AC6000836810B51BB193F92040944205DAC1E91D
:10AC70000230816003B1D96010BD18469B68F1E7CE
:10AC800083689A68826002B1D06000221846DA6058
:10AC90007047C2682AB18368936003B1DA60002309
:10ACA000C360704710B50146044664B12378F12BA8
:10ACB00007D00846FFF7EDFF2046BDE81040FFF73C
:10ACC000CDBFE468F1E710BD0123014643700148A0
:10ACD000FFF7C4BF600C002470B50B4D2E7A022E16
:10ACE00010D16C6A74B1696994F9202091F920300F
:10ACF0009A4207D12046FFF7CCFF0846FFF7E4FF52
:10AD00006670AC61002070BD440C002438B5164D4F
:10AD1000EC6A44B3E369013BE36123BB6378732BC3
:10AD200006D009D8532B0BD003F0DF03432B0DD1F2
:10AD30002046FFF7BAFE09E003F0EF03832BF6E7A6
:10AD40002046FFF7B2FE2146FFF7BEFB2046FFF785
:10AD5000A0FFFFF7B9FF246924B1E369002BDDD020
:10AD600000236361EC6238BD440C002490F822306B
:10AD7000826B13F0100F0CBF60202020104470472E
:10AD800002234370014B9861704700BF440C0024BC
:10AD900070B5124D04462E7A696990B9022E0FD112
:10ADA0006C6A6CB194F9202091F920309A4207DD49
:10ADB0002046FFF76EFF0846FFF79EFE6670AC6107
:10ADC00070BD022E05D190F9202091F920309A42D1
:10ADD000F1DC2046BDE87040FFF776BF440C00244C
:10ADE0002DE9F04F85B08146029128B96FF003013B
:10ADF000002400F0B1FCBCE0002A45D0966846B1C2
:10AE0000B40702D1D368432B06D86FF008010020A5
:10AE1000EEE7D368002BF8D19769D2E904453CB13D
:10AE2000600702D1002D40F0B2806FF00A01EEE71A
:10AE30002FB17B1E372B03D96FF00B01E7E71827E3
:10AE4000002D40F0A880D2E900A301934EBB574BE0
:10AE5000D3F88800F0B1FEF7DCFE064600283AD0B1
:10AE60004FF00108002C44D1DFF840B1E5B9504A59
:10AE7000DBF88400556DB8B1FEF7CBFE0246E0B1B9
:10AE800048F01008344623E0924614461827154629
:10AE90000192DCE701224421D3F88000FEF740FE56
:10AEA000DBE74FF00008DDE722462946DBF87400B7
:10AEB000FEF736FE02460028E4D1B8F1000F16D0A6
:10AEC000DBF8882052B110463146FEF7BCFE002266
:10AED00048F002087CB96FF0040198E73146DBF8CE
:10AEE00080000392FEF751FE039A1446F0E74246B3
:10AEF000EEE72246344640F2F1137FB2FD2184F89A
:10AF000002802380019BC4F804A0E370002384F82E
:10AF1000207084F8217061846563C4E90233C4E958
:10AF20000433C4E90633C4E90933C4E90B32A5F19B
:10AF300040031344C4E90E391E4B13601C4B1B68BD
:10AF40005B071AD4A36B00201A4603F1340143F8BF
:10AF5000040B9942FBD1184B2046C2E90D394FF042
:10AF60008073D363029B1362104B144A1A66FFF777
:10AF70000FFF204605B0BDE8F08FAD084FF0CC3391
:10AF8000113D002DDED0013D42F8043FF9E7002FCE
:10AF90007FF44FAF182769077FF447AFA5F1480149
:10AFA000074B99427FF64FAF3FE700BF440C0024A8
:10AFB000D80D0708A52E5AE235AB0408E9AF0408FE
:10AFC000B7FFFF7F38B504461546FFF7CFFE016097
:10AFD0002046FFF771FD1DB1BDE83840FFF7D8BE30
:10AFE000BDE83840FFF770BE10B543780446332BF8
:10AFF0000CD1416A90F82320FFF7AAFD014628B141
:10B0000020460022BDE81040FFF7DCBF10BD10B5A0
:10B010000446806918B100221146FFF7D3FF637818
:10B02000232B02BFA36800229A6110BD70B50F4C9C
:10B03000267A022E18D1636AB3B16569E86AFFF710
:10B0400021FA2846FFF7E3FF04F11C00FFF718FE82
:10B050004670A061EFF30983AB6300232846636168
:10B06000BDE87040FFF7E6BD70BD00BF440C002492
:10B0700010B5044610B10378F12B07D020466FF0CD
:10B08000030100F069FB6FF0030010BD437803F08B
:10B090000F03022B1ED0032B2BD0012B2ED1FFF739
:10B0A000F8FDE06AFFF7EEF92046FFF7B0FF6178A0
:10B0B000022926D11548FFF7E3FD154B4170986131
:10B0C000EFF30982A26300225A612046FFF7B2FD26
:10B0D0000020DAE70E4B1A7A022A02D15B6A002BB3
:10B0E000DFD16FF00201204600F036FB6FF0020066
:10B0F000CBE7FFF7CEFDFFF7DFFCD2E76FF00201F1
:10B10000F2E70020FFF744FEDFE700BF600C0024F9
:10B11000440C002470B5044620B10378F12B01D112
:10B12000002908DA6FF003056FF003012046FEF7EF
:10B130009AFA284670BD4378042B06D16FF00201BD
:10B140006FF00205FEF78FFAF3E700F1280353E8EA
:10B15000002F42EA010543E8005606B1F7E74378BD
:10B16000332BE6D1416A90F82320FFF7F1FC01462A
:10B170000028DED094F8233001229B0756BF656A71
:10B18000054620EA05052046FFF71CFFD1E7000031
:10B1900038B5174C0246237A022B27D1606A60B17A
:10B1A00060694B1C427009D1FFF706FD1148FFF79B
:10B1B00067FD02234370A061012038BDE36A0022CD
:10B1C00013B1DD69A9420BD2C161C0E904325AB1A1
:10B1D0001061002BEAD0DA695861511AD961E5E7AC
:10B1E0001A46491B1B69EBE7E062F2E70020E4E73F
:10B1F000440C0024600C0024F8B5164B05460F469D
:10B2000016465C693CB920466FF00701FEF72BFA41
:10B210004FF0FF30F8BD002807DA20466FF0030139
:10B22000FEF721FA6FF00300F4E70A4601462046D4
:10B23000FFF78EFC0028EDD14EB131463320656218
:10B2400084F82370FFF7A4FF6FF00100E2E76FF0CE
:10B250000200DFE7440C002438B50D4C00210D48F6
:10B26000A26DFFF7BDFD0C4D636EA8625BB1984700
:10B2700058B9E26DE96C206EFFF7B2FDA8640038A2
:10B2800018BF012038BD0120FCE70020FAE700BF0D
:10B29000D80D0708C9B60408440C002410B50446AC
:10B2A000EFF3058333B100206FF0050100F054FA8D
:10B2B000002010BDFFF7EEFB0028F4D12046DFF898
:10B2C00008C000DFF5E700BFE1AD040808B5EFF303
:10B2D000058313B1054B586908BDFFF7DBFB002858
:10B2E000F8D1DFF80CC000DFF6E700BF440C002403
:10B2F00029AB040808B5EFF305833BB100206FF0DC
:10B30000050100F029FA6FF0050008BDFFF7C2FB48
:10B310000028F3D1DFF804C000DFF6E7D9AC040859
:10B3200010B5044600F046FAEFF305833BB1204622
:10B330006FF0050100F010FA6FF0050010BDFFF787
:10B34000A9FB0028F3D12046DFF804C000DFF5E7B1
:10B3500071B00408024638B5EFF305834BB192B9DA
:10B360006FF003046FF003011046FEF77CF92046EE
:10B3700038BDFFF78FFB0028F1D11046DFF844C03D
:10B3800000DF0446F3E71378F12BE9D10029E7DB6E
:10B390005378042B07D16FF0020110466FF00204BE
:10B3A000FEF761F9E3E702F1280353E8000F40EAF2
:10B3B000010443E8004505B1F7E71046FFF738FB05
:10B3C000D5E700BF15B1040810B50446EFF30583B7
:10B3D0003BB100206FF00501FEF745F96FF0050065
:10B3E00010BDFFF757FB0028F3D12046DFF804C05B
:10B3F00000DFF5E7F9B104080C4A30B5536C0024BE
:10B4000013B11D698D420AD90161C0E902431BB124
:10B410001D699860691A19612CB1E06030BD1C4645
:10B42000491BDB68ECE75064F8E700BF440C0024DC
:10B430002DE9F041184D6C6C54B3236901276E69F6
:10B44000013B2361236913BBE3680BB1A2689A60D7
:10B450006B64002304F11801E86C1A46FEF740FE05
:10B4600058B121460320D5E905836B61FEF79BFAAD
:10B470006B6913B9B04508BF0026E378012B09D1E9
:10B4800061692046FFF7B8FF6C6C002CDAD16E6161
:10B49000BDE8F0816770F7E7440C002408B5FEF7BB
:10B4A0000DFE18B9034B044A1A6508BD4FF0FF3072
:10B4B000FBE700BF440C002431B40408044607B580
:10B4C0004FF0FF33002269462046FEF749FE002870
:10B4D000F6D1DDE900309847F2E7000008B5094AE7
:10B4E000094B1A60094B9B1A094A1360094A0A4B17
:10B4F0001A600A4B9B1A0A4A136000F051F800F0D8
:10B5000083F800BF00FC0724EC4700240000082457
:10B51000E8470024F01601246C62002400FC072494
:10B520006862002438B50E480B250E4B1C2445607C
:10B5300003600D4BC4608360FEF7ECFF0B4B18609B
:10B540000B480C4BC460C0E900350B4B8360FEF721
:10B55000E1FF0A4B1860BDE838401AF069BA00BF35
:10B56000B8470024AC0E0708CC470024C847002485
:10B5700088470024B90E07089C47002498470024F8
:10B58000FDF746BC024B4FF0FF311868FEF7DABFFB
:10B59000C8470024014B1868FEF7ECBFC8470024D9
:10B5A00008B505F0C5F90C4B0C4998684FF00053ED
:10B5B000C21802F16042126843F8042B8B42F7D1A3
:10B5C000054B4FF000529A6014F0C8FD16F09CFF36
:10B5D000BDE8084000F015B800ED00E0980200203A
:10B5E0007047704708B500F043F8FFF7F9FFFFF721
:10B5F00099FFFFF7F6FF06F0B3FABDE80840FFF742
:10B60000BFBFFEF7DBB90000114C124B23614FF4B2
:10B61000004363614423E3600F4BA3601823A361DD
:10B620000E4B07B5224600210D482360FFF736FE7A
:10B63000034628B922460B4900900B4806F0A0FAB1
:10B64000FEF7D4F9002309491A460093F5E700BF35
:10B6500028F5002428750024F0470024D30E07089D
:10B66000E5B50408D80E07081D010180F40E07088F
:10B670001FB5064B6C460FCB84E80F002046FEF743
:10B6800049FF034B186004B010BD00BF0C0F070842
:10B690002075002473B506460C46154606F062FA7E
:10B6A00058B90634324628462ABF054B054953F897
:10B6B00024100023009306F063FA02B070BD00BFAF
:10B6C000D01007082410070808B500F0F7F80000AC
:10B6D000002307B5421E00930023042A19D8DFE88F
:10B6E00002F003080C10140001220C490C4806F06B
:10B6F00047FA02220B490C48F9E703220B490C4890
:10B70000F5E704220B490C48F1E705220B490C48E8
:10B71000EDE702460B490C48E9E700BF1C0F07089C
:10B72000250102803D0F070826010280620F0708ED
:10B7300027010280970F070828010280D20F07080F
:10B740002A01028012100708000102800146014A06
:10B75000FFF7A0BF31010180014AFFF79BBF00BF87
:10B7600032010180014AFFF795BF00BF3701018018
:10B77000014AFFF78FBF00BF3301018011F1110FA4
:10B7800002D0024AFFF786BF704700BF3401018034
:10B79000014AFFF77FBF00BF3801018010B5FFF7F6
:10B7A00095FD034B1B6813B1BDE81040184710BD51
:10B7B00034480024024B1B6803B11847704700BF90
:10B7C00034480024024B987A003818BF0120704793
:10B7D000440C002408B5FEF74DF90022064906F096
:10B7E000DDFAC31C04D98B220449054805F030FF5B
:10B7F000BDE80840FEF752B9C5B704080B110708A9
:10B800001D110708B0F57A7F10B50C4604D032221E
:10B8100019491A4805F01CFF05F0D0FB0028184A0A
:10B8200016DB00F16043F02103F5614383F8001358
:10B83000916800F1100341F82340BFF34F8F9268E5
:10B8400052F823309C420AD03F220B490D48E1E7D1
:10B8500000F00F03F021043B13441976E8E70028B9
:10B8600008DB0123420900F01F0003FA00F0064B39
:10B8700043F82200002010BD0B1107084A110708E9
:10B8800000ED00E05711070800E100E008B506F000
:10B890000DFABDE8084005F0BCBC0000014B18687B
:10B8A00005F0ECBC98610024014B186805F0A8BCB9
:10B8B0009861002408B505F081FB08BD024C08B56D
:10B8C00023689847FCE700BFE80C00240C30704761
:10B8D00003680BB108461847704710B50446FCF7DB
:10B8E000CDFC204610BD08B5FCF7A6FD08BD000044
:10B8F000044B0022C3E901221A611A60024ADA608D
:10B90000704700BF38480024D1B8040810B50022A1
:10B91000034600F1110403F8012B03F8012B9C42AC
:10B92000FBD1418210BD000042F60211024808B569
:10B93000FFF7ECFF08BD00BF4C48002408B5F9F73D
:10B9400007FA08BD10B50446FCF798FC204610BD68
:10B9500008B5FFF7C8FF08BDD0E90032096812F04A
:10B96000010F01EB620005D010B454100A595DF8C4
:10B97000044BD35818470146043008B5FFF7ECFFD5
:10B9800008BD0000034A0346C26007C983E80700F8
:10B99000704700BF8411070810B588B0059108A949
:10B9A00002AC019001E90C0005A984E80C00FFF746
:10B9B000E9FF019808B010BD37B56C46054684E82C
:10B9C0000C0094E80C00FFF7E7FF284603B030BDF9
:10B9D00008B5FFF7D0FF08BD08B5FFF7F9FF08BDB0
:10B9E0000068704710B50446F4F7D9FD204610BD35
:10B9F00010B50446F4F7D3FD204610BD10B504463B
:10BA00000021FAF75BFE204610BD08B5FFF75EFF88
:10BA10000068003818BF012008BD884238B50446C8
:10BA200006D00D46F4F7BBFD20462946FCF726FC60
:10BA3000204638BD884238B5044606D00D46F4F796
:10BA4000AEFD20462946FCF719FC204638BD08B556
:10BA5000FFF73CFF0068003818BF012008BD10B593
:10BA600004460021FAF72AFE204610BD70B50446B0
:10BA70000D46FFF7CAFF28B940F2022206490748DF
:10BA800005F0E6FDE068FFF7ABFF294603462046D8
:10BA9000BDE87040184700BFB4110708400C070804
:10BAA00008B5FFF7E3FF08BD70B504460D46FFF784
:10BAB000CEFF28B940F202220649074805F0C8FD2A
:10BAC000E068FFF78DFF294603462046BDE8704039
:10BAD000184700BFB4110708400C070808B5FFF766
:10BAE000E3FF08BD10B5044606F030FF204610BD48
:10BAF00010B5084C204606F0E9FE00232046064A11
:10BB000084F8243023630549C4E90A33BDE81040B2
:10BB100006F076BA6048002400000024E5BA040864
:10BB20000268904B9A422DE9F04393B040F01781A0
:10BB300005F086FE8C4B0022C3F88420BFF34F8FA4
:10BB4000D3F8802043F6E074C2F3C900C2F34E324A
:10BB5000520102EA0406014646EA81750139C3F83A
:10BB60007452F9D2203A12F1200FF2D1BFF34F8F65
:10BB7000BFF36F8F0022C3F88420BFF34F8F5A6941
:10BB800022F480325A61BFF34F8FD3F8803043F6EE
:10BB9000E070754CC3F3C901C3F34E335B0103EA94
:10BBA00000060A4646EA8275013AC4F87452F9D290
:10BBB000203B13F1200FF2D1BFF34F8FBFF36F8FF4
:10BBC00005F054FE694B01260025D3F8E0204FF420
:10BBD00000470DA9664842F001024FF030090224E7
:10BBE0004FF00308C3F8E020D3F8E02002F0010290
:10BBF0000192019AD3F8E02042F00402C3F8E02059
:10BC0000D3F8E02002F004020292029AD3F8E02076
:10BC100042F04002C3F8E020D3F8E02002F04002F6
:10BC20000392039AD3F8D82042F40042C3F8D820F4
:10BC3000D3F8D82002F400420492049AD3F8D82012
:10BC400042F48032C3F8D820D3F8D82002F48032EE
:10BC50000592059AD3F8D82042F40032C3F8D820D0
:10BC6000D3F8D82002F400320692069AD3F8E020E6
:10BC700042F40072C3F8E020D3F8E03003F400731C
:10BC80000793079BCDE90D76CDE90F550AF0CEFF5E
:10BC90000DA93848CDF834900AF0C8FF324610217B
:10BCA00034480BF0A9F83246202132480BF0A4F8B2
:10BCB0000DA931480E960D940F950AF0B7FF324644
:10BCC00021462D480BF098F8192009F011F8394653
:10BCD0002A4627480BF090F8642009F009F832460C
:10BCE000394623480BF088F80B274FF4605308A916
:10BCF00022480A95CDE90834CDE90B870AF096FF72
:10BD000008A91C480C97CDE90844CDE90A580AF067
:10BD10008DFF08A917480C97CDE90894CDE90A488A
:10BD20000AF084FF802308A913480C97CDE9083452
:10BD3000CDE90A680AF07AFF042308A90E480C9797
:10BD4000CDE90834CDE90A480AF070FF08A90A488D
:10BD50000C97CDE90844CDE90A580AF067FF13B003
:10BD6000BDE8F0830080024000ED00E0004402588E
:10BD70000024025800080258000002580018025817
:10BD800030B570B1CC6864B18A6852B10B6943B107
:10BD90000D6849688560C1608361C0E904240020A2
:10BDA00030BD4FF0FF30FBE773B500234668044613
:10BDB000019366B1A36998470546A3699847431B59
:10BDC000B3F5FA6FF9D901230025636027E0836892
:10BDD00003B19847202300252360636901AA12213B
:10BDE0003046984700281DDB019B03F01F03B34238
:10BDF0001AD10025266020681F2833D87DB9236911
:10BE00004FF400422946984700282EDB636901AAB7
:10BE100029462068984700280ADA6FF0040528466A
:10BE200002B070BD6FF004050136202ED5D1E2E7D7
:10BE3000A36998470646019B1B0402D4002DB9D084
:10BE4000EDE7A3699847801BB0F5FA7F07D86369CF
:10BE500001AA0021206898470028ECDADDE76FF09E
:10BE60000105E8E76FF00205D9E76FF00305D6E7B3
:10BE700037B500254369044601AA012100680195F0
:10BE80009847A84203DA6FF0040003B030BD63693D
:10BE900001AA0121206898470028F4DB019B5B0779
:10BEA0002CD5636901AA2946206898470028EADB57
:10BEB000019BDD040ED403F40452B2F5045F01D1FA
:10BEC0000220E2E7980401D50320DEE7D90513D567
:10BED0000420DAE7636901AA1F2120689847002837
:10BEE000D1DB019BDA040BD503F01C03182BE7D040
:10BEF000082BE9D0142BEBD00520C6E70120C4E7BE
:10BF00000620C2E740F2DC50704700207047062050
:10BF1000704770477047C0F86C1170470020704739
:10BF200013F056B804300AF0A7BB08B504300AF085
:10BF3000A3FBA0F110035842584108BD10B5041DE1
:10BF400020460AF099FBE02807D1204609F0C0FE00
:10BF50002046BDE8104009F03FBE10BDF0B500F529
:10BF600082779FB006460D46384606F0B7FC782229
:10BF7000002168461AF074FA00226B462C461146DE
:10BF80000CB30A2911D10024184A1949022004F0DF
:10BF90004DFEAB7B012B02D9284600F087FD3846C9
:10BFA00006F0BAFC20461FB0F0BD606818606089DA
:10BFB0000244586009B143F8043C246804B99C6009
:10BFC00001310C33DCE70B49301D4A603222C1F8E5
:10BFD00008D009F0A7FE034628B1074A0220044909
:10BFE00004F024FED5E70124D3E700BFBF11070802
:10BFF000E6110708BC480024EB110708032A08468D
:10C00000024928BF03221AF02DB900BF23190708DF
:10C0100008B5044A0820044904F008FEBDE80840B9
:10C0200005F002BF13120708E611070810B5064C09
:10C0300006492046FFF7A4FE2046FFF7B5FEB0FAFA
:10C0400080F0400910BD00BF9C480024EC0C002487
:10C050000148FFF70DBF00BF9C48002402380328A9
:10C0600015D8DFE800F0020A0C114FF400530B6002
:10C070004FF480430120136070470023F7E74FF42B
:10C0800000530B600023F5E700230B60F2E700206C
:10C09000704708B500F0F2FA08BD000030B5051D84
:10C0A00085B000230C46284601A9009309F012FF31
:10C0B00048B96946284609F058FF38B1184A0220A5
:10C0C000184904F0B3FD4FF0FF3026E0284609F090
:10C0D00069FF0099002911DD019B03F01F020A444A
:10C0E000BFF34F8F10481A44C0F85C322033D11A86
:10C0F0000029F9DCBFF34F8FBFF36F8F4FF4C1728C
:10C10000BDF80010002000F003FD206028B1BDF84C
:10C110000020019900F082FD002005B030BD00BF75
:10C120001E120708E611070800ED00E03D2000227E
:10C13000072108B509F030F93D20BDE8084009F0B5
:10C140005DB90020704700000022064B1B6802709A
:10C15000802243714270E12282701A0CC2701A0A66
:10C160000271704700E8F11F10B50446FFF7E9FFC0
:10C1700020B92046BDE81040FFF7E6BF10BD000023
:10C1800070B586B0044609F05BF92F492F4B02AD1C
:10C19000012604342846ADF80860CDE903134FF0BA
:10C1A0008073059309F06EF940F201132848ADF849
:10C1B0000830284BCDE903034FF48033284605931C
:10C1C00009F060F9042009F04BF9234B284623605D
:10C1D000FFF7CAFF214B656008202361204B2672C0
:10C1E000E36040F2F4531F4A63610A231E4900933F
:10C1F000042304F01BFD20460AF02CF9054600BB81
:10C200001A4E01463022301D1AF02AF921233360DC
:10C210004FF44033C6E90453154E294601353246E2
:10C220000023204606F5BF6609F0B8FC042DF4D1C2
:10C23000104A08200C4904F0F9FCFFF7F7FE06B09D
:10C2400070BD0020FBE700BF0000043009000003C0
:10C25000004004300D000003008002400000043064
:10C260000001043049120708E6110708BC48002401
:10C270000004043063120708084608B5FFF774FF8E
:10C28000012008BD002307B51A4602490248009361
:10C2900005F076FC7D12070805001180002307B524
:10C2A0001A4602490248009305F06AFCB1120708D9
:10C2B0000500118038B50D4B00250446036000F5DC
:10C2C000827040F8485C06F001FB04F5947006F0BB
:10C2D000FDFA04F5A670FFF7C2FB04F5AE70FFF798
:10C2E0008DFB2046C4F8705138BD00BF4C130708C1
:10C2F00010B50B4C2378BFF35B8FDB070ED42046C1
:10C3000005F08EFE50B10748FFF7D4FF204605F038
:10C31000A9FE054A0549034805F072FE014810BD13
:10C3200094480024F04800240000002489C3040835
:10C3300037B50D4604460192FFF7DAFF019B2A4606
:10C340002146043009F018FF003818BF0120404290
:10C3500003B030BD37B50D4604460192FFF7C8FF64
:10C36000019B2A462146043009F034FF003818BFEB
:10C370000120404203B030BD08B5FFF7B9FF0430DB
:10C380000AF02CF8002008BD0A4B10B504460360E3
:10C3900000F5AE70FFF72CFB04F5A670FFF722FB4B
:10C3A00004F5947006F0D2FA04F5827006F0CEFA25
:10C3B000204610BD4C13070808B500F5A670FFF71E
:10C3C0002CFB08BD08B500F5AE70FFF733FB08BDC8
:10C3D000F0B59DB00446FFF73BFE01280546D4F8B2
:10C3E000707139DD012F18DC01AA02A9FFF736FEB2
:10C3F00018B94FF40053CDE90130261D03A930468A
:10C4000009F01AFF019B03A930460993029B089388
:10C4100009F0D8FF304609F011FC04F5AE7630463D
:10C42000FFF7F3FA60B1012D0EDD012F08DC0121C9
:10C430003046FFF735FB114A1149082004F0F6FB9E
:10C44000C4F870511DB0F0BD012FF9DD0021304658
:10C45000FFF726FB0B4AEFE7012FDEDD0A4B4FF01B
:10C460000052C3F88420BFF34F8FBFF36F8F201D9E
:10C4700009F02EFC2046FFF759FECEE7E51207082B
:10C48000E61107080413070800E100E073B504464D
:10C49000002600F594752846019606F01FFA01A9BA
:10C4A0002046FFF7FBFD002804DA284606F034FAA0
:10C4B00002B070BD019919B104F5A670FFF70EFB2B
:10C4C000284606F029FAE6E738B50E4C05462378EB
:10C4D000BFF35B8FDA0708D4204605F0A1FD20B139
:10C4E000094B20461D6005F0BDFD074C4FF0FF32A3
:10C4F00000210120FEF768FFC307F7D52068FFF78A
:10C50000C5FFF3E798480024684A0024D0E90032C8
:10C51000096812F0010F01EB620005D010B454104D
:10C520000A595DF8044BD35818470146043008B542
:10C53000FFF7ECFF08BD0000034A0346C26007C9CD
:10C5400083E80700704700BF3813070810B588B0AC
:10C55000059108A902AC019001E90C0005A984E845
:10C560000C00FFF7E9FF019808B010BD37B56C4625
:10C57000054684E80C0094E80C00FFF7E7FF284626
:10C5800003B030BDF0B505468DB005F037FC284648
:10C59000FFF7F6FD064600284ED02022002104A811
:10C5A00019F05EFF264B4FF40060039319F00EFB69
:10C5B00005F1C00303AA2946079005934FF40063D1
:10C5C000204808934423069328230993FEF766FE28
:10C5D000C5F8BC0003F04AFE1B4B07461A4A0193FC
:10C5E0000023294603A80293FFF7C0FF1021384615
:10C5F00003F0E8FB0446A0B103A9FFF7A3F9204626
:10C60000C82103F082FD2046C82103F081FD2046A9
:10C610000E4903F080FD22460D49384603F092FC96
:10C62000044603A8C5F87441F8F792FB0A20FCF70A
:10C630000FFE2846FFF77AFD30460DB0F0BD00BF73
:10C6400024130708C9C40408D1C304083DB9040869
:10C6500051B9040808B5FFF768FF08BD08B5FFF732
:10C66000F9FF08BD08B5FFF743FED0F8BC0020B1C4
:10C670000121BDE80840FEF76DBE08BD08B5FFF713
:10C6800037FE0430BDE8084009F0D2BC130911D0D0
:10C6900051F804CB40F804CB51F804CB40F804CB5C
:10C6A00051F804CB40F804CB51F804CB40F804CB4C
:10C6B000013BEDD112F00F0305D011F801CB00F8CA
:10C6C00001CB013BF9D170470222002373B5044628
:10C6D0000E4600681146FCF783FF021E01DB93073C
:10C6E00009D4002316491748009305F041FA4FF08A
:10C6F000FF3002B070BDFDF78FF994F82430054685
:10C70000012103F10A02013303F0070344F8226018
:10C71000206884F82430FCF71FFF94F8243094F844
:10C720002520013303F00703934203D1022120683F
:10C73000FCF740FF2846FDF785F90020D9E700BF48
:10C74000941307080F01038013B504464FF0FF311F
:10C750000068FDF7F7FE30B1002322460349044884
:10C76000009305F00DFA02B010BD00BFAC1307082E
:10C770001501038013B504460068FDF7FBFE30B1D8
:10C780000023224603490448009305F0F9F902B05A
:10C7900010BD00BFC213070817010380094B07B57E
:10C7A0004FF0FF311868FDF7CDFE30B10023064988
:10C7B00006481A46009305F0E3F9012003B05DF83E
:10C7C00004FB00BF68F50024DA1307081501038095
:10C7D000074B07B51868FDF7CDFE30B100230549BA
:10C7E00005481A46009305F0CBF903B05DF804FB49
:10C7F00068F50024F21307081701038070B5064698
:10C8000009200D4600F006F9044660B101230146F7
:10C810000370C0E901650548FFF756FF28B12146BE
:10C82000092000F003F94FF0FF3070BD6C4A00247E
:10C83000F8B5044600286ED0830705D0FFF7AEFF99
:10C84000BDE8F840FFF7C4BF334EA0F108053368D8
:10C85000AB42F3D8314F00F10C0339689942EDD364
:10C860002F48FFF771FF14F8043C1BB92C48FFF761
:10C8700081FFE3E734F8080CB0F57A5FF6D834F8B6
:10C88000062CB2F57A5FF1D83368A5EB030C1FFADA
:10C890008CFC944502D09A5A6245E7D119183E683B
:10C8A000B14202D04A886245E0D1002204F8042C4B
:10C8B0001C4A1768AF4288BF15608D4211D00F79AE
:10C8C0007FB9B1420DD01668B142195A24F8081C3C
:10C8D000195A08BF1560B1F57A5F1CBFC918A1F8D5
:10C8E00002C034F8061C581885420FD006796EB97C
:10C8F0001668B54208BF106034F8082C5A5234F854
:10C90000082CB2F57A5F1CBF9B1859800448BDE81B
:10C91000F840FFF72FBFF8BDE84A0024EC4A002496
:10C92000B84A0024B44A00242DE9F041002850D030
:10C93000C41C24F00304A4B20B2C04D9B4F57A5F10
:10C9400002D9002045E00C24A042FAD826486FF016
:10C950000708FFF7F9FE254B2548C4F57A5E1968EC
:10C960000268531A9BB2734503D31F48FFF702FFB7
:10C97000E7E7CD18CF5A95F804C0BCF1000F30D1CD
:10C98000A8EB03063E44A6422BD304F1140E7645D1
:10C9900021D308341C44A6B211FA84F484F804C0EC
:10C9A0008F53638001232E802B718B5BB3F57A5FED
:10C9B00001D00B445E80AA4206D10E4B1B6814794D
:10C9C0000CB193420AD102600748FFF7D3FE05F18C
:10C9D0000800BDE8F08101232B71ECE712880A44BE
:10C9E000EDE73B46BFE700BFB84A0024E84A002411
:10C9F000B44A0024EC4A002410B50446FFF7CEFEEA
:10CA000023681C680CB122681A60FFF7E1FE20461B
:10CA100010BD00000E2805D8034B53F82000083045
:10CA2000FFF7EABF00207047C01407080E2838B58A
:10CA30000C460DD861B1074B53F82050FFF7AEFEFE
:10CA4000AB681A6822601C60BDE83840FFF7C0BEC2
:10CA500038BD00BFC014070808B5FFF79FFE084B9C
:10CA600000221A70FFF7B4FE064B186800B908BD23
:10CA7000436F1BB1BDE8084000F00AB9C068F5E794
:10CA80006D0F0124740F012470B506460D200C466D
:10CA90001546FFF7BFFF40B1002304814481437373
:10CAA0000573C0E900360123C38170BD70B504462B
:10CAB00060B30025FFF772FEA67B013EF6B2A673B7
:10CAC000FFF786FE4EB9637B26689B0709D523696D
:10CAD000204698470135EDB20EB9284670BD344660
:10CAE000E8E7237B03F00F03022B04D121460E203D
:10CAF000FFF79CFFEEE7012B02D121460D20F7E75F
:10CB0000002BE7D12046FFF793FEE3E70546E4E775
:10CB1000B2F5C17F2DE9F04706460F4685B230D009
:10CB200007D822F04003012B26D000242046BDE880
:10CB3000F087B2F5207FF8D10335CB1C25F0030533
:10CB400023F003031D44ADB205F110009D4280B2F5
:10CB5000EBD38342E9D8FFF7E7FE04460028E5D08F
:10CB600006440023078113360360284B26F0030692
:10CB70004781C3604660D9E70020BDE8F047FFF772
:10CB800083BF0026DFF890903446B0460E20B246B0
:10CB9000FFF740FF0646C8B91D4DFFF7FFFD012313
:10CBA0002F782B70FFB2FFF713FE4FB931461948AB
:10CBB000FFF724FE20B1FFF7F1FD2E70FFF708FE0E
:10CBC000002CB2D02046FFF771FFAEE7EB1C054406
:10CBD000C0F8008023F0030313350781C3F51473F5
:10CBE00025F00305C0F80C909BB24560BB4228BFFE
:10CBF0003B4643813CB1CAF80000FB1A00259FB2B6
:10CC0000002FC3D192E70446F7E700BF8000010080
:10CC10006D0F012459CA0408820001002DE9F0417A
:10CC20000F4614460546B8B1B1B10389934216D3F5
:10CC30004FF0000814B92046BDE8F0816E8907EB7B
:10CC400008016868A64228BF26463246A41BFFF7A3
:10CC50001DFDB0442D68EDE76FF00F00ECE74FF0DD
:10CC6000FF30E9E710B5044648B1406808B1FFF766
:10CC70001DFF21460420BDE81040FFF7D7BE10BDC0
:10CC800010B500B910BD0468FFF7ECFF2046F8E7C7
:10CC900010B50446406F18B1FFF7F2FF0023636739
:10CCA00010BD0000F8B50546064655F8044B8CB992
:10CCB0000D4F386818B14FF0FF31FDF743FC346871
:10CCC00024B928462C4605F001FE3560386808B1C5
:10CCD000FDF750FCAC4204D08B220449044804F018
:10CCE000B7FC2046F8BD00BF2075002420150708BA
:10CCF0002F150708704710B50446702105F006FC93
:10CD0000204610BD08B50348FFF7CCFFBDE808403A
:10CD100005F0E4BD2C4B002408B50348FFF7C2FF23
:10CD2000BDE8084005F0F8BD2C4B0024084B13B5B6
:10CD300004460360C2660191FFF7E4FF0199201DDC
:10CD400010F0D8FC2046FFF7E7FF204602B010BDE8
:10CD50005C1507080368012200211B691847036856
:10CD600000221B691146184700F59E7005F0B6BDFC
:10CD700000F59E7005F0D0BD10B50446F3F70FFC2A
:10CD80002046F3F706FC204610BD00002DE9F843CD
:10CD900004460546114B0F4604F1AC0604F59E7996
:10CDA00045F8043B90460021A822284619F058FB7C
:10CDB00030461036F9F7AAFCB145F9D1484605F0DE
:10CDC00085FD42463946284611F076FD2846224622
:10CDD000034911F0CFFB2046BDE8F883741507081E
:10CDE000BFCE04082DE9F0410368044616460F46FD
:10CDF0009B6804F1040804EB061598473846AC35E7
:10CE0000FBF711FBA0B12846FBF70DFB08B904F0B6
:10CE1000F5FF39462846FBF7F9FA0122404631462C
:10CE200011F050FD23682046DB68BDE8F04118474B
:10CE30002846FBF7F8FA08B104F0F6FF2846FFF79A
:10CE40009BFF0022EAE7000070B5164B86B004464F
:10CE500000250360002102A8FBF7C2F802A9EAB28C
:10CE600020460135FFF7BEFF02A8F7F771FF092D35
:10CE7000F0D1201D04F59E7504F1AC06019011F06F
:10CE800085FB019811F0A6FB284605F05FFDB54231
:10CE900004D0103D2846F7F75BFFF8E7204606B0C0
:10CEA00070BD00BF7415070810B50446FFF7CCFF2E
:10CEB0004FF4B071204605F029FB204610BD00EB71
:10CEC000011110B501F1AC042046FBF7ACFA10B12A
:10CED0002046FBF7B1FA10BD07B5019004F0B0FC95
:10CEE0000121019811F03EFE03B05DF804EB04F05F
:10CEF000BDBC07B5019004F0A3FC0021019811F01E
:10CF000031FE03B05DF804EB04F0B0BC07B5CDE929
:10CF1000001004F095FCDDE9001011F01FFE03B0D5
:10CF20005DF804EB04F0A2BC094B30B51A46094C7D
:10CF3000D3F89450A542FBD1036829B181680B60F6
:10CF40004FF44073536130BDC1681B04F7E700BF65
:10CF500000640258000300804168034630B471B198
:10CF6000D0E9032000F0010402B944B1451001EBFF
:10CF700060000CB149598A58996830BC104730BCE0
:10CF80007047036870B504460D461B68984704F166
:10CF900030002946C4F8CC5012F026FC2368204605
:10CFA0005B68BDE8704018477FB506461D460446DD
:10CFB00056F8303BCDE902211B6898479DF8203098
:10CFC000304683F00103DDE9022100932B4612F085
:10CFD00001FE2368064620465B689847A81B18BFD9
:10CFE000012004B070BD7FB506461D46044656F8C4
:10CFF000303BCDE902211B6898479DF82030304630
:10D0000083F00103DDE9022100932B4612F07CFD41
:10D010002368064620465B689847A81B18BF012076
:10D0200004B070BD70B590B00D46144600211C22AE
:10D0300002A819F015FA01260023294602A8009635
:10D040001A4603F09AF91C22002109A819F008FADF
:10D050000023214609A81A46009603F08EF90A9B80
:10D060001A68099B1A4203D16FF0010010B070BD1D
:10D07000039B1968029B194046D109A80A24FFF7AF
:10D0800045FF09A8FFF728FF002109A8FFF73EFF89
:10D09000002109A8FFF748FF052005F083FB0121C7
:10D0A00009A8FFF733FF012109A8FFF73DFF05207D
:10D0B00005F078FB013CE7D102A8FFF70DFF214600
:10D0C00002A8FFF731FF052005F06CFB012109A83C
:10D0D000FFF72AFF052005F065FB012102A8FFF7F5
:10D0E00023FF052005F05EFB02A8FFF702FF09A859
:10D0F000FFF7FFFE0A9B1A68099B1A42B4D0039BF4
:10D100001A68029B1A42AFD00020AFE710B5044660
:10D110000021F9F7D3FA204610BD0022034600F1A2
:10D12000280143F8042B03F8012B9942FBD17047E7
:10D1300008B5D030FFF7B6FDBDE8084005F0CEBB1E
:10D1400008B5D030FFF7AEFDBDE8084005F0E4BB00
:10D15000F8B51B4B04460D46164640F8043B04F157
:10D160003007FFF7D3FF0021164B9C22A1853846DC
:10D170006361A461C4E90711C4E9091119F070F9E8
:10D18000114B04F1D000C4F8CC30FFF7C6FF2046A5
:10D19000FFF7CEFF324629462046A4F8F850A4F8FF
:10D1A000FA60FFF73FFFB4F9FA20B4F9F8103846F7
:10D1B00012F070FC2046FFF7C3FF2046F8BD00BF09
:10D1C0008C15070859CF0408A086010070B50446E5
:10D1D0000D46164600219C2219F042F93246294696
:10D1E000204612F057FC2046044912F0FDFA204672
:10D1F000012112F0B4F8204670BD00BFA0860100E6
:10D2000012F0F2BACAB2002342F00102194612F03B
:10D2100093B812F0EDB812F0F9B810B5144612F048
:10D220002DF9001B18BF012010BD10B50446F3F7FF
:10D23000B6F92046F3F7ADF9204610BD0346024A81
:10D24000203011F089BD00BF59D3040883681A68E3
:10D2500043681A4214BF01200020704770B5114B7B
:10D26000054604460E4645F8043B1C22002128468C
:10D2700019F0F6F81022002104F1200019F0F0F85E
:10D2800004F13000F9F742FA04F14000F9F73EFAF0
:10D2900031462046FFF7D2FF2846314603F04FF8CB
:10D2A000204670BDA4150708084B10B5044640F889
:10D2B000203B11F04BFE04F14000F7F749FD04F16B
:10D2C0003000F7F745FD204610BD00BFA415070844
:10D2D00010B50446FFF7E8FF5021204605F016F987
:10D2E000204610BD70B50E46044604F0A9FA30463B
:10D2F000FBF799F8054604F1300020345DB1314662
:10D30000FBF784F801222046012111F0B3FCBDE8AF
:10D31000704004F0ABBAFFF788FF2A46F3E770B518
:10D320000E46044604F08CFA3046FBF77CF80546BE
:10D3300004F1400020345DB13146FBF767F801226B
:10D340002046022111F096FCBDE8704004F08EBA30
:10D35000FFF76BFF2A46F3E7012910B502D0022937
:10D360000BD010BD00F130042046FBF75CF800281C
:10D37000F7D02046FEF7B7FAF3E700F14004F3E7F1
:10D38000837E10B504461BB904F038FD0123A37653
:10D3900010BD837E10B504461BB104F045FD00238B
:10D3A000A37610BD10B5044604F04AFAE37E4BB9EB
:10D3B000B4F91810204613F04FFA2046FFF7E0FFAB
:10D3C0000123E376BDE8104004F050BA00230022A8
:10D3D00010B5044601834383C2610362FFF7E2FF95
:10D3E000204610BD10B5044604F02AFAE37E3BB196
:10D3F000204613F095F82046FFF7CBFF0023E37695
:10D40000BDE8104004F032BA10B50446FFF7EAFF59
:10D41000204610BDD0F89030012B10B5044686B0E0
:10D4200004D9002084F8940006B010BDDBB20430AB
:10D430000493D0F888300393B0F99C300293B0F98C
:10D440009A300193B0F998300093B0F99630B0F962
:10D450009420B0F9921013F057FDB0FA80F0400913
:10D46000E0E70000F8B51D461D4B04460F46164682
:10D4700040F8043B5C22002118F0F2FFBDF918309F
:10D480004FF400322046A4F89C302266BDF91C30CF
:10D49000099AA4F89E30C4F89020BDF92030114AB2
:10D4A000A4F8A0300023C4F88C200F4AA4F896708A
:10D4B000A4F89860A4F89A50C4F8A430A4F8643092
:10D4C000C4F8883084F89430C4E92A23FFF7A2FF17
:10D4D00020B942220549064804F0BAF82046F8BDB2
:10D4E000E415070840420F0015D40408C5150708C5
:10D4F000CE1507082DE9F0479DF8207004468946AF
:10D500009246022F98469DF8246024D8134BDB5D89
:10D510000BB3B6FBF3F503FB156515F0FF051AD148
:10D5200003689B6898479DF82830204684F864601B
:10D5300084F865300B9B84F86090C4F888302368C9
:10D5400084F861A0DB6884F8628084F8637098478F
:10D550002846BDE8F0874FF0FF30FAE7D6150708F8
:10D5600038B590F8943004460D4693B103689B6833
:10D5700098472946C4F88C50201D13F0A9FC0038A8
:10D58000236818BF0120DB6845422046984728469B
:10D5900038BD4FF0FF35FAE7F8B504460F4616469A
:10D5A0000021202268301D4618F05AFF94F86030A0
:10D5B000791C84F8683016BF0023012384F8697051
:10D5C000721C84F86A3094F8613018BF266784F8BA
:10D5D0006C3094F8623084F86D3014BF002301235E
:10D5E00084F8743094F8633084F8783094F86430B8
:10D5F00084F879306B1C16BF00230123E56784F89B
:10D600008030D4F8883084F8843094F8653084F819
:10D610008530F8BDF7B50093054690F8943016466E
:10D620000191DDE908740BB3ECB1E7B12368EBB10C
:10D6300003689B68984733462846DDE90021FFF7D9
:10D64000ABFF23463A4605F16801281D13F096FD0D
:10D65000041E2B68284618BF0124DB6864429847E3
:10D66000204603B0F0BD6FF00104F9E74FF0FF343E
:10D67000F6E7F7B50093054690F894301646019109
:10D68000DDE908740BB3ECB1E7B12368EBB10368D3
:10D690009B68984733462846DDE90021FFF77CFF69
:10D6A00023463A4605F16801281D13F045FD041E86
:10D6B0002B68284618BF0124DB686442984720463F
:10D6C00003B0F0BD6FF00104F9E74FF0FF34F6E767
:10D6D00030B51D4685B090F894300446CDE902215E
:10D6E000FBB103689B6898474FF0FF332046DDE9A4
:10D6F0000221FFF751FF0A9B2A4604F168010193BA
:10D70000201D099B0093089B13F05AFD00382368E5
:10D7100018BF0120DB68454220469847284605B0DF
:10D7200030BD4FF0FF35F9E708B50348FFF7BAFA07
:10D73000BDE8084005F0D2B8544B002408B50348B2
:10D74000FFF7B0FABDE8084005F0E6B8544B0024F6
:10D7500038B5074B0546044645F8043BFFF7E4FFA0
:10D76000284613F067FB2046FFF7E8FF204638BD48
:10D77000E415070810B50446FFF7EAFFB02120467C
:10D7800004F0C4FE204610BD4168034630B471B1B8
:10D79000D0E9032000F0010402B944B1451001EBC7
:10D7A00060000CB149598A58996830BC104730BCA8
:10D7B000704713B5B0F9383044680093B0F936308B
:10D7C000B0F93420B0F93210201D14F003FB02B080
:10D7D00010BD0000034B186818B14FF0FF31FCF783
:10D7E000B1BE70472075002470B5054604F028F8D6
:10D7F0000A4B4FF4AC710A4C1A6800239A420BDDB5
:10D8000001FB03F00659AE4204D1044404F02EF8A3
:10D81000204670BD0133F1E70024F7E78C53002464
:10D820007C4B0024084A08B51368052B04DDAF22A1
:10D830000649074803F00CFF591C4FF4AC70116007
:10D84000044A00FB032008BD8C5300240D16070872
:10D85000151607087C4B00244368D3F8EC3083424C
:10D8600010B5044610D0036F984760680023043059
:10D87000D4E9161214F08EFC6068216E043014F0A6
:10D88000D7FC6368C3F8EC4010BD036870B504466C
:10D890001B690D46164698476068D0F8EC30A342E5
:10D8A000C4E916560BD1002332462946043014F041
:10D8B00071FC236820465B69BDE87040184720462C
:10D8C000FFF7CAFFF5E7036870B504461B690D460C
:10D8D000984760682566D0F8EC30A34209D1294604
:10D8E000043014F0A5FC236820465B69BDE8704055
:10D8F00018472046FFF7B0FFF5E70000B0F94C30BD
:10D90000013330B50DD0094B094C1A46D3F8945069
:10D91000A542FBD1C36B29B1416C0B604FF440733E
:10D92000536130BD816C1B04F7E700BF00640258EF
:10D930000003008038B5036804461B69984794F9D2
:10D9400065506B1C84F8653045B92046FFF784FFAD
:10D9500029462046BDE83840FFF7D0BF38BD10B596
:10D9600090F865300446013B5BB280F8653013B92E
:10D970000121FFF7C3FF236820465B69BDE8104023
:10D98000184737B504460191FFF7D4FF0199606845
:10D99000043014F06DFC05462046FFF7E0FF2846F2
:10D9A00003B030BD30B5044687B0CDE90421039300
:10D9B000FFF7C0FF94F86450606801950A9D043039
:10D9C00005990095DDE9033214F0A2FC05462046D6
:10D9D000FFF7C5FF284607B030BD0021282210B54B
:10D9E000044640F8041B18F03BFD04F11800FFF753
:10D9F0008DFB204610BD000070B50646054656F862
:10DA0000044BACB9FFF7E6FE2C6864B93046FFF76B
:10DA1000E4FF05F13000FFF7E0FF85F86440C5E959
:10DA200017442E603446074B186808B1FCF7A2FD76
:10DA3000B44204D08B220449044803F009FE204676
:10DA400070BD00BF20750024201507082F1507089A
:10DA50000023082210B5C0E91623038604460C4BA8
:10DA60000366FF23A0F8643003F0EAFEE06EFFF7E0
:10DA7000BBFE606020B9FFF7D5FEE36E6060036017
:10DA800003F0F4FE6068F030FFF7B6FF10BD00BF92
:10DA900040420F002DE9F0411E461A4B0025044676
:10DAA00003608846184B174685618360C561C06076
:10DAB000C0E904552030FFF729FBBDF918301C22BE
:10DAC0002946238704F13C03A4F832801846A78630
:10DAD000E68618F0C5FC4FF0FF3102F04BFC0B4B13
:10DAE000B4F93620B4F934102367B4F93200A566CE
:10DAF00014F042F9E0662046FFF7AAFF2046BDE891
:10DB0000F08100BF4816070889D70408B3D7040876
:10DB1000406808B5C430FFF7C5F8BDE8084004F018
:10DB2000DDBE406808B5C430FFF7BCF8BDE808406A
:10DB300004F0F2BE0D4B10B504460360FFF7E8FF9A
:10DB400063682046D3F8EC20A24204BF0022C3F849
:10DB5000EC20FFF7E6FF04F12000F9F70FF8E06989
:10DB600008B103F071F8204610BD00BF4816070841
:10DB700010B50446FFF7DEFF7421204604F0C6FC12
:10DB8000204610BD7047000070B500F10C06044639
:10DB9000B0F95820B0F95610304613F0CDFDD4E955
:10DBA00018530DB9DA070ED55A1094F8681004EB23
:10DBB0006300DB0748BFA358B4F96A2048BF5D592A
:10DBC000B4F96C30A847216D304613F0CFFC2246E3
:10DBD00030460249BDE870400FF016BFD1DE0408A0
:10DBE00073B51E46C36D04460D462BB140F2351287
:10DBF0002B492C4803F02CFD2B490192C0E9181346
:10DC000003681B689847019A84F86850A4F86A2052
:10DC1000A4F86C60042D0BD8DFE805F0160311168C
:10DC200019004FF0FF33012104F10C000FF0E2FF67
:10DC3000236820465B6802B0BDE870401847134671
:10DC400002214FF0FF32EFE733462946ECE701238C
:10DC5000013284F884300ED01C2004F023FCB4F987
:10DC60006A6005461C22002118F0FAFB314628465E
:10DC700002F065FB2567B4F96C300133D8D01C2065
:10DC800004F010FCB4F96C6005461C22002118F069
:10DC9000E7FB00223146284602F056FB6567C7E7DE
:10DCA0007916070888160708E1DB040810B5044652
:10DCB000F2F775FC2046F2F76CFC204610BD70B5FB
:10DCC00006460D46044656F80C3B1B6898473046FE
:10DCD000294613F04BFC2368204625655B68BDE8A8
:10DCE000704018477FB505460446019355F80C6B04
:10DCF000CDE902213668B04728460399DDE90132B3
:10DD000013F0A6FC236820465B6804B0BDE87040B1
:10DD10001847000070B50546044655F80C3B1B68D3
:10DD20009847284613F0BCFB94F8843005467BB135
:10DD3000626F6AB10B4B0C481946D3F89460864267
:10DD4000FBD1136855B9926813604FF440734B616F
:10DD5000236820465B689847284670BDD2681B043C
:10DD6000F2E700BF006402580003008038B50546A2
:10DD7000044655F80C3B1B689847284613F0A0FB57
:10DD800094F88430054643B1236F00F001055A68CA
:10DD90001B6812681A4218BF0025236820465B687A
:10DDA0009847284638BD0C300FF0DCBE10B50C4645
:10DDB0000C300FF00BFF204610BD00002DE9F041A4
:10DDC00098461F4B0025044603600F461D4B29460D
:10DDD00016468560436024220C3018F041FB04F1A4
:10DDE0003000F8F793FC04F14000F8F78FFC40F2A4
:10DDF00001136566A4F854304FF6FF73C4F88050E1
:10DE0000A4F86A30A4F86C30A368C4F850805A10A3
:10DE100013F0010F04EB63006368A4F85670A4F8D4
:10DE2000586084F8685084F88450C4E91755C4E9F0
:10DE30001E551CBFA258D35898472046BDE8F08114
:10DE4000A816070889DB040803682DE9F041044699
:10DE50001B6815460F46984794F85430EE1C03B1E2
:10DE60007DB194F855300BB1012D0AD0394604EB41
:10DE70000610FAF7CBFA236820465B68BDE8F0414C
:10DE8000184703F0DDFC384604EB061604F10C08D5
:10DE9000FAF7C9FA88B13046FAF7C5FA08B903F0BB
:10DEA000ADFF39463046FAF7B1FA0122294640461D
:10DEB0000FF0B6FD03F0DAFCDDE73046FAF7B3FA0F
:10DEC00008B103F0B1FF3046FFF7F0FE0022EDE7A6
:10DED000033110B500EB01142046FAF7A4FA10B193
:10DEE0002046FDF700FD10BD036870B504461B68B1
:10DEF0000D46984794F85430AB422DD065B194F854
:10DF000055304BB9A2686368511004EB6200D20728
:10DF100044BF6258D358984704F1300603F090FC90
:10DF200005B33046FAF77FFA50B13046FAF784FA73
:10DF300003F064FF0122002104F10C000FF070FDDA
:10DF400003F094FC84F8545035B994F855301BB95B
:10DF500004F10C0013F08AF9236820465B68BDE8E1
:10DF60007040184704F10C002A4629460FF058FD6E
:10DF70003046FAF758FA0028E2D003F055FFDFE701
:10DF8000036870B504461B680D46984794F85530F1
:10DF9000AB422DD065B194F854304BB9A268636898
:10DFA000511004EB6200D20744BF6258D35898471F
:10DFB00004F1400603F044FC05B33046FAF733FAA7
:10DFC00050B13046FAF738FA03F018FF012204F195
:10DFD0000C0011460FF024FD03F048FC84F8555066
:10DFE00035B994F854301BB904F10C0013F03EF924
:10DFF000236820465B68BDE87040184704F10C00B8
:10E000002A4601210FF00CFD3046FAF70CFA0028E1
:10E01000E2D003F009FFDFE71FB5184B04460021EB
:10E0200003606846F9F7DCFF002269462046FFF7E7
:10E030000BFF6846F6F78CFE00216846F9F7D0FF23
:10E04000012269462046FFF7FFFE6846F6F780FE8C
:10E0500094F8543013B994F855301BB104F10C0006
:10E0600013F004F904F14000F6F772FE04F13000F9
:10E07000F6F76EFE204604B010BD00BFA8160708D4
:10E0800010B50446FFF7C8FF8821204604F03EFA89
:10E09000204610BD10B50446F2F781FA2046F2F78B
:10E0A00078FA204610BD70B5044615461E4600F0AD
:10E0B00039F9A069C4E9085602F019FC2A1820466B
:10E0C00046EB0103BDE8704000F022B938B50446C4
:10E0D000154600F007F9074B002204F128002360E1
:10E0E0000023C4E90823F8F711FB204684F83850D0
:10E0F00038BD00BFC016070810B5044602F00AFC80
:10E10000012201462046FFF7E1FF024B2046236033
:10E1100010BD00BF8409070837B5044601A802F006
:10E120009BFD04F12805204600F0FCF82846FAF78C
:10E130007AF920B194F838300BB103F075FE284617
:10E14000FFF7A8FF01A802F08FFD03B030BD2DE955
:10E15000F341044601A80F46164604F128081D465F
:10E1600002F07AFD4046FAF75EF920B994F83830AB
:10E170000BB103F043FE39464046FAF747F9324601
:10E180002B462046FFF78FFF01A802F06DFD02B07D
:10E19000BDE8F08138B5D0E90825D0E9021304467E
:10E1A000521804F1280445EB030300F0B1F82046AF
:10E1B000FAF739F910B12046FDF795FB38BD437DDC
:10E1C00010B504461BB1037D0BB103F02DFE2046B4
:10E1D00010BD13B5044601A802F03EFD637D53B99E
:10E1E000237D0BB103F00AFE206902F080FB0123BE
:10E1F000C4E90001637501A802F036FD02B010BD4C
:10E2000037B5044601A80D4602F026FD0023002282
:10E21000C4E900236B7D4BB1286902F068FBD5E9A6
:10E220000032C01A61EB0201C4E9000101A802F04A
:10E230001BFD204603B030BD30B585B00D46044609
:10E2400003A802F009FD29466846FFF7D9FF009BA5
:10E25000019AD5E902105B1840EB020203A8C4E959
:10E26000003202F001FD204605B030BD13B5044672
:10E2700001A802F0F1FC206902F039FB0022002322
:10E28000C4E90001C4E9022301A802F0EDFC02B0D8
:10E2900010BDD0B500230026002704460161027599
:10E2A0004375C0E90067C0E90267FFF7DFFF20465A
:10E2B000D0BD10B5044602F02DFB012201462046D8
:10E2C000FFF7E7FF204610BD10B5044602F078F8CE
:10E2D000002201462046FFF7DCFF204610BD036800
:10E2E0001B68184710B5084B0446002208462360F7
:10E2F0000023A1610549C4E902230023C4E90433D2
:10E3000002F084FA204610BDCC160708DFE20408AC
:10E3100007B500F108010090806902F0B5FA03B07A
:10E320005DF804FB00F10801806902F0C5BA000045
:10E33000034B10B504460360FFF7F4FF204610BD01
:10E34000CC160708002070476FF01C0070476FF074
:10E350001C0070476FF0150070476FF01500704794
:10E36000012070470120704700207047002070474F
:10E3700070B511F0010405468EB204D0FFF7CAFC57
:10E38000041E18BF0124F30605D52846FFF7EEFC4E
:10E3900008B144F01004204670BDA0F18800FFF7DA
:10E3A000E7BF08B5FFF7A0FD002008BDA0F1880079
:10E3B000FFF7F7BF08B5FFF7E3FD002008BDA0F1A8
:10E3C0008800FFF7F7BF0000034B10B50446036059
:10E3D000FFF722FE204610BDD8160708A0F18800DE
:10E3E000F2E700BF10B50446FFF7EEFF8C21204690
:10E3F00004F08CF8204610BDA0F18800F2E72DE96A
:10E40000F04106460D461746CAB103F016FA80F0F1
:10E41000010313F0FF0403D0336830461B689847AC
:10E4200005EB0708454505D015F8011B3046FFF7F9
:10E43000BDFCF7E71CB1336830465B689847384647
:10E44000BDE8F081A0F18800FFF7D9BF38B50446D8
:10E450000D4662B103681B6898472046FFF7A3FC8E
:10E460002870236820465B689847012038BD104615
:10E47000FCE7A0F18800FFF7E9BF000010B50446F3
:10E48000FFF79CFC044B204603F108024433226052
:10E49000C4F8883010BD00BFD016070830B5056835
:10E4A00085B0044601932D68CDE90221A847204696
:10E4B0000399DDE90132FFF793FB236820465B688F
:10E4C00005B0BDE83040184710B50446F2F767F8CC
:10E4D0002046F2F75EF8204610BD70B504460E46A1
:10E4E00003F0AEF9A5695DB104F10800FFF7ECFF98
:10E4F000012384F8216084F820300023E361A361C4
:10E5000003F0B4F92DB121462846BDE8704000F073
:10E5100078B970BD08B104F0E1B903F091B908B160
:10E5200004F0FAB903F0A2B92DE9F041044686B02F
:10E530000E46174603F084F9A56903F097F935B341
:10E5400001AD0021284604F023FA03F079F9D4E95B
:10E55000068323B139220F490F4803F079F8E561AA
:10E5600003F084F9B8F1000F0ED03946284604F0C4
:10E5700017FA48B93046FFF7CDFF20460121FFF7D3
:10E58000ACFF3046FFF7CBFF284604F02AFA06B06E
:10E59000BDE8F081791707088517070838B5002509
:10E5A000054B0446456040F8083BF8F7AFF82046B5
:10E5B0002584C4E9065538BDAC170708074B10B5CC
:10E5C00003600446836923B126220549054803F008
:10E5D0003FF80830F6F7BCFB204610BDAC17070823
:10E5E000791707089317070830B5044685B003F07C
:10E5F00027F904F1080568462946FDF76EF9284613
:10E60000FFF762FF0023E069A36108B104F0E6F9B7
:10E6100003F02CF96846F9F706FF10B16846FDF7DC
:10E6200062F96846F6F794FB05B030BD0022016040
:10E63000C0E9012201220273704770470346007B44
:10E6400030B1D3E90020136898428CBF002001202C
:10E6500070470123D0F800C02DE9F04303FA01F11F
:10E660001F4682EA030E1CF823500D4204D005F029
:10E6700030053AB1102D07D10133112BF3D14FF0F2
:10E68000FF300FE0002DF7D05C00D0F80880023C8E
:10E6900042EA040607FA06F919EA080FECD1202D20
:10E6A00002D03046BDE8F0834EEA040407FA04F4D1
:10E6B00014EA080FF5D0DFE770B50D4611460446A1
:10E6C0001E462A46FFF7C5FF002802DA0020207305
:10E6D00070BD42082168636801EB8201CD884979E9
:10E6E0001D44012306FB0151616003FA00F1A36898
:10E6F00042EAC0100B43C0B2A360E9E713460A46E2
:10E700000121FFF7D9BF13460A460021FFF7D4BF06
:10E7100013B504460A4601910021FFF7EFFF019A65
:10E720000021204602B0BDE81040FFF7ECBF0022F8
:10E73000C0E90022704770470068704700230B60F3
:10E74000436813B90160416070471960FBE70368D3
:10E750002BB11A6802B94260026000221A601846A2
:10E76000704710B50468002223468B4203D083B162
:10E770001A461B68F9E70AB10B6813608C4204BFA4
:10E780000B68036043688B424FF0000308BF426090
:10E790000B6010BD10B50446FFF7C9FF204610BD41
:10E7A00008B5FFF7C9FFB0FA80F0400908BD70B5A1
:10E7B00005462846FFF7C0FF044678B150F8043CF0
:10E7C000061F9B683046984740B12846FFF7BFFFB9
:10E7D00054F8043C3046DB689847EAE770BD70B5F2
:10E7E00004460D46FFF7A8FF0646291D2046AC61EA
:10E7F000FFF7A4FF26B92046BDE87040FFF7D7BF5A
:10E8000070BD70B50C460546FFF796FF064604B18D
:10E81000043421462846FFF7A4FFA64204D1284627
:10E82000BDE87040FFF7C3BF70BD10B50446204679
:10E83000FFF782FF28B150F8043C0438DB689847A2
:10E84000F5E710BD10B50446FFF7EFFF2046FFF7D0
:10E8500072FF204610BD704730B50D460E4985B099
:10E86000044640F8041BCDE90232F7F74FFF0021C0
:10E8700004F1400004F08CF804F1540004F026F890
:10E880000899204600912946DDE9023204F0FAF8A1
:10E89000204605B030BD00BFBC270708704703689D
:10E8A0009B6D184770B5002386B04FF4897490F8BB
:10E8B0002013CDF8063005AE8DF80A300389ADF887
:10E8C00004400224ADF8103040F201234268ADF854
:10E8D000123040F203138DF8074001ACADF814304C
:10E8E00000F10A038DF80B101D46039222460833EF
:10E8F00003CAB24243F8080C43F8041C1446F5D18D
:10E90000128828461A8006B070BD00000048704783
:10E91000941A070800487047CC1A07080048704747
:10E92000981A070800487047DE1A07080048704721
:10E93000C41A070800487047AE1A0708036810B5E4
:10E9400004465B6F9847D4F8EC0203681B6F984746
:10E95000236820469B6FBDE81040184708B5D0F8E3
:10E9600034332BB940F2CD620249034802F070FE05
:10E9700008BD00BFD9170708E717070810B50446F8
:10E9800002F05EFFD4F834330133C4F834332BB9CA
:10E990004FF4D7620249034802F05AFE10BD00BF8F
:10E9A000D9170708E717070838B5D0F834330446F5
:10E9B000012B10D10025D4E9C93000F0010203B9C0
:10E9C0004AB1411004EB6000C4E9C9550AB162586C
:10E9D000D3589847EFE7D4F834332BB940F2C662E6
:10E9E0000549064802F034FE013BC4F83433BDE863
:10E9F000384002F03BBF00BFD9170708E7170708E8
:10EA0000002307B51A4602490248009303F0B8F8FC
:10EA1000F31707080E011580002307B51A460249AF
:10EA20000248009303F0ACF81B1807080401158096
:10EA3000036873B50446DB6F9847B4F8F8120B12FD
:10EA4000022B25D0032B56D0012B04D1236820465E
:10EA50001B6B984708B9002018E0236820461B6B01
:10EA600098470678122EF6D1236820461B6B9847EC
:10EA70004578012DEFD123682046C4F804631B6B51
:10EA80009847C4F80003284684F8085302B070BDC4
:10EA9000C9B2236820465B6B019198470028DAD001
:10EAA0002368204601995B6B984703780199092BED
:10EAB000D1D1236820465B6B984743780199022B9C
:10EAC000C9D1236820465B6B984723688578204628
:10EAD0005B6B01999847C3780199204645EA032565
:10EAE0002368C4F804535B6B9847C4F80003012003
:10EAF00084F80803CAE7C9B20529ACD8DFE801F0F9
:10EB0000030F19232D37236820469B6B9847037802
:10EB1000C4F8043323689B6B20469847E5E72368D5
:10EB20002046DB6B98470378C4F804332368DB6B1B
:10EB3000F2E7236820461B6C98470378C4F8043337
:10EB400023681B6CE8E7236820465B6C98470378D2
:10EB5000C4F8043323685B6CDEE7236820469B6CB3
:10EB600098470378C4F8043323689B6CD4E7236880
:10EB70002046DB6C98470378C4F804332368DB6CC9
:10EB8000CAE70B78DB0913700B78C3F3411353709A
:10EB90000B7803F01F0393704B78D370C8788B7891
:10EBA00043EA0023938048790B7943EA0023D3801A
:10EBB000C8798B7943EA002313817047036870B5E5
:10EBC00004465B6F0D46984794F80C33022B05D032
:10EBD00040F23D120849094802F03AFD084B204630
:10EBE00084F81053C4F824330023C4F8283323686E
:10EBF000BDE870409B6F1847D91707083A180708F7
:10EC0000C3F0040838B503680446DB6F984794F8EE
:10EC1000083313B10025284638BDD4F8EC02036848
:10EC20005B6C9847D4F804239042F3D8D4F80013CF
:10EC3000121A0144C4F80423C4F80013A2B9022331
:10EC400094F80A5384F80C3345B1236804F53D71F8
:10EC5000204684F80A239B6E9847DCE70121204672
:10EC6000FFF7ACFF0125D6E7D4F8EC02D4F8204337
:10EC70000368A2421B6C28BF22469847F2E70000B7
:10EC8000036813B50446DB6F984794F81C33012BD7
:10EC900006D800230F491A4600930F4802F070FF70
:10ECA00094F80C3323B100230C491A460093F4E77F
:10ECB00094F80B33032B0BD02046FFF7A3FF38B992
:10ECC000D4F8EC020368DB6C02B0BDE810401847D2
:10ECD00002B010BDF31707080E011580651807086C
:10ECE00038B503680446DB6F984794F80833012B66
:10ECF0003BD1D4F8045335B994F809330BB9012545
:10ED00002CE084F80953D4F82023D4F8EC0295427F
:10ED1000D4F80013036828BF15469B6C2A46984711
:10ED2000D4F80033D4F804232B44551BC4F8003323
:10ED3000C4F80453002DE2D194F80923002ADED14F
:10ED4000022394F80A5384F80C334DB1236804F578
:10ED50003D71204684F80A239B6E9847284638BDAB
:10ED600001212046FFF72AFFC9E70025F6E70368DF
:10ED700010B50446DB6F984794F81C33012B01D87B
:10ED8000FFF73EFE94F80B33032B0AD02046FFF723
:10ED9000A7FF30B9D4F8EC020368BDE81040DB6C83
:10EDA000184710BD036870B504465B6F0D46984761
:10EDB00094F80C33032B05D04FF4C372084909486B
:10EDC00002F046FC084B204684F81053C4F8243364
:10EDD0000023C4F828332368BDE870409B6F1847B0
:10EDE000D9170708AF180708DBF90408036810B53E
:10EDF0000446DB6F9847012004F21D33C4F8040376
:10EE0000C4F8003384F8080310BD036810B5044645
:10EE1000DB6F984794F81C33042B05BFB4F82E33EE
:10EE200001200020A4F8FA3201BF04F54C73C4F8A5
:10EE30000403C4F8003384F8080310BD036810B558
:10EE4000DB6F044698470423204694F8F82284F8A0
:10EE50000C332368B4F8FA121B6F9847012010BDD9
:10EE6000036870B504465B6F0D46984794F80C3301
:10EE7000042B05D04FF4EB720849094802F0E8FB77
:10EE8000084B204684F81053C4F824330023C4F8F8
:10EE900028332368BDE870409B6F1847D9170708CF
:10EEA000DB18070853F10408036810B50446DB6F4C
:10EEB000984794F81C33042B02D0B4F8FA328BBB79
:10EEC00094F8F632012B0FD0022B10D053BB164B07
:10EED00001221A80144B0120C4F80033022384F865
:10EEE0000803C4F8043310BD0F4B0022F1E7B4F857
:10EEF000FA2222F08F03ABB912F00F0F0A4902D1A8
:10EF000000230B80E6E7530003F01E0343EAD2130D
:10EF10001822023B02FB034393F830309B07EFD5E6
:10EF20000123EEE70020DEE790530024036810B5CC
:10EF3000044690B0DB6F9847D4F8EC02D4F8202355
:10EF400069460368DB6B984704F53D7269462046C5
:10EF5000FFF717FE002311462046C4F80833C4E922
:10EF6000C033012384F80C3323685B6E984710B0DC
:10EF700010BD036810B50446DB6F984794F81C3346
:10EF8000012B01D8FFF73CFD012394F80C2384F8F2
:10EF90002C3322B92046BDE81040FFF7C7BF84F8E4
:10EFA0002D3310BD2DE9F0411D46036804460F4680
:10EFB0005B6F1646984794F80C33012B05D040F24E
:10EFC000BA220A490A4802F043FB0A4B204684F859
:10EFD0001073C4F824330023C4F828332368C4E929
:10EFE000C5659B6FBDE8F041184700BFD9170708FA
:10EFF0000319070893F80408036810B50446DB6F8B
:10F000009847B4F8FC3293B394F8F40294F80823C8
:10F01000012825D1012A06D0D4F8EC020368DB6C64
:10F02000BDE810401847D4F804239A4201D9C4F827
:10F0300004330128D4F8041326D18B4208D9D4F81C
:10F040002033B1FBF3F203FB12120AB984F809036F
:10F050000223204684F80B33BDE81040FFF740BE82
:10F06000002AD9D1D4F804239A42E2D0D4E7D4F8C4
:10F07000EC02D4F804230368002AD0D103219B6C4E
:10F0800084F80B1311460DE00123D4F82023D4F8A3
:10F09000EC028A4284F80B33036828BF0A46D4F88E
:10F0A00000131B6CBDE810401847036810B5DB6FF8
:10F0B00004469847002384F82D33032384F80B3348
:10F0C00010BD036810B5DB6F04469847002294F822
:10F0D000103384F80C2394F82D2322B12046BDE888
:10F0E0001040FFF7E2BF33B9D4F8EC020368BDE883
:10F0F0001040DB6C184794F80B33012B0AD1032323
:10F10000D4F8EC0284F80B3303689B6C1146BDE81D
:10F1100010401847022B07D10323D4F8EC0284F8DF
:10F120000B3303681B6CF1E710BD036810B5DB6F90
:10F1300004469847002384F82C3394F80C3323B901
:10F140002046BDE81040FFF7B0BF012384F82D33FF
:10F1500010BD036810B5DB6F04469847002294F891
:10F16000103384F80C2394F82D2322B12046BDE8F7
:10F170001040FFF79ABF63B1B4F8FA322046A4F802
:10F180002E33B4F8F83284F83033BDE81040FFF77E
:10F1900033BFD4F8EC020368BDE81040DB6C1847BD
:10F1A000036810B504465B6F984794F8F03283B952
:10F1B000D4F8EC02214603689B689847D4F8EC0227
:10F1C000402103689B6B98470123C4F8200384F80F
:10F1D000F032236820469B6FBDE81040184738B5D1
:10F1E000036804465B6F984794F81C5323682046D5
:10F1F000EDB29B6F98472B1F5842584138BD0368AA
:10F2000010B504465B6F98472046FFF7C9FF94F896
:10F21000F1323BB9D4F8EC0203685B6998470123EB
:10F2200084F8F132236820469B6FBDE810401847F0
:10F23000D0F8EC0203685B6B184738B503680D46DD
:10F2400004465B6F98472B07204617BF6A00D4F827
:10F25000205302F01E0242EAD5131FBF1822023BC0
:10F2600002FB03439D8D23689B6F9847284638BD5A
:10F270000368F7B50E465B6F0546984736F08F0773
:10F2800001D1320706D10023174918481A460093C6
:10F2900002F076FC7400182304F01E0444EAD6142D
:10F2A000023C03FB045494F83030DB0709D42846B1
:10F2B000FFF795FF80B140F28C520D490D4802F0E6
:10F2C000C7F994F831303BB1D5F8EC023146036808
:10F2D000DB6E984784F831702B6828469B6F03B02B
:10F2E000BDE8F040184700BF1B180708040115804F
:10F2F000D917070826190708036873B50E465B6F10
:10F300000446984716F0700F01D1310706D100234B
:10F310001A491B481A46009302F032FC7500182364
:10F3200005F01E0545EAD615023D03FB054595F897
:10F330003030DA0709D42046FFF751FFB0B140F270
:10F34000CC421049104802F083F943F002033146E1
:10F3500085F83030D4F8EC0203689B6D984795F837
:10F3600031301BB131462046FFF782FF236820462B
:10F370009B6F02B0BDE87040184700BF1B1807081C
:10F3800004011580D917070826190708036810B566
:10F390000446DB6F984794F81C33042B02D0B4F872
:10F3A000FA32A3B994F8F632022B10D1B4F8FA125B
:10F3B00031F08F000BD111F00F030AD0B4F8F832FE
:10F3C00023B92046C9B2FFF797FF012010BD0020E6
:10F3D000FCE71846FAE70000036873B50E465B6F5A
:10F3E0000446984716F0700F01D1310706D100236B
:10F3F0001C491D481A46009302F0C2FB75001823F1
:10F4000005F01E0545EAD615023D03FB054393F8BA
:10F410003020D20709D42046FFF7E1FED8B140F2F0
:10F42000F1421249124802F013F993F831301BB13E
:10F4300031462046FFF71CFF1823314603FB0545E4
:10F4400095F8303023F0020385F83030D4F8EC0220
:10F450000368DB6D9847236820469B6F02B0BDE8C8
:10F46000704018471B18070804011580D9170708B2
:10F4700026190708036810B50446DB6F984794F80F
:10F480001C33042B02D0B4F8FA32A3B994F8F63244
:10F49000022B10D1B4F8FA1231F08F000BD111F019
:10F4A0000F030AD0B4F8F83223B92046C9B2FFF7E7
:10F4B00093FF012010BD0020FCE71846FAE700008A
:10F4C0002DE9FF41984603680E4603925B6F07469D
:10F4D000984736F08F0403D116F00F0F039A06D128
:10F4E0000023204920481A46009302F049FB75008A
:10F4F000182305F01E0545EAD615023D03FB0575E8
:10F5000095F83030DB070AD43846FFF768FE04462A
:10F5100088B140F2AF521549154802F099F8AB8D09
:10F52000434505D923462246124913480094DCE797
:10F5300095F8311039B13B6838469B6F98472046A3
:10F5400004B0BDE8F081D7F8EC0201680C6E3146DA
:10F55000A04704460028EED095F83130013385F8F5
:10F560003130E8E71B18070804011580D917070890
:10F57000261907083419070805011580036837B5EF
:10F580000D465B6F0446984715F0700F01D12A07AE
:10F5900006D10023154916481A46009302F0F0FAE6
:10F5A0006B00182203F01E0343EAD513023B02FB53
:10F5B000034393F83030DB070AD42046FFF70FFEF1
:10F5C000054660B140F2E9520A490B4802F040F8A2
:10F5D000D4F8EC02294603685B6E98470546236819
:10F5E00020469B6F9847284603B030BD1B1807087C
:10F5F00004011580D9170708261907082DE9FF41CE
:10F60000984603680E4603925B6F0746984736F0AC
:10F610008F0503D116F00F0F039A06D1002322495C
:10F6200022481A46009302F0ABFA7400182304F043
:10F630001E0444EAD614023C03FB047494F83030F0
:10F64000DB070AD43846FFF7CAFD054688B140F209
:10F650000A621749174801F0FBFFA38D434505D205
:10F660002B462A46144915480095DCE794F83130BA
:10F670003BB13B6838469B6F9847284604B0BDE8CD
:10F68000F081D7F8EC02314603689D6E4346A847E7
:10F69000054638B194F83130A4F82E80013384F84F
:10F6A0003130E6E7E085E4E78519070804011580B5
:10F6B000D917070826190708A31907080501158097
:10F6C000036837B50D465B6F0446984715F0700F19
:10F6D00001D1290706D10023124913481A46009385
:10F6E00002F04EFA6A0002F01E0242EAD513182216
:10F6F000023B02FB034393F83020D2070AD4204692
:10F70000FFF76DFD054630B140F2496207490848F0
:10F7100001F09EFFDD8D236820469B6F98472846A9
:10F7200003B030BD1B18070804011580D91707085E
:10F7300026190708036870B50446DB6F0D46984725
:10F7400094F81C2384F81C53AA42D3B226D0032B6E
:10F7500009D9032D8CBF00260126012B05D9012DC7
:10F7600003D88EB103E00026F7E786B100264FF4F8
:10F770003472002104F11C0016F072FE002384F89C
:10F780001D3384F8F23216B12046FFF7CEFC236811
:10F79000294620461B6EBDE87040184770BD0368BF
:10F7A00010B50446DB6F9847D4F8EC0294F8F812D1
:10F7B0000368DB6A9847B4F8F8322BB90221204677
:10F7C000FFF7B8FF012010BD0321F8E7036810B56B
:10F7D0000446DB6F984794F8F81284F81D1351B96A
:10F7E000D4F8EC0203681B6A984703212046FFF710
:10F7F000A1FF012010BD0123204684F8F23203232B
:10F8000084F80C332368DB6E9847F2E7036810B581
:10F810000446DB6F984794F8F532C3BB94F8F7328F
:10F820000B2B34D8DFE803F0060B331033151A33F3
:10F830001F24292E2046BDE81040FFF735BB204687
:10F84000BDE81040FFF716BE2046BDE81040FFF7A8
:10F850009DBD2046BDE81040FFF7A1BF2046BDE892
:10F860001040FFF7E5B82046BDE81040FFF7BEBAEC
:10F870002046BDE81040FFF7A9BF2046BDE8104074
:10F88000FFF7C3BA2046BDE81040FFF7D7BA002003
:10F8900010BD036810B5DB6F04469847002094F84C
:10F8A000103384F80C0394F82D03D4E9C52190B1EA
:10F8B000012B0BD8022304F53D712046012284F868
:10F8C0000C332368BDE810409B6E18472046BDE806
:10F8D0001040FFF7EABB042B12D12046FFF796FF3A
:10F8E00030B9D4F8EC020368BDE81040DB6C18476F
:10F8F00094F80C3373B92046BDE81040FFF77CBB89
:10F90000032BEED0012084F8083384F80A03C4E9FD
:10F91000C021F0E710BD036810B50446DB6F9847BF
:10F9200002212046FFF706FF0023204684F81E33FD
:10F93000FFF7FBFB23682046DB6DBDE8104018474E
:10F94000036810B504465B6F984794F8F1323BB1F9
:10F95000D4F8EC0203689B699847002384F8F132DD
:10F9600094F81C33012B03D901212046FFF7E2FE56
:10F970000023204684F81D3384F81E332368BDE835
:10F9800010409B6F1847036810B504465B6F98479B
:10F9900094F8F03253B12046FFF7D2FFD4F8EC02CE
:10F9A0000368DB689847002384F8F0322368204618
:10F9B0009B6FBDE81040184738B503680D460446F4
:10F9C000DB6F984745B994F81C332BB12946204684
:10F9D000BDE83840FFF7AEBE38BD036870B50446D9
:10F9E000DB6F984794F82D3394F8106303B97EB910
:10F9F0002046FFF7F4FB054650B901464FF4347238
:10FA000004F11C0016F02CFD84F81D5384F8F2520A
:10FA1000002384F80C3394F82D3323B12046BDE83D
:10FA20007040FFF742BBD4F8EC02036856B1DB69C3
:10FA3000984720460421FFF77DFE2046BDE8704030
:10FA4000FFF7DABADB6CBDE8704018472DE9F04FDC
:10FA5000914685B002680E4603930446526F904764
:10FA600016F0700F03D116F00F0F039B06D1002381
:10FA7000264927481A46009302F082F894F8F28249
:10FA8000B8F1000F07D1236820469B6F9847404686
:10FA900005B0BDE8F08F75004FF0180B05F01E059E
:10FAA00045EAD615AF1E0BFB074797F830A01AF0B2
:10FAB000010A05D04FF48E621649174801F0C8FDBF
:10FAC000B9F5806F04D940F2714212491348F5E745
:10FAD000D4F8EC0231460268D2F850804A46C0475A
:10FAE00080460028CFD0013D0E990BFB0545281D0F
:10FAF000F8F78CFC97F8303087F831A043F0010319
:10FB0000A7F82C9087F83030BDE700BF1B18070816
:10FB100004011580D9170708C4190708E619070852
:10FB20002DE9F047054698461E4B04460F46914680
:10FB300045F81C3B00F53B7A2E4630461836F6F762
:10FB4000E5FDB245F9D1BDF820304FF43472002103
:10FB500028462381A4F80490A4F8068016F080FCBF
:10FB60002822002104F53D7016F07AFC00230122C2
:10FB7000204684F80C33C4F8EC72A4F8F03284F810
:10FB8000F232C4F8343384F8303384F81C2384F818
:10FB90001D3384F81E33C4E9C833C4E9CA33BDE851
:10FBA000F08700BF141A07080D4B70B503600446B8
:10FBB00090F8F0322BB140F262520A490A4801F043
:10FBC00047FD04F53B7504F11C06FFF7DCFEB5426A
:10FBD00004D0183D2846F5F7BBF8F8E7204670BD7D
:10FBE000141A0708D9170708FE19070838B503685B
:10FBF0000D460446DB6F984715F0700F01D12B07B7
:10FC000001D1FEF709FF6B00182003F01E0343EA41
:10FC1000D5118B1E00FB034393F831206AB10139E3
:10FC2000013A00FB014483F8312004342046F8F700
:10FC3000FAFB10B12046FBF756FE38BD38B5036815
:10FC40000D460446DB6F984715F0700F01D12B0766
:10FC500001D1FEF7E1FE6B00182003F01E0343EA1A
:10FC6000D5118B1E00FB034393F831206AB1013993
:10FC7000013A00FB014483F8312004342046F8F7B0
:10FC8000D2FB10B12046FBF72EFE38BD4FF0FF31FE
:10FC900000F079B937B504464C3001911546FDF7AF
:10FCA00035FA019921B90A46204600F014F803E01C
:10FCB0002DB9204600F048F8204603B030BD2A4652
:10FCC000F2E710B5044600F052F804F14C00F6F7E4
:10FCD00055FF204610BD032938B5044607D9D31C6B
:10FCE00023F003039A1A8A1A22F003011A4600230A
:10FCF0000D46E260C4E904330DBB22622560C4E90D
:10FD0000065100F00BFA00F00BFA2581606004F157
:10FD10003000A57284F82450C4E90A5500F020FA96
:10FD200000280BDB04F1440000F012FA002805DB88
:10FD300004F1480000F00CFA00EAE07038BD2369D5
:10FD40006D0801332361D7E737B5054608460191B1
:10FD500015F03CFF044638B1024601992846FFF7EA
:10FD6000BAFF6C6103B030BD4FF0FF30FAE770B5F9
:10FD700004460568B5B9A36A1BB14FF0FF31E06ACC
:10FD8000984704F1480000F0E5F904F1440000F060
:10FD9000E1F904F1300000F0EBF96069BDE8704072
:10FDA00015F01CBFEE6836B9EB6913B105F12400FC
:10FDB0009847AD68DEE7F36913B106F12400984770
:10FDC000F668F0E773B506462731483021F00305A1
:10FDD000019000F0C0F906F11803B46901985CB90C
:10FDE000F3699D4223D8346A5B1B6219F3610123D6
:10FDF00032622560A37107E02268954213D8E26859
:10FE000072B11A60A368936000F0A7F900234FF065
:10FE1000FF32E361C4E905322434204602B070BDEC
:10FE2000A2681A60F0E704F10803A468D7E700F0BD
:10FE300094F9F2E751F8083C73B505460C460BB14E
:10FE400008469847EB6833B1A4F12406B34202D8C0
:10FE50002B6AB34204D2002304F81E3C02B070BDEA
:10FE600005F14800019000F076F905F11802AB6940
:10FE70000198ABB11D6854F8241C8D420CD30FD1EE
:10FE800044F8183C13689B6844F81C3C166002B0A8
:10FE9000BDE8704000F061B903F108029B68E8E733
:10FEA000002344F8183C1368EEE7F8B54B6900F1FD
:10FEB000440705460C469B1A1646002BACBFD318C8
:10FEC000131C4B61038938468B8000F044F92846A7
:10FED00003687BB359696269A1EB020CBCF1000FA6
:10FEE00025DB914226D19B68A36013B104F108027F
:10FEF0001A6103682246002142F80C3F99601A619A
:10FF0000AB6A046020616BB195F8242052B12A6875
:10FF1000A24207D1E2682AB96169E86A891B21EA2D
:10FF2000E17198473846BDE8F84000F016B903F192
:10FF30000800CDE7A36013B104F108021A610023A1
:10FF4000E360DDE7F8B5144605460F46A2F1240646
:10FF500000F0E6F854F8103C02463146034444F8F9
:10FF6000047C284644F8103CFFF79FFF296914F8E9
:10FF70001E4C05F130008C40E968761A00F0FAF862
:10FF800034432046F8BD2DE9F74F04460F464FF0A5
:10FF9000000800F0C5F804F14406054607EB000927
:10FFA00084F82480304600F0D6F8636801A95B1B12
:10FFB000002B2368D8BF656001931BB15A69521B9F
:10FFC000002A37DD236003B11C61C1F80080019D68
:10FFD00015B1238901332381304600F0BEF801A911
:10FFE00065BB019D4FF0010A002D34D100F098F857
:10FFF000002F82465CDBA9EB0005002D5ADCA36ACA
:020000040805ED
:100000009BB1304600F0A7F8A36A43B1226832B131
:100010005169E06AA1EB0A0121EAE17198470123E5
:10002000304684F8243000F098F80023A37203B01F
:10003000BDE8F08F03F108019B68BEE7A8682B4676
:1000400000229A601A46DB68002BFAD10A6005F19B
:1000500008010546C4E72B6AD5F808B013B105F1CD
:1000600024009847AA69002A0BDB6B6913446B6173
:1000700000F056F8294602462046FFF716FF5D4677
:10008000B2E7E36873B1AB420CD8236AAB4209D341
:10009000AB7922690133DBB213FA02F214BFAB7100
:1000A00085F806A005F124012046FFF7C3FEE6E728
:1000B0004FF0FF35304600F04EF823683BB15969E8
:1000C000A1EB0A0121EAE1718D4228BF0D463046BD
:1000D00000F043F8294604F1300000F04EF8A37A0E
:1000E0007BB1304600F037F8A37A3BB100233046AD
:1000F000A37203B0BDE8F04F00F02FB8304600F017
:100100002CF800F00DF805464CE740F8101C70473D
:1001100040F80C1C704740F8081C704701F0C6BD41
:1001200007B501F084FB70B1084B6846196800F010
:100130006FFF4FF47A720023DDE9000113F052FBE8
:1001400003B05DF804FB02F081FBF9E7986100243D
:1001500000207047704701F073BB01F087BB0000BF
:10016000024908B502F04CFB002008BDE41A07085C
:1001700002F04FBB012102F049BB08B5012341EA5F
:10018000E172194602F060FB431E5842584108BD17
:1001900030B52A4C89B005462378BFF35B8FDA0768
:1001A00011D4204601F03CFF68B1254A4FF440715C
:1001B0002448FFF76FFD204601F054FF224A2349EF
:1001C000204801F01DFF224C2378BFF35B8FDB0733
:1001D00013D4204601F024FF78B14FF400621821B7
:1001E0001C4B1D480095FEF737FB204601F03AFFF7
:1001F000154A1A49184801F003FF174802F06EFC2F
:1002000010F0EF0016D1164B154A0E49CDE9023019
:10021000034604A8FBF7D0FB04A90F4802F0DCFC5E
:10022000044604A8F4F794FD24B12F220D490E488A
:1002300001F00EFA034809B030BD00BF585C00243D
:10024000B85C00245C5C002400000024C3FC0408AB
:10025000945300245854002498530024892B0508F3
:100260008DFC0408031B07081A1B070808B5024881
:10027000FFF78EFF08BD00BF291B0708704700006D
:10028000EFF3108372B6054A117831B9DB430449A4
:1002900003F001030B70012313707047B95F002452
:1002A000B85F002408B5EFF31083DB4313F00103BC
:1002B00004D036220549064801F0CAF9054A1370F0
:1002C000054B1B7803B162B608BD00BF511B070880
:1002D0006D1B0708B95F0024B85F0024014B187834
:1002E000704700BFB95F0024094B30B51A46094C6E
:1002F000D3F89450A542FBD1036829B181680B6003
:100300004FF44073536130BDC1681B04F7E700BF71
:10031000006402580003008070B50E46044615467E
:100320000EF0FCFB013609D0204600210EF01AFC2D
:1003300029462046BDE870400EF010BC70BD00227A
:10034000FFF7EABFFFF7E8BF70B50E460446154653
:100350000EF0E4FB01360CD020462946FFF7C4FF1F
:1003600001210EF0FFFB20460021BDE870400EF099
:10037000F5BB70BD0022FFF7E7BFF8B5069F044646
:100380000E461D4652B91A46FFF7C6FF013616D073
:1003900039462046BDE8F840FFF7A6BF0EF0BEFB89
:1003A00001360CD020463946FFF79EFF01210EF0A2
:1003B000D9FB29462046BDE8F8400EF0CFBBF8BD7A
:1003C00000487047881B0708024B1B680BB10248A6
:1003D00018477047000D0024881B07081FB5431CF1
:1003E00010D105B05DF804FB83420AD189680390FF
:1003F0000FF066FF0021039805B05DF804EB10F0E4
:1004000017B80C31B1F900305A1CEDD10023024667
:1004100002490348009301F0B3FB00BFB41B070877
:1004200030010180884207B502460AD0431C08D03B
:10043000013105D0002305490548009301F0A0FBD8
:100440000146084603B05DF804FB00BFC51B070862
:1004500030010180B1F900305A1C01D118467047B3
:10046000834201D1486870470C31F3E7421C13B551
:1004700004460AD0FFF7EEFF431C06D100232246B4
:1004800003490448009301F07BFB02B010BD00BF9C
:10049000D61B070830010180B1F900305A1C01D188
:1004A00018467047834201D1886870470C31F3E7E2
:1004B000421C13B504460AD0FFF7EEFF431C06D1D9
:1004C0000023224603490448009301F059FB02B07F
:1004D00010BD00BFF61B0708300101802DE9F04771
:1004E000466896F8327087BB03685B689847346A41
:1004F00084422AD03369041B96F934201C40B36827
:100500003062A4FB0345CAB1736A14EB030845F1DA
:100510000009002A1BDBC2F12001A2F1200328FA06
:1005200002F429FA02F509FA01F129FA03F30C435E
:100530001C4304FA02F2A8EB02027262D6E90A3204
:100540001B1945EB0202C6E90A32BDE8F087D6F86E
:100550000CA03B4640464946524613F093F90446E8
:100560000D460AFB1082E8E7824206D98A420BD97F
:10057000884294BF002001207047884206D98A42F1
:100580008CBF002001207047012070470020704779
:100590002DE9F34746680446376B27F07F4727F07D
:1005A000FF07002F63D1FFF799FF7368002B61D01D
:1005B000D3E90001D6E90A238B4208BF824205D362
:1005C00023685B6902B0BDE8F04718476568D5E964
:1005D0000A32D5F814A0B0EB030861EB0209D5E9A3
:1005E00006234B4508BF424520D3EB6895F933C03D
:1005F000A3FB080103FB0911BCF1000F13D0AA688B
:10060000531EC01841F10001BCF1000F1CDBCCF1FE
:100610002002ACF1200320FA0CF001FA02F221FAD8
:1006200003F310431843824528BF82462A6A336A7F
:1006300092442A690AEA0202934209D140F2C9129D
:100640001249134801F004F83B4613F01BF9EAE79E
:100650002368104601921B69984723685B68984796
:10066000019A0146306AFFF77FFF0028A8D102B047
:10067000BDE8F0877369306A326918442368104016
:100680001B6902B0BDE8F047184700BF291C0708E6
:100690003B1C0708436893F830202DE9F3470646D2
:1006A000002A7FD193F83230002B7BD103681B687E
:1006B00098473368DB69984703682BB91A463B496A
:1006C0003B48009301F05CFA19463A4C2246B1FBD4
:1006D000F4F402FB14141146002CF7D1354C01251B
:1006E0007768B4FBF2F11F24B960013C03D305FA2B
:1006F00004FC6145F9D1B3FBF2F287F833400123E2
:100700001F24FA6003FA04F5AA4201D0013CF9D291
:1007100087F8344043681D1F1C2D05D90023264946
:1007200026481A460093CDE7202B4FF0070418BF48
:10073000012004FA05F40CBF4FF0FF3098404FEA57
:10074000E4794FF000037C6118BF00F1FF30A4FB97
:1007500001459A46386112F1FF3001FB095543F11A
:10076000FF31201845EB010113F08CF83368C7E91D
:1007700006015B68C7E900AA9847736838620021E0
:1007800001220020C3F824A01A8683F832A0C3E90E
:100790000A013046FFF7A2FE304602B0BDE8F0473E
:1007A000FFF7F6BE02B0BDE8F08700BF5F1C070888
:1007B0000E01048040420F00781C070805010480E8
:1007C0002DE9D00316461F4642680024059B8B6026
:1007D0005368C1E9006733B9CB606CB95160BDE8BB
:1007E000D003FFF7D5BED3E900894F4508BF464582
:1007F000F2D31C46DB68EEE7D2E90A23E160BB4294
:1008000008BFB242EBD2BDE8D003704738B5054609
:100810000C46FFF73FFF01F013F86B681C60BDE862
:10082000384001F023B8F8B5054601F009F8D5E9DC
:100830000034DB68984794F832301BB1BDE8F840CB
:1008400001F014B8012384F831306368ABB1284655
:10085000FFF744FE6168D4E90A67D1E900239F42AB
:1008600008BF964209D36B685A68CB6863602368F7
:10087000002BEAD090689847E7E70023284684F8E1
:100880003130FFF785FED9E710B586B0CDE90421F8
:100890000393089C029000F0D3FF0298FFF71EFE1E
:1008A000059902980094DDE90332FFF789FF06B04D
:1008B000BDE8104000F0DABF38B505460C4600F040
:1008C000BFFF6A685368A34209D1DB6828465360BA
:1008D000FFF75EFEBDE8384000F0C8BF1346002BAE
:1008E000F8D0DA68A242F9D1E268DA60F2E738B506
:1008F0000446FFF7CFFE00F0A3FF2046FFF7EEFD12
:100900006368D3E90A4500F0B1FF2046294638BDA7
:100910007047000000487047B41C0708024B1B6872
:100920000BB1024818477047040D0024B41C070897
:1009300008B5BFF35F8F164B1968080AC1F307218A
:1009400010F0FC0F04D13B221249134800F080FE46
:10095000002210465A608A4216D11022DA600F4AED
:100960001A611322DA600E4A1A611122DA600D4A06
:100970001A610D4ADA600D4A1A6107225A60BFF304
:100980004F8FBFF36F8F08BD9A6001321861E2E7A5
:1009900090ED00E0F91C0708081D070839F0020671
:1009A000390702133FF50B131200008039000213C0
:1009B000B1F90C20B1F9041010F0BEBE15F0FEBD67
:1009C0002DE9F04F8B4D8046894692462DED028BE6
:1009D00008EE103A6B6B83B01BB19847EB6B013399
:1009E000EB632B69DBB1002218F0800F1A7025D160
:1009F000B9F1000F11D0686803781BB1494616F0B1
:100A0000A9FC50B9A8680378002B00F0ED80494696
:100A100016F0A0FC002840F0E780AB692B62AB6BBE
:100A20003BB10023EC6BEB63013CAB6B9847002CB4
:100A3000FADC03B0BDEC028BBDE8F08FBAF1000F19
:100A4000EBD0B9F1000FE8D0EB6A002BE5D02B78A2
:100A500003EA0802D106E2D01A06D5E9047402D4EA
:100A6000B8F1010F12D118EE103A5246214638461D
:100A70001BF008FAB8F1010F54D12B6B002B51D0A9
:100A8000286998472B6B5C489847C6E713F04000ED
:100A900064D09B0644D5594A2146384615F058FF84
:100AA00084423DDD00283BDD0744241AB8F1080FDD
:100AB00052D03AD8B8F1020F3CD0B8F1040F49D067
:100AC0000026B3466B6ADBB10021524618EE103A9D
:100AD0008DED018A08461BF0D5F9002E30446B6A73
:100AE00018BF042630449847454A034621463846F5
:100AF00015F02EFFA04203DA0028C4BF3F18241AC5
:100B0000B8F1080F6DD02ED8B8F1020F31D0B8F17E
:100B1000040F63D03B4A2146384615F019FF2EE0FA
:100B2000002CC3DCEB6A2869AEE7B8F1100FC7D11F
:100B3000354B00E0354B324A2146384615F008FF68
:100B4000A04206460DDA002801DD0744241A4FF0C2
:100B5000010BB7E72E4BEEE72E4BECE7002CAFDC9A
:100B6000E0E70026F3E7B8F1100FD3D14B462A4A4D
:100B700001E04B46294A2146384615F0E9FEA042DD
:100B8000D0DA0028CEDD261A074418EE103A524675
:100B9000314638461BF076F98642C3DD0028C1DDB8
:100BA000361A0744002EBDDDAB6A73B19847144A6C
:100BB00003463146384615F0CBFE8642B2DD0028AA
:100BC000B0DD361A0744002EACDDBBF1000FA9D012
:100BD000134A3146384615F0BBFEA3E74B46114A8F
:100BE000C9E74B46104AC6E7BAF1000F7FF42CAFB5
:100BF00013E700BF080D00240F210708151D070883
:100C0000211D0708721D0708301D07081B1D070856
:100C1000241D07082A1D0708631D0708361D07083D
:100C2000811D0708451D0708541D07080CB407B5AA
:100C300004AB53F8042B0193FFF7C2FE03B05DF839
:100C400004EB02B070470000024B1B6803B1184769
:100C5000704700BF3060002407B5019000F0F0FD40
:100C6000019803B05DF804FB07B5019000F0FEFDAC
:100C7000019803B05DF804FB007B704738B50D4B5D
:100C80000D460273044603600023C0E901310A489F
:100C9000FCF708F801F022FE55B1084B1A681C60F9
:100CA00062600548FBF7FEFF01F036FE204638BDC6
:100CB0006560F6E7981D070838600024346000245A
:100CC000144B10B5036004461348FBF7EBFF01F02B
:100CD00005FEA3682BB1114962680B68A34212D1CB
:100CE0000A600F4B0C481A68A24204BF00221A6027
:100CF000FBF7D8FF01F010FE237B13B9201F01F092
:100D00001BFC204610BD19465B68A342FBD14A601C
:100D1000E7E700BF981D070838600024346000240E
:100D20006060002410B50446FFF7CAFF102120467A
:100D300001F0ECFB204610BDF8B5064617480D46FD
:100D4000FBF7B0FF01F0CAFD154B1C68A4B1A76802
:100D500087B1384616F0D4F8A8420BD12A4631465E
:100D6000384615F04DFA28B90C48FBF79BFF01F007
:100D7000D3FD11E06468E9E7072DF5D12A46314635
:100D8000084815F03DFA0028EED10448FBF78AFF29
:100D900001F0C2FD044B1C682046F8BD38600024F9
:100DA00034600024861D070860600024002070471E
:100DB0000368012200211B6970B504469847051E8F
:100DC0000DDB23680222002120461B699847064656
:100DD00023682946354600221B6920469847284645
:100DE00070BD000070B50E46002504460F49C0E9ED
:100DF0000055304616F03EF92946304420602368FD
:100E00001A782F2A07D10133236051B92A220849C1
:100E1000084800F01DFC002AF7D00133013123609F
:100E2000EDE7FFF789FF6060204670BDF01D070801
:100E30000C1E0708191E070800687047406808B5AF
:100E400020B1FFF719FF431E5842584108BD10B5A5
:100E50000446FFF7F3FF10B1606800B1043810BD1D
:100E6000406808B520B1FFF707FFB0FA80F04009ED
:100E700008BD10B50446FFF7F3FF10B1606800B17C
:100E8000043810BD4068003818BF012070470020AA
:100E90007047F8B50D46036804468F182E461B6D43
:100EA0009847BE42236806D09B6C204616F8011B6B
:100EB00098470130F5D1236820465B6D9847701B39
:100EC000F8BDF8B50D46036804468F182E461B6D15
:100ED0009847BE42236807D0DB6C20469847431CE6
:100EE00002D006F8010BF4E7236820465B6D9847B3
:100EF000701BF8BD0020704700207047704700004D
:100F00000F4B002213B5044640F8043BFFF7B6FE32
:100F10000C4B0D49204623606033636000236361FE
:100F200001F068FB0346606128B90246009007495A
:100F3000074800F025FE01F067F8204602B010BD1A
:100F4000A81D0708A01E0708221E0708251E07085F
:100F5000190101800A4B03F10802683310B50446F9
:100F600002604360406913F03BFE064B204623605D
:100F7000503340F8043FFFF7A3FE204610BD00BFEA
:100F8000981E0708401E070810B50446FDF7AAF989
:100F9000094BA0692360FFF7AAFC00220023C4E9E3
:100FA0000C230023C4E90801C4E90A01C4E90E3393
:100FB000204684F8403010BD601F07084FF0FF3016
:100FC0007047000038B590F83F50044625B18E2296
:100FD0000849094800F03CFBFDF7A4F994F84030BB
:100FE000A5872BB184F84050BDE8384000F01CBF05
:100FF00038BD00BF221F07082F1F070810B5044681
:1010000001F1300000F05CFBC4E90001204610BD96
:1010100010B504468869FFF76AFCC4E90001204660
:1010200010BDD0E90C32013342F10002C0E90C32AC
:10103000D0E90A3213F57A7342F10002C0E90A32AC
:101040007047D0E90A2312F57A7243F10003FDF7E5
:101050005FB9F8B50D4604468869FFF748FCD5E945
:101060000A32C61A61EB0207002F08BFB6F57A7F75
:1010700005D200220023C4E900232046F8BD002F3A
:1010800008BFB6F5FA6F01D20122F3E7002E4FF444
:101090007A72304677F101034FF00003B4BF0021AC
:1010A000394612F0EFFBC4E90001E6E791F83F3062
:1010B000F7B505460C4613B991F83C6026B1E52218
:1010C0001149124800F0C4FA6846FFF7C2FF4FF416
:1010D0007A71A663DDE90032A3FB016701FB0277A9
:1010E000D4E90A10891947EB0000C4E90A10D4E9D1
:1010F0000C105B1840EB02022846C4E90C32C5E92B
:10110000003203B0F0BD00BF221F0708391F0708D7
:101110002DE9F743994690F83F300446904623B1B5
:1011200058223149314800F093FA90F83C3063B9C5
:1011300001466846FFF7BAFFDDE900234B4508BFCB
:10114000424505D3012384F83D3003B0BDE8F08368
:1011500021466846FFF752FF009B4FF47A71B8EBC7
:101160000306019B69EB0307A8FB012301FB09337D
:10117000D4E90851551994F8402043EB01080123A4
:10118000A38762B9A269126892F8202032BB84F862
:10119000403000F033FE002F08BF052E0DD2002393
:1011A00084F83E3094F8403023B9012384F840306D
:1011B00000F024FE2A4643460AE094F84030002B13
:1011C000EDD10123B5F57A6284F83E3048F1FF3362
:1011D000204603B0BDE8F043FDF79AB8002F08BFE2
:1011E000052EDCD3EDE700BF221F07082F1F0708DD
:1011F000024B4FF080625A60704700BF00ED00E084
:1012000008B50121383000F049FA08B1FFF7F0FFC6
:1012100008BD012310B580F83F300446836B0BB145
:10122000FFF7E6FF2046FFF70CFF10BD90F83C30BB
:1012300010B504464BB1002380F83C3090F83E30A6
:1012400013B9012380F83D3010BD90F83F30002BDA
:10125000FAD0836B01338363FFF7CAFF2046FFF7A1
:10126000E0FE2046FFF7EDFEEEE70000024B4FF0F8
:1012700000725A60704700BF00ED00E010B50446F0
:10128000FDF750F8002384F83F30FFF7EFFF10BD63
:10129000102300F007B8202300F004B8302300F03A
:1012A00001B840239C46F0B404AE7546E80801D36B
:1012B000EFF309860E4F0FCE0FC70FBC0FC7404686
:1012C000494652465B460FC71DCE3100A60A00D3E1
:1012D00004316E0900D248311FC7EFF30980694617
:1012E000EFF3148663C76046014900F079F800BF48
:1012F000880F0124F0B52C4E85B000242B4F3546C5
:101300002146013456F8042B384600F07DFA0D2CA6
:10131000F6D1AB6C264C02936B6C264801932B6C78
:101320000093696BD5E90E2300F06EFA216822481C
:1013300000F06AFAE16AA26AA36AA06AD2B2266BD6
:10134000C3F30723E76B000CCDE9016700901B484E
:1013500000F05AFAA36A1E0603D5616B184800F024
:1013600053FAA36A180403D5A16B164800F04CFA8F
:10137000EB6C190712D5144800F046FA2B6DDA070A
:101380000FD5124800F040FAEB6C5B074CBF1048D9
:10139000104805B0BDE8F04000F036BA0E4800F045
:1013A00033FA0E48EEE700BF880F0124641F0708D8
:1013B00000ED00E0721F0708C11F0708CF1F0708D4
:1013C0001E2007082C2007083A2007084920070894
:1013D0007920070885200708692007085620070894
:1013E00007B504460D461A48012100F060F968BBB4
:1013F000184800F009FA302C19D0402C1CD0202CB1
:101400001FD1154C154800F0FFF9154800F0FCF904
:10141000FFF770FF134800F0F7F90D4B00221A7028
:1014200000232A4610492046009300F0A9FB0F48EC
:101430000F4C00F0E9F9E8E70E480F4C00F0E4F932
:10144000E3E70E480E4C00F0DFF9DEE70024E7E7A3
:10145000DC0F0124912007083E01FF80BA20070815
:10146000E7200708F220070811210708C92007080C
:101470003F01FF80D22007084001FF80DD200708E0
:101480003D01FF802DE9F0410C467746154600F0FE
:10149000EDFBE4B154F8088CDDB1284614F096FB5E
:1014A000064648B1A8454246214628BF2A4614F0C0
:1014B000D9FE204614F092FB3B462A462146304690
:1014C00000F08CFB00F0E2FB3046BDE8F081A04666
:1014D000E2E72E46F0E7F7B50D461646774600F0F0
:1014E000C5FB06FB05F21046019214F06FFB0446A3
:1014F00018B1019A002114F0B3FF3B463246294649
:10150000204600F083FB00F0C1FB204603B0F0BD95
:10151000F8B50D461646074600F0A8FB2048FBF735
:10152000C1FB204C01F0DAF915F1090F32D805F1B1
:101530000801384614F05AFB60B3A26800F10807AE
:10154000194B2A4405604360A26022692368013276
:101550002B44226162682360934250F8042C88BFB8
:101560006360031F002AB8BF9B18A2691B68521B47
:1015700023F001031344A3610948FBF793FB01F037
:10158000CBF932462946384600F014FB00F07EFBCA
:101590003846F8BD6369002701336361ECE700BF9B
:1015A0008060002464600024EFBEADDE00B57246AA
:1015B0005DF804EBFFF7ACBF70B50C460546164668
:1015C00000F054FB1C48FBF76DFB01F087F91CB3DE
:1015D00054F8042C194B9A422BD154F80C2CA4F13A
:1015E0000C0354F8081C002AB8BF9B181A68002383
:1015F00044F8043C22F00102114B1868401A1860AC
:1016000018690138186198690144891A9961A4F12F
:101610000801284613F0A8FD0748FBF743FB01F03B
:101620007BF93146204600F009FBBDE8704000F030
:101630002DBB2146EDE700BF80600024EFBEADDE8C
:101640006460002400B572465DF804EBFFF7B4BF98
:1016500007B50B46009201460022014800F090FABF
:101660004401FF8003460122D3E84F0FC3E8412F16
:10167000C0B20029F8D17047D0E85F3F5B18C0E8DE
:10168000523F002AF8D198B27047D0E85F3F5B1A0A
:10169000C0E8523F002AF8D198B27047034653E899
:1016A000000F401A43E80002002AF8D170470346B1
:1016B000D3E84F0FC3E8421FC0B2002AF8D17047E9
:1016C00038B5044600F0BCF8D4E9004500F0CEF887
:1016D0002046294638BD0000254C264D264680B5BB
:1016E00088B000F0ADF8A52101A8FEF743FE04275D
:1016F000DFF88480D4F89430AB42FBD1039B4046A2
:10170000019A1A604FF44073636101F04BF8D6F808
:101710009430AB42FBD1019B4046049A1B041360FA
:101720004FF44073736101F03DF8013FE2D10427AB
:10173000DFF84880D4F89430AB42FBD1039B40469D
:10174000019A1A604FF44073636101F02BF8D6F8E8
:101750009430AB42FBD1019B4046049A1B041360BA
:101760004FF44073736101F01DF8013FE2D1BEE711
:101770000064025800030080F0490200801A06004D
:1017800073B5002201460446022000F0E7FC0D2656
:1017900000F056F80022254614F8013B1BB900F072
:1017A00065F802B070BD0A2B09D10D2A07D00122BD
:1017B0000DF1070102208DF8076000F0CFFC012237
:1017C0002946022000F0CAFC14F8012CE3E70000CF
:1017D00000B5A3B002460B46842101A81AF052FBC3
:1017E000832806D9074B1A681B79CDF883208DF81A
:1017F0008730002802DD01A8FFF7C2FF23B05DF8A3
:1018000004FB00BF212107080FB407B504A951F854
:10181000040B0191FFF7DCFF03B05DF804EB04B0AB
:101820007047EFF31080C04300F001007047EFF302
:101830000580003818BF01207047FEF74FBD00003B
:1018400008B5FEF71DFD064A1368591C04D13F2256
:1018500004490548FFF7FCFE0133136008BD00BFD3
:10186000A86000244021070850210708044A136893
:1018700023B1013B13600BB9FEF714BD704700BFE5
:10188000A860002408B50B48FFF7ECFE28B1FFF76D
:10189000D7FFBFF34F8F20BFFDE7FFF7C8FF08B1A9
:1018A000FFF71AFFFFF7BDFF0028F9D0012000F075
:1018B000BDFD00BFE86000242DE9F0414B4C0E4611
:1018C00098B08046216817464948C1F34173032BFD
:1018D000C1F307430CBF4D428DB22A46FFF794FF78
:1018E0006FF498731D44132D0FD8DFE805F00A62DA
:1018F00065686B716E740E0E0E0E0E0E0E0E0E0ED1
:101900000E77A1683B48FFF77FFF4046FFF738FF9F
:1019100061683948FFF778FF4EB13848FFF730FF6C
:101920003046FFF72DFF39463548FFF76DFFA168B8
:101930003448FFF769FF2368334A1A44012A05D95E
:10194000324A934202D0033A93424BD1A06820B16D
:10195000C06C80F00800C0F3C000E368002B43D0E7
:1019600059682B4A002908BF1146E269294D0392A4
:10197000A26902926269019222690092264A0028B5
:1019800018BF2A462548FFF73FFF04A800F0DCFEF9
:10199000079B216801939DF8183021480093DDE9E9
:1019A0000423FFF731FF1F48FFF72EFF18B0BDE8F3
:1019B000F081A1681C48A6E7A1681C48A3E7A168BC
:1019C0001B48A0E7A1681B489DE7A1681A489AE751
:1019D000A1681A4897E7A168194894E71948FFF7E2
:1019E00013FF92E70020B8E70949BEE7EC60002446
:1019F00096210708E72107088F220708A022070879
:101A0000A8220708AC220708C2FE007F4001FF8021
:101A1000812107088B21070810210708C022070829
:101A20001923070890230708FD2107080D2207083E
:101A30001C2207082F2207084322070857220708FD
:101A4000662207087C22070870470000F0B5294D80
:101A50008FB00E46174635EA200528BF05463022CE
:101A6000002102A814F0FCFC234B01AC01952B448F
:101A70000396012B05D9214B9D4202D0033B9D4289
:101A800032D1F36B0293736B08931D4B5B69DA6B76
:101A9000049305925A6B1B6B06920793FFF7D0FED7
:101AA000184A13680133012B136009D12646164DDD
:101AB0000FCE0FC50FCE0FC50FCE0FC533682B60ED
:101AC000124D0FCC0FC50FCC0FC50FCC0FC523681F
:101AD000A5F130002B600E4B1B6843B19847FFF710
:101AE000C5FE00200FB0F0BD02970894CDE7FFF7C8
:101AF000ABFFF4E70101FF80C2FE007F4001FF80E1
:101B0000440C0024AC600024B4600024EC60002489
:101B1000B06000240FB41FB501210D48CDF804E0DA
:101B2000FFF7C5FD019A044680B901460948FFF751
:101B30008DFF224621460848FFF7BEFE07A90698FA
:101B40000391FFF745FE0548FFF71AFEFFF79AFEDF
:101B5000DC0F01240001FF80AA2307080F210708DA
:101B600000207047014B1878C0B27047DC0F012489
:101B700000B5114672465DF804EBFFF767BF000041
:101B800080B506460C460A480121F04617461D4618
:101B9000FFF78DFD48B9424639463046FFF756FFFC
:101BA000029A29462046FFF787FEFFF76BFE00BF2B
:101BB000DC0F012438B50B46064904460D6835B1E3
:101BC00005490978012902D801460020A847204686
:101BD00038BD00BF206100244C61002437B50446A5
:101BE00010461A46074B1D6845B1074B1B78012B61
:101BF00004D80B46009021460120A847204603B098
:101C000030BD00BF206100244C61002437B504467C
:101C100010461A46074B1D6845B1074B1B78012B30
:101C200004D80B46009021460220A847204603B066
:101C300030BD00BF206100244C6100240A460949E0
:101C4000034610B40C684CB107490978012905D83E
:101C5000A446002103205DF8044B60475DF8044B67
:101C6000704700BF206100244C61002408B505487E
:101C7000FBF718F800F032FE034A137801331370B3
:101C800008BD00BF246100244C610024054A0648B9
:101C900008B51378013B1370FBF704F8BDE8084062
:101CA00000F03ABE4C6100242461002438B5064C93
:101CB00023683BB9054DFEF783FB01462846FFF735
:101CC00063F92560206838BD9861002450610024C4
:101CD00008B5836823B9054B1B6893F83D0008BD20
:101CE000C06898470028F6D0F9E700BF9861002443
:101CF000F7B504464FF0FF366FF00047164D20460B
:101D0000FFF7E6FF30BBD4E90023BB4208BFB24275
:101D100002D02868FFF7FCF901A8FEF79DFF2046D6
:101D2000FFF7D6FF98B9D4E90023BB4208BFB242FF
:101D300007D100F09DF801A8FEF796FFBFF36F8F63
:101D4000DDE72B6893F83C30002BF2D1F3E701A8D4
:101D5000FEF78AFF03B0F0BD9861002430B587B06C
:101D60000D4D0446CDE902230A9B04930B9B05937A
:101D7000FFF79CFF02A8FFF7BBFF2868FFF722F9D7
:101D800068462968FFF792F92046DDE90023C4E997
:101D9000002307B030BD00BF986100242DE9F04159
:101DA0000E4D86B006460F4604A829689046FFF7F8
:101DB00025F92B68DDE904019B6BC41A02A861EBCD
:101DC000E375A219CDE9007845F10003FFF7C6FFDE
:101DD0000298001B06B0BDE8F08100BF98610024A6
:101DE00010B5054C236813B9FEF7EAFA20602068A5
:101DF000BDE81040FEF77BBDA861002413B5074C79
:101E000001212046FFF738FC034628B900902288BC
:101E100003490448FFF7B4FE02B010BD9C610024E2
:101E2000BF2307082301048013B5094C0121204674
:101E3000FFF72BFC4FF6FF73984206D10023228850
:101E4000044905480093FFF79BFE02B010BD00BF98
:101E50009C610024E123070824010480034B1888B7
:101E600080B2B0FA80F04009704700BF9C61002446
:101E7000F8B5FFF7E5FCFFF7B3FF06460F46FFF79F
:101E8000EDFF0446A0B10FF0FFFDFFF7A9FF0546E7
:101E90008CB10F48D0E90043A21B63EB070752192E
:101EA00047EB0101C0E90021BDE8F840FFF7DEBCC7
:101EB0000FF0D8FDE9E7074CD4E90020931B60EB55
:101EC00007005B1940EB0101C4E90031ECE700BFFA
:101ED000A0610024B06100246FF01C0070476FF017
:101EE00015007047012070470020704770470000C0
:101EF000034B186818B14FF0FF31F8F723BB704758
:101F000020750024024B186808B1F8F733BB7047FE
:101F100020750024F8B515460C468F18054EBC42B6
:101F200005D014F8011B30460BF050FEF7E72846A9
:101F3000F8BD00BF4816012438B511F001048DB278
:101F400005D008480FF0ACFA041E18BF0124EB06B8
:101F500005D504480FF0B4FA08B144F01004204647
:101F600038BD00BF4816012410B50C462AB10448FC
:101F70000BF0F8FD2070012010BD1046FCE700BFFB
:101F80004816012438B5084B044615460360074B34
:101F90001B6833B90648FEF70BFD294604480FF0CD
:101FA000E5FA204638BD00BF28250708CC74002478
:101FB000481601240020704700207047002307B511
:101FC0001A46024902480093FFF7DAFDFF2307088B
:101FD00029010180074A084913681844884283BFD1
:101FE000064B0C224FF0FF3010608CBF1A60184671
:101FF000704700BF480E002400FC0724C4160124CB
:102000000120704701207047002114F08FBB08B5F4
:10201000F9F7B8FA08BD08B5F9F7BCFA08BD000031
:1020200010B50446037803F00303012B08D0FFF733
:102030005FFF237803F00302012A03D1FFF762FF59
:1020400000200AE02AB14FF4D46204490448FFF7A3
:10205000FFFA43F002032370012010BD2324070878
:102060003524070808B5037803F00302022A05D0D7
:1020700040F2A96206490748FFF7EAFA23F0030392
:1020800043F001030370BDE80840FFF73BBF00BF0A
:1020900023240708532407083F2870B504462EDC84
:1020A000184D55F820305A1C13D1022811DCFFF7C7
:1020B00083FF034658B92046FFF77CFF034630B93B
:1020C000114E3378BFF35B8FDB0704D50F4B45F818
:1020D0002430184670BD3046FFF7A2FF0028F5D027
:1020E0004FF4E1320A490948FFF74CFF3046FFF749
:1020F000B9FF084A08490548FFF782FFE6E70023D1
:10210000E7E700BF480D0024B861002464620024A2
:102110007025070800000024ED1E050838B50546A7
:102120000024FFF7B9FF0B4B43F8254030B912F0FC
:10213000E9FC092303604FF0FF3038BD03685B6999
:102140009847051E04DA6D4212F0DCFC0560F2E7E8
:102150002046F2E7480D0024FFF7E0BF13B5CDE9B4
:102160000021FFF799FFDDE9002140B912F0CAFC18
:10217000092303604FF0FF34204602B010BD03680E
:10218000DB689847041EF7DA644212F0BBFC046077
:10219000F0E713B5CDE90021FFF77EFFDDE900216F
:1021A00040B912F0AFFC092303604FF0FF34204622
:1021B00002B010BD03689B689847041EF7DA6442BA
:1021C00012F0A0FC0460F0E710B5FFF765FF0446CD
:1021D00028B912F097FC09230360204610BD03685C
:1021E000DB699847041EF8DA644212F08BFC046045
:1021F0000024F2E7402337B50546CDF801006846D4
:102200008DF8003012F00EFF044630B12846FFF77B
:10221000DBFF10B12046FFF7F7FE204603B030BDCC
:102220002DE9F04F85B006460F469046FFF7FFFABE
:10223000054630B1002332462C492D480093FFF764
:102240009FFCFFF7EEFA0028F4D0B8F1000F09DA8E
:1022500012F058FC162303604FF0FF34204605B0FF
:10226000BDE8F08F3046FFF7AFFF044658B3214A70
:102270002C46DFF884A04FF00D0B935D9146A845E6
:1022800021DD7A5D0A2A1BD10D2B039318D0AC42B5
:102290000CDA2A1B39193046FFF760FF0028039B30
:1022A000DADB0444A542D9DC09F8063001225146A4
:1022B0003046FFF753FF0028CEDBCFD009F806B039
:1022C0007B5D0135DBE7A045C8DDA8EB04023919C9
:1022D0003046FFF743FF0028BEDB24181FBF3F191D
:1022E000044B17F8012C9A55B8E700BF8A24070859
:1022F0002F010180FC610024C4240708FFF764BF9C
:102300007FB504460D461646FFF791FA30B100231B
:1023100022461D491D480093FFF732FCFFF781FA62
:102320000028F4D0002E06DA12F0ECFB162303602E
:102330004FF0FF3018E02046FFF746FFE8B1144E9B
:1023400001220DF10F012046FFF723FF0028EFDBEC
:102350000AD09DF80F300D2B08D1325D0A2A335573
:10236000EED00A2301202B7004B070BD0A2B02D1DD
:10237000325D0D2AF3E73355F4E73246294620460D
:10238000FFF707FFF0E700BFC62407082F01018011
:10239000BC61002413B5CDE90021FFF77DFEDDE926
:1023A000002140B912F0AEFB092303604FF0FF3467
:1023B000204602B010BD03681B699847041EF7DA77
:1023C000644212F09FFB0460F0E7FFF7E3BF10B533
:1023D000FFF762FE30B912F095FB092303604FF05E
:1023E000FF3010BD03689B699847041E04DA6442FD
:1023F00012F088FB0460F2E70020F2E70A4D044681
:1024000008B52B68986812F0CBFC2B68D86812F0DE
:10241000C7FC0120FFF7DBFF0220FFF7D8FF0CB15C
:10242000FFF75AF9FEE700BF680E002408B5FFF772
:10243000E5FF38B50D46FFF72FFE044630B912F020
:1024400061FB092303604FF0FF3038BD0368DB698F
:1024500098470028204614BF4FF400534FF4004320
:102460006B6023689B6A984728610020EDE7FFF7BF
:10247000E0BF000008B5037803F00302022A05D08C
:1024800040F2B26205490648FFF7E2F823F0020382
:102490000370BDE80840FFF735BD00BF23240708DF
:1024A00053240708084B724613B5014604461868C2
:1024B000FFF72EF8034628B9009022460349044846
:1024C000FFF75EFB02B010BD680E0024022507086E
:1024D0001F010180FFF7E6BF044B724601461868F2
:1024E00000B55DF804EBFFF713B800BF680E0024D9
:1024F000FFF7F2BF044B72460146186800B55DF85D
:1025000004EBFFF759B800BF680E0024044B724675
:102510000146186800B55DF804EBFFF74DB800BF41
:10252000680E002410B504460421FFF7EFFF204693
:1025300010BDFFF7DFBF000010B504460B48FAF7E7
:10254000B1FB00F0CBF90A4A4023002152F8040BFA
:10255000A04208BF42F8041C013BF7D10348FAF738
:10256000A1FBBDE8104000F0D7B900BF3C620024D9
:10257000480D002410B512480324FAF793FB00F02D
:10258000ADF9104B53F824207AB10134402CF9D125
:1025900012F0B8FA18234FF0FF3403600848FAF736
:1025A00081FB00F0B9F9204610BD4FF0FF3204481E
:1025B00043F82420FAF776FB00F0AEF9F3E700BF0A
:1025C0003C620024480D002410B50446FFF7D2FFFA
:1025D000002807DB044B054A43F82040002313542E
:1025E000034A135410BD00BF480D0024BC610024F1
:1025F000FC61002473B506460191FFF7E5FF051E57
:1026000013DB0199FFF7F6FD044630B9084B53F888
:102610002520964204D143F82500204602B070BD23
:1026200012F070FA09230360F7E70024F5E700BF12
:10263000480D00240EB42DE9F04187B00190FFF75A
:1026400099FF041E13DB0023019904A8214E039374
:10265000FEF7C8FB04A8FEF715FC054668B912F0A2
:1026600051FA1323036046F824504FF0FF342046FC
:1026700007B0BDE8F04103B0704704A8FEF7F0FBD7
:10268000074604A85FB1FEF7F4FB0390039B124AD0
:1026900046F8243000231355104A1355E7E7FEF798
:1026A000D6FB05460028DAD0036804A8D3F80880D2
:1026B000FEF7C2FB0D9B024603A92846C04705460C
:1026C0000028E3D06D4212F01DFA056046F8247030
:1026D000CBE700BF480D0024BC610024FC6100244E
:1026E00070B50E461549054614F08EFA044618B921
:1026F000FFF7D2FC204670BD1149284614F084FA39
:1027000020B901200124FFF7C7FCF3E70D49284653
:1027100014F07AFA20B902200224FFF7BDFCE9E7A1
:102720002B78402B02D1D5F80140E3E726F4803125
:102730002846BDE87040FFF77DBF00BF9025070821
:10274000972507088825070810B5044620B9902268
:1027500010491148FEF77CFF4C220021043013F091
:102760007FFE4FF204134FF000614FF010522360D0
:102770004FF4002321634FF4001123626362074B7F
:102780002261216462611B68636002232372044B2F
:10279000E36010BDB9250708C625070800ED00E075
:1027A00058600100034B596A5A6A521A8242FBD39D
:1027B000704700BF000C00401FB500230446CDE960
:1027C0000013031D6846029310230393F6F7ACFE33
:1027D000206020B9352203490348FEF739FF04B0D1
:1027E00010BD00BFEA250708F925070810B5044603
:1027F0000249FFF7E1FF204610BD00BFFD25070895
:1028000010B50446FFF7D8FF204610BD0068F6F764
:10281000A3BE10B504460068F6F70CFF204610BDB5
:1028200010B49DF804400CB942F0020200685DF853
:10283000044BF6F7D5BE07B5009313460022FFF709
:10284000EFFF03B05DF804FBFFF7F5BF13B5FEF72C
:10285000F7FFF7F739F9094B04461A681860824206
:10286000074A82BF11680131116011680191FEF7BA
:10287000FDFF2046019902B010BD00BF7462002424
:10288000706200241FB50023044603620C4B00292C
:1028900008BF1946031D684602931C230091039349
:1028A0000B230193F7F736FE206038B9FFF75AF98A
:1028B00020B93D2203490448FEF7CAFE04B010BD0A
:1028C0001D2607084D2607085726070810B5044699
:1028D0000021FFF7D7FF204610BD000037B50446A2
:1028E0004FF0FF310068F7F72DFE054620B9236A47
:1028F0000133236203B030BDFFF734F903460028EB
:10290000F8D12A46024903480093FFF739F900BF7E
:102910007B26070815010280036A013B13B5036299
:102920000068F7F727FE044648B1FFF71BF9034696
:1029300028B90090224603490348FFF721F902B065
:1029400010BD00BF8D2607081701028010B5044690
:102950000068F7F727FE204610BD00001FB50446AB
:10296000002310466A46CDE90033231D029310234D
:102970000393F7F745FF206020B937220249034847
:10298000FEF766FE04B010BDB7260708C526070887
:1029900010B504464FF6FF72FFF7E0FF204610BD6A
:1029A00013B500680C46F7F743FF024670B1C11C2F
:1029B0004FF0000006D15CB10090002305490648A5
:1029C000FFF7DEF8931CF7D102B010BD0120FBE742
:1029D0002046F9E7D4260708140102800068F7F7BB
:1029E0004FBF10B504460068F7F778FF204610BDCA
:1029F00008B538B1F6F72CFC20B1E32202490348B0
:102A0000FEF726FE08BD00BF032707081A1B0708AC
:102A1000F8F770BC2DE9F047DDE908579946044600
:102A20006B07884692464FF0000118BF25F0070655
:102A30004FF0440200F178000CBF2E46083613F028
:102A40000FFDB5FA85F300214D4420225B0904F106
:102A50001C006161AD1B84F83C3084F83D1025F00A
:102A6000070513F0FDFC064BC4F830A0002F08BF8B
:102A70001F46E562A662A761C4F83480BDE8F0870E
:102A80009727070813B5049CCDE9003413460A467E
:102A90000021FFF7BFFF02B010BD70B500F1540573
:102AA00004462846FFF71AFF04F140006669FFF765
:102AB00095FF0023636194F83D302BB10024284634
:102AC000FFF72AFF204670BD012384F83D30002E19
:102AD000F4D03046F8F724FC0446F0E713B504467A
:102AE00054300190FFF7FAFE636901989BB194F8A6
:102AF0007940FFF711FF432C27D015D8132C26D08F
:102B00000BD8012C04D0022C02D0002C18BF1024AA
:102B1000204602B010BD0424EBE7232C19D0332C3F
:102B200014BF10240524F3E7732C14D006D8532CBB
:102B300013D0632C14BF10240824E9E7832C0ED093
:102B4000932C14BF10240B24E2E70624E0E70324AF
:102B5000DEE70424DCE70924DAE70724D8E70A24BF
:102B6000D6E713B5044654300190FFF7B7FE63690A
:102B700001983BB19C6B1B6BE41AFFF7CDFE20461E
:102B800002B010BD1C46F8E70D4B10B504460360BB
:102B9000FFF783FF94F83C302BB1A06A08B1FFF730
:102BA000C8FC0023A36204F15400FFF7CFFE04F138
:102BB0004000FFF716FF201DF2F7CAF8204610BDAF
:102BC000BC27070810B50446FFF7DEFFBC212046EE
:102BD000FFF79CFC204610BD70B500F1540504467B
:102BE0000E462846FFF77AFE636913B994F83D3024
:102BF0002BB12846FFF790FE6FF0030070BDA36A6B
:102C000053B100232349E26AB3EB920F18D2A26AB0
:102C100042F823100133F6E7E06A1F4B1F49984240
:102C200094BF20F003004FF0FF30FFF761FCA0627B
:102C30000028E6D12846FFF76FFE6FF00400DDE7BD
:102C400044233146201D636204F178032362F5F7C3
:102C5000DDFB04F1180221461148F8F71FFB606103
:102C600090B994F83C302BB1A06A08B1FFF761FC31
:102C70000023A3622846FFF74FFE04F14000FFF750
:102C8000ADFE6FF00200B9E72846FFF745FE0020D1
:102C9000B4E700BFA52E5AE2FBFFFF7F6C5A07087E
:102CA000A52C050810B504460430F8F71CFE04F105
:102CB0005400FFF713FE002304F140006361012379
:102CC00084F83D30BDE81040FFF788BE01200021A8
:102CD0007047D0F86001002170470000004870473D
:102CE000C4270708D0E944017047FF20704700005F
:102CF0002DE9F04F89B09046994605469DF8483039
:102D0000C3469DF8502090F8FA71DDE915610591F0
:102D1000032B20D8DFE803F01C022A0302270F2A26
:102D200005F1040A3B4608BF95F8FD215046039281
:102D3000002211460092CDE90122FAF7DBFB04469E
:102D4000B0B12A4A02202A49A346FDF76FFF09E0E5
:102D50004FF0FF3BE3E74FF0FF3B264A24490220B8
:102D6000FDF764FF584609B0BDE8F08F0327D6E7AA
:102D7000059B4FF0FF329DF84C105046079307AB70
:102D8000CDE900635B46FAF745FC224621468346BF
:102D90003B465046CDE90244CDE90044FAF7AAFB90
:102DA00004460028CDD1BBF1000F05D0124A022005
:102DB0000F49FDF73BFFD5E795F80101A0B1B9F147
:102DC000000F08BFB8F1040F04D1337843F00A03B1
:102DD0003370C7E7B9F1000F08BFB8F1020FC1D1D6
:102DE000337823F00403F3E78346BBE7F4270708AF
:102DF000C4270708CA2707081228070838B5044659
:102E000019461046D4F8183101331FD104F58472E5
:102E100001F034FD431CD4F8605109D02044012254
:102E2000002390F85411114205D0723354F8235006
:102E30002846E91738BD01335200042B52B2F2D1B3
:102E4000044A02200449FDF7F1FEF1E74FF48050F7
:102E50000021EFE730280708C427070800687047FB
:102E600030B5039D00241C702C708C7814F0200F5A
:102E700015D04A7AC0F8E02001221A700B7A03F0CC
:102E80001F0380F8FD310B7A5B119B0080F8FB314A
:102E9000022380F8F93180F8FE31002030BD102A7D
:102EA0000FDD0A7CD2060CD5CA7EC0F8E0200122D4
:102EB0001A702A708B7E03F01F0380F8FD318B7E21
:102EC000E2E762060FD5CA7AC0F8E02001221A7044
:102ED0008B7A03F01F0380F8FD318B7A5B1180F849
:102EE000FB310223D7E70B7CDD070ED5CB7DC0F885
:102EF000E0308B7D03F01F0380F8FD318B7D5B118B
:102F00005B0080F8FB310123C3E7E20609D5CB7BE8
:102F1000C0F8E0308B7B03F01F0380F8FD318B7B22
:102F2000EDE7E3070DD54B7BC0F8E0300B7B03F0FA
:102F30001F0380F8FD310B7B5B1180F8FB3101230F
:102F4000A9E70323C0F8E030A7E700002DE9F0432C
:102F500085B006460D461746DDF83880DDF8489006
:102F600000F0C4F8044640B10E4A02200E49FDF7B5
:102F70005DFE204605B0BDE8F083109B3A46294629
:102F8000301DCDF80890CDE900830C9BFAF7A0FB2B
:102F900004460028EDD02B46044A03490220FDF7E1
:102FA00045FEE6E758280708C4270708AB280708A6
:102FB0002DE9F04700238AB0054642F2107401263D
:102FC00000274FF000084FF00009DFF864A08DF8EB
:102FD00027300120FFF70CFD0DF127034FF0FF32E2
:102FE000052104930023284600934FF0FF33CDE9D9
:102FF0000667CDE90289FFF7A9FF20B152460A49C9
:103000000220FDF713FE9DF82730DA0708D5013CB2
:10301000DFD10220054A0449FDF708FE204600E002
:1030200001200AB0BDE8F087C4270708E628070892
:10303000C7280708F0B500238BB004468DF8273069
:1030400090F802315BB1FFF7B3FF40B9214A224942
:103050000220FDF7EBFD4FF0FF300BB0F0BD002379
:10306000002600274FF0FF320493062100932046EC
:103070004FF0FF33CDE90667CDE90267FFF766FF42
:10308000054608B1154AE2E72046FFF791FF08B967
:10309000134ADCE701220023052120460095CDE9F3
:1030A00006230DF127034FF0FF3204934FF0FF3357
:1030B000CDE90267FFF74AFF08B10A4AC7E79DF862
:1030C00027309A07C9D4084A02200349FDF7AEFD0C
:1030D000C1E700BF10290708C42707083A290708D5
:1030E000562907087529070896290708F0B5D0F86A
:1030F000F44087B0054601341CD0120E8DF817201D
:10310000FFF798FF70B901234FF0FF32D5F8F410A4
:1031100000930DF11703CDE90100281DFAF7D8FA45
:1031200007B0F0BD0D4A02200D49FDF77FFD4FF0BD
:10313000FF30F5E790F8FA1103290DD012F17F4620
:103140006FF0807243F1FF374FF0FF339F4208BFAB
:10315000964201D2034AE6E70020E1E7CD290708BD
:10316000C4270708E12907082DE9F04786B09146F2
:1031700005468846109BDDF838A0059352460F9B04
:10318000FFF7B4FF044628B1244A25490220FDF781
:103190004DFD3AE095F8FD312F1D95F8F921039387
:1031A000384695F8FE31029395F8FB31CDE90023BE
:1031B00095F8FA3195F8F811FAF79CF904460646A5
:1031C00008B1184AE1E795F8FB0105AB4146B0FAB2
:1031D00080F04009CDE90093424253463846FAF761
:1031E00019FA3246044631463846CDE90266CDE941
:1031F000006695F8FA31FAF77DF9054648B12C4694
:10320000084A07490220FDF711FD204606B0BDE837
:10321000F087002CF9D0044AB7E700BF282A070836
:10322000C4270708F4270708702A07082DE9FF417B
:1032300000F1BC0804460D46174640461E46FFF7FF
:103240004DFB2046DDE90A23CDE90076CDE90223D6
:103250002A46D4F8E010FFF787FF68B16FF47A646C
:10326000064A07490220FDF7E1FC4046FFF754FB00
:10327000204604B0BDE8F0810446F6E7812A07083D
:10328000C4270708F0B585B0164605460A9F0B9B74
:103290003A460391FFF72AFF0399044638B10B4AD7
:1032A0000B490220FDF7C2FC204605B0F0BD0C9B87
:1032B0004FF0FF32281DCDE900633B46FAF7D9F9FC
:1032C00004460028F0D0034AEAE700BF952A070821
:1032D000C4270708DE2A070870B586B005461646DB
:1032E0000591FFF703FF0599044638B10A4A0B49D7
:1032F0000220FDF79BFC204606B070BD03460090FF
:103300003246CDE90100281DFAF7E2F9044600280B
:10331000F1D0034AEBE700BFF02A0708C4270708EB
:10332000392B07082DE9F04F054689B08846144629
:103330001E4600F1BC09DDE91223134362D0D5F823
:10334000F0714FF0000B204631463A465B4610F0D4
:1033500099FA12995118049113994B410593DDE99B
:10336000040159454FF0000B08BFB84248462CBF36
:10337000BF1A129FBA46CDE906ABFFF7AFFA28464F
:10338000FFF758FE60B1204C0220204A2049FDF78B
:103390004DFC4846FFF7C0FA204609B0BDE8F08F63
:1033A00006AB4246022128460293CDE90046FFF7CC
:1033B00069FF38B1174A022015496FF47A64FDF7A6
:1033C00035FCE6E7DDE906239B4508BF9742F1D1CE
:1033D000E419129B2846B84446EB0B06DB1B1293FC
:1033E000139B63EB0B031393FFF7E2FD30B90A4A1B
:1033F00002200749094CFDF719FCCAE74846FFF7C8
:103400008BFA98E70024C7E75CF0FFFF4B2B070817
:10341000C4270708E32A07085E2B07085DF0FFFFB3
:103420002DE9F04F1446064689B000F5847219461E
:1034300020461D4601F022FA3318074693F854310E
:103440000593129B14EB0308139B45EB0309D6E984
:1034500044234B4508BF424509D2604A604C0220D4
:103460006049FDF7E3FB204609B0BDE8F08F336803
:1034700022463046196B2B46884702460B462046AB
:10348000294610F0FFF913430FD118F1FF323368CA
:103490003046196B49F1FF33884702460B464046D8
:1034A000494610F0EFF9134301D04F4AD6E7002305
:1034B0000493DDE91223134300F08E80D6F818B18F
:1034C000BBF1FF3F46D106F590730598CDE9027335
:1034D000CDE90045DDE9122301F0EEF9049006EB99
:1034E0008003D3F8B8B1D3F8C8A14FF00009524611
:1034F000204629464B46D04610F0C4F913430CD160
:10350000129BE3180693139B45EB03030793DDE936
:1035100006234B4508BF524509D2049B0220334A7B
:103520003049CDE902A3CDE90045FDF77FFB06F167
:10353000BC0A5046FFF7D2F93046FFF77BFD60B179
:103540002B4C02202B4A2749FDF770FB5046FFF712
:10355000E3F988E74FF4805AC7E7DDE912235946BB
:103560003046CDE9002322462B46FFF7B5FE38B1A1
:10357000214A02201B496FF47A64FDF757FBE5E707
:1035800014EB0804129B45EB0905B3EB08031293F7
:10359000139B63EB09031393DDE9122313430CD050
:1035A00006EBC703D3E95A23AB4208BFA2423FBF91
:1035B0000137F31993F8543105933046FFF7F8FCBF
:1035C00030B90E4A022007490D4CFDF72FFBBDE72D
:1035D0005046FFF7A1F96CE7002444E7832B070866
:1035E0005BF0FFFFC4270708A32B0708CE2B0708B3
:1035F0005CF0FFFF122C0708372C0708522C070835
:103600005DF0FFFF30B591F839308BB091F838207C
:1036100004461B0103F0100343EA1213082B6ED07B
:1036200021DC022B19DCD3B10023002400254FF04C
:10363000FF320493382100934FF0FF33CDE9064564
:10364000CDE90245FFF782FC20B1464A46490220F7
:10365000FDF7ECFA00200BB030BD042B3BD0434A01
:1036600004204149F4E7102BF9D10122002309ADD0
:103670006521CDE90623002200230495CDE902232C
:1036800000234FF0FF3200934FF0FF33FFF75EFC53
:1036900020B1374A02203449FDF7C8FA9DF824309A
:1036A00001226121204603F07F0304958DF8243028
:1036B0000023CDE9062300220023CDE902230023C5
:1036C0004FF0FF3200934FF0FF33FFF73FFC00282D
:1036D000C0D0284ABAE70023002400254FF0FF326B
:1036E0000493352100934FF0FF33CDE90645CDE932
:1036F0000245FFF72BFC0028ACD01F4AA6E70122A9
:10370000002309AD6521CDE906230022002304959D
:10371000CDE902230023194A00930023FFF716FC8A
:1037200020B1174A02201049FDF780FA9DF8243095
:1037300001227121204643F0400304958DF8243086
:103740000023CDE9062300220023CDE90223002334
:103750000A4A00930023FFF7F9FB00283FF47AAFF1
:10376000084A73E77D2C0708C4270708A82D070817
:10377000492D0708792D0708AD2C070803008000A4
:10378000DD2C0708192D0708304B9F21D0B51B7879
:103790008AB00326002709AA8DF8243000230446A6
:1037A00004924FF0FF32ADF8253000934FF0FF3315
:1037B000CDE9066700260027CDE90267FFF7C6FBC3
:1037C00040B10220224A2349FDF730FA4FF0FF3082
:1037D0000AB0D0BD9DF824309D2B27D00ED8012BE8
:1037E00028D01F2BF4D19DF82530892B01BF312320
:1037F000C4F8E830012384F80231E9E7BF2B12D086
:10380000C22BE5D19DF825300020202B84F8F00054
:103810001FBF012384F800310323C4F8E4301523CB
:10382000C4F8EC30D4E784F80301D1E70123C4F8ED
:10383000E430CDE79DF82520022AC9D19DF8262045
:10384000202AC5D184F80131C2E700BFE033070860
:10385000E52D0708C42707083F2A2DE9F0478246CF
:103860008AB040F3B08091F83F3013F040021DD091
:10387000032300258AF8FA319AF8FA31032B11D183
:1038800000220AF104001146CDE90222CDE900220E
:10389000F9F730FE30B16FF47A654C4A4C4902209A
:1038A000FDF7C4F928460AB0BDE8F087D90710D55E
:1038B0000024002504924FF0FF330092B7214FF00F
:1038C000FF32CDE90645CDE90245FFF73FFB88BB56
:1038D000CEE713F0020212D0FFF7ACFB00284AD16A
:1038E000002200230490B72100905046CDE9062322
:1038F000CDE902234FF0FF324FF0FF33E5E713F03D
:1039000010013FD0012600270DF127044FF00008D9
:103910004FF000098DF8272000924FF0FF334FF051
:10392000FF32B5210494CDE90667CDE90289FFF79E
:103930000DFB08B1274D9FE79DF82730504643F017
:1039400001038DF82730FFF775FB054698B9049001
:103950004FF0FF324FF0FF33B12150460094CDE9D4
:103960000689CDE90267FFF7F1FA0028E2D10323C7
:103970008AF8FA3180E7184A02201549174DFDF7F9
:1039800055F979E713F0080214D08023002204913E
:1039900017218DF827300023CDE9062301220023CB
:1039A000CDE902230DF127034FF0FF3200934FF0D2
:1039B000FF338AE713F004054FF00203D8D0C52186
:1039C000C0F8F41055E700256CE700BFF42707089E
:1039D000C42707085EF0FFFFCD2907085CF0FFFF52
:1039E000D0B5044690F8020188B0F0B191F83430B7
:1039F00013F008021CD0002100284FF000034FF004
:103A000000004FF0FF32049300934FF0FF33CDE9F5
:103A10000601CDE902010CBFF02199212046FFF7F4
:103A200095FA58B31C4808B0D0BD91F83D30DFE797
:103A3000DB061DD50026002704924FF0FF330092CD
:103A400066214FF0FF322046CDE90667CDE90267D7
:103A5000FFF77CFA0028E5D14FF0FF324FF0FF333B
:103A6000992104900090CDE90667CDE90267D5E77A
:103A70000A4A02200A49FDF7D9F8D3E72046FFF7A2
:103A800097FA30B90220074A0549FDF7CFF80648F2
:103A9000C9E70020C7E700BF5EF0FFFFFB2D070866
:103AA000C4270708822E07085DF0FFFF2DE9F041CB
:103AB000012288B000230026002704910D4605212D
:103AC0008046CDE9062300234FF0FF3200934FF0EC
:103AD000FF33CDE90267FFF739FA044640B1114AD6
:103AE00011490220FDF7A2F8204608B0BDE8F08198
:103AF000D8F8E430013BF7D0013500904FF0FF32A9
:103B0000D8F8EC100495CDE90630CDE902674FF006
:103B1000FF334046FFF71AFA04460028E4D0034A70
:103B2000DEE700BF75290708C4270708A12E07088C
:103B3000D0F8E83001332DE9F04F054689B08B46C7
:103B400029D1FFF777FA50B14FF0FF34344A3549A5
:103B50000220FDF76BF8204609B0BDE8F08F002287
:103B6000002304900121CDF800B0CDE90623D5F85B
:103B7000E4304FF0FF32CDE902304FF0FF332846FA
:103B8000FFF7E4F904460028E5D0274A022025493A
:103B9000FDF74CF8DFE7D0F8E4A0BAF1020F05D04A
:103BA0004FF4CC6221492248FDF752FDFFF742FA5B
:103BB0000028C9D14FF000084FF000090126002766
:103BC00004904FF0FF324FF0FF3301212846CDF82B
:103BD00000B0CDE90689CDE90267FFF7B7F90446E1
:103BE00018B1144A0F495046D2E72846FFF722FA87
:103BF0000028A9D10BF1010104944FF0FF324FF0DE
:103C0000FF3300912846D5F8E810CDE90689CDE9C3
:103C10000267FFF79BF9044600289CD0064AE1E7BB
:103C2000C22E0708C4270708D62E07082B2F07081F
:103C3000402F07085B2F07087C2F07083F4BF7B57D
:103C40001A7800230446ADF80130ADF8053090F83D
:103C500002318DF800208DF8042053B991F83A30E4
:103C6000C3F30213052B4CD8DFE803F050033D42A9
:103C700003030123C4F8F830C4F8FC30D4F8F8305A
:103C8000591C09D0D4F8FC104A1C05D002AA1344D0
:103C900001228A4003F8082C01A92046FFF706FFFD
:103CA0009DF806309DF802202046BDF80010134311
:103CB000BDF804209DF800700A4301A99DF8016039
:103CC000ADF804208DF80630FFF732FF2046FFF7ED
:103CD0006FF9E8B91A4A02201A49FCF7A7FF4FF01A
:103CE000FF3003B0F0BD0023C0F8F8300623C3E76F
:103CF000072300203E25C4E93E033F23C4E93A538D
:103D0000BCE7114A04200F49FCF790FF0020E8E7C8
:103D1000002501A92046ADF804508DF80650FFF7A4
:103D2000C5FE9DF804301F409DF805301E4057EA3F
:103D3000060301D1054ACEE72846D2E7E03307085B
:103D40005E2B0708C42707089D2F0708BB2F07080D
:103D50002D4B30B51B788BB005468DF824300023F1
:103D6000ADF82530FFF724F940B9284A0220284948
:103D7000FCF75CFF4FF0FF300BB030BD95F803410E
:103D800044B1012C20D02846FFF712F90028ECD0CE
:103D90000020F1E72846FFF74DF908B11D4AE5E795
:103DA000002200230490982100902846CDE90623A4
:103DB000CDE902234FF0FF324FF0FF33FFF7C6F893
:103DC0000028E0D0144AD1E709A92846FFF76EFE83
:103DD00008B1124ACAE7D5F8F83093B9D5F8FC30E3
:103DE0009C4044F00304E4B29DF8243009A928461D
:103DF0001C408DF82440FFF79BFE0028C3D0084AE2
:103E0000B4E70324F0E700BFE0330708DD2F07081D
:103E1000C4270708CD2907081030070836300708DF
:103E20006C300708D0F8E430032B30B5054687B076
:103E300005D040F2045226492648FDF709FC264BDE
:103E4000002204301B781146ADF815208DF814308F
:103E50000223CDE90222CDE90022F9F74BFB48B15C
:103E60001E4A4FF0FF341E490220FCF7DFFE2046B9
:103E700007B030BD05A92846FFF718FE08B1194A5A
:103E8000EFE79DF81630284643F002038DF8163010
:103E9000FFF7D0F8044608B1134AE2E705A928461F
:103EA000FFF746FE08B1114ADBE72846FFF780F826
:103EB00008B90F4AD5E705A92846ADF814408DF892
:103EC0001640FFF7F3FD0028D1D00A4AC9E700BF2A
:103ED0002B2F0708A4300708E0330708F42707084A
:103EE000C4270708BF300708C22E0708DE300708BE
:103EF0005E2B07081031070810B50446ECF74FFB9E
:103F0000204610BDF8B518480D46F8F7CBFEFEF771
:103F1000E5FC164A1068092820DC154B1B68991E21
:103F20001C4603F1120631F9027FAF4219D0B142AB
:103F3000F9D1143321460234B1F9006001360AD1B7
:103F40000D800130002410600748F8F7ABFEFEF743
:103F5000E3FC2046F8BD9C42ECD1F2E76FF001048F
:103F6000F2E74FF0FF34EFE778620024A462002408
:103F7000A06200247FB52F4E0446BDF9285040F8BA
:103F8000046B0B9ECDE90256BDF924600196BDF984
:103F900020600096F9F766FA04F1BC00A4F8B85066
:103FA000FEF794FC0C9B29462046C4F8F43100230C
:103FB000C4F8003284F80432FFF7A4FFC4F8B40058
:103FC00050B101301C494FF0020007BF2B461B4A7D
:103FD0000A231B4AFCF72AFE0020002100224FF092
:103FE000FF33C4E944014FF40030C4F8602184F881
:103FF00054210121C4F8F801032084F8FD2184F83C
:10400000FE210222C4F81831C4F8E830C4F8FC30AC
:10401000C4F8281184F8F010C4E93802C4E93D332B
:1040200035224FF080732046C4F8EC20C4F80031EC
:1040300004B070BDEC330708C42707083131070806
:104040006831070810B513480C46F8F72BFEFEF749
:1040500045FC114B1B6803F114011A460233B2F9F7
:104060000000A0420AD14FF6FF7313800B4A136879
:10407000002B01DD013B1360002403E08B42ECD1F7
:104080004FF0FF340348F8F70DFEFEF745FC2046DD
:1040900010BD00BF78620024A0620024A462002446
:1040A00070B500F1BC06054688B03046FEF716FC38
:1040B00095F804423CB93046C5F80042FEF72CFCA6
:1040C000204608B070BDD5F80032013BC5F800327B
:1040D00023B130460024FEF71FFCF1E70020002149
:1040E00004934FF0FF3200934FF0FF33CDE9060108
:1040F000CDE9020104212846FEF728FF044630B12D
:104100006FF47A640A4A0B490220FCF78FFD002302
:10411000304685F80432FEF7FFFBD5F8B430002BAB
:10412000CED1B5F9B8102846FFF78CFFC8E700BF1D
:10413000A6310708C4270708F0B5D0E9004509688B
:1041400087B0EE0701EB650042BF6E1089590C592C
:104150000F99D1E900670E99CDE9046709680391C9
:104160000D99097802910C99097801911B780093B7
:10417000D2E90023A04707B0F0BD7FB5CDE9042305
:104180000CAB014604AA043003930BAB02930AABB9
:10419000019309AB009308ABFFF7CEFF07B05DF8C2
:1041A00004FB0000034A0346C26007C983E8070016
:1041B000704700BFD433070810B588B0059108A92F
:1041C00002AC019001E90C0005A984E80C00FFF79E
:1041D000E9FF019808B010BD37B56C46054684E884
:1041E0000C0094E80C00FFF7E7FF284603B030BD51
:1041F00008B5F7F76BFB0068003818BF012008BD51
:104200002DE9F047044616461D469DF820709DF89E
:1042100024809DF82890FFF7EBFF28B940F2022296
:1042200008490948FDF714FAE068FEF717FE324620
:1042300001462B4620460897CDE90989BDE8F0479D
:10424000084700BFB4110708400C070830B587B015
:104250000D9903919DF8301002919DF82C10DDE925
:104260000E4501919DF82810CDE904450091FFF716
:10427000C7FF07B030BD000090F802312DE9F043D0
:1042800017469DB004460D461268002B38D02420F6
:1042900008AB00214FF05A084FF00809012603939C
:1042A00000230096CDE90401CDE901892846FFF7F6
:1042B000CDFF50B1434A4FF0FF3543490220FCF790
:1042C000B5FC28461DB0BDE8F0830C220023CDE9E3
:1042D000042314AB6022CDE902930023CDE90068EA
:1042E0002846FFF7B3FF06460028E3D104F584789B
:1042F00008A8414600F042FB00280DDA334ADAE70D
:1043000079680820CDE9041308A903915A21CDE961
:10431000011001210091E3E7414608A800F018FBD5
:10432000002801DA2A4AC6E7796808A800F060FA8E
:1043300008A9C4F8F0012046FFF752FB054608B172
:10434000244AB8E7414608A88DF81E608DF81F6022
:1043500000F05AFA002801DA1F4AACE70DF11F03FA
:104360007A6808A9204600930DF11E03FEF778FD38
:104370009DF81E309BB194F8003113B12046FFF731
:1043800051FD08A92046FFF759FC08B1134A92E7EE
:104390009DF81F301BB108A92046FFF733F994F8A8
:1043A000F0303BB17A6808A92046FFF755FA08B10A
:1043B0000B4A80E72046FEF7FBFD002881D1094A21
:1043C00079E700BFBB310708C4270708DF310708BA
:1043D000FE3107081E3207084F32070886320708E9
:1043E000B7320708EA3207082DE9F047D0F8B45091
:1043F0008EB00446B5B16B1C0CD1A5F6A575B0F90D
:10440000B830584A02205849FCF710FC28460EB034
:10441000BDE8F0870A23554A53490220544DFCF762
:1044200005FCF3E700F1BC0704F104083846FEF789
:1044300055FA94F8FA312A4629464046CDE9025504
:10444000CDE90055F9F756F850B14A4A6FF47A654C
:1044500045490220FCF7EAFB3846FEF75DFAD5E74E
:1044600094F804320BB9C4F80052D4F80062013653
:10447000012EC4F80062EFD10023D4F8F4114046B5
:1044800084F8FB3184F8FD31F9F76AF8054608B184
:10449000394ADBE72046FEF78BFD30B9374A022068
:1044A0003149374DFCF7C2FBD6E72046FFF76CF9E0
:1044B000002801DA334AC9E7DFF8E09004F5847890
:1044C0002B4621464A460AA8C4E94255C4E9485544
:1044D000CDE90495FFF780FE41460AA800F058FA9E
:1044E00082460AA8FFF708FDBAF1000F06DA264A4D
:1044F0001D490220254DFCF799FBADE72B464A46A6
:1045000021460AA8CDE90695FFF766FE42460AA9AC
:104510002046FFF7B1FE82460AA8FFF7EDFCBAF18C
:10452000000F01DA1A4AE3E72B464A4621460AA859
:10453000CDE90895FFF750FE41460AA800F086FA3B
:1045400005460AA8FFF7D8FC002D01DA114ACFE78B
:104550002046FFF7FDFB054608B10F4AC8E784F87F
:10456000046279E731310708C42707086831070872
:1045700059F0FFFFF427070806330708EA32070857
:104580005DF0FFFF20330708403307085EF0FFFFB0
:104590006133070887330708AC330708F12C050897
:1045A00030B587B00C9CD4E90045CDE904450B9C9F
:1045B000246803940A9C247802941B78019313784E
:1045C0000093D1E90023FFF7D8FD07B030BD7FB5D8
:1045D000CDE904230CAB08AA04A902930BAB019309
:1045E0000AAB009309ABFFF7DBFF07B05DF804FBF4
:1045F00008B51420FDF76EFF4FF6FF71831E00F122
:10460000120223F8021F9342FBD1014B186008BD30
:10461000A06200244FF484720249034808B5FDF7F4
:1046200017F800BF5D3407086634070810B5042288
:104630000949044611F0E4FD10B96379012B07D054
:104640000220064A0449FCF7F1FA4FF0FF3010BD92
:10465000A0790130FBE700BF7C34070881340708EC
:1046600037B5837804460D46012B08D00220514A05
:104670005149FCF7DBFA4FF0FF3003B030BD426820
:10468000130EFF2B40F08A8003780C2B28D91F2BA8
:1046900076D003F17F02D2B20C2A01D90020ECE7D8
:1046A000813B0C2BFAD801A252F823F035470508BC
:1046B0009D4605089D4605084F4705089D46050887
:1046C0009D46050885470508894705089D46050854
:1046D0009D4605089D4605089D460508994705081D
:1046E0000C2BDBD801A151F823F000BF21470508AE
:1046F0009D4605089D4605086D4705089D46050829
:10470000794705087D4705089D4605089D4605082B
:104710008D470508914705089D46050895470508FA
:1047200022F07F422A60C3789B00502BA8BF502301
:104730006B60B3E7214A08201F49FCF777FA6368EA
:1047400023F07F43AB61E3789B00EB61A6E71C4A53
:1047500008201949FCF76AFA636823F07F43C5F81B
:10476000D030E3789B00C5F8D43097E7154A12495A
:104770000820FCF75BFA91E7134AF8E7134AF6E7DB
:10478000134AF4E7134AF2E7134AF0E7134AEEE755
:10479000134AECE7134AEAE7134AE8E77F2B3FF6B0
:1047A0007DAF0093114A037808200349FCF73EFAD5
:1047B00074E700BFAA3407087C340708D53407081B
:1047C000F23407081F35070861350708B7350708B1
:1047D0000D3607081B36070859360708AA3607089A
:1047E000F53607084C3707087D370708D337070821
:1047F000282981BF90F8280003110120984098BF14
:104800004FF4807070470000F8B54B681C2B24D91A
:10481000012301F1B00401F1C0064FF0FF379C46BF
:1048200044F8047B027F0CFA02F2012AE2600CD900
:10483000457F44F8045C8D6DAA4200D305B98A65B2
:1048400091F84C201A4381F84C205B00B44200F1EF
:104850000200DBB2E4D10020F8BD4378FF2B0B61EE
:10486000F9D10220034A0449FCF7E0F94FF0FF3088
:10487000F2E700BF233807087C340708F0B5044688
:104880000D46D2E902018D4208BF844211D2136A5B
:104890007BB1012B0BD060320020834209DDF2E8AE
:1048A0000267AF4208BFA64202D20130F5E70020FE
:1048B000F0BD4FF0FF30FBE72DE9F04F89B0032644
:1048C0004FF00809159F059007F1A80BDDE9128A42
:1048D000CDE9002318F1FF3306934AF1FF33079324
:1048E000149B093307EBC307059B13EA090F1ED07E
:1048F0005BF8264000254046514622462B460EF0E6
:10490000C1FF134313D1DDE90023AB4208BFA2422C
:104910000DD3069B1B190293079B6B410393DDE9A3
:104920000201D7E900238B4208BF824208D2013E30
:104930004FEA5909D8D2044A02200449FCF776F913
:10494000304609B0BDE8F08F4D3807087C340708C1
:1049500013B54368002408205A1CD208C1E9022478
:10496000CDE900240349044AFCF760F9204602B06F
:1049700010BD00BF7C3407087D38070890F9070098
:10498000C017704710B50446F3F778FC204610BDF9
:104990002DE9F04F8BB04FF0080B4FF0000A5A276B
:1049A00008AB0022CDF808B0804603930123894666
:1049B0005E46CDE90037CDE904BA0023FFF746FC97
:1049C00050450ADA4FF0FF341D4A1E490220FCF719
:1049D0002DF920460BB0BDE8F08F08A8FFF726FEA2
:1049E000041EF6DB0025CDE906BAA54226D0069BBB
:1049F00001215A4640460493079B0197059308AB53
:104A00000091CDE902635346FFF720FC002808DA45
:104A100002206B1C0C4A0B49FCF708F94FF0FF30E1
:104A2000D8E7494608A8FFF71BFE0028D2DB1BF198
:104A3000080B05F101054AF1000AD6E70020C9E795
:104A4000A93807087C340708C73807088B692DE99F
:104A5000F04F05468DB00C460BB1C86978B90123FB
:104A600000252362D4E90232636213F1FF3342F17D
:104A7000FF32C4E9183228460DB0BDE8F08F7849FE
:104A8000FDF736FD804638B9764A022076494FF068
:104A9000FF35FCF7CBF8EEE70027E3690822039027
:104AA0002846CDE904375A23CDE901320123A26912
:104AB00000933B46FFF7CAFBB8420ADA6B4A6A49E1
:104AC0000220FCF7B3F84FF0FF354046FDF731FD0B
:104AD000D1E7294608A8FFF755FF98F8006016F0BF
:104AE00002064FD1E36947460DF11F0A08EB03099F
:104AF0003D460837B94533D317F8063C012000215D
:104B000017F805BC6A68CDF80CA0CDE9040103F0E4
:104B10000F019B0908A8029117F8071C00930023B6
:104B20000191FFF793FB002809DA2F464FF0FF3978
:104B30004F4A02204C49FCF779F83D4617E09DF8B2
:104B40001F3076001BEA030FF6B217F8083C18BFB7
:104B500046F00106DB0712D43B789D07C8D53D46D9
:104B60004FF0FF39434A40490220FCF75FF808A89C
:104B7000FFF7C2F9B9F1000F08D03F4A9FE74FF0A5
:104B80000009DAE745463E46B946F0E7E2694244A5
:104B90002978880710D505F108039A420CD3A87824
:104BA000831C05EB83039A420DD2344A05E00BB90E
:104BB000FFF730FD1D46EBE7314A2B490220FCF799
:104BC00035F8304A7BE76F78B74203D0C907EED596
:104BD0002D4AF2E7431C0A2B236207DD00930220D3
:104BE0000A232A4A2049FCF721F86CE76FF04C0AA7
:104BF000043504F1240904F14C0C04F1600E002387
:104C00000F21AAEB040A2A6815F8046B22F0FF02B0
:104C100006F00F0602F58072314049F8042B013A84
:104C20000CF8016B13440AEB0C021E46DF1790428E
:104C300003F10103EEE80267E5DC00230122A3652E
:104C400012EA010505D03033002554F82330A3655E
:104C50003BE701335200042BD2B2F1D135E700BF5C
:104C60006C5A0708EF3807087C3407080939070829
:104C70006F3907082C390708A2390708FA390708DD
:104C8000CC3907088E3A07083F3A0708B53A0708B3
:104C90007047000010B5032000F06CFB04F0C8FE64
:104CA0000F49104A8B69C3F30323D35C03F01F033E
:104CB000D8408B6903F00F03D35C0B4A03F01F034A
:104CC00020FA03F31360094B18600F200AF07AF9F9
:104CD000044618B9FFF7DCFF204610BD0124FBE7AE
:104CE00000440258AE3B0708580E0024540E00241E
:104CF00038B504460AF06CF90546631C1EBF044B28
:104D00001B78E4180AF064F9431BA342FAD338BDB8
:104D10004C0E0024014B1868000C70470010005C1A
:104D2000014B1868704700BF00E8F11F014B18687D
:104D3000704700BF04E8F11F014B1868704700BFBF
:104D400008E8F11F034A536823F4600318435060D6
:104D5000704700BF00040058024A136A43F0010381
:104D6000136270470004005830B5CC030DD54309D9
:104D700000F01F05012403F1B063AC4008331B01B0
:104D80001D68A2B925EA04041C608B030ED500F04F
:104D90001F014009012300018B4000F1B04042B9DE
:104DA000D0F8842022EA0303C0F8843030BD2C43BD
:104DB000EAE7D0F884201343F6E730B5CC030DD5ED
:104DC000430900F01F05012403F1B063AC400C332C
:104DD0001B011D68A2B925EA04041C608B030ED5D3
:104DE00000F01F014009012300018B4000F1B04099
:104DF00042B9D0F8C42022EA0303C0F8C43030BD61
:104E00002C43EAE7D0F8C4201343F6E78068C0F3E8
:104E1000800070477047026838B59368044691680F
:104E2000C80701D4002038BD9907FBD4936803F06C
:104E30000D03012B19D1936823F0004323F03F03A6
:104E400043F002039360032313600AF0C1F80546A0
:104E500023689B68DB07E5D50AF0BAF8401B0228F7
:104E6000F6D923689B68DA07F2D5636D012043F019
:104E700010036365A36D43F00103A365D3E700004E
:104E800038B5434A05460368934203D002F5807261
:104E9000934218D13F4B9B6813F4403F14BF01234A
:104EA00000230BB304F08AFF6B680446B3F5003FA0
:104EB00005D0B3F5403F08D0B3F5803F06D11B0CB9
:104EC000B4FBF3F402E0344BE5E78408FFF722FF7C
:104ED00041F2030398422B6840D8304A94429A68C2
:104EE00038D942F4807237E04FF4002006F01EF803
:104EF0006B680446B3F5101F28D01DD8B3F5E01F2A
:104F000022D014D8B3F5801F08D00AD8B3F5002FEB
:104F100004D023F40022B2F5802FD7D19B0C5B0084
:104F2000CEE7B3F5A01FF9D0B3F5C01FF5E7B3F591
:104F3000001FCBD14409C9E7B3F5201F08D0B3F552
:104F4000301FC3D1040AC1E70409BFE78409BDE7E4
:104F5000C409BBE722F480729A6038BD104A9442BB
:104F600003D89A6822F44072F6E70E4A944203D8B6
:104F70009A6822F44072B4E70B4A94429A6896BF4A
:104F800022F4407242F4407242F40072E4E700BF3F
:104F9000002002400023024000630258002D31012E
:104FA00021BCBE0041787D0181F0FA02002373B577
:104FB00004460193002800F0ED80456D25B9FFF708
:104FC00029FFA56584F85050206883689D0005D5A9
:104FD000836823F0204323F03F0383608368D90074
:104FE00040F198808368DA0000F1AA80636D0125A2
:104FF00043F010036365A36D43F00103A365FFF75E
:1050000005FF636D03F010030343636D40F0BF8041
:1050100023F48173226843F0020363659368DB071E
:105020000CD45D495D488A4202D0824240F08A80B9
:105030008E6883683343DE0740F18B80FFF76AFE9A
:1050400041F20303226B9842217F607DA36840F206
:105050009080102B40F08D800B0443EA40331343C3
:1050600043F01C03012902BF226A02F1FF3243EA26
:105070004243626A22B102F47872A16A0A4313437E
:105080002068474AC1680A401343C360FFF7BEFE69
:105090002268936803F00803034327D1D368217D76
:1050A00023F4804323F0030343EA8133E16A0B4393
:1050B000D36094F83830012B61D1E36B1069591E2D
:1050C000D4E91036334343EA0143A16C0B4335491D
:1050D00001400B4343F00103136120461369616BE8
:1050E00023F070430B431361FFF7CAFEE3682268A5
:1050F000012B48D1116BA36921F00F01013B0B4338
:105100001363636D23F0030343F0010363652846D3
:1051100002B070BD8368244A23F0104323F03F039C
:1051200043F080538360214B1B68B3FBF2F30133E0
:105130000193019B002B3FF455AF019B013BF7E727
:1051400000255CE71A4B9B68DB073FF577AF194BEF
:1051500006E08A420BD0174B1749824208BF0B4624
:105160009A68616822F47C120A439A6066E7124BDF
:10517000F6E7134343EA403343EA014372E7136916
:1051800023F00103A8E7136B23F00F03B8E743F004
:10519000100363650125BAE70020024000210240A8
:1051A00003C0F0FF1EF800FC400D0300540E002465
:1051B0000060025800630258002302408068C0F378
:1051C000800070470023F7B50193044690F85030F3
:1051D0000E461746012B3FD0012380F85030FFF7D1
:1051E0001AFE002834D1656D07F08047226806F466
:1051F000803625F48855194B25F0020545F0020547
:10520000656591680B4016493B43334343F00043C7
:1052100093609368002B11DA019B01330193019B8A
:105220008B42F6D3636D012023F0120343F0100389
:105230006365002384F8503003B0F0BD636D23F044
:10524000030343F001036365002384F85030F3E760
:10525000636D43F01003F6E70220EDE7C0FFFE3F69
:1052600000F8C325F0B590F850209BB00346012A02
:1052700073D001223A4C80F8502000201D6816900F
:10528000A542179008D0596D83F85000104641F0A0
:10529000200159651BB0F0BD324E3046FFF78EFF3E
:1052A00004461868FFF78AFF204330464FD11A683A
:1052B000AA4222D02C4D2D4CB24218BF2C46D1F818
:1052C00000C0274FBCF1000F27D0A668BA424D6836
:1052D00026F4404646EA0506A66001D082420ED179
:1052E0001F4A966882683243D24302F001024AB9EB
:1052F0000020002283F85020CCE71C4CDFE71C4A3A
:105300009268F1E7A268896822F471624CEA0105AB
:1053100022F00F021543A560EAE7A168BA4221F422
:105320004041A16001D082420ED1B96882680A432F
:10533000D24302F00102002ADAD0A26822F471629C
:1053400022F00F02A260D3E7094A9268F0E7596D94
:10535000104641F020015965CBE702209AE700BFD3
:105360000020024000210240006302580023024056
:105370000060025807490302CA6803F4E06322F49C
:10538000E0621204120C134343F0BF6343F4003392
:10539000CB60704700ED00E0164B30B5DC68C4F31D
:1053A0000224C4F10705231D042D28BF0425062B64
:1053B0004FF0FF338CBF033C002403FA05F50028AF
:1053C00003FA04F321EA050122EA030201FA04F1D7
:1053D00041EA02034FEA0313DBB206DB00F160404F
:1053E00000F5614080F8003330BD00F00F00024A44
:1053F0001354F9E700ED00E014ED00E0002808DBAD
:105400000123420900F01F0003FA00F0014B43F8AA
:105410002200704700E100E000280DDB4309012273
:1054200000F01F00203302FA00F0044A42F8230083
:10543000BFF34F8FBFF36F8F704700BF00E100E0F5
:10544000BFF35F8F044A536A23F480335362002210
:10545000024B5A60704700BF00ED00E090ED00E0A5
:10546000064A40F00100064B5860536A43F480330B
:105470005362BFF34F8FBFF36F8F704700ED00E0B3
:1054800090ED00E04378124A10B593600178D9B1ED
:105490004368D360C37A047B1B0643EA04730B435F
:1054A000817A43EAC143417B43EA8143817B43EAFA
:1054B0004143C17B43EA0143417A43EA0123017A34
:1054C00043EA4103136110BDD1601161FBE700BFE6
:1054D00090ED00E0044B1B68C3F30313072B0CBFD4
:1054E00003200120704700BF00ED00E010B528B197
:1054F00090F83530022B03D08023436501207FE0F4
:105500000368504A934252D04F498B424FD01831D2
:105510008B424CD018318B4249D018318B4246D047
:1055200018318B4243D018318B4240D018318B4216
:105530003DD001F556718B4239D018318B4236D0AF
:1055400018318B4233D018318B4230D018318B4216
:105550002DD018318B422AD018318B4227D01831E8
:105560008B4224D01A6822F00E021A601A6822F0C8
:1055700001021A60354A934243D1026E136823F444
:1055800080731360D0E9161303F01F0201239340C8
:105590004B60D0E919325A60C36E002B46D01A68AE
:1055A00022F480721A60D0E91C325A603EE0042175
:1055B000934280F835101ED0234A93421BD01832F4
:1055C000934218D01832934215D01832934212D019
:1055D000183293420FD0183293420CD018329342B3
:1055E00009D002F55672934205D01832934202D088
:1055F00018329342FFD01A6822F001021A6000208C
:1056000010BD134A9342B8D014329342B5D014322D
:105610009342B2D014329342AFD014329342ACD002
:1056200014329342A9D014329342A6D0012300240D
:1056300080F83530036D80F834400BB19847DEE7D1
:105640001846DDE7100002402800024008540258C6
:105650001C54025890F8350070478B680A682DE991
:10566000F04F1A430B7C85B091F804A0002B91F801
:105670000C9091F80D800CBF4FF40023002391F89B
:105680000EE001934B7C91F80FC0002B8E7C0D7FB8
:105690000CBF4FF40033002391F81DB002934B6907
:1056A0001A438B6913438A7F002ACA7F039208BF7B
:1056B0004FF4806791F8202018BF0027002A026865
:1056C00010680CBF4FF4807400240090486A0343B4
:1056D000C86A0343009820F07F4020F47B0020F448
:1056E000FE4020F07C000343039843EACA6343EA88
:1056F000C95343EA885343EA4E5343EA0C5343EAFF
:10570000064343EA053343EACB2391F828B043EA42
:105710004023019843EA0B130343029803433B439E
:105720001C431460CE6B91F8323091F83870002B26
:10573000536891F8305023F07C5391F831400CBFFE
:105740004FF48030002023F4EF2323F4FF6323F091
:10575000070343EA46634E6B33438E6C43EA0763A9
:1057600043EA85430D6D43EA44430343486C536069
:10577000D36823F4877323F00103034391F84000B7
:1057800043EA0023D36091F84C3091F85440002B49
:10579000136F23F0F2030CBF802000201B041B0CAE
:1057A00043EA06432B43CD6D43EA440303431367A7
:1057B000D2F8900091F8563020F00300034391F89E
:1057C000550043EA4003886DC2F89030D2F8003D9E
:1057D00023F072030343C2F8003D91F8603091F862
:1057E0006140002BD2F8303D91F8621023F07B032A
:1057F0000CBF402000202B4343EA041343EAC103BB
:105800000343C2F8303D05B0BDE8F08F026802F5F1
:105810008050036823F4F04330B523F002030C6892
:10582000234341F2040403600B7B10590D79DB0321
:1058300020F4504043EA05338D6820F001002B43EB
:105840000343135102F58854487B0B6A256843EAE9
:105850000043104828400343236041F204144B7F67
:10586000087D1B03155943EA0013086903430A48DE
:1058700028400343135141F208140D7F10598B69DE
:1058800020F0004143EAC57321F47C110B4313510E
:1058900030BD00BF00C0FEFFEFEFC0FF2DE9F04FAD
:1058A000D0F840E085B000EB8E0302929A69D4688C
:1058B000002C03DA022005B0BDE8F08F5B6C002BF2
:1058C000F8D10D688F6815F0040C28D0D4684B6AA5
:1058D000240C240423430468D360D36843F4803346
:1058E000D360236E43F4801323662B0717D5966885
:1058F000CB6AB6B246EA03439360D36843F40033FD
:10590000D360D6680B6B26F440263343D360636EB6
:1059100043F480136366236D43F08063236515F0C1
:1059200010090BD094688B6924F47F5424F03F0451
:1059300023439360D36843F08063D36015F014046D
:1059400018D0D3680EF1010643F08043092ED360CE
:1059500088BFAEF10906D36843F00043D36000EB83
:1059600086039B69DC68002C7EDAD36823F0004351
:10597000D3609FE713467646013401943C681C606F
:105980009C6824F47F587C6828F03F0848EA0404A7
:10599000DFF800829C60BC68002C67D027685F60DD
:1059A0009F6807EA0808676848EA07479F60DF685A
:1059B000B9F1000F61D027F4F0080F6A48EAC74731
:1059C000DF60DF684FEA9748CF694FEA884848EAC6
:1059D0000707DF60DF6847F48027DF60BCF1000F56
:1059E00006D09F6827F4404C8F6A4CEA07079F60F7
:1059F000DF6847F00057DF60DF6827F08047DF602F
:105A0000DF6847F00047DF60AF0706D5DF6827F0A3
:105A1000607CCF684CEA0707DF6005F001050027CE
:105A2000DFF87081DFF870A10395019D07EB050B8E
:105A3000A568002D3BD1029A002A00F0A7809A6841
:105A400042F000429A60DA6842F08052DA6000EB7D
:105A50008603C26E5A64066472B6036F01331F4434
:105A6000076762B6002026E7012485E75C609C6832
:105A700004EA08049C603C4699E727F4FF484F6815
:105A800028F07F0848EA0707DF60EF0706D5DF68E0
:105A900027F440384F6948EA0707DF60AF069DD515
:105AA000DF6827F040680F6948EA070795E706F1C5
:105AB000010CDC68BCF1090F24F0805488BFA6F10A
:105AC000090CDC6000EB8C06B369DC6824F0005440
:105AD000DC60DC68002C01DB746C9CB100230EE000
:105AE000D168013321F00041D1600EF10101092993
:105AF00088BFAEF1090100EB81028E4692699B4599
:105B0000EED1D7E62C681C609E686C6826F47F5640
:105B100026F03F0634439C60AC6804B325685D60A2
:105B20009E68656806EA080646EA05459D60DE68E7
:105B3000B9F1000F1AD0CD6906EA0A063543DD60D7
:105B4000DD6845F48025DD60DD680137664645F097
:105B50000045DD60DD6825F08045DD6065E75C605F
:105B60009C6804EA08049C602C46E0E726F4FF46A3
:105B70004D6826F07F063543DD60039D002DE3D0A0
:105B8000DE684D6926F440363543DCE79A6822F03A
:105B9000004257E7FFFF00C00000FCFF0AB10329E5
:105BA00004D90123C0F8A4301846704700EB8101E6
:105BB000496F0A600A61CA6842F08072CA602BB1FC
:105BC0008B604B61CB6843F00073CB60CB680020E7
:105BD00043F00043CB607047D0F89C10102910B5FB
:105BE0002AD1232341F20414C0F89C3003681A68B8
:105BF00042F002021A601A6842F001021A60D3F8F9
:105C0000002D42F00102C3F8002D1A5942F00102A2
:105C10001A5141F208141A5942F001021A5103F5BF
:105C20008B531A6842F481721A602223C0F89C10C8
:105C3000C0F8A030002010BD0120FCE7D0F89C3057
:105C4000102B10B542D1232300F18404C0F89C30FE
:105C500000F1740353F8041BCA68A34242F0804267
:105C6000CA60F7D1012341F20411C0F894300368EF
:105C70001A6842F002021A601A6842F001021A60C1
:105C8000D3F8002D42F00102C3F8002D5A5842F01B
:105C900001025A5041F208115A5842F001025A507A
:105CA00003F58B510A6842F481720A6041F23411A3
:105CB0005A5842F4504242F041025A501023C0F860
:105CC0009C302223C0F8A030002010BD0120FCE74A
:105CD000D0F89C3023B3232341F20411C0F89C3048
:105CE00003685A5822F001025A5041F208115A58DA
:105CF00022F001025A501A6822F001021A60D3F809
:105D0000002D42F00102C3F8002D1A6822F00202B1
:105D10001A601023C0F89C30C0F8A03000207047F3
:105D200001207047F8B50446154639B9D0F8A430BB
:105D300043F00103C4F8A430012025E0D0F89C30E2
:105D4000102BF9D10022FFF7A9FD20B1D4F8A4301F
:105D500043F00203EEE7236C9A1D54F822705A1C9C
:105D6000092A8ABF093B22642364226C2368063215
:105D700003F5895354F822201A6009F029F90646E0
:105D8000FB68002B01DB0020F8BD236803F58B5373
:105D90001A68D2040CD5D4F8A42042F00802C4F842
:105DA000A4201B68C4F8A830E023C4F89C30C3E7E3
:105DB0006B1CE5D009F00CF9801BA84201D8002D1E
:105DC000DED1D4F8A43043F00403C4F8A430EBE7E8
:105DD000F0B5D0F88C50002D3ED1D0F884102A4672
:105DE0002C46052700EB81035E6FF368002B01DB77
:105DF000013F33D16CB300EB82034FF08076671E16
:105E00005B6FC0E92112196919605969DE6021B11F
:105E10009960D96841F00071D960D96841F00041BA
:105E2000D960D0F8941019B1D96841F08041D96097
:105E3000AF4207D9511C032988BFD11E00EB810353
:105E40000A465B6F0135AC42DDD1016841F2281290
:105E50008B500023C0F88C30002023E0D6F80CC013
:105E60004B1C1CF0805F1ED0002C08BF0A46032B81
:105E700004F1010588BFCB1E00EB8301496FCC689C
:105E8000002C0ADBC9684F0007D50121C0F890102B
:105E9000591803298CBF033B0B46C0F88C50C0E94E
:105EA00021320120F0BDF668B6000AD5032B4FF071
:105EB000010488BFCB1E00EB8302566F0A461946C9
:105EC00093E7032B04F1010488BFCB1E00EB830191
:105ED0004E6FF4E7F8B505460C4619B90120C5F830
:105EE000A400F8BDD0F88C30C3B1D5F888100026D6
:105EF000D5F88C2005EB8103686902F1FF3C374639
:105F00005B6FBC4510D8DA681969C2F30E022160D4
:105F1000921B90421FD362600020E2E7FFF758FF18
:105F20000028E2D10120DCE71A69C4E900205A699F
:105F30001AB1A4685A69C4E900204A1CDE68A46842
:105F40000137032AC6F30E0688BFCA1E05EB82037B
:105F500011465B6FD5E759690029E3D0A168121A91
:105F60005B6960600B604A60D6E770B5D0E9225388
:105F700004460E4673B1D4F88C302B44581E0328C7
:105F80000ED804EB80040020636FDB68C3F30E03BC
:105F9000336070BDFFF71CFF0028ECD10120F8E74B
:105FA000581FEEE7D0F88C20F0B5002A39D0D0F891
:105FB000903003B10132D0F8884000214FF0807654
:105FC000571E00EB84035B6F8A4208D1016841F2DF
:105FD00028128B500023C0E923331846F0BD1D69F9
:105FE0001D60DE605D692DB15D699D60DD6845F015
:105FF0000075DD60DD6845F00045DD60D0F8945047
:106000001DB1DD6845F08045DD608F4207D9651C14
:10601000032D88BFE51E00EB85032C465B6F013125
:10602000D2E70120DAE770477047704770470000F9
:10603000036803F58B521268520610B504460CD55E
:1060400041F234129B58590607D5F6F70BFB23682B
:1060500048F2400203F58B531A60236803F58B5214
:106060001268D2070DD541F234129B58D80708D5D3
:106070002046FFF7D8FF236848F2010203F58B534F
:106080001A60226802F58B531968490420D541F241
:106090003411505840041BD5D4F8A40040F0080037
:1060A000C4F8A4001868C00459D51B6823F46F63B2
:1060B00023F00D03DB04DB0CC4F8A830535823F4A1
:1060C00040435350E023C4F89C302046F6F7DAF8FA
:1060D0002268D2F8B03003F4C043B3F5C04F0CD1FE
:1060E000D2F8B8302046C4F8AC30E023C4F89C3075
:1060F000F6F7D4F80023C4F8AC302368D3F8B02006
:10610000D0060BD5D3F8C030204603F06003C4F8A6
:10611000B030FFF789FF0023C4F8B0302368D3F80C
:10612000B02091060BD5D3F8C030204603F00F0302
:10613000C4F8B430FFF779FF0023C4F8B430FFF798
:10614000C9F903280CBF0A4B0A4B9A6A520205D5BB
:106150004FF4800220469A62FFF768FF10BD1A686C
:1061600002F4CD42C4F8A8204FF4CD421A60ACE747
:1061700080000058C000005870B51E4603680546F0
:10618000D3F80002C00701D5012070BDD3F800424A
:1061900024F0787444EA415121F4F81141EA0242B2
:1061A00042F00D02C3F8002208F012FF04462A68EC
:1061B000D2F8003213F0010305D1D2F804221846B8
:1061C00092B23260E1E708F003FF001BB0F57A7F7E
:1061D000EDD9D9E738B505460068D0F80042E407A4
:1061E00001D5012038BDD0F800429BB224F078746C
:1061F00044EA415121F4F81141EA02420D4922F0EA
:106200000C02C1F8043242F00502C1F8002208F085
:10621000DFFE04462B68D3F8003213F0010301D1EE
:106220001846DFE708F0D4FE001BB0F57A7FF1D9FD
:10623000D7E700BF00800240002900F0C18003685A
:1062400000201A6802F00C02CA621A68C2F3001237
:1062500081F828201A6802F060024A621A6882F403
:106260008072C2F3002281F820201A68C2F3402213
:10627000CA771A6882F48062C2F380228A771A6829
:10628000C2F3C0224A771A68C2F300320A771A684A
:1062900002F400528A611A6802F480424A611A6864
:1062A000C2F300428A741A6882F40032C2F3404298
:1062B0004A741A6882F40022C2F3C0420A741A684F
:1062C000C2F30052CA731A68C2F340528A731A6842
:1062D000C2F380524A731A68C2F3C0520A731A6832
:1062E00002F0E0628A601A68C2F3C0620A711A683A
:1062F00002F0E0420A605A68C2F30D024A635A682B
:1063000082F48032C2F3004281F832205A68C2F32C
:10631000404281F831205A68C2F3804281F830202F
:106320005A68C2F3006281F838205A68C2F34462A6
:10633000CA63DA68C2F3002281F84020DA6802F00A
:106340000F024A641A6FC2F3400281F854201A6F98
:1063500082F08002C2F3C01281F84C201A6F02F062
:1063600070020A651A6F120C8A64D3F8902002F04A
:10637000010281F85620D3F89020C2F3400281F840
:106380005520D3F8002D02F072028A65D3F8302D23
:1063900002F02302CA65D3F8302DC2F3C00281F89F
:1063A0006220D3F8302DC2F3001281F86120D3F8B7
:1063B000303D83F04003C3F3801381F860307047B1
:1063C0000120704708B539B1D0F8A030102B03D1A7
:1063D000FFF743F9002008BD0120FCE738B503684A
:1063E0000546D3F8004203F0E9FC124B124A24F4AC
:1063F00070640344934205D244F400742B68C3F8DC
:10640000004238BD0D4B0E4A0344934202D844F477
:106410004074F3E70B4B0C4A03449342EED30B4B0F
:106420000B4A0344934294BF44F4807444F4806460
:10643000E4E700BF00D3CEFEC0E1E40040F1E9FD97
:106440003F787D0100796CFC005A6202001F0AFA55
:106450007FF0FA0270B50446A4B0002800F0AC80CA
:10646000D0F89C300BB9F5F75BFB2323C4F89C30C4
:106470007E4BD3F8F42042F00202C3F8F420D3F8A4
:10648000F430207A03F002030193019B002840F0CE
:106490008380FEF757FC236803F580531A6842F0A7
:1064A00001021A6008F094FD0646236803F5805344
:1064B0001D6815F0010572D120460126FFF78EFFF9
:1064C00003F07CFC6A4A23684FF4804114958DF8F0
:1064D00030608DF854508DF864501A951D958DF8E4
:1064E0006C508DF84C60ADF88C608DF88E501F9517
:1064F000ADF880508DF882501695ADF85C508DF84F
:106500005E600D958DF83E501C958DF87860B0FB5F
:10651000F2F00138C3F8DC004FF4C3630220189393
:106520004FF040530B934FF40053CDE910134FF449
:1065300080330BA912932023CDE921034D4B204634
:106540000E9340F20113ADF83C30FFF786F84FF49C
:10655000001302A920468DF80C60069308934FF4AF
:10656000067302950A930496ADF814508DF81C50EA
:10657000ADF82450FFF74AF92368606903F58851A4
:106580000A6822F4E01242F400220A6010F00301CB
:1065900014D0C4F8A4600CE04FF4000079E708F0D0
:1065A00017FD801BB0F5FA7F7FF67FAF0423C4F898
:1065B000A430E023C4F89C30012055E041F20815D6
:1065C0005A5922F4FF4222F07E0242EA4002E06879
:1065D0005A5100F1F00604F11805024611605160AD
:1065E0009160D16045F8042B1832B242F6D1216493
:1065F00041F22C1209210025995041F2141221690F
:10660000985003F5895201F16006106004F174009E
:106610000A46156055609560D560C2E9045540F89A
:10662000042B1832B242F4D141F230120320C4F8E4
:106630008C50C4E92155C4E92455985041F21C12EC
:1066400000209950483141F228129950626891888F
:10665000C3F800131268C3F804231023C4F8A4502D
:10666000C4F89C30C4F8A03024B070BD0044025877
:1066700040420F0000000101D0F89C0070477047B5
:106680002DE9F04F99B004464C22CC4905A80FF0F3
:10669000E9FD002C00F0BC81C94B22689A4204BF7E
:1066A00003F58073636094F8983003F0FF0223B918
:1066B000204684F89920FFF7E2FF2268936923F0CF
:1066C0001003936108F084FC054623689A6911075A
:1066D00000F18F819A6942F001029A6108F078FC1A
:1066E000054623689A69D20740F194819A6942F07D
:1066F00002029A61227C012A9A690CBF22F04002B0
:1067000042F040029A61627C012A9A690CBF42F40D
:10671000804222F480429A61A27C012A9A690CBFCD
:1067200022F4805242F480529A619A69A06822F45D
:10673000407202439A619A6922F0A4029A611A692E
:1067400022F010021A61E268012A40F06A819A6917
:1067500042F004029A61A269B0F5407F02F1FF3174
:10676000E26902F1FF324FEA022242EA4162216A03
:1067700001F1FF3142EA0102616901F1FF3142EAB0
:106780000142DA610ED1E26A511E226B013A120116
:1067900042EA0122A16A01390A43616A013942EAE7
:1067A0000142DA60D4F860E0BEF1000F05D0D3F802
:1067B000C020616E0A43C3F8C020D4F85CB0D4F89E
:1067C00068A01EEB0B0F0BD018A9D3F8C82001EB63
:1067D0008A0122F0070251F84C1C0A43C3F8C82072
:1067E000D4E9106215465EB118A8D3F8BC2000EBBE
:1067F000850122F0070251F84C1C0A43C3F8BC2063
:10680000A26C0092E26C0392009A6AB118A80399F4
:10681000D3F8BC2000EB810122F0700251F84C1C2F
:1068200042EA0112C3F8BC20D4E9147967B118A96F
:10683000D3F8BC2001EB890122F4E06251F84C1C32
:1068400042EA0122C3F8BC205D4A934204D1616848
:106850008A6822F003028A6000225A48D4F83C80F9
:106860007543C4F89C20C4F894204FF0010209FB42
:1068700007F984F89820626B0192D3F8842001997B
:10688000024042EA8102C3F88420D3F88410A26B4C
:1068900021F47F0141EA0241C3F88410019901EB20
:1068A000020CD3F88810014041EA8C01C3F888102B
:1068B000D3F8881021F4FE0141EA0841C3F888109A
:1068C0000CEB4801D3F8A0C00CEA000C4CEA810C98
:1068D0002944C3F8A0C0D3F8A0C002912CF4FE0C48
:1068E0004CEA064C2E46039DC3F8A0C0D3F8B0C0B6
:1068F0000CEA000C4CEA810C0099C3F8B0C0D3F844
:10690000B0C04D432CF4FE0C4CEA014C0299C3F884
:10691000B0C02944D3F8ACC00CEA000C4CEA810C9E
:106920004944C3F8ACC0D3F8F070074047EA810788
:10693000C3F8F070D3F8F070D4F858C027F47C177F
:1069400001EB4C0147EA0C47C3F8F070D3F8C07074
:10695000384040EA8101C3F8C010D3F8C01021F4D8
:106960007C1141EA0B41C3F8C010D3F8C01021F0EC
:106970007C5141EA0E610AFB0EFEC3F8C010019B78
:1069800003F1805101F52C51890001EB82030E4A7D
:10699000E166236703EBC803636703EB8603A36722
:1069A00003EB8503E36703EB8903C4F8803003EB53
:1069B000CC030AFB0BFCC4F8843007E0043B070857
:1069C00000A000400300FFFFFCD3004003EB8C035A
:1069D000C4F8883003EB8E039342C4F8903034D867
:1069E0000023D4F89020914234D3002019B0BDE8A0
:1069F000F08F08F0EDFA401B0A287FF666AED4F857
:106A00009C3043F00103C4F89C30032384F8983091
:106A10000120EBE708F0DCFA401B0A287FF661AEA4
:106A2000EDE7002A3FF497AE022A0AD09969032ABB
:106A300041F080019961196941F0100119617FF4F9
:106A40008AAE9A6942F0200284E6D4F89C3043F082
:106A50002003D8E741F8043BC3E700BF30B590F806
:106A60009830013B012B2DD8D1E90054D1E9032303
:106A7000BDB9072A4FEA03430BD1CA6943EA02238F
:106A80008A69134343F06053C26E42F824300020F9
:106A900030BD8D68496943EA85730B4343EAC2639D
:106AA000F2E7072A43EA42731ABF8D684A698A6986
:106AB000016F18BF42EA857201EBC40041F834301F
:106AC0004260E4E7D0F89C3043F00203C0F89C3009
:106AD0000120DDE770B5154690F89820012A0BD10A
:106AE0000668049840EA4303002043EA850242EA2C
:106AF0000112C6F8802070BDD0F89C3043F004032A
:106B0000C0F89C300120F6E790F89830012B0CD1AA
:106B10000268022380F89830936923F0010393619F
:106B20000023C0F89C3018467047D0F89C3043F0E2
:106B30000403C0F89C3001207047000090F89830A2
:106B4000013B012B2DD80368986D08421FD1D86DE9
:106B500040F00100D865880504D5D3F8E000104363
:106B6000C3F8E000480504D5D3F8E4000243C3F8B5
:106B7000E42021F04042586D22F4401202430020EC
:106B80005A650C4A536943EA917151617047986D97
:106B900031EA000003D1D86D40F00200DAE70320AB
:106BA000D8E7D0F89C3043F00203C0F89C300120B5
:106BB000704700BF00A8004090F89830013B012BBF
:106BC00027D8036821F040405A6D20F4401022EA93
:106BD000000215485A65426922EA917242618805AD
:106BE00002D50022C3F8E0204A0502D50022C3F8EE
:106BF000E4209A6D596D914303D1D96D21F00101C3
:106C0000D965586D10400CD1DA6D22F00202DA65B8
:106C10007047D0F89C3043F00203C0F89C3001204C
:106C200070470020704700BF00A800402DE9F74FD3
:106C30000023DFF8BC81DFF8BCC14FF0B0490A681F
:106C400032FA03F402D103B0BDE8F08F01279F4070
:106C50003A4000F0B6804C684FEA430E032524F01A
:106C6000100A05FA0EF50AF1FF36ED43012E10D891
:106C7000866806EA050BCE6806FA0EF646EA0B06AB
:106C80008660466826EA0707C4F300169E4037432D
:106C90004760C768BAF1020F8E6807EA050706FA6F
:106CA0000EF646EA0706C66014D14FEAD30A03F08F
:106CB000070B0F2700EB8A0A4FEA8B0BDAF82060EC
:106CC00007FA0BF726EA07070E6906FA0BF63E43AA
:106CD000CAF820600668354004F0030606FA0EFE86
:106CE0004EEA05050560E5006BD5D8F8F45023F0B1
:106CF000030603F003074FF00F0E45F0020506F1FF
:106D0000B046BF00C8F8F45006F58066D8F8F450D5
:106D100005F002050195019D0EFA07F5D6F808A0C9
:106D20002AEA050E314DA8424DD005F58065A842EE
:106D30004BD005F58065A84249D005F58065A8428D
:106D400047D005F58065A84245D005F58065A84285
:106D500043D005F58065A84241D005F58065A8427D
:106D60003FD005F58065A8423DD005F58065A84275
:106D70000CBF09250A25BD40E70345EA0E05B560AD
:106D80006FEA0206DCF8005054BF35401543A703F4
:106D9000CCF80050DCF8045054BF35401543E702EE
:106DA0004FF0B047CCF80450D9F8005054BF3540EC
:106DB0001543A4023D607D6854BF35401543C9F8B2
:106DC000045001333BE70025D5E70125D3E7022531
:106DD000D1E70325CFE70425CDE70525CBE7062539
:106DE000C9E70725C7E70825C5E700BF0000025827
:106DF00000440258800000580AB1816170470904BC
:106E0000FBE7F0B50468CD01202A04EBC111D1F8ED
:106E1000E400D1F8B87018D00FD8082A09D8E2B128
:106E2000013A072A07D8DFE802F03C10063C0606C4
:106E30000610102A35D000220FE0B2F5807F30D046
:106E40002CD8402A2DD0802AF5D159686219C2F871
:106E5000C4109968C2F8C8101022FE21914020EA9F
:106E6000010C1968D3E9030608435969082E40EA62
:106E7000060041EA0001986941EA000101FA02F1C5
:106E800041EA0C0106D117F0022F02BFDB6903FAB9
:106E900002F211432C44C4F8E410F0BDB2F5007FB7
:106EA000D2E759686219C2F8BC109968C2F8C010DC
:106EB000C1E7704713B5044600284CD0022380F880
:106EC000C1300023C0E93133C0E93333C0E9353381
:106ED0008368DA071CD50168204B99420CD1204BFE
:106EE000D3F8F02042F00052C3F8F020D3F8F0308D
:106EF00003F000530193019B0B68226923F4704354
:106F000002F440421A43636903F4405313430B6095
:106F10002046FFF7CEFFA3689B0708D52168E368EA
:106F20000A6803F4407322F4407213430B60012398
:106F300004F1A80284F8C130002384F8C030A362B1
:106F40002363C4E90633C4E908331C349442F6D100
:106F5000002002B010BD0120FBE700BF007401401B
:106F600000440258F0B590F8C140022CE3B217D0AB
:106F70000223052980F8C1300368D2E90276D2E9FC
:106F800000540FD11A6822F007023A4322F0180287
:106F900032431A605D619C61012380F8C130002397
:106FA0001846F0BD03EBC111D1F8803023F0070380
:106FB0003B4323F018033343C1F88030C1F89450A9
:106FC000C1F89840E8E72DE9F74F90F8C130064640
:106FD000022BD8B200F0EF8096F8C0300220012BCF
:106FE00000F0E980012386F8C1000529356886F89C
:106FF000C030136BD2E905BAD2E9079ED2E9097015
:1070000000933AD12B68D5F8A04323F0200324F451
:10701000803443EA0B0B009B2BF4006B4BEA0A0A0B
:107020002AF4806A4AEA090929F0C06949EA0E0E81
:107030002EF0006E4EEA070727F0404747EA80002F
:1070400020F000501843D36A1C4328601C23C5F865
:10705000A043106803FB016318625068586290688F
:107060009862D0681269D8621A63052900F29D807F
:10707000DFE801F0A4A9AEB3B89505EBC11CCB01C4
:107080000193DCF8803023F07043CCF88030DCF8DA
:107090008030DCF8E84023F02003DCF8E480019441
:1070A00043EA0B03D5F8A04323F4006343EA0A0341
:1070B00023F4806343EA090323F0C06343EA0E0E1E
:1070C000009B2EF0006EB3F1005F136D4EEA0707D0
:1070D000D2F834E027F0704740EA0700019F20F41F
:1070E000003027F0004708BF40F4003027F01F07AA
:1070F00020F0400040EA0E0020F48020034323F0FB
:10710000FC70936C43EA000A906B00F01F00384358
:10711000D76B3843BEF1000F04D128F48078176C88
:1071200048EA0708576C27F48059B9F5606F02D117
:10713000BEF1400F03D128F4F05847EA0808D76C95
:10714000042909D8DFE801F00313191F250024F4EE
:107150000034D36A44EA4304CB01CCF880A02B442A
:10716000C3F8E800C3F8E480C3F8D4706EE724F4F1
:107170008024D36A44EA8304EEE724F40024D36A2B
:1071800044EAC304E8E724F48014D36A44EA03140D
:10719000E2E724F40014D36A44EA4314DCE7D5F8A8
:1071A000843343F00103C5F884330123002086F8BB
:1071B000C13086F8C00003B0BDE8F08FD5F8843345
:1071C00043F00203EFE7D5F8843343F00403EAE722
:1071D000D5F8843343F00803E5E7D5F8843343F06A
:1071E0001003E0E7D5F8843343F02003DBE7000029
:1071F00030B590F8C1500446022DE8B223D094F87F
:10720000C00001284FF002001DD00125052902F120
:10721000FF3284F8C10084F8C0502AD1072A1FD851
:10722000DFE802F004121E161E1E1E1A22681B68DA
:10723000D36194F8C130072B19D00123002084F8C2
:10724000C13084F8C00030BD22681B685362F0E78B
:1072500022681B689362ECE722681B68D362E8E748
:10726000072384F8C130002384F8C030E1E701200F
:10727000E9E7072AF4D801A050F822F09D7205082A
:10728000AB72050861720508E972050861720508AC
:107290006172050861720508F772050822681B68AB
:1072A00002EBC111C1F89C30C3E72268186802EBF9
:1072B000C1115A68C1F8A4007AB1D1F8800020F455
:1072C0004050C1F88000D1F880001043B2F5005F53
:1072D000C1F8800022D19B68E4E7D1F8803023F424
:1072E0004053C1F88030A4E722681B6802EBC1114B
:1072F000C1F8A8309DE72268186802EBC1115A68EE
:10730000C1F8AC007AB1D1F8800020F44040C1F857
:107310008000D1F8800040EA8200D7E7B2F5405FF4
:1073200087D19B68E4E7D1F8803023F44043D8E765
:1073300070B590F8C1600546022EF4B211D090F8F5
:10734000C040012C4FF002040BD0012680F8C14050
:10735000002480F8C060FFF754FD85F8C16085F80F
:10736000C040204670BD90F8C030012B4FF00203A2
:107370000DD0026880F8C130D2F89433194301234C
:10738000C2F8941380F8C130002380F8C03018464A
:10739000704790F8C030012B4FF002030BD0026809
:1073A00080F8C130136819430123116080F8C1309F
:1073B000002380F8C03018467047704708B5054B69
:1073C000D8681A6822EA00021A605860FFF7F5FFD1
:1073D00008BD00BF0065025803689A69910701D58E
:1073E00000229A629A69D20703D49A6942F0010294
:1073F0009A61704730B5039DC1F30901046845EAFD
:10740000024260681A43044B43EA55530A4320EA98
:1074100003000243626030BDFF63FF03426B0BB2A7
:1074200010B5164CA24202D0154CA24211D1002B2D
:107430000DDB10291ED020291ED00023402901D1A8
:1074400043F0400301680A6813430B6010BDB82382
:10745000F4E7002BACBF0023B823CC0748BF43F0B0
:10746000F2038A0748BF43F0F4032029EAD143F02E
:107470002003E7E79023E5E76023E3E79181050830
:107480000580050811F0010307D090F8413003F0A2
:107490002803282B0CBF4223F2238A0709D590F832
:1074A000412002F02802282A0CBF43F0440343F095
:1074B000F4030A04016848BF43F0B8030A6822EAEB
:1074C00003030B607047C36AAA2B02D10023C36277
:1074D0007047C36AB3F52A4FFAD14FF00073F6E74D
:1074E000704710B5044600284AD090F8413003F0A8
:1074F000FF021BB980F84020FFF7F2FF242384F835
:10750000413023681A6822F001021A60626822F092
:1075100070621A619A6822F400429A60D4E90221EA
:10752000012924D142F400429A605A68002042F0B6
:10753000007242F400425A60DA6822F40042DA60D3
:10754000D4E904210A43A16942EA0122DA60D4E9BC
:1075500007210A431A601A6842F001021A602023C8
:10756000606484F84130206384F8420010BD42F426
:10757000044202299A60D8D14FF400625A60D4E7DD
:107580000120F3E737B50446069894F84150202DC2
:1075900043D194F84050012D3FD00125626284F818
:1075A0004050212584F84150102584F84250002590
:1075B000656463851A4BE0626363638D9BB2FF2B46
:1075C00015D9FF234FF080722385236B112B04D133
:1075D000AA2802D0B0F52A4F0DD12046FFF773FF3D
:1075E000638D9BB2FF2B00D8E26A0E4B04E0638DE3
:1075F000E26A2385E9E7002300252046009313462D
:1076000094F82820FFF7F6FE2046012184F8405028
:10761000FFF704FF284603B030BD0220FBE700BFA0
:10762000E37E05080020008037B50446069894F8EC
:107630004150202D43D194F84050012D3FD00125D9
:10764000626284F84050222584F84150102584F865
:1076500042500025656463851A4BE0626363638D65
:107660009BB2FF2B15D9FF234FF080722385236B2C
:10767000122B04D1AA2802D0B0F52A4F0DD12046F2
:10768000FFF721FF638D9BB2FF2B00D8E26A0E4B00
:1076900004E0638DE26A2385E9E7002300252046A4
:1076A0000093134694F82820FFF7A4FE20460221F9
:1076B00084F84050FFF7B2FE284603B030BD0220E8
:1076C000FBE700BFE37E0508002400802DE9F041C0
:1076D000984690F8413004460F4603F028031646BA
:1076E000282B04D101B122B94FF400736364012047
:1076F00045E048F20101FFF7C5FE90F84030012B4C
:107700003FD0012380F8403090F841302A2B14D12B
:107710000221FFF7B7FE03681A6812040DD51A6834
:10772000C06B22F400421A6038B1174B0365FDF7B5
:10773000DDFE10B1E06B036D98472923256800201A
:1077400084F84130202384F8423060646B6823F46D
:1077500000436B606685638DC4F82C8023850B4BDA
:1077600067626363AB69DB0301D50823EB6184F8CF
:10777000400048F201012046FFF750FE0020BDE81E
:10778000F0810220FBE700BFF7820508E17C0508D5
:107790002DE9F041984690F8413004460F4603F039
:1077A00028031646282B04D101B122B94FF40073E7
:1077B0006364012044E048F20201FFF763FE90F8A1
:1077C0004030012B3ED090F841300121292B80F828
:1077D000401013D1FFF756FE03681A6852040DD506
:1077E0001A68806B22F480421A6038B1164B036528
:1077F000FDF77CFE10B1A06B036D98472A23256826
:10780000002084F84130202384F8423060646B68A3
:1078100023F400436B606685638DC4F82C80238558
:107820000A4B67626363AB69DB0301D40823EB6136
:1078300084F8400048F202012046FFF7EFFD0020E7
:10784000BDE8F0810220FBE7F7820508E17C05082E
:1078500008B590F84120202A0AD128224FF400418F
:1078600080F84120034A4263FFF7D8FD002008BD9D
:107870000220FCE7E17C050810B590F84120282A99
:1078800014D190F84110002490F8422001F0030137
:1078900044630A434FF400410263202280F84120F0
:1078A00080F84240FFF7EEFD204610BD0220FCE7C5
:1078B0000268436B9169126803B11847704738B585
:1078C000002580F8425090F84130212B4FF02003E2
:1078D00080F841300AD11123012145630363FFF78A
:1078E000D1FD80F8405007F0DDFC38BD12230221A5
:1078F00045630363FFF7C6FD80F8405007F005FDC0
:10790000F3E708B5036800211A6880F842105104B3
:1079100015D51A6822F480421A6090F84130292B5C
:1079200013D12823012180F8413021230363FFF77D
:10793000A9FD002380F8403007F027FD08BD1204A0
:10794000EBD51A6822F40042E6E790F841302A2B82
:10795000F4D12823022180F8413022230363FFF76A
:1079600091FD002380F8403007F013FDE6E7F8B5FD
:1079700090F841200446036802F02802282A37D1F3
:107980009E69C2689D69C6F30046022A99684FEA5B
:107990001545DF6805F0FE0521D185EAD115C1F353
:1079A000090215F006050ED1816C01318164816CEC
:1079B000022907D108218564D961314680F84050F9
:1079C00007F0D9FCF8BD4FF40041FFF75BFD002341
:1079D00007F0FE0280F8403031462046F0E74FF4D1
:1079E0000041FFF74FFD00232A4680F84030F3E7BF
:1079F0000822DA61002380F84030E3E708B5164B2F
:107A00002022C36200230363436380F8412080F88F
:107A100042304B0712D503685A6A436A1A70436AA8
:107A200001334362038D4BB1013B0385438D013B21
:107A30009BB24385436C43F00403436448F2030163
:107A4000FFF720FD10220368DA61002380F8403040
:107A500007F0C5FC08BD00BF0000FFFF704770477E
:107A600090F84120602A4FF0000208B508D120218B
:107A700080F8402080F84110026307F023FD08BD24
:107A8000026380F8402008F00BF9F8E770B5354A3A
:107A9000002590F84130044680F84250283BC262ED
:107AA0004585426C022B41EA0201416429D8032139
:107AB000FFF7E8FC282380F841302B4BA06B636371
:107AC000236B80B3112B01D0212B2CD123681A6892
:107AD000510403D51A6822F480421A60FDF7BAFDFA
:107AE00001281BD0214BA06B0365002384F8403094
:107AF000FDF7FCFC002834D0A06B036DBDE870409E
:107B0000184748F20301FFF7BDFC90F84130602BA5
:107B100002D0202380F841300023CFE72046BDE883
:107B20007040FFF79DBFE06B0028F7D0122B01D00B
:107B3000222BF3D123681A68120403D51A6822F4A1
:107B400000421A60FDF786FD0128E7D0074BE06B85
:107B50000365002384F84030FDF7C8FC08B1E06BF2
:107B6000CBE770BD0000FFFFE17C0508F782050848
:107B7000F8B50368202204460E461F6890F841506D
:107B8000DA6105F0F705212D73D148F20101FFF705
:107B900079FC2563236820465A6842F400425A6003
:107BA0005A6822F0FF7222F48B3222F4FF7222F024
:107BB00001025A60FFF710FC79045FD52268136850
:107BC00023F480431360A36B2BB31B68424A934298
:107BD0001ED0183293421BD01832934218D018325C
:107BE000934215D01832934212D0183293420FD0DC
:107BF000183293420CD01832934209D002F55672D3
:107C0000934205D01832934202D018329342FFD0EB
:107C10005B689BB26385730710D5236826F0040662
:107C20005A6A636A1A70636A01336362238D2BB1E7
:107C3000013B2385638D013B9BB26385638D9BB2C2
:107C40001BB1636C43F004036364002384F8423087
:107C5000656C6363DDB1616C2046FFF717FF94F834
:107C60004130282B25D131462046BDE8F840FFF7AA
:107C7000C5BE222D8ED148F2020188E73A04CAD54A
:107C80002268136823F400431360E36B9CE7E36A04
:107C900013F5803F0ED02046FFF733FE0F4B2046F2
:107CA00084F84050E362202384F84130256307F0D4
:107CB00096FBF8BD94F84130204684F84050222BC2
:107CC0004FF0200384F84130256302D107F061FBB7
:107CD000EFE707F05AFBECE7100002400000FFFF5F
:107CE000F8B590F8403004460D461646012BC76A99
:107CF0007DD001238A0680F8403003D5B30601D534
:107D0000FFF736FFE80634D5F10632D5638D9BB216
:107D100003BB94F84130282B0AD1B7F1007F07D17B
:107D200029462046FFF76AFE002084F84000F8BD8F
:107D300094F841202368292A4FF01002DA61F3D128
:107D400017F5803FF0D02046FFF746FB2046FFF7AF
:107D5000D8FDE9E723681022DA61636C43F004037D
:107D6000636437F08073DFD1616C2046FFF78EFECD
:107D7000DAE76A071AD5730718D5638D9BB26BB122
:107D800023685A6A636A1A70636A01336362238DD7
:107D9000013B2385638D013B9BB26385638D9BB261
:107DA000002BC1D117F5803FBED0CFE7280705D5FE
:107DB000310703D52046FFF7DAFDB5E7AA07B3D5AB
:107DC000B307B1D5638D9BB26BB1636A226813F8B8
:107DD000011B91626362638D013B9BB26385238DBE
:107DE000013B2385A0E737F08073AFD09CE70220EA
:107DF0009DE737B50368202204460D46DA6190F806
:107E00004130212B37D10121FFF73CFB11232363A4
:107E10002368E9065A6822F0FF7222F48B3222F4BA
:107E2000FF7222F001025A604FF000026263A2F575
:107E30008032E26205D51022DA61626C42F00402FF
:107E4000626494F84120602A05D16A0703D55B6A11
:107E5000DBB20193019B2046FFF7BEFA636C94F8F6
:107E60004120602A00D07BB1616C204603B0BDE8A0
:107E70003040FFF70BBE90F84130222BC8D10221D1
:107E8000FFF700FB1223C2E794F84120212A12D108
:107E9000202284F8403084F84120236394F8422063
:107EA00084F84230402A03D1FFF7D8FD03B030BD3B
:107EB00007F0F8F9FAE794F84120222AF6D12022B7
:107EC00084F8403084F84120236394F8422084F8F9
:107ED0004230402A02D1FFF7C2FDE7E707F015FA6A
:107EE000E4E773B590F8403004460D461646012B82
:107EF00000F086800123CA0680F8403017D5F306CB
:107F000015D503681022DA61436C43F0040343641F
:107F1000FFF762FAAA0605D5B30603D5294620461F
:107F2000FFF767FF002084F8400002B070BD6807CB
:107F300012D5710710D5236825F004055A6A636AC3
:107F40001A70636A01336362238D013B2385638D5D
:107F5000013B9BB26385DDE7AA0707D5B30705D5CB
:107F6000636A226813F8011B9162ECE7280632D598
:107F7000710630D5638D22689BB203B3208DF0B9B2
:107F80005168638DC1F309019BB2FF2B08D9FF2211
:107F90004FF08073009022852046FFF72BFAB9E757
:107FA000628DE36A92B213F5803F2285D2B202D08D
:107FB000E36A0090F0E74FF000730090ECE753683D
:107FC0009A0103D42046FFF77AFCA3E7402120461C
:107FD000FFF75CFD9EE76B069CD570069AD5638D16
:107FE0009BB2002BF2D123685A68910192D4E26AC5
:107FF00012F5803FE6D15A6842F480425A6089E720
:10800000022092E7F8B590F8403004460E46154637
:10801000012BC76A00F0B78001238A0680F8403040
:1080200003D5AB0601D5FFF7A3FDF20640F1A3800F
:10803000EB0640F1A080E90BA80B41EA9535ED076E
:1080400040F19580E26B52B311F0010326D0136822
:108050004E4A93421ED0183293421BD0183293429C
:1080600018D01832934215D01832934212D01832D9
:1080700093420FD0183293420CD01832934209D059
:1080800002F55672934205D01832934202D018324C
:108090009342FFD05B68B3FA83F35B091A46A36B84
:1080A0004BB3C10727D51B6838498B421ED0183106
:1080B0008B421BD018318B4218D018318B4215D00F
:1080C00018318B4212D018318B420FD018318B42AD
:1080D0000CD018318B4209D001F556718B4205D076
:1080E00018318B4202D018318B42FFD05B68B3FA53
:1080F00083F35B090BB9012A1FD194F84130282B77
:108100000AD1B7F1007F07D131462046FFF776FC50
:10811000002084F84000F8BD94F841202368292A03
:108120004FF01002DA61F3D117F5803FF0D020460E
:10813000FFF752F9FFF7E5FBEAE723681022DA615F
:1081400037F08072636C43F00403636494F8413049
:10815000DBB2DDD103F0F703212B01D1236301E072
:10816000222BFBD0616C2046FFF790FCD0E7236800
:108170001022DA61CCE73207CAD52B07C8D52046D2
:10818000FFF7F5FBC4E70220C5E700BF100002407F
:1081900013B590F840300446012B7AD0012380F8C3
:1081A0004030CB0612D5D30610D50368102220210B
:1081B000DA61436C43F004034364FFF72FF9FFF7E0
:1081C0000BF9002084F8400002B010BD0B0643D527
:1081D000500641D523681A6822F040021A60628D69
:1081E00092B26AB35968638DC1F309019BB2FF2B48
:1081F0001BD9FF2323854FF0807300222046009275
:1082000094F82820FFF7F6F8638D228D9B1A9BB215
:10821000638594F84130222B23681A680CBF42F41E
:10822000004242F480421A60CBE7638D2385E36A03
:1082300013F5803F01D0E36ADFE74FF00073DCE71E
:108240005B689A0103D42046FFF739FBB9E7402168
:108250002046FFF71BFCB4E74B0612D5500610D59D
:10826000638D9BB2002BF2D123685A689201A8D487
:10827000E26A12F5803FE6D15A6842F480425A60C1
:108280009FE788069DD593069BD52046FFF7B1FD55
:1082900097E7022098E7036899691A6810B4CC053B
:1082A00008D5140606D5446C44F0010444644FF428
:1082B0008074DC614C0508D5140606D5446C44F086
:1082C000080444644FF48064DC61890508D5120613
:1082D00006D5426C42F0020242644FF40072DA6149
:1082E000416C11F00B0F03D05DF8044BFFF7CEBBD0
:1082F0005DF8044B7047806B836B0BB100221A65ED
:10830000C36B0BB100221A65FFF7AABB10B590F83A
:108310004130202BDCB21DD190F84030012B19D018
:10832000242380F8413003681A6822F001021A60A1
:108330001A6822F480521A601A68114319601A6888
:1083400042F001021A60002380F8414080F840307A
:10835000184610BD0220FCE7094A82B0D2F8F4109A
:1083600041F00201C2F8F410D2F8F42002F0020247
:108370000192044A019B53681843506002B0704751
:1083800000440258000400580A4B44F620621B685F
:10839000B3FBF2F24FF47A7353430268002010B536
:1083A000013B146808BF032031EA040401D0002B0C
:1083B000F6D110BD540E002470470000F8B50446F5
:1083C000002858D090F8363003F0FF021BB980F82F
:1083D0003520FFF7F1FF656802232268012D84F83C
:1083E0003630A66AD06802D0B6F5000F01D120F071
:1083F0001E004FF6FF736169204F994245EA06035C
:108400001CBF20F4604020F0C0000740A068034378
:10841000206A0343606A03433B4305BBE069256967
:1084200028430343B6F5000F1BD04FF6FF7081427F
:1084300004D0A0690143E06901430B43D360104BB2
:108440009A4203D003F1C0539A420FD1D4E90B31C1
:108450000B4353620123002084F83630F8BD012D10
:10846000E0D1D4E9030528430343DEE7054B9A42F4
:10847000F0D1E36AEDE70120F0E700BFFEF119FF5C
:108480000024004000280058022310B580F8363040
:108490000446D0E90032012A07D0826AB2F5000F03
:1084A00003D1DA6822F46062DA601A69204642F089
:1084B00001021A6110225A6099611146FFF764FFA8
:1084C000032808D022680020136943F004031361D5
:1084D000012384F8363010BD7047F0B504468BB0E8
:1084E00060B390F8BD33056803F0FF021BB980F854
:1084F000BC23FFF7F1FF03236E46271D84F8BD332D
:10850000EB6B254613F4807355F8100B08BF2361FD
:1085100004F0EAF90FCD0FC60FCD0FC695E80300A2
:10852000254686E8030097E80E0055F8100B04F086
:108530001BF9064620B1022384F8BD33012552E021
:108540000146206804F0D6F93046D4F804C01C2651
:108550004FF0010E0146C2B2013094451BD80023F2
:108560001C261946D8B20133844522D86E460FCD59
:108570000FC60FCD0FC695E8030086E8030097E805
:108580000E00206804F0F8F901230546F0B102223C
:1085900084F8BD23D2E706FB024383F83DE083F86D
:1085A0003C20A3F8422083F83F101965C3E911115C
:1085B000D1E706FB004282F8FD1182F8FC0182F847
:1085C000FF11C2F81012C2E98111CBE784F838001C
:1085D00084F8BD33636A012B02D1204600F0A4FC6D
:1085E000206804F04EFD28460BB0F0BD704738B54A
:1085F000044610B90125284638BD032380F8BD3351
:10860000006804F000FD05460028F3D12046FFF77E
:10861000EDFF84F8BD53EEE710B50446006894F80A
:10862000BC33012B15D0012384F8BC33A36A012B82
:1086300006D1A369012B03D0836B43F4803383639A
:1086400004F04CF9206804F00EFD002084F8BC030F
:1086500010BD0220FCE738B590F8BC330446012B6E
:108660001BD00123056880F8BC33284604F03CF990
:10867000206804F006FD1021206804F053F9A36A75
:10868000012B06D1A369012B03D0AB6B23F48033FC
:10869000AB63002084F8BC0338BD0220FCE77047C0
:1086A000704700002DE9F04F066887B00446304659
:1086B00004F024FD0290002840F03C81206804F082
:1086C000EEFC002800F03681206804F0E8FC820708
:1086D00004D52268536903F002035361206804F053
:1086E000DEFCC3062AD52268936923F01003936148
:1086F000376AC7F3434307F00F05022B40F01D8193
:1087000047F6F0731F4214D01C23C7F30A183046F3
:1087100003FB05454246D5F8081204F0FDFBD5F8E9
:108720000822D5F8143242444344C5F80822C5F85B
:1087300014322268936943F010039361206804F0B7
:10874000AEFC070300F10D81206804F0A8FC45038E
:108750000CD5254606F510694FF00008206804F096
:10876000AAFC0390039B002B40F0A481206804F036
:1087700096FC002815DAD6F8043823F00103C6F871
:10878000043894F8F433012B40F025820021204670
:1087900084F8F41300F0DBFB2268536903F0004314
:1087A0005361206804F07BFC00050BD5D6F808382F
:1087B000D90702D5204605F0F1FD2268536903F47C
:1087C00000635361206804F06AFC020114D5236839
:1087D0005A6902F000625A6194F8F423002A40F0CA
:1087E000FE810121204684F8F4135B6DC3F38303FB
:1087F000C4F8F83300F0ABFB206804F050FCC3046D
:1088000036D5D6F804381021206806F5006523F027
:1088100001036B6004F086F806F510634FF67F31B4
:1088200062680298824200F2DE81EB6943F0011334
:10883000EB61236B002B00F0F681D5F8843043F018
:108840000B03C5F884306B6C43F00B036B64D6F8F4
:10885000003804F57172217C23F4FE632068C6F8A9
:10886000003804F05FFC2268536903F480535361BD
:10887000206804F014FC870416D5206804F042FC3C
:10888000206804F02FF92568E06001F097FA227B58
:108890000146284603F0B2FF204605F08EFD22680F
:1088A000536903F400535361206804F0F8FB060792
:1088B00007D5204605F02EFD2268536903F0080312
:1088C0005361206804F0EBFBC50208D50021204667
:1088D000FFF7E6FE2268536903F4801353612068B2
:1088E00004F0DDFB800208D500212046FFF7D7FE0B
:1088F0002268536903F400135361206804F0CFFB2E
:10890000410007D5204605F01DFA2268536903F09F
:1089100080435361206804F0C2FB42070AD52368F4
:108920005D686B0702D5204605F046FD2268536856
:108930002B43536007B0BDE8F08F062B7FF4F9AEF0
:10894000082204F571713046C7F30A1704F0E4FAFF
:108950001C2303FB0545D5F814321F44C5F81472D7
:10896000E7E606F5306704F5017A0025DFF8D0B2B6
:10897000206804F098FB0390039B002B3FF4E4AEC7
:10898000039BD80756D55FFA85F92068494604F05D
:108990009AFB10F0010F80461AD02068012221694D
:1089A00000F5306CBA600129036C0CEB451CDCF857
:1089B000082066D1110706D55B4509D9100407D5F3
:1089C0004FF4004302E091063CD52023CCF8083058
:1089D00018F0080F1ED023680822BA601A6C03F53D
:1089E00030635A4503EB4513996804D9090402D54D
:1089F0004FF4004199602046049205F0C9FC049AA6
:108A00005A4507D92169012904D104F571722068FA
:108A100004F088FB18F0100F01D01023BB6018F091
:108A2000200F01D02023BB6018F4005F02D04FF468
:108A30000053BB60039B013520370AF11C0A5B0819
:108A4000039399E712F0280FC2D15B4501D91204B4
:108A5000B6D4DCF81020DAF80010C2F312028A1A39
:108A6000CAF81020DAF804201144CAF8041095B9A5
:108A7000D4F810227AB904F57172012104F052FB86
:108A800009E06E498B420BD1130499D4900602D5AC
:108A90002022CCF808204946204605F04AFC97E7FA
:108AA000002DF8D1D4F81022002AF4D104F5717207
:108AB0002946E3E7039BDA0740F184805FFA88FBED
:108AC0002068594604F008FBC307074621D501205A
:108AD00008F00F02D6F8343800FA02F2216923EACE
:108AE00002038142C6F83438C9F808000DD1D5E92F
:108AF00011231344AB64B8F1000F06D1236D23B9E1
:108B000004F57172206804F00DFB5946204605F00B
:108B100026FC380702D50823C9F80830F90602D523
:108B20001023C9F808307A0602D54023C9F8083066
:108B3000BB0702D50223C9F808303F0642D5D5E964
:108B400014329A423ED89B1A6A6CD4F800A0934221
:108B500028BF134603339B0804930AF5106303EB05
:108B600048130593059B04999A6992B28A42D5E904
:108B7000147325D39F4200D95FB908F00F02012179
:108B8000DAF8343801FA02F223EA0203CAF8343878
:108B900018E0FF1A6B6C5A4650469F4228BF1F468A
:108BA000FB1C9B080493237C0093BBB2A96C04F0CC
:108BB000B3F8AB6C3B44AB646B6D1F446F65D1E79E
:108BC0009F42DAD9039B08F101081C3509F12009FD
:108BD0005B080393C6E5204605F0E7FBDCE520468D
:108BE00005F0DCFB08E69960203353F8202C22F4D2
:108BF000001243F8202C53F8202C42F0006243F876
:108C0000202CC3F8E811D3F8E02122F40012C3F8B5
:108C1000E021D3F8E02142F00062C3F8E021029A9B
:108C200001320292FCE56B6943F4005343F02B03DD
:108C30006B612B6943F00B032B6108E60A31544F3B
:108C40000A30544F10B590F8BC230446012A0BD0CB
:108C5000012280F8381080F8BC23006804F0F3F992
:108C6000002084F8BC0310BD0220FCE770B501F0C1
:108C70000F0611F0800F05464FF01C00C6EBC6042E
:108C80004FEA84041FD004F13C0100FB065001248C
:108C9000294480F83D408A604A780E70CB7002B15A
:108CA000CE80022B04BF00230B7195F8BC33012B3F
:108CB00012D00123286885F8BC3303F01EFF002082
:108CC00085F8BC0370BD04F5FE7100FB065000245E
:108CD000294480F8FD41DEE70220F3E710B50446A1
:108CE00001F00F0011F0800F4FF01C02C0EBC00329
:108CF0004FEA830316D003F13C0102FB004201233B
:108D0000214482F83D30087094F8BC33012B12D016
:108D10000123206884F8BC3303F02EFF002084F880
:108D2000BC0310BD03F5FE7102FB00420023214489
:108D300082F8FD31E7E70220F3E738B501F00F05CF
:108D40001C2404FB050104FB050401F5FE71C4F8B5
:108D500010320023C4F80822C4F8143284F8FD311C
:108D600084F8FC5103690068012B08BFC4F80C2289
:108D7000DAB21DB903F056FF002038BD03F0E0FF62
:108D8000FAE701F00F011C2303FB0100D0F81402E5
:108D9000704738B501F00F051C2404FB050104FBE6
:108DA00005043C3123650023A2646365012384F834
:108DB0003C5084F83D3003690068012B08BFE26431
:108DC000DAB21DB903F02EFF002038BD03F0B8FF62
:108DD000FAE738B501F00F05436804469D422CD8E8
:108DE00011F0800F4FF01C001ED000FB0541012345
:108DF00000FB05423C3182F83D3001230D708B7041
:108E000094F8BC239A421AD0206884F8BC3304F04A
:108E1000A6F82DB904F57172217C206804F082F95E
:108E2000002084F8BC0338BD00FB01431A4603F55B
:108E3000FE71002382F8FD31DFE70120F3E7022015
:108E4000F1E738B501F00F02436804469A422AD888
:108E5000C2EBC20311F0800F4FF01C004FEA8303F6
:108E600018D003F13C0100FB02400123214480F8AB
:108E70003D3000250A708D7094F8BC33012B14D05E
:108E80000123206884F8BC3304F094F8284684F861
:108E9000BC5338BD03F5FE7100FB024000232144A2
:108EA00080F8FD31E5E70120F3E70220F1E710B596
:108EB00090F8BC330446012B10D0012380F8BC335A
:108EC0000B06006807D501F00F0103F02BFD002011
:108ED00084F8BC0310BD03F037FDF8E70220F9E782
:108EE0000068120470B5446A19B9224382620020F6
:108EF00070BD836A4D1E04EB134400235E1CDBB27D
:108F00009D4205D83F31224300EB81004260EEE7ED
:108F1000403300EB83035B6804EB13443346EDE717
:108F2000036800205962704702680021012380F81D
:108F3000F413C0F8FC330846936943F0006393616F
:108F4000536D43F0805343F00303536570477047FC
:108F5000024A136843F48073136070470048025854
:108F6000054A0129136923F00403136101D130BFBD
:108F7000704720BF704700BF00ED00E070B51C4D8A
:108F80000446EB6803F00703062B06D0E86800F000
:108F90003F00001B18BF012070BDEB6823F03F03AA
:108FA0000343EB6006F014F806466B689A0408D594
:108FB000A4F11D03012B0CD92D3C012C09D9002053
:108FC000EAE706F005F8801BB0F57A7FEDD90120BD
:108FD000E2E705F0FDFF064D0446EB68DB03EED447
:108FE00005F0F6FF001BB0F57A7FF6D9EFE700BF7A
:108FF0000048025838B51E4C0D46236823F0010383
:1090000018432060C2B9FCF765FA032813D123691D
:1090100023F001032361174B1A6942F004021A611D
:10902000BFF34F8FBFF36F8F012D10D130BF1A697F
:1090300022F004021A6138BD012A0AD1FCF74AFA6B
:109040000128F8D1636923F002036361E3E720BFDD
:10905000EDE7FCF73FFA032804D1236923F004036A
:109060002361E8E7636923F004036361E3E700BF7A
:109070000048025800ED00E0024AD36843F08073D4
:10908000D3607047004802582DE9F0474E6A36B168
:10909000B2F1406F03D08B6A0468013B2361D1F8C1
:1090A00018A0D1E9077CBAF1000F4ED04B6946EA0F
:1090B0000A0A0568D1F800804FEA834E486B4AEAF5
:1090C000020AD1E90B49BCF1000F26D08B684CEAAB
:1090D0000A0C0E69EB61A7B148EA0703234343EA90
:1090E00009030343C8683343034343EA0E0343EAD7
:1090F0000C03B2F1406F6B6101D04B68AB61BDE80E
:10910000F08748EA040343EA09030343334343EA8D
:109110000E0343EA0C036B61F1E767B148EA07030A
:10912000234343EA09030343C868034343EA0E03A6
:1091300043EA0A03DDE748EA040343EA0903034379
:1091400043EA0E0343EA0A03E5E7BCF1000F2CD023
:1091500004688B680869E36146EA0C034E6943EAD8
:109160000205D1F834C0B604D1E90B83A7B1384366
:10917000B2F1406F40EA080043EA0003C86843EADE
:109180000C0343EA000343EA060343EA0503636171
:10919000B5D04B68A361B2E740EA0800034343EA55
:1091A0000C0333432B436361A9E7D7B146EA0703B6
:1091B000CC6A0068B2F1406F43EA020343EA040359
:1091C0000C6B43EA04034C6B43EA0403CC6843EAA8
:1091D00004034C6943EA8443436190D04B68836144
:1091E0008DE7002E8BD0CB6A006833430E6B1A4399
:1091F0004B6932434E6B324342EA834242617EE71F
:109200002DE9F041DDF8188004460E4615461F464C
:1092100022689368334214BF01230023AB4201D17B
:10922000002012E0B8F1FF3FF3D005F0D1FEC01BE3
:10923000404502D8B8F1000FEAD10423012084F898
:109240004130636C43F001036364BDE8F081704713
:1092500030B5044685B005F0BBFE0346002C40D077
:1092600094F841203AB903902046FFF7F0FF41F20D
:109270008832039BA2642068A1680268013922F445
:10928000706242EA0122202102602046A26C009214
:109290000022FFF7B5FF10BB2268E569E36811689B
:1092A0002B43256A21F07F412B43656821F0D001D3
:1092B00043EA05630B4313605568D4E905310B435A
:1092C000216943EA0143084929400B43536013686D
:1092D00043F0010313600123606484F8413005B05A
:1092E00030BD0120FBE700BFFEF8E0FF704710B57E
:1092F000044658B10268136823F001031360FFF7B6
:10930000F5FF0020606484F8410010BD0120FCE7F7
:109310002DE9F043044685B01746894605F058FE0E
:1093200094F840200346012A33D00122022684F813
:10933000402094F84120012A5FFA82F827D10022C8
:109340000390202120466264009784F84160FFF773
:1093500057FF0546A0B9024649462046FFF794FE4E
:10936000D9F82420039B4AB942463146204600974B
:10937000FFF746FF054618B92368DE6084F8418090
:10938000002384F84030284605B0BDE8F083354618
:10939000F6E70225F7E7F0B5044685B016460F4616
:1093A00005F016FE94F8402003462568012A49D0AE
:1093B000012284F8402094F84120012AD0B23FD104
:1093C00000226264002F36D0122284F841202A69DC
:1093D0000132E2622A6967620132A2626A6922F09E
:1093E00040626A61E26A8AB901220221204600963F
:1093F000FFF706FF10B923680222DA60012384F820
:109400004130002384F8403005B0F0BD0122042132
:10941000204600960393FFF7F3FE0028EED1626A20
:10942000039B127885F82020626A01326262E26A48
:10943000013AE262D6E7636C43F008036364E0E755
:109440000220DEE70220DFE7F0B5044685B01646CD
:109450000F4605F0BDFD25680346D5F818C094F801
:109460004020012A4DD0012284F8402094F8412068
:10947000012AD0B243D100226264002F3AD02222C6
:1094800084F841202A690132A2632A6927630132E4
:109490006263696921F0406141F080616961C5F8EA
:1094A00018C0A26B8AB90122022120460096FFF75C
:1094B000A7FE10B923680222DA60012384F8413044
:1094C000002384F8403005B0F0BD0122062120467B
:1094D00000960393FFF794FE0028EED195F8201034
:1094E000226B039B1170226B01322263A26B013A43
:1094F000A263D6E7636C43F008036364E0E70220ED
:10950000DEE70220DFE7000070B50446002872D0D5
:109510000368DD075CD42368980700F1AE802368F8
:10952000D80627D5A94B1A69996A02F03802082A89
:1095300007D0182A40F00C8101F00302012A40F004
:1095400007811B68D90502D5E369802B53D1FBF74E
:10955000E1FB41F20303216A98429C4B00F2F18047
:109560005A68202922F0F8420CBF42F0804242EAB9
:1095700081625A602368180700F12C8123689906DC
:1095800000F14D8123685D071CD5914D2B6843F494
:1095900080732B6005F01CFD06462B68DA0540F150
:1095A0006381A368894D012B40F065812B6F43F0E7
:1095B00001032B6705F00CFD844E0546336F9B07B6
:1095C00040F17D81616A002940F0808100202AE01D
:1095D0007E4B1A69996A02F03802102A05D0182ABF
:1095E0000BD101F00302022A07D11B68990392D51F
:1095F0006368002B8FD1012015E06268B2F5803FCF
:1096000012D11A6842F480321A6005F0E1FC6F4E04
:10961000054633689A033FF57EAF05F0D9FC401B41
:109620006428F6D9032070BD684D2B689AB923F4DD
:1096300080332B602B6823F480232B6005F0C8FC5B
:1096400006462B689B037FF566AF05F0C1FC801BC7
:109650006428F6D9E6E7B2F5A02F07D143F48023BA
:109660002B602B6843F480332B60CEE723F48033E8
:109670002B602B6823F48023F6E7544B1A69996A10
:1096800012F0380203D0182A1FD188071DD11B6899
:10969000590702D5E368002BADD0FBF73BFB41F245
:1096A000030321699842494B5A6809D822F47C3255
:1096B00040290CBF42F4003242EA01325A602EE7E0
:1096C00022F0FE4242EA0162F8E7E1681A6839B323
:1096D00022F019023D4D0A431A6005F079FC064656
:1096E0002B685A0711D5FBF715FB41F203032269DA
:1096F00098426B680FD823F47C33402A0CBF43F4A4
:10970000003343EA02336B6009E705F061FC801B1C
:109710000228E5D986E723F0FE4343EA0263F2E735
:1097200022F00102294E1A6005F052FC054633680A
:109730005B077FF5F4AE05F04BFC401B0228F6D921
:1097400070E7DA6822F07C5242EA0162DA6011E7DF
:10975000E2694AB31A681D4D42F080021A6005F0B2
:1097600037FC06462B68DA0511D5FBF7D3FA41F230
:109770000303226A984210D86B68202A23F0F8432A
:109780000CBF43F0804343EA82636B60F2E605F06E
:109790001FFC801B0228E5D944E7EB6823F07C53CB
:1097A00043EA0263EB60E5E61A68084E22F08002A5
:1097B0001A6005F00DFC05463368DB057FF5DAAE6F
:1097C00005F006FC401B0228F6D92BE7004402589E
:1097D000004802586369954D83B16B6F43F00103F4
:1097E0006B6705F0F5FB06466B6F9A073FF5C6AE53
:1097F00005F0EEFB801B0228F6D913E76B6F23F010
:1098000001036B6705F0E4FB06466B6F9B077FF572
:10981000B5AE05F0DDFB801B0228F6D902E7A3698F
:10982000824D83B12B6843F480532B6005F0D0FB4D
:1098300006462B6898043FF5A5AE05F0C9FB801BD2
:109840000228F6D9EEE62B6823F480532B6005F04E
:10985000BFFB06462B6899047FF594AE05F0B8FB74
:10986000801B0228F6D9DDE605F0B2FB801B6428D8
:109870007FF693AED6E6A3B92B6F23F001032B67D7
:109880002B6F23F004032B6705F0A2FB06462B6F1A
:1098900098077FF597AE05F09BFB801BC828F6D98B
:1098A000C0E6052B2B6F03D143F004032B677DE645
:1098B00023F001032B672B6F23F0040379E605F0F7
:1098C00087FB401BC8287FF679AEABE6574D2B6966
:1098D00003F03803182B7AD02B68022923F0807309
:1098E0002B6067D105F074FB06462B6899015BD4A9
:1098F000AB6AA26A23F47C7323F003031343E26A86
:1099000043EA0213AB62636BA26B013B013A5B0259
:1099100012049BB202F4FE021343226B013AC2F31B
:1099200008021343E26B013A120602F0FE421343AF
:109930002B63EB6A23F00103EB626B6BA26C23F4E5
:109940007F4323F0F80343EAC2036B63EB6A226CA4
:1099500023F00C031343EB62EB6A626C23F0020307
:109960001343EB62EB6A43F48033EB62EB6A43F43C
:109970000033EB62EB6A43F48023EB62EB6A43F063
:109980000103EB622B6843F080732B6005F020FB32
:10999000264D04462B689A013FF518AE05F018FBDA
:1099A000001B0228F6D93DE605F012FB801B0228B9
:1099B0009BD937E605F00CFB04462B689B017FF52D
:1099C00005AE05F005FB001B0228F6D92AE60129A1
:1099D000AA6A2B6B3FF40FAE02F00301A06A81422A
:1099E0007FF409AEC2F30512E16A8A427FF403AE46
:1099F000226BC3F30801013A91427FF4FCAD626B24
:109A0000C3F34621013A91427FF4F5ADA26BC3F353
:109A10000641013A91427FF4EEADE26BC3F3066377
:109A2000013A93423FF4D2ADE5E500BF004402584D
:109A3000484B1A6902F03802102A30B500F08680CF
:109A4000182A0CD0002A40F083801A68424812F08D
:109A5000200F03D01B68C3F3C103D84030BD996AFF
:109A60009D6ADA6A15F47C7FC5F305105C6BF5D04E
:109A7000C4F3CC0402F0010207EE900A01F00301E6
:109A80006243B7EE006AF8EEE76A012907EE902A12
:109A9000FAEEE97A4CD002293CD0002948D11A6864
:109AA000920627D519682C4AC1F3C1011B6BCA4025
:109AB000C3F3080307EE102AF8EEC75A85EEA67A1C
:109AC00006EE903AF8EEE66A76EEA77A77EE867AB8
:109AD000204B67EE877A1B6BC3F34623013307EEF7
:109AE000103AF8EEC76A87EEA67AFCEEC77A17EE50
:109AF000900AB3E71B6BC3F3080307EE103AB8EE06
:109B0000C77A77EE277A77EE867A9FED146A86EE2B
:109B1000267ADDE71B6BC3F3080307EE103AB8EEB5
:109B2000C77A77EE277A77EE867A9FED0D6AEEE7B1
:109B30001B6BC3F3080307EE103AB8EEC77A77EE53
:109B4000277A77EE867A9FED076AE0E7064885E791
:109B5000064883E7004402580090D0030024744C68
:109B600020BCBE4B0024744A40787D0100093D00B2
:109B70002DE9F0410D46044610B90120BDE8F08101
:109B8000884A136803F00F038B42C0F09380236868
:109B90005F0700F19B801E070BD583496669C86982
:109BA00000F07000864204D9CA6922F07002324384
:109BB000CA61D8060BD57C49A669C86900F4E06083
:109BC000864204D9CA6922F4E0623243CA61990626
:109BD0000BD57549E669086A00F07000864204D921
:109BE0000A6A22F0700232430A629A070BD56E4964
:109BF000E668886900F00F00864204D98A6922F07D
:109C00000F0232438A61DF076ED423689E0700F19A
:109C1000A18064490A6802F00F02AA4200F2A880FB
:109C2000580700F1B18019070BD55F496569C8690C
:109C300000F07000854204D2CA6922F070022A4303
:109C4000CA61DA060BD55849A569C86900F4E06015
:109C5000854204D2CA6922F4E0622A43CA619B06A3
:109C60000BD5514AE069116A01F07001884204D2B3
:109C7000136A23F0700303431362FFF7D9FE4A49C6
:109C80004A4A8B69C3F30323D35C03F01F03D84014
:109C90008B6903F00F03D35C454A03F01F0320FADE
:109CA00003F31360434B1860434BBDE8F041186861
:109CB00005F088B9136823F00F030B431360136892
:109CC00003F00F038B427FF458AF60E736492669F3
:109CD000886900F0700086427FF65DAF8A6922F0E5
:109CE000700232438A6156E72F4BA1689A6922F4C9
:109CF00070620A439A6162681B68022A1DD113F4DC
:109D0000003F3FF43AAF284E41F28838336923F0E0
:109D100007031343336105F05BF907463369626853
:109D200003F03803B3EBC20F3FF46FAF05F050F907
:109D3000C01B4045F2D9032020E7032A02D113F0CB
:109D4000007FDEE7012A02D113F4807FD9E713F008
:109D5000040FD6E71449E668886900F00F008642D0
:109D6000BFF457AF8A6922F00F0232438A6150E78D
:109D70000A6822F00F022A430A600A6802F00F0202
:109D8000AA427FF4FAAE4BE707492569886900F0DB
:109D900070008542BFF447AF8A6922F070022A43FF
:109DA0008A6140E70020005200440258AE3B070899
:109DB000580E0024540E0024500E002410B50C4CF4
:109DC000FFF736FE0B49A369C3F30323CA5CA369FB
:109DD00002F01F0203F00F0320FA02F2CB5C03F043
:109DE0001F0322FA03F0044B1860044B1A6010BDE5
:109DF00000440258AE3B0708580E0024540E0024BD
:109E000008B5FFF7DBFF054B054ADB69C3F3021317
:109E1000D35C03F01F03D84008BD00BF00440258C4
:109E2000AE3B070808B5FFF7C9FF054B054ADB69DC
:109E3000C3F30223D35C03F01F03D84008BD00BF67
:109E400000440258AE3B070838B53F230446036080
:109E50003A4B1A68510360D54FF4A02262601B6828
:109E6000364D03F08003E361FAF754FF41F2030338
:109E7000984259D86B68C3F3846323622B6803F05C
:109E80000103E360FAF746FF41F2030398426B686F
:109E900094BFC3F30533C3F306632361274B1A6FE3
:109EA000520745D50522A2605A6F02F00102626195
:109EB0001A68C2F30032A2611B6813F0807F14BFDE
:109EC0000223012363621D4B9A6A02F00302A2621D
:109ED0009A6AC2F30512E2621A6BC2F308020132F7
:109EE00022631A6BC2F306620132E2631A6BC2F399
:109EF0004622013262631A6BC2F306420132A26348
:109F0000DA6A02F00C022264DA6AC2F34002626486
:109F10005B6BC3F3CC03A36438BD1A6812F48032C0
:109F200018BF4FF4803299E7EB68C3F30563A4E7E9
:109F30001A6F12F0010218BF0122B4E70044025860
:109F40003F230360114B1A6902F0070242609A69CD
:109F500002F4706282609A6902F00F02C2609A692C
:109F600002F070020261DA6902F070024261DA699D
:109F700002F4E06282611B6A03F07003C361044B68
:109F80001B6803F00F030B60704700BF00440258CA
:109F900000200052F8B53A4C06460D46A36A03F07D
:109FA0000303032B69D0236823F08063236005F04B
:109FB0000FF8074623681A014BD4A36A326823F4CA
:109FC0007C3343EA0233A362B368F268013B013A8F
:109FD0005B0212049BB202F4FE0213437268013A60
:109FE000C2F3080213433269013A120602F0FE423C
:109FF0001343A363E36A726923F0C0031343E3626C
:10A00000E36AB26923F020031343E362E36A23F0B7
:10A010001003E362E36BF26923F47F4323F0F80358
:10A0200043EAC203E363E36A43F01003E362E36AD3
:10A03000B5B943F40023E362114C236843F0806315
:10A04000236004F0C5FF054623681B010FD50020DF
:10A0500005E004F0BDFFC01B0228ABD90320F8BD0A
:10A06000012D0CBF43F4801343F40013E3E704F025
:10A07000AFFF401B0228E7D9F0E70120EFE700BF60
:10A0800000440258F8B53A4C06460D46A36A03F060
:10A090000303032B69D0236823F08053236004F06B
:10A0A00097FF074623689A004BD4A36A326823F0CF
:10A0B0007C7343EA0253A362B368F268013B013A3E
:10A0C0005B0212049BB202F4FE0213437268013A6F
:10A0D000C2F3080213433269013A120602F0FE424B
:10A0E00013432364E36A726923F440631343E36216
:10A0F000E36AB26923F400731343E362E36A23F46F
:10A100008073E362636CF26923F47F4323F0F80306
:10A1100043EAC2036364E36A43F48073E362E36A7D
:10A12000B5B943F48003E362114C236843F08053D4
:10A13000236004F04DFF054623689B000FD50020E7
:10A1400005E004F045FFC01B0228ABD90320F8BD91
:10A15000012D0CBF43F4000343F08073E3E704F0E8
:10A1600037FF401B0228E7D9F0E70120EFE700BFE7
:10A17000004402582DE9F0410668054616F00066D5
:10A1800009D0836EB3F5001F2ED013D8F3B1B3F509
:10A19000801F21D001262B68DB0540F10281AB6DC9
:10A1A000042B00F2FD80DFE813F024002B00F50003
:10A1B00029002900B3F5401FECD1B84A0026A96E4A
:10A1C000136D23F440130B431365E4E7B34AD36ADA
:10A1D00043F40033D362F0E702210430FFF7DAFEE4
:10A1E00006460028D7D1E8E702212430FFF74AFFCE
:10A1F000F6E7AA4AD36A43F40033D362344604E054
:10A200000021281DFFF7C6FE0446002C40F0CB803D
:10A21000A24AA96D136D23F007030B4313652B6846
:10A220009F050DD5EB6D802B00F0DA8000F2BD802C
:10A23000002B00F0C980402B00F0CC800126344672
:10A240002B68580510D5D5F8A830B3F5800F00F06D
:10A25000EC8000F2CD80002B00F0DB80B3F5001F16
:10A2600000F0DD80012634462B68190510D5D5F89D
:10A27000AC30B3F1007F00F0FD8000F2DE80002BF7
:10A2800000F0EC80B3F1807F00F0EE8001263446D0
:10A290002B689A010DD5AB6C202B00F0078100F2E2
:10A2A000F180002B00F0F180102B00F0F9800126E6
:10A2B00034462B68DB040FD52B6EB3F5005F00F03E
:10A2C000198100F2FB80002B00F00881B3F5805F5C
:10A2D00000F00A81012634462B689F040FD56B6E6F
:10A2E000B3F5003F00F0268100F20C81002B00F056
:10A2F0001281B3F5803F00F01781012634462B68A8
:10A30000580410D5D5F8B030B3F1005F00F03381B8
:10A3100000F21881002B00F01E81B3F1805F00F085
:10A320002481012634462B68590114D5EB6C43B1C6
:10A33000B3F5807F40F027810121281DFFF72AFE19
:10A340000446002C40F02281544AE96CD36C23F47B
:10A3500080730B43D3642B681A040DD52B6FB3F1B4
:10A36000805F00F01581B3F1005F00F01F81002BCA
:10A3700000F01381012634462B68DB0140F12C816B
:10A380006B6C032B00F26C81DFE813F01D011801E8
:10A3900064011D01002105F12400FFF773FE33E77E
:10A3A000012634463BE7264639E7C02B03D0B3F5F8
:10A3B000807F7FF443AFCCB9384AE96D136D23F445
:10A3C000E0730B4313653BE7344AD36A43F400332D
:10A3D000D362F0E70021281DFFF7DCFD0446EAE721
:10A3E000002105F12400FFF74DFEF7E7264627E799
:10A3F000B3F5C00F03D0B3F5000F7FF433AFD4B97A
:10A40000264AD5F8A810936D23F460030B43936597
:10A410002AE7224AD36A43F40033D362EFE70021EC
:10A42000281DFFF7B7FD0446E9E7002105F12400E8
:10A43000FFF728FEF7E7264616E7B3F1407F03D083
:10A44000B3F1806F7FF422AFD4B9144AD5F8AC10C1
:10A45000936D23F0E0630B43936519E70F4AD36ACA
:10A4600043F40033D362EFE70021281DFFF792FD8C
:10A470000446E9E7002105F12400FFF703FEF7E7B2
:10A48000264605E7302B7FF412AFACB9034AA96C1E
:10A49000D36C23F030030B43D3640AE70044025823
:10A4A0009A4AD36A43F40033D362EEE70221281DAF
:10A4B000FFF770FD0446E8E72646FAE6B3F5405F8D
:10A4C00003D0B3F5804F7FF405AFCCB98F4A296E26
:10A4D000136D23F4E0430B431365FDE68B4AD36A07
:10A4E00043F40033D362F0E70021281DFFF752FD4B
:10A4F0000446EAE7002105F12400FFF7C3FDF7E772
:10A500002646E9E623F48032B2F5802F03D0B3F576
:10A51000403F7FF4F2AE9CB97C4A696E136D23F420
:10A52000E0230B431365EAE60121281DFFF732FD06
:10A530000446F0E7012105F12400FFF7A3FDF7E74A
:10A540002646DCE623F08052B2F1804F03D0B3F10F
:10A55000405F7FF4E6AEA4B96C4AD5F8B010936DB5
:10A5600023F0E0430B439365DDE60121281DFFF74F
:10A5700011FD0446EFE7012105F12400FFF782FDFC
:10A58000F7E72646CFE601263446E4E62646E2E62D
:10A590005E4AD36A43F40033D3626CB95B4A296FD5
:10A5A000136D23F040530B431365E5E60121281D8D
:10A5B000FFF7F0FC0446F0E72646DDE6534AD36A8F
:10A5C00043F40033D362002C4DD1504A696CD36CF4
:10A5D00023F003030B43D3642B685F024DD54C4F2C
:10A5E0003B6843F480733B6004F0F2FC80463B68B8
:10A5F000D8053AD5002C6AD1444BD5F8B4001A6F6F
:10A60000424012F4407F0BD01A6F196F22F440724F
:10A6100041F480311967196F21F4803119671A6785
:10A62000B0F5807F40D0D5F8B430384903F440729B
:10A63000B2F5407F47D10869364A20F47C5002EADF
:10A64000131202430A61C3F30B03304A116F0B4329
:10A65000136712E00221281DFFF79CFC0446B2E7B5
:10A6600001263446B8E72646B6E704F0B1FCA0EB75
:10A6700008006428BBD9032634462B68DA0708D5BE
:10A68000EB6F102B3AD024D84BB3082B30D00126D7
:10A6900034462B689B074CD5AB6F052B5FD8DFE8A2
:10A6A00003F0403B5840404004F092FCDFF85C80EF
:10A6B0000746D8F870309907B5D404F089FCC01B60
:10A6C000C828F6D9D7E70A6922F47C52BAE72646A9
:10A6D000D3E723F00802202A01D0182BD7D19CB948
:10A6E0000A4AE96F536D23F038030B435365D0E7F3
:10A6F0000121281DFFF74EFC0446F0E7012105F17A
:10A700002400FFF7BFFCF7E72646C2E700440258E3
:10A7100000480258CFFFFF000121281DFFF73AFC37
:10A720000446FCB9B74AA96F536D23F007030B43E6
:10A7300053652B685F0727D5D5F89430052B00F2B9
:10A740003A81DFE813F016001100320116001600FE
:10A750001600012105F12400FFF794FCE0E7012633
:10A760003446E6E72646E4E70121281DFFF712FC00
:10A770000446002C40F02281A24AD5F89410936D33
:10A7800023F007030B4393652B68980610D5D5F883
:10A790009030B3F1005F00F02C8100F21181002BAA
:10A7A00000F01781B3F1805F00F01D81012634466F
:10A7B0002B68590610D5D5F89C30B3F5006F00F022
:10A7C0003C8100F22181002B00F02781B3F5806FDE
:10A7D00000F02D81012634462B681A0610D5D5F8D5
:10A7E000A030B3F5804F00F0498100F22E81002B9C
:10A7F00000F03481B3F5005F00F03A810126344661
:10A800002B681B0714D5D5F88430B3F5805F07D1CA
:10A81000022105F12400FFF735FC002818BF0126AE
:10A82000784AD5F88410536D23F440530B43536595
:10A830002B68DF0614D5D5F89830B3F5807F07D1A3
:10A84000022105F12400FFF71DFC002818BF012696
:10A850006C4AD5F89810936D23F440730B439365BD
:10A860002B6818031AD5D5F8A410B1F5803F00F075
:10A870000D81B1F5003F06D0002940F00D81281D63
:10A88000FFF788FB0446002C40F009815D4AD5F8AB
:10A89000A410936D23F440330B4393652B68590345
:10A8A0001CD5D5F88830B3F5001F00F0FA80B3F559
:10A8B000401F08D0B3F5801F40F0FA80514AD36A98
:10A8C00043F40033D362002C40F0F5804D4AD5F8B4
:10A8D0008810536D23F440130B4353652B68DA0340
:10A8E00009D52B6D002B00F0E880B3F5803F00F018
:10A8F000F280012634462B689B0007D5022105F122
:10A900002400FFF7BFFB002818BF01262B689F0318
:10A910000BD5D5F88010B1F5807F00F0F28000F201
:10A92000E280002900F0E5800126DC0206D53549E9
:10A93000686F0A6D22F0004202430A65D80007D50D
:10A940003049D5F8B8000A6922F4804202430A610E
:10A95000990206D52B49E86E0A6D22F080720243F7
:10A960000A655A0009D5274A116921F4004111618D
:10A970001169D5F8BC0001431161002B06DA2149A9
:10A98000686DCA6C22F040520243CA641B0207D5AC
:10A990001C4AD5F88C10536D23F440030B435365C8
:10A9A000301E18BF0120BDE8F081012105F124000F
:10A9B000FFF768FBDCE601263446E5E62646E3E6DB
:10A9C00023F08052B2F1804F03D0B3F1405F7FF4A7
:10A9D000EDAEA4B90B4AD5F89010536D23F0E043C7
:10A9E0000B435365E4E60021281DFFF7D3FA044624
:10A9F000EFE7022105F12400FFF744FBF7E72646C5
:10AA0000D6E600BF0044025823F48062B2F5805FAE
:10AA100003D0B3F5406F7FF4DDAEA4B93D4AD5F85D
:10AA20009C10936D23F4E0530B439365D4E600210F
:10AA3000281DFFF7AFFA0446EFE7022105F12400D5
:10AA4000FFF720FBF7E72646C6E623F40052B2F5EF
:10AA5000004F03D0B3F5C04F7FF4D0AEA4B92D4A58
:10AA6000D5F8A010936D23F460430B439365C7E6BC
:10AA70000021281DFFF78EFA0446EFE7022105F1B9
:10AA80002400FFF7FFFAF7E72646B9E6022105F1B1
:10AA90002400FFF7F7FAF5E601263446FEE62646DF
:10AAA000FCE6012105F12400FFF7ECFA04460AE771
:10AAB0000126344612E7264610E7164AD36A43F4C5
:10AAC0000033D3626CB9134A296DD36C23F48033FD
:10AAD0000B43D3640FE70221281DFFF75BFA0446FE
:10AAE000F0E7264607E721F48072B2F5007F7FF495
:10AAF0001BAF64B90748426D22F440720A434265B5
:10AB000013E70448C26A42F40032C262F1E7264603
:10AB10000BE700BF0044025808B5FFF74FF9054B9B
:10AB2000054A1B6AC3F30213D35C03F01F03D8402A
:10AB300008BD00BF00440258AE3B07084E4A70B53E
:10AB4000946A966AD36A16F47C3FC6F30531D56BD6
:10AB500000F08D8007EE901AC3F30013C5F3CC010B
:10AB600004F00304F8EEE76A4B43012CB7EE006AE9
:10AB700007EE903AFAEEE97A6BD0022C5BD0002C0B
:10AB800067D113689B0646D51168936BC1F3C10169
:10AB90003A4AC3F30803CA4007EE102AF8EEC75A30
:10ABA00085EEA67A06EE903AF8EEE66A76EEA77A99
:10ABB00077EE867A304A67EE877A936BC3F3462343
:10ABC00007EE103AB8EEC77A37EE067AC7EE876A14
:10ABD000FCEEE66AC0ED006A936BC3F3064307EE32
:10ABE000103AB8EEC77A37EE067AC7EE876AFCEEFF
:10ABF000E66AC0ED016A936BC3F3066307EE103A91
:10AC0000B8EEC77A37EE066A87EE867ABCEEC77A68
:10AC100080ED027A70BD936BDFED195AC3F3080320
:10AC200007EE103AB8EEC77A77EE277A77EE867A93
:10AC300085EEA67ABEE7936BDFED125AC3F30803E5
:10AC400007EE103AB8EEC77A77EE277A77EE867A73
:10AC5000EEE7936BDFED0C5AC3F3080307EE103AEF
:10AC6000B8EEC77A77EE277A77EE867AE0E7C0E922
:10AC700000118160CEE700BF004402580090D0036D
:10AC80000024744C20BCBE4B0024744A4E4A70B55C
:10AC9000946A966AD36A16F07C7FC6F30551556CA8
:10ACA00000F08D8007EE901AC3F30023C5F3CC01AA
:10ACB00004F00304F8EEE76A4B43012CB7EE006A98
:10ACC00007EE903AFAEEE97A6BD0022C5BD0002CBA
:10ACD00067D113689B0646D51168136CC1F3C10197
:10ACE0003A4AC3F30803CA4007EE102AF8EEC75ADF
:10ACF00085EEA67A06EE903AF8EEE66A76EEA77A48
:10AD000077EE867A304A67EE877A136CC3F3462370
:10AD100007EE103AB8EEC77A37EE067AC7EE876AC2
:10AD2000FCEEE66AC0ED006A136CC3F3064307EE5F
:10AD3000103AB8EEC77A37EE067AC7EE876AFCEEAD
:10AD4000E66AC0ED016A136CC3F3066307EE103ABE
:10AD5000B8EEC77A37EE066A87EE867ABCEEC77A17
:10AD600080ED027A70BD136CDFED195AC3F308034E
:10AD700007EE103AB8EEC77A77EE277A77EE867A42
:10AD800085EEA67ABEE7136CDFED125AC3F3080313
:10AD900007EE103AB8EEC77A77EE277A77EE867A22
:10ADA000EEE7136CDFED0C5AC3F3080307EE103A1D
:10ADB000B8EEC77A77EE277A77EE867AE0E7C0E9D1
:10ADC00000118160CEE700BF004402580090D0031C
:10ADD0000024744C20BCBE4B0024744A4E4A70B50B
:10ADE000946A966AD36A16F47C7FC6F30511556B94
:10ADF00000F08D8007EE901A03F00103C5F3CC013B
:10AE000004F00304F8EEE76A4B43012CB7EE006A46
:10AE100007EE903AFAEEE97A4DD0022C5BD0002C86
:10AE200067D113689B0664D51168136BC1F3C10128
:10AE30003A4AC3F30803CA4007EE102AF8EEC75A8D
:10AE400085EEA67A06EE903AF8EEE66A76EEA77AF6
:10AE500077EE867A304A67EE877A136BC3F3462320
:10AE600007EE103AB8EEC77A37EE067AC7EE876A71
:10AE7000FCEEE66AC0ED006A136BC3F3064307EE0F
:10AE8000103AB8EEC77A37EE067AC7EE876AFCEE5C
:10AE9000E66AC0ED016A136BC3F3066307EE103A6E
:10AEA000B8EEC77A37EE066A87EE867ABCEEC77AC6
:10AEB00080ED027A70BD136BDFED195AC3F30803FE
:10AEC00007EE103AB8EEC77A77EE277A77EE867AF1
:10AED00085EEA67ABEE7136BDFED125AC3F30803C3
:10AEE00007EE103AB8EEC77A77EE277A77EE867AD1
:10AEF000EEE7136BDFED0C5AC3F3080307EE103ACD
:10AF0000B8EEC77A77EE277A77EE867AE0E7C0E97F
:10AF100000118160CEE700BF004402580090D003CA
:10AF20000024744A20BCBE4B0024744CB0F5807FD2
:10AF30001FB531D19E4B1A6D02F00702042A4BD87F
:10AF4000DFE812F0CC003900050033010D0018686D
:10AF500010F0005037D001A8FFF798FE32E0DA6C0D
:10AF6000196802F040521B68490705D522B9C3F39E
:10AF7000C1039048D84026E0D80502D5B2F1805FE1
:10AF800053D08B4B186810F400301CD0B2F1005F26
:10AF9000894818BF002016E0B0F5007F27D1844B08
:10AFA0001A6D02F4E072802AD1D00FD8002A00F086
:10AFB0009580402A10D1186810F0006003D001A8D5
:10AFC000FFF7BCFD019805B05DF804FBC02A00F056
:10AFD000EC80B2F5807F01D00020F4E7DA6C1968CC
:10AFE00002F04052490719D5C2B91B68BFE7B0F556
:10AFF000806F1CD16E4B9A6D02F46002B2F5800F27
:10B00000A5D004D8002A69D0B2F5001FD2E7B2F566
:10B01000C00F00F0CA80B2F5000FDCE7644B19687E
:10B02000C905AFD5B2F1805FACD16448CBE7B0F5CC
:10B03000006F1CD15E4B9A6D02F0E062B2F1007FAE
:10B0400085D004D8002A49D0B2F1807FB2E7B2F1AE
:10B05000407F00F0AA80B2F1806FBDD1DA6C196830
:10B0600002F040524807DAD5002AD8D1BDE7B0F542
:10B07000805F13D14E4B1A6D02F4E042B2F5005FCF
:10B080003FF465AF03D84AB3B2F5805F92E7B2F5FB
:10B09000405F00F08A80B2F5804FDEE7B0F5002F08
:10B0A00015D1434B9A6D02F44032B2F5803F05D082
:10B0B000B2F5003FD2D0002A8ED17CE7186810F09C
:10B0C000005080D001A8FFF7E1FD03987BE7B0F5C1
:10B0D000803F16D1364BDA6CD20309D4186810F0D1
:10B0E00000703FF470AF01A8FFF778FE02986AE79E
:10B0F000186810F000603FF466AF01A8FFF71EFD6E
:10B10000E3E7B0F5804F3ED1294B9A6D02F0E04263
:10B11000B2F1405F2AD00BD8B2F1805F14D0B2F107
:10B12000005F1AD0002A7FF457AFFFF7F5FC4AE71B
:10B13000B2F1804F20D0B2F1A04F7FF44DAF18682C
:10B140001D4B10F400301BE0186810F000603FF455
:10B150003AAF01A8FFF7F2FCC8E7186810F00050FA
:10B160003FF431AF01A8FFF791FDBFE7186810F079
:10B1700004003FF428AF38E71868104B10F48070D3
:10B1800018BF18461FE7B0F5004F7FF425AF084BF6
:10B190001A6D02F04052B2F1805F9FD0B2F1005FB1
:10B1A000D2D0002A7FF418AFC9E705480BE700BFEB
:10B1B000004402580090D00340787D0100093D0012
:10B1C0000080BB000368503343F82120704770476C
:10B1D000F8B5044618B30368754A856A9342C16896
:10B1E00009D0A2F57842934205D002F580629342DD
:10B1F00001D00F2913D8E26B500901F10802D208DF
:10B2000000FB02226A4883420BD06A4EB34208D048
:10B2100006F58066B34204D0082A40F2C2800120BD
:10B22000A1E0102AFBD8B5F5800F40F0BE80834224
:10B230000AD0604A934207D002F58062934203D05D
:10B24000236BB3F5702FEAD8256B05B90D04B1EB6C
:10B25000154FE4D894F8813003F0FF0223B920465B
:10B2600084F88020FFF7B3FF0223D4F818C0616888
:10B2700084F88130BCF1806F2368A76B1A6822F0D4
:10B2800001021A6004D1B1F5800F6DD1002F70D08A
:10B29000A06AE669E26BB0F5800F46EA000646EA6E
:10B2A0000206E26846EA02064CEA010246EA0506A0
:10B2B00042EA07029E60666B42EA0602666A42EA5A
:10B2C0000602266942EA0602666942EA0602266A20
:10B2D00042EA0602E66C42EA0602A66842EA060272
:10B2E000A66C42EA0602A66D42EA0602DA6048D17E
:10B2F000226C012A1A680CBF42F4004222F4004278
:10B300001A60626C012A1A680CBF42F4804222F46F
:10B3100080421A60264A934230D0A2F57842934286
:10B320002CD002F58062934228D0B5F5702F1A68B0
:10B330000CBF42F4005222F400521A60E26A1A640E
:10B3400041B31A6D22F001021A654A0205D5DA6886
:10B35000616D22F000420A43DA6000200123C4F844
:10B36000840084F88130F8BD002991D1B7F1805F65
:10B370008ED1186840F48050186089E7B5F5F81F41
:10B38000D5E70029DDD128B99A6822F4C05242F4E9
:10B3900000629A609A6822F4C06242F480629A6005
:10B3A000CFE7B5F5800F3FF44BAF0D0452E700BF78
:10B3B00000300140003800400368002273B559692D
:10B3C0000E4C01F400410E4D0E4E586900F4C04081
:10B3D000084301D102B070BD186B0432A342019042
:10B3E000D2B2019803D0AB4201D0B34203D1102AAC
:10B3F000EBD90320EEE7082AFAE700BF003001404E
:10B4000000380040003C0040036A23F0010370B59F
:10B410000362036A4468826923F002030D6822F420
:10B42000803222F073022A438D682B431B4DA842C1
:10B430000FD005F58065A8420BD005F57055A842E0
:10B4400007D005F58065A84203D005F58065A842C0
:10B450001ED1CD6823F008032B43104DA84223F0E2
:10B4600004030FD005F58065A8420BD005F5705593
:10B47000A84207D005F58065A84203D005F5806590
:10B48000A84205D124F44075D1E9054634432C4344
:10B49000446082614A684263036270BD00000140FB
:10B4A000036A23F4807370B50362036A4268C46957
:10B4B00023F400730D6824F073042C438D6843EA71
:10B4C0000523164DA84203D005F58065A8420DD18D
:10B4D000CD6823F4006343EA0523104DA84223F40A
:10B4E00080630ED005F58065A8420AD00C4DA842B5
:10B4F00007D005F58065A84203D005F58065A84210
:10B5000006D122F44055D1E90526324345EA02121C
:10B5100042604A68C461C263036270BD00000140BA
:10B5200000400140036A23F4805330B50362036A8C
:10B530004468C26923F400530D6822F4E64242EAEB
:10B5400005228D6843EA05330E4DA8420FD005F55C
:10B550008065A8420BD005F57055A84207D005F5C7
:10B560008065A84203D005F58065A84204D124F483
:10B5700080444D6944EA85144460C2614A680264AB
:10B58000036230BD00000140036A23F4803330B50C
:10B590000362036A4468426D23F400330D6822F0AD
:10B5A00070022A438D6843EA05430F4DA8420FD02D
:10B5B00005F58065A8420BD005F57055A84207D067
:10B5C00005F58065A84203D005F58065A84204D141
:10B5D00024F480344D6944EA0524446042654A6895
:10B5E0008265036230BD00BF00000140036A23F49E
:10B5F000801330B50362036A4468426D23F400137C
:10B600000D6822F4E04242EA05228D6843EA0553C0
:10B610000E4DA8420FD005F58065A8420BD005F568
:10B620007055A84207D005F58065A84203D005F5FE
:10B630008065A84204D124F400344D6944EA85248D
:10B64000446042654A68C265036230BD0000014043
:10B6500070477047304A0368904212D0B0F1804F73
:10B660000FD0A2F57C4290420BD002F5806290424E
:10B6700007D002F58062904203D002F578429042F2
:10B6800019D14A6823F070031343234A90421DD016
:10B69000B0F1804F1AD0A2F57C42904216D002F54C
:10B6A0008062904212D002F5806290420ED002F584
:10B6B000784290420AD0194A904207D002F580623F
:10B6C000904203D002F58062904203D123F440738C
:10B6D000CA6813434A6923F08003134303608B68ED
:10B6E000C3620B6883620C4B98420FD003F58063F2
:10B6F00098420BD003F57053984207D003F580634E
:10B70000984203D003F58063984201D10B6903632B
:10B7100001234361704700BF000001400040014029
:10B7200010B5044650B390F83D3003F0FF021BB94A
:10B7300080F83C20FFF78CFF02232068211D84F84D
:10B740003D30FFF787FF0123002084F8483084F85C
:10B750003E3084F83F3084F8403084F8413084F83B
:10B76000423084F8433084F8443084F8453084F81B
:10B77000463084F8473084F83D3010BD0120FCE7A6
:10B7800010B5044650B390F83D3003F0FF021BB9EA
:10B7900080F83C20FFF75DFF02232068211D84F81C
:10B7A0003D30FFF757FF0123002084F8483084F82C
:10B7B0003E3084F83F3084F8403084F8413084F8DB
:10B7C000423084F8433084F8443084F8453084F8BB
:10B7D000463084F8473084F83D3010BD0120FCE746
:10B7E000036A23F0100370B50362036A4468826938
:10B7F00023F020030D6822F0807222F4E64242EA30
:10B8000005228D6843EA0513164DA84203D005F5BD
:10B810008065A8420DD1CD6823F0800343EA05136B
:10B82000104DA84223F040030ED005F58065A842D4
:10B830000AD00D4DA84207D005F58065A84203D077
:10B8400005F58065A84206D124F44065D1E9054696
:10B85000344345EA8404446082614A688263036237
:10B8600070BD00BF000001400040014038B590F8B5
:10B870003C300446012B78D001230C2A80F83C3060
:10B8800051D008D8042A2CD0082A3BD0C2B10020BD
:10B8900084F83C0038BD102A56D0142AF7D100682D
:10B8A000FFF7A4FE236809695A6D42F400625A65E5
:10B8B0005A6D22F480625A655A6D42EA012252E0C2
:10B8C0000068FFF7A1FD236809699A6942F0080240
:10B8D0009A619A6922F004029A619A690A439A610C
:10B8E000D5E70068FFF77CFF236809699A6942F48D
:10B8F00000629A619A6922F480629A619A6942EAC6
:10B900000122ECE70068FFF7CBFD23680969DA69DB
:10B9100042F00802DA61DA6922F00402DA61DA69D7
:10B920000A43DA61B3E70068FFF7FCFD23680969A1
:10B93000DA6942F40062DA61DA6922F48062DA617B
:10B94000DA6942EA0122ECE70068FFF71DFE23688E
:10B9500009695A6D42F008025A655A6D22F00402D4
:10B960005A655A6D0A435A6591E7022092E701F041
:10B970001F01036A10B501248A408C4023EA0403A6
:10B980000362036A1A43026210BD000010B5044648
:10B9900029B990F83E30012B31D0012010BD042987
:10B9A00007D190F83F30012BF7D1022380F83F30C8
:10B9B00028E0082907D190F84030012BEDD102236F
:10B9C00080F840301EE00C2907D190F84130012B5F
:10B9D000E3D1022380F8413014E0102907D190F818
:10B9E0004230012BD9D1022380F842300AE090F88E
:10B9F0004330012BD1D1022380F8433002E00223EF
:10BA000080F83E3001222068FFF7B1FF2368204A0A
:10BA1000934219D002F58062934215D002F570521C
:10BA2000934211D002F5806293420DD002F58062FC
:10BA3000934209D0B3F1804F0ED19968154A0A405C
:10BA4000062A21D10020A9E75A6C42F400425A6428
:10BA50000F4A9342EED1F0E70F4A9342EDD002F540
:10BA600080629342E9D002F580629342E5D002F50C
:10BA700078429342E1D0A2F56C429342DDD01A683D
:10BA800042F001021A60DDE7B2F5803FF7D1D9E755
:10BA9000000001400700010000040040FFF776BFEE
:10BAA00001F01F01036A10B504248A408C4023EA88
:10BAB00004030362036A1A43026210BD10B5044610
:10BAC00029B990F84430012B1DD0012010BD042964
:10BAD00007D190F84530012BF7D1022380F845308B
:10BAE00014E0082907D190F84630012BEDD102234C
:10BAF00080F846300AE090F84730012BE5D1022368
:10BB000080F8473002E0022380F8443004222068A5
:10BB1000FFF7C6FF23685A6C42F400425A64144A85
:10BB2000934216D0B3F1804F13D0A2F57C429342DA
:10BB30000FD002F5806293420BD002F580629342EF
:10BB400007D002F57842934203D0A2F56C429342AB
:10BB500007D19968074A0A40062A06D0B2F5803F05
:10BB600003D01A6842F001021A600020AEE700BF5D
:10BB70000000014007000100FFF7A0BF7047000070
:10BB8000F0B504460368C06987B02169A2681D68E2
:10BB90000A4361690A43A449024329400A43E16810
:10BBA0001A605A6822F440520A43A1695A609F4AB7
:10BBB00093421CBF226A11439A6822F06E4222F41B
:10BBC00030620A43616A9A60DA6A22F00F020A431D
:10BBD000DA62974A93421BD1964B5B6D03F03803B0
:10BBE000282B6CD8944AB0F5004FD35C40F002810A
:10BBF000082B00F2BF80082B61D8DFE813F0E700C4
:10BC0000EC0060006000EF00600060006000F40085
:10BC10008A4A934207D1874B5B6D03F00703052BDC
:10BC20004DD8874ADFE7874A934207D1814B5B6D46
:10BC300003F00703052B42D8834AD4E7834A934293
:10BC400007D17C4B5B6D03F00703052B37D8804A87
:10BC5000C9E7804A934207D1764B5B6D03F0070337
:10BC6000052B2CD87C4ABEE77C4A934207D1714B06
:10BC70005B6D03F03803282B21D8794AB3E7794A62
:10BC8000934207D16B4B5B6D03F00703052B16D86E
:10BC9000754AA8E7754A934207D1664B5B6D03F07E
:10BCA0000703052B0BD8724A9DE7604A934206D1E1
:10BCB00002F50E32936D03F00703052B01D9012025
:10BCC0000EE06C49CB5C102B23D011D8042B16D07E
:10BCD000082B19D0022BF2D1FEF71EFF10BB00205B
:10BCE0004FF00113A3660023C4E91C3307B0F0BD75
:10BCF000202B3DD0402BE2D14FF4004012E06846AB
:10BD0000FEF71CFF0198E9E703A8FEF7BFFF0498C0
:10BD1000E4E71368584813F0200F03D01368C3F307
:10BD2000C103D840554B626A656833F8122005EBB1
:10BD30004501B0FBF2F39942C1D8B3EB053FBED841
:10BD40000023002107F09EFD2A460F020023060271
:10BD500047EA10676808301847F1000107F092FDC4
:10BD6000474BA0F540729A42A9D82368D860B6E73D
:10BD70004448D7E7202B3BD0402B0BD0102B9ED133
:10BD80002C4B3D481A6812F0200F03D01B68C3F3F8
:10BD9000C103D840616A394B626833F81130B0FB97
:10BDA000F3F3500800EB4300B0FBF2F083B24FF620
:10BDB000EF72A3F11001914281D820F00F00C3F37C
:10BDC0004203226880B21843D06088E7FEF718F873
:10BDD000002884D0DEE7FEF725F8F9E76846FEF78D
:10BDE000ADFE0198F4E703A8FEF750FF0498EFE7D3
:10BDF0002448CFE7082B47D8082B3FF660AF01A2B5
:10BE000052F823F0D9BE0508E5BE0508BFBC0508F9
:10BE1000BFBC0508EBBE0508BFBC0508BFBC0508D4
:10BE2000BFBC0508F5BE0508F369FFCF000C00583C
:10BE30000010014000440258503B070800440040F5
:10BE4000793B070800480040793B0708004C004058
:10BE5000793B070800500040793B07080014014077
:10BE6000503B070800780040793B0708007C004001
:10BE7000793B07087F3B07080090D003863B070803
:10BE8000FFFC0F0000093D00202B38D0402B38D09C
:10BE9000102B7FF414AF1D4A136813F0200F1C4BB6
:10BEA00032D01068C0F3C10023FA00F0616A194B68
:10BEB000626833F81130B0FBF3F303EB5203B3FBCA
:10BEC000F2F39BB24FF6EF72A3F1100191423FF6ED
:10BED000F6AE2268D36002E7FDF792FF00283FF438
:10BEE000FEAEE3E7FDF79EFFF8E76846FEF726FEA5
:10BEF0000198F3E703A8FEF7C9FE0498EEE70648A9
:10BF0000D4E74FF40040D1E71846CFE70044025889
:10BF10000090D003863B070800093D00836ADA07DA
:10BF200010B506D50168C46A4A6822F4003222437B
:10BF30004A609C0706D50168046B4A6822F4803287
:10BF400022434A60590706D50168446B4A6822F4C7
:10BF5000802222434A601A0706D50168846B4A682A
:10BF600022F4004222434A60DC0606D50168C46B15
:10BF70008A6822F4805222438A60990606D50168B5
:10BF8000046C8A6822F4005222438A605A0610D553
:10BF90000168446C4A68B4F5801F22F4801242EABA
:10BFA00004024A6005D14A68846C22F4C00222432C
:10BFB0004A601B0606D50268C16C536823F400234F
:10BFC0000B43536010BD2DE9F041DDF818800446A5
:10BFD0000E4615461F462268D36936EA03030CBF96
:10BFE00001230023AB4201D000201CE0B8F1FF3F49
:10BFF000F2D002F0EDFFC01B40452068036802D874
:10C00000B8F1000F11D123F4D0730360836823F0DB
:10C01000010383602023C4F88430C4F888300023EF
:10C02000032084F88030BDE8F0815A07D3D5C36976
:10C030001B05D0D54FF400630362036823F4D0736B
:10C040000360836823F0010383602023C4F88430F5
:10C05000C4F88830C4F88C30E1E730B500250446D8
:10C0600085B0C0F88C5002F0B3FF22680346126816
:10C07000110717D422681268520709D56FF07E4263
:10C080004FF48001204600920022FFF79CFFB0B9D8
:10C0900020230020C4F8843084F88000C4F888305D
:10C0A000E0660DE06FF07E4203904FF400112046F1
:10C0B00000922A46FFF787FF039B0028DAD003206F
:10C0C00005B030BD10B5044650B3D0F884301BB96C
:10C0D00080F88030FFF752FD226824232046C4F800
:10C0E0008430136823F001031360FFF749FD012832
:10C0F00016D0A36A13B12046FFF710FF236820462D
:10C100005A6822F490425A609A6822F02A029A6091
:10C110001A6842F00102BDE810401A60FFF79DBFA7
:10C12000012010BD90F88030012B09D002681368FF
:10C1300043F002031360002380F8803018467047F4
:10C140000220704790F88030012B09D002681368F4
:10C1500023F002031360002380F8803018467047F4
:10C1600002207047024B1868C0F34040704700BF80
:10C1700000440258024B1868C0F38000704700BFAB
:10C1800000440258024B1868C0F30020704700BFFB
:10C1900000440258C0F30422030E0549934010B531
:10C1A000C4B261580B40D34040EA034010BD00BF09
:10C1B0004C440258024B1868C0F34060704700BFFF
:10C1C00000440258024B1868C0F3C060704700BFBB
:10C1D00000440258024B1868C0F34070704700BF1B
:10C1E00000440258044B054A9B6903F00F03D35CDB
:10C1F00003F01F03D8407047004402589E3B0708D5
:10C20000044B054ADB69C3F30223D35C03F01F032D
:10C21000D8407047004402589E3B0708044B054A2B
:10C220001B6AC3F30213D35C03F01F03D8407047AB
:10C23000004402589E3B070807EE900A9FED106AE3
:10C24000F8EE676A07EE901AF8EE677A86EEA77A3C
:10C2500007EE903AF8EE676A07EE902AF8EE677AF2
:10C26000E6EE867A67EE277A9DED007AB8EE477A99
:10C27000C7EE876AFCEEE67A17EE900A704700BFB9
:10C28000000000392E4A936A03F00303012B73B5B3
:10C29000054649D0022B4DD013B9FFF76BFF08B903
:10C2A000002404E01368274CC3F3C103DC400023DF
:10C2B0002348C5E90033AB60816A026BC36AC1F3EE
:10C2C000051113F0010302D0436BC3F3CC0349B350
:10C2D000C66AC2F30802F60302F1010208D5006B38
:10C2E000C0F34620013000902046FFF7A5FF2860EC
:10C2F0001348C66AB60308D5006BC0F30640013088
:10C3000000902046FFF798FF68600D48C66A7603E4
:10C3100008D5006BC0F30660013000902046FFF79F
:10C320008BFFA86002B070BDFFF72CFF0028B7D0CC
:10C33000054CBCE7FFF716FF0028B1D0034CB6E769
:10C34000004402580090D00300093D0040787D0170
:10C350001FB5104A136903F03803102B17D007D804
:10C3600053B1082B0C4818BF002005B05DF804FB42
:10C37000182B07D00020F8E713680848C3F3C1035F
:10C38000D840F2E701A8FFF77DFF0198EDE70448E8
:10C39000EBE700BF0044025800093D000090D003C5
:10C3A00040787D012E4A936A03F00303012B73B595
:10C3B000054649D0022B4DD013B9FFF7DBFE08B973
:10C3C000002404E01368274CC3F3C103DC400023BE
:10C3D0002348C5E90033AB60816A826BC36AC1F34D
:10C3E000053113F0100302D0C36BC3F3CC0349B380
:10C3F000C66AC2F30802360302F1010208D5806B57
:10C40000C0F34620013000902046FFF715FF28605A
:10C410001348C66AF60208D5806BC0F306400130A7
:10C4200000902046FFF708FF68600D48C66AB60214
:10C4300008D5806BC0F30660013000902046FFF7FE
:10C44000FBFEA86002B070BDFFF79CFE0028B7D0CD
:10C45000054CBCE7FFF786FE0028B1D0034CB6E7D9
:10C46000004402580090D00300093D0040787D014F
:10C470002F4A936A03F00303012B73B505464AD094
:10C48000022B4ED013B9FFF775FE08B9002404E063
:10C490001368284CC3F3C103DC4000232448C5E9DA
:10C4A0000033AB60816A026CC36AC1F3055113F4B7
:10C4B000807302D0436CC3F3CC0351B34CB31C481C
:10C4C000C2F30802C66A0132760208D5006CC0F3D6
:10C4D0004620013000902046FFF7AEFE2860144849
:10C4E000C66A360208D5006CC0F3064001300090E1
:10C4F0002046FFF7A1FE68600D48C66AF60108D520
:10C50000006CC0F30660013000902046FFF794FEF7
:10C51000A86002B070BDFFF735FE0028B6D0064C0B
:10C52000BBE7FFF71FFE0028B0D0044CB5E700BF03
:10C53000004402580090D00300093D0040787D017E
:10C54000114A08B5D36C03F04053B3F1805F0ED0AD
:10C55000B3F1005F11D013B9FFF70CFE08B900204A
:10C5600004E013680948C3F3C103D84008BDFFF7CE
:10C5700009FE0028F3D00648F8E7FFF7F3FD00288E
:10C58000EDD00448F2E700BF004402580090D00309
:10C5900000093D0040787D011FB5FFF7FBFD594BB9
:10C5A000984238D029D8A3F58233984271D010D858
:10C5B000A3F57C43984200F0828003F6084398423A
:10C5C00000F08D80504B98425AD0002005B05DF8A5
:10C5D00004FB4E4B984208D003F56F43F833984262
:10C5E00060D0A3F57C439842EFD1FFF7EBFD002824
:10C5F000EBD001A8FFF7D6FE49E0454B984259D051
:10C6000023D8A3F58033984279D00CD8A3F56F4393
:10C61000F83B9842D9D1FFF7DDFD0028D5D001A81D
:10C62000FFF726FF33E03B4B984203D003F6084365
:10C630009842CAD1FFF79EFD0028C6D0364B374836
:10C640001B68C3F3C103D840C0E7354B984211D0F3
:10C650000DD8A3F58033984203D003F608439842DF
:10C66000B3D1FFF78FFD0028AFD02E48AEE72E4B99
:10C670009842AAD1FFF776FD0028A6D02B48A5E75F
:10C68000FFF798FD0028A0D001A8FFF7FBFD029856
:10C690009CE7FFF797FD002897D001A8FFF782FEDF
:10C6A000019893E7FFF796FD00288ED001A8FFF7C9
:10C6B000DFFEF5E74FF04050FFF742FF86E7FFF758
:10C6C00047FE154B1A4A9B69C3F30323D35C03F05F
:10C6D0001F03D840FFF786FDFFF792FD76E7FFF7CF
:10C6E00037FE0D4B124A9B69C3F30323D35C03F05F
:10C6F0001F03D840FFF776FDFFF790FD66E70D4872
:10C7000064E700BF04100207040C00070C1C0107BB
:10C71000040C040704100307004402580090D003DF
:10C720000410050700093D000C1C050740787D0139
:10C730009E3B07080080BB000A4B013B0FD00269FB
:10C74000002AFADA0369074A43F001030361013A58
:10C7500005D0036913F00103F9D11846704703208F
:10C76000704700BF410D030084B038B505AD0446E5
:10C7700085E80E000A9B012B2FD1836B23F48033B5
:10C780008363C36823F4840323F04003C360C36856
:10C7900023F44013C360119B012B03D1C36843F4FE
:10C7A0008013C3602046FFF7C7FF089B012B10D101
:10C7B000E36D9BB2E365E36D43F07B7343F40033B9
:10C7C000E365A36843F00603A360A36843F0200376
:10C7D000A360BDE8384004B07047C36843F040032D
:10C7E000C360FFF7A9FF0E9B23B9A36B43F480330B
:10C7F000A363DAE7A36B23F48033F9E7022A4AD173
:10C80000274B284A0B44934239D9274B274A0B44DC
:10C81000934236D9A1F57403254AA3F510539342E8
:10C8200031D9A1F18373234AA3F5E74393422CD373
:10C83000214B224A0B44934229D9214B214A0B44D4
:10C84000934226D3204B214A0B44934223D3A1F198
:10C85000B7731F4AA3F5585393421ED31D4B1E4A6C
:10C860000B44934234BF07230623C26822F470525C
:10C87000C260C26842EA8323C360002070470F236E
:10C88000F3E70E23F1E70D23EFE70C23EDE70B238E
:10C89000EBE70A23E9E70923E7E70823E5E700BF19
:10C8A000405327FFFF340C00401E1BFF3F420F0088
:10C8B0007F4F120020D6130060B6E5FE5FE316003E
:10C8C00000D3CEFE40771B00C05BB3FEC0912100B9
:10C8D00020753800E05459FEE09C4100836843F025
:10C8E0000103836000207047836823F001038360A5
:10C8F0000020704708B5C368012923F0C043C36016
:10C9000008D1C36843F00053C3603220F8F7F0F950
:10C91000002008BD19B9C36843F08043F4E7012043
:10C92000F7E700008901074A41F020010161013A5F
:10C9300005D0036913F02003F9D11846704703208E
:10C94000704700BF410D03001023064A0361013AFE
:10C9500005D0036913F01003F9D11846704703207E
:10C96000704700BF410D0300D0F800381943C0F8EC
:10C97000001800207047000084B02DE9F8430446F9
:10C9800009A80E4680E80E000023139D194603F106
:10C990004002013304EB82020F2B5160F7D104F502
:10C9A0000067002D6CD17B6843F002037B60A36BB2
:10C9B00023F40013A363236843F040032360236838
:10C9C00043F0800323600023C4F8003ED4F800380D
:10C9D000C4F800380E9B012B59D10B99002954D172
:10C9E00020464FF67F38FFF7BFFF10212046FFF7A4
:10C9F00099FF01462046FFF7A7FF0843002304F5EF
:10CA00001062C0B24FF0904C19464FF0006E0038E3
:10CA10003B617B6118BF0120FB61B34239D1002229
:10CA200004F530634FF0904C4FF0006E11464FF616
:10CA30007F38B24240D13B6923F480733B610023CD
:10CA4000A3616FF0804363610C9B1BB9A36943F042
:10CA50001003A361A269224B1343A3610F9B1BB177
:10CA6000A36943F00803A361012D05D1A36943F035
:10CA7000804343F00403A361BDE8F84304B070476A
:10CA8000A36B43F40013A3639DE71946A8E70321B2
:10CA9000A6E7D2F80090B9F1000F0BDA3BB9C2F863
:10CAA00000E011610133C2F808802032B5E7C2F816
:10CAB00000C0F6E71160F4E7D3F80090B9F1000F79
:10CAC0000BDA3AB9C3F800E019610132C3F8088003
:10CAD0002033AEE7C3F800C0F6E71960F4E700BF03
:10CAE00000383C80D0F8083813F0060004D013F06A
:10CAF000020F14BF02200F20704730B50D780124BB
:10CB000000F5006205F00F0300EB45109C404B78E8
:10CB1000012BD36918D11C43D461D0F800391A0411
:10CB200010D48A68D0F80049C2F30A03CA782343B4
:10CB300043EA824343EA855343F0805343F400437E
:10CB4000C0F80039002030BD43EA0444D461D0F875
:10CB5000003B1B04F6D48B68D0F8002BC3F30A0308
:10CB60001343CA7843EA824343F0805343F40043BB
:10CB7000C0F8003BE6E7000010B50A78497800EB02
:10CB8000421300F50060012902F00F0222D1D3F810
:10CB9000001900290BDAD3F8001941F00061C3F83D
:10CBA0000019D3F8001941F08041C3F800190121A0
:10CBB000C46B01FA02F224EA0204C463C16921EAE7
:10CBC0000202C261154AD3F800190A40C3F80029CD
:10CBD000002010BDD3F8001B00290BDAD3F8001B8E
:10CBE00041F00061C3F8001BD3F8001B41F0804105
:10CBF000C3F8001B4FF48031C46B01FA02F224EA3F
:10CC00000204C463C16921EA0202C261044AD3F882
:10CC1000001B0A40C3F8002BDAE700BF007833ECB2
:10CC20000078F3EF4B78DFF8ECC0012BF0B50E780D
:10CC30004D6900EB4614364F46D104F51063BDB97B
:10CC40001D692F401F611D6945F400251D611D6987
:10CC500005EA0C05012A1D6123D10A6902B15A6156
:10CC6000D4F8003943F00443C4F800390020F0BD83
:10CC7000D3F810E00EEA0C0CC3F810C0D3F810C0C3
:10CC80000CEA07071F618F68AF421D6945F4002554
:10CC900038BF4F611D614D691F69C5F312053D43E2
:10CCA000D8E7D4F8003943F00443C4F800394B699D
:10CCB000002BDBD006F00F060123D0F83428B34058
:10CCC0001343C0F83438D1E7D4F8100B04F53063BF
:10CCD00000EA0C001861186938401861886805B1CD
:10CCE00048611D69C0F31200012A45F400251D6149
:10CCF0001D6940EA0500186102D1CA6802B15A6193
:10CD0000D4F8003B43F00443C4F8003BAEE700BF57
:10CD1000FFFF07E00000F8FF10B59DF8084044B998
:10CD2000033301329B0800EB023001EB83038B429B
:10CD300001D1002010BD51F8042B0260F7E700007C
:10CD40002DE9F3414D780F78012D4B6900EB471425
:10CD5000CE78DFF8B8C1DFF8B8E140F08E8004F596
:10CD60001065D5F810806BBB08EA0C0CC5F810C034
:10CD7000D5F810C04CF4002CC5F810C0D5F810C080
:10CD80000CEA0E0EC5F810E0012A4ED10B6903B172
:10CD90006B61012E0CD1D0F8083813F4807FD4F8E1
:10CDA00000390CBF43F0005343F08053C4F80039FE
:10CDB000D4F8003943F00443C4F80039002002B02D
:10CDC000BDE8F08108EA0E0E012EC5F810E0D5F896
:10CDD00010E00EEA0C0CD1F808E0C5F810C00EEB1C
:10CDE000030CD5F810800CF1FF3CBCFBFEFEDFF815
:10CDF00024C10CEACE4C4CEA080CC5F810C0C3F3B1
:10CE0000120CD5F810E04CEA0E0CC5F810C0BBD1DE
:10CE1000D5F810C02CF0C04CC5F810C0D5F810C023
:10CE20004CF0005CC5F810C0AEE7D4F80059012EF4
:10CE300045F00445C4F800590BD0002BBED007F0D4
:10CE40000F020127D0F8343897401F43C0F83478D8
:10CE5000B4E7D0F808589BB215F4807FD4F8005995
:10CE60000CBF45F0005545F08055C4F800590092BC
:10CE70003A46C968FFF750FFA0E7D4F8105B04F505
:10CE8000306705EA0E053D613D6905EA0C053D6127
:10CE90008D681BBB3B69C5F312051D433D613B69B2
:10CEA00043F40023012A3B6102D1CB6803B17B61CB
:10CEB000012E0CD1D0F8083813F4807FD4F8003B51
:10CEC0000CBF43F0005343F08053C4F8003BD4F848
:10CED000003B43F00443C4F8003B6FE72B44DFF80A
:10CEE00034C0D7F810E0013BB3FBF5F30CEAC34CB8
:10CEF0009BB24CEA0E0C6B43C7F810C0D7F810C0B9
:10CF0000C3F3120343EA0C03CCE700BFFFFF07E0C3
:10CF10000000F8FF0000F81F70B50023940800F52A
:10CF2000805502F00302A34214D301EB84017AB1CD
:10CF300000F5805000230468D80024FA00F0C8549B
:10CF4000013398B28242F7D1013A92B201321144D0
:10CF5000084670BD2E6841F823600133E3E74A7844
:10CF60000B78012A00EB431012D1D0F80029002AD7
:10CF700006DB2BB1D0F8003923F08043C0F800392C
:10CF8000D0F8003943F40013C0F80039002070478E
:10CF9000D0F8002B002A06DB2BB1D0F8003B23F0A1
:10CFA0008043C0F8003BD0F8003B43F40013C0F8C6
:10CFB000003BEBE70B784A7800EB4310CB78012A73
:10CFC000A3F10203DBB20FD1D0F80029012B22F428
:10CFD0000012C0F8002905D8D0F8003943F080537A
:10CFE000C0F8003900207047D0F8002B012B22F444
:10CFF0000012C0F8002BF5D8D0F8003B43F0805366
:10D00000C0F8003BEEE710B500F51063044600F5EC
:10D010002E614FF67F329A602033C3F8E8218B42AD
:10D02000F9D100222046C4F81028C4F81428C4F806
:10D030001C28FFF789FC28B920461021BDE81040C4
:10D04000FFF770BC10BDD0F80038090123F4FE636F
:10D0500001F4FE61C0F80038D0F800381943C0F878
:10D06000001800207047D0F8003E23F00303C0F8FA
:10D07000003ED0F8043823F00203C0F80438002042
:10D080007047D0F8003E23F00303C0F8003ED0F80C
:10D09000043843F00203C0F80438002070474269A6
:10D0A000806910407047D0F8183800F50060C069FA
:10D0B0001840000C7047D0F8183800F50060C069BF
:10D0C000184080B2704700EB411100F50060D1F8C4
:10D0D000082B40691040704710B5D0F81048D0F8C0
:10D0E000343800EB411001F00F0100F51060CB4027
:10D0F0008068DB01DBB22343184010BD406900F0BB
:10D1000001007047D0F8003923F4FF6323F00703D0
:10D11000C0F80039D0F8043843F48073C0F80438FC
:10D120000020704730B5056C00F530630F4CA54208
:10D1300003D9D0F8004B002C16DB002401291C6118
:10D140001C6944F400241C611C6944F018041C612F
:10D150001C6944F0C0441C6106D15A61D0F8003B00
:10D1600043F08023C0F8003B002030BD0A30544F0C
:10D170002B4BD3F8882042F47002C3F888201A6938
:10D1800042F010021A61274A136803F00F03062BBE
:10D1900005D8136823F00F0343F007031360224BF5
:10D1A0001A6842F001021A6000221A611F4A1968C7
:10D1B0000A401C491A600A68120705D50A6822F05D
:10D1C0000F0242F007020A60002219499A61DA61EF
:10D1D0001A6299621749D962174919635A639963A8
:10D1E000DA6319645A64196821F4802119601A6697
:10D1F000124A536A43F480435362114B1B681B0C61
:10D200001B04B3F1005F02D20E4B01221A600E4BD9
:10D2100043F2D2021A600D4A014B9A60704700BF78
:10D2200000ED00E000200052004402587FEDF6EAD5
:10D23000000202020000FF0180020101C00000584C
:10D240000010005C088100510040005200000408FA
:10D25000494A1369114603F03803102B30B500F02A
:10D26000878006D8002B5FD0082B00F083800A68E7
:10D270005BE0182BFBD1906A956AD16A15F47C7F2C
:10D28000C5F30513546B3BD007EE903AC4F3CC04BE
:10D2900001F0010300F00300F8EEE76A63430128A0
:10D2A000F7EE005A07EE903AFAEEE97A42D00228F9
:10D2B00050D01168314BC1F3C101126BCB40C2F3A6
:10D2C000080207EE103AB8EEC76A86EE267A06EE36
:10D2D000902AF8EEE66A76EEA77A77EEA57A264BE4
:10D2E00067EE877A1B6BC3F34623013307EE103AD0
:10D2F000F8EEC76A87EEA67AFCEEC77A17EE903A88
:10D300001D481F498269C2F303228A5CD3408269A7
:10D3100002F00F028A5C1B4902F01F0223FA02F29C
:10D320000A60194A136030BD1268C2F3C102134B80
:10D33000D340E5E7136B9FED156AC3F3080307EECF
:10D34000103AB8EEC77A77EE277A77EEA57A86EEAE
:10D35000267AC4E7136B9FED0E6AC3F3080307EE4A
:10D36000103AB8EEC77A77EE277A77EEA57AEEE72D
:10D37000084BC5E7084BC3E7004402580090D003B0
:10D38000AE3B0708580E0024540E00240024744AB3
:10D3900020BCBE4B40787D0100093D00431D052B9C
:10D3A00096BF044A044B52F82330044A10601846D2
:10D3B000704700BFC03B070802000E06A8620024A9
:10D3C00008B530B10068EDF75BFABDE80840FFF73B
:10D3D000E5BF014808BD00BF05000E061F4B204AEF
:10D3E00010B55C6B14F0330F14600AD01D4A146042
:10D3F0004FF0FF329A6301211B48BDE81040FFF750
:10D40000DFBF14F0C00F0CD05B69190506D5126898
:10D410000121144B14481A60FFF7D2FF0F4BC022B2
:10D420009A6362020AD50D4B4FF480024FF480716B
:10D430009A630E4B0E4A1B6810689847E3050BD59C
:10D44000064B4FF480724FF400619A6300229A6297
:10D45000D9621A65DA60CEE710BD00BF00700052D5
:10D46000AC620024B4620024B8620024B0620024DC
:10D47000BC6200242DE9F041D4B0202205460C46C0
:10D4800009A8002108F0ECFF4C22002111A808F0A7
:10D49000E7FFC022002124A808F0E2FF614B9B6A4D
:10D4A00003F00303022B39D05E4B01264FF0020834
:10D4B0000027D3F8E02004A95B4842F08002C3F8BB
:10D4C000E020D3F8E030069603F08003079700933E
:10D4D000009BCDE90486F9F7A9FB0A20F7F708FCC1
:10D4E000324641465048F9F787FC1620FBF746FDC7
:10D4F0004E4BFCB90294DA6A22F00102DA62DB6A6E
:10D5000003F0010302934A4B9A6942F440429A6144
:10D510009B6903F440430293029B20E0012109A888
:10D52000CDE90911FCF724FB0028BDD0002054B040
:10D53000BDE8F0810197DA6A22F00102DA62DB6A63
:10D540003B4A03F001030193936923F4404343F4FE
:10D5500080439361936903F440430193019B344AF0
:10D5600093699E04FCD52123002D4FF005024FF056
:10D570000805119314BF4FF4A0234FF48033002CFF
:10D580001C9211A812934FF001030CBFA022282275
:10D59000179302231D9200221E932093239222921E
:10D5A0002195CDE91A330A231F93FBF7ADFF0146FE
:10D5B0000028BBD103233F204FF48062CDE909034B
:10D5C0004023CDE90B15CDE90E320D93109334B302
:10D5D00009A8FCF7CDFA0028A8D14FF4802324A88D
:10D5E00024934FF440134693FCF7C4FD00289DD1CB
:10D5F000FBF742FD0B4B1A6842F080021A60D3F829
:10D60000F42042F00202C3F8F420D3F8F43003F01F
:10D6100002030393039BF7F79FFB012087E7042195
:10D62000D6E700BF00440258001C0258000400580E
:10D630000048025808B500210120FFF71BFF10B970
:10D640000148F4F767FA08BD804E0708F9F7B6BE3F
:10D65000DFF830D0FFF78CFD002103E00A4B5B5868
:10D660004350043109480A4B42189A42F6D3094AFA
:10D6700002E0002342F8043B074B9A42F9D3E2F759
:10D680002BFE704700000824647007080000002487
:10D690006818002480180024F0160124FEE700001A
:10D6A00010B5114BB0B0114CD4F88C209A42FBD17C
:10D6B000F4F7C6F8BC22002101A808F0D1FE4FF40F
:10D6C0000023684600934FF400332993FCF752FD82
:10D6D00010B10748F4F71EFAF4F7C8F84FF4407396
:10D6E000E36030B010BD00BF00030080006402584A
:10D6F000944E0708A1F1F0039BB20F2B70B50446BE
:10D7000086B00E4615D94F493046F2F7AFFE4D4967
:10D7100020603046F2F7CCFE4A4905463046F2F723
:10D720005DFE236801330FD1492247494748F3F78B
:10D730008FFF47493046F2F799FE45492060304651
:10D74000F2F7B6FE0546ECE76B1C03D14A223E49D0
:10D750004048ECE7C5F384334FF44032C5F3C0458D
:10D76000A4F8646084F86630002384F86750636529
:10D77000E360A382237784F83830C4E901230422CC
:10D7800022610122A2614FF48052C4E90833C4E946
:10D790000C23C4E90A33FFF783FF23682E4A934220
:10D7A00013D12E4BD3F8D82042F02002C3F8D82052
:10D7B000D3F8D83003F020030093009B2046F7F7FE
:10D7C000F5FB20B32648F4F7A5F9264A934210D07A
:10D7D000254A9342F2D1214BD3F8E02042F08072E7
:10D7E000C3F8E020D3F8E03003F080730293029B8B
:10D7F000E4E71A4BD3F8D82042F02002C3F8D8202F
:10D80000D3F8D83003F020030193019BD6E72268B8
:10D81000114B9A4209D1039003A9CDE90400204697
:10D82000F7F720FD08B11148CDE794F8671031B142
:10D830000F4A00212046F7F7C5FC06B070BD40F244
:10D84000FF72F7E7D83B0708E84E0708FA4E0708CB
:10D85000783E0708244F0708002002400044025881
:10D860003D4F07080021024000600258584F07084A
:10D870000000FF471FB5204B20F400629A421F4B67
:10D8800002D01F4A90421CD15B6D03F44053B3F5A4
:10D89000005F2FD006D853B1B3F5805F0CD0194884
:10D8A000F4F738F9B3F5405FF9D1174801E0FCF718
:10D8B000A7FA05B05DF804FB01A8FDF7E7F90398A6
:10D8C000F7E7124A904213D19B6D03F44073B3F50E
:10D8D000007F0FD005D843B1B3F5807FECD00C4862
:10D8E000DEE7B3F5407FE0D0F9E7FDF715F9E0E7B3
:10D8F0000848D5E70848DCE70054004000440258D7
:10D90000005800404850070800093D00001C00581E
:10D9100065500708805007080090D00370B503F0E9
:10D92000D1FE041E32DB1A4E56F8240000282DD0FA
:10D930009023184D6343EB58DA69110609D5DA696B
:10D94000120606D51B681B0603D5134B01211B6865
:10D95000984790236343EB58DA6991060BD5DA694F
:10D96000920608D51B68980605D50B4B002156F882
:10D9700024001B689847902044432B59DA6911070B
:10D9800004D5DA69120701D508221A6270BD00BFFA
:10D99000C4620024E00F0124C06200240148FFF7A4
:10D9A000BDBF00BF000C00580148FFF7B7BF00BF64
:10D9B000007C00400148FFF7B1BF00BF0078004085
:10D9C0000148FFF7ABBF00BF001401400148FFF75B
:10D9D000A5BF00BF005000400148FFF79FBF00BF38
:10D9E000004C00400148FFF799BF00BF00480040CD
:10D9F0000148FFF793BF00BF004400400148FFF714
:10DA00008DBF00BF00100140034B19604168034BFC
:10DA100043F82120704700BFC0620024C462002484
:10DA200030B5D0E900353F48834253D031D8A0F516
:10DA30003050834248D026D8A0F5006083423DD0C4
:10DA400000F5806083423CD00020034690246C4364
:10DA5000354D2C59002A46D02268002940D142F089
:10DA60002002226003F11001304A926842F821003E
:10DA7000BFF34F8F590903F01F02012393402C4A33
:10DA800042F8213030BD2B488342DDD12A4835236E
:10DA9000DCE72A4883421AD00AD8A0F5184083420E
:10DAA0001BD000F514408342CED125482523CDE775
:10DAB00024488342C8D124488E23C7E7234826231D
:10DAC000C4E723482723C1E722483423BEE722487E
:10DAD0004723BBE721485223B8E721485323B5E742
:10DAE00042F08002BDE72268A1B922F02002226044
:10DAF000226812F0800FC5D103F01F015A090123DB
:10DB000020328B400A4941F82230BFF34F8FBFF3D8
:10DB10006F8FB7E722F080022260226812F0200F98
:10DB2000E9E700BF00780040E00F012400ED00E0CD
:10DB300000E100E000500040CDD90508001401408C
:10DB4000FDD90508000C00589DD90508F1D9050834
:10DB5000E5D90508D9D90508C1D90508B5D90508F9
:10DB6000A9D90508F8B546689023174C054603FB6C
:10DB700006439A68B2F5805F15D11A69B2B940F2CE
:10DB8000FF12A3F86020902202FB0642B2F86070F8
:10DB9000284603F085FC0028FAD090237343E3580D
:10DBA000586A3840F8BD1AB91A6932B9FF22E8E755
:10DBB000B2F1805F05D11A690AB97F22E1E73F22FD
:10DBC000DFE70022DDE700BFE00F012470B5054666
:10DBD0000C464668284603F073FC0028FAD09023D0
:10DBE000034AC4F308047343D3589C6270BD00BF5A
:10DBF000E00F01242DE9F8431E4604460F46104667
:10DC00002F491546F2F732FC81462E493046F2F78D
:10DC10002DFC216880464846F2F704FC013005D10E
:10DC200040F2ED2228492948F3F712FD21684046C9
:10DC3000F2F7F8FB0130F3D02FB9E7612046BDE8D9
:10DC4000F84303F049BC012F09D0022F16D0032F4F
:10DC5000F4D1B9F1FF3F22D140F2073204E0B9F12B
:10DC6000FF3F04D140F2F72217491948DCE74FF48F
:10DC700080732584E361124928460DE0B8F1FF3F27
:10DC800004D140F2FF2210491248CDE74FF400734F
:10DC90000C4930466684E361F2F7A0FBCEE7B8F1A9
:10DCA000FF3F02D14FF44272EDE74FF44073054954
:10DCB00030462584E3616684F2F790FBDBE700BF22
:10DCC000604A0708AC4907082C5107085555070852
:10DCD0003C51070855510708124A08B5D0F88C3056
:10DCE00093421CD016D8A2F50052934206D00BD80E
:10DCF00023F48063A2F57842934208D10A48FEF7E4
:10DD00004BFC70B9094803E0094A934207D009481F
:10DD1000F3F700FF084A9342F9D10848EFE70848B3
:10DD2000EDE708BD00500140040C000788510708CA
:10DD3000003401406E510708001400580C1C000705
:10DD400004100007704770470120704701230372D9
:10DD5000704700230372704700487047AC520708B1
:10DD6000402070470368802110B504469B6D98479A
:10DD70000021236820469B6DBDE81040184710B570
:10DD8000044640F22441F4F7C1FB204610BD10B513
:10DD90000446302A084604F5787428BF302221460C
:10DDA00008F060FA204630220021BDE8104008F05B
:10DDB00057BB00211C3000F8131CFAF7E2BF4A00E1
:10DDC00002F01E0242EAD11303445A7A012A04D116
:10DDD00000221C305A72FAF7D4BF002070470000AE
:10DDE0004309012200F01F00203302FA00F0044A28
:10DDF00042F82300BFF34F8FBFF36F8F704700BF10
:10DE000000E100E010B5046E944205D24FF41572A3
:10DE100006490748F3F71CFC03689C6E13460A4644
:10DE20008021A446BDE81040604700BFB7510708F5
:10DE3000C851070808B51C30FAF750FF28B140F266
:10DE4000752202490248F3F703FC08BDB7510708E1
:10DE5000E851070808B51C30FAF740FF28B14FF425
:10DE60002B7202490248F3F7F3FB08BDB7510708CC
:10DE7000E851070808B51C30FAF7E4FE28B14FF462
:10DE8000057202490248F3F7E3FB08BDB7510708E2
:10DE9000E8510708402A00F11C0008B54FF00203C2
:10DEA00000F8133C134628BF40230A460021FAF726
:10DEB00044FF022805D14FF4127202490248F3F7D9
:10DEC000C7FB08BDB7510708F65107081C3008B555
:10DED000FAF733FF022805D140F28A2202490348AB
:10DEE000F3F7B6FB012008BDB7510708F651070844
:10DEF0001C3008B5FAF76DFF022805D14FF41F72E8
:10DF000002490348F3F7A4FB08BD00BFB751070857
:10DF1000F65107081C3008B5FAF793FF022805D11F
:10DF200040F2832202490348F3F792FB08BD00BF89
:10DF3000B7510708F651070838B54D0005F01E0522
:10DF400045EAD114022504441C306572FAF721FF1A
:10DF5000A84205D14FF4287203490448F3F778FB2F
:10DF6000B0FA80F0400938BDB7510708F6510708EC
:10DF700008B51C30FAF750FB28B14FF4F772054989
:10DF80000548F3F765FB42F21070BDE80840F4F76E
:10DF900009BC00BFB7510708E851070810B504468F
:10DFA00054F81C0FFFF76DF842F21070F4F7FAFB0B
:10DFB0002046FAF750FB28B14FF4FD72024903489E
:10DFC000F3F746FB10BD00BFB7510708E85107083B
:10DFD0000C4B10B5DB78012B0B4B186814BF652474
:10DFE0004D241C30FAF75EFB04F00D0301229A4029
:10DFF00063099B0003F1604303F56143C3F880218B
:10E000001A6010BD00F00108F4620024084B10B53E
:10E01000DB78012B14BF65204D20FFF7E1FE054B97
:10E020001B6858680368BDE81040DB6A184700BFEA
:10E0300000F00108F462002410B504461C30FAF721
:10E04000D6FA28B14FF4E57209490A48F3F700FB04
:10E05000094BDB78012B14BF65204D20FFF7C0FE74
:10E0600063680BB1F3F7E0FE0023636010BD00BFEF
:10E07000B7510708E851070800F001087C4BF0B5DC
:10E08000DB78044687B00D46012B14BF65264D266C
:10E090003046FFF7A5FE63680BB9F3F7AFFE656086
:10E0A0000025102204F109002946257208F0D8F94C
:10E0B0003022294604F1240008F0D2F90823236213
:10E0C000402323636A4BDB78012B2DD1A364694A7B
:10E0D000E5622565A562E261674DC4E90D33674BD2
:10E0E000D3F8D82042F00072C3F8D820D3F8D82053
:10E0F00002F000720192019AD3F8D82042F08062B7
:10E10000C3F8D820D3F8D82002F080620292029A95
:10E11000D3F8002142F00072C3F80021D3F80021A7
:10E1200042F08062C3F80021514BDB78032B24D1ED
:10E13000504B0122504DE3610223C4E90D32A3622A
:10E140000023E362A36423654C4BD3F8D82042F04C
:10E150000072C3F8D820D3F8D82002F000720392DE
:10E16000039AD3F8002122F08062C3F80021D3F88B
:10E17000002122F08052C3F800213D4BDB78022BB6
:10E1800019D13F4A6363A362E26101223B4BA26360
:10E19000D3F8D8203B4D42F00062C3F8D820D3F822
:10E1A000D82002F000620492049AD3F8002122F0F1
:10E1B0008052C3F80021344B0C351C6035F90C0C2F
:10E1C0000C35431C04D055F8101C02F079F8F5E723
:10E1D0002A4B04F11C07D3F8F420384642F002021F
:10E1E000C3F8F420D3F8F430C4F8204403F0020359
:10E1F0000593059B002384F8D933FAF76EF9054699
:10E2000028B14FF4C27221492148F3F721FAE0699D
:10E21000FEF764FB1F4C3846FAF7FEF940F20D2179
:10E220003846FAF77DFE54F8042BE9B2013538463A
:10E230000432C2F38F02FAF753FE062DF3D1164BC8
:10E2400006F1100215499B6843F82210BFF34F8F67
:10E25000134A1021931983F800130123710906F062
:10E260000D0603FA06F642F8216007B0F0BD00BFC4
:10E2700000F0010800000440E44D07080044025883
:10E2800000000840C04D0708F4620024B751070899
:10E29000E85107081852070800ED00E00DE00508F6
:10E2A00000E100E0036819B9986A000C800070472B
:10E2B0003F3103EB81014868F7E7000037B50C46B2
:10E2C00000F11C0521060ED504F07F0128460193BC
:10E2D000FFF7E8FF9042019B05D240F269220A490C
:10E2E0000A48F3F7B5F992B221462846FAF7BEFC80
:10E2F000022804D140F26E2203490548F1E7B0FA42
:10E3000080F0400903B030BDB75107080652070836
:10E31000F6510708D0F804341A7A4AB15A680368EB
:10E320001046D3F808181368C1F30D211B6A18476B
:10E3300070474B00D0F8040403F01E0343EAD113E6
:10E3400010B4034401245C724068036819B15B6A2D
:10E350005DF8044B18471B695DF8044B184741F002
:10E360008002D0F80404530003F01E0343F00103BD
:10E3700010B4034401245C724068036821B19B6AB5
:10E3800011465DF8044B18475B695DF8044B18476C
:10E39000D0F8043458680368DB681847D0F80434B0
:10E3A000012158680368DB691847D0F8043400215C
:10E3B00058680368DB69184770472DE9F341D0F8C6
:10E3C0000454002604462F46B046C6F3470187F89A
:10E3D0000980204602370191FAF780FC0199204616
:10E3E000FAF765FD711C87F808802046C1F34701E4
:10E3F000023641F080010191FAF770FC0199204644
:10E40000FAF755FD102EE0D12B68402280212846D6
:10E410001C6D0023A0472B68402228461C6D00235A
:10E420001946A047686803689B6802B0BDE8F041E0
:10E430001847000070B50D4E3478BFF35B8F14F0B1
:10E44000010410D13046F3F7EBFD60B1084D3046C2
:10E45000084B2C72C5E90034F3F704FE064A07495D
:10E460002846F3F7CDFD024870BD00BFF0620024DE
:10E47000F8620024385207080000002447DD050830
:10E48000436D70B59E0504460D460FD5036D980586
:10E490000CD54FF400730022012123652A4B1A6129
:10E4A0002A4B2B4A1B6852F825009847636DD90701
:10E4B0000DD5236DDA070AD501230021244A2365EF
:10E4C000214B52F825001961204B1B689847636D5A
:10E4D000DB010FD5236DDE010CD54FF080730022D8
:10E4E00002212365184B1A61184B194A1B6852F810
:10E4F00025009847636D18020FD5236D19020CD5BE
:10E500004FF400030022052123650F4B1A610F4BC6
:10E510000F4A1B6852F825009847636D9A0111D580
:10E52000236D9B010ED54FF0007300220721236558
:10E53000054B1A61054B064A1B6852F82500BDE8D9
:10E540007040184770BD00BF00A800402467002439
:10E550001C67002400210148FFF792BF00A0004083
:10E56000FFF7F8BF01210148FFF78ABF00A4004070
:10E57000FFF7F8BF034B1960D0F8A010024B43F827
:10E5800021207047246700241C67002403680E4A7A
:10E59000934210B504460FD11320F6F73DFF152026
:10E5A000F6F73AFF3F20F6F737FFD4F8A020074BE5
:10E5B000002143F8221010BD054A9342FBD11420DC
:10E5C000F6F72AFF1620EBE700A000401C670024A6
:10E5D00000A400400E490F4BD1F88C209A42FBD189
:10E5E0000D4BD3F8942042F48072C3F89420D3F8F2
:10E5F000942022F48072C3F894204FF44072CA60D1
:10E60000D3F8EC2022F48072C3F8EC20704700BFEE
:10E610000064025800030080004402582DE9F041D4
:10E6200088B01C4607460E46154600212022684643
:10E63000DDF8388007F014FF8CB902220123CDE900
:10E640000048CDE9022369463846CDE90465F8F76C
:10E6500005FAB0FA80F0400908B0BDE8F081012C5D
:10E6600007D14FF08043CDE900380223CDE90234D1
:10E67000E9E70020F0E7000037B50546F8F700F8B5
:10E68000044610B11448F3F745FA03460246014622
:10E6900000902846FFF7C2FF08B91048F3E70123AE
:10E6A0002246214628460094FFF7B8FF0028F4D000
:10E6B00002222346284600941146F8F70BFA08B1C7
:10E6C0000748E0E72846F8F71FFA08B10548DAE7F7
:10E6D000012003B030BD00BFF05207080653070801
:10E6E000185307083C5307080B68F0B516465A1C28
:10E6F000B5B004460D4604D145224A494A48F2F7CE
:10E70000A7FF4A4AD2F8EC1041F48071C2F8EC102D
:10E71000D2F8EC2002F480720092009A444A9342AC
:10E7200014D10023C4F8A0304FF40043414F0493A8
:10E730004FF080532093404BD7F88C209A42FBD166
:10E7400004A8FBF717FD48B13C4805E03C4A93425A
:10E7500001D10123E6E73B48F3F7DCF94FF44073BE
:10E76000A968B5F90400FB6001F0AAFD2969B5F9B3
:10E770000C0001F0A5FDB5F90400012101F058FEDF
:10E780000121B5F90C0001F053FE2B6801A8012509
:10E790002360FCF723FB029B40F20121B3FBF6F25E
:10E7A000954239D8B2FBF5F3B3F5807F34D807EE44
:10E7B000903AB6EE086B65615A1EB8EEE77B012011
:10E7C00040230021208227EE067BA0746163C4E908
:10E7D0000900C4E90B00FCEEC77B0820C4E9021164
:10E7E00017EE905AC4ED077A521B2262A261802272
:10E7F000C4E90E2304230322C4E91003C4E912135D
:10E800002046A366C4E91413C4E91621C4E91821FB
:10E81000FFF732FF35B0F0BD01358D42C0D10A4857
:10E820009AE700BF705307087A530708004402585C
:10E8300000A000400064025800030080B1530708A4
:10E8400000A4004098530708D25307082DE9F04769
:10E850000D46DFF85CA088B0144606465146DFF846
:10E86000549028460193F1F701FE07464946204699
:10E87000F1F7FCFD01463846F1F7D4FD51468046DC
:10E880002846F1F709FE494607462046F1F704FEFF
:10E89000019A079003A93046CDF80C80ADF81050CE
:10E8A0000597ADF81840FFF71FFF08B0BDE8F087E7
:10E8B000A83E0708083F0708014BFFF7C7BF00BF86
:10E8C000A086010008B5052931D8DFE801F003373B
:10E8D000313030340121002A33D04FF6FF72F8F77F
:10E8E0002DF9194A19499368C3F88C10BFF34F8F5B
:10E8F000174B4FF40021196016489168C1F8940035
:10E90000BFF34F8F4FF40011196013489168C1F89D
:10E910009000BFF34F8F4FF4801119600F49926838
:10E92000C2F89810BFF34F8F4FF480021A6008BDF1
:10E930004FF08071CFE74FF40001CCE74FF4007146
:10E94000C9E7F8F739F9CCE700ED00E055E505082F
:10E9500000E100E061E5050865E5050871E50508E9
:10E9600000B5564B8DB00A2800F2A480DFE800F015
:10E9700006162432404E5C6A78869400D3F8E02074
:10E980004F4842F00102C3F8E020D3F8E03003F032
:10E9900001030193019B0DB05DF804FBD3F8E02067
:10E9A000484842F00202C3F8E020D3F8E03003F018
:10E9B00002030293029BEEE7D3F8E020424842F0C4
:10E9C0000402C3F8E020D3F8E03003F0040303931B
:10E9D000039BE0E7D3F8E0203C4842F00802C3F88C
:10E9E000E020D3F8E03003F008030493049BD2E75F
:10E9F000D3F8E020364842F01002C3F8E020D3F804
:10EA0000E03003F010030593059BC4E7D3F8E02042
:10EA1000304842F02002C3F8E020D3F8E03003F0A1
:10EA200020030693069BB6E7D3F8E0202A4842F07D
:10EA30004002C3F8E020D3F8E03003F0400307932E
:10EA4000079BA8E7D3F8E020244842F08002C3F8EF
:10EA5000E020D3F8E03003F080030893089B9AE7A6
:10EA6000D3F8E0201E4842F48072C3F8E020D3F8C7
:10EA7000E03003F480730993099B8CE7D3F8E0201E
:10EA8000184842F40072C3F8E020D3F8E03003F4F1
:10EA900000730A930A9B7EE7D3F8E020124842F401
:10EAA0008062C3F8E020D3F8E03003F480630B9376
:10EAB0000B9B70E70D48F3F72DF800BF0044025898
:10EAC000000002580004025800080258000C0258C6
:10EAD000001002580014025800180258001C025876
:10EAE0000020025800240258002802580E5407083B
:10EAF000431C10B5044604D1772206490648F2F7B4
:10EB0000A7FD4FF4707104F00F0401F0D9FB012050
:10EB1000A04010BD4C540708575407084B1C70B553
:10EB200004460E46018216D0C1F30310FFF718FF0A
:10EB300005463046FFF7DCFF238A074A03F00F0340
:10EB40006561206052F82330A36105F11003183588
:10EB50006360C4E9025570BDA8560708B0F91000FB
:10EB600001F066BC10B50C4B0C4CD4F894209A42C2
:10EB7000FBD1D0E90542524302EB4203DB4339B9F2
:10EB80002268134023604FF44072044B5A6110BD59
:10EB900021680B401343F5E700030080006402582E
:10EBA000234B4C2202FB00322DE9F0419446002415
:10EBB00001274FF0B04507FA04F3DCF80060334258
:10EBC0002ED0536BD5F8886007FA03F31E4227D086
:10EBD000D2F81CE0C5F8883056680EB36A6833EA8C
:10EBE000020203D12A6833EA020215D14FF0B04283
:10EBF000116833EA010103D1526833EA02020DD1F0
:10EC0000DEF810201A4214BF01210221094B3046C0
:10EC10001B68BDE8F04118470221F7E70121F5E73D
:10EC200001340432A142C6D101460348F2F772FF13
:10EC300028670024406900246A5407080621084612
:10EC4000FFF7AEBF05210846FFF7AABF0121042048
:10EC5000FFF7A6BF01210320FFF7A2BF0121022079
:10EC6000FFF79EBF01210846FFF79ABF0121002050
:10EC7000FFF796BF012910B515D183894FF0B04435
:10EC800003F00F039940836832B1226843F0010317
:10EC900011432160836010BD226823F0010322EA42
:10ECA00001012160F6E70229F5D181894FF0B044D6
:10ECB00001F00F030121994083682AB1626843F093
:10ECC000020311436160E5E7626823F0020322EA70
:10ECD00001016160DEE700008389B0F90C2003F0D8
:10ECE0000C01C2F3031201F1B04170B503F00F053E
:10ECF00003F003030F26D1F808449B009E4002FA5C
:10ED000003F34FF0B04224EA06042343C1F8083469
:10ED10000123D2F88010AB401943C2F880108468F8
:10ED2000E10702D5116819431160A20704D54FF01D
:10ED3000B04251680B435360B0F90030002B08DB40
:10ED40000122590903F01F0302FA03F3014A42F8B2
:10ED5000213070BD00E100E02DE9F74F99464B1CD2
:10ED600006460D46904676D0F2F76AFD3B4B3C498D
:10ED700005F00F0BD3F8F420C5F303100F8842F011
:10ED8000020247FA0BFAC3F8F4200C22D3F8F4304D
:10ED90001AF0010A03F002030193019B314B02FBBD
:10EDA0000B32546802D03048F2F7B4FE012202FA66
:10EDB0000BF23A430A80062C4BD8DFE804F0043EFD
:10EDC000404244464800294FFFF7CAFD0C21B58157
:10EDD0004FF0000C01FB0BF1224B4C25C6F808C08C
:10EDE0005A1853F801C0654321490123B2F908209C
:10EDF000746003FA0CFE4B593280103243EA0E0362
:10EE00004B51132303FB04C401EB8403C3F80490A8
:10EE1000D861C3F834B0174BC3F80080164B9B6819
:10EE200043F82270BFF34F8F3046FFF755FFF2F7DC
:10EE30001DFD504603B0BDE8F08F104FC4E7104FE2
:10EE4000C2E7104FC0E7104FBEE7104FBCE7104FAE
:10EE5000BAE71048A8E78A46EBE700BF004402582B
:10EE60003C690024884F0708935407086DEC050897
:10EE7000286700244069002400ED00E065EC0508E7
:10EE80005DEC050855EC05084DEC050845EC05085A
:10EE90003DEC0508BC54070882890C23284902F080
:10EEA0000F025343F0B5CC18CF584FF0B0430121B7
:10EEB000666801FA02F21C6801FA07F524EA020406
:10EEC0001C605C6824EA02045C60D3F8804024EA99
:10EED00002021C4CC3F88020132202FB067204EBD2
:10EEE0008202526B9140D3F888200A4201D0C3F8C5
:10EEF00088104C237343E358AB431FD1B0F9003063
:10EF0000002B0DDB5A09012103F01F03203201FA07
:10EF100003F30D4941F82230BFF34F8FBFF36F8FDA
:10EF2000B0F90030002B09DB5A09012103F01F035F
:10EF3000603201FA03F3044941F82230F0BD00BF0A
:10EF4000884F07082867002400E100E0F8B505466F
:10EF5000F2F776FCAB8928466C6803F00F020C23AD
:10EF60005343154AD758FFF797FF4C20134A012106
:10EF7000604301FA07F3165826EA0306132303FB3E
:10EF800004731650002002EB830460609C1D0C3358
:10EF900002EB840402EB8303094A60605860AB898A
:10EFA00003F00F039940138823EA0101BDE8F840FC
:10EFB0001180F2F75BBC00BF884F07082867002468
:10EFC0003C69002408B503F035FA002008BD0000B4
:10EFD00010B5F2F735FC134B1348144A596A1468FC
:10EFE000038811601B1B0B440146B3F5803F16D309
:10EFF0004FF47A71B3FBF1F201FB1233038006E0A8
:10F000000132A3F57A73B3F57A7FF9D20B80084CFD
:10F0100023681A442260F2F729FC206810BD002200
:10F02000F1E700BF000C0040446900244869002457
:10F030004C690024054B07B5D8680190F8F738FCF7
:10F04000019803B05DF804EBF9F725B95473002477
:10F05000054B07B598680190F8F72AFC019803B0B2
:10F060005DF804EBF9F717B954730024054B07B5A5
:10F0700058680190F8F71CFC019803B05DF804EBA8
:10F08000F9F709B954730024054B07B518680190C6
:10F09000F8F70EFC019803B05DF804EBF9F7FBB844
:10F0A0005473002490F86030022B03D090F8603045
:10F0B000032B0DD14268536823F0FF7323F4803390
:10F0C000536041F201139169490601D4013BFAD121
:10F0D0007047000070B5B0F95C30254C03F11006A4
:10F0E000B0F95E20A56845F82610BFF34F8FA568DC
:10F0F00002F1100645F82610BFF34F8F90F8681004
:10F10000002914BF10212021002B19DB03F16040DE
:10F1100000F5614080F80013002A17DB02F160401F
:10F12000002B00F5614080F8001315DA0123510926
:10F1300002F01F0203FA02F20E4B43F8212070BDC9
:10F1400003F00F00043804442176E5E702F00F04D1
:10F150000948002B0155F2DB580903F01F01012378
:10F160008B40044941F82030002ADFDAE7E700BF8E
:10F1700000ED00E000E100E014ED00E010B5B0F9B2
:10F180005E40B0F95C00F6F747F92046BDE8104054
:10F19000F6F742B990F85030011D032B0ED8DFE886
:10F1A00003F00207090B0648064A42F8231070478D
:10F1B0000548F9E70548F7E70548F5E70020F3E7D4
:10F1C00089F00508547300246DF0050851F0050816
:10F1D00035F005082C4A416D12680368B2FBF1F165
:10F1E000142243604A439969090401D5013AFAD1CE
:10F1F0002648274AD0F88C109142FBD1254A9342E9
:10F2000011D1254BD3F8902042F40012C3F890207E
:10F21000D3F8902022F40012C3F890201B4B4FF437
:10F220004072DA6070471D4A934214D002F5806242
:10F2300093421CD01A4A9342F0D1174BD3F89C202A
:10F2400042F08002C3F89C20D3F89C2022F0800278
:10F25000C3F89C20E2E7104BD3F8902042F48002E0
:10F26000C3F89020D3F8902022F48002D4E70A4B10
:10F27000D3F8902042F40002C3F89020D3F89020F5
:10F2800022F40002C8E700BF540E002400640258B4
:10F290000003008000540040004402580058004021
:10F2A000001C005813B590F85C300446072B25D19C
:10F2B000D0F88C3090F874208BB1002A9BB214BF28
:10F2C0004FF0007200220092D0F88820B0F8701041
:10F2D000F8F7AAF9062384F85C3002B010BD90F864
:10F2E0005D3043F0080380F85D302AB990F85D3056
:10F2F0005B0701D40123EEE70023ECE790F85D30D3
:10F3000043F0080380F85D30E7E790F85C30062BA7
:10F3100009D190F874306BB990F85D305B0709D46F
:10F32000012380F85C3090F85D3043F0080380F8EA
:10F330005D3070470023F4E738B5051D0446C26010
:10F340002846F8F7CEF82046FFF724FF014620466E
:10F35000FFF7C0FE2846BDE83840F8F779BA034603
:10F36000043021B1022283F86820F8F771BA83F8DB
:10F370006810F8F781BA012902D180F8651070474A
:10F3800011B9012380F866307047002380F865309A
:10F39000704710B490F864200346022A19D1B0F8DF
:10F3A0006E20013292B2A0F86E20B0F86E10B0F864
:10F3B0006C2089B292B291420BD2B0F86E404FF0FD
:10F3C0008073816E012211FA84F15DF8044BF8F725
:10F3D000DFB9002283F866205DF8044B704790F88F
:10F3E0006430022B02D1002380F86630F8F730BA7F
:10F3F00090F86A3090F86920002B0CBF002303239B
:10F40000002A0CBF184601207047000070B5054661
:10F410001446043095F86830022B07D194B20023CB
:10F42000E966A5F870400124A5F872304FF08073AA
:10F43000A2B2F8F7ADF910B10024204670BD0E4B12
:10F440001E686B6DB6FBF3F604FB06631E265E4377
:10F4500095F86A302BB1013EEED00120F3F7A2F906
:10F46000F6E7002EE8D095F86830022BE5D1B5F824
:10F470007240A4B2E1E700BF540E002470B54FF013
:10F48000807306461446043092B2F8F71FF910B1A3
:10F490000024204670BD0A4B1D68736DB5FBF3F563
:10F4A00004FB05531E255D4396F869302BB1013DE1
:10F4B000EED00120F3F776F9F6E7002DE9D1E7E782
:10F4C000540E002410B5044650F80429136823F0A4
:10F4D000FE031360FFF752FE022384F85D3010BD77
:10F4E0002DE9F04F444C8DB0444A4FF0000C04EB32
:10F4F0005003434D4FF0FF3BB3FBF0F02C23594337
:10F500005318525804EB5201B1FBF2FA59689A6A47
:10F51000CDF804A04243B4FBF1F107919968B4FB24
:10F52000F1F1089137490968059102EB4001C2F1F8
:10F53000FF22323102F57F020291CE320B92059A00
:10F54000624503D158460DB0BDE8F08F99694FF080
:10F55000000E2A68049102FB0002029911440E4633
:10F5600003910299AAEB0101891A0A910499CDF835
:10F5700024E00EF1010EB14235D20B993144B0EBCB
:10F58000910F30D20A9F4FF00008D3E908410C4494
:10F59000A1190091009C0399A7EB04092144089F3D
:10F5A000CDF8188008F101088F4216D8079F8F42C6
:10F5B00013D3009C0F1BDC69BC420ED8B8420CD29E
:10F5C000B1EB0A07019C48BF4F46A74205D2099CF0
:10F5D000E34601972C61069CEC60B8F5807F1144EE
:10F5E000A9EB0209DBD1BEF5807F1644BED10CF138
:10F5F000010C1435A3E700BF00CA9A3B74550708F5
:10F600005069002450730024304B2C2203EB50032C
:10F61000B3FBF0F02E4B02FB01312DE9F04F4A6AAB
:10F6200085B08B6A4FF01008CC684FF0140A0E6A50
:10F63000033314440A694343DFF89C90323C921B25
:10F64000E41AA2F582720344D31A4A690146B21839
:10F6500023EAE37B1F4B029224EAE47201921A68C8
:10F6600000239E468C460025029C03950135644587
:10F670001ED800242746019EA64215D8A34513D3C1
:10F68000984511D00AFB02F80132039E09EB080EDF
:10F690007F2A49F80830CEE9016702D90D4B1A607C
:10F6A00010E098464FF0010E01370C44102FE2D1C4
:10F6B000102D8C44D8D101330144102BD2D1BEF18E
:10F6C000000FEBD105B0BDE8F08F00BF00CA9A3B38
:10F6D00074550708507300245069002413B5214B5A
:10F6E00000241C6010B9002002B010BD0029FAD01F
:10F6F000A1F59C3349F64042803B93420ED9A1F5D7
:10F700009C23194AA3F50073934228D9A1F54321FC
:10F71000164BA1F5A0619942E5D80224214601903B
:10F72000FFF772FF21460198FFF7DAFE7F28DAD84B
:10F7300014230F4958430A180B58107C40EA0370F1
:10F7400053681B0503F47003184393681B0403F408
:10F7500070231843D3681B029BB21843C4E70124EB
:10F76000DCE700BF5073002400710200801A06001D
:10F770005069002470B50C4616461D46FEF77AF80F
:10F780000CB1AE4217D00F4B98420ED10E4B9D429A
:10F7900010D00E4B9D4210D00D4B9D420FD040F625
:10F7A0009C020C490C48F1F753FF2946BDE8704014
:10F7B000FFF794BF094C204670BD094CFBE7094C8C
:10F7C000F9E700BF000E2707801A060040420F002D
:10F7D000A0860100005507080A5507083414C12007
:10F7E0003615C3007656E140414B426D1B68B3FBB2
:10F7F000F2F2142370B5534304460D46061D4268C9
:10F800009169090401D5013BFAD13A4B9D421BD1C4
:10F810002268394B9A4202D10120F8F79DFD2268F7
:10F82000364B9A4202D10220F8F796FD2268344BFB
:10F830009A4202D10420F8F78FFD2268314B9A4298
:10F8400002D10820F8F788FD2F49304BD1F88C20E1
:10F850009A42FBD12368284A934205D12C4A536D22
:10F8600023F44053536509E0244A9342F6D002F54D
:10F8700080629342F2D0234A934216D0224B4FF437
:10F88000407200213046DA60F8F740FD214B9D427E
:10F8900011D0214B9D420ED0164B9D420BD040F211
:10F8A000D5221E491E48F1F7D3FE194A936D23F461
:10F8B00040739365E2E72B46626EA1682068FFF70C
:10F8C00059FFA06020B940F2DE2214491548EAE74A
:10F8D0000023012230466566E360C4E90423C4E9DD
:10F8E0000833C4E90633F7F7FCFD656570BD00BF5A
:10F8F000540E002440420F000054004000580040C5
:10F90000005C0040001C00580064025800030080A6
:10F9100000440258A0860100801A0600005507081E
:10F920000A5507083E5507081FB5002304464366DD
:10F93000836079B18B88A0F858308B89A0F85A3051
:10F940000B680360013305D14FF4DA72444945482E
:10F95000F1F77EFE2368444A934212D1002384F8D3
:10F960005030424BD3F8E82042F40012C3F8E820AC
:10F97000D3F8E83003F400130093009B3C4BE3659D
:10F9800009E03C4A934234D002F58062934242D06F
:10F99000394A934251D03949B4F95800F0F71EFD65
:10F9A0003749B4F95A00F0F719FD0421B4F95800A9
:10F9B00000F03EFD0421B4F95A0000F039FD636DFA
:10F9C0000BB9304B63652046FFF704FC616D2046A0
:10F9D000FFF70AFF636D6366002384F8693084F8DB
:10F9E000683084F86A3084F8613084F8603004B09C
:10F9F00010BD012384F850301C4BD3F8E82042F4AA
:10FA00008002C3F8E820D3F8E83003F480030193C0
:10FA1000019B1D4BB3E7022384F85030134BD3F8FE
:10FA2000E82042F40002C3F8E820D3F8E83003F4F9
:10FA300000030293029B154BA1E7032384F8503087
:10FA40000A4BD3F8F42042F08002C3F8F420D3F834
:10FA5000F43003F080030393039B0D4B8FE700BF4B
:10FA60000055070857550708005400400044025845
:10FA70001F00200000580040001C0058F83F0708F5
:10FA80005C3F0708A08601002100220048004900D1
:10FA90005F0060002DE9F0470D46DFF864A086B0F6
:10FAA000144606465146DFF85C902846F0F7DEFC27
:10FAB000074649462046F0F7D9FC01463846F0F79C
:10FAC000B1FC514680462846F0F7E6FC4946074619
:10FAD0002046F0F7E1FC9C22059000213046CDF84D
:10FAE0000480ADF808500397ADF8104006F0B8FC5C
:10FAF00001A93046FFF718FF06B0BDE8F08700BF48
:10FB0000F83F07085C3F07082DE9FF471D4690F8BE
:10FB1000603004460F46032B0C9E00F1040903924B
:10FB200053D8FFF7BFFA4FF00008002E80F861802D
:10FB300014BF4FF42A4A4FF0AA0AFFF72BFB0146E5
:10FB40002046FFF7C7FA039AABB24846B9B2CDF8E0
:10FB500000A0F7F769FD98BB052384F860301C4BC3
:10FB60001F68636DB7FBF3F705FB07731E275F4341
:10FB700094F8613013F01E0F01D1013F16D12046D9
:10FB8000FFF7FCFA1FB194F86130082B12D0002166
:10FB9000204694F861304FF0FF35FFF7C5FE002393
:10FBA00084F86030284604B0BDE8F0870120F2F701
:10FBB000F9FDDDE7B6FA86F35B0984F86030F1E71A
:10FBC0006FF0010584F86080ECE76FF00205E9E76B
:10FBD000540E00242DE9FF471D4690F8603004467E
:10FBE0000F46032B0C9E00F10409039253D8FFF734
:10FBF00059FA4FF00008002E80F8618014BF4FF4CE
:10FC00002A4A4FF0AA0AFFF7C5FA01462046FFF735
:10FC100061FA039AABB24846B9B2CDF800A0F7F743
:10FC2000B1FC98BB052384F860301C4B1F68636DE2
:10FC3000B7FBF3F705FB07731E275F4394F86130AA
:10FC400013F01E0F01D1013F16D12046FFF796FA9F
:10FC50001FB194F86130082B12D00021204694F88F
:10FC600061304FF0FF35FFF75FFE002384F860300E
:10FC7000284604B0BDE8F0870120F2F793FDDDE7E8
:10FC8000B6FA86F35B0984F86030F1E76FF001059E
:10FC900084F86080ECE76FF00205E9E7540E002479
:10FCA00073B590F86460044606B18668636C626C54
:10FCB00013F0040318BF1423042ADDB206D1002375
:10FCC00084F85C3084F85D5002B070BD201F0021C4
:10FCD0000190FFF729FE01983EB10223324684F8D5
:10FCE000643000231946FFF727FB45F0020384F830
:10FCF0005D30E9E7044B054A1878054B002814BF2E
:10FD000010461846704700BF5C0E0024485607088E
:10FD100050560708024BD869DA698242FBD1704716
:10FD2000002C005808B5F1F78BFD084B01221A7022
:10FD30000022074B1A704FF48052064BC3F8102173
:10FD40001A61BDE80840F1F791BD00BF6D73002452
:10FD50007473002400E100E010B5F1F771FD134B5E
:10FD60001A7842B9124A126811680907FCD50821AD
:10FD7000516001221A700F4C23781BB1F2F754F82E
:10FD80000023237000230C4A13700C4A13704FF4A5
:10FD900080520B4BC3F89020BFF34F8FBFF36F8F90
:10FDA000BDE81040C3F89021F1F760BD6E730024E8
:10FDB0001016012476730024747300246D730024DC
:10FDC00000E100E05D4B70B51C68C4B01CB1FFF7EA
:10FDD000C3FF44B070BD0125C022214614A8584E6F
:10FDE0001D6006F03DFB4C22214601A806F038FBC1
:10FDF000337833B304230A940193052303938023B8
:10FE000014934FF4C0433C934E494F4BD1F88C2090
:10FE10009A42FBD101A8F9F777FBD8B10023082259
:10FE200001A833700A9380230192012214934FF4A6
:10FE3000004306923C93F9F767FB58B14348F1F74A
:10FE400069FE08220A9380230695019214934FF4C9
:10FE50000043D8E714A8FAF78DF9054608B13C48E5
:10FE6000EDE73C4B4FF4803134203B4CD3F8F42089
:10FE70004FF6FF7642F40062C3F8F420D3F8F42082
:10FE800002F400620092009AD3F89C2042F40062CF
:10FE9000C3F89C20D3F89C2022F40062C3F89C2075
:10FEA000D3F8A82042F40062C3F8A8200122F4F796
:10FEB0005BFF2A464FF480313420F4F77EFF214B5C
:10FEC0004FF440722046DA60A3F50E3384F83650C2
:10FED00023604FF48023E5612563C4E90155C4E93B
:10FEE0000355C4E90855C4E90A55C4E90563F8F7A0
:10FEF00065FA054608B11948A1E7194B194A9B68EC
:10FF0000C3F87022BFF34F8F2368314620469A68AA
:10FF100042F001029A609A6842F008029A60F8F78B
:10FF2000B3FA236808225A605D611A681207FCD58B
:10FF300008225A6001220C4B1A704AE768730024A9
:10FF40005C0E00240064025800030080F855070886
:10FF500011560708004402581016012432560708AB
:10FF600000ED00E07D0006086E73002408B5FFF781
:10FF7000F3FE0023034A1360034A1370BDE80840F0
:10FF8000FFF720BF687300245C0E002408B5F1F76A
:10FF900057FC064B01221B685A604FF48052044BF9
:10FFA000C3F89021BDE80840F1F760BC10160124A9
:10FFB00000E100E070B50446F1F742FCFFF7AAFE4D
:10FFC000264B05461C60264A4FF480511161254E90
:10FFD00018463178F1B9611F4FF6F5729142224906
:10FFE0000FD94FF6FA7295420BD906340122A4B20A
:10FFF0000A701C601D4B01221A70BDE87040F1F7B9
:020000040806EC
:1000000035BC00220A700368AB42194B28BF01229D
:100010001A70EFE7FFF7BAFF00235A19013392B2C3
:10002000A24204BF0534A4B2052BF6D1114BAC4259
:100030001B6811D24FF6FA7295420DD84FF0FF327D
:100040005A6100230C4C33702378002BD5D1F1F783
:10005000D5FE01232370D0E75C61F2E770730024C2
:1000600000E100E06E7300247573002474730024B3
:100070006C730024101601247673002470B5F1F718
:10008000DFFB2C4B2C4C1A7832B100221A70012263
:1000900023685A60F0F798F923681A68D50706D5DF
:1000A0009A68D00703D501225A60F0F78DF92368CA
:1000B0001A68110724D59A68120721D508221F4C07
:1000C0005A6001221E4B1A7023781BB1F1F7ACFE67
:1000D000002323701B4C237893B11B4D1B492B78B5
:1000E00003F0FF06B3B1FFF715FE06300B6880B2D0
:1000F000984209D3FFF716FE00232B7000232370CC
:10010000BDE87040F1F7B2BB0868063880B2FFF76F
:1001100051FFF1E70E4D2B7843B1FFF7FBFD0B6864
:10012000984203D3FFF7FEFD2E70E7E70868FFF75C
:1001300041FFE3E76D730024101601247673002459
:100140006E7300247473002475730024707300248C
:100150006C730024FFF700BE70470000384B5A69EB
:1001600073B5910315D45A6912F4003211D1BFF35B
:100170004F8FBFF36F8FC3F85022BFF34F8FBFF382
:100180006F8F5A6942F400325A61BFF34F8FBFF349
:100190006F8F2B4B5A69D20327D45A6912F48032DD
:1001A00023D1C3F88420BFF34F8FD3F8802043F6C8
:1001B000E074C2F3C900C2F34E32520102EA0406EF
:1001C000014646EA81750139C3F86052F9D2203AF6
:1001D00012F1200FF2D1BFF34F8F5A6942F48032EF
:1001E0005A61BFF34F8FBFF36F8F164CD4F8E030D6
:1001F00043F00073C4F8E030D4F8E03003F000734B
:100200000193019BFDF724F8F4F744FD236F9B074E
:1002100007D4F8F79DFEF4F77DFD236F23F0180354
:1002200023671620F8F7AAFEFDF704FAFDF710F889
:10023000FFF792FF044B01221A6002B070BD00BFAD
:1002400000ED00E0004402587873002452B101F040
:100250000301064B0329596805D0000503D521EA9F
:1002600002025A6070470A43FBE700BF00040058CF
:1002700030B5114B114DD5F894409C42FBD1494308
:10028000012A01EB41034FEA41046FEA030304D062
:10029000022A0BD0C1680B400BE0C268134019431F
:1002A000C160064B4FF440725A6130BDC1680B40CB
:1002B0002343C360F5E700BF0003008000640258D9
:1002C0002DE9F843461C05460C4600F090801FFAC5
:1002D00080F9514A40F40061B2F90030581C29D12C
:1002E00000264E4B09F00F02C5F3031053F822709D
:1002F000FEF736FB4A494B4BD1F894209A42FBD18A
:10030000C4F3831107FB07F20F2902EB42036FEAE4
:10031000030C24D181680B434FF4407E04F00701A5
:1003200083603F4BC3F814E003296FD8DFE801F086
:100330003A3A1C3A43F400638B420ED104F00303B3
:100340005668032BCDD119F4006FCAD0324621462E
:100350002846BDE8F843FFF779BF0832BCE7836859
:1003600051430CEA0303D6E7DFF8B8E0D3F89480F2
:10037000F045FBD119F0080FC4F3832839D03B0AAC
:10038000D0F824E05B435B43C3EB031903FB08F3A2
:100390002EEA090E4EEA03034362214B4FF4407EDE
:1003A000C3F814E0DFF878801E4BD8F894E09E453F
:1003B000FBD103684A4301390CEA030C01294CEADA
:1003C0000202026005D8436822074CBF3B43BB438F
:1003D0004360C4F301123946FFF74AFF3246214613
:1003E0002846FFF733FF0E4B4FF440725A61BDE8C9
:1003F000F88302FB02F9036AC9EB091E23EA0E0E19
:1004000009FB08F34EEA03030362C6E7D522064957
:100410000648F1F71DF900BF80560708A8560708DF
:1004200000640258000300807556070855550708F8
:1004300038B5431C0C4629D000F00F021D4BC0F309
:10044000031053F82250FEF78BFA1B491B4BD1F8CF
:1004500094209A42FBD105FB05F2016802EB4203AE
:100460000B40B3FBF2F3013B012B19D8E31E022B27
:1004700043680CD82B43032C436019D10122294631
:10048000FFF7F6FE0C4B4FF440725A6138BD23EA79
:100490000503012C4360F1D0022C07D00022EEE7C7
:1004A00004F0FD03012BE9D0052CF5D10222E6E78B
:1004B000052CF2E7A85607080064025800030080E4
:1004C00038B50C4B05460C461B695B040FD4F9F795
:1004D00075FC094B0722B0FBF3F36343AA604FF6A8
:1004E000DF729B089A4294BFEA60EB6038BDF9F76F
:1004F0009FFAEEE70044025840420F004B7D2BB1BB
:10050000082807D8044B33F8100070470C2801D88E
:10051000024BF8E7002070473E570708505707087E
:1005200040F2C331B0F90400FFF7CABEF0B54A4B40
:10053000B6EE005B076889B0064606EE901A9F4249
:10054000D0ED037A28D1F5EEC06AB7EE007AF1EE6D
:1005500010FA1ED9F4EE476A9FED407AF1EE10FAD8
:1005600067FE266AB8EE677A3D493E4B022209785B
:1005700027EE267A3C48B7EEC77A37EE057BFCEECD
:10058000C77BC6ED047AC3ED007AF6F731FE09B0F9
:10059000F0BDF0EE476AE5E7F5EEC06A334B1F6049
:1005A000F1EE10FA36D4B7EE007AF4EE476AF1EEC7
:1005B00010FA77FE266AB8EE677A6023327D0193DF
:1005C00027EE267AB368B7EEC77A37EE057BFCEEE6
:1005D000C77B17EE904AC6ED047AB4FBF3F4002310
:1005E0000294039304930793CDE90533531E032B21
:1005F000CDD86FF00305314605EB82052846FFF79D
:100600007DFF3B6A30EA030307D17DB1042D0FD192
:10061000BC63BCE7DFED116ACDE72A4601A91348A8
:10062000FBF724F970B11248F1F774FA7C63AEE776
:10063000082D01D1FC63AAE70C2D01D13C64A6E78B
:10064000FC65A4E7737D2946084813B1FBF794FACB
:100650009DE7FBF723FA9AE70074014000000000D1
:10066000A4740024B07400247C7300245874002403
:10067000E8560708C36823B3D0ED047AF8EE676A3A
:1006800007EE903AB8EE677AC6EE877A0268114BA9
:100690009A42B7EE007A09D1F5EEC07AF1EE10FA7F
:1006A00012D9F4EEC77AF1EE10FA10DAF4EE477AC6
:1006B000B7EE007AF1EE10FA77FE277A17EE900A7D
:1006C0007047DFED057AE1E7F0EE477AF6E7DFED18
:1006D000027AF3E700740140000000002DE9F047C2
:1006E000544B0E4601688AB0044699421BD1FFF76D
:1006F000C1FF314605462046FFF7E2FE4E4A082379
:100700004E48D360E3681360A3689360002353608E
:100710004B4B1978F6F726FC29462046FFF706FFD3
:100720000AB0BDE8F0870023464D01932960FFF72A
:10073000A1FF41F211130A6A82461A4208D10A6ADD
:1007400040F244431A4203D10B6823F001030B60CB
:1007500002A801A9F9F7F4FB206800223A4BD1B2B4
:10076000013253F831708742F9D110B93748F1F7A7
:10077000D1F903EBC1031B79002B39D1F9F740FB09
:10078000DDF81CE0019001230199A36001FA03F058
:100790002F4BB0FBF3F0B1FBF3F1BEF1000F2DD105
:1007A0004A1E06F1FF3C4FF000094FF6FE786A60E2
:1007B0006346C5F80CC0B3F5803F21D2B2F5803F47
:1007C0001ED2B9F1000F01D06A60EB6000231D4812
:1007D0002B61AB60FAF7D4FF20BB51462046E660A0
:1007E000FFF7A4FE2A68136843F00103136097E73C
:1007F000F9F718FBDDF820E00190C4E7421ED0E7CE
:10080000A3685B00A360BEF1000F0DD101FB03F2F2
:10081000013ABCFBF3F3434509D8B2F5803F06D358
:100820006A60EB600B48A2E700FB03F2F0E74FF0D1
:100830000109C0E700740140BC7400247C730024EB
:10084000A47400245874002498500708FF56070821
:1008500040420F00E85607082DE9F0430E46B1B0BC
:100860000546C6493046EFF717FE421C074611D130
:10087000C3493046EFF7FAFDC14904463046EFF769
:100880000BFE07467B1C2C600AD16E22BD49BE4878
:10089000F0F7DEFEB9493046EFF7E8FD0446F1E730
:1008A000BA4BC7F38431C7F3C0429C4229756A75BD
:1008B00040F01681B64B16F0F00FD3F8F00040F080
:1008C0000050C3F8F000D3F8F00000F000500090A2
:1008D0000098C6F3031040F09E80D3F8E00040F08B
:1008E0000100C3F8E000D3F8E03003F00103019306
:1008F000019B4FF00209DFF8B8820123304619FB53
:10090000012288F800101131002402F00F0203FACE
:1009100001F103FA02F2C8F808103946C8F80420B9
:10092000FFF7CEFC30460021FFF782FD44F2506114
:100930002846984EFFF7C4FDD5ED037AB6EE006B5E
:10094000924BB8EE677A3046B4601027B7EEC77A9C
:10095000C6E9003437EE067BBCEEC77B85ED047A32
:10096000F6F7A8FA8C4A082398F800103046D360AE
:100970004FF6DF7313600723C2E90143F6F7F2FA7B
:100980004FF000631BAA98F8001030461C94269480
:100990002F941B94CDE924344FF00053CDE920442B
:1009A0002793CDE92244CDE92844CDE92A44CDE975
:1009B0002D44F6F708FB794B4A4698F8001030466C
:1009C0001C60C3E90144F6F713FC042398F80010F7
:1009D0003046D8F80420CDF84C901A94CDE9147321
:1009E00013ABCDE91644CDE91844F6F7A1FCD8F8CD
:1009F00004103046F6F7B7FC50B9D8F80810304666
:100A0000F6F7C7FC20B944F250612846FFF766FEAE
:100A100031B0BDE8F08301280CD1D3F8E00040F0FC
:100A20000200C3F8E000D3F8E03003F002030293C1
:100A3000029B5EE702280CD1D3F8E00040F00400EE
:100A4000C3F8E000D3F8E03003F004030393039B02
:100A50004FE703280CD1D3F8E00040F00800C3F8BA
:100A6000E000D3F8E03003F008030493049B40E770
:100A700004280CD1D3F8E00040F01000C3F8E000E7
:100A8000D3F8E03003F010030593059B31E7052808
:100A90000CD1D3F8E00040F02000C3F8E000D3F818
:100AA000E03003F020030693069B22E70628D3F8E4
:100AB000E0000AD140F04000C3F8E000D3F8E03095
:100AC00003F040030793079B13E740F08000C3F84F
:100AD000E000D3F8E03003F080030893089B08E7B8
:100AE0002F4B9C4266D12A4BD3F8F02042F00102F2
:100AF000C3F8F020D3F8F03003F001030993099B09
:100B0000284B9C4266D1224BD3F8E82042F00402E5
:100B1000C3F8E820D3F8E83003F004030C930C9BEF
:100B2000214B9C4266D11A4BD3F8E82042F0400298
:100B3000C3F8E820D3F8E83003F040030F930F9B8D
:100B40001A4B9C4266D1124BD3F8F02042F480320B
:100B5000C3F8F020D3F8F03003F480331293129BE3
:100B600039463046FFF7ACFB002344F62061AE80E7
:100B7000C5E903330123AB6047E700BF9440070892
:100B80009C44070831570708244F070800740140A8
:100B9000004402587C730024BC740024B074002408
:100BA00000000140000800400018004000400140E3
:100BB000A4740024B4F1804F3DD1414BD3F8E82018
:100BC00042F00102C3F8E820D3F8E83003F0010353
:100BD0000A930A9B3B4B9C423ED1394BD3F8E82009
:100BE00042F00802C3F8E820D3F8E83003F0080325
:100BF0000D930D9B344B9C423FD1314BD3F8E820F1
:100C000042F08002C3F8E820D3F8E83003F0800314
:100C10001093109B2D4B9C4240D1294BD3F8F020D0
:100C200042F40032C3F8F020D3F8F03003F400337C
:100C30001393139B94E7264B9C427FF461AF204BA8
:100C4000D3F8E82042F00202C3F8E820D3F8E830F5
:100C500003F002030B930B9B1E4B9C427FF460AF8F
:100C6000174BD3F8F02042F00202C3F8F020D3F87B
:100C7000F03003F002030E930E9B174B9C427FF45F
:100C80005FAF0F4BD3F8E82042F48072C3F8E8203E
:100C9000D3F8E83003F480731193119B0F4B9C42FF
:100CA0007FF45EAF064BD3F8F02042F48022C3F805
:100CB000F020D3F8F03003F480231B931B9B4FE705
:100CC00000440258000C0040001C00400044014059
:100CD00000040040000401400020004000480140A2
:100CE000F8B5037890F801C0012B057F0279077BE6
:100CF000866844792ED0022B2FD0002B30D14FF4B0
:100D000080738B610023C1F800C04D614B63C1E962
:100D10000B333FB3CB61CB60037C012B45D0022B5F
:100D200048D0002B4BD14FF480430B620123027E4D
:100D3000002A47D000230B620B61437F012B6AD04E
:100D4000022B6BD0002B6CD14FF0807300204B62D4
:100D50008862F8BD4FF40073D3E74FF44073D0E7D7
:100D60000023CEE7012A4E600BD0022A0CD072B9C4
:100D70004FF48063CB61032C09D8DFE804F00B0D3E
:100D800010134FF40063F5E74FF44063F2E7274890
:100D9000F0F7C0FE0023BEE74FF48053BBE74FF4EB
:100DA0000053B8E74FF44053B5E74FF400430B62EC
:100DB0000223BCE74FF440430B620423B7E7002350
:100DC0000B62B4E77BB3427CB2FBF3F403FB142465
:100DD00014F0FF0F27D1561EF610741C042C22DCD1
:100DE000C2EBC40212F0FF0210D0B2FBF3F39D423B
:100DF00019D3EB1A4B61436903FA02F28A60032E9E
:100E000007D82404A4F580340C6196E743698B600D
:100E1000F5E70748BCE74FF0007397E74FF04073E2
:100E200094E7002392E74FF0FF3092E76A570708F4
:100E30009357070810B50446F8F759FA00283DD132
:100E40002049214BD1F88C209A42FBD11F4BB4F999
:100E50005000DA6F42F48042DA67DA6F22F480429F
:100E6000DA674FF44072CA6040F2C331D3F8D4203D
:100E700022F48042C3F8D420FFF722FA40F2C331B3
:100E8000B4F95200FFF71CFA40F2C331B4F9540030
:100E9000FFF716FA40F2C331B4F95600FFF710FA23
:100EA00040F2C331B4F95800FFF70AFAB4F95A0016
:100EB00040F2C331FFF704FA002010BD4FF0FF30BD
:100EC000FBE700BF006402580003008000440258A2
:100ED00070B50D460646F8F771FFB0FBF5F4FF2C30
:100EE00010DCF8F76BFFB0FBF5F101FB150505B958
:100EF000013C30467460F8F7ABF9003818BF0120A8
:100F0000404270BDFF24F4E72DE9F04F2DED068B34
:100F100087B01D460F461646199B04467D49384644
:100F20000AEE903A9DF86830BDF958A00293BDF9D9
:100F30005CB0BDF96080EFF799FA774903903046CD
:100F4000EFF794FA754901902846EFF78FFA744944
:100F500008EE100A5046EFF789FA724908EE900A37
:100F60005846EFF783FA704909EE100A4046EFF74A
:100F70007DFA019A039B814611461846EFF752FA13
:100F800018EE901A019018EE100AEFF74BFA494646
:100F9000039019EE100AEFF745FA019B1A46039BDE
:100FA0009A4240F0B080824240F0AD8059493846C4
:100FB000EFF772FA584903903046EFF76DFA574948
:100FC00008EE100A2846EFF767FA554908EE900A2E
:100FD0005046EFF761FA534909EE100A5846EFF709
:100FE0005BFA514909EE900A4046EFF755FA4F4A2D
:100FF0000AEE100A039BD2F8D4104D4841F4804108
:10100000C2F8D410D2F8D41001F4804105910599AA
:101010004849D0F88CC08C45FBD1D16F4FF0000906
:1010200041F48041D167D16F21F48041D1674FF401
:1010300040720121C26000223846A4F8507084F842
:101040004120E26084F840204FF0004292FAA2F280
:10105000B2FA82F2013A22614FF480626261029A2E
:10106000B2EB090218BF0122A261019AC4E9011181
:1010700022601946C4E90799FFF722F94946384624
:10108000FFF7D6F918EE101A3046A4F85260FFF7B1
:1010900017F949463046FFF7CBF918EE901A284663
:1010A000A4F85450FFF70CF949462846FFF7C0F959
:1010B00019EE101A5046A4F856A0FFF701F9494658
:1010C0005046FFF7B5F919EE901A5846A4F858B0F3
:1010D000FFF7F6F849465846FFF7AAF91AEE101A34
:1010E0004046A4F85A80FFF7EBF849464046FFF720
:1010F0009FF91AEE901A204607B0BDEC068BBDE8AA
:10110000F04FFFF7E5BE6FF0010007B0BDEC068BB6
:10111000BDE8F08F204507085045070880450708BF
:10112000A4450708D4450708F845070800440258B5
:10113000006402580003008070B58EB00446084673
:10114000154669461E46FFF7CBFD90B9336841F25C
:101150008832694620460A93F8F7DAF858B941F21E
:10116000883229462046F8F716F9003818BF0120C2
:1011700040420EB070BD4FF0FF30FAE770B58EB050
:1011800004460846154669461E46FFF7A9FD90B974
:10119000336841F28832694620460A93F8F7B8F876
:1011A00058B941F2883229462046F8F74DF90038FF
:1011B00018BF012040420EB070BD4FF0FF30FAE77B
:1011C0002DE9F0418EB005460E46DDE9147802B1F6
:1011D000E3B917B1B8F1000F16D169463046FFF7F1
:1011E0007FFD044660B9012341F288326946CDE9AA
:1011F00009032846F8F78CF8002818BF4FF0FF3491
:1012000020460EB0BDE8F08172B16BB1009331465B
:101210006B462846FFF790FF04460028F0D1002FC8
:10122000EED0B8F1000FEBD06B463A463146284677
:10123000CDF80080FFF7A2FF0446E1E7C069C0F3E4
:10124000801070470FB4074B1B6807B5064905AA05
:10125000D86801920AF090FD03B05DF804EB04B089
:10126000704700BF680E0024AA57070810B58049D0
:101270000446804BD1F88C209A42FBD123687E4AE9
:10128000934257D17D4AD2F8981041F01001C2F82C
:101290009810D2F8981021F01001C2F89810D2F8E6
:1012A000F01021F01001C2F8F010754A934240F09E
:1012B0008980724BD3F8982042F02002C3F898201E
:1012C000D3F8982022F02002C3F89820D3F8F02019
:1012D00022F02002C3F8F020654B4FF4407240F238
:1012E000C331B4F91800DA60FEF7EAFF40F2C33107
:1012F000B4F91A00FEF7E4FFE36923F40073B3F5D1
:10130000807F05D140F2C331B4F92000FEF7D8FF49
:10131000E36923F48073B3F5007F05D140F2C33154
:10132000B4F92200FEF7CCFF62680021554B43F868
:10133000221010BD544A93421DD002F580629342A0
:101340002DD0524A934252D0514A9342ADD14B4B89
:10135000D3F8902042F48012C3F89020D3F8902064
:1013600022F48012C3F89020D3F8E82022F48012EF
:10137000C3F8E820B0E7414AD2F8901041F40031B8
:10138000C2F89010D2F8901021F40031C2F89010F9
:10139000D2F8E81021F40031C2F8E81085E7374AA6
:1013A000D2F8901041F48021C2F89010D2F8901039
:1013B00021F48021C2F89010D2F8E81021F48021A5
:1013C000C2F8E810334A934224D12C4BD3F8902032
:1013D00042F08042C3F89020D3F8902022F080425F
:1013E000C3F89020D3F8E82022F08042C0E7234AD7
:1013F000D2F8901041F40021C2F89010D2F8901069
:1014000021F40021C2F89010D2F8E81021F4002154
:10141000C2F8E810204A934217D0204A93427FF442
:101420005BAF164BD3F89C2042F00802C3F89C2017
:10143000D3F89C2022F00802C3F89C20D3F8F420B3
:1014400022F00802C3F8F42046E70C4BD3F89020B2
:1014500042F00042C3F89020D3F8902022F00042DE
:10146000C3F89020D3F8E82022F0004280E700BFC4
:10147000006402580003008000100140004402583C
:1014800000140140C462002400440040004C0040AD
:101490000050004000780040007C0040000C0058E4
:1014A000426890235343054AD358DA69120701D59D
:1014B00008221A62D869C0F340107047E00F012477
:1014C000426890235343034AD358D869C0F3C010ED
:1014D000704700BFE00F012438B5426890230168CF
:1014E0005343204A99509C1882686260B2F5965F17
:1014F000C36838BF0725A3600369E36043692361BC
:10150000C369A3614FF0000328BF1D46A4F85630FD
:10151000E361A4F85430A4F85E30A4F85C30236290
:101520006366C4E90953B0F91A3001330FD10823B7
:1015300063610D4B994205D1B2F5165F20460DD877
:10154000FAF7F0FD2046BDE83840FAF7BBBDB0F928
:10155000183001330CBF04230C23E9E7FAF7F2FD3E
:10156000F0E700BFE00F0124000C00580268334B85
:101570009A4270B50446C4B00D46816054D1BC2275
:10158000002115A8042604F06BFFB5F5165F14962C
:101590000BDD012314A83993F8F7ECFD2046FFF783
:1015A0009BFF002832D144B070BD254B196F11F05C
:1015B000020113D1482202A804F052FF0123019630
:1015C00003930A931F4E204BD6F88C209A42FBD1EE
:1015D00001A8F7F799FF4FF44073F360184B1B6FA6
:1015E0009B07D6D5174E184BD6F88C209A42FBD1C4
:1015F000052314A83993F8F7BDFD4FF44073204636
:10160000F360FFF769FF0028C3D1CCE700230D4E3C
:1016100039930D4BD6F88C209A42FBD114A8F8F7D9
:10162000A9FD4FF44073F3602046FFF755FF0028F3
:10163000B9D029460548FFF705FEB4E7000C00586D
:10164000004402580064025800030080AA570708AB
:10165000012A10B50ED0022A24D0002409294461A1
:1016600026D010DC072910D008290CD17AB14FF40C
:1016700080520CE04FF4C06208294261F7D009297A
:1016800018D0072902D00D4815E072B10022022BB4
:10169000C2600CBF4FF400530023BDE8104003614B
:1016A000FFF71ABF4FF48062E6E74FF08052EEE793
:1016B000002ADCD00248F0F72DFA00BF03580708D3
:1016C000D45707081A4B984222D0A3F54C439842AE
:1016D00020D003F5806398421ED003F580639842C2
:1016E0001CD003F5806398421AD003F54443984216
:1016F00018D0A3F51C43984216D003F58063984296
:1017000014D00C4B984214BF4FF0FF3008207047A4
:101710000020704701207047022070470320704767
:101720000420704705207047062070470720704747
:1017300000100140000C00582DE9F0470F461646F6
:101740008AB0824904463846EEF790FE82468049C8
:101750003046EEF78BFE01465046EEF763FE7B49BE
:1017600005463846EEF798FE794981463046EEF751
:1017700093FE092F80460AD00A2E08D0734909200B
:10178000EEF774FE50450CD17248F0F7C3F94FF0F4
:10179000010A691C256007D13E226F496F48EFF7A7
:1017A00057FF4FF0000AF4E76D4B9D4236D16D4B69
:1017B000D3F8F02042F01002C3F8F020D3F8F03054
:1017C00003F010030193019B674B9D4236D1654B9B
:1017D000D3F8E82042F40022C3F8E820D3F8E83038
:1017E00003F400230493049B604B9D4236D15D4B70
:1017F000D3F8E82042F08042C3F8E820D3F8E8307C
:1018000003F080430793079B2846FFF75BFF002800
:10181000606066DA9D2250495548C0E7554B9D42AD
:101820002DD1504BD3F8E82042F40032C3F8E82021
:10183000D3F8E83003F400330293029B4E4B9D42F1
:101840002DD1484BD3F8E82042F48012C3F8E820A9
:10185000D3F8E83003F480130593059B474B9D4272
:101860002DD1404BD3F8E82042F00042C3F8E820E5
:10187000D3F8E83003F000430893089BC4E7404BDB
:101880009D42A1D1374BD3F8E82042F48022C3F81F
:10189000E820D3F8E83003F480230393039B394B0B
:1018A0009D42A1D12F4BD3F8F02042F02002C3F883
:1018B000F020D3F8F03003F020030693069B324B60
:1018C0009D42A1D103F50E33D3F8F42042F0080273
:1018D000C3F8F420D3F8F43003F008030993099B0C
:1018E00092E749463846FEF7EBFC01213846FEF701
:1018F0009FFD41463046FEF7E3FC30460121FEF7EE
:1019000097FD00234FF4E1322046E361278366838D
:10191000C4E90223C4E90433FFF7DEFDBAF1000F86
:1019200010D01A4B012204F120051A60184B2068D0
:10193000083454F8041C1A46AC4203C21346F6D1CC
:10194000206810600AB0BDE8F08700BF704C07083F
:10195000144B0708315807088358070890580708A0
:101960000010014000440258004C00400078004044
:10197000AC5807080044004000500040007C004084
:101980000048004000140140000C0058CC740024B2
:10199000481601242A4808B5036813F0010304D04F
:1019A000FFF74CFCB0FA80F35B0926480268D107C8
:1019B00004D5FFF743FC002808BF01232248026832
:1019C000D20704D5FFF73AFC002808BF01231F48BF
:1019D0000268D10704D5FFF731FC002808BF0123B6
:1019E0001B480268D20704D5FFF728FC002808BF6F
:1019F000012318480268D10704D5FFF71FFC00280F
:101A000008BF012314480268D20704D5FFF716FC6B
:101A1000002808BF012311480268D10704D5FFF749
:101A20000DFC002808BF01230D480268D20704D529
:101A3000FFF704FC002808BF0123184608BD00BFBB
:101A4000001001400044004000480040004C0040AD
:101A5000005000400014014000780040007C00402D
:101A6000000C005808B5EFF7EBFE064B0121186893
:101A700010F0010018BF0846F7F772FABDE80840F9
:101A8000EFF7F4BE0048025870B594B0FFF782FF3C
:101A90000446002875D1EFF7D3FE3B4D00F076FDEC
:101AA000012102222E680846F7F7A4FA01212246F6
:101AB0000846F7F79FFAF60703D52B6843F00103B2
:101AC0002B600023314D32492B60324BD1F89020EE
:101AD0009A42FBD12C4B1A6994063CD55B69980657
:101AE00039D52B4E2B4BD6F88C209A42FBD14C2269
:101AF000002101A804F0B4FC01A8F8F7A5F902231D
:101B0000012101A801931023CDE9041300230A93B6
:101B1000F7F7FAFC044610B11F48EFF7FBFF014648
:101B20002022009001A804F09BFC694601A8F8F768
:101B300007FA1B23009901A80193079402940494C7
:101B40000694F8F715F808B11448E6E7FBF772FDBC
:101B50004FF44073F3600C4A136943F4007313614C
:101B60004FF440720A4B1A610D4B596A5A6A521A65
:101B7000B2F5FA7FFAD300F021FD01232B60EFF7D5
:101B800075FE14B070BD00BF004802587873002481
:101B90000064025800030080BE580708E358070895
:101BA000000C0040F8B5C468069F033C1C2C03D809
:101BB000544D2D57002D05DA40F23E42524953480C
:101BC000EFF746FDD0F88C404FF0010C26680CFA78
:101BD00005FC26F001062660002A32D0266846F46D
:101BE00000662660E66846F4C026E66042FA05F61E
:101BF000D4F804E04FEA1E4E4FEA0E4E46EA0E06B7
:101C00006660266846F001062660266846F400767F
:101C1000266000269642D0F88C4043DB6169C904F7
:101C2000FCD5216821F001012160A16941F0080182
:101C3000A161A16941F01001A1616168090C090469
:101C400061606FB3D0F88C1047FA05F60C6824F485
:101C500000640C60CC6844F4C024CC604C68240C54
:101C6000240434434C600C6844F001040C600C689C
:101C700044F400740C600024BC42D0F88C102CDBBF
:101C80000B6823F001030B608B6943F008038B6141
:101C90008B6943F010038B614B681B0C1B044B607A
:101CA000D019F8BDD4F814E01EF0020FFAD0012DBF
:101CB00001EB060E05D131F806E0A4F820E06644F9
:101CC000A8E7022D04D1DEF800E0C4F820E0F6E732
:101CD00011F806E084F820E0F1E74E69F607FCD53C
:101CE000012D03EB040603D1096B19536444C3E7C8
:101CF000022D02D1096B3160F8E791F830101955C7
:101D0000F4E700BF275A070828590708365907087B
:101D10000FB407B505AB06480193064B1B68D9689D
:101D200003F0CAF903B05DF804EB04B0704700BFDC
:101D300044590708680E00240268136823F0010361
:101D400010B513600446F9F743FA10B10948EFF7EC
:101D5000E1FE2046F9F730FBD4F88C20936943F07C
:101D600040039361A36823B92268136843F0010319
:101D7000136010BD7D5907082DE9F0410F46144648
:101D800011498046EEF772FB104905463846EEF7DA
:101D90006DFB0F4906462046EEF768FB0137044607
:101DA00005D101462846BDE8F041EEF73BBBB8F14E
:101DB000FF3F02D101463046F5E731462846EEF7AF
:101DC00031FB2146EFE700BFF44607082846070825
:101DD000E44707082DE9F04F0F4615461E46044616
:101DE0002D4938462DED028BB9B0BDF91081EEF7C3
:101DF0003DFB2A4981462846EEF738FB28490190E9
:101E00003046EEF733FB274982464046EEF72EFB7D
:101E1000019B834648461946EEF704FB8146594626
:101E20005046EEF7FFFA01464846EEF7FBFA1A492C
:101E300081463846EEF730FB184983462846EEF7D0
:101E40002BFB174982463046EEF726FB154908EE74
:101E5000900A4046EEF720FBB9F1FF3F08EE100A6A
:101E6000C4F88C9004D1C6220F491048EFF7F0FB5C
:101E7000C022002108A804F0F3FA0D4A914537D199
:101E80004FF4805308A8089300232093F8F772F9C1
:101E900090B10848EFF73EFEF446070828460708C9
:101EA000E4470708C848070828590708935907084E
:101EB00000300140AE590708B04BD3F8982042F4E7
:101EC0008052C3F89820D3F8982022F48052C3F8A7
:101ED0009820D3F8F02042F48052C3F8F020D3F8D1
:101EE000F03003F480530293029B2323A4F888303C
:101EF000D4F88C20A24B9A4225D14FF4805308A8E5
:101F0000089300232093F8F735F90028C1D19B4BA3
:101F1000D3F8902042F48042C3F89020D3F8902068
:101F200022F48042C3F89020D3F8E82042F48042A3
:101F3000C3F8E820D3F8E83003F480430393039B0D
:101F40002423A4F88830D4F88C208E4B9A4225D1D3
:101F50004FF4805308A8089300232093F8F70AF958
:101F6000002896D1854BD3F8902042F40042C3F864
:101F70009020D3F8902022F40042C3F89020D3F8A8
:101F8000E82042F40042C3F8E820D3F8E83003F434
:101F900000430493049B3323A4F88830D4F88C20A6
:101FA000794B9A4226D14FF4005308A80893002396
:101FB0002193F8F7DFF800287FF46BAF6F4BD3F86D
:101FC000982042F40052C3F89820D3F8982022F4C5
:101FD0000052C3F89820D3F8F02042F40052C3F81E
:101FE000F020D3F8F03003F400530593059B5423FD
:101FF000A4F88830D4F88C20644B9A4226D14FF450
:10200000005308A8089300232193F8F7B3F8002899
:102010007FF43FAF594BD3F8982042F48012C3F8B5
:102020009820D3F8982022F48012C3F89820D3F88F
:10203000F02042F48012C3F8F020D3F8F03003F41B
:1020400080130693069B5523A4F88830D4F88C207F
:102050004F4B9A4226D14FF4804308A8089300239F
:102060003493F8F787F800287FF413AF434BD3F885
:102070009C2042F02002C3F89C20D3F89C2022F040
:102080002002C3F89C20D3F8F42042F02002C3F8C9
:10209000F420D3F8F43003F020030793079B562372
:1020A000A4F8883059463846FEF70AF90221384626
:1020B000FEF7BEF951462846FEF702F900212846F0
:1020C000FEF7B6F918EE901A3046FEF7F9F800213F
:1020D0003046FEF7ADF9B8F1FF3FA4F89050A4F8F0
:1020E0009270A4F89460A4F8968042D018EE101A6A
:1020F0004046FEF7E5F800214046FEF799F94FF01B
:102100000053A3614FF0804363630135D4F88C30F2
:102110004FF0020108BF4FF4C022B4F994002360CD
:102120004FF4800363604FF0E043E3614FF000033E
:1021300018BF1A46A362A363A2600722A365E260E8
:10214000C4E90B234FF00042C4E90433C4E9083367
:102150006265C4E90F33C4E91133C4E91333FEF7F0
:1021600067F92046FFF7E8FD39B0BDEC028BBDE80A
:10217000F08F4FF08063A3610023C5E7004402584D
:1021800000380040003C0040003401400050014055
:102190000014005838B50446081F1C2894BF01F1EC
:1021A000FF310721012AE16032D0022A35D0002A0E
:1021B00038D122616261A269B2F1806F05D0002B33
:1021C00014BF00224FF00052A2619BB1A36800250A
:1021D000B3F5C02F656003D11448FFF799FDA560E2
:1021E0000021B4F99200FEF723F90221B4F990001E
:1021F000FEF71EF92369B4F99400002B0CBF0221ED
:102200000121FEF715F92046BDE83840FFF794BDDF
:10221000002222614FF08072CCE74FF00072226101
:102220000022C7E74FF00072F3E700BF44590708E8
:1022300038B504460D46FBF74FFD002200EBD07386
:102240005B10AB42D1B203DD0132082A09D107216C
:10225000064B204653F82130E361BDE83840FFF7D4
:102260006BBD03EBD3735B10EBE700BF445A070869
:102270001FB5836802460391B3F5C02F0BD100232D
:10228000012203A90093FFF78DFC013818BF01203C
:1022900005B05DF804FBC368033B1C2B03D8194948
:1022A000C856002805DA40F2A94217491748EFF747
:1022B000CFF9D2F88C100B6843F400730B604B69B4
:1022C0009B07FCD50128039B0BD19BB20B84D2F852
:1022D0008C305A69D207FCD501280AD1186B80B21C
:1022E000D6E7022801D10B62F1E7DBB281F820309A
:1022F000EDE7022801D1186BCAE793F83000C0B2AD
:10230000C6E700BF275A07082859070836590708A3
:102310002DE9F04F9B46C368164685B0033B8046C7
:1023200089460E9F1C2B96BF324A4FF0FF34D4567D
:1023300046FA04F3A340B34205D040F2CF422E49FF
:102340002E48EFF785F947FA04F3A340BB4204D0C7
:102350004FF49A6228492A48F3E7BE428368B2469E
:10236000B8BFBA46002B3AD1002C9DF83C3006DDB0
:1023700043EA0322022C0CBF43EA02231346012244
:102380000025A240554503DB504605B0BDE8F08F5F
:10239000B5421CDA012C09EB050112D139F8051000
:1023A0004046CDE90232FFF763FFBD42DDE902326C
:1023B00005DA012C0BEB05010BD12BF805001544B8
:1023C000E0E7022C0CBF096819F80510E8E7194688
:1023D000E6E7022C0CBF08600BF80500EFE7324679
:1023E0003E445B460097FFF7DDFB864218BF4FF087
:1023F000000AC9E7275A070828590708C9590708D2
:10240000F8590708074B084A13601A69910707D55E
:10241000DA68920704D56FF002021A61EEF77EBA0D
:10242000704700BF000C0040701601240048704740
:10243000645A070830B58BB0694602A8F7F780FDEB
:10244000F7F7DEFC274B0090D3F8E820264942F04E
:102450000802C3F8E820D3F8E82002F0080201924D
:10246000019A224AD1F88C409442FBD1D3F89020B3
:102470001F4C42F00802C3F89020D3F8902022F0BD
:102480000802C3F890204FF44073CB60194B079AB1
:1024900023604FF0FF33E360174B0ABB0025B0FB0E
:1024A000F3F001382561A56060601148C4E9055565
:1024B000F9F736F9114B124A9B68C3F80821BFF3AC
:1024C0004F8F104B4FF480225A6009482946F9F784
:1024D0005DFA2268D36823F00203D3600BB030BDED
:1024E0004000DBE70044025800640258000300800B
:1024F00070160124000C004040420F0000ED00E087
:102500000524060800E100E0044800210268D368C1
:1025100023F00203D360F9F739BA00BF7016012423
:10252000014B586A704700BF000C0040054B6FF02C
:1025300002021B6858631A61DA6842F00202DA602C
:10254000704700BF70160124064B6FF002021B6833
:102550001A615A6942F002025A61DA6842F00202D4
:10256000DA60704770160124034B1A68D36823F0B1
:102570000203D360704700BF70160124024B6FF056
:1025800002021B681A61704770160124064B074A45
:102590001B68596A11605A6B054B1A60054BDA6863
:1025A000054B1A60704700BF70160124C016012445
:1025B0006C160124000C0040BC160124064B074A8F
:1025C0001B6812685A62064A12685A63054B1A68F9
:1025D000054BDA60704700BF70160124C016012455
:1025E0006C160124BC160124000C00405028F8B5DC
:1025F0001CD000F00F040C2C56D8DFE804F0074183
:1026000051071F555555552723071F00144654F8E9
:10261000045B45B100F07006102E08BF11460D4452
:10262000020648BF2D681D602046F8BD033222F027
:10263000030454F8045B1D602046F8BD144654F8AA
:10264000085BE6E7144634F9025BE2E700252F4613
:10265000144614F801CB0CF07F06BE401CF0800F2E
:1026600045EA060507F10707F3D11F2FD1D81CF063
:10267000400FCED04FF0FF3606FA07F73D43C9E7CB
:1026800000252F46144614F801CB0CF07F06BE40FF
:102690001CF0800F45EA060507F10707F3D1B8E7FC
:1026A000144634F8025BB4E702F024FA00F070003C
:1026B000202811D00BD9402806D050280AD0302825
:1026C0000DD1084602F0DAB9084602F0C7B908B1E0
:1026D000102804D100207047084602F0D3B908B58D
:1026E00002F008FAF8B50C461546074608B102F0A4
:1026F000B5F928602678FF2E04F1010429D168601D
:1027000023782B75FF2B04F1010032D01023002415
:102710002B75224610F8011B01F07F039340090638
:1027200044EA030402F10702F4D40444EC600378A1
:102730006B7500240130224610F8011B01F07F0365
:1027400093401C430B0602F10702F5D404442C61AC
:10275000F8BD39463046FFF7A9FF224601462B1D3A
:102760003046FFF743FF0446601C23782B75FF2B90
:10277000CCD10023EB60DAE72DE9F04F00F0030441
:1027800099B00023012C884617460C9300F09680E0
:102790000DD3022C40F05F823946404602F04AF9E0
:1027A000002800F09B80092019B0BDE8F08F0207D7
:1027B000F2D40123049318AA002342F82C8D194661
:1027C000009238460C2201F0C5FB384602F04CF965
:1027D00005900028E0D012AB1A46059906933846BA
:1027E000FFF780FF05469DF85C00FF2800F0E580BC
:1027F0003946FFF75BFF044600230DF1440B1946F1
:10280000CDF800B00F223846149401F081FB119EE0
:10281000169B26F001069D4206F1FF3680F0D4801B
:102820000DF13C0A0DF140099DF85D40FF2C4FF081
:10283000000103D02046FFF739FF01462A46204613
:102840005346FFF7D3FE9DF85D40FF2C05464FF041
:10285000000103D02046FFF729FF01462A46204603
:102860004B46FFF7C3FE9DF85D40FF2C05464FF039
:10287000000103D02046FFF719FF01462A462046F3
:102880005B46FFF7B3FE00240546214615F8012BF1
:1028900002F07F038B401C43130601F10701F5D4BE
:1028A000129B0F9A1344B3421FD9049BDB0700F11C
:1028B0009180049B1C0715D500F00CFB10F0080458
:1028C0001CD018AA44F0020442F82C1D384600928D
:1028D00019460C22049401F03DFB76E7082019B05C
:1028E000BDE8F08F404600F0D7F9109A1344B34288
:1028F00000F28880169BAB4296D8D6E712AB0093C5
:1029000006930D22234621463846D8F8205001F080
:10291000FFFA129B9D4202D0022304934BE718AAB0
:10292000234642F82C8D2146009238460C2201F0B5
:1029300011FBD8F830300393002BD3D0D8F82830CF
:102940001A46D8F82C3005930DF13C0A0DF14009D8
:102950001346002B1C46C0F22781032518A900232B
:1029600041F8288D1A4600913846194601F0F2FACE
:10297000002319460122CDF800A038460F9401F03B
:10298000E9FA002319460F22CDF80090384601F0ED
:10299000BFFA109B039ACDF8009003F001040023C6
:1029A0001443384619460F22109401F0D3FA022D31
:1029B00005D0072019B0BDE8F08F00241CE7404681
:1029C00000F00EFB0720EFE6049BD9077FF571AFFF
:1029D0000DF1400900240394002319460D22CDF87F
:1029E000009038460C9D01F093FA059A109BC8F8A8
:1029F0002C20039AC8F83020C8E90954C8F82030C0
:102A00000620D1E6119B002B3FF4C6AE139A9A180C
:102A10000392002C00F0F080169B013C2344002A16
:102A20003FF4BAAE002B00F0F880049A12F00802CE
:102A3000099200F0038147214E2288F8001088F89F
:102A400001205521432288F8021088F803204621EE
:102A50004F2288F8041088F805205221002288F8B7
:102A6000061088F80720CDE90A7A00220792CDF8EF
:102A700020900024214600E02B461D4615F8010B4E
:102A800000F07F028A40060644EA020401F10701D1
:102A9000F2D41F2905D8400603D501228A405242AC
:102AA000144300263146A14613F8010F00F07F02BF
:102AB0008A401643020601F10701F5D41F2905D803
:102AC000470603D501238B405B421E43002C4CD0AC
:102AD0004EDC04F1010ACAEB8A72159B03EB8207F4
:102AE00053F82210B8F1000F01D0099B2BB151B35C
:102AF000002E00F08B80AB19BBE70C9B119329B91A
:102B000091E057F8041F002900F08D8039445B469E
:102B10000022404600F00CFA0028F2D0E8E7E2007C
:102B20005242DDE914131A44089BFFF75FFD109928
:102B300049B1B8F1000FDBD00CAB0022404600F0E9
:102B4000F7F90028D4D0049BD8074A46DDE90A7A71
:102B5000DDF820903FF540AF099B002B3FF4F8AE25
:102B6000002CBFF6FAAE00F0C3F901230793BFE7CC
:102B70009DF85C00FF283BD000F00703042B6AD8C7
:102B800001A252F823F000BFA32B0608572C060819
:102B90009D2B0608A32B06081F2B06086200524235
:102BA000BFE7A2005242BCE701331D46DDE9051232
:102BB0003846FFF797FD9DF85C00FF281AD039468C
:102BC000FFF774FDC5EB85729200159D1490AB580C
:102BD000154433B12A46002352F8041F013300295B
:102BE000FAD10422C8E90C25C8E90A300325B5E664
:102BF000002296E70020E5E7039B002B3FF4CCADD5
:102C0000049BDA073FF5C8AD0225A7E6DDE90739E1
:102C1000DDE90A7A002B3FF4BFAD049BDD073FF5E9
:102C2000BBAD0024F0E7049B0A9FDDF82090DE078F
:102C30005546DDF82CA03FF5CFAEB7E798F8072052
:102C4000012A0CBF58F8202C08F158020C920AE710
:102C500000F0A0F830E601F04DFF00BF0378472BED
:102C600001D00020704743784E2BFAD18378552B42
:102C7000F7D1C378432BF4D10379432BF1D14379B6
:102C80002B2BEED183792B2BEBD1C07901288CBF74
:102C900000200120704700BF10B530B1044600F09D
:102CA00079F82046FFF7DAFF08B900F013F954F875
:102CB000140C00F0FBF800BF2DE9F04F85B0024680
:102CC000FFF7CCFF50B152E906851046966AD2E96B
:102CD0000C7400F05FF8404600F006F9104600F072
:102CE00059F800F005F900F055F800F0F3F800F09D
:102CF00051F800F0D3F8036893F827200DF1100A7B
:102D0000012A0CBF1A6803F178024FF00008203343
:102D10004AF8082D27F0030B0193C146B1451BDA91
:102D2000276807B12744534600223946019800F02E
:102D3000FFF8E8B93B6814491B69009304AA012312
:102D400042F8040D3846009FB847002818BF804657
:102D500009F101095C44E1E7B8F1000F10D004204B
:102D600000F0D2FA094B0360094A074900F0F0F974
:102D700000F00AFA00F04EF800F04CF800F0D2F83B
:102D8000284600F093F800BF945A0708185B07081C
:102D9000F931060838B5044600F084F82278036853
:102DA000472AA4F1200104D08BBB1C4601602046B9
:102DB00038BD62784E2AF7D1A278552AF4D1E2784C
:102DC000432AF1D12279432AEED162792B2AEBD121
:102DD000A2792B2AE8D1E279012AE5D854F80C2C03
:102DE000002A11DB0132456844F80C2C8B4205F1B6
:102DF000FF3545601CBF44F8103C01602046646A02
:102E000001F07EF8204638BDC2F10102EBE700F088
:102E100061F800BF08B500F041F80246006870B3E1
:102E200090F82030472B06D0002313602030BDE8F7
:102E3000084001F067B890F821304E2BF4D190F89B
:102E40002230552BF0D190F82330432BECD190F861
:102E50002430432BE8D190F825302B2BE4D190F887
:102E600026302B2BE0D190F82730012BDCD843699A
:102E7000002B05DB013B002B07D00DDB436108BDB8
:102E80000133FBD101691160F8E703691360203059
:102E9000BDE8084001F036B800F01CF80048704763
:102EA000D074002400487047D074002408B58047CF
:102EB00001F020FEFFF76EFF01F01CFE0D460446F8
:102EC000FFF7A8FF013501D000F02CF82046FFF7EE
:102ED000F3FE00BF08B5034B1868BFF35B8FFFF725
:102EE000E5FF00BF600E002408B58047FFF7F2FF42
:102EF00008B5034B1868BFF35B8FFFF7F5FF00BF02
:102F0000640E0024024B1868BFF35B8F704700BF4C
:102F1000600E0024024B1868BFF35B8F704700BF40
:102F2000640E00241EB400F08DF81EBC01F0ACFB52
:102F3000F0B50278472A83B00D461F461ED0002305
:102F4000254C0193236820469B68984780B1019BDC
:102F50001B68019302262B68214628461C6901AA9A
:102F60000123A04730B1019B3B60304603B0F0BD68
:102F70000126F0E70646304603B0F0BD43784E2BFD
:102F8000DDD18378552BDAD1C378432BD7D10379A0
:102F9000462B15D00379432BD1D143792B2BCED19E
:102FA00083792B2BCBD1C379012BC8D850F8204C77
:102FB00002D058300190C5E7204654F8784CF9E724
:102FC00043794F2BE6D18379522BE3D1C379002B80
:102FD000E0D10193014CB5E78C5A0708845A0708E1
:102FE00010B50446FFF75EFF2378472BA4F12002BB
:102FF00004D0836823BB8260012010BD63784E2B10
:10300000F7D1A378552BF4D1E378432BF1D1237971
:10301000432BEED163792B2BEBD1A3792B2BE8D16A
:10302000E379012BE5D854F8043C0133012B44F833
:10303000043CE1D1836844F8083C8260012010BD63
:10304000FFF748FF08B5FFF72DFF836883B393F8B8
:103050002020472A04D00022826003F1200008BD0E
:1030600093F821204E2AF6D193F82220552AF2D146
:1030700093F82320432AEED193F82420432AEAD15F
:1030800093F825202B2AE6D193F826202B2AE2D18B
:1030900093F82720012ADED8DA69013ADA61002A9A
:1030A000DBD19A69826000229A6103F1200008BD99
:1030B000FFF710FF012810B51AD8BFF35B8FA1F1FD
:1030C000280353E8002F013A43E800200028F8D1F4
:1030D000BFF35B8F5AB951F81C3C01F158040BB196
:1030E000204698472046BDE8104000F025B910BDA5
:1030F00051F8140CFFF7DAFEF8B5002540E91E126E
:1031000040F8805C0446FFF705FF44F8700CFFF7B9
:10311000F9FE472343224E2755260C4904F8583C14
:103120002B2304F8515C04F8577C04F8566C44F8DF
:10313000501C04F8552C04F8542C04F8533C04F8A3
:10314000523C44F86C0CA4F18000F8BDB530060880
:10315000F8B505460E461746FFF7A4FE4368044639
:1031600001333A46314663602846FFF7C5FF0446FF
:10317000012344F8283B204601F074FA2046FFF76B
:1031800009FEFFF7A7FE00BF10B5FFF78BFED0E9E1
:1031900000420132426064B194F82020472A0AD0EC
:1031A000002202602034204601F080FA2046FFF71A
:1031B000F1FDFFF78FFE94F821204E2AF0D194F80C
:1031C0002220552AECD194F82320432AE8D194F800
:1031D0002420432AE4D194F825202B2AE0D194F826
:1031E00026202B2ADCD194F82720012AD8D862691E
:1031F00052426261D6E700BF704700BF0048704787
:10320000705A070810B504210446EFF77FF92046ED
:1032100010BD00BFF0B4224C6368A0F108061BB3D8
:1032200050F8087CF519AB421ED822D05968002905
:1032300031D08D4203D32EE0954205D211464A6823
:103240001C1D0B46002AF7D195421CD023681A6832
:1032500099188E421CD05B6840F8043C236840F803
:10326000087C5E60F0BC704740F8043C6660F0BCCF
:103270007047D3E90023174440F8087C40F8043C29
:103280006660F0BC7047D5E900324A601F44DDE754
:1032900017441F60EBE70A4604341946D4E700BF21
:1032A000DC74002430B4174C00F108026368082A6B
:1032B00038BF082203B30732196822F007028A4296
:1032C00004D81BE001688A4205D9034658680028E3
:1032D000F8D130BC704704338C1A072C456808D9E4
:1032E00081184D608450186802601960083030BC45
:1032F000704701601D60F9E71846EAE71846231D8C
:10330000EAE700BFDC74002410B500F18004204619
:1033100002F05CFC38B1034680220021184603F01D
:103320009FF8803010BD2046FFF7BCFF0346002801
:10333000F2D1FFF7CFFD00BF064A9368803898426C
:1033400003D9D2681344984201D302F047BCFFF777
:1033500061BF00BFDC74002438B5084C4FF41E6513
:103360002846E56002F032FCA06020B100236060D6
:10337000C0E9005338BDE060606038BDDC740024F3
:1033800010B5034B0360044600F0C2F8204610BDA0
:10339000605B070810B5054B0360044600F0B8F801
:1033A00020460C21EFF7B2F8204610BD605B0708FD
:1033B00070B582B00E46069C9442054609D0A868B6
:1033C000056806942C6A3146A44602B0BDE87040F8
:1033D000604719460192009300F062F8DDE900327F
:1033E0000028ECD0062002B070BD00BF2DE9F04FE0
:1033F0000E4681B019461F4691468346DDE90A4ACA
:10340000DDE90C8500F04CF870B1002E2C6085F8D9
:1034100004901DDB3444A0450CBF06240124AC718C
:10342000002001B0BDE8F08F444516D0DBF808005D
:10343000D0F800C0CDE90C85CDE90A4ADCF81C4083
:103440003B464A463146A44601B0BDE8F04F6047CE
:103450000236E5D10123AB71E2E75146584600F050
:103460001FF80028E2D085F80590D9E72DE9F04152
:1034700007460C4615461E4600F084F808B1BDE824
:10348000F081B86807682146BC6933462A46A446DD
:10349000BDE8F041604700BF704700BF00207047A3
:1034A00081420FD008B5406803782A2B0CD04968B8
:1034B0000B782A2B08BF013103F0A6FBB0FA80F08D
:1034C000400908BD01207047002008BD70B50368A1
:1034D00084B000249E69009410231546CDE902347F
:1034E00012688DF804406B46B0479DF8043003F035
:1034F0000603062B03BF009B2B600120204604B06F
:1035000070BD00BF009890420CBF0620012070479C
:1035100010B5034B03600446FFF7BEFF204610BD05
:10352000D45B070810B5054B03600446FFF7B4FFF2
:1035300020460821EEF7EAFF204610BDD45B0708BD
:103540002DE9F041DDE90814069D8D4290461F46A5
:1035500006460CD039463046FFF7A2FF20B10123C2
:10356000256084F80480A3710020BDE8F0810799EC
:10357000FFF796FF0028EDD084F805800020BDE815
:10358000F08100BF38B515461C46FFF789FF20B112
:10359000082206232560E260237138BD2DE9F04141
:1035A00017461C4606460D46FFF77AFF08B9032C5E
:1035B00001D9BDE8F0812B683A46314628465B695F
:1035C000BDE8F041184700BF80F0004002E000BFB6
:1035D00081F0004142001FBF5FEA410392EA030FFE
:1035E0007FEA226C7FEA236C6AD04FEA1262D2EB48
:1035F0001363C1BFD218414048404140B8BF5B424D
:10360000192B88BF704710F0004F40F4000020F0E5
:103610007F4018BF404211F0004F41F4000121F0FB
:103620007F4118BF494292EA030F3FD0A2F1010245
:1036300041FA03FC10EB0C00C3F1200301FA03F183
:1036400000F0004302D5494260EB4000B0F5000FA6
:1036500013D3B0F1807F06D340084FEA310102F165
:103660000102FE2A51D2B1F1004F40EBC25008BF17
:1036700020F0010040EA03007047490040EB0000E1
:1036800010F4000FA2F10102EDD1B0FA80FCACF110
:10369000080CB2EB0C0200FA0CF0AABF00EBC2500F
:1036A00052421843BCBFD0401843704792F0000FFD
:1036B00081F4000106BF80F400000132013BB5E750
:1036C0004FEA41037FEA226C18BF7FEA236C21D0C6
:1036D00092EA030F04D092F0000F08BF084670472B
:1036E00090EA010F1CBF0020704712F07F4F04D1F9
:1036F000400028BF40F00040704712F100723CBF0C
:1037000000F50000704700F0004343F0FE4040F435
:10371000000070477FEA226216BF08467FEA2363F3
:103720000146420206BF5FEA412390EA010F40F4DE
:10373000800070474FF0000304E000BF10F000432A
:1037400048BF40425FEA000C08BF704743F0964311
:1037500001464FF000001CE050EA010208BF70472C
:103760004FF000030AE000BF50EA010208BF7047B3
:1037700011F0004302D5404261EB41015FEA010CC8
:1037800002BF84460146002043F0B64308BFA3F1C0
:103790008053A3F50003BCFA8CF2083AA3EBC253A2
:1037A00010DB01FA02FC634400FA02FCC2F12002C1
:1037B000BCF1004F20FA02F243EB020008BF20F0F8
:1037C0000100704702F1200201FA02FCC2F120025E
:1037D00050EA4C0021FA02F243EB020008BF20EA53
:1037E000DC7070477BB972B90029BEBF00204FF072
:1037F000004106E008BF00281CBF6FF000414FF0F9
:10380000FF3001F043B9ADF1080C6DE904CE002999
:1038100009DB002B1ADB00F04DF8DDF804E0DDE9F0
:10382000022304B07047404261EB4101002B1BDBD7
:1038300000F040F8DDF804E0DDE9022304B0404286
:1038400061EB4101524263EB43037047524263EB29
:10385000430300F02FF8DDF804E0DDE9022304B0B3
:10386000404261EB41017047524263EB430300F079
:1038700021F8DDF804E0DDE9022304B0524263EBF5
:103880004303704753B94AB9002908BF00281CBF39
:103890004FF0FF314FF0FF3001F0F8B8ADF1080CF8
:1038A0006DE904CE00F006F8DDF804E0DDE902235E
:1038B00004B070472DE9F047089E04468846002B67
:1038C0004BD18A42154667D9B2FA82F24AB1C2F1A7
:1038D000200701FA02F320FA07F7954047EA0308A8
:1038E00094404FEA154E230CB8FBFEF71FFA85FCF7
:1038F0000EFB178843EA084307FB0CF1994209D9EC
:10390000EB1807F1FF3080F01B81994240F21881DB
:10391000023F2B445B1AA4B2B3FBFEF00EFB103344
:1039200044EA034400FB0CFCA44509D92C1900F11E
:10393000FF3380F00781A44540F2048102382C4413
:1039400040EA0740A4EB0C0400271EB1D44000233A
:10395000C6E900433946BDE8F0878B4209D9002EFD
:1039600000F0EB800027C6E9000138463946BDE883
:10397000F087B3FA83F7002F47D18B4202D38242FC
:1039800000F2FA80841A61EB030301209846002EAE
:10399000E0D0C6E90048DDE702B9FFDEB2FA82F204
:1039A000002A40F08F80491B4FEA154E1FFA85F818
:1039B0000127B1FBFEFC230C0EFB1C1143EA014363
:1039C00008FB0CF1994207D9EB180CF1FF3002D239
:1039D000994200F2CD808446591AA3B2B1FBFEF0A1
:1039E0000EFB101443EA044408FB00F8A04507D975
:1039F0002C1900F1FF3302D2A04500F2B680184620
:103A0000A4EB080440EA0C409FE7C7F1200CBB4040
:103A100022FA0CFE4EEA030E01FA07F420FA0CF526
:103A200021FA0CF34FEA1E482543B3FBF8F92C0C9E
:103A300008FB19331FFA8EFA44EA034309FB0AF420
:103A40009C4202FA07F200FA07F10BD91EEB0303BE
:103A500009F1FF3080F087809C4240F28480A9F118
:103A6000020973441B1BADB2B3FBF8F008FB103323
:103A700045EA034400FB0AFAA24508D91EEB0404F8
:103A800000F1FF336BD2A24569D90238744440EA91
:103A90000940A0FB0289A4EB0A044C45C2464B46F0
:103AA00054D351D0002E69D0B1EB0A0564EB030466
:103AB00004FA0CFCFD40FC404CEA0505C6E9005444
:103AC000002747E7C2F1200320FA03F7954001FAE7
:103AD00002F021FA03F34FEA154E3843010CB3FB11
:103AE000FEF71FFA85F80EFB173341EA034107FB87
:103AF00008F38B4204FA02F407D9691807F1FF3C76
:103B00002FD28B422DD9023F2944CB1A81B2B3FB6D
:103B1000FEF00EFB103341EA034100FB08F38B4239
:103B200007D9691800F1FF3C17D28B4215D902382A
:103B30002944C91A40EA07473BE73746304609E7B8
:103B40000746E7E61846FBE64145ABD2B8EB020A6A
:103B500069EB0E0201381346A4E76046E9E7184610
:103B600095E76746D1E781467CE702382C4447E772
:103B7000ACF1020C2B442FE7384608E73746E9E65C
:103B800003685A004CBF43F0004323F0004318443D
:103B9000704700BF61B32DE9F84F01F1FF3A90463D
:103BA0000646D146002707EB090404EBD4746410E1
:103BB000E50071190846FFF7E3FFA245834605F1CA
:103BC0000800304409D0FFF7DBFFC34500F1FF30A8
:103BD00005D8404509D2671CE5E7C34505D9A7428A
:103BE00002D004F1FF39DEE700210846BDE8F88F76
:103BF00008467047012807D0022807D0044B002848
:103C00000CBF1846002070470248704702487047B2
:103C1000E1420608E5420608E942060830B5254BB0
:103C200083B004468D1E4BB301A92846AFF3008034
:103C3000F0B101992A46FFF7ADFF0146C0B1FFF789
:103C40009FFF4B68A064012B2ED0002B01F10400D4
:103C500026DBFFF795FF0023C4E913030368002B5D
:103C600012DBFFF78DFF00232061184603B030BD43
:103C7000002323610923184603B030BD0E490F48C5
:103C8000091AC9100191D5E7C3F30360FFF7B2FF2A
:103C9000002814BF002309232061184603B030BD5B
:103CA0000123C4E91303D9E7002323610523184640
:103CB00003B030BD000000006470070824660708E8
:103CC0000368DA0710B5044606D49B0700F14800E4
:103CD00009D500F05FFC2368590709D51A070ED5EE
:103CE000DB0613D510BD00F04DFC23685907F5D451
:103CF00004F1D00000F056FC23681A07F0D404F554
:103D0000A87000F057FC2368DB06EBD404F5E870DC
:103D1000BDE8104000F092BC036803B103441846AC
:103D2000704700BF09207047704700BF70B5044658
:103D30000D4608E02B6C63612A4623692146012069
:103D40009847082808D1296C2046FFF767FF0646E8
:103D50000028EFD000F0CEFE0728FBD13046296CBA
:103D6000FFF7E2FF281D00F001FC00BF2DE9F0473E
:103D70000C1D054617460FCCADF5727D03AE0FC680
:103D80000FCC0FC60FCC0FC694E80F0002ACD5F8CD
:103D90000C80D5F8189086E80F000023236021E0FE
:103DA000236C6B614FF4F07221467AA802F05AFA44
:103DB0002B697AAA294630469847889BCDE9004965
:103DC0008246636431462B462A460120C047074697
:103DD000F8B94FF4F0727AA9204602F043FABAF12A
:103DE000080F1CD1216C2846FFF718FF002F08BFD1
:103DF0000926074618BF0A260028D1D0A36B46F033
:103E00001001CDE900492A46636401202B46C047D2
:103E100000B1092738460DF5727DBDE8F087BAF18B
:103E2000070FF6D13846216CFFF77EFF03A800F09C
:103E30009DFB00BF406C7047F0B5CB6B0B640D1D54
:103E40000F4606460FCDF9B001AC0FC40FCD0FC41D
:103E50000FCD0FC495E80F004FF0FF3584E80F0039
:103E6000009506E033696A463146984708280446BB
:103E700008D110993046FFF7D1FE0028F2D0092072
:103E800079B0F0BD6846FFF71BFF062CF7D1394625
:103E90003046FFF74BFF00BF30B4DD6BC16082617D
:103EA00019461D64002230BC60E700BF70B5C668CB
:103EB00043690B64BEB903690A4604460D460146D0
:103EC00002209847072807D0082803D12946204612
:103ED000FFF72CFF00F00EFE3046296CFFF724FFA1
:103EE000281D00F043FB0122FFF740FF00F002FE17
:103EF000C2681AB1CA6B0A64002237E79CE700BFA8
:103F0000704700BF836813B101460120184770470E
:103F1000042907D8DFE801F00308060808000BB9F8
:103F20000F2A03D9022070470120704700EB82025C
:103F300018465368009A1360704700BF10B584B0EC
:103F4000002303AC0A4600941946FFF7E1FF0398EB
:103F500004B010BD042907D8DFE801F00308060803
:103F600008000BB90F2A03D90220704701207047BF
:103F700000EB8200009A126842601846704700BF4A
:103F800010B584B004AC002344F8042D0A46009414
:103F90001946FFF7DFFF04B010BD00BFF0B5D36BCB
:103FA0001364151D07460E460FCDADF50F7D17ACFA
:103FB0000FC40FCD0FC40FCD0FC495E80F004FF005
:103FC000FF3584E80F00169510E016A8FFF7D8FF1C
:103FD000314616A8B84716AA694678B9049B082046
:103FE0009847052804460AD0092807D0269968462C
:103FF000FFF714FE6A460C210028E6D0092416A813
:10400000FFF75EFE20460DF50F7DF0BD2DE9F04F68
:104010000D46C96C89B00C1D164600F0030B0A68EA
:1040200006941F46002B68D0130CD9B212048DF8E9
:104030001D30022304EB810405928DF81C302B6D9A
:10404000BBF1020F08BFAC6B13F0010346D1019323
:1040500000F008030093D4F80090B9F1000F00F0CD
:10406000F380022F45D0B4F80090B4F802800434F5
:10407000AB6C28F0010A0F2130469A44FFF75EFF2F
:10408000824534D829F001035344834294BF002071
:1040900001204FEA480808F0020809F0010948EA3F
:1040A0000908B8F1010F3AD031D3B8F1020F1AD193
:1040B000236823F0004ABBF1000F66D130B1009AAB
:1040C000002A6CD0BAF1000F00F09080002B00DACB
:1040D00004340AF1010304EB8304BCE7304605A96C
:1040E00000F046FB78B1092009B0BDE8F08F002050
:1040F000CFE7D4F804800834BAE71202032305920C
:10410000ADF81C309BE7082009B0BDE8F08FBBF18B
:10411000000F02D0002840F0B48004349BE7BBF1CC
:10412000000F18D1A8B1D4E90023991C4FEAD2722C
:10413000D9D005F158010133049100F0B580201D5C
:10414000FFF7EAFD04AB01462846FEF7F1FE002822
:1041500067D108347FE70D213046D5F82080FFF77E
:10416000EDFE8045F5D1AB6A9C42F2D12046FFF7C7
:1041700007FD0F2102463046FFF702FF30462A4670
:104180000021FFF7FDFE0720AEE70D213046D5F8F0
:104190002080FFF7D3FE804532D0236896E7BAF13E
:1041A000000F23D005F1580304F10408CDF808B03E
:1041B000DDF800900397A3461C4602E05745B94638
:1041C00040D040460494FFF7A7FD04AB014600220F
:1041D0002846FEF7ADFE09F1010708F104080028A2
:1041E000ECD0D1455C46DDE902B7D6D130460D2191
:1041F000FFF7A4FE049B2862C5E90934062073E793
:10420000AB6A9C42C9D104224FF00008A318C5E94B
:104210000AA8C5E90C23236843454DDB012301931C
:1042200057E780460D213046FFF788FEB8F1020FB0
:1042300028623ED12B46049A43F82C2F6B62AC6265
:10424000062051E75C46D1E705A9304600F090FA18
:1042500000287FF448AF019B002B3FF454AF0F219F
:104260003046FFF76BFE0E2102463046FFF788FE10
:1042700030461A4A0F21FFF783FE072009B0BDE838
:10428000F08F2046FFF77CFC04340746AC632846D9
:10429000FEF7A6FE00283FF426AF30463A460F212F
:1042A000FFF76EFE07201FE730460D21FFF746FEA1
:1042B0002862049B6B62C2E70AF1010004EB8000F4
:1042C000FFF75EFC0F2102463046FFF759FE3046ED
:1042D0002A464146FFF754FE072005E7B92C060899
:1042E000002393E6012391E602238FE62DE9F041B6
:1042F0000546C4B0042906D8DFE801F04D2B0503BC
:104300000900032B5FD0022044B0BDE8F081002BF0
:10431000F9D1102AF7D82B68DC0600F1F48022AC22
:104320002046019200F094F9A86B019A002301261F
:1043300006FA03F1114203D0016844F82310043057
:104340000133042BF4D1A863204600F077F9002054
:10435000DAE7012B4FEA124697B252D0052BD2D1A1
:1043600006EB0708B8F1200FCDD80F2E40F2998048
:10437000B846002F40F0DB80AA6BAA630F2E40F2F4
:10438000BE80B8F1000F02D002A800F00BF90020A7
:1043900044B0BDE8F081002BB5D1AC6B97B2281DBD
:1043A000012606FA03F1394203F1010302D0216824
:1043B00001600434102B00F10400F2D112F400501B
:1043C000E5D1AC63A0E7160C97B2F319102B9AD87D
:1043D0002B681A075DD422AC204600F00DF904EBDF
:1043E000C601AB6B3FB103EBC702186841F8040B81
:1043F00004339342F9D12046AB6300F0DBF8002090
:1044000082E7F219102A3FF67EAF0F2E3FF67BAF00
:104410002A68D10708D5284622F0030240F8482B25
:10442000019300F0B3F8019B019322AC204600F009
:10443000ADF8A96B019B002F00F095807F0004EB85
:10444000C6044FF00008043C01EB870251F8040B4E
:1044500044F8040F9142F9D1B8F1000F0FD002AC2B
:10446000102E314638BF102104EBC101843902EB14
:10447000C80452F8040B41F8040F9442F9D1012BFF
:104480007FF47BAF22AC0432AA63204600F07AF8B6
:104490007DE723F008032B6005F5A87000F0ACF869
:1044A00099E7B8F1100F2A6843D9D007A8F110088E
:1044B0000BD5284622F0010242F0020240F8482BB8
:1044C000019300F06BF82A68019B510725D40F2E49
:1044D00004D822A8019300F061F8019B019302AC7B
:1044E000204600F063F8C6F110010029AA6B019B79
:1044F000B6DD22AC4F0004EBC6041146A3E722A8A8
:1045000000F048F83DE723F010032B6005F5E87054
:10451000019200F09DF8019A01E7284622F004027A
:1045200040F8D02B019300F041F8019BCFE72A68B7
:10453000CBE7D0070AD5284622F0010242F002025A
:1045400040F8482B019300F029F8019B019322AC1D
:10455000204600F023F8B846A96B019B002F7FF49A
:104560006DAF0A4609E70A468DE700BF00F1340146
:1045700091E838009C46A6464CF8045D90E8FF0F91
:10458000E54600BD90EC210B704700BF80EC210B8D
:10459000704700BF90EC200B704700BF80EC200BF1
:1045A000704700BFD0EC200B704700BFC0EC200B61
:1045B000704700BFF0EC0201F0EC0211F0EC0221B8
:1045C000F0EC0231F0EC0241F0EC0251F0EC02614F
:1045D000F0EC0271F0EC0281F0EC0291F0EC02A13F
:1045E000F0EC02B1F0EC02C1F0EC02D1F0EC02E12F
:1045F000F0EC02F1704700BFE0EC0201E0EC0211C8
:10460000E0EC0221E0EC0231E0EC0241E0EC02518E
:10461000E0EC0261E0EC0271E0EC0281E0EC02917E
:10462000E0EC02A1E0EC02B1E0EC02C1E0EC02D16E
:10463000E0EC02E1E0EC02F1704700BFB0FC018168
:10464000B0FC0191B0FC01A1B0FC01B1704700BF0A
:10465000A0FC0181A0FC0191A0FC01A1A0FC01B182
:10466000704700BFEC4600B52DE900502DE9FF1F53
:104670004FF000032DE90C0001A9FFF7DDFBDDF889
:1046800040E012B0704700BFEC4600B52DE9005085
:104690002DE9FF1F4FF000032DE90C0001A9FFF7E2
:1046A00005FCDDF840E012B0704700BFEC4600B5F5
:1046B0002DE900502DE9FF1F4FF000032DE90C00FC
:1046C00001A9FFF715FCDDF840E012B0704700BF0C
:1046D000EC4600B52DE900502DE9FF1F4FF0000317
:1046E0002DE90C0001ABFFF7D7FBDDF840E012B07D
:1046F000704700BFEC4600B52DE900502DE9FF1FC3
:104700004FF000032DE90C0001AAFFF747FCDDF88C
:1047100040E012B0704700BF027A82B9437AABB171
:104720004268013B10B4437213680321141D0172E7
:104730001A02446002605DF8044B180E704703686B
:10474000013A02721A020260180E7047B0207047D8
:1047500000B585B003AA0023009219460C22FFF78A
:10476000D7FB039805B05DF804FB00BFF0E700BF7E
:104770002DE9F043054685B00E464FF0000830465F
:10478000FFF7CAFFB028044600F0B180070620D525
:1047900000F0F003802B65D0902B36D0A02B78D082
:1047A000B02B47D0C02B00F08A8000F0F803D02B4C
:1047B0000BD100F00702013242F40022052301214F
:1047C0002846FFF793FD0028D9D0092005B0BDE8A1
:1047D000F0830DF10C09002319468700CDF80090F5
:1047E0000D222846FFF794FBFFB2039BCDF8009003
:1047F000043760064CBFDF1BFF18002319460D224B
:1048000028460397FFF7A6FBB9E700F00D030D2B31
:10481000DBD003AF002300F00F02194600972846B3
:10482000FFF776FB0023009719460D222846FFF775
:1048300091FBA4E7B1285FD0B22800F0CC80B32868
:104840007ED000F0FC03B42BBFD000F00702013291
:10485000012342F4002219462846FFF747FD0028AD
:104860008DD0B2E73046FFF757FF24020443B4F57A
:10487000004FAAD024010023A2B219462846FFF710
:1048800035FD0028A1D114F4004F18BF4FF00108E6
:1048900075E7C24302F007034FF47F621A41010734
:1048A00002F47F624FF0000348BF42F48042194691
:1048B0002846FFF71BFD00283FF461AF85E7C628B7
:1048C00051D0C7285AD000F0F803C02B69D0C828AF
:1048D00075D0C9287FF479AF3046FFF71DFF02037A
:1048E00000F00F0002F470220130024366E7B8F1D5
:1048F000000F14D0002069E73046FFF70DFF0028B5
:104900003FF463AF10F0F0037FF45FAF0246194647
:104910002846FFF7EBFC00283FF431AF55E703AC26
:1049200043460E22414600942846FFF7F1FA0094D0
:10493000284643460F224146FFF70CFB404645E719
:104940003046FFF7E9FE010300F00F0001F470218B
:10495000421C01230A4328461946FFF7C7FC0028DA
:104960003FF40DAF31E73046FFF7D6FE010300F00C
:104970000F0001F47021421C0323EBE73046FFF7E0
:10498000CBFE024600283FF420AF10F0F0037FF486
:104990001CAF04212846FFF7A9FC00283FF4EFAE26
:1049A00013E700F00F020132032342F420221946DC
:1049B0002846FFF79BFC00283FF4E1AE05E73046B0
:1049C000FFF7AAFE00F0F00200F00F0310320133EF
:1049D00043EA0232F2E600230DF10C090D221946DA
:1049E000CDF800902846FFF793FA3046FFF794FE83
:1049F00002064FF002070CD5039B00F07F00B84081
:104A0000034430460393FFF787FE030607F10707C9
:104A1000F2D4039BCDF8009000F07F0403F50172FF
:104A2000BC400023144419460D2228460394FFF786
:104A300091FAA4E610B5C36C84B05A6803208DF8CF
:104A40000C00DC798DF80D4012020833084601A9EC
:104A500001920293FFF78CFE04B010BD08B5FFF77A
:104A600085FE806C08BD00BF08B5FFF77FFEC06CF7
:104A7000C37900EB8300083008BD00BF08B500F023
:104A800039F800BF08B5FFF7F9FF00BF704700BF56
:104A900082B00190019BC3F3C752002BA2F17F01AA
:104AA000B4BF4FF0FF3001201E2912DC002918DBB3
:104AB000C3F31603162943F4000317DC4FF48002F6
:104AC0000A411344C1F11701CB4003FB00F002B0CF
:104AD0007047DDED017AFDEEE77A17EE900A02B03D
:104AE0007047013118BF002002B07047963A9340DA
:104AF000EBE700BF08B5062001F00CFF0120EDF741
:104B00007DFC00BF014B1868704700BF680E002491
:104B100070B5002948D005460C4610B1836B002BB8
:104B200048D0626EB4F90C30D00740D4990530D526
:104B30002146284600F05CF8E36A064633B1E16995
:104B4000284698470028B8BF4FF0FF36A3891A06B9
:104B50003CD4216B41B104F14003994202D0284674
:104B6000ECF770FD00232363616C21B12846ECF75C
:104B700069FD0023636400F0E9F9636E0022DB073E
:104B8000A2811FD5A06D00F0A3FF00F0E5F930462B
:104B900070BDA06D00F09EFFB4F90C30002BC7D1A2
:104BA000666E16F0010616D00026304670BD002B4A
:104BB000FAD0BDE700F04CF9626EB4F90C30D007C2
:104BC000F5D4B3E7A06D00F087FFDBE72169284645
:104BD000ECF738FDBDE7A06D00F07EFF304670BDFC
:104BE000024B01461868FFF793BF00BF680E002410
:104BF000B1F90C309AB22DE9F0410C46110780460C
:104C000044D4626843F40063002AA38159DDA56A95
:104C1000002D53D000229BB2D8F80060E169C8F89B
:104C2000002013F4805240F0838001234046A847BF
:104C3000421C4AD0A389A56AE1695B0705D5626871
:104C4000236B801A0BB1E36BC01A02460023404667
:104C5000A847471C45D0B4F90C302269226023F4E0
:104C600000630022A381DB04626000D52065216B14
:104C7000C8F8006011B304F14003994202D04046E5
:104C8000ECF7E0FC00202063BDE8F0812669AEB1BE
:104C90002568266092070CBF63690023AD1BA360E3
:104CA0000AE02B463246676AE1694046B847002869
:104CB000A5EB000506442BDD002DF2DC0020BDE84D
:104CC000F081E26B002AA2DCF8E7D8F80030002B74
:104CD000B0D01D2B01D0162B2CD1C8F800600020BD
:104CE000EDE7D8F800101D291AD8154BB4F90C209F
:104CF000CB40DB4313F0010314D1256922F4006299
:104D0000C4E90053D504A281B1D50029AFD1ADE7E4
:104D1000A38943F04003A3814FF0FF30BDE8F08149
:104D2000B4F90C2042F04002A2814FF0FF30C6E7F8
:104D3000206D82E7A38943F04003A381BFE700BF52
:104D40000100402038B50D46044608B1836BA3B17D
:104D5000B5F90C00B8B16B6EDB0701D481051AD52B
:104D600020462946FFF744FF6B6EDA07044602D45B
:104D7000AB899B050AD5204638BD00F069F8B5F926
:104D80000C000028E7D10446204638BDA86D00F08D
:104D9000A3FE204638BDA86D00F09CFEE0E700BFF2
:104DA00020B1054B01461868FFF7CCBF034B0449FF
:104DB000186800F013BE00BF680E0024FC5C0708F2
:104DC000454D060810B5002304468181C281C0E923
:104DD000003383604366C0E90433836119460822C7
:104DE0005C3001F03DFB07480749084A084BE36285
:104DF000C4E90740C4E9091204F15800BDE81040B5
:104E000000F064BE7D6A0608A56A0608E16A060825
:104E1000016B0608014900F0E1BD00BF114B060817
:104E200070B54A1E682505FB02F50E4605F17401B2
:104E3000ECF7BCFB044640B100210C30666005F184
:104E400068022160A06001F00BFB204670BD00BF2E
:104E500010B50446124800F03DFEA26BD2B904F52D
:104E60003B731048C4F8E8320321C4F8E022E06341
:104E7000C4F8E41260680421FFF7A4FF01220921AD
:104E8000A068FFF79FFF02221221E068FFF79AFF58
:104E90000123A3630248BDE8104000F01DBE00BF1F
:104EA000D8160124154E060870B50646244800F0B1
:104EB00011FE244B1D68AB6B83B305F53875D5E93E
:104EC0000134013B05D525E0013B5A1C04F168047F
:104ED00020D0B4F90C20002AF6D100251A4BE3604B
:104EE00004F15800656600F0F1FD154800F0F4FD8E
:104EF0002560C4E90155C4E90455A5612946082285
:104F000004F15C0001F0ACFAC4E90C55C4E9115598
:104F1000204670BD2C682CB12546D0E72846FFF707
:104F200097FFCAE704213046FFF77AFF044628605E
:104F30000028F1D1024800F0CFFD0C233360E7E7F1
:104F4000E4160124FC5C07080100FFFF014800F0A3
:104F5000C1BD00BFE4160124014800F0BDBD00BF83
:104F6000E4160124F0B5134683B00F4601AA194692
:104F7000064607F02DFF002836D005463046FFF7DD
:104F800093FF044600282FD039464FF4DB73019A73
:104F9000304601F0AFFA071E30DB636EDB0715D534
:104FA0001C4B1D491D4AE781C4E90743C4E90912A6
:104FB0001B4BA581E905E3620FD4636EDA0702D4C7
:104FC000A3899B0514D5204603B0F0BDA38998059D
:104FD000E6D4A06D00F07EFDE2E730460223002219
:104FE000214600F0B5F9E8E70024204603B0F0BD03
:104FF000A06D00F071FD204603B0F0BD0025FFF765
:10500000A5FFA581A06D00F063FD2C46FFF7A4FF6E
:10501000D9E700BF7D6A0608A56A0608E16A0608A6
:10502000016B0608024B0A4601461868FFF79ABF53
:10503000680E002430B587B0054608461446019135
:1050400001F05EFF01AA01230590CDE9020204935D
:105050000DB1AB6BFBB1616EB4F90C30C9079AB2FC
:1050600001D4900521D5910406D4626E43F4005317
:1050700022F40052A3816266284603AA214600F06A
:1050800009FB636EDA07054602D4A3899B0506D5A2
:10509000284607B030BD2846FFF7DAFEDBE7A06DF3
:1050A00000F01AFD284607B030BDA06D00F012FDDB
:1050B000B4F90C309AB2D6E7024B0A46014618689A
:1050C000FFF7B8BF680E0024F8B5244F0C4606461B
:1050D000ECF79DFFBB685D68C4F57E610F3125F07C
:1050E0000305294421F47F6121F00F01A1F58054CB
:1050F000B4F5805F07DB0021304601F005FBBB689B
:105100002B44984204D03046ECF785FF0020F8BDD0
:105110006142304601F0F8FA01300DD0104BBA6808
:1051200019682D1B45F001053046091B55601960B3
:10513000ECF771FF0120F8BD0021304601F0E4FAE0
:10514000BA68831A0F2BDEDD064C0549246843F04C
:105150000103001B53600860D5E700BF041400245E
:10516000EC7400240C180024002953D0F8B50C4628
:105170000646ECF74CFF54F804CC714F2CF00101BB
:10518000A4F108056B18B8685A68984222F0030227
:1051900053D01CF0010F5A6003EB02003BD154F8CE
:1051A00008CC4068A5EB0C0507F1080EAC68744507
:1051B000614400F0010075D0D5F80CC0C4F80CC0F3
:1051C000CCF8084060B341F001036B606950B1F561
:1051D000007F50D34B0A042B70D88B0903F139049C
:1051E000E40003F1380238193B590838984278D066
:1051F0005A6822F003028A4271D99B689842F7D11B
:10520000C368C5E902039D60C5603046BDE8F8404B
:10521000ECF701BF7047406800F001000028D2D1D0
:105220009868484C1144A04241F0010262D0DB680A
:10523000C36098606A606950C9E71CF0010F0A44B6
:1052400007D154F8083CED1A1A44D5E90213CB6093
:1052500099603D4B1B6842F0010193426960BD605B
:1052600004D83A4B30461968FFF72EFF3046BDE8A8
:10527000F840ECF7D0BEC90878684A1C01238910B1
:105280008B40034307EBC20157F832007B600839BB
:10529000C5E9020147F83250C5603046BDE8F84024
:1052A000ECF7B9BE002845D10A44D3E9021342F015
:1052B0000100CB6099606860AA50D7E7142B08D929
:1052C000542B1ED80B0B03F16F04E40003F16E02A4
:1052D00089E703F15C04E40003F15B0283E718460D
:1052E0008EE793107968012202FA03F30B437B6087
:1052F000034686E7C7E90455C5E902006A606950BC
:10530000B4E7B3F5AA7F06D8CB0B03F17804E40029
:1053100003F1770267E740F25452934206D88B0CB0
:1053200003F17D04E40003F17C025CE74FF47E743A
:105330007E2258E741F001026A60196096E700BFDB
:10534000041400240C140024101800241C750024DC
:1053500000F000B82DE9F04F0C4697B091461F467B
:10536000064618B1836B002B00F08F80626EA38914
:10537000D20702D49D0540F1A18003F48473B3F5F4
:10538000847F00F09680D4F82880B8F1000F7FD099
:10539000012F13D0022F00F08780002F00F08480AF
:1053A000636E1622D907326002D4A3899A0577D595
:1053B0004FF0FF35284617B0BDE8F08F2146304644
:1053C000FFF7C0FCA38913F4805240F03181E169FA
:1053D0003B463046C047411C054600F0DC80A389AF
:1053E00022695F0740F1E8806368216BED1A09B11B
:1053F000E06B2D1AA9444FF0010A0027002A00F0A3
:10540000E580B4F90C3040F61A019AB20A4208D18C
:10541000520566D4944A904500F0FB8043F4006343
:10542000A38121463046FFF78DFC002840F0BF8065
:105430003B464A46E1693046C047013000F0B7803C
:10544000216B41B104F14003994202D03046ECF7A0
:10545000F9F800232363A3892269226023F40263FD
:105460000021A3816160082204F15C0000F0F8FFD4
:10547000656E15F0010503D1A3899B0540F193806A
:105480000025284617B0BDE8F08FFFF7E1FC6DE777
:10549000636E1D22D80732608AD4A3899A0587D407
:1054A000A06D00F019FB83E74FF0000A2269554612
:1054B000A4E721463046FFF745FC64E7A06D00F005
:1054C00009FBA38959E7019AB4F90C3002F4704240
:1054D000B2F5004FA2D143F480634FF48062A38100
:1054E000E264002F40F08880CB46BAF1000F72D101
:1054F000A389DB047ED452460123E1693046C047CC
:10550000451C8ED06368216BC51A1A46002968D0E5
:10551000E06B2D1AA26BD4F810C01D44A2EB0C0254
:10552000AD1A0244AB4580F28580E56CE1696D42BD
:1055300005EA0B052A4600233046C04701303FF4F8
:1055400070AF2369216B23600023636041B104F1D4
:105550004003994202D03046ECF774F800232363ED
:10556000A389BBEB050B23F02003A38110D02146B8
:10557000304601F03DF800287FF453AF63685B4587
:10558000FFF44FAF2268A3EB0B035A44C4E9002396
:105590000822002168E7636EDA073FF509AFA389A7
:1055A0009B053FF505AFA06D00F096FA02E7636E2C
:1055B000D9077FF5FAAEFBE618077FF51BAF236826
:1055C000002B3FF417AF9B1A1D4413E721463046CA
:1055D00000F0B2FA15E7216B11B16368E06B99E74F
:1055E00062682068D4F810C0A0EB0C002D1A0244A9
:1055F000002197E7206D85E76A46B4F90E10304622
:1056000000F034F800287FF40CAF049B09EB030B87
:105610006BE7B4F90E100029FFF600AF6A4630467A
:1056200000F024F800283FF44EAFB4F90C30F5E652
:10563000256DD5E6AB185B457FF677AFABEB05057F
:105640000CEB0503521BC4E9003241B104F14003E5
:10565000994202D03046EBF7F5FF00232363A3897C
:1056600023F02003A38193E7E16A060838B50B46CF
:10567000074C05461146184600232360ECF7F7FE59
:10568000431C00D038BD2368002BFBD02B6038BDF5
:10569000C41601249368002B00F0E4802DE9F04F3C
:1056A000B1F90C309BB20C46190783B08246904684
:1056B00035D522699AB313F00202D8F800603DD0C4
:1056C0000027D4F824B0D4F81CC0DFF8C0923D46BF
:1056D0004D452B463A4628BF4B4661465046D5B10C
:1056E000D847002840F3C680D8F808301B1A074472
:1056F0002D1AC8F80830002B00F0B080D4F81CC078
:10570000D4F824B04D452B463A4628BF4B46614657
:105710005046002DE4D1D6E900750836D8E7214679
:10572000504606F03BFC002840F02A81B4F90C30CA
:10573000D8F800609BB213F00202C1D113F0010946
:105740005DD1A76820684D46002D54D09A0540F1E0
:105750009B80AF42BB4600F2D88013F4906F2FD0ED
:10576000D4E9041707EB4707A0EB010B07EBD7774A
:10577000681C7F105844B8423A4684BF07463A46F0
:105780005B0540F1D38011465046EBF70FFF002830
:1057900000F0F0805A462169019000F063FDA28973
:1057A000019B22F4906242F08002A281A7EB0B02DF
:1057B00003EB0B00676123612060A2602F46AB46BC
:1057C0005A46494600F0E8FDA2682368D21B5B44B4
:1057D0002F46A26023600025D8F80830DB1BB944AF
:1057E000C8F80830002B39D0B4F90C30A76820680D
:1057F0009BB2002DAAD1D6E900950836A4E733461E
:105800009146104617464E469B46002F6BD0002807
:1058100071D0D4E904122068B9454B4628BF3B46F5
:10582000884203D9A5681544AB4271DC9A4200F363
:1058300093801346656AE16932465046A847051EC3
:1058400018DDB9EB05090FD00120D8F808305B1B33
:105850002E447F1BC8F80830002BD6D1002003B09F
:10586000BDE8F08F0020704721465046FFF76AFAE6
:105870000028EAD0B4F90C3043F040034FF0FF3079
:10588000A38103B0BDE8F08F2369834215D361691A
:10589000A94212D83C4B676A9D4294BF2B466FF0D9
:1058A00000434A4693FBF1F3504601FB03F3E169E1
:1058B000B847071EDEDDED1B8EE7AF4228BF2F463F
:1058C0003A46494600F068FDA3682268DB1B3A446B
:1058D000A3602260002BEED121465046FFF732FA3A
:1058E0000028E8D0C6E70BF1080353E902679B469E
:1058F0000833002FF9D03A460A21304600F030FC38
:1059000038B30130A0EB060983E72F46AB4657E7D3
:1059100031462A4600F040FD23682B44236021468F
:105920005046FFF70FFA00288BD0A3E75046EBF75D
:10593000A9FD034600287FF439AF21695046EBF7F3
:1059400081FEB4F90C300C2223F08003CAF8002049
:1059500092E707F101095CE71A463146019300F02E
:105960001BFD019BA1682268C91A1A44A16022602C
:105970001D4666E70C23CAF80030B4F90C307BE70B
:105980004FF0FF306BE700BFFEFFFF7F00FCFF7FA3
:105990002DE9F04110F538771BD088460026D7E96D
:1059A0000154013D0FD4A389012B05F1FF35204699
:1059B00005D9B4F90E30013301D0C04706436B1C42
:1059C00004F16804EFD13F68002FE8D13046BDE80C
:1059D000F0813E463046BDE8F08100BF2DE9F84336
:1059E00010F538771FD0884606464FF00009D7E9F2
:1059F0000154013D11D4A389012B05F1FF35214646
:105A0000304606D9B4F90E30013302D0C04749EA16
:105A100000096B1C04F16804EDD13F68002FE6D14A
:105A20004846BDE8F883B9464846BDE8F88300BF5C
:105A300070B50D4E0D4D761BB61006D00024013406
:105A400055F8043B9847A642F9D1094E094D761BFB
:105A500008F00CFFB61006D00024013455F8043BC2
:105A60009847A642F9D170BD1818002418180024D0
:105A7000601800241818002410B5044600F018F827
:105A80002044407800F0080010BD00BF044B054AD8
:105A90001B685B6B002B08BF134693F82801704707
:105AA000680E002498120024D0F8EC00704700BF64
:105AB000044B054A1B685B6B002B08BF1346D3F8E9
:105AC000EC007047680E002498120024704700BF55
:105AD000704700BF704700BF704700BF70B50C46ED
:105AE000B1F90E10002996B015461E460FDAA289AC
:105AF000002312F08000336004D14FF480632B60E8
:105B000016B070BD402218462A6016B070BD6A46B5
:105B1000FFF7ACFD0028EADB019B03F47043A3F51B
:105B20000053B3FA83F35B094FF480624FF40060D3
:105B300033602A6016B070BD8A8992070B4606D57D
:105B400001F1430201211A60C3E90421704770B5D5
:105B500082B001AB6A460C460546FFF7BFFF0099CD
:105B600006462846EBF722FDB4F90C30D8B11649A9
:105B7000E963019A0099206043F08003A381C4E99E
:105B800004011AB93343A38102B070BD2846B4F9A9
:105B90000E1007F027FDA0B1A38923F0030343F003
:105BA00001031BB2EEE79A05EED423F0030304F1E0
:105BB000430243F002030121A3812260C4E90421CE
:105BC000E2E7B4F90C30DDE7154E0608024B01465A
:105BD0001868EBF7EBBC00BF680E0024024B0146CF
:105BE0001868EBF72FBD00BF680E00242DE9F04FB9
:105BF00001F10B05162D83B0064623D8102900F2BB
:105C0000B980ECF704FA102518230220C54F3B4455
:105C1000A3F108025C68944200F06681636823F097
:105C200003032344D4E902515A68E96042F00102B7
:105C30008D6030465A60ECF7EEF90834204603B028
:105C4000BDE8F08F35F0070500F19480A94200F21D
:105C50009180ECF7DCF9B5F5FC7FC0F083816B0A2D
:105C600000F08F80042B00F24681AB0903F139006C
:105C700003F1380CC300AB4F3B44A3F108015C684F
:105C8000A14206D10CE0002A80F21D81E468A14205
:105C900006D0636823F003035A1B0F2AF3DD604626
:105CA0003C69DFF894C2644571D0636823F0030354
:105CB0005A1B0F2A00F34481002AC7E904CC80F262
:105CC0002681B3F5007F80F06981DB08591C7A6872
:105CD00057F83180C4F808804FF0010E9B100EFA7F
:105CE00003F307EBC10E1343AEF10802E2607B60E1
:105CF00047F83140C8F80C408210012494409C427F
:105D00004BD81C4206D120F0030064001C4200F175
:105D10000400FAD007EBC009CE468046DEF80C300E
:105D20009E4507D122E1002A80F22981DB689E4549
:105D300000F01C81596821F003014A1B0F2AF2DD93
:105D4000D3E9028E5C1945F001055D6042F0010562
:105D5000C8F80CE03046CEF80880C7E90444C4E92E
:105D600002CC65605A500193ECF755F9019B03F1A1
:105D7000080463E700240C232046336003B0BDE829
:105D8000F08F4FF4007340204FF03F0C73E77B68B7
:105D90008210012494409C42B3D9BC68636823F00C
:105DA0000309A94503D3A9EB05030F2B7BDC5E4B4D
:105DB000DFF888A11A68DAF80030013305EB020831
:105DC00000F0488108F5805808F10F0828F47F6832
:105DD00028F00F084146304600F096FCB0F1FF3F36
:105DE000834600F0048104EB0900584500F2FD8071
:105DF0004E4A13684344136000F04D81DAF80010F6
:105E000001311BBFABEB00001B18CAF800B01360D8
:105E10001BF0070300F03481C3F10801C3F5805380
:105E20008B440833D844C8F30B08A3EB0808414659
:105E30003046019200F068FC431C019A00F0468154
:105E4000A0EB0B01414441F001011368C7F808B011
:105E50004344BC42CBF80410136015D0B9F10F0FC6
:105E600040F230816068A9F10C0121F0070100F0D7
:105E7000010004EB010C08434FF0050E0F29606090
:105E8000CCE901EE00F23A81294A2A481168BC683F
:105E90008B42016888BF136062688B4222F0030264
:105EA00088BF0360A7E0621943F0010345F00105D4
:105EB00065603046BA605360ECF7ADF808342046B0
:105EC00003B0BDE8F08F2344E1685A68A56842F04A
:105ED0000102E96030468D605A60ECF79CF80834A6
:105EE000204603B0BDE8F08FDC68A34208BF023053
:105EF0003FF4D6AE92E6142B71D9542B00F2AD804C
:105F00002B0B03F16F0003F16E0CC300B3E62344C7
:105F100030465A6842F001025A600834ECF77BF8C8
:105F20008CE600BF041400241C750024EC740024CB
:105F300014750024187500240C1400240C18002477
:105F4000611945F0010E42F00105C4F804E0304645
:105F5000C7E90411C1E902CC4D60E250ECF75BF8EF
:105F600008346BE6E80805F108034FE608F101087C
:105F700018F0030F0EF1080E7FF4D0AE52E0194472
:105F80001C464A68DB6854F8085F42F001024A6028
:105F90003046EB609D60ECF73EF84FE65A0A042A63
:105FA00035D9142A6FD802F15C01C9005B3207EBC6
:105FB000010E7958AEF1080E8E4558D04A6822F08D
:105FC00003029A4202D989688E45F7D1D1F80CE0D4
:105FD0007B68C4E9021ECEF80840CC608CE603F171
:105FE0005C0003F15B0CC30045E6BC4272D0BC68A8
:105FF000626822F003029542A2EB050302D80F2B40
:106000003FF751AF3046ECF706F8002416E69A0940
:1060100002F13901C9003832C9E7D9F80090994531
:1060200040F0838010F0030FA9F1080300F1FF3066
:10603000F3D17B6823EA04037B6064009C423FF653
:10604000ACAE1CB9A9E6640008F104081C42FAD001
:1060500040465FE608F11008BCE6B3F5AA7F26D8F3
:10606000EB0B03F1780003F1770CC30003E67B68C8
:1060700092104FF0010808FA02F213437B60A8E780
:106080004FF48053CEE6542A29D81A0B02F16F013F
:10609000C9006E328BE7C0F30B0100297FF4AEAE6E
:1060A00009EB0802B96842F001024A60ECE640F2EE
:1060B000545293421CD8AB0C03F17D0003F17C0CCD
:1060C000C300D8E50123CBF804309BE701214FF052
:1060D0000008BAE6164A1368434413608EE6B2F528
:1060E000AA7F14D8DA0B02F17801C90077325EE793
:1060F0004FF47E737F204FF07E0CBCE504F1080165
:1061000030460192EBF79EFA019A1368BCE640F222
:1061100054518A4205D89A0C02F17D01C9007C32A3
:1061200045E74FF47E717E2241E77B6885E700BF3B
:10613000EC74002482B049B15AB16BB113780B6092
:106140001278101C18BF012002B0704701A9002A64
:10615000F3D1104602B070476FF00100F4E700BFC2
:1061600001F0FF01102A2BDB10F0070F08D010F808
:10617000013B013A8B422DD010F0070F42B3F6D10C
:10618000F0B441EA012141EA014122F007047FF025
:1061900000070023F0E80256083C85EA010586EA7C
:1061A000010685FA47F5A3FA87F586FA47F6A5FAB8
:1061B00087F68EB9EED1F0BC01F0FF0102F00702C4
:1061C00032B110F8013B013A83EA010313B1F8D16F
:1061D0000020704701387047002D06BF3546033850
:1061E000073815F0010F07D1013015F4807F02BF89
:1061F000013015F4C03F0130F0BC0138704700BFDA
:10620000032A70B414D940EA0105AD0704460B46D1
:1062100022D11D682668AE421946204603F10403C8
:1062200004F1040418D1043A032A20461946F0D890
:10623000541E72B102780B789A4208BF641806D0D7
:106240000CE010F8012F11F8013F9A4206D1A1424B
:10625000F7D1002070BC7047541EEBE7D01A70BC19
:10626000704700BF844641EA000313F003036DD179
:10627000403A41D351F8043B40F8043B51F8043B09
:1062800040F8043B51F8043B40F8043B51F8043B10
:1062900040F8043B51F8043B40F8043B51F8043B00
:1062A00040F8043B51F8043B40F8043B51F8043BF0
:1062B00040F8043B51F8043B40F8043B51F8043BE0
:1062C00040F8043B51F8043B40F8043B51F8043BD0
:1062D00040F8043B51F8043B40F8043B51F8043BC0
:1062E00040F8043B51F8043B40F8043B51F8043BB0
:1062F00040F8043B403ABDD2303211D351F8043B50
:1063000040F8043B51F8043B40F8043B51F8043B8F
:1063100040F8043B51F8043B40F8043B103AEDD2FE
:106320000C3205D351F8043B40F8043B043AF9D24F
:10633000043208D0D2071CBF11F8013B00F8013B22
:1063400001D30B8803806046704700BF082A13D32F
:106350008B078DD010F003038AD0C3F10403D21A47
:10636000DB071CBF11F8013B00F8013B80D331F87B
:10637000023B20F8023B7BE7043AD9D3013A11F8FB
:10638000013B00F8013BF9D20B7803704B78437066
:106390008B788370604670478842F0B40DD98B18B3
:1063A00083420AD9841832B1224613F8014D02F80B
:1063B000014D9942F9D1F0BC70470F2A49D940EA02
:1063C00001039B0747D1A2F110031B0901F120072C
:1063D00007EB031701F1100400F1100554F8106CDD
:1063E00045F8106C54F80C6C45F80C6C54F8086CBB
:1063F00045F8086C54F8046C45F8046C1034BC4241
:1064000005F11005EAD1013302F00F051B01032D40
:106410001944034421D91F1F0E462C46043C56F84C
:1064200004CB47F804CF032CF8D82C1F24F0030426
:1064300004342344214402F00302002ABBD0013B70
:106440000A4411F8014B03F8014F9142F9D1F0BC15
:1064500070470346F1E70346F1E72A46EDE700BF40
:10646000F0B4860743D0541E002A3ED0CAB2034679
:1064700002E014F1FF3438D303F8012B9D07F8D163
:10648000032C2BD9CDB245EA05250F2C45EA05454D
:1064900016D9A4F110073F0903F1200606EB0716F1
:1064A00003F1100242E9045542E902551032B242AA
:1064B000F8D104F00F040137032C03EB07130DD9B7
:1064C0001E462246043A032A46F8045BFAD8221FE5
:1064D00022F003020432134404F003042CB1C9B2C5
:1064E0001C4403F8011B9C42FBD1F0BC70471446CE
:1064F0000346C5E770B50D46084C114606461A46D8
:10650000284600232360ECF7EBF8431C00D070BD55
:106510002368002BFBD0336070BD00BFC41601247C
:1065200070B5054688B008460C4600F0E9FC224AE2
:10653000AB6B04940126441C04A906920222039426
:106540000590AC680796CDE901121BB3616EB4F9F2
:106550000C30CE079AB201D4900525D5910406D40B
:10656000626E43F4005322F40052A381626628460F
:1065700001AA2146FFF78EF8636E00280CBF0A259A
:106580004FF0FF35DA0702D4A3899B0506D52846CC
:1065900008B070BD2846FEF75BFCD7E7A06DFFF79B
:1065A0009BFA284608B070BDA06DFFF793FAB4F9C6
:1065B0000C309AB2D2E700BF105D0708024B0146CB
:1065C0001868FFF7ADBF00BF680E0024024B0A46F3
:1065D00001461868EAF756BF680E0024838903F065
:1065E0000903092B01D000207047FEF7D9BB00BF7B
:1065F000F8B50C46054610B1836B002B40D0B4F9BA
:106600000C309AB2970407D4626E43F4005322F41C
:1066100000526266A3819AB200219606616038D466
:1066200050071AD4D10662D512074ED443F00403A2
:10663000A3812369002B55D0B4F90C70BEB2B30707
:106640002AD12269226028466369256AE169A84740
:106650000028606017DD0020F8BD216B0029E8D01C
:1066600004F14003994202D02846EAF7EBFFE36BBE
:10667000636000202063002BDBD0A36B2360F8BD98
:10668000FEF7E6FBBBE7B4F90C3016D143F020036C
:10669000A3814FF0FF30F8BD194B1A491868012348
:1066A000A38106F00906FFF773F9092EA781C8D167
:1066B00021462846FEF79CFAC3E743F04003002238
:1066C000A38162604FF0FF30F8BD21462846FEF7F7
:1066D00039FB0028DDD1B4F90C30A060A06123F0B3
:1066E0000803A3E721462846FFF726FAA4E743F06C
:1066F000400309222A604FF0FF30A381F8BD00BF9C
:10670000FC5C0708DD65060838B5074C0023054624
:1067100008462360EBF75EFC431C00D038BD2368BD
:10672000002BFBD02B6038BDC416012400290CBF00
:10673000022200224FF4806300F000B82DE9F043FC
:106740005D4C256883B00446884616461F4615B141
:10675000AB6B002B7ED0022E05D0012E00F2A9805B
:10676000002FC0F2A680636EDA0735D52146284691
:10677000FEF7E8FA216B41B104F14003994202D0DF
:106780002846EAF75FFF00232363B4F90C300022A8
:106790001806A261626061D423F44A6323F0030304
:1067A000022EA3811FD10025616E002004F1430257
:1067B00043F00203A060C9074FF00100A3812260EB
:1067C000C4E9042004D49B0502D4A06DFFF784F92A
:1067D000284603B0BDE8F083A3899B05C6D4A06D0D
:1067E000FFF778F9C2E701AB6A4621462846FFF772
:1067F00075F9A3891843A081002F36D1009F384630
:10680000FFF7E4F98046002842D0A38943F08003D3
:10681000A381AB6B7BB3009AB4F90C30C4F8008051
:10682000BA421CBF43F40063A381012E04BF43F0AE
:106830000103A3819BB213F00802C4E904871ED1AF
:10684000A260656E15F00105BDD00025284603B095
:10685000BDE8F0832846FEF7FBFA7CE7216928466D
:10686000EAF7F0FEB4F90C3096E7B8F1000FC6D0A5
:10687000AB6B002BCFD12846FEF7EAFACBE7DA075D
:1068800004D57F420022A761A260DAE7A760D8E7BB
:10689000DDF80090B94504D1B4F90C304FF0FF3564
:1068A00082E74846FFF792F980460028F4D04F4629
:1068B000ABE74FF0FF358BE7680E00241F2938B592
:1068C00022D8D0F8DC3205460C466BB153F82120B3
:1068D00052B1012A12D0511C12D00025204643F893
:1068E00024509047284638BD284600F02FF822460D
:1068F00001462846BDE8384000F014B8002038BDF5
:1069000016230360012038BD162303604FF0FF30CB
:1069100038BD00BF024B01461868FFF7CFBF00BF6C
:10692000680E002438B50B46074C0546114618463C
:106930000023236007F092FF431C00D038BD23687A
:10694000002BFBD02B6038BDC416012407F07EBF9E
:106950000CB430B5214B00299DB01C6838DB4FF4D6
:10696000027302900690ADF8143021A819D00139B5
:106970000346209A0491079101904FF6FF7502A9F2
:106980002046ADF8165001F0DFFE421C01DA8B23E1
:106990002360029B00221A701DB0BDE8304002B097
:1069A000704703460491079101904FF6FF75209AB6
:1069B000ADF8165002A9204601F0C6FE431C04DBC8
:1069C0001DB0BDE8304002B070478B232360F7E76D
:1069D0008B2323604FF0FF30F2E700BF680E0024E6
:1069E0000EB430B59CB01FAB0C4C0D4D53F8042BBE
:1069F0000193014602910691206802A96FF00044BC
:106A00000794CDE9044501F09FFE029B00221A7015
:106A10001CB0BDE8304003B0704700BF680E0024D2
:106A20000802FFFF0EB470B59DB021AC4FF40172A7
:106A300054F8045BADF814200290069000F060FA60
:106A40000C4B019401462A46039107910A4E18689F
:106A50000A9623464FF6FF75002402A90E9413945C
:106A6000ADF8165003F060F81DB0BDE8704003B0FB
:106A7000704700BF680E0024A16A060810B50C46D6
:106A8000B1F90E1007F07AFA002803DB236D0344F6
:106A9000236510BDA38923F48053A38110BD00BFDB
:106AA000002070472DE9F0411646B1F90C201F4631
:106AB000D3050C460546B1F90E1007D50022022376
:106AC00006F0C0FDB4F90C20B4F90E1022F4805287
:106AD000A2813B4632462846BDE8F04105F048BA5F
:106AE00010B50C46B1F90E1006F0ACFDA389421C9E
:106AF0000EBF23F4805343F480532065A38110BD5F
:106B0000B1F90E1005F0B0BAC9B200F003030029C4
:106B100043D07BB10378002B67D099423CD0431C13
:106B200005E013F8012B002A5DD08A4234D09A0781
:106B30001846F6D170B4046841EA012646EA0646D2
:106B400086EA0405A5F10133A4F1013223EA050325
:106B500022EA0402134313F0803F0FD150F8044F90
:106B600084EA0605A5F10132A4F1013322EA050207
:106B700023EA0403134313F0803FEFD0037843B1BB
:106B8000994202D106E08B4204D010F8013F002B5D
:106B9000F9D1184670BC704770475BB10378002B81
:106BA000FAD0431C03E002780133002AF4D099079D
:106BB0001846F8D10268A2F1013323EA020313F068
:106BC000803F08D150F8042FA2F1013323EA0203D9
:106BD00013F0803FF6D00378002BDDD010F8013F92
:106BE000002BFBD17047104670471846704700BF16
:106BF0000000000000000000000000000000000095
:106C0000A2EB0300704700BF02780B78012A28BF6F
:106C10009A42F5D16DE9044540EA0104CDE90267E5
:106C20006FF0000C4FEA447212B380EA010414F0D2
:106C3000070F6AD100F0070420F0070004F00305F5
:106C400021F007014FEAC505F0E8042314F0040F12
:106C5000F1E804670CFA05F462EA040266EA040645
:106C60000AD063EA0403624667EA0407664603E063
:106C7000F0E80423F1E8046782FA4CF582EA06049E
:106C8000A4FA8CF46CBB83FA4CF583EA0705A5FAE9
:106C90008CF595B950E9022351E9026782FA4CF567
:106CA00082EA0604A4FA8CF483FA4CF583EA070519
:106CB000A5FA8CF52543DBD09CB92DBAB5FA85F43D
:106CC00024F0070427FA04F1DDE9026723FA04F34C
:106CD00003F0FF0001F0FF01FDE80445A0EB010017
:106CE000704724BAB4FA84F424F0070426FA04F1B5
:106CF000DDE9026722FA04F202F0FF0001F0FF0171
:106D0000FDE80445A0EB0100704714F0030F3CD1EF
:106D100010F0030428D150F8082B51F8083B82FAF0
:106D20004CF582EA0305A5FA8CF55DB950F8042C00
:106D300051F8043C82FA4CF582EA0305A5FA8CF579
:106D4000002DE8D02DBAB5FA85F424F0070423FA13
:106D500004F122FA04F202F0FF0001F0FF01FDE865
:106D60000445A0EB010070474FEAC40420F0030083
:106D700050F8082B21F0030151F8083B0CFA04F4F9
:106D800062EA040263EA0403C9E710F003041AD0BC
:106D9000A1EB040120F00300E40750F8042B06D017
:106DA0000FD28B785FFAA2F4E41A06D12BB1CB781C
:106DB0005FFAB2F4E41A00D11BB920465DF8104B1B
:106DC000704701F1040150F8042BCC0721F00301B6
:106DD00051F8043B48D824D222F07F4482FA4CF583
:106DE00094EA1325A5FA8CF50AD165B951F8043B4C
:106DF00084EA0204B4EB036F0ED150F8042BEBE7E6
:106E00004FEA132355E035F07F454DD10878FDE872
:106E10000445C0F1000070474FEA126203F0FF031F
:106E200047E002EA1C4482FA4CF594EA1345A5FABD
:106E30008CF50AD165B951F8043B84EA0204B4EB3D
:106E4000034F0CD150F8042BEBE74FEA134330E02B
:106E500015EA1C4528D10B884FEA124229E04FEA77
:106E6000124203EA1C4324E002F0FF0482FA4CF5CC
:106E700094EA1365A5FA8CF50AD165B951F8043B7B
:106E800084EA0204B4EB032F09D150F8042BEBE79A
:106E90004FEA13630DE015F0FF0F05D10B684FEAC1
:106EA000122223F07F4304E04FF00000FDE8044588
:106EB000704712BA1BBA82FA4CF482EA0304A4FAAD
:106EC0008CF5B5FA85F402FA04F203FA04F34FEAFA
:106ED0001260FDE80445A0EB13607047000000005D
:106EE00000000000000000000000000000000000A2
:106EF0000000000000000000000000000000000092
:106F000090F800F06DE9024520F007016FF0000CE9
:106F100010F0070491F820F040F049804FF0000491
:106F20006FF00700D1E9002391F840F000F108006C
:106F300082FA4CF2A4FA8CF283FA4CF3A2FA8CF3A4
:106F40004BBBD1E9022382FA4CF200F10800A4FA0B
:106F50008CF283FA4CF3A2FA8CF3E3B9D1E904235F
:106F600082FA4CF200F10800A4FA8CF283FA4CF396
:106F7000A2FA8CF37BB9D1E9062301F1200182FA50
:106F80004CF200F10800A4FA8CF283FA4CF3A2FA56
:106F90008CF3002BC6D0002A04BF04301A4612BA64
:106FA000B2FA82F2FDE8024500EBD2007047D1E967
:106FB000002304F00305C4F100004FEAC50514F0F6
:106FC000040F91F840F00CFA05F562EA05021CBFC7
:106FD00063EA050362464FF00004A9E7002A41D0A6
:106FE00040EA010313F00303F0B425D1032A23D9A7
:106FF00004680D68AC421FD1043A35D0A4F10135C4
:1070000025EA040414F0803F31D1071D0D1D0DE069
:1070100057F8043B0E68A3F10134B34224EA030499
:107020000AD1043A20D014F0803F1DD1032A29460A
:10703000384605F10405EBD803780C789C4202F140
:10704000FF320CD182B114B90EE06AB17BB110F8F5
:10705000013F11F8014FA34202F1FF32F5D0181B96
:10706000F0BC7047104670470020F0BC70471846CF
:10707000F6E700BF70B40478A4B10D7806464DB1B0
:10708000A5420AD00A4601E0A34206D012F8013F09
:10709000002BF9D1801B70BC704710F8014F002CF9
:1070A000EDD1F7E72046F6E74FF0010C2DE9F0416E
:1070B000644600264FF0FF3533198B4200EB05077D
:1070C0000DD23F5D10F803E0BE452DD21E460124CF
:1070D000A3EB050C33198B4200EB0507F1D34FF0FE
:1070E0000108C2F800C0444600264FF0FF373319AC
:1070F0008B4200EB070C0ED21CF804C010F803E022
:10710000E64518D91E460124A3EB070833198B4224
:1071100000EB070CF0D30137681C874224BFC2F88C
:1071200000803846BDE8F0810CD04FF0010C3546A8
:1071300064466644C0E70BD04FF00108374644462A
:107140004644D4E7644512BF01341E460124B3E728
:10715000444512BF01341E460124C8E72DE9F04F13
:10716000ADF2144D914605468B461046194603AACA
:107170001C46FFF799FF03AB80460DF20C4243F823
:10718000044F9342FBD154B1631E09F1FF3204A8AE
:1071900012F8011F40F8213013F1FF33F8D20399A0
:1071A000424649444846FFF72BF800286ED108F1C3
:1071B000FF3301934B4482460093234607465446CF
:1071C00058469A4607EB0A06321A00212844FEF771
:1071D000C7FF002855D1002E53D0AB1904AA13F8CD
:1071E000013C52F823304BB124B1039A9A4201D9A1
:1071F000AAEB02031F4400243046E3E7444523463C
:107200000AF1FF3C38BF4346634513D2FA1819F818
:10721000030015F802E086452A4409EB030106D075
:107220002BE011F801EF12F8010F864525D101334B
:107230006345F6D3019B4445194680F08780FB18CF
:10724000009AE85C127882422B447FD1009804F1C6
:10725000FF3B06E010F801ED13F801CDE64503D140
:1072600011464A1E9345F5D101348C4270D8039CD7
:1072700030462744AAEB0404A4E7C8F101021744EE
:10728000B8E700200DF2144DBDE8F08FA4EB080321
:10729000434538BF4346013308F1FF37039309EBF9
:1072A000070358464FF0000AC34698460AEB040607
:1072B000321A00212844FEF753FF0028E1D1002EA6
:1072C000DFD0AB1904AA13F8013C52F82330A3BB5A
:1072D000611E8B4515D20AEB0B0219F80B3015F81D
:1072E00002C09C452A4409EB0B005B4606D027E010
:1072F00010F801EF12F801CFE64521D101338B429E
:10730000F6D37B1C12D00AEB070398F80000E95C67
:10731000884205EB03020FD1434605E013F8010D47
:1073200012F8011D884207D14B45F7D105EB0A0041
:107330000DF2144DBDE8F08F039B9A443046B5E73B
:10734000CBF1010292449A443046AFE741468BE7C5
:10735000E81997E72DE9F04F02780E4685B005460B
:1073600009788AB3A1B18446741C0846012701E05C
:1073700068B11C46904214BF002707F0010723465E
:107380001CF8012F13F8010B002AF1D1F0B91FB13D
:10739000284605B0BDE8F08F681CFFF7B5FB07462F
:1073A000A0B1A41B012C16D0254485422CBFA5EB0F
:1073B00000094FF001091F2C0FD9234632464946D8
:1073C000FFF7CCFE0546E3E70029E1D0002528467B
:1073D00005B0BDE8F08F0546DAE703AA214630463E
:1073E000FFF762FE03998046024631443046FEF7BD
:1073F00007FF00284ED108F1FF330193F3188246AE
:10740000054600934846B3466619321A00213844AF
:10741000FEF7A6FE0028D9D1002ED7D0D04543468E
:1074200038BF53469C4212D95A191BF80310B85C56
:1074300081423A440BEB030C06D072E01CF8010FBA
:1074400012F8011F88426CD101339C42F6D1019B96
:10745000D045194677D9EB18009AF85C1278824229
:107460003B4470D100980AF1FF3906E010F801EDB5
:1074700013F801CDE64503D111464A1E4A45F5D120
:107480000AF1010A8A454AD8039B30461D44A4EB01
:10749000030AB9E7A4EB0803434538BF4346013369
:1074A00008F1FF3A039306EB0A0348460025B3466A
:1074B00099466619321A00213844FEF751FE002819
:1074C00084D1002E82D0444514D908EB05021BF864
:1074D0000830B85C98423A440BEB0801434606D0AA
:1074E00027E011F801CF12F8010F844521D10133B3
:1074F0009C42F6D1BAF1FF3F11D005EB0A0399F88F
:107500000020F95C91423B4419D14A4605E012F84B
:10751000010D13F8011D884211D15A45F7D13D44A0
:1075200036E7C8F1010215441D444FF0000A304609
:107530006AE7C8F1010215441D443046B9E7039BD0
:1075400030461D44B5E741469AE700BF70B50D4689
:10755000164606F0AFFB41EC100B7EB1C5F30A53A3
:10756000C3F16B03002B09DD1B0503F17F510020E4
:1075700001F5401141EC170B20EE070B70BD000028
:107580002DE9F04F2DED0E8B1D469BB0002382465A
:10759000284689460992169306F044F800240023F1
:1075A00006460068CDE90634FFF7AAFCCDF85490F2
:1075B00083464B461A4613F8014B2D2C00F2F180FE
:1075C000DFE814F05A00EF00EF00EF00EF00EF00EB
:1075D000EF00EF00EF00C000C000C000C000C0001E
:1075E000EF00EF00EF00EF00EF00EF00EF00EF0023
:1075F000EF00EF00EF00EF00EF00EF00EF00EF0013
:10760000EF00EF00C000EF00EF00EF00EF00EF0031
:10761000EF00EF00EF00EF00EF006A00EF00BD00A9
:107620005A464046FFF7DAFC002840F08B83159B52
:1076300003EB0B02159213F80B40302C034606D1D6
:10764000013215921478302C03F10103F8D0A4F123
:107650003102082A40F2A985652C4FF0000240F063
:107660006B83164617464FF0010B002B40F05681F6
:107670000499002940F05281099B13B1099BC3F87A
:1076800000909FEDAB7B8DED047BDDE904011BB029
:10769000BDEC0E8BBDE8F08F00230A9302F10108C8
:1076A000CDF854805478002CE6D0302C7ED00023C6
:1076B0000493A4F13003DAB2092A3168B0D8002665
:1076C00037463546404601301590082D047807EBC3
:1076D0008702CABF06EB860603EB420703EB4606AA
:1076E000A4F13003DAB2092A05F10105EBD95A46B3
:1076F000FFF774FC40B3002318469B462A46652CCE
:1077000068D0452C66D04FF0000C002D40F0BF80B3
:107710001BB9049B002B00F0B7829FED857B8DED9C
:10772000047B099A0AB1159B13600A9B002BACD00D
:107730009DED047BB1EE477B8DED047BA5E7012336
:107740000A93ABE7159335E7159B03EB0B021592F4
:1077500013F80B402A460346A4F1300CBCF1090F84
:1077600000F24382591CE346DDF854E0BCF1000FFF
:1077700000F076860129084400F06F862B4404E06F
:10778000670099420D4600F05A84082D05F1010169
:1077900007EB8704F4DD1029DCBF06EB86067600D4
:1077A000EFE70023302C90460A9380D198F80130FF
:1077B000582B00F01D82782B00F01A8243460133CB
:1077C00015931C78302CFAD09846002CA5D00123B4
:1077D00004936EE7002D3FF448AFDDF8549009F1B3
:1077E0000101159199F801402B2C00F020822D2CDD
:1077F00000F0258200210B91A4F13001092900F24B
:107800008F80302C05D11599013115910C78302CD1
:10781000FAD0A4F1310108293FF675AF15990C9102
:1078200001F1010CA4F130010C9CCDF854C0647836
:107830000D91A4F1300EBEF1090F12D89E46634699
:107840000133159301EB810104EB41011C78A4F194
:10785000300CBCF1090FA1F13001F1D99C460D911A
:1078600073460C99ACEB010CBCF1080F44F61F6C8D
:1078700004DC0D996145A8BF61468C460B9900292F
:107880003FF443AFCCF1000C002D3FF441AF07EEC5
:10789000907AB8EE677BACEB00038DED047B0C9324
:1078A000DDE90434002A08BF2A46102DCDE906344C
:1078B0002B46A8BF1023092D46DC0C99002928D09F
:1078C0000C9840F36184162800F37F841A4901EB79
:1078D000C00191ED007B9DED066B27EE067B8DEDE3
:1078E000047B1EE715A8154905F094FD00283FF418
:1078F000C3AE159B1249013B15A8159305F08AFDEF
:1079000010B9159B01331593DFF838900023CDE9AA
:1079100006399DED067B8DED047B02E700255CE7D3
:10792000CDF854904FF0000CEFE600BFAFF30080AD
:107930000000000000000000605F0708145D0708F9
:10794000185D07080000F07FC94901EBC30111ED84
:10795000126B9DED045B07EE906A0F2DB8EE677B0E
:10796000A5EE067B8DED067BA7DD0C99EB1A0B448B
:10797000002B40F3E58213F00F000AD0BC4901EB65
:10798000C0019DED066B91ED007B27EE067B8DED32
:10799000067B33F00F030FD0B3F59A7F40F3AB8330
:1079A000B44B0793002206929DED067B22238DEDBA
:1079B000047BCAF80030B4E600230B9300972B46F3
:1079C0004146504605F0F2FE8346002800F0C28191
:1079D0000C9A0026002AC2F10003A8BF33460D937B
:1079E00022EAE2739FED98AB9FED999B9FED9ABBC6
:1079F0009FED9B8B34460F93B3E0D21A1F2AA7EB5F
:107A0000020700F32C82012393401093002311936B
:107A1000B8440B9B4F44B94598444B46A8BF3B46DE
:107A20004345A8BF4346002B04DDFF1AA8EB03081B
:107A3000A9EB03090D9B002B40F0A981002F00F357
:107A4000BF810C9B002B00F3E481B8F1000F00F321
:107A5000EB81B9F1000F08DD21464A46504606F099
:107A600041F80446002800F0DD812A461699504668
:107A700006F0AAF80646002800F0D4810023C26868
:107A8000C36021460E9206F083F80028C0F2D78327
:107A9000DDF81C9000F01D842146304606F0EAF91E
:107AA000B0EE006B41EC170BB4EEC67BF1EE10FAB2
:107AB00000F2C4810E9B002B00F0E181B7EE00DBE9
:107AC0006D4B0022DFF8AC816C4909EA08078F4250
:107AD00000F0EE810B99D9B1B7F1D46F18D8B4EE9C
:107AE000C8DBF1EE10FA10D8BCEECD7B17EE103AE1
:107AF000002B00F08983B8EE47DB0E9B002B40F093
:107B00008083B1EE4D7B53EC172B03F1D661CB1B79
:107B1000DDE904894046494643EC1C2B06F0CAF8CF
:107B200049EC178B41EC160BACEE067B53EC172B94
:107B3000CDE906230B9A22B94E4A1A40974200F02B
:107B4000E3811699504605F0E7FD2946504605F0B9
:107B5000E3FD2146504605F0DFFD3146504605F075
:107B6000DBFDDBF80410504605F0B0FD05460028AB
:107B700000F05881DBF810209DED067B0232920068
:107B80000BF10C010C308DED047BFEF76BFB18A89C
:107B900017A9CDE90010DDE90423504606F00CF9E1
:107BA0001690002800F015810121504605F09AFE3C
:107BB0000446002800F03681179B002BC0F2498153
:107BC0000D9ADDF83C8003EB02090B9A189F9B1A73
:107BD0003B442B4A013B9342C7F13607FFF60DAFFA
:107BE00001230020CDE9103012E74FF0010B86E5AC
:107BF0000A9A029516ABCDE9003215A917AB214AB6
:107C0000504605F077F910F0070504463FF485ADBE
:107C1000062D40F03D82099A08F10103002A3FF445
:107C200030AD9FED117B13608DED047B2DE50021C0
:107C30000B9109F10201159199F80240DCE501214F
:107C40000B91F6E7AFF300809535A094FFFFDF3F7F
:107C500035E5AF350000E03F9535A094FFFFCF3FFD
:107C60000000C0FFFFFFDF41000000000000000037
:107C7000605F07080000F07F0000F03F0000E07F39
:107C800002FCFFFF245D0708BBF1000F7FF4F4AC9A
:107C9000493C252C3FF6F0AC01A353F824F000BF7B
:107CA000E578060879760608797606087976060872
:107CB000797606086B7D06087976060879760608D7
:107CC00079760608797606087976060879760608C0
:107CD00079760608797606087976060879760608B0
:107CE00079760608797606087976060879760608A0
:107CF0007976060879760608797606087976060890
:107D0000797606087976060879760608797606087F
:107D1000797606087976060879760608797606086F
:107D2000E5780608797606087976060879760608F1
:107D3000797606086B7D06081546164617464FF0FD
:107D4000010BDEE400221646174613461046154680
:107D50009346D4E4C64BCDE906039DED067B222372
:107D60008DED047BCAF80030DBE415A8C14905F0AD
:107D700051FB00283FF480AC159B1B78282B00F0AA
:107D80002983DFF808830023CDE90638C1E52146C1
:107D90001A46504605F056FE0446002842D00146D9
:107DA000169A504605F0A8FD00283BD00E90169973
:107DB000504605F0B1FC0E9B1693002F7FF741AEA5
:107DC0003A461699504605F08DFE169000287FF42D
:107DD00038AEA74B0793002206929DED067B8DEDF2
:107DE000047B2223CAF800300146504605F094FC7B
:107DF0002946504605F090FC2146504605F08CFC83
:107E00005946504605F088FC3146504605F084FC42
:107E100087E429460F9A504605F014FE05460028CF
:107E20007FF413AE1698D4E729464246504605F033
:107E300059FE054600287FF40CAEF3E70E9BB6EE24
:107E400000DB27EE0DDBBBB9B1EE4D7B53EC172BFE
:107E500038E60F9ADDF83490A2EB0308B5E6C3F1DB
:107E60007F4303F57F0303F57B430122E23302FAEC
:107E700003F3CDE91023CBE553EC1D2B22E6069B43
:107E8000002B40F0C780C9F31303002B37D1B7EEA6
:107E9000006BB4EEC67BF1EE10FA00F1CB81B6EECA
:107EA00000DB27EE0DDBB1EE4D7B53EC172B09E623
:107EB000A9F1547107919DED06EB51EC1E0B43ECBB
:107EC0001C2B05F0F7FE41EC170BACEE07EB8DED2C
:107ED00006EB079B684ADDE9040103EA08089045C0
:107EE000CDE9120140F2A780644B059A9A4200F056
:107EF0008E8162494FF0FF33CDE9063121E6B7EEBE
:107F000000DB00225E4BDDE5BDEECD7B0E9AB8EEC8
:107F1000C77B3DEE477B002A70D1069A002A6DD1BF
:107F2000C3F31303002B69D1B4EECB7BF1EE10FA4F
:107F30007FF507AE9DED067B16988DED047B53E72C
:107F40003FF43AAD5B4213F00F000AD04D4901EB0C
:107F5000C0019DED066B91ED007B86EE077B8DEDFC
:107F6000067B1B113FF428AD1F2B3EDC13F01001E4
:107F70000B9140F0E481002B40F3DE819DED067B08
:107F80008DED047B40490020DC0708D59DED046B96
:107F900091ED007B26EE077B8DED047B01205B10CD
:107FA00001F10801F0D1002840F04D820B9B002B1D
:107FB00000F0C281DDE90601C1F30A53C3F16B038E
:107FC000002B0ADD1F2B40F328820020342B069063
:107FD00040F32B824FF05C7307939DED067BB5EE6B
:107FE000407BF1EE10FA7FF4E9AC9FED1F7B22237A
:107FF000CAF800308DED047BFFF793BBB4EECA7B6B
:10800000F1EE10FA96D4B4EEC97BF1EE10FA7FF7D8
:1080100098AD8FE7069B012B7FF471AFB9F1000F8C
:108020007FF46DAF9FED107B2223CAF800301698C5
:108030008DED047BD8E603F1547307937AE54D1C6C
:10804000082940F3BC80102D00F3F28006EB860671
:108050000CEB460600230EF1010115919EF801403C
:10806000FFF77ABBAFF300800000000000000000C3
:108070000000F07F205D0708FFFF9F7CFFFFEF7F80
:108080000000F0BF605F0708505D07080000F8FFC0
:10809000169A3AB1352118A805F020FF50461699D6
:1080A00005F03AFB013D042D06D8DFE805F0180C79
:1080B00003111800B64B0793230742BF079B43F0F9
:1080C0000043079325E4189B0693199B0793F3E756
:1080D0004FF0FF336FF00042CDE90632ECE7DDE907
:1080E0001813179A069102F2334223F4801343EADD
:1080F00002530793E0E71B11012BA64E40F30F81BB
:108100009DED067B8DED047B00243146204613F067
:10811000010F00F101004FEA630308D09DED046BED
:1081200091ED007B26EE077B8DED047B0124012B76
:1081300001F10801EBD1002C40F08A81079B9449A2
:10814000954CA3F15473079306EBC00090ED007BB0
:108150009DED066B27EE067B8DED047B0598DDE932
:1081600004BC00EA0103A342CDE906BC54D8A1F146
:1081700058718B4240F2CC80884B079300230B93BD
:108180004FF0FF33069319E410F11601FFF6EDAB43
:108190008349A1EBC00191ED007B9DED066B86EE5E
:1081A000077B8DED047BFFF7BCBADDF8548000221D
:1081B000A4F1300B581CC64617461646012507EB9E
:1081C00087070BEB4707002345E70C98C5F125010E
:1081D0008142FFF6CAABC5F10F05714B421B03EBA1
:1081E000C20203EBC50392ED006B93ED007B9DEDA6
:1081F000065B27EE057B27EE067B8DED047BFFF704
:1082000090BA53EC1D2B80E4B7EE00DB75E4049BC1
:1082100001337FF46EAE05E60023069307919DEDD2
:10822000067B22238DED047BCAF80030FFF779BA74
:10823000002310E700225B4BB6EE00DB42E40E9B0E
:10824000002B60D1DDE9061200295CD1C2F31303D3
:10825000002B58D122F000431B0D1B05B3F1D66F44
:1082600051D9736913B93369012B4CDD31460122B1
:10827000504605F037FC2146064605F089FC0028EB
:1082800041DDDDE906010B9B0A46002B00F0B480BE
:1082900021F000431B0D1B05B3F1D66F00F3AC803A
:1082A000B3F15C7F7FF7BEAE3F4A0023CDE91232C7
:1082B0009DED047B9DED126B27EE067B8DED047B1F
:1082C000059B1BBB049B0BBB22231698CAF80030EE
:1082D0008AE50E99354AC9F3130311B3934233D09B
:1082E000119B23B313EA090F0DD00E9B0B9ADDE906
:1082F0000601002B5CD0FFF729F99DED047B37EEDA
:10830000007B8DED047B0B9B002BCDD116986BE58C
:1083100000F15473079300230B93FFF74FBB00202A
:108320000CE7002BDCD1069B002BD9D1A9E7109BD1
:10833000069A1342E7D0D8E700230B934DE6002BB3
:108340007BDD6A210B9119E60B9B069A002B3ED030
:108350000F4B09EA0303B3F1D46F38D81B0DC3F1F7
:108360006B034FF0FF3101FA03F39A42B8D10B4B84
:10837000994565D0064B09EA030303F5801307937B
:10838000002306939DED067B8DED047BBBE700BFCC
:108390000000F07F385F07080000A07CFFFFEF7F40
:1083A000605F07080000E0BF00005039FFFF0F00CA
:1083B000FFF7CCF89DED047B37EE407BB5EE407BBC
:1083C000F1EE10FA8DED047B3FF42CAE9BE74FF0FD
:1083D000FF33CAE715A818AA224905F033F8052883
:1083E0007FF4CFAC199B43F0FF4343F4E0030793C2
:1083F000189B0693FFF78DBA1B4B1340A3F5801310
:108400006FEA13536FEA035307934FF0FF3306935A
:108410009DED067B8DED047B75E74FF0FF3101FA92
:1084200003F3069919400691D7E5203B4FF0FF3042
:1084300000FA03F30B400793CFE56A230B93B9E5EA
:10844000013297D1EEE4DDE90434CDE90634ADE53F
:10845000DDE90434CDE9063470E629460135EFE55F
:108460000B46F8E5385D07080000F07F054B1B68F8
:1084700010B45B6B044C002B08BF23465DF8044B23
:10848000FFF77EB8680E0024981200242DE9F84FFB
:108490000E468046174699460D4600E025462C4676
:1084A0000A9814F801BBFDF7FFFA5844417811F01F
:1084B0000801F3D1BBF12D0F57D0BBF12B0F04BF37
:1084C00095F801B0AC1CB9F1000F04D0B9F1100F50
:1084D00050D0CC4605E0BBF1300F55D04FF00A0923
:1084E000CC4600290CBF6FF0004E4FF0004E002527
:1084F000BEFBFCF328460CFB13EA05E029D00CFB7D
:108500000020012514F801BBABF13002092A05D97E
:10851000ABF14102192A0BD8ABF1370291450FDDBF
:10852000B5F1FF3FEED08342E8D24FF0FF35E9E7E7
:10853000ABF16102192A03D8ABF157029145EFDC88
:108540006B1C0BD001B140420FB14DBB3E60BDE88A
:10855000F88F9245D3DA4FF0FF35D3E72223C8F8DE
:108560000030FFB1661E7046F0E7AC1C95F801B014
:108570000121A8E7BBF1300FABD1237803F0DF0373
:10858000582B06D0CC46ACE7237803F0DF03582BFA
:108590000AD14FF0100C94F801B0E1460234A0E784
:1085A0008646DFE77046D2E74FF00809CC4698E7E9
:1085B00030B5064C064D2468646B83B0002C08BFB0
:1085C0002C460094FFF762FF03B030BD680E002414
:1085D000981200242DE9F0470D46074616469846A6
:1085E0008A4600E0A2465446089814F8019BFDF71D
:1085F0005BFA4844407810F00800F3D1B9F12D0F30
:108600005CD0B9F12B0F0ABF9AF8011049460AF164
:108610000204B8F1000F0CD0B8F1100F54D04FF095
:10862000FF3EBEFBF8FE08FB0EFA6FEA0A0AC146DF
:1086300008E0302950D04FF00A08DFF8E0E0C146EA
:108640004FF0050A00239C4607E0F44513D828D0D4
:1086500009FB0C2C012314F8011BA1F13002092A9B
:1086600005D9A1F14102192A08D8A1F13702904594
:108670000CDD002BE9DA4FF0FF33ECE7A1F16102EA
:10868000192A03D8A1F157029045F2DC002B0DDB2B
:1086900008B1CCF1000C0EB173B935606046BDE88D
:1086A000F0875245D4DD4FF0FF33D4E722233B60FF
:1086B0004FF0FF3C002EF1D0651EEEE70AF10204F8
:1086C0009AF801100120A4E7302912D04FF00F0AC8
:1086D0006FF0704EC146B5E7237803F0DF03582BE7
:1086E0000CD04FF00808C1464FF0070A6FF0604EFB
:1086F000A8E7237803F0DF03582B09D14FF01009C6
:108700006178C8464FF00F0A02346FF0704E99E757
:10871000C1466FF0704E4FF00F0A93E7999999197F
:1087200030B5064C064D2468646B83B0002C08BF3E
:108730002C460094FFF74EFF03B030BD680E0024B6
:1087400098120024000000002DE9F04F2DED068B5B
:10875000BFB00C460B9190460F930C9004F064FF51
:10876000036815931846FEF7CBFBA38914901D06EA
:1087700003D52369002B00F0E28600239FED968B42
:108780009FED979BCDE922330DF1B8091293139316
:1087900016930A93CDF88490CA4698F80030002BBF
:1087A00000F09A80252B444602D11CE0252B03D0F3
:1087B00014F8013F002BF9D1A4EB080585B1DDE9E0
:1087C000223201332A44072BCAF80080CAF8045029
:1087D000CDE9223278DC0AF1080A0A9B2B440A937D
:1087E0002378002B78D04FF0000300228DF86730FB
:1087F0004FF0FF3063780D921146164604F10108E0
:10880000099008F101089B46ABF12003582B00F2B8
:108810005E83DFE813F0C6025C035C03C1025C0305
:108820005C035C035C035C035C03B502B0025C03A5
:10883000500335035C035503BB00BB00BB00BB000A
:10884000BB00BB00BB00BB00BB005C035C035C0364
:108850005C035C035C035C035C035C035C03130369
:10886000E7025C03E7025C035C035C035C03E20277
:108870005C035C03AA005C035C035C035C035C03B5
:1088800077005C035C0390025C035C035C035C03A5
:108890005C035C035C035C035C035C0388013B01D9
:1088A000E702E702E70236013B015C035C032901B2
:1088B0005C031501AC00CF00CA005C03EB005C0355
:1088C00079005C035C03CE0221AADDE90B1005F000
:1088D0007FFD40B9CA4680E7239B23B10C980B99D2
:1088E00021AA05F075FD0B9B9B8913F0400F0A9B95
:1088F00018BF4FF0FF330A930A983FB0BDEC068BC8
:10890000BDE8F08F46F01006B7060F9B40F1FA84E1
:10891000073323F0070303F10802D3E900450F9260
:1089200001234FF000028DF86720099A013200F010
:10893000FF8326F08002079254EA05024FF00007F9
:1089400040F0C780099A002A40F07B86002B40F057
:10895000AE8416F001030E9300F018853EAB1A4664
:10896000302302F8413D1092D4E046F0100616F094
:10897000200300F0D0840F9B073323F0070303F19B
:108980000802D3E900450F920023CAE7ABF1300398
:10899000002018F801BB00EB800003EB4000ABF1B6
:1089A0003003092BF5D90D902EE746F0200698F8F4
:1089B000003026E70F9A0C4B14681393043247F6E5
:1089C0003003ADF8683046F002060F92002502230E
:1089D0004FF0780BA5E700BF00000000000000008A
:1089E000FFFFFFFFFFFFEF7F9C5D07080F9A1368F3
:1089F00010934FF000018DF86710141D002B00F04C
:108A0000CE85099A531C00F06D8600211098FDF761
:108A1000A7FB002800F05387109B9DF867700F9408
:108A2000C31A00220E9323EAE37309920796089370
:108A30001192002F00F08A80089B0133089385E093
:108A4000002A41F04D800F9AB00652F8043B0F9275
:108A500000F1D484F10600F1C885720640F1C585A5
:108A6000BDF828201A8098E698F800306C2B03BFD8
:108A700098F8013046F0200608F1010846F010068B
:108A8000BFE646F0400698F80030BAE6002A41F00A
:108A90003B80B4060F9B40F1DA81073323F00703D4
:108AA000D3E9004503F108020F92002C75F1000391
:108AB000C0F27884099B9DF86770013300F07D84D3
:108AC00026F08002079254EA05024FF001033FF4BA
:108AD00039AF012B00F03283022B00F0548349465A
:108AE00000E01146E20842EA4572E80804F0070394
:108AF00005461446303354EA050001F8013C01F103
:108B0000FF32EED107981092C00700F12284A9EB42
:108B100002030E93099B0E9A9342B8BF1346089323
:108B20000023119385E70F9A079613688DF890300C
:108B30004FF00001131D8DF8671001210027CDE9CA
:108B40000E1324AB0891099711971093079B13F00C
:108B5000020302D0089A023208920799239A11F070
:108B600084063AD10D9908980C1A002C35DD102C8A
:108B70002299BD4D24DD50461027C246B0461E4600
:108B800004E0103C102C00F1080015DD013110321A
:108B90000729CDE92212C0E90057F2DD21AADDE95B
:108BA0000B1005F015FC00287FF49DAE103C102C36
:108BB000DDE922124846E9DC33464646D046824685
:108BC000013122440729CDE92212CAE9005400F3F9
:108BD00010859DF867700AF1080A77B12299013172
:108BE00001320DF1670401200729CDE92212CAE9FB
:108BF000004000F3B0820AF1080A6BB1229B0133F6
:108C000002321AA80221072BCDE92232CAE900015B
:108C100000F3AE820AF1080A802E00F0C781099B9A
:108C20000E995D1A002D2FDD102D229B8F4C20DD1B
:108C300051461026DDE90BA704E0103D102D01F18F
:108C4000080115DD01331032072BCDE92232C1E9CD
:108C50000046F2DD21AA5146384605F0B9FB00284E
:108C60007FF441AE103D102DDDE922324946E9DCAA
:108C70008A4601332A44072BCDE92232CAE900454E
:108C800000F396820AF1080A079BDB0500F13681A2
:108C9000229B1099CAF800100E99CAF804100133EB
:108CA0000A44072B2392229300F3EE810AF1080A6B
:108CB000079B590730D50D9B08995C1A002C2BDDBA
:108CC000102C229B684D1EDD1026DDE90BB704E059
:108CD000103C102C0AF1080A15DD01331032072B65
:108CE000CDE92232CAE90056F2DD21AA59463846BA
:108CF00005F06EFB00287FF4F6AD103C102CDDE98A
:108D00002232CA46E9DC01332244072BCDE9223264
:108D1000CAE9005400F330830A9B0D9908988142F8
:108D2000ACBF5B181B180A93002A40F07681002321
:108D30002293CA4631E5002A40F0DA864C4B139361
:108D4000B1060F9B3DD5073323F00703D3E9004558
:108D500003F108020F92F70740F1B78054EA0503C8
:108D600000F0B38030238DF868308DF869B046F09C
:108D700002060223D5E598F8003001222B2140E5B8
:108D80000F9898F8003004680D94002C00F104004E
:108D9000C0F2E4830F9034E546F0010698F8003005
:108DA0002FE598F8003000297FF42BAD0122202117
:108DB00027E5002A40F0A0862E4B1393B1060F9BA7
:108DC000C1D453F8044B0F93F20600F1E38273060B
:108DD00040F1E082A4B20025BDE746F0080698F80D
:108DE00000300EE5002A40F07F860F9B073323F00A
:108DF000070393ED008B0833B0EEC87BB4EE497BDC
:108E0000F1EE10FA0F9340F30783B5EEC08BF1EE4D
:108E100010FA00F113859DF86770174A174B03216C
:108E2000002026F08004BBF1470FD8BF1A46CDE9D9
:108E30000810079410920E911190FAE5002A40F064
:108E40005F8646F01006B4060F9B3FF526AE53F83A
:108E5000044B0F93F00600F19F82710640F19C8253
:108E600024B2E51721E600BFBC5D0708CC5D07080A
:108E7000885D07089C5D07087C5D0708785D07082A
:108E800098F800B0BBF12A0F08F1010000F00F863E
:108E9000ABF13003092B804600F2E584002018F87E
:108EA00001BB00EB800003EB4000ABF13003092B6A
:108EB000F5D90990A8E498F8003046F00406A0E43B
:108EC00046F0800698F800309BE4022329E5002A4A
:108ED00040F01E86BBF1000F3FF4FEAC01230027DB
:108EE00008934FF000020E9324AB8DF890B08DF8EC
:108EF0006720079609971197109327E6BBF1650F36
:108F000040F3CD80B5EE408BF1EE10FA40F0608179
:108F1000229BAD49CAF80010013301320121072B11
:108F2000CDE92232CAF8041000F3B6830AF1080A28
:108F3000129A1B9B9342239A80F21982229B1599C5
:108F4000CAF800101499CAF8041001330A44072B18
:108F5000CDE9223200F318830AF1080A129B5D1E44
:108F6000002D7FF7A5AE102D229B984C40F36D830A
:108F70001026DDE90BB705E00AF1080A103D102DB7
:108F800040F3638301331032072BCDE92232CAE963
:108F90000046F1DD21AA5946384605F019FA0028A5
:108FA0007FF4A1ACDDE92232CA46E7E70D9B0899C0
:108FB0005D1A002D7FF733AE102D229B834C20DDF0
:108FC00051461026DDE90BA704E0103D102D01F1FC
:108FD000080115DD01331032072BCDE92232C1E93A
:108FE0000046F2DD21AA5146384605F0F1F9002885
:108FF0007FF479AC103D102DDDE922324946E9DCE1
:109000008A4601332A44072BCDE92232CAE90045BA
:1090100000F325830AF1080A01E621AADDE90B1015
:1090200005F0D6F900283FF482AE5CE421AADDE920
:109030000B1005F0CDF900287FF455AC1B99239A4D
:10904000CA4619B9129B002B00F05C83229B15982D
:10905000CAF800001498CAF8040001330244072B30
:109060002392229300F336840AF1080A0029C0F201
:109070006F841299109801330A44072BCDE92232EC
:10908000CAE900017FF712AE21AADDE90B1005F055
:109090009FF900287FF427AC239ACA4608E6129C61
:1090A0002298012C02F1010200F101030AF10801EA
:1090B00040F33C810120109CCAF80040072BCDE909
:1090C0002232CAF8040000F3A4821498159C0133DC
:1090D0000244072BCDE92232C1E9004000F3A5820A
:1090E0000831129CB5EE408B581CF1EE10FA074681
:1090F00004F1FF3501F1080A00F0DE80109C4D609C
:1091000001342A4407280C602392229000F32A821B
:1091100001F11004981C5146A246169C4C60224452
:109120001DAB0728239222900B607FF7C1ADABE700
:10913000012B07964FF000077FF4CEAC002D08BF3F
:109140000A2C80F040813EAB303403F8414D10933F
:1091500001230E93DEE421AADDE90B10179305F03D
:1091600037F900287FF4BFAB239A179BCA4644E522
:1091700021AADDE90B1005F02BF900287FF4B3AB31
:10918000239ACA4648E5139E4A46230904F00F0075
:1091900043EA057329091C460D46335C02F8013D7C
:1091A00054EA0503F1D1A9EB020310920E93B1E446
:1091B00021AADDE90B1005F00BF900287FF493AB31
:1091C000239ACA4660E500BFB85D0708CC5D070872
:1091D0001B99002940F34F82DDE911318B42A8BF72
:1091E0000B46002B1D460EDD229B1099CAF800107D
:1091F00001332A44072B2392CAF80450229300F328
:1092000012830AF1080A119B002DA8BF5B1B002BDB
:109210001D4600F371811B9B12998B42C0F2D481D1
:109220000799CD0700F1D0811299119CCB1A0D1B23
:109230009D42A8BF1D46002D0FDD22991098CAF847
:109240000450013120442A440729CAF80000CDE91E
:10925000221200F326830AF1080A002DACBF5D1B21
:109260001D46002D7FF724AD102D229BC54C40F3E9
:10927000EC811026DDE90BB705E00AF1080A103D84
:10928000102D40F3E28101331032072BCDE9223259
:10929000CAE90046F1DD21AA5946384605F098F89A
:1092A00000287FF420ABDDE92232CA46E7E7099BBC
:1092B0000E93CDF840902DE4002D7FF72EAF102DAA
:1092C000B04C40F3D8831026DDF82CA00C9F034649
:1092D00005E00831103D102D40F3E88101331032D4
:1092E000072BCDE92232C1E90046F2DD21AA514621
:1092F000384605F06DF800287FF4F5AADDE9223242
:109300004946E7E753F8044B0F93F5067DD5002552
:109310000123FFF706BB0F9A52F8044B0F9216F089
:10932000100200F0E1800025FFF7FBBA079CE4077C
:109330003FF5C0AE0124109DCAF80050072BCDE9BF
:109340002232CAF8044000F30D8102300AF1100AFB
:10935000E3E6302B00F03281109A0239302302F814
:10936000013CA9EB01030E931091FFF7D3BB079BC0
:10937000DF073FF5E3AD9BE421AADDE90B1005F023
:1093800027F800287FF4AFAA239AC5E4CDF84090CF
:10939000FFF7C0BB0025DEE4E517002C75F10003E4
:1093A000BFF688AB099B64424FF02D0765EB45057E
:1093B00001338DF867707FF483AB002D08BF0A2C52
:1093C0000796FFF4C0AE4E46204629460A220023E7
:1093D000FAF758FA303206F8012D204629460023C4
:1093E0000A22FAF74FFA04460D4654EA0503EBD178
:1093F000A9EB060310960E93FFF78CBB0A9A104652
:10940000D117C3E90001FFF7C8B9700648BFA4B27D
:1094100000250123FFF785BAB4EE488BF1EE10FA70
:1094200080F10183099B5A1C2BF0200500F0368245
:10943000472D00F06C8146F48073079318EE903A44
:10944000002BC0F20C82B0EE48AB0027BBF1660FD8
:1094500000F00D82BBF1460F00F05E82452D00F05A
:109460005B811FA81CA91BAA0223099C0292CDE9BB
:1094700003100093019453EC1A2B0C9802F098FE01
:10948000BBF1670F109040F02183F30740F16B812F
:10949000109B099A9918B5EE40ABF1EE10FA40F026
:1094A000D2810B46109A9B1A1293472D1B9B119346
:1094B00000F06281BBF1660F40F06681119B002BCA
:1094C000099B40F3D182002B40F0C482F60700F1E3
:1094D000C182119B08930E93002F40F08081099761
:1094E0009DF86770FFF7A5BA16F040031CBF13463E
:1094F000A4B20025FFF715BA102D229B214C40F392
:10950000E5801026DDE90BB705E00AF1080A103DF9
:10951000102D40F3DB8001331032072BCDE92232CE
:10952000CAE90046F1DD21AA5946384604F050FF49
:1095300000287FF4D8A9DDE92232CA46E7E74021B6
:109540000C98E8F733F80B9B18601861002800F0BE
:10955000BF820B9A40235361FFF70FB964420D9409
:109560000F90AAE421AADDE90B1004F031FF0028D6
:109570007FF4B9A9DDE922020DF1C00A01304946A4
:10958000CBE500BFCC5D070821AADDE90B1004F094
:109590001FFF00287FF4A7A9239ACA46DEE4099B8F
:1095A000109F0997062B28BF062308930E93B94BEB
:1095B0000F94079611971093FFF73BBA109BA9EBF6
:1095C00003030E93FFF7A6BA22991598CAF8000074
:1095D0001498CAF804000131024407292392229109
:1095E00000F315810AF1080A1EE60A9A1A60FFF7CD
:1095F000D4B821AADDE90B10179304F0E9FE002886
:109600007FF471A99DF86770239A179BCA46FFF7EC
:10961000E4BA21AADDE90B1004F0DAFE00287FF499
:1096200062A9DDE9223249464FE521AADDE90B10A6
:1096300004F0CEFE00287FF456A9DDE92232494627
:109640004FE5012B7FF448AA7DE501332A44072B1F
:10965000CDE92232CAE900457FF728AB14E521AAFB
:10966000DDE90B1004F0B4FE00287FF43CA9239A36
:10967000CA46FFF7D4BA229B8748CAF800000133D4
:1096800001320120072BCDE92232CAF804003FF74E
:10969000CDAC0AF1080AD4E421AADDE90B1004F0EC
:1096A00097FE00287FF41FA9CA4641E4581C01F127
:1096B00008032A4407282392C1E9004522903FF776
:1096C00051AF013003F1080A194626E501332A4457
:1096D000072BCDE92232CAE9004500F32E810AF1B9
:1096E000080A98E51098FDF70BFC002320EAE072C9
:1096F0000E9009930F940796089211939DF8677046
:10970000FFF797B9079BDE077FF5D2AA9EE4002BEF
:1097100008BF012309938EE6099B1FA85C1C1CA9A6
:109720001BAA0223CDE9031002920093019453EC8B
:109730001A2B0C9802F03CFD1090BBF1470F40F043
:10974000AC81F30740F1AC81109BBBF1460F03EBFA
:1097500004017FF4A0AE109B1B78302B00F05881E1
:109760001B9C214497E61B9A1F9B1192109A472D30
:10977000A3EB0203129307D1119BDA1C02DB099AB7
:109780009A4233DAABF1020B119B8DF874B0013BB6
:10979000002B1B93BDBF119BC3F101032D222B2274
:1097A000092B8DF8752000F30081303330228DF8BD
:1097B00077308DF876201EAB1DAA9B1A129A16934D
:1097C000012A13440E9340F33B810E9B149A1344D9
:1097D0000E9323EAE3730893002311937CE62D276D
:1097E00000238DF867700993FFF726B9DDE9113181
:1097F0008B427DDBF40740F10481119B149A1344E2
:109800000E9323EAE37308934FF0670B64E621AAF3
:10981000DDE90B1004F0DCFD00287FF464A81B9B3D
:10982000239ACA4600E521AADDE90B1004F0D0FD19
:1098300000287FF458A8239ACA46E4E42D278DF81F
:109840006770FFF7EABA1F9B8B42BFF42BAE302044
:109850005A1C1F9218701F9B9942F9D822E6B1EE4C
:1098600048AB2D27F2E500230993FEF7CDBF1CA9D5
:10987000099C01941FA81BAA0323CDE9031002929F
:1098800000930C9853EC1A2B02F092FC10900119E3
:1098900061E700BFB05D0708B85D070806230993BC
:1098A000C9E521AADDE90B1004F092FD00287FF440
:1098B0001AA81B9B1299239ACB1ACA46CDE4099B7E
:1098C00008930E9309900F94079611909DF8677076
:1098D000FFF7AFB821AADDE90B1004F079FD0028ED
:1098E0007FF401A81B99DDE92232CA46FFF7BEBB0F
:1098F000149A129B1344119A0E93002A06DC119BB2
:109900000E9AC3F101031A4413460E9223EAE3733D
:1099100008934FF0670BDFE51FA81CA91BAA0323C0
:10992000099C0292CDE903100093019453EC1A2B89
:109930000C9802F03DFC109006E721AADDE90B101F
:1099400004F046FD00287EF4CEAF239ACA4662E4B6
:109950004D421031704C1CDA1026DDE90BB704E0E3
:109960000AF1080A103D102D13DD01331032072BC8
:10997000CDE92232CAE90046F2DD21AA594638462D
:1099800004F026FD00287EF4AEAFDDE92232CA469F
:10999000E8E701332A44072BCDE92232CAE9004522
:1099A0006EDC0AF1080AFFF764BB0DF18305284657
:1099B0005A4C00E01046A4FB0321C90801EB8102C8
:1099C000A3EB42023032092900F8012C0B4600F1CA
:1099D000FF32EFDC30330238DBB2854202F8013C63
:1099E00071D90DF17600114601E011F8013B00F844
:1099F000013B8D42F9D121AB9B1A0DF17602134444
:109A0000DAE623EAE37208920E934FF0670B63E500
:109A1000B5EE40ABF1EE10FA3FF4A2AEC4F1010492
:109A20001B94214437E518EE903A002BB6BF2D2742
:109A30009DF867708DF86770394A3A4BFFF7EFB9B8
:109A400016F0010311937FF4C0AE0E9B23EAE3737B
:109A5000089341E5119B149A1344099A1A4422EA87
:109A6000E2730E92089337E53BB9F50705D401235D
:109A700008930E9330E553461BE6149B0133ECE745
:109A800021AADDE90B1004F0A3FC00287EF42BAF23
:109A9000DDE92232CA46FFF7ECBA109B1919FAE445
:109AA0001B9A1F9B1192109A9B1A129364E60F9DAA
:109AB00098F801302C68804644EAE474281D099423
:109AC0000F90FEF79EBE0DF1760375E6099C34E615
:109AD0000C9A0C2313604FF0FF330A93FEF70CBF70
:109AE0008DF86710FEF7AFBF8DF86710FFF77DB9EF
:109AF0008DF86710FFF722B98DF86710FFF75CB992
:109B00008DF86710FFF79DB98DF86710FEF7C1BF9C
:109B10008DF86710FFF7DEB9CC5D0708CDCCCCCC53
:109B2000845D0708805D07082DE9F04F8A46B1F98A
:109B30000C10ADF52B7D8E0402909346059309D44D
:109B4000DAF8643041F4005123F40053AAF80C1001
:109B5000CAF86430002306930493994603935F4642
:109B600017F8013B0F93002B00F07B81FBF7A0FF60
:109B70000F9B1844467816F0080640F07B82252B90
:109B800040F09A829BF801803546344607F1010B7C
:109B9000B8F1780F7AD8DFE818F03B037900790044
:109BA00079007900790079007900790079007900ED
:109BB00079007900790079007900790079007900DD
:109BC00079007900790079007900790079007900CD
:109BD00079007900790079007900790079007900BD
:109BE000790079008E0279007900790079008B0381
:109BF0007900790079007900790082038203820379
:109C00008203820382038203820382038203790038
:109C1000790079007900790079007900790079007C
:109C20007900810080037900800379007900790050
:109C300079009D0379007900480279007900790064
:109C4000790079007900790079009A037900790028
:109C50009103790079007900790079007900790021
:109C60005903830080038003800353034303790077
:109C700079004903790073034A026503790079008A
:109C8000630379005D03790079009A03FBF710FF05
:109C90004044437803F00303012B01D145F0010553
:109CA000A24B06930A2304930327DAF80430002B0F
:109CB00040F3C8816B0610D5013F032F00F2D68018
:109CC000DFE817F0FA008F002100130251460298D6
:109CD00004F036FC002840F0BC81FBF7E9FEDAF81E
:109CE00000301A781044013342781007E4D5DAF8CE
:109CF0000420013A002A09F10109CAF80420E5DD2F
:109D0000CAF80030E9E7631EB3F5AE7F86BF6FF493
:109D1000AE7204EB02084FF0000852AECDF820807E
:109D2000DDF81080079688BF40F25D1445F4586551
:109D30000027DAF800100878A0F12B034D2B00F271
:109D40001281DFE813F066011001660110011001B5
:109D500043013D013D013D013D013D013D013D010D
:109D60006B016B01100110011001100110011001B5
:109D70001001370137013701370137013701100171
:109D8000100110011001100110011001100110014B
:109D9000100110011001100110011001100110013B
:109DA000F500100110011001100110011001100147
:109DB0001001370137013701370137013701100131
:109DC000100110011001100110011001100110010B
:109DD00010011001100110011001100110011001FB
:109DE000F500002C08BF4FF0FF3405F0100615F009
:109DF000010540F0A683002E40F0F181059B1F680D
:109E00001D1D3E46FBF754FEDAF800201378184477
:109E1000511C4378180715D4DAF80430CAF800103A
:109E2000013BCAF80430137806F8013B013C09D025
:109E3000DAF80430002BE5DC5146029804F080FB90
:109E40000028DFD0F71B0023B9445F46039A337024
:109E500017F8013B0595013203920F93002B7FF415
:109E600085AE03980DF52B7DBDE8F08F002C08BF63
:109E7000012405F0100715F0010540F03E84002F85
:109E800000F04B83029F08E0CAF800601D44E41A0A
:109E900004F056FB002840F09184DAE900239C424C
:109EA0005146384602EB0306EEDC1B1B2244CAE98E
:109EB00000232544A94452E6002C08BF4FF0FF348C
:109EC000EA06DAF8003000F1E582059A1568161DF9
:109ED0002F460DF1480801E0DAF800301A7818F83A
:109EE0000220591CC2B1DAF80420CAF80010013A65
:109EF000CAF804201B7807F8013B013C0CD0DAF8C3
:109F00000430002BE8DC5146029804F019FB0028CD
:109F1000E2D0BD4200F09D807D1BA2D0039A059641
:109F20000023013203923B70A94418E6B18506086C
:109F300005F4C063B3F5007F15D125F4007545F431
:109F4000A0654FF01008DAF804303070013B002BA8
:109F500006F10106CAF8043054DD0131CAF80010D8
:109F6000013C7FF4E6AEE905CDF8108007D5079BEC
:109F70009E4200F23984079B9E423FF472AF15F077
:109F8000100412D12246049B34700799069C029853
:109F9000A047059BAA0603F1040440F1A5821B68B3
:109FA0001860039B059401330393079BF61A37440B
:109FB000B944D4E5B8F10A0FD5DD25F43865C2E718
:109FC000AC4B25F4386533F91880BCE72B05BAD5BE
:109FD000B8F1000F03D145F400754FF008086A0589
:109FE00000F14483089B25F4607513B1013B08938D
:109FF0000134DAF80430013B002B07F10107CAF8FD
:10A000000430AADC5146029804F09AFA0028A7D03E
:10A01000A9E72B06A7D525F0800594E7954B33F9E2
:10A020001880B8F1080FC8DC9DE745F00105924B98
:10A03000069308230493DAF80430002B4FF003074B
:10A040003FF738AE5146029804F07AFA00283FF400
:10A0500031AE039A002A00F0DB80BAF80C3013F01E
:10A06000400F18BF4FF0FF32039203980DF52B7D80
:10A07000BDE8F08FDAF80420029C12E0FBF718FD2F
:10A08000DAF800301A78104401334278150710D5F9
:10A09000DAF80420CAF80030013A09F10109CAF8D7
:10A0A0000420002AEADC5146204604F049FA002840
:10A0B000E4D0BB4653E55F46DAF80430002B40F3AA
:10A0C000A782DAF8003017F8012C197891427FF452
:10A0D000C8AEDAF804200133013ACAF8003009F1B9
:10A0E0000109BB46CAF8042039E5029803F09CFA3E
:10A0F000631E02680992B3F5AE7F00F2C4810023AB
:10A100000B930023CDE90C3352AACDF828B0079267
:10A1100045F4F0651F46089390469B46DAF8000028
:10A120000178A1F12B0CBCF14E0F00F29F81DFE80A
:10A130001CF004019D0104019D019D01F800D70060
:10A14000D700D700D700D700D700D700D700D70057
:10A150009D019D019D019D019D019D019D01960116
:10A160009D019D019D0180017B019D019D012301B8
:10A170009D019D019D019D0111019D019D019D017B
:10A180009D019D010D019D019D019D019D01090103
:10A190009D019D019D019D019D019D019D019601D6
:10A1A0009D019D019D0180017B019D019D01230178
:10A1B0009D019D019D019D0111019D019D019D013B
:10A1C0009D019D010D019D019D019D019D010901C3
:10A1D0005146029804F0B4F900287FF46BAEFBF707
:10A1E00067FCDAF800301A78104401334278160719
:10A1F0003FF560AEDAF80420CAF800300135013AC4
:10A20000AC42CAF804203FF455AE002AE7DCDFE791
:10A210004FF0FF33039303980DF52B7DBDE8F08FCE
:10A22000164B06930023049303273EE597F801801D
:10A23000B8F16C0F00F0D18245F001055F46A5E44E
:10A2400097F8018045F004055F469FE445F040051E
:10A2500000272AE5084B06930A230493032724E5E5
:10A26000022722E545F40875034B06931023049357
:10A2700003271AE5E45D070821870608B18506086B
:10A28000EC063FF56CAC059A680752F8043B059262
:10A2900040F1BF82A3F8009061E4042705E504EBD8
:10A2A000840408EB4404303C97F801805F466DE479
:10A2B00097F8018045F010055F4667E4594612A8FB
:10A2C00003F072FE45F0400583460127EDE445F4B6
:10A2D0000075C9E797F8018045F002055F4655E42F
:10A2E0001BEB060F17D125F4C07588F8001008F194
:10A2F0000108DAF804100139002904F1FF3409F1EA
:10A300000109CAF8041040F364810130CAF8000062
:10A31000002C7FF403AF5B46DDF828B0002F3AD065
:10A3200073E1EB05DCD50B9B25F080050137002B95
:10A33000DFD0013B0B930134DBE72A06EBD525F098
:10A340008005D2E7072EE6D10826CEE7062EE2D119
:10A350000726CAE7BBF1000F40F046812FB905F48C
:10A36000E06CBCF5E06F00F03382012E01D0042ECA
:10A37000D1D10136F6B2B8E7002E40F03C81002F73
:10A3800040F0408105F4E06CBCF5E06F00F01C8209
:10A390005B46DDF828B0013B012B40F26B82731E57
:10A3A000062B40F23D81E80513D5690500F1748262
:10A3B00018F8011C652908F1FF3409F1FF3602D0B5
:10A3C000452940F05C815246029804F07BF8B14682
:10A3D000A04615F010027FF4C2AB05F4C063B3F5DC
:10A3E000806F88F8002000F00D820C9B002B40F05D
:10A3F0005181002207990298FEF738F8059BEA0779
:10A4000041EC170B03F1040400F12881059B15F0C2
:10A4100002001E6800F00B8286ED007B039B059412
:10A4200001330393FFF79BBB022E7FF474AF032627
:10A430005BE705F4A06CBCF5806F04D06B057FF57D
:10A440006AAF002FA4D0AA0503D4089BFB1ACDE95C
:10A450000C3825F4F06545F4C075002745E7BBF1DD
:10A46000010F7FF458AF4FF0020B3EE7099B93F8C2
:10A4700000C08C457FF44FAFAB057FF54CAF25F4A2
:10A480002075089731E76FF4AE72A3180B9340F272
:10A490005D1436E600250DF148081A7818F80220F8
:10A4A0000133DAB1DAF80420CAF800300135013A94
:10A4B000AC42CAF804203FF4FDAC002AEDDC514662
:10A4C000029804F03DF800287FF4F4ACDAF800308C
:10A4D0001A7818F802200133002AE3D1002D3FF446
:10A4E000C0ACA944FFF73BBB6B0700F1BB8015F084
:10A4F000010240F0E480A90740F1E180BF4B0699DA
:10A5000002989942049B079900F0C38103F056FE1C
:10A51000059B1B68C3E9000143E5059D0298296876
:10A52000CDF800A02346012204F028F82B1D0028B6
:10A530003FF48FAD039A0593013281440392FFF7F4
:10A540000EBB10AB1846082200210793FBF788FFCB
:10A55000002E00F08E800DF13C080025FBF7A8FAD4
:10A56000DAF800301B78184443781F0700F1BB80ED
:10A57000002C00F0B880FBF789FAA8423FF469ADDF
:10A58000DAE9002312F8010BCAF80020079A0092BA
:10A5900052AA013B6F1CCAF8043050553B46414655
:10A5A000029803F065F8431C3FF453AD002840F0D7
:10A5B0008880C8F8000003F027F8002840F04681A2
:10A5C000B944013C002E40F0538108F1040837469D
:10A5D0007AE05146029803F0B3FF00287FF49BAE67
:10A5E000002C7FF49BAD96E6BBF1020F7FF4BDAE6D
:10A5F0004FF0030B79E6032E3FF4BBAE052E3FF47C
:10A60000B8AE88E65B46DDF828B025F48075C2E672
:10A610005146029803F094FF00283FF452AD18E52C
:10A62000022E40F24881032E3FF4BDAE341FE4B247
:10A63000E643464409954546A046029C15F8011D8F
:10A640005246204603F03EFFB542F7D1444609F199
:10A65000FF39A846A9EB0409099DA4E61B68C3E9D4
:10A660000001DBE6059B1B6818809AE425F4B065C1
:10A6700069E4059BD3F80080043305936DE75246E7
:10A68000029803F01FFFA9F1020618F8021CA8F1B6
:10A69000020498E60D9C029821460A230131FDF739
:10A6A00087FF0C9BA046C21A0DF29B23984528BF3A
:10A6B0000DF29A2840465249FCF792F999E6059B1B
:10A6C0006DE4023040F00A81DAF80430002B00F328
:10A6D000BB805146029803F033FF002800F0B4809D
:10A6E000002F7FF4B6AC002E7FF439AAC8F80060C2
:10A6F000039B01330393FFF732BA10AB18460822CD
:10A7000000210793FBF7ACFE002F40F09A80059BD9
:10A710001A68043305930897029FCDF824B00025EA
:10A720000DF5A4789346FBF7B1F9A8423FF491AC3C
:10A73000DAE9002312F8010BCAF80020013B079A5E
:10A7400000926E1CCAF80430594608F805003346DA
:10A750004246384602F08CFF411C3FF47AAC18BBED
:10A76000089BB144013C1BB9CBF800300BF1040B42
:10A770000025DAF80430002B07DD002CD3D1DDE909
:10A78000087B002F7FF4EBA9B2E75146384603F06F
:10A79000D7FE0028F1D0DDE9087B002D7FF459AC0D
:10A7A000002F7FF4DCA9A3E7023001D13546E0E7B2
:10A7B000089BB144013C002BD8D0D9E7002D3FF4D1
:10A7C00048ACA944FFF7CBB925F4F06501268CE528
:10A7D00025F4F0654FF0010B87E597F8028045F00E
:10A7E00002050237FFF7D2B916F8011C029852464B
:10A7F00003F068FE013EFFF7BEBB00BF21870608DD
:10A80000DC5D0708089BFF1A7A42002F7FF44CAFEB
:10A81000EFE5E90707D4AA0705D54846C117C3E9FC
:10A820000001FFF79CB9C3F80090FFF798B9B4EEA8
:10A83000477BF1EE10FA4DD6B7EEC77B86ED007A76
:10A84000ECE500231A4666E73D4687E6002F3FF415
:10A850004AAF7D1E52AB029F1D440DF2471415F8FE
:10A8600001195246384603F02DFEAC42F7D13AE7C3
:10A87000074629E7079DA8457FF6F3AA029C18F82A
:10A88000011D5246204603F01DFEA845F7D1FFF7F3
:10A89000E8BA03F08BFD3BE6079DA8457FF6E1AAE9
:10A8A000029C18F8011D5246204603F00BFEA845F5
:10A8B000F7D1FFF7D6BA079B98457FF6D2AA18F8CA
:10A8C000011D0298524603F0FDFD079B9845F6D105
:10A8D000FFF7C7BA03F0A0FB30609FE5D8F800008F
:10A8E00069E600BF10B50446FBF7E2F82044437860
:10A8F00003F00303022B08BF203C204610BD00BF1D
:10A900002DE9F04F2DED068BBDB01C4688469246D2
:10A9100005460A9002F088FE036813931846FCF778
:10A92000EFFA0E9412901DB1AB6B002B00F0058175
:10A93000D8F86410B8F90C20C80793B202D499056E
:10A9400040F147819F040AD4D8F8641042F40053C0
:10A9500021F40051A8F80C30C8F864109BB21E070F
:10A9600040F1B180D8F81020002A00F0AC8003F04C
:10A970001A020A2A00F0C58000239FEDA18B9FEDEB
:10A98000A29B1193CDE92033CDE9143309932CAB6D
:10A990001F939946C3469AF80030002B00F080823E
:10A9A000252B544602D11EE0252B03D014F8013F7D
:10A9B000002BF9D1A4EB0A058DB1DDE9203201337A
:10A9C0002A44072BC9F800A0C9F80450CDE9203269
:10A9D00000F3DC8009F10809099B2B4409932378D3
:10A9E000002B00F05D824FF0000300228DF85F30F5
:10A9F00066780B924FF0FF331146174604F1010AB7
:10AA000008930AF1010AA6F12003582B00F2E38310
:10AA1000DFE813F0DA02E103E103E202E103E1031C
:10AA2000E103E103E103E10332033E03E103AE038B
:10AA30007F03E1036002E700E700E700E700E700CB
:10AA4000E700E700E700E700E103E103E103E103DA
:10AA5000E103E103E103E103E103E10399034303BC
:10AA6000E1034303E103E103E103E103B803E1038D
:10AA7000E1039700E103E103E103E103E103AB003C
:10AA8000E103E1036502E103E103E103E103E10323
:10AA9000E103E103E103E103E103BF02FE0043033D
:10AAA000430343034E02FE00E103E1035302E103CB
:10AAB000220399006F03B303E103FC02E103AD003D
:10AAC000E103E103E70241460A9801F067FA88B121
:10AAD000D8F86430DD0704D4B8F80C309C0540F198
:10AAE00072834FF0FF33099309983DB0BDEC068B9C
:10AAF000BDE8F08FB8F80C3003F01A020A2A7FF490
:10AB00003BAFB8F90E20002AFFF636AFD8F8642024
:10AB1000D00705D4990503D4D8F85800FAF7DCFF1C
:10AB20002346524641460A9801F032F909900998A5
:10AB30003DB0BDEC068BBDE8F08F0A98FAF788F9B6
:10AB4000F6E647F0100717F0200340F020830E9A36
:10AB500052F8044B0E9217F0100204D117F0400384
:10AB60001CBF1346A4B20025D9E147F01007BA066E
:10AB70000E9B00F1178353F8044B0E93FB0602D48F
:10AB80007D0648BFA4B200250123C8E11FAA59468B
:10AB90000A9803F0A7FD50B90DF1B0091CE71FAAF0
:10ABA00059460A9803F09EFD002800F07081D846AF
:10ABB000D8F86420B8F80C30D00702D4990540F1D9
:10ABC000FB825A068DD409983DB0BDEC068BBDE8DA
:10ABD000F08FD8F85800FAF77DFFB8F90C2093B23F
:10ABE000B0E6A6F1300300201AF8016B00EB8000FC
:10ABF00003EB4000A6F13003092BF5D90B9002E7D7
:10AC00000000000000000000FFFFFFFFFFFFEF7FDC
:10AC1000002A41F08A80BA060E9B40F19D820733DC
:10AC200023F00703D3E9004503F108020E92002C3C
:10AC300075F10003C0F29B849DF85F300C93089B74
:10AC4000013300F0A18427F08002069254EA050245
:10AC50004FF0010340F07481089A002A40F04085CB
:10AC6000002B40F0528417F001030D9300F05D8536
:10AC70000DF1F008302308F8413D089B0D9A9342EE
:10AC8000B8BF13460793002310930C9B13B1079B87
:10AC900001330793069B13F002030F9302D0079B27
:10ACA00002330793069B219A13F084073CD10B9B38
:10ACB00007995C1A002C37DD102C2099BF4D25DD3B
:10ACC00048461023C146B0460A9E04E0103C102CB2
:10ACD00000F1080017DD013110320729CDE92012FB
:10ACE000C0E90053F2DD1FAA594630460C9303F029
:10ACF000F9FC00287FF45BAF103C102CDDE920123A
:10AD00002CA80C9BE7DC4646C8468146013122440C
:10AD10000729CDE92012C9E9005400F357849DF8B2
:10AD20005F300C9309F108090C9B73B12099013134
:10AD300001320DF15F0401200729CDE92012C9E994
:10AD4000004000F3778309F108090F9B6BB1209B4A
:10AD50000133023218A80221072BCDE92032C9E9BC
:10AD6000000100F3738309F10809802F00F0A48229
:10AD7000089B0D995D1A002D2FDD102D209B904C06
:10AD800020DD49461027DDF8289004E0103D102D05
:10AD900001F1080115DD01331032072BCDE9203216
:10ADA000C1E90047F2DD1FAA5946484603F09AFC64
:10ADB00000287FF4FCAE103D102DDDE920322CA9D7
:10ADC000E9DC894601332A44072BCDE92032C9E961
:10ADD000004500F3498309F10809069BD90500F1F4
:10ADE0001182209B0D99C9F8008001330A44072B7A
:10ADF0002192C9F80410209300F3FD8209F108099B
:10AE0000069B5C0738D50B9B07995C1A002C33DD39
:10AE1000102C209B694D1EDD10260A9F04E0103C7B
:10AE2000102C09F1080916DD01331032072BCDE98A
:10AE30002032C9E90056F2DD1FAA5946384603F010
:10AE400051FC00287FF4B3AE103C102CDDE9203219
:10AE50000DF1B009E8DC01332244072BCDE92032A3
:10AE6000C9E9005408DD1FAA59460A9803F03AFCC4
:10AE700000287FF49CAE219A099B0B990798814288
:10AE8000ACBF5B181B180993002A7FF488AE00231F
:10AE900020939AF800300DF1B009002B7FF480ADBB
:10AEA000219BD846002B40F07586002320937FE637
:10AEB00047F040079AF80060A3E59AF800606C2E0E
:10AEC00003BF9AF8016047F020070AF1010A47F032
:10AED000100796E547F080079AF8006091E5002A90
:10AEE00040F03D87374B1493B8060E9B40F18280AB
:10AEF000073323F00703D3E9004503F108020E925C
:10AF0000FB0740F1AF8254EA050300F0AB82302327
:10AF10008DF860308DF8616047F0020702234FF032
:10AF200000028DF85F20089A013200F07082002242
:10AF30000C9227F08002069254EA05023FF48CAE90
:10AF4000012B00F06A82022B00F0F8812CA900E0AE
:10AF50004146E20842EA4572E80804F00703054664
:10AF60001446303354EA050201F8013C01F1FF3880
:10AF7000EED1069AD00740F1F281302B00F0EF813C
:10AF80003023023908F8013C2CAB5B1A0D9388463C
:10AF900073E60E9906970B688DF888304FF0000223
:10AFA00001208DF85F200B1D002207900C92CDE947
:10AFB0000D03089210920DF188086BE6085E0708F1
:10AFC000185E0708885D07089AF8006000297FF47A
:10AFD00018AD0122202114E547F001079AF800601E
:10AFE0000FE5002A40F0B786BB4B1493B8060E9BC2
:10AFF0003FF57EAF53F8044B0E93F90600F1AF8294
:10B000007A0640F1AC82A4B2002579E70E9BD3F812
:10B0100000804FF000028DF85F201C1DB8F1000F7A
:10B0200000F0A084089A531C00F0F28400214046EE
:10B03000FBF796F8002800F06D84A0EB08030D9351
:10B0400023EAE373002207939DF85F3008920E9481
:10B05000069710920C9318E6002A40F078860E9A14
:10B06000BC0652F8043B0E9240F17083099A1046D8
:10B07000D117C3E900018EE40E9B9AF800601868AE
:10B080000B90002803F10403C0F219840E93B8E476
:10B090009AF8006001222B21B3E4002A40F0538685
:10B0A0000E9B073323F0070393ED008B0833B0EEBC
:10B0B000C87BB4EE497BF1EE10FA0E9340F3568351
:10B0C000B5EEC08BF1EE10FA00F1FD839DF85F3014
:10B0D0000C93824A824B0321002027F08004CDE9A3
:10B0E00007100694472ECCBF904698460D911090BD
:10B0F000CBE50E9A784B14681493043247F630036C
:10B10000ADF8603047F002070E9200250223782642
:10B1100005E79AF800602A2E0AF1010000F0F68592
:10B12000A6F13003092B824600F2C58400201AF8EC
:10B13000016B00EB800003EB4000A6F13003092B0C
:10B14000F5D908905FE4002A40F0F98547F0100730
:10B15000BA060E9B3FF563AD53F8044B0E93FD0604
:10B1600000F1FF81780640F1FC8124B2E5175EE52D
:10B170009AF8006047F0040743E447F020079AF884
:10B1800000603EE447F008079AF8006039E40E9B3F
:10B19000073323F0070303F10802D3E900450E92B9
:10B1A0000023BCE6073323F0070303F10802D3E9C9
:10B1B00000450E920123B2E6D8F85800FAF78CFC4D
:10B1C000B8F80C30FDE4D8F85800FAF785FC4FF0D9
:10B1D000FF330993F7E4002A40F0AD85002E3FF4D9
:10B1E0005FAE002301224FF0000107920C938DF80F
:10B1F00088608DF85F1006970D92089310930DF1FB
:10B20000880847E5652E40F3AF80B5EE408BF1EE40
:10B2100010FA40F03581209B3249C9F80010013303
:10B2200001320121072BCDE92032C9F8041000F3C7
:10B230003B8309F10809119A199B9342219A03DB78
:10B24000069BDB077FF5DCAD209B1399C9F8001046
:10B250001299C9F8041001330A44072BCDE92032B2
:10B2600000F3748309F10809119B5D1E002D7FF71F
:10B27000C7AD102D209B1C4C40F3368210260A9F30
:10B2800005E009F10809103D102D40F32D8201332E
:10B290001032072BCDE92032C9E90046F1DD1FAAA3
:10B2A0005946384603F01EFA00287FF480ACDDE9E9
:10B2B00020320DF1B009E6E70B9B07995D1A002DCE
:10B2C0007FF756AD102D209B074C2BDD49461027EC
:10B2D000DDF828900FE000BF9C5D07087C5D070843
:10B2E000785D0708B85D0708185E0708103D102D47
:10B2F00001F1080115DD01331032072BCDE92032B1
:10B30000C1E90047F2DD1FAA5946484603F0EAF9B1
:10B3100000287FF44CAC103D102DDDE920322CA923
:10B32000E9DC894601332A44072BCDE92032C9E9FB
:10B33000004500F3FE8109F1080919E514980DF1A3
:10B34000B008230904F00F0143EA05732A091C46DB
:10B350001546435C08F8013D54EA0503F1D12CABD6
:10B36000A3EB08030D9388E4119C2098012C02F1B3
:10B37000010200F1010309F1080140F307810120F6
:10B38000072BC9F80080CDE92032C9F8040000F38A
:10B390008F811298139C01330244072BCDE9203290
:10B3A000C1E9004000F390810831119CB5EE408B5B
:10B3B000F1EE10FA03F1010004F1FF3501F1080983
:10B3C00000F0A98008F101042A4407280C602192AA
:10B3D0004D60209000F3EB8001F11004981C494669
:10B3E000A146159C4C6022441BAB0728219220905B
:10B3F0000B607FF705AD1FAA59460A9803F072F952
:10B4000000287FF4D4AB219A0DF1B009F8E40022B2
:10B41000012B06970C927FF496AD002D08BF0A2CE5
:10B4200080F06C810DF1F0083034012308F8414DB3
:10B430000D9322E41FAA59460A9803F053F90028F5
:10B440007FF4B5AB219A0DF1B0097EE41FAA5946ED
:10B450000A9803F047F900287FF4A9AB219A0DF16F
:10B46000B00982E402235AE51FAA59460A9803F05C
:10B4700039F900287FF49BAB219A0DF1B009ACE4B7
:10B480001999002940F3DC81DDE910318B42A8BF16
:10B490000B46002B1D460DDD209BC9F800800133B3
:10B4A0002A44072B2192C9F80450209300F3D98233
:10B4B00009F10809109B002DA8BF5B1B002B1D463E
:10B4C00040F39F80102D209BA74C40F35C821026F8
:10B4D0000A9F05E009F10809103D102D40F3538241
:10B4E00001331032072BCDE92032C9E90046F1DDE6
:10B4F0001FAA5946384603F0F5F800287FF457ABE9
:10B50000DDE920320DF1B009E6E7089B0D930DF15E
:10B51000B008FFF7B2BB002D7FF763AF102D924C40
:10B5200040F3CA83102603460A9F05E00831103D08
:10B53000102D40F3FB8101331032072BCDE920326F
:10B54000C1E90046F2DD1FAA5946384603F0CAF8A1
:10B5500000287FF42CABDDE920322CA9E7E7002599
:10B56000CEE4E517002C75F10003BFF665AB089B30
:10B5700064424FF02D0865EB450501338DF85F807F
:10B58000CDF830807FF45FAB069746E7069CE50771
:10B590003FF5F5AE0124072BC9F80080CDE9203234
:10B5A000C9F8044003DC023009F1100919E71FAAA9
:10B5B00059460A9803F096F800287FF4F8AADDE9C6
:10B5C00020020DF1B80901302CA90AE71FAA59463B
:10B5D0000A9803F087F800287FF4E9AA9DF85F3005
:10B5E0000C93219A0DF1B009FFF79EBB1FAA594693
:10B5F0000A9803F077F800287FF4D9AA219A0DF170
:10B60000B009199B11998B4202DB0699CE070FD521
:10B6100020991398C9F800001298C9F80400013164
:10B62000024407292192209100F3278209F1080999
:10B6300011991098CB1A0D1A9D42A8BF1D46002DD6
:10B640000EDD2099C9F80450013140442A440729ED
:10B65000C9F80000CDE9201200F34A8109F1080978
:10B66000002DACBF5D1B1D46002D7FF7C9AB102D13
:10B67000209B3D4C38DD10260A9F04E009F10809A3
:10B68000103D102D30DD01331032072BCDE9203273
:10B69000C9E90046F2DD1FAA5946384603F022F8F0
:10B6A00000287FF484AADDE920320DF1B009E7E734
:10B6B0001FAA59460A9803F015F800287FF477AAC4
:10B6C000DDE920322CA964E61FAA59460A9803F046
:10B6D00009F800287FF46BAADDE920322CA964E682
:10B6E000012B7FF430AC9DE601332A44072BCDE9D2
:10B6F0002032C9E900457FF781AB7CE60DF1B00847
:10B70000204629460A220023F8F7BCF8303208F810
:10B71000012D2046294600230A22F8F7B3F80446F3
:10B720000D4654EA0503EBD119E60DF1B008FFF719
:10B73000A4BA1FAA59460A9802F0D4FF00287FF441
:10B7400036AA219A0DF1B009FFF712BBF80606D40C
:10B75000790604D5BDF824201A80FFF71CB9099A90
:10B760001A60FFF718B900BF185E0708B4EE488BDF
:10B77000F1EE10FA80F18B82089B591C26F020050F
:10B7800000F0C580472D03D1002B08BF012308938B
:10B7900047F48073069318EE903A002BC0F286812E
:10B7A000B0EE48AB00230C93662E00F08881462E45
:10B7B00000F0DF81452D00F0C0811DA81AA919AA4B
:10B7C0000223089C0292CDE903100093019453ECEC
:10B7D0001A2B0A9800F0ECFC672E804640F0A982F4
:10B7E000FB0740F1DC80089B08EB0301B5EE40ABA2
:10B7F000F1EE10FA40F04E810B46A3EB08031193D3
:10B80000472D199B109300F0D180662E40F0D58013
:10B81000109B002B089B40F35182002B40F02D829F
:10B82000FB0700F12A82109B07930D930C9B002BC2
:10B8300040F0FF8008939DF85F300C93FFF725BA26
:10B84000209BB248C9F80000013301320120072BC8
:10B85000CDE92032C9F804003DDC09F1080929B915
:10B86000119B1BB9069BDF077FF5CAAA209B139883
:10B87000C9F800001298C9F8040001330244072BEC
:10B880002192209300F3348109F108090029C0F2C4
:10B890008B81119901330A44072BCDE92032C9E984
:10B8A00000817FF7ABAAA6E51FAA59460A9802F0C5
:10B8B00019FF00287FF47BA90DF1B009BBE44042D9
:10B8C0000B900E9356E44FF02D088DF85F80CDF865
:10B8D0003080FFF7FEBB1FAA59460A9802F002FF0C
:10B8E00000287FF464A91999219A0DF1B009B6E7EF
:10B8F0001FAA59460A9802F0F5FE00287FF457A9BE
:10B90000199B1199219ACB1A0DF1B009A8E60623CB
:10B9100008933DE7089B07930D939DF85F300890CF
:10B920000E94069710900C93FFF7AFB9581C01F1D5
:10B9300008032A4407282192C1E9004520903FF7D7
:10B9400036AE013003F1080919464AE51FAA5946E7
:10B950000A9802F0C7FE00287FF429A9219A0DF168
:10B96000B00981E4089BCDF84080062B28BF062350
:10B97000CDF82080CDE90C8307930E940697DFF86D
:10B980009081FFF782B901332A44072BCDE9203299
:10B99000C9E900453FF72AAE09F1080931E61D9BC8
:10B9A000199A10921B1A472D119306D1109BDA1C7D
:10B9B00002DB089A9A4244DA023E109B8DF86C60D2
:10B9C000013B002B1993BDBF109BC3F101032D2236
:10B9D0002B22092B8DF86D2000F312813033302299
:10B9E0008DF86F308DF86E201CAB1BAA9B1A119A34
:10B9F0001593012A13440D9340F354810D9B129A21
:10BA000013440D9323EAE3730793002310930DE788
:10BA10004046FBF775FA0023089320EAE072109382
:10BA20009DF85F300D900E94069707920C93FFF7E8
:10BA30002CB92D238DF85F300C9300230893FFF76A
:10BA400026B9DDE910318B4264DBFD0740F10F813F
:10BA5000109B129A13440D9323EAE373079367260E
:10BA6000E4E61FAA59460A9802F03CFE00287FF43B
:10BA70009EA8219A0DF1B0091CE51FAA59460A9803
:10BA800002F030FE00287FF492A8199B219A0DF154
:10BA9000B009CDE51D9B8B42BFF4AFAE30205A1CE0
:10BAA0001D9218701D9B9942F9D8A6E62D23B1EE80
:10BAB00048AB0C9378E600230893FEF7A4BF1AA9BD
:10BAC000089C01941DA819AA0323CDE90310029232
:10BAD00000930A9853EC1A2B00F06AFB8046011978
:10BAE00098F80030302B00F0B780199C21447DE697
:10BAF0001FAA59460A9802F0F5FD00287FF457A8BE
:10BB00001999DDE920320DF1B009BFE6B85D0708EB
:10BB1000B05D0708DDE911321344109A0D93002A35
:10BB200006DC109B0D9AC3F101031A4413460D92D3
:10BB300023EAE3730793672678E6089B1DA85C1C3D
:10BB40001AA919AA0223CDE90310029200930194C5
:10BB500053EC1A2B0A9800F02BFB8046472E40F03E
:10BB6000D280FA0740F1C880462E08EB0401B7D016
:10BB70003CE61DA81AA919AA0323089C0292CDE944
:10BB800003100093019453EC1A2B0A9800F010FB59
:10BB90008046E9E70A981FAA594602F0A3FD00284B
:10BBA0003FF483A9FFF704B84D4210316E4C1CDA04
:10BBB00010260A9F04E009F10809103D102D14DD3C
:10BBC00001331032072BCDE92032C9E90046F2DDFE
:10BBD0001FAA5946384602F085FD00287EF4E7AFDB
:10BBE000DDE920320DF1B009E7E701332A44072BE4
:10BBF000CDE92032C9E9004571DC09F1080948E6C0
:10BC00000DF17B052846594C00E01046A4FB0321AA
:10BC1000C90801EB8102A3EB42023032092900F886
:10BC2000012C0B4600F1FF32EFDC30330238DBB27F
:10BC3000854202F8013C75D90DF16E00114601E014
:10BC400011F8013B00F8013B8D42F9D11FAB9B1A63
:10BC50000DF16E021344C8E6B5EE40ABF1EE10FAFA
:10BC60003FF443AFC4F1010419942144BEE523EA33
:10BC7000E37207920D936726D8E5109B129A13443E
:10BC8000089A1A4422EAE2730D920793CEE518EE61
:10BC9000903A002B19DB9DF85F300C93344A354BFA
:10BCA000FFF719BA17F0010310937FF4A7AE0D9BAD
:10BCB00023EAE3730793B9E54B463AE663B9FF0716
:10BCC0000AD4012307930D93B0E54FF02D088DF8AA
:10BCD0005F80CDF83080E1E7129B0133D0E71FAAE7
:10BCE00059460A9802F0FEFC00287EF460AFDDE9B8
:10BCF00020320DF1B009CCE51D9B199A1092A3EBEF
:10BD00000803119352E608EB04016FE50E9C9AF8C4
:10BD10000160236843EAE3730893231D82460E9370
:10BD2000FEF76FBE0DF16E035FE68DF85F10FEF754
:10BD300072BF089C12E78DF85F10FFF74FBA8DF8BD
:10BD40005F10FFF703BA8DF85F10FFF7A9B98DF800
:10BD50005F10FFF784B98DF85F10FFF745B98DF8D4
:10BD60005F10FFF7BFB800BF185E0708CDCCCCCC82
:10BD7000845D0708805D070810B4044C13460A462A
:10BD8000014620685DF8044BFEF7BABD680E00243A
:10BD90002DE9F0410C46ADF58D6D8989666EE5891A
:10BDA000199621F002010646E069ADF80C1017461D
:10BDB0004FF48061626AADF80E5098461AAD0023C8
:10BDC000079016A809920693009504950291059193
:10BDD000F9F77CFE43463A4669463046FEF790FD49
:10BDE000051E07DB30466946F8F7ACFF002818BF90
:10BDF0004FF0FF35BDF80C305B0603D5A38943F047
:10BE00004003A3811698F9F763FE28460DF58D6D62
:10BE1000BDE8F08170B5141E9AB005462CDB1A46B9
:10BE20004FF4027300910491ADF80C3013D0013C33
:10BE30004FF6FF761E9B029469460594ADF80E609E
:10BE4000FCF782FC421C01DA8B232B60009B002252
:10BE50001A701AB070BD1E9B02944FF6FF766946A9
:10BE60000594ADF80E60FCF76FFC431C01DB1AB0C3
:10BE700070BD8B232B60FAE78B2303604FF0FF30FC
:10BE8000F5E700BF10B582B0054C00932468134657
:10BE90000A4601462046FFF7BDFF02B010BD00BFB5
:10BEA000680E0024F8B50D461446064610B1836BA3
:10BEB000002B43D0B4F90C20A369A36091B208070A
:10BEC0001BD52369CBB1EDB289042F4622D5226858
:10BED0006169D31A994229DD0133A168501C0139E7
:10BEE000A1602060157062699A422AD0A389DB079D
:10BEF00001D50A2D25D03846F8BD2146304600F040
:10BF00004DF820BBB4F90C20236991B2EDB289043D
:10BF10002F46DCD4616E42F4005221F40051A2811C
:10BF2000226861666169D31A9942D5DC21463046A0
:10BF3000F8F708FF58B922680123CEE7F8F788FF21
:10BF4000B8E721463046F8F7FDFE0028D3D04FF081
:10BF5000FF37D0E721B1FF2A04D80A7001207047CB
:10BF6000084670478A2303604FF0FF30704700BFD8
:10BF700070B50D46084C114606461A462846002361
:10BF80002360E6F74DF9431C00D070BD2368002BF9
:10BF9000FBD0336070BD00BFC416012438B5314BEF
:10BFA0001B6805460C4613B19A6B002A3AD0B4F9C7
:10BFB0000C2093B218070CD52069A8B113F0010228
:10BFC00020D0636900225B42A361A26000B300201D
:10BFD00038BDD9063ED5580728D4206942F0080359
:10BFE000A3819BB20028E9D103F42072B2F5007F4F
:10BFF000E4D028462146F9F79FFDA389206913F074
:10C000000102DED1990758BF6269A2600028DED123
:10C01000B4F90C301A06DBD543F04003A3814FF08E
:10C02000FF3038BD1846F8F713FFC0E7216B51B158
:10C0300004F14003994204D02846E5F703FBB4F924
:10C040000C200023236300232069636022F0240274
:10C050002060C3E742F0400209232B604FF0FF301D
:10C06000A28138BD680E002438B5074C0023054670
:10C0700008462360E6F770F8431C00D038BD2368FB
:10C08000002BFBD02B6038BDC41601242DE9F04FE6
:10C0900003690F69BB4283B0C0F28680013F01F1A2
:10C0A000140900F1140A59F827205AF82730BC0067
:10C0B0000132B3FBF2F80AEB0403009409EB040B22
:10C0C0000193B8F1000F38D000252E46CE46D44655
:10C0D0005EF8044BDCF80030A2B208FB0255220CDB
:10C0E0002C0C08FB0242ADB2751B96B2C6EB134690
:10C0F00015FA83F306EB23469BB243EA0643F34566
:10C100004FEA12454CF8043B4FEA2646E0D2009B2A
:10C110005AF803308BB9019A131F9A450CD252F882
:10C12000043C4BB9A2F1080302E01A68043B1AB9B7
:10C130009A4507F1FF37F8D30761044601F028FD5F
:10C1400000282DDB08F101085546002359F8041B8F
:10C1500028688AB29A1A0B0C12FA80F2C3EB1043C9
:10C1600003EB224392B242EA0342CB4545F8042B4B
:10C170004FEA2343EAD25AF827200AEB87037AB919
:10C180001A1F92450BD253F8042C42B9083B02E027
:10C190001A68043B1AB99A4507F1FF37F8D32761AB
:10C1A000404603B0BDE8F08F002003B0BDE8F08F3B
:10C1B0002DE9F04F016C93B004461F4692469B4612
:10C1C00041B1426C4A60012393408B6001F0A4FAB4
:10C1D000002323643D1E1F9AB4BF01230023136074
:10C1E000BF4BBCBF25F00045AB46AB4300F0A5807C
:10C1F0004BEC17ABB5EE407BF1EE10FACDE902AB9C
:10C200000DD11E9A01231360209B002B00F0C280E9
:10C21000B44E1E60013E304613B0BDE8F08F10AA48
:10C2200011ABCDE900322046DDE9022301F0C4FD67
:10C230005FEA1559804640F09E80DDE9101301EB5E
:10C24000030909F23243202B40F38683C3F14003F4
:10C2500009F212429D402AFA02F32B4307EE903A6C
:10C26000B8EE677B09F1FF398DED027B0398DDE9BC
:10C270000223A0F1F87301200D9043EC172BB7EEC9
:10C28000086B9FED914B37EE466B9FED917B9FEDD9
:10C29000925BA6EE047B06EE909AB8EEE66BA6EEF5
:10C2A000057BFDEEC76BB5EEC07BF1EE10FACDED70
:10C2B000026A00F1D381029A162A00F2C4818A4BE5
:10C2C00003EBC20393ED007B4BEC16ABB4EEC67BE5
:10C2D000F1EE10FA40F33A83531E029300230B93BE
:10C2E000A1EB0909B9F10103089344BF00230893A6
:10C2F000029B4CBFC9F101094FF00009002BC0F2AD
:10C30000A581089A0A9311461944002308910593C0
:10C310001C9B092B43D8052B40F31B83043B1C9328
:10C32000002306931C9B023B032B00F2EF83DFE804
:10C3300013F039031A03430344041E9A42F20F73A5
:10C340001360BAF1000F0FD1C5F3130565B9209B37
:10C35000664E002B3FF45FAF06F10803209A30468B
:10C36000136013B0BDE8F08F209B614E002B3FF4AB
:10C3700052AFF31CF2E70399C1F31301DDE9022385
:10C38000002041F07F53A9F2FF3943F44013109984
:10C390000D9072E7574E304613B0BDE8F08F012381
:10C3A00000224FF0FF3506931C922F4609931D92F1
:10C3B000002161640C97204601F088F90E2D064695
:10C3C000206400F2BE80069B002B00F0BA80029928
:10C3D0000029CDE90EAB40F35883434A01F00F0327
:10C3E00002EBC3020B11DD0692ED006B40F10784F6
:10C3F000414A92ED087B4BEC15AB03F00F03032190
:10C4000085EE074B5BB13C4AD80704D592ED007B23
:10C41000013126EE076B5B1002F10802F4D184EEC5
:10C42000065B0B9B3BB1B7EE007BB4EEC75BF1EE56
:10C4300010FA00F14F8407EE901AB8EEE76BB1EEF8
:10C440000C7BA6EE057B8DED067B079BDDE906AB3D
:10C45000A3F1507B002F00F0998302983A46BDEE7D
:10C46000C57B214917EE103A01EBC20111ED024BD9
:10C4700009993033B8EEC77BDBB235EE477B4BEC26
:10C4800016AB751C002900F0DE83B6EE003B83EE90
:10C49000045B35EE465BB4EEC75BF1EE10FA337029
:10C4A0004BDCB7EE003B33EE476BB4EEC65BF1EE10
:10C4B00010FA00F35984012A41D0B2EE044B324401
:10C4C00026E000BFAFF3008061436F63A787D23FD0
:10C4D000B3C8608B288AC63FFB799F501344D33F73
:10C4E0000000F07FB95D0708605F0708285E070855
:10C4F000345E0708B85D0708385F070833EE476BFE
:10C50000B4EEC56BF1EE10FA00F12E84954216D010
:10C5100027EE047B25EE045BBDEEC76B16EE103AEA
:10C520003033DBB2B8EEC66B37EE467BB4EEC57B7C
:10C53000F1EE10FA05F8013BE0D50290D7E1DDE914
:10C540000EAB119B002B62DB029A0E2A5FDCBE4B06
:10C5500003EBC20393ED003B1D9B002BC0F27482E2
:10C560004BEC17AB87EE036BBDEEC66B012F16EEDF
:10C57000103A03F13003B8EEC65B06F101053370E3
:10C58000A3EE457B21D0B2EE044B27EE047BB5EE43
:10C59000407BF1EE10FA08D1A9E127EE047BB5EE5D
:10C5A000407BF1EE10FA00F0A28187EE036BBDEE46
:10C5B000C66B16EE103A303305F8013BAB1B9F42B9
:10C5C000B8EEC65BA5EE437BE7D137EE077BB4EE52
:10C5D000C37BF1EE10FA0ADCB4EE437BF1EE10FA05
:10C5E00040F0858116EE103AD90740F1808115F8A8
:10C5F000013C05E0964200F04A8312F8013C1546E2
:10C60000392B05F1FF32F5D0013313706FE1099A30
:10C6100082B31C9A012A40F30A82059B7A1E934238
:10C62000C0F2D5829A1A002FC0F2FE82089B3B44CA
:10C630004D460893B944012120460D9201F052F96C
:10C640000D9A06901AE001230B9349E6029BA9EB91
:10C6500003095B42059300230A9359E6B8EEE66BA3
:10C66000B4EE476BF1EE10FA3FF425AE029B013BAE
:10C67000029320E6099B059A06934D46002D0BDD9B
:10C680000899002908DDA9420B46A8BF2B46A9EB53
:10C690000309ED1ACB1A0893059B6BB10999002980
:10C6A00000F08E829B1A002A40F0A38141461A4670
:10C6B000204601F0C7F980460121204601F012F919
:10C6C0000A9A0590002A40F02C811C9B012B40F314
:10C6D00076810120089A104410F01F0000F01A81A2
:10C6E000C0F12003042B40F36E83C0F11C00024410
:10C6F000814405440892B9F1000F05DD41464A46E0
:10C70000204601F0EFF98046089B002B05DD1A4614
:10C710000599204601F0E6F905900B9B002B73D19B
:10C72000002F40F30E82099B002B00F08980002D22
:10C7300000F376810A9B002B40F0D381DDF818903E
:10C740000B96731E3B440AF001023746069E0A927E
:10C750000993059D40462946FFF798FC31468246DD
:10C76000404601F015FA294683464A46204601F024
:10C770002BFAC3680AF130050146002B40F0DC813A
:10C780000690404601F004FA069A089011462046A9
:10C7900000F0C2FF089B33B91C9A22B90A9B002BF8
:10C7A00000F0E4821C9BBBF1000FC0F2188205D19F
:10C7B0001C9A1AB90A9A002A00F01182002B07F17C
:10C7C000010A00F32182099B3D70BB4200F02F82D9
:10C7D000414600230A22204600F0A8FF4E4580462D
:10C7E00031464FF000034FF00A02204600F09E81D0
:10C7F00000F09CFF4946064600230A22204600F02E
:10C8000095FF57468146A4E70599404601F0C0F9D7
:10C81000002885DA029F414600230A222046013F74
:10C82000029700F083FF099B8046002B40F0B68200
:10C830000C9F002F04DC1C9B022B00F3C2820C9F78
:10C84000DDF81490354604E0605F070800F06EFFE5
:10C85000804649464046FFF719FC00F1300C05F8C8
:10C8600001CBAB1B9F424FF00A024FF00003414641
:10C870002046EBDCCDF820C04FF0000A41460122F3
:10C88000204601F02FF90599804601F081F9002832
:10C8900015F8012C12DC06D1089BDB070ED402E050
:10C8A00015F8022C1D46302A05F1FF33F8D00BE0B5
:10C8B0009E4200F0528113F8012C1D46392A05F1E1
:10C8C000FF33F5D001321A700599204600F024FF9D
:10C8D000069B63B1BAF1000F05D09A4503D05146CB
:10C8E000204600F019FF0699204600F015FF41464A
:10C8F000204600F011FF0022029B2A701E9A01338D
:10C900001360209B002B3FF486AC30461D6013B0B3
:10C91000BDE8F08F1C20089B034481440544089324
:10C92000E9E60146204601F08DF81C9B0590012B9D
:10C9300040F3D28000230A93059A136902EB830324
:10C94000186900F07FFFC0F12000C3E600230B93BD
:10C95000C6E401230693E5E4C3F120030AFA03F3D6
:10C9600007EE903A7CE400230993029B1D9A13443E
:10C970005F1C012FBC460C93B8BF4FF0010C002187
:10C98000BCF1170F61643D467FF715AD012204230A
:10C990005B0003F114006045114602F10102F7D972
:10C9A000616408E5002309931D9B002B40F3DB80A5
:10C9B0000C931F469C46E2E701230993F4E7BAF182
:10C9C000000F7FF486AECBF31303002B40F0688199
:10C9D0002BF000431B0D1B052BB1089B0133089363
:10C9E00009F1010901230A9A0A93002A3FF471AE62
:10C9F000A2E706990D93204601F024F8424601462D
:10CA00000690204600F078FF41460590204600F051
:10CA100083FE059A0D9B9046002B3FF44DAE45E6F4
:10CA20002A460699204601F05DF8069082E60D9AA6
:10CA3000002A00F0378103F23343089A1A4408921F
:10CA40004D46059A9944F6E5002F3FF789AD40F031
:10CA5000B080B1EE047B23EE073B4BEC17ABB4EE9A
:10CA6000C73BF1EE10FACDE9057771DA029A31236E
:10CA7000013202923370751C0599204600F04CFE7D
:10CA8000069B002B7FF42FAF31E700F01E81029B45
:10CA9000C04A5B4203F00F0102EBC10292ED005B62
:10CAA0009DED0E7B1B1127EE055B00F08781B0EE3C
:10CAB000457BB94A00200221DD0705D592ED006BC8
:10CAC0000131012027EE067B5B1002F10802F3D151
:10CAD000002805FE075BA4E4BAF1000F3FF473AF32
:10CAE00028E7069B2046596800F0F0FD06990B697F
:10CAF00002339A0005460C310C30F9F7B3FB294696
:10CB00000122204600F0EEFF814619E6002565640B
:10CB10002946204600F0DAFD4FF0FF330C931F4604
:10CB2000012306461D95206409930AE500F0FEFDE9
:10CB30005746064681460CE6204600F0EDFD0123EF
:10CB400031E61C9B022B7FF7EEAD002F00F0AE808C
:10CB50001D9BDB43029335468EE7029A3123013257
:10CB600002923370B0E601251D952F4620E407EEB2
:10CB7000901AB8EEE76BB1EE0C7BA6EE057B8DED5F
:10CB8000067B079BDDE906ABA3F1507B4BEC16ABB4
:10CB9000B1EE047B35EE477BB4EEC67BF1EE10FAC6
:10CBA0004DDCB1EE466BB4EEC67BF1EE10FA7FF5CC
:10CBB000C6AC0023CDE90533CAE701230993D4E6C7
:10CBC0004146059A204600F03DFF804674E5059BEE
:10CBD0000A990592D31A19440A91002223E5002BE1
:10CBE0000895069607F101050B9E00F392809DF8CB
:10CBF0002030DDF818A03B70CDF8189064E69DED6C
:10CC00000E4B0221FFF7FEBB2B46392B08950696EB
:10CC100055460B9E00F08F80089BDDF818A0CDF8DC
:10CC2000189001333B704FE6A9EB070503E5334647
:10CC300008950B9ECDF8189055469A461EE600239F
:10CC4000CDE9053312E7012A26EE045B337011D0DB
:10CC5000B2EE044B324427EE047BBDEEC76B16EEFA
:10CC6000103A303305F8013B9542B8EEC66B37EE0B
:10CC7000467BF0D1B6EE006B35EE064BB4EEC74BFB
:10CC8000F1EE10FA5ED5029015F8013CB8E43023BD
:10CC90003370029B01330293324615F8013CB3E432
:10CCA0000023A0E6109BC3F13603C6E63B46059978
:10CCB0000522204600F03AFD01460590404600F06E
:10CCC00067FF00283FF7D2AE42E79DED0E5B0221E1
:10CCD000FFF7A7BB002F3FF44AAF0C9A002A7FF75B
:10CCE0002EACB2EE044BB1EE0C6B013107EE901A94
:10CCF00025EE045BB8EEE77BA5EE076B8DED066BCA
:10CD0000079BDDE906ABA3F1507B029B581EFFF7A2
:10CD1000A6BB41460122204600F0E4FE059980466C
:10CD200000F036FF00282DDD089B392B03D00AF1D7
:10CD3000310308935BE73922DDF818A03A70CDF88B
:10CD40001890BBE536EE456BB4EEC76BF1EE10FA0A
:10CD500002DCFFF7F4BB154615F8013C302B05F15A
:10CD6000FF32F8D0FFF7E9BB029049E42B46392B9C
:10CD70000895069607F101050B9EDCD0BBF1000F6C
:10CD8000D5DC34E77FF433AF089BDA077FF52FAFAC
:10CD9000CAE700BF605F0708385F070806990023ED
:10CDA0000A22204600F0C2FC0C9F0690002F3FF79D
:10CDB000BEAC1C9B022B04DC0C9FB8E40221FFF7E5
:10CDC00030BB0C9FC1E63FF496ACC0F13C00A2E53D
:10CDD0000B78722B30B431D0772B2AD0612B04D052
:10CDE0001623036030BC002070474FF40275012405
:10CDF0004FF4847011F8013F8BB1622B16D0782B61
:10CE000011D02B2BF6D111F8013F20F01C0024F09B
:10CE1000030440F0100044F00204002BEDD12C4339
:10CE2000146030BC704744F40064E3E744F4803499
:10CE3000E0E74FF4C06501240820DBE700252C461D
:10CE40000420D7E72DE9F04104694B119C422EDD07
:10CE500000F1140C11F01F0167460CEB84040CEB7D
:10CE600083052AD05CF823202E1DB44222FA01F259
:10CE7000C1F1200813D900F1100E336803FA08F34A
:10CE800013434EF8043F56F8042BA64222FA01F24F
:10CE9000F3D3631B053B23F0030304339C44CCF81A
:10CEA000002012B30CF10403DA1B921018E00023E7
:10CEB000036100234361BDE8F081AC42F7D900F182
:10CEC00010022B4653F8041B42F8041F9C42F9D869
:10CED000EA43224422F0030204320CEB02039210D4
:10CEE000BB420261E5D0BDE8F0816346DA1B9210D7
:10CEF000F6E700BF2DE9F04F8DB0894607901898EE
:10CF000004920A9300F08EFB0368059318461C46B2
:10CF1000F9F7F6FFD9F80030039021189A7811F844
:10CF2000011C0191302A40F0878103334FF0000843
:10CF30001C4613F8012B302A08F10108F8D0BD4E29
:10CF4000B35C002B00F0F08023784FF0000AF35C14
:10CF50005546274623B117F8013FF35C002BFAD161
:10CF6000039A05993846FAF739F8002800F09080BE
:10CF70003B78002D40F09080502B029500F092807D
:10CF8000702B00F08F803D46C9F80070BAF1000F99
:10CF900040F0B7802B1B013B072B514604DD5B1093
:10CFA000072B01F10101FADC079800F08FFB034623
:10CFB0001433AC420690089380F0AF819B46039BEC
:10CFC0004FF00008C3F10103C146099311E0B8F125
:10CFD000200F00F09F80424608F1040815F8013C3C
:10CFE000F35C554603F00F039340A54249EA030959
:10CFF00018D915F8013C019A934205F1FF3A0BF15B
:10D000000407E4D1099B5344A342E0D31846039A92
:10D0100005990B93F9F7E2FF0B9B0028D7D11D462A
:10D02000A542E6D8089BCBF80090FF1A069BBF10DC
:10D030001F61484600F006FC049B7F011E683F1AF2
:10D04000B74200F3D880C0F20E810025049B029AFB
:10D050009B689342C0F232810498029A43689342DB
:10D0600073DD9C1AA64200F3A480C268022A00F075
:10D070008B81032A00F08381012A00F05E81DDE9C3
:10D08000061000F049FB169A0023136050243DE07F
:10D09000002D00F0DA803B78ED1BAA00502B0292A5
:10D0A0007FF46EAF7B782B2B00F0A3802D2B67D005
:10D0B0007A1C0025F35C591E18293FF664AF51789D
:10D0C000715C481E1828A3F1100302F101020BD86D
:10D0D00012F8010F03EB830301EB4303315C481E9D
:10D0E0001828A3F11003F3D905B15B4202993D461C
:10D0F000194417460291C9F80070BAF1000F3FF4C5
:10D1000049AFB8F1000F0CBF0624002420460DB033
:10D11000BDE8F08F5B46002243F8089BBB46914672
:10D120001F464FF0040859E7039D05992A462046FB
:10D13000F9F754FF40B322782746502A00F0808048
:10D14000702A7DD0C9F80070DBE7012465B1049B2B
:10D15000DB68022B00F0BB80032B00F0BC80012BAE
:10D1600000F0048144F01004169B1A46069B1360DD
:10D170000A9B1A46029B136020460DB0BDE8F08F53
:10D180000125BB78BA1C95E7625DB35C6719002B7B
:10D19000D3D0302A3C4604D114F8013F302BFBD0C9
:10D1A000F35CB3FA83FA3D464FEA5A1A4FF001088E
:10D1B000CFE6671E002D40F0B880002F40F0B7800A
:10D1C0007B11089A069852F8232007F01F070123C5
:10D1D00003FA07F71742214618BF45F00205FFF78B
:10D1E00031FE049B5B680293361B0224002DBBD0EA
:10D1F000ADE70025C5E7BF1B3946069800F092FE53
:10D20000054678B17A1E5111089802F01F0350F8B4
:10D210002110012505FA03F30B4203D0AA4200F3C3
:10D22000B7800225029B06983B4439460293FFF7DC
:10D2300009FE0BE7385E07089C1C4FF000087EE6ED
:10D24000002302934FF0010A2CE703997B5CF25C08
:10D250007D182F46002A3FF41FAF17F8013FF25CFC
:10D26000002AFAD118E7F71B069907983A4600F00A
:10D2700039FC029B0690DB1B029303461433089390
:10D280000025E3E6069B9B689D4280F291802B4639
:10D29000069800EB830201210133022C03615161E6
:10D2A0007FD09D4234DA01210698FFF7CBFD049B25
:10D2B000029A9B680132934202922CDADDE9061051
:10D2C00000F02AFA169A00231360A3241EE7179B86
:10D2D000C3F101031793179B002B3FF443AF069B49
:10D2E000DDF820C01D69AF000CEB0700634600218C
:10D2F00003E0984243F8041CC4D99E4653F8042B1B
:10D30000B2F1FF3FF5D00132022CCEF8002048D018
:10D3100016F01F0668D1212426E7069BDDF820B011
:10D3200003F118074FF000097CE6012548E739466C
:10D33000069800F0F7FD054642E7A6427FF49FAE4F
:10D34000012E08DD711E069800F0ECFD00283FF468
:10D3500096AE049B5B680A990B60069B08990122B4
:10D360001A610A60169A62241360CFE6AA077FF555
:10D37000F9AE089B1B681D43EB07B0D4F2E6179A81
:10D38000002A3FF47CAEE6E7179A002AE3D076E65F
:10D39000B91E069800F0C6FD00283FF442AF0325F1
:10D3A00040E7049B1B68013BB34227D02224DBE605
:10D3B000069BDDF81C9059684846013100F086F95B
:10D3C00006990B69023380469A000C310C30F8F74D
:10D3D00049FF0699484600F09FF9CDF8188008F1FA
:10D3E000140CD8F8103053E76744C6F1200657F8FC
:10D3F000040C00F027FAB0428DDA54E7731106F0FE
:10D400001F065CF823200123B340134214BF2124DC
:10D410002224A9E630B40468013408E014F8013B82
:10D42000A3F14105192D98BF2033934207D111F87C
:10D43000012B002AF2D10460012030BC704700208B
:10D4400030BC70472DE9F04F0B68DFF894E15911BB
:10D4500002EB810985B013F01F0318BF09F104091D
:10D4600001900393002349F8043C98469A461C46D1
:10D47000019BCDF808901B685F78A9F10406B446BB
:10D480003146B3469146581CDFB11EF80750002DB7
:10D4900040D1202F5BD854450EDD614502D2B8F152
:10D4A000070F5EDD49454ED90023A1F1040C41F878
:10D4B000043CA2466146984603465F78581C002FFC
:10D4C000E3D14A465E46DDF80890002C45D0614520
:10D4D00002D2B8F1070F70DD914259D9134651F8C5
:10D4E000040B43F8040B8E42F9D2002143F8041BCD
:10D4F0009E42FBD259F8041C21B145E056F8043D88
:10D50000002B41D1B242F9D101230520136005B0AF
:10D51000BDE8F08F08F10108B8F1080F04F101042B
:10D5200007DC0A68120105F00F0515430D6003467C
:10D53000C3E74945C0D9002341F8043C1A460439E1
:10D540004FF00108EFE74FF008080346B5E7292F31
:10D550004A465E46DDF8089029D0042005B0BDE8B3
:10D56000F08FC8F108039B000A68C3F120080D463C
:10D570006F6807FA08F6164327FA03F22E6045F89B
:10D58000042FAC45F4D88DE7052005B0BDE8F08F39
:10D59000039B59F8041C002BAED0C3F120034FF0BD
:10D5A000FF3020FA03F3194049F8041CA4E701985E
:10D5B00002330360002C8AD1CFE7C8F108039B0037
:10D5C0000D68C3F1200E0846476807FA0EF42C4395
:10D5D00027FA03F5046040F8045F8445F4D87BE73C
:10D5E000385E070838B5074C002305460846236017
:10D5F000E4F784FE431C00D038BD2368002BFBD029
:10D600002B6038BDC4160124FF2801D900207047C3
:10D6100010B50446F8F74CFA2044407800F00800B2
:10D6200010BD00BFF0307047044A054B1268506BC4
:10D63000002808BF1846F030704700BF680E00246D
:10D640009812002470B50D46084C114606461A463D
:10D65000284600232360E4F7B8FE431C00D070BDC9
:10D660002368002BFBD0336070BD00BFC4160124BB
:10D67000F0B5134C83B02468089D646B07465AB11B
:10D68000104E0095002C08BF3446D4F8E440A04763
:10D69000431C0ED003B0F0BD0A4B0095002C08BF10
:10D6A0001C4611460123D4F8E440074AA047431C16
:10D6B000F0D100228A232A603B6003B0F0BD00BF96
:10D6C000680E002498120024985D0708C36C70B59A
:10D6D00005460C464BB153F8240080B1026843F86C
:10D6E00024200023C0E9033370BD21220421E3F785
:10D6F000F2FE0346E8640028EDD1002070BD012150
:10D7000001FA04F6721D28469200E3F7E4FE0028B1
:10D71000F3D0C0E90146E4E731B1C36C4A6853F87D
:10D720002200086043F82210704700BFF0B50C6972
:10D7300083B00D46064601F1140C0027DCF800000A
:10D7400081B202FB0133010C180C02FB01019BB2F8
:10D75000013703EB0143BC424CF8043B4FEA114351
:10D76000ECDC3BB1AA68A24207DD05EB8402013480
:10D7700053612C61284603B0F0BD69680193013103
:10D780003046FFF7A3FF2A69023205F10C01074674
:10D7900092000C30F8F766FDF26C6968019B52F854
:10D7A0002100286042F821503D46DEE72DE9F8438C
:10D7B000234C089D1E46083384FB034CDB17C3EB48
:10D7C0006C0CBCF1010F07460C46904635DD012379
:10D7D00000215B009C4501F10101FADC3846FFF7AE
:10D7E00075FF0123B8F1090FC0E9043521DD04F10B
:10D7F00009094D46444415F8013B0146303B0A22D5
:10D800003846FFF793FFAC42F5D109EB0804083C1A
:10D8100046450CDDA6EB0806264414F8013B0146FC
:10D82000303B0A223846FFF781FFA642F5D1BDE81A
:10D83000F8830A344FF00908EAE70021CEE700BF79
:10D84000398EE338020C12040346C2B903041020D7
:10D8500013F07F4F04BF1B02083013F0704F04BF5A
:10D860001B01043013F0404F04BF9B000230002B1B
:10D8700004DB5B0001D50130704720207047002099
:10D88000E6E700BF036813F00702014607D0DA0796
:10D890001FD498071FD55B080B600120704798B212
:10D8A000A0B1104613F0FF0F04BF1B0A08301A077F
:10D8B00004BF1B0904309A0704BF9B080230DA0733
:10D8C00002D45B080BD001300B6070471B0C10209A
:10D8D000E8E7002070479B080B600220704720207B
:10D8E000704700BF10B50C460121FFF7EFFE012283
:10D8F000C0E9042410BD00BF2DE9F04F0E69146982
:10D90000A64283B00F46154604DA32462F46264615
:10D910000D461446D7E9011306EB04084345B8BF8A
:10D920000131FFF7D3FE00F1140909EB880EF14530
:10D93000009005D24B46002243F8042B9E45FBD8AD
:10D9400005F1140A0AEB840407F11403A24503EB62
:10D95000860C61D2641B153C24F00304CDF804E06E
:10D96000A24405F110029E4605E02D0C2BD19245F4
:10D9700009F104094ED052F8045F1FFA85FBBBF190
:10D98000000FF2D077464E46002000E0264657F8BA
:10D99000041B34688BB2A5B2090C240C0BFB035397
:10D9A00003440BFB014000EB134034469BB243EAB7
:10D9B0000043BC454FEA104044F8043BE6D8706091
:10D9C00015682D0CD3D0D9F8003076461846CB46D2
:10D9D000002100E0A3463488000C05FB040001444C
:10D9E0009BB25C4643EA014344F8043B56F8043BCF
:10D9F000DBF804001B0C87B205FB037303EB114338
:10DA0000B4454FEA1341E5D89245CBF8043009F10B
:10DA10000409B0D1DDF804E0B8F1000F0BDD5EF8C9
:10DA2000043CAEF1040E1BB105E05EF8043D13B9F1
:10DA3000B8F10108F9D10098C0F8108003B0BDE832
:10DA4000F08F00BF12F003032DE9F04114460746A2
:10DA50002ED10D46A4101CD0BE6C96B3E3074FF038
:10DA6000000806D4641014D03068A8B10646E30755
:10DA7000F8D5324629463846FFF73EFFB5B16A6809
:10DA8000FB6C641053F82210296043F822500546BD
:10DA9000EAD12846BDE8F081324631463846FFF7E4
:10DAA0002BFF3060C0F800800646E0E70546D9E766
:10DAB000013B0B4A52F823200023FFF737FE0546AF
:10DAC000C8E701213846FFF701FE40F271234361A8
:10DAD0000122002302610646B8640360BEE700BF6E
:10DAE000286007082DE9F04791460A690E464FEA7B
:10DAF0006914D1E9011304EB020808F101059D4204
:10DB0000074604DD5B009D4201F10101FADC384665
:10DB1000FFF7DCFD002C00F1140337DD03EB84017B
:10DB2000002243F8042B8B42FBD1346906F1140325
:10DB300019F01F0903EB840C20D0C9F1200E00223C
:10DB400000E051461C688A4604FA09F414434AF876
:10DB5000044B53F8042B634522FA0EF2F1D34A60CA
:10DB60000AB108F10205FB6C7268013D53F82210FE
:10DB70000561316043F82260BDE8F087043953F84D
:10DB8000042B41F8042F9C45F9D8ECE71946CCE763
:10DB900030B40B6905460069C01A0FD19B001435DB
:10DBA000143119442B4401E09D4207D253F8044D2F
:10DBB00051F8042D9442F7D002D3012030BC7047B5
:10DBC0004FF0FF30FAE700BF2DE9F04113690D690E
:10DBD000ED1A002D0E46904601F1140402F11407CF
:10DBE00014D19B00E2183B4401E0A24259D952F8FB
:10DBF00004CD53F8041D8C45F7D009D22246334694
:10DC00003C46464617469846012501E0F6DB0025CE
:10DC10007168FFF75BFDD8F810303669C56007EB17
:10DC2000830EBC4600F1140504EB860700235CF864
:10DC3000041B54F8048B8AB213FA88F3090C9A1A5D
:10DC4000C1EB184303EB224392B242EA0342E6459A
:10DC500045F8042B4FEA2343E9D8A74217D9AE462B
:10DC6000A4465CF8042B13FA82F3191401EB124159
:10DC70009BB243EA014267454EF8042B4FEA214329
:10DC8000EFD8E443274427F0030704373D44043D1D
:10DC900022B955F8043D013E002BFAD00661BDE8DB
:10DCA000F0810021FFF712FD01220023C0E90423C7
:10DCB000BDE8F0810F4B0B40A3F15073002B02DD48
:10DCC0000020194670475B421B15132B0BDD143BDC
:10DCD0001E2BDDBFC3F11F03012202FA03F3012350
:10DCE0000021184670474FF40022002042FA03F149
:10DCF000704700BF0000F07F2DE9F041066900F198
:10DD0000140808EB860656F8047C3846FFF79AFD9F
:10DD1000C0F120030A280B60A6F1040219DC90452B
:10DD200038BF56F8082CC0F10B0327FA03F138BFAF
:10DD3000DA4000F1150341F07F5528BF002207FAB1
:10DD400003F345F4401543EA020420462946BDE8A2
:10DD5000F0819045A0F10B031CD256F8080CDBB102
:10DD60009F4047F07F57C3F12001A6F1080220FA37
:10DD700001FC47F44017904500FA03F047EA0C0510
:10DD800003D256F80C3CCB401843044620462946A3
:10DD9000BDE8F08133B9184647F07F5545F440158A
:10DDA0000446F3E707FA03F343F07F55002045F4F8
:10DDB00040150446EAE700BF2DE9F04383B0012196
:10DDC0001F4616460A9DFFF781FCC7F30A54814699
:10DDD000C7F313030CB143F48013002E019323D037
:10DDE00002A840F8086DFFF74DFD002835D1DDE9A8
:10DDF0000023C9F81420002B0CBF01210221C9F80F
:10DE00001830C9F81010DCB909EB8103A0F23240D8
:10DE100028601869FFF716FD0B9BC0EB41101860D6
:10DE2000484603B0BDE8F08301A8FFF72BFD019B36
:10DE3000C9F8143001212030C9F81010002CE3D0AB
:10DE4000A4F2334808EB00032B600B9BC0F13500B4
:10DE50001860484603B0BDE8F083DDE90013C0F167
:10DE6000200203FA02F20A43C3400193C9F81420C6
:10DE7000C1E700BF30B587B00C4604A90546FFF7DF
:10DE80003BFFCDE90001204605A9FFF735FFDDE99D
:10DE90000423CDE9020120692969D31A091A03EB89
:10DEA0004113002BDDE90001DDE902450EDD019A99
:10DEB00002EB0351CDE900019DED007B9DED026B6E
:10DEC00087EE067B51EC170B07B030BD039AC3EB0E
:10DED000033302EB0355CDE90245EDE770B4146955
:10DEE0004D1E02F1140303EB84016D1101358B42C9
:10DEF00000EB85040CD2051F53F8046B45F8046F42
:10DF00009942F9D88B1A153B23F0030304331844C4
:10DF1000844204D9002340F8043B8442FBD870BCFF
:10DF2000704700BF036910B44C11A34200F1140202
:10DF300010DA02EB83039A421ED253F8040C043B1E
:10DF400018B115E053F8041D91B99A42FAD35DF85F
:10DF5000044B704702EB8403EDDD11F01F01EAD0A2
:10DF600052F8244024FA01F000FA01F18C42E2D088
:10DF700001205DF8044B70470020E8E770B50D46BE
:10DF8000084C114606461A46284600232360E4F74B
:10DF9000B7F9431C00D070BD2368002BFBD0336061
:10DFA00070BD00BFC416012470B40C785E2C064608
:10DFB0001ED00022481C1546731E06F1FF0103F80F
:10DFC000012F8B42FBD184B185F001033355411CF5
:10DFD00011F8012C2D2A10D05D2A03D01AB1144655
:10DFE0000846F3E7084670BC7047013870BC7047BC
:10DFF00001224C781546881CDEE745785D2DEED071
:10E00000AC42ECDC023032190134A54202F8013F87
:10E01000FADC0231DCE700BF004870470000C07F37
:10E020002DE9F04F89B0CDE9061003921F468A46CC
:10E0300000E0AA465546129815F8014BF7F734FD53
:10E040002044467816F00806F3D12D2C00F0898084
:10E050002B2C04BF9AF801400AF10205002F46D08C
:10E06000102F00F08480BA464FEAE77B002E47D09D
:10E0700000214FF00043CDE9041352465B46DDE931
:10E080000401F5F7FFFB804689464FF0000C0020A5
:10E090000021CDE9008912E054D0894600FB0BF441
:10E0A0000AFB0944A0FB0A01214410EB030841EBE1
:10E0B000E379404649464FF0010C15F8014BA4F1B5
:10E0C0003003092B05D9A4F14103192B1FD8A4F162
:10E0D00037039F4223DDBCF1FF3FEED0DDE900892D
:10E0E000894508BF8045D7D24FF0FF3CE5E7302C8B
:10E0F00044D04FF00A0A4FF0000B0A27002EB7D188
:10E100004FF0FF326FF00043CDE90423B5E7A4F1EF
:10E110006103192B03D8A4F157039F42DBDCBCF148
:10E12000FF3F14D016B1404261EB4101039B33B174
:10E13000BCF1000F2FD1039B1A46069B136009B058
:10E14000BDE8F08F9A42A8DA4FF0FF3CB5E7079A96
:10E1500022231360039B0BB36B1EDDE904010693BE
:10E16000E9E70AF102059AF80140012676E7302C2A
:10E1700017D04FF0100A4FF0000B77E72B7803F021
:10E18000DF03582B13D16C784FF0100A4FF0000BBF
:10E19000023510276AE7CDE90401DDE7DDE9040176
:10E1A000CDE72B7803F0DF03582BE2D1EBE74FF0FC
:10E1B000080A4FF0000B082758E700BF30B5064C9F
:10E1C000064D2468646B83B0002C08BF2C46009475
:10E1D000FFF726FF03B030BD680E0024981200241C
:10E1E0002DE9F04F87B00F46059003921E468846F2
:10E1F00000E0A8464546109815F8014BF7F754FC87
:10E20000204490F801B01BF0080BF2D12D2C00F047
:10E2100091802B2C09BF98F80140CDF810B0CDF8B3
:10E2200010B008F10205C6B1102E00F08A80B24687
:10E230004FEAE67B52465B464FF0FF304FF0FF312E
:10E24000F5F720FB5246804689465B464FF0FF308B
:10E250004FF0FF31F5F716FB0BE0302C7DD0DFF8E7
:10E26000489105224FF099384FF00A0A4FF0000B01
:10E270000A264FF0000C00200021CDE900AB1CE085
:10E28000894508BF804527D3494508BF404540D050
:10E29000824601980AFB00F400988B4600FB0B4471
:10E2A000AAFB0001214410EB030A41EBE37B50463B
:10E2B00059464FF0010C15F8014BA4F13003092B1E
:10E2C00005D9A4F14103192B09D8A4F137039E42C3
:10E2D0000DDDBCF1000FD3DA4FF0FF3CEBE7A4F10A
:10E2E0006103192B03D8A4F157039E42F1DCBCF162
:10E2F000000F13DB049B13B1404261EB4101039B10
:10E3000023B1BCF1000F13D1039B1F6007B0BDE820
:10E31000F08F9342BCDD4FF0FF3CCCE7059A2223FF
:10E320001360039B4FF0FF304FF0FF31002BEDD017
:10E330006F1EE9E7012308F1020598F801400493F4
:10E3400071E7302C19D00F224FF0FF386FF0704971
:10E350004FF0100A4FF0000B8BE72B7803F0DF0330
:10E36000582B0FD007224FF0FF386FF060494FF065
:10E37000080A4FF0000B08267BE72B7803F0DF0339
:10E38000582B0CD16C780F2202354FF0FF386FF00C
:10E3900070494FF0100A4FF0000B102669E74FF05C
:10E3A000100A4FF0000B45E79999991930B5064CC2
:10E3B000064D2468646B83B0002C08BF2C46009483
:10E3C000FFF70EFF03B030BD680E00249812002442
:10E3D0002DE9F04F936883B09046002B6CD01768FE
:10E3E0008D6882460C460868083742E0A38913F41A
:10E3F000906F2DD0D4E9041505EB4505A0EB010B7A
:10E4000005EBD575701C6D105844A8422A4684BF90
:10E4100005462A465B0536D511465046E3F7C6F851
:10E4200000283AD05A4621690190F7F71BFFA289CC
:10E43000019B22F4906242F08002A281A5EB0B02C4
:10E4400003EB0B00656123612060A2603546B34693
:10E450005A464946F7F7A0FFD8F80830A268206866
:10E46000551B58449E1BA5602060C8F808601EB369
:10E47000083757E90296AB46002EF9D0AE42B5D226
:10E480003546B346E4E75046E2F7FCFF0346002872
:10E49000D4D121695046E3F7D5F80C23CAF80030EF
:10E4A000A389002243F040034FF0FF30A381C8E965
:10E4B000012203B0BDE8F08F0020C8F8040003B0CB
:10E4C000BDE8F08F4B1C70B51AD09389146B566859
:10E4D00023F02003CDB29381ACB1536BB342144609
:10E4E00009DD23685A1E226003F8015C636801336A
:10E4F0006360284670BD114600F07CF80028F0D01B
:10E500004FF0FF35F5E7136911682BB18B4203D249
:10E5100011F8013CAB420ED0134602F14004032037
:10E520009163C2E90C40D66303F8425F0121C2E95E
:10E530000031284670BD01390136C2E90016D8E71E
:10E5400010B50C46096B69B104F14003994201D042
:10E55000E3F778F8E36B63600020206313B1A36BEB
:10E56000236010BDA3892269226043F020030022AA
:10E57000A38162604FF0FF3010BD00BF2DE9F04F66
:10E5800083B002FB03F701929A460C9C2FB380469E
:10E590000E463D464FF000090EE0F7F763FE226895
:10E5A000C4F804905A442260214640465E44A5EBDC
:10E5B0000B05FFF7C5FFA0B9D4E900CBAB4530464A
:10E5C0005A466146E9D32A46F7F74CFED4E90032B1
:10E5D000521B1D44C4E900525746384603B0BDE8FB
:10E5E000F08F019B7F1BB7FBF3F7384603B0BDE804
:10E5F000F08F00BF01F140032DE9F0410C46096B9B
:10E60000994214D0666B77003A46E2F73BFF054625
:10E6100040B300EB0608324640462946F7F722FE93
:10E62000C4E90C57C4F800800020BDE8F0814FF425
:10E630008061E2F7BBFFA8B194F842304FF48062EA
:10E64000C4E90C0280F8FF3394F8413080F8FE33BF
:10E6500094F8403080F8FD3300F2FD302060002057
:10E66000BDE8F0814FF0FF30DFE700BF2DE9F84F44
:10E670004B6E9C0492462DD59368126843B30E46A8
:10E68000074602F1080959E9025B5FEA9B0815D0C9
:10E69000043D002401E0A0450ED0324655F8041F89
:10E6A000384600F079F8431C04F10104F3D100234B
:10E6B000CAE90133BDE8F88FDAF808302BF0030B14
:10E6C000A3EB0B03CAF8083009F10809002BDAD1D3
:10E6D0000020ECE7F6F7DEFF0023CAE90133BDE8CE
:10E6E000F88F00BF93680BB1FFF7C0BF10B4184696
:10E6F00053605DF8044B70472DE9F04782B08146C6
:10E7000088461446F7F7C2F9012803D108F1FF3310
:10E71000FE2B33D9424604F15C0301A9484600F0C0
:10E720006DF8421C06462FD020B39DF804C000258A
:10E730000DF1040A09E023685A1C226083F800C026
:10E740000135B54216D215F80AC0A368013B002B6B
:10E75000A360F0DAA769BB4261462246484602DB65
:10E76000BCF10A0FE7D1FDF79DFB431CE8D102B0D5
:10E77000BDE8F087404602B0BDE8F0875FFA88FC4C
:10E7800006468DF804C0D2E7A38943F04003A38175
:10E7900002B0BDE8F08700BF30B50546506EB2F953
:10E7A0000C30C007144683B09AB201D490051CD532
:10E7B000900406D4626E43F4005342F40052A381E5
:10E7C000626628462246FFF797FF636EDA07054622
:10E7D00002D4A3899B0502D5284603B030BDA06DA5
:10E7E000F7F77AF9284603B030BDA06D0191F7F72D
:10E7F00071F9B4F90C3001999AB2D9E7F0B5114C1E
:10E80000246885B00646646B1F4651B10E4D002C3E
:10E8100008BF2C46D4F8E040A047431C0CD005B0FC
:10E82000F0BD094A002C08BF14460A46D4F8E0405F
:10E8300001A9A047431CF2D100228A233A60336029
:10E8400005B0F0BD680E002498120024024B582237
:10E850001A604FF0FF307047C4160124024B582253
:10E860001A604FF0FF307047C4160124F8B500BF9E
:10E87000F8BC08BC9E467047F8B500BFF8BC08BCA1
:10E880009E467047B74D0408810504084D030408EF
:10E890006206070869060708750607088206070862
:10E8A0008F0607089E060708AA060708B706070886
:10E8B000C4060708D3060708DF060708EC060708A2
:10E8C000F9060708080707081407070821070708BB
:10E8D0002E0707083D0707084E07070860070708C7
:10E8E000720707088607070898070708AB07070895
:10E8F000BE070708D3070708E0070708B7E90608B7
:10E900000001020304050607080904030A0B0C00B2
:10E91000010102020307060704050108F1040708C4
:10E92000040507081E0507083C0507085C050708DD
:10E93000700507088A050708A3050708BA05070830
:10E94000CE050708E305070802060708230607089F
:10E9500042060708720407088204070892040708A1
:10E96000A4040708B5040708BF040708CA04070879
:10E97000DB040708E60407085B4552524F525D204E
:10E98000436F6D616E646F2064656D61736961646E
:10E990006F206C6172676F0046616C6C6F206465FC
:10E9A00020636865636B6C69737420646573636F5F
:10E9B0006E6F6369646F004552524F52005B45525F
:10E9C000524F525D20636F6469676F3D005B415534
:10E9D000544F5D204F626A657469766F20583D0020
:10E9E0005B58595A5D204F626A657469766F20588A
:10E9F0003D005B4155544F5D204272617A6F207932
:10EA0000612065737461626120656E20656C206FA2
:10EA1000626A657469766F005B58595A5D2042726C
:10EA2000617A6F2079612065737461626120656E1F
:10EA300020656C206F626A657469766F00206D6D69
:10EA40002C20593D00206D6D3B205A3D00206D6DFE
:10EA500020726563696269646F207065726F206EF1
:10EA60006F207365206D6F766572610073616C69EC
:10EA70006461206465204175746F6D617469636FB2
:10EA80002056320053455353494F4E5F454E440084
:10EA90005B424F4F545D2045737461646F2067651E
:10EAA0006E6572616C202D3E2000656E747261642B
:10EAB000612061204175746F6D617469636F2056C8
:10EAC000320053455353494F4E5F53544152540003
:10EAD0005B4155544F2056325D2000524553554CF2
:10EAE00054006F626A657469766F20636F6D706C35
:10EAF000657461646F006F7264656E2053544F508B
:10EB00000053544F5020706F72207465726D696E9F
:10EB1000616C0043616C6962726163696F6E20634E
:10EB2000616E63656C61646120706F722053544F35
:10EB300050005B5345475552494441445D2053546E
:10EB40004F5020656A6563757461646F005B415561
:10EB5000544F2056325D20696E74656E746F733D3C
:10EB6000002063617463685F6175746F6D617469BF
:10EB7000636F733D003D3D3D3D3D20455350414356
:10EB8000494F2044452054524142414A4F203D3D87
:10EB90003D3D3D0052616E676F20583D00203D2095
:10EBA0000052616E676F20593D0052616E676F20A1
:10EBB0005A3D0058207061736F73207065726D69E3
:10EBC0007469646F733A20002061200059207061DD
:10EBD000736F73207065726D697469646F733A2026
:10EBE000004F726967656E3A2063656E74726F20BC
:10EBF00066697369636F20583D302C20593D302C75
:10EC0000205A3D30003D3D3D3D3D20434F4D414E5E
:10EC1000444F5320444953504F4E49424C45532092
:10EC20003D3D3D3D3D00474F544F20582059205A0F
:10EC300020202D3E20706F736963696F6E206162C2
:10EC4000736F6C75746120656E206D6D2028736F15
:10EC50006C6F206D7565766520582F5929005820F6
:10EC600059205A202020202020202D3E20666F721F
:10EC70006D612061627265766961646120646520FE
:10EC8000474F544F00484F4D452020202020202042
:10EC9000202D3E20583D302C20593D303B205A201D
:10ECA0006E6F207365206D7565766500504F53203B
:10ECB00020202020202020202D3E20706F736963AB
:10ECC000696F6E2061637475616C0052414E474FED
:10ECD000202020202020202D3E2065737061636954
:10ECE0006F2064652074726162616A6F00454E43F3
:10ECF0002045535441444F20202D3E20412F422F88
:10ED00005A2C20636F6E74656F2C20646973746174
:10ED10006E63696120792076656C6F6369646164F4
:10ED2000004C612063616C6962726163696F6E207F
:10ED300064656C20656E636F646572207365207214
:10ED400065616C697A6120656E20656C2061727204
:10ED5000616E71756520636F6E206C612062616EFB
:10ED6000646120616C203530202500454E432056DB
:10ED700055454C544120202D3E20646961676E6FDB
:10ED8000737469636F20646520696E6469636520CC
:10ED9000792032303438206375656E7461732F7654
:10EDA00075656C746100454E43204345524F2020E9
:10EDB00020202D3E207265696E6963696120636F52
:10EDC0006E74656F206520696E64696365206D618E
:10EDD0006E75616C6D656E74650053544F502020E4
:10EDE0002020202020202D3E20706172616461204F
:10EDF000696E6D656469617461005245494E5445A0
:10EE00004E54415220202D3E207265696E6963691F
:10EE10006F2073656775726F206465736465206524
:10EE2000737461646F206465206572726F72004153
:10EE300059554441202020202020202D3E2065735C
:10EE4000746120617975646100457363616C612050
:10EE50006175746F6D61746963613A20583D343433
:10EE600036206D6D2C20593D333336206D6D0044B6
:10EE70004553434F4E4F43494441005B4D454E552A
:10EE80005D204F7063696F6E3D005B4155544F5D6F
:10EE9000204E6F20646973706F6E69626C653A20F2
:10EEA00063616D617261206F206272617A6F20739D
:10EEB000696E2063616C6962726172005B415554D6
:10EEC0004F2056325D204E6F20646973706F6E69FB
:10EED000626C653A2063616D617261206F206272BD
:10EEE000617A6F2073696E2063616C69627261720E
:10EEF000005B4155544F2056325D204E6F206469AF
:10EF000073706F6E69626C653A20656E636F6465DD
:10EF10007220696E76616C69646F2E20657363611F
:10EF20006C613D0020666C6167733D3078005B4129
:10EF300055544F2056325D205265696E696369658C
:10EF4000207920636F6D706C657465206C6120653D
:10EF50007461706120332F3320636F6E206C6120E9
:10EF600062616E646120616C2035302025005B4158
:10EF700055544F2056325D204E6F20646973706F78
:10EF80006E69626C653A205A206E6F2065737461F9
:10EF900020656E20706F736963696F6E207365679B
:10EFA000757261005B4155544F2056325D204E6FA3
:10EFB00020646973706F6E69626C653A20636F6E6E
:10EFC000666967757265205A2064656E74726F2079
:10EFD00064656C2072616E676F2073656775726F10
:10EFE000005B4155544F2056325D204D6F646F20B9
:10EFF00061637469766F3B206573706572616E64DE
:10F000006F20717565206C612062616E64612061A2
:10F0100076616E63652063616D6172612D3E62721F
:10F02000617A6F005B454E435D5B494E4445585DD8
:10F03000207675656C7461733D0020756C74696D24
:10F04000613D005B43414C5D20005469656D706F0C
:10F05000206D6178696D6F20657863656469646FA0
:10F060000052616E676F205820696E76616C69642A
:10F070006F0052616E676F205920696E76616C690E
:10F08000646F0052616E676F205A20696E76616C02
:10F0900069646F004E6F207365207075646F206324
:10F0A000616C63756C6172206C6120657363616C67
:10F0B0006100484F4D4520696E74657272756D70C0
:10F0C00069646F002D2D2D2D2D20504F534943493C
:10F0D0004F4E2041435455414C202D2D2D2D2D00B8
:10F0E000206D6D207C2000207061736F7300207094
:10F0F00061736F73207C2072616E676F3D005B49A6
:10F1000032435D205072696D657220706171756562
:10F11000746520636F6D706C65746F207920766103
:10F120006C69646F005B424F4F545D2043686563B8
:10F130006B6C6973742066696E616C204F4B005B69
:10F14000424F4F545D5B434845434B4C4953545DDC
:10F150002046616C6C613A20005B4552524F525D13
:10F16000205265696E74656E746F20736567757281
:10F170006F20736F6C6963697461646F00636F6E95
:10F1800074726F6C20426C7565746F6F7468206464
:10F190006573636F6E65637461646F0063616E6352
:10F1A000656C61646F20706F722075737561726930
:10F1B0006F0063616D6172612064656A6F206465D0
:10F1C000206573746172206C697374610043616DB2
:10F1D000617261206E6F20646973706F6E69626C1A
:10F1E0006520656E206175746F6D617469636F0071
:10F1F0006F626A657469766F2066756572612064F6
:10F20000652072616E676F005B4155544F5D205001
:10F2100069657A6120636C6173653D002063616D8F
:10F220006172613D28002C0029206272617A6F3D75
:10F23000280041434B005B4932435D2053657369AD
:10F240006F6E20455350333220696E696369616C7B
:10F250003D005B4932435D205265696E6963696FA9
:10F260002045535033323A20736573696F6E200026
:10F270007265696E6963696F206465204553503318
:10F2800032005B43414D5D20436F6D616E646F3DA5
:10F29000005B4155544F2056325D20466173652016
:10F2A0002D3E20005048415345005B43414C5D20BA
:10F2B000496E6963696F206175746F6E6F6D6F2041
:10F2C00064652063616C6962726163696F6E205866
:10F2D0002F592F5A0050454E4449454E5445004140
:10F2E0005955444100504F530052414E474F00453D
:10F2F0004E432045535441444F005B454E435D20EF
:10F30000636F6E74656F3D00454E434F4445520038
:10F31000454E43205655454C5441002072656C6162
:10F320007469766F3D002041423D30620020696E75
:10F33000646963653D00206375656E7461732F7346
:10F340003D00206D6D2F732064697374616E636975
:10F35000613D00206D6D20657363616C613D00202F
:10F360006D6D2F6375656E7461207369676E6F3D97
:10F3700000205635303D00206D6D2F7320566D6195
:10F38000785F6573743D00206D6D2F732063616C31
:10F390003D005B454E435D5B5655454C54415D20F9
:10F3A000696E64696365733D0020696E7465727689
:10F3B000616C6F735F636F6D706C65746F733D002C
:10F3C000206375656E7461732F7675656C74613D2D
:10F3D0000020657370657261646F5F58323D002074
:10F3E0006572726F723D00454E43204345524F0097
:10F3F0005B454E435D5B4552524F525D2053544F27
:10F400005020616E746573206465207265696E6951
:10F410006369617220656C20636F6E74656F005B59
:10F42000454E435D20436F6E74656F206520696EA5
:10F4300064696365207265696E69636961646F738D
:10F4400020706F72206F7264656E206578706C69D1
:10F4500063697461005245494E54454E544152000F
:10F460005B4552524F525D205245494E54454E54D1
:10F47000415220736F6C6F2061706C69636120650D
:10F480006E2065737461646F206465206572726FAD
:10F4900072005B4552524F525D205265696E746531
:10F4A0006E746F2073656775726F20736F6C69631C
:10F4B000697461646F20706F72207465726D696E1B
:10F4C000616C005B4552524F525D20484F4D4520C4
:10F4D0007265717569657265206D656E752C206544
:10F4E0006E6C616365207920582F592063616C69C7
:10F4F000627261646F73005B4552524F525D2047E8
:10F500004F544F207265717569657265206D656E27
:10F51000752C20656E6C616365207920582F592009
:10F5200063616C69627261646F7300474F544F206E
:10F53000002566202566202566202563005B455250
:10F54000524F525D20436F6D616E646F206E6F206D
:10F550007265636F6E6F6369646F3A200055736103
:10F560003A20474F544F20582059205A005B4341BE
:10F570004C5D5B4552524F525D2052616E676F7316
:10F5800020696E76616C69646F73207061726120AE
:10F5900063616C63756C617220657363616C61009B
:10F5A0005B43414C5D20457363616C6120583D00B5
:10F5B000207061736F732F6D6D2C20593D0020708A
:10F5C00061736F732F6D6D005B454E435D5B43410F
:10F5D0004C5D5B4552524F525D20005B454E435D92
:10F5E0005B43414C5D20436F7272696A61206C61BC
:10F5F0002062616E646120792070726573696F6E3C
:10F600006520582070617261207265696E74656E44
:10F61000746172005B43414C5D5B585D2052616ECA
:10F62000676F3D005B43414C5D5B595D2052616EED
:10F63000676F3D005B43414C5D5B5A5D2052616EDC
:10F64000676F3D005B43414C5D2043616C696272B2
:10F650006163696F6E20636F6D706C6574613B20D0
:10F66000484F4D4520583D3020593D30205A3D30BF
:10F670000046696E616C206465205A206475726171
:10F680006E7465207265746972616461205632001F
:10F6900054696D656F7574207265746972616E640A
:10F6A0006F205A20656E204175746F6D61746963B7
:10F6B0006F2056320046696E616C2064652063617C
:10F6C000727265726120647572616E746520417535
:10F6D000746F6D617469636F20563200656E636F7D
:10F6E000646572206E6F2076616C69646F006C6176
:10F6F0002062616E64612073652064657475766F45
:10F700000074696D656F757420646520666173654A
:10F710000070726564696363696F6E206465207050
:10F7200069657A61206E6F2076616C696461007032
:10F7300069657A612072656261736F20656C206310
:10F740006174636820616E746573206465207465FC
:10F75000726D696E6172206C6120707265706F737A
:10F760006963696F6E0070726564696363696F6E67
:10F77000206465207069657A61206E6F2076616C07
:10F78000696461206573706572616E646F206C6C72
:10F790006567616461007069657A612072656261A4
:10F7A000736F206C61206573746163696F6E206490
:10F7B00065206361746368005B4155544F20563285
:10F7C0005D204469737061726F205A207069657A98
:10F7D00061593D0020756D6272616C3D0020766557
:10F7E0006C3D0020745A3D007069657A6120656E39
:10F7F00074726F20616C20756D6272616C2064653B
:10F800002064657363656E736F205A0054524947D4
:10F8100047455200616C74757261205A20646520FE
:10F8200063617074757261206675657261206465CC
:10F830002072616E676F005B4155544F2056325DF8
:10F840002042757363616E646F2044494E303420EA
:10F85000646562616A6F2064656C20636F6E7465B5
:10F860006F2063616C69627261646F0062757371AD
:10F8700075656461206C656E74612064656C2066DA
:10F88000696E616C20696E666572696F72204449A9
:10F890004E3034005A5F5345415243480044494E6C
:10F8A0003034206E6F20617061726563696F20640F
:10F8B000656E74726F2064656C206D617267656E31
:10F8C000206465206275737175656461205A005B00
:10F8D0004155544F2056325D2043415054555241BA
:10F8E0005F5649525455414C20583D002065727274
:10F8F0006F72583D00206572726F72593D0020761C
:10F90000656C6F63696461643D002066696E616C5B
:10F910005F7A5F6162616A6F3D3100636170747527
:10F920007261207669727475616C20656E206669FB
:10F930006E616C205A206162616A6F0043415054CD
:10F940005552450043415443485F4155544F4D4142
:10F950005449434F005B454E435D5B43414C5D2042
:10F96000455441504120332F333A20636F6C6F71FF
:10F970007565206D616E75616C6D656E7465206C6A
:10F98000612062616E646120616C20353020250049
:10F990005B454E435D5B43414C5D204375616E6446
:10F9A0006F206C612062616E6461206176616E63BC
:10F9B000652065737461626C652063616D6172615D
:10F9C0002D3E6272617A6F2C2070726573696F6E62
:10F9D000652058005B454E435D5B43414C5D2047CD
:10F9E000656F6D65747269613A2072756564613D19
:10F9F00000206D6D2C20313A312C20657363616CD1
:10FA0000613D00206D6D2F6375656E746100563227
:10FA10004C4F477C507C6D733D007C7365737369FC
:10FA20006F6E3D007C6576656E743D007C6F626A2A
:10FA30003D007C656E637365713D007C656E633D62
:10FA4000007C7265665F656E633D007C7068617303
:10FA5000653D007C636C6173733D007C61726D5F1A
:10FA6000783D007C61726D5F793D007C7A5F7374D4
:10FA70006570733D007C7461726765745F783D00EA
:10FA80007C7461726765745F793D007C6572726F2A
:10FA9000725F783D007C6572726F725F793D007CA9
:10FAA00076656C3D007C6D6F765F783D007C6D6F98
:10FAB000765F793D007C6D6F765F7A3D007C616397
:10FAC0006B3D007C61636B5F636F64653D007C65CB
:10FAD00072726F723D007C6D6573736167653D0086
:10FAE0005B454E435D5B43414C5D20436F6E7472DA
:10FAF0006F6C20646573636F6E65637461646F3BE4
:10FB00002063616C6962726163696F6E20726569FE
:10FB10006E696369616461005B454E435D5B4341AF
:10FB20004C5D204C612062616E6461206E6F2073B9
:10FB300065206D756576653B20706F6E67616C61E1
:10FB400020616C203530202520616E74657320643F
:10FB5000652058005B454E435D5B43414C5D20454D
:10FB600073746162696C697A616E646F2064757226
:10FB7000616E7465203220732E2E2E004E6F20731E
:10FB800065206465746563746F206D6F76696D6957
:10FB9000656E746F20636F6E74696E756F20616C33
:10FBA0002035302025005B454E435D5B43414C5D75
:10FBB000204D696469656E646F2076656C6F63695A
:10FBC00064616420647572616E7465203520732EE3
:10FBD0002E2E0050756C736F7320696E7375666995
:10FBE0006369656E7465732C207061726F206F207D
:10FBF000696E76657273696F6E20647572616E747A
:10FC000065206C61206D65646963696F6E0056657F
:10FC10006C6F636964616420696E65737461626CA2
:10FC2000653A20766172696163696F6E206D6179F2
:10FC30006F7220616C2031302025005B454E435DA2
:10FC40005B43414C5D20353020253D00206D6D2FFC
:10FC5000733B206D6178696D6120657374696D61B6
:10FC600064613D00206D6D2F733B207369676E6F7B
:10FC70003D005B454E435D5B43414C5D2076656EC8
:10FC800074616E6173206D696E2F6D656469612F9B
:10FC90006D61783D00206375656E7461732F73002C
:10FCA0005B454E435D5B43414C5D20446574656E2E
:10FCB00067612061686F7261206C612062616E64AF
:10FCC00061005B454E435D5B43414C5D2043616C8D
:10FCD0006962726163696F6E206175746F6D6174C2
:10FCE00069636120636F6D706C6574610054696D48
:10FCF000656F7574206573706572616E646F2071D5
:10FD0000756520656C207465636E69636F2064653A
:10FD100074656E6761206C612062616E6461005B76
:10FD20004552524F525D205265696E74656E746F14
:10FD300020636F6D706C65746F20706F72206572D8
:10FD4000726F72206E6F2072656C6163696F6E6195
:10FD5000646F20636F6E2063616D617261005B454B
:10FD600052524F525D2053696E20656E6C6163651F
:10FD7000204932433B206E6F20657320706F73699A
:10FD8000626C65207265696E74656E746172207351
:10FD90006F6C6F206C612063616D617261005B4309
:10FDA000414D5D205265696E74656E746F20736598
:10FDB0006C65637469766F3B2063616C6962726124
:10FDC00063696F6E2064656C206272617A6F206374
:10FDD0006F6E73657276616461005B43414D5D20B7
:10FDE0005265696E74656E746F2064652063616D21
:10FDF0006172613B20656C206272617A6F2061756F
:10FE00006E2072657175696572652063616C6962E7
:10FE1000726163696F6E00636F6F7264656E6164B7
:10FE20006120696E696369616C2066756572612025
:10FE300064656C206573706163696F20646520740C
:10FE4000726162616A6F005B4155544F2056325DAA
:10FE5000204F626A657469766F20616365707461B2
:10FE6000646F207365713D0020656E636F64657219
:10FE70003D00207943617463683D006E6F207365B7
:10FE8000207075646F20696E6963696172206C61AE
:10FE900020707265706F736963696F6E20585900C6
:10FEA0006F626A657469766F2061636570746164FE
:10FEB0006F00414343455054005B4552524F525DE1
:10FEC00020436F6F7264656E616461206E6F20669F
:10FED000696E6974612072656368617A616461004A
:10FEE0005B5741524E5D204F626A657469766F20A0
:10FEF00066756572612064652072616E676F20733C
:10FF0000656775726F20583D005B4552524F525DD8
:10FF100020582F59206E6F20657374616E206361C5
:10FF20006C69627261646F73005B4155544F5D5B35
:10FF30005741524E5D204F626A657469766F206446
:10FF400065736361727461646F2073696E206D6F95
:10FF500076696D69656E746F3B2073656375656E58
:10FF60006369613D00206D6F7469766F3D00524595
:10FF70004A454354006F626A657469766F20726502
:10FF80006368617A61646F00455350333220736552
:10FF9000207265696E6963696F3B206F626A657480
:10FFA00069766F7320616E746572696F7265732014
:10FFB0006465736361727461646F7300506171751D
:10FFC000657465732049324320696E76616C69649B
:10FFD0006F732070657273697374656E74657300F6
:10FFE0005B4932435D20456E6C61636520706572CC
:10FFF0006469646F20647572616E746520657370E6
:020000040807EB
:10000000657261206465203520730054696D656FE9
:10001000757420646520636F6D756E6963616369D3
:100020006F6E20493243005B454E435D5B43414C5C
:100030005D2046617365202D3E20005B58595A5D56
:10004000204D6F76696D69656E746F2064657465A7
:100050006E69646F3A200054454C454D45545259E1
:10006000005B4155544F2056325D2043616E6365FD
:100070006C616E646F3A20006F626A657469766FB6
:100080002063616E63656C61646F0043414E43455C
:100090004C005B4155544F5D204F626A6574697630
:1000A0006F20616C63616E7A61646F005B58595AAE
:1000B0005D204F626A657469766F20616C63616E62
:1000C0007A61646F0074696D656F75740054696D51
:1000D000656F7574206465206D6F76696D69656EF6
:1000E000746F2058590066696E616C2064652063E6
:1000F00061727265726120696E65737065726164A8
:100100006F0046696E616C20646520636172726580
:10011000726120647572616E7465206D6F76696DB1
:1001200069656E746F205859005B4155544F2056D5
:10013000325D20496E74656E746F2063616E636515
:100140006C61646F3B206D6F646F20563220736961
:100150006775652061637469766F0056322070653B
:10016000726D616E6563652061637469766F0052BC
:100170004541524D005B4932435D5B52454355500A
:1001800045524143494F4E5D204D61657374726F16
:10019000207265696E69636961646F2C20696E7491
:1001A000656E746F3D004C612063616D617261200A
:1001B0007265706F72746F20756E206572726F72E7
:1001C0000054696D656F75742063616C696272615A
:1001D0006E646F2063616D617261005B43414D5DD0
:1001E00020486F6D6F6772616669612076616C6926
:1001F00064612079206D6F64656C6F206C69737425
:100200006F005B4932435D20496E6963696F20640A
:100210006520736F6E64656F2076657273696F6EAB
:1002200061646F206120455350333200416D626F2D
:10023000732066696E616C657320646520756E203D
:10024000656A6520657374616E2061637469766F99
:1002500073005B4932435D2072784F4B3D00207242
:10026000784572726F723D00286C656E3D002063A8
:1002700072633D002073656D3D002074784F4B3DE7
:10028000002074784572726F723D0020756C74693D
:100290006D6F54783D00207265696E6963696F7394
:1002A0003D002070617573614C6F6F704D61783DDA
:1002B000006D7320656E6356656C3D0020656E634E
:1002C0004370733D002065737461646F3D005B4251
:1002D0004F4F545D20506F7274656E746120636F70
:1002E0006F7264696E61646F726120696E696369BF
:1002F00061646120656E2065737461646F2073654D
:100300006775726F005B424F4F545D204932432046
:100310006D61657374726F203078343020612031E4
:100320003030206B487A3B20726574656E63696F6C
:100330006E20696E696369616C2033303030206DE6
:1003400073005B424F4F545D204932433A20636F44
:100350006E74726F6C203130206D732C2074656C5C
:10036000656D657472696120656E636F6465722086
:100370003230206D7320287E34352025206465209E
:1003800062757329005B424F4F545D2046696E6170
:100390006C6573205A3A2044494E30343D616261A5
:1003A0006A6F2C2044494E30353D6172726962613A
:1003B000005B424F4F545D20456E636F6465722051
:1003C000303A204F5554413D4130204F5554423D25
:1003D0004230204F5554433D5A302C206465636FA2
:1003E00064696669636163696F6E205832005B42BD
:1003F0004F4F545D20457363616C6120656E636F80
:1004000064657220636F6D70696C6164613D005B4F
:10041000424F4F545D2044697374616E636961207B
:1004200065666563746976612063616D6172612DD3
:1004300063617463682056323D00206D6D20286131
:100440006A757374653D00206D6D29005B424F4FE6
:10045000545D204D6F6E69746F72207365726961AF
:100460006C3A203131353230302062617564696F09
:1004700073004553504552414E444F205049455A10
:100480004100505245504F534943494F4E414E440D
:100490004F004553504552414E444F204C4C454728
:1004A00041444100444953504152414E444F20433E
:1004B000415443480042414A414E444F205A005360
:1004C000554249454E444F205A0046415345203637
:1004D0002052455345525641444100434F4D504CE4
:1004E000455441444F0043414E43454C414E444FD7
:1004F00000436865636B6C69737420636F6D706C27
:1005000065746F00436F6D756E69636163696F6ECB
:100510002049324320696E616374697661005072CC
:100520006F746F636F6C6F2F6261736520455350FA
:10053000333220696E76616C69646F0043616D616E
:100540007261206E6F20636F6E65637461646120F9
:100550006F20636F6E206572726F7200486F6D6FEF
:1005600067726166696120696E76616C69646100B9
:100570004D6F64656C6F206465207069657A617386
:10058000206E6F206C6973746F0043616C696272D6
:100590006163696F6E20582F5920696E76616C69AE
:1005A00064610043616C6962726163696F6E205AB5
:1005B00020696E76616C696461004272617A6F20B5
:1005C000667565726120646520484F4D45004D6F2A
:1005D000746F726573206E6F20646574656E6964F4
:1005E0006F7300436F6E74726F6C20426C7565742C
:1005F0006F6F746820646573636F6E6563746164A4
:100600006F0043616C6962726163696F6E2064653B
:100610006C20656E636F64657220696E76616C69CB
:100620006461004572726F722064652063616C6959
:1006300062726163696F6E2070656E6469656E7465
:10064000650046696E616C65732064652063617244
:100650007265726120696E636F686572656E74653C
:1006600073004553504552410042555343414E4457
:100670004F20582D004C49424552414E444F20587E
:100680002D005345504152414E444F20582D0056A5
:10069000455249464943414E444F20582D0042554A
:1006A0005343414E444F20582B004C494245524140
:1006B0004E444F20582B005345504152414E444F19
:1006C00020582B0056455249464943414E444F203D
:1006D000582B0042555343414E444F20592D004C56
:1006E00049424552414E444F20592D0053455041F7
:1006F00052414E444F20592D0056455249464943D8
:10070000414E444F20592D0042555343414E444FD2
:1007100020592B004C49424552414E444F20592B01
:10072000005345504152414E444F20592B005645ED
:100730005249464943414E444F20592B004255539C
:1007400043414E444F205A204142414A4F004C49B8
:10075000424552414E444F205A204142414A4F00A7
:100760005345504152414E444F205A204142414A44
:100770004F0056455249464943414E444F205A2066
:100780004142414A4F0042555343414E444F205A43
:1007900020415252494241004C49424552414E4447
:1007A0004F205A2041525249424100534550415234
:1007B000414E444F205A2041525249424100564531
:1007C0005249464943414E444F205A2041525249D2
:1007D00042410059454E444F204120484F4D45006D
:1007E00043414C4942524143494F4E204F4B000038
:1007F000735A0408810504084D0304080000000032
:10080000000000004D6104086F610408CB6004081B
:10081000F16004083561040849610408496104086D
:100820007D6104084B6104084B6104084B610408B6
:10083000C36104084F6104080000000000000000CC
:100840005F630408598804085D620408B162040803
:1008500099620408A9620408A1620408616204089C
:100860008962040875620408BD62040821630408F3
:10087000B962040871680408810504084D0304087E
:10088000493243536C6176650000000000000000AF
:100890000000000001640408598804085D6204082F
:1008A0001F640408E7640408FB6404082D6404085A
:1008B00045640408956704083F650408A3640408B8
:1008C000DD630408C1640408E96304087F65040863
:1008D000F16304082164040827640408D56304084C
:1008E000736404080000000000000000C96C0408E4
:1008F000DD6C0408E9430508A1400508B96804084F
:100900002D3205082533050821340508BD68040883
:10091000CD2C0508CD2C0508D32C0508FD2D050888
:10092000EB2C0508E52C0508016A04083B6904085E
:100930009B690408DD2C0508E56804083172040889
:10094000810504084D0304080000000000000000B9
:10095000496E0408CD6E04085D6204083F6D04080A
:10096000B96F04089D7004081570040885710408A7
:10097000F36C0408576D0408F96D040800000000CA
:100980000000000095E10408456E766965204D374A
:10099000000000000000000000000000497304088F
:1009A0006573040817F9040873EF040881EC040860
:1009B0006FED0408B9F904089DE804089FE80408ED
:1009C000EDFB04083DFC04083DE9040841740408FB
:1009D000897504080DE90408417304083975040891
:1009E0006575040825E90408FD7404080973040802
:1009F0000D7304080F7304081173040827730408A7
:100A00007B730408BB730408EF73040817740408AD
:100A100045770408497704084D770408100341001E
:100A200072006400750069006E006F000000000035
:100A300000000000497904085D7904083B7E040841
:100A4000E9E50408000000000000000071790408D6
:100A500085790408837F0408E9E5040800000000A4
:100A6000000000002179040835790408577704084C
:100A7000E9E5040839810408810504084D030408E8
:100A80008025000000000800FFFFFFFF5F72785F15
:100A900073697A65203D3D2030005F74785F6C6932
:100AA00073742E656D7074792829005F72785F6C9D
:100AB0006973742E656D707479282900433A5C550A
:100AC000736572735C73616D75655C4170704461D0
:100AD00074615C4C6F63616C5C41726475696E6FCC
:100AE00031355C7061636B616765735C61726475FD
:100AF000696E6F5C68617264776172655C6D626576
:100B0000645F706F7274656E74615C342E352E3064
:100B10005C636F7265735C61726475696E6F5C555E
:100B200053425C5553424344432E637070007265D8
:100B3000736F6C7665722E76616C6964282900008B
:100B40000000000000000000D578040805790408C2
:100B500071770408697C0408857C0408217A0408FC
:100B6000658004081B790408997904085F770408F4
:100B700065770408557C04086977040851770408F0
:100B800053770408557704081603430044004300D4
:100B90002000440045005600490043004500000085
:100BA00025860408810504084D0304085553426551
:100BB000767400433A5C55736572735C73616D754E
:100BC000655C417070446174615C4C6F63616C5C26
:100BD00041726475696E6F31355C7061636B61671A
:100BE00065735C61726475696E6F5C68617264776D
:100BF0006172655C6D6265645F706F7274656E745E
:100C0000615C342E352E305C636F7265735C61728B
:100C10006475696E6F2F6D6265642F706C617466A8
:100C20006F726D2F696E636C7564652F706C617483
:100C3000666F726D2F43616C6C6261636B2E68002E
:100C4000626F6F6C282A74686973290000000000C5
:100C500000000000B98204081583040871770408B5
:100C6000697C0408857C0408217A040865800408EE
:100C70001B790408997904085F77040865770408EC
:100C8000557C0408697704082B82040869840408E9
:100C900055770408D98104080182040811850408E5
:100CA0006D81040879810408956F0408E16F0408D8
:100CB000517004087D810408256E04088D6E0408B7
:100CC0008181040858FBFFFF000000000583040831
:100CD00033830408C30E0508930E0508F50E0508B6
:100CE0008F0E05088F0E05088F0E0508F90E0508F2
:100CF000FD0E0508F90E0508418104084781040826
:100D000053810408578104085D8104086381040845
:100D100067810408F98104082382040869810408B2
:100D20006B81040854FBFFFF000000000D830408E2
:100D30002B83040840FBFFFF00000000416E040805
:100D4000C76E04085D6204087F810408B16F04085F
:100D5000957004080F700408158604087381040850
:100D60007B8104089181040800000000000000005D
:100D7000878604086E616E00696E66006F76660095
:100D80005254582056352E352E33007274785F74C5
:100D9000696D6572007274785F69646C650000004B
:100DA0000000000000000000000000000000000043
:100DB0000000000000000000000000000000000033
:100DC0000000000000000000000000000000000023
:100DD000000000000000000005000000E803000023
:100DE00005000000B83F00241000000000000000D3
:100DF00000000000000000000000000000000000F3
:100E000000000000000000000000000000000000E2
:100E100000000000000000000000000000000000D2
:100E200000000000000000000000000000100000B2
:100E30004C0E0708880E0708BDB404089DB40408CA
:100E4000700E07080400000000000000950D070860
:100E500000000000C04000244400000008410024BD
:100E600080030000010000000100000000000000FD
:100E70000000000000000000F83F002434000000E3
:100E80002C400024500000008B0D070800000000DB
:100E90007C4000244400000088440024000300003B
:100EA0002800000001000000000000006D616C6C73
:100EB0006F635F6D7574657800656E765F6D7574D0
:100EC00065780073696E676C65746F6E5F6D7574BD
:100ED0006578006D61696E00507265206D61696EA4
:100EE00020746872656164206E6F7420637265613E
:100EF000746564004661696C656420746F20737466
:100F00006172742052544F5300000000C30E070852
:100F10000B0000004CF500241C000000434D534919
:100F2000532D52544F53206572726F723A2053748E
:100F300061636B206F766572666C6F7700434D530B
:100F400049532D52544F53206572726F723A2049A3
:100F50005352205175657565206F766572666C6FAA
:100F60007700434D5349532D52544F5320657272AD
:100F70006F723A20557365722054696D6572204313
:100F8000616C6C6261636B205175657565206F766D
:100F90006572666C6F7700434D5349532D52544F21
:100FA00053206572726F723A2053544420432F438A
:100FB0002B2B206C696272617279206C696273708C
:100FC000616365206E6F7420617661696C61626C2B
:100FD0006500434D5349532D52544F53206572724F
:100FE0006F723A2053544420432F432B2B206C69BB
:100FF0006272617279206D7574657820696E6974AA
:1010000069616C697A6174696F6E206661696C658B
:101010006400434D5349532D52544F53206572720F
:101020006F723A20556E6B6E6F776E004E6F742044
:10103000616C6C6F77656420696E20495352206340
:101040006F6E746578740053797374656D2069737D
:10105000206F7574206F66206D656D6F727900501A
:101060006172616D65746572206572726F72005293
:1010700065736F75726365206E6F74206176616948
:101080006C61626C65004F7065726174696F6E208F
:101090006E6F7420636F6D706C6574656420776922
:1010A0007468696E207468652074696D656F757405
:1010B00020706572696F6400556E73706563696650
:1010C0006965642052544F53206572726F7200003C
:1010D0002C100708471007085F1007086F10070853
:1010E00086100708B81007082E2F6D6265642D6FF3
:1010F000732F636D7369732F6465766963652F72EF
:10110000746F732F736F757263652F6D6265645FA3
:101110007274785F69646C652E63707000746963C3
:101120006B735F736C657074203C2072746F733ADC
:101130003A4B65726E656C3A3A776169745F666FB7
:10114000725F7533325F6D61780066726571203D44
:101150003D20313030300068616E646C6572203D36
:101160003D202849525148616E646C65725F742954
:101170004E5649435F476574566563746F722869BC
:1011800072712900D9B90408810504084D030408C7
:101190002E2F6D6265642D6F732F706C6174666F96
:1011A000726D2F696E636C7564652F706C61746607
:1011B0006F726D2F43616C6C6261636B2E680045CA
:1011C00072726F72203A204554485F54585F44450C
:1011D00053435F434E54206E6F7420737566666987
:1011E0006369656E740053544532004572726F72C4
:1011F0002072657475726E65642062792048414C76
:101200005F4554485F5472616E736D697420282580
:10121000642900706F7765725F646F776E00457246
:10122000726F723A2072657475726E6564206279AD
:101230002048414C5F4554485F476574527844618B
:1012400074614C656E677468004554482062756629
:1012500066657273203A2025752052782025752006
:101260005478006C6F775F6C6576656C5F696E694A
:10127000745F7375636365737366756C0045727232
:101280006F722066726F6D2065746865726E65742A
:101290002048414C202848414C5F4554485F444D0C
:1012A000414572726F7243616C6C6261636B290AB3
:1012B000004572726F722066726F6D20657468658A
:1012C000726E65742048414C202848414C5F45545B
:1012D000485F4D41434572726F7243616C6C62614D
:1012E000636B290A00656D61635F6C696E6B5F7388
:1012F000746174655F63622073657420746F207419
:1013000072756500656D61635F6C696E6B5F7374A8
:101310006174655F63622073657420746F20666119
:101320006C73650073746D33325F656D61635F74F8
:1013300068726561640000005DC6040881050408E8
:101340004D030408000000000000000005BF040871
:101350000BBF0408FDBF04080FBF040879C20408CE
:1013600013BF04085DBF040885C5040811C0040844
:10137000B9C30408C5C3040813BF040813BF040895
:1013800015BF040817BF04082BBF04083DBF04089D
:1013900025BF04087379735F6D626F785F7472792B
:1013A000706F7374206572726F720A007379735F65
:1013B0006D757465785F6C6F636B206572726F72A8
:1013C0000A007379735F6D757465785F756E6C6F05
:1013D000636B206572726F720A007379735F61725A
:1013E00063685F70726F74656374206572726F7288
:1013F0000A007379735F617263685F756E70726FF4
:1014000074656374206572726F720A0018000F00B1
:10141000090C0124F04A002410000800CEF8002432
:10142000F44A002410000800770E0124F84A002432
:10143000CC000400D6080124FC4A00241000080057
:1014400070FC0024004B002460020500F3FC002423
:10145000044B00241C000400D4F90024084B002491
:1014600020000500CAFA00240C4B002410001000D4
:10147000740D0124104B00241000080047FA0024CA
:10148000144B00241000080051F90024184B0024CC
:10149000A40004003BF600241C4B00241C000400A4
:1014A000FA0E0124204B0024100010006DFB0024D4
:1014B000244B00242800040098F50024284B002425
:1014C00054140708B4140708901407089C1407085C
:1014D000A8140708601407080C1407082414070848
:1014E000301407087814070884140708181407082C
:1014F0006C1407083C140708481407082E2F6D6267
:1015000065642D6F732F706C6174666F726D2F69D7
:101510006E636C7564652F706C6174666F726D2F8D
:1015200053696E676C65746F6E5074722E680070CC
:10153000203D3D207265696E746572707265745FDE
:10154000636173743C54202A3E28265F6461746191
:10155000290000000000000000000000F5CC040895
:10156000F7CC040805CD040819CD040800000000DC
:101570000000000049CE0408A9CE040869CD040883
:1015800071CD0408000000000000000031D1040803
:1015900041D10408896B0408796C0408000000003C
:1015A00000000000A9D20408D1D204082E2F6D62D9
:1015B00065642D6F732F647269766572732F736F14
:1015C000757263652F515350492E637070007375A7
:1015D00063636573730001020400000000000000F3
:1015E0000000000051D7040875D7040829D7040863
:1015F0003DD704082E2F6D6265642D6F732F6472C2
:1016000069766572732F736F757263652F535049D6
:101610002E637070005F7065726970686572616CCE
:10162000735F75736564203C205350495F50455289
:101630004950484552414C535F55534544000000C2
:10164000000000000000000035DB040871DB040826
:1016500083D90408A5D9040811DB040823DB040896
:101660002E2F6D6265642D6F732F647269766572BB
:10167000732F736F757263652F53657269616C4266
:101680006173652E637070005F7374617469635F6A
:1016900070696E6D6170203D3D204E554C4C0000D0
:1016A000000000000000000085DB040885DB040862
:1016B00019E0040881E004080000000000000000B8
:1016C00095E1040800000000000000008186040885
:1016D000000000000000000085DB040885DB040832
:1016E000C9E30408E5E30408FFE304084DE4040843
:1016F00049E3040855E3040861E3040869E30408C6
:10170000A3E30408B5E3040871E3040878FFFFFFCE
:1017100000000000DDE30408F9E3040873E40408B2
:1017200045E404084FE304086DE3040845E30408B6
:1017300065E3040855CD04085FCD04085BE30408A5
:10174000418104084781040853810408ADE304087B
:10175000BFE304089BE30408678104082E2F6D6231
:1017600065642D6F732F647269766572732F75735C
:10177000622F736F757263652F4173796E634F705B
:101780002E637070005F77616974203D3D204E5577
:101790004C4C005F6C697374203D3D204E554C4CA1
:1017A0000000000000000000000000000000000039
:1017B0000000000081860408E9E504082E2F6D6210
:1017C00065642D6F732F647269766572732F7573FC
:1017D000622F736F757263652F5553424465766946
:1017E00063652E637070005F6C6F636B6564203E91
:1017F00020300044657669636520737461746520E8
:1018000069732022506F776572656422206F7220A1
:1018100022446574616368656422005468652065CC
:101820006E64706F696E74206973206E6F742069C6
:101830006E64657861626C652E005F7472616E73B0
:101840006665722E757365725F63616C6C6261634D
:101850006B203D3D205265717565737458666572E5
:10186000446F6E650054686520737461636B206912
:10187000732077616974696E67206F6E20612075CF
:101880007365722063616C6C6261636B20666F725A
:10189000207468652062756666657220746F2066C4
:1018A000696C6C206F72207374617475732E005FA5
:1018B0007472616E736665722E757365725F6361B3
:1018C0006C6C6261636B203D3D20536574436F6EA9
:1018D00066696775726174696F6E005F7472616EBC
:1018E000736665722E757365725F63616C6C62619D
:1018F000636B203D3D20536574496E74657266616B
:101900006365005F7472616E736665722E757365D0
:10191000725F63616C6C6261636B203D3D20526558
:1019200071756573740021636F6E666967757265A2
:10193000642829005468652073697A65206F6620E1
:10194000746865206461746120746F2072656164DD
:10195000206973206C657373207468616E207468ED
:1019600065206D6178207061636B65742073697A9E
:101970006520666F72207468697320656E64706F8D
:10198000696E742E0054686520656E64706F696EB0
:1019900074206973206E6F7420696E64657861626B
:1019A0006C650053697A65206265696E672077729D
:1019B000697474656E20697320746F6F206C617236
:1019C00067652E002128696E666F2D3E666C616723
:1019D00073202620454E44504F494E545F454E419A
:1019E000424C454429006D61785F7061636B65749A
:1019F0005F73697A65203C3D203130323400215FCD
:101A0000696E697469616C697A6564000000000040
:101A100000000000000000000000000017F90408AA
:101A200073EF040881EC04086FED0408B9F90408A9
:101A30009DE804089FE80408EDFB04083DFC040849
:101A40003DE90408A5E80408818604080DE90408B6
:101A500015E9040835E904081DE9040825E9040826
:101A60002DE90408097304080D7304080F730408B2
:101A700057E80408818604088186040881860408E2
:101A800081860408818604087DE90408A9E9040820
:101A90005DE9040804030904160330003100320034
:101AA00033003400350036003700380039001603A3
:101AB00055005300420020004400450056004900F4
:101AC00043004500080355005300420012036D0017
:101AD0006200650064002E006F007200670006035C
:101AE00030003100657175657565002E2F6D62657A
:101AF000642D6F732F6576656E74732F736F7572B7
:101B000063652F6D6265645F7368617265645F71A0
:101B100075657565732E6370700073746174757389
:101B2000203D3D206F734F4B007368617265645FA9
:101B30006576656E745F7175657565002E2F6D62D3
:101B400065642D6F732F68616C2F736F7572636599
:101B50002F6D6265645F637269746963616C5F7342
:101B6000656374696F6E5F6170692E6300216172D5
:101B7000655F696E74657272757074735F656E61AE
:101B8000626C656428290000901B0708C05F002470
:101B9000C5FD050815FD050859FD05088DFF05085B
:101BA000B5FF050825FD050855010608F5FC0508E3
:101BB00001000000636F756C64206E6F74207069A3
:101BC0006E6F75740070696E6D6170206D69732D34
:101BD0006D617463680070696E6D6170206E6F7402
:101BE00020666F756E6420666F7220706572697012
:101BF000686572616C0070696E6D6170206E6F74E3
:101C000020666F756E6420666F722066756E6374F1
:101C1000696F6E002E2F6D6265642D6F732F686182
:101C20006C2F736F757263652F6D6265645F746985
:101C3000636B65725F6170692E63006D61746368C8
:101C40005F7469636B20213D2071756575652D3E5C
:101C50007469636B5F6C6173745F72656164005477
:101C600069636B6572206672657175656E63792054
:101C70006973207A65726F005469636B6572206EB8
:101C8000756D626572206F662062697420697320C9
:101C900067726561746572207468616E20333220EA
:101CA0006F72206C657373207468616E20342062DB
:101CB00069747300BC1C0708F85F00240925060836
:101CC00021250608692506087D2506082D25060814
:101CD00049250608110905082D2406080000000002
:101CE0002E2F6D6265642D6F732F68616C2F736F7B
:101CF000757263652F6D70752F6D6265645F6D70B1
:101D0000755F76376D2E6300726567696F6E73203D
:101D10003E3D2034000D1B5B324B001B5B33316DAD
:101D2000002573001B5B33336D001B5B33396D0083
:101D30001B5B39346D005B455252205D5B252D34B1
:101D4000735D3A20005B5741524E5D5B252D347325
:101D50005D3A20005B494E464F5D5B252D34735D37
:101D60003A20005B444247205D5B252D34735D3A89
:101D70002000202020202020202020202020202083
:101D8000001B5B306D0064656661756C740000005B
:101D90000000000000000000C10C0508250D05082A
:101DA0000000000000000000000000000000000033
:101DB00081860408818604088186040881860408D7
:101DC00045E30408AD0D050855CD04085FCD0408B2
:101DD000B10D0508418104084781040853810408B6
:101DE000578104085D810408638104086781040841
:101DF0002F002E2F6D6265642D6F732F706C6174D0
:101E0000666F726D2F736F757263652F46696C65AF
:101E1000506174682E637070006C656E20213D20E7
:101E20003000772B0053747265616D206F626A20F9
:101E30006661696C757265000000000000000000BA
:101E4000000000000000000081860408818604086C
:101E5000818604088186040845E30408AD0D050861
:101E600055CD04085FCD0408B10D05084181040873
:101E70004781040853810408578104085D810408E0
:101E80006381040867810408FCFFFFFF0000000075
:101E90000000000000000000000000000000000042
:101EA0000000000000000000C30E0508930E0508A6
:101EB000F50E05088F0E05088F0E05088F0E050814
:101EC000F90E0508FD0E0508F90E05084181040804
:101ED0004781040853810408578104085D81040880
:101EE00063810408678104088186040881860408E8
:101EF000698104086B810408FCFFFFFF00000000FB
:101F000000000000000000002E2F6D6265642D6F40
:101F1000732F706C6174666F726D2F736F7572635F
:101F2000652F53797354696D65722E63707000214B
:101F30005F7469636B696E6700215F7469636B69C5
:101F40006E6720262620215F77616B655F74696D5F
:101F5000655F736574000000000000000000000071
:101F60002D1205080A52252D34643A202530386C8C
:101F700058000A53502020203A202530386C580A47
:101F80004C522020203A202530386C580A504320EB
:101F900020203A202530386C580A78505352203A85
:101FA000202530386C580A50535020203A202530D4
:101FB000386C580A4D535020203A202530386C5840
:101FC000000A43505549443A202530386C58000ADD
:101FD00048465352203A202530386C580A4D4D4619
:101FE00053523A202530386C580A42465352203A10
:101FF000202530386C580A55465352203A20253057
:10200000386C580A44465352203A202530386C58D0
:102010000A41465352203A202530386C58000A4D68
:102020004D4641523A202530386C58000A4246410C
:1020300052203A202530386C58000A4D6F646520D4
:102040003A20546872656164000A50726976203AD9
:102050002055736572000A50726976203A205072DA
:102060006976696C65676564000A4D6F6465203A3E
:102070002048616E646C6572000A537461636B3A48
:1020800020505350000A537461636B3A204D5350F3
:10209000000A2B2B204D6265644F53204661756CFE
:1020A000742048616E646C6572202B2B0A0A4661AD
:1020B000756C74547970653A20004D656D4D616E94
:1020C0006167654661756C74004275734661756C35
:1020D000740055736167654661756C740048617280
:1020E000644661756C74000A0A436F6E7465787497
:1020F0003A000A0A2D2D204D6265644F5320466137
:10210000756C742048616E646C6572202D2D0A0A0E
:10211000004661756C7420657863657074696F6ED4
:10212000002E2E2E0A002E2F6D6265642D6F732FE8
:10213000706C6174666F726D2F736F757263652F4B
:102140006D6265645F637269746963616C2E6300BC
:10215000637269746963616C5F73656374696F6EE0
:102160005F7265656E7472616E63795F636F756EC1
:10217000746572203C2055494E5433325F4D4158AE
:10218000003C756E6E616D65643E00203C68616E5A
:10219000646C65723E000A0A2B2B204D6265644F09
:1021A00053204572726F7220496E666F202B2B0A86
:1021B0004572726F72205374617475733A2030786F
:1021C000255820436F64653A202564204D6F64755F
:1021D0006C653A2025640A4572726F72204D6573F2
:1021E000736167653A20004B65726E656C204572BD
:1021F000726F723A203078256C582C200054687227
:102200006561643A203078256C582C20004D757437
:1022100065783A203078256C582C200053656D6124
:1022200070686F72653A203078256C582C20004D0C
:10223000656D6F7279506F6F6C3A203078256C58ED
:102240002C20004576656E74466C6167733A2030C9
:1022500078256C582C200054696D65723A203078CE
:10226000256C582C20004D65737361676551756549
:1022700075653A203078256C582C200041737365C1
:102280007274696F6E206661696C65643A20000A39
:102290004C6F636174696F6E3A203078256C58001A
:1022A0000A46696C653A20002B2564000A45727263
:1022B0006F722056616C75653A203078256C580035
:1022C0000A43757272656E74205468726561643A6F
:1022D00020257325732049643A203078256C5820D6
:1022E000456E7472793A203078256C5820537461A9
:1022F000636B53697A653A203078256C58205374A3
:1023000061636B4D656D3A203078256C58205350D1
:102310003A203078256C5820000A466F72206D6F85
:10232000726520696E666F2C2076697369743A2035
:1023300068747470733A2F2F6D6265642E636F6DCD
:102340002F732F6572726F723F6572726F723D30BC
:102350007825303858266F737665723D256C642673
:10236000636F72653D30782530386C5826636F6D29
:10237000703D2564267665723D256C7526746774FC
:102380003D504F5254454E54415F48375F4D3700E2
:102390000A2D2D204D6265644F53204572726F7275
:1023A00020496E666F202D2D0A00466174616C20F5
:1023B00052756E2D74696D65206572726F7200447E
:1023C000656570536C6565704C6F636B206F7665E7
:1023D00072666C6F7720283E203078464646462944
:1023E0000044656570536C6565704C6F636B207558
:1023F0006E646572666C6F7720283C20302900453A
:102400007863657074696F6E002E2F6D6265642D40
:102410006F732F706C6174666F726D2F736F75724E
:1024200063652F6D6265645F726574617267657460
:102430002E637070002867756172642026204358EF
:10244000415F47554152445F4D41534B29203D3D2B
:102450002030002867756172642026204358415F50
:1024600047554152445F4D41534B29203D3D204348
:1024700058415F47554152445F494E49545F494E68
:102480005F50524F4752455353004572726F72204E
:102490002D2077726974696E6720746F20612066E1
:1024A000696C6520696E20616E20495352206F72FD
:1024B00020637269746963616C2073656374696F0A
:1024C0006E0D0A000D004572726F72202D2072652C
:1024D0006164696E672066726F6D20612066696C49
:1024E0006520696E20616E20495352206F7220630F
:1024F0007269746963616C2073656374696F6E0DD2
:102500000A004F70657261746F72206E6577206F7C
:102510007574206F66206D656D6F72790D0A00000D
:102520000000000000000000ED1E0508252505083C
:10253000691F0508151F0508D91E0508E91E0508AD
:1025400045E30408E51E050855CD04085FCD0408E1
:10255000DF1E0508418104084781040853810408EF
:10256000578104085D810408391F05086781040844
:10257000FFFFFFFF09000000FFFFFFFF0A00000050
:10258000FFFFFFFF000000002F737464657272008C
:102590002F737464696E002F7374646F7574002EEA
:1025A0002F6D6265642D6F732F706C6174666F722E
:1025B0006D2F736F757263652F6D6265645F7374E1
:1025C0006174732E6300737461747320213D204E17
:1025D000554C4C002E2F6D6265642D6F732F7274F5
:1025E0006F732F736F757263652F4576656E7446D2
:1025F0006C6167732E637070005F69640061707056
:102600006C69636174696F6E5F756E6E616D656430
:102610005F6576656E745F666C616773006170708C
:102620006C69636174696F6E5F756E6E616D656410
:102630005F6D75746578002E2F6D6265642D6F7304
:102640002F72746F732F736F757263652F4D75746E
:1026500065782E637070005F6964207C7C206D62F9
:1026600065645F6765745F6572726F725F696E5FE4
:1026700070726F67726573732829004D7574657881
:10268000206C6F636B206661696C6564004D7574C6
:10269000657820756E6C6F636B206661696C65642C
:1026A000002E2F6D6265642D6F732F72746F732F00
:1026B000736F757263652F53656D6170686F7265B6
:1026C0002E637070005F696420213D206E756C6C14
:1026D0007074720053656D6170686F72652061631C
:1026E0007175697265206661696C6564002E2F6D75
:1026F0006265642D6F732F72746F732F736F7572B1
:1027000063652F546869735468726561642E6370E1
:10271000700028666C616773203D3D206F73466CC6
:102720006167734572726F7254696D656F7574205D
:1027300026262072656C5F74696D6520213D2077C7
:102740006169745F666F725F7533325F666F726561
:1027500076657229207C7C2028666C616773203D39
:102760003D206F73466C6167734572726F7252657C
:10277000736F757263652026262072656C5F7469BD
:102780006D65203D3D2072656C5F74696D652E7AC4
:1027900065726F282929006170706C6963617469C2
:1027A0006F6E5F756E6E616D65645F746872656192
:1027B000640000000000000000000000892B0508F4
:1027C000C52B0508515350494600496E76616C6926
:1027D00064205346445020636F6D6D616E642061C8
:1027E0006464726573732073697A653A2030782562
:1027F000303258005F717370695F636F6E6669672E
:102800007572655F666F726D6174206661696C6573
:10281000640053656E64696E6720534644502072AD
:1028200065616420696E737472756374696F6E009C
:102830004E6F2065726173652074797065207761D1
:102840007320666F756E6420666F722072656769AB
:102850006F6E206164647200515350492047656E69
:102860006572696320636F6D6D616E64202D205504
:1028700070646174696E6720342D627974652061BB
:10288000646472657373696E6720657874656E64DD
:10289000656420616464726573732072656769732F
:1028A000746572206661696C65640053656E646965
:1028B0006E672047656E6572696320636F6D6D6139
:1028C0006E643A2025780052656164696E67205312
:1028D00074617475732052656769737465722066DC
:1028E00061696C6564005F69735F6D656D5F7265DA
:1028F0006164792046414C53453A20737461747584
:10290000732076616C7565203D2030782578200035
:10291000446576696365206E6F74207265616479C1
:102920002C207365745F77726974655F656E616290
:102930006C65206661696C65640053656E64696EE0
:1029400067205752454E20636F6D6D616E6420465F
:1029500041494C454400446576696365206E6F7457
:102960002072656164792C207772697465206661D4
:10297000696C65640052656164696E6720537461B7
:1029800074757320526567697374657220312066AF
:1029900061696C6564005F7365745F777269746503
:1029A0005F656E61626C65206661696C6564202D8F
:1029B00020737461747573207265676973746572CE
:1029C00020312076616C75653A2025750057726953
:1029D000746520656E61626C65206661696C656412
:1029E00000417474656D7074656420746F20757334
:1029F0006520342D62797465206164647265737337
:102A00002062757420342D6279746520616464726B
:102A1000657373696E67206973206E6F74207375B8
:102A200070706F7274656400515350492052656133
:102A300064202D205570646174696E6720342D62A6
:102A40007974652061646472657373696E6720656B
:102A50007874656E64656420616464726573732064
:102A60007265676973746572206661696C6564007C
:102A7000515350492052656164206661696C6564F8
:102A8000005265616420436F6D6D616E6420666104
:102A9000696C656400515350492057726974652010
:102AA0002D205570646174696E6720342D627974CD
:102AB000652061646472657373696E6720657874FC
:102AC000656E646564206164647265737320726509
:102AD000676973746572206661696C65640051533F
:102AE0005049205772697465206661696C6564009D
:102AF00051535049204572617365202D20557064F3
:102B00006174696E6720342D627974652061646434
:102B100072657373696E6720657874656E64656449
:102B2000206164647265737320726567697374658C
:102B300072206661696C656400515350492045728A
:102B4000617365206661696C6564005772697465BC
:102B500020456E616265206661696C65640044654C
:102B600076696365206E6F74207265616479206197
:102B7000667465722077726974652C206661696C71
:102B8000656400457261736520657863656564738B
:102B900020666C617368206465766963652073697B
:102BA0007A6500496E76616C69642065726173654F
:102BB000202D20756E616C69676E656420616464A8
:102BC0007265737320616E642073697A6500696E43
:102BD0007465726E616C206572726F723A20616406
:102BE000647265737320256C6C75206E6F74206140
:102BF0006C69676E656420746F206572617365200F
:102C000073697A652025752028747970652025649C
:102C100029005153504920457261736520446576FF
:102C2000696365206E6F74207265616479202D2060
:102C30006661696C65640051535049204572617347
:102C40006520636F6D6D616E64206661696C65649B
:102C500021005153504920416674657220457261CC
:102C6000736520446576696365206E6F74207265B4
:102C7000616479202D206661696C6564005F73660C
:102C800064705F7365745F7170695F656E61626CBB
:102C90006564202D2073656E6420636F6D6D616EB9
:102CA0006420333868204661696C6564005F736630
:102CB00064705F7365745F7170695F656E61626C8B
:102CC0006564202D2073656E6420636F6D6D616E89
:102CD0006420333568204661696C6564005F736603
:102CE00064705F7365745F7170695F656E61626C5B
:102CF0006564202D2073657420636F6E666967209C
:102D0000626974203620636F6D6D616E64203635A4
:102D100068204661696C6564005F736664705F7308
:102D200065745F7170695F656E61626C6564202DAA
:102D30002073656E6420636F6D6D616E6420373142
:102D400068204661696C6564005F736664705F73D8
:102D500065745F7170695F656E61626C6564202D7A
:102D60002073656E6420636F6D6D616E642036350F
:102D700068204661696C6564005F736664705F73A8
:102D800065745F7170695F656E61626C6564202D4A
:102D90002073656E6420636F6D6D616E64203631E3
:102DA000204661696C6564005F736664705F73657B
:102DB000745F7170695F656E61626C6564202D205F
:102DC000556E737570706F7274656420456E205314
:102DD00065712034343420636F6E66696775726183
:102DE00074696F6E00526561642056656E646F721F
:102DF000204944204661696C6564004661696C65E0
:102E00006420746F2064657465726D696E652073EB
:102E10006F66742072657365742073657175656E75
:102E200063652E20496620796F7572206465766926
:102E30006365206861732061206C65676163792038
:102E400053464450207461626C652C20706C65613F
:102E50007365206D616E75616C6C7920736574208B
:102E6000656E61626C652D616E642D72657365744B
:102E7000206F72206469726563742D726573657466
:102E80002E00446576696365206E6F7420726561FB
:102E900064792C207265736574206661696C656461
:102EA0000052656164696E672053746174757320A4
:102EB00052656769737465722032206661696C655A
:102EC0006400577269746520456E61626C652066A6
:102ED00061696C65640057726974696E6720537428
:102EE00061747573205265676973746572732066C7
:102EF00061696C6564002E2F6D6265642D6F732FA0
:102F000073746F726167652F626C6F636B64657653
:102F10006963652F434F4D504F4E454E545F51539B
:102F20005049462F736F757263652F515350494650
:102F3000426C6F636B4465766963652E63707000E5
:102F40005F6E756D5F7374617475735F72656769C9
:102F50007374657273203D3D203200577269746945
:102F60006E6720537461747573205265676973745A
:102F700065722031206661696C65640057726974FE
:102F8000696E672053746174757320526567697345
:102F90007465722032206661696C656400556E73D9
:102FA0007570706F727465642051455220636F6E46
:102FB00066696775726174696F6E005374617475C8
:102FC00073207265676973746572206E6F74207305
:102FD000657420636F72726563746C790044657602
:102FE000696365206E6F742072656164792C20635B
:102FF0006C656172696E6720626C6F636B207072C2
:103000006F74656374696F6E206661696C656400D6
:10301000476C6F62616C20626C6F636B2070726FC3
:1030200074656374696F6E20756E6C6F636B206678
:1030300061696C6564005F636C6561725F626C6F8F
:10304000636B5F70726F74656374696F6E202D209F
:103050005374617475732072656769737465722047
:1030600072656164206661696C6564005F5F636CB2
:103070006561725F626C6F636B5F70726F746563C2
:1030800074696F6E202D205374617475732072659E
:103090006769737465722077726974652066616907
:1030A0006C6564005F6E756D5F7374617475735FDA
:1030B000726567697374657273203D3D20330052F9
:1030C000656164696E6720436F6E6669672052654B
:1030D000676973746572206661696C656400666116
:1030E0007374206D6F646520656E61626C65202D60
:1030F0002057726974696E6720436F6E6669672036
:103100005265676973746572206661696C656400F5
:10311000566572696679696E6720436F6E66696786
:10312000205265676973746572206661696C6564B5
:10313000005153504946426C6F636B446576696336
:10314000652077697468207468652073616D6520F7
:103150006373656C2825642920616C7265616479EC
:103160002065786973747300546F6F206D616E7998
:1031700020646966666572656E74205153504946D5
:10318000426C6F636B44657669636520646576693C
:10319000636573202D206D617820616C6C6F77659D
:1031A000643A20256400577269746520446973612C
:1031B000626C65206661696C656400496E697420A3
:1031C0002D20526561642053464450204669727335
:1031D00074205461626C65204661696C65640056B8
:1031E00065726966792034627974652061646472FD
:1031F000657373696E67206661696C656400446518
:1032000074656374696E67206465766963652064BC
:10321000656E73697479206661696C656400496ED6
:103220006974202D20446574656374696E6720722B
:10323000657365742070726F746F636F6C2F726545
:1032400073657474696E67206661696C65640049B2
:103250006E6974202D20446574656374696E6720FF
:10326000657261736520747970657320696E73741B
:1032700072756374696F6E732F73697A65732066F4
:1032800061696C6564004465766963652073757077
:10329000706F7274732051756164206275732C2095
:1032A000627574205175616420456E61626C6520A1
:1032B0004661696C656400496E6974202D2044651F
:1032C00074656374696E672F656E61626C696E67A1
:1032D00020342D627974652061646472657373694A
:1032E0006E67206661696C656400496E6974202DA3
:1032F000205F69735F6D656D5F72656164792046FB
:1033000061696C65640051535049205365742046CF
:1033100072657175656E6379204661696C656400DC
:10332000496E6974202D20436F756C64206E6F7434
:1033300020726561642076656E646F722069640036
:10334000496E6974202D2050617273652053464484
:10335000502048656164657273204661696C6564DC
:1033600000496E6974202D2050617273652042619E
:1033700073696320506172616D205461626C6520D5
:103380004661696C656400496E6974202D20506146
:1033900072736520536563746F72204D61702054A1
:1033A00061626C65204661696C656400496E697490
:1033B000202D20636C656172696E6720626C6F639B
:1033C0006B2070726F74656374696F6E20666169DB
:1033D0006C656400CF450508810504084D030408A9
:1033E0000000000000000000000000008D6C0408D8
:1033F000B16C0408E9430508A1400508B968040850
:103400002D3205082533050821340508BD68040858
:10341000CD2C0508CD2C0508D32C0508FD2D05085D
:10342000EB2C0508E52C0508016A04083B69040833
:103430009B690408DD2C05082E2F6D6265642D6FD5
:10344000732F73746F726167652F626C6F636B6447
:1034500065766963652F736F757263652F53464494
:10346000502E637070006E756C6C70747220213D0C
:103470002064657363726970746F720053464450C0
:103480000056657269667920534644502073696717
:103490006E617475726520616E6420766572736901
:1034A0006F6E204661696C656400506172616D6584
:1034B000746572206865616465723A204D616A6F57
:1034C000722056657273696F6E206D757374206219
:1034D0006520312100506172616D657465722068EC
:1034E00065616465723A20536563746F72204D6143
:1034F0007000506172616D65746572206865616409
:1035000065723A20342D6279746520416464726575
:10351000737320496E737472756374696F6E0055AE
:103520004E535550504F525445443A506172616D5C
:1035300065746572206865616465723A20526570D1
:103540006C61792050726F746563746564204D6F8F
:103550006E6F746F6E696320436F756E74657273FE
:1035600000554E535550504F525445443A50617295
:10357000616D65746572206865616465723A206585
:103580005874656E6465642053657269616C20507F
:1035900065726970686572616C20496E74657266E7
:1035A000616365202878535049292050726F6669FD
:1035B0006C6520312E3000554E535550504F5254AB
:1035C00045443A506172616D657465722068656149
:1035D0006465723A20655874656E6465642053654D
:1035E0007269616C205065726970686572616C20E7
:1035F000496E746572666163652028785350492965
:103600002050726F66696C6520322E30004164650F
:1036100073746F2068656164657200554E53555030
:10362000504F525445443A506172616D65746572F1
:10363000206865616465723A2053434352204D61AE
:103640007020666F7220535049204D656D6F7279FE
:10365000204465766963657300554E535550504F4D
:10366000525445443A506172616D657465722068C8
:1036700065616465723A2053434352204D61702066
:103680004F66667365747320666F72204D756C7437
:10369000692D4368697020535049204D656D6F72E4
:1036A00079204465766963657300554E53555050D3
:1036B0004F525445443A506172616D657465722091
:1036C0006865616465723A2053434352204D6170CE
:1036D00020666F7220785350492050726F66696C73
:1036E0006520322E30204D656D6F727920446576ED
:1036F0006963657300554E535550504F52544544BD
:103700003A506172616D65746572206865616465C7
:10371000723A20436F6D6D616E64205365717565FB
:103720006E63657320746F204368616E67652074F3
:103730006F204F6374616C20444452202838442D1C
:1037400038442D384429206D6F646500554E53551B
:1037500050504F525445443A506172616D657465E2
:1037600072206865616465723A2078342051756111
:103770006420494F207769746820445300554E53A4
:103780005550504F525445443A506172616D6574C2
:103790006572206865616465723A20436F6D6D6182
:1037A0006E642053657175656E63657320746F2058
:1037B0004368616E676520746F20517561642044B1
:1037C0004452202834532D34442D344429206D6F25
:1037D000646500506172616D657465722068656131
:1037E0006465723A2076656E646F722073706563EB
:1037F00069666963206865616465722E2050617234
:10380000616D65746572204944204C53423A203002
:1038100078256868583B204D53423A203078256817
:103820006858004C656761637920346B206572616C
:10383000736520696E737472756374696F6E206E40
:103840006F7420737570706F72746564004E6F20B2
:103850006572617365207479706520776173206685
:103860006F756E6420666F722063757272656E7418
:1038700020726567696F6E20616464720044656ED2
:103880007369747920626974733A20256C75202CF1
:10389000206465766963652073697A653A20256CD2
:1038A0006C7520627974657300526574726965760F
:1038B000696E6720534644502048656164657220F4
:1038C0006661696C65640052657472696576696EDB
:1038D00067206120706172616D6574657220686532
:1038E00061646572202564206661696C65640046C8
:1038F00061696C656420746F20616C6C6F636174C6
:1039000065206D656D6F727900536563746F722009
:103910004D61703A205461626C6520726574726901
:103920006576616C206661696C65640053656374DB
:103930006F72204D61703A20496E636F6D706C65D7
:10394000746520636F6E66696775726174696F6E06
:1039500020646574656374696F6E20636F6D6D615B
:103960006E642064657363726970746F7273005360
:103970006563746F72204D61703A20436F6E6669A3
:103980006775726174696F6E2064657465637469CC
:103990006F6E20636F6D6D616E64206661696C652A
:1039A00064004661696C656420746F2064657465A9
:1039B000637420736563746F72206D617020636F30
:1039C0006E66696775726174696F6E0053656374C2
:1039D0006F72204D61703A20496E636F6D706C6537
:1039E000746520736563746F72206D617020646507
:1039F0007363726970746F727300536563746F726E
:103A0000204D61703A20496E636F6D706C6574650E
:103A100020736563746F72206D61702064657363D9
:103A2000726970746F722061742074686520656EAD
:103A300064206F6620746865207461626C65005351
:103A40006563746F72204D61703A204661696C65E0
:103A50006420746F2066696E6420612073656374EE
:103A60006F72206D61702074686174206D61746381
:103A7000686573207468652063757272656E742062
:103A8000636F6E66696775726174696F6E00466117
:103A9000696C656420746F206C6F6361746520616C
:103AA000206D61746368696E6720736563746F72FB
:103AB000206D617000536563746F72204D61703AC0
:103AC00020537570706F7274696E67207570207402
:103AD0006F20256420726567696F6E732C20637593
:103AE0007272656E7420736574757020746F202512
:103AF0006420726567696F6E73202D206661696C42
:103B000000000000000000000000000000000000B5
:103B100000000000000000000100000002000000A2
:103B20000300000004000000000000000500000089
:103B3000000000000000000000000000060000007F
:103B4000000000000000000000000000070000006E
:103B50000180808080808080048080808080808060
:103B6000088080808080808010808080808080803D
:103B700020808080808080804000040810204002E7
:103B800004081020400001000200040006000800A4
:103B90000A000C001000200040008000000100001E
:103BA00000000102030401020304060708090000E3
:103BB00000000102030401020304060708090000D3
:103BC00001000E0605000E0602000E0600000E069D
:103BD00002000E060000000000000000002002406D
:103BE000C30304000008000000200240C3030000DB
:103BF0000009000000210240C30300000100000092
:103C000000200240C34304000108000000200240DD
:103C1000C34300000109000000210240C34300002B
:103C20000200000000200240C383030002010000E4
:103C300000210240C3830300030000000020024073
:103C4000C3C303000301000000210240C3C30300FB
:103C50000400000000200240C383040004010000AF
:103C600000210240C3830400050000000020024040
:103C7000C3C304000501000000210240C3C30400C7
:103C80000600000000200240C3C30000060100003F
:103C900000210240C3C300000700000000200240D2
:103CA000C3C301000701000000210240C3C301009B
:103CB0001000000000200240C34302001001000079
:103CC00000210240C3430200110000000020024016
:103CD000C34301001101000000210240C343010061
:103CE0002000000000200240C383020020010000E9
:103CF00000210240C383020020020000006002583D
:103D0000C38302002100000000200240C3C3020060
:103D10002101000000210240C3C302002102000073
:103D200000600258C3C302002200000000200240CD
:103D3000C30303002201000000210240C30303006B
:103D40002202000000600258C303030022080000A2
:103D500000600258C303000023000000002002405E
:103D6000C34303002301000000210240C3430300BA
:103D70002308000000600258C34300002400000034
:103D800000200240C3030100240100000021024082
:103D9000C30301002500000000200240C30302000D
:103DA0002501000000210240C3030200530000006F
:103DB00000600258C3430100540000000060025834
:103DC000C34302005500000000600258C303010015
:103DD0005600000000600258C303020057000000B4
:103DE00000600258C3C30000580000000060025881
:103DF000C3C301005900000000600258C3830000E3
:103E00005A00000000600258C38301005B000000FC
:103E100000200240C38300005C000000002002403C
:103E2000C38301005D00000000210240C383000045
:103E30005E00000000210240C38301007200000008
:103E400000600258C3430300730000000060025882
:103E5000C38303007400000000600258C3C3030062
:103E60007500000000600258C3030400FFFF00005B
:103E7000FFFFFFFF00000000F0000000006002589C
:103E8000C3830400F100000000600258C3C30400B3
:103E9000F200000000600258C3430400FFFF00006E
:103EA000FFFFFFFF000000000B00000000A000402B
:103EB000C22700001500000000A40040C227000037
:103EC0001800000000A00040C22700001C000000F5
:103ED00000A40040C22700003000000000A0004005
:103EE000C22700007E00000000A00040C2270000A2
:103EF0008900000000A00040C2270000FFFF000072
:103F0000FFFFFFFF000000000C00000000A00040C9
:103F1000C22700001600000000A40040C2270000D5
:103F20001900000000A00040C22700001D00000092
:103F300000A40040C22700003100000000A00040A3
:103F4000C22700007D00000000A00040C227000042
:103F5000FFFF0000FFFFFFFF00000000080000005F
:103F6000005C0040CA13000016000000005400402E
:103F7000CA13000016010000001C0058CA1B0000F4
:103F80001800000000540040CA130000180100008F
:103F9000001C0058CA1B00001A0000000058004016
:103FA000CA1300003C000000001C0058CA130000A7
:103FB0005100000000580040CA1300005E000000DD
:103FC000001C0058CA130000740000000058004094
:103FD000CA13000077000000005C0040CA13000014
:103FE0007B000000001C0058CA130000FFFF000007
:103FF000FFFFFFFF0000000017000000005400401A
:10400000CA13000017010000001C0058CA1B000062
:104010001900000000540040CA13000019010000FC
:10402000001C0058CA1B00001B0000000058004084
:10403000CA13000029000000005C0040CA13000001
:104040003D000000001C0058CA1300005000000092
:1040500000580040CA1300005F000000001C005818
:10406000CA1300007500000000580040CA13000089
:1040700078000000005C0040CA1300007C000000D3
:10408000001C0058CA130000FFFF0000FFFFFFFFE5
:10409000000000000100000000400140C253080081
:1040A0000200000000400140C25300000300000075
:1040B00000400140C29300000500000000040140E0
:1040C000C24F08000600000000040040C24B000080
:1040D00006010000001C0040C2670000070000004D
:1040E00000000140C2470800070100000004004032
:1040F000C28B00000702000000040140C24F08000C
:104100000703000000200040C26700000B00000011
:1041100000000140C2070100100000000000014043
:10412000C28708001001000000040040C2CB00005C
:104130001002000000040140C28F080011000000BE
:1041400000000140C2C70800110100000004004047
:10415000C20B01001102000000040140C2CF0800A0
:104160001400000000040040C24B000015000000D5
:1041700000040040C28B0000160000000008004050
:10418000C24B00001601000000440140C247080075
:104190001700000000080040C28B0000170100005B
:1041A00000480140C2470800180000000008004015
:1041B000C2CB00001801000000440140C2470000CB
:1041C0001900000000080040C20B010019010000A6
:1041D00000480140C24700001D00000000000140EF
:1041E000C24708001E00000000000140C28708000E
:1041F0001E01000000040140C28F08001E020000E2
:1042000000180040C24B00001F00000000000140E9
:10421000C2C708001F01000000040140C2CF08000F
:104220001F02000000180040C28B000026000000A2
:1042300000040040C24B00002601000000040140C1
:10424000C24F00002700000000040040C28B0000A5
:104250002701000000040140C28F00002800000078
:1042600000040040C2CB000028010000000401400F
:10427000C2CF00002900000000040040C20B010072
:104280002901000000040140C20F01003C000000B1
:1042900000080040C24B00003D0000000008004044
:1042A000C28B00003E00000000080040C2CB0000AE
:1042B0003F00000000080040C20B01004400000065
:1042C00000400140C253080045000000004001408A
:1042D000C25300004600000000400140C2930000AD
:1042E0004800000000000140C247080049000000EB
:1042F00000000140C24700004A00000000000140E9
:10430000C28708004B00000000000140C287000087
:104310004C00000000000140C2C708004D00000032
:1043200000000140C2C700004E0000000000014034
:10433000C20701005600000000440140C2470000CF
:104340005700000000480140C2470000580000002C
:10435000001C0040C26700005801000000440140FA
:10436000C24708005900000000200040C26700005A
:104370005901000000480140C247080076000000D3
:1043800000180040C24B00007900000000180040F7
:10439000C28B00007D00000000040140C24F0800F5
:1043A0007E00000000040140C28F08007F00000072
:1043B00000040140C2CF0800820000000004014058
:1043C000C20F01008500000000040140C24F000040
:1043D0008600000000040140C28F0000870000003A
:1043E00000040140C2CF000096000000000401401C
:1043F000C28F00009700000000040140C28F080037
:104400009800000000000140C2C7080098010000A9
:1044100000040140C24F000099000000000001406C
:10442000C2C700009901000000040140C24F08000B
:104430009A00000000000140C28708009A010000B5
:1044400000040140C28F00009B00000000000140FA
:10445000C28700009B01000000040140C28F0800D9
:10446000A000000000000140C2470800A0010000B9
:1044700000040140C2CF0000A10000000000014084
:10448000C2470000A101000000040140C2CF0800A3
:10449000FFFF0000FFFFFFFF00000000080000001A
:1044A00000740140D24B0800090000000074014074
:1044B000D28B00000A00000000740140D28B08007B
:1044C0000B00000000740140D2CB00000C00000083
:1044D00000740140D2CB08002600000000740140A7
:1044E000D20700002700000000740140D207080036
:1044F0002800000000740140D24700006600000060
:1045000000740140D20B01006700000000740140FC
:10451000D20B0900FFFF0000FFFFFFFF00000000BB
:104520002900000000500052D22700003B0000008C
:1045300000500052D22700005800000000500052E6
:10454000D22B0000FFFF0000FFFFFFFF0000000074
:104550002A00000000500052D22700003C0000005A
:1045600000500052D22700005900000000500052B5
:10457000D22B0000FFFF0000FFFFFFFF0000000044
:104580004200000000500052D227000057000000F7
:1045900000500052D2270000FFFF0000FFFFFFFF86
:1045A000000000000100000000500052D22700006F
:1045B0003D00000000500052D227000056000000CD
:1045C00000500052D2270000FFFF0000FFFFFFFF56
:1045D000000000001200000000500052D22700002E
:1045E0005A00000000500052D2270000FFFF0000D8
:1045F000FFFFFFFF00000000160000000050005207
:10460000D22B00001A00000000500052D2270000F8
:104610006600000000500052D22B0000FFFF000097
:10462000FFFFFFFF00000000060000000030014017
:10463000C21700000601000000140058C223000049
:104640001400000000300140C217000014010000F7
:10465000003C0040C21B000014020000001400587F
:10466000C22300001E00000000380040C2170000F6
:104670002200000000380040C21700002B0000009C
:10468000003C0040C21B0000450000000034014017
:10469000C21700004D00000000340140C2170000A6
:1046A0005800000000500140C217000069000000DF
:1046B00000300140C21700006C00000000140058D8
:1046C000C21700007700000000500140C217000030
:1046D0008200000000380040C21700009B0000006C
:1046E00000500140C2170000FFFF0000FFFFFFFF66
:1046F000000000000700000000300140C217000069
:104700000701000000140058C2230000120000003E
:10471000003C0040C21F00001500000000300140B6
:10472000C217000015010000003C0040C21F00003D
:104730001502000000140058C22300001F000000F2
:1047400000380040C217000021000000003800407F
:10475000C21700002300000000380040C21700000C
:104760002C000000003C0040C21B0000360000008E
:10477000003C0040C217000037000000003001403C
:10478000C21700004600000000340140C2170000BC
:104790004E00000000340140C21700005900000024
:1047A00000500140C21700005B00000000500140B3
:1047B000C21700006E00000000140058C21700006D
:1047C0008300000000380040C21700009A0000007B
:1047D00000500140C2170000FFFF0000FFFFFFFF75
:1047E000000000000500000000300140C21700007A
:1047F0000501000000140058C22300000C00000056
:1048000000380040C21700001300000000300140D3
:10481000C217000013010000003C0040C21B000052
:104820001302000000140058C22300001A00000008
:1048300000380040C21700001D0000000038004092
:10484000C21700002A000000003C0040C21B00000C
:104850003300000000380040C21700004200000092
:1048600000340140C21700004C0000000034014039
:10487000C21700005700000000500140C21700009E
:104880006B00000000300140C21700006D00000006
:1048900000140058C21700007600000000500140CC
:1048A000C21700008100000000380040C21700005D
:1048B000A000000000500140C2170000FFFF0000F0
:1048C000FFFFFFFF00000000040000000030014077
:1048D000C217000004010000003C0040C21B0000A1
:1048E0000402000000140058C22300000B00000066
:1048F00000380040C21700000F00000000300140E7
:10490000C21700000F010000003C0040C21B000065
:104910000F02000000140058C21F00001400000025
:1049200000380040C21F000019000000003800409D
:10493000C21700001C00000000380040C217000031
:104940004400000000340140C21700004B0000008A
:1049500000340140C2170000560000000050014022
:10496000C21700006800000000140058C2170000C1
:104970006A00000000300140C2170000750000000E
:1049800000500140C21700008000000000380040C5
:10499000C2170000A100000000500140C217000033
:1049A000FFFF0000FFFFFFFF00000000000000000D
:1049B00000440040D21F00000B0000000010014026
:1049C000D21F00000B010000000C0058D20F0000A5
:1049D00010000000004C0040D22300001D00000029
:1049E00000480040D21F00001F000000004C0040A3
:1049F000D22300002900000000500040D223000014
:104A00003300000000440040D21F00003B000000C3
:104A100000480040D21F00003E000000007C004023
:104A2000D22300004A00000000780040D21F00009E
:104A30005900000000780040D21F00006D00000007
:104A400000140140D21F00006F000000001401405C
:104A5000D21F0000FFFF0000FFFFFFFF000000006B
:104A60000100000000440040D21F00000C000000C4
:104A700000100140D21F00000C010000000C005883
:104A8000D20F00000F000000004C0040D2230000B5
:104A90001E00000000480040D21F00001E01000060
:104AA000004C0040D22300002800000000500040CD
:104AB000D22300003400000000440040D21F000058
:104AC0003C00000000480040D21F00003F000000F2
:104AD000007C0040D2230000490000000078004024
:104AE000D21F00005800000000780040D21F0000D4
:104AF0006800000000140140D21F00006C0000009C
:104B000000140140D21F0000FFFF0000FFFFFFFF65
:104B10000000000001000000004C0040D223000013
:104B20000300000000440040D21F00000800000005
:104B300000780040D22F00000A0000000010014061
:104B4000D21F00000A010000000C0058D20F000024
:104B50000B000000004C0040D21B000013000000BE
:104B600000780040D22F00001500000000500040E7
:104B7000D23B00001700000000100140D21F0000CF
:104B800017010000000C0058D2230000180000009C
:104B9000004C0040D22300001B00000000480040F1
:104BA000D21F00001C00000000500040D23B00005B
:104BB0001F00000000100140D21300002700000079
:104BC00000140140D21F00002B00000000480040EC
:104BD000D21F00002B010000004C0040D223000037
:104BE00030000000004C0040D223000032000000E2
:104BF00000500040D2230000360000000044004076
:104C0000D21F00003900000000480040D21F000001
:104C100040000000007C0040D2230000470000005C
:104C200000780040D21F00005600000000780040CD
:104C3000D21F00006900000000140140D21F0000D4
:104C40007E000000004C0040D223000089000000DC
:104C5000004C0040D223000099000000007C00407E
:104C6000D2230000FFFF0000FFFFFFFF0000000055
:104C700000000000004C0040D223000002000000B1
:104C800000440040D21F0000090000000010014055
:104C9000D21F000009010000000C0058D20F0000D4
:104CA0000C000000004C0040D21B00000F00000070
:104CB00000780040D22F000014000000007800406F
:104CC000D22F00001600000000100140D21F00008B
:104CD0001601000000500040D23B00001602000008
:104CE000000C0058D223000019000000004C0040C6
:104CF000D22300001A00000000480040D21F00002C
:104D00001D00000000500040D23B00001E000000CB
:104D100000100140D21300002600000000140140E2
:104D2000D21F00002A00000000480040D21F0000EF
:104D30002A010000004C0040D22300002C0000009B
:104D400000500040D223000031000000004C004021
:104D5000D22300003500000000440040D21F0000B4
:104D60003800000000480040D21F00004100000051
:104D7000007C0040D2230000480000000078004082
:104D8000D21F00005700000000780040D21F000032
:104D90006E00000000140140D21F00007D000000E2
:104DA000004C0040D223000098000000007C00402E
:104DB000D2230000FFFF0000FFFFFFFF0000000004
:104DC0000B00000000000840D22B00000C00000087
:104DD00000000840D22B0000FFFF0000FFFFFFFF94
:104DE000000000000300000000000440D22B00007F
:104DF0000500000000000440D22B0000100000005D
:104E000000000440D22B000011000000000004400C
:104E1000D22B00001500000000000440D22B00003F
:104E20001A00000000000440D22B00001B0000000C
:104E300000000440D22B00001C00000000000440D1
:104E4000D22B00001D00000000000440D22B000007
:104E50002000000000000440D22B0000740000007D
:104E600000000440D22B00008B0000000000044032
:104E7000D22B0000FFFF0000FFFFFFFF000000003B
:104E8000536574537973436C6F636B206661696C0F
:104E900065640A00616E616C6F67696E5F696E6957
:104EA000742048414C5F52434345785F50657269B6
:104EB0007068434C4B436F6E666967002E2F6D62BE
:104EC00065642D6F732F746172676574732F54411D
:104ED000524745545F53544D2F5441524745545FF8
:104EE00053544D333248372F616E616C6F67696E72
:104EF0005F6465766963652E63006F626A2D3E6844
:104F0000616E646C652E496E7374616E63652021F9
:104F10003D20284144435F54797065446566202AEA
:104F2000294E430066756E6374696F6E20213D20C3
:104F30002875696E7433325F74294E4300616E6167
:104F40006C6F67696E5F696E69742048414C5F41A0
:104F500044435F496E69740048414C5F4144434596
:104F6000785F4D756C74694D6F6465436F6E6669EB
:104F7000674368616E6E656C2048414C5F414443F5
:104F80005F496E697400000000000000000000002E
:104F90000600000000000000010000000700000003
:104FA00000000000020000000800000000000000F7
:104FB00003000000090000000000000004000000E1
:104FC0000A000000000000000500000017000000BB
:104FD00001000000050000001700000002000000B2
:104FE000050000001700000003000000050000009D
:104FF000170000000400000005000000170000007A
:105000000000000006000000280000000100000071
:10501000060000002800000002000000060000005A
:105020002800000003000000060000002800000027
:105030000400000006000000280000000500000039
:1050400006000000280000004932433132333A2084
:10505000496E76616C696420636C6F636B20736F5B
:105060007572636500493243343A20496E76616C4B
:10507000696420636C6F636B20736F757263650086
:105080004932433A20756E6B6E6F776E20696E738E
:1050900074616E63650000000000014001000000C3
:1050A000000000400000000000040040000000007C
:1050B0000008004000000000000C0040000000005C
:1050C0000004014001000000001800400000000042
:1050D000001C004000000000002000400000000014
:1050E00000400140010000000044014001000000B8
:1050F0000048014001000000000000000200000024
:105100002E2F6D6265642D6F732F746172676574E5
:10511000732F5441524745545F53544D2F544152BD
:105120004745545F53544D333248372F7365726986
:10513000616C5F6465766963652E63007561727486
:105140005F72747320213D2028554152544E616D89
:1051500065294E4300756172745F63747320213D4D
:105160002028554152544E616D65294E4300434CF1
:105170004B3A2053504920696E7374616E63652009
:105180006E6F7420736574007370695F687A206E47
:105190006F7420666F756E640A002E2F6D626564F1
:1051A0002D6F732F746172676574732F544152476A
:1051B00045545F53544D2F5553425068795F5354B3
:1051C0004D33322E63707000687063642E494E5FF9
:1051D00065705B305D2E6D61787061636B65742006
:1051E0003E3D2073697A6500726574203D3D20481C
:1051F000414C5F4F4B0072657420213D2048414C6B
:105200005F42555359006C656E203E3D206D6178BC
:105210005F7061636B6574000002000000020000B3
:10522000000200000002000000020000FF03000076
:10523000000000000000000047DD05087FDD0508D4
:105240007DE0050839E0050849DD050871DF05083E
:105250009DDF050845DD050845DD05084DDD050830
:1052600053DD050875DE050845DD050859DD05082F
:1052700061DD05088FDD050895DE0508B3DD05084D
:1052800005DE050865DD0508BDE2050835DE050813
:10529000F1DE050815DF0508CDDE0508BFDD0508D0
:1052A00039DF050855DE0508D1DF050800100000CC
:1052B000310000003C0000003C0000003F00000006
:1052C0003F0000003F0000003F0000000000000021
:1052D00000000000000000000000000000000000CE
:1052E00000000000000000000000000000000000BE
:1052F00048414C5F464443414E5F496E69742065A6
:1053000072726F720A0063616E5F66696C746572B7
:10531000206572726F720A0048414C5F46444341F7
:105320004E5F436F6E666967476C6F62616C46697A
:105330006C746572206572726F720A0048414C5F2E
:10534000464443414E5F5374617274206572726FBC
:10535000720A002E2F6D6265642D6F732F74617257
:10536000676574732F5441524745545F53544D2F12
:1053700063616E5F6170692E630028696E742970C5
:10538000696E6D61702D3E706572697068657261DD
:105390006C20213D204E430063616E5F696E69742D
:1053A0002077726F6E6720696E7374616E63650A31
:1053B0000048414C5F52434345785F5065726970C5
:1053C00068434C4B436F6E666967206572726F72FB
:1053D0000A00436F756C64206E6F74206465746599
:1053E000726D696E6520676F6F64206E6F6D696E98
:1053F000616C5072657363616C65722E20426164EA
:1054000020636C6F636B2076616C75650A00506970
:105410006E6D6170206572726F723A2077726F6E76
:105420006720706F7274206E756D6265722E002E2B
:105430002F6D6265642D6F732F746172676574736D
:105440002F5441524745545F53544D2F6770696F35
:105450005F6170692E630070696E20213D202850C5
:10546000696E4E616D65294E4300556E65787065B5
:10547000637465642053707572696F757320696E0B
:105480007465727275707420696E64657820256C1D
:10549000750A00496E74657272757074496E206584
:1054A00072726F723A20697271206368616E6E6504
:1054B0006C20636F6E666C6963740A00496E746574
:1054C0007272757074496E206572726F723A2070D4
:1054D000696E206E6F7420737570706F727465647E
:1054E0002E0A002E2F6D6265642D6F732F7461720A
:1054F000676574732F5441524745545F53544D2F81
:105500006932635F6170692E630028687A203D3DCF
:105510002031303030303029207C7C2028687A20BF
:105520003D3D2034303030303029207C7C202868CC
:105530007A203D3D203130303030303029006861F4
:105540006E646C652D3E496E69742E54696D696E8A
:105550006720213D2030006F626A5F732D3E693203
:105560006320213D20284932434E616D65294E4319
:1055700000000000A086010080380100C0D40100B6
:10558000000000007A0D0000FA0000005C1200002C
:10559000A00F0000800200001400000000000000C6
:1055A000801A060000E2040000530700000000001B
:1055B000840300006400000014050000580200008D
:1055C000FA000000640000000000000040420F00EC
:1055D00000350C00804F120000000000C2010000E6
:1055E00032000000F4010000040100003C00000053
:1055F000640000000000000048414C5F5243435FDC
:105600004F7363436F6E666967204552524F520A6B
:105610000048414C5F52434345785F506572697062
:1056200068434C4B436F6E666967204552524F5238
:105630000A0048414C5F4C5054494D5F496E6974B3
:10564000204552524F520A00008000001000000016
:10565000007D0000100000002E2F6D6265642D6F2C
:10566000732F746172676574732F544152474554A8
:105670005F53544D2F70696E6D61702E6300000092
:105680000000000000000001010000000000000216
:1056900022000000000000042300000000000008B9
:1056A000FFFF0000000000000100000002000000F9
:1056B00004000000080000001000000020000000AE
:1056C0004000000080000000000100000002000017
:1056D000000400000008000000100000002000008E
:1056E000004000000080000043616E6E6F7420690E
:1056F0006E697469616C697A652050574D0A00556E
:105700006E6B6E6F776E2050574D20696E737461AB
:105710006E6365002E2F6D6265642D6F732F74614B
:1057200072676574732F5441524745545F53544D0B
:105730002F70776D6F75745F6170692E6300040060
:105740000000000000004000000000000000000415
:105750000100000000000000100000000000000038
:1057600000010000000000000010436F6D6D616ECD
:105770006420706172616D206572726F723A207779
:10578000726F6E6720616464726573732073697AE7
:10579000650A00496E76616C696420616C742062F0
:1057A000797465732073697A650043616E6E6F74F6
:1057B00020696E697469616C697A6520554152543B
:1057C0002077697468206261756420726174652055
:1057D00025750A00506172697479206973206E6FB3
:1057E0007420737570706F72746564207769746863
:1057F00020392D626974206461746120666F726D56
:105800006174004F6E6C7920372C2038206F722025
:10581000392D626974206461746120666F726D61F4
:1058200074732061726520737570706F7274656433
:10583000004572726F723A206E65772073657269E7
:10584000616C206F626A6563742069732075736987
:105850006E672073616D652055415254206173203D
:10586000535444494F002E2F6D6265642D6F732F82
:10587000746172676574732F5441524745545F5386
:10588000544D2F73657269616C5F6170692E63009E
:105890006F626A5F732D3E7561727420213D20280E
:1058A000554152544E616D65294E43006F626A5FE7
:1058B000732D3E696E646578203E3D203000466F52
:1058C0007263654F73634F75746F6644656570539B
:1058D0006C65657020636C6F636B206973737565AD
:1058E0000D0A00466F7263655065726970684F7586
:1058F000746F6644656570536C65657020636C6F8A
:10590000636B2069737375650D0A002E2F6D6265D8
:10591000642D6F732F746172676574732F544152D5
:105920004745545F53544D2F73746D5F7370695FB7
:105930006170692E63006269747368696674203EE1
:105940003D20300033207769726573205350492021
:10595000736C617665206E6F7420737570706F72F2
:10596000746564202D20736C6176652077696C6C9A
:10597000206F6E6C7920726561640D0A0043616E60
:105980006E6F7420696E697469616C697A65205301
:105990005049007370696F626A2D3E7370692021EF
:1059A0003D20285350494E616D65294E43004841C2
:1059B0004C5F52434345785F506572697068434C51
:1059C0004B436F6E6669670A0074785F6C656E673B
:1059D0007468203E3E206269747368696674203C76
:1059E0003C206269747368696674203D3D20747858
:1059F0005F6C656E6774680072785F6C656E677463
:105A000068203E3E206269747368696674203C3C7D
:105A1000206269747368696674203D3D2072785F06
:105A20006C656E67746800000000000001010101F0
:105A3000010101010202020202020202020202024A
:105A4000020202020000000000000010000000201E
:105A50000000003000000040000000500000006026
:105A60000000007040420F00200000000000000015
:105A70007374643A3A6261645F65786365707469EF
:105A80006F6E0000D45B0708A85A0708D45B0708AC
:105A9000C85A0708605B0708EC5A0708A05A0708AD
:105AA000D45B0708005B07084E31305F5F6378788E
:105AB000616269763131355F5F666F726365645F1D
:105AC000756E77696E6445004E31305F5F6378783C
:105AD000616269763131395F5F666F726569676EE1
:105AE0005F657863657074696F6E45005374313318
:105AF0006261645F657863657074696F6E00000051
:105B0000537439657863657074696F6E00000000C6
:105B100000000000945A0708F9310608053206080B
:105B2000FD310608605B0708305B07089C5B0708CF
:105B30004E31305F5F637878616269763132305F11
:105B40005F73695F636C6173735F747970655F69BC
:105B50006E666F450000000000000000245B07082F
:105B600081330608953306089D3406089D340608DF
:105B70009D350608CD3406086D340608ED33060859
:105B8000B1330608D45B07088C5B0708537439747B
:105B90007970655F696E666F00000000605B0708E2
:105BA000A85B0708845B07084E31305F5F63787835
:105BB000616269763131375F5F636C6173735F7403
:105BC0007970655F696E666F450000000000000037
:105BD0009C5B070811350608253506089D34060824
:105BE0009D3406089D350608CD340608853506081F
:105BF00041350608053506080020202020202020F9
:105C0000202028282828282020202020202020206C
:105C1000202020202020202020881010101010107C
:105C200010101010101010101004040404040404C8
:105C30000404041010101010101041414141414162
:105C40000101010101010101010101010101010144
:105C50000101010110101010101042424242424254
:105C60000202020202020202020202020202020214
:105C700002020202101010102000000000000000BC
:105C80000000000000000000000000000000000014
:105C90000000000000000000000000000000000004
:105CA00000000000000000000000000000000000F4
:105CB00000000000000000000000000000000000E4
:105CC00000000000000000000000000000000000D4
:105CD00000000000000000000000000000000000C4
:105CE00000000000000000000000000000000000B4
:105CF000000000000000000000000000700E002402
:105D000043000000504F5349580000002E0000008F
:105D10000A0000006E660000696E69747900000078
:105D2000616E000035000000CEFBFFFFCB030000DA
:105D3000010000000000000034000000CEFBFFFF67
:105D4000CB03000001000000000000000000000084
:105D5000BC89D897B2D29C3C33A7A8D523F6493941
:105D60003DA7F444FD0FA5329D978CCF08BA5B2563
:105D7000436FAC6428066811494E4600696E6600A0
:105D80004E414E006E616E0030313233343536375D
:105D90003839414243444546000000003031323337
:105DA0003435363738396162636465660000000057
:105DB000286E756C6C290000300000002020202027
:105DC0002020202020202020202020203030303093
:105DD00030303030303030303030303065256C6429
:105DE000000000000A00010002000300040005009A
:105DF00006000700080009000A000B000C000D0057
:105E00000E000F0010000000202020202020202065
:105E10002020202020202020303030303030303002
:105E20003030303030303030496E66696E697479A8
:105E3000000000004E614E00000000000000000065
:105E40000000000000000000000000000000000052
:105E50000000000000000000000000000000000042
:105E60000000000000000000101112131415161796
:105E70001819000000000000001A1B1C1D1E1F0046
:105E80000000000000000000000000000000000012
:105E90000000000000000000001A1B1C1D1E1F0057
:105EA00000000000000000000000000000000000F2
:105EB00000000000000000000000000000000000E2
:105EC00000000000000000000000000000000000D2
:105ED00000000000000000000000000000000000C2
:105EE00000000000000000000000000000000000B2
:105EF00000000000000000000000000000000000A2
:105F00000000000000000000000000000000000091
:105F10000000000000000000000000000000000081
:105F20000000000000000000000000000000000071
:105F300000000000000000000080E03779C341430A
:105F4000176E05B5B5B89346F5F93FE9034F384DDF
:105F5000321D30F94877825A3CBF737FDD4F15758B
:105F6000000000000000F03F00000000000024409E
:105F700000000000000059400000000000408F4079
:105F8000000000000088C34000000000006AF840E4
:105F90000000000080842E4100000000D012634108
:105FA0000000000084D797410000000065CDCD417E
:105FB000000000205FA00242000000E8764837425F
:105FC000000000A2941A6D42000040E59C30A242FD
:105FD0000000901EC4BCD64200003426F56B0C4372
:105FE0000080E03779C3414300A0D8855734764319
:105FF00000C84E676DC1AB43003D9160E458E1437A
:10600000408CB5781DAF154450EFE2D6E41A4B44EE
:1060100092D54D06CFF08044F64AE1C7022DB54433
:10602000B49DD9794378EA440500000019000000C6
:086030007D00000000000000EB
:10603800C9020181B0B0AD8000000000C903018130
:10604800B0B0AC810000000008B10181B0B000849C
:106058000000000008B10181B0B000840000000019
:10606800C9060181B0B0AF800000000008B101810D
:10607800B0B000840000000008B10181B0B0008415
:1060880000000000C9020181B0B0AB800000000030
:10609800C9050181B0B0AC800000000080C9018151
:1060A800B0A908B100000000C9040181B0B0AB81FB
:1060B8000000000008B10181B0B0008400000000B9
:1060C800B1C6FE7F80C90D01B0B0B0AAFFFF012E96
:1060D8000A14000020CC08EA0A00F20804E80A00C2
:1060E800FA0804D00A00900904E80A00980904E6AE
:1060F8000A00AA099201E80A00E20A040000000066
:1061080071C6FE7FB0B0A800FFFF010065C6FE7F24
:10611800A908B100FFFF010008B10181B0B00084F7
:10612800000000004DC6FE7FB0AA0300FFFF010C6F
:106138000A240000300462003E2E000035C6FE7FAF
:10614800B0A80500FFFF010E0A5800007204B00253
:10615800007EBC010000000019C6FE7FB0B0A80098
:10616800FFFF01000DC6FE7FB0B0A800FFFF0100D1
:1061780001C6FE7FB0AC0100FFFF010E5A0400000B
:1061880060389A0100A0010400000000E5C5FE7F08
:10619800B0A90200FFFF0123065600006004BC01FD
:1061A800006804BA01007004A401008E0104000014
:1061B8009E0104BC0200B6017600000008B101810E
:1061C800B0B000840000000008B10181B0B00084C4
:1061D8000000000008B10181B0B000840000000098
:1061E80091C5FE7FB0AE0D00FFFF01351804000019
:1061F8002004C002002C04BE0200460CBC0200723F
:1062080004980200980104B40200BE0104B602001A
:10621800DE0104B80200860204BA0200B0020400DB
:10622800000000004DC5FE7FB0AA0100FFFF010C71
:106238000A18000032043E004604000035C5FE7FFF
:10624800A908B100FFFF010C080800001A04220089
:106258002A04000008B10181B0B0008400000000E9
:1062680011C5FE7FB0AC0700FFFF01270E08000034
:106278002004BC01002A0A00004C04AE01005604A8
:10628800AC010068048E0100880104C00100A80167
:106298000400000008B10181B0B0008400000000D3
:1062A80008B10181B0B0008400000000C5C4FE7FC1
:1062B800B0A90600FFFF010932048A01004E46001A
:1062C8000000000008B10181B0B0008400000000A7
:1062D800A1C4FE7FB0B0A800FFFF010095C4FE7FF7
:1062E800B0B0A800FFFF010089C4FE7F843F02010F
:1062F800B0B0B000FFFF010C0A0400002204320015
:10630800380400006DC4FE7FA908B100FFFF01003A
:1063180008B10181B0B000840000000008B101811B
:10632800B0B000840000000049C4FE7FB0AA050098
:10633800FFFF01161614000036048C0100500400FB
:106348000074049801007C1C0000000008B1018161
:10635800B0B000840000000008B10181B0B0008432
:10636800000000000DC4FE7FB0B0A800FFFF0100D0
:1063780001C4FE7FB0A80300FFFF010C040C00005D
:10638800141436003C040000E9C3FE7F8408B10100
:10639800B0B0B000FFFF01081E0436003C04000046
:1063A800D1C3FE7FB0B0A800FFFF0100C5C3FE7FC8
:1063B800B0B0AC00FFFF01141E04000024045A0012
:1063C8002E045800360A420054040000A5C3FE7F7C
:1063D800B0A80900FFFF010C060A00001C163C00CB
:1063E800420400008DC3FE7FB0AA0D00FFFF010C20
:1063F8000A0A00002A1642004804000075C3FE7FFE
:10640800B0AD1000FFFF010C0E1A000042165A0032
:106418006004000008B10181B0B0008400000000F1
:1064280051C3FE7FB0AB0A00FFFF0121060A00003E
:106438002804920100320400005A049C01006404FC
:1064480000008C01049E010098012000000000005B
:1064580008B10181B0B000840000000008B10181DA
:10646800B0B000840000000009C3FE7FB0AD020098
:10647800FFFF01140C2000003004C201009E01043B
:10648800A40100BE0104000008B10181B0B000847D
:1064980000000000DDC2FE7FB0AC0700FFFF01294D
:1064A800081000002E28E60100600400007C04D2D9
:1064B8000100860104D00100980104B20100AC017A
:1064C80004EE0100CC0114000000000008B10181B5
:1064D800B0B000840000000008B10181B0B00084B1
:1064E8000000000008B10181B0B000840000000085
:1064F80008B10181B0B000840000000008B101813A
:10650800B0B000840000000008B10181B0B0008480
:10651800000000005DC2FE7FB0B0AC00FFFF010CC0
:10652800082600003C047E00503A000045C2FE7F69
:10653800B0A90800FFFF010C082800003E04000075
:106548005A1000002DC2FE7FB0AC0100FFFF010C05
:1065580008240000400472007A04000008B1018198
:10656800B0B000840000000009C2FE7FB0AF180080
:10657800FF1019011124A6070000EE0704D809012D
:10658800BA08A8010000010000000000E5C1FE7F74
:10659800B0AF0400FF101D0112200436012A042E9A
:1065A800017646BC0100C40104000001000000009F
:1065B80000000000BDC1FE7FA908B100FFFF010077
:1065C800B1C1FE7F8408B101B0B0B000FF1019015D
:1065D8000C020608010C0410051C0A000001007FCB
:1065E80000007D00000000000000000008B10181EB
:1065F800B0B000840000000008B10181B0B0008490
:106608000000000008B10181B0B000840000000063
:0C66180008B10181B0B000840000000057
:10662400B49CFC7F010000008CA0FC7FB0B0A8806B
:1066340014A1FC7F0100000034A2FC7FB0B0AC8048
:10664400ACA3FC7FB0B0AA8010A5FC7F01000000C1
:1066540030A7FC7FB0A90280ECA7FC7FD8F9FF7FAC
:1066640044A9FC7F01000000F8A9FC7FD4F9FF7F56
:106674003CABFC7FAB08B18098ABFC7F0100000011
:10668400B0ABFC7FB0B0A880E0ABFC7FC0F9FF7F6B
:106694005CACFC7F0100000084ACFC7FBCF9FF7F94
:1066A400C4ACFC7F0100000050ADFC7FB8F9FF7F53
:1066B4007CB0FC7F01000000C0B0FC7FA908B18061
:1066C40054B1FC7FB0A9028020B2FC7F010000001D
:1066D40094B2FC7FAB08B18018B5FC7FA908B180E7
:1066E400C8B5FC7F0100000024B6FC7FB0B0A880D0
:1066F400D0B7FC7FB0AA0180C0BAFC7F01000000C3
:10670400C4BAFC7F6CF9FF7FF4BAFC7FA908B1809E
:1067140048BBFC7F68F9FF7F50BCFC7FA908B180AF
:1067240014BDFC7FB0B0A8803CBDFC7FB0B0AA8093
:106734003CBEFC7F54F9FF7F00C2FC7FA908B180F6
:10674400A8C3FC7FB0B0AA8094C4FC7FA908B18020
:10675400DCC4FC7FAB08B18004C9FC7F38F9FF7F3F
:10676400F0CAFC7FB0AA018084CCFC7FA908B18068
:10677400ECCCFC7FAB08B18074CDFC7F24F9FF7FA7
:1067840034CEFC7F0100000090CEFC7F20F9FF7F17
:1067940004D0FC7FB0B0A88040D0FC7FA908B180B1
:1067A400A4D0FC7FB0AC01802CD6FC7FB0B0AA8012
:1067B40028D7FC7FA908B1809CD7FC7FB0B0A88003
:1067C40024D8FC7F0100000050D8FC7FB0B0A88022
:1067D40010D9FC7FAB08B180F0D9FC7FB0B0A880A1
:1067E40080DBFC7F0084028064DCFC7FB0A9028033
:1067F400D0DDFC7FB0B0A8807CDEFC7FBCF8FF7FDE
:10680400B4DEFC7FA908B18054DFFC7FB8F8FF7FB9
:106814003CE5FC7FF0F8FF7F40E5FC7FF4F8FF7F68
:106824005CE5FC7F010000008AE5FC7FF0F8FF7F57
:106834008CE5FC7F01000000CCE5FC7FB0A908805A
:10684400E4E6FC7FB0A8078044E7FC7FB0B0A880F2
:10685400D8E7FC7FD4F8FF7F50E8FC7FB0A9028022
:10686400D8EAFC7FDCF8FF7F94ECFC7F0100000099
:106874008EECFC7FE8F8FF7F94ECFC7FECF8FF7F64
:1068840098ECFC7F01000000B4ECFC7FA908B18007
:10689400C8ECFC7F010000000CEEFC7FD8F8FF7F01
:1068A400B4EEFC7FECF8FF7F64F0FC7F0100000095
:1068B40090F0FC7FA908B18018F1FC7F0100000072
:1068C4004AF1FC7FFCF8FF7F50F1FC7F01000000DF
:1068D40096F1FC7FF8F8FF7F96F1FC7FFCF8FF7FD0
:1068E40098F1FC7F00F9FF7FDCF2FC7F01000000DF
:1068F4002CF3FC7FA908B1805CF3FC7F010000004D
:1069040060F3FC7FB0B0A8802EF5FC7FA908B180AD
:1069140044F5FC7F0100000048F5FC7FB0AF028025
:10692400F8F5FC7FB0A8018004F6FC7FB0A90480D0
:1069340024F6FC7FAB08B1806CF6FC7FB0A8038022
:106944007CF6FC7FB0AC0380C0F6FC7F0100000045
:10695400C0F6FC7F00840280E0F6FC7FB0A80180D2
:106964005EF7FC7F010000005EF7FC7FB0A80580A5
:106974007CF7FC7FAB08B180B8F7FC7FB0A801803E
:10698400C4F7FC7F01000000F0F7FC7FB0AA01808F
:106994002EF8FC7F94F8FF7F70F8FC7F0100000064
:1069A400BCF8FC7FB0A80180ECF8FC7F010000007B
:1069B40008F9FC7FB0B0AA8064F9FC7FB0B0A8806D
:1069C4009AF9FC7F0100000078FAFC7F74F8FF7FDD
:1069D4009EFAFC7F01000000C6FAFC7FA908B18082
:1069E400DCFAFC7F00840280FAFAFC7FB0B0A88055
:1069F4008AFBFC7FAA3F0180E6FBFC7FB0AA3F80B4
:106A0400B8FCFC7F010000002AFDFC7F4CF8FF7FEE
:106A140030FDFC7F0100000078FDFC7F48F8FF7F1B
:106A240044FEFC7F74F8FF7F44FEFC7F78F8FF7F10
:106A340044FEFC7F01000000A8FEFC7FB0AE038092
:106A4400F6FEFC7FB0FD84804EFFFC7FB0B0AC80CE
:106A5400ACFFFC7FB0FD84800400FD7F01000000DA
:106A64000000FD7F4CF8FF7FB000FD7FB0B0A88030
:106A7400D400FD7F54F8FF7F0001FD7F58F8FF7FAD
:106A84000401FD7F5CF8FF7F1C01FD7F60F8FF7F40
:106A94005001FD7FB0B0AA80DC01FD7F0100000041
:106AA400E801FD7F64F8FF7F0402FD7F0100000020
:106AB4003E02FD7FB0B0AA808202FD7FB0B0A88004
:106AC4009202FD7F01000000C002FD7FB0A801809A
:106AD4002403FD7F40F8FF7F4803FD7FB0B0AA8008
:106AE4005C03FD7FB0B0B0805C03FD7FB0A8018083
:106AF4009803FD7FB0B0AC80CA03FD7FB0B0B08016
:106B0400C803FD7FB0B0AA801004FD7FA93F0280B6
:106B14008004FD7FA908B1809404FD7FB0B0B080EB
:106B24009404FD7FB0B0A880B404FD7FA908B180AF
:106B3400DA04FD7FB0B0B080D804FD7FB0B0A88087
:106B44000C05FD7FA908B1804805FD7FB0B0B08079
:106B54004805FD7FB0B0A8809405FD7F01000000CA
:106B6400C405FD7FBCF7FF7FC805FD7F0100000061
:106B74001006FD7FB8F7FF7FAC06FD7FD4F7FF7FDB
:106B8400AC06FD7FD8F7FF7FAC06FD7F0100000057
:106B94007C07FD7FB0B0A8808A07FD7FA908B1807B
:106BA4009C07FD7F010000009C07FD7FBCF7FF7F71
:106BB400B007FD7F01000000BE07FD7FB0AB02807F
:106BC400F607FD7FB0B0AA804A08FD7FAB08B1800C
:106BD4006C08FD7FB0AA0580F408FD7F0100000069
:106BE4001809FD7FA908B1804C09FD7F0100000050
:106BF4007009FD7FB0B0A8808C09FD7FB0AC038024
:106C0400040AFD7FB0AA0180280AFD7FB0B0A880E5
:106C14005E0AFD7F60F7FF7F960AFD7FB0B0A88013
:106C2400A00AFD7F68F7FF7FE80AFD7FB0B0A88067
:106C3400100BFD7F01000000980CFD7F68F7FF7FBB
:106C4400C00CFD7F010000004C0DFD7FA908B18040
:106C5400CC0DFD7FB0AC01804E0EFD7FB0B0A8809E
:106C6400880EFD7FB0B0AA80D80EFD7F44F7FF7F69
:106C7400380FFD7FB0B0AA80D80FFD7FB0B0A880D8
:106C8400E40FFD7FA908B180F80FFD7FAB08B18048
:106C94006010FD7F3CF7FF7FA810FD7F4CF7FF7F5E
:106CA4000411FD7FB0B0A8802C11FD7FAD08B18028
:106CB4008611FD7FB0AB0480CC11FD7F44F7FF7FCC
:106CC4004412FD7FB0B0A8806612FD7F0100000071
:106CD400AE12FD7FB0A902800413FD7F0100000005
:106CE4002413FD7F34F7FF7F2813FD7F010000008C
:106CF4007013FD7F30F7FF7F3414FD7F58F7FF7F5B
:106D04003414FD7F5CF7FF7F3414FD7F0100000025
:106D14005E14FD7FB0B0B0805C14FD7F0100000004
:106D24005C14FD7FB0B0A8806414FD7FB0B0B08067
:106D34006414FD7FA908B1809C14FD7F0084028047
:106D4400B414FD7FB0B0B080B414FD7F0084028021
:106D5400CE14FD7FB0B0B080CE14FD7FAD08B180FD
:106D64000015FD7F010000001C15FD7FA908B180FE
:106D74003E15FD7F01000000C015FD7FF0F6FF7F8A
:106D84008816FD7FA908B1809A16FD7F01000000D6
:106D9400A416FD7FB0B0A880CC16FD7FAB08B180EF
:106DA400F216FD7F010000000617FD7FE0F6FF7F6D
:106DB4000C17FD7F010000005417FD7FDCF6FF7FF8
:106DC4005018FD7FB0B0B0805018FD7F04F7FF7FEE
:106DD4005018FD7F08F7FF7F5018FD7F0100000069
:106DE4009C18FD7F04F7FF7F9A18FD7FB0AF0480E5
:106DF400FC19FD7F010000005C1AFD7FB0B0AC807F
:106E0400801AFD7F010000009E1AFD7FE8F6FF7FD7
:106E14009E1AFD7F01000000A01AFD7FE4F6FF7FAB
:106E2400A01AFD7F01000000AC1AFD7FA908B18003
:106E3400E01AFD7FB0AA0980121BFD7FB0B0AC80C0
:106E44004E1BFD7F010000004A1BFD7FA908B18095
:106E54006A1BFD7F01000000801BFD7FA908B18033
:106E6400A41BFD7FAA82C980BC1CFD7F0100000019
:106E7400B81CFD7FB0A90280CA1CFD7F0100000080
:106E84008C1FFD7FB0B0A880BC1FFD7FB0B0AA806E
:106E9400DC1FFD7FB0B0A880F01FFD7F0100000063
:106EA4000020FD7F008402803420FD7F010000006B
:106EB4003420FD7F58F6FF7F4820FD7F010000004D
:106EC4008420FD7FB0B0AA809C20FD7F4CF6FF7F1C
:106ED4002821FD7F5CF6FF7F9421FD7F6CF6FF7F08
:106EE4001822FD7FB0A908806C22FD7F01000000FC
:106EF400F8B6FE7FAB08B180B0B7FE7F64F6FF7FC3
:106F0400E0B7FE7FAB08B1806CB8FE7F60F6FF7F10
:106F140048BDFE7F010000009CBDFE7F74F6FF7F2C
:106F240070BEFE7F94F6FF7FE8BEFE7F0100000086
:106F340078BFFE7F90F6FF7F98BFFE7F01000000C0
:106F4400A4BFFE7FACF6FF7FA4BFFE7FB0F6FF7F39
:106F5400B0BFFE7F01000000D4BFFE7FB0AB028053
:106F64007CC0FE7F0100000048C1FE7FB0B0A88055
:106F740084C1FE7F01000000D4C1FE7FAB08B18054
:106F840004C2FE7FB0B0A8806CC2FE7F0100000086
:106F9400D8C4FE7FB0B0AC80FCC4FE7F010000000A
:106FA40028C5FE7FB0AA038058C5FE7F01000000FB
:106FB40068CCFE7FB0A9028004CDFE7FB0B0A8806B
:106FC40054CDFE7F0100000060CDFE7FB0B0AA80EA
:106FD40098CDFE7FAE71B28058CEFE7F01000000D6
:106FE40054CEFE7FAB3F3880ACCEFE7F0100000064
:106FF400B8CEFE7FB0B0AA80F4CEFE7F01000000C0
:1070040098CFFE7FAB0EB28000D0FE7FB0AF088079
:10701400CCD2FE7F01000000D0D2FE7FAC3F0380C3
:1070240048D5FE7F0100000024D7FE7F0084048041
:1070340038D7FE7F0100000034D7FE7FB0AD048056
:10704400F0D9FE7FB0A8038010DAFE7FBCF5FF7F85
:1070540014DAFE7FC0F5FF7F20DAFE7F0100000016
:10706400000000000100010001000000DD7EBC3CC6
:1070740010210708102107085A5A0100E8030000EC
:1070840000F001087F000000000000000000000084
:1070940000000000A100000000000000000000004B
:1070A400000000009B000000000000000000000041
:1070B4000000000067000000000000000000000065
:1070C4000000000027000000000000000000000095
:1070D4000000000026000000000000000000000086
:1070E4000000000008000000000000000000000094
:1070F400000000008000000000000000000000000C
:107104000000000023000000000000000000000058
:1071140000000000810000000000000000000000EA
:107124000000000022000000000000000000000039
:1071340000000000780000000000000000000000D3
:1071440000000000770000000000000000000000C4
:10715400000000000A000000000000000000000021
:107164000000000009000000000000000000000012
:107174000000000000080000000000000000000003
:1071840000000000010800000000000000000000F2
:1071940000000000220800000000000000000000C1
:1071A40000000000230800000000000000000000B0
:1071B40000000000220100000000000000000000A8
:1071C4000000000023010000000000000000000097
:1071D40000000000040000000000000000000000A7
:1071E4000000000006000000000000000000000095
:1071F40000000000A50000000000000000000000E6
:1072040000000000A60000000000000000000000D4
:1072140000000000A70000000000000000000000C3
:10722400000000000000000000000000000000005A
:107234000000000001000000000000000000000049
:107244000000000002000000000000000000000038
:107254000000000003000000000000000000000027
:107264000000000004000000000000000000000016
:107274000000000005000000000000000000000005
:1072840000000000060000000000000000000000F4
:1072940000000000070000000000000000000000E3
:1072A40000000000080000000000000000000000D2
:1072B40000000000090000000000000000000000C1
:1072C400000000000A0000000000000000000000B0
:1072D400000000000B00000000000000000000009F
:1072E400000000000C00000000000000000000008E
:1072F400000000000D00000000000000000000007D
:10730400000000000E00000000000000000000006B
:10731400000000000F00000000000000000000005A
:107324000000000010000000000000000000000049
:107334000000000011000000000000000000000038
:107344000000000012000000000000000000000027
:107354000000000013000000000000000000000016
:107364000000000014000000000000000000000005
:1073740000000000150000000000000000000000F4
:1073840000000000160000000000000000000000E3
:1073940000000000170000000000000000000000D2
:1073A40000000000180000000000000000000000C1
:1073B40000000000190000000000000000000000B0
:1073C400000000001A00000000000000000000009F
:1073D400000000001B00000000000000000000008E
:1073E400000000001C00000000000000000000007D
:1073F400000000001D00000000000000000000006C
:10740400000000001E00000000000000000000005A
:10741400000000001F000000000000000000000049
:107424000000000020000000000000000000000038
:107434000000000021000000000000000000000027
:107444000000000022000000000000000000000016
:107454000000000023000000000000000000000005
:1074640000000000240000000000000000000000F4
:1074740000000000250000000000000000000000E3
:1074840000000000260000000000000000000000D2
:1074940000000000270000000000000000000000C1
:1074A40000000000280000000000000000000000B0
:1074B400000000002900000000000000000000009F
:1074C400000000002A00000000000000000000008E
:1074D400000000002B00000000000000000000007D
:1074E400000000002C00000000000000000000006C
:1074F400000000002D00000000000000000000005B
:10750400000000002E000000000000000000000049
:10751400000000002F000000000000000000000038
:107524000000000030000000000000000000000027
:107534000000000031000000000000000000000016
:107544000000000032000000000000000000000005
:1075540000000000330000000000000000000000F4
:1075640000000000340000000000000000000000E3
:1075740000000000350000000000000000000000D2
:1075840000000000360000000000000000000000C1
:1075940000000000370000000000000000000000B0
:1075A400000000003800000000000000000000009F
:1075B400000000003900000000000000000000008E
:1075C400000000003A00000000000000000000007D
:1075D400000000003B00000000000000000000006C
:1075E400000000003C00000000000000000000005B
:1075F400000000003D00000000000000000000004A
:10760400000000003E000000000000000000000038
:10761400000000003F000000000000000000000027
:107624000000000040000000000000000000000016
:107634000000000041000000000000000000000005
:1076440000000000420000000000000000000000F4
:1076540000000000430000000000000000000000E3
:1076640000000000440000000000000000000000D2
:1076740000000000450000000000000000000000C1
:1076840000000000460000000000000000000000B0
:10769400000000004700000000000000000000009F
:1076A400000000004800000000000000000000008E
:1076B400000000004900000000000000000000007D
:1076C400000000004A00000000000000000000006C
:1076D400000000004B00000000000000000000005B
:1076E400000000004C00000000000000000000004A
:1076F400000000004D000000000000000000000039
:10770400000000004E000000000000000000000027
:10771400000000004F000000000000000000000016
:107724000000000050000000000000000000000005
:1077340000000000510000000000000000000000F4
:1077440000000000520000000000000000000000E3
:1077540000000000530000000000000000000000D2
:1077640000000000540000000000000000000000C1
:1077740000000000550000000000000000000000B0
:10778400000000005600000000000000000000009F
:10779400000000005700000000000000000000008E
:1077A400000000005800000000000000000000007D
:1077B400000000005900000000000000000000006C
:1077C400000000005A00000000000000000000005B
:1077D400000000005B00000000000000000000004A
:1077E400000000005C000000000000000000000039
:1077F400000000005D000000000000000000000028
:10780400000000005E000000000000000000000016
:10781400000000005F000000000000000000000005
:1078240000000000600000000000000000000000F4
:1078340000000000610000000000000000000000E3
:1078440000000000620000000000000000000000D2
:1078540000000000630000000000000000000000C1
:1078640000000000640000000000000000000000B0
:10787400000000006500000000000000000000009F
:10788400000000006600000000000000000000008E
:10789400000000006700000000000000000000007D
:1078A400000000006800000000000000000000006C
:1078B400000000006900000000000000000000005B
:1078C400000000006A00000000000000000000004A
:1078D400000000006B000000000000000000000039
:1078E400000000006C000000000000000000000028
:1078F400000000006D000000000000000000000017
:10790400000000006E000000000000000000000005
:10791400000000006F0000000000000000000000F4
:1079240000000000700000000000000000000000E3
:1079340000000000710000000000000000000000D2
:1079440000000000720000000000000000000000C1
:1079540000000000730000000000000000000000B0
:10796400000000007400000000000000000000009F
:10797400000000007500000000000000000000008E
:10798400000000007600000000000000000000007D
:10799400000000007700000000000000000000006C
:1079A400000000007800000000000000000000005B
:1079B400000000007900000000000000000000004A
:1079C400000000007A000000000000000000000039
:1079D400000000007B000000000000000000000028
:1079E400000000007C000000000000000000000017
:1079F400000000007D000000000000000000000006
:107A0400000000007E0000000000000000000000F4
:107A1400000000007F0000000000000000000000E3
:107A240000000000800000000000000000000000D2
:107A340000000000810000000000000000000000C1
:107A440000000000820000000000000000000000B0
:107A5400000000008300000000000000000000009F
:107A6400000000008400000000000000000000008E
:107A7400000000008500000000000000000000007D
:107A8400000000008600000000000000000000006C
:107A9400000000008700000000000000000000005B
:107AA400000000008800000000000000000000004A
:107AB4000000000089000000000000000000000039
:107AC400000000008A000000000000000000000028
:107AD400000000008B000000000000000000000017
:107AE400000000008C000000000000000000000006
:107AF400000000008D0000000000000000000000F5
:107B0400000000008E0000000000000000000000E3
:107B1400000000008F0000000000000000000000D2
:107B240000000000900000000000000000000000C1
:107B340000000000910000000000000000000000B0
:107B4400000000009200000000000000000000009F
:107B5400000000009300000000000000000000008E
:107B6400000000009400000000000000000000007D
:107B7400000000009500000000000000000000006C
:107B8400000000009600000000000000000000005B
:107B9400000000009700000000000000000000004A
:107BA4000000000098000000000000000000000039
:107BB4000000000099000000000000000000000028
:107BC400000000009A000000000000000000000017
:107BD400000000009B000000000000000000000006
:107BE400000000009C0000000000000000000000F5
:107BF400000000009D0000000000000000000000E4
:107C0400000000009E0000000000000000000000D2
:107C1400000000009F0000000000000000000000C1
:107C240000000000A00000000000000000000000B0
:107C340000000000A100000000000000000000009F
:107C440000000000A200000000000000000000008E
:107C540000000000A300000000000000000000007D
:107C640000000000A400000000000000000000006C
:107C740000000000A500000000000000000000005B
:107C840000000000A600000000000000000000004A
:107C940000000000A7000000000000000000000039
:107CA40000000000800D0708D3B3FB0200000000B1
:107CB40000000000000000000000000000000000C0
:107CC40000000000000000000000000000000000B0
:107CD40000000000000000000000000000000000A0
:107CE4000000000000000000000000000000000090
:107CF4000000000000000000000000000000000080
:107D0400000000000000000000000000000000006F
:107D1400000000000000000000000000000000005F
:107D2400000000000000000000000000000000004F
:107D3400000000000000000000000000000000003F
:107D44000000000000000000D5B7040879C304084F
:107D54001DBF040855C3040831C3040821BF040827
:107D640027080508270805087F0000000000000018
:107D740000000000180000000000000000040000E3
:107D8400000000008000000000000000000000006F
:107D940000000000BD09050800000000000000000C
:107DA4000000000000000000FFFFFFFFFFFFFFFFD7
:107DB400FFFFFFFF000000000000000000000000C3
:107DC40000000000000000000000000000000000AF
:107DD400000000000000000000000000000000009F
:107DE400000000000000000000000000000000008F
:107DF400000000000000000000000000000000007F
:107E0400000000000000000000000000000000006E
:107E1400000000000000000000000000000000005E
:107E2400000000000000000000000000000000004E
:107E3400000000000000000000000000000000003E
:107E4400000000000000000000000000000000002E
:107E5400000000000000000000000000000000001E
:107E6400000000000000000000000000000000000E
:107E740000000000000000000000000000000000FE
:107E840000000000000000000000000000000000EE
:107E940000000000000000000000000000000000DE
:107EA4000000000000000000F016012401000000A2
:107EB400100000000090D0030090D00301000000E7
:107EC400BD1F0508D52E0608700E00240000000012
:107ED400000000005C110024C41100242C120024B2
:107EE400000000000000000000000000000000008E
:107EF400000000000000000000000000000000007E
:107F0400000000000000000000000000000000006D
:107F1400000000000000000000000000000000005D
:107F2400000000000000000000000000000000004D
:107F3400000000000000000000000000000000003D
:107F4400000000000000000000000000000000002D
:107F5400000000000000000000000000000000001D
:107F6400000000000000000000000000000000000D
:107F740000000000000000000100000000000000FC
:107F84000E33CDAB34126DE6ECDE05000B000000C1
:107F940000000000000000000000000000000000DD
:107FA40000000000000000000000000000000000CD
:107FB40000000000000000000000000000000000BD
:107FC40000000000000000000000000000000000AD
:107FD400000000000000000000000000000000009D
:107FE400000000000000000000000000000000008D
:107FF400000000000000000000000000000000007D
:10800400000000000000000000000000000000006C
:10801400000000000000000000000000000000005C
:10802400000000000000000000000000000000004C
:10803400000000000000000000000000000000003C
:10804400000000000000000000000000000000002C
:10805400000000000000000000000000000000001C
:10806400000000000000000000000000000000000C
:1080740000000000000000000000000000000000FC
:1080840000000000000000000000000000000000EC
:1080940000000000000000000000000000000000DC
:1080A40000000000000000000000000000000000CC
:1080B40000000000000000000000000000000000BC
:1080C40000000000000000000000000000000000AC
:1080D400000000000000000000000000000000009C
:1080E400000000000000000000000000000000008C
:1080F400000000000000000000000000000000007C
:10810400000000000000000000000000000000006B
:10811400000000000000000000000000000000005B
:10812400000000000000000000000000000000004B
:10813400000000000000000000000000000000003B
:10814400000000000000000000000000000000002B
:10815400000000000000000000000000000000001B
:10816400000000000000000000000000000000000B
:1081740000000000000000000000000000000000FB
:1081840000000000000000000000000000000000EB
:1081940000000000000000000000000000000000DB
:1081A40000000000000000000000000000000000CB
:1081B40000000000000000000000000000000000BB
:1081C40000000000000000000000000000000000AB
:1081D400000000000000000000000000000000009B
:1081E400000000000000000000000000000000008B
:1081F400000000000000000000000000000000007B
:10820400000000000000000000000000000000006A
:10821400000000000000000000000000000000005A
:10822400000000000000000000000000000000004A
:10823400000000000000000000000000000000003A
:10824400000000000000000000000000000000002A
:10825400000000000000000000000000000000001A
:10826400000000000000000000000000000000000A
:1082740000000000000000000000000000000000FA
:1082840000000000000000000000000000000000EA
:1082940000000000000000000000000000000000DA
:1082A40000000000000000000000000000000000CA
:1082B40000000000000000000000000000000000BA
:1082C40000000000000000000000000000000000AA
:1082D400000000000000000000000000000000009A
:1082E400000000000000000000000000000000008A
:1082F4000000000000000000430000000000000037
:108304000000000000000000000000000000000069
:108314000000000000000000430000000000000016
:108324000000000000000000000000000000000049
:1083340000000000000000004300000000000000F6
:108344000000000000000000000000000000000029
:1083540000000000000000004300000000000000D6
:108364000000000000000000000000000000000009
:1083740000000000000000004300000000000000B6
:1083840000000000000000000000000000000000E9
:108394000000000000000000430000000000000096
:1083A40000000000000000000000000000000000C9
:1083B4000000000000000000430000000000000076
:1083C40000000000000000000000000000000000A9
:1083D400000000000000000055BF060835610608D3
:1083E40000000000F85B07080C5D0708985D0708AB
:1083F400985D0708985D0708985D0708985D070869
:10840400985D0708985D0708985D0708985D070858
:10841400FFFFFFFFFFFFFFFFFFFFFFFFFFFF000066
:1084240001004153434949000000000000000000DE
:108434000000000000000000000000000000000038
:1084440000004153434949000000000000000000BF
:108454000000000000000000000000000000000018
:1084640000000000000000000000000004140024CC
:10847400041400240C1400240C14002414140024E8
:10848400141400241C1400241C1400242414002498
:10849400241400242C1400242C1400243414002448
:1084A400341400243C1400243C14002444140024F8
:1084B400441400244C1400244C14002454140024A8
:1084C400541400245C1400245C1400246414002458
:1084D400641400246C1400246C1400247414002408
:1084E400741400247C1400247C14002484140024B8
:1084F400841400248C1400248C1400249414002468
:10850400941400249C1400249C140024A414002417
:10851400A4140024AC140024AC140024B4140024C7
:10852400B4140024BC140024BC140024C414002477
:10853400C4140024CC140024CC140024D414002427
:10854400D4140024DC140024DC140024E4140024D7
:10855400E4140024EC140024EC140024F414002487
:10856400F4140024FC140024FC1400240415002436
:10857400041500240C1500240C15002414150024E3
:10858400141500241C1500241C1500242415002493
:10859400241500242C1500242C1500243415002443
:1085A400341500243C1500243C15002444150024F3
:1085B400441500244C1500244C15002454150024A3
:1085C400541500245C1500245C1500246415002453
:1085D400641500246C1500246C1500247415002403
:1085E400741500247C1500247C15002484150024B3
:1085F400841500248C1500248C1500249415002463
:10860400941500249C1500249C150024A415002412
:10861400A4150024AC150024AC150024B4150024C2
:10862400B4150024BC150024BC150024C415002472
:10863400C4150024CC150024CC150024D415002422
:10864400D4150024DC150024DC150024E4150024D2
:10865400E4150024EC150024EC150024F415002482
:10866400F4150024FC150024FC1500240416002431
:10867400041600240C1600240C16002414160024DE
:10868400141600241C1600241C160024241600248E
:10869400241600242C1600242C160024341600243E
:1086A400341600243C1600243C16002444160024EE
:1086B400441600244C1600244C160024541600249E
:1086C400541600245C1600245C160024641600244E
:1086D400641600246C1600246C16002474160024FE
:1086E400741600247C1600247C16002484160024AE
:1086F400841600248C1600248C160024941600245E
:10870400941600249C1600249C160024A41600240D
:10871400A4160024AC160024AC160024B4160024BD
:10872400B4160024BC160024BC160024C41600246D
:10873400C4160024CC160024CC160024D41600241D
:10874400D4160024DC160024DC160024E4160024CD
:10875400E4160024EC160024EC160024F41600247D
:10876400F4160024FC160024FC160024041700242C
:10877400041700240C1700240C17002414170024D9
:10878400141700241C1700241C1700242417002489
:10879400241700242C1700242C1700243417002439
:1087A400341700243C1700243C17002444170024E9
:1087B400441700244C1700244C1700245417002499
:1087C400541700245C1700245C1700246417002449
:1087D400641700246C1700246C17002474170024F9
:1087E400741700247C1700247C17002484170024A9
:1087F400841700248C1700248C1700249417002459
:10880400941700249C1700249C170024A417002408
:10881400A4170024AC170024AC170024B4170024B8
:10882400B4170024BC170024BC170024C417002468
:10883400C4170024CC170024CC170024D417002418
:10884400D4170024DC170024DC170024E4170024C8
:10885400E4170024EC170024EC170024F417002478
:10886400F4170024FC170024FC170024FFFFFFFF6B
:108874000000020000000000BD020408C14D04080D
:10888400595704081D590408F15B0408595E04088B
:108894000D6204089D6304087968040839720408A9
:1088A4002D86040831880408098F0408F1B80408E7
:1088B40029B90408F1BA0408F14505085933060832
:0888C400990204080000000005
:040000050805D651C3
:00000001FF
