:020000040804EE
:1000000000000824358105088181050875BD0408B4
:100010007BBD040881BD040887BD04080000000002
:100020000000000000000000000000007D3D04080A
:100030008181050800000000173E0408273E0408DF
:100040008181050881810508818105088181050874
:100050008181050881810508818105088181050864
:100060008181050881810508818105088181050854
:100070008181050881810508818105088181050844
:10008000818105088181050881810508399005086D
:100090004990050845900508559005088181050897
:1000A0008181050881810508818105088181050814
:1000B0008181050881810508818105088181050804
:1000C00081810508818105088181050881810508F4
:1000D00081810508818105088181050881810508E4
:1000E00081810508818105080000000081810508E3
:1000F00081810508818105088181050881810508C4
:1001000081810508C17E0508818105088181050876
:1001100081810508818105088181050881810508A3
:100120008181050881810508818105088181050893
:1001300081810508B76C0408818105088181050863
:100140008181050881810508000000000000000091
:100150008181050881810508818105088181050863
:100160008181050881810508818105088181050853
:100170008181050881810508818105080000000052
:100180008181050881810508818105088181050833
:100190008181050881810508818105088181050823
:1001A0008181050881810508818105088181050813
:1001B0008181050881810508818105088181050803
:1001C00081810508818105088181050881810508F3
:1001D00081810508818105088181050881810508E3
:1001E00081810508818105088181050881810508D3
:1001F00081810508818105088181050881810508C3
:1002000081810508818105088181050881810508B2
:1002100081810508818105088181050881810508A2
:100220008181050881810508818105088181050892
:1002300081810508318105088181050881810508D2
:100240008181050881810508818105088181050872
:100250008181050881810508818105088181050862
:100260008181050881810508818105088181050852
:100270008181050881810508818105088181050842
:100280008181050881810508818105080000000041
:10029000818105088181050810B5054C237833B9A3
:1002A000044B13B10448AFF300800123237010BD49
:1002B0006018002400000000F4B7060808B5034BDE
:1002C0001BB103490348AFF3008008BD00000000E4
:1002D00064180024F4B70608154B002B08BF134B15
:1002E0009D46A3F5803A00218B460F461348144AD9
:1002F000121A20F0CDFC0F4B002B00D098470E4B6C
:10030000002B00D098470020002104000D000D486C
:10031000002802D00C480CF0E7FB1FF0BBFF2000C8
:10032000290005F03FFF0CF0F3FD00BF00000800BE
:100330000000082400000000016104086018002487
:10034000D0140124E9CA04080000000030B50144BB
:100350004FF6FF7341F22105884212D010F8014B8D
:10036000082283EA042414F4004F4FEA440302F104
:10037000FF3218BF6B4012F0FF029BB21C46F2D155
:10038000EAE7184630BD013900230144184611F848
:10039000012F9A400833202B40EA0200F7D1704722
:1003A00001390023084422FA03F10833202B00F816
:1003B000011FF8D170470000F0B51D4689B0234BEE
:1003C000174604460A46009303230E468DF805009F
:1003D000062168468DF80430FFF7E2FF3A460A210D
:1003E0006846FFF7DDFF2A460E216846FFF7D8FF73
:1003F00005F1320212213A4422443244D2B20DF8BD
:100400000120013111321E29D2B2F8D16846FFF71E
:100410009DFF8DF81E0000128DF81F004FF4FA604A
:1004200003F072FB0A4801F001F8094800F0D0FF20
:1004300020226946064803F087FA054800F0D9FFF4
:10044000034800F0EBFF09B0F0BD00BF523438356F
:10045000901C002473B54FF4E1314A4801F0E2FEEC
:10046000484D03F031FB40F6C3160446284601F020
:1004700013FD40B903F028FB001BB04203D80A204B
:1004800003F040FBF2E7002003F0F0FA0021C0B2D5
:1004900003F000FC892003F0E9FA0021C0B203F068
:1004A000F9FB182003F0E2FA0121C0B203F0F2FBDD
:1004B0007D2003F0DBFA0121C0B203F0EBFB6920E1
:1004C00003F0D4FA0021C0B203F0E4FB0A2003F0E9
:1004D000CDFA0121C0B203F0DDFB092003F0C6FA1A
:1004E0000121C0B203F0D6FB8F2003F0BFFA002138
:1004F000C0B203F0CFFB8E2003F0B8FA0021C0B2E7
:1005000003F0C8FB6E2003F0B1FA0121C0B203F082
:10051000C1FB0A2003F0AAFA0121C0B203F0BAFB22
:10052000092003F0A3FA0121C0B203F0B3FB8E202F
:1005300003F09CFA0121C0B203F0ACFB692003F088
:1005400095FA0121C0B203F0A5FB4FF4FA7340F213
:1005500013424FF41651009332230B4800F0C8FEAB
:10056000094800F05BFF03F0AFFA084B0849186038
:10057000044803F01FFA0749024802B0BDE8704082
:1005800003F018BA1C300024901C0024D01800245A
:10059000BA600608126106082DE9F04F804C89B058
:1005A000804E304600F092FE002800F01F81304659
:1005B00000F094FE6368C5B201336360E36A202BE8
:1005C00006D179491F22481E20F0FEFA1F23E3625C
:1005D000E36A5A1C2344202AE2621D73E1D10422FB
:1005E0007249734820F024FA0028DAD1237C032BC7
:1005F00040F09680657C6B1E042B00F291801E21DA
:100600006B48FFF7A3FE94F82B2094F82A3043EAB6
:100610000223834240F0848006216548FFF7B3FE41
:1006200007460A216248FFF7AEFE07440E216048E4
:10063000FFB2FFF7A8FE5F4A3D442844C0B200F174
:1006400032030238DBB2C0B212F8011F994267D1FF
:100650001133DBB28342F7D1554E6D460FCE0FC535
:1006600096E80F0085E80F00002306216846524DEA
:10067000E362A3680133A360FFF785FE0A21074602
:100680006846FFF780FE0E2106466846FFF77BFEB0
:100690002A788246012A47D19DF805B0BBF1020FA6
:1006A00042D1DFF83091D9F80020BA423CD1434919
:1006B0000968B14238D1524536D1DFF81C8103F0C8
:1006C00003FAD8F80020801AB0F5FA7F2CD23C4A01
:1006D0003C4913683C480133136003F05EF90A2279
:1006E000D9F80010384803F08CF93849364803F03F
:1006F00054F903F0E9F9D8F800100A22411A3248F7
:1007000003F08EF9D9F80030002203201946FFF7D4
:1007100053FE03F0D9F985F800B0C8F800003FE7B0
:100720002368013323603CE72A78022A04D0284A50
:1007300013680133136033E79DF80520042AF6D1CE
:10074000244A12685245F2D103F0BEF9224A1268D7
:10075000801AB0F5FA7FEAD22049534605200A688C
:1007600001320A6032463946FFF726FE00231C4953
:1007700015482B7003F011F90A223946124803F08C
:1007800040F91849104803F008F931460A220E488A
:1007900003F037F914490C4803F00CF900E700BFE7
:1007A00094180024901C0024A11800240C5F060853
:1007B000A0180024B118002484180024D81800249C
:1007C0007C180024115F06081C300024445F0608D2
:1007D00088180024901800248C180024C4180024C1
:1007E000545F06087F5F0608895F06085B4C03F0CC
:1007F0006BF905462278C2B1594B1B68C31AB3F591
:10080000FA7F12D3012A40F0A380564A5649136852
:1008100001331360554803F0C0F8554B0A22534882
:10082000196803F0FDF8002323702378002B32D1E0
:10083000DFF88C81D8F80030EB1AB3F57A7F2AD331
:100840004B4E03F041F94B4F0246336838600120AC
:10085000013319463360FFF7AFFD03F035F9404B24
:10086000454A18600123C8F8000023701368434903
:1008700001333E48136003F090F80A2231683B4888
:1008800003F0BFF83E49394803F087F80A22396877
:10089000364803F0C5F83B4A42F20F711368EB1A71
:1008A0008B424FD938493148156003F076F8324B06
:1008B0000A222E48196803F0A4F834492B4803F0A3
:1008C0006CF8334B0A222948196803F09AF8314929
:1008D000264803F062F8304B0A222448196803F0D6
:1008E00090F82E49214803F058F81E4B0A221F4861
:1008F000196803F086F82A491C4803F04EF8294B82
:100900000A22294C1968194803F07BF8274917482F
:1009100003F043F80A226168144803F072F824498E
:10092000124803F03AF80A222168104803F069F8E7
:1009300020490E4803F031F81F4B0A220B48196872
:1009400003F06EF8012003F0DDF809B0BDE8F08F88
:10095000144A1A491368013313605BE784180024B2
:100960008C180024C8180024965F06081C30002448
:1009700090180024D818002480180024FC5F060872
:1009800024600608D4180024326006084D6006086A
:100990007C18002463600608C41800246D600608F3
:1009A00080600608CC18002494180024956006087E
:1009B000A0600608AC60060888180024C75F060817
:1009C000D0180024704710B504461C300AF0C8F94E
:1009D000204610BD10B504460AF0C2F9204610BDED
:1009E00010B504466C3007F021FB04F1480007F015
:1009F0001DFB04F1240007F019FB204607F016FB4D
:100A0000204610BD38B504460D461C22002120F0BA
:100A10003FF9204629460AF01FFA204638BD00005B
:100A200038B504463421FFF7EDFF352104F11C00F1
:100A3000254DFFF7E7FF432104F13800FFF7E2FF00
:100A4000632104F15400FFF7DDFF372104F170004A
:100A5000FFF7D8FF762104F18C00FFF7D3FF972131
:100A600004F1A800FFF7CEFF7F2104F1C400FFF7D7
:100A7000C9FF7A2104F1E000FFF7C4FF042104F16B
:100A8000FC00FFF7BFFF082104F58C70FFF7BAFFE9
:100A9000262104F59A70FFF7B5FF2A4640F6230198
:100AA00004F5A87006F054FF2A4640F6220104F52A
:100AB000E07006F04DFF2A4640F6010104F50C7087
:100AC00006F046FF204638BD0000C07F10B5044642
:100AD0001221FFF797FF862104F11C00FFF792FF18
:100AE000792104F13800FFF78DFF992104F15400BA
:100AF000FFF788FF422104F17000FFF783FF832195
:100B000004F18C00FFF77EFF822104F1A800FFF7BB
:100B100079FF332104F1C400FFF774FF0E2104F1C3
:100B2000E000FFF76FFF204610BD10B50446A4306B
:100B300007F0CCF904F1540007F0C8F9201D07F0C4
:100B4000C5F9204610BD10B5044600F58470FFF7C6
:100B5000ECFF2046FFF7E9FF204610BD10B5044624
:100B600000F59C7006F082FF204610BD2DE9F34190
:100B70004FF47A73002504464FF48072C56129460C
:100B800004F59C76058404F52677C0E90153224BD1
:100B900003602023C0E905358923283020F8063C6E
:100BA0004FF6FF7320F8043C20F8023C20F070F868
:100BB000C4F8285184F834517D22C4F82C511821EE
:100BC000C4F83051304606F0F3FE284602F04EFFDE
:100BD00005468D2002F04AFF80468A2002F046FF3B
:100BE000009043462A462146384600F0DDFB04F5D6
:100BF00033731C220021184620F04AF800220D21F0
:100C00000AF014F904E0304606F030FF1CF0FCFE58
:100C1000204602B0BDE8F081B862060837B506216B
:100C20004F4800F0D7F84F4A07214F4800F034FAF8
:100C300036214E48FFF7E6FE84214D48FFF7E2FEDD
:100C40006A214C48FFF7DEFE2F214B48FFF7DAFE02
:100C50004A48FFF78BFF4A4A4A4948480BF042FF8F
:100C60004948FFF7DDFE464A484947480BF03AFF3E
:100C70009B21474807F0BCF9A121464807F0B8F985
:100C80006721454807F0B4F92721444807F0B0F937
:100C9000002401253A4A42493D480BF023FF7B23BB
:100CA0007C2298213F48CDE9004500F04DF99A2378
:100CB00087222D213C48CDE9004500F045F90CE0A4
:100CC000354807F0B3F9334807F0B0F9304807F07A
:100CD000ADF91CF099FEF6E7F8E7294A33493148A7
:100CE0000BF000FF3248FFF7F1FE324800F004FA43
:100CF000314800F001FA7E213048FFF783FE30488A
:100D000000F0C8F91C2200212D481FF0C1FF01226C
:100D100019212B480AF088F8194A2A4928480BF06B
:100D2000E1FE1C22002128481FF0B2FF00221E21F4
:100D300025480AF07BF81C22002124481FF0A8FF58
:100D40001F2122480AF06DF80D4A21491E4803B0C0
:100D5000BDE830400BF0C6BE1248FFF7E6FEB8E72C
:100D60006C190024242300247419002488190024F9
:100D7000A4190024C0190024DC190024F819002447
:100D8000000000245D0B040864200024C509040849
:100D9000DC18002400190024241900244819002418
:100DA000E1090408541E00245C1F0024470B0408BA
:100DB000381D0024E01C0024341E0024381E0024AA
:100DC000E41C0024D5090408001D00241C1D002477
:100DD000C7090408014A01804260704724230024A7
:100DE000044B054A1A6001221A715A7100229A7145
:100DF000704700BF0423002440420F007047D0F822
:100E000004310133C0F80431704738B5044604306A
:100E100007F02EF8054604F1540007F029F823786E
:100E200040EA4500C4F8FC003BB903281ED1D4F8C1
:100E300000310133C4F8003107E0012B18D1D4F898
:100E4000F830032B04D10028F1D0C4F8F80038BDE5
:100E500013B90328F9D1EAE7022B05D10128F4D10F
:100E6000D4F80031013BE5E7012BEED10228F6E78B
:100E7000022BEAD1D4F8F83080EA0302032AE4D046
:100E80009842E2D083EA6003D4F8002113F0010312
:100E900008BF4FF0FF33D31ACCE70B6803604B68F1
:100EA00043608B6883607047C3680BB19B681847C9
:100EB000704710B50446FFF7F7FF204610BD10B489
:100EC000D0E9003409686210E4075DF8044B01EBD7
:100ED000020044BF8A58D35818470146043008B569
:100EE000FFF7EDFF08BD0000034A0346C26007C9D3
:100EF00083E80700704700BF5861060810B586B048
:100F000004460391684606A980E80C0001E90C003C
:100F1000204603A9FFF7E8FF204606B010BD37B50D
:100F20006C46054684E80C0094E80C00FFF7E6FFE9
:100F3000284603B030BD08B5FFF7CFFF08BD08B5A0
:100F4000FFF7F9FF08BD00002DE9F0470446061D34
:100F50008EB0154604F1540730469A469DF85C90D1
:100F600006F08EFF2946384606F08AFF04F1A408F1
:100F70005146404606F084FF002384F80090304636
:100F8000C4F80031C4F80431169BC4F8F43006F0FC
:100F90006FFF0546384606F06BFF002340EA450028
:100FA0003A4D214601936B460095C4E93E000CCBB7
:100FB0000AA8FFF7B4FF0AA9304606F0A5FF0AA861
:100FC000FFF777FFB9F1000F32D0002302952146D9
:100FD0000AA8039302AB0CCBFFF7A1FF0AA9304686
:100FE00006F0AFFF0AA8FFF764FFB9F1020F1FD1A7
:100FF0000023049521460AA8059304AB0CCBFFF708
:101000008EFF0AA9384606F07FFF0AA8FFF751FFB6
:10101000002306952146079306AB0AA80CCBFFF7E1
:101020007EFF0AA9384606F08CFF0AA8FFF741FFA9
:10103000BAF1FF3F10D0164B21460AA808930023AF
:10104000099308AB0CCBFFF76AFF0AA9404606F0EC
:101050005BFF0AA8FFF72DFF20460EB0BDE8F08722
:101060000AA8FFF726FF404606F030FF384606F094
:101070002DFF304606F02AFF1CF0C6FCF0E7EFE734
:10108000EEE7EDE7EFE7F1E7F3E700BF0B0E04084B
:10109000FF0D040870470000C0E90112054A012154
:1010A00010B5C2600022044C027404604174827462
:1010B00010BD00BF00093D0066660640074B0121D8
:1010C000074A59741A6007225A60064A9A60064A0B
:1010D000DA6000221A749A74704700BF0C2300244F
:1010E000666606402423002400093D00014800F004
:1010F00003B800BF2023002422230370704710B5DB
:10110000C36886B001228DF80F100DF10F01186829
:1011100003680092DC680DF11703A0479DF81700E3
:1011200006B010BDF8B5427A044603680E46CFB249
:101130009B680D0A62B939469847236860F3070631
:1011400029469B682046984760F30F26B0B2F8BD49
:1011500029469847236860F30F2639469B68204646
:10116000984760F30706F1E7C36813B5186803688A
:101170000092DC680B46A04702B010BD7047704774
:101180007047C36810B5044653B1186840B103688E
:101190005B6898470421E0680BF02AFF0023E360B6
:1011A00010BD10B5044618210BF022FF204610BDDB
:1011B000436873B599426D4604460E4685E80600BD
:1011C00005D18268019B534033F07F4311D0E3681F
:1011D00008219DF80420186807F069F9E368314692
:1011E000186807F082F90098A988AA7960602181BF
:1011F000A27202B070BD73B5C568044625B904205B
:101200000BF0C2FEE0600560E3681B6883B94FF035
:10121000FF3674200BF0B8FEB4F91430B4F9102086
:101220000546B4F91210009607F046FAE3681D600F
:1012300002B070BD742128460BF0DAFE1CF0E4FB0E
:1012400038B50A2002F026FC0546082002F022FCF0
:101250000446092002F01EFC094B0A4A012198822B
:1012600018461A60002259725A601A729A72DA602D
:101270001D825C82044A0549BDE838400BF032BC4F
:10128000242300246C610608000000248111040856
:10129000002070470268322313B50093946A40F22D
:1012A0001342A04702B010BD13B504680093134663
:1012B000A46A40F21342A04702B010BD13B5322316
:1012C00004680093A46AA04702B010BD00690368D7
:1012D0001B691847006903689B6918470069036820
:1012E0005B69184700690368DB681847012070478D
:1012F00070B504460D4616460499C5622286026AF8
:10130000002A08BF1A46436A002B18BF194602621A
:1013100041628069002807DB0121C0B202F036FC7F
:101320000021207E02F0B6FCE069002807DB0121E5
:10133000C0B202F02BFC0121207F02F0ABFC0023A5
:1013400020693246294684F828300368BDE8704099
:101350001B6A184710B50446006903685B6A984722
:10136000A069002807DB0021C0B202F093FC002135
:10137000207E02F00BFCE069002809DB0021C0B2EE
:1013800002F088FC207F0021BDE8104002F0FEBB87
:1013900010BD034690F8280018B1186903681B684F
:1013A000184701225A60704770B500254FF47A76CD
:1013B0008361049B456280F82850C0E90156034EC2
:1013C000C0E904120660C0E9073570BDA8610608CF
:1013D00010B504468069002807DBC0B2012102F085
:1013E00059FC206A08B102F08FFB012384F82830F1
:1013F00010BD10B5044600690368DB689847A3690F
:10140000002B07DB606A08B102F07EFB0021207E22
:1014100002F040FC002384F8283010BDC069002889
:1014200003DB0021C0B202F035BC7047C069002860
:1014300003DB0121C0B202F02DBC70470A4B002231
:101440004FF47A7101205A6283F82820C3E9012100
:1014500006491960064919611521C3E905011421DE
:10146000C3E90712704700BF3C230024A8610608A7
:10147000742C00240368C9B21B6818474900002374
:10148000C161C0F82C327047036801211B6B1847FB
:1014900010B403689C6B0123A4465DF8044B6047BD
:1014A000D0F82C32B3F5807F1FBF5A1CC0F82C2215
:1014B000C01880F82C1114BF01200020704770471D
:1014C000C0F830127047C0F834127047D0F8283195
:1014D0002BB1D0F82431184490F8200070474FF019
:1014E000FF30704738B5036804465B6A9847FC20B4
:1014F0000BF04AFDB4F91A20B4F91810054606F0AD
:1015000039FC656138BDFC2128460BF071FD1CF0EB
:101510007BFA38B5D0F82C321446054600F59670A3
:101520001A441844B2F5807F88BFC3F58074224600
:101530001FF0B0FAD5F82C3220462344C5F82C32DF
:1015400038BD38B5044640690D4608B106F02BFB9E
:10155000206920B12946BDE8384006F063BC38BD9B
:1015600007B581F0010100F596720091D0F82C3298
:10157000C169406906F02AFB002814BF0220002040
:1015800003B05DF804FB10B504460AF0CBFED4F8B6
:1015900028410AF0DDFE204610BD10B504460AF0D1
:1015A000C1FED4F82831BBB1D4F82831A3B1D4F8A6
:1015B0002431234493F82000D4F824310133DBB2E2
:1015C000C4F82431D4F82831013BC4F8283104464A
:1015D0000AF0BEFE204610BD4FF0FF34F8E710B50C
:1015E0000446406920B10368DB68984700236361C3
:1015F00023699BB1D4F838020BF0C1FFD4F838024C
:101600000CF021F8D4F8380210B103685B689847F1
:101610009C2120690BF0ECFC0023236110BD70B508
:10162000B2F5807FC2B083F00103044628BF4FF4B7
:10163000807202AE00934900154613464069324657
:1016400006F0E3FAC8B9A84218D0D4F82831B3F5A7
:10165000807F10D0D4F82031325C234483F82020DE
:10166000D4F820310133DBB2C4F82031D4F828316A
:101670000133C4F828310130E5E70025284642B09F
:1016800070BD70B50446C0B00025206906F0D3FBDC
:101690000328FAD8DFE800F05F021E1ED4F83432C7
:1016A00003B19847D4F82C32002BEED00AF03AFE62
:1016B00094F82C6204F59671684632461FF0EAF9F8
:1016C000C4F82C520AF044FE32466946206906F0FE
:1016D000B6FBDAE7F0226946206906F0AEFB064663
:1016E0000AF020FE0022C4F82051C4F82451C4F8A6
:1016F0002851B2421DDAD4F82831B3F5807F18D0D2
:10170000D4F82831B3F5807F11D0D4F820311DF8FA
:101710000210234483F82010D4F820310133DBB2C7
:10172000C4F82031D4F828310133C4F8283101320B
:10173000DFE70AF00DFE236820461B699847002862
:10174000A3DDD4F83062002E9FD0236820461B69A9
:101750009847B04799E702F0E7F996E70022C260A0
:101760007047000038B500254FF47A7304460183B2
:10177000428329464FF48072C0E901530A4BC0E905
:101780000455036020301FF083FAC4F82051C4F8D8
:101790002C522046C4F82451C4F83052C4F82851C1
:1017A000C4F8345238BD00BFFC61060810B50446C9
:1017B0000021FFF7D3FF204610BD10B4D0E900345C
:1017C00009686210E4075DF8044B01EB020044BFB6
:1017D0008A58D35818470146043008B5FFF7EDFF83
:1017E00008BD0000034A0346C26007C983E807003A
:1017F000704700BFDC61060810B586B0044603914F
:10180000684606A980E80C0001E90C00204603A9FF
:10181000FFF7E8FF204606B010BD37B56C46054619
:1018200084E80C0094E80C00FFF7E6FF284603B0BC
:1018300030BD00002DE9F0410368054688B00E4632
:101840005B6A98479C200BF09FFBB5F91A20B5F90D
:101850001810044606F0CCFA710020462C6106F000
:10186000E3FABC200BF090FB04460646234B04F140
:10187000400746F8043B3046FFF798FF0021384602
:101880000BF0F8FD04F1540840460BF091FD1C4BA1
:101890004FF4006218212046009300230BF064FEF1
:1018A000184B294604A8C5F8384202930023039335
:1018B00002AB0CCBFFF7B1FF04A920460BF0FEFEF4
:1018C00010E040460BF0B4FD38460BF0FCFD30460E
:1018D000FFF7EFFABC2120460BF08AFB1CF094F8CE
:1018E000F2E7F4E704A8FFF7E4FA08B0BDE8F081F6
:1018F0009C21F0E704A8FFF7DCFAEFE70C8106086B
:10190000E86106088316040808B5FFF764FF08BD00
:1019100008B5FFF7F9FF08BD10B50B2002F0BAF8C3
:1019200004460C2002F0B6F8214602460748FFF7AD
:1019300019FF162217210648FFF714FF7B227C218E
:101940000448BDE81040FFF70DBF00BF702300241E
:10195000AC250024E82700240020704700207047B1
:1019600030B5A1F11004002500F00F02CD7302394B
:101970000009D3B2092ACCBF373330330B748C4201
:10198000F2D130BD2DE9FF470024061D05468A46E9
:1019900090469946009423464FF0FF32B1213046DD
:1019A000CDE9014406F0A6FC29682846DDE90C23B0
:1019B000CDE9002342464F694B465146B847009453
:1019C00023464FF0FF32C1213046CDE9014406F0F5
:1019D00091FC204604B0BDE8F0872DE9D04F9B462E
:1019E0000368924604469B6ADDE9088998470246E7
:1019F0000B46504659461CF0A9FB134302D0002069
:101A0000BDE8D08F236820469B6A984702460B4664
:101A1000404649461CF09AFB1343F0D11AEB0806E6
:101A2000236820464BEB09079B6B9847B94208BFD8
:101A3000B0422CBF01200020E2E701682DE9F0410F
:101A400014461D46096B0646884702460B4620464B
:101A500029461CF07BFB134302D00020BDE8F08137
:101A6000DDE906233046A71845EB030817F1FF32DE
:101A70003368196B48F1FF33884702460B463846F6
:101A800041461CF063FB1343E7D1336830469B6B40
:101A90009847414508BFB8422CBF01200020DDE730
:101AA0002DE9D04F9B460368924604465B6ADDE908
:101AB0000889984702460B46504659461CF046FB9B
:101AC000134302D00020BDE8D08F236820465B6A14
:101AD000984702460B46404649461CF037FB1343E5
:101AE000F0D11AEB0806236820464BEB09079B6BE5
:101AF0009847B94208BFB0422CBF01200020E2E75E
:101B0000C2207047244830B5037887B0BFF35B8F9D
:101B100013F001041CD10AF0F5FFC8B11F4B662277
:101B20003B211F48CDE903435A23CDE901323D2330
:101B30003C22009357230CF08FFF194C194B164889
:101B400023600BF001F8184A204618490AF0CAFF32
:101B500013480DF0BBF9164D1A22002329461048F0
:101B6000CDE9002300230022FFF70CFF2B78044669
:101B7000B52B04D10F4B01221D600F4B1A70084882
:101B80000DF000F8B4FA84F0400907B030BD024807
:101B90000BF0E2F91BF038FF482A0024005A6202D9
:101BA000502A00245462060800000024691D04081D
:101BB000582C0024040000244C2A002410B50446AC
:101BC0000DF020FE2146FFF7CBFE0DF021FE04F1C3
:101BD0001001FFF7C5FE0DF021FE04F12001FFF713
:101BE000BFFE302010BD000008B54DF6597200212F
:101BF000074814F059F8BFF34F8F0649064BCA68DF
:101C000002F4E0621343CB60BFF34F8F00BFFDE7E8
:101C1000242A002400ED00E00400FA0510B5044673
:101C2000FFF742F9204610BD064B10B5044603608D
:101C3000806A08B109F07AFD201DFFF7EFFF20460A
:101C400010BD00BFE86E060800B5C3B0162217210C
:101C500003A806F08FF84FF4A17302AA1021ADF883
:101C60000830002303A80093022305F0AFFF03A868
:101C7000FFF7DAFF43B05DF804FB03A8FFF7D4FFDA
:101C80001BF0C2FE1D4B01211D4AA62070B51A6033
:101C900001F0C6FF0121A62002F042F8FFF7D4FFB1
:101CA000184B43F2D2021A60FFF72CFF164B1B7839
:101CB00033B1164B1B689A8840F209439A421BD8ED
:101CC000134B9B6D03F46043B3F5004F14D001F048
:101CD000FBFE104D044601F009FF064601F006FF29
:101CE000801BA842FAD901F0EFFE001B642803D044
:101CF000BDE8704018F0ACBE70BD00BF242A0024BF
:101D000000400058004000524C2A002404000024E7
:101D1000004402589F86010010B50446FFF784FF77
:101D2000FC2120460BF064F9204610BD38B5074B66
:101D30000546044645F8BC3B0CF024FF28460BF052
:101D400077FB201D06F016FB204638BD3C8D0608AB
:101D500010B50446FFF7EAFF4FF4027120460BF07E
:101D600047F9204610BD0000034B10B50446036040
:101D7000FFF7DCFF204610BD5462060810B504468C
:101D8000FFF7F2FF4FF4027120460BF031F92046C5
:101D900010BD70B590F8343105461446F3B90368A8
:101DA000DB69984704F4706304F00F02B3F5407FD9
:101DB00004F0F0030CBF07210821302B0CBF0223D5
:101DC0000123012A08D0901E42424241A869BDE881
:101DD0007040006806F098BD0222F7E770BD10B5AC
:101DE00090F8343104462BB9A369186806F0D0FD89
:101DF0000028F9D010BD38B590F834510446A5B983
:101E000083695BB1186848B10368DB689847A369C8
:101E100004211D60A0690BF0EBF8A5610023C4F854
:101E20002831C4F82C31C4F8303138BD13B590F8DE
:101E3000343104466BBBA369186806F07DFD40B3DE
:101E40000AF070FAA36901220DF10701186803680E
:101E50005B699847D4F83031B3F5807F16D0D4F859
:101E60003031B3F5807F11D0D4F828319DF80720A8
:101E7000234483F82820D4F828310133DBB2C4F896
:101E80002831D4F830310133C4F830310AF060FA27
:101E9000D1E702B010BD000008B590F834313BB175
:101EA000012001F02FFE0648BDE8084001F059BAB4
:101EB00082691AB11368003318BF0123184608BDA0
:101EC000E836002470B504460D4601F04AFA30B1F8
:101ED0002368294620461B6CBDE87040184770BD3A
:101EE000A0F59860EEE7000013B590F83431044691
:101EF0008DF807102BB1C9B20B48FFF7E3FF02B012
:101F000010BDA369186806F043FD0028F9D0A36945
:101F100001220DF10701186803681B699847013019
:101F200018BF0120EBE700BFE83600242DE9F0419F
:101F300007468846164601F014FA80B10024A642EE
:101F40000ED9351B08EB04013846B5F5007F28BFD4
:101F50004FF400752A462C4400F044FFEFE7044696
:101F60002046BDE8F081A0F59860DFE770B590F8F5
:101F7000343105460E4614462BB10F48FFF7D6FF05
:101F80000446204670BDAB69186806F001FD0028C4
:101F9000F9D0AB6901211868D0F8883088301B6B04
:101FA0009847AB6922463146186803681B69984711
:101FB000013008BF0024E4E7E836002430B50446C9
:101FC000C3B001F0B9F90546D4F8D835C3F580732C
:101FD000984203DDD4F8D855C5F580752A4601AB83
:101FE00002A9204600F0F5FF019902AB00226D1A0C
:101FF0001D44D4F8D835B3F5807F19D08A4217D064
:10200000D4F8D835B3F5807F10D0D4F8D035A85C9B
:10201000234483F8D004D4F8D0350133DBB2C4F8BC
:10202000D035D4F8D8350133C4F8D8350132E0E7DB
:1020300043B030BD38B5044600F0BCFB2046FFF786
:10204000BDFFD4F8D855204600F0BCFB284638BD6B
:10205000A0F59860EEE7000010B590F83431044622
:102060002BB10648FFF7E6FF0446204610BD0AF0F4
:1020700059F9D4F830410AF06BF9F6E7E836002454
:1020800038B5044600F096FB2046FFF797FFD4F8DA
:10209000D8354BB1D4F8D435234493F8D0542046E6
:1020A00000F090FB284638BD4FF0FF35F7E7A0F56C
:1020B0009860E5E710B590F8343104462BB10B4831
:1020C000FFF7DEFF0446204610BD0AF02BF9D4F8D6
:1020D00030313BB1D4F82C01044494F828400AF084
:1020E00037F9F0E74FF0FF34F9E700BFE836002496
:1020F00038B5044600F05EFB2046FFF75FFFD4F8DA
:10210000D835A3B1D4F8D435234493F8D054D4F8B7
:10211000D4350133DBB2C4F8D435D4F8D835013B1B
:10212000C4F8D835204600F04DFB284638BD4FF0A6
:10213000FF35F7E7A0F59860DAE7000010B590F8F2
:10214000343104462BB11148FFF7D2FF0446204634
:1021500010BD0AF0E7F8D4F830319BB1D4F82C3137
:10216000234493F82800D4F82C310133DBB2C4F8AF
:102170002C31D4F83031013BC4F8303104460AF038
:10218000E7F8E4E74FF0FF34F9E700BFE836002452
:1021900008B54FF4807200211EF07AFD0022C0F8CD
:1021A0000021C0F80421C0F8082108BD10B4D0E90E
:1021B000003409686210E4075DF8044B01EB02008B
:1021C00044BF8A58D35818470146043008B5FFF772
:1021D000EDFF08BD034A0346C26007C983E8070054
:1021E000704700BFA462060810B586B0044603918C
:1021F000684606A980E80C0001E90C00204603A906
:10220000FFF7E8FF204606B010BD37B56C4605461F
:1022100084E80C0094E80C00FFF7E6FF284603B0C2
:1022200030BD000070B590F8343186B004460E46DB
:10223000002B3BD1856925B904200AF0A5FEA061D9
:102240000560A369186850BB8C200AF09DFE3346D8
:10225000B4F922200546B4F9201006F081FEA369E6
:102260001D60B4F92420531C06D0A0690321B4F9E1
:102270002630006806F084FEA3691D68B5B1114BD5
:102280000026214602A800936B4601960CCBFFF76F
:10229000BCFF324602A9284606F0E8FB03E03146BF
:1022A00006F01FFBDDE702A8FEF703FE06B070BDD7
:1022B0008C2128460AF09CFE1BF0A6FB02A8FEF724
:1022C000F8FDF9E72D1E040808B5FFF77DFF08BDEE
:1022D00008B5FFF7F9FF08BD2DE9F84300242D4D9F
:1022E0004FF47A782C4F202605F128002F60EC61FE
:1022F000C5E90148C5E90564FFF74AFF01230E203F
:1023000085F8343101F0C6FB244D81460D2001F0E3
:10231000C1FBA5F820904FF6FF79688405F12800ED
:102320002F60EC61A5F82490A5F82690C5E9014836
:10233000C5E90564FFF72CFF85F834410F23184DDC
:102340002B84562305F128002F606B845823EC6101
:10235000AB845923C5E90148EB84C5E90564FFF75F
:1023600017FF85F8344198230E4D2B84992305F1EE
:1023700028002F60EC616B84A5F82490A5F82690C6
:10238000C5E90148C5E90564FFF702FF85F8344156
:10239000BDE8F8831C300024B8620608742C0024C1
:1023A000AC2D0024E42E00240020704770477047B5
:1023B00010B5D0F88C452CB123682046DB6A9847CD
:1023C000A468F8E710BD38B50D46D0F88C4534B197
:1023D000236820462946DB689847A468F7E738BD9C
:1023E0000048704778630608054B10B50446036043
:1023F00008F03BF8204608F049F9204610BD00BF20
:10240000F862060810B50446FFF7EEFF4FF4B2611C
:1024100020460AF0EDFD204610BDF7B50023054625
:102420000E46D0F88C45A4B1236831460DF1030265
:1024300020461F6901ABB8479DF8031003460429E5
:1024400005D0019A284607F01FFB03B0F0BDA46831
:10245000E9E7019A9DF80310F4E770B505460E46CA
:1024600022B10021BDE8704007F01AB9D0F88C45C0
:102470005CB123680022314620465B69984710B161
:1024800001212846EEE7A468F2E72146F9E770B596
:102490000E460546D0F88C4500213CB123683146F4
:1024A00020469B699847A4680146F6E72846BDE8A0
:1024B000704007F0E9B9F8B505460E461746D0F862
:1024C0008C453CB1236820463A463146DB69984743
:1024D000A468F6E728460121BDE8F84007F032BAC3
:1024E00070B5002186B0044607F019FC00234FF4B4
:1024F0008975A188EF26ADF806302389ADF8045020
:1025000002258DF810301B0AE2888DF8113040F258
:1025100001238DF80750ADF8123040F203138DF807
:1025200009500125ADF8143004F10A038DF8086054
:1025300005AE8DF80A501C468DF80C1001AD090A45
:102540008DF80E20120A8DF80B008DF80D108DF805
:102550000F202A46083303CAB24243F8080C43F856
:10256000041C1546F5D1128820461A8006B070BDAD
:10257000F8B5002406460D46274630461FF080F881
:10258000A04207D9335D05F8143005EB440301344C
:102590005F70F2E7400000F0FE00F8BD38B5044679
:1025A000D0F88C5535B12B6828465B6A984710B92E
:1025B000AD68F7E7284640F2023304F24A51A4F826
:1025C0004835FFF7D5FF94F84835184484F8480596
:1025D00004F5A96038BD000040F2023300F20A5150
:1025E00010B50446A0F808350548FFF7C1FF94F878
:1025F0000835184484F8080504F5A16010BD00BF33
:10260000E462060840F2023310B50446A0F8C8346C
:1026100000F2CA40FFF7D2FA94F8C834184484F89C
:10262000C80404F5996010BD2DE9FF4100231D4A3F
:10263000044600F54E788DF80A30092590F8883563
:102640000192FA228DF8083001238DF80C208DF8C4
:102650000930C0238DF80B3001AB03CBC4F838032D
:10266000C8F8041088F80820D4F88C658EB1336857
:10267000002130469B689847478805F54E7300F166
:102680000901093FE0183A463D441EF003FAB668D6
:10269000ECE784F83A5340462D1284F83B5304B0DB
:1026A000BDE8F0810902FFFF73B504460D461646EA
:1026B00016F032FC4FF4807301462A462046009300
:1026C000334607F09FFF024B2046236002B070BDE7
:1026D000F862060810B5D0F88C350446A3B9C0F8E6
:1026E0008C1594F8883508464A790B7194F888352A
:1026F000134484F888350B689B6A984723891844EB
:102700002081012010BD13469A68002AFBD19960F0
:10271000E7E71FB5044607F0FDFA0146684606F0F4
:10272000F7FC4021684606F065FDD4F88C4534B1CD
:102730002368694620461B6A9847A468F7E76846FD
:1027400006F0EDFC04B010BD684606F0E8FC1BF096
:102750005BF910B50446FFF7DCFF2046BDE81040EA
:1027600007F0BFBA0F4808B50378BFF35B8FDB07EC
:1027700011D40AF0C7F970B140F25B2242F2413144
:102780000948FFF791FF07480AF0DEF9074A0849B0
:1027900005480AF0A7F9044808BD02480AF0DCFB26
:1027A0001BF032F954310024583100240000002479
:1027B000E923040810B5FFF7D5FF0368BDE8104012
:1027C0005B6F184710B5FFF7CDFF0368BDE81040F9
:1027D0009B6F184710B5FFF7C5FF0368BDE81040B1
:1027E000DB6F184706F03CBE06F050BE06F028BE70
:1027F000704770477047436A93F878007047D0F885
:10280000A40470470120704700487047E46406083C
:102810002DE9F04794B004460F464B22002101A851
:102820001EF036FA2679D4F8A434751C94F80E906C
:10283000002B94F80C80EDB294F80DE014BF052045
:102840000020002F40F0938040F2092309218DF8E9
:102850001D0042F20540ADF804304FF481738DF84D
:1028600015100121ADF808308023ADF81E001020AE
:102870008DF80B3032234FF0040A24278DF80C30EA
:1028800008234FF0030C4B228DF80D300B238DF8ED
:1028900019101D348DF80E3040F202238DF81C10F3
:1028A000ADF8103002238DF8210005208DF822109C
:1028B0008DF825108DF8271006218DF806208DF84B
:1028C0000F608DF812308DF817608DF81A308DF882
:1028D0001B308DF823008DF826C08DF82A308DF836
:1028E0002B108DF82C008DF816A08DF824708DF823
:1028F00028A08DF829708DF82D708DF82E100721E5
:102900008DF82F6041F202068DF831108DF84110DC
:1029100040F207518DF83050ADF8366040F209466C
:102920008DF83A5040F602258DF832008DF84200BD
:102930002046ADF848100DEB0A018DF833908DF864
:1029400034C0ADF83860ADF83C508DF843808DF858
:1029500044308DF846308DF84AE08DF84B308DF8D4
:102960004D301EF097F8204614B0BDE8F0870020E7
:10297000FAE700000A4B10B504460360FFF7F2FEC9
:1029800007F073FD04F5247006F0CEFC04F17C0022
:1029900006F0CAFC04F1700006F0C6FC204610BD2B
:1029A000A464060810B50446FFF7E4FF4FF49561F0
:1029B00020460AF01DFB204610BDFFF70BBF0000AC
:1029C000034B10B50446036006F06AFB204610BDB9
:1029D000C063060810B50446FFF7F2FF2821204621
:1029E0000AF006FB204610BD034B10B504460360F9
:1029F00006F056FB204610BD9063060810B504464D
:102A0000FFF7F2FF342120460AF0F2FA204610BD0B
:102A1000034B10B50446036006F042FB204610BD90
:102A2000A863060810B50446FFF7F2FF38212046D8
:102A30000AF0DEFA204610BD38B51E4B0D4604469E
:102A40004FF400721968C0F80F1099889B79A0F8AC
:102A5000131002214375284606F0C2FB4FF40072A2
:102A600020730221284606F0C0FB4FF40072607309
:102A70000321284606F0B4FBA073284606F050FB5D
:102A800020B9AF220C490D4809F054FB04F185022E
:102A90000023C4F8882204F2992284F8783084F85C
:102AA0008430C4F88C3284F89832C4F89C24C4F87A
:102AB000A03438BDDC6306087F6406088A64060813
:102AC0002DE9F34104460E461546FFF783FEF288D2
:102AD00023799A4237D1002D35D17778012F2ED125
:102AE000F378202B27D13289072A24D104F10F084B
:102AF00004F11605404629461DF09AFFD0B1D4F8DE
:102B00001630C4F80F30638B207CE17BA4F81330BF
:102B100001EB0021E57C607C237F01EB0041009507
:102B2000A07C2568637501EB0061237D2046627DF2
:102B30006D6BA8473D46F378212B08BF0125284639
:102B400002B0BDE8F0810025F9E710B50446FFF7B3
:102B500041FEFFF707FE217B07F024FB04F185030C
:102B600004F17C00C4F888320023C4F88C3284F865
:102B7000843006F08EFB94F884302BB9236820460D
:102B8000DB6BBDE81040184710BD000070B504466F
:102B9000FFF720FED4F8A0542DB140F2DD120F490A
:102BA0000F4809F0C7FA04F29923C4F89C34FFF7E0
:102BB000D9FD617B07F054FA84F89852C4F8A00458
:102BC00004F5247006F065FB94F898322BB923685D
:102BD00020469B6BBDE87040184770BD7F640608B7
:102BE000E863060802232DE9F041437100230446FF
:102BF000054683609046144B04F17C0645F8703B13
:102C0000284606F039FB304606F036FB04F52477FB
:102C1000384606F031FBC4F8A484FFF7A3FD214633
:102C2000FFF758FD0CE0384606F07EFB304606F014
:102C30007BFB284606F078FB1AF0E6FEF6E7F8E79D
:102C40002046BDE8F08100BFA464060870B50446C4
:102C50000D46FFF7BFFD84F87850002D3ED194F863
:102C6000843033B1FFF77EFD217B07F073F884F8E1
:102C7000845004F1850304F17C0600253046C4F835
:102C80008832C4F88C5206F004FB304606F0FAFA9B
:102C900028B94FF4A2721449144809F04BFA94F879
:102CA000983233B1FFF75EFD217B07F053F884F8CB
:102CB000985204F2992304F52475C4F89C34002337
:102CC0002846C4F8A03406F0E4FA284606F0DAFAFA
:102CD00020B94FF4A77204490548DEE704F17000FB
:102CE000BDE8704006F0D5BA7F640608F6630608B2
:102CF0000764060810B50446FFF76CFD0021204666
:102D0000BDE81040FFF7A2BF38B50D460446FFF7F7
:102D100061FD042D05D020460021BDE83840FFF7B5
:102D200095BF38BDF8B5164604460D461F46FFF759
:102D300051FD0423EA88337023799A4225D16978BA
:102D4000012922D1EA78212A08D0222A0BD0202A70
:102D50004FF000001BD13070163401E00F34317099
:102D600007203C60F8BDAB88204613F0010308BF84
:102D70001946FFF76BFFAB8803F00103E366AB88EE
:102D800003F00203A366022333700020EAE7032363
:102D90003370E7E710B58AB00446FFF70BFD6846CD
:102DA00006F06EF90D4B694604F17000009309942A
:102DB00006F087FA2046FFF705FD094B002168461B
:102DC0001A6806F023F96846FFF7FAFD0AB010BD4D
:102DD0006846FFF7F5FD1AF017FE00BFC06306084E
:102DE000E463060870B58EB004460E461546FFF73C
:102DF000E1FC01A806F044F9114B01A904F17C00A3
:102E0000019300230C958DF83430CDE90A4606F085
:102E100058FA2046FFF7D6FC0A4B002101A81A6891
:102E200006F0F4F804E001A8FFF7DEFD1AF0ECFD6F
:102E30009DF8344001A8FFF7D7FD20460EB070BDC5
:102E400090630608E463060810B50446FFF7C2FC69
:102E500094F884307BB9D4F88C3263B1FFF782FCEC
:102E6000D4F88C3204F18502217B07F039F910B1D6
:102E7000012384F8843010BD2DE9F8431E46044632
:102E8000894690469DF82070FFF794FC002333603C
:102E900094F87830E3B194F88430CBB9D4F88C52FC
:102EA000C5F50075454528BF4546B8F1000F05D06A
:102EB0002A464946D4F888021DF0ECFDD4F88C323D
:102EC0002B44C4F88C32356017B12046FFF7BCFFA5
:102ED0002046BDE8F843FFF775BCF0B50446406AEC
:102EE00085B0012690F878502DB984F830503546D9
:102EF000284605B0F0BD04AB0027D4E90A1243F818
:102F0000047D0096FFF7B8FF0399E36AA26A5B1A93
:102F10000A44E362A26213B984F83060E8E7606AA9
:102F20003D46FFF791FFE3E72DE9F0431C4691B0E2
:102F3000054689469046FFF73DFC002C4FF0000601
:102F400002A806BF01AC01270027266006F098F80A
:102F5000134B02A905F5247002938DF83C708DF88F
:102F60003D60CDE90B59CDE90D8406F0AAF928465C
:102F7000FFF728FC0B4B314602A81A6806F046F80A
:102F800004E002A8FFF744FD1AF03EFD9DF83D4025
:102F900002A8FFF73DFD204611B0BDE8F08300BF59
:102FA000A8630608E463060810B5D0F8A034044608
:102FB00073B990F898325BB9FFF7D4FB4FF4007304
:102FC00004F29922617B06F0EDFF012384F8983228
:102FD00010BD70B504461E4600230846336094F8C1
:102FE0007830EBB194F89832D3B9D4F8A054D4F82F
:102FF0009C14954228BF15462A461DF04BFD3560AE
:10300000D4F89C34D4F8A0242B44551BC4F89C3429
:10301000C4F8A05425B92046BDE87040FFF7C4BFEE
:1030200070BD37B50446406A90F878502DB984F8E1
:1030300035500125284603B030BD02AB002243F8CD
:10304000042DD4E90A12FFF7C4FF0199A26A0A44C9
:10305000A262226B13680B4413600199E36A5B1A46
:1030600094F83410E36209B9126802B91BB901235C
:1030700084F83530DEE7606A0025FFF795FFD9E771
:1030800010B50446FEF792FB204610BD10B4D0E9FF
:10309000003409686210E4075DF8044B01EB02009C
:1030A00044BF8A58D35818470146043008B5FFF783
:1030B000EDFF08BD034A0346C26007C983E8070065
:1030C000704700BFD063060810B586B00446039170
:1030D000684606A980E80C0001E90C00204603A917
:1030E000FFF7E8FF204606B010BD37B56C46054631
:1030F00084E80C0094E80C00FFF7E6FF284603B0D4
:1031000030BD0000F0B58BB00546FFF763FB06ACA1
:10311000FFF728FBAF7B064600212046FFF7B0FFF4
:10312000009403234FF400723946304607F000FA4A
:103130002046FDF7BEFEFFF715FB234B06462F7B0F
:103140000293002329462046039302AB0CCBFFF7E2
:10315000CCFF009402234FF400723946304607F04A
:10316000E7F92046FDF7A5FEFFF7FCFA174B0646E8
:103170006F7B0493002329462046059304AB0CCBB8
:10318000FFF7B3FF009402234FF400723946304634
:1031900007F0CEF906E02046FDF78BFE1AF034FC6E
:1031A000F9E7F8E72046FDF784FEFFF7DBFA4FF476
:1031B0000073D5F89C24697B06F0F4FE012085F8A5
:1031C00098020BB0F0BD00BF4B2B04088D2B0408F8
:1031D00008B5FFF769FF08BD08B5FFF7F9FF08BD9F
:1031E0006FF01500704700290CBF6FF01800002029
:1031F0007047012070476FF0150070476FF01500A1
:1032000070471120704770477047704703689B6C88
:103210001847A0F59860F9E7704770477047704706
:1032200010B50446012000F06DFC94F8780010BD44
:10323000A0F59860F4E7000038B54FF0FF320123A5
:10324000FF210B480AF072F80A4D00F03DFC0446DD
:1032500095F878301BB1012000F054FCF8E700F03D
:1032600033FC001BC728F6D9BDE83840FEF7BCBCCC
:10327000203D0024E836002407B502AB012243F8C4
:10328000041D1946FFF7AEFD18B1019803B05DF8B3
:1032900004FB4FF0FF30F9E7A0F59560FFF7ECBFB6
:1032A00007B5002302A9012201F8013DFFF73CFE0A
:1032B00020B19DF8070003B05DF804FB4FF0FF302C
:1032C000F9E7A0F59560FFF7EBBF2DE9F843044659
:1032D000884617461E46089DFFF77CFAD4F8F095FD
:1032E000B9F1000F04D02B46324639464046C84754
:1032F000C4F8E085C4F8E475C4F8E865C4F8EC5592
:10330000BDE8F883B0F5966F03D10121014809F0BB
:10331000EFBF7047203D0024006870470C307047B5
:1033200008B5FFF7FBFF0023036008BDCB68C3604F
:103330000BB15B681847704738B50546FFF73AFA96
:1033400095F898325BB9D5F8A044B4F5007F28BF52
:103350004FF400742846FFF735FA204638BD0024A4
:10336000F8E790F878007047114B03F1780270B5D8
:1033700003600446C0F8A82400F2F45603F1D80212
:1033800000F23465E833C0F8AC24C0F8C034AE4273
:1033900004D0103D2846FDF78CFDF8E704F5956054
:1033A00008F04AFB2046FFF7E5FA204670BD00BF53
:1033B000BC650608A0F59560FFF7D6BFA0F2AC404B
:1033C000FFF7D2BF10B50446FFF7CEFF4FF4C76139
:1033D000204609F00DFE204610BDA0F2AC40FFF7DC
:1033E000F1BFA0F59560FFF7EDBF00002DE9F743B1
:1033F00004461E468846154615F08EFDBDF82C3055
:1034000004F59567014601932A46BDF82830204609
:1034100000933346FFF7E6FB0021384608F0E2FA56
:103420004FF47A73002504F2F45904F59A60C4F855
:10343000C8342946204B4E46C4F8C45403F17802E0
:103440002360C4F8A82403F1D802E833C4F8AC24FC
:103450004FF48072C4F8C0341DF01AFCC4F8D05583
:10346000C4F8D455C4F8D85504F234653046103643
:10347000FEF79CF9B542F9D10023C4F83436C4F8FC
:10348000F035B8F1000F13D02046FFF783FC0FE0B2
:103490004D4504D0103D2846FDF70BFDF8E73846B2
:1034A00008F0CAFA2046FFF765FA1AF0ADFAF9E714
:1034B000204603B0BDE8F083BC650608884238B5F5
:1034C000044606D00D46FDF7EFFC20462946FFF7DF
:1034D0002DFF204638BD08B5FFF720FF00680030FB
:1034E00018BF012008BD000010B50446FFF7F3FF28
:1034F00028B940F202220649064808F01BFEE0689F
:10350000FFF70AFF03462046BDE81040184700BFFA
:103510009D650608A8650608F8B506460025FFF76C
:1035200059F906F2F454D6F83436AB420AD920469B
:103530002746FFF7D0FF103420B138460135FFF79A
:10354000D3FFF0E7F8BD0000044BC36003460A68F0
:1035500043F8042B002242605A6070470865060851
:1035600013B50446019121B9FFF7DAFE204602B0F7
:1035700010BD01A9FFF7E8FFF8E710B4D0E9003467
:1035800009686210E4075DF8044B01EB020044BFD8
:103590008A58D35818470146043008B5FFF7EDFFA5
:1035A00008BD0000034A0346C26007C983E807005C
:1035B000704700BFFC64060810B586B0044603914E
:1035C000684606A980E80C0001E90C00204603A922
:1035D000FFF7E8FF204606B010BD37B56C4605463C
:1035E00084E80C0094E80C00FFF7E6FF284603B0DF
:1035F00030BD00002DE9F04188B00446FFF7DAF84D
:10360000384B2046C4F8F035FFF7DCF8364B04A8F9
:10361000214602930023039302AB0CCBFFF7DDFF9F
:103620002046FFF7C7F8D4F83406032803D920460C
:10363000FFF7C8F80AE0431C04EB001004A9C4F823
:10364000343600F2F450FFF739FFF0E704A8FDF735
:1036500030FCBC2009F098FC05460646234B05F1DA
:10366000400746F8043B3046FEF7A0F800213846F4
:1036700009F000FF05F15408404609F099FE1C4B83
:103680004FF48072182128460093002309F06CFF44
:10369000184904A8C4F8DC55FFF762FF04A92846BE
:1036A0000AF00CF810E0404609F0C2FE384609F076
:1036B0000AFF3046FDF7FDFBBC21284609F098FCC7
:1036C0001AF0A2F9F2E7F4E704A8FDF7F2FB2046AE
:1036D000FEF774FC08B0BDE8F08104A8FDF7E9FB33
:1036E000EEE7FAE705330408BD1F04080C8106085D
:1036F0001465060839320408A0F59860FFF77ABF10
:103700000368184708B5FFF7FBFF08BD08B5FFF7CA
:1037100042FF08BD08B5FFF7F9FF08BD37B50F4CEC
:103720000F4D204609F0D4FD2A460E49204609F0E7
:10373000D9F942F2120301220B4CCDE900320022EA
:103740004FF4F85320461146FFF750FE2A4607492A
:10375000204603B0BDE8304009F0C4B9203D002444
:1037600000000024F7D20408E83600246933040876
:1037700008B51BF0F1FD2DE9F04F027D85B005463F
:103780000E46012A40F08E8000214FF0FF3B044698
:103790000B465F4694F804C048B2BCF1000F73D1E9
:1037A00094F805C0BCF1000F6ED1B7F1FF3F17BF11
:1037B0000133012338465BB2934201DD1A4683464A
:1037C0000131023408295DD1002402EB0B03A1462C
:1037D0000293CB4502DC029B4B4558DC95F80580F3
:1037E00095F804A04FEA281708F00F080AF00F0315
:1037F0005FEA2A1AFAB201926FD05FFA8AF1BAF13F
:10380000090F30460393D4BF3031573100F0C9F867
:10381000039B0444092B3046039394BF03F130010A
:1038200003F1570100F0BDF80444BAF1000F02D1D2
:10383000039B03B94FB1092F019F3046D4BF3037E6
:103840005737F9B200F0ADF80444B8F1090F30462B
:1038500094BF08F1300108F1570100F0A2F8B9F166
:10386000070F044404D03A21304600F09AF804448B
:1038700009F101090235B9F1080FAAD1204605B0B6
:10388000BDE8F08F074685E74FF0FF3098E7CB455E
:10389000EED1BBF1000FE6D13A21304600F081F8BD
:1038A0000444E0E700F1100700F11309002417F8C1
:1038B000011B0A22304600F0B1F880462E21304626
:1038C00000F06FF8B94540440444F0D10A22E97C85
:1038D000304600F0A3F80444D0E7002B9AD1A9E7C2
:1038E000054B102210B50446036001750021043019
:1038F0001DF0CEF9204610BDD866060870B5074DFC
:103900008374056000259DF810300575456085605D
:10391000C56001744274C37470BD00BFD8660608E8
:1039200007B501210648FFF7DBFF002305481A46CB
:1039300019460093FFF7E2FF03B05DF804FB00BFF8
:10394000343D00244C3D00242DE9F04106460D464F
:1039500001EB02080C464445A4EB050707D0336889
:10396000304614F8011B1B6898470028F3D13846ED
:10397000BDE8F08170B5044608460D461DF080FE96
:1039800023680246294620465B68BDE87040184718
:1039900009B1FFF7EFBF0846704708B5FFF7F8FF1A
:1039A00008BD03681B6818470149FFF7E3BF00BF64
:1039B000CAB2060838B50546FFF7EAFF04462846AE
:1039C000FFF7F2FF204438BD70B58AB00D460023E2
:1039D000012A98BF0A220AA901F8043DB5FBF2F4B6
:1039E00002FB14562546F3B2092E94BF3033373309
:1039F000DBB201F8013D002CF0D1FFF7C9FF0AB09E
:103A000070BD10B42AB90368C9B25DF8044B1B68D5
:103A10001847D2B25DF8044BFFF7D6BFFFF7F1BFEE
:103A200038B50546FFF7EDFF04462846FFF7BCFF13
:103A3000204438BD10B500F069F80A4CFEF722F9B1
:103A4000FEF790FEFEF785FE4FF4E1310648FFF7E2
:103A5000D1FDFCF7FFFCFCF79FFD002CFBD0AFF382
:103A60000080F8E700000000E836002470B5054645
:103A70000024074EFEF744F8E3B2984206D91846F0
:103A80001B010134F35EAB42F4D170BDFF20FCE7B3
:103A90000800002410B50446FEF732F884423BBF0C
:103AA0002401024B4FF0FF30185F10BD08000024C6
:103AB00010B5044605F000F9204610BD10B50446C7
:103AC00005F0FAF8204610BD07B50749684605F02D
:103AD00030F94FF47A720023DDE900011AF0E6FABA
:103AE00003B05DF804FB00BF683D002407B504493E
:103AF000684605F01EF9009803B05DF804FB00BFAE
:103B0000803D002409F0E6BC09F0BEBB08B50448BE
:103B100005F0DCF80348BDE8084005F0D7B800BF61
:103B2000803D0024683D002409F0E4BC38B50A4C0F
:103B30000A4D204605F03AF92046094C2A46094923
:103B400008F0D0FF204605F03CF92A4620460649F9
:103B5000BDE8384008F0C6BF803D002400000024C6
:103B6000683D0024BD3A0408B13A040870B5044623
:103B70000D46164600211C221DF08AF820463246CA
:103B8000294607F051F9204670BD00002DE9F041AB
:103B900004460E46FDF7B4FF84423CD21F4D270178
:103BA000EA19D06810B11C2109F022FA2046FFF76B
:103BB00071FF80461C2009F0E7F9044600211C2211
:103BC0001DF066F84146204607F02BF9EB19012E4F
:103BD000DC6010D006D3022E12D0204603F09BFFEB
:103BE000022103E0204603F096FF00212046BDE8B5
:103BF000F04103F09DBF2046BDE8F04103F07EBFD9
:103C0000204603F088FF0121F0E71C21204609F03F
:103C1000EFF919F0F9FEBDE8F08100BF08000024BB
:103C200030B589B004460D46FFF720FFC0B2FF282B
:103C300004D02946FFF7AAFF09B030BD012D14D0EA
:103C40000AD3022D1CD00222214601A8FFF78EFFC5
:103C500001A807F085F8EFE70022214601A8FFF749
:103C600085FF01A807F07CF8E6E71C22002101A8E7
:103C70001DF00EF80022214601A807F0D7F8DBE777
:103C80000122214601A8FFF771FF01A807F068F89B
:103C9000D2E700002DE9F34106460F46FDF730FF5D
:103CA00086422AD21B4D4FEA061805EB0802D4685B
:103CB000ACB93046FFF7EEFE06461C2009F064F969
:103CC00004461C2200211CF0E3FF00970023012280
:103CD0003146204607F0C3F805EB0803DC600E4BC5
:103CE0000E491A46D3F894008842FBD123683FB1AD
:103CF000A1680B604FF44073536102B0BDE8F081DE
:103D0000E1681B04F5E71C21204609F071F919F060
:103D10007BFE00BF080000240064025800030080FE
:103D200030B589B005460C46FFF7A0FEC0B2FF28AB
:103D300004D02146FFF7AEFF09B030BD1C220021A0
:103D400001A81CF0A5FF294601A807F085F8094B3A
:103D500009491A46D3F894008842FBD1019B2CB143
:103D600003990B604FF440735361E5E71B0404991A
:103D7000F7E700BF00640258000300801EF0040F44
:103D80000CBFEFF30880EFF30980816911F8021C82
:103D9000002932D101B590E80F10E047BDE800508E
:103DA0008CE80300244B93E80600914208BF70475B
:103DB0001A6041B91EF0100F10D1204B186820F086
:103DC000010018600AE02CE9F00F1EF0100F08BF88
:103DD0002CED108A81F822E0C1F838C0906B92F87F
:103DE000221061F0FF0E1EF0100F08BFB0EC108A19
:103DF000B0E8F00F80F309887047114A13689942C0
:103E0000FAD801B552F821C00FC8E047BDE800500C
:103E1000CCF80000704701B501F0D4FBBDE80140CB
:103E2000EFF3098CBEE701B501F090FBBDE801405E
:103E3000EFF3098CB6E700003C0C002434EF00E0FF
:103E4000A4670608014608B530B96FF0030000F01A
:103E50001DFA6FF0030008BD132001F0ABFF30B96D
:103E60004FF0FF3000F012FA4FF0FF30F3E7002080
:103E7000F1E7000008B5EFF305832BB9EFF31083EA
:103E800013B9EFF3118333B16FF0050000F0FEF9C1
:103E90006FF0050008BDDFF808C000DFFAE700BFDB
:103EA000453E0408EFF310832BB9EFF3118000387F
:103EB00018BF012070470120704710B520B103786A
:103EC000F32B01D1002906DA6FF0030102F05CFA4E
:103ED0006FF0030010BD00F10C0353E8000F20EA5F
:103EE000010243E8002404B1F7E7F3E738B50546DB
:103EF000A0B1846802686CB114F0030302D1C168F8
:103F00000F2926D800246FF00801002002F03CFAA7
:103F1000204638BDC368002BF4D11546104BD3F8AA
:103F2000900078B100F087FC0446A0B10123F32291
:103F3000A3700023656022700A4AC4E90233084B6B
:103F40005A66E5E701221021D3F8800000F0FAFB61
:103F5000EAE71546EBE76FF0040102F015FAD7E740
:103F6000280C0024D13F0408930710B502F0010487
:103F700022D400F10C0384B153E8000F00EA0102DF
:103F80008A4203D0BFF32F8F002005E020EA010210
:103F900043E8002404B1EFE710BD53E8000F0842E6
:103FA00003D1BFF32F8F002005E020EA010243E890
:103FB000002404B1F1E7EFE7C06801EA00031CB197
:103FC000994218BF0020E7E7002B08BF0020E3E775
:103FD000F8B50546846804B9F8BD94F8232028464E
:103FE000616AA768FFF7C0FF064638B1204601F0B6
:103FF00062FC00223146204601F0F6FD3C46EAE72D
:10400000F8B50D4617461E46044620B10378F32B3B
:1040100001D1002907DA20466FF0030102F0B4F95C
:104020006FF00300F8BDFFF79FFF0028FAD186B1BB
:104030003146432001F0BEFE40B1074B20465E6989
:10404000314601F01DFC756286F823706FF00100A7
:10405000E8E76FF00200E5E7280C002470B505469C
:1040600010B10378F32B07D028466FF0030102F05C
:104070008BF96FF0030070BD836863B1284601F0CF
:1040800011FC00226FF0020101F0AEFDA8680028CB
:10409000F4D101F08FFCAB78002613F001032E70F1
:1040A0000FD0094B2946D3F8904024B1204600F0A8
:1040B000DCFB3046DFE7D3F8800000F078FB2046D9
:1040C000D9E71846D7E700BF280C00242DE9F041B6
:1040D000064620B10378F32B01D1002909DA6FF0ED
:1040E00003056FF00301304602F04EF92846BDE8A3
:1040F000F08100F10C0353E8002F42EA010543E888
:10410000005000B1F7E7B4681CB9204601F052FC3A
:10411000ECE794F823203046616AD4F80880FFF772
:1041200023FF074678B194F823309B0756BF656A92
:10413000054620EA0505204601F0BDFB0022394670
:10414000204601F051FD4446DEE70000024608B576
:10415000EFF3058333B100206FF0050102F014F98D
:10416000002008BDFFF79EFE0028F4D11046DFF8BE
:1041700008C000DFF5E700BFED3E0408024638B591
:10418000EFF305834BB192B96FF003046FF00301B5
:10419000104602F0F9F8204638BDFFF783FE0028EC
:1041A000F1D11046DFF82CC000DF0446F3E71378A6
:1041B000F32BE9D10029E7DB02F10C0353E8000FF0
:1041C00040EA010443E8004505B1F7E7104601F075
:1041D00041FAE0E7CD400408024608B5EFF3058355
:1041E00023B11046BDE80840FFF767BEFFF75AFE4F
:1041F0000028F6D11046DFF808C000DF08BD00BF78
:10420000BB3E040838B504461D46EFF3058343B1B1
:104210008CB920466FF0030102F0B6F86FF003008E
:1042200038BDFFF73FFE0028F2D120462B46DFF8CD
:1042300024C000DFF4E72378F32BEAD1002DE8D186
:104240000029E6DB2046FFF78FFE002808BF6FF04D
:104250000200E5E701400408024608B5EFF30583D4
:104260003BB110466FF0050102F08EF86FF00500CB
:1042700008BDFFF717FE0028F3D11046DFF804C091
:1042800000DFF5E75D400408704770477047EFF3C3
:1042900010832BB9EFF31180003818BF012070474D
:1042A00001207047064BDA6A3AB1D0695B6C1BB1EA
:1042B0001B69984228BF184670474FF0FF30F5E75A
:1042C000280C0024014BD868704700BF280C00243C
:1042D00008B5094B1A7A022A08D0032A0AD04FF0EF
:1042E000FF3002F045F84FF0FF3002E003220020DB
:1042F0001A7208BD0120FCE7280C002470B5464C5A
:10430000237A012B00F0858033B14FF0FF3002F0AB
:104310002FF84FF0FF3070BD404DEB68E3652B8AFE
:10432000D5E90B61A4F85430AB683046236400F043
:10433000F1F908B1C4F88060D5E90561304600F0B4
:10434000E9F908B9D4F880606667D5E907613046B5
:1043500000F0E0F908B9D4F88060A667D5E90961F2
:10436000304600F0D7F908B9D4F88060E6676E6B84
:104370003EB131683046D6E9022300F03BFAC4F87A
:104380008460AE6B3EB131683046D6E9022300F05E
:1043900031FAC4F88860EE6B3EB131683046D6E938
:1043A000022300F027FAC4F88C602E6C3EB131680D
:1043B0003046D6E9022300F01DFAC4F890606E6C16
:1043C0003EB131683046D6E9022300F013FAC4F852
:1043D0009460AE6C3EB131683046D6E9022300F0FD
:1043E00009FAC4F89860EE6C3EB131683046D6E9FF
:1043F000022300F0FFF9C4F89C602D6D3DB12968DF
:104400002846D5E9022300F0F5F9C4F8A0500123AD
:10441000237200207FE700BF280C002434670608C1
:1044200070B5254D2B7A012B07D06FF006004FF0A9
:10443000FF3401F09DFF204670BD01F01FFD10B953
:104440004FF0FF30F3E71D4AFF231D4E82F8223064
:1044500092F82230D26863F0FF031A49C2F30222B5
:104460007068DB4314BFB3FA83F32023C3F1200346
:10447000934298BF531CFE2202FA03F30F4ADBB2A9
:10448000D37701F0D1FF04460028D9D102F024F8F7
:10449000286102F00DF80C4801F004FA01F082FAEC
:1044A0003368DB074CBF0223032383F31488BFF375
:1044B0006F8F02232B72BEE7280C002400ED00E072
:1044C00034670608273E0408440C002408B50A4B4C
:1044D0001A7A023A012A02D840B1012809D04FF0D5
:1044E000FF3001F045FF4FF0FF3001E002221A7269
:1044F00008BD0322FBE700BF280C002410B50F4CB9
:10450000237A022B13D101F0DBFF01236372BFF387
:104510004F8F0B4A5168C90003D54FF000615160BD
:10452000A37204232372BDE81040FFF7BBBE6FF0F7
:10453000070001F01DFF002010BD00BF280C002463
:1045400000ED00E038B51E4C0546237A042B35D12A
:10455000FFF7A8FEE26AA842034694BF00F1FF33CA
:104560002B4612B1D069C01AD061626C12B11069C9
:10457000C01A1061E06803440544E360E368AB429D
:1045800013D102230020237201F014FA0023637276
:10459000BFF34F8FA27A22B1A3724FF08052094B22
:1045A0005A60BDE8384001F083BF0133E36001F099
:1045B000BFF9236D002BE1D09847DFE738BD00BF7E
:1045C000280C002400ED00E0704738B504460D4685
:1045D000FFF75AFE29462046BDE8384001F08ABE62
:1045E00008B5FFF7F1FFEFF3058333B16FF0050076
:1045F00001F0BEFE6FF0050008BDFFF748FE002881
:10460000F4D1DFF808C000DFF6E700BFFD42040880
:1046100008B5EFF3058333B16FF0050001F0A8FE94
:104620006FF0050008BDFFF732FE0028F4D1DFF877
:1046300008C000DFF6E700BF2144040808B5EFF327
:10464000058333B16FF0050001F092FE6FF00500B5
:1046500008BDFFF71CFE0028F4D1DFF808C000DF1A
:10466000F6E700BFD1420408024608B5EFF3058320
:1046700033B16FF0050001F07BFE6FF0050008BD5F
:10468000FFF705FE0028F4D11046DFF808C000DF70
:10469000F5E700BFCD44040808B5EFF305832BB15F
:1046A0006FF0050001F064FE002008BDFFF7EFFD8C
:1046B0000028F5D1DFF804C000DFF6E7FD44040868
:1046C000024608B5EFF305832BB16FF00500BDE896
:1046D000084001F04DBEFFF7DAFD0028F5D1104685
:1046E000DFF804C000DF08BD4545040808B5EFF356
:1046F000058313B1054BD86808BDFFF7C8FD002836
:10470000F8D1DFF80CC000DFF6E700BF280C00246A
:10471000C542040810B598B140EA010313F007033D
:104720000ED117290AD90160083910220C184260ED
:1047300084600B5081684A60C3600123184610BD35
:104740000023FBE7F0B580B399B132F003032CD11D
:104750000F3100F1080521F007072B462D685C6832
:10476000E91A24F00304091B8F4204D9296800299F
:10477000F3D10846F0BD46683A4304683E444660BB
:10478000204450F8041C08388E4288BF46605868A0
:1047900018B903F108015A60EBE720F0030019187B
:1047A0001D504A6019600831E3E70021E1E730B5A8
:1047B00090B1D9B1A1F1080500F108040022AC4282
:1047C0000BD151F8043C23F0030443681B1B4360E6
:1047D00042B941F8042C012030BD236822463BB188
:1047E0001C46ECE751F8083C1360F4E70846F3E791
:1047F0001846F1E730B5C0B189B1C2B1CBB10024E0
:104800000160C3604361C0E9014202FB01F41D196C
:1048100005611846013904D1A21A995001210846B0
:1048200030BD851805602846F4E70146F7E71146D4
:10483000F5E71946F3E7034610B5A8B100F11402F5
:1048400052E8000F10B9BFF32F8F04E0016842E86F
:10485000001404B1F4E738B1043353E8002F511CBD
:1048600043E8001404B1F8E710BD30B5F0B1C368F7
:104870008B421BD803698B4218D900F114031A68C4
:104880000A60BFF35F8F53E8002F0C689442F6D1A3
:1048900043E8001505B1F2E7043050E8003F5A1E26
:1048A00040E8002101B1F8E7002030BD6FF00300BF
:1048B000FBE7EFF310832BB9EFF31180003818BF3B
:1048C0000120704701207047036B30B5E3B1CD780C
:1048D0000024DA78AA420FD31A46C1E901248AB12A
:1048E0009160A4B16160283050E8003F5A1C40E854
:1048F000002101B1F8E730BD5A681C46002AECD00F
:104900001346E6E7C162ECE7C1E90133C162016326
:10491000E9E7D1E9013223B19A608A681AB153609C
:104920007047C262F9E703637047F8B587780446B9
:104930008FB3C5680027014605F10C062846FFF72E
:10494000E8FF27703046FFF790FFAB68002B48D098
:104950003046FFF770FF0446002842D0284600F09A
:10496000A1FF06463A46394601F03EF9304601F0CD
:104970000FF86A6A0646816804F10C001CF08AF898
:10498000F923A7702370F368E37021462846BDE839
:10499000F840FFF799BF8568AB68002BF5D05B78CE
:1049A000832BF2D1284600F07DFF06463A46394671
:1049B00001F01AF9304600F0EBFF06466A6A04F18E
:1049C0000C0180681CF066F8F3680BB1E2781A708D
:1049D0000023214605F10C002370BDE8F840FFF7E5
:1049E00044BFF8BD2DE9F0410C46174698460546F0
:1049F00018B10378FA2B00D141B928466FF00301B2
:104A000001F0D8FC6FF00300BDE8F0818368C3B10A
:104A10005B78832B15D100F045FF0646012200216B
:104A200001F0E2F8304600F0B3FF06466A6A21461C
:104A300080681CF02FF8F0680028E5D0077000208F
:104A4000E2E705F10C00FFF7F6FE064670B12146DD
:104A50006A6A0C3000241CF01DF8F9233146284600
:104A60003370B470F770FFF72FFFE8E7B8F1000F6D
:104A700010D04146932001F09DF940B1074B2846E4
:104A8000596900F0FDFEEFF30983C3E902476FF0B7
:104A90000100B9E76FF00200B6E700BF280C002460
:104AA0002DE9F84F8846074638B131B1B0FA80F3A6
:104AB000B1FA81F10B441F2B06DC6FF003010020DB
:104AC000002401F077FC70E008F1030626F00306ED
:104AD0000C3606FB00F9F2B194683CB1A30702D191
:104AE000D368332B05D86FF00801E8E7D368002BB3
:104AF000F9D1D2F800A0D2E904533DB115F0030B6F
:104B000001D1994554D96FF00901D8E7002BFAD1AA
:104B10001CB19B460CE092461546274BD3F8A000EB
:104B2000D8B1FFF788FE0446A0B14FF0010B35BBAA
:104B3000214B00224946D86FFFF704FE0546C0B955
:104B4000BBF1000F06D01C4B2146D3F8A00058B192
:104B5000FFF78BFE6FF00401B1E701223421D3F897
:104B60008000FFF7EFFDDEE7D3F88000FFF71FFEC0
:104B7000F0E74BF0020B4A4600211CF089F8FA23BB
:104B80003246394604F10C002370002384F802B049
:104B9000A360C4F804A0C4E90983C4E90B332B461D
:104BA000FFF728FE044B054A1A672046BDE8F88F38
:104BB000002CE4D1B1E700BF280C00242B490408E5
:104BC00000F1280310B553E8002F12B9BFF32F8F5F
:104BD00004E0511E43E8001404B1F4E70AB90020D0
:104BE00010BDC06A01230028F9D0821CD2E84F1FF3
:104BF000C2E8443F04B1F9E711F0FF0FF0D080683C
:104C0000F1E700002DE9F0410F46154698460446AD
:104C100018B10378FA2B00D141B920466FF0030197
:104C200001F0C8FB6FF00300BDE8F081FFF7C8FF9B
:104C3000064600283AD001462046FFF76AFE626A1F
:104C400006F10C0138461BF025FF0DB1F3782B70EF
:104C5000002504F10C07314638463570FFF705FE94
:104C6000A3680BB90020DFE73846FFF7E4FD0646EE
:104C70000028F7D0204600F015FE074629460122FD
:104C800000F0B2FF384600F083FE626A0746816892
:104C900006F10C001BF0FEFEF923B57031463370AF
:104CA0002046FB68F370FFF70FFEDBE7B8F1000F5B
:104CB00010D04146832001F07DF840B1074B2046DB
:104CC000596900F0DDFDEFF30983C3E902756FF068
:104CD0000100A9E76FF00200A6E700BF280C00243E
:104CE00008B5064B08219A6ED86EFFF7D9FE044B23
:104CF000D864B0FA80F04009404208BD3467060825
:104D0000280C00242DE9F04106460F4690461C462B
:104D1000EFF305834BB196B930466FF0030101F014
:104D200049FB6FF00300BDE8F081FFF7C2FD0028EA
:104D3000F1D130462346DFF848C000DFF3E733788F
:104D4000FA2BE9D1002FE7D0002CE5D106F10C00B9
:104D5000FFF771FD054680B1726A39460C301BF0D1
:104D600099FEF9232846AC702B7085F80380C5E9BD
:104D7000017600F06FFC2046D5E76FF00200D2E725
:104D8000E5490408F8B504460F4616461D46EFF3FC
:104D9000058343B18CB920466FF0030101F00AFB93
:104DA0006FF00300F8BDFFF784FD0028F2D1204624
:104DB0002B46DFF844C000DFF4E72378FA2BEAD172
:104DC000002FE8D0002DE6D12046FFF7F9FE05467A
:104DD00070B100F10C01626A38461BF05BFE0EB147
:104DE000EB7833702846EC6000F034FC0020D9E703
:104DF0006FF00200D6E700BF054C0408EFF3108304
:104E00002BB9EFF31180003818BF01207047012043
:104E10007047000070B5A8B38468D0E900566CB143
:104E200014F0030302D1C2681B2A1AD800246FF0C1
:104E30000801002001F0AEFA204670BDC368002BC7
:104E4000F4D1124BD3F8940030B901221C21D3F8CD
:104E50008000FFF777FC01E0FFF7EDFC044660B14E
:104E60000123F522A3700023E6702270656023768B
:104E7000C4E90233C4E90433DEE76FF0040101F052
:104E800089FAD9E705460646DBE700BF280C00246F
:104E9000284B70B55D6904460E4635B96FF00701C1
:104EA00001F078FA4FF0FF3070BD10B10378F52BA8
:104EB00007D020466FF0030101F06CFA6FF0030099
:104EC000F2E7037E53B9C0E90353EB6A436103B1D0
:104ED00018610123EC6200202376E5E7C278D10750
:104EE0000DD5C168A9420AD1FF2B06D16FF00F0181
:104EF00001F050FA6FF00200D6E70133EBE7002E25
:104F0000F8D093070AD5E06895F9203090F9202071
:104F10009A4203DA80F8203000F0D6FC3146532064
:104F200000F048FF18B12946204600F0A9FC6FF0B8
:104F30000100B9E7280C00242E4B5A6970B50446CD
:104F400032B96FF0070101F025FA4FF0FF3070BD64
:104F500010B10378F52B07D020466FF0030101F064
:104F600019FA6FF00300F2E7037E33B96FF00E0118
:104F700001F010FA6FF00200E9E7C168914202D037
:104F80006FF00D01F4E7013BDBB2037613BB43691D
:104F90000BB1016919612169F1B14B6192F92130BD
:104FA000D56ADDB982F82030A36883B1204600F0CD
:104FB00079FC06462A46294600F016FEF36AC4E943
:104FC0000365636103B11C610123F4622376002051
:104FD00000F0F0FC0020BAE7D362DFE7E978890748
:104FE00006D5A96821B191F920108B42B8BF0B46B4
:104FF0006D69D6E7280C002470B5044610B103781B
:10500000F52B07D020466FF0030101F0C3F96FF0D4
:10501000030070BD037EBBB16369C0680BB1226938
:105020001A61226902B3536190F92120C36AEBB976
:1050300090F92030934203D080F8202000F044FC07
:10504000A068F8B900F0B6FCA078002610F00100C6
:105050002670DED0134B2146D3F89450DDB128469C
:10506000FFF703FC3046D4E7C362DDE7D978890750
:1050700006D5996821B191F920108A42B8BF0A4635
:105080005B69D4E7204600F00DFC00226FF00201BE
:1050900000F0AAFDD4E7D3F88000FFF788FB28468C
:1050A000B7E700BF280C00242DE9F0410446002694
:1050B00001270CB9BDE8F081E378D4F814801B0710
:1050C00012D5A36826767BB1204600F0EBFB0022C8
:1050D0000546114600F088FDEB6AC4E9035663619A
:1050E00003B11C61EC6227764446E2E710B4C37852
:1050F0009B071DD5C06890F92120C36ADC78A407FE
:1051000009D59C688C4208BF8C6824B194F9204072
:10511000A242B8BF22465B69002BEFD190F9203044
:10512000934205D080F820205DF8044B00F0CCBB02
:105130005DF8044B70470000024608B5EFF30583A5
:1051400033B100206FF0050101F024F9002008BD03
:10515000FFF754FE0028F4D11046DFF808C000DF46
:10516000F5E700BF154E0408024608B5EFF30583C6
:105170003BB110466FF0050101F00CF96FF005002E
:1051800008BDFFF73BFE0028F3D11046DFF804C04E
:1051900000DFF5E7914E0408024608B5EFF30583FA
:1051A0003BB110466FF0050101F0F4F86FF0050017
:1051B00008BDFFF723FE0028F3D11046DFF804C036
:1051C00000DFF5E7394F0408024608B5EFF3058321
:1051D0003BB110466FF0050101F0DCF86FF00500FF
:1051E00008BDFFF70BFE0028F3D11046DFF804C01E
:1051F00000DFF5E7F94F0408EFF310832BB9EFF365
:105200001180003818BF01207047012070470C3012
:10521000D0E85F3F13B9BFF32F8F04E05A1EC0E8F8
:10522000512F01B1F4E798B2003818BF0120704740
:1052300030B500F10C02C189D2E85F3F994202D833
:10524000BFF32F8F04E05C1CC2E8554F05B1F3E7B4
:10525000C0899BB2984294BF0020012030BD00005D
:10526000F8B515464FF6FE73421E06460F469A42A3
:1052700001D8884207D26FF003010024002001F01A
:105280008FF82046F8BD7DB1AC682A6844B114F0AF
:10529000030302D1E9680F2922D86FF00801ECE777
:1052A000EB68002BF9D11546114BD3F8980080B16B
:1052B000FFF7C1FA0446A8B10123F622A370002328
:1052C00065602270A3600B4A094BA781E6819A664C
:1052D000D7E701221021D3F88000FFF733FAE9E77E
:1052E0001546EAE76FF0040101F05AF8C9E700BF7C
:1052F000280C0024F9520408836810B504465BB1F9
:10530000FFF785FF40B1204600F0CCFA0022BDE84F
:105310001040114600F068BC10BD38B5054610B10C
:105320000378F62B07D028466FF0030101F038F818
:105330006FF0030038BD84683CB100F0B3FA01227D
:10534000002100F051FC0020F4E7FFF771FF38B9AD
:1053500028466FF0100101F023F86FF00200E9E732
:105360002046E7E738B50D46044610B10378F62B22
:1053700007D020466FF0030101F012F86FF0030030
:1053800038BDFFF744FF68B975B12946632000F0C6
:1053900011FD20B1064B2046596900F071FA6FF0FB
:1053A0000100EDE70020EBE76FF00200E8E700BF47
:1053B000280C002470B5054610B10378F62B07D0F1
:1053C00028466FF0030100F0EBFF6FF0030070BDA3
:1053D000836863B1284600F065FA00226FF002018D
:1053E00000F002FCA8680028F4D100F0E3FAAB78E2
:1053F000002613F001032E700FD0094B2946D3F875
:10540000984024B12046FFF730FA3046DFE7D3F862
:105410008000FFF7CCF92046D9E71846D7E700BF50
:10542000280C002410B50446EFF3058333B10020A7
:105430006FF0050100F0B4FF002010BDFFF7DCFEA7
:105440000028F4D12046DFF808C000DFF5E700BFF0
:1054500061520408024608B5EFF3058343B182B9EF
:1054600010466FF0030100F09BFF6FF0030008BDD2
:10547000FFF7C2FE0028F2D11046DFF824C000DF9B
:10548000F5E71378F62BEBD10029E9D11046FFF7A9
:10549000BEFE002814BF00206FF00200E7E700BF47
:1054A0006553040810B50446EFF3058343B184B98E
:1054B00020466FF0030100F073FF6FF0030010BD92
:1054C000FFF79AFE0028F2D12046DFF830C000DF57
:1054D000F5E72378F62BEBD12046FFF7A9FE20B1A4
:1054E000204600F0B7F80020E9E720466FF01001F1
:1054F00000F056FF6FF00200E1E700BF1B53040805
:10550000024608B5EFF305833BB110466FF0050185
:1055100000F046FF6FF0050008BDFFF76DFE0028A4
:10552000F3D11046DFF804C000DFF5E7B5530408F7
:1055300010B5D0E85F3F5A1C914200D80022C0E865
:10554000542F04B1F5E798B210BD000038B51C4CDB
:1055500000F0BCFFE3680133E36000F0E9F90020EC
:1055600000F028FA236D03B19847226C32B3A36987
:10557000E16B994203D0D969E36301B9DA61DA6971
:10558000C2B9237A022B19D1656ABDB1E36B95F9D3
:10559000202093F920309A4210D1284600F08BF950
:1055A000E06B00F0A3F9284600F0FCF9236CE563FA
:1055B000EB6103E0013ADA61002AE2D038BD00BFB6
:1055C000280C002470B5224C04F1560504F15A064B
:1055D000B4F85410D5E85F3F13B9BFF32F8F04E040
:1055E0005A1EC5E8502F00B1F4E79BB25BB33046BA
:1055F000FFF79EFFE36D53F8200020B30378F13BE3
:10560000082BE5D801A252F823F000BF3156040858
:10561000D155040837560408D1550408D15504085B
:105620003B5604083F560408D15504084356040865
:10563000236E9847CCE7636EFBE7A36EF9E7E36E52
:10564000F7E7236FF5E70020BDE8704000F0B2B93E
:10565000280C002470B5164C0546B4F8541004F11B
:105660005602D2E85F3F994202D8BFF32F8F04E081
:10567000581CC2E8560F06B1F3E79BB2994205D811
:1056800029460220BDE87040FEF79FBF04F1580094
:10569000FFF74EFFE36D43F82050637A23B9054BC3
:1056A0004FF080525A6070BD0123A372FBE700BF28
:1056B000280C002400ED00E0EFF310832BB9EFF38A
:1056C0001180003818BF012070470120704703780F
:1056D000F12B00D07047C068F9E7000010B5C4692D
:1056E000621CD0E904310CD103B1596142691AB18D
:1056F00013610023436101E0074A13630023C36180
:1057000010BD1BB1DA6959612244DA614269002A8D
:10571000EED1014AD362F1E7280C002401230A4AA2
:1057200090F9201043701C32936810B51BB193F9A7
:1057300020408C4205DCC0E90232906003B1D860A1
:1057400010BD1A469B68F1E7280C0024014B5869EC
:10575000704700BF280C002408B500F031FEDFF8C8
:1057600010C000DF4FF0FF31002000F007FEFEE721
:10577000515C0408930710B502F0010422D400F133
:10578000280384B153E8000F00EA01028A4203D0E3
:10579000BFF32F8F002005E020EA010243E8002438
:1057A00004B1EFE710BD53E8000F084203D1BFF387
:1057B0002F8F002005E020EA010243E8002404B115
:1057C000F1E7EFE7806A01EA00031CB1994218BFD4
:1057D0000020E7E7002B08BF0020E3E7084A00218C
:1057E000136B10B53BB94FF0FF34C0E90431C4610D
:1057F00021B1086110BD19461B69F3E71063F9E791
:10580000280C0024002310B50380044683789A07EF
:1058100008D513F0100F016B0E4B0FD0D3F8840096
:10582000FFF723F8A378DB0712D50A4B2146D3F8FC
:10583000880038B1BDE81040FFF717B8586FFEF781
:10584000B6FFEFE7D3F88000BDE81040FEF7AFBF2A
:1058500010BD00BF280C0024C2780346D20701D433
:10586000FFF7D0BF042242700022C260034A516B8E
:10587000816001B1C8605363704700BF280C0024E9
:1058800091F92020836810B51BB193F92040944210
:1058900005DAC1E90230816003B1D96010BD184654
:1058A0009B68F1E783689A68826002B1D060002249
:1058B0001846DA607047C2682AB18368936003B102
:1058C000DA600023C360704710B50146044664B136
:1058D0002378F12B07D00846FFF7EDFF2046BDE8FF
:1058E0001040FFF7CDBFE468F1E710BD012301468A
:1058F00043700148FFF7C4BF440C002470B50B4D42
:105900002E7A022E10D16C6A74B1696994F9202044
:1059100091F920309A4207D12046FFF7CCFF084684
:10592000FFF7E4FF6670AC61002070BD280C002416
:1059300038B5164DEC6A44B3E369013BE36123BB20
:105940006378732B06D009D8532B0BD003F0DF03F9
:10595000432B0DD12046FFF7BAFE09E003F0EF0319
:10596000832BF6E72046FFF7B2FE2146FFF7BEFB8A
:105970002046FFF7A0FFFFF7B9FF246924B1E369D0
:10598000002BDDD000236361EC6238BD280C0024BD
:1059900090F82230826B13F0100F0CBF6020202093
:1059A0001044704702234370014B9861704700BF59
:1059B000280C002470B5124D04462E7A696990B9FE
:1059C000022E0FD16C6A6CB194F9202091F920302D
:1059D0009A4207DD2046FFF76EFF0846FFF79EFE5E
:1059E0006670AC6170BD022E05D190F9202091F94E
:1059F00020309A42F1DC2046BDE87040FFF776BFC8
:105A0000280C00242DE9F04F85B08146029128B979
:105A10006FF00301002400F0B1FCBCE0002A45D087
:105A2000966846B1B40702D1D368432B06D86FF00D
:105A300008010020EEE7D368002BF8D19769D2E97E
:105A400004453CB1600702D1002D40F0B2806FF0F8
:105A50000A01EEE72FB17B1E372B03D96FF00B0144
:105A6000E7E71827002D40F0A880D2E900A30193B2
:105A70004EBB574BD3F88800F0B1FEF7DCFE06466C
:105A800000283AD04FF00108002C44D1DFF840B193
:105A9000E5B9504ADBF88400556DB8B1FEF7CBFE8E
:105AA0000246E0B148F01008344623E0924614461E
:105AB000182715460192DCE701224421D3F8800023
:105AC000FEF740FEDBE74FF00008DDE722462946FF
:105AD000DBF87400FEF736FE02460028E4D1B8F188
:105AE000000F16D0DBF8882052B110463146FEF781
:105AF000BCFE002248F002087CB96FF0040198E770
:105B00003146DBF880000392FEF751FE039A1446FB
:105B1000F0E74246EEE72246344640F2F1137FB208
:105B2000FD2184F802802380019BC4F804A0E37067
:105B3000002384F8207084F8217061846563C4E9CF
:105B40000233C4E90433C4E90633C4E90933C4E9C0
:105B50000B32A5F140031344C4E90E391E4B136008
:105B60001C4B1B685B071AD4A36B00201A4603F179
:105B7000340143F8040B9942FBD1184B2046C2E98B
:105B80000D394FF08073D363029B1362104B144A9C
:105B90001A66FFF70FFF204605B0BDE8F08FAD088D
:105BA0004FF0CC33113D002DDED0013D42F8043FD3
:105BB000F9E7002F7FF44FAF182769077FF447AF4D
:105BC000A5F14801074B99427FF64FAF3FE700BF71
:105BD000280C002434670608A52E5AE259570408F9
:105BE0000D5C0408B7FFFF7F38B504461546FFF784
:105BF000CFFE01602046FFF771FD1DB1BDE83840C2
:105C0000FFF7D8BEBDE83840FFF770BE10B5437847
:105C10000446332B0CD1416A90F82320FFF7AAFDEC
:105C2000014628B120460022BDE81040FFF7DCBF46
:105C300010BD10B50446806918B100221146FFF767
:105C4000D3FF6378232B02BFA36800229A6110BDA3
:105C500070B50F4C267A022E18D1636AB3B165690C
:105C6000E86AFFF721FA2846FFF7E3FF04F11C007A
:105C7000FFF718FE4670A061EFF30983AB630023C2
:105C800028466361BDE87040FFF7E6BD70BD00BF08
:105C9000280C002410B5044610B10378F12B07D06E
:105CA00020466FF0030100F069FB6FF0030010BDA8
:105CB000437803F00F03022B1ED0032B2BD0012BB4
:105CC0002ED1FFF7F8FDE06AFFF7EEF92046FFF767
:105CD000B0FF6178022926D11548FFF7E3FD154B87
:105CE00041709861EFF30982A26300225A61204655
:105CF000FFF7B2FD0020DAE70E4B1A7A022A02D132
:105D00005B6A002BDFD16FF00201204600F036FB0A
:105D10006FF00200CBE7FFF7CEFDFFF7DFFCD2E725
:105D20006FF00201F2E70020FFF744FEDFE700BF5B
:105D3000440C0024280C002470B5044620B10378DC
:105D4000F12B01D1002908DA6FF003056FF0030190
:105D50002046FEF79AFA284670BD4378042B06D1F8
:105D60006FF002016FF00205FEF78FFAF3E700F122
:105D7000280353E8002F42EA010543E8005606B124
:105D8000F7E74378332BE6D1416A90F82320FFF7F9
:105D9000F1FC01460028DED094F8233001229B0755
:105DA00056BF656A054620EA05052046FFF71CFF39
:105DB000D1E7000038B5174C0246237A022B27D1D1
:105DC000606A60B160694B1C427009D1FFF706FD43
:105DD0001148FFF767FD02234370A061012038BD21
:105DE000E36A002213B1DD69A9420BD2C161C0E9A7
:105DF00004325AB11061002BEAD0DA695861511AA5
:105E0000D961E5E71A46491B1B69EBE7E062F2E757
:105E10000020E4E7280C0024440C0024F8B5164BBD
:105E200005460F4616465C693CB920466FF00701EF
:105E3000FEF72BFA4FF0FF30F8BD002807DA2046B6
:105E40006FF00301FEF721FA6FF00300F4E70A4652
:105E500001462046FFF78EFC0028EDD14EB13146B9
:105E60003320656284F82370FFF7A4FF6FF0010010
:105E7000E2E76FF00200DFE7280C002438B50D4C94
:105E800000210D48A26DFFF7BDFD0C4D636EA862A9
:105E90005BB1984758B9E26DE96C206EFFF7B2FD2F
:105EA000A864003818BF012038BD0120FCE700209D
:105EB000FAE700BF34670608ED620408280C0024E6
:105EC00010B50446EFF3058333B100206FF00501F0
:105ED00000F054FA002010BDFFF7EEFB0028F4D1CB
:105EE0002046DFF808C000DFF5E700BF055A0408C8
:105EF00008B5EFF3058313B1054B586908BDFFF7EB
:105F0000DBFB0028F8D1DFF80CC000DFF6E700BFAC
:105F1000280C00244D57040808B5EFF305833BB166
:105F200000206FF0050100F029FA6FF0050008BDB0
:105F3000FFF7C2FB0028F3D1DFF804C000DFF6E76B
:105F4000FD58040810B5044600F046FAEFF3058347
:105F50003BB120466FF0050100F010FA6FF005002C
:105F600010BDFFF7A9FB0028F3D12046DFF804C0DD
:105F700000DFF5E7955C0408024638B5EFF30583CA
:105F80004BB192B96FF003046FF003011046FEF7B6
:105F90007CF9204638BDFFF78FFB0028F1D1104671
:105FA000DFF844C000DF0446F3E71378F12BE9D1B2
:105FB0000029E7DB5378042B07D16FF0020110466C
:105FC0006FF00204FEF761F9E3E702F1280353E8FA
:105FD000000F40EA010443E8004505B1F7E7104629
:105FE000FFF738FBD5E700BF395D040810B504465C
:105FF000EFF305833BB100206FF00501FEF745F993
:106000006FF0050010BDFFF757FB0028F3D12046C5
:10601000DFF804C000DFF5E71D5E04080C4A30B568
:10602000536C002413B11D698D420AD90161C0E986
:1060300002431BB11D699860691A19612CB1E060B7
:1060400030BD1C46491BDB68ECE75064F8E700BF35
:10605000280C00242DE9F041184D6C6C54B32369D1
:1060600001276E69013B2361236913BBE3680BB110
:10607000A2689A606B64002304F11801E86C1A4668
:10608000FEF740FE58B121460320D5E905836B6138
:10609000FEF79BFA6B6913B9B04508BF0026E37899
:1060A000012B09D161692046FFF7B8FF6C6C002C09
:1060B000DAD16E61BDE8F0816770F7E7280C002443
:1060C00008B5FEF70DFE18B9034B044A1A6508BD62
:1060D0004FF0FF30FBE700BF280C00245560040898
:1060E000044607B54FF0FF33002269462046FEF70D
:1060F00049FE0028F6D1DDE900309847F2E70000BC
:1061000008B5094A094B1A60094B9B1A094A1360E2
:10611000094A0A4B1A600A4B9B1A0A4A136000F09C
:1061200051F800F083F800BF00FC0724CC450024A0
:1061300000000824C8450024D01401244C60002429
:1061400000FC07244860002438B50E480B250E4B90
:106150001C24456003600D4BC4608360FEF7ECFFB8
:106160000B4B18600B480C4BC460C0E900350B4B5F
:106170008360FEF7E1FF0A4B1860BDE838401AF073
:1061800089B800BF9845002408680608AC4500247B
:10619000A845002468450024156806087C450024AD
:1061A00078450024FDF746BC024B4FF0FF311868DC
:1061B000FEF7DABFA8450024014B1868FEF7ECBFD4
:1061C000A845002408B505F025F90C4B0C49986842
:1061D0004FF00053C21802F16042126843F8042BDA
:1061E0008B42F7D1054B4FF000529A6014F028FD16
:1061F00016F0FCFEBDE8084000F015B800ED00E028
:10620000980200207047704708B500F043F8FFF788
:10621000F9FFFFF799FFFFF7F6FF06F013FABDE865
:106220000840FFF7BFBFFEF7DBB90000114C124B6F
:1062300023614FF4004363614423E3600F4BA36089
:106240001823A3610E4B07B5224600210D48236099
:10625000FFF736FE034628B922460B4900900B484B
:1062600006F000FAFEF7D4F9002309491A46009314
:10627000F5E700BF08F3002408730024D04500248C
:106280002F68060809620408346806081D010180A9
:10629000506806081FB5064B6C460FCB84E80F000C
:1062A0002046FEF749FF034B186004B010BD00BF45
:1062B000686806080073002473B506460C46154648
:1062C00006F0C2F958B90634324628462ABF054BB3
:1062D000054953F824100023009306F0C3F902B0D7
:1062E00070BD00BF2C6A06088069060808B500F07A
:1062F000F7F80000002307B5421E00930023042A8C
:1063000019D8DFE802F003080C10140001220C4930
:106310000C4806F0A7F902220B490C48F9E70322C2
:106320000B490C48F5E704220B490C48F1E705221C
:106330000B490C48EDE702460B490C48E9E700BF62
:1063400078680608250102809968060826010280FF
:10635000BE68060827010280F3680608280102804B
:106360002E6906082A0102806E6906080001028073
:106370000146014AFFF7A0BF31010180014AFFF742
:106380009BBF00BF32010180014AFFF795BF00BFEC
:1063900037010180014AFFF78FBF00BF3301018041
:1063A00011F1110F02D0024AFFF786BF704700BFFC
:1063B00034010180014AFFF77FBF00BF380101802F
:1063C00010B5FFF795FD034B1B6813B1BDE81040F6
:1063D000184710BD14460024024B1B6803B1184730
:1063E000704700BF14460024024B987A003818BF4B
:1063F00001207047280C002408B5FEF74DF9002253
:10640000064906F03DFAC31C04D98B22044905480D
:1064100005F090FEBDE80840FEF752B9E9630408B4
:10642000676A0608796A0608B0F57A7F10B50C46E7
:1064300004D0322219491A4805F07CFE05F030FBE1
:106440000028184A16DB00F16043F02103F5614390
:1064500083F80013916800F1100341F82340BFF363
:106460004F8F926852F823309C420AD03F220B494A
:106470000D48E1E700F00F03F021043B13441976C7
:10648000E8E7002808DB0123420900F01F0003FAB7
:1064900000F0064B43F82200002010BD676A060892
:1064A000A66A060800ED00E0B36A060800E100E015
:1064B00008B506F06DF9BDE8084005F01CBC000009
:1064C000014B186805F04CBC785F0024014B18683C
:1064D00005F008BC785F002408B505F0E1FA08BDB6
:1064E000024C08B523689847FCE700BFCC0C002499
:1064F0000C30704703680BB108461847704710B559
:106500000446FCF713FF204610BD08B5FCF7ECFF6E
:1065100008BD0000044B0022C3E901221A611A6081
:10652000024ADA60704700BF18460024F564040888
:1065300010B50022034600F1110403F8012B03F803
:10654000012B9C42FBD1418210BD000042F602119A
:10655000024808B5FFF7ECFF08BD00BF2C46002439
:1065600008B5FAF7A6FC08BD10B50446FCF7DEFE38
:10657000204610BD08B5FFF7C8FF08BDD0E90032BE
:10658000096812F0010F01EB620005D010B454103D
:106590000A595DF8044BD35818470146043008B532
:1065A000FFF7ECFF08BD0000034A0346C26007C9BD
:1065B00083E80700704700BFE06A060810B588B09E
:1065C000059108A902AC019001E90C0005A984E835
:1065D0000C00FFF7E9FF019808B010BD37B56C4615
:1065E000054684E80C0094E80C00FFF7E7FF284616
:1065F00003B030BD08B5FFF7D0FF08BD08B5FFF701
:10660000F9FF08BD0068704710B50446FAF74CFC66
:10661000204610BD10B50446FAF746FC204610BDD2
:1066200010B504460021FBF799F8204610BD08B5C7
:10663000FFF75EFF0068003818BF012008BD8842E0
:1066400038B5044606D00D46FAF72EFC20462946FA
:10665000FCF76CFE204638BD884238B5044606D0AB
:106660000D46FAF721FC20462946FCF75FFE20463E
:1066700038BD08B5FFF73CFF0068003818BF01209F
:1066800008BD10B504460021FBF768F8204610BD90
:1066900070B504460D46FFF7CAFF28B940F2022242
:1066A0000649074805F046FDE068FFF7ABFF2946BD
:1066B00003462046BDE87040184700BF106B06082F
:1066C000A865060808B5FFF7E3FF08BD70B50446E6
:1066D0000D46FFF7CEFF28B940F2022206490748CF
:1066E00005F028FDE068FFF78DFF294603462046A8
:1066F000BDE87040184700BF106B0608A865060883
:1067000008B5FFF7E3FF08BD10B5044606F090FE9C
:10671000204610BD10B5084C204606F049FE002367
:106720002046064A84F8243023630549C4E90A3325
:10673000BDE8104006F0D6B9404600240000002411
:10674000096704080268904B9A422DE9F04393B020
:1067500040F0178105F0E6FD8C4B0022C3F8842041
:10676000BFF34F8FD3F8802043F6E074C2F3C90023
:10677000C2F34E32520102EA0406014646EA81752E
:106780000139C3F87452F9D2203A12F1200FF2D134
:10679000BFF34F8FBFF36F8F0022C3F88420BFF386
:1067A0004F8F5A6922F480325A61BFF34F8FD3F86A
:1067B000803043F6E070754CC3F3C901C3F34E3328
:1067C0005B0103EA00060A4646EA8275013AC4F80C
:1067D0007452F9D2203B13F1200FF2D1BFF34F8F47
:1067E000BFF36F8F05F0B4FD694B01260025D3F888
:1067F000E0204FF400470DA9664842F001024FF037
:10680000300902244FF00308C3F8E020D3F8E02059
:1068100002F001020192019AD3F8E02042F0040252
:10682000C3F8E020D3F8E02002F004020292029ABA
:10683000D3F8E02042F04002C3F8E020D3F8E02093
:1068400002F040020392039AD3F8D82042F40042A7
:10685000C3F8D820D3F8D82002F400420492049A56
:10686000D3F8D82042F48032C3F8D820D3F8D82007
:1068700002F480320592059AD3F8D82042F400320F
:10688000C3F8D820D3F8D82002F400320692069A32
:10689000D3F8E02042F40072C3F8E020D3F8E030EF
:1068A00003F400730793079BCDE90D76CDE90F55EF
:1068B0000AF02EFF0DA93848CDF834900AF028FFD1
:1068C0003246102134480BF009F832462021324874
:1068D0000BF004F80DA931480E960D940F950AF0AF
:1068E00017FF324621462D480AF0F8FF192008F01C
:1068F00071FF39462A4627480AF0F0FF642008F065
:1069000069FF3246394623480AF0E8FF0B274FF467
:10691000605308A922480A95CDE90834CDE90B87D0
:106920000AF0F6FE08A91C480C97CDE90844CDE909
:106930000A580AF0EDFE08A917480C97CDE908940B
:10694000CDE90A480AF0E4FE802308A913480C9711
:10695000CDE90834CDE90A680AF0DAFE042308A973
:106960000E480C97CDE90834CDE90A480AF0D0FE6C
:1069700008A90A480C97CDE90844CDE90A580AF05D
:10698000C7FE13B0BDE8F0830080024000ED00E0D8
:10699000004402580024025800080258000002581F
:1069A0000018025830B570B1CC6864B18A6852B131
:1069B0000B6943B10D6849688560C1608361C0E9B6
:1069C0000424002030BD4FF0FF30FBE773B50023F7
:1069D00046680446019366B1A36998470546A369D2
:1069E0009847431BB3F5FA6FF9D90123002563607B
:1069F00027E0836803B1984720230025236063695B
:106A000001AA12213046984700281DDB019B03F0A4
:106A10001F03B3421AD10025266020681F2833D8EF
:106A20007DB923694FF400422946984700282EDBA0
:106A3000636901AA29462068984700280ADA6FF09E
:106A40000405284602B070BD6FF004050136202E03
:106A5000D5D1E2E7A36998470646019B1B0402D4FF
:106A6000002DB9D0EDE7A3699847801BB0F5FA7FF8
:106A700007D8636901AA0021206898470028ECDA4A
:106A8000DDE76FF00105E8E76FF00205D9E76FF089
:106A90000305D6E737B500254369044601AA01215D
:106AA000006801959847A84203DA6FF0040003B02C
:106AB00030BD636901AA0121206898470028F4DBF2
:106AC000019B5B072CD5636901AA2946206898477A
:106AD0000028EADB019BDD040ED403F40452B2F576
:106AE000045F01D10220E2E7980401D50320DEE72C
:106AF000D90513D50420DAE7636901AA1F212068AC
:106B000098470028D1DB019BDA040BD503F01C0366
:106B1000182BE7D0082BE9D0142BEBD00520C6E7C3
:106B20000120C4E70620C2E740F2DC507047002095
:106B300070470620704770477047C0F86C11704767
:106B40000020704712F0B6BF04300AF007BB08B54A
:106B500004300AF003FBA0F110035842584108BD6D
:106B600010B5041D20460AF0F9FAE02807D12046A6
:106B700009F020FE2046BDE8104009F09FBD10BD81
:106B8000F0B500F582779FB006460D46384606F010
:106B900017FC7822002168461AF07AF800226B462A
:106BA0002C4611460CB30A2911D10024184A194960
:106BB000022004F0ADFDAB7B012B02D9284600F08A
:106BC00087FD384606F01AFC20461FB0F0BD60680D
:106BD000186060890244586009B143F8043C246895
:106BE00004B99C6001310C33DCE70B49301D4A606D
:106BF0003222C1F808D009F007FE034628B1074A3F
:106C00000220044904F084FDD5E70124D3E700BF46
:106C10001B6B0608426B06089C460024476B06085F
:106C2000032A0846024928BF032219F033BF00BFD8
:106C30007372060808B5044A0820044904F068FD88
:106C4000BDE8084005F062BE6F6B0608426B06089F
:106C500010B5064C06492046FFF7A4FE2046FFF774
:106C6000B5FEB0FA80F0400910BD00BF7C4600249C
:106C7000D00C00240148FFF70DBF00BF7C46002464
:106C80000238032815D8DFE800F0020A0C114FF48F
:106C900000530B604FF480430120136070470023C2
:106CA000F7E74FF400530B600023F5E700230B6078
:106CB000F2E70020704708B500F0F2FA08BD0000C6
:106CC00030B5051D85B000230C46284601A9009368
:106CD00009F072FE48B96946284609F0B8FE38B195
:106CE000184A0220184904F013FD4FF0FF3026E047
:106CF000284609F0C9FE0099002911DD019B03F027
:106D00001F020A44BFF34F8F10481A44C0F85C3288
:106D10002033D11A0029F9DCBFF34F8FBFF36F8FF7
:106D20004FF4C172BDF80010002000F003FD206098
:106D300028B1BDF80020019900F082FD002005B0C7
:106D400030BD00BF7A6B0608426B060800ED00E01C
:106D50003D200022072108B509F090F83D20BDE84C
:106D6000084009F0BDB80020704700000022064B23
:106D70001B680270802243714270E12282701A0CFB
:106D8000C2701A0A0271704700E8F11F10B504467C
:106D9000FFF7E9FF20B92046BDE81040FFF7E6BF46
:106DA00010BD000070B586B0044609F0BBF82F494D
:106DB0002F4B02AD012604342846ADF80860CDE91A
:106DC00003134FF08073059309F0CEF840F20113DE
:106DD0002848ADF80830284BCDE903034FF4803341
:106DE0002846059309F0C0F8042009F0ABF8234BBE
:106DF00028462360FFF7CAFF214B65600820236106
:106E0000204B2672E36040F2F4531F4A63610A2369
:106E10001E490093042304F07BFC20460AF08CF802
:106E2000054600BB1A4E01463022301D19F030FFD6
:106E3000212333604FF44033C6E90453154E2946ED
:106E4000013532460023204606F5BF6609F018FCDE
:106E5000042DF4D1104A08200C4904F059FCFFF726
:106E6000F7FE06B070BD0020FBE700BF0000043055
:106E700009000003004004300D00000300800240C0
:106E80000000043000010430A56B0608426B0608C0
:106E90009C46002400040430BF6B0608084608B571
:106EA000FFF774FF012008BD002307B51A46024909
:106EB0000248009305F0D6FBD96B06080500118047
:106EC000002307B51A4602490248009305F0CAFBA1
:106ED0000D6C06080500118038B50D4B00250446E1
:106EE000036000F5827040F8485C06F061FA04F532
:106EF000947006F05DFA04F5A670FFF7C2FB04F586
:106F0000AE70FFF78DFB2046C4F8705138BD00BF4E
:106F1000A86C060810B50B4C2378BFF35B8FDB071A
:106F20000ED4204605F0EEFD50B10748FFF7D4FF20
:106F3000204605F009FE054A0549034805F0D2FD43
:106F4000014810BD74460024D046002400000024EF
:106F5000AD6F040837B50D4604460192FFF7DAFF1E
:106F6000019B2A462146043009F078FE003818BFFC
:106F70000120404203B030BD37B50D4604460192B2
:106F8000FFF7C8FF019B2A462146043009F094FE12
:106F9000003818BF0120404203B030BD08B5FFF7EC
:106FA000B9FF043009F08CFF002008BD0A4B10B572
:106FB0000446036000F5AE70FFF72CFB04F5A670E5
:106FC000FFF722FB04F5947006F032FA04F58270A4
:106FD00006F02EFA204610BDA86C060808B500F58C
:106FE000A670FFF72CFB08BD08B500F5AE70FFF7E3
:106FF00033FB08BDF0B59DB00446FFF73BFE01280A
:107000000546D4F8707139DD012F18DC01AA02A9F8
:10701000FFF736FE18B94FF40053CDE90130261DB5
:1070200003A9304609F07AFE019B03A93046099373
:10703000029B089309F038FF304609F071FB04F514
:10704000AE763046FFF7F3FA60B1012D0EDD012F69
:1070500008DC01213046FFF735FB114A11490820B1
:1070600004F056FBC4F870511DB0F0BD012FF9DDDE
:1070700000213046FFF726FB0B4AEFE7012FDEDD4C
:107080000A4B4FF00052C3F88420BFF34F8FBFF379
:107090006F8F201D09F08EFB2046FFF759FECEE7CB
:1070A000416C0608426B0608606C060800E100E0CF
:1070B00073B50446002600F594752846019606F03F
:1070C0007FF901A92046FFF7FBFD002804DA2846D6
:1070D00006F094F902B070BD019919B104F5A670DB
:1070E000FFF70EFB284606F089F9E6E738B50E4CA7
:1070F00005462378BFF35B8FDA0708D4204605F0F6
:1071000001FD20B1094B20461D6005F01DFD074C17
:107110004FF0FF3200210120FEF768FFC307F7D5CB
:107120002068FFF7C5FFF3E77846002448480024AD
:10713000D0E90032096812F0010F01EB620005D0BE
:1071400010B454100A595DF8044BD358184701463F
:10715000043008B5FFF7ECFF08BD0000034A034602
:10716000C26007C983E80700704700BF946C060837
:1071700010B588B0059108A902AC019001E90C0096
:1071800005A984E80C00FFF7E9FF019808B010BDDD
:1071900037B56C46054684E80C0094E80C00FFF710
:1071A000E7FF284603B030BDF0B505468DB005F0C9
:1071B00097FB2846FFF7F6FD064600284ED0202212
:1071C000002104A819F064FD264B4FF400600393DE
:1071D00019F012F905F1C00303AA29460790059397
:1071E0004FF400632048089344230693282309930F
:1071F000FEF766FEC5F8BC0003F0AAFD1B4B074670
:107200001A4A01930023294603A80293FFF7C0FFFF
:107210001021384603F048FB0446A0B103A9FFF74C
:10722000A3F92046C82103F0E2FC2046C82103F060
:10723000E1FC20460E4903F0E0FC22460D493846A9
:1072400003F0F2FB044603A8C5F87441F9F731FED8
:107250000A20FCF70FFE2846FFF77AFD30460DB0F6
:10726000F0BD00BF806C0608ED700408F56F0408DF
:10727000616504087565040808B5FFF768FF08BD77
:1072800008B5FFF7F9FF08BD08B5FFF743FED0F8D2
:10729000BC0020B10121BDE80840FEF76DBE08BD6D
:1072A00008B5FFF737FE0430BDE8084009F032BCEE
:1072B000130911D051F804CB40F804CB51F804CB9A
:1072C00040F804CB51F804CB40F804CB51F804CB80
:1072D00040F804CB013BEDD112F00F0305D011F8BB
:1072E00001CB00F801CB013BF9D17047022200230A
:1072F00073B504460E4600681146FCF783FF021E74
:1073000001DB930709D4002316491748009305F0C1
:10731000A1F94FF0FF3002B070BDFDF78FF994F87E
:1073200024300546012103F10A02013303F007036B
:1073300044F82260206884F82430FCF71FFF94F89A
:10734000243094F82520013303F00703934203D13E
:1073500002212068FCF740FF2846FDF785F9002050
:10736000D9E700BFF06C06080F01038013B504468F
:107370004FF0FF310068FDF7F7FE30B100232246E1
:1073800003490448009305F06DF902B010BD00BF39
:10739000086D06081501038013B504460068FDF763
:1073A000FBFE30B10023224603490448009305F058
:1073B00059F902B010BD00BF1E6D06081701038009
:1073C000094B07B54FF0FF311868FDF7CDFE30B11E
:1073D0000023064906481A46009305F043F90120A8
:1073E00003B05DF804FB00BF48F30024366D0608C7
:1073F00015010380074B07B51868FDF7CDFE30B1C6
:107400000023054905481A46009305F02BF903B0FF
:107410005DF804FB48F300244E6D06081701038055
:1074200070B5064609200D4600F006F9044660B125
:10743000012301460370C0E901650548FFF756FFC7
:1074400028B12146092000F003F94FF0FF3070BD4C
:107450004C480024F8B5044600286ED0830705D0B8
:10746000FFF7AEFFBDE8F840FFF7C4BF334EA0F111
:1074700008053368AB42F3D8314F00F10C0339688B
:107480009942EDD32F48FFF771FF14F8043C1BB964
:107490002C48FFF781FFE3E734F8080CB0F57A5F7A
:1074A000F6D834F8062CB2F57A5FF1D83368A5EB3C
:1074B000030C1FFA8CFC944502D09A5A6245E7D11E
:1074C00019183E68B14202D04A886245E0D10022D4
:1074D00004F8042C1C4A1768AF4288BF15608D421F
:1074E00011D00F797FB9B1420DD01668B142195A47
:1074F00024F8081C195A08BF1560B1F57A5F1CBF43
:10750000C918A1F802C034F8061C581885420FD0DB
:1075100006796EB91668B54208BF106034F8082CB9
:107520005A5234F8082CB2F57A5F1CBF9B18598068
:107530000448BDE8F840FFF72FBFF8BDC848002455
:10754000CC48002498480024944800242DE9F041B8
:10755000002850D0C41C24F00304A4B20B2C04D97E
:10756000B4F57A5F02D9002045E00C24A042FAD895
:1075700026486FF00708FFF7F9FE254B2548C4F5AC
:107580007A5E19680268531A9BB2734503D31F4889
:10759000FFF702FFE7E7CD18CF5A95F804C0BCF11A
:1075A000000F30D1A8EB03063E44A6422BD304F1D2
:1075B000140E764521D308341C44A6B211FA84F483
:1075C00084F804C08F53638001232E802B718B5B62
:1075D000B3F57A5F01D00B445E80AA4206D10E4B10
:1075E0001B6814790CB193420AD102600748FFF777
:1075F000D3FE05F10800BDE8F08101232B71ECE713
:1076000012880A44EDE73B46BFE700BF98480024D4
:10761000C848002494480024CC48002410B50446EF
:10762000FFF7CEFE23681C680CB122681A60FFF7D2
:10763000E1FE204610BD00000E2805D8034B53F88C
:1076400020000830FFF7EABF002070471C6E0608D4
:107650000E2838B50C460DD861B1074B53F82050B1
:10766000FFF7AEFEAB681A6822601C60BDE83840C8
:10767000FFF7C0BE38BD00BF1C6E060808B5FFF797
:107680009FFE084B00221A70FFF7B4FE064B1868E5
:1076900000B908BD436F1BB1BDE8084000F00AB94E
:1076A000C068F5E74D0D0124540D012470B5064660
:1076B0000D200C461546FFF7BFFF40B100230481A3
:1076C000448143730573C0E900360123C38170BD53
:1076D00070B5044660B30025FFF772FEA67B013E3D
:1076E000F6B2A673FFF786FE4EB9637B26689B074A
:1076F00009D52369204698470135EDB20EB92846D1
:1077000070BD3446E8E7237B03F00F03022B04D15E
:1077100021460E20FFF79CFFEEE7012B02D1214608
:107720000D20F7E7002BE7D12046FFF793FEE3E7B4
:107730000546E4E7B2F5C17F2DE9F04706460F465E
:1077400085B230D007D822F04003012B26D0002488
:107750002046BDE8F087B2F5207FF8D10335CB1C79
:1077600025F0030523F003031D44ADB205F110001D
:107770009D4280B2EBD38342E9D8FFF7E7FE04468F
:107780000028E5D006440023078113360360284B08
:1077900026F003064781C3604660D9E70020BDE8B4
:1077A000F047FFF783BF0026DFF890903446B046DD
:1077B0000E20B246FFF740FF0646C8B91D4DFFF741
:1077C000FFFD01232F782B70FFB2FFF713FE4FB997
:1077D00031461948FFF724FE20B1FFF7F1FD2E7066
:1077E000FFF708FE002CB2D02046FFF771FFAEE78E
:1077F000EB1C0544C0F8008023F003031335078118
:10780000C3F5147325F00305C0F80C909BB24560D6
:10781000BB4228BF3B4643813CB1CAF80000FB1A7B
:1078200000259FB2002FC3D192E70446F7E700BFBF
:10783000800001004D0D01247D76040882000100C6
:107840002DE9F0410F4614460546B8B1B1B10389A0
:10785000934216D34FF0000814B92046BDE8F081DA
:107860006E8907EB08016868A64228BF26463246A3
:10787000A41BFFF71DFDB0442D68EDE76FF00F006E
:10788000ECE74FF0FF30E9E710B5044648B1406837
:1078900008B1FFF71DFF21460420BDE81040FFF7A7
:1078A000D7BE10BD10B500B910BD0468FFF7ECFFDE
:1078B0002046F8E710B50446406F18B1FFF7F2FF15
:1078C0000023636710BD0000F8B50546064655F86D
:1078D000044B8CB90D4F386818B14FF0FF31FDF7EC
:1078E00043FC346824B928462C4605F061FD356018
:1078F000386808B1FDF750FCAC4204D08B22044933
:10790000044804F017FC2046F8BD00BF00730024B3
:107910007C6E06088B6E0608704710B50446702111
:1079200005F066FB204610BD08B50348FFF7CCFF05
:10793000BDE8084005F044BD0C49002408B50348E3
:10794000FFF7C2FFBDE8084005F058BD0C49002410
:10795000084B13B504460360C2660191FFF7E4FFCC
:107960000199201D10F038FC2046FFF7E7FF204664
:1079700002B010BDB86E06080368012200211B6921
:107980001847036800221B691146184700F59E70CE
:1079900005F016BD00F59E7005F030BD10B504462B
:1079A000F9F782FA2046FBF7BBFC204610BD000029
:1079B0002DE9F84304460546114B0F4604F1AC0689
:1079C00004F59E7945F8043B90460021A8222846FC
:1079D00019F05EF930461036F9F7E8FEB145F9D1F5
:1079E000484605F0E5FC42463946284611F0D6FCEB
:1079F00028462246034911F02FFB2046BDE8F883B4
:107A0000D06E0608E37A04082DE9F04103680446C5
:107A100016460F469B6804F1040804EB06159847C8
:107A20003846AC35FBF757FDA0B12846FBF753FDB0
:107A300008B904F055FF39462846FBF73FFD0122FF
:107A40004046314611F0B0FC23682046DB68BDE8B3
:107A5000F04118472846FBF73EFD08B104F056FFF9
:107A60002846FFF79BFF0022EAE7000070B5164B9F
:107A700086B0044600250360002102A8FBF700FB46
:107A800002A9EAB220460135FFF7BEFF02A8F9F7C6
:107A900010FA092DF0D1201D04F59E7504F1AC06F5
:107AA000019011F0E5FA019811F006FB284605F067
:107AB000BFFCB54204D0103D2846F9F7FAF9F8E7C3
:107AC000204606B070BD00BFD06E060810B5044653
:107AD000FFF7CCFF4FF4B071204605F089FA20463D
:107AE00010BD00EB011110B501F1AC042046FBF70D
:107AF000F2FC10B12046FBF7F7FC10BD07B5019072
:107B000004F010FC0121019811F09EFD03B05DF816
:107B100004EB04F01DBC07B5019004F003FC002148
:107B2000019811F091FD03B05DF804EB04F010BC76
:107B300007B5CDE9001004F0F5FBDDE9001011F008
:107B40007FFD03B05DF804EB04F002BC094B30B5D7
:107B50001A46094CD3F89450A542FBD1036829B1C9
:107B600081680B604FF44073536130BDC1681B04E2
:107B7000F7E700BF00640258000300804168034635
:107B800030B471B1D0E9032000F0010402B944B16E
:107B9000451001EB60000CB149598A58996830BC16
:107BA000104730BC7047036870B504460D461B682B
:107BB000984704F130002946C4F8CC5012F086FBF7
:107BC000236820465B68BDE8704018477FB50646CD
:107BD0001D46044656F8303BCDE902211B68984704
:107BE0009DF82030304683F00103DDE90221009347
:107BF0002B4612F061FD2368064620465B689847D5
:107C0000A81B18BF012004B070BD7FB506461D46F5
:107C1000044656F8303BCDE902211B6898479DF891
:107C20002030304683F00103DDE9022100932B462A
:107C300012F0DCFC2368064620465B689847A81BC8
:107C400018BF012004B070BD70B590B00D46144649
:107C500000211C2202A819F01BF801260023294646
:107C600002A800961A4603F0FAF81C22002109A87F
:107C700019F00EF80023214609A81A46009603F0D1
:107C8000EEF80A9B1A68099B1A4203D16FF00100B3
:107C900010B070BD039B1968029B194046D109A81A
:107CA0000A24FFF745FF09A8FFF728FF002109A8CC
:107CB000FFF73EFF002109A8FFF748FF052005F068
:107CC000E3FA012109A8FFF733FF012109A8FFF713
:107CD0003DFF052005F0D8FA013CE7D102A8FFF7E7
:107CE0000DFF214602A8FFF731FF052005F0CCFA71
:107CF000012109A8FFF72AFF052005F0C5FA012197
:107D000002A8FFF723FF052005F0BEFA02A8FFF73F
:107D100002FF09A8FFF7FFFE0A9B1A68099B1A4297
:107D2000B4D0039B1A68029B1A42AFD00020AFE781
:107D300010B504460021F9F711FD204610BD0022C0
:107D4000034600F1280143F8042B03F8012B994264
:107D5000FBD1704708B5D030FFF7B6FDBDE808404D
:107D600005F02EBB08B5D030FFF7AEFDBDE80840EA
:107D700005F044BBF8B51B4B04460D46164640F8CB
:107D8000043B04F13007FFF7D3FF0021164B9C2280
:107D9000A18538466361A461C4E90711C4E90911EA
:107DA00018F076FF114B04F1D000C4F8CC30FFF787
:107DB000C6FF2046FFF7CEFF324629462046A4F8EC
:107DC000F850A4F8FA60FFF73FFFB4F9FA20B4F9CD
:107DD000F810384612F0D0FB2046FFF7C3FF2046CC
:107DE000F8BD00BFE86E06087D7B0408A086010090
:107DF00070B504460D46164600219C2218F048FF37
:107E000032462946204612F0B7FB2046044912F0BC
:107E10005DFA2046012112F014F8204670BD00BF23
:107E2000A086010012F052BACAB2002342F0010249
:107E3000194611F0F3BF12F04DB812F059B810B551
:107E4000144612F08DF8001B18BF012010BD10B5AC
:107E50000446F9F729F82046FBF762FA204610BDE0
:107E60000346024A203011F0E9BC00BF7D7F0408C0
:107E700083681A6843681A4214BF012000207047C3
:107E800070B5114B054604460E4645F8043B1C22CE
:107E90000021284618F0FCFE1022002104F12000E9
:107EA00018F0F6FE04F13000F9F780FC04F1400010
:107EB000F9F77CFC31462046FFF7D2FF28463146D1
:107EC00002F0AFFF204670BD006F0608084B10B5EA
:107ED000044640F8203B11F0ABFD04F14000F8F7F8
:107EE000E8FF04F13000F8F7E4FF204610BD00BFC2
:107EF000006F060810B50446FFF7E8FF5021204642
:107F000005F076F8204610BD70B50E46044604F024
:107F100009FA3046FBF7DFFA054604F13000203459
:107F20005DB13146FBF7CAFA01222046012111F06A
:107F300013FCBDE8704004F00BBAFFF788FF2A4637
:107F4000F3E770B50E46044604F0ECF93046FBF753
:107F5000C2FA054604F1400020345DB13146FBF71A
:107F6000ADFA01222046022111F0F6FBBDE8704077
:107F700004F0EEB9FFF76BFF2A46F3E7012910B5CD
:107F800002D002290BD010BD00F130042046FBF7CF
:107F9000A2FA0028F7D02046FEF7B7FAF3E700F17F
:107FA0004004F3E7837E10B504461BB904F098FC47
:107FB0000123A37610BD837E10B504461BB104F0E7
:107FC000A5FC0023A37610BD10B5044604F0AAF961
:107FD000E37E4BB9B4F91810204613F0AFF92046F0
:107FE000FFF7E0FF0123E376BDE8104004F0B0B9ED
:107FF0000023002210B5044601834383C26103625B
:10800000FFF7E2FF204610BD10B5044604F08AF9E0
:10801000E37E3BB1204612F0F5FF2046FFF7CBFF91
:108020000023E376BDE8104004F092B910B5044691
:10803000FFF7EAFF204610BDD0F89030012B10B5B5
:10804000044686B004D9002084F8940006B010BD20
:10805000DBB204300493D0F888300393B0F99C303D
:108060000293B0F99A300193B0F998300093B0F9C7
:108070009630B0F99420B0F9921013F0B7FCB0FA32
:1080800080F04009E0E70000F8B51D461D4B0446AE
:108090000F46164640F8043B5C22002118F0F8FD1C
:1080A000BDF918304FF400322046A4F89C30226607
:1080B000BDF91C30099AA4F89E30C4F89020BDF98F
:1080C0002030114AA4F8A0300023C4F88C200F4AB5
:1080D000A4F89670A4F89860A4F89A50C4F8A43054
:1080E000A4F86430C4F8883084F89430C4E92A23B2
:1080F000FFF7A2FF20B942220549064804F01AF80A
:108100002046F8BD406F060840420F003980040841
:10811000216F06082A6F06082DE9F0479DF82070A8
:10812000044689469246022F98469DF8246024D83A
:10813000134BDB5D0BB3B6FBF3F503FB156515F0D5
:10814000FF051AD103689B6898479DF828302046A0
:1081500084F8646084F865300B9B84F86090C4F800
:108160008830236884F861A0DB6884F8628084F832
:10817000637098472846BDE8F0874FF0FF30FAE774
:10818000326F060838B590F8943004460D4693B126
:1081900003689B6898472946C4F88C50201D13F04B
:1081A00009FC0038236818BF0120DB6845422046DF
:1081B0009847284638BD4FF0FF35FAE7F8B5044632
:1081C0000F4616460021202268301D4618F060FD3B
:1081D00094F86030791C84F8683016BF00230123BE
:1081E00084F86970721C84F86A3094F8613018BFA2
:1081F000266784F86C3094F8623084F86D3014BFD0
:108200000023012384F8743094F8633084F87830C4
:1082100094F8643084F879306B1C16BF0023012376
:10822000E56784F88030D4F8883084F8843094F896
:10823000653084F88530F8BDF7B50093054690F8B1
:10824000943016460191DDE908740BB3ECB1E7B147
:108250002368EBB103689B68984733462846DDE9FD
:108260000021FFF7ABFF23463A4605F16801281DC0
:1082700013F0F6FC041E2B68284618BF0124DB68A7
:1082800064429847204603B0F0BD6FF00104F9E75F
:108290004FF0FF34F6E7F7B50093054690F89430B9
:1082A00016460191DDE908740BB3ECB1E7B1236820
:1082B000EBB103689B68984733462846DDE9002107
:1082C000FFF77CFF23463A4605F16801281D13F0AD
:1082D000A5FC041E2B68284618BF0124DB686442F5
:1082E0009847204603B0F0BD6FF00104F9E74FF066
:1082F000FF34F6E730B51D4685B090F8943004465B
:10830000CDE90221FBB103689B6898474FF0FF332A
:108310002046DDE90221FFF751FF0A9B2A4604F1BE
:1083200068010193201D099B0093089B13F0BAFC80
:108330000038236818BF0120DB6845422046984773
:10834000284605B030BD4FF0FF35F9E708B50348C2
:10835000FFF7BAFABDE8084005F032B83449002406
:1083600008B50348FFF7B0FABDE8084005F046B885
:108370003449002438B5074B0546044645F8043B0C
:10838000FFF7E4FF284613F0C7FA2046FFF7E8FF9F
:10839000204638BD406F060810B50446FFF7EAFFD7
:1083A000B021204604F024FE204610BD416803465B
:1083B00030B471B1D0E9032000F0010402B944B136
:1083C000451001EB60000CB149598A58996830BCDE
:1083D000104730BC704713B5B0F93830446800938B
:1083E000B0F93630B0F93420B0F93210201D14F055
:1083F00063FA02B010BD0000034B186818B14FF0CB
:10840000FF31FCF7B1BE70470073002470B505461C
:1084100003F088FF0A4B4FF4AC710A4C1A68002332
:108420009A420BDD01FB03F00659AE4204D104442D
:1084300003F08EFF204670BD0133F1E70024F7E71B
:108440006C5100245C490024084A08B51368052BC8
:1084500004DDAF220649074803F06CFE591C4FF4B7
:10846000AC701160044A00FB032008BD6C5100246D
:10847000696F0608716F06085C4900244368D3F8E9
:10848000EC30834210B5044610D0036F9847606803
:1084900000230430D4E9161214F0EEFB6068216E5C
:1084A000043014F037FC6368C3F8EC4010BD036877
:1084B00070B504461B690D46164698476068D0F8AB
:1084C000EC30A342C4E916560BD1002332462946AC
:1084D000043014F0D1FB236820465B69BDE870408E
:1084E00018472046FFF7CAFFF5E7036870B5044652
:1084F0001B690D46984760682566D0F8EC30A342AA
:1085000009D12946043014F005FC236820465B6934
:10851000BDE8704018472046FFF7B0FFF5E70000C0
:10852000B0F94C30013330B50DD0094B094C1A4627
:10853000D3F89450A542FBD1C36B29B1416C0B60B9
:108540004FF44073536130BD816C1B04F7E700BFEB
:10855000006402580003008038B5036804461B69B4
:10856000984794F965506B1C84F8653045B92046EE
:10857000FFF784FF29462046BDE83840FFF7D0BF0B
:1085800038BD10B590F865300446013B5BB280F809
:10859000653013B90121FFF7C3FF236820465B69EB
:1085A000BDE81040184737B504460191FFF7D4FFE6
:1085B00001996068043014F0CDFB05462046FFF7B2
:1085C000E0FF284603B030BD30B5044687B0CDE9A2
:1085D00004210393FFF7C0FF94F86450606801958D
:1085E0000A9D043005990095DDE9033214F002FC80
:1085F00005462046FFF7C5FF284607B030BD0021DD
:10860000282210B5044640F8041B18F041FB04F181
:108610001800FFF78DFB204610BD000070B5064620
:10862000054656F8044BACB9FFF7E6FE2C6864B972
:108630003046FFF7E4FF05F13000FFF7E0FF85F873
:108640006440C5E917442E603446074B186808B1EA
:10865000FCF7A2FDB44204D08B220449044803F085
:1086600069FD204670BD00BF007300247C6E0608C3
:108670008B6E06080023082210B5C0E91623038676
:1086800004460C4B0366FF23A0F8643003F04AFE57
:10869000E06EFFF7BBFE606020B9FFF7D5FEE36E2A
:1086A0006060036003F054FE6068F030FFF7B6FFCF
:1086B00010BD00BF40420F002DE9F0411E461A4B8D
:1086C0000025044603608846184B17468561836081
:1086D000C561C060C0E904552030FFF729FBBDF932
:1086E00018301C222946238704F13C03A4F8328069
:1086F0001846A786E68618F0CBFA4FF0FF3102F055
:10870000ABFB0B4BB4F93620B4F934102367B4F942
:108710003200A56614F0A2F8E0662046FFF7AAFF33
:108720002046BDE8F08100BFA46F0608AD830408B1
:10873000D7830408406808B5C430FFF7C5F8BDE822
:10874000084004F03DBE406808B5C430FFF7BCF8EF
:10875000BDE8084004F052BE0D4B10B5044603605E
:10876000FFF7E8FF63682046D3F8EC20A24204BF7D
:108770000022C3F8EC20FFF7E6FF04F12000F9F730
:108780004DFAE06908B102F0D1FF204610BD00BFEC
:10879000A46F060810B50446FFF7DEFF74212046DB
:1087A00004F026FC204610BD7047000070B500F1B3
:1087B0000C060446B0F95820B0F95610304613F0B4
:1087C0002DFDD4E918530DB9DA070ED55A1094F8D7
:1087D000681004EB6300DB0748BFA358B4F96A20B4
:1087E00048BF5D59B4F96C30A847216D304613F08D
:1087F0002FFC224630460249BDE870400FF076BE9D
:10880000F58A040873B51E46C36D04460D462BB1A8
:1088100040F235122B492C4803F08CFC2B49019275
:10882000C0E9181303681B689847019A84F86850D8
:10883000A4F86A20A4F86C60042D0BD8DFE805F0DA
:108840001603111619004FF0FF33012104F10C003B
:108850000FF042FF236820465B6802B0BDE870401D
:108860001847134602214FF0FF32EFE733462946FF
:10887000ECE70123013284F884300ED01C2004F090
:1088800083FBB4F96A6005461C22002118F000FA47
:108890003146284602F0C5FA2567B4F96C30013339
:1088A000D8D01C2004F070FBB4F96C6005461C2283
:1088B000002118F0EDF900223146284602F0B6FA00
:1088C0006567C7E7D56F0608E46F060805880408E2
:1088D00010B50446F8F7E8FA2046FAF721FD2046DD
:1088E00010BD70B506460D46044656F80C3B1B6895
:1088F00098473046294613F0ABFB23682046256590
:108900005B68BDE8704018477FB505460446019393
:1089100055F80C6BCDE902213668B047284603991B
:10892000DDE9013213F006FC236820465B6804B0E1
:10893000BDE870401847000070B50546044655F87C
:108940000C3B1B689847284613F01CFB94F88430B6
:1089500005467BB1626F6AB10B4B0C481946D3F8E0
:1089600094608642FBD1136855B9926813604FF446
:1089700040734B61236820465B689847284670BD6A
:10898000D2681B04F2E700BF0064025800030080B5
:1089900038B50546044655F80C3B1B6898472846F1
:1089A00013F000FB94F88430054643B1236F00F0C8
:1089B00001055A681B6812681A4218BF002523680F
:1089C00020465B689847284638BD0C300FF03CBE07
:1089D00010B50C460C300FF06BFE204610BD0000A9
:1089E0002DE9F04198461F4B0025044603600F46D1
:1089F0001D4B294616468560436024220C3018F032
:108A000047F904F13000F8F7D1FE04F14000F8F71F
:108A1000CDFE40F201136566A4F854304FF6FF73A3
:108A2000C4F88050A4F86A30A4F86C30A368C4F885
:108A300050805A1013F0010F04EB63006368A4F830
:108A40005670A4F8586084F8685084F88450C4E9DB
:108A50001755C4E91E551CBFA258D3589847204645
:108A6000BDE8F08104700608AD87040803682DE9AD
:108A7000F04104461B6815460F46984794F8543059
:108A8000EE1C03B17DB194F855300BB1012D0AD025
:108A9000394604EB0610FAF711FD236820465B689F
:108AA000BDE8F041184703F03DFC384604EB0616DC
:108AB00004F10C08FAF70FFD88B13046FAF70BFD08
:108AC00008B903F00DFF39463046FAF7F7FC0122EA
:108AD000294640460FF016FD03F03AFCDDE730462C
:108AE000FAF7F9FC08B103F011FF3046FFF7F0FE8A
:108AF0000022EDE7033110B500EB01142046FAF730
:108B0000EAFC10B12046FDF700FD10BD036870B50A
:108B100004461B680D46984794F85430AB422DD05C
:108B200065B194F855304BB9A2686368511004EBF5
:108B30006200D20744BF6258D358984704F1300608
:108B400003F0F0FB05B33046FAF7C5FC50B13046F0
:108B5000FAF7CAFC03F0C4FE0122002104F10C0064
:108B60000FF0D0FC03F0F4FB84F8545035B994F8BE
:108B700055301BB904F10C0013F0EAF823682046C5
:108B80005B68BDE87040184704F10C002A4629468E
:108B90000FF0B8FC3046FAF79EFC0028E2D003F054
:108BA000B5FEDFE7036870B504461B680D469847BD
:108BB00094F85530AB422DD065B194F854304BB990
:108BC000A2686368511004EB6200D20744BF625888
:108BD000D358984704F1400603F0A4FB05B3304690
:108BE000FAF779FC50B13046FAF77EFC03F078FED4
:108BF000012204F10C0011460FF084FC03F0A8FBE5
:108C000084F8555035B994F854301BB904F10C0070
:108C100013F09EF8236820465B68BDE87040184753
:108C200004F10C002A4601210FF06CFC3046FAF7E3
:108C300052FC0028E2D003F069FEDFE71FB5184BB5
:108C40000446002103606846FAF71AFA00226946D2
:108C50002046FFF70BFF6846F8F72BF9002168461E
:108C6000FAF70EFA012269462046FFF7FFFE684632
:108C7000F8F71FF994F8543013B994F855301BB134
:108C800004F10C0013F064F804F14000F8F711F956
:108C900004F13000F8F70DF9204604B010BD00BF14
:108CA0000470060810B50446FFF7C8FF8821204667
:108CB00004F09EF9204610BD437D10B504461BB15B
:108CC000037D0BB103F022FE204610BD13B5044610
:108CD00001A802F033FD637D53B9237D0BB103F08E
:108CE000FFFD206902F075FB0123C4E900016375F3
:108CF00001A802F02BFD02B010BD37B5044601A853
:108D00000D4602F01BFD00230022C4E900236B7D09
:108D10004BB1286902F05DFBD5E90032C01A61EB66
:108D20000201C4E9000101A802F010FD204603B0D1
:108D300030BD30B585B00D46044603A802F0FEFCF8
:108D400029466846FFF7D9FF009B019AD5E9021032
:108D50005B1840EB020203A8C4E9003202F0F6FC03
:108D6000204605B030BD13B5044601A802F0E6FC6C
:108D7000206902F02EFB00220023C4E90001C4E9AF
:108D8000022301A802F0E2FC02B010BDD0B500231E
:108D9000002600270446016102754375C0E900679B
:108DA000C0E90267FFF7DFFF2046D0BD10B50446DB
:108DB00002F022FB012201462046FFF7E7FF204692
:108DC00010BD10B5044602F06DF8002201462046A1
:108DD000FFF7DCFF204610BD03681B681847000042
:108DE00010B5084B04460022084623600023A16109
:108DF0000549C4E902230023C4E9043302F078FAE8
:108E0000204610BD1C700608D98D040807B500F176
:108E100008010090806902F0A9FA03B05DF804FB34
:108E200000F10801806902F0B9BA002070476FF0C4
:108E30001C0070476FF01C0070476FF01500704702
:108E40006FF0150070470120704701207047002027
:108E500070470020704770B511F0010405468EB2CE
:108E600004D0FFF769FD041E18BF0124F30605D5E1
:108E70002846FFF78DFD08B144F01004204670BD70
:108E8000A0F18800FFF7E7BF08B5FFF73FFE00201D
:108E900008BDA0F18800FFF7F7BF08B5FFF782FE15
:108EA000002008BDA0F18800FFF7F7BF034B10B505
:108EB00004460360FFF7C2FE204610BD2870060876
:108EC000A0F18800F2E700BF10B50446FFF7EEFFFF
:108ED0008C21204604F08CF8204610BDA0F18800BB
:108EE000F2E72DE9F04106460D461746CAB103F0F8
:108EF00016FA80F0010313F0FF0403D03368304604
:108F00001B68984705EB0708454505D015F8011B78
:108F10003046FFF75DFDF7E71CB1336830465B680C
:108F200098473846BDE8F081A0F18800FFF7D9BF27
:108F300038B504460D4662B103681B689847204661
:108F4000FFF743FD2870236820465B68984701209F
:108F500038BD1046FCE7A0F18800FFF7E9BF00002C
:108F600010B50446FFF73CFD044B204603F1080210
:108F700044332260C4F8883010BD00BF207006085A
:108F800030B5056885B0044601932D68CDE902210E
:108F9000A84720460399DDE90132FFF733FC236837
:108FA00020465B6805B0BDE83040184710B5044660
:108FB000F7F77AFF2046FAF7B3F9204610BD70B5EF
:108FC00004460E4603F0AEF9A5695DB104F1080050
:108FD000FFF7ECFF012384F8216084F820300023A0
:108FE000E361A36103F0B4F92DB121462846BDE841
:108FF000704000F078B970BD08B104F0E1B903F039
:1090000091B908B104F0FAB903F0A2B92DE9F04121
:10901000044686B00E46174603F084F9A56903F0AE
:1090200097F935B301AD0021284604F023FA03F087
:1090300079F9D4E9068323B139220F490F4803F0A7
:1090400079F8E56103F084F9B8F1000F0ED03946E4
:10905000284604F017FA48B93046FFF7CDFF2046FE
:109060000121FFF7ACFF3046FFF7CBFF284604F0A5
:109070002AFA06B0BDE8F081C9700608D570060866
:1090800038B50025054B0446456040F8083BF8F725
:109090008DFB20462584C4E9065538BDFC700608C2
:1090A000074B10B503600446836923B126220549A6
:1090B000054803F03FF80830F7F7FBFE204610BDE7
:1090C000FC700608C9700608E370060830B504464F
:1090D00085B003F027F904F1080568462946FDF735
:1090E0000EFA2846FFF762FF0023E069A36108B18A
:1090F00004F0E6F903F02CF96846FAF7ECF910B140
:109100006846FDF702FA6846F7F7D3FE05B030BDB2
:1091100000220160C0E901220122027370477047FA
:109120000346007B30B1D3E90020136898428CBF1E
:109130000020012070470123D0F800C02DE9F04342
:1091400003FA01F11F4682EA030E1CF823500D4278
:1091500004D005F030053AB1102D07D10133112BA1
:10916000F3D14FF0FF300FE0002DF7D05C00D0F8C6
:109170000880023C42EA040607FA06F919EA080FD9
:10918000ECD1202D02D03046BDE8F0834EEA040435
:1091900007FA04F414EA080FF5D0DFE770B50D46BE
:1091A000114604461E462A46FFF7C5FF002802DA8C
:1091B0000020207370BD42082168636801EB8201C2
:1091C000CD8849791D44012306FB0151616003FAF2
:1091D00000F1A36842EAC0100B43C0B2A360E9E704
:1091E00013460A460121FFF7D9BF13460A4600215C
:1091F000FFF7D4BF13B504460A4601910021FFF7DB
:10920000EFFF019A0021204602B0BDE81040FFF7B1
:10921000ECBF0022C0E90022704770470068704729
:1092200000230B60436813B9016041607047196007
:10923000FBE703682BB11A6802B9426002600022A2
:109240001A601846704710B50468002223468B4206
:1092500003D083B11A461B68F9E70AB10B681360A3
:109260008C4204BF0B68036043688B424FF00003DD
:1092700008BF42600B6010BD10B50446FFF7C9FF80
:10928000204610BD08B5FFF7C9FFB0FA80F04009CD
:1092900008BD70B505462846FFF7C0FF044678B103
:1092A00050F8043C061F9B683046984740B128465A
:1092B000FFF7BFFF54F8043C3046DB689847EAE705
:1092C00070BD70B504460D46FFF7A8FF0646291D80
:1092D0002046AC61FFF7A4FF26B92046BDE87040E8
:1092E000FFF7D7BF70BD70B50C460546FFF796FF78
:1092F000064604B1043421462846FFF7A4FFA642DF
:1093000004D12846BDE87040FFF7C3BF70BD10B55B
:1093100004462046FFF782FF28B150F8043C043889
:10932000DB689847F5E710BD10B50446FFF7EFFF7F
:109330002046FFF772FF204610BD704730B50D463E
:109340000E4985B0044640F8041BCDE90232F8F717
:109350002DFA002104F1400004F08CF804F15400CF
:1093600004F026F80899204600912946DDE90232EA
:1093700004F0FAF8204605B030BD00BF0C810608A5
:10938000704703689B6D184770B5002386B04FF493
:10939000897490F82013CDF8063005AE8DF80A30A8
:1093A0000389ADF804400224ADF8103040F20123E7
:1093B0004268ADF8123040F203138DF8074001AC5B
:1093C000ADF8143000F10A038DF80B101D4603921E
:1093D0002246083303CAB24243F8080C43F8041C7F
:1093E0001446F5D1128828461A8006B070BD0000D8
:1093F00000487047E4730608004870471C7406086C
:1094000000487047E8730608004870472E74060845
:10941000004870471474060800487047FE73060839
:10942000036810B504465B6F9847D4F8EC020368F4
:109430001B6F9847236820469B6FBDE81040184774
:1094400008B5D0F834332BB940F2CD620249034855
:1094500002F070FE08BD00BF2971060837710608CA
:1094600010B5044602F05EFFD4F834330133C4F87B
:1094700034332BB94FF4D7620249034802F05AFE45
:1094800010BD00BF297106083771060838B5D0F83D
:1094900034330446012B10D10025D4E9C93000F043
:1094A000010203B94AB1411004EB6000C4E9C95597
:1094B0000AB16258D3589847EFE7D4F834332BB940
:1094C00040F2C6620549064802F034FE013BC4F88A
:1094D0003433BDE8384002F03BBF00BF29710608B5
:1094E00037710608002307B51A460249024800935F
:1094F00003F0B8F8437106080E011580002307B584
:109500001A4602490248009303F0ACF86B71060852
:1095100004011580036873B50446DB6F9847B4F8FF
:10952000F8120B12022B25D0032B56D0012B04D19D
:10953000236820461B6B984708B9002018E0236871
:1095400020461B6B98470678122EF6D123682046DA
:109550001B6B98474578012DEFD123682046C4F84E
:1095600004631B6B9847C4F80003284684F808532B
:1095700002B070BDC9B2236820465B6B0191984769
:109580000028DAD02368204601995B6B984703785E
:109590000199092BD1D1236820465B6B984743780A
:1095A0000199022BC9D1236820465B6B9847236839
:1095B000857820465B6B01999847C37801992046CE
:1095C00045EA03252368C4F804535B6B9847C4F845
:1095D0000003012084F80803CAE7C9B20529ACD802
:1095E000DFE801F0030F19232D37236820469B6B1A
:1095F00098470378C4F8043323689B6B2046984748
:10960000E5E723682046DB6B98470378C4F804330A
:109610002368DB6BF2E7236820461B6C98470378CE
:10962000C4F8043323681B6CE8E7236820465B6CAE
:1096300098470378C4F8043323685B6CDEE723683B
:1096400020469B6C98470378C4F8043323689B6CCE
:10965000D4E723682046DB6C98470378C4F80433CA
:109660002368DB6CCAE70B78DB0913700B78C3F354
:10967000411353700B7803F01F0393704B78D37032
:10968000C8788B7843EA0023938048790B7943EAC2
:109690000023D380C8798B7943EA00231381704774
:1096A000036870B504465B6F0D46984794F80C3319
:1096B000022B05D040F23D120849094802F03AFD5C
:1096C000084B204684F81053C4F824330023C4F810
:1096D00028332368BDE870409B6F1847297106083E
:1096E0008A710608A79B040838B503680446DB6F37
:1096F000984794F8083313B10025284638BDD4F8AC
:10970000EC0203685B6C9847D4F804239042F3D8CA
:10971000D4F80013121A0144C4F80423C4F8001347
:10972000A2B9022394F80A5384F80C3345B1236894
:1097300004F53D71204684F80A239B6E9847DCE7C8
:1097400001212046FFF7ACFF0125D6E7D4F8EC0253
:10975000D4F820430368A2421B6C28BF22469847D6
:10976000F2E70000036813B50446DB6F984794F8EE
:109770001C33012B06D800230F491A4600930F48CB
:1097800002F070FF94F80C3323B100230C491A4601
:109790000093F4E794F80B33032B0BD02046FFF72C
:1097A000A3FF38B9D4F8EC020368DB6C02B0BDE863
:1097B0001040184702B010BD437106080E01158015
:1097C000B571060838B503680446DB6F984794F80E
:1097D0000833012B3BD1D4F8045335B994F809333D
:1097E0000BB901252CE084F80953D4F82023D4F8D0
:1097F000EC029542D4F80013036828BF15469B6C11
:109800002A469847D4F80033D4F804232B44551B38
:10981000C4F80033C4F80453002DE2D194F80923AE
:10982000002ADED1022394F80A5384F80C334DB198
:10983000236804F53D71204684F80A239B6E9847FF
:10984000284638BD01212046FFF72AFFC9E7002539
:10985000F6E7036810B50446DB6F984794F81C33AD
:10986000012B01D8FFF73EFE94F80B33032B0AD0EF
:109870002046FFF7A7FF30B9D4F8EC020368BDE833
:109880001040DB6C184710BD036870B504465B6F71
:109890000D46984794F80C33032B05D04FF4C37250
:1098A0000849094802F046FC084B204684F810534A
:1098B000C4F824330023C4F828332368BDE870407B
:1098C0009B6F184729710608FF710608BFA404089A
:1098D000036810B50446DB6F9847012004F21D337E
:1098E000C4F80403C4F8003384F8080310BD036807
:1098F00010B50446DB6F984794F81C33042B05BF62
:10990000B4F82E3301200020A4F8FA3201BF04F588
:109910004C73C4F80403C4F8003384F8080310BD82
:10992000036810B5DB6F044698470423204694F87B
:10993000F82284F80C332368B4F8FA121B6F9847A6
:10994000012010BD036870B504465B6F0D46984753
:1099500094F80C33042B05D04FF4EB7208490948F6
:1099600002F0E8FB084B204684F81053C4F8243377
:109970000023C4F828332368BDE870409B6F184764
:10998000297106082B720608379C0408036810B575
:109990000446DB6F984794F81C33042B02D0B4F8CC
:1099A000FA328BBB94F8F632012B0FD0022B10D079
:1099B00053BB164B01221A80144B0120C4F800330C
:1099C000022384F80803C4F8043310BD0F4B0022AF
:1099D000F1E7B4F8FA2222F08F03ABB912F00F0FBF
:1099E0000A4902D100230B80E6E7530003F01E036F
:1099F00043EAD2131822023B02FB034393F83030B0
:109A00009B07EFD50123EEE70020DEE7705100242D
:109A1000036810B5044690B0DB6F9847D4F8EC02A9
:109A2000D4F8202369460368DB6B984704F53D7240
:109A300069462046FFF717FE002311462046C4F86A
:109A40000833C4E9C033012384F80C3323685B6E08
:109A5000984710B010BD036810B50446DB6F9847F7
:109A600094F81C33012B01D8FFF73CFD012394F837
:109A70000C2384F82C3322B92046BDE81040FFF7B0
:109A8000C7BF84F82D3310BD2DE9F0411D46036892
:109A900004460F465B6F1646984794F80C33012B2B
:109AA00005D040F2BA220A490A4802F043FB0A4BA9
:109AB000204684F81073C4F824330023C4F82833F4
:109AC0002368C4E9C5659B6FBDE8F041184700BF36
:109AD000297106085372060877A30408036810B5B5
:109AE0000446DB6F9847B4F8FC3293B394F8F40261
:109AF00094F80823012825D1012A06D0D4F8EC02D5
:109B00000368DB6CBDE810401847D4F804239A4280
:109B100001D9C4F804330128D4F8041326D18B42A8
:109B200008D9D4F82033B1FBF3F203FB12120AB9BF
:109B300084F809030223204684F80B33BDE8104063
:109B4000FFF740BE002AD9D1D4F804239A42E2D0CC
:109B5000D4E7D4F8EC02D4F804230368002AD0D167
:109B600003219B6C84F80B1311460DE00123D4F8FC
:109B70002023D4F8EC028A4284F80B33036828BF10
:109B80000A46D4F800131B6CBDE810401847036860
:109B900010B5DB6F04469847002384F82D33032368
:109BA00084F80B3310BD036810B5DB6F044698478B
:109BB000002294F8103384F80C2394F82D2322B15A
:109BC0002046BDE81040FFF7E2BF33B9D4F8EC02FD
:109BD0000368BDE81040DB6C184794F80B33012B89
:109BE0000AD10323D4F8EC0284F80B3303689B6C8E
:109BF0001146BDE810401847022B07D10323D4F8C3
:109C0000EC0284F80B3303681B6CF1E710BD0368AA
:109C100010B5DB6F04469847002384F82C3394F882
:109C20000C3323B92046BDE81040FFF7B0BF012335
:109C300084F82D3310BD036810B5DB6F04469847D8
:109C4000002294F8103384F80C2394F82D2322B1C9
:109C50002046BDE81040FFF79ABF63B1B4F8FA326E
:109C60002046A4F82E33B4F8F83284F83033BDE837
:109C70001040FFF733BFD4F8EC020368BDE8104092
:109C8000DB6C1847036810B504465B6F984794F87F
:109C9000F03283B9D4F8EC02214603689B689847F8
:109CA000D4F8EC02402103689B6B98470123C4F869
:109CB000200384F8F032236820469B6FBDE81040F3
:109CC000184738B5036804465B6F984794F81C53EF
:109CD00023682046EDB29B6F98472B1F584258418E
:109CE00038BD036810B504465B6F98472046FFF700
:109CF000C9FF94F8F1323BB9D4F8EC0203685B6910
:109D00009847012384F8F132236820469B6FBDE811
:109D100010401847D0F8EC0203685B6B184738B561
:109D200003680D4604465B6F98472B07204617BF14
:109D30006A00D4F8205302F01E0242EAD5131FBF76
:109D40001822023B02FB03439D8D23689B6F9847BB
:109D5000284638BD0368F7B50E465B6F0546984741
:109D600036F08F0701D1320706D100231749184872
:109D70001A46009302F076FC7400182304F01E04C7
:109D800044EAD614023C03FB045494F83030DB0759
:109D900009D42846FFF795FF80B140F28C520D4957
:109DA0000D4802F0C7F994F831303BB1D5F8EC0218
:109DB00031460368DB6E984784F831702B6828467B
:109DC0009B6F03B0BDE8F040184700BF6B710608F9
:109DD000040115802971060876720608036873B5B8
:109DE0000E465B6F0446984716F0700F01D131079D
:109DF00006D100231A491B481A46009302F032FC90
:109E00007500182305F01E0545EAD615023D03FB33
:109E1000054595F83030DA0709D42046FFF751FFA1
:109E2000B0B140F2CC421049104802F083F943F03F
:109E30000203314685F83030D4F8EC0203689B6D9C
:109E4000984795F831301BB131462046FFF782FF25
:109E5000236820469B6F02B0BDE87040184700BFE2
:109E60006B710608040115802971060876720608D0
:109E7000036810B50446DB6F984794F81C33042B35
:109E800002D0B4F8FA32A3B994F8F632022B10D10A
:109E9000B4F8FA1231F08F000BD111F00F030AD091
:109EA000B4F8F83223B92046C9B2FFF797FF012072
:109EB00010BD0020FCE71846FAE70000036873B500
:109EC0000E465B6F0446984716F0700F01D13107BC
:109ED00006D100231C491D481A46009302F0C2FB1C
:109EE0007500182305F01E0545EAD615023D03FB53
:109EF000054393F83020D20709D42046FFF7E1FE4E
:109F0000D8B140F2F1421249124802F013F993F825
:109F100031301BB131462046FFF71CFF1823314674
:109F200003FB054595F8303023F0020385F8303007
:109F3000D4F8EC020368DB6D9847236820469B6FDA
:109F400002B0BDE8704018476B7106080401158027
:109F50002971060876720608036810B50446DB6F9F
:109F6000984794F81C33042B02D0B4F8FA32A3B902
:109F700094F8F632022B10D1B4F8FA1231F08F00B7
:109F80000BD111F00F030AD0B4F8F83223B92046F0
:109F9000C9B2FFF793FF012010BD0020FCE718466F
:109FA000FAE700002DE9FF41984603680E46039248
:109FB0005B6F0746984736F08F0403D116F00F0FFA
:109FC000039A06D10023204920481A46009302F044
:109FD00049FB7500182305F01E0545EAD615023D1C
:109FE00003FB057595F83030DB070AD43846FFF7D8
:109FF00068FE044688B140F2AF521549154802F098
:10A0000099F8AB8D434505D923462246124913489A
:10A010000094DCE795F8311039B13B6838469B6F06
:10A020009847204604B0BDE8F081D7F8EC020168FB
:10A030000C6E3146A04704460028EED095F831302A
:10A04000013385F83130E8E76B71060804011580AB
:10A0500029710608767206088472060805011580C3
:10A06000036837B50D465B6F0446984715F0700FCF
:10A0700001D12A0706D10023154916481A46009334
:10A0800002F0F0FA6B00182203F01E0343EAD51326
:10A09000023B02FB034393F83030DB070AD420462F
:10A0A000FFF70FFE054660B140F2E9520A490B483E
:10A0B00002F040F8D4F8EC02294603685B6E98473A
:10A0C0000546236820469B6F9847284603B030BD5D
:10A0D0006B7106080401158029710608767206085E
:10A0E0002DE9FF41984603680E4603925B6F0746D1
:10A0F000984736F08F0503D116F00F0F039A06D15B
:10A100000023224922481A46009302F0ABFA740059
:10A11000182304F01E0444EAD614023C03FB047422
:10A1200094F83030DB070AD43846FFF7CAFD0546FD
:10A1300088B140F20A621749174801F0FBFFA38D6E
:10A14000434505D22B462A46144915480095DCE7BD
:10A1500094F831303BB13B6838469B6F98472846AE
:10A1600004B0BDE8F081D7F8EC02314603689D6E7B
:10A170004346A847054638B194F83130A4F82E80FC
:10A18000013384F83130E6E7E085E4E7D57206086C
:10A19000040115802971060876720608F372060814
:10A1A00005011580036837B50D465B6F0446984777
:10A1B00015F0700F01D1290706D100231249134869
:10A1C0001A46009302F04EFA6A0002F01E0242EABA
:10A1D000D5131822023B02FB034393F83020D20729
:10A1E0000AD42046FFF76DFD054630B140F24962C2
:10A1F0000749084801F09EFFDD8D236820469B6FCC
:10A200009847284603B030BD6B71060804011580DD
:10A210002971060876720608036870B50446DB6F7C
:10A220000D46984794F81C2384F81C53AA42D3B2D5
:10A2300026D0032B09D9032D8CBF00260126012B24
:10A2400005D9012D03D88EB103E00026F7E786B1CA
:10A2500000264FF43472002104F11C0016F018FDA2
:10A26000002384F81D3384F8F23216B12046FFF73C
:10A27000CEFC2368294620461B6EBDE87040184777
:10A2800070BD036810B50446DB6F9847D4F8EC0244
:10A2900094F8F8120368DB6A9847B4F8F8322BB9DF
:10A2A00002212046FFF7B8FF012010BD0321F8E787
:10A2B000036810B50446DB6F984794F8F81284F8E9
:10A2C0001D1351B9D4F8EC0203681B6A98470321A7
:10A2D0002046FFF7A1FF012010BD0123204684F88E
:10A2E000F232032384F80C332368DB6E9847F2E7DD
:10A2F000036810B50446DB6F984794F8F532C3BB8A
:10A3000094F8F7320B2B34D8DFE803F0060B331048
:10A3100033151A331F24292E2046BDE81040FFF7BD
:10A3200035BB2046BDE81040FFF716BE2046BDE80D
:10A330001040FFF79DBD2046BDE81040FFF7A1BFCC
:10A340002046BDE81040FFF7E5B82046BDE81040C4
:10A35000FFF7BEBA2046BDE81040FFF7A9BF204670
:10A36000BDE81040FFF7C3BA2046BDE81040FFF734
:10A37000D7BA002010BD036810B5DB6F04469847BC
:10A38000002094F8103384F80C0394F82D03D4E9DA
:10A39000C52190B1012B0BD8022304F53D71204655
:10A3A000012284F80C332368BDE810409B6E1847E7
:10A3B0002046BDE81040FFF7EABB042B12D120462F
:10A3C000FFF796FF30B9D4F8EC020368BDE81040FF
:10A3D000DB6C184794F80C3373B92046BDE8104085
:10A3E000FFF77CBB032BEED0012084F8083384F800
:10A3F0000A03C4E9C021F0E710BD036810B50446A4
:10A40000DB6F984702212046FFF706FF0023204616
:10A4100084F81E33FFF7FBFB23682046DB6DBDE8A5
:10A4200010401847036810B504465B6F984794F8CE
:10A43000F1323BB1D4F8EC0203689B6998470023E2
:10A4400084F8F13294F81C33012B03D90121204602
:10A45000FFF7E2FE0023204684F81D3384F81E3304
:10A460002368BDE810409B6F1847036810B5044689
:10A470005B6F984794F8F03253B12046FFF7D2FF54
:10A48000D4F8EC020368DB689847002384F8F032C4
:10A49000236820469B6FBDE81040184738B5036815
:10A4A0000D460446DB6F984745B994F81C332BB131
:10A4B00029462046BDE83840FFF7AEBE38BD0368E8
:10A4C00070B50446DB6F984794F82D3394F8106309
:10A4D00003B97EB92046FFF7F4FB054650B90146A3
:10A4E0004FF4347204F11C0016F0D2FB84F81D53B3
:10A4F00084F8F252002384F80C3394F82D3323B1FE
:10A500002046BDE87040FFF742BBD4F8EC02036878
:10A5100056B1DB69984720460421FFF77DFE2046AF
:10A52000BDE87040FFF7DABADB6CBDE87040184751
:10A530002DE9F04F914685B002680E46039304461C
:10A54000526F904716F0700F03D116F00F0F039B58
:10A5500006D10023264927481A46009302F082F8C4
:10A5600094F8F282B8F1000F07D1236820469B6F60
:10A570009847404605B0BDE8F08F75004FF0180BC6
:10A5800005F01E0545EAD615AF1E0BFB074797F8E9
:10A5900030A01AF0010A05D04FF48E621649174810
:10A5A00001F0C8FDB9F5806F04D940F2714212493B
:10A5B0001348F5E7D4F8EC0231460268D2F850802F
:10A5C0004A46C04780460028CFD0013D0E990BFB7C
:10A5D0000545281DF8F772FF97F8303087F831A04D
:10A5E00043F00103A7F82C9087F83030BDE700BF97
:10A5F0006B7106080401158029710608147306089A
:10A60000367306082DE9F047054698461E4B04466A
:10A610000F46914645F81C3B00F53B7A2E463046E6
:10A620001836F7F7C3F8B245F9D1BDF820304FF42A
:10A630003472002128462381A4F80490A4F80680EF
:10A6400016F026FB2822002104F53D7016F020FBB1
:10A6500000230122204684F80C33C4F8EC72A4F8DD
:10A66000F03284F8F232C4F8343384F8303384F8AA
:10A670001C2384F81D3384F81E33C4E9C833C4E9AD
:10A68000CA33BDE8F08700BF647306080D4B70B590
:10A690000360044690F8F0322BB140F262520A494E
:10A6A0000A4801F047FD04F53B7504F11C06FFF76D
:10A6B000DCFEB54204D0183D2846F6F7FAFBF8E771
:10A6C000204670BD64730608297106084E7306089B
:10A6D00038B503680D460446DB6F984715F0700FD8
:10A6E00001D12B0701D1FEF709FF6B00182003F001
:10A6F0001E0343EAD5118B1E00FB034393F8312060
:10A700006AB10139013A00FB014483F83120043475
:10A710002046F8F7E0FE10B12046FBF7F6FE38BD04
:10A7200038B503680D460446DB6F984715F0700F87
:10A7300001D12B0701D1FEF7E1FE6B00182003F0D9
:10A740001E0343EAD5118B1E00FB034393F831200F
:10A750006AB10139013A00FB014483F83120043425
:10A760002046F8F7B8FE10B12046FBF7CEFE38BD04
:10A770004FF0FF3100F079B937B504464C30019104
:10A780001546FDF7D5FA019921B90A46204600F091
:10A7900014F803E02DB9204600F048F8204603B035
:10A7A00030BD2A46F2E710B5044600F052F804F135
:10A7B0004C00F7F733FA204610BD032938B504469C
:10A7C00007D9D31C23F003039A1A8A1A22F0030133
:10A7D0001A4600230D46E260C4E904330DBB226231
:10A7E0002560C4E9065100F00BFA00F00BFA258150
:10A7F000606004F13000A57284F82450C4E90A5561
:10A8000000F020FA00280BDB04F1440000F012FAFB
:10A81000002805DB04F1480000F00CFA00EAE070C3
:10A8200038BD23696D0801332361D7E737B5054685
:10A830000846019115F0E0FD044638B10246019941
:10A840002846FFF7BAFF6C6103B030BD4FF0FF3010
:10A85000FAE770B504460568B5B9A36A1BB14FF0B5
:10A86000FF31E06A984704F1480000F0E5F904F18F
:10A87000440000F0E1F904F1300000F0EBF9606908
:10A88000BDE8704015F0C0BDEE6836B9EB6913B194
:10A8900005F124009847AD68DEE7F36913B106F1CE
:10A8A00024009847F668F0E773B50646273148302C
:10A8B00021F00305019000F0C0F906F11803B46916
:10A8C00001985CB9F3699D4223D8346A5B1B621915
:10A8D000F361012332622560A37107E0226895428B
:10A8E00013D8E26872B11A60A368936000F0A7F908
:10A8F00000234FF0FF32E361C4E9053224342046DF
:10A9000002B070BDA2681A60F0E704F10803A46801
:10A91000D7E700F094F9F2E751F8083C73B5054623
:10A920000C460BB108469847EB6833B1A4F12406F6
:10A93000B34202D82B6AB34204D2002304F81E3C6F
:10A9400002B070BD05F14800019000F076F905F104
:10A950001802AB690198ABB11D6854F8241C8D42F4
:10A960000CD30FD144F8183C13689B6844F81C3C86
:10A97000166002B0BDE8704000F061B903F1080252
:10A980009B68E8E7002344F8183C1368EEE7F8B545
:10A990004B6900F1440705460C469B1A1646002BEE
:10A9A000ACBFD318131C4B61038938468B8000F071
:10A9B00044F9284603687BB359696269A1EB020C2C
:10A9C000BCF1000F25DB914226D19B68A36013B137
:10A9D00004F108021A6103682246002142F80C3F84
:10A9E00099601A61AB6A046020616BB195F824200C
:10A9F00052B12A68A24207D1E2682AB96169E86ABD
:10AA0000891B21EAE17198473846BDE8F84000F01B
:10AA100016B903F10800CDE7A36013B104F10802F1
:10AA20001A610023E360DDE7F8B5144605460F46DA
:10AA3000A2F1240600F0E6F854F8103C0246314634
:10AA4000034444F8047C284644F8103CFFF79FFF79
:10AA5000296914F81E4C05F130008C40E968761A1B
:10AA600000F0FAF834432046F8BD2DE9F74F0446CC
:10AA70000F464FF0000800F0C5F804F14406054603
:10AA800007EB000984F82480304600F0D6F86368AC
:10AA900001A95B1B002B2368D8BF656001931BB124
:10AAA0005A69521B002A37DD236003B11C61C1F8CB
:10AAB0000080019D15B1238901332381304600F0C8
:10AAC000BEF801A965BB019D4FF0010A002D34D1EC
:10AAD00000F098F8002F82465CDBA9EB0005002D02
:10AAE0005ADCA36A9BB1304600F0A7F8A36A43B1D1
:10AAF000226832B15169E06AA1EB0A0121EAE171F1
:10AB000098470123304684F8243000F098F8002359
:10AB1000A37203B0BDE8F08F03F108019B68BEE7A4
:10AB2000A8682B4600229A601A46DB68002BFAD1EF
:10AB30000A6005F108010546C4E72B6AD5F808B09C
:10AB400013B105F124009847AA69002A0BDB6B6951
:10AB500013446B6100F056F8294602462046FFF781
:10AB600016FF5D46B2E7E36873B1AB420CD8236AC7
:10AB7000AB4209D3AB7922690133DBB213FA02F29B
:10AB800014BFAB7185F806A005F124012046FFF73C
:10AB9000C3FEE6E74FF0FF35304600F04EF823687D
:10ABA0003BB15969A1EB0A0121EAE1718D4228BF4D
:10ABB0000D46304600F043F8294604F1300000F01D
:10ABC0004EF8A37A7BB1304600F037F8A37A3BB158
:10ABD00000233046A37203B0BDE8F04F00F02FB859
:10ABE000304600F02CF800F00DF805464CE740F830
:10ABF000101C704740F80C1C704740F8081C704748
:10AC000001F0C6BD07B501F084FB70B1084B684682
:10AC1000196800F06FFF4FF47A720023DDE900013C
:10AC200013F044FA03B05DF804FB02F081FBF9E78E
:10AC3000785F002400207047704701F073BB01F07B
:10AC400087BB0000024908B502F04CFB002008BD9C
:10AC50003474060802F04FBB012102F049BB08B56D
:10AC6000012341EAE172194602F060FB431E58429B
:10AC7000584108BD30B52A4C89B005462378BFF34A
:10AC80005B8FDA0711D4204601F03CFF68B1254AFA
:10AC90004FF440712448FFF76FFD204601F054FF48
:10ACA000224A2349204801F01DFF224C2378BFF39C
:10ACB0005B8FDB0713D4204601F024FF78B14FF4FB
:10ACC000006218211C4B1D480095FEF737FB2046FB
:10ACD00001F03AFF154A1A49184801F003FF1748D6
:10ACE00002F06EFC10F0EF0016D1164B154A0E491B
:10ACF000CDE90230034604A8FBF770FC04A90F4815
:10AD000002F0DCFC044604A8F6F7D3F824B12F22A5
:10AD10000D490E4801F00EFA034809B030BD00BFDE
:10AD2000385A0024985A00243C5A00240000002479
:10AD3000A7A7040874510024385200247851002435
:10AD40006DD6040871A70408537406086A740608CF
:10AD500008B50248FFF78EFF08BD00BF79740608EA
:10AD600070470000EFF3108372B6054A117831B9CD
:10AD7000DB43044903F001030B7001231370704798
:10AD8000995D0024985D002408B5EFF31083DB4340
:10AD900013F0010304D036220549064801F0CAF930
:10ADA000054A1370054B1B7803B162B608BD00BF9E
:10ADB000A1740608BD740608995D0024985D0024FE
:10ADC000014B1878704700BF995D0024094B30B5DE
:10ADD0001A46094CD3F89450A542FBD1036829B117
:10ADE00081680B604FF44073536130BDC1681B0430
:10ADF000F7E700BF006402580003008070B50E46FC
:10AE0000044615460EF0FCFB013609D02046002111
:10AE10000EF01AFC29462046BDE870400EF010BC2A
:10AE200070BD0022FFF7EABFFFF7E8BF70B50E461E
:10AE3000044615460EF0E4FB01360CD020462946A8
:10AE4000FFF7C4FF01210EF0FFFB20460021BDE803
:10AE500070400EF0F5BB70BD0022FFF7E7BFF8B5FC
:10AE6000069F04460E461D4652B91A46FFF7C6FF16
:10AE7000013616D039462046BDE8F840FFF7A6BF98
:10AE80000EF0BEFB01360CD020463946FFF79EFF80
:10AE900001210EF0D9FB29462046BDE8F8400EF00E
:10AEA000CFBBF8BD00487047D8740608024B1B683A
:10AEB0000BB1024818477047E40C0024D874060808
:10AEC0001FB5431C10D105B05DF804FB83420AD1C5
:10AED000896803900FF066FF0021039805B05DF8C4
:10AEE00004EB10F017B80C31B1F900305A1CEDD159
:10AEF0000023024602490348009301F0B3FB00BF60
:10AF00000475060830010180884207B502460AD060
:10AF1000431C08D0013105D00023054905480093A2
:10AF200001F0A0FB0146084603B05DF804FB00BF3A
:10AF30001575060830010180B1F900305A1C01D1A5
:10AF400018467047834201D1486870470C31F3E7D7
:10AF5000421C13B504460AD0FFF7EEFF431C06D18E
:10AF60000023224603490448009301F07BFB02B012
:10AF700010BD00BF2675060830010180B1F9003010
:10AF80005A1C01D118467047834201D18868704726
:10AF90000C31F3E7421C13B504460AD0FFF7EEFF6D
:10AFA000431C06D10023224603490448009301F0C4
:10AFB00059FB02B010BD00BF467506083001018084
:10AFC0002DE9F047466896F8327087BB03685B68E6
:10AFD0009847346A84422AD03369041B96F9342096
:10AFE0001C40B3683062A4FB0345CAB1736A14EB1A
:10AFF000030845F10009002A1BDBC2F12001A2F180
:10B00000200328FA02F429FA02F509FA01F129FAD3
:10B0100003F30C431C4304FA02F2A8EB020272622F
:10B02000D6E90A321B1945EB0202C6E90A32BDE82D
:10B03000F087D6F80CA03B4640464946524613F0EE
:10B0400085F804460D460AFB1082E8E7824206D9DD
:10B050008A420BD9884294BF002001207047884261
:10B0600006D98A428CBF002001207047012070471A
:10B07000002070472DE9F34746680446376B27F0F8
:10B080007F4727F0FF07002F63D1FFF799FF736811
:10B09000002B61D0D3E90001D6E90A238B4208BF17
:10B0A000824205D323685B6902B0BDE8F0471847C8
:10B0B0006568D5E90A32D5F814A0B0EB030861EB56
:10B0C0000209D5E906234B4508BF424520D3EB686A
:10B0D00095F933C0A3FB080103FB0911BCF1000F74
:10B0E00013D0AA68531EC01841F10001BCF1000F33
:10B0F0001CDBCCF12002ACF1200320FA0CF001FAA9
:10B1000002F221FA03F310431843824528BF824616
:10B110002A6A336A92442A690AEA0202934209D1EE
:10B1200040F2C9121249134801F004F83B4613F0EB
:10B130000DF8EAE72368104601921B6998472368D7
:10B140005B689847019A0146306AFFF77FFF002845
:10B15000A8D102B0BDE8F0877369306A326918443B
:10B16000236810401B6902B0BDE8F047184700BFD4
:10B17000797506088B750608436893F830202DE929
:10B18000F3470646002A7FD193F83230002B7BD15B
:10B1900003681B6898473368DB69984703682BB9D5
:10B1A0001A463B493B48009301F05CFA19463A4C79
:10B1B0002246B1FBF4F402FB14141146002CF7D123
:10B1C000354C01257768B4FBF2F11F24B960013CCE
:10B1D00003D305FA04FC6145F9D1B3FBF2F287F819
:10B1E000334001231F24FA6003FA04F5AA4201D078
:10B1F000013CF9D287F8344043681D1F1C2D05D946
:10B200000023264926481A460093CDE7202B4FF00D
:10B21000070418BF012004FA05F40CBF4FF0FF30FB
:10B2200098404FEAE4794FF000037C6118BF00F1C9
:10B23000FF30A4FB01459A46386112F1FF3001FB53
:10B24000095543F1FF31201845EB010112F07EFF53
:10B250003368C7E906015B68C7E900AA98477368C5
:10B260003862002101220020C3F824A01A8683F846
:10B2700032A0C3E90A013046FFF7A2FE304602B011
:10B28000BDE8F047FFF7F6BE02B0BDE8F08700BFAB
:10B29000AF7506080E01048040420F00C87506080D
:10B2A000050104802DE9D00316461F46426800249C
:10B2B000059B8B605368C1E9006733B9CB606CB9FB
:10B2C0005160BDE8D003FFF7D5BED3E900894F45F3
:10B2D00008BF4645F2D31C46DB68EEE7D2E90A23F5
:10B2E000E160BB4208BFB242EBD2BDE8D003704779
:10B2F00038B505460C46FFF73FFF01F013F86B68C1
:10B300001C60BDE8384001F023B8F8B5054601F0EF
:10B3100009F8D5E90034DB68984794F832301BB15E
:10B32000BDE8F84001F014B8012384F831306368B7
:10B33000ABB12846FFF744FE6168D4E90A67D1E95A
:10B3400000239F4208BF964209D36B685A68CB68B6
:10B3500063602368002BEAD090689847E7E70023F2
:10B36000284684F83130FFF785FED9E710B586B05E
:10B37000CDE904210393089C029000F0D3FF0298CA
:10B38000FFF71EFE059902980094DDE90332FFF7EE
:10B3900089FF06B0BDE8104000F0DABF38B50546B9
:10B3A0000C4600F0BFFF6A685368A34209D1DB680E
:10B3B00028465360FFF75EFEBDE8384000F0C8BF86
:10B3C0001346002BF8D0DA68A242F9D1E268DA60BD
:10B3D000F2E738B50446FFF7CFFE00F0A3FF2046A2
:10B3E000FFF7EEFD6368D3E90A4500F0B1FF2046A0
:10B3F000294638BD704700000048704704760608AB
:10B40000024B1B680BB1024818477047E80C002438
:10B410000476060808B5BFF35F8F164B1968080A53
:10B42000C1F3072110F0FC0F04D13B22124913484D
:10B4300000F080FE002210465A608A4216D1102287
:10B44000DA600F4A1A611322DA600E4A1A61112279
:10B45000DA600D4A1A610D4ADA600D4A1A61072254
:10B460005A60BFF34F8FBFF36F8F08BD9A600132F0
:10B470001861E2E790ED00E0497606085876060884
:10B4800039F00206390702133FF50B131200008052
:10B4900039000213B1F90C20B1F9041010F0BEBE4E
:10B4A00015F0A4BC2DE9F04F8B4D8046894692469D
:10B4B0002DED028B08EE103A6B6B83B01BB19847F1
:10B4C000EB6B0133EB632B69DBB1002218F0800FCB
:10B4D0001A7025D1B9F1000F11D0686803781BB13B
:10B4E000494616F0ABFA50B9A8680378002B00F073
:10B4F000ED80494616F0A2FA002840F0E780AB69DB
:10B500002B62AB6B3BB10023EC6BEB63013CAB6B91
:10B510009847002CFADC03B0BDEC028BBDE8F08F3D
:10B52000BAF1000FEBD0B9F1000FE8D0EB6A002BB5
:10B53000E5D02B7803EA0802D106E2D01A06D5E955
:10B54000047402D4B8F1010F12D118EE103A524629
:10B550002146384619F022F8B8F1010F54D12B6B6F
:10B56000002B51D0286998472B6B5C489847C6E759
:10B5700013F0400064D09B0644D5594A2146384612
:10B5800015F0F6FD84423DDD00283BDD0744241A1A
:10B59000B8F1080F52D03AD8B8F1020F3CD0B8F148
:10B5A000040F49D00026B3466B6ADBB10021524636
:10B5B00018EE103A8DED018A084618F0EFFF002EC4
:10B5C00030446B6A18BF042630449847454A034606
:10B5D0002146384615F0CCFDA04203DA0028C4BF4E
:10B5E0003F18241AB8F1080F6DD02ED8B8F1020F09
:10B5F00031D0B8F1040F63D03B4A2146384615F0EC
:10B60000B7FD2EE0002CC3DCEB6A2869AEE7B8F189
:10B61000100FC7D1354B00E0354B324A2146384632
:10B6200015F0A6FDA04206460DDA002801DD07440C
:10B63000241A4FF0010BB7E72E4BEEE72E4BECE749
:10B64000002CAFDCE0E70026F3E7B8F1100FD3D110
:10B650004B462A4A01E04B46294A2146384615F016
:10B6600087FDA042D0DA0028CEDD261A074418EE66
:10B67000103A52463146384618F090FF8642C3DDF4
:10B680000028C1DD361A0744002EBDDDAB6A73B158
:10B690009847144A03463146384615F069FD8642FC
:10B6A000B2DD0028B0DD361A0744002EACDDBBF158
:10B6B000000FA9D0134A3146384615F059FDA3E7CB
:10B6C0004B46114AC9E74B46104AC6E7BAF1000F8C
:10B6D0007FF42CAF13E700BFEC0C00245F7A060860
:10B6E0006576060871760608C27606088076060832
:10B6F0006B760608747606087A760608B37606082E
:10B7000086760608D176060895760608A476060899
:10B710000CB407B504AB53F8042B0193FFF7C2FE3A
:10B7200003B05DF804EB02B070470000024B1B68E9
:10B7300003B11847704700BF105E002407B50190A1
:10B7400000F0F0FD019803B05DF804FB07B501902F
:10B7500000F0FEFD019803B05DF804FB007B70472C
:10B7600038B50D4B0D460273044603600023C0E953
:10B7700001310A48FCF7A8F801F022FE55B1084B48
:10B780001A681C6062600548FCF79EF801F036FEFE
:10B79000204638BD6560F6E7E8760608185E0024A6
:10B7A000145E0024144B10B5036004461348FCF7E4
:10B7B0008BF801F005FEA3682BB1114962680B6894
:10B7C000A34212D10A600F4B0C481A68A24204BF70
:10B7D00000221A60FCF778F801F010FE237B13B901
:10B7E000201F01F01BFC204610BD19465B68A342D8
:10B7F000FBD14A60E7E700BFE8760608185E002440
:10B80000145E0024405E002410B50446FFF7CAFF12
:10B810001021204601F0ECFB204610BDF8B506468D
:10B8200017480D46FCF750F801F0CAFD154B1C688F
:10B83000A4B1A76887B1384615F022FFA8420BD102
:10B840002A463146384615F0F3F828B90C48FCF77B
:10B850003BF801F0D3FD11E06468E9E7072DF5D16D
:10B860002A463146084815F0E3F80028EED104488E
:10B87000FCF72AF801F0C2FD044B1C682046F8BD15
:10B88000185E0024145E0024D6760608405E00246C
:10B89000002070470368012200211B6970B504462F
:10B8A0009847051E0DDB23680222002120461B69F4
:10B8B0009847064623682946354600221B692046DC
:10B8C0009847284670BD000070B50E460025044616
:10B8D0000F49C0E90055304615F040FF2946304475
:10B8E000206023681A782F2A07D10133236051B9C9
:10B8F0002A220849084800F01DFC002AF7D001332D
:10B9000001312360EDE7FFF789FF6060204670BDDD
:10B91000407706085C770608697706080068704774
:10B92000406808B520B1FFF719FF431E584258413F
:10B9300008BD10B50446FFF7F3FF10B1606800B111
:10B94000043810BD406808B520B1FFF707FFB0FA12
:10B9500080F0400908BD10B50446FFF7F3FF10B1B1
:10B96000606800B1043810BD4068003818BF01207D
:10B97000704700207047F8B50D46036804468F18DD
:10B980002E461B6D9847BE42236806D09B6C20460E
:10B9900016F8011B98470130F5D1236820465B6DEE
:10B9A0009847701BF8BDF8B50D46036804468F181C
:10B9B0002E461B6D9847BE42236807D0DB6C20469D
:10B9C0009847431C02D006F8010BF4E72368204691
:10B9D0005B6D9847701BF8BD0020704700207047D2
:10B9E000704700000F4B002213B5044640F8043B9B
:10B9F000FFF7B6FE0C4B0D492046236060336360B1
:10BA00000023636101F068FB0346606128B90246C8
:10BA100000900749074800F025FE01F067F820462E
:10BA200002B010BDF8760608F077060872770608AF
:10BA300075770608190101800A4B03F10802683383
:10BA400010B5044602604360406913F0FBFC064BEE
:10BA500020462360503340F8043FFFF7A3FE204602
:10BA600010BD00BFE87706089077060810B50446B9
:10BA7000FDF7B6F9094BA0692360FFF7AAFC002285
:10BA80000023C4E90C230023C4E90801C4E90A0126
:10BA9000C4E90E33204684F8403010BDB078060863
:10BAA0004FF0FF307047000038B590F83F50044623
:10BAB00025B18E220849094800F03CFBFDF7B0F99A
:10BAC00094F84030A5872BB184F84050BDE8384049
:10BAD00000F01CBF38BD00BF727806087F780608EA
:10BAE00010B5044601F1300000F05CFBC4E9000130
:10BAF000204610BD10B504468869FFF76AFCC4E90A
:10BB00000001204610BDD0E90C32013342F10002A1
:10BB1000C0E90C32D0E90A3213F57A7342F100021F
:10BB2000C0E90A327047D0E90A2312F57A7243F16C
:10BB30000003FDF76BB9F8B50D4604468869FFF7B9
:10BB400048FCD5E90A32C61A61EB0207002F08BF8C
:10BB5000B6F57A7F05D200220023C4E900232046EF
:10BB6000F8BD002F08BFB6F5FA6F01D20122F3E746
:10BB7000002E4FF47A72304677F101034FF0000344
:10BB8000B4BF0021394612F0E1FAC4E90001E6E74A
:10BB900091F83F30F7B505460C4613B991F83C6073
:10BBA00026B1E5221149124800F0C4FA6846FFF7B1
:10BBB000C2FF4FF47A71A663DDE90032A3FB01678F
:10BBC00001FB0277D4E90A10891947EB0000C4E9A8
:10BBD0000A10D4E90C105B1840EB02022846C4E9B5
:10BBE0000C32C5E9003203B0F0BD00BF7278060820
:10BBF000897806082DE9F743994690F83F300446C6
:10BC0000904623B158223149314800F093FA90F818
:10BC10003C3063B901466846FFF7BAFFDDE900230F
:10BC20004B4508BF424505D3012384F83D3003B09E
:10BC3000BDE8F08321466846FFF752FF009B4FF4B2
:10BC40007A71B8EB0306019B69EB0307A8FB01239C
:10BC500001FB0933D4E90851551994F8402043EB0E
:10BC600001080123A38762B9A269126892F8202013
:10BC700032BB84F8403000F033FE002F08BF052EA1
:10BC80000DD2002384F83E3094F8403023B90123CC
:10BC900084F8403000F024FE2A4643460AE094F837
:10BCA0004030002BEDD10123B5F57A6284F83E30A7
:10BCB00048F1FF33204603B0BDE8F043FDF7A6B8D6
:10BCC000002F08BF052EDCD3EDE700BF7278060811
:10BCD0007F780608024B4FF080625A60704700BFC1
:10BCE00000ED00E008B50121383000F049FA08B154
:10BCF000FFF7F0FF08BD012310B580F83F30044680
:10BD0000836B0BB1FFF7E6FF2046FFF70CFF10BD7A
:10BD100090F83C3010B504464BB1002380F83C301D
:10BD200090F83E3013B9012380F83D3010BD90F8F3
:10BD30003F30002BFAD0836B01338363FFF7CAFFD8
:10BD40002046FFF7E0FE2046FFF7EDFEEEE700009D
:10BD5000024B4FF000725A60704700BF00ED00E0E8
:10BD600010B50446FDF75CF8002384F83F30FFF778
:10BD7000EFFF10BD102300F007B8202300F004B837
:10BD8000302300F001B840239C46F0B404AE754661
:10BD9000E80801D3EFF309860E4F0FCE0FC70FBC93
:10BDA0000FC74046494652465B460FC71DCE31007D
:10BDB000A60A00D304316E0900D248311FC7EFF341
:10BDC00009806946EFF3148663C76046014900F0B5
:10BDD00079F800BF680D0124F0B52C4E85B0002421
:10BDE0002B4F35462146013456F8042B384600F0D7
:10BDF0007DFA0D2CF6D1AB6C264C02936B6C264869
:10BE000001932B6C0093696BD5E90E2300F06EFA59
:10BE10002168224800F06AFAE16AA26AA36AA06A6D
:10BE2000D2B2266BC3F30723E76B000CCDE90167A1
:10BE300000901B4800F05AFAA36A1E0603D5616BF6
:10BE4000184800F053FAA36A180403D5A16B1648EA
:10BE500000F04CFAEB6C190712D5144800F046FAC2
:10BE60002B6DDA070FD5124800F040FAEB6C5B0738
:10BE70004CBF1048104805B0BDE8F04000F036BA9D
:10BE80000E4800F033FA0E48EEE700BF680D0124BB
:10BE9000B478060800ED00E0C278060811790608BB
:10BEA0001F7906086E7906087C7906088A790608E3
:10BEB00099790608C9790608D5790608B979060876
:10BEC000A679060807B504460D461A48012100F078
:10BED00060F968BB184800F009FA302C19D0402CE2
:10BEE0001CD0202C1FD1154C154800F0FFF9154827
:10BEF00000F0FCF9FFF770FF134800F0F7F90D4B65
:10BF000000221A7000232A4610492046009300F0B0
:10BF1000A9FB0F480F4C00F0E9F9E8E70E480F4C79
:10BF200000F0E4F9E3E70E480E4C00F0DFF9DEE73D
:10BF30000024E7E7BC0D0124E17906083E01FF80FB
:10BF40000A7A0608377A0608427A0608617A0608ED
:10BF5000197A06083F01FF80227A06084001FF8017
:10BF60002D7A06083D01FF802DE9F0410C46774609
:10BF7000154600F0EDFBE4B154F8088CDDB128461D
:10BF800014F03AFA064648B1A8454246214628BF71
:10BF90002A4614F07FFD204614F036FA3B462A4626
:10BFA0002146304600F08CFB00F0E2FB3046BDE855
:10BFB000F081A046E2E72E46F0E7F7B50D461646BB
:10BFC000774600F0C5FB06FB05F21046019214F01F
:10BFD00013FA044618B1019A002114F059FE3B46A9
:10BFE00032462946204600F083FB00F0C1FB204684
:10BFF00003B0F0BDF8B50D461646074600F0A8FBA5
:10C000002048FBF761FC204C01F0DAF915F1090F2B
:10C0100032D805F10801384614F0FEF960B3A26881
:10C0200000F10807194B2A4405604360A2602269A9
:10C03000236801322B44226162682360934250F8E6
:10C04000042C88BF6360031F002AB8BF9B18A26935
:10C050001B68521B23F001031344A3610948FBF73B
:10C0600033FC01F0CBF932462946384600F014FB88
:10C0700000F07EFB3846F8BD636900270133636139
:10C08000ECE700BF605E0024445E0024EFBEADDE3E
:10C0900000B572465DF804EBFFF7ACBF70B50C4617
:10C0A0000546164600F054FB1C48FBF70DFC01F05A
:10C0B00087F91CB354F8042C194B9A422BD154F82D
:10C0C0000C2CA4F10C0354F8081C002AB8BF9B18D0
:10C0D0001A68002344F8043C22F00102114B18684E
:10C0E000401A186018690138186198690144891A62
:10C0F0009961A4F10801284613F068FC0748FBF792
:10C10000E3FB01F07BF93146204600F009FBBDE876
:10C11000704000F02DBB2146EDE700BF605E0024BB
:10C12000EFBEADDE445E002400B572465DF804EB60
:10C13000FFF7B4BF07B50B46009201460022014845
:10C1400000F090FA4401FF8003460122D3E84F0F2C
:10C15000C3E8412FC0B20029F8D17047D0E85F3F53
:10C160005B18C0E8523F002AF8D198B27047D0E877
:10C170005F3F5B1AC0E8523F002AF8D198B270477F
:10C18000034653E8000F401A43E80002002AF8D1A2
:10C1900070470346D3E84F0FC3E8421FC0B2002ADE
:10C1A000F8D1704738B5044600F0BCF8D4E9004532
:10C1B00000F0CEF82046294638BD0000254C264D1B
:10C1C000264680B588B000F0ADF8A52101A8FEF79D
:10C1D00043FE0427DFF88480D4F89430AB42FBD1CF
:10C1E000039B4046019A1A604FF44073636101F06B
:10C1F0004BF8D6F89430AB42FBD1019B4046049AF1
:10C200001B0413604FF44073736101F03DF8013F6C
:10C21000E2D10427DFF84880D4F89430AB42FBD158
:10C22000039B4046019A1A604FF44073636101F02A
:10C230002BF8D6F89430AB42FBD1019B4046049AD0
:10C240001B0413604FF44073736101F01DF8013F4C
:10C25000E2D1BEE70064025800030080F04902000A
:10C26000801A060073B5002201460446022000F041
:10C27000E7FC0D2600F056F80022254614F8013B95
:10C280001BB900F065F802B070BD0A2B09D10D2A68
:10C2900007D001220DF1070102208DF8076000F0A0
:10C2A000CFFC01222946022000F0CAFC14F8012C20
:10C2B000E3E7000000B5A3B002460B46842101A8C5
:10C2C00018F06CF9832806D9074B1A681B79CDF84A
:10C2D00083208DF88730002802DD01A8FFF7C2FF18
:10C2E00023B05DF804FB00BF717A06080FB407B5F0
:10C2F00004A951F8040B0191FFF7DCFF03B05DF8CE
:10C3000004EB04B07047EFF31080C04300F001006D
:10C310007047EFF30580003818BF01207047FEF723
:10C320004FBD000008B5FEF71DFD064A1368591CF5
:10C3300004D13F2204490548FFF7FCFE0133136096
:10C3400008BD00BF885E0024907A0608A07A06081F
:10C35000044A136823B1013B13600BB9FEF714BD07
:10C36000704700BF885E002408B50B48FFF7ECFE5D
:10C3700028B1FFF7D7FFBFF34F8F20BFFDE7FFF7CF
:10C38000C8FF08B1FFF71AFFFFF7BDFF0028F9D07B
:10C39000012000F0BDFD00BFC85E00242DE9F04182
:10C3A0004B4C0E4698B08046216817464948C1F369
:10C3B0004173032BC1F307430CBF4D428DB22A4694
:10C3C000FFF794FF6FF498731D44132D0FD8DFE827
:10C3D00005F00A6265686B716E740E0E0E0E0E0E1D
:10C3E0000E0E0E0E0E77A1683B48FFF77FFF40460A
:10C3F000FFF738FF61683948FFF778FF4EB13848DA
:10C40000FFF730FF3046FFF72DFF39463548FFF77D
:10C410006DFFA1683448FFF769FF2368334A1A4467
:10C42000012A05D9324A934202D0033A93424BD1B2
:10C43000A06820B1C06C80F00800C0F3C000E368C1
:10C44000002B43D059682B4A002908BF1146E269E6
:10C45000294D0392A26902926269019222690092B7
:10C46000264A002818BF2A462548FFF73FFF04A8A0
:10C4700000F0DCFE079B216801939DF818302148ED
:10C480000093DDE90423FFF731FF1F48FFF72EFF7C
:10C4900018B0BDE8F081A1681C48A6E7A1681C4857
:10C4A000A3E7A1681B48A0E7A1681B489DE7A16816
:10C4B0001A489AE7A1681A4897E7A168194894E7CB
:10C4C0001948FFF713FF92E70020B8E70949BEE7D4
:10C4D000CC5E0024E67A0608377B0608DF7B060878
:10C4E000F07B0608F87B0608FC7B0608C2FE007F8E
:10C4F0004001FF80D17A0608DB7A0608607A0608D8
:10C50000107C0608697C0608E07C06084D7B06085E
:10C510005D7B06086C7B06087F7B0608937B06081C
:10C52000A77B0608B67B0608CC7B06087047000090
:10C53000F0B5294D8FB00E46174635EA200528BFC5
:10C5400005463022002102A814F0A2FB234B01ACC7
:10C5500001952B440396012B05D9214B9D4202D016
:10C56000033B9D4232D1F36B0293736B08931D4BD7
:10C570005B69DA6B049305925A6B1B6B0692079307
:10C58000FFF7D0FE184A13680133012B136009D15D
:10C590002646164D0FCE0FC50FCE0FC50FCE0FC5B9
:10C5A00033682B60124D0FCC0FC50FCC0FC50FCCCD
:10C5B0000FC52368A5F130002B600E4B1B6843B1FB
:10C5C0009847FFF7C5FE00200FB0F0BD0297089412
:10C5D000CDE7FFF7ABFFF4E70101FF80C2FE007F6C
:10C5E0004001FF80280C00248C5E0024945E00240F
:10C5F000CC5E0024905E00240FB41FB501210D48CD
:10C60000CDF804E0FFF7C5FD019A044680B9014664
:10C610000948FFF78DFF224621460848FFF7BEFE76
:10C6200007A906980391FFF745FE0548FFF71AFE94
:10C63000FFF79AFEBC0D01240001FF80FA7C06087A
:10C640005F7A060800207047014B1878C0B2704727
:10C65000BC0D012400B5114672465DF804EBFFF7EE
:10C6600067BF000080B506460C460A480121F04627
:10C6700017461D46FFF78DFD48B9424639463046FC
:10C68000FFF756FF029A29462046FFF787FEFFF77D
:10C690006BFE00BFBC0D012438B50B4606490446AD
:10C6A0000D6835B105490978012902D801460020F5
:10C6B000A847204638BD00BF005F00242C5F00243F
:10C6C00037B5044610461A46074B1D6845B1074B5F
:10C6D0001B78012B04D80B46009021460120A84767
:10C6E000204603B030BD00BF005F00242C5F002453
:10C6F00037B5044610461A46074B1D6845B1074B2F
:10C700001B78012B04D80B46009021460220A84735
:10C71000204603B030BD00BF005F00242C5F002422
:10C720000A460949034610B40C684CB10749097818
:10C73000012905D8A446002103205DF8044B604779
:10C740005DF8044B704700BF005F00242C5F00249D
:10C7500008B50548FBF7B8F800F032FE034A137835
:10C760000133137008BD00BF045F00242C5F002458
:10C77000054A064808B51378013B1370FBF7A4F887
:10C78000BDE8084000F03ABE2C5F0024045F00249E
:10C7900038B5064C23683BB9054DFEF783FB0146CF
:10C7A0002846FFF763F92560206838BD785F0024CC
:10C7B000305F002408B5836823B9054B1B6893F8E4
:10C7C0003D0008BDC06898470028F6D0F9E700BFD3
:10C7D000785F0024F7B504464FF0FF366FF000474E
:10C7E000164D2046FFF7E6FF30BBD4E90023BB42DD
:10C7F00008BFB24202D02868FFF7FCF901A8FEF793
:10C800009DFF2046FFF7D6FF98B9D4E90023BB422D
:10C8100008BFB24207D100F09DF801A8FEF796FFCD
:10C82000BFF36F8FDDE72B6893F83C30002BF2D11C
:10C83000F3E701A8FEF78AFF03B0F0BD785F00249C
:10C8400030B587B00D4D0446CDE902230A9B049311
:10C850000B9B0593FFF79CFF02A8FFF7BBFF28681F
:10C86000FFF722F968462968FFF792F92046DDE9CB
:10C870000023C4E9002307B030BD00BF785F002467
:10C880002DE9F0410E4D86B006460F4604A82968F2
:10C890009046FFF725F92B68DDE904019B6BC41A6C
:10C8A00002A861EBE375A219CDE9007845F1000318
:10C8B000FFF7C6FF0298001B06B0BDE8F08100BF7D
:10C8C000785F002410B5054C236813B9FEF7EAFA27
:10C8D00020602068BDE81040FEF77BBD885F002423
:10C8E00013B5074C01212046FFF738FC034628B951
:10C8F0000090228803490448FFF7B4FE02B010BD3F
:10C900007C5F00240F7D06082301048013B5094CC9
:10C9100001212046FFF72BFC4FF6FF73984206D10A
:10C9200000232288044905480093FFF79BFE02B0CC
:10C9300010BD00BF7C5F0024317D06082401048007
:10C94000034B188880B2B0FA80F04009704700BFEE
:10C950007C5F0024F8B5FFF7E5FCFFF7B3FF064660
:10C960000F46FFF7EDFF0446A0B10FF0FFFDFFF704
:10C97000A9FF05468CB10F48D0E90043A21B63EB29
:10C980000707521947EB0101C0E90021BDE8F84053
:10C99000FFF7DEBC0FF0D8FDE9E7074CD4E9002033
:10C9A000931B60EB07005B1940EB0101C4E9003108
:10C9B000ECE700BF805F0024905F00246FF01C0054
:10C9C00070476FF0150070470120704700207047D6
:10C9D00070470000034B186818B14FF0FF31F8F7AB
:10C9E000C3BB704700730024024B186808B1F8F706
:10C9F000D3BB704700730024F8B515460C468F185A
:10CA0000054EBC4205D014F8011B30460BF050FE19
:10CA1000F7E72846F8BD00BF2814012438B511F007
:10CA200001048DB205D008480FF0ACFA041E18BFFF
:10CA30000124EB0605D504480FF0B4FA08B144F020
:10CA40001004204638BD00BF2814012410B50C4640
:10CA50002AB104480BF0F8FD2070012010BD1046EB
:10CA6000FCE700BF2814012438B5084B04461546DE
:10CA70000360074B1B6833B90648FEF70BFD2946D8
:10CA800004480FF0E5FA204638BD00BF787E06085E
:10CA9000AC72002428140124002070470020704745
:10CAA000002307B51A46024902480093FFF7DAFD52
:10CAB0004F7D060829010180074A08491368184478
:10CAC000884283BF064B0C224FF0FF3010608CBFB2
:10CAD0001A601846704700BF2C0E002400FC072483
:10CAE000A41401240120704701207047002114F094
:10CAF0002DBA08B5F9F758FB08BD08B5F9F75CFB86
:10CB000008BD000010B50446037803F00303012BB1
:10CB100008D0FFF75FFF237803F00302012A03D157
:10CB2000FFF762FF00200AE02AB14FF4D462044903
:10CB30000448FFF7FFFA43F002032370012010BD01
:10CB4000737D0608857D060808B5037803F00302A7
:10CB5000022A05D040F2A96206490748FFF7EAFA1F
:10CB600023F0030343F001030370BDE80840FFF71F
:10CB70003BBF00BF737D0608A37D06083F2870B544
:10CB800004462EDC184D55F820305A1C13D10228CB
:10CB900011DCFFF783FF034658B92046FFF77CFFFF
:10CBA000034630B9114E3378BFF35B8FDB0704D5F2
:10CBB0000F4B45F82430184670BD3046FFF7A2FFF2
:10CBC0000028F5D04FF4E1320A490948FFF74CFF3D
:10CBD0003046FFF7B9FF084A08490548FFF782FFCA
:10CBE000E6E70023E7E700BF2C0D0024985F002450
:10CBF00044600024C07E060800000024D1C9040857
:10CC000038B505460024FFF7B9FF0B4B43F8254024
:10CC100030B912F0A9FB092303604FF0FF3038BD93
:10CC200003685B699847051E04DA6D4212F09CFBAD
:10CC30000560F2E72046F2E72C0D0024FFF7E0BF85
:10CC400013B5CDE90021FFF799FFDDE9002140B9D7
:10CC500012F08AFB092303604FF0FF34204602B034
:10CC600010BD0368DB689847041EF7DA644212F0CF
:10CC70007BFB0460F0E713B5CDE90021FFF77EFFF1
:10CC8000DDE9002140B912F06FFB092303604FF08A
:10CC9000FF34204602B010BD03689B689847041E0D
:10CCA000F7DA644212F060FB0460F0E710B5FFF7BA
:10CCB00065FF044628B912F057FB0923036020469C
:10CCC00010BD0368DB699847041EF8DA644212F06D
:10CCD0004BFB04600024F2E7402337B50546CDF84E
:10CCE000010068468DF8003012F0CEFD044630B1E8
:10CCF0002846FFF7DBFF10B12046FFF7F7FE20467E
:10CD000003B030BD2DE9F04F85B006460F46904682
:10CD1000FFF7FFFA054630B1002332462C492D4873
:10CD20000093FFF79FFCFFF7EEFA0028F4D0B8F16C
:10CD3000000F09DA12F018FB162303604FF0FF34DE
:10CD4000204605B0BDE8F08F3046FFF7AFFF044640
:10CD500058B3214A2C46DFF884A04FF00D0B935DA9
:10CD60009146A84521DD7A5D0A2A1BD10D2B03933C
:10CD700018D0AC420CDA2A1B39193046FFF760FF95
:10CD80000028039BDADB0444A542D9DC09F806300D
:10CD9000012251463046FFF753FF0028CEDBCFD0AB
:10CDA00009F806B07B5D0135DBE7A045C8DDA8EBDF
:10CDB000040239193046FFF743FF0028BEDB241870
:10CDC0001FBF3F19044B17F8012C9A55B8E700BF55
:10CDD000DA7D06082F010180DC5F0024147E06083E
:10CDE000FFF764BF7FB504460D461646FFF791FA7C
:10CDF00030B1002322461D491D480093FFF732FC45
:10CE0000FFF781FA0028F4D0002E06DA12F0ACFA0F
:10CE1000162303604FF0FF3018E02046FFF746FF6F
:10CE2000E8B1144E01220DF10F012046FFF723FF58
:10CE30000028EFDB0AD09DF80F300D2B08D1325DB2
:10CE40000A2A3355EED00A2301202B7004B070BD9E
:10CE50000A2B02D1325D0D2AF3E73355F4E732464F
:10CE600029462046FFF707FFF0E700BF167E0608B9
:10CE70002F0101809C5F002413B5CDE90021FFF74D
:10CE80007DFEDDE9002140B912F06EFA092303604E
:10CE90004FF0FF34204602B010BD03681B6998476D
:10CEA000041EF7DA644212F05FFA0460F0E7FFF75D
:10CEB000E3BF10B5FFF762FE30B912F055FA09234F
:10CEC00003604FF0FF3010BD03689B699847041E54
:10CED00004DA644212F048FA0460F2E70020F2E754
:10CEE0000A4D044608B52B68986812F08BFB2B6836
:10CEF000D86812F087FB0120FFF7DBFF0220FFF765
:10CF0000D8FF0CB1FFF75AF9FEE700BF4C0E002422
:10CF100008B5FFF7E5FF38B50D46FFF72FFE0446CD
:10CF200030B912F021FA092303604FF0FF3038BD09
:10CF30000368DB6998470028204614BF4FF400536C
:10CF40004FF400436B6023689B6A98472861002078
:10CF5000EDE7FFF7E0BF000008B5037803F0030238
:10CF6000022A05D040F2B26205490648FFF7E2F80E
:10CF700023F002030370BDE80840FFF735BD00BF92
:10CF8000737D0608A37D0608084B724613B501465B
:10CF900004461868FFF72EF8034628B90090224689
:10CFA00003490448FFF75EFB02B010BD4C0E00249D
:10CFB000527E06081F010180FFF7E6BF044B724650
:10CFC0000146186800B55DF804EBFFF713B800BF21
:10CFD0004C0E0024FFF7F2BF044B7246014618685E
:10CFE00000B55DF804EBFFF759B800BF4C0E002404
:10CFF000044B72460146186800B55DF804EBFFF774
:10D000004DB800BF4C0E002410B504460421FFF7B4
:10D01000EFFF204610BDFFF7DFBF000010B504464C
:10D020000B48FAF751FC00F0CBF90A4A40230021E3
:10D0300052F8040BA04208BF42F8041C013BF7D190
:10D040000348FAF741FCBDE8104000F0D7B900BF33
:10D050001C6000242C0D002410B512480324FAF79C
:10D0600033FC00F0ADF9104B53F824207AB10134B1
:10D07000402CF9D112F078F918234FF0FF340360F7
:10D080000848FAF721FC00F0B9F9204610BD4FF02E
:10D09000FF32044843F82420FAF716FC00F0AEF9FA
:10D0A000F3E700BF1C6000242C0D002410B50446DB
:10D0B000FFF7D2FF002807DB044B054A43F8204066
:10D0C00000231354034A135410BD00BF2C0D002439
:10D0D0009C5F0024DC5F002473B506460191FFF7D6
:10D0E000E5FF051E13DB0199FFF7F6FD044630B995
:10D0F000084B53F82520964204D143F825002046DA
:10D1000002B070BD12F030F909230360F7E7002484
:10D11000F5E700BF2C0D00240EB42DE9F04187B0D7
:10D120000190FFF799FF041E13DB0023019904A867
:10D13000214E0393FEF7C8FB04A8FEF715FC054635
:10D1400068B912F011F91323036046F824504FF028
:10D15000FF34204607B0BDE8F04103B0704704A893
:10D16000FEF7F0FB074604A85FB1FEF7F4FB03905F
:10D17000039B124A46F8243000231355104A1355D6
:10D18000E7E7FEF7D6FB05460028DAD0036804A8D7
:10D19000D3F80880FEF7C2FB0D9B024603A9284680
:10D1A000C04705460028E3D06D4212F0DDF8056067
:10D1B00046F82470CBE700BF2C0D00249C5F0024B0
:10D1C000DC5F002470B50E461549054614F0DCF806
:10D1D000044618B9FFF7D2FC204670BD1149284615
:10D1E00014F0D2F820B901200124FFF7C7FCF3E7BF
:10D1F0000D49284614F0C8F820B902200224FFF790
:10D20000BDFCE9E72B78402B02D1D5F80140E3E7DC
:10D2100026F480312846BDE87040FFF77DBF00BF8F
:10D22000E07E0608E77E0608D87E060810B50446AC
:10D2300020B9902210491148FEF77CFF4C220021B2
:10D24000043013F025FD4FF204134FF000614FF04E
:10D25000105223604FF4002321634FF40011236226
:10D260006362074B2261216462611B686360022371
:10D270002372044BE36010BD097F0608167F060881
:10D2800000ED00E058600100034B596A5A6A521AD7
:10D290008242FBD3704700BF000C00401FB5002343
:10D2A0000446CDE90013031D68460293102303933F
:10D2B000F6F74CFF206020B9352203490348FEF7FA
:10D2C00039FF04B010BD00BF3A7F0608497F060849
:10D2D00010B504460249FFF7E1FF204610BD00BF2C
:10D2E0004D7F060810B50446FFF7D8FF204610BD55
:10D2F0000068F6F743BF10B504460068F6F7ACFFC8
:10D30000204610BD10B49DF804400CB942F0020252
:10D3100000685DF8044BF6F775BF07B50093134638
:10D320000022FFF7EFFF03B05DF804FBFFF7F5BF46
:10D3300013B5FEF7F7FFF7F7D9F9094B04461A685A
:10D3400018608242074A82BF11680131116011687A
:10D350000191FEF7FDFF2046019902B010BD00BF0C
:10D3600054600024506000241FB50023044603626B
:10D370000C4B002908BF1946031D684602931C2365
:10D38000009103930B230193F7F7D6FE206038B981
:10D39000FFF75AF920B93D2203490448FEF7CAFEB7
:10D3A00004B010BD6D7F06089D7F0608A77F0608A4
:10D3B00010B504460021FFF7D7FF204610BD00003E
:10D3C00037B504464FF0FF310068F7F7CDFE05464C
:10D3D00020B9236A0133236203B030BDFFF734F96B
:10D3E00003460028F8D12A46024903480093FFF774
:10D3F00039F900BFCB7F060815010280036A013BA3
:10D4000013B503620068F7F7C7FE044648B1FFF79B
:10D410001BF9034628B90090224603490348FFF749
:10D4200021F902B010BD00BFDD7F060817010280A0
:10D4300010B504460068F7F7C7FE204610BD00008F
:10D440001FB50446002310466A46CDE90033231D6C
:10D45000029310230393F7F7E5FF206020B93722EA
:10D4600002490348FEF766FE04B010BD07800608B7
:10D470001580060810B504464FF6FF72FFF7E0FF6F
:10D48000204610BD13B500680C46F7F7E3FF0246CF
:10D4900070B1C11C4FF0000006D15CB100900023B8
:10D4A00005490648FFF7DEF8931CF7D102B010BD1E
:10D4B0000120FBE72046F9E72480060814010280DA
:10D4C0000068F7F7EFBF10B504460068F8F718F8E2
:10D4D000204610BD08B538B1F6F7CCFC20B1E322E8
:10D4E00002490348FEF726FE08BD00BF5380060828
:10D4F0006A740608F8F710BD2DE9F047DDE9085712
:10D50000994604466B07884692464FF0000118BFC3
:10D5100025F007064FF0440200F178000CBF2E46BC
:10D52000083613F0B5FBB5FA85F300214D442022EF
:10D530005B0904F11C006161AD1B84F83C3084F888
:10D540003D1025F0070513F0A3FB064BC4F830A0EF
:10D55000002F08BF1F46E562A662A761C4F83480A9
:10D56000BDE8F087E780060813B5049CCDE90034D8
:10D5700013460A460021FFF7BFFF02B010BD70B589
:10D5800000F1540504462846FFF71AFF04F1400055
:10D590006669FFF795FF0023636194F83D302BB176
:10D5A00000242846FFF72AFF204670BD012384F897
:10D5B0003D30002EF4D03046F8F7C4FC0446F0E7C6
:10D5C00013B5044654300190FFF7FAFE63690198E1
:10D5D0009BB194F87940FFF711FF432C27D015D861
:10D5E000132C26D00BD8012C04D0022C02D0002CF6
:10D5F00018BF1024204602B010BD0424EBE7232CF2
:10D6000019D0332C14BF10240524F3E7732C14D045
:10D6100006D8532C13D0632C14BF10240824E9E738
:10D62000832C0ED0932C14BF10240B24E2E7062485
:10D63000E0E70324DEE70424DCE70924DAE7072433
:10D64000D8E70A24D6E713B5044654300190FFF713
:10D65000B7FE636901983BB19C6B1B6BE41AFFF743
:10D66000CDFE204602B010BD1C46F8E70D4B10B5AC
:10D6700004460360FFF783FF94F83C302BB1A06AA7
:10D6800008B1FFF7C8FC0023A36204F15400FFF7C0
:10D69000CFFE04F14000FFF716FF201DF3F709FC51
:10D6A000204610BD0C81060810B50446FFF7DEFFCA
:10D6B000BC212046FFF79CFC204610BD70B500F150
:10D6C000540504460E462846FFF77AFE636913B9EF
:10D6D00094F83D302BB12846FFF790FE6FF0030021
:10D6E00070BDA36A53B100232349E26AB3EB920FE2
:10D6F00018D2A26A42F823100133F6E7E06A1F4B02
:10D700001F49984294BF20F003004FF0FF30FFF70D
:10D7100061FCA0620028E6D12846FFF76FFE6FF09B
:10D720000400DDE744233146201D636204F17803E1
:10D730002362F5F7C3FE04F1180221461148F8F7F9
:10D74000BFFB606190B994F83C302BB1A06A08B17E
:10D75000FFF761FC0023A3622846FFF74FFE04F1A8
:10D760004000FFF7ADFE6FF00200B9E72846FFF773
:10D7700045FE0020B4E700BFA52E5AE2FBFFFF7F65
:10D78000BCB3060889D7040810B504460430F8F77E
:10D79000BCFE04F15400FFF713FE002304F1400027
:10D7A0006361012384F83D30BDE81040FFF788BE77
:10D7B000012000217047D0F860010021704700006F
:10D7C0000048704714810608D0E944017047FF20E3
:10D7D000704700002DE9F04F89B090469946054604
:10D7E0009DF84830C3469DF8502090F8FA71DDE965
:10D7F00015610591032B20D8DFE803F01C022A03F2
:10D8000002270F2A05F1040A3B4608BF95F8FD21BF
:10D8100050460392002211460092CDE90122FAF708
:10D820007BFC0446B0B12A4A02202A49A346FDF7F0
:10D830006FFF09E04FF0FF3BE3E74FF0FF3B264A65
:10D8400024490220FDF764FF584609B0BDE8F08F77
:10D850000327D6E7059B4FF0FF329DF84C1050464A
:10D86000079307ABCDE900635B46FAF7E5FC224678
:10D87000214683463B465046CDE90244CDE900446B
:10D88000FAF74AFC04460028CDD1BBF1000F05D0C1
:10D89000124A02200F49FDF73BFFD5E795F8010139
:10D8A000A0B1B9F1000F08BFB8F1040F04D133786B
:10D8B00043F00A033370C7E7B9F1000F08BFB8F1AE
:10D8C000020FC1D1337823F00403F3E78346BBE7AB
:10D8D00044810608148106081A8106086281060838
:10D8E00038B5044619461046D4F8183101331FD113
:10D8F00004F5847201F034FD431CD4F8605109D062
:10D9000020440122002390F85411114205D07233B3
:10D9100054F823502846E91738BD01335200042B30
:10D9200052B2F2D1044A02200449FDF7F1FEF1E7B8
:10D930004FF480500021EFE780810608148106082B
:10D940000068704730B5039D00241C702C708C78E3
:10D9500014F0200F15D04A7AC0F8E02001221A7086
:10D960000B7A03F01F0380F8FD310B7A5B119B00EB
:10D9700080F8FB31022380F8F93180F8FE31002075
:10D9800030BD102A0FDD0A7CD2060CD5CA7EC0F845
:10D99000E02001221A702A708B7E03F01F0380F8AA
:10D9A000FD318B7EE2E762060FD5CA7AC0F8E0202F
:10D9B00001221A708B7A03F01F0380F8FD318B7AF5
:10D9C0005B1180F8FB310223D7E70B7CDD070ED516
:10D9D000CB7DC0F8E0308B7D03F01F0380F8FD3174
:10D9E0008B7D5B115B0080F8FB310123C3E7E2060E
:10D9F00009D5CB7BC0F8E0308B7B03F01F0380F8A8
:10DA0000FD318B7BEDE7E3070DD54B7BC0F8E030B4
:10DA10000B7B03F01F0380F8FD310B7B5B1180F85B
:10DA2000FB310123A9E70323C0F8E030A7E700009A
:10DA30002DE9F04385B006460D461746DDF83880DF
:10DA4000DDF8489000F0C4F8044640B10E4A0220C8
:10DA50000E49FDF75DFE204605B0BDE8F083109B42
:10DA60003A462946301DCDF80890CDE900830C9B3D
:10DA7000FAF740FC04460028EDD02B46044A03493F
:10DA80000220FDF745FEE6E7A88106081481060896
:10DA9000FB8106082DE9F04700238AB0054642F2D3
:10DAA0001074012600274FF000084FF00009DFF83E
:10DAB00064A08DF827300120FFF70CFD0DF127033E
:10DAC0004FF0FF32052104930023284600934FF0C6
:10DAD000FF33CDE90667CDE90289FFF7A9FF20B141
:10DAE00052460A490220FDF713FE9DF82730DA0757
:10DAF00008D5013CDFD10220054A0449FDF708FEA4
:10DB0000204600E001200AB0BDE8F0871481060835
:10DB10003682060817820608F0B500238BB004464B
:10DB20008DF8273090F802315BB1FFF7B3FF40B9B1
:10DB3000214A22490220FDF7EBFD4FF0FF300BB0E8
:10DB4000F0BD0023002600274FF0FF32049306218A
:10DB5000009320464FF0FF33CDE90667CDE9026719
:10DB6000FFF766FF054608B1154AE2E72046FFF7D2
:10DB700091FF08B9134ADCE7012200230521204662
:10DB80000095CDE906230DF127034FF0FF320493F2
:10DB90004FF0FF33CDE90267FFF74AFF08B10A4AA9
:10DBA000C7E79DF827309A07C9D4084A02200349DD
:10DBB000FDF7AEFDC1E700BF6082060814810608CC
:10DBC0008A820608A6820608C5820608E68206083A
:10DBD000F0B5D0F8F44087B0054601341CD0120EE1
:10DBE0008DF81720FFF798FF70B901234FF0FF322F
:10DBF000D5F8F41000930DF11703CDE90100281DAD
:10DC0000FAF778FB07B0F0BD0D4A02200D49FDF789
:10DC10007FFD4FF0FF30F5E790F8FA1103290DD0A2
:10DC200012F17F466FF0807243F1FF374FF0FF3300
:10DC30009F4208BF964201D2034AE6E70020E1E78F
:10DC40001D83060814810608318306082DE9F04774
:10DC500086B0914605468846109BDDF838A00593AE
:10DC600052460F9BFFF7B4FF044628B1244A2549CA
:10DC70000220FDF74DFD3AE095F8FD312F1D95F896
:10DC8000F9210393384695F8FE31029395F8FB315C
:10DC9000CDE9002395F8FA3195F8F811FAF73CFA36
:10DCA0000446064608B1184AE1E795F8FB0105ABC2
:10DCB0004146B0FA80F04009CDE900934242534614
:10DCC0003846FAF7B9FA3246044631463846CDE9C5
:10DCD0000266CDE9006695F8FA31FAF71DFA0546B5
:10DCE00048B12C46084A07490220FDF711FD20469D
:10DCF00006B0BDE8F087002CF9D0044AB7E700BFB2
:10DD0000788306081481060844810608C083060843
:10DD10002DE9FF4100F1BC0804460D461746404678
:10DD20001E46FFF74DFB2046DDE90A23CDE90076CC
:10DD3000CDE902232A46D4F8E010FFF787FF68B147
:10DD40006FF47A64064A07490220FDF7E1FC404679
:10DD5000FFF754FB204604B0BDE8F0810446F6E727
:10DD6000D183060814810608F0B585B0164605462D
:10DD70000A9F0B9B3A460391FFF72AFF039904463B
:10DD800038B10B4A0B490220FDF7C2FC204605B012
:10DD9000F0BD0C9B4FF0FF32281DCDE900633B46E0
:10DDA000FAF779FA04460028F0D0034AEAE700BF00
:10DDB000E5830608148106082E84060870B586B02F
:10DDC000054616460591FFF703FF0599044638B14D
:10DDD0000A4A0B490220FDF79BFC204606B070BDA5
:10DDE000034600903246CDE90100281DFAF782FA79
:10DDF00004460028F1D0034AEBE700BF4084060840
:10DE000014810608898406082DE9F04F054689B07B
:10DE1000884614461E4600F1BC09DDE9122313436F
:10DE200062D0D5F8F0714FF0000B204631463A46EB
:10DE30005B4610F08BF912995118049113994B41DC
:10DE40000593DDE9040159454FF0000B08BFB842C6
:10DE500048462CBFBF1A129FBA46CDE906ABFFF762
:10DE6000AFFA2846FFF758FE60B1204C0220204A46
:10DE70002049FDF74DFC4846FFF7C0FA204609B09F
:10DE8000BDE8F08F06AB4246022128460293CDE959
:10DE90000046FFF769FF38B1174A022015496FF4B1
:10DEA0007A64FDF735FCE6E7DDE906239B4508BF0C
:10DEB0009742F1D1E419129B2846B84446EB0B0671
:10DEC000DB1B1293139B63EB0B031393FFF7E2FD32
:10DED00030B90A4A02200749094CFDF719FCCAE784
:10DEE0004846FFF78BFA98E70024C7E75CF0FFFF8E
:10DEF0009B8406081481060833840608AE8406084D
:10DF00005DF0FFFF2DE9F04F1446064689B000F59D
:10DF10008472194620461D4601F022FA331807463E
:10DF200093F854310593129B14EB0308139B45EBB4
:10DF30000309D6E944234B4508BF424509D2604A4C
:10DF4000604C02206049FDF7E3FB204609B0BDE8C4
:10DF5000F08F336822463046196B2B4688470246BD
:10DF60000B462046294610F0F1F813430FD118F163
:10DF7000FF3233683046196B49F1FF338847024658
:10DF80000B464046494610F0E1F8134301D04F4A92
:10DF9000D6E700230493DDE91223134300F08E80BB
:10DFA000D6F818B1BBF1FF3F46D106F5907305983E
:10DFB000CDE90273CDE90045DDE9122301F0EEF968
:10DFC000049006EB8003D3F8B8B1D3F8C8A14FF0A2
:10DFD00000095246204629464B46D04610F0B6F876
:10DFE00013430CD1129BE3180693139B45EB0303D9
:10DFF0000793DDE906234B4508BF524509D2049B30
:10E000000220334A3049CDE902A3CDE90045FDF7AE
:10E010007FFB06F1BC0A5046FFF7D2F93046FFF706
:10E020007BFD60B12B4C02202B4A2749FDF770FB8A
:10E030005046FFF7E3F988E74FF4805AC7E7DDE978
:10E04000122359463046CDE9002322462B46FFF7DE
:10E05000B5FE38B1214A02201B496FF47A64FDF7FE
:10E0600057FBE5E714EB0804129B45EB0905B3EBFE
:10E0700008031293139B63EB09031393DDE9122347
:10E0800013430CD006EBC703D3E95A23AB4208BFB6
:10E09000A2423FBF0137F31993F85431059330463C
:10E0A000FFF7F8FC30B90E4A022007490D4CFDF786
:10E0B0002FFBBDE75046FFF7A1F96CE7002444E7CA
:10E0C000D38406085BF0FFFF14810608F38406087A
:10E0D0001E8506085CF0FFFF628506088785060836
:10E0E000A28506085DF0FFFF30B591F839308BB09E
:10E0F00091F8382004461B0103F0100343EA121381
:10E10000082B6ED021DC022B19DCD3B100230024B4
:10E1100000254FF0FF320493382100934FF0FF3376
:10E12000CDE90645CDE90245FFF782FC20B1464A1C
:10E1300046490220FDF7ECFA00200BB030BD042B5D
:10E140003BD0434A04204149F4E7102BF9D1012286
:10E15000002309AD6521CDE90623002200230495A3
:10E16000CDE9022300234FF0FF3200934FF0FF333D
:10E17000FFF75EFC20B1374A02203449FDF7C8FAA8
:10E180009DF8243001226121204603F07F0304958D
:10E190008DF824300023CDE9062300220023CDE9A9
:10E1A000022300234FF0FF3200934FF0FF33FFF7BD
:10E1B0003FFC0028C0D0284ABAE7002300240025ED
:10E1C0004FF0FF320493352100934FF0FF33CDE938
:10E1D0000645CDE90245FFF72BFC0028ACD01F4ACD
:10E1E000A6E70122002309AD6521CDE9062300221F
:10E1F00000230495CDE902230023194A009300234C
:10E20000FFF716FC20B1174A02201049FDF780FAEB
:10E210009DF8243001227121204643F040030495EB
:10E220008DF824300023CDE9062300220023CDE918
:10E23000022300230A4A00930023FFF7F9FB00287A
:10E240003FF47AAF084A73E7CD85060814810608C3
:10E25000F886060899860608C9860608FD85060818
:10E26000030080002D86060869860608304B9F2132
:10E27000D0B51B788AB00326002709AA8DF8243070
:10E280000023044604924FF0FF32ADF8253000938E
:10E290004FF0FF33CDE9066700260027CDE902677E
:10E2A000FFF7C6FB40B10220224A2349FDF730FAAE
:10E2B0004FF0FF300AB0D0BD9DF824309D2B27D001
:10E2C0000ED8012B28D01F2BF4D19DF82530892B97
:10E2D00001BF3123C4F8E830012384F80231E9E7B3
:10E2E000BF2B12D0C22BE5D19DF825300020202B6A
:10E2F00084F8F0001FBF012384F800310323C4F821
:10E30000E4301523C4F8EC30D4E784F80301D1E7F6
:10E310000123C4F8E430CDE79DF82520022AC9D1B5
:10E320009DF82620202AC5D184F80131C2E700BF1C
:10E33000308D060835870608148106083F2A2DE926
:10E34000F04782468AB040F3B08091F83F3013F036
:10E3500040021DD0032300258AF8FA319AF8FA31D9
:10E36000032B11D100220AF104001146CDE902224B
:10E37000CDE90022F9F7D0FE30B16FF47A654C4A4E
:10E380004C490220FDF7C4F928460AB0BDE8F087E1
:10E39000D90710D50024002504924FF0FF330092D6
:10E3A000B7214FF0FF32CDE90645CDE90245FFF731
:10E3B0003FFB88BBCEE713F0020212D0FFF7ACFBA5
:10E3C00000284AD1002200230490B7210090504633
:10E3D000CDE90623CDE902234FF0FF324FF0FF33A2
:10E3E000E5E713F010013FD0012600270DF12704C7
:10E3F0004FF000084FF000098DF8272000924FF0F1
:10E40000FF334FF0FF32B5210494CDE90667CDE923
:10E410000289FFF70DFB08B1274D9FE79DF82730D4
:10E42000504643F001038DF82730FFF775FB054692
:10E4300098B904904FF0FF324FF0FF33B1215046AE
:10E440000094CDE90689CDE90267FFF7F1FA0028CB
:10E45000E2D103238AF8FA3180E7184A02201549ED
:10E46000174DFDF755F979E713F0080214D0802312
:10E470000022049117218DF827300023CDE90623CF
:10E4800001220023CDE902230DF127034FF0FF32D3
:10E4900000934FF0FF338AE713F004054FF00203B7
:10E4A000D8D0C521C0F8F41055E700256CE700BFAF
:10E4B00044810608148106085EF0FFFF1D830608EC
:10E4C0005CF0FFFFD0B5044690F8020188B0F0B1CF
:10E4D00091F8343013F008021CD0002100284FF0CE
:10E4E00000034FF000004FF0FF32049300934FF011
:10E4F000FF33CDE90601CDE902010CBFF0219921DE
:10E500002046FFF795FA58B31C4808B0D0BD91F8E3
:10E510003D30DFE7DB061DD50026002704924FF0D3
:10E52000FF33009266214FF0FF322046CDE90667A7
:10E53000CDE90267FFF77CFA0028E5D14FF0FF3202
:10E540004FF0FF33992104900090CDE90667CDE9A3
:10E550000267D5E70A4A02200A49FDF7D9F8D3E74E
:10E560002046FFF797FA30B90220074A0549FDF720
:10E57000CFF80648C9E70020C7E700BF5EF0FFFFFD
:10E580004B87060814810608D28706085DF0FFFF56
:10E590002DE9F041012288B00023002600270491D4
:10E5A0000D4605218046CDE9062300234FF0FF32BA
:10E5B00000934FF0FF33CDE90267FFF739FA0446C5
:10E5C00040B1114A11490220FDF7A2F8204608B0D7
:10E5D000BDE8F081D8F8E430013BF7D00135009078
:10E5E0004FF0FF32D8F8EC100495CDE90630CDE9B4
:10E5F00002674FF0FF334046FFF71AFA044600283F
:10E60000E4D0034ADEE700BFC5820608148106088D
:10E61000F1870608D0F8E83001332DE9F04F0546C0
:10E6200089B08B4629D1FFF777FA50B14FF0FF340C
:10E63000344A35490220FDF76BF8204609B0BDE8A1
:10E64000F08F0022002304900121CDF800B0CDE925
:10E650000623D5F8E4304FF0FF32CDE902304FF019
:10E66000FF332846FFF7E4F904460028E5D0274A9F
:10E6700002202549FDF74CF8DFE7D0F8E4A0BAF115
:10E68000020F05D04FF4CC6221492248FDF752FD1C
:10E69000FFF742FA0028C9D14FF000084FF00009F7
:10E6A0000126002704904FF0FF324FF0FF33012185
:10E6B0002846CDF800B0CDE90689CDE90267FFF71D
:10E6C000B7F9044618B1144A0F495046D2E7284614
:10E6D000FFF722FA0028A9D10BF1010104944FF0B1
:10E6E000FF324FF0FF3300912846D5F8E810CDE90E
:10E6F0000689CDE90267FFF79BF9044600289CD004
:10E70000064AE1E7128806081481060826880608EA
:10E710007B88060890880608AB880608CC8806081F
:10E720003F4BF7B51A7800230446ADF80130ADF839
:10E73000053090F802318DF800208DF8042053B98F
:10E7400091F83A30C3F30213052B4CD8DFE803F0FD
:10E7500050033D4203030123C4F8F830C4F8FC30F1
:10E76000D4F8F830591C09D0D4F8FC104A1C05D054
:10E7700002AA134401228A4003F8082C01A920466A
:10E78000FFF706FF9DF806309DF802202046BDF8F1
:10E7900000101343BDF804209DF800700A4301A93E
:10E7A0009DF80160ADF804208DF80630FFF732FFC8
:10E7B0002046FFF76FF9E8B91A4A02201A49FCF718
:10E7C000A7FF4FF0FF3003B0F0BD0023C0F8F830D2
:10E7D0000623C3E7072300203E25C4E93E033F2369
:10E7E000C4E93A53BCE7114A04200F49FCF790FFF3
:10E7F0000020E8E7002501A92046ADF804508DF877
:10E800000650FFF7C5FE9DF804301F409DF8053007
:10E810001E4057EA060301D1054ACEE72846D2E753
:10E82000308D0608AE84060814810608ED880608B7
:10E830000B8906082D4B30B51B788BB005468DF83B
:10E8400024300023ADF82530FFF724F940B9284AD9
:10E8500002202849FCF75CFF4FF0FF300BB030BDC1
:10E8600095F8034144B1012C20D02846FFF712F956
:10E870000028ECD00020F1E72846FFF74DF908B159
:10E880001D4AE5E7002200230490982100902846C5
:10E89000CDE90623CDE902234FF0FF324FF0FF33DD
:10E8A000FFF7C6F80028E0D0144AD1E709A92846A6
:10E8B000FFF76EFE08B1124ACAE7D5F8F83093B9EF
:10E8C000D5F8FC309C4044F00304E4B29DF82430B9
:10E8D00009A928461C408DF82440FFF79BFE00281C
:10E8E000C3D0084AB4E70324F0E700BF308D060820
:10E8F0002D890608148106081D830608608906080C
:10E9000086890608BC890608D0F8E430032B30B5A8
:10E91000054687B005D040F2045226492648FDF747
:10E9200009FC264B002204301B781146ADF8152057
:10E930008DF814300223CDE90222CDE90022F9F747
:10E94000EBFB48B11E4A4FF0FF341E490220FCF792
:10E95000DFFE204607B030BD05A92846FFF718FEA8
:10E9600008B1194AEFE79DF81630284643F0020334
:10E970008DF81630FFF7D0F8044608B1134AE2E7E5
:10E9800005A92846FFF746FE08B1114ADBE72846ED
:10E99000FFF780F808B90F4AD5E705A92846ADF872
:10E9A00014408DF81640FFF7F3FD0028D1D00A4A35
:10E9B000C9E700BF7B880608F4890608308D060881
:10E9C00044810608148106080F8A06081288060882
:10E9D0002E8A0608AE840608608A060810B504462A
:10E9E000F2F762FA204610BDF8B518480D46F8F760
:10E9F0006BFFFEF7E5FC164A1068092820DC154B72
:10EA00001B68991E1C4603F1120631F9027FAF42C2
:10EA100019D0B142F9D1143321460234B1F9006062
:10EA200001360AD10D800130002410600748F8F744
:10EA30004BFFFEF7E3FC2046F8BD9C42ECD1F2E729
:10EA40006FF00104F2E74FF0FF34EFE75860002465
:10EA500084600024806000247FB52F4E0446BDF9F9
:10EA6000285040F8046B0B9ECDE90256BDF9246096
:10EA70000196BDF920600096F9F706FB04F1BC0091
:10EA8000A4F8B850FEF794FC0C9B29462046C4F825
:10EA9000F4310023C4F8003284F80432FFF7A4FFF5
:10EAA000C4F8B40050B101301C494FF0020007BF58
:10EAB0002B461B4A0A231B4AFCF72AFE0020002192
:10EAC00000224FF0FF33C4E944014FF40030C4F892
:10EAD000602184F854210121C4F8F801032084F84E
:10EAE000FD2184F8FE210222C4F81831C4F8E83070
:10EAF000C4F8FC30C4F8281184F8F010C4E93802D6
:10EB0000C4E93D3335224FF080732046C4F8EC2031
:10EB1000C4F8003104B070BD3C8D060814810608AD
:10EB2000818A0608B88A060810B513480C46F8F71B
:10EB3000CBFEFEF745FC114B1B6803F114011A468E
:10EB40000233B2F90000A0420AD14FF6FF731380DE
:10EB50000B4A1368002B01DD013B1360002403E026
:10EB60008B42ECD14FF0FF340348F8F7ADFEFEF7CF
:10EB700045FC204610BD00BF586000248060002482
:10EB80008460002470B500F1BC06054688B03046AC
:10EB9000FEF716FC95F804423CB93046C5F8004231
:10EBA000FEF72CFC204608B070BDD5F80032013BC2
:10EBB000C5F8003223B130460024FEF71FFCF1E710
:10EBC0000020002104934FF0FF3200934FF0FF33F9
:10EBD000CDE90601CDE9020104212846FEF728FF10
:10EBE000044630B16FF47A640A4A0B490220FCF7FC
:10EBF0008FFD0023304685F80432FEF7FFFBD5F881
:10EC0000B430002BCED1B5F9B8102846FFF78CFFF1
:10EC1000C8E700BFF68A060814810608F0B5D0E9F7
:10EC20000045096887B0EE0701EB650042BF6E1032
:10EC300089590C590F99D1E900670E99CDE90467FC
:10EC4000096803910D99097802910C99097801914D
:10EC50001B780093D2E90023A04707B0F0BD7FB531
:10EC6000CDE904230CAB014604AA043003930BAB9B
:10EC700002930AAB019309AB009308ABFFF7CEFFF9
:10EC800007B05DF804FB0000034A0346C26007C9F1
:10EC900083E80700704700BF248D060810B588B0D0
:10ECA000059108A902AC019001E90C0005A984E8CE
:10ECB0000C00FFF7E9FF019808B010BD37B56C46AE
:10ECC000054684E80C0094E80C00FFF7E7FF2846AF
:10ECD00003B030BD08B5F7F70BFC0068003818BF6B
:10ECE000012008BD2DE9F047044616461D469DF853
:10ECF00020709DF824809DF82890FFF7EBFF28B93D
:10ED000040F2022208490948FDF714FAE068FEF7CC
:10ED100017FE324601462B4620460897CDE9098961
:10ED2000BDE8F047084700BF106B0608A865060855
:10ED300030B587B00D9903919DF8301002919DF880
:10ED40002C10DDE90E4501919DF82810CDE9044510
:10ED50000091FFF7C7FF07B030BD000090F8023107
:10ED60002DE9F04317469DB004460D461268002B6E
:10ED700038D0242008AB00214FF05A084FF0080982
:10ED80000126039300230096CDE90401CDE9018912
:10ED90002846FFF7CDFF50B1434A4FF0FF354349B6
:10EDA0000220FCF7B5FC28461DB0BDE8F0830C221C
:10EDB0000023CDE9042314AB6022CDE902930023A4
:10EDC000CDE900682846FFF7B3FF06460028E3D1E7
:10EDD00004F5847808A8414600F042FB00280DDACB
:10EDE000334ADAE779680820CDE9041308A90391CA
:10EDF0005A21CDE9011001210091E3E7414608A81D
:10EE000000F018FB002801DA2A4AC6E7796808A84A
:10EE100000F060FA08A9C4F8F0012046FFF752FBA1
:10EE2000054608B1244AB8E7414608A88DF81E6097
:10EE30008DF81F6000F05AFA002801DA1F4AACE78B
:10EE40000DF11F037A6808A9204600930DF11E03F7
:10EE5000FEF778FD9DF81E309BB194F8003113B198
:10EE60002046FFF751FD08A92046FFF759FC08B1DD
:10EE7000134A92E79DF81F301BB108A92046FFF7FF
:10EE800033F994F8F0303BB17A6808A92046FFF7CF
:10EE900055FA08B10B4A80E72046FEF7FBFD002833
:10EEA00081D1094A79E700BF0B8B06081481060857
:10EEB0002F8B06084E8B06086E8B06089F8B060864
:10EEC000D68B0608078C06083A8C06082DE9F04711
:10EED000D0F8B4508EB00446B5B16B1C0CD1A5F679
:10EEE000A575B0F9B830584A02205849FCF710FC13
:10EEF00028460EB0BDE8F0870A23554A5349022040
:10EF0000544DFCF705FCF3E700F1BC0704F10408DD
:10EF10003846FEF755FA94F8FA312A462946404613
:10EF2000CDE90255CDE90055F9F7F6F850B14A4A56
:10EF30006FF47A6545490220FCF7EAFB3846FEF794
:10EF40005DFAD5E794F804320BB9C4F80052D4F84E
:10EF500000620136012EC4F80062EFD10023D4F81C
:10EF6000F411404684F8FB3184F8FD31F9F70AF9D1
:10EF7000054608B1394ADBE72046FEF78BFD30B97C
:10EF8000374A02203149374DFCF7C2FBD6E720460D
:10EF9000FFF76CF9002801DA334AC9E7DFF8E0909F
:10EFA00004F584782B4621464A460AA8C4E942550E
:10EFB000C4E94855CDE90495FFF780FE41460AA80B
:10EFC00000F058FA82460AA8FFF708FDBAF1000FD0
:10EFD00006DA264A1D490220254DFCF799FBADE7CC
:10EFE0002B464A4621460AA8CDE90695FFF766FE5C
:10EFF00042460AA92046FFF7B1FE82460AA8FFF75B
:10F00000EDFCBAF1000F01DA1A4AE3E72B464A4653
:10F0100021460AA8CDE90895FFF750FE41460AA807
:10F0200000F086FA05460AA8FFF7D8FC002D01DAA1
:10F03000114ACFE72046FFF7FDFB054608B10F4A0E
:10F04000C8E784F8046279E7818A06081481060813
:10F05000B88A060859F0FFFF44810608568C060856
:10F060003A8C06085DF0FFFF708C0608908C06084D
:10F070005EF0FFFFB18C0608D78C0608FC8C0608F2
:10F08000D5D7040830B587B00C9CD4E90045CDE94C
:10F0900004450B9C246803940A9C247802941B78F2
:10F0A000019313780093D1E90023FFF7D8FD07B04F
:10F0B00030BD7FB5CDE904230CAB08AA04A90293A7
:10F0C0000BAB01930AAB009309ABFFF7DBFF07B073
:10F0D0005DF804FB08B51420FDF76EFF4FF6FF71D5
:10F0E000831E00F1120223F8021F9342FBD1014B51
:10F0F000186008BD806000244FF484720249034800
:10F1000008B5FDF717F800BFAD8D0608B68D0608E7
:10F1100010B504220949044611F08AFC10B963793C
:10F12000012B07D00220064A0449FCF7F1FA4FF000
:10F13000FF3010BDA0790130FBE700BFCC8D060881
:10F14000D18D060837B5837804460D46012B08D0CB
:10F150000220514A5149FCF7DBFA4FF0FF3003B06F
:10F1600030BD4268130EFF2B40F08A8003780C2BD1
:10F1700028D91F2B76D003F17F02D2B20C2A01D9F5
:10F180000020ECE7813B0C2BFAD801A252F823F0C7
:10F1900019F2040881F1040881F1040833F204082B
:10F1A00081F1040881F1040869F204086DF2040891
:10F1B00081F1040881F1040881F1040881F1040857
:10F1C0007DF204080C2BDBD801A151F823F000BF1D
:10F1D00005F2040881F1040881F1040851F20408E1
:10F1E00081F104085DF2040861F2040881F1040869
:10F1F00081F1040871F2040875F2040881F1040831
:10F2000079F2040822F07F422A60C3789B00502BD9
:10F21000A8BF50236B60B3E7214A08201F49FCF7C1
:10F2200077FA636823F07F43AB61E3789B00EB617F
:10F23000A6E71C4A08201949FCF76AFA636823F01C
:10F240007F43C5F8D030E3789B00C5F8D43097E70A
:10F25000154A12490820FCF75BFA91E7134AF8E7D0
:10F26000134AF6E7134AF4E7134AF2E7134AF0E7C2
:10F27000134AEEE7134AECE7134AEAE7134AE8E7D2
:10F280007F2B3FF67DAF0093114A03780820034996
:10F29000FCF73EFA74E700BFFA8D0608CC8D06082D
:10F2A000258E0608428E06086F8E0608B18E060867
:10F2B000078F06085D8F06086B8F0608A98F060862
:10F2C000FA8F0608459006089C900608CD9006081F
:10F2D00023910608282981BF90F8280003110120F6
:10F2E000984098BF4FF4807070470000F8B54B68A5
:10F2F0001C2B24D9012301F1B00401F1C0064FF009
:10F30000FF379C4644F8047B027F0CFA02F2012A84
:10F31000E2600CD9457F44F8045C8D6DAA4200D3AD
:10F3200005B98A6591F84C201A4381F84C205B009E
:10F33000B44200F10200DBB2E4D10020F8BD437812
:10F34000FF2B0B61F9D10220034A0449FCF7E0F9D5
:10F350004FF0FF30F2E700BF73910608CC8D06082E
:10F36000F0B504460D46D2E902018D4208BF844241
:10F3700011D2136A7BB1012B0BD060320020834283
:10F3800009DDF2E80267AF4208BFA64202D20130AF
:10F39000F5E70020F0BD4FF0FF30FBE72DE9F04F1F
:10F3A00089B003264FF00809159F059007F1A80BB7
:10F3B000DDE9128ACDE9002318F1FF3306934AF103
:10F3C000FF330793149B093307EBC307059B13EA2D
:10F3D000090F1ED05BF826400025404651462246C4
:10F3E0002B460EF0B3FE134313D1DDE90023AB42ED
:10F3F00008BFA2420DD3069B1B190293079B6B41CA
:10F400000393DDE90201D7E900238B4208BF824262
:10F4100008D2013E4FEA5909D8D2044A02200449D1
:10F42000FCF776F9304609B0BDE8F08F9D910608EB
:10F43000CC8D060813B54368002408205A1CD20856
:10F44000C1E90224CDE900240349044AFCF760F92C
:10F45000204602B010BD00BFCC8D0608CD91060835
:10F4600090F90700C017704710B50446F3F75EFF28
:10F47000204610BD2DE9F04F8BB04FF0080B4FF038
:10F48000000A5A2708AB0022CDF808B08046039343
:10F49000012389465E46CDE90037CDE904BA002351
:10F4A000FFF746FC50450ADA4FF0FF341D4A1E496B
:10F4B0000220FCF72DF920460BB0BDE8F08F08A81C
:10F4C000FFF726FE041EF6DB0025CDE906BAA542AD
:10F4D00026D0069B01215A4640460493079B01977C
:10F4E000059308AB0091CDE902635346FFF720FC7A
:10F4F000002808DA02206B1C0C4A0B49FCF708F9BB
:10F500004FF0FF30D8E7494608A8FFF71BFE002858
:10F51000D2DB1BF1080B05F101054AF1000AD6E721
:10F520000020C9E7F9910608CC8D06081792060855
:10F530008B692DE9F04F05468DB00C460BB1C869BB
:10F5400078B9012300252362D4E90232636213F102
:10F55000FF3342F1FF32C4E9183228460DB0BDE84E
:10F56000F08F7849FDF736FD804638B9764A02209B
:10F5700076494FF0FF35FCF7CBF8EEE70027E3695B
:10F58000082203902846CDE904375A23CDE90132F9
:10F590000123A26900933B46FFF7CAFBB8420ADA8F
:10F5A0006B4A6A490220FCF7B3F84FF0FF3540463A
:10F5B000FDF731FDD1E7294608A8FFF755FF98F878
:10F5C000006016F002064FD1E36947460DF11F0AAD
:10F5D00008EB03093D460837B94533D317F8063C15
:10F5E0000120002117F805BC6A68CDF80CA0CDE910
:10F5F000040103F00F019B0908A8029117F8071CEA
:10F60000009300230191FFF793FB002809DA2F46AE
:10F610004FF0FF394F4A02204C49FCF779F83D463C
:10F6200017E09DF81F3076001BEA030FF6B217F8BB
:10F63000083C18BF46F00106DB0712D43B789D0753
:10F64000C8D53D464FF0FF39434A40490220FCF7F8
:10F650005FF808A8FFF7C2F9B9F1000F08D03F4AD8
:10F660009FE74FF00009DAE745463E46B946F0E726
:10F67000E26942442978880710D505F108039A42C7
:10F680000CD3A878831C05EB83039A420DD2344A2D
:10F6900005E00BB9FFF730FD1D46EBE7314A2B497A
:10F6A0000220FCF735F8304A7BE76F78B74203D089
:10F6B000C907EED52D4AF2E7431C0A2B236207DD6A
:10F6C000009302200A232A4A2049FCF721F86CE71C
:10F6D0006FF04C0A043504F1240904F14C0C04F1D8
:10F6E000600E00230F21AAEB040A2A6815F8046BA8
:10F6F00022F0FF0206F00F0602F58072314049F851
:10F70000042B013A0CF8016B13440AEB0C021E4661
:10F71000DF17904203F10103EEE80267E5DC002306
:10F720000122A36512EA010505D03033002554F803
:10F730002330A3653BE701335200042BD2B2F1D151
:10F7400035E700BFBCB306083F920608CC8D06081B
:10F7500059920608BF9206087C920608F2920608A3
:10F760004A9306081C930608DE9306088F93060842
:10F77000059406087047000010B5032000F06CFBEC
:10F7800004F0C8FE0F49104A8B69C3F30323D35C0E
:10F7900003F01F03D8408B6903F00F03D35C0B4ABF
:10F7A00003F01F0320FA03F31360094B18600F20C6
:10F7B0000AF07AF9044618B9FFF7DCFF204610BDBD
:10F7C0000124FBE700440258FE9406083C0E002486
:10F7D000380E002438B504460AF06CF90546631C5F
:10F7E0001EBF044B1B78E4180AF064F9431BA342C4
:10F7F000FAD338BD300E0024014B1868000C704756
:10F800000010005C014B1868704700BF00E8F11F52
:10F81000014B1868704700BF04E8F11F014B1868DE
:10F82000704700BF08E8F11F034A536823F46003E0
:10F8300018435060704700BF00040058024A136A22
:10F8400043F00103136270470004005830B5CC0345
:10F850000DD5430900F01F05012403F1B063AC404E
:10F8600008331B011D68A2B925EA04041C608B0340
:10F870000ED500F01F014009012300018B4000F16B
:10F88000B04042B9D0F8842022EA0303C0F88430A3
:10F8900030BD2C43EAE7D0F884201343F6E730B5B7
:10F8A000CC030DD5430900F01F05012403F1B0631B
:10F8B000AC400C331B011D68A2B925EA04041C608E
:10F8C0008B030ED500F01F014009012300018B407E
:10F8D00000F1B04042B9D0F8C42022EA0303C0F8D6
:10F8E000C43030BD2C43EAE7D0F8C4201343F6E718
:10F8F0008068C0F3800070477047026838B593682D
:10F9000004469168C80701D4002038BD9907FBD48C
:10F91000936803F00D03012B19D1936823F0004382
:10F9200023F03F0343F002039360032313600AF0C4
:10F93000C1F8054623689B68DB07E5D50AF0BAF8ED
:10F94000401B0228F6D923689B68DA07F2D5636D5D
:10F95000012043F010036365A36D43F00103A36529
:10F96000D3E7000038B5434A05460368934203D005
:10F9700002F58072934218D13F4B9B6813F4403FCD
:10F9800014BF012300230BB304F08AFF6B68044605
:10F99000B3F5003F05D0B3F5403F08D0B3F5803F45
:10F9A00006D11B0CB4FBF3F402E0344BE5E784080A
:10F9B000FFF722FF41F2030398422B6840D8304AF8
:10F9C00094429A6838D942F4807237E04FF40020AC
:10F9D00006F01EF86B680446B3F5101F28D01DD83A
:10F9E000B3F5E01F22D014D8B3F5801F08D00AD891
:10F9F000B3F5002F04D023F40022B2F5802FD7D125
:10FA00009B0C5B00CEE7B3F5A01FF9D0B3F5C01F88
:10FA1000F5E7B3F5001FCBD14409C9E7B3F5201FC3
:10FA200008D0B3F5301FC3D1040AC1E70409BFE70A
:10FA30008409BDE7C409BBE722F480729A6038BD2F
:10FA4000104A944203D89A6822F44072F6E70E4AAC
:10FA5000944203D89A6822F44072B4E70B4A944265
:10FA60009A6896BF22F4407242F4407242F40072E7
:10FA7000E4E700BF00200240002302400063025878
:10FA8000002D310121BCBE0041787D0181F0FA02D8
:10FA9000002373B504460193002800F0ED80456D06
:10FAA00025B9FFF729FFA56584F8505020688368C1
:10FAB0009D0005D5836823F0204323F03F03836036
:10FAC0008368D90040F198808368DA0000F1AA8049
:10FAD000636D012543F010036365A36D43F00103DB
:10FAE000A365FFF705FF636D03F010030343636D28
:10FAF00040F0BF8023F48173226843F00203636502
:10FB00009368DB070CD45D495D488A4202D082428B
:10FB100040F08A808E6883683343DE0740F18B8033
:10FB2000FFF76AFE41F20303226B9842217F607D5A
:10FB3000A36840F29080102B40F08D800B0443EAC4
:10FB40004033134343F01C03012902BF226A02F130
:10FB5000FF3243EA4243626A22B102F47872A16A38
:10FB60000A4313432068474AC1680A401343C360ED
:10FB7000FFF7BEFE2268936803F00803034327D112
:10FB8000D368217D23F4804323F0030343EA8133C8
:10FB9000E16A0B43D36094F83830012B61D1E36BF9
:10FBA0001069591ED4E91036334343EA0143A16C6E
:10FBB0000B43354901400B4343F0010313612046D9
:10FBC0001369616B23F070430B431361FFF7CAFEA7
:10FBD000E3682268012B48D1116BA36921F00F0162
:10FBE000013B0B431363636D23F0030343F00103F5
:10FBF0006365284602B070BD8368244A23F0104331
:10FC000023F03F0343F080538360214B1B68B3FB19
:10FC1000F2F301330193019B002B3FF455AF019B9D
:10FC2000013BF7E700255CE71A4B9B68DB073FF5D4
:10FC300077AF194B06E08A420BD0174B1749824227
:10FC400008BF0B469A68616822F47C120A439A60E6
:10FC500066E7124BF6E7134343EA403343EA0143B6
:10FC600072E7136923F00103A8E7136B23F00F0376
:10FC7000B8E743F0100363650125BAE700200240AE
:10FC80000021024003C0F0FF1EF800FC400D0300FD
:10FC9000380E00240060025800630258002302401E
:10FCA0008068C0F3800070470023F7B501930446D5
:10FCB00090F850300E461746012B3FD0012380F8B4
:10FCC0005030FFF71AFE002834D1656D07F08047E9
:10FCD000226806F4803625F48855194B25F0020574
:10FCE00045F00205656591680B4016493B43334377
:10FCF00043F0004393609368002B11DA019B0133BA
:10FD00000193019B8B42F6D3636D012023F0120314
:10FD100043F010036365002384F8503003B0F0BD56
:10FD2000636D23F0030343F001036365002384F84C
:10FD30005030F3E7636D43F01003F6E70220EDE780
:10FD4000C0FFFE3F00F8C325F0B590F850209BB0EF
:10FD50000346012A73D001223A4C80F8502000203B
:10FD60001D681690A542179008D0596D83F8500071
:10FD7000104641F0200159651BB0F0BD324E3046AF
:10FD8000FFF78EFF04461868FFF78AFF20433046CE
:10FD90004FD11A68AA4222D02C4D2D4CB24218BF26
:10FDA0002C46D1F800C0274FBCF1000F27D0A66821
:10FDB000BA424D6826F4404646EA0506A66001D0E0
:10FDC00082420ED11F4A966882683243D24302F0C3
:10FDD00001024AB90020002283F85020CCE71C4CD5
:10FDE000DFE71C4A9268F1E7A268896822F4716231
:10FDF0004CEA010522F00F021543A560EAE7A1686D
:10FE0000BA4221F44041A16001D082420ED1B968CA
:10FE100082680A43D24302F00102002ADAD0A268C3
:10FE200022F4716222F00F02A260D3E7094A9268BD
:10FE3000F0E7596D104641F020015965CBE70220EB
:10FE40009AE700BF002002400021024000630258F0
:10FE5000002302400060025807490302CA6803F405
:10FE6000E06322F4E0621204120C134343F0BF6318
:10FE700043F40033CB60704700ED00E0164B30B523
:10FE8000DC68C4F30224C4F10705231D042D28BF38
:10FE90000425062B4FF0FF338CBF033C002403FAEC
:10FEA00005F5002803FA04F321EA050122EA03021A
:10FEB00001FA04F141EA02034FEA0313DBB206DB65
:10FEC00000F1604000F5614080F8003330BD00F083
:10FED0000F00024A1354F9E700ED00E014ED00E0D2
:10FEE000002808DB0123420900F01F0003FA00F09C
:10FEF000014B43F82200704700E100E000280DDBD1
:10FF00004309012200F01F00203302FA00F0044AE6
:10FF100042F82300BFF34F8FBFF36F8F704700BFCE
:10FF200000E100E0BFF35F8F044A536A23F480339B
:10FF300053620022024B5A60704700BF00ED00E0A0
:10FF400090ED00E0064A40F00100064B5860536A0D
:10FF500043F480335362BFF34F8FBFF36F8F70470B
:10FF600000ED00E090ED00E04378124A10B5936098
:10FF70000178D9B14368D360C37A047B1B0643EA96
:10FF800004730B43817A43EAC143417B43EA8143D3
:10FF9000817B43EA4143C17B43EA0143417A43EA1F
:10FFA0000123017A43EA4103136110BDD16011615D
:10FFB000FBE700BF90ED00E0044B1B68C3F30313A5
:10FFC000072B0CBF03200120704700BF00ED00E0AD
:10FFD00010B528B190F83530022B03D0802343654B
:10FFE00001207FE00368504A934252D04F498B4230
:10FFF0004FD018318B424CD018318B4249D0183138
:020000040805ED
:100000008B4246D018318B4243D018318B4240D0BE
:1000100018318B423DD001F556718B4239D01831E1
:100020008B4236D018318B4233D018318B4230D0CE
:1000300018318B422DD018318B422AD018318B4287
:1000400027D018318B4224D01A6822F00E021A6091
:100050001A6822F001021A60354A934243D1026EB7
:10006000136823F480731360D0E9161303F01F02A2
:10007000012393404B60D0E919325A60C36E002BC4
:1000800046D01A6822F480721A60D0E91C325A6095
:100090003EE00421934280F835101ED0234A93425B
:1000A0001BD01832934218D01832934215D0183210
:1000B000934212D0183293420FD0183293420CD090
:1000C0001832934209D002F55672934205D0183285
:1000D000934202D018329342FFD01A6822F00102F4
:1000E0001A60002010BD134A9342B8D014329342D4
:1000F000B5D014329342B2D014329342AFD01432FE
:100100009342ACD014329342A9D014329342A6D079
:100110000123002480F83530036D80F834400BB1A2
:100120009847DEE71846DDE710000240280002404D
:10013000085402581C54025890F8350070478B68D8
:100140000A682DE9F04F1A430B7C85B091F804A0A2
:10015000002B91F80C9091F80D800CBF4FF4002308
:10016000002391F80EE001934B7C91F80FC0002B17
:100170008E7C0D7F0CBF4FF40033002391F81DB02F
:1001800002934B691A438B6913438A7F002ACA7F03
:10019000039208BF4FF4806791F8202018BF002712
:1001A000002A026810680CBF4FF48074002400908D
:1001B000486A0343C86A0343009820F07F4020F454
:1001C0007B0020F4FE4020F07C000343039843EAC8
:1001D000CA6343EAC95343EA885343EA4E5343EAA6
:1001E0000C5343EA064343EA053343EACB2391F831
:1001F00028B043EA4023019843EA0B1303430298D3
:1002000003433B431C431460CE6B91F8323091F8AA
:100210003870002B536891F8305023F07C5391F8DC
:1002200031400CBF4FF48030002023F4EF2323F43F
:10023000FF6323F0070343EA46634E6B33438E6C40
:1002400043EA076343EA85430D6D43EA44430343AE
:10025000486C5360D36823F4877323F0010303438E
:1002600091F8400043EA0023D36091F84C3091F8B4
:100270005440002B136F23F0F2030CBF80200020AA
:100280001B041B0C43EA06432B43CD6D43EA440396
:1002900003431367D2F8900091F8563020F0030022
:1002A000034391F8550043EA4003886DC2F890304B
:1002B000D2F8003D23F072030343C2F8003D91F8E9
:1002C000603091F86140002BD2F8303D91F8621017
:1002D00023F07B030CBF402000202B4343EA041390
:1002E00043EAC1030343C2F8303D05B0BDE8F08FD7
:1002F000026802F58050036823F4F04330B523F020
:1003000002030C68234341F2040403600B7B105981
:100310000D79DB0320F4504043EA05338D6820F06B
:1003200001002B430343135102F58854487B0B6AA9
:10033000256843EA0043104828400343236041F204
:1003400004144B7F087D1B03155943EA0013086909
:1003500003430A4828400343135141F208140D7F18
:1003600010598B6920F0004143EAC57321F47C11D8
:100370000B43135130BD00BF00C0FEFFEFEFC0FFC5
:100380002DE9F04FD0F840E085B000EB8E030292EB
:100390009A69D468002C03DA022005B0BDE8F08F1A
:1003A0005B6C002BF8D10D688F6815F0040C28D019
:1003B000D4684B6A240C240423430468D360D368B4
:1003C00043F48033D360236E43F4801323662B07FA
:1003D00017D59668CB6AB6B246EA03439360D368F2
:1003E00043F40033D360D6680B6B26F440263343C6
:1003F000D360636E43F480136366236D43F08063C0
:10040000236515F010090BD094688B6924F47F5490
:1004100024F03F0423439360D36843F08063D360A8
:1004200015F0140418D0D3680EF1010643F0804390
:10043000092ED36088BFAEF10906D36843F00043AC
:10044000D36000EB86039B69DC68002C7EDAD368FE
:1004500023F00043D3609FE71346764601340194AE
:100460003C681C609C6824F47F587C6828F03F0836
:1004700048EA0404DFF800829C60BC68002C67D066
:1004800027685F609F6807EA0808676848EA0747C7
:100490009F60DF68B9F1000F61D027F4F0080F6AA0
:1004A00048EAC747DF60DF684FEA9748CF694FEAFD
:1004B000884848EA0707DF60DF6847F48027DF6085
:1004C000BCF1000F06D09F6827F4404C8F6A4CEABD
:1004D00007079F60DF6847F00057DF60DF6827F09D
:1004E0008047DF60DF6847F00047DF60AF0706D571
:1004F000DF6827F0607CCF684CEA0707DF6005F013
:1005000001050027DFF87081DFF870A10395019DD8
:1005100007EB050BA568002D3BD1029A002A00F0DD
:10052000A7809A6842F000429A60DA6842F08052EE
:10053000DA6000EB8603C26E5A64066472B6036F1B
:1005400001331F44076762B6002026E7012485E7D0
:100550005C609C6804EA08049C603C4699E727F4C8
:10056000FF484F6828F07F0848EA0707DF60EF0779
:1005700006D5DF6827F440384F6948EA0707DF608F
:10058000AF069DD5DF6827F040680F6948EA070786
:1005900095E706F1010CDC68BCF1090F24F08054EA
:1005A00088BFA6F1090CDC6000EB8C06B369DC683F
:1005B00024F00054DC60DC68002C01DB746C9CB11E
:1005C00000230EE0D168013321F00041D1600EF12B
:1005D0000101092988BFAEF1090100EB81028E46B5
:1005E00092699B45EED1D7E62C681C609E686C68CA
:1005F00026F47F5626F03F0634439C60AC6804B373
:1006000025685D609E68656806EA080646EA054555
:100610009D60DE68B9F1000F1AD0CD6906EA0A06BE
:100620003543DD60DD6845F48025DD60DD68013738
:10063000664645F00045DD60DD6825F08045DD60FB
:1006400065E75C609C6804EA08049C602C46E0E76F
:1006500026F4FF464D6826F07F063543DD60039D96
:10066000002DE3D0DE684D6926F440363543DCE7E3
:100670009A6822F0004257E7FFFF00C00000FCFF2D
:100680000AB1032904D90123C0F8A43018467047E1
:1006900000EB8101496F0A600A61CA6842F080720A
:1006A000CA602BB18B604B61CB6843F00073CB60A9
:1006B000CB68002043F00043CB607047D0F89C101B
:1006C000102910B52AD1232341F20414C0F89C301C
:1006D00003681A6842F002021A601A6842F00102C6
:1006E0001A60D3F8002D42F00102C3F8002D1A5908
:1006F00042F001021A5141F208141A5942F0010263
:100700001A5103F58B531A6842F481721A6022233E
:10071000C0F89C10C0F8A030002010BD0120FCE7FC
:10072000D0F89C30102B10B542D1232300F1840463
:10073000C0F89C3000F1740353F8041BCA68A3424C
:1007400042F08042CA60F7D1012341F20411C0F89F
:10075000943003681A6842F002021A601A6842F084
:1007600001021A60D3F8002D42F00102C3F8002DF7
:100770005A5842F001025A5041F208115A5842F0B8
:1007800001025A5003F58B510A6842F481720A60E3
:1007900041F234115A5842F4504242F041025A5048
:1007A0001023C0F89C302223C0F8A030002010BDD8
:1007B0000120FCE7D0F89C3023B3232341F204113D
:1007C000C0F89C3003685A5822F001025A5041F296
:1007D00008115A5822F001025A501A6822F00102F8
:1007E0001A60D3F8002D42F00102C3F8002D1A68F8
:1007F00022F002021A601023C0F89C30C0F8A0302A
:100800000020704701207047F8B50446154639B9F5
:10081000D0F8A43043F00103C4F8A430012025E04F
:10082000D0F89C30102BF9D10022FFF7A9FD20B1A0
:10083000D4F8A43043F00203EEE7236C9A1D54F879
:1008400022705A1C092A8ABF093B22642364226C45
:100850002368063203F5895354F822201A6009F000
:1008600029F90646FB68002B01DB0020F8BD236850
:1008700003F58B531A68D2040CD5D4F8A42042F0A7
:100880000802C4F8A4201B68C4F8A830E023C4F808
:100890009C30C3E76B1CE5D009F00CF9801BA84223
:1008A00001D8002DDED1D4F8A43043F00403C4F8FD
:1008B000A430EBE7F0B5D0F88C50002D3ED1D0F845
:1008C00084102A462C46052700EB81035E6FF368EF
:1008D000002B01DB013F33D16CB300EB82034FF0FF
:1008E0008076671E5B6FC0E921121969196059692A
:1008F000DE6021B19960D96841F00071D960D96892
:1009000041F00041D960D0F8941019B1D96841F094
:100910008041D960AF4207D9511C032988BFD11E3D
:1009200000EB81030A465B6F0135AC42DDD1016803
:1009300041F228128B500023C0F88C30002023E0B5
:10094000D6F80CC04B1C1CF0805F1ED0002C08BFDA
:100950000A46032B04F1010588BFCB1E00EB83017F
:10096000496FCC68002C0ADBC9684F0007D501210C
:10097000C0F89010591803298CBF033B0B46C0F8F0
:100980008C50C0E921320120F0BDF668B6000AD5CE
:10099000032B4FF0010488BFCB1E00EB8302566F80
:1009A0000A46194693E7032B04F1010488BFCB1EC6
:1009B00000EB83014E6FF4E7F8B505460C4619B914
:1009C0000120C5F8A400F8BDD0F88C30C3B1D5F82B
:1009D00088100026D5F88C2005EB8103686902F1A8
:1009E000FF3C37465B6FBC4510D8DA681969C2F323
:1009F0000E022160921B90421FD362600020E2E74A
:100A0000FFF758FF0028E2D10120DCE71A69C4E9AA
:100A100000205A691AB1A4685A69C4E900204A1C26
:100A2000DE68A4680137032AC6F30E0688BFCA1E13
:100A300005EB820311465B6FD5E759690029E3D0C6
:100A4000A168121A5B6960600B604A60D6E770B5F6
:100A5000D0E9225304460E4673B1D4F88C302B44AF
:100A6000581E03280ED804EB80040020636FDB6857
:100A7000C3F30E03336070BDFFF71CFF0028ECD1F9
:100A80000120F8E7581FEEE7D0F88C20F0B5002AD7
:100A900039D0D0F8903003B10132D0F8884000212D
:100AA0004FF08076571E00EB84035B6F8A4208D1BB
:100AB000016841F228128B500023C0E92333184605
:100AC000F0BD1D691D60DE605D692DB15D699D60D1
:100AD000DD6845F00075DD60DD6845F00045DD60EE
:100AE000D0F894501DB1DD6845F08045DD608F423F
:100AF00007D9651C032D88BFE51E00EB85032C4636
:100B00005B6F0131D2E70120DAE770477047704729
:100B100070470000036803F58B521268520610B547
:100B200004460CD541F234129B58590607D5F6F706
:100B3000ABFB236848F2400203F58B531A6023682D
:100B400003F58B521268D2070DD541F234129B582F
:100B5000D80708D52046FFF7D8FF236848F20102DE
:100B600003F58B531A60226802F58B531968490408
:100B700020D541F23411505840041BD5D4F8A400BC
:100B800040F00800C4F8A4001868C00459D51B68D8
:100B900023F46F6323F00D03DB04DB0CC4F8A830EF
:100BA000535823F440435350E023C4F89C3020466C
:100BB000F6F77AF92268D2F8B03003F4C043B3F5FF
:100BC000C04F0CD1D2F8B8302046C4F8AC30E02386
:100BD000C4F89C30F6F774F90023C4F8AC302368ED
:100BE000D3F8B020D0060BD5D3F8C030204603F0A0
:100BF0006003C4F8B030FFF789FF0023C4F8B030B9
:100C00002368D3F8B02091060BD5D3F8C030204626
:100C100003F00F03C4F8B430FFF779FF0023C4F8E2
:100C2000B430FFF7C9F903280CBF0A4B0A4B9A6A84
:100C3000520205D54FF4800220469A62FFF768FF02
:100C400010BD1A6802F4CD42C4F8A8204FF4CD427A
:100C50001A60ACE780000058C000005870B51E460E
:100C600003680546D3F80002C00701D5012070BD16
:100C7000D3F8004224F0787444EA415121F4F81189
:100C800041EA024242F00D02C3F8002208F012FFCE
:100C900004462A68D2F8003213F0010305D1D2F8D5
:100CA0000422184692B23260E1E708F003FF001B0D
:100CB000B0F57A7FEDD9D9E738B505460068D0F8A8
:100CC0000042E40701D5012038BDD0F800429BB2B4
:100CD00024F0787444EA415121F4F81141EA0242C7
:100CE0000D4922F00C02C1F8043242F00502C1F8AD
:100CF000002208F0DFFE04462B68D3F8003213F020
:100D0000010301D11846DFE708F0D4FE001BB0F55F
:100D10007A7FF1D9D7E700BF00800240002900F0B8
:100D2000C180036800201A6802F00C02CA621A68C7
:100D3000C2F3001281F828201A6802F060024A62A9
:100D40001A6882F48072C2F3002281F820201A68A7
:100D5000C2F34022CA771A6882F48062C2F380220A
:100D60008A771A68C2F3C0224A771A68C2F300323F
:100D70000A771A6802F400528A611A6802F4804203
:100D80004A611A68C2F300428A741A6882F4003217
:100D9000C2F340424A741A6882F40022C2F3C0428D
:100DA0000A741A68C2F30052CA731A68C2F3405236
:100DB0008A731A68C2F380524A731A68C2F3C05227
:100DC0000A731A6802F0E0628A601A68C2F3C062AD
:100DD0000A711A6802F0E0420A605A68C2F30D0212
:100DE0004A635A6882F48032C2F3004281F83220AA
:100DF0005A68C2F3404281F831205A68C2F38042F7
:100E000081F830205A68C2F3006281F838205A68AD
:100E1000C2F34462CA63DA68C2F3002281F8402058
:100E2000DA6802F00F024A641A6FC2F3400281F8D6
:100E300054201A6F82F08002C2F3C01281F84C2055
:100E40001A6F02F070020A651A6F120C8A64D3F8E6
:100E5000902002F0010281F85620D3F89020C2F3CE
:100E6000400281F85520D3F8002D02F072028A6505
:100E7000D3F8302D02F02302CA65D3F8302DC2F327
:100E8000C00281F86220D3F8302DC2F3001281F83D
:100E90006120D3F8303D83F04003C3F3801381F821
:100EA000603070470120704708B539B1D0F8A030E4
:100EB000102B03D1FFF743F9002008BD0120FCE708
:100EC00038B503680546D3F8004203F0E9FC124B3D
:100ED000124A24F470640344934205D244F400742B
:100EE0002B68C3F8004238BD0D4B0E4A03449342B1
:100EF00002D844F44074F3E70B4B0C4A034493428A
:100F0000EED30B4B0B4A0344934294BF44F48074DA
:100F100044F48064E4E700BF00D3CEFEC0E1E40007
:100F200040F1E9FD3F787D0100796CFC005A6202D6
:100F3000001F0AFA7FF0FA0270B50446A4B0002838
:100F400000F0AC80D0F89C300BB9F5F7FBFB232305
:100F5000C4F89C307E4BD3F8F42042F00202C3F870
:100F6000F420D3F8F430207A03F002030193019BBC
:100F7000002840F08380FEF757FC236803F5805378
:100F80001A6842F001021A6008F094FD06462368D0
:100F900003F580531D6815F0010572D12046012626
:100FA000FFF78EFF03F07CFC6A4A23684FF4804110
:100FB00014958DF830608DF854508DF864501A9562
:100FC0001D958DF86C508DF84C60ADF88C608DF8E7
:100FD0008E501F95ADF880508DF882501695ADF863
:100FE0005C508DF85E600D958DF83E501C958DF827
:100FF0007860B0FBF2F00138C3F8DC004FF4C36353
:10100000022018934FF040530B934FF40053CDE957
:1010100010134FF480330BA912932023CDE9210341
:101020004D4B20460E9340F20113ADF83C30FFF7D4
:1010300086F84FF4001302A920468DF80C60069341
:1010400008934FF4067302950A930496ADF8145072
:101050008DF81C50ADF82450FFF74AF923686069F9
:1010600003F588510A6822F4E01242F400220A6073
:1010700010F0030114D0C4F8A4600CE04FF4000099
:1010800079E708F017FD801BB0F5FA7F7FF67FAF98
:101090000423C4F8A430E023C4F89C30012055E0B8
:1010A00041F208155A5922F4FF4222F07E0242EA28
:1010B0004002E0685A5100F1F00604F118050246BA
:1010C000116051609160D16045F8042B1832B24232
:1010D000F6D1216441F22C1209210025995041F2E8
:1010E00014122169985003F5895201F160061060CD
:1010F00004F174000A46156055609560D560C2E938
:10110000045540F8042B1832B242F4D141F23012A7
:101110000320C4F88C50C4E92155C4E924559850E3
:1011200041F21C1200209950483141F22812995086
:1011300062689188C3F800131268C3F8042310236F
:10114000C4F8A450C4F89C30C4F8A03024B070BDDA
:101150000044025840420F0000000101D0F89C00FA
:10116000704770472DE9F04F99B004464C22CC49A6
:1011700005A80FF08FFC002C00F0BC81C94B226841
:101180009A4204BF03F58073636094F8983003F0CB
:10119000FF0223B9204684F89920FFF7E2FF226876
:1011A000936923F01003936108F084FC05462368DB
:1011B0009A69110700F18F819A6942F001029A61E0
:1011C00008F078FC054623689A69D20740F19481BB
:1011D0009A6942F002029A61227C012A9A690CBF44
:1011E00022F0400242F040029A61627C012A9A6930
:1011F0000CBF42F4804222F480429A61A27C012A10
:101200009A690CBF22F4805242F480529A619A6922
:10121000A06822F4407202439A619A6922F0A40203
:101220009A611A6922F010021A61E268012A40F0FC
:101230006A819A6942F004029A61A269B0F5407F1E
:1012400002F1FF31E26902F1FF324FEA022242EA83
:101250004162216A01F1FF3142EA0102616901F153
:10126000FF3142EA0142DA610ED1E26A511E226B7D
:10127000013A120142EA0122A16A01390A43616A74
:10128000013942EA0142DA60D4F860E0BEF1000FB1
:1012900005D0D3F8C020616E0A43C3F8C020D4F84B
:1012A0005CB0D4F868A01EEB0B0F0BD018A9D3F8D4
:1012B000C82001EB8A0122F0070251F84C1C0A43B6
:1012C000C3F8C820D4E9106215465EB118A8D3F857
:1012D000BC2000EB850122F0070251F84C1C0A43A8
:1012E000C3F8BC20A26C0092E26C0392009A6AB12F
:1012F00018A80399D3F8BC2000EB810122F07002FA
:1013000051F84C1C42EA0112C3F8BC20D4E914790C
:1013100067B118A9D3F8BC2001EB890122F4E0627F
:1013200051F84C1C42EA0122C3F8BC205D4A9342AA
:1013300004D161688A6822F003028A6000225A4858
:10134000D4F83C807543C4F89C20C4F894204FF036
:10135000010209FB07F984F89820626B0192D3F827
:1013600084200199024042EA8102C3F88420D3F824
:101370008410A26B21F47F0141EA0241C3F884107A
:10138000019901EB020CD3F88810014041EA8C016D
:10139000C3F88810D3F8881021F4FE0141EA08410F
:1013A000C3F888100CEB4801D3F8A0C00CEA000C7D
:1013B0004CEA810C2944C3F8A0C0D3F8A0C0029124
:1013C0002CF4FE0C4CEA064C2E46039DC3F8A0C03C
:1013D000D3F8B0C00CEA000C4CEA810C0099C3F8B9
:1013E000B0C0D3F8B0C04D432CF4FE0C4CEA014C15
:1013F0000299C3F8B0C02944D3F8ACC00CEA000C81
:101400004CEA810C4944C3F8ACC0D3F8F0700740F3
:1014100047EA8107C3F8F070D3F8F070D4F858C0E9
:1014200027F47C1701EB4C0147EA0C47C3F8F07036
:10143000D3F8C070384040EA8101C3F8C010D3F837
:10144000C01021F47C1141EA0B41C3F8C010D3F85D
:10145000C01021F07C5141EA0E610AFB0EFEC3F878
:10146000C010019B03F1805101F52C51890001EB63
:1014700082030E4AE166236703EBC803636703EB4D
:101480008603A36703EB8503E36703EB8903C4F8D3
:10149000803003EBCC030AFB0BFCC4F8843007E07C
:1014A0005494060800A000400300FFFFFCD3004056
:1014B00003EB8C03C4F8883003EB8E039342C4F82B
:1014C000903034D80023D4F89020914234D30020B7
:1014D00019B0BDE8F08F08F0EDFA401B0A287FF63E
:1014E00066AED4F89C3043F00103C4F89C3003236B
:1014F00084F898300120EBE708F0DCFA401B0A285A
:101500007FF661AEEDE7002A3FF497AE022A0AD0DB
:101510009969032A41F080019961196941F010012C
:1015200019617FF48AAE9A6942F0200284E6D4F809
:101530009C3043F02003D8E741F8043BC3E700BFE9
:1015400030B590F89830013B012B2DD8D1E90054EB
:10155000D1E90323BDB9072A4FEA03430BD1CA6976
:1015600043EA02238A69134343F06053C26E42F890
:101570002430002030BD8D68496943EA85730B43F0
:1015800043EAC263F2E7072A43EA42731ABF8D684F
:101590004A698A69016F18BF42EA857201EBC4008B
:1015A00041F834304260E4E7D0F89C3043F0020365
:1015B000C0F89C300120DDE770B5154690F8982002
:1015C000012A0BD10668049840EA4303002043EA4D
:1015D000850242EA0112C6F8802070BDD0F89C3026
:1015E00043F00403C0F89C300120F6E790F89830EF
:1015F000012B0CD10268022380F89830936923F004
:10160000010393610023C0F89C3018467047D0F85E
:101610009C3043F00403C0F89C3001207047000068
:1016200090F89830013B012B2DD80368986D084243
:101630001FD1D86D40F00100D865880504D5D3F8D6
:10164000E0001043C3F8E000480504D5D3F8E400F7
:101650000243C3F8E42021F04042586D22F44012C6
:10166000024300205A650C4A536943EA9171516163
:101670007047986D31EA000003D1D86D40F0020048
:10168000DAE70320D8E7D0F89C3043F00203C0F833
:101690009C300120704700BF00A8004090F89830AF
:1016A000013B012B27D8036821F040405A6D20F4FC
:1016B000401022EA000215485A65426922EA9172F6
:1016C0004261880502D50022C3F8E0204A0502D510
:1016D0000022C3F8E4209A6D596D914303D1D96D6E
:1016E00021F00101D965586D10400CD1DA6D22F05E
:1016F0000202DA657047D0F89C3043F00203C0F86C
:101700009C30012070470020704700BF00A80040B7
:101710002DE9F74F0023DFF8BC81DFF8BCC14FF0A3
:10172000B0490A6832FA03F402D103B0BDE8F08F81
:1017300001279F403A4000F0B6804C684FEA430EC4
:10174000032524F0100A05FA0EF50AF1FF36ED43E1
:10175000012E10D8866806EA050BCE6806FA0EF64A
:1017600046EA0B068660466826EA0707C4F30016B9
:101770009E4037434760C768BAF1020F8E6807EA98
:10178000050706FA0EF646EA0706C66014D14FEAC8
:10179000D30A03F0070B0F2700EB8A0A4FEA8B0BE3
:1017A000DAF8206007FA0BF726EA07070E6906FA4F
:1017B0000BF63E43CAF820600668354004F0030685
:1017C00006FA0EFE4EEA05050560E5006BD5D8F871
:1017D000F45023F0030603F003074FF00F0E45F01B
:1017E000020506F1B046BF00C8F8F45006F5806661
:1017F000D8F8F45005F002050195019D0EFA07F5A1
:10180000D6F808A02AEA050E314DA8424DD005F5BC
:101810008065A8424BD005F58065A84249D005F502
:101820008065A84247D005F58065A84245D005F5FA
:101830008065A84243D005F58065A84241D005F5F2
:101840008065A8423FD005F58065A8423DD005F5EA
:101850008065A8420CBF09250A25BD40E70345EA7B
:101860000E05B5606FEA0206DCF8005054BF354043
:101870001543A703CCF80050DCF8045054BF3540A2
:101880001543E7024FF0B047CCF80450D9F80050A8
:1018900054BF35401543A4023D607D6854BF3540B8
:1018A0001543C9F8045001333BE70025D5E701256E
:1018B000D3E70225D1E70325CFE70425CDE70525AA
:1018C000CBE70625C9E70725C7E70825C5E700BF19
:1018D0000000025800440258800000580AB181619B
:1018E00070470904FBE7F0B50468CD01202A04EB3A
:1018F000C111D1F8E400D1F8B87018D00FD8082A77
:1019000009D8E2B1013A072A07D8DFE802F03C1013
:10191000063C06060610102A35D000220FE0B2F56C
:10192000807F30D02CD8402A2DD0802AF5D159681C
:101930006219C2F8C4109968C2F8C8101022FE21BA
:10194000914020EA010C1968D3E90306084359695C
:10195000082E40EA060041EA0001986941EA0001C8
:1019600001FA02F141EA0C0106D117F0022F02BF81
:10197000DB6903FA02F211432C44C4F8E410F0BD11
:10198000B2F5007FD2E759686219C2F8BC109968B5
:10199000C2F8C010C1E7704713B5044600284CD008
:1019A000022380F8C1300023C0E93133C0E933336A
:1019B000C0E935338368DA071CD50168204B9942AA
:1019C0000CD1204BD3F8F02042F00052C3F8F020A5
:1019D000D3F8F03003F000530193019B0B682269A8
:1019E00023F4704302F440421A43636903F4405302
:1019F00013430B602046FFF7CEFFA3689B0708D573
:101A00002168E3680A6803F4407322F440721343C8
:101A10000B60012304F1A80284F8C130002384F88C
:101A2000C030A3622363C4E90633C4E908331C341D
:101A30009442F6D1002002B010BD0120FBE700BFA8
:101A40000074014000440258F0B590F8C140022CE7
:101A5000E3B217D00223052980F8C1300368D2E928
:101A60000276D2E900540FD11A6822F007023A43F5
:101A700022F0180232431A605D619C61012380F8F4
:101A8000C13000231846F0BD03EBC111D1F88030FE
:101A900023F007033B4323F018033343C1F880309E
:101AA000C1F89450C1F89840E8E72DE9F74F90F855
:101AB000C1300646022BD8B200F0EF8096F8C03055
:101AC0000220012B00F0E980012386F8C1000529DE
:101AD000356886F8C030136BD2E905BAD2E9079EA3
:101AE000D2E9097000933AD12B68D5F8A04323F0CE
:101AF000200324F4803443EA0B0B009B2BF4006B8F
:101B00004BEA0A0A2AF4806A4AEA090929F0C069FC
:101B100049EA0E0E2EF0006E4EEA070727F0404706
:101B200047EA800020F000501843D36A1C43286025
:101B30001C23C5F8A043106803FB016318625068BA
:101B4000586290689862D0681269D8621A63052951
:101B500000F29D80DFE801F0A4A9AEB3B89505EBD3
:101B6000C11CCB010193DCF8803023F07043CCF82A
:101B70008030DCF88030DCF8E84023F02003DCF82B
:101B8000E480019443EA0B03D5F8A04323F40063F7
:101B900043EA0A0323F4806343EA090323F0C063A2
:101BA00043EA0E0E009B2EF0006EB3F1005F136D42
:101BB0004EEA0707D2F834E027F0704740EA070002
:101BC000019F20F4003027F0004708BF40F40030A8
:101BD00027F01F0720F0400040EA0E0020F480208C
:101BE000034323F0FC70936C43EA000A906B00F00F
:101BF0001F003843D76B3843BEF1000F04D128F4DF
:101C00008078176C48EA0708576C27F48059B9F5B3
:101C1000606F02D1BEF1400F03D128F4F05847EABB
:101C20000808D76C042909D8DFE801F00313191F4D
:101C3000250024F40034D36A44EA4304CB01CCF8F1
:101C400080A02B44C3F8E800C3F8E480C3F8D47044
:101C50006EE724F48024D36A44EA8304EEE724F494
:101C60000024D36A44EAC304E8E724F48014D36A66
:101C700044EA0314E2E724F40014D36A44EA431468
:101C8000DCE7D5F8843343F00103C5F8843301233E
:101C9000002086F8C13086F8C00003B0BDE8F08FA0
:101CA000D5F8843343F00203EFE7D5F8843343F0EB
:101CB0000403EAE7D5F8843343F00803E5E7D5F8F1
:101CC000843343F01003E0E7D5F8843343F0200376
:101CD000DBE7000030B590F8C1500446022DE8B2B1
:101CE00023D094F8C00001284FF002001DD0012538
:101CF000052902F1FF3284F8C10084F8C0502AD1CE
:101D0000072A1FD8DFE802F004121E161E1E1E1A34
:101D100022681B68D36194F8C130072B19D00123C6
:101D2000002084F8C13084F8C00030BD22681B68F0
:101D30005362F0E722681B689362ECE722681B6835
:101D4000D362E8E7072384F8C130002384F8C03069
:101D5000E1E70120E9E7072AF4D801A050F822F0D2
:101D6000811D05088F1D0508451D0508CD1D0508A9
:101D7000451D0508451D0508451D0508DB1D050811
:101D800022681B6802EBC111C1F89C30C3E72268CE
:101D9000186802EBC1115A68C1F8A4007AB1D1F8F1
:101DA000800020F44050C1F88000D1F8800010433A
:101DB000B2F5005FC1F8800022D19B68E4E7D1F85A
:101DC000803023F44053C1F88030A4E722681B68B8
:101DD00002EBC111C1F8A8309DE72268186802EB38
:101DE000C1115A68C1F8AC007AB1D1F8800020F472
:101DF0004040C1F88000D1F8800040EA8200D7E777
:101E0000B2F5405F87D19B68E4E7D1F8803023F4D6
:101E10004043D8E770B590F8C1600546022EF4B291
:101E200011D090F8C040012C4FF002040BD00126D5
:101E300080F8C140002480F8C060FFF754FD85F8A9
:101E4000C16085F8C040204670BD90F8C030012BBD
:101E50004FF002030DD0026880F8C130D2F89433FD
:101E600019430123C2F8941380F8C130002380F88D
:101E7000C0301846704790F8C030012B4FF0020375
:101E80000BD0026880F8C130136819430123116038
:101E900080F8C130002380F8C03018467047704782
:101EA00008B5054BD8681A6822EA00021A60586023
:101EB000FFF7F5FF08BD00BF0065025803689A6987
:101EC000910701D500229A629A69D20703D49A69D0
:101ED00042F001029A61704730B5039DC1F30901D8
:101EE000046845EA024260681A43044B43EA5553CA
:101EF0000A4320EA03000243626030BDFF63FF0330
:101F0000426B0BB210B5164CA24202D0154CA24245
:101F100011D1002B0DDB10291ED020291ED000234B
:101F2000402901D143F0400301680A6813430B6064
:101F300010BDB823F4E7002BACBF0023B823CC07B7
:101F400048BF43F0F2038A0748BF43F0F403202957
:101F5000EAD143F02003E7E79023E5E76023E3E7D6
:101F6000752C0508E92A050811F0010307D090F83F
:101F7000413003F02803282B0CBF4223F2238A07A9
:101F800009D590F8412002F02802282A0CBF43F01E
:101F9000440343F0F4030A04016848BF43F0B80364
:101FA0000A6822EA03030B607047C36AAA2B02D1B6
:101FB0000023C3627047C36AB3F52A4FFAD14FF0CA
:101FC0000073F6E7704710B5044600284AD090F831
:101FD000413003F0FF021BB980F84020FFF7F2FF09
:101FE000242384F8413023681A6822F001021A6021
:101FF000626822F070621A619A6822F400429A6064
:10200000D4E90221012924D142F400429A605A689D
:10201000002042F0007242F400425A60DA6822F472
:102020000042DA60D4E904210A43A16942EA0122AC
:10203000DA60D4E907210A431A601A6842F0010203
:102040001A602023606484F84130206384F84200E1
:1020500010BD42F4044202299A60D8D14FF40062C4
:102060005A60D4E70120F3E737B50446069894F8A0
:102070004150202D43D194F84050012D3FD00125EF
:10208000626284F84050212584F84150102584F87C
:1020900042500025656463851A4BE0626363638D7B
:1020A0009BB2FF2B15D9FF234FF080722385236B42
:1020B000112B04D1AA2802D0B0F52A4F0DD1204609
:1020C000FFF773FF638D9BB2FF2B00D8E26A0E4BC4
:1020D00004E0638DE26A2385E9E7002300252046BA
:1020E0000093134694F82820FFF7F6FE20460121BE
:1020F00084F84050FFF704FF284603B030BD0220AB
:10210000FBE700BFC72905080020008037B504465B
:10211000069894F84150202D43D194F84050012D59
:102120003FD00125626284F84050222584F8415056
:10213000102584F842500025656463851A4BE062DF
:102140006363638D9BB2FF2B15D9FF234FF0807221
:102150002385236B122B04D1AA2802D0B0F52A4F75
:102160000DD12046FFF721FF638D9BB2FF2B00D8D6
:10217000E26A0E4B04E0638DE26A2385E9E70023FF
:10218000002520460093134694F82820FFF7A4FE6C
:102190002046022184F84050FFF7B2FE284603B0E3
:1021A00030BD0220FBE700BFC729050800240080DE
:1021B0002DE9F041984690F8413004460F4603F06F
:1021C00028031646282B04D101B122B94FF400731D
:1021D0006364012045E048F20101FFF7C5FE90F875
:1021E0004030012B3FD0012380F8403090F841303F
:1021F0002A2B14D10221FFF7B7FE03681A681204D4
:102200000DD51A68C06B22F400421A6038B1174B22
:102210000365FDF7DDFE10B1E06B036D98472923E0
:102220002568002084F84130202384F8423060641F
:102230006B6823F400436B606685638DC4F82C8063
:1022400023850B4B67626363AB69DB0301D508230E
:10225000EB6184F8400048F201012046FFF750FE90
:102260000020BDE8F0810220FBE700BFDB2D050860
:10227000C52705082DE9F041984690F841300446FD
:102280000F4603F028031646282B04D101B122B9CA
:102290004FF400736364012044E048F20201FFF749
:1022A00063FE90F84030012B3ED090F84130012180
:1022B000292B80F8401013D1FFF756FE03681A68E7
:1022C00052040DD51A68806B22F480421A6038B12E
:1022D000164B0365FDF77CFE10B1A06B036D9847AC
:1022E0002A232568002084F84130202384F84230D6
:1022F00060646B6823F400436B606685638DC4F88B
:102300002C8023850A4B67626363AB69DB0301D4CE
:102310000823EB6184F8400048F202012046FFF7F1
:10232000EFFD0020BDE8F0810220FBE7DB2D050872
:10233000C527050808B590F84120202A0AD128228F
:102340004FF4004180F84120034A4263FFF7D8FD73
:10235000002008BD0220FCE7C527050810B590F84D
:102360004120282A14D190F84110002490F84220EE
:1023700001F0030144630A434FF400410263202249
:1023800080F8412080F84240FFF7EEFD204610BD66
:102390000220FCE70268436B9169126803B1184799
:1023A000704738B5002580F8425090F84130212B15
:1023B0004FF0200380F841300AD1112301214563F9
:1023C0000363FFF7D1FD80F8405007F0DDFC38BD16
:1023D0001223022145630363FFF7C6FD80F84050D6
:1023E00007F005FDF3E708B5036800211A6880F8D7
:1023F0004210510415D51A6822F480421A6090F8F0
:102400004130292B13D12823012180F84130212389
:102410000363FFF7A9FD002380F8403007F027FD94
:1024200008BD1204EBD51A6822F40042E6E790F8E2
:1024300041302A2BF4D12823022180F84130222375
:102440000363FFF791FD002380F8403007F013FD90
:10245000E6E7F8B590F841200446036802F0280248
:10246000282A37D19E69C2689D69C6F30046022AB0
:1024700099684FEA1545DF6805F0FE0521D185EA28
:10248000D115C1F3090215F006050ED1816C013199
:102490008164816C022907D108218564D9613146A4
:1024A00080F8405007F0D9FCF8BD4FF40041FFF729
:1024B0005BFD002307F0FE0280F8403031462046E5
:1024C000F0E74FF40041FFF74FFD00232A4680F864
:1024D0004030F3E70822DA61002380F84030E3E778
:1024E00008B5164B2022C36200230363436380F8C0
:1024F000412080F842304B0712D503685A6A436A7C
:102500001A70436A01334362038D4BB1013B03856B
:10251000438D013B9BB24385436C43F0040343640A
:1025200048F20301FFF720FD10220368DA6100235F
:1025300080F8403007F0C5FC08BD00BF0000FFFF79
:102540007047704790F84120602A4FF0000208B5AC
:1025500008D1202180F8402080F84110026307F064
:1025600023FD08BD026380F8402008F00BF9F8E76E
:1025700070B5354A002590F84130044680F8425045
:10258000283BC2624585426C022B41EA020141644C
:1025900029D80321FFF7E8FC282380F841302B4B92
:1025A000A06B6363236B80B3112B01D0212B2CD143
:1025B00023681A68510403D51A6822F480421A600D
:1025C000FDF7BAFD01281BD0214BA06B036500234A
:1025D00084F84030FDF7FCFC002834D0A06B036D7C
:1025E000BDE87040184748F20301FFF7BDFC90F8C2
:1025F0004130602B02D0202380F841300023CFE708
:102600002046BDE87040FFF79DBFE06B0028F7D083
:10261000122B01D0222BF3D123681A68120403D5A0
:102620001A6822F400421A60FDF786FD0128E7D0FF
:10263000074BE06B0365002384F84030FDF7C8FCCE
:1026400008B1E06BCBE770BD0000FFFFC5270508B0
:10265000DB2D0508F8B50368202204460E461F68E6
:1026600090F84150DA6105F0F705212D73D148F259
:102670000101FFF779FC2563236820465A6842F47C
:1026800000425A605A6822F0FF7222F48B3222F420
:10269000FF7222F001025A60FFF710FC79045FD547
:1026A0002268136823F480431360A36B2BB31B6869
:1026B000424A93421ED0183293421BD018329342A2
:1026C00018D01832934215D01832934212D01832D3
:1026D00093420FD0183293420CD01832934209D053
:1026E00002F55672934205D01832934202D0183246
:1026F0009342FFD05B689BB26385730710D5236854
:1027000026F004065A6A636A1A70636A01336362C8
:10271000238D2BB1013B2385638D013B9BB26385E8
:10272000638D9BB21BB1636C43F0040363640023AD
:1027300084F84230656C6363DDB1616C2046FFF75D
:1027400017FF94F84130282B25D131462046BDE8AB
:10275000F840FFF7C5BE222D8ED148F2020188E76E
:102760003A04CAD52268136823F400431360E36B6C
:102770009CE7E36A13F5803F0ED02046FFF733FE57
:102780000F4B204684F84050E362202384F8413008
:10279000256307F096FBF8BD94F84130204684F895
:1027A0004050222B4FF0200384F84130256302D1A2
:1027B00007F061FBEFE707F05AFBECE7100002407F
:1027C0000000FFFFF8B590F8403004460D4616466D
:1027D000012BC76A7DD001238A0680F8403003D5DB
:1027E000B30601D5FFF736FFE80634D5F10632D53A
:1027F000638D9BB203BB94F84130282B0AD1B7F10B
:10280000007F07D129462046FFF76AFE002084F8A2
:102810004000F8BD94F841202368292A4FF01002A7
:10282000DA61F3D117F5803FF0D02046FFF746FB81
:102830002046FFF7D8FDE9E723681022DA61636CD0
:1028400043F00403636437F08073DFD1616C20468A
:10285000FFF78EFEDAE76A071AD5730718D5638D7E
:102860009BB26BB123685A6A636A1A70636A013358
:102870006362238D013B2385638D013B9BB263859E
:10288000638D9BB2002BC1D117F5803FBED0CFE73F
:10289000280705D5310703D52046FFF7DAFDB5E750
:1028A000AA07B3D5B307B1D5638D9BB26BB1636A89
:1028B000226813F8011B91626362638D013B9BB236
:1028C0006385238D013B2385A0E737F08073AFD06C
:1028D0009CE702209DE737B50368202204460D4699
:1028E000DA6190F84130212B37D10121FFF73CFB11
:1028F000112323632368E9065A6822F0FF7222F449
:102900008B3222F4FF7222F001025A604FF0000273
:102910006263A2F58032E26205D51022DA61626C50
:1029200042F00402626494F84120602A05D16A07EB
:1029300003D55B6ADBB20193019B2046FFF7BEFA29
:10294000636C94F84120602A00D07BB1616C204612
:1029500003B0BDE83040FFF70BBE90F84130222BAA
:10296000C8D10221FFF700FB1223C2E794F84120EF
:10297000212A12D1202284F8403084F84120236398
:1029800094F8422084F84230402A03D1FFF7D8FD62
:1029900003B030BD07F0F8F9FAE794F84120222A95
:1029A000F6D1202284F8403084F84120236394F843
:1029B000422084F84230402A02D1FFF7C2FDE7E707
:1029C00007F015FAE4E773B590F8403004460D4679
:1029D0001646012B00F086800123CA0680F840309D
:1029E00017D5F30615D503681022DA61436C43F05E
:1029F00004034364FFF762FAAA0605D5B30603D5BC
:102A000029462046FFF767FF002084F8400002B007
:102A100070BD680712D5710710D5236825F004052D
:102A20005A6A636A1A70636A01336362238D013BD9
:102A30002385638D013B9BB26385DDE7AA0707D53C
:102A4000B30705D5636A226813F8011B9162ECE7AE
:102A5000280632D5710630D5638D22689BB203B348
:102A6000208DF0B95168638DC1F309019BB2FF2B32
:102A700008D9FF224FF08073009022852046FFF78F
:102A80002BFAB9E7628DE36A92B213F5803F228593
:102A9000D2B202D0E36A0090F0E74FF000730090EA
:102AA000ECE753689A0103D42046FFF77AFCA3E7CA
:102AB00040212046FFF75CFD9EE76B069CD5700623
:102AC0009AD5638D9BB2002BF2D123685A6891018D
:102AD00092D4E26A12F5803FE6D15A6842F480420D
:102AE0005A6089E7022092E7F8B590F84030044632
:102AF0000E461546012BC76A00F0B78001238A06EF
:102B000080F8403003D5AB0601D5FFF7A3FDF206F0
:102B100040F1A380EB0640F1A080E90BA80B41EA4D
:102B20009535ED0740F19580E26B52B311F001034A
:102B300026D013684E4A93421ED0183293421BD0BF
:102B40001832934218D01832934215D0183293425B
:102B500012D0183293420FD0183293420CD0183250
:102B6000934209D002F55672934205D0183293422F
:102B700002D018329342FFD05B68B3FA83F35B094B
:102B80001A46A36B4BB3C10727D51B6838498B4244
:102B90001ED018318B421BD018318B4218D01831FF
:102BA0008B4215D018318B4212D018318B420FD086
:102BB00018318B420CD018318B4209D001F5567177
:102BC0008B4205D018318B4202D018318B42FFD096
:102BD0005B68B3FA83F35B090BB9012A1FD194F840
:102BE0004130282B0AD1B7F1007F07D1314620466A
:102BF000FFF776FC002084F84000F8BD94F84120EF
:102C00002368292A4FF01002DA61F3D117F5803FCB
:102C1000F0D02046FFF752F9FFF7E5FBEAE723681B
:102C20001022DA6137F08072636C43F0040363644E
:102C300094F84130DBB2DDD103F0F703212B01D151
:102C4000236301E0222BFBD0616C2046FFF790FC50
:102C5000D0E723681022DA61CCE73207CAD52B0708
:102C6000C8D52046FFF7F5FBC4E70220C5E700BF43
:102C70001000024013B590F840300446012B7AD082
:102C8000012380F84030CB0612D5D30610D5036857
:102C900010222021DA61436C43F004034364FFF700
:102CA0002FF9FFF70BF9002084F8400002B010BDA7
:102CB0000B0643D5500641D523681A6822F040021E
:102CC0001A60628D92B26AB35968638DC1F30901CB
:102CD0009BB2FF2B1BD9FF2323854FF0807300226B
:102CE0002046009294F82820FFF7F6F8638D228D95
:102CF0009B1A9BB2638594F84130222B23681A6893
:102D00000CBF42F4004242F480421A60CBE7638D6C
:102D10002385E36A13F5803F01D0E36ADFE74FF0D4
:102D20000073DCE75B689A0103D42046FFF739FBA8
:102D3000B9E740212046FFF71BFCB4E74B0612D54C
:102D4000500610D5638D9BB2002BF2D123685A68D0
:102D50009201A8D4E26A12F5803FE6D15A6842F4A3
:102D600080425A609FE788069DD593069BD52046F2
:102D7000FFF7B1FD97E7022098E7036899691A68A1
:102D800010B4CC0508D5140606D5446C44F00104F3
:102D900044644FF48074DC614C0508D5140606D5F4
:102DA000446C44F0080444644FF48064DC61890599
:102DB00008D5120606D5426C42F0020242644FF476
:102DC0000072DA61416C11F00B0F03D05DF8044B17
:102DD000FFF7CEBB5DF8044B7047806B836B0BB184
:102DE00000221A65C36B0BB100221A65FFF7AABB5C
:102DF00010B590F84130202BDCB21DD190F8403056
:102E0000012B19D0242380F8413003681A6822F07E
:102E100001021A601A6822F480521A601A6811437B
:102E200019601A6842F001021A60002380F84140DC
:102E300080F84030184610BD0220FCE7094A82B0F5
:102E4000D2F8F41041F00201C2F8F410D2F8F420E4
:102E500002F002020192044A019B53681843506039
:102E600002B0704700440258000400580A4B44F670
:102E700020621B68B3FBF2F24FF47A73534302688B
:102E8000002010B5013B146808BF032031EA040498
:102E900001D0002BF6D110BD380E00247047000081
:102EA000F8B50446002858D090F8363003F0FF02F9
:102EB0001BB980F83520FFF7F1FF6568022322680F
:102EC000012D84F83630A66AD06802D0B6F5000F1E
:102ED00001D120F01E004FF6FF736169204F994227
:102EE00045EA06031CBF20F4604020F0C000074004
:102EF000A0680343206A0343606A03433B4305BB66
:102F0000E069256928430343B6F5000F1BD04FF64F
:102F1000FF70814204D0A0690143E06901430B4383
:102F2000D360104B9A4203D003F1C0539A420FD1A1
:102F3000D4E90B310B4353620123002084F836306F
:102F4000F8BD012DE0D1D4E9030528430343DEE7B2
:102F5000054B9A42F0D1E36AEDE70120F0E700BFAC
:102F6000FEF119FF0024004000280058022310B58C
:102F700080F836300446D0E90032012A07D0826A50
:102F8000B2F5000F03D1DA6822F46062DA601A69E0
:102F9000204642F001021A6110225A6099611146DE
:102FA000FFF764FF032808D022680020136943F06C
:102FB00004031361012384F8363010BD7047F0B567
:102FC00004468BB060B390F8BD33056803F0FF0290
:102FD0001BB980F8BC23FFF7F1FF03236E46271DC2
:102FE00084F8BD33EB6B254613F4807355F8100B52
:102FF00008BF236104F0EAF90FCD0FC60FCD0FC64D
:1030000095E80300254686E8030097E80E0055F88A
:10301000100B04F01BF9064620B1022384F8BD33DF
:10302000012552E00146206804F0D6F93046D4F874
:1030300004C01C264FF0010E0146C2B20130944577
:103040001BD800231C261946D8B20133844522D848
:103050006E460FCD0FC60FCD0FC695E8030086E86C
:10306000030097E80E00206804F0F8F901230546F4
:10307000F0B1022284F8BD23D2E706FB024383F8B5
:103080003DE083F83C20A3F8422083F83F10196507
:10309000C3E91111D1E706FB004282F8FD1182F865
:1030A000FC0182F8FF11C2F81012C2E98111CBE7CE
:1030B00084F8380084F8BD33636A012B02D12046BE
:1030C00000F0A4FC206804F04EFD28460BB0F0BDD3
:1030D000704738B5044610B90125284638BD03238A
:1030E00080F8BD33006804F000FD05460028F3D1E8
:1030F0002046FFF7EDFF84F8BD53EEE710B5044618
:10310000006894F8BC33012B15D0012384F8BC333C
:10311000A36A012B06D1A369012B03D0836B43F46F
:103120008033836304F04CF9206804F00EFD002026
:1031300084F8BC0310BD0220FCE738B590F8BC331E
:103140000446012B1BD00123056880F8BC332846B8
:1031500004F03CF9206804F006FD1021206804F01A
:1031600053F9A36A012B06D1A369012B03D0AB6BE2
:1031700023F48033AB63002084F8BC0338BD022005
:10318000FCE77047704700002DE9F04F066887B0F4
:103190000446304604F024FD0290002840F03C81B3
:1031A000206804F0EEFC002800F03681206804F06E
:1031B000E8FC820704D52268536903F002035361D7
:1031C000206804F0DEFCC3062AD52268936923F048
:1031D00010039361376AC7F3434307F00F05022BCF
:1031E00040F01D8147F6F0731F4214D01C23C7F333
:1031F0000A18304603FB05454246D5F8081204F08C
:10320000FDFBD5F80822D5F8143242444344C5F8F2
:103210000822C5F814322268936943F010039361C1
:10322000206804F0AEFC070300F10D81206804F073
:10323000A8FC45030CD5254606F510694FF000089B
:10324000206804F0AAFC0390039B002B40F0A481AB
:10325000206804F096FC002815DAD6F8043823F02C
:103260000103C6F8043894F8F433012B40F02582AA
:103270000021204684F8F41300F0DBFB2268536938
:1032800003F000435361206804F07BFC00050BD57C
:10329000D6F80838D90702D5204605F0F1FD226896
:1032A000536903F400635361206804F06AFC02016F
:1032B00014D523685A6902F000625A6194F8F42325
:1032C000002A40F0FE810121204684F8F4135B6D52
:1032D000C3F38303C4F8F83300F0ABFB206804F0B9
:1032E00050FCC30436D5D6F804381021206806F502
:1032F000006523F001036B6004F086F806F51063A7
:103300004FF67F3162680298824200F2DE81EB69FB
:1033100043F00113EB61236B002B00F0F681D5F82D
:10332000843043F00B03C5F884306B6C43F00B031F
:103330006B64D6F8003804F57172217C23F4FE63C7
:103340002068C6F8003804F05FFC2268536903F473
:1033500080535361206804F014FC870416D520685C
:1033600004F042FC206804F02FF92568E06001F0C9
:1033700097FA227B0146284603F0B2FF204605F06B
:103380008EFD2268536903F400535361206804F0F2
:10339000F8FB060707D5204605F02EFD2268536985
:1033A00003F008035361206804F0EBFBC50208D565
:1033B00000212046FFF7E6FE2268536903F48013DC
:1033C0005361206804F0DDFB800208D5002120460F
:1033D000FFF7D7FE2268536903F400135361206896
:1033E00004F0CFFB410007D5204605F01DFA226806
:1033F000536903F080435361206804F0C2FB420725
:103400000AD523685D686B0702D5204605F046FDA6
:10341000226853682B43536007B0BDE8F08F062B3A
:103420007FF4F9AE082204F571713046C7F30A172C
:1034300004F0E4FA1C2303FB0545D5F814321F44BD
:10344000C5F81472E7E606F5306704F5017A002541
:10345000DFF8D0B2206804F098FB0390039B002BA8
:103460003FF4E4AE039BD80756D55FFA85F9206890
:10347000494604F09AFB10F0010F80461AD02068EC
:103480000122216900F5306CBA600129036C0CEB54
:10349000451CDCF8082066D1110706D55B4509D923
:1034A000100407D54FF4004302E091063CD52023D9
:1034B000CCF8083018F0080F1ED023680822BA6034
:1034C0001A6C03F530635A4503EB4513996804D928
:1034D000090402D54FF4004199602046049205F09A
:1034E000C9FC049A5A4507D92169012904D104F578
:1034F0007172206804F088FB18F0100F01D01023BF
:10350000BB6018F0200F01D02023BB6018F4005FCF
:1035100002D04FF40053BB60039B013520370AF102
:103520001C0A5B08039399E712F0280FC2D15B4590
:1035300001D91204B6D4DCF81020DAF80010C2F376
:1035400012028A1ACAF81020DAF804201144CAF8C4
:10355000041095B9D4F810227AB904F571720121DA
:1035600004F052FB09E06E498B420BD1130499D44D
:10357000900602D52022CCF808204946204605F0C6
:103580004AFC97E7002DF8D1D4F81022002AF4D194
:1035900004F571722946E3E7039BDA0740F1848062
:1035A0005FFA88FB2068594604F008FBC30707460A
:1035B00021D5012008F00F02D6F8343800FA02F2C3
:1035C000216923EA02038142C6F83438C9F80800A9
:1035D0000DD1D5E911231344AB64B8F1000F06D126
:1035E000236D23B904F57172206804F00DFB594670
:1035F000204605F026FC380702D50823C9F8083014
:10360000F90602D51023C9F808307A0602D54023FE
:10361000C9F80830BB0702D50223C9F808303F06B5
:1036200042D5D5E914329A423ED89B1A6A6CD4F836
:1036300000A0934228BF134603339B0804930AF566
:10364000106303EB48130593059B04999A6992B2A2
:103650008A42D5E9147325D39F4200D95FB908F097
:103660000F020121DAF8343801FA02F223EA0203E8
:10367000CAF8343818E0FF1A6B6C5A4650469F421D
:1036800028BF1F46FB1C9B080493237C0093BBB2FE
:10369000A96C04F0B3F8AB6C3B44AB646B6D1F4496
:1036A0006F65D1E79F42DAD9039B08F101081C3509
:1036B00009F120095B080393C6E5204605F0E7FB06
:1036C000DCE5204605F0DCFB08E69960203353F882
:1036D000202C22F4001243F8202C53F8202C42F026
:1036E000006243F8202CC3F8E811D3F8E02122F45B
:1036F0000012C3F8E021D3F8E02142F00062C3F8E1
:10370000E021029A01320292FCE56B6943F4005316
:1037100043F02B036B612B6943F00B032B6108E62D
:103720000A31544F0A30544F10B590F8BC23044668
:10373000012A0BD0012280F8381080F8BC230068E1
:1037400004F0F3F9002084F8BC0310BD0220FCE76C
:1037500070B501F00F0611F0800F05464FF01C0008
:10376000C6EBC6044FEA84041FD004F13C0100FB01
:1037700006500124294480F83D408A604A780E7042
:10378000CB7002B1CE80022B04BF00230B7195F8E1
:10379000BC33012B12D00123286885F8BC3303F019
:1037A0001EFF002085F8BC0370BD04F5FE7100FB10
:1037B00006500024294480F8FD41DEE70220F3E7AB
:1037C00010B5044601F00F0011F0800F4FF01C02FD
:1037D000C0EBC0034FEA830316D003F13C0102FBA8
:1037E00000420123214482F83D30087094F8BC3334
:1037F000012B12D00123206884F8BC3303F02EFF84
:10380000002084F8BC0310BD03F5FE7102FB0042EA
:103810000023214482F8FD31E7E70220F3E738B5C1
:1038200001F00F051C2404FB050104FB050401F550
:10383000FE71C4F810320023C4F80822C4F8143210
:1038400084F8FD3184F8FC5103690068012B08BF3E
:10385000C4F80C22DAB21DB903F056FF002038BDBF
:1038600003F0E0FFFAE701F00F011C2303FB010066
:10387000D0F81402704738B501F00F051C2404FB82
:10388000050104FB05043C3123650023A264636544
:10389000012384F83C5084F83D3003690068012B13
:1038A00008BFE264DAB21DB903F02EFF002038BD74
:1038B00003F0B8FFFAE738B501F00F054368044696
:1038C0009D422CD811F0800F4FF01C001ED000FB41
:1038D0000541012300FB05423C3182F83D300123C4
:1038E0000D708B7094F8BC239A421AD0206884F82B
:1038F000BC3304F0A6F82DB904F57172217C206860
:1039000004F082F9002084F8BC0338BD00FB0143B9
:103910001A4603F5FE71002382F8FD31DFE701202E
:10392000F3E70220F1E738B501F00F0243680446DF
:103930009A422AD8C2EBC20311F0800F4FF01C004C
:103940004FEA830318D003F13C0100FB024001233E
:10395000214480F83D3000250A708D7094F8BC3306
:10396000012B14D00123206884F8BC3304F094F8B0
:10397000284684F8BC5338BD03F5FE7100FB0240B5
:103980000023214480F8FD31E5E70120F3E7022020
:10399000F1E710B590F8BC330446012B10D0012399
:1039A00080F8BC330B06006807D501F00F0103F067
:1039B0002BFD002084F8BC0310BD03F037FDF8E7B1
:1039C0000220F9E70068120470B5446A19B922436D
:1039D0008262002070BD836A4D1E04EB13440023F5
:1039E0005E1CDBB29D4205D83F31224300EB8100D3
:1039F0004260EEE7403300EB83035B6804EB134463
:103A00003346EDE7036800205962704702680021E1
:103A1000012380F8F413C0F8FC330846936943F09F
:103A200000639361536D43F0805343F00303536588
:103A300070477047024A136843F4807313607047FD
:103A400000480258054A0129136923F00403136151
:103A500001D130BF704720BF704700BF00ED00E0CC
:103A600070B51C4D0446EB6803F00703062B06D027
:103A7000E86800F03F00001B18BF012070BDEB6834
:103A800023F03F030343EB6006F014F806466B682F
:103A90009A0408D5A4F11D03012B0CD92D3C012C4F
:103AA00009D90020EAE706F005F8801BB0F57A7F17
:103AB000EDD90120E2E705F0FDFF064D0446EB6875
:103AC000DB03EED405F0F6FF001BB0F57A7FF6D9E4
:103AD000EFE700BF0048025838B51E4C0D4623687A
:103AE00023F0010318432060C2B9FCF765FA0328EC
:103AF00013D1236923F001032361174B1A6942F0A4
:103B000004021A61BFF34F8FBFF36F8F012D10D1E5
:103B100030BF1A6922F004021A6138BD012A0AD1A5
:103B2000FCF74AFA0128F8D1636923F002036361C4
:103B3000E3E720BFEDE7FCF73FFA032804D1236950
:103B400023F004032361E8E7636923F0040363615E
:103B5000E3E700BF0048025800ED00E0024AD368E6
:103B600043F08073D3607047004802582DE9F04756
:103B70004E6A36B1B2F1406F03D08B6A0468013BE4
:103B80002361D1F818A0D1E9077CBAF1000F4ED01B
:103B90004B6946EA0A0A0568D1F800804FEA834E6D
:103BA000486B4AEA020AD1E90B49BCF1000F26D062
:103BB0008B684CEA0A0C0E69EB61A7B148EA07036F
:103BC000234343EA09030343C8683343034343EAF7
:103BD0000E0343EA0C03B2F1406F6B6101D04B68F6
:103BE000AB61BDE8F08748EA040343EA09030343F5
:103BF000334343EA0E0343EA0C036B61F1E767B119
:103C000048EA0703234343EA09030343C86803431D
:103C100043EA0E0343EA0A03DDE748EA040343EA02
:103C20000903034343EA0E0343EA0A03E5E7BCF151
:103C3000000F2CD004688B680869E36146EA0C0326
:103C40004E6943EA0205D1F834C0B604D1E90B83CA
:103C5000A7B13843B2F1406F40EA080043EA0003DD
:103C6000C86843EA0C0343EA000343EA060343EA55
:103C700005036361B5D04B68A361B2E740EA080071
:103C8000034343EA0C0333432B436361A9E7D7B1F2
:103C900046EA0703CC6A0068B2F1406F43EA0203C8
:103CA00043EA04030C6B43EA04034C6B43EA04034A
:103CB000CC6843EA04034C6943EA8443436190D0EF
:103CC0004B6883618DE7002E8BD0CB6A006833434D
:103CD0000E6B1A434B6932434E6B324342EA8342C6
:103CE00042617EE72DE9F041DDF8188004460E467A
:103CF00015461F4622689368334214BF01230023F0
:103D0000AB4201D1002012E0B8F1FF3FF3D005F043
:103D1000D1FEC01B404502D8B8F1000FEAD1042300
:103D2000012084F84130636C43F001036364BDE813
:103D3000F081704730B5044685B005F0BBFE034600
:103D4000002C40D094F841203AB903902046FFF768
:103D5000F0FF41F28832039BA2642068A1680268E8
:103D6000013922F4706242EA0122202102602046D9
:103D7000A26C00920022FFF7B5FF10BB2268E56934
:103D8000E36811682B43256A21F07F412B43656866
:103D900021F0D00143EA05630B4313605568D4E971
:103DA00005310B43216943EA0143084929400B438C
:103DB0005360136843F0010313600123606484F8C7
:103DC000413005B030BD0120FBE700BFFEF8E0FF49
:103DD000704710B5044658B10268136823F0010318
:103DE0001360FFF7F5FF0020606484F8410010BD08
:103DF0000120FCE72DE9F043044685B017468946CB
:103E000005F058FE94F840200346012A33D00122E1
:103E1000022684F8402094F84120012A5FFA82F8B3
:103E200027D100220390202120466264009784F865
:103E30004160FFF757FF0546A0B9024649462046B4
:103E4000FFF794FED9F82420039B4AB94246314635
:103E500020460097FFF746FF054618B92368DE6045
:103E600084F84180002384F84030284605B0BDE83E
:103E7000F0833546F6E70225F7E7F0B5044685B04E
:103E800016460F4605F016FE94F8402003462568B6
:103E9000012A49D0012284F8402094F84120012AC7
:103EA000D0B23FD100226264002F36D0122284F8B3
:103EB00041202A690132E2622A6967620132A26204
:103EC0006A6922F040626A61E26A8AB901220221CB
:103ED00020460096FFF706FF10B923680222DA6039
:103EE000012384F84130002384F8403005B0F0BD50
:103EF00001220421204600960393FFF7F3FE0028D9
:103F0000EED1626A039B127885F82020626A013242
:103F10006262E26A013AE262D6E7636C43F0080348
:103F20006364E0E70220DEE70220DFE7F0B5044645
:103F300085B016460F4605F0BDFD25680346D5F849
:103F400018C094F84020012A4DD0012284F8402066
:103F500094F84120012AD0B243D100226264002F9C
:103F60003AD0222284F841202A690132A2632A69C8
:103F7000276301326263696921F0406141F0806129
:103F80006961C5F818C0A26B8AB9012202212046D6
:103F90000096FFF7A7FE10B923680222DA6001231A
:103FA00084F84130002384F8403005B0F0BD012290
:103FB0000621204600960393FFF794FE0028EED1D9
:103FC00095F82010226B039B1170226B0132226343
:103FD000A26B013AA263D6E7636C43F00803636403
:103FE000E0E70220DEE70220DFE7000070B50446CC
:103FF000002872D00368DD075CD42368980700F1BD
:10400000AE802368D80627D5A94B1A69996A02F0B1
:104010003802082A07D0182A40F00C8101F0030268
:10402000012A40F007811B68D90502D5E369802B7E
:1040300053D1FBF7E1FB41F20303216A98429C4B09
:1040400000F2F1805A68202922F0F8420CBF42F0B9
:10405000804242EA81625A602368180700F12C818D
:104060002368990600F14D8123685D071CD5914DA9
:104070002B6843F480732B6005F01CFD06462B680B
:10408000DA0540F16381A368894D012B40F0658119
:104090002B6F43F001032B6705F00CFD844E0546A2
:1040A000336F9B0740F17D81616A002940F0808178
:1040B00000202AE07E4B1A69996A02F03802102A21
:1040C00005D0182A0BD101F00302022A07D11B6880
:1040D000990392D56368002B8FD1012015E06268A7
:1040E000B2F5803F12D11A6842F480321A6005F0AE
:1040F000E1FC6F4E054633689A033FF57EAF05F04D
:10410000D9FC401B6428F6D9032070BD684D2B688C
:104110009AB923F480332B602B6823F480232B601F
:1041200005F0C8FC06462B689B037FF566AF05F0DB
:10413000C1FC801B6428F6D9E6E7B2F5A02F07D1B1
:1041400043F480232B602B6843F480332B60CEE74D
:1041500023F480332B602B6823F48023F6E7544B41
:104160001A69996A12F0380203D0182A1FD18807F9
:104170001DD11B68590702D5E368002BADD0FBF7B2
:104180003BFB41F2030321699842494B5A6809D825
:1041900022F47C3240290CBF42F4003242EA013260
:1041A0005A602EE722F0FE4242EA0162F8E7E16837
:1041B0001A6839B322F019023D4D0A431A6005F01E
:1041C00079FC06462B685A0711D5FBF715FB41F21F
:1041D0000303226998426B680FD823F47C33402A8A
:1041E0000CBF43F4003343EA02336B6009E705F088
:1041F00061FC801B0228E5D986E723F0FE4343EAF1
:104200000263F2E722F00102294E1A6005F052FC27
:10421000054633685B077FF5F4AE05F04BFC401BA9
:104220000228F6D970E7DA6822F07C5242EA01628D
:10423000DA6011E7E2694AB31A681D4D42F0800264
:104240001A6005F037FC06462B68DA0511D5FBF736
:10425000D3FA41F20303226A984210D86B68202AED
:1042600023F0F8430CBF43F0804343EA82636B6062
:10427000F2E605F01FFC801B0228E5D944E7EB6855
:1042800023F07C5343EA0263EB60E5E61A68084ECC
:1042900022F080021A6005F00DFC05463368DB054C
:1042A0007FF5DAAE05F006FC401B0228F6D92BE7B5
:1042B00000440258004802586369954D83B16B6F02
:1042C00043F001036B6705F0F5FB06466B6F9A0739
:1042D0003FF5C6AE05F0EEFB801B0228F6D913E7CA
:1042E0006B6F23F001036B6705F0E4FB06466B6F11
:1042F0009B077FF5B5AE05F0DDFB801B0228F6D9E4
:1043000002E7A369824D83B12B6843F480532B608D
:1043100005F0D0FB06462B6898043FF5A5AE05F0E6
:10432000C9FB801B0228F6D9EEE62B6823F48053E4
:104330002B6005F0BFFB06462B6899047FF594AE11
:1043400005F0B8FB801B0228F6D9DDE605F0B2FBCC
:10435000801B64287FF693AED6E6A3B92B6F23F0BB
:1043600001032B672B6F23F004032B6705F0A2FBDF
:1043700006462B6F98077FF597AE05F09BFB801BD9
:10438000C828F6D9C0E6052B2B6F03D143F00403F0
:104390002B677DE623F001032B672B6F23F00403CB
:1043A00079E605F087FB401BC8287FF679AEABE6BF
:1043B000574D2B6903F03803182B7AD02B6802294C
:1043C00023F080732B6067D105F074FB06462B68E1
:1043D00099015BD4AB6AA26A23F47C7323F00303D4
:1043E0001343E26A43EA0213AB62636BA26B013BC5
:1043F000013A5B0212049BB202F4FE021343226BE9
:10440000013AC2F308021343E26B013A120602F0CA
:10441000FE4213432B63EB6A23F00103EB626B6BE9
:10442000A26C23F47F4323F0F80343EAC2036B63D7
:10443000EB6A226C23F00C031343EB62EB6A626CB1
:1044400023F002031343EB62EB6A43F48033EB6225
:10445000EB6A43F40033EB62EB6A43F48023EB62D4
:10446000EB6A43F00103EB622B6843F080732B602F
:1044700005F020FB264D04462B689A013FF518AE47
:1044800005F018FB001B0228F6D93DE605F012FBEB
:10449000801B02289BD937E605F00CFB04462B68ED
:1044A0009B017FF505AE05F005FB001B0228F6D940
:1044B0002AE60129AA6A2B6B3FF40FAE02F0030132
:1044C000A06A81427FF409AEC2F30512E16A8A4212
:1044D0007FF403AE226BC3F30801013A91427FF4EB
:1044E000FCAD626BC3F34621013A91427FF4F5AD16
:1044F000A26BC3F30641013A91427FF4EEADE26B49
:10450000C3F30663013A93423FF4D2ADE5E500BF41
:1045100000440258484B1A6902F03802102A30B59C
:1045200000F08680182A0CD0002A40F083801A6898
:10453000424812F0200F03D01B68C3F3C103D840D8
:1045400030BD996A9D6ADA6A15F47C7FC5F305105F
:104550005C6BF5D0C4F3CC0402F0010207EE900AC4
:1045600001F003016243B7EE006AF8EEE76A012941
:1045700007EE902AFAEEE97A4CD002293CD00029C5
:1045800048D11A68920627D519682C4AC1F3C1018F
:104590001B6BCA40C3F3080307EE102AF8EEC75A94
:1045A00085EEA67A06EE903AF8EEE66A76EEA77AFF
:1045B00077EE867A204B67EE877A1B6BC3F3462330
:1045C000013307EE103AF8EEC76A87EEA67AFCEEE2
:1045D000C77A17EE900AB3E71B6BC3F3080307EE25
:1045E000103AB8EEC77A77EE277A77EE867A9FEDA3
:1045F000146A86EE267ADDE71B6BC3F3080307EE29
:10460000103AB8EEC77A77EE277A77EE867A9FED82
:104610000D6AEEE71B6BC3F3080307EE103AB8EE22
:10462000C77A77EE277A77EE867A9FED076AE0E71A
:10463000064885E7064883E7004402580090D00307
:104640000024744C20BCBE4B0024744A40787D0189
:1046500000093D002DE9F0410D46044610B9012046
:10466000BDE8F081884A136803F00F038B42C0F065
:10467000938023685F0700F19B801E070BD5834959
:104680006669C86900F07000864204D9CA6922F0E0
:1046900070023243CA61D8060BD57C49A669C86945
:1046A00000F4E060864204D9CA6922F4E062324331
:1046B000CA6199060BD57549E669086A00F0700071
:1046C000864204D90A6A22F0700232430A629A07CB
:1046D0000BD56E49E668886900F00F00864204D960
:1046E0008A6922F00F0232438A61DF076ED42368A1
:1046F0009E0700F1A18064490A6802F00F02AA42F5
:1047000000F2A880580700F1B18019070BD55F4966
:104710006569C86900F07000854204D2CA6922F058
:1047200070022A43CA61DA060BD55849A569C869DF
:1047300000F4E060854204D2CA6922F4E0622A43B0
:10474000CA619B060BD5514AE069116A01F07001FC
:10475000884204D2136A23F0700303431362FFF705
:10476000D9FE4A494A4A8B69C3F30323D35C03F059
:104770001F03D8408B6903F00F03D35C454A03F055
:104780001F0320FA03F31360434B1860434BBDE84B
:10479000F041186805F088B9136823F00F030B4344
:1047A0001360136803F00F038B427FF458AF60E788
:1047B00036492669886900F0700086427FF65DAF51
:1047C0008A6922F0700232438A6156E72F4BA16852
:1047D0009A6922F470620A439A6162681B68022A2D
:1047E0001DD113F4003F3FF43AAF284E41F2883810
:1047F000336923F007031343336105F05BF9074680
:104800003369626803F03803B3EBC20F3FF46FAF54
:1048100005F050F9C01B4045F2D9032020E7032AD8
:1048200002D113F0007FDEE7012A02D113F4807F6A
:10483000D9E713F0040FD6E71449E668886900F059
:104840000F008642BFF457AF8A6922F00F0232434D
:104850008A6150E70A6822F00F022A430A600A6858
:1048600002F00F02AA427FF4FAAE4BE7074925692E
:10487000886900F070008542BFF447AF8A6922F072
:1048800070022A438A6140E7002000520044025827
:10489000FE9406083C0E0024380E0024340E00243A
:1048A00010B50C4CFFF736FE0B49A369C3F3032385
:1048B000CA5CA36902F01F0203F00F0320FA02F2A0
:1048C000CB5C03F01F0322FA03F0044B1860044B87
:1048D0001A6010BD00440258FE9406083C0E0024E5
:1048E000380E002408B5FFF7DBFF054B054ADB69EE
:1048F000C3F30213D35C03F01F03D84008BD00BF0D
:1049000000440258FE94060808B5FFF7C9FF054B9E
:10491000054ADB69C3F30223D35C03F01F03D840CD
:1049200008BD00BF00440258FE94060838B53F2376
:10493000044603603A4B1A68510360D54FF4A02235
:1049400062601B68364D03F08003E361FAF754FFA1
:1049500041F20303984259D86B68C3F3846323621E
:104960002B6803F00103E360FAF746FF41F203030B
:1049700098426B6894BFC3F30533C3F306632361A6
:10498000274B1A6F520745D50522A2605A6F02F0D5
:10499000010262611A68C2F30032A2611B6813F05F
:1049A000807F14BF0223012363621D4B9A6A02F0C9
:1049B0000302A2629A6AC2F30512E2621A6BC2F3A0
:1049C0000802013222631A6BC2F306620132E2630B
:1049D0001A6BC2F34622013262631A6BC2F30642BB
:1049E0000132A263DA6A02F00C022264DA6AC2F3CC
:1049F000400262645B6BC3F3CC03A36438BD1A68E6
:104A000012F4803218BF4FF4803299E7EB68C3F399
:104A10000563A4E71A6F12F0010218BF0122B4E780
:104A2000004402583F230360114B1A6902F0070249
:104A300042609A6902F4706282609A6902F00F0221
:104A4000C2609A6902F070020261DA6902F07002D3
:104A50004261DA6902F4E06282611B6A03F070036A
:104A6000C361044B1B6803F00F030B60704700BF6A
:104A70000044025800200052F8B53A4C06460D4654
:104A8000A36A03F00303032B69D0236823F0806338
:104A9000236005F00FF8074623681A014BD4A36A78
:104AA000326823F47C3343EA0233A362B368F268CA
:104AB000013B013A5B0212049BB202F4FE02134373
:104AC0007268013AC2F3080213433269013A1206CE
:104AD00002F0FE421343A363E36A726923F0C0034A
:104AE0001343E362E36AB26923F020031343E362F2
:104AF000E36A23F01003E362E36BF26923F47F437C
:104B000023F0F80343EAC203E363E36A43F01003CC
:104B1000E362E36AB5B943F40023E362114C23680E
:104B200043F08063236004F0C5FF054623681B0142
:104B30000FD5002005E004F0BDFFC01B0228ABD953
:104B40000320F8BD012D0CBF43F4801343F4001380
:104B5000E3E704F0AFFF401B0228E7D9F0E70120AC
:104B6000EFE700BF00440258F8B53A4C06460D4640
:104B7000A36A03F00303032B69D0236823F0805357
:104B8000236004F097FF074623689A004BD4A36A7A
:104B9000326823F07C7343EA0253A362B368F2687D
:104BA000013B013A5B0212049BB202F4FE02134382
:104BB0007268013AC2F3080213433269013A1206DD
:104BC00002F0FE4213432364E36A726923F44063F4
:104BD0001343E362E36AB26923F400731343E362AD
:104BE000E36A23F48073E362636CF26923F47F4326
:104BF00023F0F80343EAC2036364E36A43F4807377
:104C0000E362E36AB5B943F48003E362114C2368BD
:104C100043F08053236004F04DFF054623689B005A
:104C20000FD5002005E004F045FFC01B0228ABD9DA
:104C30000320F8BD012D0CBF43F4000343F0807343
:104C4000E3E704F037FF401B0228E7D9F0E7012033
:104C5000EFE700BF004402582DE9F0410668054621
:104C600016F0006609D0836EB3F5001F2ED013D85E
:104C7000F3B1B3F5801F21D001262B68DB0540F18D
:104C80000281AB6D042B00F2FD80DFE813F02400FD
:104C90002B00F50029002900B3F5401FECD1B84ADC
:104CA0000026A96E136D23F440130B431365E4E74C
:104CB000B34AD36A43F40033D362F0E702210430ED
:104CC000FFF7DAFE06460028D7D1E8E702212430B4
:104CD000FFF74AFFF6E7AA4AD36A43F40033D362E8
:104CE000344604E00021281DFFF7C6FE0446002CD0
:104CF00040F0CB80A24AA96D136D23F007030B434C
:104D000013652B689F050DD5EB6D802B00F0DA80C5
:104D100000F2BD80002B00F0C980402B00F0CC8059
:104D2000012634462B68580510D5D5F8A830B3F5C0
:104D3000800F00F0EC8000F2CD80002B00F0DB80D3
:104D4000B3F5001F00F0DD80012634462B681905FD
:104D500010D5D5F8AC30B3F1007F00F0FD8000F243
:104D6000DE80002B00F0EC80B3F1807F00F0EE805D
:104D7000012634462B689A010DD5AB6C202B00F030
:104D8000078100F2F180002B00F0F180102B00F081
:104D9000F980012634462B68DB040FD52B6EB3F562
:104DA000005F00F0198100F2FB80002B00F0088109
:104DB000B3F5805F00F00A81012634462B689F041A
:104DC0000FD56B6EB3F5003F00F0268100F20C8129
:104DD000002B00F01281B3F5803F00F0178101260F
:104DE00034462B68580410D5D5F8B030B3F1005FC5
:104DF00000F0338100F21881002B00F01E81B3F126
:104E0000805F00F02481012634462B68590114D5B7
:104E1000EB6C43B1B3F5807F40F027810121281D61
:104E2000FFF72AFE0446002C40F02281544AE96C28
:104E3000D36C23F480730B43D3642B681A040DD511
:104E40002B6FB3F1805F00F01581B3F1005F00F0CC
:104E50001F81002B00F01381012634462B68DB01F3
:104E600040F12C816B6C032B00F26C81DFE813F0B6
:104E70001D01180164011D01002105F12400FFF747
:104E800073FE33E7012634463BE7264639E7C02B5D
:104E900003D0B3F5807F7FF443AFCCB9384AE96DD6
:104EA000136D23F4E0730B4313653BE7344AD36A75
:104EB00043F40033D362F0E70021281DFFF7DCFD47
:104EC0000446EAE7002105F12400FFF74DFEF7E76D
:104ED000264627E7B3F5C00F03D0B3F5000F7FF4E4
:104EE00033AFD4B9264AD5F8A810936D23F46003E4
:104EF0000B4393652AE7224AD36A43F40033D36213
:104F0000EFE70021281DFFF7B7FD0446E9E7002180
:104F100005F12400FFF728FEF7E7264616E7B3F170
:104F2000407F03D0B3F1806F7FF422AFD4B9144A2D
:104F3000D5F8AC10936D23F0E0630B43936519E74C
:104F40000F4AD36A43F40033D362EFE70021281DF0
:104F5000FFF792FD0446E9E7002105F12400FFF781
:104F600003FEF7E7264605E7302B7FF412AFACB916
:104F7000034AA96CD36C23F030030B43D3640AE7D4
:104F8000004402589A4AD36A43F40033D362EEE7EE
:104F90000221281DFFF770FD0446E8E72646FAE6E1
:104FA000B3F5405F03D0B3F5804F7FF405AFCCB9C4
:104FB0008F4A296E136D23F4E0430B431365FDE61E
:104FC0008B4AD36A43F40033D362F0E70021281DF3
:104FD000FFF752FD0446EAE7002105F12400FFF740
:104FE000C3FDF7E72646E9E623F48032B2F5802FC9
:104FF00003D0B3F5403F7FF4F2AE9CB97C4A696EB2
:10500000136D23F4E0230B431365EAE60121281D09
:10501000FFF732FD0446F0E7012105F12400FFF718
:10502000A3FDF7E72646DCE623F08052B2F1804F7D
:1050300003D0B3F1405F7FF4E6AEA4B96C4AD5F873
:10504000B010936D23F0E0430B439365DDE601213F
:10505000281DFFF711FD0446EFE7012105F12400AB
:10506000FFF782FDF7E72646CFE601263446E4E661
:105070002646E2E65E4AD36A43F40033D3626CB953
:105080005B4A296F136D23F040530B431365E5E62C
:105090000121281DFFF7F0FC0446F0E72646DDE677
:1050A000534AD36A43F40033D362002C4DD1504AA3
:1050B000696CD36C23F003030B43D3642B685F024A
:1050C0004DD54C4F3B6843F480733B6004F0F2FCD9
:1050D00080463B68D8053AD5002C6AD1444BD5F8B8
:1050E000B4001A6F424012F4407F0BD01A6F196F50
:1050F00022F4407241F480311967196F21F4803134
:1051000019671A67B0F5807F40D0D5F8B4303849B8
:1051100003F44072B2F5407F47D10869364A20F463
:105120007C5002EA131202430A61C3F30B03304AB4
:10513000116F0B43136712E00221281DFFF79CFC3F
:105140000446B2E701263446B8E72646B6E704F03F
:10515000B1FCA0EB08006428BBD9032634462B68B9
:10516000DA0708D5EB6F102B3AD024D84BB3082BB5
:1051700030D0012634462B689B074CD5AB6F052BEE
:105180005FD8DFE803F0403B5840404004F092FC19
:10519000DFF85C800746D8F870309907B5D404F082
:1051A00089FCC01BC828F6D9D7E70A6922F47C52CB
:1051B000BAE72646D3E723F00802202A01D0182BAD
:1051C000D7D19CB90A4AE96F536D23F038030B43DA
:1051D0005365D0E70121281DFFF74EFC0446F0E798
:1051E000012105F12400FFF7BFFCF7E72646C2E7DF
:1051F0000044025800480258CFFFFF000121281D3B
:10520000FFF73AFC0446FCB9B74AA96F536D23F087
:1052100007030B4353652B685F0727D5D5F89430F8
:10522000052B00F23A81DFE813F01600110032017D
:10523000160016001600012105F12400FFF794FC6A
:10524000E0E701263446E6E72646E4E70121281D8B
:10525000FFF712FC0446002C40F02281A24AD5F848
:105260009410936D23F007030B4393652B68980606
:1052700010D5D5F89030B3F1005F00F02C8100F22A
:105280001181002B00F01781B3F1805F00F01D81C8
:10529000012634462B68590610D5D5F89C30B3F555
:1052A000006F00F03C8100F22181002B00F027818B
:1052B000B3F5806F00F02D81012634462B681A0665
:1052C00010D5D5F8A030B3F5804F00F0498100F239
:1052D0002E81002B00F03481B3F5005F00F03A819D
:1052E000012634462B681B0714D5D5F88430B3F556
:1052F000805F07D1022105F12400FFF735FC00286B
:1053000018BF0126784AD5F88410536D23F4405312
:105310000B4353652B68DF0614D5D5F89830B3F5E9
:10532000807F07D1022105F12400FFF71DFC002832
:1053300018BF01266C4AD5F89810936D23F440737A
:105340000B4393652B6818031AD5D5F8A410B1F553
:10535000803F00F00D81B1F5003F06D0002940F0FC
:105360000D81281DFFF788FB0446002C40F00981C1
:105370005D4AD5F8A410936D23F440330B43936535
:105380002B6859031CD5D5F88830B3F5001F00F001
:10539000FA80B3F5401F08D0B3F5801F40F0FA80C3
:1053A000514AD36A43F40033D362002C40F0F580B5
:1053B0004D4AD5F88810536D23F440130B435365C1
:1053C0002B68DA0309D52B6D002B00F0E880B3F5CC
:1053D000803F00F0F280012634462B689B0007D501
:1053E000022105F12400FFF7BFFB002818BF0126AA
:1053F0002B689F030BD5D5F88010B1F5807F00F0A6
:10540000F28000F2E280002900F0E5800126DC0253
:1054100006D53549686F0A6D22F0004202430A65DD
:10542000D80007D53049D5F8B8000A6922F480427F
:1054300002430A61990206D52B49E86E0A6D22F0F3
:10544000807202430A655A0009D5274A116921F47E
:10545000004111611169D5F8BC0001431161002BB5
:1054600006DA2149686DCA6C22F040520243CA64D0
:105470001B0207D51C4AD5F88C10536D23F440034A
:105480000B435365301E18BF0120BDE8F081012198
:1054900005F12400FFF768FBDCE601263446E5E66B
:1054A0002646E3E623F08052B2F1804F03D0B3F1F9
:1054B000405F7FF4EDAEA4B90B4AD5F89010536D60
:1054C00023F0E0430B435365E4E60021281DFFF77A
:1054D000D3FA0446EFE7022105F12400FFF744FB6D
:1054E000F7E72646D6E600BF0044025823F4806260
:1054F000B2F5805F03D0B3F5406F7FF4DDAEA4B9A1
:105500003D4AD5F89C10936D23F4E0530B4393650B
:10551000D4E60021281DFFF7AFFA0446EFE7022189
:1055200005F12400FFF720FBF7E72646C6E623F443
:105530000052B2F5004F03D0B3F5C04F7FF4D0AEA8
:10554000A4B92D4AD5F8A010936D23F460430B4302
:105550009365C7E60021281DFFF78EFA0446EFE7A2
:10556000022105F12400FFF7FFFAF7E72646B9E626
:10557000022105F12400FFF7F7FAF5E6012634468B
:10558000FEE62646FCE6012105F12400FFF7ECFAD1
:1055900004460AE70126344612E7264610E7164A73
:1055A000D36A43F40033D3626CB9134A296DD36CC8
:1055B00023F480330B43D3640FE70221281DFFF748
:1055C0005BFA0446F0E7264607E721F48072B2F55D
:1055D000007F7FF41BAF64B90748426D22F440722C
:1055E0000A43426513E70448C26A42F40032C262C9
:1055F000F1E726460BE700BF0044025808B5FFF765
:105600004FF9054B054A1B6AC3F30213D35C03F041
:105610001F03D84008BD00BF00440258FE9406088E
:105620004E4A70B5946A966AD36A16F47C3FC6F304
:105630000531D56B00F08D8007EE901AC3F300138F
:10564000C5F3CC0104F00304F8EEE76A4B43012CE8
:10565000B7EE006A07EE903AFAEEE97A6BD0022CC8
:105660005BD0002C67D113689B0646D51168936BFD
:10567000C1F3C1013A4AC3F30803CA4007EE102A36
:10568000F8EEC75A85EEA67A06EE903AF8EEE66A8C
:1056900076EEA77A77EE867A304A67EE877A936B52
:1056A000C3F3462307EE103AB8EEC77A37EE067A10
:1056B000C7EE876AFCEEE66AC0ED006A936BC3F33F
:1056C000064307EE103AB8EEC77A37EE067AC7EE11
:1056D000876AFCEEE66AC0ED016A936BC3F306636A
:1056E00007EE103AB8EEC77A37EE066A87EE867A8A
:1056F000BCEEC77A80ED027A70BD936BDFED195A6C
:10570000C3F3080307EE103AB8EEC77A77EE277AAC
:1057100077EE867A85EEA67ABEE7936BDFED125AB6
:10572000C3F3080307EE103AB8EEC77A77EE277A8C
:1057300077EE867AEEE7936BDFED0C5AC3F308033E
:1057400007EE103AB8EEC77A77EE277A77EE867AC8
:10575000E0E7C0E900118160CEE700BF00440258D5
:105760000090D0030024744C20BCBE4B0024744A2B
:105770004E4A70B5946A966AD36A16F07C7FC6F377
:105780000551556C00F08D8007EE901AC3F300238D
:10579000C5F3CC0104F00304F8EEE76A4B43012C97
:1057A000B7EE006A07EE903AFAEEE97A6BD0022C77
:1057B0005BD0002C67D113689B0646D51168136C2B
:1057C000C1F3C1013A4AC3F30803CA4007EE102AE5
:1057D000F8EEC75A85EEA67A06EE903AF8EEE66A3B
:1057E00076EEA77A77EE867A304A67EE877A136C80
:1057F000C3F3462307EE103AB8EEC77A37EE067ABF
:10580000C7EE876AFCEEE66AC0ED006A136CC3F36C
:10581000064307EE103AB8EEC77A37EE067AC7EEBF
:10582000876AFCEEE66AC0ED016A136CC3F3066397
:1058300007EE103AB8EEC77A37EE066A87EE867A38
:10584000BCEEC77A80ED027A70BD136CDFED195A99
:10585000C3F3080307EE103AB8EEC77A77EE277A5B
:1058600077EE867A85EEA67ABEE7136CDFED125AE4
:10587000C3F3080307EE103AB8EEC77A77EE277A3B
:1058800077EE867AEEE7136CDFED0C5AC3F308036C
:1058900007EE103AB8EEC77A77EE277A77EE867A77
:1058A000E0E7C0E900118160CEE700BF0044025884
:1058B0000090D0030024744C20BCBE4B0024744ADA
:1058C0004E4A70B5946A966AD36A16F47C7FC6F322
:1058D0000511556B00F08D8007EE901A03F001035F
:1058E000C5F3CC0104F00304F8EEE76A4B43012C46
:1058F000B7EE006A07EE903AFAEEE97A4DD0022C44
:105900005BD0002C67D113689B0664D51168136BBC
:10591000C1F3C1013A4AC3F30803CA4007EE102A93
:10592000F8EEC75A85EEA67A06EE903AF8EEE66AE9
:1059300076EEA77A77EE867A304A67EE877A136B2F
:10594000C3F3462307EE103AB8EEC77A37EE067A6D
:10595000C7EE876AFCEEE66AC0ED006A136BC3F31C
:10596000064307EE103AB8EEC77A37EE067AC7EE6E
:10597000876AFCEEE66AC0ED016A136BC3F3066347
:1059800007EE103AB8EEC77A37EE066A87EE867AE7
:10599000BCEEC77A80ED027A70BD136BDFED195A49
:1059A000C3F3080307EE103AB8EEC77A77EE277A0A
:1059B00077EE867A85EEA67ABEE7136BDFED125A94
:1059C000C3F3080307EE103AB8EEC77A77EE277AEA
:1059D00077EE867AEEE7136BDFED0C5AC3F308031C
:1059E00007EE103AB8EEC77A77EE277A77EE867A26
:1059F000E0E7C0E900118160CEE700BF0044025833
:105A00000090D0030024744A20BCBE4B0024744C88
:105A1000B0F5807F1FB531D19E4B1A6D02F00702A1
:105A2000042A4BD8DFE812F0CC003900050033011E
:105A30000D00186810F0005037D001A8FFF798FE4D
:105A400032E0DA6C196802F040521B68490705D54C
:105A500022B9C3F3C1039048D84026E0D80502D547
:105A6000B2F1805F53D08B4B186810F400301CD01B
:105A7000B2F1005F894818BF002016E0B0F5007F42
:105A800027D1844B1A6D02F4E072802AD1D00FD84E
:105A9000002A00F09580402A10D1186810F00060AC
:105AA00003D001A8FFF7BCFD019805B05DF804FB29
:105AB000C02A00F0EC80B2F5807F01D00020F4E72E
:105AC000DA6C196802F04052490719D5C2B91B684F
:105AD000BFE7B0F5806F1CD16E4B9A6D02F4600287
:105AE000B2F5800FA5D004D8002A69D0B2F5001F06
:105AF000D2E7B2F5C00F00F0CA80B2F5000FDCE7C4
:105B0000644B1968C905AFD5B2F1805FACD1644868
:105B1000CBE7B0F5006F1CD15E4B9A6D02F0E062EE
:105B2000B2F1007F85D004D8002A49D0B2F1807F3D
:105B3000B2E7B2F1407F00F0AA80B2F1806FBDD130
:105B4000DA6C196802F040524807DAD5002AD8D139
:105B5000BDE7B0F5805F13D14E4B1A6D02F4E04201
:105B6000B2F5005F3FF465AF03D84AB3B2F5805F8A
:105B700092E7B2F5405F00F08A80B2F5804FDEE731
:105B8000B0F5002F15D1434B9A6D02F44032B2F5B7
:105B9000803F05D0B2F5003FD2D0002A8ED17CE7FD
:105BA000186810F0005080D001A8FFF7E1FD0398BD
:105BB0007BE7B0F5803F16D1364BDA6CD20309D4BF
:105BC000186810F000703FF470AF01A8FFF778FE7E
:105BD00002986AE7186810F000603FF466AF01A809
:105BE000FFF71EFDE3E7B0F5804F3ED1294B9A6DDC
:105BF00002F0E042B2F1405F2AD00BD8B2F1805FF0
:105C000014D0B2F1005F1AD0002A7FF457AFFFF72B
:105C1000F5FC4AE7B2F1804F20D0B2F1A04F7FF4FB
:105C20004DAF18681D4B10F400301BE0186810F0E1
:105C300000603FF43AAF01A8FFF7F2FCC8E718682C
:105C400010F000503FF431AF01A8FFF791FDBFE71E
:105C5000186810F004003FF428AF38E71868104BBC
:105C600010F4807018BF18461FE7B0F5004F7FF49E
:105C700025AF084B1A6D02F04052B2F1805F9FD001
:105C8000B2F1005FD2D0002A7FF418AFC9E705480F
:105C90000BE700BF004402580090D00340787D011C
:105CA00000093D000080BB000368503343F8212009
:105CB00070477047F8B5044618B30368754A856A9B
:105CC0009342C16809D0A2F57842934205D002F50B
:105CD0008062934201D00F2913D8E26B500901F181
:105CE0000802D20800FB02226A4883420BD06A4EA7
:105CF000B34208D006F58066B34204D0082A40F2C9
:105D0000C2800120A1E0102AFBD8B5F5800F40F039
:105D1000BE8083420AD0604A934207D002F5806277
:105D2000934203D0236BB3F5702FEAD8256B05B9E6
:105D30000D04B1EB154FE4D894F8813003F0FF0265
:105D400023B9204684F88020FFF7B3FF0223D4F85C
:105D500018C0616884F88130BCF1806F2368A76B3C
:105D60001A6822F001021A6004D1B1F5800F6DD1DA
:105D7000002F70D0A06AE669E26BB0F5800F46EAAA
:105D8000000646EA0206E26846EA02064CEA01021A
:105D900046EA050642EA07029E60666B42EA060290
:105DA000666A42EA0602266942EA0602666942EA31
:105DB0000602266A42EA0602E66C42EA0602A66883
:105DC00042EA0602A66C42EA0602A66D42EA060212
:105DD000DA6048D1226C012A1A680CBF42F40042F2
:105DE00022F400421A60626C012A1A680CBF42F465
:105DF000804222F480421A60264A934230D0A2F5B3
:105E0000784293422CD002F58062934228D0B5F5B7
:105E1000702F1A680CBF42F4005222F400521A602C
:105E2000E26A1A6441B31A6D22F001021A654A024D
:105E300005D5DA68616D22F000420A43DA6000207D
:105E40000123C4F8840084F88130F8BD002991D181
:105E5000B7F1805F8ED1186840F48050186089E7F0
:105E6000B5F5F81FD5E70029DDD128B99A6822F4E5
:105E7000C05242F400629A609A6822F4C06242F40E
:105E800080629A60CFE7B5F5800F3FF44BAF0D0409
:105E900052E700BF00300140003800400368002294
:105EA00073B559690E4C01F400410E4D0E4E586900
:105EB00000F4C040084301D102B070BD186B043239
:105EC000A3420190D2B2019803D0AB4201D0B342B9
:105ED00003D1102AEBD90320EEE7082AFAE700BF26
:105EE0000030014000380040003C0040036A23F0CD
:105EF000010370B50362036A4468826923F00203F8
:105F00000D6822F4803222F073022A438D682B43FD
:105F10001B4DA8420FD005F58065A8420BD005F5B2
:105F20007055A84207D005F58065A84203D005F555
:105F30008065A8421ED1CD6823F008032B43104D85
:105F4000A84223F004030FD005F58065A8420BD0CA
:105F500005F57055A84207D005F58065A84203D025
:105F600005F58065A84205D124F44075D1E90546C0
:105F700034432C43446082614A684263036270BDCB
:105F800000000140036A23F4807370B50362036A62
:105F90004268C46923F400730D6824F073042C4331
:105FA0008D6843EA0523164DA84203D005F58065A8
:105FB000A8420DD1CD6823F4006343EA0523104DB8
:105FC000A84223F480630ED005F58065A8420AD06C
:105FD0000C4DA84207D005F58065A84203D005F511
:105FE0008065A84206D122F44055D1E90526324306
:105FF00045EA021242604A68C461C263036270BD2E
:106000000000014000400140036A23F4805330B592
:106010000362036A4468C26923F400530D6822F4E2
:10602000E64242EA05228D6843EA05330E4DA84256
:106030000FD005F58065A8420BD005F57055A84234
:1060400007D005F58065A84203D005F58065A84214
:1060500004D124F480444D6944EA85144460C2614B
:106060004A680264036230BD00000140036A23F401
:10607000803330B50362036A4468426D23F4003311
:106080000D6822F070022A438D6843EA05430F4DE4
:10609000A8420FD005F58065A8420BD005F57055D4
:1060A000A84207D005F58065A84203D005F58065B4
:1060B000A84204D124F480344D6944EA05244460A4
:1060C00042654A688265036230BD00BF000001403E
:1060D000036A23F4801330B50362036A4468426D97
:1060E00023F400130D6822F4E04242EA05228D6891
:1060F00043EA05530E4DA8420FD005F58065A8422E
:106100000BD005F57055A84207D005F58065A8426B
:1061100003D005F58065A84204D124F400344D690C
:1061200044EA8524446042654A68C265036230BD22
:106130000000014070477047304A0368904212D017
:10614000B0F1804F0FD0A2F57C4290420BD002F507
:106150008062904207D002F58062904203D002F53F
:106160007842904219D14A6823F070031343234ABE
:1061700090421DD0B0F1804F1AD0A2F57C429042DF
:1061800016D002F58062904212D002F580629042F1
:106190000ED002F5784290420AD0194A904207D0B8
:1061A00002F58062904203D002F58062904203D1F2
:1061B00023F44073CA6813434A6923F080031343EE
:1061C00003608B68C3620B6883620C4B98420FD0EC
:1061D00003F5806398420BD003F57053984207D0C3
:1061E00003F58063984203D003F58063984201D1A0
:1061F0000B69036301234361704700BF0000014046
:106200000040014010B5044650B390F83D3003F013
:10621000FF021BB980F83C20FFF78CFF02232068A7
:10622000211D84F83D30FFF787FF0123002084F80B
:10623000483084F83E3084F83F3084F8403084F8A9
:10624000413084F8423084F8433084F8443084F894
:10625000453084F8463084F8473084F83D3010BD2E
:106260000120FCE710B5044650B390F83D3003F030
:10627000FF021BB980F83C20FFF75DFF0223206876
:10628000211D84F83D30FFF757FF0123002084F8DB
:10629000483084F83E3084F83F3084F8403084F849
:1062A000413084F8423084F8433084F8443084F834
:1062B000453084F8463084F8473084F83D3010BDCE
:1062C0000120FCE7036A23F0100370B50362036A40
:1062D0004468826923F020030D6822F0807222F462
:1062E000E64242EA05228D6843EA0513164DA842AC
:1062F00003D005F58065A8420DD1CD6823F0800359
:1063000043EA0513104DA84223F040030ED005F5D3
:106310008065A8420AD00D4DA84207D005F58065DA
:10632000A84203D005F58065A84206D124F4406553
:10633000D1E90546344345EA8404446082614A68F1
:106340008263036270BD00BF000001400040014055
:1063500038B590F83C300446012B78D001230C2A44
:1063600080F83C3051D008D8042A2CD0082A3BD0E1
:10637000C2B1002084F83C0038BD102A56D0142A3F
:10638000F7D10068FFF7A4FE236809695A6D42F44B
:1063900000625A655A6D22F480625A655A6D42EA6B
:1063A000012252E00068FFF7A1FD236809699A699C
:1063B00042F008029A619A6922F004029A619A698D
:1063C0000A439A61D5E70068FFF77CFF23680969F3
:1063D0009A6942F400629A619A6922F480629A6131
:1063E0009A6942EA0122ECE70068FFF7CBFD2368D7
:1063F0000969DA6942F00802DA61DA6922F0040216
:10640000DA61DA690A43DA61B3E70068FFF7FCFD95
:1064100023680969DA6942F40062DA61DA6922F410
:106420008062DA61DA6942EA0122ECE70068FFF78C
:106430001DFE236809695A6D42F008025A655A6DBB
:1064400022F004025A655A6D0A435A6591E7022008
:1064500092E701F01F01036A10B501248A408C40C5
:1064600023EA04030362036A1A43026210BD0000B8
:1064700010B5044629B990F83E30012B31D00120E7
:1064800010BD042907D190F83F30012BF7D102232A
:1064900080F83F3028E0082907D190F84030012BE0
:1064A000EDD1022380F840301EE00C2907D190F88E
:1064B0004130012BE3D1022380F8413014E0102950
:1064C00007D190F84230012BD9D1022380F8423015
:1064D0000AE090F84330012BD1D1022380F84330F9
:1064E00002E0022380F83E3001222068FFF7B1FF6E
:1064F0002368204A934219D002F58062934215D056
:1065000002F57052934211D002F5806293420DD091
:1065100002F58062934209D0B3F1804F0ED19968A1
:10652000154A0A40062A21D10020A9E75A6C42F4F4
:1065300000425A640F4A9342EED1F0E70F4A934269
:10654000EDD002F580629342E9D002F58062934279
:10655000E5D002F578429342E1D0A2F56C42934235
:10656000DDD01A6842F001021A60DDE7B2F5803F23
:10657000F7D1D9E700000140070001000004004006
:10658000FFF776BF01F01F01036A10B504248A40AB
:106590008C4023EA04030362036A1A43026210BDBB
:1065A00010B5044629B990F84430012B1DD00120C4
:1065B00010BD042907D190F84530012BF7D10223F3
:1065C00080F8453014E0082907D190F84630012BB7
:1065D000EDD1022380F846300AE090F84730012BD5
:1065E000E5D1022380F8473002E0022380F84430EE
:1065F00004222068FFF7C6FF23685A6C42F4004269
:106600005A64144A934216D0B3F1804F13D0A2F5C6
:106610007C4293420FD002F5806293420BD002F588
:106620008062934207D002F57842934203D0A2F5EC
:106630006C42934207D19968074A0A40062A06D05D
:10664000B2F5803F03D01A6842F001021A600020C0
:10665000AEE700BF0000014007000100FFF7A0BF48
:1066600070470000F0B504460368C06987B021692F
:10667000A2681D680A4361690A43A449024329408C
:106680000A43E1681A605A6822F440520A43A16939
:106690005A609F4A93421CBF226A11439A6822F0B3
:1066A0006E4222F430620A43616A9A60DA6A22F02A
:1066B0000F020A43DA62974A93421BD1964B5B6DF5
:1066C00003F03803282B6CD8944AB0F5004FD35C04
:1066D00040F00281082B00F2BF80082B61D8DFE870
:1066E00013F0E700EC0060006000EF006000600065
:1066F0006000F4008A4A934207D1874B5B6D03F038
:106700000703052B4DD8874ADFE7874A934207D115
:10671000814B5B6D03F00703052B42D8834AD4E716
:10672000834A934207D17C4B5B6D03F00703052B33
:1067300037D8804AC9E7804A934207D1764B5B6DD0
:1067400003F00703052B2CD87C4ABEE77C4A934212
:1067500007D1714B5B6D03F03803282B21D8794AA0
:10676000B3E7794A934207D16B4B5B6D03F00703A4
:10677000052B16D8754AA8E7754A934207D1664B90
:106780005B6D03F00703052B0BD8724A9DE7604A47
:10679000934206D102F50E32936D03F00703052BE9
:1067A00001D901200EE06C49CB5C102B23D011D80D
:1067B000042B16D0082B19D0022BF2D1FEF71EFFA6
:1067C00010BB00204FF00113A3660023C4E91C3363
:1067D00007B0F0BD202B3DD0402BE2D14FF400405C
:1067E00012E06846FEF71CFF0198E9E703A8FEF7F0
:1067F000BFFF0498E4E71368584813F0200F03D054
:106800001368C3F3C103D840554B626A656833F817
:10681000122005EB4501B0FBF2F39942C1D8B3EB6E
:10682000053FBED80023002107F090FC2A460F0246
:106830000023060247EA10676808301847F1000194
:1068400007F084FC474BA0F540729A42A9D8236810
:10685000D860B6E74448D7E7202B3BD0402B0BD07D
:10686000102B9ED12C4B3D481A6812F0200F03D0FC
:106870001B68C3F3C103D840616A394B626833F8BF
:106880001130B0FBF3F3500800EB4300B0FBF2F023
:1068900083B24FF6EF72A3F11001914281D820F03C
:1068A0000F00C3F34203226880B21843D06088E728
:1068B000FEF718F8002884D0DEE7FEF725F8F9E7A0
:1068C0006846FEF7ADFE0198F4E703A8FEF750FF17
:1068D0000498EFE72448CFE7082B47D8082B3FF66A
:1068E00060AF01A252F823F0BD690508C969050827
:1068F000A3670508A3670508CF690508A36705080E
:10690000A3670508A3670508D9690508F369FFCFE0
:10691000000C00580010014000440258A0940608E2
:1069200000440040C994060800480040C994060885
:10693000004C0040C994060800500040C994060865
:1069400000140140A094060800780040C99406088D
:10695000007C0040C9940608CF9406080090D0033C
:10696000D6940608FFFC0F0000093D00202B38D00C
:10697000402B38D0102B7FF414AF1D4A136813F04E
:10698000200F1C4B32D01068C0F3C10023FA00F076
:10699000616A194B626833F81130B0FBF3F303EB13
:1069A0005203B3FBF2F39BB24FF6EF72A3F1100167
:1069B00091423FF6F6AE2268D36002E7FDF792FF00
:1069C00000283FF4FEAEE3E7FDF79EFFF8E76846D8
:1069D000FEF726FE0198F3E703A8FEF7C9FE049828
:1069E000EEE70648D4E74FF40040D1E71846CFE77A
:1069F000004402580090D003D694060800093D00D8
:106A0000836ADA0710B506D50168C46A4A6822F4B9
:106A1000003222434A609C0706D50168046B4A682D
:106A200022F4803222434A60590706D50168446B3C
:106A30004A6822F4802222434A601A0706D5016878
:106A4000846B4A6822F4004222434A60DC0606D581
:106A50000168C46B8A6822F4805222438A609906D6
:106A600006D50168046C8A6822F4005222438A60C9
:106A70005A0610D50168446C4A68B4F5801F22F4A8
:106A8000801242EA04024A6005D14A68846C22F40A
:106A9000C00222434A601B0606D50268C16C5368D7
:106AA00023F400230B43536010BD2DE9F041DDF8C2
:106AB000188004460E4615461F462268D36936EAFA
:106AC00003030CBF01230023AB4201D000201CE0D4
:106AD000B8F1FF3FF2D002F0EDFFC01B4045206847
:106AE000036802D8B8F1000F11D123F4D07303600A
:106AF000836823F0010383602023C4F88430C4F842
:106B000088300023032084F88030BDE8F0815A07E4
:106B1000D3D5C3691B05D0D54FF400630362036866
:106B200023F4D0730360836823F001038360202380
:106B3000C4F88430C4F88830C4F88C30E1E730B54C
:106B40000025044685B0C0F88C5002F0B3FF2268DF
:106B500003461268110717D422681268520709D534
:106B60006FF07E424FF48001204600920022FFF732
:106B70009CFFB0B920230020C4F8843084F8800042
:106B8000C4F88830E0660DE06FF07E4203904FF469
:106B90000011204600922A46FFF787FF039B00283A
:106BA000DAD0032005B030BD10B5044650B3D0F89C
:106BB00084301BB980F88030FFF752FD226824230F
:106BC0002046C4F88430136823F001031360FFF7F4
:106BD00049FD012816D0A36A13B12046FFF710FF24
:106BE000236820465A6822F490425A609A6822F03C
:106BF0002A029A601A6842F00102BDE810401A6049
:106C0000FFF79DBF012010BD90F88030012B09D007
:106C10000268136843F002031360002380F8803099
:106C2000184670470220704790F88030012B09D039
:106C30000268136823F002031360002380F8803099
:106C40001846704702207047024B1868C0F3404056
:106C5000704700BF00440258024B1868C0F3800020
:106C6000704700BF00440258024B1868C0F3002070
:106C7000704700BF00440258C0F30422030E0549C8
:106C8000934010B5C4B261580B40D34040EA034072
:106C900010BD00BF4C440258024B1868C0F340605E
:106CA000704700BF00440258024B1868C0F3C06030
:106CB000704700BF00440258024B1868C0F3407090
:106CC000704700BF00440258044B054A9B6903F01B
:106CD0000F03D35C03F01F03D840704700440258F1
:106CE000EE940608044B054ADB69C3F30223D35C28
:106CF00003F01F03D840704700440258EE94060882
:106D0000044B054A1B6AC3F30213D35C03F01F0351
:106D1000D840704700440258EE94060807EE900AE7
:106D20009FED106AF8EE676A07EE901AF8EE677A40
:106D300086EEA77A07EE903AF8EE676A07EE902A99
:106D4000F8EE677AE6EE867A67EE277A9DED007AAE
:106D5000B8EE477AC7EE876AFCEEE67A17EE900A3D
:106D6000704700BF000000392E4A936A03F0030306
:106D7000012B73B5054649D0022B4DD013B9FFF74F
:106D80006BFF08B9002404E01368274CC3F3C10368
:106D9000DC4000232348C5E90033AB60816A026B05
:106DA000C36AC1F3051113F0010302D0436BC3F3AF
:106DB000CC0349B3C66AC2F30802F60302F101022A
:106DC00008D5006BC0F34620013000902046FFF745
:106DD000A5FF28601348C66AB60308D5006BC0F348
:106DE0000640013000902046FFF798FF68600D488C
:106DF000C66A760308D5006BC0F3066001300090C8
:106E00002046FFF78BFFA86002B070BDFFF72CFF94
:106E10000028B7D0054CBCE7FFF716FF0028B1D01B
:106E2000034CB6E7004402580090D00300093D002F
:106E300040787D011FB5104A136903F03803102B09
:106E400017D007D853B1082B0C4818BF002005B045
:106E50005DF804FB182B07D00020F8E713680848FA
:106E6000C3F3C103D840F2E701A8FFF77DFF019803
:106E7000EDE70448EBE700BF0044025800093D007D
:106E80000090D00340787D012E4A936A03F00303FB
:106E9000012B73B5054649D0022B4DD013B9FFF72E
:106EA000DBFE08B9002404E01368274CC3F3C103D8
:106EB000DC4000232348C5E90033AB60816A826B64
:106EC000C36AC1F3053113F0100302D0C36BC3F3DF
:106ED000CC0349B3C66AC2F30802360302F10102C9
:106EE00008D5806BC0F34620013000902046FFF7A4
:106EF00015FF28601348C66AF60208D5806BC0F3F8
:106F00000640013000902046FFF708FF68600D48FA
:106F1000C66AB60208D5806BC0F3066001300090E7
:106F20002046FFF7FBFEA86002B070BDFFF79CFE95
:106F30000028B7D0054CBCE7FFF786FE0028B1D08B
:106F4000034CB6E7004402580090D00300093D000E
:106F500040787D012F4A936A03F00303012B73B538
:106F600005464AD0022B4ED013B9FFF775FE08B97B
:106F7000002404E01368284CC3F3C103DC40002361
:106F80002448C5E90033AB60816A026CC36AC1F36F
:106F9000055113F4807302D0436CC3F3CC0351B397
:106FA0004CB31C48C2F30802C66A0132760208D507
:106FB000006CC0F34620013000902046FFF7AEFE83
:106FC00028601448C66A360208D5006CC0F3064033
:106FD000013000902046FFF7A1FE68600D48C66AA8
:106FE000F60108D5006CC0F3066001300090204621
:106FF000FFF794FEA86002B070BDFFF735FE0028D1
:10700000B6D0064CBBE7FFF71FFE0028B0D0044CFB
:10701000B5E700BF004402580090D00300093D00CE
:1070200040787D01114A08B5D36C03F04053B3F1A9
:10703000805F0ED0B3F1005F11D013B9FFF70CFEE3
:1070400008B9002004E013680948C3F3C103D8401D
:1070500008BDFFF709FE0028F3D00648F8E7FFF760
:10706000F3FD0028EDD00448F2E700BF00440258C9
:107070000090D00300093D0040787D011FB5FFF767
:10708000FBFD594B984238D029D8A3F5823398425A
:1070900071D010D8A3F57C43984200F0828003F6AB
:1070A0000843984200F08D80504B98425AD00020FF
:1070B00005B05DF804FB4E4B984208D003F56F43D2
:1070C000F833984260D0A3F57C439842EFD1FFF7A4
:1070D000EBFD0028EBD001A8FFF7D6FE49E0454BB9
:1070E000984259D023D8A3F58033984279D00CD850
:1070F000A3F56F43F83B9842D9D1FFF7DDFD002897
:10710000D5D001A8FFF726FF33E03B4B984203D0D0
:1071100003F608439842CAD1FFF79EFD0028C6D067
:10712000364B37481B68C3F3C103D840C0E7354B23
:10713000984211D00DD8A3F58033984203D003F6BE
:1071400008439842B3D1FFF78FFD0028AFD02E48F7
:10715000AEE72E4B9842AAD1FFF776FD0028A6D0C5
:107160002B48A5E7FFF798FD0028A0D001A8FFF75E
:10717000FBFD02989CE7FFF797FD002897D001A838
:10718000FFF782FE019893E7FFF796FD00288ED067
:1071900001A8FFF7DFFEF5E74FF04050FFF742FF91
:1071A00086E7FFF747FE154B1A4A9B69C3F3032393
:1071B000D35C03F01F03D840FFF786FDFFF792FD75
:1071C00076E7FFF737FE0D4B124A9B69C3F30323A3
:1071D000D35C03F01F03D840FFF776FDFFF790FD67
:1071E00066E70D4864E700BF04100207040C0007BF
:1071F0000C1C0107040C0407041003070044025888
:107200000090D0030410050700093D000C1C050781
:1072100040787D01EE9406080080BB000A4B013BDC
:107220000FD00269002AFADA0369074A43F0010322
:107230000361013A05D0036913F00103F9D118463F
:1072400070470320704700BF410D030084B038B57C
:1072500005AD044685E80E000A9B012B2FD1836BF8
:1072600023F480338363C36823F4840323F040034F
:10727000C360C36823F44013C360119B012B03D187
:10728000C36843F48013C3602046FFF7C7FF089B21
:10729000012B10D1E36D9BB2E365E36D43F07B738B
:1072A00043F40033E365A36843F00603A360A368D7
:1072B00043F02003A360BDE8384004B07047C368C2
:1072C00043F04003C360FFF7A9FF0E9B23B9A36BF4
:1072D00043F48033A363DAE7A36B23F48033F9E745
:1072E000022A4AD1274B284A0B44934239D9274BCB
:1072F000274A0B44934236D9A1F57403254AA3F5D6
:107300001053934231D9A1F18373234AA3F5E74384
:1073100093422CD3214B224A0B44934229D9214B2F
:10732000214A0B44934226D3204B214A0B449342DB
:1073300023D3A1F1B7731F4AA3F5585393421ED329
:107340001D4B1E4A0B44934234BF07230623C268D9
:1073500022F47052C260C26842EA8323C3600020F4
:1073600070470F23F3E70E23F1E70D23EFE70C231C
:10737000EDE70B23EBE70A23E9E70923E7E7082317
:10738000E5E700BF405327FFFF340C00401E1BFF02
:107390003F420F007F4F120020D6130060B6E5FE7B
:1073A0005FE3160000D3CEFE40771B00C05BB3FE48
:1073B000C091210020753800E05459FEE09C410046
:1073C000836843F00103836000207047836823F0E3
:1073D000010383600020704708B5C368012923F0CA
:1073E000C043C36008D1C36843F00053C360322078
:1073F000F8F7F0F9002008BD19B9C36843F08043DD
:10740000F4E70120F7E700008901074A41F0200175
:107410000161013A05D0036913F02003F9D1184640
:1074200070470320704700BF410D03001023064A38
:107430000361013A05D0036913F01003F9D118462E
:1074400070470320704700BF410D0300D0F800389B
:107450001943C0F8001800207047000084B02DE9DF
:10746000F843044609A80E4680E80E000023139D49
:10747000194603F14002013304EB82020F2B5160E5
:10748000F7D104F50067002D6CD17B6843F002034F
:107490007B60A36B23F40013A363236843F04003D2
:1074A0002360236843F0800323600023C4F8003E78
:1074B000D4F80038C4F800380E9B012B59D10B9931
:1074C000002954D120464FF67F38FFF7BFFF102127
:1074D0002046FFF799FF01462046FFF7A7FF084324
:1074E000002304F51062C0B24FF0904C19464FF0E3
:1074F000006E00383B617B6118BF0120FB61B34225
:1075000039D1002204F530634FF0904C4FF0006EFB
:1075100011464FF67F38B24240D13B6923F4807365
:107520003B610023A3616FF0804363610C9B1BB937
:10753000A36943F01003A361A269224B1343A36123
:107540000F9B1BB1A36943F00803A361012D05D173
:10755000A36943F0804343F00403A361BDE8F8430B
:1075600004B07047A36B43F40013A3639DE719466F
:10757000A8E70321A6E7D2F80090B9F1000F0BDAD3
:107580003BB9C2F800E011610133C2F80880203233
:10759000B5E7C2F800C0F6E71160F4E7D3F8009051
:1075A000B9F1000F0BDA3AB9C3F800E01961013202
:1075B000C3F808802033AEE7C3F800C0F6E71960CF
:1075C000F4E700BF00383C80D0F8083813F006001C
:1075D00004D013F0020F14BF02200F20704730B503
:1075E0000D78012400F5006205F00F0300EB451053
:1075F0009C404B78012BD36918D11C43D461D0F83F
:1076000000391A0410D48A68D0F80049C2F30A037A
:10761000CA78234343EA824343EA855343F08053C5
:1076200043F40043C0F80039002030BD43EA04446D
:10763000D461D0F8003B1B04F6D48B68D0F8002B43
:10764000C3F30A031343CA7843EA824343F08053E7
:1076500043F40043C0F8003BE6E7000010B50A78A9
:10766000497800EB421300F50060012902F00F0297
:1076700022D1D3F8001900290BDAD3F8001941F010
:107680000061C3F80019D3F8001941F08041C3F834
:1076900000190121C46B01FA02F224EA0204C46356
:1076A000C16921EA0202C261154AD3F800190A40F1
:1076B000C3F80029002010BDD3F8001B00290BDA05
:1076C000D3F8001B41F00061C3F8001BD3F8001B86
:1076D00041F08041C3F8001B4FF48031C46B01FAC4
:1076E00002F224EA0204C463C16921EA0202C2610F
:1076F000044AD3F8001B0A40C3F8002BDAE700BFA6
:10770000007833EC0078F3EF4B78DFF8ECC0012B16
:10771000F0B50E784D6900EB4614364F46D104F5AE
:107720001063BDB91D692F401F611D6945F4002517
:107730001D611D6905EA0C05012A1D6123D10A6935
:1077400002B15A61D4F8003943F00443C4F8003957
:107750000020F0BDD3F810E00EEA0C0CC3F810C006
:10776000D3F810C00CEA07071F618F68AF421D698C
:1077700045F4002538BF4F611D614D691F69C5F390
:1077800012053D43D8E7D4F8003943F00443C4F868
:1077900000394B69002BDBD006F00F060123D0F82F
:1077A0003428B3401343C0F83438D1E7D4F8100B71
:1077B00004F5306300EA0C0018611869384018615C
:1077C000886805B148611D69C0F31200012A45F4BB
:1077D00000251D611D6940EA0500186102D1CA68D3
:1077E00002B15A61D4F8003B43F00443C4F8003BB3
:1077F000AEE700BFFFFF07E00000F8FF10B59DF8FF
:10780000084044B9033301329B0800EB023001EB1E
:1078100083038B4201D1002010BD51F8042B02607C
:10782000F7E700002DE9F3414D780F78012D4B6902
:1078300000EB4714CE78DFF8B8C1DFF8B8E140F0CC
:107840008E8004F51065D5F810806BBB08EA0C0C2F
:10785000C5F810C0D5F810C04CF4002CC5F810C005
:10786000D5F810C00CEA0E0EC5F810E0012A4ED172
:107870000B6903B16B61012E0CD1D0F8083813F4F9
:10788000807FD4F800390CBF43F0005343F080539D
:10789000C4F80039D4F8003943F00443C4F800397F
:1078A000002002B0BDE8F08108EA0E0E012EC5F8F6
:1078B00010E0D5F810E00EEA0C0CD1F808E0C5F89D
:1078C00010C00EEB030CD5F810800CF1FF3CBCFB94
:1078D000FEFEDFF824C10CEACE4C4CEA080CC5F8D9
:1078E00010C0C3F3120CD5F810E04CEA0E0CC5F82A
:1078F00010C0BBD1D5F810C02CF0C04CC5F810C0DA
:10790000D5F810C04CF0005CC5F810C0AEE7D4F854
:107910000059012E45F00445C4F800590BD0002B46
:10792000BED007F00F020127D0F8343897401F432C
:10793000C0F83478B4E7D0F808589BB215F4807FCB
:10794000D4F800590CBF45F0005545F08055C4F8F7
:10795000005900923A46C968FFF750FFA0E7D4F8F3
:10796000105B04F5306705EA0E053D613D6905EAE7
:107970000C053D618D681BBB3B69C5F312051D43BA
:107980003D613B6943F40023012A3B6102D1CB688E
:1079900003B17B61012E0CD1D0F8083813F4807F3D
:1079A000D4F8003B0CBF43F0005343F08053C4F8BD
:1079B000003BD4F8003B43F00443C4F8003B6FE7BE
:1079C0002B44DFF834C0D7F810E0013BB3FBF5F3EC
:1079D0000CEAC34C9BB24CEA0E0C6B43C7F810C0C8
:1079E000D7F810C0C3F3120343EA0C03CCE700BF7F
:1079F000FFFF07E00000F8FF0000F81F70B500234C
:107A0000940800F5805502F00302A34214D301EB61
:107A100084017AB100F5805000230468D80024FA6C
:107A200000F0C854013398B28242F7D1013A92B2C1
:107A300001321144084670BD2E6841F823600133BD
:107A4000E3E74A780B78012A00EB431012D1D0F813
:107A50000029002A06DB2BB1D0F8003923F080433F
:107A6000C0F80039D0F8003943F40013C0F80039E9
:107A700000207047D0F8002B002A06DB2BB1D0F88D
:107A8000003B23F08043C0F8003BD0F8003B43F4B8
:107A90000013C0F8003BEBE70B784A7800EB43108B
:107AA000CB78012AA3F10203DBB20FD1D0F8002971
:107AB000012B22F40012C0F8002905D8D0F80039B3
:107AC00043F08053C0F8003900207047D0F8002BF5
:107AD000012B22F40012C0F8002BF5D8D0F8003B9F
:107AE00043F08053C0F8003BEEE710B500F510639B
:107AF000044600F52E614FF67F329A602033C3F8BA
:107B0000E8218B42F9D100222046C4F81028C4F89D
:107B10001428C4F81C28FFF789FC28B92046102136
:107B2000BDE81040FFF770BC10BDD0F80038090167
:107B300023F4FE6301F4FE61C0F80038D0F8003889
:107B40001943C0F8001800207047D0F8003E23F019
:107B50000303C0F8003ED0F8043823F00203C0F855
:107B6000043800207047D0F8003E23F00303C0F82B
:107B7000003ED0F8043843F00203C0F80438002077
:107B800070474269806910407047D0F8183800F596
:107B90000060C0691840000C7047D0F8183800F534
:107BA0000060C069184080B2704700EB411100F5D9
:107BB0000060D1F8082B40691040704710B5D0F82C
:107BC0001048D0F8343800EB411001F00F0100F5F7
:107BD0001060CB408068DB01DBB22343184010BD4E
:107BE000406900F001007047D0F8003923F4FF63CA
:107BF00023F00703C0F80039D0F8043843F4807349
:107C0000C0F804380020704730B5056C00F53063CB
:107C10000F4CA54203D9D0F8004B002C16DB0024F2
:107C200001291C611C6944F400241C611C6944F096
:107C300018041C611C6944F0C0441C6106D15A61DF
:107C4000D0F8003B43F08023C0F8003B002030BD5B
:107C50000A30544F2B4BD3F8882042F47002C3F8FB
:107C600088201A6942F010021A61274A136803F04B
:107C70000F03062B05D8136823F00F0343F0070307
:107C80001360224B1A6842F001021A6000221A6146
:107C90001F4A19680A401C491A600A68120705D56C
:107CA0000A6822F00F0242F007020A600022194916
:107CB0009A61DA611A6299621749D96217491963A0
:107CC0005A639963DA6319645A64196821F480214C
:107CD00019601A66124A536A43F480435362114B87
:107CE0001B681B0C1B04B3F1005F02D20E4B012278
:107CF0001A600E4B43F2D2021A600D4A014B9A6091
:107D0000704700BF00ED00E0002000520044025820
:107D10007FEDF6EA000202020000FF01800201018D
:107D2000C00000580010005C088100510040005263
:107D300000000408494A1369114603F03803102B68
:107D400030B500F0878006D8002B5FD0082B00F0FC
:107D500083800A685BE0182BFBD1906A956AD16A30
:107D600015F47C7FC5F30513546B3BD007EE903AB6
:107D7000C4F3CC0401F0010300F00300F8EEE76A5D
:107D800063430128F7EE005A07EE903AFAEEE97ADB
:107D900042D0022850D01168314BC1F3C101126B9F
:107DA000CB40C2F3080207EE103AB8EEC76A86EE7F
:107DB000267A06EE902AF8EEE66A76EEA77A77EE55
:107DC000A57A264B67EE877A1B6BC3F346230133F4
:107DD00007EE103AF8EEC76A87EEA67AFCEEC77A8D
:107DE00017EE903A1D481F498269C2F303228A5C4C
:107DF000D340826902F00F028A5C1B4902F01F0225
:107E000023FA02F20A60194A136030BD1268C2F305
:107E1000C102134BD340E5E7136B9FED156AC3F323
:107E2000080307EE103AB8EEC77A77EE277A77EEB6
:107E3000A57A86EE267AC4E7136B9FED0E6AC3F32C
:107E4000080307EE103AB8EEC77A77EE277A77EE96
:107E5000A57AEEE7084BC5E7084BC3E70044025894
:107E60000090D003FE9406083C0E0024380E002437
:107E70000024744A20BCBE4B40787D0100093D00BF
:107E8000431D052B96BF044A044B52F82330044A85
:107E900010601846704700BF1095060802000E06D5
:107EA0008860002408B530B10068EDF7FBFABDE842
:107EB0000840FFF7E5BF014808BD00BF05000E06FA
:107EC0001F4B204A10B55C6B14F0330F14600AD0BE
:107ED0001D4A14604FF0FF329A6301211B48BDE830
:107EE0001040FFF7DFBF14F0C00F0CD05B6919051D
:107EF00006D512680121144B14481A60FFF7D2FF0F
:107F00000F4BC0229A6362020AD50D4B4FF48002D8
:107F10004FF480719A630E4B0E4A1B6810689847A5
:107F2000E3050BD5064B4FF480724FF400619A6362
:107F300000229A62D9621A65DA60CEE710BD00BFEE
:107F4000007000528C60002494600024986000242B
:107F5000906000249C6000242DE9F041D4B02022E0
:107F600005460C4609A8002108F092FE4C2200218B
:107F700011A808F08DFEC022002124A808F088FE78
:107F8000614B9B6A03F00303022B39D05E4B012641
:107F90004FF002080027D3F8E02004A95B4842F024
:107FA0008002C3F8E020D3F8E030069603F08003A7
:107FB00007970093009BCDE90486F9F7A9FB0A20F7
:107FC000F7F708FC324641465048F9F787FC16207F
:107FD000FBF746FD4E4BFCB90294DA6A22F001022F
:107FE000DA62DB6A03F0010302934A4B9A6942F4B6
:107FF00040429A619B6903F440430293029B20E054
:10800000012109A8CDE90911FCF724FB0028BDD006
:10801000002054B0BDE8F0810197DA6A22F0010235
:10802000DA62DB6A3B4A03F001030193936923F4AC
:10803000404343F480439361936903F440430193C5
:10804000019B344A93699E04FCD52123002D4FF0F7
:1080500005024FF00805119314BF4FF4A0234FF40D
:108060008033002C1C9211A812934FF001030CBF17
:10807000A0222822179302231D9200221E932093F0
:10808000239222922195CDE91A330A231F93FBF7FD
:10809000ADFF01460028BBD103233F204FF480628F
:1080A000CDE909034023CDE90B15CDE90E320D933F
:1080B000109334B309A8FCF7CDFA0028A8D14FF4E7
:1080C000802324A824934FF440134693FCF7C4FD67
:1080D00000289DD1FBF742FD0B4B1A6842F080024D
:1080E0001A60D3F8F42042F00202C3F8F420D3F867
:1080F000F43003F002030393039BF7F79FFB012087
:1081000087E70421D6E700BF00440258001C02584C
:10811000000400580048025808B500210120FFF76C
:108120001BFF10B90148F4F767FA08BDD0A706088D
:10813000F9F7B6BEDFF830D0FFF78CFD002103E081
:108140000A4B5B584350043109480A4B42189A4283
:10815000F6D3094A02E0002342F8043B074B9A4257
:10816000F9D3E8F7B9F870470000082450C40608AE
:10817000000000244818002460180024D0140124B2
:10818000FEE7000010B5114BB0B0114CD4F88C20B4
:108190009A42FBD1F4F7C6F8BC22002101A808F0EE
:1081A00077FD4FF40023684600934FF40033299382
:1081B000FCF752FD10B10748F4F71EFAF4F7C8F8BF
:1081C0004FF44073E36030B010BD00BF0003008087
:1081D00000640258E4A70608A1F1F0039BB20F2B3C
:1081E00070B5044686B00E4615D94F493046F2F7B1
:1081F000AFFE4D4920603046F2F7CCFE4A490546B5
:108200003046F2F75DFE236801330FD1492247491A
:108210004748F3F78FFF47493046F2F799FE454943
:1082200020603046F2F7B6FE0546ECE76B1C03D142
:108230004A223E494048ECE7C5F384334FF44032CC
:10824000C5F3C045A4F8646084F86630002384F860
:1082500067506365E360A382237784F83830C4E90C
:108260000123042222610122A2614FF48052C4E959
:108270000833C4E90C23C4E90A33FFF783FF2368FA
:108280002E4A934213D12E4BD3F8D82042F020022D
:10829000C3F8D820D3F8D83003F020030093009B14
:1082A0002046F7F7F5FB20B32648F4F7A5F9264A50
:1082B000934210D0254A9342F2D1214BD3F8E020CB
:1082C00042F08072C3F8E020D3F8E03003F080730E
:1082D0000293029BE4E71A4BD3F8D82042F0200225
:1082E000C3F8D820D3F8D83003F020030193019BC2
:1082F000D6E72268114B9A4209D1039003A9CDE930
:1083000004002046F7F720FD08B11148CDE794F8A6
:10831000671031B10F4A00212046F7F7C5FC06B0BF
:1083200070BD40F2FF72F7E72895060838A80608E6
:108330004AA80608C897060874A806080020024044
:10834000004402588DA8060800210240006002582F
:10835000A8A806080000FF471FB5204B20F40062C4
:108360009A421F4B02D01F4A90421CD15B6D03F40E
:108370004053B3F5005F2FD006D853B1B3F5805FFB
:108380000CD01948F4F738F9B3F5405FF9D1174824
:1083900001E0FCF7A7FA05B05DF804FB01A8FDF7C2
:1083A000E7F90398F7E7124A904213D19B6D03F463
:1083B0004073B3F5007F0FD005D843B1B3F5807F8C
:1083C000ECD00C48DEE7B3F5407FE0D0F9E7FDF7ED
:1083D00015F9E0E70848D5E70848DCE70054004015
:1083E000004402580058004098A9060800093D00C2
:1083F000001C0058B5A90608D0A906080090D003B3
:1084000070B503F0D1FE041E32DB1A4E56F824007C
:1084100000282DD09023184D6343EB58DA691106DC
:1084200009D5DA69120606D51B681B0603D5134B5E
:1084300001211B68984790236343EB58DA69910642
:108440000BD5DA69920608D51B68980605D50B4B43
:10845000002156F824001B689847902044432B596C
:10846000DA69110704D5DA69120701D508221A6200
:1084700070BD00BFA4600024C00D0124A0600024D2
:108480000148FFF7BDBF00BF000C00580148FFF7CF
:10849000B7BF00BF007C00400148FFF7B1BF00BF7D
:1084A000007800400148FFF7ABBF00BF0014014057
:1084B0000148FFF7A5BF00BF005000400148FFF78B
:1084C0009FBF00BF004C00400148FFF799BF00BFAD
:1084D000004800400148FFF793BF00BF0044004040
:1084E0000148FFF78DBF00BF00100140034B19602A
:1084F0004168034B43F82120704700BFA06000246F
:10850000A460002430B5D0E900353F48834253D001
:1085100031D8A0F53050834248D026D8A0F500606D
:1085200083423DD000F5806083423CD0002003466A
:1085300090246C43354D2C59002A46D022680029DE
:1085400040D142F02002226003F11001304A9268CB
:1085500042F82100BFF34F8F590903F01F02012396
:1085600093402C4A42F8213030BD2B488342DDD164
:108570002A483523DCE72A4883421AD00AD8A0F5D6
:10858000184083421BD000F514408342CED12548C9
:108590002523CDE724488342C8D124488E23C7E74A
:1085A00023482623C4E723482723C1E7224834234E
:1085B000BEE722484723BBE721485223B8E72148BA
:1085C0005323B5E742F08002BDE72268A1B922F04B
:1085D00020022260226812F0800FC5D103F01F0133
:1085E0005A09012320328B400A4941F82230BFF357
:1085F0004F8FBFF36F8FB7E722F0800222602268AF
:1086000012F0200FE9E700BF00780040C00D012400
:1086100000ED00E000E100E000500040B1840508FA
:1086200000140140E1840508000C0058818405080D
:10863000D5840508C9840508BD840508A5840508F6
:10864000998405088D840508F8B546689023174C71
:10865000054603FB06439A68B2F5805F15D11A6997
:10866000B2B940F2FF12A3F86020902202FB06424A
:10867000B2F86070284603F085FC0028FAD09023F9
:108680007343E358586A3840F8BD1AB91A6932B9C9
:10869000FF22E8E7B2F1805F05D11A690AB97F22AB
:1086A000E1E73F22DFE70022DDE700BFC00D012444
:1086B00070B505460C464668284603F073FC002852
:1086C000FAD09023034AC4F308047343D3589C623E
:1086D00070BD00BFC00D01242DE9F8431E460446BD
:1086E0000F4610462F491546F2F732FC81462E49B7
:1086F0003046F2F72DFC216880464846F2F704FC2C
:10870000013005D140F2ED2228492948F3F712FD46
:1087100021684046F2F7F8FB0130F3D02FB9E7614A
:108720002046BDE8F84303F049BC012F09D0022FD1
:1087300016D0032FF4D1B9F1FF3F22D140F2073216
:1087400004E0B9F1FF3F04D140F2F722174919487C
:10875000DCE74FF480732584E361124928460DE07D
:10876000B8F1FF3F04D140F2FF2210491248CDE793
:108770004FF400730C4930466684E361F2F7A0FBC6
:10878000CEE7B8F1FF3F02D14FF44272EDE74FF46C
:108790004073054930462584E3616684F2F790FB17
:1087A000DBE700BFB0A30608FCA206087CAA060807
:1087B000A5AE06088CAA0608A5AA0608124A08B59E
:1087C000D0F88C3093421CD016D8A2F500529342B8
:1087D00006D00BD823F48063A2F57842934208D1E7
:1087E0000A48FEF74BFC70B9094803E0094A934276
:1087F00007D00948F3F700FF084A9342F9D1084827
:10880000EFE70848EDE708BD00500140040C000701
:10881000D8AA060800340140BEAA06080014005871
:108820000C1C0007041000077047704701207047B8
:10883000012303727047002303727047004870479A
:10884000FCAB0608402070470368802110B5044641
:108850009B6D98470021236820469B6DBDE8104022
:10886000184710B5044640F22441F4F7C1FB2046F6
:1088700010BD10B50446302A084604F5787428BFA8
:108880003022214608F006F9204630220021BDE8BA
:10889000104008F0FDB900211C3000F8131CFAF755
:1088A000E2BF4A0002F01E0242EAD11303445A7AA0
:1088B000012A04D100221C305A72FAF7D4BF0020DA
:1088C000704700004309012200F01F00203302FA24
:1088D00000F0044A42F82300BFF34F8FBFF36F8FBD
:1088E000704700BF00E100E010B5046E944205D26D
:1088F0004FF4157206490748F3F71CFC03689C6E99
:1089000013460A468021A446BDE81040604700BFD8
:1089100007AB060818AB060808B51C30FAF750FF7D
:1089200028B140F2752202490248F3F703FC08BD62
:1089300007AB060838AB060808B51C30FAF740FF4D
:1089400028B14FF42B7202490248F3F7F3FB08BD3C
:1089500007AB060838AB060808B51C30FAF7E4FE8A
:1089600028B14FF4057202490248F3F7E3FB08BD52
:1089700007AB060838AB0608402A00F11C0008B512
:108980004FF0020300F8133C134628BF40230A4669
:108990000021FAF744FF022805D14FF41272024970
:1089A0000248F3F7C7FB08BD07AB060846AB06084D
:1089B0001C3008B5FAF733FF022805D140F28A22AD
:1089C00002490348F3F7B6FB012008BD07AB0608D0
:1089D00046AB06081C3008B5FAF76DFF022805D132
:1089E0004FF41F7202490348F3F7A4FB08BD00BF10
:1089F00007AB060846AB06081C3008B5FAF793FF2C
:108A0000022805D140F2832202490348F3F792FB82
:108A100008BD00BF07AB060846AB060838B54D00D9
:108A200005F01E0545EAD114022504441C30657288
:108A3000FAF721FFA84205D14FF4287203490448F0
:108A4000F3F778FBB0FA80F0400938BD07AB0608B1
:108A500046AB060808B51C30FAF750FB28B14FF4B6
:108A6000F77205490548F3F765FB42F21070BDE85F
:108A70000840F4F709BC00BF07AB060838AB06088E
:108A800010B5044654F81C0FFFF76DF842F2107051
:108A9000F4F7FAFB2046FAF750FB28B14FF4FD72C9
:108AA00002490348F3F746FB10BD00BF07AB0608B9
:108AB00038AB06080C4B10B5DB78012B0B4B186854
:108AC00014BF65244D241C30FAF75EFB04F00D033F
:108AD00001229A4063099B0003F1604303F561435F
:108AE000C3F880211A6010BD00F00108D460002492
:108AF000084B10B5DB78012B14BF65204D20FFF724
:108B0000E1FE054B1B6858680368BDE81040DB6A4E
:108B1000184700BF00F00108D460002410B50446D7
:108B20001C30FAF7D6FA28B14FF4E57209490A4821
:108B3000F3F700FB094BDB78012B14BF65204D20B8
:108B4000FFF7C0FE63680BB1F3F7E0FE002363603C
:108B500010BD00BF07AB060838AB060800F00108DF
:108B60007C4BF0B5DB78044687B00D46012B14BF73
:108B700065264D263046FFF7A5FE63680BB9F3F76F
:108B8000AFFE65600025102204F109002946257218
:108B900008F07EF83022294604F1240008F078F825
:108BA00008232362402323636A4BDB78012B2DD1FA
:108BB000A364694AE5622565A562E261674DC4E97F
:108BC0000D33674BD3F8D82042F00072C3F8D82099
:108BD000D3F8D82002F000720192019AD3F8D8207D
:108BE00042F08062C3F8D820D3F8D82002F0806227
:108BF0000292029AD3F8002142F00072C3F80021D9
:108C0000D3F8002142F08062C3F80021514BDB7899
:108C1000032B24D1504B0122504DE3610223C4E9C0
:108C20000D32A3620023E362A36423654C4BD3F8A7
:108C3000D82042F00072C3F8D820D3F8D82002F030
:108C400000720392039AD3F8002122F08062C3F8E5
:108C50000021D3F8002122F08052C3F800213D4BBF
:108C6000DB78022B19D13F4A6363A362E2610122E0
:108C70003B4BA263D3F8D8203B4D42F00062C3F8CF
:108C8000D820D3F8D82002F000620492049AD3F8D6
:108C9000002122F08052C3F80021344B0C351C60B7
:108CA00035F90C0C0C35431C04D055F8101C02F09F
:108CB00079F8F5E72A4B04F11C07D3F8F42038467D
:108CC00042F00202C3F8F420D3F8F430C4F8204490
:108CD00003F002030593059B002384F8D933FAF7C8
:108CE0006EF9054628B14FF4C27221492148F3F7C5
:108CF00021FAE069FEF764FB1F4C3846FAF7FEF9EB
:108D000040F20D213846FAF77DFE54F8042BE9B203
:108D1000013538460432C2F38F02FAF753FE062DAE
:108D2000F3D1164B06F1100215499B6843F8221047
:108D3000BFF34F8F134A1021931983F800130123B7
:108D4000710906F00D0603FA06F642F8216007B035
:108D5000F0BD00BF00F001080000044034A7060881
:108D6000004402580000084010A70608D460002400
:108D700007AB060838AB060868AB060800ED00E054
:108D8000F18A050800E100E0036819B9986A000C4F
:108D9000800070473F3103EB81014868F7E700002E
:108DA00037B50C4600F11C0521060ED504F07F01F5
:108DB00028460193FFF7E8FF9042019B05D240F25D
:108DC00069220A490A48F3F7B5F992B221462846C2
:108DD000FAF7BEFC022804D140F26E22034905488E
:108DE000F1E7B0FA80F0400903B030BD07AB0608E8
:108DF00056AB060846AB0608D0F804341A7A4AB1D6
:108E00005A6803681046D3F808181368C1F30D2197
:108E10001B6A184770474B00D0F8040403F01E0388
:108E200043EAD11310B4034401245C724068036820
:108E300019B15B6A5DF8044B18471B695DF8044B78
:108E4000184741F08002D0F80404530003F01E03D9
:108E500043F0010310B4034401245C7240680368CA
:108E600021B19B6A11465DF8044B18475B695DF8B8
:108E7000044B1847D0F8043458680368DB68184777
:108E8000D0F80434012158680368DB691847D0F82A
:108E90000434002158680368DB69184770472DE9DE
:108EA000F341D0F80454002604462F46B046C6F3DA
:108EB000470187F80980204602370191FAF780FCC4
:108EC00001992046FAF765FD711C87F80880204655
:108ED000C1F34701023641F080010191FAF770FCBD
:108EE00001992046FAF755FD102EE0D12B6840225B
:108EF000802128461C6D0023A0472B68402228466D
:108F00001C6D00231946A047686803689B6802B07F
:108F1000BDE8F0411847000070B50D4E3478BFF33E
:108F20005B8F14F0010410D13046F3F7EBFD60B114
:108F3000084D3046084B2C72C5E90034F3F704FEA7
:108F4000064A07492846F3F7CDFD024870BD00BF29
:108F5000D0600024D860002488AB060800000024FC
:108F60002B880508436D70B59E0504460D460FD548
:108F7000036D98050CD54FF4007300220121236581
:108F80002A4B1A612A4B2B4A1B6852F82500984736
:108F9000636DD9070DD5236DDA070AD501230021AA
:108FA000244A2365214B52F825001961204B1B6888
:108FB0009847636DDB010FD5236DDE010CD54FF0B3
:108FC0008073002202212365184B1A61184B194A3D
:108FD0001B6852F825009847636D18020FD5236D62
:108FE00019020CD54FF400030022052123650F4B15
:108FF0001A610F4B0F4A1B6852F825009847636DA2
:109000009A0111D5236D9B010ED54FF000730022FC
:1090100007212365054B1A61054B064A1B6852F868
:109020002500BDE87040184770BD00BF00A8004093
:1090300004650024FC64002400210148FFF792BF6E
:1090400000A00040FFF7F8BF01210148FFF78ABFE9
:1090500000A40040FFF7F8BF034B1960D0F8A01040
:10906000024B43F82120704704650024FC6400246F
:1090700003680E4A934210B504460FD11320F6F749
:109080003DFF1520F6F73AFF3F20F6F737FFD4F8FB
:10909000A020074B002143F8221010BD054A93423F
:1090A000FBD11420F6F72AFF1620EBE700A00040C2
:1090B000FC64002400A400400E490F4BD1F88C2022
:1090C0009A42FBD10D4BD3F8942042F48072C3F83E
:1090D0009420D3F8942022F48072C3F894204FF4A3
:1090E0004072CA60D3F8EC2022F48072C3F8EC20FE
:1090F000704700BF0064025800030080004402581B
:109100002DE9F04188B01C4607460E461546002161
:1091100020226846DDF8388007F0BAFD8CB90222BB
:109120000123CDE90048CDE9022369463846CDE95F
:109130000465F8F705FAB0FA80F0400908B0BDE818
:10914000F081012C07D14FF08043CDE90038022394
:10915000CDE90234E9E70020F0E7000037B5054625
:10916000F8F700F8044610B11448F3F745FA03463F
:109170000246014600902846FFF7C2FF08B9104892
:10918000F3E701232246214628460094FFF7B8FF63
:109190000028F4D002222346284600941146F8F70E
:1091A0000BFA08B10748E0E72846F8F71FFA08B1BC
:1091B0000548DAE7012003B030BD00BF40AC060827
:1091C00056AC060868AC06088CAC06080B68F0B50F
:1091D00016465A1CB5B004460D4604D145224A49EC
:1091E0004A48F2F7A7FF4A4AD2F8EC1041F48071DE
:1091F000C2F8EC10D2F8EC2002F480720092009ACF
:10920000444A934214D10023C4F8A0304FF40043E1
:10921000414F04934FF080532093404BD7F88C205C
:109220009A42FBD104A8FBF717FD48B13C4805E082
:109230003C4A934201D10123E6E73B48F3F7DCF9CE
:109240004FF44073A968B5F90400FB6001F0AAFD72
:109250002969B5F90C0001F0A5FDB5F9040001215B
:1092600001F058FE0121B5F90C0001F053FE2B6806
:1092700001A801252360FCF723FB029B40F201219A
:10928000B3FBF6F2954239D8B2FBF5F3B3F5807F24
:1092900034D807EE903AB6EE086B65615A1EB8EE08
:1092A000E77B012040230021208227EE067BA0746B
:1092B0006163C4E90900C4E90B00FCEEC77B082028
:1092C000C4E9021117EE905AC4ED077A521B2262CC
:1092D000A2618022C4E90E2304230322C4E91003FF
:1092E000C4E912132046A366C4E91413C4E9162185
:1092F000C4E91821FFF732FF35B0F0BD01358D42CA
:10930000C0D10A489AE700BFC0AC0608CAAC06083C
:109310000044025800A0004000640258000300808E
:1093200001AD060800A40040E8AC060822AD06081E
:109330002DE9F0470D46DFF85CA088B014460646DC
:109340005146DFF8549028460193F1F701FE074695
:1093500049462046F1F7FCFD01463846F1F7D4FDB9
:10936000514680462846F1F709FE49460746204601
:10937000F1F704FE019A079003A93046CDF80C805E
:10938000ADF810500597ADF81840FFF71FFF08B073
:10939000BDE8F087F897060858980608014BFFF7D4
:1093A000C7BF00BFA086010008B5052931D8DFE896
:1093B00001F00337313030340121002A33D04FF629
:1093C000FF72F8F72DF9194A19499368C3F88C1000
:1093D000BFF34F8F174B4FF4002119601648916867
:1093E000C1F89400BFF34F8F4FF400111960134878
:1093F0009168C1F89000BFF34F8F4FF4801119604E
:109400000F499268C2F89810BFF34F8F4FF4800253
:109410001A6008BD4FF08071CFE74FF40001CCE730
:109420004FF40071C9E7F8F739F9CCE700ED00E037
:109430003990050800E100E04590050849900508CD
:109440005590050800B5564B8DB00A2800F2A4804F
:10945000DFE800F006162432404E5C6A78869400FD
:10946000D3F8E0204F4842F00102C3F8E020D3F8DF
:10947000E03003F001030193019B0DB05DF804FBA4
:10948000D3F8E020484842F00202C3F8E020D3F8C5
:10949000E03003F002030293029BEEE7D3F8E020F2
:1094A000424842F00402C3F8E020D3F8E03003F071
:1094B00004030393039BE0E7D3F8E0203C4842F029
:1094C0000802C3F8E020D3F8E03003F00803049367
:1094D000049BD2E7D3F8E020364842F01002C3F8EC
:1094E000E020D3F8E03003F010030593059BC4E7B8
:1094F000D3F8E020304842F02002C3F8E020D3F84F
:10950000E03003F020030693069BB6E7D3F8E02093
:109510002A4842F04002C3F8E020D3F8E03003F0DC
:1095200040030793079BA8E7D3F8E020244842F0C4
:109530008002C3F8E020D3F8E03003F08003089302
:10954000089B9AE7D3F8E0201E4842F48072C3F8E3
:10955000E020D3F8E03003F480730993099B8CE793
:10956000D3F8E020184842F40072C3F8E020D3F8A2
:10957000E03003F400730A930A9B7EE7D3F8E020FF
:10958000124842F48062C3F8E020D3F8E03003F4DC
:1095900080630B930B9B70E70D48F3F72DF800BF2A
:1095A0000044025800000258000402580008025803
:1095B000000C0258001002580014025800180258FB
:1095C000001C0258002002580024025800280258AB
:1095D0005EAD0608431C10B5044604D17722064947
:1095E0000648F2F7A7FD4FF4707104F00F0401F084
:1095F000D9FB0120A04010BD9CAD0608A7AD060810
:109600004B1C70B504460E46018216D0C1F3031000
:10961000FFF718FF05463046FFF7DCFF238A074AAD
:1096200003F00F036561206052F82330A36105F158
:10963000100318356360C4E9025570BDF8AF060821
:10964000B0F9100001F066BC10B50C4B0C4CD4F80E
:1096500094209A42FBD1D0E90542524302EB4203E7
:10966000DB4339B92268134023604FF44072044B46
:109670005A6110BD21680B401343F5E700030080D9
:1096800000640258234B4C2202FB00322DE9F041CA
:109690009446002401274FF0B04507FA04F3DCF8A4
:1096A000006033422ED0536BD5F8886007FA03F37D
:1096B0001E4227D0D2F81CE0C5F8883056680EB399
:1096C0006A6833EA020203D12A6833EA020215D13A
:1096D0004FF0B042116833EA010103D1526833EA16
:1096E00002020DD1DEF810201A4214BF012102211E
:1096F000094B30461B68BDE8F04118470221F7E7E7
:109700000121F5E701340432A142C6D101460348E4
:10971000F2F772FF0865002420670024BAAD06083E
:1097200006210846FFF7AEBF05210846FFF7AABF8E
:1097300001210420FFF7A6BF01210320FFF7A2BFEC
:1097400001210220FFF79EBF01210846FFF79ABFC3
:1097500001210020FFF796BF012910B515D183899B
:109760004FF0B04403F00F039940836832B1226890
:1097700043F0010311432160836010BD226823F090
:10978000010322EA01012160F6E70229F5D181896E
:109790004FF0B04401F00F030121994083682AB1D2
:1097A000626843F0020311436160E5E7626823F0F9
:1097B000020322EA01016160DEE700008389B0F95B
:1097C0000C2003F00C01C2F3031201F1B04170B59B
:1097D00003F00F0503F003030F26D1F808449B00A4
:1097E0009E4002FA03F34FF0B04224EA06042343FA
:1097F000C1F808340123D2F88010AB401943C2F8F5
:1098000080108468E10702D5116819431160A2072E
:1098100004D54FF0B04251680B435360B0F90030AB
:10982000002B08DB0122590903F01F0302FA03F39E
:10983000014A42F8213070BD00E100E02DE9F74F08
:1098400099464B1C06460D46904676D0F2F76AFDC7
:109850003B4B3C4905F00F0BD3F8F420C5F3031044
:109860000F8842F0020247FA0BFAC3F8F4200C22E8
:10987000D3F8F4301AF0010A03F002030193019BBC
:10988000314B02FB0B32546802D03048F2F7B4FE81
:10989000012202FA0BF23A430A80062C4BD8DFE889
:1098A00004F0043E404244464800294FFFF7CAFDF9
:1098B0000C21B5814FF0000C01FB0BF1224B4C2524
:1098C000C6F808C05A1853F801C06543214901235E
:1098D000B2F90820746003FA0CFE4B593280103242
:1098E00043EA0E034B51132303FB04C401EB84032F
:1098F000C3F80490D861C3F834B0174BC3F80080A4
:10990000164B9B6843F82270BFF34F8F3046FFF72A
:1099100055FFF2F71DFD504603B0BDE8F08F104F24
:10992000C4E7104FC2E7104FC0E7104FBEE7104F1B
:10993000BCE7104FBAE71048A8E78A46EBE700BF3C
:10994000004402581C670024D8A80608E3AD0608A6
:1099500051970508086500242067002400ED00E009
:109960004997050841970508399705083197050873
:1099700029970508219705080CAE060882890C2353
:10998000284902F00F025343F0B5CC18CF584FF0DE
:10999000B0430121666801FA02F21C6801FA07F57A
:1099A00024EA02041C605C6824EA02045C60D3F8C8
:1099B000804024EA02021C4CC3F88020132202FBE0
:1099C000067204EB8202526B9140D3F888200A425F
:1099D00001D0C3F888104C237343E358AB431FD125
:1099E000B0F90030002B0DDB5A09012103F01F03F1
:1099F000203201FA03F30D4941F82230BFF34F8FB3
:109A0000BFF36F8FB0F90030002B09DB5A09012139
:109A100003F01F03603201FA03F3044941F82230D6
:109A2000F0BD00BFD8A806080865002400E100E0EA
:109A3000F8B50546F2F776FCAB8928466C6803F06A
:109A40000F020C235343154AD758FFF797FF4C20BA
:109A5000134A0121604301FA07F3165826EA030668
:109A6000132303FB04731650002002EB8304606091
:109A70009C1D0C3302EB840402EB8303094A6060F3
:109A80005860AB8903F00F039940138823EA010162
:109A9000BDE8F8401180F2F75BBC00BFD8A806080B
:109AA000086500241C67002408B503F035FA00207F
:109AB00008BD000010B5F2F735FC134B1348144AEB
:109AC000596A1468038811601B1B0B440146B3F5E7
:109AD000803F16D34FF47A71B3FBF1F201FB1233DE
:109AE000038006E00132A3F57A73B3F57A7FF9D2E9
:109AF0000B80084C23681A442260F2F729FC206886
:109B000010BD0022F1E700BF000C004024670024D4
:109B1000286700242C670024054B07B5D8680190FE
:109B2000F8F738FC019803B05DF804EBF9F725B9B4
:109B300034710024054B07B598680190F8F72AFCAA
:109B4000019803B05DF804EBF9F717B934710024FC
:109B5000054B07B558680190F8F71CFC019803B055
:109B60005DF804EBF9F709B934710024054B07B52A
:109B700018680190F8F70EFC019803B05DF804EB4B
:109B8000F9F7FBB83471002490F86030022B03D051
:109B900090F86030032B0DD14268536823F0FF73B7
:109BA00023F48033536041F201139169490601D4D3
:109BB000013BFAD17047000070B5B0F95C30254C1C
:109BC00003F11006B0F95E20A56845F82610BFF332
:109BD0004F8FA56802F1100645F82610BFF34F8F8E
:109BE00090F86810002914BF10212021002B19DBE8
:109BF00003F1604000F5614080F80013002A17DB94
:109C000002F16040002B00F5614080F8001315DA86
:109C10000123510902F01F0203FA02F20E4B43F82E
:109C2000212070BD03F00F00043804442176E5E7DD
:109C300002F00F040948002B0155F2DB580903F02C
:109C40001F0101238B40044941F82030002ADFDA4C
:109C5000E7E700BF00ED00E000E100E014ED00E008
:109C600010B5B0F95E40B0F95C00F6F747F9204650
:109C7000BDE81040F6F742B990F85030011D032BB3
:109C80000ED8DFE803F00207090B0648064A42F83F
:109C9000231070470548F9E70548F7E70548F5E759
:109CA0000020F3E76D9B050834710024519B0508E3
:109CB000359B0508199B05082C4A416D12680368FD
:109CC000B2FBF1F1142243604A439969090401D5BA
:109CD000013AFAD12648274AD0F88C109142FBD19C
:109CE000254A934211D1254BD3F8902042F400121B
:109CF000C3F89020D3F8902022F40012C3F89020EB
:109D00001B4B4FF44072DA6070471D4A934214D0E7
:109D100002F5806293421CD01A4A9342F0D1174B4D
:109D2000D3F89C2042F08002C3F89C20D3F89C20FA
:109D300022F08002C3F89C20E2E7104BD3F8902079
:109D400042F48002C3F89020D3F8902022F48002DD
:109D5000D4E70A4BD3F8902042F40002C3F89020D5
:109D6000D3F8902022F40002C8E700BF380E002488
:109D70000064025800030080005400400044025870
:109D800000580040001C005813B590F85C300446A1
:109D9000072B25D1D0F88C3090F874208BB1002A95
:109DA0009BB214BF4FF0007200220092D0F88820BE
:109DB000B0F87010F8F7AAF9062384F85C3002B006
:109DC00010BD90F85D3043F0080380F85D302AB98B
:109DD00090F85D305B0701D40123EEE70023ECE748
:109DE00090F85D3043F0080380F85D30E7E790F8C5
:109DF0005C30062B09D190F874306BB990F85D3067
:109E00005B0709D4012380F85C3090F85D3043F0A3
:109E1000080380F85D3070470023F4E738B5051D6E
:109E20000446C2602846F8F7CEF82046FFF724FF24
:109E300001462046FFF7C0FE2846BDE83840F8F747
:109E400079BA0346043021B1022283F86820F8F77A
:109E500071BA83F86810F8F781BA012902D180F845
:109E60006510704711B9012380F8663070470023F0
:109E700080F86530704710B490F864200346022AD9
:109E800019D1B0F86E20013292B2A0F86E20B0F86D
:109E90006E10B0F86C2089B292B291420BD2B0F839
:109EA0006E404FF08073816E012211FA84F15DF8EB
:109EB000044BF8F7DFB9002283F866205DF8044B05
:109EC000704790F86430022B02D1002380F866308E
:109ED000F8F730BA90F86A3090F86920002B0CBF80
:109EE00000230323002A0CBF1846012070470000FE
:109EF00070B505461446043095F86830022B07D13A
:109F000094B20023E966A5F870400124A5F87230E8
:109F10004FF08073A2B2F8F7ADF910B100242046DB
:109F200070BD0E4B1E686B6DB6FBF3F604FB06634B
:109F30001E265E4395F86A302BB1013EEED001201B
:109F4000F3F7A2F9F6E7002EE8D095F86830022B77
:109F5000E5D1B5F87240A4B2E1E700BF380E0024A5
:109F600070B54FF0807306461446043092B2F8F78D
:109F70001FF910B10024204670BD0A4B1D68736D97
:109F8000B5FBF3F504FB05531E255D4396F86930D8
:109F90002BB1013DEED00120F3F776F9F6E7002D65
:109FA000E9D1E7E7380E002410B5044650F804293B
:109FB000136823F0FE031360FFF752FE022384F8B8
:109FC0005D3010BD2DE9F04F444C8DB0444A4FF048
:109FD000000C04EB5003434D4FF0FF3BB3FBF0F09C
:109FE0002C2359435318525804EB5201B1FBF2FA97
:109FF00059689A6ACDF804A04243B4FBF1F1079185
:10A000009968B4FBF1F1089137490968059102EBB1
:10A010004001C2F1FF22323102F57F020291CE32BD
:10A020000B92059A624503D158460DB0BDE8F08FFA
:10A0300099694FF0000E2A68049102FB0002029910
:10A0400011440E4603910299AAEB0101891A0A9163
:10A050000499CDF824E00EF1010EB14235D20B99EE
:10A060003144B0EB910F30D20A9F4FF00008D3E992
:10A0700008410C44A1190091009C0399A7EB040925
:10A080002144089FCDF8188008F101088F4216D8A6
:10A09000079F8F4213D3009C0F1BDC69BC420ED874
:10A0A000B8420CD2B1EB0A07019C48BF4F46A74209
:10A0B00005D2099CE34601972C61069CEC60B8F53B
:10A0C000807F1144A9EB0209DBD1BEF5807F1644E5
:10A0D000BED10CF1010C1435A3E700BF00CA9A3BB6
:10A0E000C4AE06083067002430710024304B2C22A7
:10A0F00003EB5003B3FBF0F02E4B02FB01312DE9D3
:10A10000F04F4A6A85B08B6A4FF01008CC684FF068
:10A11000140A0E6A033314440A694343DFF89C901F
:10A12000323C921BE41AA2F582720344D31A4A69A4
:10A130000146B21823EAE37B1F4B029224EAE47241
:10A1400001921A6800239E468C460025029C0395C6
:10A15000013564451ED800242746019EA64215D825
:10A16000A34513D3984511D00AFB02F80132039E90
:10A1700009EB080E7F2A49F80830CEE9016702D9B9
:10A180000D4B1A6010E098464FF0010E01370C4459
:10A19000102FE2D1102D8C44D8D101330144102B63
:10A1A000D2D1BEF1000FEBD105B0BDE8F08F00BFFA
:10A1B00000CA9A3BC4AE0608307100243067002400
:10A1C00013B5214B00241C6010B9002002B010BD53
:10A1D0000029FAD0A1F59C3349F64042803B9342D6
:10A1E0000ED9A1F59C23194AA3F50073934228D9EF
:10A1F000A1F54321164BA1F5A0619942E5D80224AF
:10A2000021460190FFF772FF21460198FFF7DAFE21
:10A210007F28DAD814230F4958430A180B58107CAA
:10A2200040EA037053681B0503F4700318439368F6
:10A230001B0403F470231843D3681B029BB218431A
:10A24000C4E70124DCE700BF307100240071020084
:10A25000801A06003067002470B50C4616461D466D
:10A26000FEF77AF80CB1AE4217D00F4B98420ED1E0
:10A270000E4B9D4210D00E4B9D4210D00D4B9D4277
:10A280000FD040F69C020C490C48F1F753FF2946C9
:10A29000BDE87040FFF794BF094C204670BD094CE3
:10A2A000FBE7094CF9E700BF000E2707801A0600FC
:10A2B00040420F00A086010050AE06085AAE0608C4
:10A2C0003414C1203615C3007656E140414B426D2F
:10A2D0001B68B3FBF2F2142370B5534304460D46DA
:10A2E000061D42689169090401D5013BFAD13A4B38
:10A2F0009D421BD12268394B9A4202D10120F8F7C6
:10A300009DFD2268364B9A4202D10220F8F796FD55
:10A310002268344B9A4202D10420F8F78FFD22685C
:10A32000314B9A4202D10820F8F788FD2F49304B73
:10A33000D1F88C209A42FBD12368284A934205D158
:10A340002C4A536D23F44053536509E0244A934249
:10A35000F6D002F580629342F2D0234A934216D09F
:10A36000224B4FF4407200213046DA60F8F740FD8E
:10A37000214B9D4211D0214B9D420ED0164B9D4248
:10A380000BD040F2D5221E491E48F1F7D3FE194AE0
:10A39000936D23F440739365E2E72B46626EA168E8
:10A3A0002068FFF759FFA06020B940F2DE2214496F
:10A3B0001548EAE70023012230466566E360C4E9F8
:10A3C0000423C4E90833C4E90633F7F7FCFD6565E7
:10A3D00070BD00BF380E002440420F000054004002
:10A3E00000580040005C0040001C00580064025807
:10A3F0000003008000440258A0860100801A060075
:10A4000050AE06085AAE06088EAE06081FB50023E9
:10A4100004464366836079B18B88A0F858308B89F5
:10A42000A0F85A300B680360013305D14FF4DA729B
:10A4300044494548F1F77EFE2368444A934212D1CD
:10A44000002384F85030424BD3F8E82042F4001245
:10A45000C3F8E820D3F8E83003F400130093009B1E
:10A460003C4BE36509E03C4A934234D002F58062FC
:10A47000934242D0394A934251D03949B4F95800F5
:10A48000F0F71EFD3749B4F95A00F0F719FD042121
:10A49000B4F9580000F03EFD0421B4F95A0000F070
:10A4A00039FD636D0BB9304B63652046FFF704FC43
:10A4B000616D2046FFF70AFF636D6366002384F831
:10A4C000693084F8683084F86A3084F8613084F840
:10A4D000603004B010BD012384F850301C4BD3F819
:10A4E000E82042F48002C3F8E820D3F8E83003F40F
:10A4F00080030193019B1D4BB3E7022384F8503086
:10A50000134BD3F8E82042F40002C3F8E820D3F854
:10A51000E83003F400030293029B154BA1E70323E9
:10A5200084F850300A4BD3F8F42042F08002C3F88C
:10A53000F420D3F8F43003F080030393039B0D4B16
:10A540008FE700BF50AE0608A7AE060800540040D3
:10A55000004402581F00200000580040001C005812
:10A5600048990608AC980608A08601002100220040
:10A57000480049005F0060002DE9F0470D46DFF814
:10A5800064A086B0144606465146DFF85C90284623
:10A59000F0F7DEFC074649462046F0F7D9FC0146B5
:10A5A0003846F0F7B1FC514680462846F0F7E6FC05
:10A5B000494607462046F0F7E1FC9C220590002121
:10A5C0003046CDF80480ADF808500397ADF8104040
:10A5D00006F05EFB01A93046FFF718FF06B0BDE8A4
:10A5E000F08700BF48990608AC9806082DE9FF4798
:10A5F0001D4690F8603004460F46032B0C9E00F178
:10A600000409039253D8FFF7BFFA4FF00008002E59
:10A6100080F8618014BF4FF42A4A4FF0AA0AFFF76E
:10A620002BFB01462046FFF7C7FA039AABB2484618
:10A63000B9B2CDF800A0F7F769FD98BB052384F8FF
:10A6400060301C4B1F68636DB7FBF3F705FB0773A6
:10A650001E275F4394F8613013F01E0F01D1013FB4
:10A6600016D12046FFF7FCFA1FB194F86130082B91
:10A6700012D00021204694F861304FF0FF35FFF7EB
:10A68000C5FE002384F86030284604B0BDE8F0879A
:10A690000120F2F7F9FDDDE7B6FA86F35B0984F8ED
:10A6A0006030F1E76FF0010584F86080ECE76FF04F
:10A6B0000205E9E7380E00242DE9FF471D4690F812
:10A6C000603004460F46032B0C9E00F104090392F0
:10A6D00053D8FFF759FA4FF00008002E80F8618038
:10A6E00014BF4FF42A4A4FF0AA0AFFF7C5FA0146F1
:10A6F0002046FFF761FA039AABB24846B9B2CDF8EB
:10A7000000A0F7F7B1FC98BB052384F860301C4B20
:10A710001F68636DB7FBF3F705FB07731E275F43E5
:10A7200094F8613013F01E0F01D1013F16D120467D
:10A73000FFF796FA1FB194F86130082B12D0002170
:10A74000204694F861304FF0FF35FFF75FFE00239D
:10A7500084F86030284604B0BDE8F0870120F2F7A5
:10A7600093FDDDE7B6FA86F35B0984F86030F1E724
:10A770006FF0010584F86080ECE76FF00205E9E70F
:10A78000380E002473B590F86460044606B18668FC
:10A79000636C626C13F0040318BF1423042ADDB247
:10A7A00006D1002384F85C3084F85D5002B070BD9F
:10A7B000201F00210190FFF729FE01983EB10223DE
:10A7C000324684F8643000231946FFF727FB45F032
:10A7D000020384F85D30E9E7044B054A1878054B1D
:10A7E000002814BF10461846704700BF400E0024D2
:10A7F00098AF0608A0AF0608024BD869DA69824212
:10A80000FBD17047002C005808B5F1F78BFD084BC1
:10A8100001221A700022074B1A704FF48052064B27
:10A82000C3F810211A61BDE80840F1F791BD00BFDF
:10A830004D7100245471002400E100E010B5F1F7DF
:10A8400071FD134B1A7842B9124A12681168090750
:10A85000FCD50821516001221A700F4C23781BB1DE
:10A86000F2F754F80023237000230C4A13700C4AAB
:10A8700013704FF480520B4BC3F89020BFF34F8FEF
:10A88000BFF36F8FBDE81040C3F89021F1F760BDB2
:10A890004E710024F01301245671002454710024D9
:10A8A0004D71002400E100E05D4B70B51C68C4B040
:10A8B0001CB1FFF7C3FF44B070BD0125C022214683
:10A8C00014A8584E1D6006F0E3F94C22214601A859
:10A8D00006F0DEF9337833B304230A940193052399
:10A8E0000393802314934FF4C0433C934E494F4B42
:10A8F000D1F88C209A42FBD101A8F9F777FBD8B1A7
:10A900000023082201A833700A93802301920122B8
:10A9100014934FF4004306923C93F9F767FB58B148
:10A920004348F1F769FE08220A93802306950192B5
:10A9300014934FF40043D8E714A8FAF78DF90546AD
:10A9400008B13C48EDE73C4B4FF4803134203B4CA0
:10A95000D3F8F4204FF6FF7642F40062C3F8F420F7
:10A96000D3F8F42002F400620092009AD3F89C20FD
:10A9700042F40062C3F89C20D3F89C2022F40062C9
:10A98000C3F89C20D3F8A82042F40062C3F8A820A2
:10A990000122F4F75BFF2A464FF480313420F4F7AC
:10A9A0007EFF214B4FF440722046DA60A3F50E3350
:10A9B00084F8365023604FF48023E5612563C4E9B1
:10A9C0000155C4E90355C4E90855C4E90A55C4E969
:10A9D0000563F8F765FA054608B11948A1E7194B70
:10A9E000194A9B68C3F87022BFF34F8F2368314622
:10A9F00020469A6842F001029A609A6842F0080282
:10AA00009A60F8F7B3FA236808225A605D611A6801
:10AA10001207FCD508225A6001220C4B1A704AE733
:10AA200048710024400E0024006402580003008096
:10AA300048AF060861AF060800440258F01301242D
:10AA400082AF060800ED00E061AB05084E710024FE
:10AA500008B5FFF7F3FE0023034A1360034A13709F
:10AA6000BDE80840FFF720BF48710024400E0024D5
:10AA700008B5F1F757FC064B01221B685A604FF4EA
:10AA80008052044BC3F89021BDE80840F1F760BC48
:10AA9000F013012400E100E070B50446F1F742FC38
:10AAA000FFF7AAFE264B05461C60264A4FF480514C
:10AAB0001161254E18463178F1B9611F4FF6F572D4
:10AAC000914222490FD94FF6FA7295420BD90634BA
:10AAD0000122A4B20A701C601D4B01221A70BDE84D
:10AAE0007040F1F735BC00220A700368AB42194B85
:10AAF00028BF01221A70EFE7FFF7BAFF00235A19A7
:10AB0000013392B2A24204BF0534A4B2052BF6D1A0
:10AB1000114BAC421B6811D24FF6FA7295420DD818
:10AB20004FF0FF325A6100230C4C33702378002B16
:10AB3000D5D1F1F7D5FE01232370D0E75C61F2E7B0
:10AB40005071002400E100E04E7100245571002492
:10AB5000547100244C710024F01301245671002418
:10AB600070B5F1F7DFFB2C4B2C4C1A7832B1002278
:10AB70001A70012223685A60F0F798F923681A685E
:10AB8000D50706D59A68D00703D501225A60F0F799
:10AB90008DF923681A68110724D59A68120721D500
:10ABA00008221F4C5A6001221E4B1A7023781BB1D9
:10ABB000F1F7ACFE002323701B4C237893B11B4D9F
:10ABC0001B492B7803F0FF06B3B1FFF715FE0630E3
:10ABD0000B6880B2984209D3FFF716FE00232B7052
:10ABE00000232370BDE87040F1F7B2BB0868063857
:10ABF00080B2FFF751FFF1E70E4D2B7843B1FFF71D
:10AC0000FBFD0B68984203D3FFF7FEFD2E70E7E7CC
:10AC10000868FFF741FFE3E74D710024F0130124BA
:10AC2000567100244E710024547100245571002483
:10AC3000507100244C710024FFF700BE70470000E3
:10AC4000384B5A6973B5910315D45A6912F400321E
:10AC500011D1BFF34F8FBFF36F8FC3F85022BFF3F3
:10AC60004F8FBFF36F8F5A6942F400325A61BFF3BE
:10AC70004F8FBFF36F8F2B4B5A69D20327D45A697A
:10AC800012F4803223D1C3F88420BFF34F8FD3F85E
:10AC9000802043F6E074C2F3C900C2F34E32520181
:10ACA00002EA0406014646EA81750139C3F860529A
:10ACB000F9D2203A12F1200FF2D1BFF34F8F5A6927
:10ACC00042F480325A61BFF34F8FBFF36F8F164C3F
:10ACD000D4F8E03043F00073C4F8E030D4F8E0304A
:10ACE00003F000730193019BFDF724F8F4F744FD92
:10ACF000236F9B0707D4F8F79DFEF4F77DFD236FC4
:10AD000023F0180323671620F8F7AAFEFDF704FACC
:10AD1000FDF710F8FFF792FF044B01221A6002B012
:10AD200070BD00BF00ED00E00044025858710024DF
:10AD300052B101F00301064B0329596805D0000503
:10AD400003D521EA02025A6070470A43FBE700BFBD
:10AD50000004005830B5114B114DD5F894409C4279
:10AD6000FBD14943012A01EB41034FEA41046FEA59
:10AD7000030304D0022A0BD0C1680B400BE0C26869
:10AD800013401943C160064B4FF440725A6130BD05
:10AD9000C1680B402343C360F5E700BF0003008098
:10ADA000006402582DE9F843461C05460C4600F0A5
:10ADB00090801FFA80F9514A40F40061B2F90030E6
:10ADC000581C29D100264E4B09F00F02C5F3031081
:10ADD00053F82270FEF736FB4A494B4BD1F89420CA
:10ADE0009A42FBD1C4F3831107FB07F20F2902EB50
:10ADF00042036FEA030C24D181680B434FF4407E79
:10AE000004F0070183603F4BC3F814E003296FD8B7
:10AE1000DFE801F03A3A1C3A43F400638B420ED16A
:10AE200004F003035668032BCDD119F4006FCAD088
:10AE3000324621462846BDE8F843FFF779BF08327D
:10AE4000BCE7836851430CEA0303D6E7DFF8B8E0B8
:10AE5000D3F89480F045FBD119F0080FC4F3832890
:10AE600039D03B0AD0F824E05B435B43C3EB0319C2
:10AE700003FB08F32EEA090E4EEA03034362214B5B
:10AE80004FF4407EC3F814E0DFF878801E4BD8F80A
:10AE900094E09E45FBD103684A4301390CEA030C58
:10AEA00001294CEA0202026005D8436822074CBF20
:10AEB0003B43BB434360C4F301123946FFF74AFFEB
:10AEC000324621462846FFF733FF0E4B4FF44072BF
:10AED0005A61BDE8F88302FB02F9036AC9EB091E57
:10AEE00023EA0E0E09FB08F34EEA03030362C6E7EA
:10AEF000D52206490648F1F71DF900BFD0AF060874
:10AF0000F8AF06080064025800030080C5AF0608C9
:10AF1000A5AE060838B5431C0C4629D000F00F0238
:10AF20001D4BC0F3031053F82250FEF78BFA1B4958
:10AF30001B4BD1F894209A42FBD105FB05F2016826
:10AF400002EB42030B40B3FBF2F3013B012B19D898
:10AF5000E31E022B43680CD82B43032C436019D10A
:10AF600001222946FFF7F6FE0C4B4FF440725A615E
:10AF700038BD23EA0503012C4360F1D0022C07D031
:10AF80000022EEE704F0FD03012BE9D0052CF5D1FA
:10AF90000222E6E7052CF2E7F8AF06080064025843
:10AFA0000003008038B50C4B05460C461B695B045A
:10AFB0000FD4F9F775FC094B0722B0FBF3F3634399
:10AFC000AA604FF6DF729B089A4294BFEA60EB607A
:10AFD00038BDF9F79FFAEEE70044025840420F00EF
:10AFE0004B7D2BB1082807D8044B33F8100070476D
:10AFF0000C2801D8024BF8E7002070478EB00608F5
:10B00000A0B0060840F2C331B0F90400FFF7CABE91
:10B01000F0B54A4BB6EE005B076889B0064606EE0F
:10B02000901A9F42D0ED037A28D1F5EEC06AB7EEB0
:10B03000007AF1EE10FA1ED9F4EE476A9FED407ADD
:10B04000F1EE10FA67FE266AB8EE677A3D493E4B8C
:10B050000222097827EE267A3C48B7EEC77A37EE07
:10B06000057BFCEEC77BC6ED047AC3ED007AF6F7EC
:10B0700031FE09B0F0BDF0EE476AE5E7F5EEC06AD3
:10B08000334B1F60F1EE10FA36D4B7EE007AF4EECF
:10B09000476AF1EE10FA77FE266AB8EE677A602307
:10B0A000327D019327EE267AB368B7EEC77A37EE82
:10B0B000057BFCEEC77B17EE904AC6ED047AB4FB25
:10B0C000F3F400230294039304930793CDE905332B
:10B0D000531E032BCDD86FF00305314605EB8205D7
:10B0E0002846FFF77DFF3B6A30EA030307D17DB1B5
:10B0F000042D0FD1BC63BCE7DFED116ACDE72A4612
:10B1000001A91348FBF724F970B11248F1F774FA5A
:10B110007C63AEE7082D01D1FC63AAE70C2D01D1B9
:10B120003C64A6E7FC65A4E7737D2946084813B193
:10B13000FBF794FA9DE7FBF723FA9AE700740140C6
:10B140000000000084720024907200245C710024CE
:10B150003872002438B00608C36823B3D0ED047AEF
:10B16000F8EE676A07EE903AB8EE677AC6EE877A2D
:10B170000268114B9A42B7EE007A09D1F5EEC07A17
:10B18000F1EE10FA12D9F4EEC77AF1EE10FA10DAF5
:10B19000F4EE477AB7EE007AF1EE10FA77FE277AEE
:10B1A00017EE900A7047DFED057AE1E7F0EE477A97
:10B1B000F6E7DFED027AF3E70074014000000000DB
:10B1C0002DE9F047544B0E4601688AB00446994277
:10B1D0001BD1FFF7C1FF314605462046FFF7E2FECF
:10B1E0004E4A08234E48D360E3681360A368936017
:10B1F000002353604B4B1978F6F726FC294620466E
:10B20000FFF706FF0AB0BDE8F0870023464D019323
:10B210002960FFF7A1FF41F211130A6A82461A4220
:10B2200008D10A6A40F244431A4203D10B6823F062
:10B2300001030B6002A801A9F9F7F4FB20680022C2
:10B240003A4BD1B2013253F831708742F9D110B97B
:10B250003748F1F7D1F903EBC1031B79002B39D142
:10B26000F9F740FBDDF81CE0019001230199A36090
:10B2700001FA03F02F4BB0FBF3F0B1FBF3F1BEF199
:10B28000000F2DD14A1E06F1FF3C4FF000094FF68A
:10B29000FE786A606346C5F80CC0B3F5803F21D2E2
:10B2A000B2F5803F1ED2B9F1000F01D06A60EB60A9
:10B2B00000231D482B61AB60FAF7D4FF20BB514639
:10B2C0002046E660FFF7A4FE2A68136843F00103F6
:10B2D000136097E7F9F718FBDDF820E00190C4E769
:10B2E000421ED0E7A3685B00A360BEF1000F0DD142
:10B2F00001FB03F2013ABCFBF3F3434509D8B2F575
:10B30000803F06D36A60EB600B48A2E700FB03F2C4
:10B31000F0E74FF00109C0E7007401409C7200247F
:10B320005C7100248472002438720024E8A90608A5
:10B330004FB0060840420F0038B006082DE9F04330
:10B340000E46B1B00546C6493046EFF717FE421C1F
:10B35000074611D1C3493046EFF7FAFDC14904460B
:10B360003046EFF70BFE07467B1C2C600AD16E229D
:10B37000BD49BE48F0F7DEFEB9493046EFF7E8FDBB
:10B380000446F1E7BA4BC7F38431C7F3C0429C428D
:10B3900029756A7540F01681B64B16F0F00FD3F898
:10B3A000F00040F00050C3F8F000D3F8F00000F0D7
:10B3B000005000900098C6F3031040F09E80D3F830
:10B3C000E00040F00100C3F8E000D3F8E03003F003
:10B3D00001030193019B4FF00209DFF8B8820123BA
:10B3E000304619FB012288F800101131002402F0C8
:10B3F0000F0203FA01F103FA02F2C8F80810394605
:10B40000C8F80420FFF7CEFC30460021FFF782FD8C
:10B4100044F250612846984EFFF7C4FDD5ED037AFB
:10B42000B6EE006B924BB8EE677A3046B4601027E8
:10B43000B7EEC77AC6E9003437EE067BBCEEC77BB1
:10B4400085ED047AF6F7A8FA8C4A082398F80010DC
:10B450003046D3604FF6DF7313600723C2E9014320
:10B46000F6F7F2FA4FF000631BAA98F80010304686
:10B470001C9426942F941B94CDE924344FF0005350
:10B48000CDE920442793CDE92244CDE92844CDE9F4
:10B490002A44CDE92D44F6F708FB794B4A4698F843
:10B4A000001030461C60C3E90144F6F713FC042386
:10B4B00098F800103046D8F80420CDF84C901A9433
:10B4C000CDE9147313ABCDE91644CDE91844F6F772
:10B4D000A1FCD8F804103046F6F7B7FC50B9D8F8FC
:10B4E00008103046F6F7C7FC20B944F250612846F0
:10B4F000FFF766FE31B0BDE8F08301280CD1D3F828
:10B50000E00040F00200C3F8E000D3F8E03003F0C0
:10B5100002030293029B5EE702280CD1D3F8E000FD
:10B5200040F00400C3F8E000D3F8E03003F0040377
:10B530000393039B4FE703280CD1D3F8E00040F0BE
:10B540000800C3F8E000D3F8E03003F008030493E8
:10B55000049B40E704280CD1D3F8E00040F0100031
:10B56000C3F8E000D3F8E03003F010030593059B27
:10B5700031E705280CD1D3F8E00040F02000C3F8F3
:10B58000E000D3F8E03003F020030693069B22E7A7
:10B590000628D3F8E0000AD140F04000C3F8E000EC
:10B5A000D3F8E03003F040030793079B13E740F024
:10B5B0008000C3F8E000D3F8E03003F08003089384
:10B5C000089B08E72F4B9C4266D12A4BD3F8F0200A
:10B5D00042F00102C3F8F020D3F8F03003F0010389
:10B5E0000993099B284B9C4266D1224BD3F8E82053
:10B5F00042F00402C3F8E820D3F8E83003F0040373
:10B600000C930C9B214B9C4266D11A4BD3F8E8203B
:10B6100042F04002C3F8E820D3F8E83003F04003DA
:10B620000F930F9B1A4B9C4266D1124BD3F8F0201C
:10B6300042F48032C3F8F020D3F8F03003F48033C2
:10B640001293129B39463046FFF7ACFB002344F6B9
:10B650002061AE80C5E903330123AB6047E700BF3B
:10B66000E4990608EC9D060881B0060874A806084F
:10B6700000740140004402585C7100249C72002454
:10B6800090720024000001400008004000180040B3
:10B690000040014084720024B4F1804F3DD1414B01
:10B6A000D3F8E82042F00102C3F8E820D3F8E830EC
:10B6B00003F001030A930A9B3B4B9C423ED1394B5A
:10B6C000D3F8E82042F00802C3F8E820D3F8E830C5
:10B6D00003F008030D930D9B344B9C423FD1314B3B
:10B6E000D3F8E82042F08002C3F8E820D3F8E8302D
:10B6F00003F080031093109B2D4B9C4240D1294BAB
:10B70000D3F8F02042F40032C3F8F020D3F8F03040
:10B7100003F400331393139B94E7264B9C427FF46E
:10B7200061AF204BD3F8E82042F00202C3F8E820D2
:10B73000D3F8E83003F002030B930B9B1E4B9C42A3
:10B740007FF460AF174BD3F8F02042F00202C3F849
:10B75000F020D3F8F03003F002030E930E9B174B4A
:10B760009C427FF45FAF0F4BD3F8E82042F4807225
:10B77000C3F8E820D3F8E83003F480731193119BE9
:10B780000F4B9C427FF45EAF064BD3F8F02042F49F
:10B790008022C3F8F020D3F8F03003F480231B9309
:10B7A0001B9B4FE700440258000C0040001C004067
:10B7B000004401400004004000040140002000401B
:10B7C00000480140F8B5037890F801C0012B057FCF
:10B7D0000279077B866844792ED0022B2FD0002B6C
:10B7E00030D14FF480738B610023C1F800C04D61EC
:10B7F0004B63C1E90B333FB3CB61CB60037C012BBF
:10B8000045D0022B48D0002B4BD14FF480430B6224
:10B810000123027E002A47D000230B620B61437F85
:10B82000012B6AD0022B6BD0002B6CD14FF08073B0
:10B8300000204B628862F8BD4FF40073D3E74FF4E9
:10B840004073D0E70023CEE7012A4E600BD0022AD6
:10B850000CD072B94FF48063CB61032C09D8DFE8B8
:10B8600004F00B0D10134FF40063F5E74FF4406341
:10B87000F2E72748F0F7C0FE0023BEE74FF48053FD
:10B88000BBE74FF40053B8E74FF44053B5E74FF42C
:10B8900000430B620223BCE74FF440430B620423D6
:10B8A000B7E700230B62B4E77BB3427CB2FBF3F44F
:10B8B00003FB142414F0FF0F27D1561EF610741C3E
:10B8C000042C22DCC2EBC40212F0FF0210D0B2FB47
:10B8D000F3F39D4219D3EB1A4B61436903FA02F269
:10B8E0008A60032E07D82404A4F580340C6196E7FF
:10B8F00043698B60F5E70748BCE74FF0007397E7B3
:10B900004FF0407394E7002392E74FF0FF3092E747
:10B91000BAB00608E3B0060810B50446F8F759FABD
:10B9200000283DD12049214BD1F88C209A42FBD1EF
:10B930001F4BB4F95000DA6F42F48042DA67DA6FD5
:10B9400022F48042DA674FF44072CA6040F2C33199
:10B95000D3F8D42022F48042C3F8D420FFF722FA8F
:10B9600040F2C331B4F95200FFF71CFA40F2C33180
:10B97000B4F95400FFF716FA40F2C331B4F9560097
:10B98000FFF710FA40F2C331B4F95800FFF70AFA92
:10B99000B4F95A0040F2C331FFF704FA002010BD99
:10B9A0004FF0FF30FBE700BF006402580003008047
:10B9B0000044025870B50D460646F8F771FFB0FB1B
:10B9C000F5F4FF2C10DCF8F76BFFB0FBF5F101FB91
:10B9D000150505B9013C30467460F8F7ABF900383D
:10B9E00018BF0120404270BDFF24F4E72DE9F04F5D
:10B9F0002DED068B87B01D460F461646199B044653
:10BA00007D4938460AEE903A9DF86830BDF958A055
:10BA10000293BDF95CB0BDF96080EFF799FA774900
:10BA200003903046EFF794FA754901902846EFF7F6
:10BA30008FFA744908EE100A5046EFF789FA7249F6
:10BA400008EE900A5846EFF783FA704909EE100A9B
:10BA50004046EFF77DFA019A039B8146114618464E
:10BA6000EFF752FA18EE901A019018EE100AEFF75D
:10BA70004BFA4946039019EE100AEFF745FA019B7D
:10BA80001A46039B9A4240F0B080824240F0AD805B
:10BA900059493846EFF772FA584903903046EFF7A4
:10BAA0006DFA574908EE100A2846EFF767FA55492C
:10BAB00008EE900A5046EFF761FA534909EE100A72
:10BAC0005846EFF75BFA514909EE900A4046EFF706
:10BAD00055FA4F4A0AEE100A039BD2F8D4104D488B
:10BAE00041F48041C2F8D410D2F8D41001F480415E
:10BAF000059105994849D0F88CC08C45FBD1D16F90
:10BB00004FF0000941F48041D167D16F21F48041A9
:10BB1000D1674FF440720121C26000223846A4F878
:10BB2000507084F84120E26084F840204FF00042D9
:10BB300092FAA2F2B2FA82F2013A22614FF48062E2
:10BB40006261029AB2EB090218BF0122A261019A56
:10BB5000C4E9011122601946C4E90799FFF722F9E7
:10BB600049463846FFF7D6F918EE101A3046A4F8C1
:10BB70005260FFF717F949463046FFF7CBF918EE48
:10BB8000901A2846A4F85450FFF70CF94946284665
:10BB9000FFF7C0F919EE101A5046A4F856A0FFF7A7
:10BBA00001F949465046FFF7B5F919EE901A584683
:10BBB000A4F858B0FFF7F6F849465846FFF7AAF937
:10BBC0001AEE101A4046A4F85A80FFF7EBF84946DF
:10BBD0004046FFF79FF91AEE901A204607B0BDECD9
:10BBE000068BBDE8F04FFFF7E5BE6FF0010007B030
:10BBF000BDEC068BBDE8F08F709E0608A09E06087F
:10BC0000D09E0608F49E0608249F0608489F060852
:10BC100000440258006402580003008070B58EB0E2
:10BC200004460846154669461E46FFF7CBFD90B907
:10BC3000336841F28832694620460A93F8F7DAF809
:10BC400058B941F2883229462046F8F716F90038EB
:10BC500018BF012040420EB070BD4FF0FF30FAE730
:10BC600070B58EB004460846154669461E46FFF775
:10BC7000A9FD90B9336841F28832694620460A939B
:10BC8000F8F7B8F858B941F2883229462046F8F753
:10BC90004DF9003818BF012040420EB070BD4FF082
:10BCA000FF30FAE72DE9F0418EB005460E46DDE99A
:10BCB000147802B1E3B917B1B8F1000F16D1694693
:10BCC0003046FFF77FFD044660B9012341F2883218
:10BCD0006946CDE909032846F8F78CF8002818BF13
:10BCE0004FF0FF3420460EB0BDE8F08172B16BB169
:10BCF000009331466B462846FFF790FF0446002824
:10BD0000F0D1002FEED0B8F1000FEBD06B463A46E1
:10BD100031462846CDF80080FFF7A2FF0446E1E750
:10BD2000C069C0F3801070470FB4074B1B6807B59C
:10BD3000064905AAD868019208F0AAFB03B05DF88D
:10BD400004EB04B0704700BF4C0E0024FAB00608A4
:10BD500010B580490446804BD1F88C209A42FBD123
:10BD600023687E4A934257D17D4AD2F8981041F019
:10BD70001001C2F89810D2F8981021F01001C2F802
:10BD80009810D2F8F01021F01001C2F8F010754AA6
:10BD9000934240F08980724BD3F8982042F0200201
:10BDA000C3F89820D3F8982022F02002C3F89820F6
:10BDB000D3F8F02022F02002C3F8F020654B4FF4B6
:10BDC000407240F2C331B4F91800DA60FEF7EAFFBE
:10BDD00040F2C331B4F91A00FEF7E4FFE36923F43B
:10BDE0000073B3F5807F05D140F2C331B4F9200070
:10BDF000FEF7D8FFE36923F48073B3F5007F05D124
:10BE000040F2C331B4F92200FEF7CCFF6268002192
:10BE1000554B43F8221010BD544A93421DD002F5F1
:10BE2000806293422DD0524A934252D0514A93425B
:10BE3000ADD14B4BD3F8902042F48012C3F8902040
:10BE4000D3F8902022F48012C3F89020D3F8E82091
:10BE500022F48012C3F8E820B0E7414AD2F89010EB
:10BE600041F40031C2F89010D2F8901021F4003162
:10BE7000C2F89010D2F8E81021F40031C2F8E810AE
:10BE800085E7374AD2F8901041F48021C2F890102B
:10BE9000D2F8901021F48021C2F89010D2F8E81066
:10BEA00021F48021C2F8E810334A934224D12C4B6C
:10BEB000D3F8902042F08042C3F89020D3F890202D
:10BEC00022F08042C3F89020D3F8E82022F080428C
:10BED000C0E7234AD2F8901041F40021C2F8901034
:10BEE000D2F8901021F40021C2F89010D2F8E81096
:10BEF00021F40021C2F8E810204A934217D0204ACA
:10BF000093427FF45BAF164BD3F89C2042F00802BB
:10BF1000C3F89C20D3F89C2022F00802C3F89C2090
:10BF2000D3F8F42022F00802C3F8F42046E70C4BC3
:10BF3000D3F8902042F00042C3F89020D3F890202C
:10BF400022F00042C3F89020D3F8E82022F000420B
:10BF500080E700BF00640258000300800010014029
:10BF60000044025800140140A46000240044004032
:10BF7000004C00400050004000780040007C004031
:10BF8000000C0058426890235343054AD358DA699D
:10BF9000120701D508221A62D869C0F34010704711
:10BFA000C00D0124426890235343034AD358D869F3
:10BFB000C0F3C010704700BFC00D012438B54268FF
:10BFC000902301685343204A99509C18826862600C
:10BFD000B2F5965FC36838BF0725A3600369E360C5
:10BFE00043692361C369A3614FF0000328BF1D4665
:10BFF000A4F85630E361A4F85430A4F85E30A4F8F5
:10C000005C3023626366C4E90953B0F91A30013326
:10C010000FD1082363610D4B994205D1B2F5165F2C
:10C0200020460DD8FAF7F0FD2046BDE83840FAF773
:10C03000BBBDB0F9183001330CBF04230C23E9E772
:10C04000FAF7F2FDF0E700BFC00D0124000C005824
:10C050000268334B9A4270B50446C4B00D46816005
:10C0600054D1BC22002115A8042604F011FEB5F518
:10C07000165F14960BDD012314A83993F8F7ECFD35
:10C080002046FFF79BFF002832D144B070BD254BFE
:10C09000196F11F0020113D1482202A804F0F8FD33
:10C0A0000123019603930A931F4E204BD6F88C2050
:10C0B0009A42FBD101A8F7F799FF4FF44073F36060
:10C0C000184B1B6F9B07D6D5174E184BD6F88C20F4
:10C0D0009A42FBD1052314A83993F8F7BDFD4FF41C
:10C0E00040732046F360FFF769FF0028C3D1CCE717
:10C0F00000230D4E39930D4BD6F88C209A42FBD17C
:10C1000014A8F8F7A9FD4FF44073F3602046FFF739
:10C1100055FF0028B9D029460548FFF705FEB4E7CA
:10C12000000C0058004402580064025800030080CC
:10C13000FAB00608012A10B50ED0022A24D0002435
:10C140000929446126D010DC072910D008290CD118
:10C150007AB14FF480520CE04FF4C062082942617A
:10C16000F7D0092918D0072902D00D4815E072B17F
:10C170000022022BC2600CBF4FF400530023BDE825
:10C1800010400361FFF71ABF4FF48062E6E74FF0FB
:10C190008052EEE7002ADCD00248F0F72DFA00BF0B
:10C1A00053B1060824B106081A4B984222D0A3F5D1
:10C1B0004C43984220D003F5806398421ED003F58B
:10C1C000806398421CD003F5806398421AD003F52F
:10C1D0004443984218D0A3F51C43984216D003F567
:10C1E0008063984214D00C4B984214BF4FF0FF303C
:10C1F00008207047002070470120704702207047D8
:10C2000003207047042070470520704706207047C0
:10C210000720704700100140000C00582DE9F0473E
:10C220000F4616468AB0824904463846EEF790FE1D
:10C23000824680493046EEF78BFE01465046EEF7C7
:10C2400063FE7B4905463846EEF798FE79498146FC
:10C250003046EEF793FE092F80460AD00A2E08D00A
:10C2600073490920EEF774FE50450CD17248F0F77F
:10C27000C3F94FF0010A691C256007D13E226F49BE
:10C280006F48EFF757FF4FF0000AF4E76D4B9D4200
:10C2900036D16D4BD3F8F02042F01002C3F8F020F5
:10C2A000D3F8F03003F010030193019B674B9D42DC
:10C2B00036D1654BD3F8E82042F40022C3F8E820D9
:10C2C000D3F8E83003F400230493049B604B9D42B1
:10C2D00036D15D4BD3F8E82042F08042C3F8E82025
:10C2E000D3F8E83003F080430793079B2846FFF715
:10C2F0005BFF0028606066DA9D2250495548C0E720
:10C30000554B9D422DD1504BD3F8E82042F40032DA
:10C31000C3F8E820D3F8E83003F400330293029B1B
:10C320004E4B9D422DD1484BD3F8E82042F4801269
:10C33000C3F8E820D3F8E83003F480130593059B95
:10C34000474B9D422DD1404BD3F8E82042F00042AC
:10C35000C3F8E820D3F8E83003F000430893089BC3
:10C36000C4E7404B9D42A1D1374BD3F8E82042F4BB
:10C370008022C3F8E820D3F8E83003F48023039345
:10C38000039B394B9D42A1D12F4BD3F8F02042F0B3
:10C390002002C3F8F020D3F8F03003F02003069316
:10C3A000069B324B9D42A1D103F50E33D3F8F42006
:10C3B00042F00802C3F8F420D3F8F43003F0080385
:10C3C0000993099B92E749463846FEF7EBFC0121A9
:10C3D0003846FEF79FFD41463046FEF7E3FC304607
:10C3E0000121FEF797FD00234FF4E1322046E3617F
:10C3F00027836683C4E90223C4E90433FFF7DEFD23
:10C40000BAF1000F10D01A4B012204F120051A6076
:10C41000184B2068083454F8041C1A46AC4203C276
:10C420001346F6D1206810600AB0BDE8F08700BF5F
:10C43000C0A5060864A4060881B10608D3B10608A1
:10C44000E0B106080010014000440258004C0040D2
:10C4500000780040FCB10608004400400050004055
:10C46000007C00400048004000140140000C0058CF
:10C47000AC720024281401242A4808B5036813F07C
:10C48000010304D0FFF74CFCB0FA80F35B092648A7
:10C490000268D10704D5FFF743FC002808BF012339
:10C4A00022480268D20704D5FFF73AFC002808BFEB
:10C4B00001231F480268D10704D5FFF731FC00288B
:10C4C00008BF01231B480268D20704D5FFF728FCE8
:10C4D000002808BF012318480268D10704D5FFF7D8
:10C4E0001FFC002808BF012314480268D20704D5A6
:10C4F000FFF716FC002808BF012311480268D10786
:10C5000004D5FFF70DFC002808BF01230D48026881
:10C51000D20704D5FFF704FC002808BF0123184602
:10C5200008BD00BF0010014000440040004800402A
:10C53000004C0040005000400014014000780040D2
:10C54000007C0040000C005808B5EFF7EBFE064BEE
:10C550000121186810F0010018BF0846F7F772FAB9
:10C56000BDE80840EFF7F4BE0048025870B594B03B
:10C57000FFF782FF0446002875D1EFF7D3FE3B4D4D
:10C5800000F076FD012102222E680846F7F7A4FA92
:10C59000012122460846F7F79FFAF60703D52B68D4
:10C5A00043F001032B600023314D32492B60324BA5
:10C5B000D1F890209A42FBD12C4B1A6994063CD5B5
:10C5C0005B69980639D52B4E2B4BD6F88C209A42B6
:10C5D000FBD14C22002101A804F05AFB01A8F8F776
:10C5E000A5F90223012101A801931023CDE9041329
:10C5F00000230A93F7F7FAFC044610B11F48EFF73F
:10C60000FBFF01462022009001A804F041FB69468F
:10C6100001A8F8F707FA1B23009901A801930794D2
:10C62000029404940694F8F715F808B11448E6E764
:10C63000FBF772FD4FF44073F3600C4A136943F447
:10C64000007313614FF440720A4B1A610D4B596A23
:10C650005A6A521AB2F5FA7FFAD300F021FD01238B
:10C660002B60EFF775FE14B070BD00BF0048025894
:10C670005871002400640258000300800EB20608BE
:10C6800033B20608000C0040F8B5C468069F033CAE
:10C690001C2C03D8544D2D57002D05DA40F23E4294
:10C6A00052495348EFF746FDD0F88C404FF0010C4B
:10C6B00026680CFA05FC26F001062660002A32D016
:10C6C000266846F400662660E66846F4C026E66002
:10C6D00042FA05F6D4F804E04FEA1E4E4FEA0E4E39
:10C6E00046EA0E066660266846F001062660266861
:10C6F00046F40076266000269642D0F88C4043DB54
:10C700006169C904FCD5216821F001012160A1699A
:10C7100041F00801A161A16941F01001A1616168C6
:10C72000090C090461606FB3D0F88C1047FA05F664
:10C730000C6824F400640C60CC6844F4C024CC6021
:10C740004C68240C240434434C600C6844F001040D
:10C750000C600C6844F400740C600024BC42D0F8F7
:10C760008C102CDB0B6823F001030B608B6943F00A
:10C7700008038B618B6943F010038B614B681B0CC2
:10C780001B044B60D019F8BDD4F814E01EF0020F62
:10C79000FAD0012D01EB060E05D131F806E0A4F820
:10C7A00020E06644A8E7022D04D1DEF800E0C4F8DA
:10C7B00020E0F6E711F806E084F820E0F1E74E69A2
:10C7C000F607FCD5012D03EB040603D1096B1953C1
:10C7D0006444C3E7022D02D1096B3160F8E791F898
:10C7E00030101955F4E700BF77B3060878B2060891
:10C7F00086B206080FB407B505AB06480193064B91
:10C800001B68D96803F08AF803B05DF804EB04B044
:10C81000704700BF94B206084C0E002402681368EB
:10C8200023F0010310B513600446F9F743FA10B181
:10C830000948EFF7E1FE2046F9F730FBD4F88C20E9
:10C84000936943F040039361A36823B92268136896
:10C8500043F00103136010BDCDB206082DE9F0418D
:10C860000F46144611498046EEF772FB1049054603
:10C870003846EEF76DFB0F4906462046EEF768FB9B
:10C880000137044605D101462846BDE8F041EEF7E0
:10C890003BBBB8F1FF3F02D101463046F5E73146D8
:10C8A0002846EEF731FB2146EFE700BF44A006081B
:10C8B000789F060834A106082DE9F04F0F4615466B
:10C8C0001E4604462D4938462DED028BB9B0BDF900
:10C8D0001081EEF73DFB2A4981462846EEF738FBEA
:10C8E000284901903046EEF733FB274982464046FF
:10C8F000EEF72EFB019B834648461946EEF704FBF4
:10C90000814659465046EEF7FFFA01464846EEF793
:10C91000FBFA1A4981463846EEF730FB1849834640
:10C920002846EEF72BFB174982463046EEF726FBEA
:10C93000154908EE900A4046EEF720FBB9F1FF3F9B
:10C9400008EE100AC4F88C9004D1C6220F49104892
:10C95000EFF7F0FBC022002108A804F099F90D4A76
:10C96000914537D14FF4805308A8089300232093B2
:10C97000F8F772F990B10848EFF73EFE44A00608B8
:10C98000789F060834A1060818A2060878B206089F
:10C99000E3B2060800300140FEB20608B04BD3F8FF
:10C9A000982042F48052C3F89820D3F8982022F4BB
:10C9B0008052C3F89820D3F8F02042F48052C3F894
:10C9C000F020D3F8F03003F480530293029B23232A
:10C9D000A4F88830D4F88C20A24B9A4225D14FF489
:10C9E000805308A8089300232093F8F735F900280E
:10C9F000C1D19B4BD3F8902042F48042C3F89020E1
:10CA0000D3F8902022F48042C3F89020D3F8E82095
:10CA100042F48042C3F8E820D3F8E83003F48043BE
:10CA20000393039B2423A4F88830D4F88C208E4BE6
:10CA30009A4225D14FF4805308A8089300232093ED
:10CA4000F8F70AF9002896D1854BD3F8902042F4E4
:10CA50000042C3F89020D3F8902022F40042C3F89B
:10CA60009020D3F8E82042F40042C3F8E820D3F83D
:10CA7000E83003F400430493049B3323A4F8883084
:10CA8000D4F88C20794B9A4226D14FF4005308A851
:10CA9000089300232193F8F7DFF800287FF46BAFA9
:10CAA0006F4BD3F8982042F40052C3F89820D3F883
:10CAB000982022F40052C3F89820D3F8F02042F4D2
:10CAC0000052C3F8F020D3F8F03003F4005305937C
:10CAD000059B5423A4F88830D4F88C20644B9A42E8
:10CAE00026D14FF4005308A8089300232193F8F7A8
:10CAF000B3F800287FF43FAF594BD3F8982042F4A5
:10CB00008012C3F89820D3F8982022F48012C3F83A
:10CB10009820D3F8F02042F48012C3F8F020D3F824
:10CB2000F03003F480130693069B5523A4F8883055
:10CB3000D4F88C204F4B9A4226D14FF4804308A85A
:10CB4000089300233493F8F787F800287FF413AF95
:10CB5000434BD3F89C2042F02002C3F89C20D3F82A
:10CB60009C2022F02002C3F89C20D3F8F42042F04D
:10CB70002002C3F8F420D3F8F43003F02003079325
:10CB8000079B5623A4F8883059463846FEF70AF921
:10CB900002213846FEF7BEF951462846FEF702F953
:10CBA00000212846FEF7B6F918EE901A3046FEF737
:10CBB000F9F800213046FEF7ADF9B8F1FF3FA4F8CF
:10CBC0009050A4F89270A4F89460A4F8968042D093
:10CBD00018EE101A4046FEF7E5F800214046FEF731
:10CBE00099F94FF00053A3614FF08043636301351F
:10CBF000D4F88C304FF0020108BF4FF4C022B4F9D2
:10CC0000940023604FF4800363604FF0E043E361DE
:10CC10004FF0000318BF1A46A362A363A260072265
:10CC2000A365E260C4E90B234FF00042C4E904337A
:10CC3000C4E908336265C4E90F33C4E91133C4E9B8
:10CC40001333FEF767F92046FFF7E8FD39B0BDEC76
:10CC5000028BBDE8F08F4FF08063A3610023C5E72E
:10CC60000044025800380040003C004000340140BD
:10CC7000005001400014005838B50446081F1C2815
:10CC800094BF01F1FF310721012AE16032D0022A6D
:10CC900035D0002A38D122616261A269B2F1806F79
:10CCA00005D0002B14BF00224FF00052A2619BB1AF
:10CCB000A3680025B3F5C02F656003D11448FFF7C2
:10CCC00099FDA5600021B4F99200FEF723F9022135
:10CCD000B4F99000FEF71EF92369B4F99400002B13
:10CCE0000CBF02210121FEF715F92046BDE83840AE
:10CCF000FFF794BD002222614FF08072CCE74FF025
:10CD0000007222610022C7E74FF00072F3E700BF14
:10CD100094B2060838B504460D46FBF74FFD0022D5
:10CD200000EBD0735B10AB42D1B203DD0132082AB5
:10CD300009D10721064B204653F82130E361BDE8B5
:10CD40003840FFF76BBD03EBD3735B10EBE700BF1D
:10CD500094B306081FB5836802460391B3F5C02F4C
:10CD60000BD10023012203A90093FFF78DFC0138AA
:10CD700018BF012005B05DF804FBC368033B1C2B02
:10CD800003D81949C856002805DA40F2A9421749C4
:10CD90001748EFF7CFF9D2F88C100B6843F4007303
:10CDA0000B604B699B07FCD50128039B0BD19BB201
:10CDB0000B84D2F88C305A69D207FCD501280AD1ED
:10CDC000186B80B2D6E7022801D10B62F1E7DBB223
:10CDD00081F82030EDE7022801D1186BCAE793F8FB
:10CDE0003000C0B2C6E700BF77B3060878B20608C5
:10CDF00086B206082DE9F04F9B46C368164685B0FB
:10CE0000033B804689460E9F1C2B96BF324A4FF04B
:10CE1000FF34D45646FA04F3A340B34205D040F29F
:10CE2000CF422E492E48EFF785F947FA04F3A34085
:10CE3000BB4204D04FF49A6228492A48F3E7BE4225
:10CE40008368B246B8BFBA46002B3AD1002C9DF891
:10CE50003C3006DD43EA0322022C0CBF43EA0223E6
:10CE6000134601220025A240554503DB504605B07C
:10CE7000BDE8F08FB5421CDA012C09EB050112D197
:10CE800039F805104046CDE90232FFF763FFBD4295
:10CE9000DDE9023205DA012C0BEB05010BD12BF891
:10CEA00005001544E0E7022C0CBF096819F80510CD
:10CEB000E8E71946E6E7022C0CBF08600BF805000E
:10CEC000EFE732463E445B460097FFF7DDFB8642C4
:10CED00018BF4FF0000AC9E777B3060878B2060812
:10CEE00019B3060848B30608074B084A13601A69C5
:10CEF000910707D5DA68920704D56FF002021A612C
:10CF0000EEF77EBA704700BF000C004050140124B9
:10CF100000487047B4B3060830B58BB0694602A824
:10CF2000F7F780FDF7F7DEFC274B0090D3F8E820F9
:10CF3000264942F00802C3F8E820D3F8E82002F0BE
:10CF400008020192019A224AD1F88C409442FBD106
:10CF5000D3F890201F4C42F00802C3F89020D3F879
:10CF6000902022F00802C3F890204FF44073CB6069
:10CF7000194B079A23604FF0FF33E360174B0ABB4E
:10CF80000025B0FBF3F001382561A5606060114811
:10CF9000C4E90555F9F736F9114B124A9B68C3F8F5
:10CFA0000821BFF34F8F104B4FF480225A6009487D
:10CFB0002946F9F75DFA2268D36823F00203D360AB
:10CFC0000BB030BD4000DBE700440258006402585B
:10CFD0000003008050140124000C004040420F0068
:10CFE00000ED00E0E9CE050800E100E00448002182
:10CFF0000268D36823F00203D360F9F739BA00BF9F
:10D0000050140124014B586A704700BF000C0040C7
:10D01000054B6FF002021B6858631A61DA6842F030
:10D020000202DA60704700BF50140124064B6FF013
:10D0300002021B681A615A6942F002025A61DA68F8
:10D0400042F00202DA60704750140124034B1A6860
:10D05000D36823F00203D360704700BF501401244B
:10D06000024B6FF002021B681A61704750140124D2
:10D07000064B074A1B68596A11605A6B054B1A60C8
:10D08000054BDA68054B1A60704700BF5014012445
:10D09000A01401244C140124000C00409C14012411
:10D0A000064B074A1B6812685A62064A12685A639E
:10D0B000054B1A68054BDA60704700BF5014012415
:10D0C000A01401244C1401249C140124000C0040E1
:10D0D0005028F8B51CD000F00F040C2C56D8DFE80F
:10D0E00004F0074151071F555555552723071F00C9
:10D0F000144654F8045B45B100F07006102E08BFCA
:10D1000011460D44020648BF2D681D602046F8BD3B
:10D11000033222F0030454F8045B1D602046F8BD7E
:10D12000144654F8085BE6E7144634F9025BE2E77C
:10D1300000252F46144614F801CB0CF07F06BE40A4
:10D140001CF0800F45EA060507F10707F3D11F2FF2
:10D15000D1D81CF0400FCED04FF0FF3606FA07F7BB
:10D160003D43C9E700252F46144614F801CB0CF0C7
:10D170007F06BE401CF0800F45EA060507F1070751
:10D18000F3D1B8E7144634F8025BB4E702F0E4F8F0
:10D1900000F07000202811D00BD9402806D050286C
:10D1A0000AD030280DD1084602F0CCB8084602F06B
:10D1B000B9B808B1102804D100207047084602F021
:10D1C000C5B808B502F0C8F8F8B50C4615460746CC
:10D1D00008B102F0A7F828602678FF2E04F10104B8
:10D1E00029D1686023782B75FF2B04F1010032D020
:10D1F000102300242B75224610F8011B01F07F0339
:10D200009340090644EA030402F10702F4D40444FB
:10D21000EC6003786B7500240130224610F8011B86
:10D2200001F07F0393401C430B0602F10702F5D483
:10D2300004442C61F8BD39463046FFF7A9FF224669
:10D2400001462B1D3046FFF743FF0446601C237840
:10D250002B75FF2BCCD10023EB60DAE72DE9F04FE3
:10D2600000F0030499B00023012C884617460C9364
:10D2700000F096800DD3022C40F05F823946404684
:10D2800002F03CF8002800F09B80092019B0BDE8AE
:10D29000F08F0207F2D40123049318AA002342F866
:10D2A0002C8D1946009238460C2201F0B7FA384608
:10D2B00002F03EF805900028E0D012AB1A4605991E
:10D2C00006933846FFF780FF05469DF85C00FF286F
:10D2D00000F0E5803946FFF75BFF044600230DF1BF
:10D2E000440B1946CDF800B00F223846149401F0D3
:10D2F00073FA119E169B26F001069D4206F1FF3639
:10D3000080F0D4800DF13C0A0DF140099DF85D409C
:10D31000FF2C4FF0000103D02046FFF739FF0146F4
:10D320002A4620465346FFF7D3FE9DF85D40FF2C6A
:10D3300005464FF0000103D02046FFF729FF0146C4
:10D340002A4620464B46FFF7C3FE9DF85D40FF2C62
:10D3500005464FF0000103D02046FFF719FF0146B4
:10D360002A4620465B46FFF7B3FE002405462146C9
:10D3700015F8012B02F07F038B401C43130601F1CB
:10D380000701F5D4129B0F9A1344B3421FD9049B93
:10D39000DB0700F19180049B1C0715D500F00CFB06
:10D3A00010F008041CD018AA44F0020442F82C1D06
:10D3B0003846009219460C22049401F02FFA76E7C1
:10D3C000082019B0BDE8F08F404600F0D7F9109A58
:10D3D0001344B34200F28880169BAB4296D8D6E73E
:10D3E00012AB009306930D22234621463846D8F807
:10D3F000205001F0F1F9129B9D4202D002230493C8
:10D400004BE718AA234642F82C8D21460092384655
:10D410000C2201F003FAD8F830300393002BD3D05C
:10D42000D8F828301A46D8F82C3005930DF13C0A6C
:10D430000DF140091346002B1C46C0F2278103253D
:10D4400018A9002341F8288D1A460091384619463C
:10D4500001F0E4F9002319460122CDF800A0384676
:10D460000F9401F0DBF9002319460F22CDF800904C
:10D47000384601F0B1F9109B039ACDF8009003F003
:10D48000010400231443384619460F22109401F07A
:10D49000C5F9022D05D0072019B0BDE8F08F002492
:10D4A0001CE7404600F00EFB0720EFE6049BD9077F
:10D4B0007FF571AF0DF14009002403940023194654
:10D4C0000D22CDF8009038460C9D01F085F9059AA3
:10D4D000109BC8F82C20039AC8F83020C8E90954DA
:10D4E000C8F820300620D1E6119B002B3FF4C6AED1
:10D4F000139A9A180392002C00F0F080169B013CBE
:10D500002344002A3FF4BAAE002B00F0F880049ABE
:10D5100012F00802099200F0038147214E2288F898
:10D52000001088F801205521432288F8021088F85D
:10D53000032046214F2288F8041088F80520522144
:10D54000002288F8061088F80720CDE90A7A002220
:10D550000792CDF820900024214600E02B461D467E
:10D5600015F8010B00F07F028A40060644EA020427
:10D5700001F10701F2D41F2905D8400603D5012285
:10D580008A405242144300263146A14613F8010F47
:10D5900000F07F028A401643020601F10701F5D42C
:10D5A0001F2905D8470603D501238B405B421E4344
:10D5B000002C4CD04EDC04F1010ACAEB8A72159B98
:10D5C00003EB820753F82210B8F1000F01D0099B3A
:10D5D0002BB151B3002E00F08B80AB19BBE70C9B35
:10D5E000119329B991E057F8041F002900F08D80AC
:10D5F00039445B460022404600F00CFA0028F2D085
:10D60000E8E7E2005242DDE914131A44089BFFF7F1
:10D610005FFD109949B1B8F1000FDBD00CAB0022CF
:10D62000404600F0F7F90028D4D0049BD8074A46BA
:10D63000DDE90A7ADDF820903FF540AF099B002B29
:10D640003FF4F8AE002CBFF6FAAE00F0C3F90123A8
:10D650000793BFE79DF85C00FF283BD000F007036D
:10D66000042B6AD801A252F823F000BF87D6050820
:10D670003BD7050881D6050887D6050803D60508D7
:10D6800062005242BFE7A2005242BCE701331D468E
:10D69000DDE905123846FFF797FD9DF85C00FF288D
:10D6A0001AD03946FFF774FDC5EB85729200159DBF
:10D6B0001490AB58154433B12A46002352F8041F86
:10D6C00001330029FAD10422C8E90C25C8E90A303F
:10D6D0000325B5E6002296E70020E5E7039B002B33
:10D6E0003FF4CCAD049BDA073FF5C8AD0225A7E6B1
:10D6F000DDE90739DDE90A7A002B3FF4BFAD049B71
:10D70000DD073FF5BBAD0024F0E7049B0A9FDDF881
:10D710002090DE075546DDF82CA03FF5CFAEB7E7E9
:10D7200098F80720012A0CBF58F8202C08F158025D
:10D730000C920AE700F0A0F830E601F00DFE00BF01
:10D740000378472B01D00020704743784E2BFAD145
:10D750008378552BF7D1C378432BF4D10379432B2E
:10D76000F1D143792B2BEED183792B2BEBD1C079DF
:10D7700001288CBF00200120704700BF10B530B1D8
:10D78000044600F079F82046FFF7DAFF08B900F008
:10D7900013F954F8140C00F0FBF800BF2DE9F04F1A
:10D7A00085B00246FFF7CCFF50B152E9068510461E
:10D7B000966AD2E90C7400F05FF8404600F006F972
:10D7C000104600F059F800F005F900F055F800F0A7
:10D7D000F3F800F051F800F0D3F8036893F827202D
:10D7E0000DF1100A012A0CBF1A6803F178024FF0FC
:10D7F000000820334AF8082D27F0030B0193C14697
:10D80000B1451BDA276807B1274453460022394641
:10D81000019800F0FFF8E8B93B6814491B690093D0
:10D8200004AA012342F8040D3846009FB847002897
:10D8300018BF804609F101095C44E1E7B8F1000F27
:10D8400010D0042000F0D2FA094B0360094A0749BE
:10D8500000F0F0F900F00AFA00F04EF800F04CF891
:10D8600000F0D2F8284600F093F800BFE4B30608B1
:10D8700068B40608DDDC050838B5044600F084F815
:10D8800022780368472AA4F1200104D08BBB1C46F0
:10D890000160204638BD62784E2AF7D1A278552A19
:10D8A000F4D1E278432AF1D12279432AEED1627988
:10D8B0002B2AEBD1A2792B2AE8D1E279012AE5D8EB
:10D8C00054F80C2C002A11DB0132456844F80C2C6A
:10D8D0008B4205F1FF3545601CBF44F8103C0160E8
:10D8E0002046646A00F070FF204638BDC2F1010294
:10D8F000EBE700F061F800BF08B500F041F8024620
:10D90000006870B390F82030472B06D000231360D6
:10D910002030BDE8084000F059BF90F821304E2B70
:10D92000F4D190F82230552BF0D190F82330432BCE
:10D93000ECD190F82430432BE8D190F825302B2BF4
:10D94000E4D190F826302B2BE0D190F82730012B32
:10D95000DCD84369002B05DB013B002B07D00DDB36
:10D96000436108BD0133FBD101691160F8E7036928
:10D9700013602030BDE8084000F028BF00F01CF81C
:10D9800000487047B072002400487047B07200240D
:10D9900008B5804701F0E0FCFFF76EFF01F0DCFC0A
:10D9A0000D460446FFF7A8FF013501D000F02CF822
:10D9B0002046FFF7F3FE00BF08B5034B1868BFF31E
:10D9C0005B8FFFF7E5FF00BF440E002408B58047DA
:10D9D000FFF7F2FF08B5034B1868BFF35B8FFFF743
:10D9E000F5FF00BF480E0024024B1868BFF35B8FA1
:10D9F000704700BF440E0024024B1868BFF35B8FD2
:10DA0000704700BF480E00241EB400F08DF81EBC05
:10DA100001F09EFAF0B50278472A83B00D461F4602
:10DA20001ED00023254C0193236820469B6898470D
:10DA300080B1019B1B68019302262B682146284672
:10DA40001C6901AA0123A04730B1019B3B6030460D
:10DA500003B0F0BD0126F0E70646304603B0F0BD46
:10DA600043784E2BDDD18378552BDAD1C378432B05
:10DA7000D7D10379462B15D00379432BD1D14379E4
:10DA80002B2BCED183792B2BCBD1C379012BC8D8AB
:10DA900050F8204C02D058300190C5E7204654F889
:10DAA000784CF9E743794F2BE6D18379522BE3D1B8
:10DAB000C379002BE0D10193014CB5E7DCB3060834
:10DAC000D4B3060810B50446FFF75EFF2378472B52
:10DAD000A4F1200204D0836823BB8260012010BD22
:10DAE00063784E2BF7D1A378552BF4D1E378432BF1
:10DAF000F1D12379432BEED163792B2BEBD1A37991
:10DB00002B2BE8D1E379012BE5D854F8043C013301
:10DB1000012B44F8043CE1D1836844F8083C82605E
:10DB2000012010BDFFF748FF08B5FFF72DFF836800
:10DB300083B393F82020472A04D00022826003F1A7
:10DB4000200008BD93F821204E2AF6D193F8222018
:10DB5000552AF2D193F82320432AEED193F82420BA
:10DB6000432AEAD193F825202B2AE6D193F82620E0
:10DB70002B2AE2D193F82720012ADED8DA69013A6C
:10DB8000DA61002ADBD19A69826000229A6103F18E
:10DB9000200008BDFFF710FF012810B51AD8BFF309
:10DBA0005B8FA1F1280353E8002F013A43E80020DE
:10DBB0000028F8D1BFF35B8F5AB951F81C3C01F132
:10DBC00058040BB1204698472046BDE8104000F0AD
:10DBD00025B910BD51F8140CFFF7DAFEF8B5002591
:10DBE00040E91E1240F8805C0446FFF705FF44F848
:10DBF000700CFFF7F9FE472343224E2755260C49A8
:10DC000004F8583C2B2304F8515C04F8577C04F8C2
:10DC1000566C44F8501C04F8552C04F8542C04F8A5
:10DC2000533C04F8523C44F86C0CA4F18000F8BD5D
:10DC300099DB0508F8B505460E461746FFF7A4FE22
:10DC40004368044601333A46314663602846FFF78D
:10DC5000C5FF0446012344F8283B204601F066F93D
:10DC60002046FFF709FEFFF7A7FE00BF10B5FFF73C
:10DC70008BFED0E900420132426064B194F820206A
:10DC8000472A0AD0002202602034204601F072F9AF
:10DC90002046FFF7F1FDFFF78FFE94F821204E2A72
:10DCA000F0D194F82220552AECD194F82320432A6D
:10DCB000E8D194F82420432AE4D194F825202B2A93
:10DCC000E0D194F826202B2ADCD194F82720012AD1
:10DCD000D8D8626952426261D6E700BF704700BF80
:10DCE00000487047C0B3060810B504210446EFF79A
:10DCF0007FF9204610BD00BFF0B4224C6368A0F14C
:10DD000008061BB350F8087CF519AB421ED822D088
:10DD10005968002931D08D4203D32EE0954205D2B7
:10DD200011464A681C1D0B46002AF7D195421CD0AB
:10DD300023681A6899188E421CD05B6840F8043C2E
:10DD4000236840F8087C5E60F0BC704740F8043CF3
:10DD50006660F0BC7047D3E90023174440F8087CA4
:10DD600040F8043C6660F0BC7047D5E900324A6078
:10DD70001F44DDE717441F60EBE70A4604341946E9
:10DD8000D4E700BFBC72002430B4174C00F1080285
:10DD90006368082A38BF082203B30732196822F0E3
:10DDA00007028A4204D81BE001688A4205D903466B
:10DDB00058680028F8D130BC704704338C1A072CFF
:10DDC000456808D981184D60845018680260196050
:10DDD000083030BC704701601D60F9E71846EAE77B
:10DDE0001846231DEAE700BFBC72002410B500F1FD
:10DDF0008004204602F000FB38B103468022002157
:10DE0000184602F045FF803010BD2046FFF7BCFFEA
:10DE100003460028F2D1FFF7CFFD00BF064A936802
:10DE20008038984203D9D2681344984201D302F053
:10DE3000EBBAFFF761BF00BFBC72002438B5084CD5
:10DE40004FF41E652846E56002F0D6FAA06020B1C6
:10DE500000236060C0E9005338BDE060606038BDF9
:10DE6000BC72002410B5034B0360044600F0C2F8F6
:10DE7000204610BDB0B4060810B5054B036004463B
:10DE800000F0B8F820460C21EFF7B2F8204610BD9C
:10DE9000B0B4060870B582B00E46069C94420546A2
:10DEA00009D0A868056806942C6A3146A44602B0D9
:10DEB000BDE87040604719460192009300F062F897
:10DEC000DDE900320028ECD0062002B070BD00BFB2
:10DED0002DE9F04F0E4681B019461F469146834604
:10DEE000DDE90A4ADDE90C8500F04CF870B1002E3E
:10DEF0002C6085F804901DDB3444A0450CBF06243B
:10DF00000124AC71002001B0BDE8F08F444516D06B
:10DF1000DBF80800D0F800C0CDE90C85CDE90A4A4D
:10DF2000DCF81C403B464A463146A44601B0BDE8F9
:10DF3000F04F60470236E5D10123AB71E2E751466D
:10DF4000584600F01FF80028E2D085F80590D9E780
:10DF50002DE9F04107460C4615461E4600F084F8B0
:10DF600008B1BDE8F081B86807682146BC6933464E
:10DF70002A46A446BDE8F041604700BF704700BF95
:10DF80000020704781420FD008B5406803782A2BE3
:10DF90000CD049680B782A2B08BF013103F0F4F943
:10DFA000B0FA80F0400908BD01207047002008BD8C
:10DFB00070B5036884B000249E6900941023154650
:10DFC000CDE9023412688DF804406B46B0479DF8E5
:10DFD000043003F00603062B03BF009B2B600120D7
:10DFE000204604B070BD00BF009890420CBF0620D0
:10DFF0000120704710B5034B03600446FFF7BEFFD6
:10E00000204610BD24B5060810B5054B0360044634
:10E01000FFF7B4FF20460821EEF7EAFF204610BDC7
:10E0200024B506082DE9F041DDE90814069D8D426E
:10E0300090461F4606460CD039463046FFF7A2FFF1
:10E0400020B10123256084F80480A3710020BDE87D
:10E05000F0810799FFF796FF0028EDD084F805803E
:10E060000020BDE8F08100BF38B515461C46FFF71B
:10E0700089FF20B1082206232560E260237138BDA4
:10E080002DE9F04117461C4606460D46FFF77AFF7C
:10E0900008B9032C01D9BDE8F0812B683A46314616
:10E0A00028465B69BDE8F041184700BF7BB972B9EB
:10E0B0000029BEBF00204FF0004106E008BF002845
:10E0C0001CBF6FF000414FF0FF3001F043B9ADF1DC
:10E0D000080C6DE904CE002909DB002B1ADB00F0E7
:10E0E0004DF8DDF804E0DDE9022304B0704740425A
:10E0F00061EB4101002B1BDB00F040F8DDF804E090
:10E10000DDE9022304B0404261EB4101524263EB7E
:10E1100043037047524263EB430300F02FF8DDF8EE
:10E1200004E0DDE9022304B0404261EB41017047A5
:10E13000524263EB430300F021F8DDF804E0DDE92F
:10E14000022304B0524263EB4303704753B94AB908
:10E15000002908BF00281CBF4FF0FF314FF0FF30EF
:10E1600001F0F8B8ADF1080C6DE904CE00F006F846
:10E17000DDF804E0DDE9022304B070472DE9F04743
:10E18000089E04468846002B4BD18A42154667D923
:10E19000B2FA82F24AB1C2F1200701FA02F320FA80
:10E1A00007F7954047EA030894404FEA154E230CC1
:10E1B000B8FBFEF71FFA85FC0EFB178843EA0843FD
:10E1C00007FB0CF1994209D9EB1807F1FF3080F0F9
:10E1D0001B81994240F21881023F2B445B1AA4B282
:10E1E000B3FBFEF00EFB103344EA034400FB0CFCCF
:10E1F000A44509D92C1900F1FF3380F00781A4450B
:10E2000040F2048102382C4440EA0740A4EB0C049D
:10E2100000271EB1D4400023C6E900433946BDE8BB
:10E22000F0878B4209D9002E00F0EB800027C6E969
:10E23000000138463946BDE8F087B3FA83F7002F6E
:10E2400047D18B4202D3824200F2FA80841A61EBFA
:10E25000030301209846002EE0D0C6E90048DDE720
:10E2600002B9FFDEB2FA82F2002A40F08F80491B29
:10E270004FEA154E1FFA85F80127B1FBFEFC230C6F
:10E280000EFB1C1143EA014308FB0CF1994207D92C
:10E29000EB180CF1FF3002D2994200F2CD80844697
:10E2A000591AA3B2B1FBFEF00EFB101443EA04446A
:10E2B00008FB00F8A04507D92C1900F1FF3302D262
:10E2C000A04500F2B6801846A4EB080440EA0C40D2
:10E2D0009FE7C7F1200CBB4022FA0CFE4EEA030E6A
:10E2E00001FA07F420FA0CF521FA0CF34FEA1E4864
:10E2F0002543B3FBF8F92C0C08FB19331FFA8EFAEF
:10E3000044EA034309FB0AF49C4202FA07F200FACA
:10E3100007F10BD91EEB030309F1FF3080F0878072
:10E320009C4240F28480A9F1020973441B1BADB2E8
:10E33000B3FBF8F008FB103345EA034400FB0AFA8C
:10E34000A24508D91EEB040400F1FF336BD2A245AD
:10E3500069D90238744440EA0940A0FB0289A4EB61
:10E360000A044C45C2464B4654D351D0002E69D0C6
:10E37000B1EB0A0564EB030404FA0CFCFD40FC401D
:10E380004CEA0505C6E90054002747E7C2F120031F
:10E3900020FA03F7954001FA02F021FA03F34FEA5D
:10E3A000154E3843010CB3FBFEF71FFA85F80EFB40
:10E3B000173341EA034107FB08F38B4204FA02F4E6
:10E3C00007D9691807F1FF3C2FD28B422DD9023FA4
:10E3D0002944CB1A81B2B3FBFEF00EFB103341EAA5
:10E3E000034100FB08F38B4207D9691800F1FF3C99
:10E3F00017D28B4215D902382944C91A40EA074777
:10E400003BE73746304609E70746E7E61846FBE6AE
:10E410004145ABD2B8EB020A69EB0E020138134654
:10E42000A4E76046E9E7184695E76746D1E78146E5
:10E430007CE702382C4447E7ACF1020C2B442FE771
:10E44000384608E73746E9E603685A004CBF43F010
:10E45000004323F000431844704700BF61B32DE927
:10E46000F84F01F1FF3A90460646D146002707EBE8
:10E47000090404EBD4746410E50071190846FFF731
:10E48000E3FFA245834605F10800304409D0FFF7B9
:10E49000DBFFC34500F1FF3005D8404509D2671CBA
:10E4A000E5E7C34505D9A74202D004F1FF39DEE70D
:10E4B00000210846BDE8F88F08467047012807D0BC
:10E4C000022807D0044B00280CBF184600207047D4
:10E4D0000248704702487047A9EB0508ADEB0508F4
:10E4E000B1EB050830B5254B83B004468D1E4BB308
:10E4F00001A92846AFF30080F0B101992A46FFF741
:10E50000ADFF0146C0B1FFF79FFF4B68A064012B30
:10E510002ED0002B01F1040026DBFFF795FF00232E
:10E52000C4E913030368002B12DBFFF78DFF002300
:10E530002061184603B030BD00232361092318462B
:10E5400003B030BD0E490F48091AC9100191D5E733
:10E55000C3F30360FFF7B2FF002814BF00230923B1
:10E560002061184603B030BD0123C4E91303D9E785
:10E57000002323610523184603B030BD00000000CE
:10E5800050C40608C8BC06080368DA0710B504467C
:10E5900006D49B0700F1480009D500F05FFC236812
:10E5A000590709D51A070ED5DB0613D510BD00F0A3
:10E5B0004DFC23685907F5D404F1D00000F056FC57
:10E5C00023681A07F0D404F5A87000F057FC2368FC
:10E5D000DB06EBD404F5E870BDE8104000F092BC17
:10E5E000036803B103441846704700BF0920704711
:10E5F000704700BF70B504460D4608E02B6C6361A0
:10E600002A462369214601209847082808D1296C09
:10E610002046FFF767FF06460028EFD000F09CFE7B
:10E620000728FBD13046296CFFF7E2FF281D00F0D8
:10E6300001FC00BF2DE9F0470C1D054617460FCC25
:10E64000ADF5727D03AE0FC60FCC0FC60FCC0FC653
:10E6500094E80F0002ACD5F80C80D5F8189086E845
:10E660000F000023236021E0236C6B614FF4F072F4
:10E6700021467AA802F00EFA2B697AAA294630467A
:10E680009847889BCDE900498246636431462B4612
:10E690002A460120C0470746F8B94FF4F0727AA91C
:10E6A000204602F0F7F9BAF1080F1CD1216C284678
:10E6B000FFF718FF002F08BF0926074618BF0A26D4
:10E6C0000028D1D0A36B46F01001CDE900492A46BD
:10E6D000636401202B46C04700B1092738460DF579
:10E6E000727DBDE8F087BAF1070FF6D13846216C8C
:10E6F000FFF77EFF03A800F09DFB00BF406C704752
:10E70000F0B5CB6B0B640D1D0F4606460FCDF9B06F
:10E7100001AC0FC40FCD0FC40FCD0FC495E80F008F
:10E720004FF0FF3584E80F00009506E033696A4634
:10E73000314698470828044608D110993046FFF71B
:10E74000D1FE0028F2D0092079B0F0BD6846FFF76D
:10E750001BFF062CF7D139463046FFF74BFF00BFB1
:10E7600030B4DD6BC160826119461D64002230BC8B
:10E7700060E700BF70B5C66843690B64BEB9036942
:10E780000A4604460D46014602209847072807D04E
:10E79000082803D129462046FFF72CFF00F0DCFDB6
:10E7A0003046296CFFF724FF281D00F043FB0122AF
:10E7B000FFF740FF00F0D0FDC2681AB1CA6B0A64CF
:10E7C000002237E79CE700BF704700BF836813B1A2
:10E7D0000146012018477047042907D8DFE801F0F7
:10E7E0000308060808000BB90F2A03D90220704756
:10E7F0000120704700EB820218465368009A1360AC
:10E80000704700BF10B584B0002303AC0A460094E3
:10E810001946FFF7E1FF039804B010BD042907D89B
:10E82000DFE801F00308060808000BB90F2A03D936
:10E83000022070470120704700EB8200009A1268A6
:10E8400042601846704700BF10B584B004AC002386
:10E8500044F8042D0A4600941946FFF7DFFF04B080
:10E8600010BD00BFF0B5D36B1364151D07460E46EF
:10E870000FCDADF50F7D17AC0FC40FCD0FC40FCD6D
:10E880000FC495E80F004FF0FF3584E80F00169590
:10E8900010E016A8FFF7D8FF314616A8B84716AA09
:10E8A000694678B9049B08209847052804460AD091
:10E8B000092807D026996846FFF714FE6A460C21FE
:10E8C0000028E6D0092416A8FFF75EFE20460DF5C5
:10E8D0000F7DF0BD2DE9F04F0D46C96C89B00C1DC0
:10E8E000164600F0030B0A6806941F46002B68D0FA
:10E8F000130CD9B212048DF81D30022304EB8104ED
:10E9000005928DF81C302B6DBBF1020F08BFAC6B6C
:10E9100013F0010346D1019300F008030093D4F8EB
:10E920000090B9F1000F00F0F380022F45D0B4F849
:10E930000090B4F802800434AB6C28F0010A0F2177
:10E9400030469A44FFF75EFF824534D829F0010330
:10E950005344834294BF002001204FEA480808F046
:10E96000020809F0010948EA0908B8F1010F3AD094
:10E9700031D3B8F1020F1AD1236823F0004ABBF15A
:10E98000000F66D130B1009A002A6CD0BAF1000FA6
:10E9900000F09080002B00DA04340AF1010304EB4C
:10E9A0008304BCE7304605A900F046FB78B1092096
:10E9B00009B0BDE8F08F0020CFE7D4F80480083418
:10E9C000BAE7120203230592ADF81C309BE708203A
:10E9D00009B0BDE8F08FBBF1000F02D0002840F075
:10E9E000B48004349BE7BBF1000F18D1A8B1D4E97F
:10E9F0000023991C4FEAD272D9D005F15801013396
:10EA0000049100F0B580201DFFF7EAFD04AB01463C
:10EA10002846FEF7FFFF002867D108347FE70D2165
:10EA20003046D5F82080FFF7EDFE8045F5D1AB6A82
:10EA30009C42F2D12046FFF707FD0F2102463046E7
:10EA4000FFF702FF30462A460021FFF7FDFE0720B0
:10EA5000AEE70D213046D5F82080FFF7D3FE804584
:10EA600032D0236896E7BAF1000F23D005F158039E
:10EA700004F10408CDF808B0DDF800900397A34630
:10EA80001C4602E05745B94640D040460494FFF783
:10EA9000A7FD04AB014600222846FEF7BBFF09F1A3
:10EAA000010708F104080028ECD0D1455C46DDE9F7
:10EAB00002B7D6D130460D21FFF7A4FE049B286291
:10EAC000C5E90934062073E7AB6A9C42C9D1042228
:10EAD0004FF00008A318C5E90AA8C5E90C2323686C
:10EAE00043454DDB0123019357E780460D21304616
:10EAF000FFF788FEB8F1020F28623ED12B46049A38
:10EB000043F82C2F6B62AC62062051E75C46D1E7DC
:10EB100005A9304600F090FA00287FF448AF019B29
:10EB2000002B3FF454AF0F213046FFF76BFE0E2150
:10EB300002463046FFF788FE30461A4A0F21FFF79B
:10EB400083FE072009B0BDE8F08F2046FFF77CFC6C
:10EB500004340746AC632846FEF7B4FF00283FF4B0
:10EB600026AF30463A460F21FFF76EFE07201FE71B
:10EB700030460D21FFF746FE2862049B6B62C2E718
:10EB80000AF1010004EB8000FFF75EFC0F21024652
:10EB90003046FFF759FE30462A464146FFF754FEFD
:10EBA000072005E79DD70508002393E6012391E69A
:10EBB00002238FE62DE9F0410546C4B0042906D8AA
:10EBC000DFE801F04D2B05030900032B5FD0022085
:10EBD00044B0BDE8F081002BF9D1102AF7D82B689A
:10EBE000DC0600F1F48022AC2046019200F094F99A
:10EBF000A86B019A0023012606FA03F1114203D003
:10EC0000016844F8231004300133042BF4D1A863C5
:10EC1000204600F077F90020DAE7012B4FEA124690
:10EC200097B252D0052BD2D106EB0708B8F1200FCE
:10EC3000CDD80F2E40F29980B846002F40F0DB80EF
:10EC4000AA6BAA630F2E40F2BE80B8F1000F02D06B
:10EC500002A800F00BF9002044B0BDE8F081002BC1
:10EC6000B5D1AC6B97B2281D012606FA03F13942E3
:10EC700003F1010302D0216801600434102B00F17C
:10EC80000400F2D112F40050E5D1AC63A0E7160CF9
:10EC900097B2F319102B9AD82B681A075DD422ACBF
:10ECA000204600F00DF904EBC601AB6B3FB103EB5E
:10ECB000C702186841F8040B04339342F9D1204687
:10ECC000AB6300F0DBF8002082E7F219102A3FF670
:10ECD0007EAF0F2E3FF67BAF2A68D10708D52846B6
:10ECE00022F0030240F8482B019300F0B3F8019B97
:10ECF000019322AC204600F0ADF8A96B019B002FD8
:10ED000000F095807F0004EBC6044FF00008043C3F
:10ED100001EB870251F8040B44F8040F9142F9D13A
:10ED2000B8F1000F0FD002AC102E314638BF1021C1
:10ED300004EBC101843902EBC80452F8040B41F81A
:10ED4000040F9442F9D1012B7FF47BAF22AC043243
:10ED5000AA63204600F07AF87DE723F008032B60D1
:10ED600005F5A87000F0ACF899E7B8F1100F2A6823
:10ED700043D9D007A8F110080BD5284622F001028C
:10ED800042F0020240F8482B019300F06BF82A6829
:10ED9000019B510725D40F2E04D822A8019300F01F
:10EDA00061F8019B019302AC204600F063F8C6F1C4
:10EDB00010010029AA6B019BB6DD22AC4F0004EBC9
:10EDC000C6041146A3E722A800F048F83DE723F067
:10EDD00010032B6005F5E870019200F09DF8019A90
:10EDE00001E7284622F0040240F8D02B019300F0FE
:10EDF00041F8019BCFE72A68CBE7D0070AD5284620
:10EE000022F0010242F0020240F8482B019300F088
:10EE100029F8019B019322AC204600F023F8B84664
:10EE2000A96B019B002F7FF46DAF0A4609E70A46E4
:10EE30008DE700BF00F1340191E838009C46A646FA
:10EE40004CF8045D90E8FF0FE54600BD90EC210B07
:10EE5000704700BF80EC210B704700BF90EC200B87
:10EE6000704700BF80EC200B704700BFD0EC200B38
:10EE7000704700BFC0EC200B704700BFF0EC0201F0
:10EE8000F0EC0211F0EC0221F0EC0231F0EC024166
:10EE9000F0EC0251F0EC0261F0EC0271F0EC028156
:10EEA000F0EC0291F0EC02A1F0EC02B1F0EC02C146
:10EEB000F0EC02D1F0EC02E1F0EC02F1704700BF9F
:10EEC000E0EC0201E0EC0211E0EC0221E0EC0231A6
:10EED000E0EC0241E0EC0251E0EC0261E0EC027196
:10EEE000E0EC0281E0EC0291E0EC02A1E0EC02B186
:10EEF000E0EC02C1E0EC02D1E0EC02E1E0EC02F176
:10EF0000704700BFB0FC0181B0FC0191B0FC01A1D1
:10EF1000B0FC01B1704700BFA0FC0181A0FC0191D1
:10EF2000A0FC01A1A0FC01B1704700BFEC4600B5F8
:10EF30002DE900502DE9FF1F4FF000032DE90C00D3
:10EF400001A9FFF7DDFBDDF840E012B0704700BF1C
:10EF5000EC4600B52DE900502DE9FF1F4FF00003EE
:10EF60002DE90C0001A9FFF705FCDDF840E012B027
:10EF7000704700BFEC4600B52DE900502DE9FF1F9A
:10EF80004FF000032DE90C0001A9FFF715FCDDF897
:10EF900040E012B0704700BFEC4600B52DE90050CC
:10EFA0002DE9FF1F4FF000032DE90C0001ABFFF727
:10EFB000D7FBDDF840E012B0704700BFEC4600B56B
:10EFC0002DE900502DE9FF1F4FF000032DE90C0043
:10EFD00001AAFFF747FCDDF840E012B0704700BF20
:10EFE000027A82B9437AABB14268013B10B44372F2
:10EFF00013680321141D01721A02446002605DF857
:10F00000044B180E70470368013A02721A0202603C
:10F01000180E7047B020704700B585B003AA0023D2
:10F02000009219460C22FFF7D7FB039805B05DF854
:10F0300004FB00BFF0E700BF2DE9F043054685B0B3
:10F040000E464FF000083046FFF7CAFFB0280446CE
:10F0500000F0B180070620D500F0F003802B65D0CA
:10F06000902B36D0A02B78D0B02B47D0C02B00F0FF
:10F070008A8000F0F803D02B0BD100F00702013298
:10F0800042F40022052301212846FFF793FD0028C2
:10F09000D9D0092005B0BDE8F0830DF10C0900239B
:10F0A00019468700CDF800900D222846FFF794FB03
:10F0B000FFB2039BCDF80090043760064CBFDF1B06
:10F0C000FF18002319460D2228460397FFF7A6FBD9
:10F0D000B9E700F00D030D2BDBD003AF002300F0E8
:10F0E0000F02194600972846FFF776FB002300978A
:10F0F00019460D222846FFF791FBA4E7B1285FD0FF
:10F10000B22800F0CC80B3287ED000F0FC03B42BF2
:10F11000BFD000F007020132012342F40022194659
:10F120002846FFF747FD00288DD0B2E73046FFF7AD
:10F1300057FF24020443B4F5004FAAD02401002352
:10F14000A2B219462846FFF735FD0028A1D114F4D4
:10F15000004F18BF4FF0010875E7C24302F00703E4
:10F160004FF47F621A41010702F47F624FF00003FF
:10F1700048BF42F4804219462846FFF71BFD00288D
:10F180003FF461AF85E7C62851D0C7285AD000F0B8
:10F19000F803C02B69D0C82875D0C9287FF479AF8F
:10F1A0003046FFF71DFF020300F00F0002F470224B
:10F1B0000130024366E7B8F1000F14D0002069E780
:10F1C0003046FFF70DFF00283FF463AF10F0F00367
:10F1D0007FF45FAF024619462846FFF7EBFC002894
:10F1E0003FF431AF55E703AC43460E22414600944D
:10F1F0002846FFF7F1FA0094284643460F2241467D
:10F20000FFF70CFB404645E73046FFF7E9FE0103F8
:10F2100000F00F0001F47021421C01230A4328462C
:10F220001946FFF7C7FC00283FF40DAF31E7304621
:10F23000FFF7D6FE010300F00F0001F47021421C1D
:10F240000323EBE73046FFF7CBFE024600283FF4EE
:10F2500020AF10F0F0037FF41CAF04212846FFF725
:10F26000A9FC00283FF4EFAE13E700F00F020132D3
:10F27000032342F4202219462846FFF79BFC00286E
:10F280003FF4E1AE05E73046FFF7AAFE00F0F002DA
:10F2900000F00F031032013343EA0232F2E600239A
:10F2A0000DF10C090D221946CDF800902846FFF704
:10F2B00093FA3046FFF794FE02064FF002070CD592
:10F2C000039B00F07F00B840034430460393FFF7F0
:10F2D00087FE030607F10707F2D4039BCDF80090E1
:10F2E00000F07F0403F50172BC400023144419466A
:10F2F0000D2228460394FFF791FAA4E610B5C36CDB
:10F3000084B05A6803208DF80C00DC798DF80D402C
:10F3100012020833084601A901920293FFF78CFEFE
:10F3200004B010BD08B5FFF785FE806C08BD00BFB6
:10F3300008B5FFF77FFEC06CC37900EB830008308F
:10F3400008BD00BF08B500F007F800BF08B5FFF71B
:10F35000F9FF00BF704700BF08B5062001F0EAFEC4
:10F360000120EDF7BDFD00BF014B1868704700BFDD
:10F370004C0E002470B5002948D005460C4610B14B
:10F38000836B002B48D0626EB4F90C30D00740D4A8
:10F39000990530D52146284600F05CF8E36A064618
:10F3A00033B1E169284698470028B8BF4FF0FF36CF
:10F3B000A3891A063CD4216B41B104F14003994260
:10F3C00002D02846ECF7B0FE00232363616C21B124
:10F3D0002846ECF7A9FE0023636400F0E9F9636EA8
:10F3E0000022DB07A2811FD5A06D00F087FF00F08F
:10F3F000E5F9304670BDA06D00F082FFB4F90C3025
:10F40000002BC7D1666E16F0010616D000263046D6
:10F4100070BD002BFAD0BDE700F04CF9626EB4F974
:10F420000C30D007F5D4B3E7A06D00F06BFFDBE73D
:10F4300021692846ECF778FEBDE7A06D00F062FF79
:10F44000304670BD024B01461868FFF793BF00BFFE
:10F450004C0E0024B1F90C309AB22DE9F0410C4663
:10F460001107804644D4626843F40063002AA381F4
:10F4700059DDA56A002D53D000229BB2D8F8006058
:10F48000E169C8F8002013F4805240F08380012322
:10F490004046A847421C4AD0A389A56AE1695B0798
:10F4A00005D56268236B801A0BB1E36BC01A024664
:10F4B00000234046A847471C45D0B4F90C302269C8
:10F4C000226023F400630022A381DB04626000D584
:10F4D0002065216BC8F8006011B304F14003994224
:10F4E00002D04046ECF720FE00202063BDE8F0810A
:10F4F0002669AEB12568266092070CBF63690023B8
:10F50000AD1BA3600AE02B463246676AE1694046BC
:10F51000B8470028A5EB000506442BDD002DF2DCE2
:10F520000020BDE8F081E26B002AA2DCF8E7D8F801
:10F530000030002BB0D01D2B01D0162B2CD1C8F8D9
:10F5400000600020EDE7D8F800101D291AD8154BEF
:10F55000B4F90C20CB40DB4313F0010314D125692F
:10F5600022F40062C4E90053D504A281B1D5002978
:10F57000AFD1ADE7A38943F04003A3814FF0FF3043
:10F58000BDE8F081B4F90C2042F04002A2814FF0B6
:10F59000FF30C6E7206D82E7A38943F04003A381D3
:10F5A000BFE700BF0100402038B50D46044608B152
:10F5B000836BA3B1B5F90C00B8B16B6EDB0701D456
:10F5C00081051AD520462946FFF744FF6B6EDA07FE
:10F5D000044602D4AB899B050AD5204638BD00F00D
:10F5E00069F8B5F90C000028E7D10446204638BD7B
:10F5F000A86D00F087FE204638BDA86D00F080FEA3
:10F60000E0E700BF20B1054B01461868FFF7CCBF0B
:10F61000034B0449186800F013BE00BF4C0E0024D1
:10F620004CB60608A9F5050810B5002304468181EB
:10F63000C281C0E9003383604366C0E9043383615B
:10F64000194608225C3001F023FB07480749084AA5
:10F65000084BE362C4E90740C4E9091204F1580009
:10F66000BDE8104000F048BE011206082512060849
:10F670006112060881120608014900F0E1BD00BFD1
:10F6800075F3050870B54A1E682505FB02F50E46A0
:10F6900005F17401ECF7FCFC044640B100210C308C
:10F6A000666005F168022160A06001F0F1FA204671
:10F6B00070BD00BF10B50446124800F021FEA26BD9
:10F6C000D2B904F53B731048C4F8E8320321C4F8FA
:10F6D000E022E063C4F8E41260680421FFF7A4FFAD
:10F6E00001220921A068FFF79FFF02221221E06892
:10F6F000FFF79AFF0123A3630248BDE8104000F022
:10F7000001BE00BFB814012479F6050870B506469D
:10F71000244800F0F5FD244B1D68AB6B83B305F561
:10F720003875D5E90134013B05D525E0013B5A1C6C
:10F7300004F1680420D0B4F90C20002AF6D1002589
:10F740001A4BE36004F15800656600F0D5FD1548DA
:10F7500000F0D8FD2560C4E90155C4E90455A56150
:10F760002946082204F15C0001F092FAC4E90C5524
:10F77000C4E91155204670BD2C682CB12546D0E750
:10F780002846FFF797FFCAE704213046FFF77AFFC4
:10F79000044628600028F1D1024800F0B3FD0C2394
:10F7A0003360E7E7C41401244CB606080100FFFFEC
:10F7B000014800F0A5BD00BFC4140124014800F0B9
:10F7C000A1BD00BFC4140124F0B5134683B00F4699
:10F7D00001AA1946064605F087FE002836D00546E0
:10F7E0003046FFF793FF044600282FD039464FF4E8
:10F7F000DB73019A304601F095FA071E30DB636E29
:10F80000DB0715D51C4B1D491D4AE781C4E9074399
:10F81000C4E909121B4BA581E905E3620FD4636EAD
:10F82000DA0702D4A3899B0514D5204603B0F0BDA6
:10F83000A3899805E6D4A06D00F062FDE2E73046AA
:10F8400002230022214600F0B5F9E8E70024204613
:10F8500003B0F0BDA06D00F055FD204603B0F0BD33
:10F860000025FFF7A5FFA581A06D00F047FD2C4600
:10F87000FFF7A4FFD9E700BF01120608251206080A
:10F880006112060881120608024B0A4601461868F2
:10F89000FFF79ABF4C0E002430B587B005460846E6
:10F8A0001446019101F0ECFE01AA01230590CDE977
:10F8B000020204930DB1AB6BFBB1616EB4F90C3075
:10F8C000C9079AB201D4900521D5910406D4626E7D
:10F8D00043F4005322F40052A3816266284603AA2F
:10F8E000214600F009FB636EDA07054602D4A389BE
:10F8F0009B0506D5284607B030BD2846FFF7DAFE3F
:10F90000DBE7A06D00F0FEFC284607B030BDA06D1F
:10F9100000F0F6FCB4F90C309AB2D6E7024B0A4676
:10F9200001461868FFF7B8BF4C0E0024F8B5244F05
:10F930000C460646EDF7DDF8BB685D68C4F57E61F0
:10F940000F3125F00305294421F47F6121F00F01D7
:10F95000A1F58054B4F5805F07DB0021304601F04B
:10F96000E3FABB682B44984204D03046EDF7C5F863
:10F970000020F8BD6142304601F0D6FA01300DD0CA
:10F98000104BBA6819682D1B45F001053046091B5C
:10F9900055601960EDF7B1F80120F8BD002130463F
:10F9A00001F0C2FABA68831A0F2BDEDD064C054956
:10F9B000246843F00103001B53600860D5E700BFD3
:10F9C000E4130024CC720024EC170024002953D047
:10F9D000F8B50C460646EDF78CF854F804CC714F98
:10F9E0002CF00101A4F108056B18B8685A68984218
:10F9F00022F0030253D01CF0010F5A6003EB020007
:10FA00003BD154F808CC4068A5EB0C0507F1080E73
:10FA1000AC687445614400F0010075D0D5F80CC0A5
:10FA2000C4F80CC0CCF8084060B341F001036B602F
:10FA30006950B1F5007F50D34B0A042B70D88B0965
:10FA400003F13904E40003F1380238193B5908384E
:10FA5000984278D05A6822F003028A4271D99B6892
:10FA60009842F7D1C368C5E902039D60C56030467E
:10FA7000BDE8F840EDF741B87047406800F001007C
:10FA80000028D2D19868484C1144A04241F00102AC
:10FA900062D0DB68C36098606A606950C9E71CF097
:10FAA000010F0A4407D154F8083CED1A1A44D5E96D
:10FAB0000213CB6099603D4B1B6842F001019342F9
:10FAC0006960BD6004D83A4B30461968FFF72EFFD5
:10FAD0003046BDE8F840EDF710B8C90878684A1C10
:10FAE000012389108B40034307EBC20157F8320012
:10FAF0007B600839C5E9020147F83250C5603046DD
:10FB0000BDE8F840ECF7F9BF002845D10A44D3E935
:10FB1000021342F00100CB6099606860AA50D7E7F9
:10FB2000142B08D9542B1ED80B0B03F16F04E400DF
:10FB300003F16E0289E703F15C04E40003F15B0268
:10FB400083E718468EE793107968012202FA03F3DF
:10FB50000B437B60034686E7C7E90455C5E902000D
:10FB60006A606950B4E7B3F5AA7F06D8CB0B03F1FE
:10FB70007804E40003F1770267E740F254529342BD
:10FB800006D88B0C03F17D04E40003F17C025CE7F2
:10FB90004FF47E747E2258E741F001026A601960DA
:10FBA00096E700BFE4130024EC130024F0170024B0
:10FBB000FC72002400F000B82DE9F04F0C4697B01D
:10FBC00091461F46064618B1836B002B00F08F80CC
:10FBD000626EA389D20702D49D0540F1A18003F48F
:10FBE0008473B3F5847F00F09680D4F82880B8F150
:10FBF000000F7FD0012F13D0022F00F08780002F3D
:10FC000000F08480636E1622D907326002D4A38983
:10FC10009A0577D54FF0FF35284617B0BDE8F08F2D
:10FC200021463046FFF7C0FCA38913F4805240F010
:10FC30003181E1693B463046C047411C054600F032
:10FC4000DC80A38922695F0740F1E8806368216B4B
:10FC5000ED1A09B1E06B2D1AA9444FF0010A0027F3
:10FC6000002A00F0E580B4F90C3040F61A019AB28F
:10FC70000A4208D1520566D4944A904500F0FB80B0
:10FC800043F40063A38121463046FFF78DFC002832
:10FC900040F0BF803B464A46E1693046C0470130EC
:10FCA00000F0B780216B41B104F14003994202D0CA
:10FCB0003046ECF739FA00232363A38922692260D6
:10FCC00023F402630021A3816160082204F15C0037
:10FCD00000F0DEFF656E15F0010503D1A3899B05D9
:10FCE00040F193800025284617B0BDE8F08FFFF75C
:10FCF000E1FC6DE7636E1D22D80732608AD4A389C8
:10FD00009A0587D4A06D00F0FDFA83E74FF0000A52
:10FD100022695546A4E721463046FFF745FC64E7D3
:10FD2000A06D00F0EDFAA38959E7019AB4F90C30FF
:10FD300002F47042B2F5004FA2D143F480634FF455
:10FD40008062A381E264002F40F08880CB46BAF144
:10FD5000000F72D1A389DB047ED452460123E169EE
:10FD60003046C047451C8ED06368216BC51A1A46C1
:10FD7000002968D0E06B2D1AA26BD4F810C01D4486
:10FD8000A2EB0C02AD1A0244AB4580F28580E56C13
:10FD9000E1696D4205EA0B052A4600233046C0475B
:10FDA00001303FF470AF2369216B2360002363604F
:10FDB00041B104F14003994202D03046ECF7B4F966
:10FDC00000232363A389BBEB050B23F02003A3814E
:10FDD00010D02146304601F01BF800287FF453AFC5
:10FDE00063685B45FFF44FAF2268A3EB0B035A44F3
:10FDF000C4E900230822002168E7636EDA073FF5B3
:10FE000009AFA3899B053FF505AFA06D00F07AFA15
:10FE100002E7636ED9077FF5FAAEFBE618077FF5B8
:10FE20001BAF2368002B3FF417AF9B1A1D4413E749
:10FE30002146304600F096FA15E7216B11B1636850
:10FE4000E06B99E762682068D4F810C0A0EB0C0062
:10FE50002D1A0244002197E7206D85E76A46B4F920
:10FE60000E10304600F034F800287FF40CAF049BED
:10FE700009EB030B6BE7B4F90E100029FFF600AF96
:10FE80006A46304600F024F800283FF44EAFB4F93B
:10FE90000C30F5E6256DD5E6AB185B457FF677AF00
:10FEA000ABEB05050CEB0503521BC4E9003241B175
:10FEB00004F14003994202D03046ECF735F90023B3
:10FEC0002363A38923F02003A38193E7611206082B
:10FED00038B50B46074C05461146184600232360EB
:10FEE000EDF737F8431C00D038BD2368002BFBD05A
:10FEF0002B6038BDA41401249368002B00F0E4802B
:10FF00002DE9F04FB1F90C309BB20C46190783B0C4
:10FF10008246904635D522699AB313F00202D8F88A
:10FF200000603DD00027D4F824B0D4F81CC0DFF81E
:10FF3000C0923D464D452B463A4628BF4B4661464A
:10FF40005046D5B1D847002840F3C680D8F80830CD
:10FF50001B1A07442D1AC8F80830002B00F0B08097
:10FF6000D4F81CC0D4F824B04D452B463A4628BFDF
:10FF70004B4661465046002DE4D1D6E9007508365F
:10FF8000D8E72146504604F095FB002840F02A812E
:10FF9000B4F90C30D8F800609BB213F00202C1D162
:10FFA00013F001095DD1A76820684D46002D54D09B
:10FFB0009A0540F19B80AF42BB4600F2D88013F413
:10FFC000906F2FD0D4E9041707EB4707A0EB010B84
:10FFD00007EBD777681C7F105844B8423A4684BF75
:10FFE00007463A465B0540F1D38011465046ECF790
:10FFF0004FF8002800F0F0805A462169019000F087
:020000040806EC
:1000000049FDA289019B22F4906242F08002A28104
:10001000A7EB0B0203EB0B00676123612060A2607A
:100020002F46AB465A46494600F0CEFDA2682368EB
:10003000D21B5B442F46A26023600025D8F808300D
:10004000DB1BB944C8F80830002B39D0B4F90C30A8
:10005000A76820689BB2002DAAD1D6E90095083682
:10006000A4E733469146104617464E469B46002F5E
:100070006BD0002871D0D4E904122068B9454B46F2
:1000800028BF3B46884203D9A5681544AB4271DCC2
:100090009A4200F393801346656AE16932465046FE
:1000A000A847051E18DDB9EB05090FD00120D8F8C7
:1000B00008305B1B2E447F1BC8F80830002BD6D1BC
:1000C000002003B0BDE8F08F002070472146504665
:1000D000FFF76AFA0028EAD0B4F90C3043F0400385
:1000E0004FF0FF30A38103B0BDE8F08F2369834256
:1000F00015D36169A94212D83C4B676A9D4294BFEF
:100100002B466FF000434A4693FBF1F3504601FB48
:1001100003F3E169B847071EDEDDED1B8EE7AF4252
:1001200028BF2F463A46494600F04EFDA368226894
:10013000DB1B3A44A3602260002BEED121465046DF
:10014000FFF732FA0028E8D0C6E70BF1080353E9BD
:1001500002679B460833002FF9D03A460A21304601
:1001600000F016FC38B30130A0EB060983E72F46F8
:10017000AB4657E731462A4600F026FD23682B445C
:10018000236021465046FFF70FFA00288BD0A3E7E3
:100190005046EBF7E9FE034600287FF439AF2169AA
:1001A0005046EBF7C1FFB4F90C300C2223F080036A
:1001B000CAF8002092E707F101095CE71A463146C8
:1001C000019300F001FD019BA1682268C91A1A443D
:1001D000A16022601D4666E70C23CAF80030B4F91E
:1001E0000C307BE74FF0FF306BE700BFFEFFFF7F77
:1001F00000FCFF7F2DE9F04110F538771BD08846D1
:100200000026D7E90154013D0FD4A389012B05F144
:10021000FF35204605D9B4F90E30013301D0C0476F
:1002200006436B1C04F16804EFD13F68002FE8D14E
:100230003046BDE8F0813E463046BDE8F08100BF63
:100240002DE9F84310F538771FD0884606464FF061
:100250000009D7E90154013D11D4A389012B05F10F
:10026000FF352146304606D9B4F90E30013302D0AD
:10027000C04749EA00096B1C04F16804EDD13F68EE
:10028000002FE6D14846BDE8F883B9464846BDE8A8
:10029000F88300BF70B50D4E0D4D761BB61006D01D
:1002A0000024013455F8043B9847A642F9D1094E81
:1002B000094D761B05F01EFEB61006D00024013451
:1002C00055F8043B9847A642F9D170BDF8170024B1
:1002D000F81700243C180024F8170024044B054AA2
:1002E0001B685B6B002B08BF134693F8280170470F
:1002F0004C0E002478120024704700BF704700BFE6
:10030000704700BF704700BF70B50C46B1F90E10C2
:10031000002996B015461E460FDAA289002312F076
:100320008000336004D14FF480632B6016B070BD41
:10033000402218462A6016B070BD6A46FFF7C8FD15
:100340000028EADB019B03F47043A3F50053B3FAE2
:1003500083F35B094FF480624FF4006033602A60DE
:1003600016B070BD8A8992070B4606D501F143028B
:1003700001211A60C3E90421704770B582B001AB56
:100380006A460C460546FFF7BFFF00990646284619
:10039000EBF77EFEB4F90C30D8B11649E963019A47
:1003A0000099206043F08003A381C4E904011AB9D5
:1003B0003343A38102B070BD2846B4F90E1005F096
:1003C000CDF8A0B1A38923F0030343F001031BB2CE
:1003D000EEE79A05EED423F0030304F1430243F061
:1003E00002030121A3812260C4E90421E2E7B4F9F8
:1003F0000C30DDE779F60508024B01461868EBF78B
:1004000047BE00BF4C0E0024024B01461868EBF7B4
:100410008BBE00BF4C0E00242DE9F04F01F10B05FF
:10042000162D83B0064623D8102900F2B980ECF7C8
:1004300060FB102518230220C54F3B44A3F108029E
:100440005C68944200F06681636823F003032344F0
:10045000D4E902515A68E96042F001028D603046E9
:100460005A60ECF74AFB0834204603B0BDE8F08F31
:1004700035F0070500F19480A94200F29180ECF775
:1004800038FBB5F5FC7FC0F083816B0A00F08F80EC
:10049000042B00F24681AB0903F1390003F1380C5B
:1004A000C300AB4F3B44A3F108015C68A14206D1F5
:1004B0000CE0002A80F21D81E468A14206D0636846
:1004C00023F003035A1B0F2AF3DD60463C69DFF873
:1004D00094C2644571D0636823F003035A1B0F2A4A
:1004E00000F34481002AC7E904CC80F22681B3F5E9
:1004F000007F80F06981DB08591C7A6857F83180E9
:10050000C4F808804FF0010E9B100EFA03F307EBBE
:10051000C10E1343AEF10802E2607B6047F8314040
:10052000C8F80C408210012494409C424BD81C42D5
:1005300006D120F0030064001C4200F10400FAD050
:1005400007EBC009CE468046DEF80C309E4507D149
:1005500022E1002A80F22981DB689E4500F01C819F
:10056000596821F003014A1B0F2AF2DDD3E9028EFC
:100570005C1945F001055D6042F00105C8F80CE02A
:100580003046CEF80880C7E90444C4E902CC65606F
:100590005A500193ECF7B1FA019B03F1080463E7A9
:1005A00000240C232046336003B0BDE8F08F4FF4E5
:1005B000007340204FF03F0C73E77B6882100124EA
:1005C00094409C42B3D9BC68636823F00309A945F1
:1005D00003D3A9EB05030F2B7BDC5E4BDFF888A16F
:1005E0001A68DAF80030013305EB020800F04881A0
:1005F00008F5805808F10F0828F47F6828F00F08E4
:100600004146304600F090FCB0F1FF3F834600F0D9
:10061000048104EB0900584500F2FD804E4A13683E
:100620004344136000F04D81DAF8001001311BBF24
:10063000ABEB00001B18CAF800B013601BF00703F7
:1006400000F03481C3F10801C3F580538B440833B3
:10065000D844C8F30B08A3EB080841463046019282
:1006600000F062FC431C019A00F04681A0EB0B01F4
:10067000414441F001011368C7F808B04344BC424B
:10068000CBF80410136015D0B9F10F0F40F2308190
:100690006068A9F10C0121F0070100F0010004EBF2
:1006A000010C08434FF0050E0F296060CCE901EE04
:1006B00000F23A81294A2A481168BC688B420168D5
:1006C00088BF136062688B4222F0030288BF036018
:1006D000A7E0621943F0010345F00105656030466B
:1006E000BA605360ECF709FA0834204603B0BDE85D
:1006F000F08F2344E1685A68A56842F00102E9607E
:1007000030468D605A60ECF7F8F90834204603B0A3
:10071000BDE8F08FDC68A34208BF02303FF4D6AEDC
:1007200092E6142B71D9542B00F2AD802B0B03F100
:100730006F0003F16E0CC300B3E6234430465A68E1
:1007400042F001025A600834ECF7D7F98CE600BF9A
:10075000E4130024FC720024CC720024F472002400
:10076000F8720024EC130024EC170024611945F002
:10077000010E42F00105C4F804E03046C7E9041157
:10078000C1E902CC4D60E250ECF7B7F908346BE6F2
:10079000E80805F108034FE608F1010818F0030F17
:1007A0000EF1080E7FF4D0AE52E019441C464A68A0
:1007B000DB6854F8085F42F001024A603046EB60A3
:1007C0009D60ECF79AF94FE65A0A042A35D9142AA3
:1007D0006FD802F15C01C9005B3207EB010E79585A
:1007E000AEF1080E8E4558D04A6822F003029A42B4
:1007F00002D989688E45F7D1D1F80CE07B68C4E94D
:10080000021ECEF80840CC608CE603F15C0003F1D8
:100810005B0CC30045E6BC4272D0BC68626822F043
:1008200003029542A2EB050302D80F2B3FF751AF0D
:100830003046ECF762F9002416E69A0902F1390114
:10084000C9003832C9E7D9F80090994540F0838053
:1008500010F0030FA9F1080300F1FF30F3D17B681A
:1008600023EA04037B6064009C423FF6ACAE1CB9F3
:10087000A9E6640008F104081C42FAD040465FE68D
:1008800008F11008BCE6B3F5AA7F26D8EB0B03F1FC
:10089000780003F1770CC30003E67B6892104FF0F9
:1008A000010808FA02F213437B60A8E74FF4805373
:1008B000CEE6542A29D81A0B02F16F01C9006E3214
:1008C0008BE7C0F30B0100297FF4AEAE09EB080201
:1008D000B96842F001024A60ECE640F25452934299
:1008E0001CD8AB0C03F17D0003F17C0CC300D8E5F0
:1008F0000123CBF804309BE701214FF00008BAE652
:10090000164A1368434413608EE6B2F5AA7F14D8E2
:10091000DA0B02F17801C90077325EE74FF47E739B
:100920007F204FF07E0CBCE504F1080130460192B7
:10093000EBF7FAFB019A1368BCE640F254518A4285
:1009400005D89A0C02F17D01C9007C3245E74FF4CD
:100950007E717E2241E77B6885E700BFCC72002470
:1009600082B049B15AB16BB113780B601278101C88
:1009700018BF012002B0704701A9002AF3D1104628
:1009800002B070476FF00100F4E700BF0000000004
:1009900001F0FF01102A2BDB10F0070F08D010F830
:1009A000013B013A8B422DD010F0070F42B3F6D134
:1009B000F0B441EA012141EA014122F007047FF04D
:1009C00000070023F0E80256083C85EA010586EAA4
:1009D000010685FA47F5A3FA87F586FA47F6A5FAE0
:1009E00087F68EB9EED1F0BC01F0FF0102F00702EC
:1009F00032B110F8013B013A83EA010313B1F8D197
:100A00000020704701387047002D06BF3546033877
:100A1000073815F0010F07D1013015F4807F02BFB0
:100A2000013015F4C03F0130F0BC0138704700BF01
:100A3000032A70B414D940EA0105AD0704460B46F9
:100A400022D11D682668AE421946204603F10403F0
:100A500004F1040418D1043A032A20461946F0D8B8
:100A6000541E72B102780B789A4208BF641806D0FF
:100A70000CE010F8012F11F8013F9A4206D1A14273
:100A8000F7D1002070BC7047541EEBE7D01A70BC41
:100A9000704700BF844641EA000313F003036DD1A1
:100AA000403A41D351F8043B40F8043B51F8043B31
:100AB00040F8043B51F8043B40F8043B51F8043B38
:100AC00040F8043B51F8043B40F8043B51F8043B28
:100AD00040F8043B51F8043B40F8043B51F8043B18
:100AE00040F8043B51F8043B40F8043B51F8043B08
:100AF00040F8043B51F8043B40F8043B51F8043BF8
:100B000040F8043B51F8043B40F8043B51F8043BE7
:100B100040F8043B51F8043B40F8043B51F8043BD7
:100B200040F8043B403ABDD2303211D351F8043B77
:100B300040F8043B51F8043B40F8043B51F8043BB7
:100B400040F8043B51F8043B40F8043B103AEDD226
:100B50000C3205D351F8043B40F8043B043AF9D277
:100B6000043208D0D2071CBF11F8013B00F8013B4A
:100B700001D30B8803806046704700BF082A13D357
:100B80008B078DD010F003038AD0C3F10403D21A6F
:100B9000DB071CBF11F8013B00F8013B80D331F8A3
:100BA000023B20F8023B7BE7043AD9D3013A11F823
:100BB000013B00F8013BF9D20B7803704B7843708E
:100BC0008B788370604670478842F0B40DD98B18DB
:100BD00083420AD9841832B1224613F8014D02F833
:100BE000014D9942F9D1F0BC70470F2A49D940EA2A
:100BF00001039B0747D1A2F110031B0901F1200754
:100C000007EB031701F1100400F1100554F8106C04
:100C100045F8106C54F80C6C45F80C6C54F8086CE2
:100C200045F8086C54F8046C45F8046C1034BC4268
:100C300005F11005EAD1013302F00F051B01032D68
:100C40001944034421D91F1F0E462C46043C56F874
:100C500004CB47F804CF032CF8D82C1F24F003044E
:100C600004342344214402F00302002ABBD0013B98
:100C70000A4411F8014B03F8014F9142F9D1F0BC3D
:100C800070470346F1E70346F1E72A46EDE700BF68
:100C9000F0B4860743D0541E002A3ED0CAB20346A1
:100CA00002E014F1FF3438D303F8012B9D07F8D18B
:100CB000032C2BD9CDB245EA05250F2C45EA054575
:100CC00016D9A4F110073F0903F1200606EB071619
:100CD00003F1100242E9045542E902551032B242D2
:100CE000F8D104F00F040137032C03EB07130DD9DF
:100CF0001E462246043A032A46F8045BFAD8221F0D
:100D000022F003020432134404F003042CB1C9B2EC
:100D10001C4403F8011B9C42FBD1F0BC70471446F5
:100D20000346C5E770B50D46084C114606461A46FF
:100D3000284600232360ECF745FA431C00D070BD21
:100D40002368002BFBD0336070BD00BFA4140124C6
:100D500070B5054688B008460C4600F091FC224A62
:100D6000AB6B04940126441C04A90692022203944E
:100D70000590AC680796CDE901121BB3616EB4F91A
:100D80000C30CE079AB201D4900525D5910406D433
:100D9000626E43F4005322F40052A3816266284637
:100DA00001AA2146FFF7A8F8636E00280CBF0A25A8
:100DB0004FF0FF35DA0702D4A3899B0506D52846F4
:100DC00008B070BD2846FEF775FCD7E7A06DFFF7A9
:100DD00099FA284608B070BDA06DFFF791FAB4F9F2
:100DE0000C309AB2D2E700BF60B60608024B01464B
:100DF0001868FFF7ADBF00BF4C0E0024838903F0D5
:100E00000903092B01D000207047FEF7FBBB00BF90
:100E1000F8B50C46054610B1836B002B40D0B4F9F1
:100E20000C309AB2970407D4626E43F4005322F454
:100E300000526266A3819AB200219606616038D49E
:100E400050071AD4D10662D512074ED443F00403DA
:100E5000A3812369002B55D0B4F90C70BEB2B3073F
:100E60002AD12269226028466369256AE169A84778
:100E70000028606017DD0020F8BD216B0029E8D054
:100E800004F14003994202D02846EBF74DF9E36B99
:100E9000636000202063002BDBD0A36B2360F8BDD0
:100EA000FEF708FCBBE7B4F90C3016D143F0200381
:100EB000A3814FF0FF30F8BD194B1A491868012380
:100EC000A38106F00906FFF795F9092EA781C8D17D
:100ED00021462846FEF7BEFAC3E743F0400300224E
:100EE000A38162604FF0FF30F8BD21462846FEF72F
:100EF0005BFB0028DDD1B4F90C30A060A06123F0C9
:100F00000803A3E721462846FFF72CFAA4E743F09D
:100F1000400309222A604FF0FF30A381F8BD00BFD3
:100F20004CB60608FD0D060838B5074C00230546EB
:100F300008462360EBF7C0FD431C00D038BD236892
:100F4000002BFBD02B6038BDA414012400290CBF5A
:100F5000022200224FF4806300F000B82DE9F04334
:100F60005D4C256883B00446884616461F4615B179
:100F7000AB6B002B7ED0022E05D0012E00F2A98093
:100F8000002FC0F2A680636EDA0735D521462846C9
:100F9000FEF70AFB216B41B104F14003994202D0F4
:100FA0002846EBF7C1F800232363B4F90C30002284
:100FB0001806A261626061D423F44A6323F003033C
:100FC000022EA3811FD10025616E002004F143028F
:100FD00043F00203A060C9074FF00100A381226023
:100FE000C4E9042004D49B0502D4A06DFFF78AF95C
:100FF000284603B0BDE8F083A3899B05C6D4A06D45
:10100000FFF77EF9C2E701AB6A4621462846FFF7A3
:101010007BF9A3891843A081002F36D1009F384661
:10102000FFF7EAF98046002842D0A38943F0800305
:10103000A381AB6B7BB3009AB4F90C30C4F8008089
:10104000BA421CBF43F40063A381012E04BF43F0E6
:101050000103A3819BB213F00802C4E904871ED1E7
:10106000A260656E15F00105BDD00025284603B0CD
:10107000BDE8F0832846FEF71DFB7CE72169284682
:10108000EBF752F8B4F90C3096E7B8F1000FC6D080
:10109000AB6B002BCFD12846FEF70CFBCBE7DA0772
:1010A00004D57F420022A761A260DAE7A760D8E7F3
:1010B000DDF80090B94504D1B4F90C304FF0FF359C
:1010C00082E74846FFF798F980460028F4D04F465B
:1010D000ABE74FF0FF358BE74C0E00241F2938B5E6
:1010E00022D8D0F8DC3205460C466BB153F82120EB
:1010F00052B1012A12D0511C12D00025204643F8CB
:1011000024509047284638BD284600F02FF8224644
:1011100001462846BDE8384000F014B8002038BD2C
:1011200016230360012038BD162303604FF0FF3003
:1011300038BD00BF024B01461868FFF7CFBF00BFA4
:101140004C0E002438B50B46074C05461146184690
:101150000023236004F0C6FE431C00D038BD236882
:10116000002BFBD02B6038BDA414012404F0B2BEC8
:101170000CB430B5214B00299DB01C6838DB4FF40E
:10118000027302900690ADF8143021A819D00139ED
:101190000346209A0491079101904FF6FF7502A92A
:1011A0002046ADF8165000F047FD421C01DA8B23B3
:1011B0002360029B00221A701DB0BDE8304002B0CF
:1011C000704703460491079101904FF6FF75209AEE
:1011D000ADF8165002A9204600F02EFD431C04DB9A
:1011E0001DB0BDE8304002B070478B232360F7E7A5
:1011F0008B2323604FF0FF30F2E700BF4C0E00243A
:1012000010B50C46B1F90E1004F0E4FC002803DB25
:10121000236D0344236510BDA38923F48053A38168
:1012200010BD00BF2DE9F0411646B1F90C201F4654
:10123000D3050C460546B1F90E1007D5002202234E
:1012400004F0ACF9B4F90C20B4F90E1022F4805279
:10125000A2813B4632462846BDE8F04103F014BA6D
:1012600010B50C46B1F90E1004F098F9A389421C90
:101270000EBF23F4805343F480532065A38110BD37
:10128000B1F90E1003F07CBAC9B200F003030029D3
:1012900043D07BB10378002B67D099423CD0431CEC
:1012A00005E013F8012B002A5DD08A4234D09A075A
:1012B0001846F6D170B4046841EA012646EA0646AB
:1012C00086EA0405A5F10133A4F1013223EA0503FE
:1012D00022EA0402134313F0803F0FD150F8044F69
:1012E00084EA0605A5F10132A4F1013322EA0502E0
:1012F00023EA0403134313F0803FEFD0037843B194
:10130000994202D106E08B4204D010F8013F002B35
:10131000F9D1184670BC704770475BB10378002B59
:10132000FAD0431C03E002780133002AF4D0990775
:101330001846F8D10268A2F1013323EA020313F040
:10134000803F08D150F8042FA2F1013323EA0203B1
:1013500013F0803FF6D00378002BDDD010F8013F6A
:10136000002BFBD17047104670471846704700BFEE
:10137000000000000000000000000000000000006D
:10138000A2EB0300704700BF02780B78012A28BF48
:101390009A42F5D16DE9044540EA0104CDE90267BE
:1013A0006FF0000C4FEA447212B380EA010414F0AB
:1013B000070F6AD100F0070420F0070004F00305CE
:1013C00021F007014FEAC505F0E8042314F0040FEB
:1013D000F1E804670CFA05F462EA040266EA04061E
:1013E0000AD063EA0403624667EA0407664603E03C
:1013F000F0E80423F1E8046782FA4CF582EA060477
:10140000A4FA8CF46CBB83FA4CF583EA0705A5FAC1
:101410008CF595B950E9022351E9026782FA4CF53F
:1014200082EA0604A4FA8CF483FA4CF583EA0705F1
:10143000A5FA8CF52543DBD09CB92DBAB5FA85F415
:1014400024F0070427FA04F1DDE9026723FA04F324
:1014500003F0FF0001F0FF01FDE80445A0EB0100EF
:10146000704724BAB4FA84F424F0070426FA04F18D
:10147000DDE9026722FA04F202F0FF0001F0FF0149
:10148000FDE80445A0EB0100704714F0030F3CD1C8
:1014900010F0030428D150F8082B51F8083B82FAC9
:1014A0004CF582EA0305A5FA8CF55DB950F8042CD9
:1014B00051F8043C82FA4CF582EA0305A5FA8CF552
:1014C000002DE8D02DBAB5FA85F424F0070423FAEC
:1014D00004F122FA04F202F0FF0001F0FF01FDE83E
:1014E0000445A0EB010070474FEAC40420F003005C
:1014F00050F8082B21F0030151F8083B0CFA04F4D2
:1015000062EA040263EA0403C9E710F003041AD094
:10151000A1EB040120F00300E40750F8042B06D0EF
:101520000FD28B785FFAA2F4E41A06D12BB1CB78F4
:101530005FFAB2F4E41A00D11BB920465DF8104BF3
:10154000704701F1040150F8042BCC0721F003018E
:1015500051F8043B48D824D222F07F4482FA4CF55B
:1015600094EA1325A5FA8CF50AD165B951F8043B24
:1015700084EA0204B4EB036F0ED150F8042BEBE7BE
:101580004FEA132355E035F07F454DD10878FDE84B
:101590000445C0F1000070474FEA126203F0FF03F8
:1015A00047E002EA1C4482FA4CF594EA1345A5FA96
:1015B0008CF50AD165B951F8043B84EA0204B4EB16
:1015C000034F0CD150F8042BEBE74FEA134330E004
:1015D00015EA1C4528D10B884FEA124229E04FEA50
:1015E000124203EA1C4324E002F0FF0482FA4CF5A5
:1015F00094EA1365A5FA8CF50AD165B951F8043B54
:1016000084EA0204B4EB032F09D150F8042BEBE772
:101610004FEA13630DE015F0FF0F05D10B684FEA99
:10162000122223F07F4304E04FF00000FDE8044560
:10163000704712BA1BBA82FA4CF482EA0304A4FA85
:101640008CF5B5FA85F402FA04F203FA04F34FEAD2
:101650001260FDE80445A0EB136070470000000035
:10166000000000000000000000000000000000007A
:10167000000000000000000000000000000000006A
:1016800090F800F06DE9024520F007016FF0000CC2
:1016900010F0070491F820F040F049804FF000046A
:1016A0006FF00700D1E9002391F840F000F1080045
:1016B00082FA4CF2A4FA8CF283FA4CF3A2FA8CF37D
:1016C0004BBBD1E9022382FA4CF200F10800A4FAE4
:1016D0008CF283FA4CF3A2FA8CF3E3B9D1E9042338
:1016E00082FA4CF200F10800A4FA8CF283FA4CF36F
:1016F000A2FA8CF37BB9D1E9062301F1200182FA29
:101700004CF200F10800A4FA8CF283FA4CF3A2FA2E
:101710008CF3002BC6D0002A04BF04301A4612BA3C
:10172000B2FA82F2FDE8024500EBD2007047D1E93F
:10173000002304F00305C4F100004FEAC50514F0CE
:10174000040F91F840F00CFA05F562EA05021CBF9F
:1017500063EA050362464FF00004A9E770B4047819
:10176000A4B10D7806464DB1A5420AD00A4601E063
:10177000A34206D012F8013F002BF9D1801B70BCA8
:10178000704710F8014F002CEDD1F7E72046F6E73F
:101790004FF0010C2DE9F041644600264FF0FF3573
:1017A00033198B4200EB05070DD23F5D10F803E0C3
:1017B000BE452DD21E460124A3EB050C33198B42E6
:1017C00000EB0507F1D34FF00108C2F800C0444612
:1017D00000264FF0FF3733198B4200EB070C0ED277
:1017E0001CF804C010F803E0E64518D91E46012491
:1017F000A3EB070833198B4200EB070CF0D301373A
:10180000681C874224BFC2F800803846BDE8F081DA
:101810000CD04FF0010C354664466644C0E70BD04F
:101820004FF00108374644464644D4E7644512BFAA
:1018300001341E460124B3E7444512BF01341E465D
:101840000124C8E72DE9F04FADF2144D914605464D
:101850008B461046194603AA1C46FFF799FF03ABB7
:1018600080460DF20C4243F8044F9342FBD154B131
:10187000631E09F1FF3204A812F8011F40F821305D
:1018800013F1FF33F8D20399424649444846FFF723
:10189000CFF800286ED108F1FF3301934B44824604
:1018A000009323460746544658469A4607EB0A06D5
:1018B000321A00212844FFF76BF8002855D1002E7A
:1018C00053D0AB1904AA13F8013C52F823304BB1A2
:1018D00024B1039A9A4201D9AAEB02031F440024BF
:1018E0003046E3E7444523460AF1FF3C38BF434610
:1018F000634513D2FA1819F8030015F802E086457B
:101900002A4409EB030106D02BE011F801EF12F88D
:10191000010F864525D101336345F6D3019B44452C
:10192000194680F08780FB18009AE85C12788242A2
:101930002B447FD1009804F1FF3B06E010F801ED45
:1019400013F801CDE64503D111464A1E9345F5D162
:1019500001348C4270D8039C30462744AAEB04041F
:10196000A4E7C8F101021744B8E700200DF2144DB6
:10197000BDE8F08FA4EB0803434538BF434601336D
:1019800008F1FF37039309EB070358464FF0000AAD
:10199000C34698460AEB0406321A00212844FEF793
:1019A000F7FF0028E1D1002EDFD0AB1904AA13F80D
:1019B000013C52F82330A3BB611E8B4515D20AEBC4
:1019C0000B0219F80B3015F802C09C452A4409EBAC
:1019D0000B005B4606D027E010F801EF12F801CFAC
:1019E000E64521D101338B42F6D37B1C12D00AEBA2
:1019F000070398F80000E95C884205EB03020FD169
:101A0000434605E013F8010D12F8011D884207D185
:101A10004B45F7D105EB0A000DF2144DBDE8F08FF0
:101A2000039B9A443046B5E7CBF1010292449A44B5
:101A30003046AFE741468BE7E81997E72DE9F04FCD
:101A400002780E4685B0054609788AB3A1B184466E
:101A5000741C0846012701E068B11C46904214BF7F
:101A6000002707F0010723461CF8012F13F8010B8C
:101A7000002AF1D1F0B91FB1284605B0BDE8F08FBA
:101A8000681CFFF701FC0746A0B1A41B012C16D06F
:101A9000254485422CBFA5EB00094FF001091F2CFE
:101AA0000FD9234632464946FFF7CCFE0546E3E709
:101AB0000029E1D00025284605B0BDE8F08F054695
:101AC000DAE703AA21463046FFF762FE0399804613
:101AD000024631443046FEF7ABFF00284ED108F1F4
:101AE000FF330193F3188246054600934846B346F8
:101AF0006619321A00213844FEF74AFF0028D9D16E
:101B0000002ED7D0D045434638BF53469C4212D909
:101B10005A191BF80310B85C81423A440BEB030CD2
:101B200006D072E01CF8010F12F8011F88426CD138
:101B300001339C42F6D1019BD045194677D9EB1869
:101B4000009AF85C127882423B4470D100980AF106
:101B5000FF3906E010F801ED13F801CDE64503D199
:101B600011464A1E4A45F5D10AF1010A8A454AD86A
:101B7000039B30461D44A4EB030AB9E7A4EB08031A
:101B8000434538BF4346013308F1FF3A039306EB60
:101B90000A0348460025B34699466619321A0021C1
:101BA0003844FEF7F5FE002884D1002E82D044454B
:101BB00014D908EB05021BF80830B85C98423A4487
:101BC0000BEB0801434606D027E011F801CF12F8CD
:101BD000010F844521D101339C42F6D1BAF1FF3F78
:101BE00011D005EB0A0399F80020F95C91423B44BF
:101BF00019D14A4605E012F8010D13F8011D88427B
:101C000011D15A45F7D13D4436E7C8F101021544D8
:101C10001D444FF0000A30466AE7C8F1010215443E
:101C20001D443046B9E7039B30461D44B5E74146A5
:101C30009AE700BF000000002DE9F04F2DED068B64
:101C4000BFB00C460B9190460F930C9003F098FC9C
:101C5000036815931846FFF713FDA38914901D061A
:101C600003D52369002B00F0E28600239FED968BBD
:101C70009FED979BCDE922330DF1B8091293139391
:101C800016930A93CDF88490CA4698F80030002B3A
:101C900000F09A80252B444602D11CE0252B03D06E
:101CA00014F8013F002BF9D1A4EB080585B1DDE95B
:101CB000223201332A44072BCAF80080CAF80450A4
:101CC000CDE9223278DC0AF1080A0A9B2B440A93F8
:101CD0002378002B78D04FF0000300228DF8673076
:101CE0004FF0FF3063780D921146164604F101085B
:101CF000099008F101089B46ABF12003582B00F234
:101D00005E83DFE813F0C6025C035C03C1025C0380
:101D10005C035C035C035C035C03B502B0025C0320
:101D2000500335035C035503BB00BB00BB00BB0085
:101D3000BB00BB00BB00BB00BB005C035C035C03DF
:101D40005C035C035C035C035C035C035C031303E4
:101D5000E7025C03E7025C035C035C035C03E202F2
:101D60005C035C03AA005C035C035C035C035C0330
:101D700077005C035C0390025C035C035C035C0320
:101D80005C035C035C035C035C035C0388013B0154
:101D9000E702E702E70236013B015C035C0329012D
:101DA0005C031501AC00CF00CA005C03EB005C03D0
:101DB00079005C035C03CE0221AADDE90B1003F07D
:101DC0001FFF40B9CA4680E7239B23B10C980B99AB
:101DD00021AA03F015FF0B9B9B8913F0400F0A9B70
:101DE00018BF4FF0FF330A930A983FB0BDEC068B43
:101DF000BDE8F08F46F01006B7060F9B40F1FA845D
:101E0000073323F0070303F10802D3E900450F92DB
:101E100001234FF000028DF86720099A013200F08B
:101E2000FF8326F08002079254EA05024FF0000774
:101E300040F0C780099A002A40F07B86002B40F0D2
:101E4000AE8416F001030E9300F018853EAB1A46DF
:101E5000302302F8413D1092D4E046F0100616F00F
:101E6000200300F0D0840F9B073323F0070303F116
:101E70000802D3E900450F920023CAE7ABF1300313
:101E8000002018F801BB00EB800003EB4000ABF131
:101E90003003092BF5D90D902EE746F0200698F86F
:101EA000003026E70F9A0C4B14681393043247F660
:101EB0003003ADF8683046F002060F920025022389
:101EC0004FF0780BA5E700BF000000000000000005
:101ED000FFFFFFFFFFFFEF7F88B606080F9A13682A
:101EE00010934FF000018DF86710141D002B00F0C7
:101EF000CE85099A531C00F06D8600211098FEF7DC
:101F000047FD002800F05387109B9DF867700F94E1
:101F1000C31A00220E9323EAE373099207960893EB
:101F20001192002F00F08A80089B0133089385E00E
:101F3000002A41F04D800F9AB00652F8043B0F92F0
:101F400000F1D484F10600F1C885720640F1C58520
:101F5000BDF828201A8098E698F800306C2B03BF53
:101F600098F8013046F0200608F1010846F0100606
:101F7000BFE646F0400698F80030BAE6002A41F085
:101F80003B80B4060F9B40F1DA81073323F007034F
:101F9000D3E9004503F108020F92002C75F100030C
:101FA000C0F27884099B9DF86770013300F07D844E
:101FB00026F08002079254EA05024FF001033FF435
:101FC00039AF012B00F03283022B00F054834946D5
:101FD00000E01146E20842EA4572E80804F007030F
:101FE00005461446303354EA050001F8013C01F17E
:101FF000FF32EED107981092C00700F12284A9EBBE
:1020000002030E93099B0E9A9342B8BF134608939E
:102010000023119385E70F9A079613688DF8903087
:102020004FF00001131D8DF8671001210027CDE945
:102030000E1324AB0891099711971093079B13F087
:10204000020302D0089A023208920799239A11F0EB
:1020500084063AD10D9908980C1A002C35DD102C05
:102060002299BD4D24DD50461027C246B0461E467B
:1020700004E0103C102C00F1080015DD0131103295
:102080000729CDE92212C0E90057F2DD21AADDE9D6
:102090000B1003F0B5FD00287FF49DAE103C102C12
:1020A000DDE922124846E9DC33464646D046824600
:1020B000013122440729CDE92212CAE9005400F374
:1020C00010859DF867700AF1080A77B122990131ED
:1020D00001320DF1670401200729CDE92212CAE976
:1020E000004000F3B0820AF1080A6BB1229B013371
:1020F00002321AA80221072BCDE92232CAE90001D7
:1021000000F3AE820AF1080A802E00F0C781099B15
:102110000E995D1A002D2FDD102D229B8F4C20DD96
:1021200051461026DDE90BA704E0103D102D01F10A
:10213000080115DD01331032072BCDE92232C1E948
:102140000046F2DD21AA5146384603F059FD002829
:102150007FF441AE103D102DDDE922324946E9DC25
:102160008A4601332A44072BCDE92232CAE90045C9
:1021700000F396820AF1080A079BDB0500F136811D
:10218000229B1099CAF800100E99CAF80410013366
:102190000A44072B2392229300F3EE810AF1080AE6
:1021A000079B590730D50D9B08995C1A002C2BDD35
:1021B000102C229B684D1EDD1026DDE90BB704E0D4
:1021C000103C102C0AF1080A15DD01331032072BE0
:1021D000CDE92232CAE90056F2DD21AA5946384635
:1021E00003F00EFD00287FF4F6AD103C102CDDE965
:1021F0002232CA46E9DC01332244072BCDE92232E0
:10220000CAE9005400F330830A9B0D990898814273
:10221000ACBF5B181B180A93002A40F0768100239C
:102220002293CA4631E5002A40F0DA864C4B1393DC
:10223000B1060F9B3DD5073323F00703D3E90045D3
:1022400003F108020F92F70740F1B78054EA050343
:1022500000F0B38030238DF868308DF869B046F017
:1022600002060223D5E598F8003001222B2140E533
:102270000F9898F8003004680D94002C00F10400C9
:10228000C0F2E4830F9034E546F0010698F8003080
:102290002FE598F8003000297FF42BAD0122202192
:1022A00027E5002A40F0A0862E4B1393B1060F9B22
:1022B000C1D453F8044B0F93F20600F1E382730686
:1022C00040F1E082A4B20025BDE746F0080698F888
:1022D00000300EE5002A40F07F860F9B073323F085
:1022E000070393ED008B0833B0EEC87BB4EE497B57
:1022F000F1EE10FA0F9340F30783B5EEC08BF1EEC9
:1023000010FA00F113859DF86770174A174B0321E7
:10231000002026F08004BBF1470FD8BF1A46CDE954
:102320000810079410920E911190FAE5002A40F0DF
:102330005F8646F01006B4060F9B3FF526AE53F8B5
:10234000044B0F93F00600F19F82710640F19C82CE
:1023500024B2E51721E600BFA8B60608B8B60608FD
:1023600074B6060888B6060868B6060864B6060895
:1023700098F800B0BBF12A0F08F1010000F00F86B9
:10238000ABF13003092B804600F2E584002018F8F9
:1023900001BB00EB800003EB4000ABF13003092BE5
:1023A000F5D90990A8E498F8003046F00406A0E4B6
:1023B00046F0800698F800309BE4022329E5002AC5
:1023C00040F01E86BBF1000F3FF4FEAC0123002756
:1023D00008934FF000020E9324AB8DF890B08DF867
:1023E0006720079609971197109327E6BBF1650FB1
:1023F00040F3CD80B5EE408BF1EE10FA40F06081F5
:10240000229BAD49CAF80010013301320121072B8C
:10241000CDE92232CAF8041000F3B6830AF1080AA3
:10242000129A1B9B9342239A80F21982229B159940
:10243000CAF800101499CAF8041001330A44072B93
:10244000CDE9223200F318830AF1080A129B5D1EBF
:10245000002D7FF7A5AE102D229B984C40F36D8385
:102460001026DDE90BB705E00AF1080A103D102D32
:1024700040F3638301331032072BCDE92232CAE9DE
:102480000046F1DD21AA5946384603F0B9FB002881
:102490007FF4A1ACDDE92232CA46E7E70D9B08993B
:1024A0005D1A002D7FF733AE102D229B834C20DD6B
:1024B00051461026DDE90BA704E0103D102D01F177
:1024C000080115DD01331032072BCDE92232C1E9B5
:1024D0000046F2DD21AA5146384603F091FB002860
:1024E0007FF479AC103D102DDDE922324946E9DC5C
:1024F0008A4601332A44072BCDE92232CAE9004536
:1025000000F325830AF1080A01E621AADDE90B1090
:1025100003F076FB00283FF482AE5CE421AADDE9FB
:102520000B1003F06DFB00287FF455AC1B99239A28
:10253000CA4619B9129B002B00F05C83229B1598A8
:10254000CAF800001498CAF8040001330244072BAB
:102550002392229300F336840AF1080A0029C0F27C
:102560006F841299109801330A44072BCDE9223267
:10257000CAE900017FF712AE21AADDE90B1003F0D2
:102580003FFB00287FF427AC239ACA4608E6129C3A
:102590002298012C02F1010200F101030AF1080165
:1025A00040F33C810120109CCAF80040072BCDE984
:1025B0002232CAF8040000F3A4821498159C013357
:1025C0000244072BCDE92232C1E9004000F3A58285
:1025D0000831129CB5EE408B581CF1EE10FA0746FC
:1025E00004F1FF3501F1080A00F0DE80109C4D6017
:1025F00001342A4407280C602392229000F32A8297
:1026000001F11004981C5146A246169C4C602244CD
:102610001DAB0728239222900B607FF7C1ADABE77B
:10262000012B07964FF000077FF4CEAC002D08BFBA
:102630000A2C80F040813EAB303403F8414D1093BA
:1026400001230E93DEE421AADDE90B10179303F0BA
:10265000D7FA00287FF4BFAB239A179BCA4644E5FC
:1026600021AADDE90B1003F0CBFA00287FF4B3AB0D
:10267000239ACA4648E5139E4A46230904F00F00F0
:1026800043EA057329091C460D46335C02F8013DF7
:1026900054EA0503F1D1A9EB020310920E93B1E4C1
:1026A00021AADDE90B1003F0ABFA00287FF493AB0D
:1026B000239ACA4660E500BFA4B60608B8B6060865
:1026C0001B99002940F34F82DDE911318B42A8BFED
:1026D0000B46002B1D460EDD229B1099CAF80010F8
:1026E00001332A44072B2392CAF80450229300F3A3
:1026F00012830AF1080A119B002DA8BF5B1B002B57
:102700001D4600F371811B9B12998B42C0F2D4814C
:102710000799CD0700F1D0811299119CCB1A0D1B9E
:102720009D42A8BF1D46002D0FDD22991098CAF8C2
:102730000450013120442A440729CAF80000CDE999
:10274000221200F326830AF1080A002DACBF5D1B9C
:102750001D46002D7FF724AD102D229BC54C40F364
:10276000EC811026DDE90BB705E00AF1080A103DFF
:10277000102D40F3E28101331032072BCDE92232D4
:10278000CAE90046F1DD21AA5946384603F038FA75
:1027900000287FF420ABDDE92232CA46E7E7099B37
:1027A0000E93CDF840902DE4002D7FF72EAF102D25
:1027B000B04C40F3D8831026DDF82CA00C9F0346C4
:1027C00005E00831103D102D40F3E881013310324F
:1027D000072BCDE92232C1E90046F2DD21AA51469C
:1027E000384603F00DFA00287FF4F5AADDE922321D
:1027F0004946E7E753F8044B0F93F5067DD50025CE
:102800000123FFF706BB0F9A52F8044B0F9216F004
:10281000100200F0E1800025FFF7FBBA079CE407F7
:102820003FF5C0AE0124109DCAF80050072BCDE93A
:102830002232CAF8044000F30D8102300AF1100A76
:10284000E3E6302B00F03281109A0239302302F88F
:10285000013CA9EB01030E931091FFF7D3BB079B3B
:10286000DF073FF5E3AD9BE421AADDE90B1003F0A0
:10287000C7F900287FF4AFAA239AC5E4CDF84090A9
:10288000FFF7C0BB0025DEE4E517002C75F100035F
:10289000BFF688AB099B64424FF02D0765EB4505F9
:1028A00001338DF867707FF483AB002D08BF0A2CCD
:1028B0000796FFF4C0AE4E46204629460A22002362
:1028C000FBF744FC303206F8012D20462946002350
:1028D0000A22FBF73BFC04460D4654EA0503EBD104
:1028E000A9EB060310960E93FFF78CBB0A9A1046CD
:1028F000D117C3E90001FFF7C8B9700648BFA4B2F9
:1029000000250123FFF785BAB4EE488BF1EE10FAEB
:1029100080F10183099B5A1C2BF0200500F03682C0
:10292000472D00F06C8146F48073079318EE903ABF
:10293000002BC0F20C82B0EE48AB0027BBF1660F53
:1029400000F00D82BBF1460F00F05E82452D00F0D5
:102950005B811FA81CA91BAA0223099C0292CDE936
:1029600003100093019453EC1A2B0C9801F0ACFF68
:10297000BBF1670F109040F02183F30740F16B81AA
:10298000109B099A9918B5EE40ABF1EE10FA40F0A1
:10299000D2810B46109A9B1A1293472D1B9B1193C1
:1029A00000F06281BBF1660F40F06681119B002B45
:1029B000099B40F3D182002B40F0C482F60700F15E
:1029C000C182119B08930E93002F40F080810997DC
:1029D0009DF86770FFF7A5BA16F040031CBF1346B9
:1029E000A4B20025FFF715BA102D229B214C40F30D
:1029F000E5801026DDE90BB705E00AF1080A103D75
:102A0000102D40F3DB8001331032072BCDE9223249
:102A1000CAE90046F1DD21AA5946384603F0F0F82C
:102A200000287FF4D8A9DDE92232CA46E7E7402131
:102A30000C98E9F72DFB0B9B18601861002800F03B
:102A4000BF820B9A40235361FFF70FB964420D9484
:102A50000F90AAE421AADDE90B1003F0D1F80028B9
:102A60007FF4B9A9DDE922020DF1C00A013049461F
:102A7000CBE500BFB8B6060821AADDE90B1003F0CC
:102A8000BFF800287FF4A7A9239ACA46DEE4099B71
:102A9000109F0997062B28BF062308930E93B94B66
:102AA0000F94079611971093FFF73BBA109BA9EB71
:102AB00003030E93FFF7A6BA22991598CAF80000EF
:102AC0001498CAF804000131024407292392229184
:102AD00000F315810AF1080A1EE60A9A1A60FFF748
:102AE000D4B821AADDE90B10179303F089F8002868
:102AF0007FF471A99DF86770239A179BCA46FFF768
:102B0000E4BA21AADDE90B1003F07AF800287FF47B
:102B100062A9DDE9223249464FE521AADDE90B1021
:102B200003F06EF800287FF456A9DDE92232494609
:102B30004FE5012B7FF448AA7DE501332A44072B9A
:102B4000CDE92232CAE900457FF728AB14E521AA76
:102B5000DDE90B1003F054F800287FF43CA9239A18
:102B6000CA46FFF7D4BA229B8748CAF8000001334F
:102B700001320120072BCDE92232CAF804003FF7C9
:102B8000CDAC0AF1080AD4E421AADDE90B1003F068
:102B900037F800287FF41FA9CA4641E4581C01F108
:102BA00008032A4407282392C1E9004522903FF7F1
:102BB00051AF013003F1080A194626E501332A44D2
:102BC000072BCDE92232CAE9004500F32E810AF134
:102BD000080A98E51098FEF753FD002320EAE072FA
:102BE0000E9009930F940796089211939DF86770C1
:102BF000FFF797B9079BDE077FF5D2AA9EE4002B6B
:102C000008BF012309938EE6099B1FA85C1C1CA921
:102C10001BAA0223CDE9031002920093019453EC06
:102C20001A2B0C9801F050FE1090BBF1470F40F0AA
:102C3000AC81F30740F1AC81109BBBF1460F03EB75
:102C400004017FF4A0AE109B1B78302B00F058815C
:102C50001B9C214497E61B9A1F9B1192109A472DAB
:102C6000A3EB0203129307D1119BDA1C02DB099A32
:102C70009A4233DAABF1020B119B8DF874B0013B31
:102C8000002B1B93BDBF119BC3F101032D222B22EF
:102C9000092B8DF8752000F30081303330228DF838
:102CA00077308DF876201EAB1DAA9B1A129A1693C8
:102CB000012A13440E9340F33B810E9B149A134454
:102CC0000E9323EAE3730893002311937CE62D27E8
:102CD00000238DF867700993FFF726B9DDE91131FC
:102CE0008B427DDBF40740F10481119B149A13445D
:102CF0000E9323EAE37308934FF0670B64E621AA6F
:102D0000DDE90B1002F07CFF00287FF464A81B9B18
:102D1000239ACA4600E521AADDE90B1002F070FFF4
:102D200000287FF458A8239ACA46E4E42D278DF89A
:102D30006770FFF7EABA1F9B8B42BFF42BAE3020BF
:102D40005A1C1F9218701F9B9942F9D822E6B1EEC7
:102D500048AB2D27F2E500230993FEF7CDBF1CA950
:102D6000099C01941FA81BAA0323CDE9031002921A
:102D700000930C9853EC1A2B01F0A6FD109001194A
:102D800061E700BF9CB60608A4B6060806230993AF
:102D9000C9E521AADDE90B1002F032FF00287FF41B
:102DA0001AA81B9B1299239ACB1ACA46CDE4099BF9
:102DB00008930E9309900F94079611909DF86770F1
:102DC000FFF7AFB821AADDE90B1002F019FF0028C8
:102DD0007FF401A81B99DDE92232CA46FFF7BEBB8A
:102DE000149A129B1344119A0E93002A06DC119B2D
:102DF0000E9AC3F101031A4413460E9223EAE373B9
:102E000008934FF0670BDFE51FA81CA91BAA03233B
:102E1000099C0292CDE903100093019453EC1A2B04
:102E20000C9801F051FD109006E721AADDE90B1086
:102E300002F0E6FE00287EF4CEAF239ACA4662E492
:102E40004D421031704C1CDA1026DDE90BB704E05E
:102E50000AF1080A103D102D13DD01331032072B43
:102E6000CDE92232CAE90046F2DD21AA59463846A8
:102E700002F0C6FE00287EF4AEAFDDE92232CA467B
:102E8000E8E701332A44072BCDE92232CAE900459D
:102E90006EDC0AF1080AFFF764BB0DF183052846D2
:102EA0005A4C00E01046A4FB0321C90801EB810243
:102EB000A3EB42023032092900F8012C0B4600F145
:102EC000FF32EFDC30330238DBB2854202F8013CDE
:102ED00071D90DF17600114601E011F8013B00F8BF
:102EE000013B8D42F9D121AB9B1A0DF176021344BF
:102EF000DAE623EAE37208920E934FF0670B63E57C
:102F0000B5EE40ABF1EE10FA3FF4A2AEC4F101040D
:102F10001B94214437E518EE903A002BB6BF2D27BD
:102F20009DF867708DF86770394A3A4BFFF7EFB933
:102F300016F0010311937FF4C0AE0E9B23EAE373F6
:102F4000089341E5119B149A1344099A1A4422EA02
:102F5000E2730E92089337E53BB9F50705D40123D8
:102F600008930E9330E553461BE6149B0133ECE7C0
:102F700021AADDE90B1002F043FE00287EF42BAFFE
:102F8000DDE92232CA46FFF7ECBA109B1919FAE4C0
:102F90001B9A1F9B1192109A9B1A129364E60F9D25
:102FA00098F801302C68804644EAE474281D09949E
:102FB0000F90FEF79EBE0DF1760375E6099C34E690
:102FC0000C9A0C2313604FF0FF330A93FEF70CBFEB
:102FD0008DF86710FEF7AFBF8DF86710FFF77DB96A
:102FE0008DF86710FFF722B98DF86710FFF75CB90D
:102FF0008DF86710FFF79DB98DF86710FEF7C1BF18
:103000008DF86710FFF7DEB9B8B60608CDCCCCCC8A
:1030100070B606086CB606082DE9F04F2DED068B4C
:10302000BDB01C468846924605460A9002F0A8FAB2
:10303000036813931846FEF723FB0E9412901DB1FC
:10304000AB6B002B00F00581D8F86410B8F90C20A8
:10305000C80793B202D4990540F147819F040AD46E
:10306000D8F8641042F4005321F40051A8F80C3051
:10307000C8F864109BB21E0740F1B180D8F8102048
:10308000002A00F0AC8003F01A020A2A00F0C58082
:1030900000239FEDA18B9FEDA29B1193CDE92033DF
:1030A000CDE9143309932CAB1F939946C3469AF884
:1030B0000030002B00F08082252B544602D11EE008
:1030C000252B03D014F8013F002BF9D1A4EB0A05FE
:1030D0008DB1DDE9203201332A44072BC9F800A065
:1030E000C9F80450CDE9203200F3DC8009F1080969
:1030F000099B2B4409932378002B00F05D824FF04D
:10310000000300228DF85F3066780B924FF0FF339A
:103110001146174604F1010A08930AF1010AA6F1C3
:103120002003582B00F2E383DFE813F0DA02E10317
:10313000E103E202E103E103E103E103E103E1036F
:1031400032033E03E103AE037F03E1036002E700C5
:10315000E700E700E700E700E700E700E700E70037
:10316000E103E103E103E103E103E103E103E1033F
:10317000E103E10399034303E1034303E103E103B3
:10318000E103E103B803E103E1039700E103E10395
:10319000E103E103E103AB00E103E1036502E103C5
:1031A000E103E103E103E103E103E103E103E103FF
:1031B000E103BF02FE004303430343034E02FE004C
:1031C000E103E1035302E103220399006F03B30318
:1031D000E103FC02E103AD00E103E103E702414644
:1031E0000A9801F067FA88B1D8F86430DD0704D492
:1031F000B8F80C309C0540F172834FF0FF3309930F
:1032000009983DB0BDEC068BBDE8F08FB8F80C30E6
:1032100003F01A020A2A7FF43BAFB8F90E20002A05
:10322000FFF636AFD8F86420D00705D4990503D44B
:10323000D8F85800FDF766F82346524641460A98EA
:1032400001F032F9099009983DB0BDEC068BBDE85C
:10325000F08F0A98FCF72EFAF6E647F0100717F001
:10326000200340F020830E9A52F8044B0E9217F080
:10327000100204D117F040031CBF1346A4B200256E
:10328000D9E147F01007BA060E9B00F1178353F8F7
:10329000044B0E93FB0602D47D0648BFA4B2002562
:1032A0000123C8E11FAA59460A9802F05FFD50B9F0
:1032B0000DF1B0091CE71FAA59460A9802F056FD05
:1032C000002800F07081D846D8F86420B8F80C3097
:1032D000D00702D4990540F1FB825A068DD4099893
:1032E0003DB0BDEC068BBDE8F08FD8F85800FDF777
:1032F00007F8B8F90C2093B2B0E6A6F1300300202D
:103300001AF8016B00EB800003EB4000A6F13003DC
:10331000092BF5D90B9002E7000000000000000027
:10332000FFFFFFFFFFFFEF7F002A41F08A80BA0610
:103330000E9B40F19D82073323F00703D3E900453C
:1033400003F108020E92002C75F10003C0F29B8479
:103350009DF85F300C93089B013300F0A18427F0A7
:103360008002069254EA05024FF0010340F0748196
:10337000089A002A40F04085002B40F0528417F054
:1033800001030D9300F05D850DF1F008302308F87E
:10339000413D089B0D9A9342B8BF13460793002303
:1033A00010930C9B13B1079B01330793069B13F0FB
:1033B00002030F9302D0079B02330793069B219AC7
:1033C00013F084073CD10B9B07995C1A002C37DD66
:1033D000102C2099BF4D25DD48461023C146B0462C
:1033E0000A9E04E0103C102C00F1080017DD0131AA
:1033F00010320729CDE92012C0E90053F2DD1FAADF
:10340000594630460C9302F0B1FC00287FF45BAFC4
:10341000103C102CDDE920122CA80C9BE7DC464662
:10342000C8468146013122440729CDE92012C9E965
:10343000005400F357849DF85F300C9309F108099C
:103440000C9B73B12099013101320DF15F04012011
:103450000729CDE92012C9E9004000F3778309F17B
:1034600008090F9B6BB1209B0133023218A802217F
:10347000072BCDE92032C9E9000100F3738309F17C
:103480000809802F00F0A482089B0D995D1A002D79
:103490002FDD102D209B904C20DD49461027DDF8B4
:1034A000289004E0103D102D01F1080115DD0133D5
:1034B0001032072BCDE92032C1E90047F2DD1FAA07
:1034C0005946484602F052FC00287FF4FCAE103DFD
:1034D000102DDDE920322CA9E9DC894601332A448C
:1034E000072BCDE92032C9E9004500F3498309F1F2
:1034F0000809069BD90500F11182209B0D99C9F896
:10350000008001330A44072B2192C9F8041020934C
:1035100000F3FD8209F10809069B5C0738D50B9B77
:1035200007995C1A002C33DD102C209B694D1EDDA1
:1035300010260A9F04E0103C102C09F1080916DD42
:1035400001331032072BCDE92032C9E90056F2DDF4
:103550001FAA5946384602F009FC00287FF4B3AE92
:10356000103C102CDDE920320DF1B009E8DC01330C
:103570002244072BCDE92032C9E9005408DD1FAAF7
:1035800059460A9802F0F2FB00287FF49CAE219A7B
:10359000099B0B9907988142ACBF5B181B180993D4
:1035A000002A7FF488AE002320939AF800300DF1B2
:1035B000B009002B7FF480AD219BD846002B40F052
:1035C0007586002320937FE647F040079AF8006055
:1035D000A3E59AF800606C2E03BF9AF8016047F0EB
:1035E00020070AF1010A47F0100796E547F0800727
:1035F0009AF8006091E5002A40F03D87374B14931C
:10360000B8060E9B40F18280073323F00703D3E90D
:10361000004503F108020E92FB0740F1AF8254EA25
:10362000050300F0AB8230238DF860308DF86160C7
:1036300047F0020702234FF000028DF85F20089A3E
:10364000013200F0708200220C9227F08002069274
:1036500054EA05023FF48CAE012B00F06A82022B83
:1036600000F0F8812CA900E04146E20842EA4572E8
:10367000E80804F0070305461446303354EA05020F
:1036800001F8013C01F1FF38EED1069AD00740F174
:10369000F281302B00F0EF813023023908F8013C31
:1036A0002CAB5B1A0D93884673E60E9906970B6850
:1036B0008DF888304FF0000201208DF85F200B1D3F
:1036C000002207900C92CDE90D03089210920DF1A3
:1036D00088086BE6C8B60608D8B6060874B60608A9
:1036E0009AF8006000297FF418AD0122202114E52A
:1036F00047F001079AF800600FE5002A40F0B7860E
:10370000BB4B1493B8060E9B3FF57EAF53F8044BAA
:103710000E93F90600F1AF827A0640F1AC82A4B2B2
:10372000002579E70E9BD3F800804FF000028DF85A
:103730005F201C1DB8F1000F00F0A084089A531CF4
:1037400000F0F28400214046FDF722F9002800F045
:103750006D84A0EB08030D9323EAE3730022079323
:103760009DF85F3008920E94069710920C9318E61D
:10377000002A40F078860E9ABC0652F8043B0E925E
:1037800040F17083099A1046D117C3E900018EE415
:103790000E9B9AF8006018680B90002803F1040350
:1037A000C0F219840E93B8E49AF8006001222B212C
:1037B000B3E4002A40F053860E9B073323F007033F
:1037C00093ED008B0833B0EEC87BB4EE497BF1EE8D
:1037D00010FA0E9340F35683B5EEC08BF1EE10FA5B
:1037E00000F1FD839DF85F300C93824A824B0321E8
:1037F000002027F08004CDE907100694472ECCBFA7
:10380000904698460D911090CBE50E9A784B14682F
:103810001493043247F63003ADF8603047F00207E6
:103820000E9200250223782605E79AF800602A2EDA
:103830000AF1010000F0F685A6F13003092B82465B
:1038400000F2C58400201AF8016B00EB800003EB46
:103850004000A6F13003092BF5D908905FE4002A57
:1038600040F0F98547F01007BA060E9B3FF563ADAF
:1038700053F8044B0E93FD0600F1FF81780640F1EA
:10388000FC8124B2E5175EE59AF8006047F0040772
:1038900043E447F020079AF800603EE447F0080749
:1038A0009AF8006039E40E9B073323F0070303F115
:1038B0000802D3E900450E920023BCE6073323F04B
:1038C000070303F10802D3E900450E920123B2E693
:1038D000D8F85800FCF716FDB8F80C30FDE4D8F81D
:1038E0005800FCF70FFD4FF0FF330993F7E4002A6F
:1038F00040F0AD85002E3FF45FAE002301224FF073
:10390000000107920C938DF888608DF85F10069780
:103910000D92089310930DF1880847E5652E40F34A
:10392000AF80B5EE408BF1EE10FA40F03581209B70
:103930003249C9F80010013301320121072BCDE9CA
:103940002032C9F8041000F33B8309F10809119AE9
:10395000199B9342219A03DB069BDB077FF5DCADC5
:10396000209B1399C9F800101299C9F8041001336B
:103970000A44072BCDE9203200F3748309F10809CA
:10398000119B5D1E002D7FF7C7AD102D209B1C4C99
:1039900040F3368210260A9F05E009F10809103D20
:1039A000102D40F32D8201331032072BCDE9203248
:1039B000C9E90046F1DD1FAA5946384602F0D6F99A
:1039C00000287FF480ACDDE920320DF1B009E6E794
:1039D0000B9B07995D1A002D7FF756AD102D209B8C
:1039E000074C2BDD49461027DDF828900FE000BF7B
:1039F00088B6060868B6060864B60608A4B60608BF
:103A0000D8B60608103D102D01F1080115DD01336F
:103A10001032072BCDE92032C1E90047F2DD1FAAA1
:103A20005946484602F0A2F900287FF44CAC103DFC
:103A3000102DDDE920322CA9E9DC894601332A4426
:103A4000072BCDE92032C9E9004500F3FE8109F1D9
:103A5000080919E514980DF1B008230904F00F01C5
:103A600043EA05732A091C461546435C08F8013DE4
:103A700054EA0503F1D12CABA3EB08030D9388E4C2
:103A8000119C2098012C02F1010200F1010309F1BF
:103A9000080140F307810120072BC9F80080CDE918
:103AA0002032C9F8040000F38F811298139C01336F
:103AB0000244072BCDE92032C1E9004000F3908198
:103AC0000831119CB5EE408BF1EE10FA03F10100C4
:103AD00004F1FF3501F1080900F0A98008F10104A3
:103AE0002A4407280C6021924D60209000F3EB805F
:103AF00001F11004981C4946A146159C4C602244D3
:103B00001BAB0728219220900B607FF705AD1FAA01
:103B100059460A9802F02AF900287FF4D4AB219A7A
:103B20000DF1B009F8E40022012B06970C927FF406
:103B300096AD002D08BF0A2C80F06C810DF1F008C5
:103B40003034012308F8414D0D9322E41FAA594651
:103B50000A9802F00BF900287FF4B5AB219A0DF119
:103B6000B0097EE41FAA59460A9802F0FFF800281F
:103B70007FF4A9AB219A0DF1B00982E402235AE542
:103B80001FAA59460A9802F0F1F800287FF49BAB6F
:103B9000219A0DF1B009ACE41999002940F3DC81B8
:103BA000DDE910318B42A8BF0B46002B1D460DDD11
:103BB000209BC9F8008001332A44072B2192C9F8C1
:103BC0000450209300F3D98209F10809109B002DBD
:103BD000A8BF5B1B002B1D4640F39F80102D209B30
:103BE000A74C40F35C8210260A9F05E009F1080902
:103BF000103D102D40F3538201331032072BCDE9D5
:103C00002032C9E90046F1DD1FAA5946384602F0C4
:103C1000ADF800287FF457ABDDE920320DF1B00993
:103C2000E6E7089B0D930DF1B008FFF7B2BB002D3E
:103C30007FF763AF102D924C40F3CA8310260346E2
:103C40000A9F05E00831103D102D40F3FB81013340
:103C50001032072BCDE92032C1E90046F2DD1FAA60
:103C60005946384602F082F800287FF42CABDDE993
:103C700020322CA9E7E70025CEE4E517002C75F1EA
:103C80000003BFF665AB089B64424FF02D0865EB5F
:103C9000450501338DF85F80CDF830807FF45FAB50
:103CA000069746E7069CE5073FF5F5AE0124072B8E
:103CB000C9F80080CDE92032C9F8044003DC0230A5
:103CC00009F1100919E71FAA59460A9802F04EF89F
:103CD00000287FF4F8AADDE920020DF1B8090130CF
:103CE0002CA90AE71FAA59460A9802F03FF80028B3
:103CF0007FF4E9AA9DF85F300C93219A0DF1B00989
:103D0000FFF79EBB1FAA59460A9802F02FF8002819
:103D10007FF4D9AA219A0DF1B009199B11998B4210
:103D200002DB0699CE070FD520991398C9F8000039
:103D30001298C9F804000131024407292192209108
:103D400000F3278209F1080911991098CB1A0D1A6E
:103D50009D42A8BF1D46002D0EDD2099C9F80450D4
:103D6000013140442A440729C9F80000CDE9201256
:103D700000F34A8109F10809002DACBF5D1B1D4607
:103D8000002D7FF7C9AB102D209B3D4C38DD102650
:103D90000A9F04E009F10809103D102D30DD0133C0
:103DA0001032072BCDE92032C9E90046F2DD1FAA07
:103DB0005946384601F0DAFF00287FF484AADDE98D
:103DC00020320DF1B009E7E71FAA59460A9801F021
:103DD000CDFF00287FF477AADDE920322CA964E624
:103DE0001FAA59460A9801F0C1FF00287FF46BAA68
:103DF000DDE920322CA964E6012B7FF430AC9DE68E
:103E000001332A44072BCDE92032C9E900457FF769
:103E100081AB7CE60DF1B008204629460A2200233A
:103E2000FAF794F9303208F8012D2046294600238C
:103E30000A22FAF78BF904460D4654EA0503EBD142
:103E400019E60DF1B008FFF7A4BA1FAA59460A985F
:103E500001F08CFF00287FF436AA219A0DF1B009F9
:103E6000FFF712BBF80606D4790604D5BDF8242066
:103E70001A80FFF71CB9099A1A60FFF718B900BF3A
:103E8000D8B60608B4EE488BF1EE10FA80F18B82BA
:103E9000089B591C26F0200500F0C580472D03D152
:103EA000002B08BF0123089347F48073069318EE94
:103EB000903A002BC0F28681B0EE48AB00230C9301
:103EC000662E00F08881462E00F0DF81452D00F03F
:103ED000C0811DA81AA919AA0223089C0292CDE943
:103EE00003100093019453EC1A2B0A9800F0ECFC99
:103EF000672E804640F0A982FB0740F1DC80089BDA
:103F000008EB0301B5EE40ABF1EE10FA40F04E8144
:103F10000B46A3EB08031193472D199B109300F058
:103F2000D180662E40F0D580109B002B089B40F37B
:103F30005182002B40F02D82FB0700F12A82109B5A
:103F400007930D930C9B002B40F0FF8008939DF886
:103F50005F300C93FFF725BA209BB248C9F80000E8
:103F6000013301320120072BCDE92032C9F80400CA
:103F70003DDC09F1080929B9119B1BB9069BDF0734
:103F80007FF5CAAA209B1398C9F800001298C9F8B7
:103F9000040001330244072B2192209300F3348163
:103FA00009F108090029C0F28B81119901330A44F3
:103FB000072BCDE92032C9E900817FF7ABAAA6E53E
:103FC0001FAA59460A9801F0D1FE00287FF47BA968
:103FD0000DF1B009BBE440420B900E9356E44FF054
:103FE0002D088DF85F80CDF83080FFF7FEBB1FAA4B
:103FF00059460A9801F0BAFE00287FF464A919997D
:10400000219A0DF1B009B6E71FAA59460A9801F0A6
:10401000ADFE00287FF457A9199B1199219ACB1A5C
:104020000DF1B009A8E6062308933DE7089B079326
:104030000D939DF85F3008900E94069710900C93A6
:10404000FFF7AFB9581C01F108032A440728219251
:10405000C1E9004520903FF736AE013003F1080971
:1040600019464AE51FAA59460A9801F07FFE002822
:104070007FF429A9219A0DF1B00981E4089BCDF8BC
:104080004080062B28BF0623CDF82080CDE90C8385
:1040900007930E940697DFF89081FFF782B90133FA
:1040A0002A44072BCDE92032C9E900453FF72AAE63
:1040B00009F1080931E61D9B199A10921B1A472D28
:1040C000119306D1109BDA1C02DB089A9A4244DA5B
:1040D000023E109B8DF86C60013B002B1993BDBF15
:1040E000109BC3F101032D222B22092B8DF86D208B
:1040F00000F31281303330228DF86F308DF86E204E
:104100001CAB1BAA9B1A119A1593012A13440D93F9
:1041100040F354810D9B129A13440D9323EAE373E9
:104120000793002310930DE74046FDF7A9FA0023FB
:10413000089320EAE07210939DF85F300D900E9482
:10414000069707920C93FFF72CB92D238DF85F305B
:104150000C9300230893FFF726B9DDE910318B4259
:1041600064DBFD0740F10F81109B129A13440D93FD
:1041700023EAE37307936726E4E61FAA59460A98E1
:1041800001F0F4FD00287FF49EA8219A0DF1B009FA
:104190001CE51FAA59460A9801F0E8FD00287FF4A3
:1041A00092A8199B219A0DF1B009CDE51D9B8B4278
:1041B000BFF4AFAE30205A1C1D9218701D9B99425F
:1041C000F9D8A6E62D23B1EE48AB0C9378E6002390
:1041D0000893FEF7A4BF1AA9089C01941DA819AA68
:1041E0000323CDE90310029200930A9853EC1A2B93
:1041F00000F06AFB8046011998F80030302B00F07F
:10420000B780199C21447DE61FAA59460A9801F0FF
:10421000ADFD00287FF457A81999DDE920320DF192
:10422000B009BFE6A4B606089CB60608DDE911325F
:104230001344109A0D93002A06DC109B0D9AC3F1CB
:1042400001031A4413460D9223EAE373079367268A
:1042500078E6089B1DA85C1C1AA919AA0223CDE9BF
:10426000031002920093019453EC1A2B0A9800F069
:104270002BFB8046472E40F0D280FA0740F1C880E1
:10428000462E08EB0401B7D03CE61DA81AA919AACE
:104290000323089C0292CDE903100093019453EC90
:1042A0001A2B0A9800F010FB8046E9E70A981FAA2B
:1042B000594601F05BFD00283FF483A9FFF704B8DD
:1042C0004D4210316E4C1CDA10260A9F04E009F1B1
:1042D0000809103D102D14DD01331032072BCDE9F4
:1042E0002032C9E90046F2DD1FAA5946384601F0DE
:1042F0003DFD00287EF4E7AFDDE920320DF1B00985
:10430000E7E701332A44072BCDE92032C9E900450C
:1043100071DC09F1080948E60DF17B052846594C86
:1043200000E01046A4FB0321C90801EB8102A3EBC6
:1043300042023032092900F8012C0B4600F1FF320D
:10434000EFDC30330238DBB2854202F8013C75D92C
:104350000DF16E00114601E011F8013B00F8013B40
:104360008D42F9D11FAB9B1A0DF16E021344C8E6C2
:10437000B5EE40ABF1EE10FA3FF443AFC4F10104E7
:1043800019942144BEE523EAE37207920D93672650
:10439000D8E5109B129A1344089A1A4422EAE27351
:1043A0000D920793CEE518EE903A002B19DB9DF89D
:1043B0005F300C93344A354BFFF719BA17F00103FD
:1043C00010937FF4A7AE0D9B23EAE3730793B9E53F
:1043D0004B463AE663B9FF070AD4012307930D93CE
:1043E000B0E54FF02D088DF85F80CDF83080E1E723
:1043F000129B0133D0E71FAA59460A9801F0B6FC78
:1044000000287EF460AFDDE920320DF1B009CCE583
:104410001D9B199A1092A3EB0803119352E608EB27
:1044200004016FE50E9C9AF80160236843EAE37388
:104430000893231D82460E93FEF76FBE0DF16E03A7
:104440005FE68DF85F10FEF772BF089C12E78DF8EB
:104450005F10FFF74FBA8DF85F10FFF703BA8DF8C2
:104460005F10FFF7A9B98DF85F10FFF784B98DF8D9
:104470005F10FFF745B98DF85F10FFF7BFB800BFB9
:10448000D8B60608CDCCCCCC70B606086CB60608FB
:1044900010B4044C13460A46014620685DF8044BEC
:1044A000FEF7BABD4C0E00242DE9F0410C46ADF5E7
:1044B0008D6D8989666EE589199621F0020106469F
:1044C000E069ADF80C1017464FF48061626AADF8F0
:1044D0000E5098461AAD0023079016A8099206932D
:1044E0000095049502910591FBF706FF43463A4675
:1044F00069463046FEF790FD051E07DB30466946EB
:10450000FBF752F8002818BF4FF0FF35BDF80C300C
:104510005B0603D5A38943F04003A3811698FBF7FC
:10452000EDFE28460DF58D6DBDE8F08170B5141EC9
:104530009AB005462CDB1A464FF4027300910491A1
:10454000ADF80C3013D0013C4FF6FF761E9B029461
:1045500069460594ADF80E60FDF76EFB421C01DA6A
:104560008B232B60009B00221A701AB070BD1E9B1B
:1045700002944FF6FF7669460594ADF80E60FDF79C
:104580005BFB431C01DB1AB070BD8B232B60FAE789
:104590008B2303604FF0FF30F5E700BF10B582B00A
:1045A000054C0093246813460A4601462046FFF74F
:1045B000BDFF02B010BD00BF4C0E0024F8B50D4683
:1045C0001446064610B1836B002B43D0B4F90C207F
:1045D000A369A36091B208071BD52369CBB1EDB2E3
:1045E00089042F4622D522686169D31A994229DDB0
:1045F0000133A168501C0139A16020601570626907
:104600009A422AD0A389DB0701D50A2D25D0384646
:10461000F8BD2146304600F04DF820BBB4F90C201F
:10462000236991B2EDB289042F46DCD4616E42F465
:10463000005221F40051A281226861666169D31A97
:104640009942D5DC21463046FAF7AEFF58B92268C8
:104650000123CEE7FBF72EF8B8E721463046FAF7FC
:10466000A3FF0028D3D04FF0FF37D0E721B1FF2AB6
:1046700004D80A7001207047084670478A230360F7
:104680004FF0FF30704700BF70B50D46084C114623
:1046900006461A46284600232360E8F733FB431CEE
:1046A00000D070BD2368002BFBD0336070BD00BF0D
:1046B000A414012438B5314B1B6805460C4613B1D0
:1046C0009A6B002A3AD0B4F90C2093B218070CD593
:1046D0002069A8B113F0010220D0636900225B4277
:1046E000A361A26000B3002038BDD9063ED55807AB
:1046F00028D4206942F00803A3819BB20028E9D1A5
:1047000003F42072B2F5007FE4D028462146FBF77F
:1047100029FEA389206913F00102DED1990758BF51
:104720006269A2600028DED1B4F90C301A06DBD52C
:1047300043F04003A3814FF0FF3038BD1846FAF72D
:10474000B9FFC0E7216B51B104F14003994204D095
:104750002846E7F7E9FCB4F90C2000232363002383
:104760002069636022F024022060C3E742F0400227
:1047700009232B604FF0FF30A28138BD4C0E00247E
:1047800038B5074C0023054608462360E8F756FA7B
:10479000431C00D038BD2368002BFBD02B6038BDF4
:1047A000A41401242DE9F04F03690F69BB4283B0C3
:1047B000C0F28680013F01F1140900F1140A59F892
:1047C00027205AF82730BC000132B3FBF2F80AEB7D
:1047D0000403009409EB040B0193B8F1000F38D0E7
:1047E00000252E46CE46D4465EF8044BDCF8003059
:1047F000A2B208FB0255220C2C0C08FB0242ADB2FF
:10480000751B96B2C6EB134615FA83F306EB2346E7
:104810009BB243EA0643F3454FEA12454CF8043B8A
:104820004FEA2646E0D2009B5AF803308BB9019A32
:10483000131F9A450CD252F8043C4BB9A2F108035D
:1048400002E01A68043B1AB99A4507F1FF37F8D31A
:104850000761044601F0CEF800282DDB08F10108BD
:104860005546002359F8041B28688AB29A1A0B0C83
:1048700012FA80F2C3EB104303EB224392B242EAF6
:104880000342CB4545F8042B4FEA2343EAD25AF8BA
:1048900027200AEB87037AB91A1F92450BD253F8E7
:1048A000042C42B9083B02E01A68043B1AB99A4545
:1048B00007F1FF37F8D32761404603B0BDE8F08F1A
:1048C000002003B0BDE8F08F2DE9F04F016C93B0EC
:1048D00004461F4692469B4641B1426C4A60012302
:1048E00093408B6000F096FE002323643D1E1F9AC8
:1048F000B4BF012300231360BF4BBCBF25F00045AC
:10490000AB46AB4300F0A5804BEC17ABB5EE407B5C
:10491000F1EE10FACDE902AB0DD11E9A012313601E
:10492000209B002B00F0C280B44E1E60013E30463A
:1049300013B0BDE8F08F10AA11ABCDE900322046CC
:10494000DDE9022301F0E8F85FEA1559804640F0FE
:104950009E80DDE9101301EB030909F23243202B9D
:1049600040F38683C3F1400309F212429D402AFAC4
:1049700002F32B4307EE903AB8EE677B09F1FF395B
:104980008DED027B0398DDE90223A0F1F87301208D
:104990000D9043EC172BB7EE086B9FED914B37EE64
:1049A000466B9FED917B9FED925BA6EE047B06EE3E
:1049B000909AB8EEE66BA6EE057BFDEEC76BB5EE02
:1049C000C07BF1EE10FACDED026A00F1D381029ABC
:1049D000162A00F2C4818A4B03EBC20393ED007BDD
:1049E0004BEC16ABB4EEC67BF1EE10FA40F33A8313
:1049F000531E029300230B93A1EB0909B9F10103A4
:104A0000089344BF00230893029B4CBFC9F10109DE
:104A10004FF00009002BC0F2A581089A0A931146B5
:104A200019440023089105931C9B092B43D8052B9F
:104A300040F31B83043B1C93002306931C9B023B07
:104A4000032B00F2EF83DFE813F039031A0343036B
:104A500044041E9A42F20F731360BAF1000F0FD193
:104A6000C5F3130565B9209B664E002B3FF45FAF7D
:104A700006F10803209A3046136013B0BDE8F08FAA
:104A8000209B614E002B3FF452AFF31CF2E70399D9
:104A9000C1F31301DDE90223002041F07F53A9F2A5
:104AA000FF3943F4401310990D9072E7574E30468A
:104AB00013B0BDE8F08F012300224FF0FF350693BD
:104AC0001C922F4609931D92002161640C97204689
:104AD00000F07AFD0E2D0646206400F2BE80069B93
:104AE000002B00F0BA8002990029CDE90EAB40F30B
:104AF0005883434A01F00F0302EBC3020B11DD069A
:104B000092ED006B40F10784414A92ED087B4BEC3B
:104B100015AB03F00F03032185EE074B5BB13C4A55
:104B2000D80704D592ED007B013126EE076B5B10B0
:104B300002F10802F4D184EE065B0B9B3BB1B7EEA9
:104B4000007BB4EEC75BF1EE10FA00F14F8407EE84
:104B5000901AB8EEE76BB1EE0C7BA6EE057B8DEDFF
:104B6000067B079BDDE906ABA3F1507B002F00F02D
:104B7000998302983A46BDEEC57B214917EE103A5B
:104B800001EBC20111ED024B09993033B8EEC77B3E
:104B9000DBB235EE477B4BEC16AB751C002900F001
:104BA000DE83B6EE003B83EE045B35EE465BB4EE8F
:104BB000C75BF1EE10FA33704BDCB7EE003B33EE1F
:104BC000476BB4EEC65BF1EE10FA00F35984012A8C
:104BD00041D0B2EE044B324426E000BFAFF3008078
:104BE00061436F63A787D23FB3C8608B288AC63FF3
:104BF000FB799F501344D33F0000F07FA5B6060811
:104C000020B70608E8B60608F4B60608A4B60608F3
:104C1000F8B6060833EE476BB4EEC56BF1EE10FA4A
:104C200000F12E84954216D027EE047B25EE045B1E
:104C3000BDEEC76B16EE103A3033DBB2B8EEC66B82
:104C400037EE467BB4EEC57BF1EE10FA05F8013B7A
:104C5000E0D50290D7E1DDE90EAB119B002B62DBC2
:104C6000029A0E2A5FDCBE4B03EBC20393ED003BBE
:104C70001D9B002BC0F274824BEC17AB87EE036BCD
:104C8000BDEEC66B012F16EE103A03F13003B8EEFD
:104C9000C65B06F101053370A3EE457B21D0B2EE71
:104CA000044B27EE047BB5EE407BF1EE10FA08D101
:104CB000A9E127EE047BB5EE407BF1EE10FA00F09F
:104CC000A28187EE036BBDEEC66B16EE103A303351
:104CD00005F8013BAB1B9F42B8EEC65BA5EE437BDC
:104CE000E7D137EE077BB4EEC37BF1EE10FA0ADCB6
:104CF000B4EE437BF1EE10FA40F0858116EE103AE7
:104D0000D90740F1808115F8013C05E0964200F09A
:104D10004A8312F8013C1546392B05F1FF32F5D0D4
:104D2000013313706FE1099A82B31C9A012A40F390
:104D30000A82059B7A1E9342C0F2D5829A1A002FEE
:104D4000C0F2FE82089B3B444D460893B9440121C2
:104D500020460D9200F0F8FC0D9A06901AE001230F
:104D60000B9349E6029BA9EB03095B4205930023E1
:104D70000A9359E6B8EEE66BB4EE476BF1EE10FA23
:104D80003FF425AE029B013B029320E6099B059A66
:104D900006934D46002D0BDD0899002908DDA94238
:104DA0000B46A8BF2B46A9EB0309ED1ACB1A0893B3
:104DB000059B6BB10999002900F08E829B1A002A8D
:104DC00040F0A38141461A46204600F06DFD804622
:104DD0000121204600F0B8FC0A9A0590002A40F014
:104DE0002C811C9B012B40F376810120089A1044F2
:104DF00010F01F0000F01A81C0F12003042B40F3D3
:104E00006E83C0F11C000244814405440892B9F14C
:104E1000000F05DD41464A46204600F095FD8046DC
:104E2000089B002B05DD1A460599204600F08CFDF5
:104E300005900B9B002B73D1002F40F30E82099B32
:104E4000002B00F08980002D00F376810A9B002B57
:104E500040F0D381DDF818900B96731E3B440AF0A6
:104E600001023746069E0A920993059D404629464F
:104E7000FFF798FC31468246404600F0BBFD2946CC
:104E800083464A46204600F0D1FDC3680AF130054A
:104E90000146002B40F0DC810690404600F0AAFD60
:104EA000069A08901146204600F0B4FB089B33B9DF
:104EB0001C9A22B90A9B002B00F0E4821C9BBBF1D8
:104EC000000FC0F2188205D11C9A1AB90A9A002A5A
:104ED00000F01182002B07F1010A00F32182099BE7
:104EE0003D70BB4200F02F82414600230A2220463B
:104EF00000F09AFB4E45804631464FF000034FF0DC
:104F00000A02204600F09E8100F08EFB49460646CC
:104F100000230A22204600F087FB57468146A4E77B
:104F20000599404600F066FD002885DA029F41465B
:104F300000230A222046013F029700F075FB099BDF
:104F40008046002B40F0B6820C9F002F04DC1C9B97
:104F5000022B00F3C2820C9FDDF81490354604E06A
:104F600020B7060800F060FB804649464046FFF740
:104F700019FC00F1300C05F801CBAB1B9F424FF040
:104F80000A024FF0000341462046EBDCCDF820C07A
:104F90004FF0000A41460122204600F0D5FC059959
:104FA000804600F027FD002815F8012C12DC06D100
:104FB000089BDB070ED402E015F8022C1D46302AB0
:104FC00005F1FF33F8D00BE09E4200F0528113F858
:104FD000012C1D46392A05F1FF33F5D001321A7034
:104FE0000599204600F016FB069B63B1BAF1000F4D
:104FF00005D09A4503D05146204600F00BFB069998
:10500000204600F007FB4146204600F003FB00224B
:10501000029B2A701E9A01331360209B002B3FF4E1
:1050200086AC30461D6013B0BDE8F08F1C20089B95
:105030000344814405440893E9E60146204600F014
:1050400033FC1C9B0590012B40F3D28000230A9374
:10505000059A136902EB8303186900F025FBC0F180
:105060002000C3E600230B93C6E401230693E5E486
:10507000C3F120030AFA03F307EE903A7CE400231D
:105080000993029B1D9A13445F1C012FBC460C938D
:10509000B8BF4FF0010C0021BCF1170F61643D4611
:1050A0007FF715AD012204235B0003F11400604576
:1050B000114602F10102F7D9616408E50023099362
:1050C0001D9B002B40F3DB800C931F469C46E2E7C0
:1050D00001230993F4E7BAF1000F7FF486AECBF316
:1050E0001303002B40F068812BF000431B0D1B05C0
:1050F0002BB1089B0133089309F1010901230A9A96
:105100000A93002A3FF471AEA2E706990D93204658
:1051100000F0CAFB424601460690204600F01EFB06
:1051200041460590204600F075FA059A0D9B904681
:10513000002B3FF44DAE45E62A460699204600F086
:1051400003FC069082E60D9A002A00F0378103F2F4
:105150003343089A1A4408924D46059A9944F6E555
:10516000002F3FF789AD40F0B080B1EE047B23EE15
:10517000073B4BEC17ABB4EEC73BF1EE10FACDE9B1
:10518000057771DA029A3123013202923370751C6D
:105190000599204600F03EFA069B002B7FF42FAFC6
:1051A00031E700F01E81029BC04A5B4203F00F0111
:1051B00002EBC10292ED005B9DED0E7B1B1127EE11
:1051C000055B00F08781B0EE457BB94A00200221E3
:1051D000DD0705D592ED006B0131012027EE067B3E
:1051E0005B1002F10802F3D1002805FE075BA4E47E
:1051F000BAF1000F3FF473AF28E7069B20465968C9
:1052000000F0E2F906990B6902339A0005460C3169
:105210000C30FBF73FFC29460122204600F094FBAE
:10522000814619E6002565642946204600F0CCF940
:105230004FF0FF330C931F46012306461D95206453
:1052400009930AE500F0F0F95746064681460CE658
:10525000204600F0DFF9012331E61C9B022B7FF78B
:10526000EEAD002F00F0AE801D9BDB430293354670
:105270008EE7029A3123013202923370B0E60125A3
:105280001D952F4620E407EE901AB8EEE76BB1EEBD
:105290000C7BA6EE057B8DED067B079BDDE906AB5F
:1052A000A3F1507B4BEC16ABB1EE047B35EE477BA4
:1052B000B4EEC67BF1EE10FA4DDCB1EE466BB4EE07
:1052C000C67BF1EE10FA7FF5C6AC0023CDE90533BD
:1052D000CAE701230993D4E64146059A204600F027
:1052E000E3FA804674E5059B0A990592D31A19449E
:1052F0000A91002223E5002B0895069607F1010587
:105300000B9E00F392809DF82030DDF818A03B70D2
:10531000CDF8189064E69DED0E4B0221FFF7FEBB21
:105320002B46392B0895069655460B9E00F08F802C
:10533000089BDDF818A0CDF8189001333B704FE6BC
:10534000A9EB070503E5334608950B9ECDF81890A9
:1053500055469A461EE60023CDE9053312E7012A99
:1053600026EE045B337011D0B2EE044B324427EECC
:10537000047BBDEEC76B16EE103A303305F8013BE7
:105380009542B8EEC66B37EE467BF0D1B6EE006BB9
:1053900035EE064BB4EEC74BF1EE10FA5ED5029037
:1053A00015F8013CB8E430233370029B01330293BB
:1053B000324615F8013CB3E40023A0E6109BC3F18C
:1053C0003603C6E63B4605990522204600F02CF937
:1053D00001460590404600F00DFB00283FF7D2AE95
:1053E00042E79DED0E5B0221FFF7A7BB002F3FF4C4
:1053F0004AAF0C9A002A7FF72EACB2EE044BB1EE06
:105400000C6B013107EE901A25EE045BB8EEE77BDA
:10541000A5EE076B8DED066B079BDDE906ABA3F1EF
:10542000507B029B581EFFF7A6BB41460122204637
:1054300000F08AFA0599804600F0DCFA00282DDD9C
:10544000089B392B03D00AF1310308935BE739221B
:10545000DDF818A03A70CDF81890BBE536EE456B34
:10546000B4EEC76BF1EE10FA02DCFFF7F4BB1546A1
:1054700015F8013C302B05F1FF32F8D0FFF7E9BBFE
:10548000029049E42B46392B0895069607F1010551
:105490000B9EDCD0BBF1000FD5DC34E77FF433AFDB
:1054A000089BDA077FF52FAFCAE700BF20B70608D1
:1054B000F8B60608069900230A22204600F0B4F840
:1054C0000C9F0690002F3FF7BEAC1C9B022B04DC08
:1054D0000C9FB8E40221FFF730BB0C9FC1E63FF4FC
:1054E00096ACC0F13C00A2E50B78722B30B431D001
:1054F000772B2AD0612B04D01623036030BC002008
:1055000070474FF4027501244FF4847011F8013F85
:105510008BB1622B16D0782B11D02B2BF6D111F832
:10552000013F20F01C0024F0030440F0100044F080
:105530000204002BEDD12C43146030BC704744F4BE
:105540000064E3E744F48034E0E74FF4C0650124ED
:105550000820DBE700252C460420D7E738B5074CA8
:105560000023054608462360E7F73AFC431C00D0B9
:1055700038BD2368002BFBD02B6038BDA414012458
:10558000044A054B1268506B002808BF1846F030DB
:10559000704700BF4C0E00247812002470B50D46F1
:1055A000084C114606461A46284600232360E7F7B2
:1055B0007EFC431C00D070BD2368002BFBD0336001
:1055C00070BD00BFA4140124C36C70B505460C4621
:1055D0004BB153F8240080B1026843F82420002323
:1055E000C0E9033370BD21220421E6F7E6FC03463F
:1055F000E8640028EDD1002070BD012101FA04F615
:10560000721D28469200E6F7D8FC0028F3D0C0E9C6
:105610000146E4E731B1C36C4A6853F822000860E0
:1056200043F82210704700BFF0B50C6983B00D46F7
:10563000064601F1140C0027DCF8000081B202FBE1
:105640000133010C180C02FB01019BB2013703EB83
:105650000143BC424CF8043B4FEA1143ECDC3BB144
:10566000AA68A24207DD05EB8402013453612C6174
:10567000284603B0F0BD6968019301313046FFF759
:10568000A3FF2A69023205F10C01074692000C3093
:10569000FBF700FAF26C6968019B52F82100286060
:1056A00042F821503D46DEE7020C12040346C2B91F
:1056B0000304102013F07F4F04BF1B02083013F0C7
:1056C000704F04BF1B01043013F0404F04BF9B0018
:1056D0000230002B04DB5B0001D501307047202035
:1056E00070470020E6E700BF036813F00702014699
:1056F00007D0DA071FD498071FD55B080B6001207D
:10570000704798B2A0B1104613F0FF0F04BF1B0AF8
:1057100008301A0704BF1B0904309A0704BF9B080E
:105720000230DA0702D45B080BD001300B607047FF
:105730001B0C1020E8E7002070479B080B6002203C
:1057400070472020704700BF10B50C460121FFF7BD
:105750003BFF0122C0E9042410BD00BF2DE9F04F3A
:105760000E691469A64283B00F46154604DA324624
:105770002F4626460D461446D7E9011306EB0408CA
:105780004345B8BF0131FFF71FFF00F1140909EBD2
:10579000880EF145009005D24B46002243F8042BB9
:1057A0009E45FBD805F1140A0AEB840407F11403A3
:1057B000A24503EB860C61D2641B153C24F0030464
:1057C000CDF804E0A24405F110029E4605E02D0C40
:1057D0002BD1924509F104094ED052F8045F1FFA0B
:1057E00085FBBBF1000FF2D077464E46002000E06B
:1057F000264657F8041B34688BB2A5B2090C240C5A
:105800000BFB035303440BFB014000EB13403446F6
:105810009BB243EA0043BC454FEA104044F8043BC6
:10582000E6D8706015682D0CD3D0D9F800307646D4
:105830001846CB46002100E0A3463488000C05FB47
:10584000040001449BB25C4643EA014344F8043B34
:1058500056F8043BDBF804001B0C87B205FB03730E
:1058600003EB1143B4454FEA1341E5D89245CBF819
:10587000043009F10409B0D1DDF804E0B8F1000FFB
:105880000BDD5EF8043CAEF1040E1BB105E05EF8E2
:10589000043D13B9B8F10108F9D10098C0F810809F
:1058A00003B0BDE8F08F00BF12F003032DE9F04113
:1058B000144607462ED10D46A4101CD0BE6C96B3DC
:1058C000E3074FF0000806D4641014D03068A8B184
:1058D0000646E307F8D5324629463846FFF73EFF2D
:1058E000B5B16A68FB6C641053F82210296043F864
:1058F00022500546EAD12846BDE8F08132463146BD
:105900003846FFF72BFF3060C0F800800646E0E71E
:105910000546D9E7013B0B4A52F823200023FFF745
:1059200083FE0546C8E701213846FFF74DFE40F2E9
:10593000712343610122002302610646B8640360BB
:10594000BEE700BFE8B706082DE9F04791460A69AF
:105950000E464FEA6914D1E9011304EB020808F17D
:1059600001059D42074604DD5B009D4201F10101F6
:10597000FADC3846FFF728FE002C00F1140337DD6F
:1059800003EB8401002243F8042B8B42FBD13469E2
:1059900006F1140319F01F0903EB840C20D0C9F1A0
:1059A000200E002200E051461C688A4604FA09F4E1
:1059B00014434AF8044B53F8042B634522FA0EF2C1
:1059C000F1D34A600AB108F10205FB6C7268013D2F
:1059D00053F822100561316043F82260BDE8F0877A
:1059E000043953F8042B41F8042F9C45F9D8ECE70F
:1059F0001946CCE730B40B6905460069C01A0FD1CF
:105A00009B001435143119442B4401E09D4207D208
:105A100053F8044D51F8042D9442F7D002D30120DD
:105A200030BC70474FF0FF30FAE700BF2DE9F0417E
:105A300013690D69ED1A002D0E46904601F114040C
:105A400002F1140714D19B00E2183B4401E0A2428A
:105A500059D952F804CD53F8041D8C45F7D009D21A
:105A6000224633463C46464617469846012501E005
:105A7000F6DB00257168FFF7A7FDD8F8103036690E
:105A8000C56007EB830EBC4600F1140504EB8607E6
:105A900000235CF8041B54F8048B8AB213FA88F3D1
:105AA000090C9A1AC1EB184303EB224392B242EA63
:105AB0000342E64545F8042B4FEA2343E9D8A742C1
:105AC00017D9AE46A4465CF8042B13FA82F31914D6
:105AD00001EB12419BB243EA014267454EF8042BA9
:105AE0004FEA2143EFD8E443274427F00307043764
:105AF0003D44043D22B955F8043D013E002BFAD047
:105B00000661BDE8F0810021FFF75EFD0122002360
:105B1000C0E90423BDE8F0812DE9F04383B0012101
:105B20001F4616460A9DFFF74FFDC7F30A548146EC
:105B3000C7F313030CB143F48013002E019323D059
:105B400002A840F8086DFFF7CFFD002835D1DDE948
:105B50000023C9F81420002B0CBF01210221C9F831
:105B60001830C9F81010DCB909EB8103A0F23240FB
:105B700028601869FFF798FD0B9BC0EB4110186077
:105B8000484603B0BDE8F08301A8FFF7ADFD019BD7
:105B9000C9F8143001212030C9F81010002CE3D0CE
:105BA000A4F2334808EB00032B600B9BC0F13500D7
:105BB0001860484603B0BDE8F083DDE90013C0F18A
:105BC000200203FA02F20A43C3400193C9F81420E9
:105BD000C1E700BF70B50D46084C114606461A468F
:105BE000284600232360E7F7FDF8431C00D070BD72
:105BF0002368002BFBD0336070BD00BFA4140124C8
:105C00002DE9F04F936883B09046002B6CD0176855
:105C10008D6882460C460868083742E0A38913F471
:105C2000906F2DD0D4E9041505EB4505A0EB010BD1
:105C300005EBD575701C6D105844A8422A4684BFE8
:105C400005462A465B0536D511465046E6F720FA4A
:105C500000283AD05A4621690190FAF71BFFA28921
:105C6000019B22F4906242F08002A281A5EB0B021C
:105C700003EB0B00656123612060A2603546B346EB
:105C80005A464946FAF7A0FFD8F80830A2682068BB
:105C9000551B58449E1BA5602060C8F808601EB3C1
:105CA000083757E90296AB46002EF9D0AE42B5D27E
:105CB0003546B346E4E75046E6F756F90346002872
:105CC000D4D121695046E6F72FFA0C23CAF80030E8
:105CD000A389002243F040034FF0FF30A381C8E9BD
:105CE000012203B0BDE8F08F0020C8F8040003B023
:105CF000BDE8F08F2DE9F84F4B6E9C0492462DD5F0
:105D00009368126843B30E46074602F1080959E941
:105D1000025B5FEA9B0815D0043D002401E0A0452A
:105D20000ED0324655F8041F384600F079F8431C6F
:105D300004F10104F3D10023CAE90133BDE8F88F6F
:105D4000DAF808302BF0030BA3EB0B03CAF808308A
:105D500009F10809002BDAD10020ECE7FAF7CCF8BA
:105D60000023CAE90133BDE8F88F00BF93680BB187
:105D7000FFF7C0BF10B4184653605DF8044B70477E
:105D80002DE9F04782B0814688461446FAF7A6FA14
:105D9000012803D108F1FF33FE2B33D9424604F129
:105DA0005C0301A9484600F06DF8421C06462FD05E
:105DB00020B39DF804C000250DF1040A09E0236812
:105DC0005A1C226083F800C00135B54216D215F87E
:105DD0000AC0A368013B002BA360F0DAA769BB42AD
:105DE00061462246484602DBBCF10A0FE7D1FEF7C6
:105DF000E5FB431CE8D102B0BDE8F087404602B0A5
:105E0000BDE8F0875FFA88FC06468DF804C0D2E74B
:105E1000A38943F04003A38102B0BDE8F08700BF2F
:105E200030B50546506EB2F90C30C007144683B049
:105E30009AB201D490051CD5900406D4626E43F446
:105E4000005342F40052A381626628462246FFF7BF
:105E500097FF636EDA07054602D4A3899B0502D536
:105E6000284603B030BDA06DFAF74CFA284603B0BF
:105E700030BDA06D0191FAF743FAB4F90C300199E5
:105E80009AB2D9E7F0B5114C246885B00646646B28
:105E90001F4651B10E4D002C08BF2C46D4F8E040EF
:105EA000A047431C0CD005B0F0BD094A002C08BF28
:105EB00014460A46D4F8E04001A9A047431CF2D199
:105EC00000228A233A60336005B0F0BD4C0E0024F6
:105ED00078120024024B58221A604FF0FF307047AE
:105EE000A4140124024B58221A604FF0FF3070476F
:105EF000A4140124F8B500BFF8BC08BC9E46704746
:105F0000F8B500BFF8BC08BC9E467047523438351F
:105F1000005B525334383520504F5254454E544153
:105F20005D20545820504F5254454E54412D3E4E02
:105F3000414E4F20434F4E4649524D41444F2073EE
:105F400065713D00206964615F7675656C74615FA1
:105F50006D733D005B525334383520504F525445D9
:105F60004E54415D205258204E414E4F2D3E504FD1
:105F70005254454E5441204F4B207365713D0020D3
:105F80006E616E6F5F6D733D002041434B20656E07
:105F9000766961646F005B525334383520504F523C
:105FA00054454E54415D2054494D454F5554204170
:105FB000434B20504F5254454E54412D3E4E414E7E
:105FC0004F207365713D005B525334383520504F7C
:105FD0005254454E54415D2054494D454F5554202F
:105FE0004441544F53204E414E4F2D3E504F52543A
:105FF000454E5441207475726E6F3D005B525334B0
:10600000383520504F5254454E54415D205458204D
:10601000504F5254454E54412D3E4E414E4F2073E9
:1060200065713D0020706F7274656E74615F6D7391
:106030003D005B525334383520504F5254454E5436
:10604000415D20656E766961646F733D0020636F0A
:106050006E6669726D61646F5F706F7274656E7485
:10606000613D002072785F6E616E6F3D0020746943
:106070006D656F75745F706F7274656E74613D00ED
:106080002074696D656F75745F7475726E6F5F6E85
:10609000616E6F3D002072785F62797465733D00B8
:1060A00020696E76616C69646F733D0020696E656E
:1060B0007370657261646F733D005B5253343835A1
:1060C00020504F5254454E54415D205072756562C8
:1060D00061204249444952454343494F4E414C2077
:1060E00076333B20545820502F5458204E3B20628A
:1060F00075733D393630303B206D6F6E69746F7249
:106100003D3131353230303B203332206279746595
:1061100073005B525334383520504F5254454E541F
:10612000415D205475726E6F7320504F5254454E2E
:1061300054412D3E4E414E4F2079204E414E4F2D21
:106140003E504F5254454E54413B206369636C6F3F
:106150003D312073000000003F0F04089B0E04082F
:10616000FD0D04080000000000000000811104087B
:10617000A3110408FF10040825110408691104087C
:106180007D1104087D110408B11104087F11040871
:106190007F1104087F110408F71104088311040813
:1061A00000000000000000009313040849390408AF
:1061B00091120408E5120408CD120408DD12040847
:1061C000D512040895120408BD120408A912040887
:1061D000F112040855130408ED12040811190408FB
:1061E0009B0E0408FD0D0408493243536C6176652B
:1061F000000000000000000000000000A1140408DE
:106200004939040891120408BF14040887150408CA
:106210009B150408CD140408E51404083518040877
:10622000DF150408431504087D14040861150408EB
:10623000891404081F16040891140408C1140408E2
:10624000C71404087514040813150408000000009E
:1062500000000000691D04087D1D0408CDEE04083F
:1062600085EB04085919040811DD040809DE040847
:1062700005DF04085D190408B1D70408B1D7040884
:10628000B7D70408E1D80408CFD70408C9D7040851
:10629000A11A0408DB1904083B1A0408C1D7040832
:1062A00085190408D12204089B0E0408FD0D04087A
:1062B0000000000000000000E91E04086D1F040833
:1062C00091120408DF1D0408592004083D21040828
:1062D000B520040825220408931D0408F71D0408AE
:1062E000991E0408456E766965204D370000000050
:1062F0000000000000000000E92304080524040851
:10630000FBA30408579A04086597040853980408E7
:106310009DA404088193040883930408D1A604086B
:1063200021A7040821940408E1240408292604086C
:10633000F1930408E1230408D9250408052604087C
:10634000099404089D250408A9230408AD23040822
:10635000AF230408B1230408C72304081B2404083E
:106360005B2404088F240408B7240408E5270408E4
:10637000E9270408ED2704081003410072006400B7
:10638000750069006E006F00000000000000000052
:10639000E9290408FD290408DB2E0408CD9004082F
:1063A0000000000000000000112A0408252A04084B
:1063B00023300408CD900408000000000000000015
:1063C000C1290408D5290408F7270408CD9004083A
:1063D000D93104089B0E0408FD0D04088025000037
:1063E00000000800FFFFFFFF5F72785F73697A6546
:1063F000203D3D2030005F74785F6C6973742E65BA
:106400006D7074792829005F72785F6C6973742EDF
:10641000656D707479282900433A5C557365727311
:106420005C73616D75655C417070446174615C4C56
:106430006F63616C5C41726475696E6F31355C705D
:1064400061636B616765735C61726475696E6F5CD3
:1064500068617264776172655C6D6265645F706FBC
:106460007274656E74615C342E362E305C636F72AC
:1064700065735C61726475696E6F5C5553425C55FF
:1064800053424344432E637070007265736F6C76A1
:1064900065722E76616C6964282900000000000096
:1064A0000000000075290408A52904081128040823
:1064B000092D0408252D0408C12A04080531040803
:1064C000BB290408392A0408FF2704080528040802
:1064D000F52C040809280408F1270408F327040808
:1064E000F52704081603430044004300200044003D
:1064F00045005600490043004500000015370408D8
:106500009B0E0408FD0D0408053704089B0E0408C3
:10651000FD0D040855534265767400433A5C55738B
:106520006572735C73616D75655C41707044617414
:10653000615C4C6F63616C5C41726475696E6F3154
:10654000355C7061636B616765735C61726475690A
:106550006E6F5C68617264776172655C6D626564C0
:106560005F706F7274656E74615C342E362E305CB1
:10657000636F7265735C61726475696E6F2F6D62B3
:1065800065642F706C6174666F726D2F696E636CD9
:106590007564652F706C6174666F726D2F43616CEA
:1065A0006C6261636B2E6800626F6F6C282A74687E
:1065B000697329000000000000000000693304082E
:1065C000C533040811280408092D0408252D0408E2
:1065D000C12A040805310408BB290408392A040823
:1065E000FF27040805280408F52C040809280408D6
:1065F000CB32040819350408F52704087932040859
:10660000A1320408F53504080D32040819320408D3
:106610003520040881200408F12004081D320408F4
:10662000C51E04082D1F04082132040858FBFFFF73
:1066300000000000B5330408E3330408A7B90408D8
:1066400077B90408D9B9040873B9040873B9040800
:1066500073B90408DDB90408E1B90408DDB9040818
:10666000E1310408E7310408F3310408F731040884
:10667000FD31040803320408073204089932040883
:10668000C3320408093204080B32040854FBFFFF2C
:1066900000000000BD330408DB33040840FBFFFFAB
:1066A00000000000E11E0408671F0408911204089E
:1066B0001F3204085120040835210408AF200408C3
:1066C000F9360408133204081B3204083132040876
:1066D00000000000000000007737040852545820E2
:1066E00056352E352E33007274785F74696D65727D
:1066F000007274785F69646C65000000000000003F
:106700000000000000000000000000000000000089
:106710000000000000000000000000000000000079
:106720000000000000000000000000000000000069
:106730000000000005000000E80300000500000064
:10674000983D002410000000000000000000000040
:106750000000000000000000000000000000000039
:106760000000000000000000000000000000000029
:106770000000000000000000000000000000000019
:10678000000000000000000000100000A8670608DC
:10679000E4670608E1600408C1600408CC670608E5
:1067A0000400000000000000F16606080000000080
:1067B000A03E002444000000E83E002480030000C6
:1067C00001000000010000000000000000000000C7
:1067D00000000000D83D0024340000000C3E0024DE
:1067E00050000000E7660608000000005C3E002440
:1067F000440000006842002400030000280000005C
:1068000001000000000000006D616C6C6F635F6D43
:106810007574657800656E765F6D75746578007364
:10682000696E676C65746F6E5F6D75746578006D09
:1068300061696E00507265206D61696E20746872C6
:10684000656164206E6F74206372656174656400B5
:106850004661696C656420746F2073746172742082
:1068600052544F53000000001F6806080B00000040
:106870002CF300241C000000434D5349532D525467
:106880004F53206572726F723A20537461636B20AC
:106890006F766572666C6F7700434D5349532D5286
:1068A000544F53206572726F723A204953522051EF
:1068B00075657565206F766572666C6F7700434D00
:1068C0005349532D52544F53206572726F723A20C0
:1068D000557365722054696D65722043616C6C62FA
:1068E00061636B205175657565206F766572666CA6
:1068F0006F7700434D5349532D52544F53206572C7
:10690000726F723A2053544420432F432B2B206C38
:10691000696272617279206C69627370616365206B
:106920006E6F7420617661696C61626C6500434DC5
:106930005349532D52544F53206572726F723A204F
:1069400053544420432F432B2B206C696272617295
:1069500079206D7574657820696E697469616C69F8
:106960007A6174696F6E206661696C656400434D7D
:106970005349532D52544F53206572726F723A200F
:10698000556E6B6E6F776E004E6F7420616C6C6F1E
:1069900077656420696E2049535220636F6E746579
:1069A00078740053797374656D206973206F757402
:1069B000206F66206D656D6F727900506172616D38
:1069C00065746572206572726F72005265736F75BF
:1069D000726365206E6F7420617661696C61626CB0
:1069E00065004F7065726174696F6E206E6F742000
:1069F000636F6D706C657465642077697468696E27
:106A0000207468652074696D656F75742070657297
:106A1000696F6400556E73706563696669656420AB
:106A200052544F53206572726F72000088690608D5
:106A3000A3690608BB690608CB690608E26906086F
:106A4000146A06082E2F6D6265642D6F732F636DB7
:106A50007369732F6465766963652F72746F732F22
:106A6000736F757263652F6D6265645F7274785FB2
:106A700069646C652E637070007469636B735F7317
:106A80006C657074203C2072746F733A3A4B657277
:106A90006E656C3A3A776169745F666F725F7533E1
:106AA000325F6D61780066726571203D3D20313046
:106AB00030300068616E646C6572203D3D2028496D
:106AC000525148616E646C65725F74294E56494339
:106AD0005F476574566563746F7228697271290027
:106AE000FD6504089B0E0408FD0D04082E2F6D6241
:106AF00065642D6F732F706C6174666F726D2F6992
:106B00006E636C7564652F706C6174666F726D2F47
:106B100043616C6C6261636B2E68004572726F72C8
:106B2000203A204554485F54585F444553435F43DF
:106B30004E54206E6F742073756666696369656E66
:106B4000740053544532004572726F72207265743E
:106B500075726E65642062792048414C5F455448E7
:106B60005F5472616E736D6974202825642900700A
:106B70006F7765725F646F776E004572726F723AFD
:106B80002072657475726E65642062792048414C8C
:106B90005F4554485F4765745278446174614C6541
:106BA0006E67746800455448206275666665727346
:106BB000203A202575205278202575205478006CC5
:106BC0006F775F6C6576656C5F696E69745F73750E
:106BD000636365737366756C004572726F722066CD
:106BE000726F6D2065746865726E65742048414CE3
:106BF000202848414C5F4554485F444D41457272DE
:106C00006F7243616C6C6261636B290A004572723A
:106C10006F722066726F6D2065746865726E657440
:106C20002048414C202848414C5F4554485F4D4125
:106C3000434572726F7243616C6C6261636B290AC7
:106C400000656D61635F6C696E6B5F737461746521
:106C50005F63622073657420746F207472756500C1
:106C6000656D61635F6C696E6B5F73746174655FA2
:106C700063622073657420746F2066616C736500B5
:106C800073746D33325F656D61635F7468726561E3
:106C900064000000817204089B0E0408FD0D0408C6
:106CA0000000000000000000296B04082F6B04089E
:106CB000216C0408336B04089D6E0408376B0408CC
:106CC000816B0408A9710408356C0408DD6F0408A1
:106CD000E96F0408376B0408376B0408396B040844
:106CE0003B6B04084F6B0408616B0408496B040894
:106CF0007379735F6D626F785F747279706F73749C
:106D0000206572726F720A007379735F6D757465B6
:106D1000785F6C6F636B206572726F720A007379B3
:106D2000735F6D757465785F756E6C6F636B2065EE
:106D300072726F720A007379735F617263685F7059
:106D4000726F74656374206572726F720A00737972
:106D5000735F617263685F756E70726F7465637480
:106D6000206572726F720A0018000F00E909012491
:106D7000D048002410000800AEF60024D4480024B7
:106D800010000800570C0124D8480024CC0004004F
:106D9000B6060124DC4800241000080050FA002444
:106DA000E048002460020500D3FA0024E4480024EF
:106DB0001C000400B4F70024E8480024200005006B
:106DC000AAF80024EC48002410001000540B012401
:106DD000F04800241000080027F80024F44800249C
:106DE0001000080031F70024F8480024A400040033
:106DF0001BF40024FC4800241C000400DA0C0124CD
:106E000000490024100010004DF90024044900241A
:106E10002800040078F3002408490024B06D060817
:106E2000106E0608EC6D0608F86D0608046E06087C
:106E3000BC6D0608686D0608806D06088C6D060836
:106E4000D46D0608E06D0608746D0608C86D060866
:106E5000986D0608A46D06082E2F6D6265642D6F6F
:106E6000732F706C6174666F726D2F696E636C75D1
:106E700064652F706C6174666F726D2F53696E67F5
:106E80006C65746F6E5074722E680070203D3D20EA
:106E90007265696E746572707265745F6361737434
:106EA0003C54202A3E28265F64617461290000005A
:106EB0000000000000000000197904081B79040894
:106EC000297904083D790408000000000000000052
:106ED0006D7A0408CD7A04088D7904089579040840
:106EE0000000000000000000557D0408657D0408D6
:106EF000291C0408191D04080000000000000000FF
:106F0000CD7E0408F57E04082E2F6D6265642D6F1A
:106F1000732F647269766572732F736F7572636510
:106F20002F515350492E63707000737563636573FE
:106F300073000102040000000000000000000000D7
:106F400075830408998304084D8304086183040849
:106F50002E2F6D6265642D6F732F64726976657272
:106F6000732F736F757263652F5350492E63707062
:106F7000005F7065726970686572616C735F7573CC
:106F80006564203C205350495F5045524950484564
:106F900052414C535F55534544000000000000002F
:106FA000000000005987040895870408A785040895
:106FB000C985040835870408478704082E2F6D62A9
:106FC00065642D6F732F647269766572732F736FAA
:106FD000757263652F53657269616C426173652ECA
:106FE000637070005F7374617469635F70696E6D64
:106FF0006170203D3D204E554C4C000000000000CB
:1070000000000000A9870408A98704083D8C040833
:10701000A58C04080000000000000000713704087F
:107020000000000000000000A9870408A9870408E8
:10703000AD8E0408C98E0408E38E0408318F04085D
:107040002F8E04083B8E0408478E04084F8E0408D8
:10705000898E04089B8E0408578E040878FFFFFF72
:1070600000000000C18E0408DD8E0408578F04085C
:10707000298F0408358E0408538E04082B8E0408CB
:107080004B8E04087979040883790408418E04083A
:10709000E1310408E7310408F3310408938E040851
:1070A000A58E0408818E0408073204082E2F6D6215
:1070B00065642D6F732F647269766572732F7573B3
:1070C000622F736F757263652F4173796E634F70B2
:1070D0002E637070005F77616974203D3D204E55CE
:1070E0004C4C005F6C697374203D3D204E554C4CF8
:1070F0000000000000000000000000000000000090
:107100000000000071370408CD9004082E2F6D6236
:1071100065642D6F732F647269766572732F757352
:10712000622F736F757263652F555342446576699C
:1071300063652E637070005F6C6F636B6564203EE7
:10714000203000446576696365207374617465203E
:1071500069732022506F776572656422206F7220F8
:107160002244657461636865642200546865206523
:107170006E64706F696E74206973206E6F7420691D
:107180006E64657861626C652E005F7472616E7307
:107190006665722E757365725F63616C6C626163A4
:1071A0006B203D3D2052657175657374586665723C
:1071B000446F6E650054686520737461636B206969
:1071C000732077616974696E67206F6E2061207526
:1071D0007365722063616C6C6261636B20666F72B1
:1071E000207468652062756666657220746F20661B
:1071F000696C6C206F72207374617475732E005FFC
:107200007472616E736665722E757365725F636109
:107210006C6C6261636B203D3D20536574436F6EFF
:1072200066696775726174696F6E005F7472616E12
:10723000736665722E757365725F63616C6C6261F3
:10724000636B203D3D20536574496E7465726661C1
:107250006365005F7472616E736665722E75736527
:10726000725F63616C6C6261636B203D3D205265AF
:1072700071756573740021636F6E666967757265F9
:10728000642829005468652073697A65206F662038
:10729000746865206461746120746F207265616434
:1072A000206973206C657373207468616E20746844
:1072B00065206D6178207061636B65742073697AF5
:1072C0006520666F72207468697320656E64706FE4
:1072D000696E742E0054686520656E64706F696E07
:1072E00074206973206E6F7420696E6465786162C2
:1072F0006C650053697A65206265696E67207772F4
:10730000697474656E20697320746F6F206C61728C
:1073100067652E002128696E666F2D3E666C616779
:1073200073202620454E44504F494E545F454E41F0
:10733000424C454429006D61785F7061636B6574F0
:107340005F73697A65203C3D203130323400215F23
:10735000696E697469616C697A6564000000000097
:10736000000000000000000000000000FBA3040873
:10737000579A040865970408539804089DA40408C4
:107380008193040883930408D1A6040821A7040864
:10739000219404088993040871370408F1930408C0
:1073A000F993040819940408019404080994040842
:1073B00011940408A9230408AD230408AF2304088A
:1073C0003B930408713704087137040871370408C7
:1073D0007137040871370408619404088D94040817
:1073E00041940408040309041603300031003200FC
:1073F00033003400350036003700380039001603FA
:10740000550053004200200044004500560049004A
:1074100043004500080355005300420012036D006D
:107420006200650064002E006F00720067000603B2
:1074300030003100657175657565002E2F6D6265D0
:10744000642D6F732F6576656E74732F736F75720D
:1074500063652F6D6265645F7368617265645F71F7
:1074600075657565732E63707000737461747573E0
:10747000203D3D206F734F4B007368617265645F00
:107480006576656E745F7175657565002E2F6D622A
:1074900065642D6F732F68616C2F736F75726365F0
:1074A0002F6D6265645F637269746963616C5F7399
:1074B000656374696F6E5F6170692E63002161722C
:1074C000655F696E74657272757074735F656E6105
:1074D000626C656428290000E0740608A05D002441
:1074E000A9A80508F9A705083DA8050871AA050877
:1074F00099AA050809A8050839AC0508D9A70508FF
:1075000001000000636F756C64206E6F74207069F9
:107510006E6F75740070696E6D6170206D69732D8A
:107520006D617463680070696E6D6170206E6F7458
:1075300020666F756E6420666F7220706572697068
:10754000686572616C0070696E6D6170206E6F7439
:1075500020666F756E6420666F722066756E637448
:10756000696F6E002E2F6D6265642D6F732F6861D9
:107570006C2F736F757263652F6D6265645F7469DC
:10758000636B65725F6170692E63006D617463681F
:107590005F7469636B20213D2071756575652D3EB3
:1075A0007469636B5F6C6173745F726561640054CE
:1075B00069636B6572206672657175656E637920AB
:1075C0006973207A65726F005469636B6572206E0F
:1075D000756D626572206F66206269742069732020
:1075E00067726561746572207468616E2033322041
:1075F0006F72206C657373207468616E2034206232
:10760000697473000C760608D85D0024EDCF050878
:1076100005D005084DD0050861D0050811D0050832
:107620002DD00508F5B3040811CF050800000000AF
:107630002E2F6D6265642D6F732F68616C2F736FD1
:10764000757263652F6D70752F6D6265645F6D7007
:10765000755F76376D2E6300726567696F6E732094
:107660003E3D2034000D1B5B324B001B5B33316D04
:10767000002573001B5B33336D001B5B33396D00DA
:107680001B5B39346D005B455252205D5B252D3408
:10769000735D3A20005B5741524E5D5B252D34737C
:1076A0005D3A20005B494E464F5D5B252D34735D8E
:1076B0003A20005B444247205D5B252D34735D3AE0
:1076C00020002020202020202020202020202020DA
:1076D000001B5B306D0064656661756C74000000B2
:1076E0000000000000000000A5B7040809B8040865
:1076F000000000000000000000000000000000008A
:1077000071370408713704087137040871370408A9
:107710002B8E040891B80408797904088379040849
:1077200095B80408E1310408E7310408F33104088E
:10773000F7310408FD310408033204080732040855
:107740002F002E2F6D6265642D6F732F706C617426
:10775000666F726D2F736F757263652F46696C6506
:10776000506174682E637070006C656E20213D203E
:107770003000772B0053747265616D206F626A2050
:107780006661696C75726500000000000000000011
:107790000000000000000000713704087137040881
:1077A00071370408713704082B8E040891B8040857
:1077B000797904088379040895B80408E13104084C
:1077C000E7310408F3310408F7310408FD310408F7
:1077D0000332040807320408FCFFFFFF000000002A
:1077E0000000000000000000000000000000000099
:1077F0000000000000000000A7B9040877B90408E1
:10780000D9B9040873B9040873B9040873B9040832
:10781000DDB90408E1B90408DDB90408E131040860
:10782000E7310408F3310408F7310408FD31040896
:10783000033204080732040871370408713704085A
:10784000093204080B320408FCFFFFFF00000000AF
:1078500000000000000000002E2F6D6265642D6F97
:10786000732F706C6174666F726D2F736F757263B6
:10787000652F53797354696D65722E6370700021A2
:107880005F7469636B696E6700215F7469636B691C
:107890006E6720262620215F77616B655F74696DB6
:1078A000655F7365740000000000000000000000C8
:1078B00011BD04080A52252D34643A202530386C55
:1078C00058000A53502020203A202530386C580A9E
:1078D0004C522020203A202530386C580A50432042
:1078E00020203A202530386C580A78505352203ADC
:1078F000202530386C580A50535020203A2025302B
:10790000386C580A4D535020203A202530386C5896
:10791000000A43505549443A202530386C58000A33
:1079200048465352203A202530386C580A4D4D466F
:1079300053523A202530386C580A42465352203A66
:10794000202530386C580A55465352203A202530AD
:10795000386C580A44465352203A202530386C5827
:107960000A41465352203A202530386C58000A4DBF
:107970004D4641523A202530386C58000A42464163
:1079800052203A202530386C58000A4D6F6465202B
:107990003A20546872656164000A50726976203A30
:1079A0002055736572000A50726976203A20507231
:1079B0006976696C65676564000A4D6F6465203A95
:1079C0002048616E646C6572000A537461636B3A9F
:1079D00020505350000A537461636B3A204D53504A
:1079E000000A2B2B204D6265644F53204661756C55
:1079F000742048616E646C6572202B2B0A0A466104
:107A0000756C74547970653A20004D656D4D616EEA
:107A10006167654661756C74004275734661756C8B
:107A2000740055736167654661756C7400486172D6
:107A3000644661756C74000A0A436F6E74657874ED
:107A40003A000A0A2D2D204D6265644F532046618D
:107A5000756C742048616E646C6572202D2D0A0A65
:107A6000004661756C7420657863657074696F6E2B
:107A7000002E2E2E0A002E2F6D6265642D6F732F3F
:107A8000706C6174666F726D2F736F757263652FA2
:107A90006D6265645F637269746963616C2E630013
:107AA000637269746963616C5F73656374696F6E37
:107AB0005F7265656E7472616E63795F636F756E18
:107AC000746572203C2055494E5433325F4D415805
:107AD000003C756E6E616D65643E00203C68616EB1
:107AE000646C65723E000A0A2B2B204D6265644F60
:107AF00053204572726F7220496E666F202B2B0ADD
:107B00004572726F72205374617475733A203078C5
:107B1000255820436F64653A202564204D6F6475B5
:107B20006C653A2025640A4572726F72204D657348
:107B3000736167653A20004B65726E656C20457213
:107B4000726F723A203078256C582C20005468727D
:107B50006561643A203078256C582C20004D75748E
:107B600065783A203078256C582C200053656D617B
:107B700070686F72653A203078256C582C20004D63
:107B8000656D6F7279506F6F6C3A203078256C5844
:107B90002C20004576656E74466C6167733A203020
:107BA00078256C582C200054696D65723A20307825
:107BB000256C582C20004D657373616765517565A0
:107BC00075653A203078256C582C20004173736518
:107BD0007274696F6E206661696C65643A20000A90
:107BE0004C6F636174696F6E3A203078256C580071
:107BF0000A46696C653A20002B2564000A457272BA
:107C00006F722056616C75653A203078256C58008B
:107C10000A43757272656E74205468726561643AC5
:107C200020257325732049643A203078256C58202C
:107C3000456E7472793A203078256C5820537461FF
:107C4000636B53697A653A203078256C58205374F9
:107C500061636B4D656D3A203078256C5820535028
:107C60003A203078256C5820000A466F72206D6FDC
:107C7000726520696E666F2C2076697369743A208C
:107C800068747470733A2F2F6D6265642E636F6D24
:107C90002F732F6572726F723F6572726F723D3013
:107CA0007825303858266F737665723D256C6426CA
:107CB000636F72653D30782530386C5826636F6D80
:107CC000703D2564267665723D256C752674677453
:107CD0003D504F5254454E54415F48375F4D370039
:107CE0000A2D2D204D6265644F53204572726F72CC
:107CF00020496E666F202D2D0A00466174616C204C
:107D000052756E2D74696D65206572726F720044D4
:107D1000656570536C6565704C6F636B206F76653D
:107D200072666C6F7720283E20307846464646299A
:107D30000044656570536C6565704C6F636B2075AE
:107D40006E646572666C6F7720283C203029004590
:107D50007863657074696F6E002E2F6D6265642D97
:107D60006F732F706C6174666F726D2F736F7572A5
:107D700063652F6D6265645F7265746172676574B7
:107D80002E63707000286775617264202620435846
:107D9000415F47554152445F4D41534B29203D3D82
:107DA0002030002867756172642026204358415FA7
:107DB00047554152445F4D41534B29203D3D20439F
:107DC00058415F47554152445F494E49545F494EBF
:107DD0005F50524F4752455353004572726F7220A5
:107DE0002D2077726974696E6720746F2061206638
:107DF000696C6520696E20616E20495352206F7254
:107E000020637269746963616C2073656374696F60
:107E10006E0D0A000D004572726F72202D20726582
:107E20006164696E672066726F6D20612066696C9F
:107E30006520696E20616E20495352206F72206365
:107E40007269746963616C2073656374696F6E0D28
:107E50000A004F70657261746F72206E6577206FD3
:107E60007574206F66206D656D6F72790D0A000064
:107E70000000000000000000D1C9040809D0040877
:107E80004DCA0408F9C90408BDC90408CDC90408CD
:107E90002B8E0408C9C90408797904088379040879
:107EA000C3C90408E1310408E7310408F3310408C8
:107EB000F7310408FD3104081DCA0408073204081C
:107EC000FFFFFFFF09000000FFFFFFFF0A000000A7
:107ED000FFFFFFFF000000002F73746465727200E3
:107EE0002F737464696E002F7374646F7574002E41
:107EF0002F6D6265642D6F732F706C6174666F7285
:107F00006D2F736F757263652F6D6265645F737437
:107F10006174732E6300737461747320213D204E6D
:107F2000554C4C002E2F6D6265642D6F732F72744B
:107F30006F732F736F757263652F4576656E744628
:107F40006C6167732E637070005F696400617070AC
:107F50006C69636174696F6E5F756E6E616D656487
:107F60005F6576656E745F666C61677300617070E3
:107F70006C69636174696F6E5F756E6E616D656467
:107F80005F6D75746578002E2F6D6265642D6F735B
:107F90002F72746F732F736F757263652F4D7574C5
:107FA00065782E637070005F6964207C7C206D6250
:107FB00065645F6765745F6572726F725F696E5F3B
:107FC00070726F67726573732829004D75746578D8
:107FD000206C6F636B206661696C6564004D75741D
:107FE000657820756E6C6F636B206661696C656483
:107FF000002E2F6D6265642D6F732F72746F732F57
:10800000736F757263652F53656D6170686F72650C
:108010002E637070005F696420213D206E756C6C6A
:108020007074720053656D6170686F726520616372
:108030007175697265206661696C6564002E2F6DCB
:108040006265642D6F732F72746F732F736F757207
:1080500063652F546869735468726561642E637038
:10806000700028666C616773203D3D206F73466C1D
:108070006167734572726F7254696D656F757420B4
:1080800026262072656C5F74696D6520213D20771E
:108090006169745F666F725F7533325F666F7265B8
:1080A00076657229207C7C2028666C616773203D90
:1080B0003D206F73466C6167734572726F725265D3
:1080C000736F757263652026262072656C5F746914
:1080D0006D65203D3D2072656C5F74696D652E7A1B
:1080E00065726F282929006170706C696361746919
:1080F0006F6E5F756E6E616D65645F7468726561E9
:108100006400000000000000000000006DD60408BC
:10811000A9D60408515350494600496E76616C69EE
:1081200064205346445020636F6D6D616E6420611E
:108130006464726573732073697A653A20307825B8
:10814000303258005F717370695F636F6E66696784
:108150007572655F666F726D6174206661696C65CA
:10816000640053656E64696E672053464450207204
:1081700065616420696E737472756374696F6E00F3
:108180004E6F206572617365207479706520776128
:108190007320666F756E6420666F72207265676902
:1081A0006F6E206164647200515350492047656EC0
:1081B0006572696320636F6D6D616E64202D20555B
:1081C00070646174696E6720342D62797465206112
:1081D000646472657373696E6720657874656E6434
:1081E0006564206164647265737320726567697386
:1081F000746572206661696C65640053656E6469BC
:108200006E672047656E6572696320636F6D6D618F
:108210006E643A2025780052656164696E67205368
:108220007461747573205265676973746572206632
:1082300061696C6564005F69735F6D656D5F726530
:108240006164792046414C53453A207374617475DA
:10825000732076616C7565203D203078257820008C
:10826000446576696365206E6F7420726561647918
:108270002C207365745F77726974655F656E6162E7
:108280006C65206661696C65640053656E64696E37
:1082900067205752454E20636F6D6D616E642046B6
:1082A00041494C454400446576696365206E6F74AE
:1082B0002072656164792C2077726974652066612B
:1082C000696C65640052656164696E67205374610E
:1082D0007475732052656769737465722031206606
:1082E00061696C6564005F7365745F77726974655A
:1082F0005F656E61626C65206661696C6564202DE6
:108300002073746174757320726567697374657224
:1083100020312076616C75653A20257500577269A9
:10832000746520656E61626C65206661696C656468
:1083300000417474656D7074656420746F2075738A
:108340006520342D6279746520616464726573738D
:108350002062757420342D627974652061646472C2
:10836000657373696E67206973206E6F742073750F
:1083700070706F727465640051535049205265618A
:1083800064202D205570646174696E6720342D62FD
:108390007974652061646472657373696E672065C2
:1083A0007874656E646564206164647265737320BB
:1083B0007265676973746572206661696C656400D3
:1083C000515350492052656164206661696C65644F
:1083D000005265616420436F6D6D616E642066615B
:1083E000696C656400515350492057726974652067
:1083F0002D205570646174696E6720342D62797424
:10840000652061646472657373696E672065787452
:10841000656E64656420616464726573732072655F
:10842000676973746572206661696C656400515395
:108430005049205772697465206661696C656400F3
:1084400051535049204572617365202D2055706449
:108450006174696E6720342D62797465206164648B
:1084600072657373696E6720657874656E646564A0
:1084700020616464726573732072656769737465E3
:1084800072206661696C65640051535049204572E1
:10849000617365206661696C656400577269746513
:1084A00020456E616265206661696C6564004465A3
:1084B00076696365206E6F742072656164792061EE
:1084C000667465722077726974652C206661696CC8
:1084D00065640045726173652065786365656473E2
:1084E00020666C61736820646576696365207369D2
:1084F0007A6500496E76616C6964206572617365A6
:10850000202D20756E616C69676E656420616464FE
:108510007265737320616E642073697A6500696E99
:108520007465726E616C206572726F723A2061645C
:10853000647265737320256C6C75206E6F74206196
:108540006C69676E656420746F2065726173652065
:1085500073697A65202575202874797065202564F3
:108560002900515350492045726173652044657656
:10857000696365206E6F74207265616479202D20B7
:108580006661696C6564005153504920457261739E
:108590006520636F6D6D616E64206661696C6564F2
:1085A0002100515350492041667465722045726123
:1085B000736520446576696365206E6F742072650B
:1085C000616479202D206661696C6564005F736663
:1085D00064705F7365745F7170695F656E61626C12
:1085E0006564202D2073656E6420636F6D6D616E10
:1085F0006420333868204661696C6564005F736687
:1086000064705F7365745F7170695F656E61626CE1
:108610006564202D2073656E6420636F6D6D616EDF
:108620006420333568204661696C6564005F736659
:1086300064705F7365745F7170695F656E61626CB1
:108640006564202D2073657420636F6E66696720F2
:10865000626974203620636F6D6D616E64203635FB
:1086600068204661696C6564005F736664705F735F
:1086700065745F7170695F656E61626C6564202D01
:108680002073656E6420636F6D6D616E6420373199
:1086900068204661696C6564005F736664705F732F
:1086A00065745F7170695F656E61626C6564202DD1
:1086B0002073656E6420636F6D6D616E6420363566
:1086C00068204661696C6564005F736664705F73FF
:1086D00065745F7170695F656E61626C6564202DA1
:1086E0002073656E6420636F6D6D616E642036313A
:1086F000204661696C6564005F736664705F7365D2
:10870000745F7170695F656E61626C6564202D20B5
:10871000556E737570706F7274656420456E20536A
:1087200065712034343420636F6E666967757261D9
:1087300074696F6E00526561642056656E646F7275
:10874000204944204661696C6564004661696C6536
:108750006420746F2064657465726D696E65207342
:108760006F66742072657365742073657175656ECC
:1087700063652E20496620796F757220646576697D
:108780006365206861732061206C6567616379208F
:1087900053464450207461626C652C20706C656196
:1087A0007365206D616E75616C6C792073657420E2
:1087B000656E61626C652D616E642D7265736574A2
:1087C000206F72206469726563742D7265736574BD
:1087D0002E00446576696365206E6F742072656152
:1087E00064792C207265736574206661696C6564B8
:1087F0000052656164696E672053746174757320FB
:1088000052656769737465722032206661696C65B0
:108810006400577269746520456E61626C652066FC
:1088200061696C65640057726974696E672053747E
:10883000617475732052656769737465727320661D
:1088400061696C6564002E2F6D6265642D6F732FF6
:1088500073746F726167652F626C6F636B646576AA
:108860006963652F434F4D504F4E454E545F5153F2
:108870005049462F736F757263652F5153504946A7
:10888000426C6F636B4465766963652E637070003C
:108890005F6E756D5F7374617475735F7265676920
:1088A0007374657273203D3D20320057726974699C
:1088B0006E672053746174757320526567697374B1
:1088C00065722031206661696C6564005772697455
:1088D000696E67205374617475732052656769739C
:1088E0007465722032206661696C656400556E7330
:1088F0007570706F727465642051455220636F6E9D
:1089000066696775726174696F6E0053746174751E
:1089100073207265676973746572206E6F7420735B
:10892000657420636F72726563746C790044657658
:10893000696365206E6F742072656164792C2063B1
:108940006C656172696E6720626C6F636B20707218
:108950006F74656374696F6E206661696C6564002D
:10896000476C6F62616C20626C6F636B2070726F1A
:1089700074656374696F6E20756E6C6F636B2066CF
:1089800061696C6564005F636C6561725F626C6FE6
:10899000636B5F70726F74656374696F6E202D20F6
:1089A000537461747573207265676973746572209E
:1089B00072656164206661696C6564005F5F636C09
:1089C0006561725F626C6F636B5F70726F74656319
:1089D00074696F6E202D20537461747573207265F5
:1089E000676973746572207772697465206661695E
:1089F0006C6564005F6E756D5F7374617475735F31
:108A0000726567697374657273203D3D203300524F
:108A1000656164696E6720436F6E666967205265A1
:108A2000676973746572206661696C65640066616C
:108A30007374206D6F646520656E61626C65202DB6
:108A40002057726974696E6720436F6E666967208C
:108A50005265676973746572206661696C6564004C
:108A6000566572696679696E6720436F6E666967DD
:108A7000205265676973746572206661696C65640C
:108A8000005153504946426C6F636B44657669638D
:108A9000652077697468207468652073616D65204E
:108AA0006373656C2825642920616C726561647943
:108AB0002065786973747300546F6F206D616E79EF
:108AC00020646966666572656E742051535049462C
:108AD000426C6F636B446576696365206465766993
:108AE000636573202D206D617820616C6C6F7765F4
:108AF000643A202564005772697465204469736183
:108B0000626C65206661696C656400496E697420F9
:108B10002D2052656164205346445020466972738B
:108B200074205461626C65204661696C656400560E
:108B30006572696679203462797465206164647253
:108B4000657373696E67206661696C65640044656E
:108B500074656374696E6720646576696365206413
:108B6000656E73697479206661696C656400496E2D
:108B70006974202D20446574656374696E67207282
:108B8000657365742070726F746F636F6C2F72659C
:108B900073657474696E67206661696C6564004909
:108BA0006E6974202D20446574656374696E672056
:108BB000657261736520747970657320696E737472
:108BC00072756374696F6E732F73697A657320664B
:108BD00061696C65640044657669636520737570CE
:108BE000706F7274732051756164206275732C20EC
:108BF000627574205175616420456E61626C6520F8
:108C00004661696C656400496E6974202D20446575
:108C100074656374696E672F656E61626C696E67F7
:108C200020342D62797465206164647265737369A0
:108C30006E67206661696C656400496E6974202DF9
:108C4000205F69735F6D656D5F7265616479204651
:108C500061696C6564005153504920536574204626
:108C600072657175656E6379204661696C65640033
:108C7000496E6974202D20436F756C64206E6F748B
:108C800020726561642076656E646F72206964008D
:108C9000496E6974202D20506172736520534644DB
:108CA000502048656164657273204661696C656433
:108CB00000496E6974202D205061727365204261F5
:108CC00073696320506172616D205461626C65202C
:108CD0004661696C656400496E6974202D2050619D
:108CE00072736520536563746F72204D61702054F8
:108CF00061626C65204661696C656400496E6974E7
:108D0000202D20636C656172696E6720626C6F63F1
:108D10006B2070726F74656374696F6E2066616931
:108D20006C656400B3F004089B0E0408FD0D040894
:108D30000000000000000000000000002D1D0408DD
:108D4000511D0408CDEE040885EB040859190408E8
:108D500011DD040809DE040805DF04085D190408B4
:108D6000B1D70408B1D70408B7D70408E1D804087C
:108D7000CFD70408C9D70408A11A0408DB190408CE
:108D80003B1A0408C1D704082E2F6D6265642D6F4D
:108D9000732F73746F726167652F626C6F636B649E
:108DA00065766963652F736F757263652F534644EB
:108DB000502E637070006E756C6C70747220213D63
:108DC0002064657363726970746F72005346445017
:108DD000005665726966792053464450207369676E
:108DE0006E617475726520616E6420766572736958
:108DF0006F6E204661696C656400506172616D65DB
:108E0000746572206865616465723A204D616A6FAD
:108E1000722056657273696F6E206D75737420626F
:108E20006520312100506172616D65746572206842
:108E300065616465723A20536563746F72204D6199
:108E40007000506172616D6574657220686561645F
:108E500065723A20342D62797465204164647265CC
:108E6000737320496E737472756374696F6E005505
:108E70004E535550504F525445443A506172616DB3
:108E800065746572206865616465723A2052657028
:108E90006C61792050726F746563746564204D6FE6
:108EA0006E6F746F6E696320436F756E7465727355
:108EB00000554E535550504F525445443A506172EC
:108EC000616D65746572206865616465723A2065DC
:108ED0005874656E6465642053657269616C2050D6
:108EE00065726970686572616C20496E746572663E
:108EF000616365202878535049292050726F666954
:108F00006C6520312E3000554E535550504F525401
:108F100045443A506172616D65746572206865619F
:108F20006465723A20655874656E646564205365A3
:108F30007269616C205065726970686572616C203D
:108F4000496E7465726661636520287853504929BB
:108F50002050726F66696C6520322E300041646566
:108F600073746F2068656164657200554E53555087
:108F7000504F525445443A506172616D6574657248
:108F8000206865616465723A2053434352204D6105
:108F90007020666F7220535049204D656D6F727955
:108FA000204465766963657300554E535550504FA4
:108FB000525445443A506172616D6574657220681F
:108FC00065616465723A2053434352204D617020BD
:108FD0004F66667365747320666F72204D756C748E
:108FE000692D4368697020535049204D656D6F723B
:108FF00079204465766963657300554E535550502A
:109000004F525445443A506172616D6574657220E7
:109010006865616465723A2053434352204D617024
:1090200020666F7220785350492050726F66696CC9
:109030006520322E30204D656D6F72792044657643
:109040006963657300554E535550504F5254454413
:109050003A506172616D657465722068656164651E
:10906000723A20436F6D6D616E6420536571756552
:109070006E63657320746F204368616E676520744A
:109080006F204F6374616C20444452202838442D73
:1090900038442D384429206D6F646500554E535572
:1090A00050504F525445443A506172616D65746539
:1090B00072206865616465723A2078342051756168
:1090C0006420494F207769746820445300554E53FB
:1090D0005550504F525445443A506172616D657419
:1090E0006572206865616465723A20436F6D6D61D9
:1090F0006E642053657175656E63657320746F20AF
:109100004368616E676520746F2051756164204407
:109110004452202834532D34442D344429206D6F7B
:10912000646500506172616D657465722068656187
:109130006465723A2076656E646F72207370656341
:1091400069666963206865616465722E205061728A
:10915000616D65746572204944204C53423A203059
:1091600078256868583B204D53423A20307825686E
:109170006858004C656761637920346B20657261C3
:10918000736520696E737472756374696F6E206E97
:109190006F7420737570706F72746564004E6F2009
:1091A00065726173652074797065207761732066DC
:1091B0006F756E6420666F722063757272656E746F
:1091C00020726567696F6E20616464720044656E29
:1091D0007369747920626974733A20256C75202C48
:1091E000206465766963652073697A653A20256C29
:1091F0006C75206279746573005265747269657666
:10920000696E67205346445020486561646572204A
:109210006661696C65640052657472696576696E31
:1092200067206120706172616D6574657220686588
:1092300061646572202564206661696C656400461E
:1092400061696C656420746F20616C6C6F6361741C
:1092500065206D656D6F727900536563746F722060
:109260004D61703A205461626C6520726574726958
:109270006576616C206661696C6564005365637432
:109280006F72204D61703A20496E636F6D706C652E
:10929000746520636F6E66696775726174696F6E5D
:1092A00020646574656374696F6E20636F6D6D61B2
:1092B0006E642064657363726970746F72730053B7
:1092C0006563746F72204D61703A20436F6E6669FA
:1092D0006775726174696F6E206465746563746923
:1092E0006F6E20636F6D6D616E64206661696C6581
:1092F00064004661696C656420746F206465746500
:10930000637420736563746F72206D617020636F86
:109310006E66696775726174696F6E005365637418
:109320006F72204D61703A20496E636F6D706C658D
:10933000746520736563746F72206D61702064655D
:109340007363726970746F727300536563746F72C4
:10935000204D61703A20496E636F6D706C65746565
:1093600020736563746F72206D6170206465736330
:10937000726970746F722061742074686520656E04
:1093800064206F6620746865207461626C650053A8
:109390006563746F72204D61703A204661696C6537
:1093A0006420746F2066696E642061207365637445
:1093B0006F72206D61702074686174206D617463D8
:1093C000686573207468652063757272656E7420B9
:1093D000636F6E66696775726174696F6E0046616E
:1093E000696C656420746F206C6F636174652061C3
:1093F000206D61746368696E6720736563746F7252
:10940000206D617000536563746F72204D61703A16
:1094100020537570706F7274696E67207570207458
:109420006F20256420726567696F6E732C206375E9
:109430007272656E7420736574757020746F202568
:109440006420726567696F6E73202D206661696C98
:10945000000000000000000000000000000000000C
:1094600000000000000000000100000002000000F9
:1094700003000000040000000000000005000000E0
:1094800000000000000000000000000006000000D6
:1094900000000000000000000000000007000000C5
:1094A00001808080808080800480808080808080B7
:1094B0000880808080808080108080808080808094
:1094C000208080808080808040000408102040023E
:1094D00004081020400001000200040006000800FB
:1094E0000A000C0010002000400080000001000075
:1094F000000001020304010203040607080900003A
:109500000000010203040102030406070809000029
:1095100001000E0605000E0602000E0600000E06F3
:1095200002000E06000000000000000000200240C3
:10953000C30304000008000000200240C303000031
:109540000009000000210240C303000001000000E8
:1095500000200240C3430400010800000020024034
:10956000C34300000109000000210240C343000082
:109570000200000000200240C3830300020100003B
:1095800000210240C38303000300000000200240CA
:10959000C3C303000301000000210240C3C3030052
:1095A0000400000000200240C38304000401000006
:1095B00000210240C3830400050000000020024097
:1095C000C3C304000501000000210240C3C304001E
:1095D0000600000000200240C3C300000601000096
:1095E00000210240C3C30000070000000020024029
:1095F000C3C301000701000000210240C3C30100F2
:109600001000000000200240C343020010010000CF
:1096100000210240C343020011000000002002406C
:10962000C34301001101000000210240C3430100B7
:109630002000000000200240C3830200200100003F
:1096400000210240C3830200200200000060025893
:10965000C38302002100000000200240C3C30200B7
:109660002101000000210240C3C3020021020000CA
:1096700000600258C3C30200220000000020024024
:10968000C30303002201000000210240C3030300C2
:109690002202000000600258C303030022080000F9
:1096A00000600258C30300002300000000200240B5
:1096B000C34303002301000000210240C343030011
:1096C0002308000000600258C3430000240000008B
:1096D00000200240C30301002401000000210240D9
:1096E000C30301002500000000200240C303020064
:1096F0002501000000210240C303020053000000C6
:1097000000600258C343010054000000006002588A
:10971000C34302005500000000600258C30301006B
:109720005600000000600258C3030200570000000A
:1097300000600258C3C300005800000000600258D7
:10974000C3C301005900000000600258C383000039
:109750005A00000000600258C38301005B00000053
:1097600000200240C38300005C0000000020024093
:10977000C38301005D00000000210240C38300009C
:109780005E00000000210240C3830100720000005F
:1097900000600258C34303007300000000600258D9
:1097A000C38303007400000000600258C3C30300B9
:1097B0007500000000600258C3030400FFFF0000B2
:1097C000FFFFFFFF00000000F000000000600258F3
:1097D000C3830400F100000000600258C3C304000A
:1097E000F200000000600258C3430400FFFF0000C5
:1097F000FFFFFFFF000000000B00000000A0004082
:10980000C22700001500000000A40040C22700008D
:109810001800000000A00040C22700001C0000004B
:1098200000A40040C22700003000000000A000405B
:10983000C22700007E00000000A00040C2270000F8
:109840008900000000A00040C2270000FFFF0000C8
:10985000FFFFFFFF000000000C00000000A0004020
:10986000C22700001600000000A40040C22700002C
:109870001900000000A00040C22700001D000000E9
:1098800000A40040C22700003100000000A00040FA
:10989000C22700007D00000000A00040C227000099
:1098A000FFFF0000FFFFFFFF0000000008000000B6
:1098B000005C0040CA130000160000000054004085
:1098C000CA13000016010000001C0058CA1B00004B
:1098D0001800000000540040CA13000018010000E6
:1098E000001C0058CA1B00001A000000005800406D
:1098F000CA1300003C000000001C0058CA130000FE
:109900005100000000580040CA1300005E00000033
:10991000001C0058CA1300007400000000580040EA
:10992000CA13000077000000005C0040CA1300006A
:109930007B000000001C0058CA130000FFFF00005D
:10994000FFFFFFFF00000000170000000054004070
:10995000CA13000017010000001C0058CA1B0000B9
:109960001900000000540040CA1300001901000053
:10997000001C0058CA1B00001B00000000580040DB
:10998000CA13000029000000005C0040CA13000058
:109990003D000000001C0058CA13000050000000E9
:1099A00000580040CA1300005F000000001C00586F
:1099B000CA1300007500000000580040CA130000E0
:1099C00078000000005C0040CA1300007C0000002A
:1099D000001C0058CA130000FFFF0000FFFFFFFF3C
:1099E000000000000100000000400140C2530800D8
:1099F0000200000000400140C253000003000000CC
:109A000000400140C2930000050000000004014036
:109A1000C24F08000600000000040040C24B0000D6
:109A200006010000001C0040C267000007000000A3
:109A300000000140C2470800070100000004004088
:109A4000C28B00000702000000040140C24F080062
:109A50000703000000200040C26700000B00000068
:109A600000000140C207010010000000000001409A
:109A7000C28708001001000000040040C2CB0000B3
:109A80001002000000040140C28F08001100000015
:109A900000000140C2C7080011010000000400409E
:109AA000C20B01001102000000040140C2CF0800F7
:109AB0001400000000040040C24B0000150000002C
:109AC00000040040C28B00001600000000080040A7
:109AD000C24B00001601000000440140C2470800CC
:109AE0001700000000080040C28B000017010000B2
:109AF00000480140C247080018000000000800406C
:109B0000C2CB00001801000000440140C247000021
:109B10001900000000080040C20B010019010000FC
:109B200000480140C24700001D0000000000014045
:109B3000C24708001E00000000000140C287080064
:109B40001E01000000040140C28F08001E02000038
:109B500000180040C24B00001F0000000000014040
:109B6000C2C708001F01000000040140C2CF080066
:109B70001F02000000180040C28B000026000000F9
:109B800000040040C24B0000260100000004014018
:109B9000C24F00002700000000040040C28B0000FC
:109BA0002701000000040140C28F000028000000CF
:109BB00000040040C2CB0000280100000004014066
:109BC000C2CF00002900000000040040C20B0100C9
:109BD0002901000000040140C20F01003C00000008
:109BE00000080040C24B00003D000000000800409B
:109BF000C28B00003E00000000080040C2CB000005
:109C00003F00000000080040C20B010044000000BB
:109C100000400140C25308004500000000400140E0
:109C2000C25300004600000000400140C293000003
:109C30004800000000000140C24708004900000041
:109C400000000140C24700004A000000000001403F
:109C5000C28708004B00000000000140C2870000DE
:109C60004C00000000000140C2C708004D00000089
:109C700000000140C2C700004E000000000001408B
:109C8000C20701005600000000440140C247000026
:109C90005700000000480140C24700005800000083
:109CA000001C0040C2670000580100000044014051
:109CB000C24708005900000000200040C2670000B1
:109CC0005901000000480140C2470800760000002A
:109CD00000180040C24B000079000000001800404E
:109CE000C28B00007D00000000040140C24F08004C
:109CF0007E00000000040140C28F08007F000000C9
:109D000000040140C2CF08008200000000040140AE
:109D1000C20F01008500000000040140C24F000096
:109D20008600000000040140C28F00008700000090
:109D300000040140C2CF0000960000000004014072
:109D4000C28F00009700000000040140C28F08008D
:109D50009800000000000140C2C708009801000000
:109D600000040140C24F00009900000000000140C3
:109D7000C2C700009901000000040140C24F080062
:109D80009A00000000000140C28708009A0100000C
:109D900000040140C28F00009B0000000000014051
:109DA000C28700009B01000000040140C28F080030
:109DB000A000000000000140C2470800A001000010
:109DC00000040140C2CF0000A100000000000140DB
:109DD000C2470000A101000000040140C2CF0800FA
:109DE000FFFF0000FFFFFFFF000000000800000071
:109DF00000740140D24B08000900000000740140CB
:109E0000D28B00000A00000000740140D28B0800D1
:109E10000B00000000740140D2CB00000C000000D9
:109E200000740140D2CB08002600000000740140FD
:109E3000D20700002700000000740140D20708008C
:109E40002800000000740140D247000066000000B6
:109E500000740140D20B0100670000000074014053
:109E6000D20B0900FFFF0000FFFFFFFF0000000012
:109E70002900000000500052D22700003B000000E3
:109E800000500052D227000058000000005000523D
:109E9000D22B0000FFFF0000FFFFFFFF00000000CB
:109EA0002A00000000500052D22700003C000000B1
:109EB00000500052D227000059000000005000520C
:109EC000D22B0000FFFF0000FFFFFFFF000000009B
:109ED0004200000000500052D2270000570000004E
:109EE00000500052D2270000FFFF0000FFFFFFFFDD
:109EF000000000000100000000500052D2270000C6
:109F00003D00000000500052D22700005600000023
:109F100000500052D2270000FFFF0000FFFFFFFFAC
:109F2000000000001200000000500052D227000084
:109F30005A00000000500052D2270000FFFF00002E
:109F4000FFFFFFFF0000000016000000005000525D
:109F5000D22B00001A00000000500052D22700004F
:109F60006600000000500052D22B0000FFFF0000EE
:109F7000FFFFFFFF0000000006000000003001406E
:109F8000C21700000601000000140058C2230000A0
:109F90001400000000300140C2170000140100004E
:109FA000003C0040C21B00001402000000140058D6
:109FB000C22300001E00000000380040C21700004D
:109FC0002200000000380040C21700002B000000F3
:109FD000003C0040C21B000045000000003401406E
:109FE000C21700004D00000000340140C2170000FD
:109FF0005800000000500140C21700006900000036
:10A0000000300140C21700006C000000001400582E
:10A01000C21700007700000000500140C217000086
:10A020008200000000380040C21700009B000000C2
:10A0300000500140C2170000FFFF0000FFFFFFFFBC
:10A04000000000000700000000300140C2170000BF
:10A050000701000000140058C22300001200000095
:10A06000003C0040C21F000015000000003001400D
:10A07000C217000015010000003C0040C21F000094
:10A080001502000000140058C22300001F00000049
:10A0900000380040C21700002100000000380040D6
:10A0A000C21700002300000000380040C217000063
:10A0B0002C000000003C0040C21B000036000000E5
:10A0C000003C0040C2170000370000000030014093
:10A0D000C21700004600000000340140C217000013
:10A0E0004E00000000340140C2170000590000007B
:10A0F00000500140C21700005B000000005001400A
:10A10000C21700006E00000000140058C2170000C3
:10A110008300000000380040C21700009A000000D1
:10A1200000500140C2170000FFFF0000FFFFFFFFCB
:10A13000000000000500000000300140C2170000D0
:10A140000501000000140058C22300000C000000AC
:10A1500000380040C217000013000000003001402A
:10A16000C217000013010000003C0040C21B0000A9
:10A170001302000000140058C22300001A0000005F
:10A1800000380040C21700001D00000000380040E9
:10A19000C21700002A000000003C0040C21B000063
:10A1A0003300000000380040C217000042000000E9
:10A1B00000340140C21700004C0000000034014090
:10A1C000C21700005700000000500140C2170000F5
:10A1D0006B00000000300140C21700006D0000005D
:10A1E00000140058C2170000760000000050014023
:10A1F000C21700008100000000380040C2170000B4
:10A20000A000000000500140C2170000FFFF000046
:10A21000FFFFFFFF000000000400000000300140CD
:10A22000C217000004010000003C0040C21B0000F7
:10A230000402000000140058C22300000B000000BC
:10A2400000380040C21700000F000000003001403D
:10A25000C21700000F010000003C0040C21B0000BC
:10A260000F02000000140058C21F0000140000007C
:10A2700000380040C21F00001900000000380040F4
:10A28000C21700001C00000000380040C217000088
:10A290004400000000340140C21700004B000000E1
:10A2A00000340140C2170000560000000050014079
:10A2B000C21700006800000000140058C217000018
:10A2C0006A00000000300140C21700007500000065
:10A2D00000500140C217000080000000003800401C
:10A2E000C2170000A100000000500140C21700008A
:10A2F000FFFF0000FFFFFFFF000000000000000064
:10A3000000440040D21F00000B000000001001407C
:10A31000D21F00000B010000000C0058D20F0000FB
:10A3200010000000004C0040D22300001D0000007F
:10A3300000480040D21F00001F000000004C0040F9
:10A34000D22300002900000000500040D22300006A
:10A350003300000000440040D21F00003B0000001A
:10A3600000480040D21F00003E000000007C00407A
:10A37000D22300004A00000000780040D21F0000F5
:10A380005900000000780040D21F00006D0000005E
:10A3900000140140D21F00006F00000000140140B3
:10A3A000D21F0000FFFF0000FFFFFFFF00000000C2
:10A3B0000100000000440040D21F00000C0000001B
:10A3C00000100140D21F00000C010000000C0058DA
:10A3D000D20F00000F000000004C0040D22300000C
:10A3E0001E00000000480040D21F00001E010000B7
:10A3F000004C0040D2230000280000000050004024
:10A40000D22300003400000000440040D21F0000AE
:10A410003C00000000480040D21F00003F00000048
:10A42000007C0040D223000049000000007800407A
:10A43000D21F00005800000000780040D21F00002A
:10A440006800000000140140D21F00006C000000F2
:10A4500000140140D21F0000FFFF0000FFFFFFFFBC
:10A460000000000001000000004C0040D22300006A
:10A470000300000000440040D21F0000080000005C
:10A4800000780040D22F00000A00000000100140B8
:10A49000D21F00000A010000000C0058D20F00007B
:10A4A0000B000000004C0040D21B00001300000015
:10A4B00000780040D22F000015000000005000403E
:10A4C000D23B00001700000000100140D21F000026
:10A4D00017010000000C0058D223000018000000F3
:10A4E000004C0040D22300001B0000000048004048
:10A4F000D21F00001C00000000500040D23B0000B2
:10A500001F00000000100140D213000027000000CF
:10A5100000140140D21F00002B0000000048004042
:10A52000D21F00002B010000004C0040D22300008D
:10A5300030000000004C0040D22300003200000038
:10A5400000500040D22300003600000000440040CC
:10A55000D21F00003900000000480040D21F000058
:10A5600040000000007C0040D223000047000000B3
:10A5700000780040D21F0000560000000078004024
:10A58000D21F00006900000000140140D21F00002B
:10A590007E000000004C0040D22300008900000033
:10A5A000004C0040D223000099000000007C0040D5
:10A5B000D2230000FFFF0000FFFFFFFF00000000AC
:10A5C00000000000004C0040D22300000200000008
:10A5D00000440040D21F00000900000000100140AC
:10A5E000D21F000009010000000C0058D20F00002B
:10A5F0000C000000004C0040D21B00000F000000C7
:10A6000000780040D22F00001400000000780040C5
:10A61000D22F00001600000000100140D21F0000E1
:10A620001601000000500040D23B0000160200005E
:10A63000000C0058D223000019000000004C00401C
:10A64000D22300001A00000000480040D21F000082
:10A650001D00000000500040D23B00001E00000022
:10A6600000100140D2130000260000000014014039
:10A67000D21F00002A00000000480040D21F000046
:10A680002A010000004C0040D22300002C000000F2
:10A6900000500040D223000031000000004C004078
:10A6A000D22300003500000000440040D21F00000B
:10A6B0003800000000480040D21F000041000000A8
:10A6C000007C0040D22300004800000000780040D9
:10A6D000D21F00005700000000780040D21F000089
:10A6E0006E00000000140140D21F00007D00000039
:10A6F000004C0040D223000098000000007C004085
:10A70000D2230000FFFF0000FFFFFFFF000000005A
:10A710000B00000000000840D22B00000C000000DD
:10A7200000000840D22B0000FFFF0000FFFFFFFFEA
:10A73000000000000300000000000440D22B0000D5
:10A740000500000000000440D22B000010000000B3
:10A7500000000440D22B0000110000000000044063
:10A76000D22B00001500000000000440D22B000096
:10A770001A00000000000440D22B00001B00000063
:10A7800000000440D22B00001C0000000000044028
:10A79000D22B00001D00000000000440D22B00005E
:10A7A0002000000000000440D22B000074000000D4
:10A7B00000000440D22B00008B0000000000044089
:10A7C000D22B0000FFFF0000FFFFFFFF0000000092
:10A7D000536574537973436C6F636B206661696C66
:10A7E00065640A00616E616C6F67696E5F696E69AE
:10A7F000742048414C5F52434345785F506572690D
:10A800007068434C4B436F6E666967002E2F6D6214
:10A8100065642D6F732F746172676574732F544173
:10A82000524745545F53544D2F5441524745545F4E
:10A8300053544D333248372F616E616C6F67696EC8
:10A840005F6465766963652E63006F626A2D3E689A
:10A85000616E646C652E496E7374616E6365202150
:10A860003D20284144435F54797065446566202A41
:10A87000294E430066756E6374696F6E20213D201A
:10A880002875696E7433325F74294E4300616E61BE
:10A890006C6F67696E5F696E69742048414C5F41F7
:10A8A00044435F496E69740048414C5F41444345ED
:10A8B000785F4D756C74694D6F6465436F6E666942
:10A8C000674368616E6E656C2048414C5F4144434C
:10A8D0005F496E6974000000000000000000000085
:10A8E000060000000000000001000000070000005A
:10A8F000000000000200000008000000000000004E
:10A900000300000009000000000000000400000037
:10A910000A00000000000000050000001700000011
:10A920000100000005000000170000000200000008
:10A9300005000000170000000300000005000000F3
:10A9400017000000040000000500000017000000D0
:10A9500000000000060000002800000001000000C8
:10A9600006000000280000000200000006000000B1
:10A97000280000000300000006000000280000007E
:10A980000400000006000000280000000500000090
:10A9900006000000280000004932433132333A20DB
:10A9A000496E76616C696420636C6F636B20736FB2
:10A9B0007572636500493243343A20496E76616CA2
:10A9C000696420636C6F636B20736F7572636500DD
:10A9D0004932433A20756E6B6E6F776E20696E73E5
:10A9E00074616E636500000000000140010000001A
:10A9F00000000040000000000004004000000000D3
:10AA00000008004000000000000C004000000000B2
:10AA10000004014001000000001800400000000098
:10AA2000001C00400000000000200040000000006A
:10AA3000004001400100000000440140010000000E
:10AA4000004801400100000000000000020000007A
:10AA50002E2F6D6265642D6F732F7461726765743C
:10AA6000732F5441524745545F53544D2F54415214
:10AA70004745545F53544D333248372F73657269DD
:10AA8000616C5F6465766963652E630075617274DD
:10AA90005F72747320213D2028554152544E616DE0
:10AAA00065294E4300756172745F63747320213DA4
:10AAB0002028554152544E616D65294E4300434C48
:10AAC0004B3A2053504920696E7374616E63652060
:10AAD0006E6F7420736574007370695F687A206E9E
:10AAE0006F7420666F756E640A002E2F6D62656448
:10AAF0002D6F732F746172676574732F54415247C1
:10AB000045545F53544D2F5553425068795F535409
:10AB10004D33322E63707000687063642E494E5F4F
:10AB200065705B305D2E6D61787061636B6574205C
:10AB30003E3D2073697A6500726574203D3D204872
:10AB4000414C5F4F4B0072657420213D2048414CC1
:10AB50005F42555359006C656E203E3D206D617813
:10AB60005F7061636B65740000020000000200000A
:10AB7000000200000002000000020000FF030000CD
:10AB800000000000000000002B880508638805080D
:10AB9000618B05081D8B05082D880508558A050859
:10ABA000818A05082988050829880508318805084B
:10ABB0003788050859890508298805083D8805084A
:10ABC0004588050873880508798905089788050868
:10ABD000E988050849880508A18D0508198905082F
:10ABE000D5890508F9890508B1890508A3880508EC
:10ABF0001D8A050839890508B58A05080010000076
:10AC0000310000003C0000003C0000003F0000005C
:10AC10003F0000003F0000003F0000000000000077
:10AC20000000000000000000000000000000000024
:10AC30000000000000000000000000000000000014
:10AC400048414C5F464443414E5F496E69742065FC
:10AC500072726F720A0063616E5F66696C7465720E
:10AC6000206572726F720A0048414C5F464443414E
:10AC70004E5F436F6E666967476C6F62616C4669D1
:10AC80006C746572206572726F720A0048414C5F85
:10AC9000464443414E5F5374617274206572726F13
:10ACA000720A002E2F6D6265642D6F732F746172AE
:10ACB000676574732F5441524745545F53544D2F69
:10ACC00063616E5F6170692E630028696E7429701C
:10ACD000696E6D61702D3E70657269706865726134
:10ACE0006C20213D204E430063616E5F696E697484
:10ACF0002077726F6E6720696E7374616E63650A88
:10AD00000048414C5F52434345785F50657269701B
:10AD100068434C4B436F6E666967206572726F7251
:10AD20000A00436F756C64206E6F742064657465EF
:10AD3000726D696E6520676F6F64206E6F6D696EEE
:10AD4000616C5072657363616C65722E2042616440
:10AD500020636C6F636B2076616C75650A005069C7
:10AD60006E6D6170206572726F723A2077726F6ECD
:10AD70006720706F7274206E756D6265722E002E82
:10AD80002F6D6265642D6F732F74617267657473C4
:10AD90002F5441524745545F53544D2F6770696F8C
:10ADA0005F6170692E630070696E20213D2028501C
:10ADB000696E4E616D65294E4300556E657870650C
:10ADC000637465642053707572696F757320696E62
:10ADD0007465727275707420696E64657820256C74
:10ADE000750A00496E74657272757074496E2065DB
:10ADF00072726F723A20697271206368616E6E655B
:10AE00006C20636F6E666C6963740A00496E7465CA
:10AE10007272757074496E206572726F723A20702A
:10AE2000696E206E6F7420737570706F72746564D4
:10AE30002E0A002E2F6D6265642D6F732F74617260
:10AE4000676574732F5441524745545F53544D2FD7
:10AE50006932635F6170692E630028687A203D3D26
:10AE60002031303030303029207C7C2028687A2016
:10AE70003D3D2034303030303029207C7C20286823
:10AE80007A203D3D2031303030303030290068614B
:10AE90006E646C652D3E496E69742E54696D696EE1
:10AEA0006720213D2030006F626A5F732D3E69325A
:10AEB0006320213D20284932434E616D65294E4370
:10AEC00000000000A086010080380100C0D401000D
:10AED000000000007A0D0000FA0000005C12000083
:10AEE000A00F00008002000014000000000000001D
:10AEF000801A060000E20400005307000000000072
:10AF000084030000640000001405000058020000E3
:10AF1000FA000000640000000000000040420F0042
:10AF200000350C00804F120000000000C20100003C
:10AF300032000000F4010000040100003C000000A9
:10AF4000640000000000000048414C5F5243435F32
:10AF50004F7363436F6E666967204552524F520AC2
:10AF60000048414C5F52434345785F5065726970B9
:10AF700068434C4B436F6E666967204552524F528F
:10AF80000A0048414C5F4C5054494D5F496E69740A
:10AF9000204552524F520A0000800000100000006D
:10AFA000007D0000100000002E2F6D6265642D6F83
:10AFB000732F746172676574732F544152474554FF
:10AFC0005F53544D2F70696E6D61702E63000000E9
:10AFD000000000000000000101000000000000026D
:10AFE0002200000000000004230000000000000810
:10AFF000FFFF000000000000010000000200000050
:10B000000400000008000000100000002000000004
:10B01000400000008000000000010000000200006D
:10B0200000040000000800000010000000200000E4
:10B03000004000000080000043616E6E6F74206964
:10B040006E697469616C697A652050574D0A0055C4
:10B050006E6B6E6F776E2050574D20696E73746102
:10B060006E6365002E2F6D6265642D6F732F7461A2
:10B0700072676574732F5441524745545F53544D62
:10B080002F70776D6F75745F6170692E63000400B7
:10B09000000000000000400000000000000000046C
:10B0A000010000000000000010000000000000008F
:10B0B00000010000000000000010436F6D6D616E24
:10B0C0006420706172616D206572726F723A2077D0
:10B0D000726F6E6720616464726573732073697A3E
:10B0E000650A00496E76616C696420616C74206247
:10B0F000797465732073697A650043616E6E6F744D
:10B1000020696E697469616C697A65205541525491
:10B1100020776974682062617564207261746520AB
:10B1200025750A00506172697479206973206E6F09
:10B130007420737570706F727465642077697468B9
:10B1400020392D626974206461746120666F726DAC
:10B150006174004F6E6C7920372C2038206F72207C
:10B16000392D626974206461746120666F726D614B
:10B1700074732061726520737570706F727465648A
:10B18000004572726F723A206E657720736572693E
:10B19000616C206F626A65637420697320757369DE
:10B1A0006E672073616D6520554152542061732094
:10B1B000535444494F002E2F6D6265642D6F732FD9
:10B1C000746172676574732F5441524745545F53DD
:10B1D000544D2F73657269616C5F6170692E6300F5
:10B1E0006F626A5F732D3E7561727420213D202865
:10B1F000554152544E616D65294E43006F626A5F3E
:10B20000732D3E696E646578203E3D203000466FA8
:10B210007263654F73634F75746F664465657053F1
:10B220006C65657020636C6F636B20697373756503
:10B230000D0A00466F7263655065726970684F75DC
:10B24000746F6644656570536C65657020636C6FE0
:10B25000636B2069737375650D0A002E2F6D62652F
:10B26000642D6F732F746172676574732F5441522C
:10B270004745545F53544D2F73746D5F7370695F0E
:10B280006170692E63006269747368696674203E38
:10B290003D20300033207769726573205350492078
:10B2A000736C617665206E6F7420737570706F7249
:10B2B000746564202D20736C6176652077696C6CF1
:10B2C000206F6E6C7920726561640D0A0043616EB7
:10B2D0006E6F7420696E697469616C697A65205358
:10B2E0005049007370696F626A2D3E737069202146
:10B2F0003D20285350494E616D65294E4300484119
:10B300004C5F52434345785F506572697068434CA7
:10B310004B436F6E6669670A0074785F6C656E6791
:10B320007468203E3E206269747368696674203CCC
:10B330003C206269747368696674203D3D207478AE
:10B340005F6C656E6774680072785F6C656E6774B9
:10B3500068203E3E206269747368696674203C3CD4
:10B36000206269747368696674203D3D2072785F5D
:10B370006C656E6774680000000000000101010147
:10B3800001010101020202020202020202020202A1
:10B390000202020200000000000000100000002075
:10B3A000000000300000004000000050000000607D
:10B3B0000000007040420F0020000000000000006C
:10B3C0007374643A3A6261645F6578636570746946
:10B3D0006F6E000024B50608F8B3060824B5060809
:10B3E00018B40608B0B406083CB40608F0B3060862
:10B3F00024B5060850B406084E31305F5F63787894
:10B40000616269763131355F5F666F726365645F73
:10B41000756E77696E6445004E31305F5F63787892
:10B42000616269763131395F5F666F726569676E37
:10B430005F657863657074696F6E4500537431336E
:10B440006261645F657863657074696F6E000000A7
:10B45000537439657863657074696F6E000000001D
:10B4600000000000E4B30608DDDC0508E9DC05089F
:10B47000E1DC0508B0B4060880B40608ECB40608A0
:10B480004E31305F5F637878616269763132305F68
:10B490005F73695F636C6173735F747970655F6913
:10B4A0006E666F45000000000000000074B40608DE
:10B4B00065DE050879DE050881DF050881DF0508FE
:10B4C00081E00508B1DF050851DF0508D1DE050878
:10B4D00095DE050824B50608DCB4060853743974F3
:10B4E0007970655F696E666F00000000B0B4060891
:10B4F000F8B40608D4B406084E31305F5F6378783C
:10B50000616269763131375F5F636C6173735F7459
:10B510007970655F696E666F45000000000000008D
:10B52000ECB40608F5DF050809E0050881DF050829
:10B5300081DF050881E00508B1DF050869E005083D
:10B5400025E00508E9DF0508002020202020202034
:10B5500020202828282828202020202020202020C3
:10B5600020202020202020202088101010101010D3
:10B57000101010101010101010040404040404041F
:10B5800004040410101010101010414141414141B9
:10B59000010101010101010101010101010101019B
:10B5A00001010101101010101010424242424242AB
:10B5B000020202020202020202020202020202026B
:10B5C0000202020210101010200000000000000013
:10B5D000000000000000000000000000000000006B
:10B5E000000000000000000000000000000000005B
:10B5F000000000000000000000000000000000004B
:10B60000000000000000000000000000000000003A
:10B61000000000000000000000000000000000002A
:10B62000000000000000000000000000000000001A
:10B63000000000000000000000000000000000000A
:10B64000000000000000000000000000500E002478
:10B6500043000000504F5349580000002E000000E6
:10B660000A000000494E4600696E66004E414E00D9
:10B670006E616E00303132333435363738394142FD
:10B68000434445460000000030313233343536370C
:10B69000383961626364656600000000286E756C6D
:10B6A0006C290000300000002020202020202020D5
:10B6B000202020202020202030303030303030300A
:10B6C00030303030303030302020202020202020FA
:10B6D00020202020202020203030303030303030EA
:10B6E0003030303030303030496E66696E69747990
:10B6F000000000004E614E000080E03779C34143F6
:10B70000176E05B5B5B89346F5F93FE9034F384DC7
:10B71000321D30F94877825A3CBF737FDD4F157573
:10B72000000000000000F03F000000000000244086
:10B7300000000000000059400000000000408F4061
:10B74000000000000088C34000000000006AF840CC
:10B750000000000080842E4100000000D0126341F0
:10B760000000000084D797410000000065CDCD4166
:10B77000000000205FA00242000000E87648374247
:10B78000000000A2941A6D42000040E59C30A242E5
:10B790000000901EC4BCD64200003426F56B0C435A
:10B7A0000080E03779C3414300A0D8855734764301
:10B7B00000C84E676DC1AB43003D9160E458E14362
:10B7C000408CB5781DAF154450EFE2D6E41A4B44D7
:10B7D00092D54D06CFF08044F64AE1C7022DB5441C
:10B7E000B49DD9794378EA440500000019000000AF
:08B7F0007D00000000000000D4
:10B7F800651AFF7FB0B0A800FFFF0100591AFF7F4C
:10B80800B0B0A800FFFF01004D1AFF7FB0AC0100E7
:10B81800FFFF010E5A04000060389A0100A00104DD
:10B8280000000000311AFF7FB0A90200FFFF0123CA
:10B83800065600006004BC01006804BA01007004E8
:10B84800A401008E010400009E0104BC0200B601A0
:10B8580076000000011AFF7FB0B0A800FFFF0100CA
:10B8680008B10181B0B000840000000008B1018176
:10B87800B0B000840000000008B10181B0B00084BD
:10B8880000000000D119FF7FB0AE0D00FFFF0135A9
:10B89800180400002004C002002C04BE0200460C5C
:10B8A800BC02007204980200980104B40200BE01B0
:10B8B80004B60200DE0104B80200860204BA0200DF
:10B8C800B0020400000000008D19FF7FB0AA01003B
:10B8D800FFFF010C0A18000032043E004604000075
:10B8E8007519FF7FA908B100FFFF010C08080000C7
:10B8F8001A0422002A04000008B10181B0B00084B3
:10B90800000000005119FF7FB0AC0700FFFF0127BE
:10B918000E0800002004BC01002A0A00004C04AEF6
:10B9280001005604AC010068048E0100880104C0BF
:10B938000100A8010400000008B10181B0B0008432
:10B948000000000008B10181B0B0008400000000D0
:10B958000519FF7FB0A90600FFFF010932048A011B
:10B96800004E46000000000008B10181B0B000841C
:10B9780000000000E118FF7FB0B0A800FFFF010041
:10B98800D518FF7FB0B0A800FFFF0100C918FF7FDE
:10B99800843F0201B0B0B000FFFF010C0A040000B0
:10B9A8002204320038040000AD18FF7FA908B10056
:10B9B800FFFF010008B10181B0B000840000000061
:10B9C80008B10181B0B00084000000008918FF7F31
:10B9D800B0AA0500FFFF01161614000036048C01FA
:10B9E800005004000074049801007C1C0000000052
:10B9F80008B10181B0B000840000000008B10181E5
:10BA0800B0B00084000000004D18FF7FB0B0A8005F
:10BA1800FFFF01004118FF7FB0A80300FFFF010CE2
:10BA2800040C0000141436003C0400002918FF7FA1
:10BA38008408B101B0B0B000FFFF01081E04360051
:10BA48003C0400001118FF7FB0B0A800FFFF010000
:10BA58000518FF7FB0B0AC00FFFF01141E04000002
:10BA680024045A002E045800360A420054040000E8
:10BA7800E517FF7FB0A80900FFFF010C060A0000C8
:10BA88001C163C0042040000CD17FF7FB0AA0D0031
:10BA9800FFFF010C0A0A00002A16420048040000B1
:10BAA800B517FF7FB0AD1000FFFF010C0E1A0000A4
:10BAB80042165A006004000008B10181B0B0008449
:10BAC800000000009117FF7FB0AB0A00FFFF0121C3
:10BAD800060A00002804920100320400005A049C5F
:10BAE8000100640400008C01049E010098012000FC
:10BAF8000000000008B10181B0B00084000000001F
:10BB080008B10181B0B00084000000004917FF7F30
:10BB1800B0AD0200FFFF01140C2000003004C20188
:10BB2800009E0104A40100BE0104000008B10181C7
:10BB3800B0B00084000000001D17FF7FB0AC070004
:10BB4800FFFF0129081000002E28E601006004000C
:10BB5800007C04D20100860104D00100980104B2DF
:10BB68000100AC0104EE0100CC011400000000004B
:10BB780008B10181B0B000840000000008B1018163
:10BB8800B0B000840000000008B10181B0B00084AA
:10BB98000000000008B10181B0B00084000000007E
:10BBA80008B10181B0B000840000000008B1018133
:10BBB800B0B00084000000009D16FF7FB0B0AC005C
:10BBC800FFFF010C082600003C047E00503A0000EC
:10BBD8008516FF7FB0A90800FFFF010C08280000A8
:10BBE8003E0400005A1000006D16FF7FB0AC010043
:10BBF800FFFF010C08240000400472007A040000D2
:10BC080008B10181B0B00084000000004916FF7F30
:10BC1800B0AF1800FF1019011124A6070000EE07A5
:10BC280004D80901BA08A8010000010000000000BA
:10BC38002516FF7FB0AF0400FF101D011220043647
:10BC4800012A042E017646BC0100C401040000014B
:10BC58000000000000000000FD15FF7FA908B100EA
:10BC6800FFFF0100F115FF7F8408B101B0B0B000FB
:10BC7800FF1019010C020608010C0410051C0A002B
:10BC88000001007F00007D000000000000000000AF
:10BC980008B10181B0B000840000000008B1018142
:10BCA800B0B000840000000008B10181B0B0008489
:10BCB8000000000008B10181B0B00084000000005D
:10BCC8001046FD7F01000000E846FD7FB0AB08800C
:10BCD8007C47FD7FB0AA0180B848FD7FB0AF0880DF
:10BCE800DC4CFD7F01000000D64CFD7F04FBFF7F8C
:10BCF800DC4CFD7F08FBFF7FE04CFD7F010000006E
:10BD0800FC4CFD7FA908B180104DFD7F01000000AB
:10BD1800544EFD7FF4FAFF7FFC4EFD7F08FBFF7F4A
:10BD2800AC50FD7F01000000DA50FD7FA908B1800A
:10BD38006251FD7F010000007251FD7F18FBFF7FFB
:10BD48007651FD7F010000008A51FD7F14FBFF7FC3
:10BD58009051FD7F01000000D651FD7F10FBFF7F51
:10BD6800D651FD7F14FBFF7FD851FD7F18FBFF7F65
:10BD78001C53FD7F010000007E53FD7FB0A80580A5
:10BD88009C53FD7FAB08B180D853FD7FB0A80180DC
:10BD9800E453FD7F010000001054FD7FB0AA01802C
:10BDA8004E54FD7F24FBFF7F9054FD7F010000006F
:10BDB800DC54FD7FB0A801800C55FD7F0100000018
:10BDC8002855FD7FB0B0AA808455FD7FB0B0A8800B
:10BDD800BA55FD7F01000000F055FD7FB0B0A88086
:10BDE8003456FD7F01000000F456FD7FF4FAFF7F12
:10BDF8001A57FD7F010000004257FD7FA908B18056
:10BE08005857FD7F008402807657FD7FB0B0A88028
:10BE18000658FD7FAA3F01806258FD7FB0AA3F8087
:10BE28003459FD7F01000000A659FD7FCCFAFF7F41
:10BE3800AC59FD7F01000000F459FD7FC8FAFF7F6F
:10BE4800C05AFD7FF4FAFF7FC05AFD7FF8FAFF7FE2
:10BE5800C05AFD7F01000000245BFD7FB0AE038067
:10BE6800725BFD7FB0FD8480CA5BFD7FB0B0AC80A3
:10BE7800285CFD7FB0FD8480805CFD7F01000000B0
:10BE88007C5CFD7FCCFAFF7F2C5DFD7FB0B0A88085
:10BE9800505DFD7FD4FAFF7F7C5DFD7FD8FAFF7F80
:10BEA800805DFD7FDCFAFF7F985DFD7FE0FAFF7F14
:10BEB800CC5DFD7FB0B0AA80585EFD7F0100000018
:10BEC800645EFD7FE4FAFF7F805EFD7F0100000075
:10BED800BA5EFD7FB0B0AA80FE5EFD7FB0B0A880DC
:10BEE8000E5FFD7F010000003C5FFD7FB0A8018070
:10BEF800A05FFD7FC0FAFF7FC45FFD7FB0B0AA805E
:10BF0800D85FFD7FB0B0B080D85FFD7FB0A801805A
:10BF18001460FD7FB0B0AC804660FD7FB0B0B080EB
:10BF28004460FD7FB0B0AA808C60FD7FA93F02808D
:10BF3800FC60FD7FA908B1801061FD7FB0B0B080C2
:10BF48001061FD7FB0B0A8803061FD7FA908B18085
:10BF58005661FD7FB0B0B0805461FD7FB0B0A8805D
:10BF68008861FD7FA908B180C461FD7FB0B0B08051
:10BF7800C461FD7FB0B0A8801062FD7F01000000A1
:10BF88004062FD7F3CFAFF7F4462FD7F01000000B4
:10BF98008C62FD7F38FAFF7F2863FD7F54FAFF7FAC
:10BFA8002863FD7F58FAFF7F2863FD7F01000000AA
:10BFB800F863FD7FB0B0A8800664FD7FA908B18052
:10BFC8001864FD7F010000001864FD7F3CFAFF7FC4
:10BFD8002C64FD7F010000003A64FD7FB0AB028055
:10BFE8007264FD7FB0B0AA80C664FD7FAB08B180E3
:10BFF800E864FD7FB0AA05807065FD7F0100000040
:10C008009465FD7FA908B180C865FD7F0100000027
:10C01800EC65FD7FB0B0A8800866FD7FB0AC0380FA
:10C028008066FD7FB0AA0180A466FD7FB0B0A880BD
:10C03800DA66FD7FE0F9FF7F1267FD7FB0B0A88068
:10C048001C67FD7FE8F9FF7F6467FD7FB0B0A880BB
:10C058008C67FD7F010000001469FD7FE8F9FF7F10
:10C068003C69FD7F01000000C869FD7FA908B18017
:10C07800486AFD7FB0AC0180CA6AFD7FB0B0A88075
:10C08800046BFD7FB0B0AA80546BFD7FC4F9FF7FBD
:10C09800B46BFD7FB0B0AA80546CFD7FB0B0A880AF
:10C0A800606CFD7FA908B180746CFD7FAB08B1801E
:10C0B800DC6CFD7FBCF9FF7F246DFD7FCCF9FF7F31
:10C0C800806DFD7FB0B0A880A86DFD7FAD08B18000
:10C0D800026EFD7FB0AB0480486EFD7FC4F9FF7F20
:10C0E800C06EFD7FB0B0A880E26EFD7F0100000049
:10C0F8002A6FFD7FB0A90280806FFD7F01000000DC
:10C10800A06FFD7FB4F9FF7FA46FFD7F01000000E1
:10C11800EC6FFD7FB0F9FF7FB070FD7FD8F9FF7F2E
:10C12800B070FD7FDCF9FF7FB070FD7F010000007B
:10C13800DA70FD7FB0B0B080D870FD7F01000000DC
:10C14800D870FD7FB0B0A880E070FD7FB0B0B0803F
:10C15800E070FD7FA908B1801871FD7F008402801E
:10C168003071FD7FB0B0B0803071FD7F00840280F7
:10C178004A71FD7FB0B0B0804A71FD7FAD08B180D3
:10C188007C71FD7F01000000A871FD7FA908B180C6
:10C19800CA71FD7F010000004C72FD7F70F9FF7FBE
:10C1A8001473FD7FA908B1802673FD7F010000008C
:10C1B8003073FD7FB0B0A8805873FD7FAB08B180A5
:10C1C8008073FD7F01000000C673FD7F60F9FF7F6B
:10C1D800CC73FD7F010000001474FD7F5CF9FF7FC4
:10C1E8001075FD7FB0B0B0801075FD7F01000000B4
:10C1F8000C75FD7F7CF9FF7F0C75FD7F80F9FF7F53
:10C208000C75FD7F84F9FF7F0C75FD7F0100000030
:10C218005875FD7F80F9FF7F5675FD7FB0AF0480AC
:10C22800B876FD7F010000001877FD7FB0B0AC80C4
:10C238003C77FD7F010000005A77FD7F64F9FF7F9E
:10C248005A77FD7F010000006477FD7FA908B1805F
:10C258007077FD7FB0AA0980A277FD7F01000000FA
:10C26800B877FD7FA908B180C477FD7FB0B0A880FA
:10C27800F477FD7FB0B0AA801478FD7FB0B0A880B5
:10C288002878FD7F010000003878FD7F0084028057
:10C298006C78FD7F010000006C78FD7F10F9FF7F4E
:10C2A8008078FD7F01000000BC78FD7FB0B0AA80D7
:10C2B800D478FD7F04F9FF7F6079FD7F14F9FF7F53
:10C2C800CC79FD7F24F9FF7F507AFD7FB0A90880E3
:10C2D800A47AFD7F01000000F00DFF7FAB08B1805C
:10C2E800A80EFF7F1CF9FF7FD80EFF7FAB08B18037
:10C2F800640FFF7F18F9FF7F4014FF7F01000000E3
:10C308009414FF7F2CF9FF7F6815FF7F4CF9FF7F9E
:10C31800E015FF7F010000007016FF7F48F9FF7FDE
:10C328009016FF7F010000009C16FF7F64F9FF7FD5
:10C338009C16FF7F68F9FF7FA816FF7F01000000A9
:10C34800CC16FF7FB0AB02807417FF7F010000009E
:10C358004018FF7FB0B0A8807C18FF7F0100000064
:10C36800CC18FF7FAB08B180FC18FF7FB0B0A88065
:10C378006419FF7F01000000D01BFF7FB0B0AC80C4
:10C38800F41BFF7F01000000201CFF7FB0AA038080
:10C39800501CFF7F010000004421FF7FB0A90280EC
:10C3A800E021FF7FB0B0A8803022FF7F01000000AD
:10C3B8003C22FF7FB0B0AA807422FF7FAE71B280AA
:10C3C8003423FF7F010000003023FF7FAB3F38801C
:10C3D8008823FF7F010000009423FF7FB0B0AA806C
:10C3E800D023FF7F010000007424FF7FAB0EB280D2
:10C3F800DC24FF7FB0AF0880A827FF7F0100000082
:10C40800AC27FF7FAC3F0380242AFF7F0100000098
:10C41800002CFF7F00840480142CFF7F01000000A3
:10C42800102CFF7FB0AD0480CC2EFF7FB0A8038016
:10C43800EC2EFF7F74F8FF7FF02EFF7F78F8FF7FE8
:08C44800FC2EFF7F0100000043
:10C450000000000000F001087F0000000000000064
:10C460000000000000000000A1000000000000002B
:10C4700000000000000000009B0000000000000021
:10C480000000000000000000670000000000000045
:10C490000000000000000000270000000000000075
:10C4A0000000000000000000260000000000000066
:10C4B0000000000000000000080000000000000074
:10C4C00000000000000000008000000000000000EC
:10C4D0000000000000000000230000000000000039
:10C4E00000000000000000008100000000000000CB
:10C4F000000000000000000022000000000000001A
:10C5000000000000000000007800000000000000B3
:10C5100000000000000000007700000000000000A4
:10C5200000000000000000000A0000000000000001
:10C5300000000000000000000900000000000000F2
:10C5400000000000000000000008000000000000E3
:10C5500000000000000000000108000000000000D2
:10C5600000000000000000002208000000000000A1
:10C570000000000000000000230800000000000090
:10C580000000000000000000220100000000000088
:10C590000000000000000000230100000000000077
:10C5A0000000000000000000040000000000000087
:10C5B0000000000000000000060000000000000075
:10C5C0000000000000000000A500000000000000C6
:10C5D0000000000000000000A600000000000000B5
:10C5E0000000000000000000A700000000000000A4
:10C5F000000000000000000000000000000000003B
:10C600000000000000000000010000000000000029
:10C610000000000000000000020000000000000018
:10C620000000000000000000030000000000000007
:10C6300000000000000000000400000000000000F6
:10C6400000000000000000000500000000000000E5
:10C6500000000000000000000600000000000000D4
:10C6600000000000000000000700000000000000C3
:10C6700000000000000000000800000000000000B2
:10C6800000000000000000000900000000000000A1
:10C6900000000000000000000A0000000000000090
:10C6A00000000000000000000B000000000000007F
:10C6B00000000000000000000C000000000000006E
:10C6C00000000000000000000D000000000000005D
:10C6D00000000000000000000E000000000000004C
:10C6E00000000000000000000F000000000000003B
:10C6F000000000000000000010000000000000002A
:10C700000000000000000000110000000000000018
:10C710000000000000000000120000000000000007
:10C7200000000000000000001300000000000000F6
:10C7300000000000000000001400000000000000E5
:10C7400000000000000000001500000000000000D4
:10C7500000000000000000001600000000000000C3
:10C7600000000000000000001700000000000000B2
:10C7700000000000000000001800000000000000A1
:10C780000000000000000000190000000000000090
:10C7900000000000000000001A000000000000007F
:10C7A00000000000000000001B000000000000006E
:10C7B00000000000000000001C000000000000005D
:10C7C00000000000000000001D000000000000004C
:10C7D00000000000000000001E000000000000003B
:10C7E00000000000000000001F000000000000002A
:10C7F0000000000000000000200000000000000019
:10C800000000000000000000210000000000000007
:10C8100000000000000000002200000000000000F6
:10C8200000000000000000002300000000000000E5
:10C8300000000000000000002400000000000000D4
:10C8400000000000000000002500000000000000C3
:10C8500000000000000000002600000000000000B2
:10C8600000000000000000002700000000000000A1
:10C870000000000000000000280000000000000090
:10C88000000000000000000029000000000000007F
:10C8900000000000000000002A000000000000006E
:10C8A00000000000000000002B000000000000005D
:10C8B00000000000000000002C000000000000004C
:10C8C00000000000000000002D000000000000003B
:10C8D00000000000000000002E000000000000002A
:10C8E00000000000000000002F0000000000000019
:10C8F0000000000000000000300000000000000008
:10C9000000000000000000003100000000000000F6
:10C9100000000000000000003200000000000000E5
:10C9200000000000000000003300000000000000D4
:10C9300000000000000000003400000000000000C3
:10C9400000000000000000003500000000000000B2
:10C9500000000000000000003600000000000000A1
:10C960000000000000000000370000000000000090
:10C97000000000000000000038000000000000007F
:10C98000000000000000000039000000000000006E
:10C9900000000000000000003A000000000000005D
:10C9A00000000000000000003B000000000000004C
:10C9B00000000000000000003C000000000000003B
:10C9C00000000000000000003D000000000000002A
:10C9D00000000000000000003E0000000000000019
:10C9E00000000000000000003F0000000000000008
:10C9F00000000000000000004000000000000000F7
:10CA000000000000000000004100000000000000E5
:10CA100000000000000000004200000000000000D4
:10CA200000000000000000004300000000000000C3
:10CA300000000000000000004400000000000000B2
:10CA400000000000000000004500000000000000A1
:10CA50000000000000000000460000000000000090
:10CA6000000000000000000047000000000000007F
:10CA7000000000000000000048000000000000006E
:10CA8000000000000000000049000000000000005D
:10CA900000000000000000004A000000000000004C
:10CAA00000000000000000004B000000000000003B
:10CAB00000000000000000004C000000000000002A
:10CAC00000000000000000004D0000000000000019
:10CAD00000000000000000004E0000000000000008
:10CAE00000000000000000004F00000000000000F7
:10CAF00000000000000000005000000000000000E6
:10CB000000000000000000005100000000000000D4
:10CB100000000000000000005200000000000000C3
:10CB200000000000000000005300000000000000B2
:10CB300000000000000000005400000000000000A1
:10CB40000000000000000000550000000000000090
:10CB5000000000000000000056000000000000007F
:10CB6000000000000000000057000000000000006E
:10CB7000000000000000000058000000000000005D
:10CB8000000000000000000059000000000000004C
:10CB900000000000000000005A000000000000003B
:10CBA00000000000000000005B000000000000002A
:10CBB00000000000000000005C0000000000000019
:10CBC00000000000000000005D0000000000000008
:10CBD00000000000000000005E00000000000000F7
:10CBE00000000000000000005F00000000000000E6
:10CBF00000000000000000006000000000000000D5
:10CC000000000000000000006100000000000000C3
:10CC100000000000000000006200000000000000B2
:10CC200000000000000000006300000000000000A1
:10CC30000000000000000000640000000000000090
:10CC4000000000000000000065000000000000007F
:10CC5000000000000000000066000000000000006E
:10CC6000000000000000000067000000000000005D
:10CC7000000000000000000068000000000000004C
:10CC8000000000000000000069000000000000003B
:10CC900000000000000000006A000000000000002A
:10CCA00000000000000000006B0000000000000019
:10CCB00000000000000000006C0000000000000008
:10CCC00000000000000000006D00000000000000F7
:10CCD00000000000000000006E00000000000000E6
:10CCE00000000000000000006F00000000000000D5
:10CCF00000000000000000007000000000000000C4
:10CD000000000000000000007100000000000000B2
:10CD100000000000000000007200000000000000A1
:10CD20000000000000000000730000000000000090
:10CD3000000000000000000074000000000000007F
:10CD4000000000000000000075000000000000006E
:10CD5000000000000000000076000000000000005D
:10CD6000000000000000000077000000000000004C
:10CD7000000000000000000078000000000000003B
:10CD8000000000000000000079000000000000002A
:10CD900000000000000000007A0000000000000019
:10CDA00000000000000000007B0000000000000008
:10CDB00000000000000000007C00000000000000F7
:10CDC00000000000000000007D00000000000000E6
:10CDD00000000000000000007E00000000000000D5
:10CDE00000000000000000007F00000000000000C4
:10CDF00000000000000000008000000000000000B3
:10CE000000000000000000008100000000000000A1
:10CE10000000000000000000820000000000000090
:10CE2000000000000000000083000000000000007F
:10CE3000000000000000000084000000000000006E
:10CE4000000000000000000085000000000000005D
:10CE5000000000000000000086000000000000004C
:10CE6000000000000000000087000000000000003B
:10CE7000000000000000000088000000000000002A
:10CE80000000000000000000890000000000000019
:10CE900000000000000000008A0000000000000008
:10CEA00000000000000000008B00000000000000F7
:10CEB00000000000000000008C00000000000000E6
:10CEC00000000000000000008D00000000000000D5
:10CED00000000000000000008E00000000000000C4
:10CEE00000000000000000008F00000000000000B3
:10CEF00000000000000000009000000000000000A2
:10CF00000000000000000000910000000000000090
:10CF1000000000000000000092000000000000007F
:10CF2000000000000000000093000000000000006E
:10CF3000000000000000000094000000000000005D
:10CF4000000000000000000095000000000000004C
:10CF5000000000000000000096000000000000003B
:10CF6000000000000000000097000000000000002A
:10CF70000000000000000000980000000000000019
:10CF80000000000000000000990000000000000008
:10CF900000000000000000009A00000000000000F7
:10CFA00000000000000000009B00000000000000E6
:10CFB00000000000000000009C00000000000000D5
:10CFC00000000000000000009D00000000000000C4
:10CFD00000000000000000009E00000000000000B3
:10CFE00000000000000000009F00000000000000A2
:10CFF0000000000000000000A00000000000000091
:10D000000000000000000000A1000000000000007F
:10D010000000000000000000A2000000000000006E
:10D020000000000000000000A3000000000000005D
:10D030000000000000000000A4000000000000004C
:10D040000000000000000000A5000000000000003B
:10D050000000000000000000A6000000000000002A
:10D060000000000000000000A70000000000000019
:10D070000000000000000000DC660608D3B3FB02DD
:10D0800000000000000000000000000000000000A0
:10D090000000000000000000000000000000000090
:10D0A0000000000000000000000000000000000080
:10D0B0000000000000000000000000000000000070
:10D0C0000000000000000000000000000000000060
:10D0D0000000000000000000000000000000000050
:10D0E0000000000000000000000000000000000040
:10D0F0000000000000000000000000000000000030
:10D10000000000000000000000000000000000001F
:10D11000000000000000000000000000F9630408A7
:10D120009D6F0408416B0408796F0408556F04086B
:10D13000456B04080BB304080BB304087F00000020
:10D1400000000000000000001800000000000000C7
:10D15000000400000000000080000000000000004B
:10D160000000000000000000A1B40408000000005E
:10D17000000000000000000000000000FFFFFFFFB3
:10D18000FFFFFFFFFFFFFFFF0000000000000000A7
:10D19000000000000000000000000000000000008F
:10D1A000000000000000000000000000000000007F
:10D1B000000000000000000000000000000000006F
:10D1C000000000000000000000000000000000005F
:10D1D000000000000000000000000000000000004F
:10D1E000000000000000000000000000000000003F
:10D1F000000000000000000000000000000000002F
:10D20000000000000000000000000000000000001E
:10D21000000000000000000000000000000000000E
:10D2200000000000000000000000000000000000FE
:10D2300000000000000000000000000000000000EE
:10D2400000000000000000000000000000000000DE
:10D2500000000000000000000000000000000000CE
:10D2600000000000000000000000000000000000BE
:10D27000000000000000000000000000D0140124A5
:10D2800001000000100000000090D0030090D003C7
:10D2900001000000A1CA0408B9D90508500E0024F5
:10D2A000000000003C110024A41100240C120024F2
:10D2B000000000000000000000000000000000006E
:10D2C000000000000000000000000000000000005E
:10D2D000000000000000000000000000000000004E
:10D2E000000000000000000000000000000000003E
:10D2F000000000000000000000000000000000002E
:10D30000000000000000000000000000000000001D
:10D31000000000000000000000000000000000000D
:10D3200000000000000000000000000000000000FD
:10D3300000000000000000000000000000000000ED
:10D3400000000000000000000100000000000000DC
:10D350000E33CDAB34126DE6ECDE05000B000000A1
:10D3600000000000000000000000000000000000BD
:10D3700000000000000000000000000000000000AD
:10D38000000000000000000000000000000000009D
:10D39000000000000000000000000000000000008D
:10D3A000000000000000000000000000000000007D
:10D3B000000000000000000000000000000000006D
:10D3C000000000000000000000000000000000005D
:10D3D000000000000000000000000000000000004D
:10D3E000000000000000000000000000000000003D
:10D3F000000000000000000000000000000000002D
:10D40000000000000000000000000000000000001C
:10D41000000000000000000000000000000000000C
:10D4200000000000000000000000000000000000FC
:10D4300000000000000000000000000000000000EC
:10D4400000000000000000000000000000000000DC
:10D4500000000000000000000000000000000000CC
:10D4600000000000000000000000000000000000BC
:10D4700000000000000000000000000000000000AC
:10D48000000000000000000000000000000000009C
:10D49000000000000000000000000000000000008C
:10D4A000000000000000000000000000000000007C
:10D4B000000000000000000000000000000000006C
:10D4C000000000000000000000000000000000005C
:10D4D000000000000000000000000000000000004C
:10D4E000000000000000000000000000000000003C
:10D4F000000000000000000000000000000000002C
:10D50000000000000000000000000000000000001B
:10D51000000000000000000000000000000000000B
:10D5200000000000000000000000000000000000FB
:10D5300000000000000000000000000000000000EB
:10D5400000000000000000000000000000000000DB
:10D5500000000000000000000000000000000000CB
:10D5600000000000000000000000000000000000BB
:10D5700000000000000000000000000000000000AB
:10D58000000000000000000000000000000000009B
:10D59000000000000000000000000000000000008B
:10D5A000000000000000000000000000000000007B
:10D5B000000000000000000000000000000000006B
:10D5C000000000000000000000000000000000005B
:10D5D000000000000000000000000000000000004B
:10D5E000000000000000000000000000000000003B
:10D5F000000000000000000000000000000000002B
:10D60000000000000000000000000000000000001A
:10D61000000000000000000000000000000000000A
:10D6200000000000000000000000000000000000FA
:10D6300000000000000000000000000000000000EA
:10D6400000000000000000000000000000000000DA
:10D6500000000000000000000000000000000000CA
:10D6600000000000000000000000000000000000BA
:10D6700000000000000000000000000000000000AA
:10D68000000000000000000000000000000000009A
:10D69000000000000000000000000000000000008A
:10D6A000000000000000000000000000000000007A
:10D6B000000000000000000000000000000000006A
:10D6C0000000000000000000430000000000000017
:10D6D000000000000000000000000000000000004A
:10D6E00000000000000000004300000000000000F7
:10D6F000000000000000000000000000000000002A
:10D7000000000000000000004300000000000000D6
:10D710000000000000000000000000000000000009
:10D7200000000000000000004300000000000000B6
:10D7300000000000000000000000000000000000E9
:10D740000000000000000000430000000000000096
:10D7500000000000000000000000000000000000C9
:10D760000000000000000000430000000000000076
:10D7700000000000000000000000000000000000A9
:10D780000000000000000000430000000000000056
:10D790000000000000000000000000000000000089
:10D7A00000000000000000006D4606086109060840
:10D7B0000000000048B506085CB6060884B60608F6
:10D7C00084B6060884B6060884B6060884B6060839
:10D7D00084B6060884B6060884B6060884B6060829
:10D7E000FFFFFFFFFFFFFFFFFFFFFFFFFFFF000047
:10D7F00001004153434949000000000000000000BF
:10D800000000000000000000000000000000000018
:10D81000000041534349490000000000000000009F
:10D8200000000000000000000000000000000000F8
:10D83000000000000000000000000000E4130024CD
:10D84000E4130024EC130024EC130024F41300244C
:10D85000F4130024FC130024FC13002404140024FB
:10D86000041400240C1400240C14002414140024A8
:10D87000141400241C1400241C1400242414002458
:10D88000241400242C1400242C1400243414002408
:10D89000341400243C1400243C14002444140024B8
:10D8A000441400244C1400244C1400245414002468
:10D8B000541400245C1400245C1400246414002418
:10D8C000641400246C1400246C14002474140024C8
:10D8D000741400247C1400247C1400248414002478
:10D8E000841400248C1400248C1400249414002428
:10D8F000941400249C1400249C140024A4140024D8
:10D90000A4140024AC140024AC140024B414002487
:10D91000B4140024BC140024BC140024C414002437
:10D92000C4140024CC140024CC140024D4140024E7
:10D93000D4140024DC140024DC140024E414002497
:10D94000E4140024EC140024EC140024F414002447
:10D95000F4140024FC140024FC14002404150024F6
:10D96000041500240C1500240C15002414150024A3
:10D97000141500241C1500241C1500242415002453
:10D98000241500242C1500242C1500243415002403
:10D99000341500243C1500243C15002444150024B3
:10D9A000441500244C1500244C1500245415002463
:10D9B000541500245C1500245C1500246415002413
:10D9C000641500246C1500246C15002474150024C3
:10D9D000741500247C1500247C1500248415002473
:10D9E000841500248C1500248C1500249415002423
:10D9F000941500249C1500249C150024A4150024D3
:10DA0000A4150024AC150024AC150024B415002482
:10DA1000B4150024BC150024BC150024C415002432
:10DA2000C4150024CC150024CC150024D4150024E2
:10DA3000D4150024DC150024DC150024E415002492
:10DA4000E4150024EC150024EC150024F415002442
:10DA5000F4150024FC150024FC15002404160024F1
:10DA6000041600240C1600240C160024141600249E
:10DA7000141600241C1600241C160024241600244E
:10DA8000241600242C1600242C16002434160024FE
:10DA9000341600243C1600243C16002444160024AE
:10DAA000441600244C1600244C160024541600245E
:10DAB000541600245C1600245C160024641600240E
:10DAC000641600246C1600246C16002474160024BE
:10DAD000741600247C1600247C160024841600246E
:10DAE000841600248C1600248C160024941600241E
:10DAF000941600249C1600249C160024A4160024CE
:10DB0000A4160024AC160024AC160024B41600247D
:10DB1000B4160024BC160024BC160024C41600242D
:10DB2000C4160024CC160024CC160024D4160024DD
:10DB3000D4160024DC160024DC160024E41600248D
:10DB4000E4160024EC160024EC160024F41600243D
:10DB5000F4160024FC160024FC16002404170024EC
:10DB6000041700240C1700240C1700241417002499
:10DB7000141700241C1700241C1700242417002449
:10DB8000241700242C1700242C17002434170024F9
:10DB9000341700243C1700243C17002444170024A9
:10DBA000441700244C1700244C1700245417002459
:10DBB000541700245C1700245C1700246417002409
:10DBC000641700246C1700246C17002474170024B9
:10DBD000741700247C1700247C1700248417002469
:10DBE000841700248C1700248C1700249417002419
:10DBF000941700249C1700249C170024A4170024C9
:10DC0000A4170024AC170024AC170024B417002478
:10DC1000B4170024BC170024BC170024C417002428
:10DC2000C4170024CC170024CC170024D4170024D8
:10DC3000D4170024DC170024DC170024FFFFFFFFAB
:10DC40000000020000000000BD0204081D0C0408D2
:10DC5000E10D0408BD100408ED1004084112040889
:10DC60003D14040819190408D92204081D370408B2
:10DC7000213904082D3B0408156504084D65040886
:10DC800015670408D5F004083DDE05080000000013
:08DC90009902040800000000E5
:040000050805813534
:00000001FF
